=== PARITY MONITOR — pipeline UI vs cricbuzz ===
WS:  ws://localhost:8765
CB:  https://www.cricbuzz.com/live-cricket-scores/151976/rr-vs-dc-43rd-match-indian-premier-league-2026

[19:36:12  iter#1]
  WS ERR: ''
  CB: RR 6-1 (0.5)  crr=7.2  ps=0(2)  recent=6 0 W 0 0
  CB BAT: Dhruv Jurel* 0(2), Vaibhav Sooryavanshi 0(0)
  LAST WKT: Yashasvi Jaiswal   c and b Mitchell Starc 6(3)  - 6/1 in 0.3 ov.
  ⚠ DIVERGENCE: BATTERS_MISSING_IN_UI: {'sooryavanshi', 'jurel'} (ui=set(), cb={'sooryavanshi', 'jurel'})

[19:36:34  iter#2]
  UI: Rajasthan Royals 6-1 (0.3)  str=Yashasvi Jaiswal nstr=None  bowl=None None-None (None)
  this_over=['?', '?', '?']  fow=0 (unk=0)  last_fow=None
  delivery: (none yet on UI)
  extras: this_over=0 innings=0 [w0/nb0/b0/lb0]
  CB: RR 6-1 (0.5)  crr=7.2  ps=0(2)  recent=6 0 W 0 0
  CB BAT: Dhruv Jurel* 0(2), Vaibhav Sooryavanshi 0(0)
  LAST WKT: Yashasvi Jaiswal   c and b Mitchell Starc 6(3)  - 6/1 in 0.3 ov.
  ⚠ DIVERGENCE: OVERS: ui=0.3 cb=0.5 | STRIKER: ui=Yashasvi Jaiswal cb=Dhruv Jurel | BATTERS_MISSING_IN_UI: {'sooryavanshi', 'jurel'} (ui={'jaiswal'}, cb={'sooryavanshi', 'jurel'}) | FOW_COUNT: ui=0 vs wickets=1

[19:36:54  iter#3]
  UI: Rajasthan Royals 6-1 (0.3)  str=Yashasvi Jaiswal nstr=None  bowl=None None-None (None)
  this_over=['?', '?', '?']  fow=0 (unk=0)  last_fow=None
  delivery: (none yet on UI)
  extras: this_over=0 innings=0 [w0/nb0/b0/lb0]
  CB: RR 7-1 (1)  crr=7.0  ps=1(3)  recent=6 0 W 0 0 1
  CB BAT: Dhruv Jurel* 1(3), Vaibhav Sooryavanshi 0(0)
  LAST WKT: Yashasvi Jaiswal   c and b Mitchell Starc 6(3)  - 6/1 in 0.3 ov.
  ⚠ DIVERGENCE: SCORE: ui=6 cb=7 | OVERS: ui=0.3 cb=1 | STRIKER: ui=Yashasvi Jaiswal cb=Dhruv Jurel | BATTERS_MISSING_IN_UI: {'sooryavanshi', 'jurel'} (ui={'jaiswal'}, cb={'sooryavanshi', 'jurel'}) | FOW_COUNT: ui=0 vs wickets=1

[19:37:15  iter#4]
  UI: Rajasthan Royals 6-1 (0.3)  str=Yashasvi Jaiswal nstr=None  bowl=None None-None (None)
  this_over=['?', '?', '?']  fow=0 (unk=0)  last_fow=None
  delivery: (none yet on UI)
  extras: this_over=0 innings=0 [w0/nb0/b0/lb0]
  CB: RR 7-1 (1)  crr=7.0  ps=1(3)  recent=6 0 W 0 0 1
  CB BAT: Dhruv Jurel* 1(3), Vaibhav Sooryavanshi 0(0)
  LAST WKT: Yashasvi Jaiswal   c and b Mitchell Starc 6(3)  - 6/1 in 0.3 ov.
  ⚠ DIVERGENCE: SCORE: ui=6 cb=7 | OVERS: ui=0.3 cb=1 | STRIKER: ui=Yashasvi Jaiswal cb=Dhruv Jurel | BATTERS_MISSING_IN_UI: {'sooryavanshi', 'jurel'} (ui={'jaiswal'}, cb={'sooryavanshi', 'jurel'}) | FOW_COUNT: ui=0 vs wickets=1

[19:37:35  iter#5]
  UI: Rajasthan Royals 6-1 (0.3)  str=Yashasvi Jaiswal nstr=None  bowl=None None-None (None)
  this_over=['?', '?', '?']  fow=0 (unk=0)  last_fow=None
  delivery: (none yet on UI)
  extras: this_over=0 innings=0 [w0/nb0/b0/lb0]
  CB: RR 7-1 (1)  crr=7.0  ps=1(3)  recent=6 0 W 0 0 1
  CB BAT: Dhruv Jurel* 1(3), Vaibhav Sooryavanshi 0(0)
  CB BOWL: Mitchell Starc 1-7 (1)
  LAST WKT: Yashasvi Jaiswal   c and b Mitchell Starc 6(3)  - 6/1 in 0.3 ov.
  ⚠ DIVERGENCE: SCORE: ui=6 cb=7 | OVERS: ui=0.3 cb=1 | STRIKER: ui=Yashasvi Jaiswal cb=Dhruv Jurel | BATTERS_MISSING_IN_UI: {'sooryavanshi', 'jurel'} (ui={'jaiswal'}, cb={'sooryavanshi', 'jurel'}) | FOW_COUNT: ui=0 vs wickets=1 | BOWLER: ui=None cb=Mitchell Starc

[19:38:00  iter#6]
  WS ERR: ''
  CB: RR 7-1 (1.1)  crr=6.0  ps=1(4)  recent=0
  CB BAT: Dhruv Jurel* 1(4), Vaibhav Sooryavanshi 0(0)
  CB BOWL: Mitchell Starc 1-7 (1)
  LAST WKT: Yashasvi Jaiswal   c and b Mitchell Starc 6(3)  - 6/1 in 0.3 ov.
  ⚠ DIVERGENCE: BATTERS_MISSING_IN_UI: {'sooryavanshi', 'jurel'} (ui=set(), cb={'sooryavanshi', 'jurel'}) | BOWLER: ui=None cb=Mitchell Starc

[19:38:20  iter#7]
  UI: Rajasthan Royals 7-1 (1.1)  str=Dhruv Jurel nstr=Yashasvi Jaiswal  bowl=None None-None (None)
  this_over=['?']  fow=0 (unk=0)  last_fow=None
  delivery: (none yet on UI)
  extras: this_over=0 innings=0 [w0/nb0/b0/lb0]
  CB: RR 7-1 (1.1)  crr=6.0  ps=1(4)  recent=0
  CB BAT: Dhruv Jurel* 1(4), Vaibhav Sooryavanshi 0(0)
  CB BOWL: Mitchell Starc 1-7 (1)
  LAST WKT: Yashasvi Jaiswal   c and b Mitchell Starc 6(3)  - 6/1 in 0.3 ov.
  ⚠ DIVERGENCE: BATTERS_MISSING_IN_UI: {'sooryavanshi'} (ui={'jurel', 'jaiswal'}, cb={'sooryavanshi', 'jurel'}) | BAT_jurel: ui=1(0) cb=1(4) | FOW_COUNT: ui=0 vs wickets=1 | BOWLER: ui=None cb=Mitchell Starc

[19:38:41  iter#8]
  UI: Rajasthan Royals 7-1 (1.1)  str=Dhruv Jurel nstr=Yashasvi Jaiswal  bowl=None None-None (None)
  this_over=['?']  fow=0 (unk=0)  last_fow=None
  delivery: (none yet on UI)
  extras: this_over=0 innings=0 [w0/nb0/b0/lb0]
  CB: RR 7-1 (1.2)  crr=5.25  ps=1(5)  recent=0 0
  CB BAT: Dhruv Jurel* 1(5), Vaibhav Sooryavanshi 0(0)
  CB BOWL: Mitchell Starc 1-7 (1)
  LAST WKT: Yashasvi Jaiswal   c and b Mitchell Starc 6(3)  - 6/1 in 0.3 ov.
  ⚠ DIVERGENCE: OVERS: ui=1.1 cb=1.2 | BATTERS_MISSING_IN_UI: {'sooryavanshi'} (ui={'jurel', 'jaiswal'}, cb={'sooryavanshi', 'jurel'}) | BAT_jurel: ui=1(0) cb=1(5) | FOW_COUNT: ui=0 vs wickets=1 | BOWLER: ui=None cb=Mitchell Starc

[19:39:02  iter#9]
  UI: Rajasthan Royals 7-1 (1.2)  str=Dhruv Jurel nstr=Yashasvi Jaiswal  bowl=Kyle Jamieson 0-0 (0.2)
  this_over=['?', '.']  fow=0 (unk=0)  last_fow=None
  delivery: (none yet on UI)
  extras: this_over=0 innings=0 [w0/nb0/b0/lb0]
  CB: RR 7-1 (1.2)  crr=5.25  ps=1(5)  recent=0 0
  CB BAT: Dhruv Jurel* 1(5), Vaibhav Sooryavanshi 0(0)
  CB BOWL: Mitchell Starc 1-7 (1)
  LAST WKT: Yashasvi Jaiswal   c and b Mitchell Starc 6(3)  - 6/1 in 0.3 ov.
  ⚠ DIVERGENCE: BATTERS_MISSING_IN_UI: {'sooryavanshi'} (ui={'jurel', 'jaiswal'}, cb={'sooryavanshi', 'jurel'}) | BAT_jurel: ui=1(0) cb=1(5) | FOW_COUNT: ui=0 vs wickets=1 | BOWLER: ui=Kyle Jamieson cb=Mitchell Starc

[19:39:24  iter#10]
  UI: Rajasthan Royals 7-1 (1.3)  str=Dhruv Jurel nstr=Yashasvi Jaiswal  bowl=Kyle Jamieson 0-0 (0.2)
  this_over=['?', '.', '.']  fow=0 (unk=0)  last_fow=None
  delivery: len=short_of_length line=leg_stump shot=in_the_air [layer2]
  extras: this_over=0 innings=0 [w0/nb0/b0/lb0]
  CB: RR 8-1 (1.3)  crr=5.33  ps=2(6)  recent=0 0 1
  CB BAT: Vaibhav Sooryavanshi* 0(0), Dhruv Jurel 2(6)
  CB BOWL: Mitchell Starc 1-7 (1)
  LAST WKT: Yashasvi Jaiswal   c and b Mitchell Starc 6(3)  - 6/1 in 0.3 ov.
  ⚠ DIVERGENCE: SCORE: ui=7 cb=8 | STRIKER: ui=Dhruv Jurel cb=Vaibhav Sooryavanshi | BATTERS_MISSING_IN_UI: {'sooryavanshi'} (ui={'jurel', 'jaiswal'}, cb={'sooryavanshi', 'jurel'}) | BAT_jurel: ui=5(6) cb=2(6) | FOW_COUNT: ui=0 vs wickets=1 | BOWLER: ui=Kyle Jamieson cb=Mitchell Starc

[19:39:48  iter#11]
  UI: Rajasthan Royals 8-1 (1.3)  str=Dhruv Jurel nstr=Yashasvi Jaiswal  bowl=Kyle Jamieson 1-1 (0.3)
  this_over=['?', '.', '.', 'Wd']  fow=0 (unk=0)  last_fow=None
  delivery: len=short_of_length line=leg_stump shot=in_the_air [layer2]
  extras: this_over=1 innings=1 [w1/nb0/b0/lb0]
  extras_log: [{'over': '1.3', 'type': 'wide', 'runs': 1, 'this_over_after': []}]
  CB: RR 8-1 (1.3)  crr=5.33  ps=2(6)  recent=0 0 1
  CB BAT: Vaibhav Sooryavanshi* 0(0), Dhruv Jurel 2(6)
  CB BOWL: Mitchell Starc 1-7 (1)
  LAST WKT: Yashasvi Jaiswal   c and b Mitchell Starc 6(3)  - 6/1 in 0.3 ov.
  ⚠ DIVERGENCE: STRIKER: ui=Dhruv Jurel cb=Vaibhav Sooryavanshi | BATTERS_MISSING_IN_UI: {'sooryavanshi'} (ui={'jurel', 'jaiswal'}, cb={'sooryavanshi', 'jurel'}) | BAT_jurel: ui=5(6) cb=2(6) | FOW_COUNT: ui=0 vs wickets=1 | BOWLER: ui=Kyle Jamieson cb=Mitchell Starc

[19:40:12  iter#12]
  WS ERR: ''
  CB: RR 12-1 (1.4)  crr=7.2  ps=6(7)  recent=0 0 1 4
  CB BAT: Vaibhav Sooryavanshi* 4(1), Dhruv Jurel 2(6)
  CB BOWL: Mitchell Starc 1-7 (1)
  LAST WKT: Yashasvi Jaiswal   c and b Mitchell Starc 6(3)  - 6/1 in 0.3 ov.
  ⚠ DIVERGENCE: BATTERS_MISSING_IN_UI: {'sooryavanshi', 'jurel'} (ui=set(), cb={'sooryavanshi', 'jurel'}) | BOWLER: ui=None cb=Mitchell Starc

[19:40:36  iter#13]
  UI: Rajasthan Royals 12-1 (1.4)  str=Dhruv Jurel nstr=Yashasvi Jaiswal  bowl=Kyle Jamieson 1-1 (0.3)
  this_over=['?', '.', '.', 'Wd', '4']  fow=0 (unk=0)  last_fow=None
  delivery: len=short_of_length line=leg_stump shot=in_the_air [layer2]
  extras: this_over=1 innings=1 [w1/nb0/b0/lb0]
  extras_log: [{'over': '1.3', 'type': 'wide', 'runs': 1, 'this_over_after': []}]
  CB: RR 12-1 (1.4)  crr=7.2  ps=6(7)  recent=0 0 1 4
  CB BAT: Vaibhav Sooryavanshi* 4(1), Dhruv Jurel 2(6)
  CB BOWL: Mitchell Starc 1-7 (1)
  LAST WKT: Yashasvi Jaiswal   c and b Mitchell Starc 6(3)  - 6/1 in 0.3 ov.
  ⚠ DIVERGENCE: STRIKER: ui=Dhruv Jurel cb=Vaibhav Sooryavanshi | BATTERS_MISSING_IN_UI: {'sooryavanshi'} (ui={'jurel', 'jaiswal'}, cb={'sooryavanshi', 'jurel'}) | BAT_jurel: ui=5(6) cb=2(6) | FOW_COUNT: ui=0 vs wickets=1 | BOWLER: ui=Kyle Jamieson cb=Mitchell Starc

[19:40:58  iter#14]
  UI: Rajasthan Royals 12-1 (1.4)  str=Dhruv Jurel nstr=Yashasvi Jaiswal  bowl=Kyle Jamieson 1-1 (0.3)
  this_over=['?', '.', '.', 'Wd', '4']  fow=0 (unk=0)  last_fow=None
  delivery: len=short_of_length line=leg_stump shot=in_the_air [layer2]
  extras: this_over=1 innings=1 [w1/nb0/b0/lb0]
  extras_log: [{'over': '1.3', 'type': 'wide', 'runs': 1, 'this_over_after': []}]
  CB: RR 12-2 (1.5)  crr=6.55  ps=6(8)  recent=0 0 1 4 W
  CB BAT: Dhruv Jurel* 2(6), Vaibhav Sooryavanshi 4(2)
  CB BOWL: Mitchell Starc 1-7 (1)
  LAST WKT: Vaibhav Sooryavanshi   b Kyle Jamieson 4(2)  - 12/2 in 1.5 ov.
  ⚠ DIVERGENCE: WICKETS: ui=1 cb=2 | OVERS: ui=1.4 cb=1.5 | BATTERS_MISSING_IN_UI: {'sooryavanshi'} (ui={'jurel', 'jaiswal'}, cb={'sooryavanshi', 'jurel'}) | BAT_jurel: ui=5(6) cb=2(6) | FOW_COUNT: ui=0 vs wickets=1 | BOWLER: ui=Kyle Jamieson cb=Mitchell Starc

[19:41:19  iter#15]
  UI: Rajasthan Royals 12-2 (1.5)  str=Vaibhav Sooryavanshi nstr=None  bowl=Kyle Jamieson 1-5 (0.5)
  this_over=['?', '.', '.', 'Wd', '4', 'W']  fow=1 (unk=0)  last_fow={'wicket': 2, 'batter': 'Dhruv Jurel', 'score': 12, 'overs': '1.5', 'bowler': None, 'how': 'auto-inferred (striker on wicket)', '_unwitnessed': False}
  delivery: len=short_of_length line=unknown shot=in_the_air [layer2]
  extras: this_over=1 innings=0 [w1/nb0/b0/lb0]
  extras_log: [{'over': '1.3', 'type': 'wide', 'runs': 1, 'this_over_after': []}]
  CB: RR 12-2 (1.5)  crr=6.55  ps=6(8)  recent=0 0 1 4 W
  CB BAT: Dhruv Jurel* 2(6), Vaibhav Sooryavanshi 4(2)
  CB BOWL: Mitchell Starc 1-7 (1)
  LAST WKT: Vaibhav Sooryavanshi   b Kyle Jamieson 4(2)  - 12/2 in 1.5 ov.
  ⚠ DIVERGENCE: STRIKER: ui=Vaibhav Sooryavanshi cb=Dhruv Jurel | BATTERS_MISSING_IN_UI: {'jurel'} (ui={'sooryavanshi'}, cb={'sooryavanshi', 'jurel'}) | FOW_COUNT: ui=1 vs wickets=2 | BOWLER: ui=Kyle Jamieson cb=Mitchell Starc

[19:41:42  iter#16]
  UI: Rajasthan Royals 12-2 (1.5)  str=Yashasvi Jaiswal nstr=Vaibhav Sooryavanshi  bowl=Kyle Jamieson 1-12 (1.5)
  this_over=['?', '.', '.', 'Wd', '4', 'W']  fow=1 (unk=0)  last_fow={'wicket': 2, 'batter': 'Dhruv Jurel', 'score': 12, 'overs': '1.5', 'bowler': None, 'how': 'auto-inferred (striker on wicket)', '_unwitnessed': False}
  delivery: len=short_of_length line=unknown shot=in_the_air [layer2]
  extras: this_over=1 innings=0 [w1/nb0/b0/lb0]
  extras_log: [{'over': '1.3', 'type': 'wide', 'runs': 1, 'this_over_after': []}]
  CB: RR 12-2 (1.5)  crr=6.55  ps=6(8)  recent=0 0 1 4 W
  CB BAT: Dhruv Jurel* 2(6), Vaibhav Sooryavanshi 4(2)
  CB BOWL: Mitchell Starc 1-7 (1)
  LAST WKT: Vaibhav Sooryavanshi   b Kyle Jamieson 4(2)  - 12/2 in 1.5 ov.
  ⚠ DIVERGENCE: STRIKER: ui=Yashasvi Jaiswal cb=Dhruv Jurel | BATTERS_MISSING_IN_UI: {'jurel'} (ui={'sooryavanshi', 'jaiswal'}, cb={'sooryavanshi', 'jurel'}) | BAT_sooryavanshi: ui=4(1) cb=4(2) | FOW_COUNT: ui=1 vs wickets=2 | BOWLER: ui=Kyle Jamieson cb=Mitchell Starc

[19:42:04  iter#17]
  UI: Rajasthan Royals 12-2 (1.5)  str=Yashasvi Jaiswal nstr=Vaibhav Sooryavanshi  bowl=Kyle Jamieson 1-12 (1.5)
  this_over=['?', '.', '.', 'Wd', '4', 'W']  fow=1 (unk=0)  last_fow={'wicket': 2, 'batter': 'Dhruv Jurel', 'score': 12, 'overs': '1.5', 'bowler': None, 'how': 'auto-inferred (striker on wicket)', '_unwitnessed': False}
  delivery: len=short_of_length line=unknown shot=in_the_air [layer2]
  extras: this_over=1 innings=0 [w1/nb0/b0/lb0]
  extras_log: [{'over': '1.3', 'type': 'wide', 'runs': 1, 'this_over_after': []}]
  CB: RR 12-2 (1.5)  crr=6.55  ps=0(0)  recent=... 6 0 W 0 0 1
  CB BAT: Riyan Parag* 0(0), Dhruv Jurel 2(6)
  CB BOWL: Mitchell Starc 1-7 (1)
  LAST WKT: Vaibhav Sooryavanshi   b Kyle Jamieson 4(2)  - 12/2 in 1.5 ov.
  ⚠ DIVERGENCE: STRIKER: ui=Yashasvi Jaiswal cb=Riyan Parag | BATTERS_MISSING_IN_UI: {'jurel', 'parag'} (ui={'sooryavanshi', 'jaiswal'}, cb={'jurel', 'parag'}) | FOW_COUNT: ui=1 vs wickets=2 | BOWLER: ui=Kyle Jamieson cb=Mitchell Starc

[19:42:25  iter#18]
  UI: Rajasthan Royals 12-2 (1.5)  str=Yashasvi Jaiswal nstr=Vaibhav Sooryavanshi  bowl=Kyle Jamieson 1-12 (1.5)
  this_over=['?', '.', '.', 'Wd', '4', 'W']  fow=1 (unk=0)  last_fow={'wicket': 2, 'batter': 'Dhruv Jurel', 'score': 12, 'overs': '1.5', 'bowler': None, 'how': 'auto-inferred (striker on wicket)', '_unwitnessed': False}
  delivery: len=short_of_length line=unknown shot=in_the_air [layer2]
  extras: this_over=1 innings=0 [w1/nb0/b0/lb0]
  extras_log: [{'over': '1.3', 'type': 'wide', 'runs': 1, 'this_over_after': []}]
  CB: RR 12-2 (1.5)  crr=6.55  ps=0(0)  recent=... 6 0 W 0 0 1
  CB BAT: Riyan Parag* 0(0), Dhruv Jurel 2(6)
  CB BOWL: Mitchell Starc 1-7 (1)
  LAST WKT: Vaibhav Sooryavanshi   b Kyle Jamieson 4(2)  - 12/2 in 1.5 ov.
  ⚠ DIVERGENCE: STRIKER: ui=Yashasvi Jaiswal cb=Riyan Parag | BATTERS_MISSING_IN_UI: {'jurel', 'parag'} (ui={'sooryavanshi', 'jaiswal'}, cb={'jurel', 'parag'}) | FOW_COUNT: ui=1 vs wickets=2 | BOWLER: ui=Kyle Jamieson cb=Mitchell Starc

[19:42:48  iter#19]
  UI: Rajasthan Royals 12-2 (2.0)  str=Vaibhav Sooryavanshi nstr=Yashasvi Jaiswal  bowl=Kyle Jamieson 1-12 (1.5)
  this_over=['?', '?', '?', '.', '.', '.', '.', '.']  fow=1 (unk=0)  last_fow={'wicket': 2, 'batter': 'Dhruv Jurel', 'score': 12, 'overs': '1.5', 'bowler': None, 'how': 'auto-inferred (striker on wicket)', '_unwitnessed': False}
  delivery: len=short_of_length line=unknown shot=in_the_air [layer2]
  extras: this_over=0 innings=0 [w1/nb0/b0/lb0]
  extras_log: [{'over': '1.3', 'type': 'wide', 'runs': 1, 'this_over_after': []}]
  CB: RR 12-2 (2)  crr=6.0  ps=0(1)  recent=0 0 1 4 W 0
  CB BAT: Dhruv Jurel* 2(6), Riyan Parag 0(1)
  CB BOWL: Kyle Jamieson 1-5 (1)
  LAST WKT: Vaibhav Sooryavanshi   b Kyle Jamieson 4(2)  - 12/2 in 1.5 ov.
  ⚠ DIVERGENCE: OVERS: ui=2.0 cb=2 | STRIKER: ui=Vaibhav Sooryavanshi cb=Dhruv Jurel | BATTERS_MISSING_IN_UI: {'jurel', 'parag'} (ui={'sooryavanshi', 'jaiswal'}, cb={'jurel', 'parag'}) | FOW_COUNT: ui=1 vs wickets=2 | BOWL_R: ui=12 cb=5 | BOWL_O: ui=1.5 cb=1

[19:43:10  iter#20]
  UI: Rajasthan Royals 12-2 (2.0)  str=Vaibhav Sooryavanshi nstr=Yashasvi Jaiswal  bowl=Kyle Jamieson 1-12 (1.5)
  this_over=['?', '?', '?', '.', '.', '.', '.', '.']  fow=1 (unk=0)  last_fow={'wicket': 2, 'batter': 'Dhruv Jurel', 'score': 12, 'overs': '1.5', 'bowler': None, 'how': 'auto-inferred (striker on wicket)', '_unwitnessed': False}
  delivery: len=short_of_length line=unknown shot=in_the_air [layer2]
  extras: this_over=0 innings=0 [w1/nb0/b0/lb0]
  extras_log: [{'over': '1.3', 'type': 'wide', 'runs': 1, 'this_over_after': []}]
  CB: RR 12-2 (2)  crr=6.0  ps=0(1)  recent=0 0 1 4 W 0
  CB BAT: Dhruv Jurel* 2(6), Riyan Parag 0(1)
  CB BOWL: Kyle Jamieson 1-5 (1)
  LAST WKT: Vaibhav Sooryavanshi   b Kyle Jamieson 4(2)  - 12/2 in 1.5 ov.
  ⚠ DIVERGENCE: OVERS: ui=2.0 cb=2 | STRIKER: ui=Vaibhav Sooryavanshi cb=Dhruv Jurel | BATTERS_MISSING_IN_UI: {'jurel', 'parag'} (ui={'sooryavanshi', 'jaiswal'}, cb={'jurel', 'parag'}) | FOW_COUNT: ui=1 vs wickets=2 | BOWL_R: ui=12 cb=5 | BOWL_O: ui=1.5 cb=1

[19:43:32  iter#21]
  UI: Rajasthan Royals 12-2 (2.0)  str=Vaibhav Sooryavanshi nstr=Yashasvi Jaiswal  bowl=Mitchell Starc 1-7 (1)
  this_over=['?', '?', '?', '.', '.', '.', '.', '.']  fow=1 (unk=0)  last_fow={'wicket': 2, 'batter': 'Dhruv Jurel', 'score': 12, 'overs': '1.5', 'bowler': None, 'how': 'auto-inferred (striker on wicket)', '_unwitnessed': False}
  delivery: len=short_of_length line=unknown shot=in_the_air [layer2]
  extras: this_over=0 innings=0 [w1/nb0/b0/lb0]
  extras_log: [{'over': '1.3', 'type': 'wide', 'runs': 1, 'this_over_after': []}]
  CB: RR 12-2 (2)  crr=6.0  ps=0(1)  recent=0 0 1 4 W 0
  CB BAT: Dhruv Jurel* 2(6), Riyan Parag 0(1)
  CB BOWL: Kyle Jamieson 1-5 (1)
  LAST WKT: Vaibhav Sooryavanshi   b Kyle Jamieson 4(2)  - 12/2 in 1.5 ov.
  ⚠ DIVERGENCE: OVERS: ui=2.0 cb=2 | STRIKER: ui=Vaibhav Sooryavanshi cb=Dhruv Jurel | BATTERS_MISSING_IN_UI: {'jurel', 'parag'} (ui={'sooryavanshi', 'jaiswal'}, cb={'jurel', 'parag'}) | FOW_COUNT: ui=1 vs wickets=2 | BOWLER: ui=Mitchell Starc cb=Kyle Jamieson

[19:43:54  iter#22]
  UI: Rajasthan Royals 16-2 (2.1)  str=Vaibhav Sooryavanshi nstr=Yashasvi Jaiswal  bowl=Mitchell Starc 1-7 (1)
  this_over=['4']  fow=1 (unk=0)  last_fow={'wicket': 2, 'batter': 'Dhruv Jurel', 'score': 12, 'overs': '1.5', 'bowler': None, 'how': 'auto-inferred (striker on wicket)', '_unwitnessed': False}
  delivery: len=short_of_length line=unknown shot=in_the_air [layer2]
  extras: this_over=0 innings=0 [w1/nb0/b0/lb0]
  extras_log: [{'over': '1.3', 'type': 'wide', 'runs': 1, 'this_over_after': []}]
  CB: RR 16-2 (2.1)  crr=7.38  ps=4(2)  recent=4
  CB BAT: Dhruv Jurel* 6(7), Riyan Parag 0(1)
  CB BOWL: Kyle Jamieson 1-5 (1)
  LAST WKT: Vaibhav Sooryavanshi   b Kyle Jamieson 4(2)  - 12/2 in 1.5 ov.
  ⚠ DIVERGENCE: STRIKER: ui=Vaibhav Sooryavanshi cb=Dhruv Jurel | BATTERS_MISSING_IN_UI: {'jurel', 'parag'} (ui={'sooryavanshi', 'jaiswal'}, cb={'jurel', 'parag'}) | FOW_COUNT: ui=1 vs wickets=2 | BOWLER: ui=Mitchell Starc cb=Kyle Jamieson

[19:44:18  iter#23]
  WS ERR: ''
  CB: RR 17-2 (2.2)  crr=7.29  ps=5(3)  recent=4 1
  CB BAT: Riyan Parag* 0(1), Dhruv Jurel 7(8)
  CB BOWL: Kyle Jamieson 1-5 (1)
  LAST WKT: Vaibhav Sooryavanshi   b Kyle Jamieson 4(2)  - 12/2 in 1.5 ov.
  ⚠ DIVERGENCE: BATTERS_MISSING_IN_UI: {'jurel', 'parag'} (ui=set(), cb={'jurel', 'parag'}) | BOWLER: ui=None cb=Kyle Jamieson

[19:44:41  iter#24]
  UI: Rajasthan Royals 17-2 (2.2)  str=Vaibhav Sooryavanshi nstr=Yashasvi Jaiswal  bowl=Mitchell Starc 1-12 (1.2)
  this_over=['4', '1']  fow=1 (unk=0)  last_fow={'wicket': 2, 'batter': 'Dhruv Jurel', 'score': 12, 'overs': '1.5', 'bowler': None, 'how': 'auto-inferred (striker on wicket)', '_unwitnessed': False}
  delivery: len=short_of_length line=outside_off shot=in_the_air [layer2]
  extras: this_over=0 innings=0 [w1/nb0/b0/lb0]
  extras_log: [{'over': '1.3', 'type': 'wide', 'runs': 1, 'this_over_after': []}]
  CB: RR 17-2 (2.2)  crr=7.29  ps=5(3)  recent=4 1
  CB BAT: Riyan Parag* 0(1), Dhruv Jurel 7(8)
  CB BOWL: Kyle Jamieson 1-5 (1)
  LAST WKT: Vaibhav Sooryavanshi   b Kyle Jamieson 4(2)  - 12/2 in 1.5 ov.
  ⚠ DIVERGENCE: STRIKER: ui=Vaibhav Sooryavanshi cb=Riyan Parag | BATTERS_MISSING_IN_UI: {'jurel', 'parag'} (ui={'sooryavanshi', 'jaiswal'}, cb={'jurel', 'parag'}) | FOW_COUNT: ui=1 vs wickets=2 | BOWLER: ui=Mitchell Starc cb=Kyle Jamieson

[19:45:02  iter#25]
  UI: Rajasthan Royals 17-2 (2.2)  str=Vaibhav Sooryavanshi nstr=Yashasvi Jaiswal  bowl=Mitchell Starc 1-12 (1.2)
  this_over=['4', '1']  fow=1 (unk=0)  last_fow={'wicket': 2, 'batter': 'Dhruv Jurel', 'score': 12, 'overs': '1.5', 'bowler': None, 'how': 'auto-inferred (striker on wicket)', '_unwitnessed': False}
  delivery: len=short_of_length line=outside_off shot=in_the_air [layer2]
  extras: this_over=0 innings=0 [w1/nb0/b0/lb0]
  extras_log: [{'over': '1.3', 'type': 'wide', 'runs': 1, 'this_over_after': []}]
  CB: RR 17-2 (2.3)  crr=6.8  ps=5(4)  recent=4 1 0
  CB BAT: Riyan Parag* 0(2), Dhruv Jurel 7(8)
  CB BOWL: Kyle Jamieson 1-5 (1)
  LAST WKT: Vaibhav Sooryavanshi   b Kyle Jamieson 4(2)  - 12/2 in 1.5 ov.
  ⚠ DIVERGENCE: OVERS: ui=2.2 cb=2.3 | STRIKER: ui=Vaibhav Sooryavanshi cb=Riyan Parag | BATTERS_MISSING_IN_UI: {'jurel', 'parag'} (ui={'sooryavanshi', 'jaiswal'}, cb={'jurel', 'parag'}) | FOW_COUNT: ui=1 vs wickets=2 | BOWLER: ui=Mitchell Starc cb=Kyle Jamieson

[19:45:24  iter#26]
  UI: Rajasthan Royals 17-2 (2.2)  str=Vaibhav Sooryavanshi nstr=Yashasvi Jaiswal  bowl=Mitchell Starc 1-12 (1.2)
  this_over=['4', '1']  fow=1 (unk=0)  last_fow={'wicket': 2, 'batter': 'Dhruv Jurel', 'score': 12, 'overs': '1.5', 'bowler': None, 'how': 'auto-inferred (striker on wicket)', '_unwitnessed': False}
  delivery: len=short_of_length line=outside_off shot=in_the_air [layer2]
  extras: this_over=0 innings=0 [w1/nb0/b0/lb0]
  extras_log: [{'over': '1.3', 'type': 'wide', 'runs': 1, 'this_over_after': []}]
  CB: RR 17-2 (2.4)  crr=6.38  ps=5(5)  recent=4 1 0 0
  CB BAT: Riyan Parag* 0(3), Dhruv Jurel 7(8)
  CB BOWL: Kyle Jamieson 1-5 (1)
  LAST WKT: Vaibhav Sooryavanshi   b Kyle Jamieson 4(2)  - 12/2 in 1.5 ov.
  ⚠ DIVERGENCE: OVERS: ui=2.2 cb=2.4 | STRIKER: ui=Vaibhav Sooryavanshi cb=Riyan Parag | BATTERS_MISSING_IN_UI: {'jurel', 'parag'} (ui={'sooryavanshi', 'jaiswal'}, cb={'jurel', 'parag'}) | FOW_COUNT: ui=1 vs wickets=2 | BOWLER: ui=Mitchell Starc cb=Kyle Jamieson

[19:45:46  iter#27]
  UI: Rajasthan Royals 17-2 (2.2)  str=Vaibhav Sooryavanshi nstr=Yashasvi Jaiswal  bowl=Mitchell Starc 1-12 (1.2)
  this_over=['4', '1']  fow=1 (unk=0)  last_fow={'wicket': 2, 'batter': 'Dhruv Jurel', 'score': 12, 'overs': '1.5', 'bowler': None, 'how': 'auto-inferred (striker on wicket)', '_unwitnessed': False}
  delivery: len=short_of_length line=outside_off shot=in_the_air [layer2]
  extras: this_over=0 innings=0 [w1/nb0/b0/lb0]
  extras_log: [{'over': '1.3', 'type': 'wide', 'runs': 1, 'this_over_after': []}]
  CB: RR 17-2 (2.4)  crr=6.38  ps=5(5)  recent=4 1 0 0
  CB BAT: Riyan Parag* 0(3), Dhruv Jurel 7(8)
  CB BOWL: Kyle Jamieson 1-5 (1)
  LAST WKT: Vaibhav Sooryavanshi   b Kyle Jamieson 4(2)  - 12/2 in 1.5 ov.
  ⚠ DIVERGENCE: OVERS: ui=2.2 cb=2.4 | STRIKER: ui=Vaibhav Sooryavanshi cb=Riyan Parag | BATTERS_MISSING_IN_UI: {'jurel', 'parag'} (ui={'sooryavanshi', 'jaiswal'}, cb={'jurel', 'parag'}) | FOW_COUNT: ui=1 vs wickets=2 | BOWLER: ui=Mitchell Starc cb=Kyle Jamieson

[19:46:08  iter#28]
  UI: Rajasthan Royals 17-2 (2.2)  str=Vaibhav Sooryavanshi nstr=Yashasvi Jaiswal  bowl=Mitchell Starc 1-12 (1.2)
  this_over=['4', '1']  fow=1 (unk=0)  last_fow={'wicket': 2, 'batter': 'Dhruv Jurel', 'score': 12, 'overs': '1.5', 'bowler': None, 'how': 'auto-inferred (striker on wicket)', '_unwitnessed': False}
  delivery: len=short_of_length line=outside_off shot=in_the_air [layer2]
  extras: this_over=0 innings=0 [w1/nb0/b0/lb0]
  extras_log: [{'over': '1.3', 'type': 'wide', 'runs': 1, 'this_over_after': []}]
  CB: RR 17-2 (2.4)  crr=6.38  ps=5(5)  recent=4 1 0 0
  CB BAT: Riyan Parag* 0(3), Dhruv Jurel 7(8)
  CB BOWL: Kyle Jamieson 1-5 (1)
  LAST WKT: Vaibhav Sooryavanshi   b Kyle Jamieson 4(2)  - 12/2 in 1.5 ov.
  ⚠ DIVERGENCE: OVERS: ui=2.2 cb=2.4 | STRIKER: ui=Vaibhav Sooryavanshi cb=Riyan Parag | BATTERS_MISSING_IN_UI: {'jurel', 'parag'} (ui={'sooryavanshi', 'jaiswal'}, cb={'jurel', 'parag'}) | FOW_COUNT: ui=1 vs wickets=2 | BOWLER: ui=Mitchell Starc cb=Kyle Jamieson

[19:46:31  iter#29]
  UI: Rajasthan Royals 17-2 (2.2)  str=Vaibhav Sooryavanshi nstr=Yashasvi Jaiswal  bowl=Mitchell Starc 1-12 (1.2)
  this_over=['4', '1']  fow=1 (unk=0)  last_fow={'wicket': 2, 'batter': 'Dhruv Jurel', 'score': 12, 'overs': '1.5', 'bowler': None, 'how': 'auto-inferred (striker on wicket)', '_unwitnessed': False}
  delivery: len=short_of_length line=outside_off shot=in_the_air [layer2]
  extras: this_over=0 innings=0 [w1/nb0/b0/lb0]
  extras_log: [{'over': '1.3', 'type': 'wide', 'runs': 1, 'this_over_after': []}]
  CB: RR 17-2 (2.5)  crr=6.0  ps=5(6)  recent=4 1 0 0 0
  CB BAT: Riyan Parag* 0(4), Dhruv Jurel 7(8)
  CB BOWL: Kyle Jamieson 1-5 (1)
  LAST WKT: Vaibhav Sooryavanshi   b Kyle Jamieson 4(2)  - 12/2 in 1.5 ov.
  ⚠ DIVERGENCE: OVERS: ui=2.2 cb=2.5 | STRIKER: ui=Vaibhav Sooryavanshi cb=Riyan Parag | BATTERS_MISSING_IN_UI: {'jurel', 'parag'} (ui={'sooryavanshi', 'jaiswal'}, cb={'jurel', 'parag'}) | FOW_COUNT: ui=1 vs wickets=2 | BOWLER: ui=Mitchell Starc cb=Kyle Jamieson

[19:46:52  iter#30]
  UI: Rajasthan Royals 17-2 (2.2)  str=Vaibhav Sooryavanshi nstr=Yashasvi Jaiswal  bowl=Mitchell Starc 1-12 (1.2)
  this_over=['4', '1']  fow=1 (unk=0)  last_fow={'wicket': 2, 'batter': 'Dhruv Jurel', 'score': 12, 'overs': '1.5', 'bowler': None, 'how': 'auto-inferred (striker on wicket)', '_unwitnessed': False}
  delivery: len=short_of_length line=outside_off shot=in_the_air [layer2]
  extras: this_over=0 innings=0 [w1/nb0/b0/lb0]
  extras_log: [{'over': '1.3', 'type': 'wide', 'runs': 1, 'this_over_after': []}]
  CB: RR 21-2 (3)  crr=7.0  ps=9(7)  recent=4 1 0 0 0 4
  CB BAT: Dhruv Jurel* 7(8), Riyan Parag 4(5)
  CB BOWL: Mitchell Starc 1-16 (2)
  LAST WKT: Vaibhav Sooryavanshi   b Kyle Jamieson 4(2)  - 12/2 in 1.5 ov.
  ⚠ DIVERGENCE: SCORE: ui=17 cb=21 | OVERS: ui=2.2 cb=3 | STRIKER: ui=Vaibhav Sooryavanshi cb=Dhruv Jurel | BATTERS_MISSING_IN_UI: {'jurel', 'parag'} (ui={'sooryavanshi', 'jaiswal'}, cb={'jurel', 'parag'}) | FOW_COUNT: ui=1 vs wickets=2 | BOWL_R: ui=12 cb=16 | BOWL_O: ui=1.2 cb=2

[19:47:14  iter#31]
  UI: Rajasthan Royals 17-2 (2.2)  str=Vaibhav Sooryavanshi nstr=Yashasvi Jaiswal  bowl=Mitchell Starc 1-12 (1.2)
  this_over=['4', '1']  fow=1 (unk=0)  last_fow={'wicket': 2, 'batter': 'Dhruv Jurel', 'score': 12, 'overs': '1.5', 'bowler': None, 'how': 'auto-inferred (striker on wicket)', '_unwitnessed': False}
  delivery: len=short_of_length line=outside_off shot=in_the_air [layer2]
  extras: this_over=0 innings=0 [w1/nb0/b0/lb0]
  extras_log: [{'over': '1.3', 'type': 'wide', 'runs': 1, 'this_over_after': []}]
  CB: RR 21-2 (3)  crr=7.0  ps=9(7)  recent=4 1 0 0 0 4
  CB BAT: Dhruv Jurel* 7(8), Riyan Parag 4(5)
  CB BOWL: Mitchell Starc 1-16 (2)
  LAST WKT: Vaibhav Sooryavanshi   b Kyle Jamieson 4(2)  - 12/2 in 1.5 ov.
  ⚠ DIVERGENCE: SCORE: ui=17 cb=21 | OVERS: ui=2.2 cb=3 | STRIKER: ui=Vaibhav Sooryavanshi cb=Dhruv Jurel | BATTERS_MISSING_IN_UI: {'jurel', 'parag'} (ui={'sooryavanshi', 'jaiswal'}, cb={'jurel', 'parag'}) | FOW_COUNT: ui=1 vs wickets=2 | BOWL_R: ui=12 cb=16 | BOWL_O: ui=1.2 cb=2

[19:47:36  iter#32]
  UI: Rajasthan Royals 17-2 (2.2)  str=Vaibhav Sooryavanshi nstr=Yashasvi Jaiswal  bowl=Mitchell Starc 1-12 (1.2)
  this_over=['4', '1']  fow=1 (unk=0)  last_fow={'wicket': 2, 'batter': 'Dhruv Jurel', 'score': 12, 'overs': '1.5', 'bowler': None, 'how': 'auto-inferred (striker on wicket)', '_unwitnessed': False}
  delivery: len=short_of_length line=outside_off shot=in_the_air [layer2]
  extras: this_over=0 innings=0 [w1/nb0/b0/lb0]
  extras_log: [{'over': '1.3', 'type': 'wide', 'runs': 1, 'this_over_after': []}]
  CB: RR 21-2 (3)  crr=7.0  ps=9(7)  recent=4 1 0 0 0 4
  CB BAT: Dhruv Jurel* 7(8), Riyan Parag 4(5)
  CB BOWL: Mitchell Starc 1-16 (2)
  LAST WKT: Vaibhav Sooryavanshi   b Kyle Jamieson 4(2)  - 12/2 in 1.5 ov.
  ⚠ DIVERGENCE: SCORE: ui=17 cb=21 | OVERS: ui=2.2 cb=3 | STRIKER: ui=Vaibhav Sooryavanshi cb=Dhruv Jurel | BATTERS_MISSING_IN_UI: {'jurel', 'parag'} (ui={'sooryavanshi', 'jaiswal'}, cb={'jurel', 'parag'}) | FOW_COUNT: ui=1 vs wickets=2 | BOWL_R: ui=12 cb=16 | BOWL_O: ui=1.2 cb=2

[19:47:57  iter#33]
  UI: Rajasthan Royals 17-2 (2.2)  str=Vaibhav Sooryavanshi nstr=Yashasvi Jaiswal  bowl=Mitchell Starc 1-12 (1.2)
  this_over=['4', '1']  fow=1 (unk=0)  last_fow={'wicket': 2, 'batter': 'Dhruv Jurel', 'score': 12, 'overs': '1.5', 'bowler': None, 'how': 'auto-inferred (striker on wicket)', '_unwitnessed': False}
  delivery: len=short_of_length line=outside_off shot=in_the_air [layer2]
  extras: this_over=0 innings=0 [w1/nb0/b0/lb0]
  extras_log: [{'over': '1.3', 'type': 'wide', 'runs': 1, 'this_over_after': []}]
  CB: RR 22-2 (3.1)  crr=6.95  ps=10(8)  recent=1
  CB BAT: Riyan Parag* 4(5), Dhruv Jurel 8(9)
  CB BOWL: Mitchell Starc 1-16 (2)
  LAST WKT: Vaibhav Sooryavanshi   b Kyle Jamieson 4(2)  - 12/2 in 1.5 ov.
  ⚠ DIVERGENCE: SCORE: ui=17 cb=22 | OVERS: ui=2.2 cb=3.1 | STRIKER: ui=Vaibhav Sooryavanshi cb=Riyan Parag | BATTERS_MISSING_IN_UI: {'jurel', 'parag'} (ui={'sooryavanshi', 'jaiswal'}, cb={'jurel', 'parag'}) | FOW_COUNT: ui=1 vs wickets=2 | BOWL_R: ui=12 cb=16 | BOWL_O: ui=1.2 cb=2

[19:48:18  iter#34]
  UI: Rajasthan Royals 22-2 (3.1)  str=Yashasvi Jaiswal nstr=Vaibhav Sooryavanshi  bowl=Kyle Jamieson 1-12 (1.5)
  this_over=['?']  fow=1 (unk=0)  last_fow={'wicket': 2, 'batter': 'Dhruv Jurel', 'score': 12, 'overs': '1.5', 'bowler': None, 'how': 'auto-inferred (striker on wicket)', '_unwitnessed': False}
  delivery: len=short_of_length line=outside_off shot=in_the_air [layer2]
  extras: this_over=0 innings=0 [w1/nb0/b0/lb0]
  extras_log: [{'over': '1.3', 'type': 'wide', 'runs': 1, 'this_over_after': []}]
  CB: RR 23-2 (3.2)  crr=6.9  ps=11(9)  recent=1 1
  CB BAT: Dhruv Jurel* 8(9), Riyan Parag 5(6)
  CB BOWL: Mitchell Starc 1-16 (2)
  LAST WKT: Vaibhav Sooryavanshi   b Kyle Jamieson 4(2)  - 12/2 in 1.5 ov.
  ⚠ DIVERGENCE: SCORE: ui=22 cb=23 | OVERS: ui=3.1 cb=3.2 | STRIKER: ui=Yashasvi Jaiswal cb=Dhruv Jurel | BATTERS_MISSING_IN_UI: {'jurel', 'parag'} (ui={'sooryavanshi', 'jaiswal'}, cb={'jurel', 'parag'}) | FOW_COUNT: ui=1 vs wickets=2 | BOWLER: ui=Kyle Jamieson cb=Mitchell Starc

[19:48:38  iter#35]
  UI: Rajasthan Royals 23-2 (3.2)  str=Yashasvi Jaiswal nstr=Vaibhav Sooryavanshi  bowl=Kyle Jamieson 1-12 (1.5)
  this_over=['?', '1']  fow=1 (unk=0)  last_fow={'wicket': 2, 'batter': 'Dhruv Jurel', 'score': 12, 'overs': '1.5', 'bowler': None, 'how': 'auto-inferred (striker on wicket)', '_unwitnessed': False}
  delivery: len=short_of_length line=outside_off shot=in_the_air [layer2]
  extras: this_over=0 innings=0 [w1/nb0/b0/lb0]
  extras_log: [{'over': '1.3', 'type': 'wide', 'runs': 1, 'this_over_after': []}]
  CB: RR 23-2 (3.2)  crr=6.9  ps=11(9)  recent=1 1
  CB BAT: Dhruv Jurel* 8(9), Riyan Parag 5(6)
  CB BOWL: Mitchell Starc 1-16 (2)
  LAST WKT: Vaibhav Sooryavanshi   b Kyle Jamieson 4(2)  - 12/2 in 1.5 ov.
  ⚠ DIVERGENCE: STRIKER: ui=Yashasvi Jaiswal cb=Dhruv Jurel | BATTERS_MISSING_IN_UI: {'jurel', 'parag'} (ui={'sooryavanshi', 'jaiswal'}, cb={'jurel', 'parag'}) | FOW_COUNT: ui=1 vs wickets=2 | BOWLER: ui=Kyle Jamieson cb=Mitchell Starc

[19:49:00  iter#36]
  UI: Rajasthan Royals 23-2 (3.2)  str=Yashasvi Jaiswal nstr=Vaibhav Sooryavanshi  bowl=Kyle Jamieson 1-12 (1.5)
  this_over=['?', '1']  fow=1 (unk=0)  last_fow={'wicket': 2, 'batter': 'Dhruv Jurel', 'score': 12, 'overs': '1.5', 'bowler': None, 'how': 'auto-inferred (striker on wicket)', '_unwitnessed': False}
  delivery: len=short_of_length line=outside_off shot=in_the_air [layer2]
  extras: this_over=0 innings=0 [w1/nb0/b0/lb0]
  extras_log: [{'over': '1.3', 'type': 'wide', 'runs': 1, 'this_over_after': []}]
  CB: RR 23-2 (3.2)  crr=6.9  ps=11(9)  recent=1 1
  CB BAT: Dhruv Jurel* 8(9), Riyan Parag 5(6)
  CB BOWL: Mitchell Starc 1-16 (2)
  LAST WKT: Vaibhav Sooryavanshi   b Kyle Jamieson 4(2)  - 12/2 in 1.5 ov.
  ⚠ DIVERGENCE: STRIKER: ui=Yashasvi Jaiswal cb=Dhruv Jurel | BATTERS_MISSING_IN_UI: {'jurel', 'parag'} (ui={'sooryavanshi', 'jaiswal'}, cb={'jurel', 'parag'}) | FOW_COUNT: ui=1 vs wickets=2 | BOWLER: ui=Kyle Jamieson cb=Mitchell Starc

[19:49:20  iter#37]
  UI: Rajasthan Royals 23-2 (3.2)  str=Yashasvi Jaiswal nstr=Vaibhav Sooryavanshi  bowl=Kyle Jamieson 1-12 (1.5)
  this_over=['?', '1']  fow=1 (unk=0)  last_fow={'wicket': 2, 'batter': 'Dhruv Jurel', 'score': 12, 'overs': '1.5', 'bowler': None, 'how': 'auto-inferred (striker on wicket)', '_unwitnessed': False}
  delivery: len=short_of_length line=outside_off shot=in_the_air [layer2]
  extras: this_over=0 innings=0 [w1/nb0/b0/lb0]
  extras_log: [{'over': '1.3', 'type': 'wide', 'runs': 1, 'this_over_after': []}]
  CB: RR 27-2 (3.3)  crr=7.71  ps=15(10)  recent=1 1 4
  CB BAT: Dhruv Jurel* 12(10), Riyan Parag 5(6)
  CB BOWL: Mitchell Starc 1-16 (2)
  LAST WKT: Vaibhav Sooryavanshi   b Kyle Jamieson 4(2)  - 12/2 in 1.5 ov.
  ⚠ DIVERGENCE: SCORE: ui=23 cb=27 | OVERS: ui=3.2 cb=3.3 | STRIKER: ui=Yashasvi Jaiswal cb=Dhruv Jurel | BATTERS_MISSING_IN_UI: {'jurel', 'parag'} (ui={'sooryavanshi', 'jaiswal'}, cb={'jurel', 'parag'}) | FOW_COUNT: ui=1 vs wickets=2 | BOWLER: ui=Kyle Jamieson cb=Mitchell Starc

[19:49:42  iter#38]
  UI: Rajasthan Royals 23-2 (3.2)  str=Yashasvi Jaiswal nstr=Vaibhav Sooryavanshi  bowl=Kyle Jamieson 1-12 (1.5)
  this_over=['?', '1']  fow=1 (unk=0)  last_fow={'wicket': 2, 'batter': 'Dhruv Jurel', 'score': 12, 'overs': '1.5', 'bowler': None, 'how': 'auto-inferred (striker on wicket)', '_unwitnessed': False}
  delivery: len=short_of_length line=outside_off shot=in_the_air [layer2]
  extras: this_over=0 innings=0 [w1/nb0/b0/lb0]
  extras_log: [{'over': '1.3', 'type': 'wide', 'runs': 1, 'this_over_after': []}]
  CB: RR 27-2 (3.3)  crr=7.71  ps=15(10)  recent=1 1 4
  CB BAT: Dhruv Jurel* 12(10), Riyan Parag 5(6)
  CB BOWL: Mitchell Starc 1-16 (2)
  LAST WKT: Vaibhav Sooryavanshi   b Kyle Jamieson 4(2)  - 12/2 in 1.5 ov.
  ⚠ DIVERGENCE: SCORE: ui=23 cb=27 | OVERS: ui=3.2 cb=3.3 | STRIKER: ui=Yashasvi Jaiswal cb=Dhruv Jurel | BATTERS_MISSING_IN_UI: {'jurel', 'parag'} (ui={'sooryavanshi', 'jaiswal'}, cb={'jurel', 'parag'}) | FOW_COUNT: ui=1 vs wickets=2 | BOWLER: ui=Kyle Jamieson cb=Mitchell Starc

[19:50:04  iter#39]
  UI: Rajasthan Royals 23-2 (3.2)  str=Yashasvi Jaiswal nstr=Vaibhav Sooryavanshi  bowl=Kyle Jamieson 1-12 (1.5)
  this_over=['?', '1']  fow=1 (unk=0)  last_fow={'wicket': 2, 'batter': 'Dhruv Jurel', 'score': 12, 'overs': '1.5', 'bowler': None, 'how': 'auto-inferred (striker on wicket)', '_unwitnessed': False}
  delivery: len=short_of_length line=outside_off shot=in_the_air [layer2]
  extras: this_over=0 innings=0 [w1/nb0/b0/lb0]
  extras_log: [{'over': '1.3', 'type': 'wide', 'runs': 1, 'this_over_after': []}]
  CB: RR 28-2 (3.4)  crr=7.64  ps=16(11)  recent=1 1 4 1
  CB BAT: Riyan Parag* 5(6), Dhruv Jurel 13(11)
  CB BOWL: Mitchell Starc 1-16 (2)
  LAST WKT: Vaibhav Sooryavanshi   b Kyle Jamieson 4(2)  - 12/2 in 1.5 ov.
  ⚠ DIVERGENCE: SCORE: ui=23 cb=28 | OVERS: ui=3.2 cb=3.4 | STRIKER: ui=Yashasvi Jaiswal cb=Riyan Parag | BATTERS_MISSING_IN_UI: {'jurel', 'parag'} (ui={'sooryavanshi', 'jaiswal'}, cb={'jurel', 'parag'}) | FOW_COUNT: ui=1 vs wickets=2 | BOWLER: ui=Kyle Jamieson cb=Mitchell Starc

[19:50:26  iter#40]
  UI: Rajasthan Royals 28-2 (3.4)  str=Yashasvi Jaiswal nstr=Vaibhav Sooryavanshi  bowl=Kyle Jamieson 1-17 (1.5)
  this_over=['?', '1', '?', '?']  fow=1 (unk=0)  last_fow={'wicket': 2, 'batter': 'Dhruv Jurel', 'score': 12, 'overs': '1.5', 'bowler': None, 'how': 'auto-inferred (striker on wicket)', '_unwitnessed': False}
  delivery: len=short_of_length line=outside_off shot=in_the_air [layer2]
  extras: this_over=0 innings=0 [w1/nb0/b0/lb0]
  extras_log: [{'over': '1.3', 'type': 'wide', 'runs': 1, 'this_over_after': []}]
  CB: RR 28-2 (3.5)  crr=7.3  ps=16(12)  recent=1 1 4 1 0
  CB BAT: Riyan Parag* 5(7), Dhruv Jurel 13(11)
  CB BOWL: Mitchell Starc 1-16 (2)
  LAST WKT: Vaibhav Sooryavanshi   b Kyle Jamieson 4(2)  - 12/2 in 1.5 ov.
  ⚠ DIVERGENCE: OVERS: ui=3.4 cb=3.5 | STRIKER: ui=Yashasvi Jaiswal cb=Riyan Parag | BATTERS_MISSING_IN_UI: {'jurel', 'parag'} (ui={'sooryavanshi', 'jaiswal'}, cb={'jurel', 'parag'}) | FOW_COUNT: ui=1 vs wickets=2 | BOWLER: ui=Kyle Jamieson cb=Mitchell Starc

[19:50:49  iter#41]
  UI: Rajasthan Royals 28-2 (3.5)  str=Yashasvi Jaiswal nstr=Vaibhav Sooryavanshi  bowl=Kyle Jamieson 1-17 (1.5)
  this_over=['?', '1', '?', '?', '.']  fow=1 (unk=0)  last_fow={'wicket': 2, 'batter': 'Dhruv Jurel', 'score': 12, 'overs': '1.5', 'bowler': None, 'how': 'auto-inferred (striker on wicket)', '_unwitnessed': False}
  delivery: len=short_of_length line=outside_off shot=in_the_air [layer2]
  extras: this_over=0 innings=0 [w1/nb0/b0/lb0]
  extras_log: [{'over': '1.3', 'type': 'wide', 'runs': 1, 'this_over_after': []}]
  CB: RR 28-2 (3.5)  crr=7.3  ps=16(12)  recent=1 1 4 1 0
  CB BAT: Riyan Parag* 5(7), Dhruv Jurel 13(11)
  CB BOWL: Mitchell Starc 1-16 (2)
  LAST WKT: Vaibhav Sooryavanshi   b Kyle Jamieson 4(2)  - 12/2 in 1.5 ov.
  ⚠ DIVERGENCE: STRIKER: ui=Yashasvi Jaiswal cb=Riyan Parag | BATTERS_MISSING_IN_UI: {'jurel', 'parag'} (ui={'sooryavanshi', 'jaiswal'}, cb={'jurel', 'parag'}) | FOW_COUNT: ui=1 vs wickets=2 | BOWLER: ui=Kyle Jamieson cb=Mitchell Starc

[19:51:11  iter#42]
  UI: Rajasthan Royals 28-2 (3.5)  str=Yashasvi Jaiswal nstr=Vaibhav Sooryavanshi  bowl=Kyle Jamieson 1-17 (1.5)
  this_over=['?', '1', '?', '?', '.']  fow=1 (unk=0)  last_fow={'wicket': 2, 'batter': 'Dhruv Jurel', 'score': 12, 'overs': '1.5', 'bowler': None, 'how': 'auto-inferred (striker on wicket)', '_unwitnessed': False}
  delivery: len=short_of_length line=outside_off shot=in_the_air [layer2]
  extras: this_over=0 innings=0 [w1/nb0/b0/lb0]
  extras_log: [{'over': '1.3', 'type': 'wide', 'runs': 1, 'this_over_after': []}]
  CB: RR 29-2 (4)  crr=7.25  ps=17(13)  recent=1 1 4 1 0 1
  CB BAT: Riyan Parag* 6(8), Dhruv Jurel 13(11)
  CB BOWL: Kyle Jamieson 1-13 (2)
  LAST WKT: Vaibhav Sooryavanshi   b Kyle Jamieson 4(2)  - 12/2 in 1.5 ov.
  ⚠ DIVERGENCE: SCORE: ui=28 cb=29 | OVERS: ui=3.5 cb=4 | STRIKER: ui=Yashasvi Jaiswal cb=Riyan Parag | BATTERS_MISSING_IN_UI: {'jurel', 'parag'} (ui={'sooryavanshi', 'jaiswal'}, cb={'jurel', 'parag'}) | FOW_COUNT: ui=1 vs wickets=2 | BOWL_R: ui=17 cb=13 | BOWL_O: ui=1.5 cb=2

[19:51:34  iter#43]
  UI: Rajasthan Royals 28-2 (3.5)  str=Yashasvi Jaiswal nstr=Vaibhav Sooryavanshi  bowl=Kyle Jamieson 1-17 (1.5)
  this_over=['?', '1', '?', '?', '.']  fow=1 (unk=0)  last_fow={'wicket': 2, 'batter': 'Dhruv Jurel', 'score': 12, 'overs': '1.5', 'bowler': None, 'how': 'auto-inferred (striker on wicket)', '_unwitnessed': False}
  delivery: len=short_of_length line=outside_off shot=in_the_air [layer2]
  extras: this_over=0 innings=0 [w1/nb0/b0/lb0]
  extras_log: [{'over': '1.3', 'type': 'wide', 'runs': 1, 'this_over_after': []}]
  CB: RR 29-2 (4)  crr=7.25  ps=17(13)  recent=1 1 4 1 0 1
  CB BAT: Riyan Parag* 6(8), Dhruv Jurel 13(11)
  CB BOWL: Kyle Jamieson 1-13 (2)
  LAST WKT: Vaibhav Sooryavanshi   b Kyle Jamieson 4(2)  - 12/2 in 1.5 ov.
  ⚠ DIVERGENCE: SCORE: ui=28 cb=29 | OVERS: ui=3.5 cb=4 | STRIKER: ui=Yashasvi Jaiswal cb=Riyan Parag | BATTERS_MISSING_IN_UI: {'jurel', 'parag'} (ui={'sooryavanshi', 'jaiswal'}, cb={'jurel', 'parag'}) | FOW_COUNT: ui=1 vs wickets=2 | BOWL_R: ui=17 cb=13 | BOWL_O: ui=1.5 cb=2

[19:51:56  iter#44]
  UI: Rajasthan Royals 28-2 (3.5)  str=Yashasvi Jaiswal nstr=Vaibhav Sooryavanshi  bowl=Kyle Jamieson 1-17 (1.5)
  this_over=['?', '1', '?', '?', '.']  fow=1 (unk=0)  last_fow={'wicket': 2, 'batter': 'Dhruv Jurel', 'score': 12, 'overs': '1.5', 'bowler': None, 'how': 'auto-inferred (striker on wicket)', '_unwitnessed': False}
  delivery: len=short_of_length line=outside_off shot=in_the_air [layer2]
  extras: this_over=0 innings=0 [w1/nb0/b0/lb0]
  extras_log: [{'over': '1.3', 'type': 'wide', 'runs': 1, 'this_over_after': []}]
  CB: RR 29-2 (4)  crr=7.25  ps=17(13)  recent=1 1 4 1 0 1
  CB BAT: Riyan Parag* 6(8), Dhruv Jurel 13(11)
  CB BOWL: Kyle Jamieson 1-13 (2)
  LAST WKT: Vaibhav Sooryavanshi   b Kyle Jamieson 4(2)  - 12/2 in 1.5 ov.
  ⚠ DIVERGENCE: SCORE: ui=28 cb=29 | OVERS: ui=3.5 cb=4 | STRIKER: ui=Yashasvi Jaiswal cb=Riyan Parag | BATTERS_MISSING_IN_UI: {'jurel', 'parag'} (ui={'sooryavanshi', 'jaiswal'}, cb={'jurel', 'parag'}) | FOW_COUNT: ui=1 vs wickets=2 | BOWL_R: ui=17 cb=13 | BOWL_O: ui=1.5 cb=2

[19:52:17  iter#45]
  UI: Rajasthan Royals 29-2 (4.0)  str=Yashasvi Jaiswal nstr=Vaibhav Sooryavanshi  bowl=Axar Patel None-None (None)
  this_over=['.', '.', '.', '.', '.']  fow=1 (unk=0)  last_fow={'wicket': 2, 'batter': 'Dhruv Jurel', 'score': 12, 'overs': '1.5', 'bowler': None, 'how': 'auto-inferred (striker on wicket)', '_unwitnessed': False}
  delivery: len=short_of_length line=outside_off shot=in_the_air [layer2]
  extras: this_over=0 innings=0 [w1/nb0/b0/lb0]
  extras_log: [{'over': '1.3', 'type': 'wide', 'runs': 1, 'this_over_after': []}]
  CB: RR 30-2 (4.1)  crr=7.2  ps=18(14)  recent=1
  CB BAT: Dhruv Jurel* 13(11), Riyan Parag 7(9)
  CB BOWL: Kyle Jamieson 1-13 (2)
  LAST WKT: Vaibhav Sooryavanshi   b Kyle Jamieson 4(2)  - 12/2 in 1.5 ov.
  ⚠ DIVERGENCE: SCORE: ui=29 cb=30 | OVERS: ui=4.0 cb=4.1 | STRIKER: ui=Yashasvi Jaiswal cb=Dhruv Jurel | BATTERS_MISSING_IN_UI: {'jurel', 'parag'} (ui={'sooryavanshi', 'jaiswal'}, cb={'jurel', 'parag'}) | FOW_COUNT: ui=1 vs wickets=2 | BOWLER: ui=Axar Patel cb=Kyle Jamieson

[19:52:42  iter#46]
  WS ERR: ''
  CB: RR 34-2 (4.2)  crr=7.85  ps=22(15)  recent=1 4
  CB BAT: Dhruv Jurel* 17(12), Riyan Parag 7(9)
  CB BOWL: Kyle Jamieson 1-13 (2)
  LAST WKT: Vaibhav Sooryavanshi   b Kyle Jamieson 4(2)  - 12/2 in 1.5 ov.
  ⚠ DIVERGENCE: BATTERS_MISSING_IN_UI: {'jurel', 'parag'} (ui=set(), cb={'jurel', 'parag'}) | BOWLER: ui=None cb=Kyle Jamieson

[19:53:02  iter#47]
  UI: Rajasthan Royals 30-2 (4.1)  str=Yashasvi Jaiswal nstr=Vaibhav Sooryavanshi  bowl=Axar Patel 0-1 (0.1)
  this_over=['1']  fow=1 (unk=0)  last_fow={'wicket': 2, 'batter': 'Dhruv Jurel', 'score': 12, 'overs': '1.5', 'bowler': None, 'how': 'auto-inferred (striker on wicket)', '_unwitnessed': False}
  delivery: len=short_of_length line=outside_off shot=in_the_air [layer2]
  extras: this_over=0 innings=0 [w1/nb0/b0/lb0]
  extras_log: [{'over': '1.3', 'type': 'wide', 'runs': 1, 'this_over_after': []}]
  CB: RR 34-2 (4.2)  crr=7.85  ps=22(15)  recent=1 4
  CB BAT: Dhruv Jurel* 17(12), Riyan Parag 7(9)
  CB BOWL: Kyle Jamieson 1-13 (2)
  LAST WKT: Vaibhav Sooryavanshi   b Kyle Jamieson 4(2)  - 12/2 in 1.5 ov.
  ⚠ DIVERGENCE: SCORE: ui=30 cb=34 | OVERS: ui=4.1 cb=4.2 | STRIKER: ui=Yashasvi Jaiswal cb=Dhruv Jurel | BATTERS_MISSING_IN_UI: {'jurel', 'parag'} (ui={'sooryavanshi', 'jaiswal'}, cb={'jurel', 'parag'}) | FOW_COUNT: ui=1 vs wickets=2 | BOWLER: ui=Axar Patel cb=Kyle Jamieson

[19:53:23  iter#48]
  UI: Rajasthan Royals 35-2 (4.3)  str=Yashasvi Jaiswal nstr=Vaibhav Sooryavanshi  bowl=Axar Patel 0-6 (0.3)
  this_over=['1', '4', '1']  fow=1 (unk=0)  last_fow={'wicket': 2, 'batter': 'Dhruv Jurel', 'score': 12, 'overs': '1.5', 'bowler': None, 'how': 'auto-inferred (striker on wicket)', '_unwitnessed': False}
  delivery: len=short_of_length line=unknown shot=in_the_air [layer2]
  extras: this_over=0 innings=0 [w1/nb0/b0/lb0]
  extras_log: [{'over': '1.3', 'type': 'wide', 'runs': 1, 'this_over_after': []}]
  CB: RR 34-2 (4.2)  crr=7.85  ps=22(15)  recent=1 4
  CB BAT: Dhruv Jurel* 17(12), Riyan Parag 7(9)
  CB BOWL: Kyle Jamieson 1-13 (2)
  LAST WKT: Vaibhav Sooryavanshi   b Kyle Jamieson 4(2)  - 12/2 in 1.5 ov.
  ⚠ DIVERGENCE: SCORE: ui=35 cb=34 | OVERS: ui=4.3 cb=4.2 | STRIKER: ui=Yashasvi Jaiswal cb=Dhruv Jurel | BATTERS_MISSING_IN_UI: {'jurel', 'parag'} (ui={'sooryavanshi', 'jaiswal'}, cb={'jurel', 'parag'}) | FOW_COUNT: ui=1 vs wickets=2 | BOWLER: ui=Axar Patel cb=Kyle Jamieson

[19:53:48  iter#49]
  UI: Rajasthan Royals 35-2 (4.3)  str=Yashasvi Jaiswal nstr=Vaibhav Sooryavanshi  bowl=Axar Patel 0-6 (0.3)
  this_over=['1', '4', '1']  fow=1 (unk=0)  last_fow={'wicket': 2, 'batter': 'Dhruv Jurel', 'score': 12, 'overs': '1.5', 'bowler': None, 'how': 'auto-inferred (striker on wicket)', '_unwitnessed': False}
  delivery: len=short_of_length line=unknown shot=in_the_air [layer2]
  extras: this_over=0 innings=0 [w1/nb0/b0/lb0]
  extras_log: [{'over': '1.3', 'type': 'wide', 'runs': 1, 'this_over_after': []}]
  CB: RR 35-2 (4.4)  crr=7.5  ps=23(17)  recent=1 4 1 0
  CB BAT: Riyan Parag* 7(10), Dhruv Jurel 18(13)
  CB BOWL: Kyle Jamieson 1-13 (2)
  LAST WKT: Vaibhav Sooryavanshi   b Kyle Jamieson 4(2)  - 12/2 in 1.5 ov.
  ⚠ DIVERGENCE: OVERS: ui=4.3 cb=4.4 | STRIKER: ui=Yashasvi Jaiswal cb=Riyan Parag | BATTERS_MISSING_IN_UI: {'jurel', 'parag'} (ui={'sooryavanshi', 'jaiswal'}, cb={'jurel', 'parag'}) | FOW_COUNT: ui=1 vs wickets=2 | BOWLER: ui=Axar Patel cb=Kyle Jamieson

[19:54:09  iter#50]
  UI: Rajasthan Royals 35-2 (4.3)  str=Yashasvi Jaiswal nstr=Vaibhav Sooryavanshi  bowl=Axar Patel 0-6 (0.3)
  this_over=['1', '4', '1']  fow=1 (unk=0)  last_fow={'wicket': 2, 'batter': 'Dhruv Jurel', 'score': 12, 'overs': '1.5', 'bowler': None, 'how': 'auto-inferred (striker on wicket)', '_unwitnessed': False}
  delivery: len=short_of_length line=unknown shot=in_the_air [layer2]
  extras: this_over=0 innings=0 [w1/nb0/b0/lb0]
  extras_log: [{'over': '1.3', 'type': 'wide', 'runs': 1, 'this_over_after': []}]
  CB: RR 35-2 (4.4)  crr=7.5  ps=23(17)  recent=1 4 1 0
  CB BAT: Riyan Parag* 7(10), Dhruv Jurel 18(13)
  CB BOWL: Kyle Jamieson 1-13 (2)
  LAST WKT: Vaibhav Sooryavanshi   b Kyle Jamieson 4(2)  - 12/2 in 1.5 ov.
  ⚠ DIVERGENCE: OVERS: ui=4.3 cb=4.4 | STRIKER: ui=Yashasvi Jaiswal cb=Riyan Parag | BATTERS_MISSING_IN_UI: {'jurel', 'parag'} (ui={'sooryavanshi', 'jaiswal'}, cb={'jurel', 'parag'}) | FOW_COUNT: ui=1 vs wickets=2 | BOWLER: ui=Axar Patel cb=Kyle Jamieson

[19:54:31  iter#51]
  UI: Rajasthan Royals 35-2 (4.3)  str=Yashasvi Jaiswal nstr=Vaibhav Sooryavanshi  bowl=Axar Patel 0-6 (0.3)
  this_over=['1', '4', '1']  fow=1 (unk=0)  last_fow={'wicket': 2, 'batter': 'Dhruv Jurel', 'score': 12, 'overs': '1.5', 'bowler': None, 'how': 'auto-inferred (striker on wicket)', '_unwitnessed': False}
  delivery: len=short_of_length line=unknown shot=in_the_air [layer2]
  extras: this_over=0 innings=0 [w1/nb0/b0/lb0]
  extras_log: [{'over': '1.3', 'type': 'wide', 'runs': 1, 'this_over_after': []}]
  CB: RR 35-2 (4.4)  crr=7.5  ps=23(17)  recent=1 4 1 0
  CB BAT: Riyan Parag* 7(10), Dhruv Jurel 18(13)
  CB BOWL: Kyle Jamieson 1-13 (2)
  LAST WKT: Vaibhav Sooryavanshi   b Kyle Jamieson 4(2)  - 12/2 in 1.5 ov.
  ⚠ DIVERGENCE: OVERS: ui=4.3 cb=4.4 | STRIKER: ui=Yashasvi Jaiswal cb=Riyan Parag | BATTERS_MISSING_IN_UI: {'jurel', 'parag'} (ui={'sooryavanshi', 'jaiswal'}, cb={'jurel', 'parag'}) | FOW_COUNT: ui=1 vs wickets=2 | BOWLER: ui=Axar Patel cb=Kyle Jamieson

[19:54:54  iter#52]
  UI: Rajasthan Royals 35-2 (4.3)  str=Yashasvi Jaiswal nstr=Vaibhav Sooryavanshi  bowl=Axar Patel 0-6 (0.3)
  this_over=['1', '4', '1']  fow=1 (unk=0)  last_fow={'wicket': 2, 'batter': 'Dhruv Jurel', 'score': 12, 'overs': '1.5', 'bowler': None, 'how': 'auto-inferred (striker on wicket)', '_unwitnessed': False}
  delivery: len=short_of_length line=unknown shot=in_the_air [layer2]
  extras: this_over=0 innings=0 [w1/nb0/b0/lb0]
  extras_log: [{'over': '1.3', 'type': 'wide', 'runs': 1, 'this_over_after': []}]
  CB: RR 35-2 (4.4)  crr=7.5  ps=23(17)  recent=... 0 4
  CB BAT: Riyan Parag* 7(10), Dhruv Jurel 18(13)
  CB BOWL: Kyle Jamieson 1-13 (2)
  LAST WKT: Vaibhav Sooryavanshi   b Kyle Jamieson 4(2)  - 12/2 in 1.5 ov.
  ⚠ DIVERGENCE: OVERS: ui=4.3 cb=4.4 | STRIKER: ui=Yashasvi Jaiswal cb=Riyan Parag | BATTERS_MISSING_IN_UI: {'jurel', 'parag'} (ui={'sooryavanshi', 'jaiswal'}, cb={'jurel', 'parag'}) | FOW_COUNT: ui=1 vs wickets=2 | BOWLER: ui=Axar Patel cb=Kyle Jamieson

[19:55:15  iter#53]
  UI: Rajasthan Royals 35-2 (4.3)  str=Yashasvi Jaiswal nstr=Vaibhav Sooryavanshi  bowl=Axar Patel 0-6 (0.3)
  this_over=['1', '4', '1']  fow=1 (unk=0)  last_fow={'wicket': 2, 'batter': 'Dhruv Jurel', 'score': 12, 'overs': '1.5', 'bowler': None, 'how': 'auto-inferred (striker on wicket)', '_unwitnessed': False}
  delivery: len=short_of_length line=unknown shot=in_the_air [layer2]
  extras: this_over=0 innings=0 [w1/nb0/b0/lb0]
  extras_log: [{'over': '1.3', 'type': 'wide', 'runs': 1, 'this_over_after': []}]
  CB: RR 35-2 (4.5)  crr=7.24  ps=23(18)  recent=1 4 1 0 0
  CB BAT: Riyan Parag* 7(11), Dhruv Jurel 18(13)
  CB BOWL: Kyle Jamieson 1-13 (2)
  LAST WKT: Vaibhav Sooryavanshi   b Kyle Jamieson 4(2)  - 12/2 in 1.5 ov.
  ⚠ DIVERGENCE: OVERS: ui=4.3 cb=4.5 | STRIKER: ui=Yashasvi Jaiswal cb=Riyan Parag | BATTERS_MISSING_IN_UI: {'jurel', 'parag'} (ui={'sooryavanshi', 'jaiswal'}, cb={'jurel', 'parag'}) | FOW_COUNT: ui=1 vs wickets=2 | BOWLER: ui=Axar Patel cb=Kyle Jamieson

[19:55:38  iter#54]
  UI: Rajasthan Royals 35-2 (4.3)  str=Yashasvi Jaiswal nstr=Vaibhav Sooryavanshi  bowl=Axar Patel 0-6 (0.3)
  this_over=['1', '4', '1']  fow=1 (unk=0)  last_fow={'wicket': 2, 'batter': 'Dhruv Jurel', 'score': 12, 'overs': '1.5', 'bowler': None, 'how': 'auto-inferred (striker on wicket)', '_unwitnessed': False}
  delivery: len=short_of_length line=unknown shot=in_the_air [layer2]
  extras: this_over=0 innings=0 [w1/nb0/b0/lb0]
  extras_log: [{'over': '1.3', 'type': 'wide', 'runs': 1, 'this_over_after': []}]
  CB: RR 35-2 (4.5)  crr=7.24  ps=23(18)  recent=1 4 1 0 0
  CB BAT: Riyan Parag* 7(11), Dhruv Jurel 18(13)
  CB BOWL: Kyle Jamieson 1-13 (2)
  LAST WKT: Vaibhav Sooryavanshi   b Kyle Jamieson 4(2)  - 12/2 in 1.5 ov.
  ⚠ DIVERGENCE: OVERS: ui=4.3 cb=4.5 | STRIKER: ui=Yashasvi Jaiswal cb=Riyan Parag | BATTERS_MISSING_IN_UI: {'jurel', 'parag'} (ui={'sooryavanshi', 'jaiswal'}, cb={'jurel', 'parag'}) | FOW_COUNT: ui=1 vs wickets=2 | BOWLER: ui=Axar Patel cb=Kyle Jamieson

[19:56:01  iter#55]
  UI: Rajasthan Royals 35-2 (4.3)  str=Yashasvi Jaiswal nstr=Vaibhav Sooryavanshi  bowl=Axar Patel 0-6 (0.3)
  this_over=['1', '4', '1']  fow=1 (unk=0)  last_fow={'wicket': 2, 'batter': 'Dhruv Jurel', 'score': 12, 'overs': '1.5', 'bowler': None, 'how': 'auto-inferred (striker on wicket)', '_unwitnessed': False}
  delivery: len=short_of_length line=unknown shot=in_the_air [layer2]
  extras: this_over=0 innings=0 [w1/nb0/b0/lb0]
  extras_log: [{'over': '1.3', 'type': 'wide', 'runs': 1, 'this_over_after': []}]
  CB: RR 36-2 (5)  crr=7.2  ps=24(19)  recent=1 4 1 0 0 1
  CB BAT: Riyan Parag* 8(12), Dhruv Jurel 18(13)
  CB BOWL: Axar Patel 0-7 (1)
  LAST WKT: Vaibhav Sooryavanshi   b Kyle Jamieson 4(2)  - 12/2 in 1.5 ov.
  ⚠ DIVERGENCE: SCORE: ui=35 cb=36 | OVERS: ui=4.3 cb=5 | STRIKER: ui=Yashasvi Jaiswal cb=Riyan Parag | BATTERS_MISSING_IN_UI: {'jurel', 'parag'} (ui={'sooryavanshi', 'jaiswal'}, cb={'jurel', 'parag'}) | FOW_COUNT: ui=1 vs wickets=2 | BOWL_R: ui=6 cb=7 | BOWL_O: ui=0.3 cb=1

[19:56:22  iter#56]
  UI: Rajasthan Royals 35-2 (4.3)  str=Yashasvi Jaiswal nstr=Vaibhav Sooryavanshi  bowl=Axar Patel 0-6 (0.3)
  this_over=['1', '4', '1']  fow=1 (unk=0)  last_fow={'wicket': 2, 'batter': 'Dhruv Jurel', 'score': 12, 'overs': '1.5', 'bowler': None, 'how': 'auto-inferred (striker on wicket)', '_unwitnessed': False}
  delivery: len=short_of_length line=unknown shot=in_the_air [layer2]
  extras: this_over=0 innings=0 [w1/nb0/b0/lb0]
  extras_log: [{'over': '1.3', 'type': 'wide', 'runs': 1, 'this_over_after': []}]
  CB: RR 36-2 (5)  crr=7.2  ps=24(19)  recent=1 4 1 0 0 1
  CB BAT: Riyan Parag* 8(12), Dhruv Jurel 18(13)
  CB BOWL: Axar Patel 0-7 (1)
  LAST WKT: Vaibhav Sooryavanshi   b Kyle Jamieson 4(2)  - 12/2 in 1.5 ov.
  ⚠ DIVERGENCE: SCORE: ui=35 cb=36 | OVERS: ui=4.3 cb=5 | STRIKER: ui=Yashasvi Jaiswal cb=Riyan Parag | BATTERS_MISSING_IN_UI: {'jurel', 'parag'} (ui={'sooryavanshi', 'jaiswal'}, cb={'jurel', 'parag'}) | FOW_COUNT: ui=1 vs wickets=2 | BOWL_R: ui=6 cb=7 | BOWL_O: ui=0.3 cb=1

[19:56:43  iter#57]
  UI: Rajasthan Royals 35-2 (4.3)  str=Yashasvi Jaiswal nstr=Vaibhav Sooryavanshi  bowl=Axar Patel 0-6 (0.3)
  this_over=['1', '4', '1']  fow=1 (unk=0)  last_fow={'wicket': 2, 'batter': 'Dhruv Jurel', 'score': 12, 'overs': '1.5', 'bowler': None, 'how': 'auto-inferred (striker on wicket)', '_unwitnessed': False}
  delivery: len=short_of_length line=unknown shot=in_the_air [layer2]
  extras: this_over=0 innings=0 [w1/nb0/b0/lb0]
  extras_log: [{'over': '1.3', 'type': 'wide', 'runs': 1, 'this_over_after': []}]
  CB: RR 36-2 (5)  crr=7.2  ps=24(19)  recent=1 4 1 0 0 1
  CB BAT: Riyan Parag* 8(12), Dhruv Jurel 18(13)
  CB BOWL: Axar Patel 0-7 (1)
  LAST WKT: Vaibhav Sooryavanshi   b Kyle Jamieson 4(2)  - 12/2 in 1.5 ov.
  ⚠ DIVERGENCE: SCORE: ui=35 cb=36 | OVERS: ui=4.3 cb=5 | STRIKER: ui=Yashasvi Jaiswal cb=Riyan Parag | BATTERS_MISSING_IN_UI: {'jurel', 'parag'} (ui={'sooryavanshi', 'jaiswal'}, cb={'jurel', 'parag'}) | FOW_COUNT: ui=1 vs wickets=2 | BOWL_R: ui=6 cb=7 | BOWL_O: ui=0.3 cb=1

[19:57:07  iter#58]
  WS ERR: ''
  CB: RR 42-2 (5.1)  crr=8.13  ps=30(20)  recent=6
  CB BAT: Riyan Parag* 14(13), Dhruv Jurel 18(13)
  CB BOWL: Axar Patel 0-7 (1)
  LAST WKT: Vaibhav Sooryavanshi   b Kyle Jamieson 4(2)  - 12/2 in 1.5 ov.
  ⚠ DIVERGENCE: BATTERS_MISSING_IN_UI: {'jurel', 'parag'} (ui=set(), cb={'jurel', 'parag'}) | BOWLER: ui=None cb=Axar Patel

[19:57:32  iter#59]
  WS ERR: ''
  CB: RR 42-2 (5.1)  crr=8.13  ps=30(20)  recent=6
  CB BAT: Riyan Parag* 14(13), Dhruv Jurel 18(13)
  CB BOWL: Axar Patel 0-7 (1)
  LAST WKT: Vaibhav Sooryavanshi   b Kyle Jamieson 4(2)  - 12/2 in 1.5 ov.
  ⚠ DIVERGENCE: BATTERS_MISSING_IN_UI: {'jurel', 'parag'} (ui=set(), cb={'jurel', 'parag'}) | BOWLER: ui=None cb=Axar Patel

[19:57:58  iter#60]
  UI: Rajasthan Royals 35-2 (4.3)  str=Yashasvi Jaiswal nstr=Vaibhav Sooryavanshi  bowl=Axar Patel 0-6 (0.3)
  this_over=['1', '4', '1']  fow=1 (unk=0)  last_fow={'wicket': 2, 'batter': 'Dhruv Jurel', 'score': 12, 'overs': '1.5', 'bowler': None, 'how': 'auto-inferred (striker on wicket)', '_unwitnessed': False}
  delivery: len=short_of_length line=unknown shot=in_the_air [layer2]
  extras: this_over=0 innings=0 [w1/nb0/b0/lb0]
  extras_log: [{'over': '1.3', 'type': 'wide', 'runs': 1, 'this_over_after': []}]
  CB: RR 46-2 (5.2)  crr=8.62  ps=34(21)  recent=6 4
  CB BAT: Riyan Parag* 18(14), Dhruv Jurel 18(13)
  CB BOWL: Axar Patel 0-7 (1)
  LAST WKT: Vaibhav Sooryavanshi   b Kyle Jamieson 4(2)  - 12/2 in 1.5 ov.
  ⚠ DIVERGENCE: SCORE: ui=35 cb=46 | OVERS: ui=4.3 cb=5.2 | STRIKER: ui=Yashasvi Jaiswal cb=Riyan Parag | BATTERS_MISSING_IN_UI: {'jurel', 'parag'} (ui={'sooryavanshi', 'jaiswal'}, cb={'jurel', 'parag'}) | FOW_COUNT: ui=1 vs wickets=2 | BOWL_R: ui=6 cb=7 | BOWL_O: ui=0.3 cb=1

[19:58:19  iter#61]
  UI: Rajasthan Royals 35-2 (4.3)  str=Yashasvi Jaiswal nstr=Vaibhav Sooryavanshi  bowl=Axar Patel 0-6 (1.0)
  this_over=['1', '4', '1']  fow=1 (unk=0)  last_fow={'wicket': 2, 'batter': 'Dhruv Jurel', 'score': 12, 'overs': '1.5', 'bowler': None, 'how': 'auto-inferred (striker on wicket)', '_unwitnessed': False}
  delivery: len=short_of_length line=unknown shot=in_the_air [layer2]
  extras: this_over=0 innings=0 [w1/nb0/b0/lb0]
  extras_log: [{'over': '1.3', 'type': 'wide', 'runs': 1, 'this_over_after': []}]
  CB: RR 46-2 (5.2)  crr=8.62  ps=34(21)  recent=6 4
  CB BAT: Riyan Parag* 18(14), Dhruv Jurel 18(13)
  CB BOWL: Axar Patel 0-7 (1)
  LAST WKT: Vaibhav Sooryavanshi   b Kyle Jamieson 4(2)  - 12/2 in 1.5 ov.
  ⚠ DIVERGENCE: SCORE: ui=35 cb=46 | OVERS: ui=4.3 cb=5.2 | STRIKER: ui=Yashasvi Jaiswal cb=Riyan Parag | BATTERS_MISSING_IN_UI: {'jurel', 'parag'} (ui={'sooryavanshi', 'jaiswal'}, cb={'jurel', 'parag'}) | FOW_COUNT: ui=1 vs wickets=2 | BOWL_R: ui=6 cb=7 | BOWL_O: ui=1.0 cb=1

[19:58:40  iter#62]
  UI: Rajasthan Royals 35-2 (4.3)  str=Yashasvi Jaiswal nstr=Vaibhav Sooryavanshi  bowl=Axar Patel 0-6 (1.0)
  this_over=['1', '4', '1']  fow=1 (unk=0)  last_fow={'wicket': 2, 'batter': 'Dhruv Jurel', 'score': 12, 'overs': '1.5', 'bowler': None, 'how': 'auto-inferred (striker on wicket)', '_unwitnessed': False}
  delivery: len=short_of_length line=unknown shot=in_the_air [layer2]
  extras: this_over=0 innings=0 [w1/nb0/b0/lb0]
  extras_log: [{'over': '1.3', 'type': 'wide', 'runs': 1, 'this_over_after': []}]
  CB: RR 46-2 (5.2)  crr=8.62  ps=34(21)  recent=6 4
  CB BAT: Riyan Parag* 18(14), Dhruv Jurel 18(13)
  CB BOWL: Axar Patel 0-7 (1)
  LAST WKT: Vaibhav Sooryavanshi   b Kyle Jamieson 4(2)  - 12/2 in 1.5 ov.
  ⚠ DIVERGENCE: SCORE: ui=35 cb=46 | OVERS: ui=4.3 cb=5.2 | STRIKER: ui=Yashasvi Jaiswal cb=Riyan Parag | BATTERS_MISSING_IN_UI: {'jurel', 'parag'} (ui={'sooryavanshi', 'jaiswal'}, cb={'jurel', 'parag'}) | FOW_COUNT: ui=1 vs wickets=2 | BOWL_R: ui=6 cb=7 | BOWL_O: ui=1.0 cb=1

[19:59:01  iter#63]
  UI: Rajasthan Royals None-2 (None)  str=Vaibhav Sooryavanshi nstr=Yashasvi Jaiswal  bowl=Axar Patel 0-6 (1.0)
  this_over=['1', '4', '1']  fow=0 (unk=0)  last_fow=None
  delivery: len=short_of_length line=unknown shot=in_the_air [layer2]
  extras: this_over=0 innings=0 [w0/nb0/b0/lb0]
  CB: RR 52-2 (5.3)  crr=9.45  ps=40(22)  recent=6 4 6
  CB BAT: Riyan Parag* 24(15), Dhruv Jurel 18(13)
  CB BOWL: Axar Patel 0-7 (1)
  LAST WKT: Vaibhav Sooryavanshi   b Kyle Jamieson 4(2)  - 12/2 in 1.5 ov.
  ⚠ DIVERGENCE: STRIKER: ui=Vaibhav Sooryavanshi cb=Riyan Parag | BATTERS_MISSING_IN_UI: {'jurel', 'parag'} (ui={'sooryavanshi', 'jaiswal'}, cb={'jurel', 'parag'}) | FOW_COUNT: ui=0 vs wickets=2 | BOWL_R: ui=6 cb=7 | BOWL_O: ui=1.0 cb=1

[19:59:22  iter#64]
  UI: Rajasthan Royals 46-2 (5.2)  str=Dhruv Jurel nstr=Riyan Parag  bowl=Kyle Jamieson 1-23 (2.2)
  this_over=['?', '?']  fow=1 (unk=0)  last_fow={'wicket': 2, 'batter': 'Yashasvi Jaiswal', 'score': 46, 'overs': '5.2', 'bowler': 'Kyle Jamieson', 'how': None, '_unwitnessed': False}
  delivery: len=short_of_length line=unknown shot=in_the_air [layer2]
  extras: this_over=0 innings=0 [w0/nb0/b0/lb0]
  CB: RR 52-2 (5.3)  crr=9.45  ps=40(22)  recent=6 4 6
  CB BAT: Riyan Parag* 24(15), Dhruv Jurel 18(13)
  CB BOWL: Axar Patel 0-7 (1)
  LAST WKT: Vaibhav Sooryavanshi   b Kyle Jamieson 4(2)  - 12/2 in 1.5 ov.
  ⚠ DIVERGENCE: SCORE: ui=46 cb=52 | OVERS: ui=5.2 cb=5.3 | STRIKER: ui=Dhruv Jurel cb=Riyan Parag | BAT_parag: ui=0(0) cb=24(15) | FOW_COUNT: ui=1 vs wickets=2 | BOWLER: ui=Kyle Jamieson cb=Axar Patel

[19:59:43  iter#65]
  UI: Rajasthan Royals 46-2 (5.2)  str=Riyan Parag nstr=Dhruv Jurel  bowl=Kyle Jamieson 1-23 (2.2)
  this_over=['?', '?']  fow=1 (unk=0)  last_fow={'wicket': 2, 'batter': 'Yashasvi Jaiswal', 'score': 46, 'overs': '5.2', 'bowler': 'Kyle Jamieson', 'how': None, '_unwitnessed': False}
  delivery: len=short_of_length line=unknown shot=in_the_air [layer2]
  extras: this_over=0 innings=0 [w0/nb0/b0/lb0]
  CB: RR 53-2 (5.4)  crr=9.35  ps=41(23)  recent=6 4 6 1
  CB BAT: Dhruv Jurel* 18(13), Riyan Parag 25(16)
  CB BOWL: Axar Patel 0-7 (1)
  LAST WKT: Vaibhav Sooryavanshi   b Kyle Jamieson 4(2)  - 12/2 in 1.5 ov.
  ⚠ DIVERGENCE: SCORE: ui=46 cb=53 | OVERS: ui=5.2 cb=5.4 | STRIKER: ui=Riyan Parag cb=Dhruv Jurel | BAT_parag: ui=0(0) cb=25(16) | FOW_COUNT: ui=1 vs wickets=2 | BOWLER: ui=Kyle Jamieson cb=Axar Patel

[20:00:05  iter#66]
  UI: Rajasthan Royals 53-4 (5.4)  str=Riyan Parag nstr=Dhruv Jurel  bowl=Kyle Jamieson 1-30 (2.4)
  this_over=['?', 'W', '?', '?']  fow=1 (unk=0)  last_fow={'wicket': 2, 'batter': 'Yashasvi Jaiswal', 'score': 46, 'overs': '5.2', 'bowler': 'Kyle Jamieson', 'how': None, '_unwitnessed': False}
  delivery: len=short_of_length line=unknown shot=in_the_air [layer2]
  extras: this_over=0 innings=0 [w0/nb0/b0/lb0]
  CB: RR 53-2 (5.4)  crr=9.35  ps=41(23)  recent=6 4 6 1
  CB BAT: Dhruv Jurel* 18(13), Riyan Parag 25(16)
  CB BOWL: Axar Patel 0-7 (1)
  LAST WKT: Vaibhav Sooryavanshi   b Kyle Jamieson 4(2)  - 12/2 in 1.5 ov.
  ⚠ DIVERGENCE: WICKETS: ui=4 cb=2 | STRIKER: ui=Riyan Parag cb=Dhruv Jurel | BAT_parag: ui=0(0) cb=25(16) | FOW_COUNT: ui=1 vs wickets=4 | BOWLER: ui=Kyle Jamieson cb=Axar Patel

[20:00:30  iter#67]
  WS ERR: ''
  CB: RR 55-2 (5.5)  crr=9.43  ps=43(24)  recent=6 4 6 1 2
  CB BAT: Dhruv Jurel* 20(14), Riyan Parag 25(16)
  CB BOWL: Axar Patel 0-7 (1)
  LAST WKT: Vaibhav Sooryavanshi   b Kyle Jamieson 4(2)  - 12/2 in 1.5 ov.
  ⚠ DIVERGENCE: BATTERS_MISSING_IN_UI: {'jurel', 'parag'} (ui=set(), cb={'jurel', 'parag'}) | BOWLER: ui=None cb=Axar Patel

[20:00:51  iter#68]
  UI: Rajasthan Royals 53-4 (5.4)  str=Riyan Parag nstr=Dhruv Jurel  bowl=Kyle Jamieson 1-30 (2.5)
  this_over=['?', 'W', '?', '?']  fow=1 (unk=0)  last_fow={'wicket': 2, 'batter': 'Yashasvi Jaiswal', 'score': 46, 'overs': '5.2', 'bowler': 'Kyle Jamieson', 'how': None, '_unwitnessed': False}
  delivery: len=short_of_length line=unknown shot=in_the_air [layer2]
  extras: this_over=0 innings=0 [w0/nb0/b0/lb0]
  CB: RR 55-2 (5.5)  crr=9.43  ps=43(24)  recent=6 4 6 1 2
  CB BAT: Dhruv Jurel* 20(14), Riyan Parag 25(16)
  CB BOWL: Axar Patel 0-7 (1)
  LAST WKT: Vaibhav Sooryavanshi   b Kyle Jamieson 4(2)  - 12/2 in 1.5 ov.
  ⚠ DIVERGENCE: SCORE: ui=53 cb=55 | WICKETS: ui=4 cb=2 | OVERS: ui=5.4 cb=5.5 | STRIKER: ui=Riyan Parag cb=Dhruv Jurel | BAT_jurel: ui=18(13) cb=20(14) | BAT_parag: ui=0(0) cb=25(16) | FOW_COUNT: ui=1 vs wickets=4 | BOWLER: ui=Kyle Jamieson cb=Axar Patel

[20:01:11  iter#69]
  UI: Rajasthan Royals 56-4 (6.0)  str=Dhruv Jurel nstr=Riyan Parag  bowl=Mitchell Starc 1-17 (1.2)
  this_over=[]  fow=1 (unk=0)  last_fow={'wicket': 2, 'batter': 'Yashasvi Jaiswal', 'score': 46, 'overs': '5.2', 'bowler': 'Kyle Jamieson', 'how': None, '_unwitnessed': False}
  delivery: len=short_of_length line=unknown shot=in_the_air [layer2]
  extras: this_over=0 innings=0 [w0/nb0/b0/lb0]
  CB: RR 56-2 (6)  crr=9.33  ps=44(25)  recent=6 4 6 1 2 1
  CB BAT: Dhruv Jurel* 21(15), Riyan Parag 25(16)
  CB BOWL: Kyle Jamieson 1-33 (3)
  LAST WKT: Vaibhav Sooryavanshi   b Kyle Jamieson 4(2)  - 12/2 in 1.5 ov.
  ⚠ DIVERGENCE: WICKETS: ui=4 cb=2 | OVERS: ui=6.0 cb=6 | BAT_parag: ui=0(0) cb=25(16) | FOW_COUNT: ui=1 vs wickets=4 | BOWLER: ui=Mitchell Starc cb=Kyle Jamieson

[20:01:36  iter#70]
  WS ERR: ''
  CB: RR 56-2 (6)  crr=9.33  ps=44(25)  recent=...
  CB BAT: Dhruv Jurel* 21(15), Riyan Parag 25(16)
  CB BOWL: Kyle Jamieson 1-33 (3)
  LAST WKT: Vaibhav Sooryavanshi   b Kyle Jamieson 4(2)  - 12/2 in 1.5 ov.
  ⚠ DIVERGENCE: BATTERS_MISSING_IN_UI: {'jurel', 'parag'} (ui=set(), cb={'jurel', 'parag'}) | BOWLER: ui=None cb=Kyle Jamieson

[20:01:57  iter#71]
  UI: Rajasthan Royals 56-4 (6.0)  str=Riyan Parag nstr=Dhruv Jurel  bowl=Mitchell Starc 1-17 (1.2)
  this_over=['?', '?', '.', '.']  fow=1 (unk=0)  last_fow={'wicket': 2, 'batter': 'Yashasvi Jaiswal', 'score': 46, 'overs': '5.2', 'bowler': 'Kyle Jamieson', 'how': None, '_unwitnessed': False}
  delivery: len=short_of_length line=unknown shot=in_the_air [layer2]
  extras: this_over=0 innings=0 [w0/nb0/b0/lb0]
  CB: RR 56-2 (6)  crr=9.33  ps=44(25)  recent=...
  CB BAT: Dhruv Jurel* 21(15), Riyan Parag 25(16)
  CB BOWL: Kyle Jamieson 1-33 (3)
  LAST WKT: Vaibhav Sooryavanshi   b Kyle Jamieson 4(2)  - 12/2 in 1.5 ov.
  ⚠ DIVERGENCE: WICKETS: ui=4 cb=2 | OVERS: ui=6.0 cb=6 | STRIKER: ui=Riyan Parag cb=Dhruv Jurel | BAT_parag: ui=0(0) cb=25(16) | FOW_COUNT: ui=1 vs wickets=4 | BOWLER: ui=Mitchell Starc cb=Kyle Jamieson

[20:02:21  iter#72]
  UI: Rajasthan Royals 56-2 (6.0)  str=Riyan Parag nstr=Dhruv Jurel  bowl=Axar Patel 0-7 (1)
  this_over=['?', '?', '.', '.']  fow=1 (unk=0)  last_fow={'wicket': 2, 'batter': 'Yashasvi Jaiswal', 'score': 46, 'overs': '5.2', 'bowler': 'Kyle Jamieson', 'how': None, '_unwitnessed': False}
  delivery: len=short_of_length line=unknown shot=in_the_air [layer2]
  extras: this_over=0 innings=0 [w0/nb0/b0/lb0]
  CB: RR 56-2 (6)  crr=9.33  ps=44(25)  recent=...
  CB BAT: Dhruv Jurel* 21(15), Riyan Parag 25(16)
  CB BOWL: Kyle Jamieson 1-33 (3)
  LAST WKT: Vaibhav Sooryavanshi   b Kyle Jamieson 4(2)  - 12/2 in 1.5 ov.
  ⚠ DIVERGENCE: OVERS: ui=6.0 cb=6 | STRIKER: ui=Riyan Parag cb=Dhruv Jurel | BAT_parag: ui=0(0) cb=25(16) | FOW_COUNT: ui=1 vs wickets=2 | BOWLER: ui=Axar Patel cb=Kyle Jamieson

[20:02:42  iter#73]
  UI: Rajasthan Royals 56-2 (6.0)  str=Riyan Parag nstr=Dhruv Jurel  bowl=Axar Patel 0-7 (1)
  this_over=['?', '?', '.', '.']  fow=1 (unk=0)  last_fow={'wicket': 2, 'batter': 'Yashasvi Jaiswal', 'score': 46, 'overs': '5.2', 'bowler': 'Kyle Jamieson', 'how': None, '_unwitnessed': False}
  delivery: len=short_of_length line=unknown shot=in_the_air [layer2]
  extras: this_over=0 innings=0 [w0/nb0/b0/lb0]
  CB: RR 57-2 (6.1)  crr=9.24  ps=45(26)  recent=1
  CB BAT: Riyan Parag* 25(16), Dhruv Jurel 22(16)
  CB BOWL: Kyle Jamieson 1-33 (3)
  LAST WKT: Vaibhav Sooryavanshi   b Kyle Jamieson 4(2)  - 12/2 in 1.5 ov.
  ⚠ DIVERGENCE: SCORE: ui=56 cb=57 | OVERS: ui=6.0 cb=6.1 | BAT_parag: ui=0(0) cb=25(16) | BAT_jurel: ui=21(15) cb=22(16) | FOW_COUNT: ui=1 vs wickets=2 | BOWLER: ui=Axar Patel cb=Kyle Jamieson

[20:03:05  iter#74]
  UI: Rajasthan Royals 57-2 (6.1)  str=Riyan Parag nstr=Dhruv Jurel  bowl=Axar Patel 0-8 (1.1)
  this_over=['1']  fow=1 (unk=0)  last_fow={'wicket': 2, 'batter': 'Yashasvi Jaiswal', 'score': 46, 'overs': '5.2', 'bowler': 'Kyle Jamieson', 'how': None, '_unwitnessed': False}
  delivery: len=good_length line=leg_stump shot=in_the_air [layer2]
  extras: this_over=0 innings=0 [w0/nb0/b0/lb0]
  CB: RR 58-2 (6.2)  crr=9.16  ps=46(27)  recent=1 1
  CB BAT: Dhruv Jurel* 22(16), Riyan Parag 26(17)
  CB BOWL: Kyle Jamieson 1-33 (3)
  LAST WKT: Vaibhav Sooryavanshi   b Kyle Jamieson 4(2)  - 12/2 in 1.5 ov.
  ⚠ DIVERGENCE: SCORE: ui=57 cb=58 | OVERS: ui=6.1 cb=6.2 | STRIKER: ui=Riyan Parag cb=Dhruv Jurel | BAT_parag: ui=0(0) cb=26(17) | FOW_COUNT: ui=1 vs wickets=2 | BOWLER: ui=Axar Patel cb=Kyle Jamieson

[20:03:29  iter#75]
  WS ERR: ''
  CB: RR 62-2 (6.3)  crr=9.54  ps=50(28)  recent=1 1 4
  CB BAT: Dhruv Jurel* 26(17), Riyan Parag 26(17)
  CB BOWL: Kyle Jamieson 1-33 (3)
  LAST WKT: Vaibhav Sooryavanshi   b Kyle Jamieson 4(2)  - 12/2 in 1.5 ov.
  ⚠ DIVERGENCE: BATTERS_MISSING_IN_UI: {'jurel', 'parag'} (ui=set(), cb={'jurel', 'parag'}) | BOWLER: ui=None cb=Kyle Jamieson

[20:03:51  iter#76]
  UI: Rajasthan Royals 62-2 (6.3)  str=Riyan Parag nstr=Dhruv Jurel  bowl=Axar Patel 1-9 (1.2)
  this_over=['1', '1', '4']  fow=1 (unk=0)  last_fow={'wicket': 2, 'batter': 'Yashasvi Jaiswal', 'score': 46, 'overs': '5.2', 'bowler': 'Kyle Jamieson', 'how': None, '_unwitnessed': False}
  delivery: len=good_length line=leg_stump shot=in_the_air [layer2]
  extras: this_over=0 innings=0 [w0/nb0/b0/lb0]
  CB: RR 62-2 (6.3)  crr=9.54  ps=50(28)  recent=1 1 4
  CB BAT: Dhruv Jurel* 26(17), Riyan Parag 26(17)
  CB BOWL: Kyle Jamieson 1-33 (3)
  LAST WKT: Vaibhav Sooryavanshi   b Kyle Jamieson 4(2)  - 12/2 in 1.5 ov.
  ⚠ DIVERGENCE: STRIKER: ui=Riyan Parag cb=Dhruv Jurel | BAT_parag: ui=0(0) cb=26(17) | FOW_COUNT: ui=1 vs wickets=2 | BOWLER: ui=Axar Patel cb=Kyle Jamieson

[20:04:11  iter#77]
  UI: Rajasthan Royals 62-2 (6.3)  str=Riyan Parag nstr=Dhruv Jurel  bowl=Axar Patel 1-9 (1.3)
  this_over=['1', '1', '4']  fow=1 (unk=0)  last_fow={'wicket': 2, 'batter': 'Yashasvi Jaiswal', 'score': 46, 'overs': '5.2', 'bowler': 'Kyle Jamieson', 'how': None, '_unwitnessed': False}
  delivery: len=short_of_length line=leg_stump shot=in_the_air [layer2]
  extras: this_over=0 innings=0 [w0/nb0/b0/lb0]
  CB: RR 62-2 (6.4)  crr=9.3  ps=50(29)  recent=1 1 4 0
  CB BAT: Dhruv Jurel* 26(18), Riyan Parag 26(17)
  CB BOWL: Kyle Jamieson 1-33 (3)
  LAST WKT: Vaibhav Sooryavanshi   b Kyle Jamieson 4(2)  - 12/2 in 1.5 ov.
  ⚠ DIVERGENCE: OVERS: ui=6.3 cb=6.4 | STRIKER: ui=Riyan Parag cb=Dhruv Jurel | BAT_jurel: ui=26(17) cb=26(18) | BAT_parag: ui=0(0) cb=26(17) | FOW_COUNT: ui=1 vs wickets=2 | BOWLER: ui=Axar Patel cb=Kyle Jamieson

[20:04:33  iter#78]
  UI: Rajasthan Royals 62-2 (6.3)  str=Riyan Parag nstr=Dhruv Jurel  bowl=Axar Patel 1-9 (1.3)
  this_over=['1', '1', '4']  fow=1 (unk=0)  last_fow={'wicket': 2, 'batter': 'Yashasvi Jaiswal', 'score': 46, 'overs': '5.2', 'bowler': 'Kyle Jamieson', 'how': None, '_unwitnessed': False}
  delivery: len=short_of_length line=leg_stump shot=in_the_air [layer2]
  extras: this_over=0 innings=0 [w0/nb0/b0/lb0]
  CB: RR 63-2 (6.5)  crr=9.22  ps=51(30)  recent=1 1 4 0 1
  CB BAT: Riyan Parag* 26(17), Dhruv Jurel 27(19)
  CB BOWL: Kyle Jamieson 1-33 (3)
  LAST WKT: Vaibhav Sooryavanshi   b Kyle Jamieson 4(2)  - 12/2 in 1.5 ov.
  ⚠ DIVERGENCE: SCORE: ui=62 cb=63 | OVERS: ui=6.3 cb=6.5 | BAT_parag: ui=0(0) cb=26(17) | BAT_jurel: ui=26(17) cb=27(19) | FOW_COUNT: ui=1 vs wickets=2 | BOWLER: ui=Axar Patel cb=Kyle Jamieson

[20:04:55  iter#79]
  UI: Rajasthan Royals 64-2 (7.0)  str=Riyan Parag nstr=Dhruv Jurel  bowl=Mitchell Starc 1-17 (1.2)
  this_over=['1', '1', '4', '?', '?', '?', '?', '?', '?']  fow=1 (unk=0)  last_fow={'wicket': 2, 'batter': 'Yashasvi Jaiswal', 'score': 46, 'overs': '5.2', 'bowler': 'Kyle Jamieson', 'how': None, '_unwitnessed': False}
  delivery: len=short_of_length line=leg_stump shot=in_the_air [layer2]
  extras: this_over=0 innings=0 [w0/nb0/b0/lb0]
  CB: RR 63-2 (6.5)  crr=9.22  ps=51(30)  recent=1 1 4 0 1
  CB BAT: Riyan Parag* 26(17), Dhruv Jurel 27(19)
  CB BOWL: Kyle Jamieson 1-33 (3)
  LAST WKT: Vaibhav Sooryavanshi   b Kyle Jamieson 4(2)  - 12/2 in 1.5 ov.
  ⚠ DIVERGENCE: SCORE: ui=64 cb=63 | OVERS: ui=7.0 cb=6.5 | BAT_parag: ui=0(0) cb=26(17) | FOW_COUNT: ui=1 vs wickets=2 | BOWLER: ui=Mitchell Starc cb=Kyle Jamieson

[20:05:15  iter#80]
  UI: Rajasthan Royals 64-2 (7.0)  str=Riyan Parag nstr=Dhruv Jurel  bowl=Mitchell Starc 1-17 (1.2)
  this_over=['?', '?', '.', '.']  fow=1 (unk=0)  last_fow={'wicket': 2, 'batter': 'Yashasvi Jaiswal', 'score': 46, 'overs': '5.2', 'bowler': 'Kyle Jamieson', 'how': None, '_unwitnessed': False}
  delivery: len=short_of_length line=leg_stump shot=in_the_air [layer2]
  extras: this_over=0 innings=0 [w0/nb0/b0/lb0]
  CB: RR 64-2 (7)  crr=9.14  ps=52(31)  recent=1 1 4 0 1 1
  CB BAT: Riyan Parag* 27(18), Dhruv Jurel 27(19)
  CB BOWL: Axar Patel 0-15 (2)
  LAST WKT: Vaibhav Sooryavanshi   b Kyle Jamieson 4(2)  - 12/2 in 1.5 ov.
  ⚠ DIVERGENCE: OVERS: ui=7.0 cb=7 | BAT_parag: ui=0(0) cb=27(18) | FOW_COUNT: ui=1 vs wickets=2 | BOWLER: ui=Mitchell Starc cb=Axar Patel

[20:05:40  iter#81]
  WS ERR: ''
  CB: RR 64-2 (7)  crr=9.14  ps=52(31)  recent=1 1 4 0 1 1
  CB BAT: Riyan Parag* 27(18), Dhruv Jurel 27(19)
  CB BOWL: Axar Patel 0-15 (2)
  LAST WKT: Vaibhav Sooryavanshi   b Kyle Jamieson 4(2)  - 12/2 in 1.5 ov.
  ⚠ DIVERGENCE: BATTERS_MISSING_IN_UI: {'jurel', 'parag'} (ui=set(), cb={'jurel', 'parag'}) | BOWLER: ui=None cb=Axar Patel

[20:06:02  iter#82]
  UI: Rajasthan Royals 64-2 (7.0)  str=Riyan Parag nstr=Dhruv Jurel  bowl=Mitchell Starc 1-17 (1.2)
  this_over=['?', '?', '.', '.']  fow=1 (unk=0)  last_fow={'wicket': 2, 'batter': 'Yashasvi Jaiswal', 'score': 46, 'overs': '5.2', 'bowler': 'Kyle Jamieson', 'how': None, '_unwitnessed': False}
  delivery: len=short_of_length line=leg_stump shot=in_the_air [layer2]
  extras: this_over=0 innings=0 [w0/nb0/b0/lb0]
  CB: RR 65-2 (7.1)  crr=9.07  ps=53(32)  recent=1
  CB BAT: Dhruv Jurel* 27(19), Riyan Parag 28(19)
  CB BOWL: Axar Patel 0-15 (2)
  LAST WKT: Vaibhav Sooryavanshi   b Kyle Jamieson 4(2)  - 12/2 in 1.5 ov.
  ⚠ DIVERGENCE: SCORE: ui=64 cb=65 | OVERS: ui=7.0 cb=7.1 | STRIKER: ui=Riyan Parag cb=Dhruv Jurel | BAT_parag: ui=0(0) cb=28(19) | FOW_COUNT: ui=1 vs wickets=2 | BOWLER: ui=Mitchell Starc cb=Axar Patel

[20:06:23  iter#83]
  UI: Rajasthan Royals 64-2 (7.0)  str=Riyan Parag nstr=Dhruv Jurel  bowl=Mitchell Starc 1-17 (1.2)
  this_over=['?', '?', '.', '.']  fow=1 (unk=0)  last_fow={'wicket': 2, 'batter': 'Yashasvi Jaiswal', 'score': 46, 'overs': '5.2', 'bowler': 'Kyle Jamieson', 'how': None, '_unwitnessed': False}
  delivery: len=short_of_length line=leg_stump shot=in_the_air [layer2]
  extras: this_over=0 innings=0 [w0/nb0/b0/lb0]
  CB: RR 65-2 (7.1)  crr=9.07  ps=53(32)  recent=1
  CB BAT: Dhruv Jurel* 27(19), Riyan Parag 28(19)
  CB BOWL: Axar Patel 0-15 (2)
  LAST WKT: Vaibhav Sooryavanshi   b Kyle Jamieson 4(2)  - 12/2 in 1.5 ov.
  ⚠ DIVERGENCE: SCORE: ui=64 cb=65 | OVERS: ui=7.0 cb=7.1 | STRIKER: ui=Riyan Parag cb=Dhruv Jurel | BAT_parag: ui=0(0) cb=28(19) | FOW_COUNT: ui=1 vs wickets=2 | BOWLER: ui=Mitchell Starc cb=Axar Patel

[20:06:45  iter#84]
  UI: Rajasthan Royals 64-2 (7.0)  str=Riyan Parag nstr=Dhruv Jurel  bowl=Mitchell Starc 1-17 (1.2)
  this_over=['?', '?', '.', '.']  fow=1 (unk=0)  last_fow={'wicket': 2, 'batter': 'Yashasvi Jaiswal', 'score': 46, 'overs': '5.2', 'bowler': 'Kyle Jamieson', 'how': None, '_unwitnessed': False}
  delivery: len=short_of_length line=leg_stump shot=in_the_air [layer2]
  extras: this_over=0 innings=0 [w0/nb0/b0/lb0]
  CB: RR 66-2 (7.2)  crr=9.0  ps=54(33)  recent=1 1
  CB BAT: Riyan Parag* 28(19), Dhruv Jurel 28(20)
  CB BOWL: Axar Patel 0-15 (2)
  LAST WKT: Vaibhav Sooryavanshi   b Kyle Jamieson 4(2)  - 12/2 in 1.5 ov.
  ⚠ DIVERGENCE: SCORE: ui=64 cb=66 | OVERS: ui=7.0 cb=7.2 | BAT_parag: ui=0(0) cb=28(19) | BAT_jurel: ui=27(19) cb=28(20) | FOW_COUNT: ui=1 vs wickets=2 | BOWLER: ui=Mitchell Starc cb=Axar Patel

[20:07:07  iter#85]
  UI: Rajasthan Royals 64-2 (7.0)  str=Riyan Parag nstr=Dhruv Jurel  bowl=Mitchell Starc 1-17 (1.2)
  this_over=['?', '?', '.', '.']  fow=1 (unk=0)  last_fow={'wicket': 2, 'batter': 'Yashasvi Jaiswal', 'score': 46, 'overs': '5.2', 'bowler': 'Kyle Jamieson', 'how': None, '_unwitnessed': False}
  delivery: len=short_of_length line=leg_stump shot=in_the_air [layer2]
  extras: this_over=0 innings=0 [w0/nb0/b0/lb0]
  CB: RR 66-2 (7.2)  crr=9.0  ps=54(33)  recent=1 1
  CB BAT: Riyan Parag* 28(19), Dhruv Jurel 28(20)
  CB BOWL: Axar Patel 0-15 (2)
  LAST WKT: Vaibhav Sooryavanshi   b Kyle Jamieson 4(2)  - 12/2 in 1.5 ov.
  ⚠ DIVERGENCE: SCORE: ui=64 cb=66 | OVERS: ui=7.0 cb=7.2 | BAT_parag: ui=0(0) cb=28(19) | BAT_jurel: ui=27(19) cb=28(20) | FOW_COUNT: ui=1 vs wickets=2 | BOWLER: ui=Mitchell Starc cb=Axar Patel

[20:07:28  iter#86]
  UI: Rajasthan Royals 64-2 (7.0)  str=Riyan Parag nstr=Dhruv Jurel  bowl=Mitchell Starc 1-17 (1.2)
  this_over=['?', '?', '.', '.']  fow=1 (unk=0)  last_fow={'wicket': 2, 'batter': 'Yashasvi Jaiswal', 'score': 46, 'overs': '5.2', 'bowler': 'Kyle Jamieson', 'how': None, '_unwitnessed': False}
  delivery: len=short_of_length line=leg_stump shot=in_the_air [layer2]
  extras: this_over=0 innings=0 [w0/nb0/b0/lb0]
  CB: RR 68-2 (7.3)  crr=9.07  ps=56(34)  recent=1 1 2
  CB BAT: Riyan Parag* 30(20), Dhruv Jurel 28(20)
  CB BOWL: Axar Patel 0-15 (2)
  LAST WKT: Vaibhav Sooryavanshi   b Kyle Jamieson 4(2)  - 12/2 in 1.5 ov.
  ⚠ DIVERGENCE: SCORE: ui=64 cb=68 | OVERS: ui=7.0 cb=7.3 | BAT_parag: ui=0(0) cb=30(20) | BAT_jurel: ui=27(19) cb=28(20) | FOW_COUNT: ui=1 vs wickets=2 | BOWLER: ui=Mitchell Starc cb=Axar Patel

[20:07:49  iter#87]
  UI: Rajasthan Royals 64-2 (7.0)  str=Riyan Parag nstr=Dhruv Jurel  bowl=Mitchell Starc 1-17 (1.2)
  this_over=['?', '?', '.', '.']  fow=1 (unk=0)  last_fow={'wicket': 2, 'batter': 'Yashasvi Jaiswal', 'score': 46, 'overs': '5.2', 'bowler': 'Kyle Jamieson', 'how': None, '_unwitnessed': False}
  delivery: len=short_of_length line=leg_stump shot=in_the_air [layer2]
  extras: this_over=0 innings=0 [w0/nb0/b0/lb0]
  CB: RR 68-2 (7.3)  crr=9.07  ps=56(34)  recent=1 1 2
  CB BAT: Riyan Parag* 30(20), Dhruv Jurel 28(20)
  CB BOWL: Axar Patel 0-15 (2)
  LAST WKT: Vaibhav Sooryavanshi   b Kyle Jamieson 4(2)  - 12/2 in 1.5 ov.
  ⚠ DIVERGENCE: SCORE: ui=64 cb=68 | OVERS: ui=7.0 cb=7.3 | BAT_parag: ui=0(0) cb=30(20) | BAT_jurel: ui=27(19) cb=28(20) | FOW_COUNT: ui=1 vs wickets=2 | BOWLER: ui=Mitchell Starc cb=Axar Patel

[20:08:10  iter#88]
  UI: Rajasthan Royals 64-2 (7.0)  str=Riyan Parag nstr=Dhruv Jurel  bowl=Mitchell Starc 1-17 (1.2)
  this_over=['?', '?', '.', '.']  fow=1 (unk=0)  last_fow={'wicket': 2, 'batter': 'Yashasvi Jaiswal', 'score': 46, 'overs': '5.2', 'bowler': 'Kyle Jamieson', 'how': None, '_unwitnessed': False}
  delivery: len=short_of_length line=leg_stump shot=in_the_air [layer2]
  extras: this_over=0 innings=0 [w0/nb0/b0/lb0]
  CB: RR 70-2 (7.5)  crr=8.94  ps=58(36)  recent=1 1 2 1 1
  CB BAT: Riyan Parag* 31(21), Dhruv Jurel 29(21)
  CB BOWL: Axar Patel 0-15 (2)
  LAST WKT: Vaibhav Sooryavanshi   b Kyle Jamieson 4(2)  - 12/2 in 1.5 ov.
  ⚠ DIVERGENCE: SCORE: ui=64 cb=70 | OVERS: ui=7.0 cb=7.5 | BAT_parag: ui=0(0) cb=31(21) | BAT_jurel: ui=27(19) cb=29(21) | FOW_COUNT: ui=1 vs wickets=2 | BOWLER: ui=Mitchell Starc cb=Axar Patel

[20:08:31  iter#89]
  UI: Rajasthan Royals 64-2 (7.0)  str=Riyan Parag nstr=Dhruv Jurel  bowl=Mitchell Starc 1-17 (1.2)
  this_over=['?', '?', '.', '.']  fow=1 (unk=0)  last_fow={'wicket': 2, 'batter': 'Yashasvi Jaiswal', 'score': 46, 'overs': '5.2', 'bowler': 'Kyle Jamieson', 'how': None, '_unwitnessed': False}
  delivery: len=short_of_length line=leg_stump shot=in_the_air [layer2]
  extras: this_over=0 innings=0 [w0/nb0/b0/lb0]
  CB: RR 70-2 (7.5)  crr=8.94  ps=58(36)  recent=1 1 2 1 1
  CB BAT: Riyan Parag* 31(21), Dhruv Jurel 29(21)
  CB BOWL: Axar Patel 0-15 (2)
  LAST WKT: Vaibhav Sooryavanshi   b Kyle Jamieson 4(2)  - 12/2 in 1.5 ov.
  ⚠ DIVERGENCE: SCORE: ui=64 cb=70 | OVERS: ui=7.0 cb=7.5 | BAT_parag: ui=0(0) cb=31(21) | BAT_jurel: ui=27(19) cb=29(21) | FOW_COUNT: ui=1 vs wickets=2 | BOWLER: ui=Mitchell Starc cb=Axar Patel

[20:08:52  iter#90]
  UI: Rajasthan Royals 64-2 (7.0)  str=Riyan Parag nstr=Dhruv Jurel  bowl=Mitchell Starc 1-17 (1.2)
  this_over=['?', '?', '.', '.']  fow=1 (unk=0)  last_fow={'wicket': 2, 'batter': 'Yashasvi Jaiswal', 'score': 46, 'overs': '5.2', 'bowler': 'Kyle Jamieson', 'how': None, '_unwitnessed': False}
  delivery: len=short_of_length line=leg_stump shot=in_the_air [layer2]
  extras: this_over=0 innings=0 [w0/nb0/b0/lb0]
  CB: RR 71-2 (8)  crr=8.88  ps=59(37)  recent=1 1 2 1 1 1
  CB BAT: Riyan Parag* 32(22), Dhruv Jurel 29(21)
  CB BOWL: Kuldeep Yadav 0-7 (1)
  LAST WKT: Vaibhav Sooryavanshi   b Kyle Jamieson 4(2)  - 12/2 in 1.5 ov.
  ⚠ DIVERGENCE: SCORE: ui=64 cb=71 | OVERS: ui=7.0 cb=8 | BAT_parag: ui=0(0) cb=32(22) | BAT_jurel: ui=27(19) cb=29(21) | FOW_COUNT: ui=1 vs wickets=2 | BOWLER: ui=Mitchell Starc cb=Kuldeep Yadav

[20:09:12  iter#91]
  UI: Rajasthan Royals 64-2 (7.0)  str=Riyan Parag nstr=Dhruv Jurel  bowl=Mitchell Starc 1-17 (1.2)
  this_over=['?', '?', '.', '.']  fow=1 (unk=0)  last_fow={'wicket': 2, 'batter': 'Yashasvi Jaiswal', 'score': 46, 'overs': '5.2', 'bowler': 'Kyle Jamieson', 'how': None, '_unwitnessed': False}
  delivery: len=short_of_length line=leg_stump shot=in_the_air [layer2]
  extras: this_over=0 innings=0 [w0/nb0/b0/lb0]
  CB: RR 71-2 (8)  crr=8.88  ps=59(37)  recent=1 1 2 1 1 1
  CB BAT: Riyan Parag* 32(22), Dhruv Jurel 29(21)
  CB BOWL: Kuldeep Yadav 0-7 (1)
  LAST WKT: Vaibhav Sooryavanshi   b Kyle Jamieson 4(2)  - 12/2 in 1.5 ov.
  ⚠ DIVERGENCE: SCORE: ui=64 cb=71 | OVERS: ui=7.0 cb=8 | BAT_parag: ui=0(0) cb=32(22) | BAT_jurel: ui=27(19) cb=29(21) | FOW_COUNT: ui=1 vs wickets=2 | BOWLER: ui=Mitchell Starc cb=Kuldeep Yadav

[20:09:34  iter#92]
  UI: Rajasthan Royals 64-2 (7.0)  str=Riyan Parag nstr=Dhruv Jurel  bowl=Mitchell Starc 1-17 (1.2)
  this_over=['?', '?', '.', '.']  fow=1 (unk=0)  last_fow={'wicket': 2, 'batter': 'Yashasvi Jaiswal', 'score': 46, 'overs': '5.2', 'bowler': 'Kyle Jamieson', 'how': None, '_unwitnessed': False}
  delivery: len=short_of_length line=leg_stump shot=in_the_air [layer2]
  extras: this_over=0 innings=0 [w0/nb0/b0/lb0]
  CB: RR 77-2 (8.1)  crr=9.43  ps=65(38)  recent=6
  CB BAT: Riyan Parag* 38(23), Dhruv Jurel 29(21)
  CB BOWL: Kuldeep Yadav 0-7 (1)
  LAST WKT: Vaibhav Sooryavanshi   b Kyle Jamieson 4(2)  - 12/2 in 1.5 ov.
  ⚠ DIVERGENCE: SCORE: ui=64 cb=77 | OVERS: ui=7.0 cb=8.1 | BAT_parag: ui=0(0) cb=38(23) | BAT_jurel: ui=27(19) cb=29(21) | FOW_COUNT: ui=1 vs wickets=2 | BOWLER: ui=Mitchell Starc cb=Kuldeep Yadav

[20:09:56  iter#93]
  UI: Rajasthan Royals 64-2 (7.0)  str=Riyan Parag nstr=Dhruv Jurel  bowl=Mitchell Starc 1-17 (1.2)
  this_over=['?', '?', '.', '.']  fow=1 (unk=0)  last_fow={'wicket': 2, 'batter': 'Yashasvi Jaiswal', 'score': 46, 'overs': '5.2', 'bowler': 'Kyle Jamieson', 'how': None, '_unwitnessed': False}
  delivery: len=short_of_length line=leg_stump shot=in_the_air [layer2]
  extras: this_over=0 innings=0 [w0/nb0/b0/lb0]
  CB: RR 77-2 (8.1)  crr=9.43  ps=65(38)  recent=6
  CB BAT: Riyan Parag* 38(23), Dhruv Jurel 29(21)
  CB BOWL: Kuldeep Yadav 0-7 (1)
  LAST WKT: Vaibhav Sooryavanshi   b Kyle Jamieson 4(2)  - 12/2 in 1.5 ov.
  ⚠ DIVERGENCE: SCORE: ui=64 cb=77 | OVERS: ui=7.0 cb=8.1 | BAT_parag: ui=0(0) cb=38(23) | BAT_jurel: ui=27(19) cb=29(21) | FOW_COUNT: ui=1 vs wickets=2 | BOWLER: ui=Mitchell Starc cb=Kuldeep Yadav

[20:10:18  iter#94]
  UI: Rajasthan Royals 64-2 (7.0)  str=Riyan Parag nstr=Dhruv Jurel  bowl=Mitchell Starc 1-17 (1.2)
  this_over=['?', '?', '.', '.']  fow=1 (unk=0)  last_fow={'wicket': 2, 'batter': 'Yashasvi Jaiswal', 'score': 46, 'overs': '5.2', 'bowler': 'Kyle Jamieson', 'how': None, '_unwitnessed': False}
  delivery: len=short_of_length line=leg_stump shot=in_the_air [layer2]
  extras: this_over=0 innings=0 [w0/nb0/b0/lb0]
  CB: RR 83-2 (8.2)  crr=9.96  ps=71(39)  recent=6 6
  CB BAT: Riyan Parag* 44(24), Dhruv Jurel 29(21)
  CB BOWL: Kuldeep Yadav 0-7 (1)
  LAST WKT: Vaibhav Sooryavanshi   b Kyle Jamieson 4(2)  - 12/2 in 1.5 ov.
  ⚠ DIVERGENCE: SCORE: ui=64 cb=83 | OVERS: ui=7.0 cb=8.2 | BAT_parag: ui=0(0) cb=44(24) | BAT_jurel: ui=27(19) cb=29(21) | FOW_COUNT: ui=1 vs wickets=2 | BOWLER: ui=Mitchell Starc cb=Kuldeep Yadav

[20:10:39  iter#95]
  UI: Rajasthan Royals 64-2 (7.0)  str=Riyan Parag nstr=Dhruv Jurel  bowl=Mitchell Starc 1-17 (1.2)
  this_over=['?', '?', '.', '.']  fow=1 (unk=0)  last_fow={'wicket': 2, 'batter': 'Yashasvi Jaiswal', 'score': 46, 'overs': '5.2', 'bowler': 'Kyle Jamieson', 'how': None, '_unwitnessed': False}
  delivery: len=short_of_length line=leg_stump shot=in_the_air [layer2]
  extras: this_over=0 innings=0 [w0/nb0/b0/lb0]
  CB: RR 83-2 (8.2)  crr=9.96  ps=71(39)  recent=6 6
  CB BAT: Riyan Parag* 44(24), Dhruv Jurel 29(21)
  CB BOWL: Kuldeep Yadav 0-7 (1)
  LAST WKT: Vaibhav Sooryavanshi   b Kyle Jamieson 4(2)  - 12/2 in 1.5 ov.
  ⚠ DIVERGENCE: SCORE: ui=64 cb=83 | OVERS: ui=7.0 cb=8.2 | BAT_parag: ui=0(0) cb=44(24) | BAT_jurel: ui=27(19) cb=29(21) | FOW_COUNT: ui=1 vs wickets=2 | BOWLER: ui=Mitchell Starc cb=Kuldeep Yadav

[20:11:01  iter#96]
  UI: Rajasthan Royals 83-2 (8.2)  str=Dhruv Jurel nstr=Riyan Parag  bowl=Axar Patel 1-13 (1.3)
  this_over=['?', '?']  fow=0 (unk=0)  last_fow=None
  delivery: len=short_of_length line=leg_stump shot=in_the_air [layer2]
  extras: this_over=0 innings=0 [w0/nb0/b0/lb0]
  CB: RR 83-2 (8.2)  crr=9.96  ps=71(39)  recent=6 6
  CB BAT: Riyan Parag* 44(24), Dhruv Jurel 29(21)
  CB BOWL: Kuldeep Yadav 0-7 (1)
  LAST WKT: Vaibhav Sooryavanshi   b Kyle Jamieson 4(2)  - 12/2 in 1.5 ov.
  ⚠ DIVERGENCE: STRIKER: ui=Dhruv Jurel cb=Riyan Parag | BAT_parag: ui=0(0) cb=44(24) | FOW_COUNT: ui=0 vs wickets=2 | BOWLER: ui=Axar Patel cb=Kuldeep Yadav

[20:11:22  iter#97]
  UI: Rajasthan Royals 84-2 (8.3)  str=Riyan Parag nstr=Dhruv Jurel  bowl=Mitchell Starc 1-17 (1.2)
  this_over=['?', '?', '?']  fow=0 (unk=0)  last_fow=None
  delivery: len=short_of_length line=leg_stump shot=in_the_air [layer2]
  extras: this_over=0 innings=0 [w0/nb0/b0/lb0]
  CB: RR 84-2 (8.3)  crr=9.88  ps=72(40)  recent=6 6 1
  CB BAT: Dhruv Jurel* 29(21), Riyan Parag 45(25)
  CB BOWL: Kuldeep Yadav 0-7 (1)
  LAST WKT: Vaibhav Sooryavanshi   b Kyle Jamieson 4(2)  - 12/2 in 1.5 ov.
  ⚠ DIVERGENCE: STRIKER: ui=Riyan Parag cb=Dhruv Jurel | BAT_parag: ui=0(0) cb=45(25) | FOW_COUNT: ui=0 vs wickets=2 | BOWLER: ui=Mitchell Starc cb=Kuldeep Yadav

[20:11:44  iter#98]
  UI: Rajasthan Royals 84-2 (8.3)  str=Riyan Parag nstr=Dhruv Jurel  bowl=Axar Patel 1-28 (2.3)
  this_over=['?', '?', '?']  fow=0 (unk=0)  last_fow=None
  delivery: len=good_length line=leg_stump shot=in_the_air [layer2]
  extras: this_over=0 innings=0 [w0/nb0/b0/lb0]
  CB: RR 84-2 (8.3)  crr=9.88  ps=72(40)  recent=6 6 1
  CB BAT: Dhruv Jurel* 29(21), Riyan Parag 45(25)
  CB BOWL: Kuldeep Yadav 0-7 (1)
  LAST WKT: Vaibhav Sooryavanshi   b Kyle Jamieson 4(2)  - 12/2 in 1.5 ov.
  ⚠ DIVERGENCE: STRIKER: ui=Riyan Parag cb=Dhruv Jurel | BAT_parag: ui=0(0) cb=45(25) | FOW_COUNT: ui=0 vs wickets=2 | BOWLER: ui=Axar Patel cb=Kuldeep Yadav

[20:12:06  iter#99]
  UI: Rajasthan Royals 85-2 (8.5)  str=Riyan Parag nstr=Dhruv Jurel  bowl=Axar Patel 1-29 (2.5)
  this_over=['?', '?', '?', '1', '?']  fow=0 (unk=0)  last_fow=None
  delivery: len=good_length line=leg_stump shot=in_the_air [layer2]
  extras: this_over=0 innings=0 [w0/nb0/b0/lb0]
  CB: RR 85-2 (8.5)  crr=9.62  ps=73(42)  recent=6 6 1 1 0
  CB BAT: Riyan Parag* 45(26), Dhruv Jurel 30(22)
  CB BOWL: Kuldeep Yadav 0-7 (1)
  LAST WKT: Vaibhav Sooryavanshi   b Kyle Jamieson 4(2)  - 12/2 in 1.5 ov.
  ⚠ DIVERGENCE: BAT_parag: ui=0(0) cb=45(26) | FOW_COUNT: ui=0 vs wickets=2 | BOWLER: ui=Axar Patel cb=Kuldeep Yadav

[20:12:28  iter#100]
  UI: Rajasthan Royals 85-2 (9.0)  str=Riyan Parag nstr=Dhruv Jurel  bowl=Mitchell Starc 1-17 (1.2)
  this_over=['?', '?', '?', '.', '.', '.']  fow=0 (unk=0)  last_fow=None
  delivery: len=short_of_length line=outside_off shot=in_the_air [layer2]
  extras: this_over=0 innings=0 [w0/nb0/b0/lb0]
  CB: RR 85-2 (9)  crr=9.44  ps=73(43)  recent=6 6 1 1 0 0
  CB BAT: Dhruv Jurel* 30(22), Riyan Parag 45(27)
  CB BOWL: Axar Patel 0-29 (3)
  LAST WKT: Vaibhav Sooryavanshi   b Kyle Jamieson 4(2)  - 12/2 in 1.5 ov.
  ⚠ DIVERGENCE: OVERS: ui=9.0 cb=9 | STRIKER: ui=Riyan Parag cb=Dhruv Jurel | BAT_parag: ui=0(0) cb=45(27) | FOW_COUNT: ui=0 vs wickets=2 | BOWLER: ui=Mitchell Starc cb=Axar Patel

[20:12:53  iter#101]
  WS ERR: ''
  CB: RR 85-2 (9)  crr=9.44  ps=73(43)  recent=6 6 1 1 0 0
  CB BAT: Dhruv Jurel* 30(22), Riyan Parag 45(27)
  CB BOWL: Axar Patel 0-29 (3)
  LAST WKT: Vaibhav Sooryavanshi   b Kyle Jamieson 4(2)  - 12/2 in 1.5 ov.
  ⚠ DIVERGENCE: BATTERS_MISSING_IN_UI: {'jurel', 'parag'} (ui=set(), cb={'jurel', 'parag'}) | BOWLER: ui=None cb=Axar Patel

[20:13:17  iter#102]
  WS ERR: ''
  CB: RR 85-2 (9)  crr=9.44  ps=73(43)  recent=6 6 1 1 0 0
  CB BAT: Dhruv Jurel* 30(22), Riyan Parag 45(27)
  CB BOWL: Axar Patel 0-29 (3)
  LAST WKT: Vaibhav Sooryavanshi   b Kyle Jamieson 4(2)  - 12/2 in 1.5 ov.
  ⚠ DIVERGENCE: BATTERS_MISSING_IN_UI: {'jurel', 'parag'} (ui=set(), cb={'jurel', 'parag'}) | BOWLER: ui=None cb=Axar Patel

[20:13:41  iter#103]
  WS ERR: ''
  CB: RR 85-2 (9)  crr=9.44  ps=73(43)  recent=...
  CB BAT: Dhruv Jurel* 30(22), Riyan Parag 45(27)
  CB BOWL: Axar Patel 0-29 (3)
  LAST WKT: Vaibhav Sooryavanshi   b Kyle Jamieson 4(2)  - 12/2 in 1.5 ov.
  ⚠ DIVERGENCE: BATTERS_MISSING_IN_UI: {'jurel', 'parag'} (ui=set(), cb={'jurel', 'parag'}) | BOWLER: ui=None cb=Axar Patel

[20:14:02  iter#104]
  UI: Rajasthan Royals 85-2 (9.2)  str=Riyan Parag nstr=Dhruv Jurel  bowl=Axar Patel 1-29 (3.2)
  this_over=['?', '?']  fow=0 (unk=0)  last_fow=None
  delivery: len=short_of_length line=leg_stump shot=in_the_air [layer2]
  extras: this_over=0 innings=0 [w0/nb0/b0/lb0]
  CB: RR 85-2 (9)  crr=9.44  ps=73(43)  recent=...
  CB BAT: Dhruv Jurel* 30(22), Riyan Parag 45(27)
  CB BOWL: Axar Patel 0-29 (3)
  LAST WKT: Vaibhav Sooryavanshi   b Kyle Jamieson 4(2)  - 12/2 in 1.5 ov.
  ⚠ DIVERGENCE: OVERS: ui=9.2 cb=9 | STRIKER: ui=Riyan Parag cb=Dhruv Jurel | BAT_jurel: ui=31(20) cb=30(22) | BAT_parag: ui=15(0) cb=45(27) | FOW_COUNT: ui=0 vs wickets=2 | BOWL_W: ui=1 cb=0 | BOWL_O: ui=3.2 cb=3

[20:14:23  iter#105]
  UI: Rajasthan Royals 85-2 (9.2)  str=Riyan Parag nstr=Dhruv Jurel  bowl=Axar Patel 1-29 (3.2)
  this_over=['?', '?']  fow=0 (unk=0)  last_fow=None
  delivery: len=short_of_length line=leg_stump shot=in_the_air [layer2]
  extras: this_over=0 innings=0 [w0/nb0/b0/lb0]
  CB: RR 85-2 (9)  crr=9.44  ps=73(43)  recent=...
  CB BAT: Dhruv Jurel* 30(22), Riyan Parag 45(27)
  CB BOWL: Axar Patel 0-29 (3)
  LAST WKT: Vaibhav Sooryavanshi   b Kyle Jamieson 4(2)  - 12/2 in 1.5 ov.
  ⚠ DIVERGENCE: OVERS: ui=9.2 cb=9 | STRIKER: ui=Riyan Parag cb=Dhruv Jurel | BAT_jurel: ui=31(20) cb=30(22) | BAT_parag: ui=15(0) cb=45(27) | FOW_COUNT: ui=0 vs wickets=2 | BOWL_W: ui=1 cb=0 | BOWL_O: ui=3.2 cb=3

[20:14:52  iter#106]
  UI: Rajasthan Royals 89-3 (10.2)  str=Dhruv Jurel nstr=None  bowl=Mitchell Starc 1-17 (1.2)
  this_over=['?', '?']  fow=1 (unk=0)  last_fow={'wicket': 3, 'batter': 'Riyan Parag', 'score': 89, 'overs': '10.2', 'bowler': None, 'how': 'auto-inferred (striker on wicket)', '_unwitnessed': False}
  delivery: len=short_of_length line=leg_stump shot=in_the_air [layer2]
  extras: this_over=0 innings=0 [w0/nb0/b0/lb0]
  CB: RR 85-2 (9)  crr=9.44  ps=73(43)  recent=...
  CB BAT: Dhruv Jurel* 30(22), Riyan Parag 45(27)
  CB BOWL: Axar Patel 0-29 (3)
  LAST WKT: Vaibhav Sooryavanshi   b Kyle Jamieson 4(2)  - 12/2 in 1.5 ov.
  ⚠ DIVERGENCE: SCORE: ui=89 cb=85 | WICKETS: ui=3 cb=2 | OVERS: ui=10.2 cb=9 | BATTERS_MISSING_IN_UI: {'parag'} (ui={'jurel'}, cb={'jurel', 'parag'}) | BAT_jurel: ui=31(20) cb=30(22) | FOW_COUNT: ui=1 vs wickets=3 | BOWLER: ui=Mitchell Starc cb=Axar Patel

[20:15:16  iter#107]
  UI: Rajasthan Royals 89-3 (10.2)  str=Dhruv Jurel nstr=None  bowl=Mitchell Starc 1-17 (1.2)
  this_over=['?', '?']  fow=1 (unk=0)  last_fow={'wicket': 3, 'batter': 'Riyan Parag', 'score': 89, 'overs': '10.2', 'bowler': None, 'how': 'auto-inferred (striker on wicket)', '_unwitnessed': False}
  delivery: len=short_of_length line=leg_stump shot=in_the_air [layer2]
  extras: this_over=0 innings=0 [w0/nb0/b0/lb0]
  CB: RR 85-2 (9)  crr=9.44  ps=73(43)  recent=...
  CB BAT: Dhruv Jurel* 30(22), Riyan Parag 45(27)
  CB BOWL: Axar Patel 0-29 (3)
  LAST WKT: Vaibhav Sooryavanshi   b Kyle Jamieson 4(2)  - 12/2 in 1.5 ov.
  ⚠ DIVERGENCE: SCORE: ui=89 cb=85 | WICKETS: ui=3 cb=2 | OVERS: ui=10.2 cb=9 | BATTERS_MISSING_IN_UI: {'parag'} (ui={'jurel'}, cb={'jurel', 'parag'}) | BAT_jurel: ui=31(20) cb=30(22) | FOW_COUNT: ui=1 vs wickets=3 | BOWLER: ui=Mitchell Starc cb=Axar Patel

[20:15:40  iter#108]
  WS ERR: ''
  CB: RR 85-2 (9)  crr=9.44  ps=73(43)  recent=...
  CB BAT: Dhruv Jurel* 30(22), Riyan Parag 45(27)
  CB BOWL: Axar Patel 0-29 (3)
  LAST WKT: Vaibhav Sooryavanshi   b Kyle Jamieson 4(2)  - 12/2 in 1.5 ov.
  ⚠ DIVERGENCE: BATTERS_MISSING_IN_UI: {'jurel', 'parag'} (ui=set(), cb={'jurel', 'parag'}) | BOWLER: ui=None cb=Axar Patel

[20:16:01  iter#109]
  UI: Rajasthan Royals 89-3 (10.2)  str=Dhruv Jurel nstr=None  bowl=Axar Patel 2-34 (4)
  this_over=['?', '?']  fow=1 (unk=0)  last_fow={'wicket': 3, 'batter': 'Riyan Parag', 'score': 89, 'overs': '10.2', 'bowler': None, 'how': 'auto-inferred (striker on wicket)', '_unwitnessed': False}
  delivery: len=short_of_length line=leg_stump shot=in_the_air [layer2]
  extras: this_over=0 innings=0 [w0/nb0/b0/lb0]
  CB: RR 86-2 (9.1)  crr=9.38  ps=74(44)  recent=1
  CB BAT: Riyan Parag* 45(27), Dhruv Jurel 31(23)
  CB BOWL: Axar Patel 0-29 (3)
  LAST WKT: Vaibhav Sooryavanshi   b Kyle Jamieson 4(2)  - 12/2 in 1.5 ov.
  ⚠ DIVERGENCE: SCORE: ui=89 cb=86 | WICKETS: ui=3 cb=2 | OVERS: ui=10.2 cb=9.1 | STRIKER: ui=Dhruv Jurel cb=Riyan Parag | BATTERS_MISSING_IN_UI: {'parag'} (ui={'jurel'}, cb={'jurel', 'parag'}) | FOW_COUNT: ui=1 vs wickets=3 | BOWL_W: ui=2 cb=0 | BOWL_R: ui=34 cb=29 | BOWL_O: ui=4 cb=3

[20:16:26  iter#110]
  WS ERR: ''
  CB: RR 86-2 (9.1)  crr=9.38  ps=74(44)  recent=1
  CB BAT: Riyan Parag* 45(27), Dhruv Jurel 31(23)
  CB BOWL: Axar Patel 0-29 (3)
  LAST WKT: Vaibhav Sooryavanshi   b Kyle Jamieson 4(2)  - 12/2 in 1.5 ov.
  ⚠ DIVERGENCE: BATTERS_MISSING_IN_UI: {'jurel', 'parag'} (ui=set(), cb={'jurel', 'parag'}) | BOWLER: ui=None cb=Axar Patel

[20:16:48  iter#111]
  UI: Rajasthan Royals 89-2 (10.2)  str=Dhruv Jurel nstr=None  bowl=Axar Patel 2-34 (4)
  this_over=['?', '?']  fow=1 (unk=0)  last_fow={'wicket': 3, 'batter': 'Riyan Parag', 'score': 89, 'overs': '10.2', 'bowler': None, 'how': 'auto-inferred (striker on wicket)', '_unwitnessed': False}
  delivery: len=short_of_length line=leg_stump shot=in_the_air [layer2]
  extras: this_over=0 innings=37 [w0/nb0/b0/lb0]
  CB: RR 87-2 (9.3)  crr=9.16  ps=75(46)  recent=1 1 0
  CB BAT: Dhruv Jurel* 31(24), Riyan Parag 46(28)
  CB BOWL: Axar Patel 0-29 (3)
  LAST WKT: Vaibhav Sooryavanshi   b Kyle Jamieson 4(2)  - 12/2 in 1.5 ov.
  ⚠ DIVERGENCE: SCORE: ui=89 cb=87 | OVERS: ui=10.2 cb=9.3 | BATTERS_MISSING_IN_UI: {'parag'} (ui={'jurel'}, cb={'jurel', 'parag'}) | BAT_jurel: ui=31(23) cb=31(24) | FOW_COUNT: ui=1 vs wickets=2 | BOWL_W: ui=2 cb=0 | BOWL_R: ui=34 cb=29 | BOWL_O: ui=4 cb=3

[20:17:12  iter#112]
  UI: Rajasthan Royals 89-2 (10.2)  str=Dhruv Jurel nstr=None  bowl=Axar Patel 2-34 (4)
  this_over=['?', '?']  fow=1 (unk=0)  last_fow={'wicket': 3, 'batter': 'Riyan Parag', 'score': 89, 'overs': '10.2', 'bowler': None, 'how': 'auto-inferred (striker on wicket)', '_unwitnessed': False}
  delivery: len=short_of_length line=leg_stump shot=in_the_air [layer2]
  extras: this_over=0 innings=37 [w0/nb0/b0/lb0]
  CB: RR 88-2 (9.4)  crr=9.1  ps=76(47)  recent=1 1 0 1
  CB BAT: Riyan Parag* 46(28), Dhruv Jurel 32(25)
  CB BOWL: Axar Patel 0-29 (3)
  LAST WKT: Vaibhav Sooryavanshi   b Kyle Jamieson 4(2)  - 12/2 in 1.5 ov.
  ⚠ DIVERGENCE: SCORE: ui=89 cb=88 | OVERS: ui=10.2 cb=9.4 | STRIKER: ui=Dhruv Jurel cb=Riyan Parag | BATTERS_MISSING_IN_UI: {'parag'} (ui={'jurel'}, cb={'jurel', 'parag'}) | FOW_COUNT: ui=1 vs wickets=2 | BOWL_W: ui=2 cb=0 | BOWL_R: ui=34 cb=29 | BOWL_O: ui=4 cb=3

[20:17:35  iter#113]
  UI: Rajasthan Royals 89-2 (10.2)  str=Dhruv Jurel nstr=None  bowl=Axar Patel 2-34 (4)
  this_over=['?', '?']  fow=1 (unk=0)  last_fow={'wicket': 3, 'batter': 'Riyan Parag', 'score': 89, 'overs': '10.2', 'bowler': None, 'how': 'auto-inferred (striker on wicket)', '_unwitnessed': False}
  delivery: len=short_of_length line=leg_stump shot=in_the_air [layer2]
  extras: this_over=0 innings=36 [w0/nb0/b0/lb0]
  CB: RR 88-2 (9.4)  crr=9.1  ps=76(47)  recent=1 1 0 1
  CB BAT: Riyan Parag* 46(28), Dhruv Jurel 32(25)
  CB BOWL: Axar Patel 0-29 (3)
  LAST WKT: Vaibhav Sooryavanshi   b Kyle Jamieson 4(2)  - 12/2 in 1.5 ov.
  ⚠ DIVERGENCE: SCORE: ui=89 cb=88 | OVERS: ui=10.2 cb=9.4 | STRIKER: ui=Dhruv Jurel cb=Riyan Parag | BATTERS_MISSING_IN_UI: {'parag'} (ui={'jurel'}, cb={'jurel', 'parag'}) | FOW_COUNT: ui=1 vs wickets=2 | BOWL_W: ui=2 cb=0 | BOWL_R: ui=34 cb=29 | BOWL_O: ui=4 cb=3

[20:17:57  iter#114]
  UI: Rajasthan Royals 89-2 (10.2)  str=Dhruv Jurel nstr=None  bowl=Axar Patel 2-34 (4)
  this_over=['?', '?']  fow=1 (unk=0)  last_fow={'wicket': 3, 'batter': 'Riyan Parag', 'score': 89, 'overs': '10.2', 'bowler': None, 'how': 'auto-inferred (striker on wicket)', '_unwitnessed': False}
  delivery: len=short_of_length line=leg_stump shot=in_the_air [layer2]
  extras: this_over=0 innings=36 [w0/nb0/b0/lb0]
  CB: RR 89-2 (9.5)  crr=9.05  ps=77(48)  recent=1 1 0 1 1
  CB BAT: Dhruv Jurel* 32(25), Riyan Parag 47(29)
  CB BOWL: Axar Patel 0-29 (3)
  LAST WKT: Vaibhav Sooryavanshi   b Kyle Jamieson 4(2)  - 12/2 in 1.5 ov.
  ⚠ DIVERGENCE: OVERS: ui=10.2 cb=9.5 | BATTERS_MISSING_IN_UI: {'parag'} (ui={'jurel'}, cb={'jurel', 'parag'}) | FOW_COUNT: ui=1 vs wickets=2 | BOWL_W: ui=2 cb=0 | BOWL_R: ui=34 cb=29 | BOWL_O: ui=4 cb=3

[20:18:20  iter#115]
  UI: Rajasthan Royals 91-2 (10.2)  str=Dhruv Jurel nstr=None  bowl=Axar Patel 2-34 (4)
  this_over=['?', 'Wd+1', '?']  fow=1 (unk=0)  last_fow={'wicket': 3, 'batter': 'Riyan Parag', 'score': 89, 'overs': '10.2', 'bowler': None, 'how': 'auto-inferred (striker on wicket)', '_unwitnessed': False}
  delivery: len=short_of_length line=leg_stump shot=in_the_air [layer2]
  extras: this_over=1 innings=38 [w2/nb0/b0/lb0]
  extras_log: [{'over': '10.2', 'type': 'wide', 'runs': 2, 'this_over_after': []}]
  CB: RR 91-2 (10)  crr=9.1  ps=79(49)  recent=1 1 0 1 1 2
  CB BAT: Riyan Parag* 47(29), Dhruv Jurel 34(26)
  CB BOWL: Kuldeep Yadav 0-13 (2)
  LAST WKT: Vaibhav Sooryavanshi   b Kyle Jamieson 4(2)  - 12/2 in 1.5 ov.
  ⚠ DIVERGENCE: OVERS: ui=10.2 cb=10 | STRIKER: ui=Dhruv Jurel cb=Riyan Parag | BATTERS_MISSING_IN_UI: {'parag'} (ui={'jurel'}, cb={'jurel', 'parag'}) | FOW_COUNT: ui=1 vs wickets=2 | BOWLER: ui=Axar Patel cb=Kuldeep Yadav

[20:18:44  iter#116]
  WS ERR: ''
  CB: RR 91-2 (10)  crr=9.1  ps=79(49)  recent=1 1 0 1 1 2
  CB BAT: Riyan Parag* 47(29), Dhruv Jurel 34(26)
  CB BOWL: Kuldeep Yadav 0-13 (2)
  LAST WKT: Vaibhav Sooryavanshi   b Kyle Jamieson 4(2)  - 12/2 in 1.5 ov.
  ⚠ DIVERGENCE: BATTERS_MISSING_IN_UI: {'jurel', 'parag'} (ui=set(), cb={'jurel', 'parag'}) | BOWLER: ui=None cb=Kuldeep Yadav

[20:19:09  iter#117]
  WS ERR: ''
  CB: RR 91-2 (10)  crr=9.1  ps=79(49)  recent=1 1 0 1 1 2
  CB BAT: Riyan Parag* 47(29), Dhruv Jurel 34(26)
  CB BOWL: Kuldeep Yadav 0-13 (2)
  LAST WKT: Vaibhav Sooryavanshi   b Kyle Jamieson 4(2)  - 12/2 in 1.5 ov.
  ⚠ DIVERGENCE: BATTERS_MISSING_IN_UI: {'jurel', 'parag'} (ui=set(), cb={'jurel', 'parag'}) | BOWLER: ui=None cb=Kuldeep Yadav

[20:19:31  iter#118]
  UI: Rajasthan Royals 91-2 (10.2)  str=Dhruv Jurel nstr=None  bowl=Axar Patel 2-34 (4)
  this_over=['?', 'Wd+1', '?']  fow=1 (unk=0)  last_fow={'wicket': 3, 'batter': 'Riyan Parag', 'score': 89, 'overs': '10.2', 'bowler': None, 'how': 'auto-inferred (striker on wicket)', '_unwitnessed': False}
  delivery: len=short_of_length line=leg_stump shot=in_the_air [layer2]
  extras: this_over=1 innings=36 [w2/nb0/b0/lb0]
  extras_log: [{'over': '10.2', 'type': 'wide', 'runs': 2, 'this_over_after': []}]
  CB: RR 91-2 (10.1)  crr=8.95  ps=79(50)  recent=0
  CB BAT: Riyan Parag* 47(30), Dhruv Jurel 34(26)
  CB BOWL: Kuldeep Yadav 0-13 (2)
  LAST WKT: Vaibhav Sooryavanshi   b Kyle Jamieson 4(2)  - 12/2 in 1.5 ov.
  ⚠ DIVERGENCE: OVERS: ui=10.2 cb=10.1 | STRIKER: ui=Dhruv Jurel cb=Riyan Parag | BATTERS_MISSING_IN_UI: {'parag'} (ui={'jurel'}, cb={'jurel', 'parag'}) | FOW_COUNT: ui=1 vs wickets=2 | BOWLER: ui=Axar Patel cb=Kuldeep Yadav

[20:19:55  iter#119]
  WS ERR: ''
  CB: RR 91-2 (10.1)  crr=8.95  ps=79(50)  recent=0
  CB BAT: Riyan Parag* 47(30), Dhruv Jurel 34(26)
  CB BOWL: Kuldeep Yadav 0-13 (2)
  LAST WKT: Vaibhav Sooryavanshi   b Kyle Jamieson 4(2)  - 12/2 in 1.5 ov.
  ⚠ DIVERGENCE: BATTERS_MISSING_IN_UI: {'jurel', 'parag'} (ui=set(), cb={'jurel', 'parag'}) | BOWLER: ui=None cb=Kuldeep Yadav

[20:20:19  iter#120]
  WS ERR: ''
  CB: RR 92-2 (10.1)  crr=9.05  ps=80(50)  recent=0 W
  CB BAT: Riyan Parag* 47(30), Dhruv Jurel 34(26)
  CB BOWL: Kuldeep Yadav 0-13 (2)
  LAST WKT: Vaibhav Sooryavanshi   b Kyle Jamieson 4(2)  - 12/2 in 1.5 ov.
  ⚠ DIVERGENCE: BATTERS_MISSING_IN_UI: {'jurel', 'parag'} (ui=set(), cb={'jurel', 'parag'}) | BOWLER: ui=None cb=Kuldeep Yadav

[20:20:43  iter#121]
  UI: Rajasthan Royals 92-2 (10.2)  str=Dhruv Jurel nstr=None  bowl=T Natarajan 0-1 (0.1)
  this_over=['?', 'Wd+1', 'Wd', '?']  fow=1 (unk=0)  last_fow={'wicket': 3, 'batter': 'Riyan Parag', 'score': 89, 'overs': '10.2', 'bowler': None, 'how': 'auto-inferred (striker on wicket)', '_unwitnessed': False}
  delivery: len=good_length line=outside_off shot=in_the_air [layer2]
  extras: this_over=2 innings=37 [w3/nb0/b0/lb0]
  extras_log: [{'over': '10.2', 'type': 'wide', 'runs': 2, 'this_over_after': []}, {'over': '10.2', 'type': 'wide', 'runs': 1, 'this_over_after': []}]
  CB: RR 94-2 (10.2)  crr=9.1  ps=82(51)  recent=0 W
  CB BAT: Riyan Parag* 49(31), Dhruv Jurel 34(26)
  CB BOWL: Kuldeep Yadav 0-13 (2)
  LAST WKT: Vaibhav Sooryavanshi   b Kyle Jamieson 4(2)  - 12/2 in 1.5 ov.
  ⚠ DIVERGENCE: SCORE: ui=92 cb=94 | STRIKER: ui=Dhruv Jurel cb=Riyan Parag | BATTERS_MISSING_IN_UI: {'parag'} (ui={'jurel'}, cb={'jurel', 'parag'}) | FOW_COUNT: ui=1 vs wickets=2 | BOWLER: ui=T Natarajan cb=Kuldeep Yadav

[20:21:04  iter#122]
  UI: Rajasthan Royals 94-2 (10.2)  str=Dhruv Jurel nstr=None  bowl=T Natarajan 0-3 (0.2)
  this_over=['Wd+1', 'Wd', 'Wd+1', '?', '?']  fow=1 (unk=0)  last_fow={'wicket': 3, 'batter': 'Riyan Parag', 'score': 89, 'overs': '10.2', 'bowler': None, 'how': 'auto-inferred (striker on wicket)', '_unwitnessed': False}
  delivery: len=short_of_length line=leg_stump shot=in_the_air [layer2]
  extras: this_over=3 innings=39 [w5/nb0/b0/lb0]
  extras_log: [{'over': '10.2', 'type': 'wide', 'runs': 2, 'this_over_after': []}, {'over': '10.2', 'type': 'wide', 'runs': 1, 'this_over_after': []}, {'over': '10.2', 'type': 'wide', 'runs': 2, 'this_over_after': []}]
  CB: RR 94-2 (10.2)  crr=9.1  ps=82(51)  recent=0 W
  CB BAT: Riyan Parag* 49(31), Dhruv Jurel 34(26)
  CB BOWL: Kuldeep Yadav 0-13 (2)
  LAST WKT: Vaibhav Sooryavanshi   b Kyle Jamieson 4(2)  - 12/2 in 1.5 ov.
  ⚠ DIVERGENCE: STRIKER: ui=Dhruv Jurel cb=Riyan Parag | BATTERS_MISSING_IN_UI: {'parag'} (ui={'jurel'}, cb={'jurel', 'parag'}) | FOW_COUNT: ui=1 vs wickets=2 | BOWLER: ui=T Natarajan cb=Kuldeep Yadav

[20:21:28  iter#123]
  WS ERR: ''
  CB: RR 95-2 (10.3)  crr=9.05  ps=83(52)  recent=0 W
  CB BAT: Dhruv Jurel* 34(26), Riyan Parag 50(32)
  CB BOWL: Kuldeep Yadav 0-13 (2)
  LAST WKT: Vaibhav Sooryavanshi   b Kyle Jamieson 4(2)  - 12/2 in 1.5 ov.
  ⚠ DIVERGENCE: BATTERS_MISSING_IN_UI: {'jurel', 'parag'} (ui=set(), cb={'jurel', 'parag'}) | BOWLER: ui=None cb=Kuldeep Yadav

[20:21:49  iter#124]
  UI: Rajasthan Royals 95-2 (10.3)  str=Dhruv Jurel nstr=None  bowl=T Natarajan 0-4 (0.3)
  this_over=['Wd+1', 'Wd', 'Wd+1', '1', '?', '?']  fow=1 (unk=0)  last_fow={'wicket': 3, 'batter': 'Riyan Parag', 'score': 89, 'overs': '10.2', 'bowler': None, 'how': 'auto-inferred (striker on wicket)', '_unwitnessed': False}
  delivery: len=short_of_length line=leg_stump shot=in_the_air [layer2]
  extras: this_over=3 innings=40 [w5/nb0/b0/lb0]
  extras_log: [{'over': '10.2', 'type': 'wide', 'runs': 2, 'this_over_after': []}, {'over': '10.2', 'type': 'wide', 'runs': 1, 'this_over_after': []}, {'over': '10.2', 'type': 'wide', 'runs': 2, 'this_over_after': []}]
  CB: RR 95-2 (10.3)  crr=9.05  ps=83(52)  recent=0 W
  CB BAT: Dhruv Jurel* 34(26), Riyan Parag 50(32)
  CB BOWL: Kuldeep Yadav 0-13 (2)
  LAST WKT: Vaibhav Sooryavanshi   b Kyle Jamieson 4(2)  - 12/2 in 1.5 ov.
  ⚠ DIVERGENCE: BATTERS_MISSING_IN_UI: {'parag'} (ui={'jurel'}, cb={'jurel', 'parag'}) | FOW_COUNT: ui=1 vs wickets=2 | BOWLER: ui=T Natarajan cb=Kuldeep Yadav

[20:22:10  iter#125]
  UI: Rajasthan Royals 95-2 (10.3)  str=Dhruv Jurel nstr=None  bowl=T Natarajan 0-4 (0.3)
  this_over=['Wd+1', 'Wd', 'Wd+1', '1', '?', '?']  fow=1 (unk=0)  last_fow={'wicket': 3, 'batter': 'Riyan Parag', 'score': 89, 'overs': '10.2', 'bowler': None, 'how': 'auto-inferred (striker on wicket)', '_unwitnessed': False}
  delivery: len=short_of_length line=leg_stump shot=in_the_air [layer2]
  extras: this_over=3 innings=40 [w5/nb0/b0/lb0]
  extras_log: [{'over': '10.2', 'type': 'wide', 'runs': 2, 'this_over_after': []}, {'over': '10.2', 'type': 'wide', 'runs': 1, 'this_over_after': []}, {'over': '10.2', 'type': 'wide', 'runs': 2, 'this_over_after': []}]
  CB: RR 96-2 (10.4)  crr=9.0  ps=84(53)  recent=0 W
  CB BAT: Riyan Parag* 50(32), Dhruv Jurel 35(27)
  CB BOWL: Kuldeep Yadav 0-13 (2)
  LAST WKT: Vaibhav Sooryavanshi   b Kyle Jamieson 4(2)  - 12/2 in 1.5 ov.
  ⚠ DIVERGENCE: SCORE: ui=95 cb=96 | OVERS: ui=10.3 cb=10.4 | STRIKER: ui=Dhruv Jurel cb=Riyan Parag | BATTERS_MISSING_IN_UI: {'parag'} (ui={'jurel'}, cb={'jurel', 'parag'}) | BAT_jurel: ui=34(26) cb=35(27) | FOW_COUNT: ui=1 vs wickets=2 | BOWLER: ui=T Natarajan cb=Kuldeep Yadav

[20:22:32  iter#126]
  UI: Rajasthan Royals 96-2 (10.4)  str=Dhruv Jurel nstr=None  bowl=T Natarajan 0-5 (0.4)
  this_over=['Wd+1', 'Wd', 'Wd+1', '1', '1', '?', '?']  fow=1 (unk=0)  last_fow={'wicket': 3, 'batter': 'Riyan Parag', 'score': 89, 'overs': '10.2', 'bowler': None, 'how': 'auto-inferred (striker on wicket)', '_unwitnessed': False}
  delivery: len=short_of_length line=leg_stump shot=in_the_air [layer2]
  extras: this_over=3 innings=40 [w5/nb0/b0/lb0]
  extras_log: [{'over': '10.2', 'type': 'wide', 'runs': 2, 'this_over_after': []}, {'over': '10.2', 'type': 'wide', 'runs': 1, 'this_over_after': []}, {'over': '10.2', 'type': 'wide', 'runs': 2, 'this_over_after': []}]
  CB: RR 96-2 (10.4)  crr=9.0  ps=84(53)  recent=0 W
  CB BAT: Riyan Parag* 50(32), Dhruv Jurel 35(27)
  CB BOWL: Kuldeep Yadav 0-13 (2)
  LAST WKT: Vaibhav Sooryavanshi   b Kyle Jamieson 4(2)  - 12/2 in 1.5 ov.
  ⚠ DIVERGENCE: STRIKER: ui=Dhruv Jurel cb=Riyan Parag | BATTERS_MISSING_IN_UI: {'parag'} (ui={'jurel'}, cb={'jurel', 'parag'}) | FOW_COUNT: ui=1 vs wickets=2 | BOWLER: ui=T Natarajan cb=Kuldeep Yadav

[20:22:53  iter#127]
  UI: Rajasthan Royals 100-2 (10.5)  str=Dhruv Jurel nstr=None  bowl=T Natarajan 0-9 (0.5)
  this_over=['Wd+1', 'Wd', 'Wd+1', '1', '1', '4', '?', '?']  fow=1 (unk=0)  last_fow={'wicket': 3, 'batter': 'Riyan Parag', 'score': 89, 'overs': '10.2', 'bowler': None, 'how': 'auto-inferred (striker on wicket)', '_unwitnessed': False}
  delivery: len=short_of_length line=outside_off shot=in_the_air [layer2]
  extras: this_over=3 innings=40 [w5/nb0/b0/lb0]
  extras_log: [{'over': '10.2', 'type': 'wide', 'runs': 2, 'this_over_after': []}, {'over': '10.2', 'type': 'wide', 'runs': 1, 'this_over_after': []}, {'over': '10.2', 'type': 'wide', 'runs': 2, 'this_over_after': []}]
  CB: RR 100-2 (10.5)  crr=9.23  ps=88(54)  recent=0 W
  CB BAT: Riyan Parag* 54(33), Dhruv Jurel 35(27)
  CB BOWL: Kuldeep Yadav 0-13 (2)
  LAST WKT: Vaibhav Sooryavanshi   b Kyle Jamieson 4(2)  - 12/2 in 1.5 ov.
  ⚠ DIVERGENCE: STRIKER: ui=Dhruv Jurel cb=Riyan Parag | BATTERS_MISSING_IN_UI: {'parag'} (ui={'jurel'}, cb={'jurel', 'parag'}) | FOW_COUNT: ui=1 vs wickets=2 | BOWLER: ui=T Natarajan cb=Kuldeep Yadav

[20:23:14  iter#128]
  UI: Rajasthan Royals 100-2 (10.5)  str=Dhruv Jurel nstr=None  bowl=T Natarajan 0-9 (0.5)
  this_over=['Wd+1', 'Wd', 'Wd+1', '1', '1', '4', '?', '?']  fow=1 (unk=0)  last_fow={'wicket': 3, 'batter': 'Riyan Parag', 'score': 89, 'overs': '10.2', 'bowler': None, 'how': 'auto-inferred (striker on wicket)', '_unwitnessed': False}
  delivery: len=short_of_length line=leg_stump shot=in_the_air [layer2]
  extras: this_over=3 innings=40 [w5/nb0/b0/lb0]
  extras_log: [{'over': '10.2', 'type': 'wide', 'runs': 2, 'this_over_after': []}, {'over': '10.2', 'type': 'wide', 'runs': 1, 'this_over_after': []}, {'over': '10.2', 'type': 'wide', 'runs': 2, 'this_over_after': []}]
  CB: RR 100-2 (10.5)  crr=9.23  ps=88(54)  recent=0 W
  CB BAT: Riyan Parag* 54(33), Dhruv Jurel 35(27)
  CB BOWL: Kuldeep Yadav 0-13 (2)
  LAST WKT: Vaibhav Sooryavanshi   b Kyle Jamieson 4(2)  - 12/2 in 1.5 ov.
  ⚠ DIVERGENCE: STRIKER: ui=Dhruv Jurel cb=Riyan Parag | BATTERS_MISSING_IN_UI: {'parag'} (ui={'jurel'}, cb={'jurel', 'parag'}) | FOW_COUNT: ui=1 vs wickets=2 | BOWLER: ui=T Natarajan cb=Kuldeep Yadav

[20:23:36  iter#129]
  UI: Rajasthan Royals 100-2 (10.5)  str=Dhruv Jurel nstr=None  bowl=T Natarajan 0-9 (0.5)
  this_over=['Wd+1', 'Wd', 'Wd+1', '1', '1', '4', '?', '?']  fow=1 (unk=0)  last_fow={'wicket': 3, 'batter': 'Riyan Parag', 'score': 89, 'overs': '10.2', 'bowler': None, 'how': 'auto-inferred (striker on wicket)', '_unwitnessed': False}
  delivery: len=short_of_length line=leg_stump shot=in_the_air [layer2]
  extras: this_over=3 innings=40 [w5/nb0/b0/lb0]
  extras_log: [{'over': '10.2', 'type': 'wide', 'runs': 2, 'this_over_after': []}, {'over': '10.2', 'type': 'wide', 'runs': 1, 'this_over_after': []}, {'over': '10.2', 'type': 'wide', 'runs': 2, 'this_over_after': []}]
  CB: RR 106-2 (11)  crr=9.64  ps=94(55)  recent=0 W
  CB BAT: Dhruv Jurel* 35(27), Riyan Parag 60(34)
  CB BOWL: T Natarajan 0-15 (1)
  LAST WKT: Vaibhav Sooryavanshi   b Kyle Jamieson 4(2)  - 12/2 in 1.5 ov.
  ⚠ DIVERGENCE: SCORE: ui=100 cb=106 | OVERS: ui=10.5 cb=11 | BATTERS_MISSING_IN_UI: {'parag'} (ui={'jurel'}, cb={'jurel', 'parag'}) | FOW_COUNT: ui=1 vs wickets=2 | BOWL_R: ui=9 cb=15 | BOWL_O: ui=0.5 cb=1

[20:23:57  iter#130]
  UI: Rajasthan Royals 106-2 (11.0)  str=Dhruv Jurel nstr=None  bowl=T Natarajan 0-15 (1)
  this_over=['.', '.', '.', '.']  fow=1 (unk=0)  last_fow={'wicket': 3, 'batter': 'Riyan Parag', 'score': 89, 'overs': '10.2', 'bowler': None, 'how': 'auto-inferred (striker on wicket)', '_unwitnessed': False}
  delivery: len=short_of_length line=leg_stump shot=in_the_air [layer2]
  extras: this_over=0 innings=40 [w5/nb0/b0/lb0]
  extras_log: [{'over': '10.2', 'type': 'wide', 'runs': 2, 'this_over_after': []}, {'over': '10.2', 'type': 'wide', 'runs': 1, 'this_over_after': []}, {'over': '10.2', 'type': 'wide', 'runs': 2, 'this_over_after': []}]
  CB: RR 106-2 (11)  crr=9.64  ps=94(55)  recent=0 W
  CB BAT: Dhruv Jurel* 35(27), Riyan Parag 60(34)
  CB BOWL: T Natarajan 0-15 (1)
  LAST WKT: Vaibhav Sooryavanshi   b Kyle Jamieson 4(2)  - 12/2 in 1.5 ov.
  ⚠ DIVERGENCE: OVERS: ui=11.0 cb=11 | BATTERS_MISSING_IN_UI: {'parag'} (ui={'jurel'}, cb={'jurel', 'parag'}) | FOW_COUNT: ui=1 vs wickets=2

[20:24:18  iter#131]
  UI: Rajasthan Royals 106-2 (11.0)  str=Dhruv Jurel nstr=None  bowl=T Natarajan 0-15 (1)
  this_over=['.', '.', '.', '.']  fow=1 (unk=0)  last_fow={'wicket': 3, 'batter': 'Riyan Parag', 'score': 89, 'overs': '10.2', 'bowler': None, 'how': 'auto-inferred (striker on wicket)', '_unwitnessed': False}
  delivery: len=short_of_length line=leg_stump shot=in_the_air [layer2]
  extras: this_over=0 innings=40 [w5/nb0/b0/lb0]
  extras_log: [{'over': '10.2', 'type': 'wide', 'runs': 2, 'this_over_after': []}, {'over': '10.2', 'type': 'wide', 'runs': 1, 'this_over_after': []}, {'over': '10.2', 'type': 'wide', 'runs': 2, 'this_over_after': []}]
  CB: RR 106-2 (11)  crr=9.64  ps=94(55)  recent=0 W
  CB BAT: Dhruv Jurel* 35(27), Riyan Parag 60(34)
  CB BOWL: T Natarajan 0-15 (1)
  LAST WKT: Vaibhav Sooryavanshi   b Kyle Jamieson 4(2)  - 12/2 in 1.5 ov.
  ⚠ DIVERGENCE: OVERS: ui=11.0 cb=11 | BATTERS_MISSING_IN_UI: {'parag'} (ui={'jurel'}, cb={'jurel', 'parag'}) | FOW_COUNT: ui=1 vs wickets=2

[20:24:42  iter#132]
  UI: Rajasthan Royals 106-2 (11.0)  str=Dhruv Jurel nstr=None  bowl=T Natarajan 0-15 (1)
  this_over=['.', '.', '.', '.']  fow=1 (unk=0)  last_fow={'wicket': 3, 'batter': 'Riyan Parag', 'score': 89, 'overs': '10.2', 'bowler': None, 'how': 'auto-inferred (striker on wicket)', '_unwitnessed': False}
  delivery: len=short_of_length line=leg_stump shot=in_the_air [layer2]
  extras: this_over=0 innings=40 [w5/nb0/b0/lb0]
  extras_log: [{'over': '10.2', 'type': 'wide', 'runs': 2, 'this_over_after': []}, {'over': '10.2', 'type': 'wide', 'runs': 1, 'this_over_after': []}, {'over': '10.2', 'type': 'wide', 'runs': 2, 'this_over_after': []}]
  CB: RR 107-2 (11.1)  crr=9.58  ps=95(56)  recent=1
  CB BAT: Riyan Parag* 60(34), Dhruv Jurel 36(28)
  CB BOWL: T Natarajan 0-15 (1)
  LAST WKT: Vaibhav Sooryavanshi   b Kyle Jamieson 4(2)  - 12/2 in 1.5 ov.
  ⚠ DIVERGENCE: SCORE: ui=106 cb=107 | OVERS: ui=11.0 cb=11.1 | STRIKER: ui=Dhruv Jurel cb=Riyan Parag | BATTERS_MISSING_IN_UI: {'parag'} (ui={'jurel'}, cb={'jurel', 'parag'}) | BAT_jurel: ui=35(27) cb=36(28) | FOW_COUNT: ui=1 vs wickets=2

[20:25:04  iter#133]
  UI: Rajasthan Royals 107-2 (11.1)  str=Dhruv Jurel nstr=None  bowl=Axar Patel 2-34 (4)
  this_over=['1']  fow=1 (unk=0)  last_fow={'wicket': 3, 'batter': 'Riyan Parag', 'score': 89, 'overs': '10.2', 'bowler': None, 'how': 'auto-inferred (striker on wicket)', '_unwitnessed': False}
  delivery: len=short_of_length line=leg_stump shot=in_the_air [layer2]
  extras: this_over=0 innings=40 [w5/nb0/b0/lb0]
  extras_log: [{'over': '10.2', 'type': 'wide', 'runs': 2, 'this_over_after': []}, {'over': '10.2', 'type': 'wide', 'runs': 1, 'this_over_after': []}, {'over': '10.2', 'type': 'wide', 'runs': 2, 'this_over_after': []}]
  CB: RR 108-2 (11.2)  crr=9.53  ps=96(57)  recent=1 1
  CB BAT: Dhruv Jurel* 36(28), Riyan Parag 61(35)
  CB BOWL: T Natarajan 0-15 (1)
  LAST WKT: Vaibhav Sooryavanshi   b Kyle Jamieson 4(2)  - 12/2 in 1.5 ov.
  ⚠ DIVERGENCE: SCORE: ui=107 cb=108 | OVERS: ui=11.1 cb=11.2 | BATTERS_MISSING_IN_UI: {'parag'} (ui={'jurel'}, cb={'jurel', 'parag'}) | FOW_COUNT: ui=1 vs wickets=2 | BOWLER: ui=Axar Patel cb=T Natarajan

[20:25:28  iter#134]
  WS ERR: ''
  CB: RR 108-2 (11.2)  crr=9.53  ps=96(57)  recent=1 1
  CB BAT: Dhruv Jurel* 36(28), Riyan Parag 61(35)
  CB BOWL: T Natarajan 0-15 (1)
  LAST WKT: Vaibhav Sooryavanshi   b Kyle Jamieson 4(2)  - 12/2 in 1.5 ov.
  ⚠ DIVERGENCE: BATTERS_MISSING_IN_UI: {'jurel', 'parag'} (ui=set(), cb={'jurel', 'parag'}) | BOWLER: ui=None cb=T Natarajan

[20:25:50  iter#135]
  UI: Rajasthan Royals 108-2 (11.2)  str=Dhruv Jurel nstr=None  bowl=Axar Patel 2-34 (4)
  this_over=['1', '1']  fow=1 (unk=0)  last_fow={'wicket': 3, 'batter': 'Riyan Parag', 'score': 89, 'overs': '10.2', 'bowler': None, 'how': 'auto-inferred (striker on wicket)', '_unwitnessed': False}
  delivery: len=short_of_length line=leg_stump shot=in_the_air [layer2]
  extras: this_over=0 innings=40 [w5/nb0/b0/lb0]
  extras_log: [{'over': '10.2', 'type': 'wide', 'runs': 2, 'this_over_after': []}, {'over': '10.2', 'type': 'wide', 'runs': 1, 'this_over_after': []}, {'over': '10.2', 'type': 'wide', 'runs': 2, 'this_over_after': []}]
  CB: RR 114-2 (11.3)  crr=9.91  ps=102(58)  recent=1 1 6
  CB BAT: Dhruv Jurel* 42(29), Riyan Parag 61(35)
  CB BOWL: T Natarajan 0-15 (1)
  LAST WKT: Vaibhav Sooryavanshi   b Kyle Jamieson 4(2)  - 12/2 in 1.5 ov.
  ⚠ DIVERGENCE: SCORE: ui=108 cb=114 | OVERS: ui=11.2 cb=11.3 | BATTERS_MISSING_IN_UI: {'parag'} (ui={'jurel'}, cb={'jurel', 'parag'}) | BAT_jurel: ui=36(28) cb=42(29) | FOW_COUNT: ui=1 vs wickets=2 | BOWLER: ui=Axar Patel cb=T Natarajan

[20:26:13  iter#136]
  UI: Rajasthan Royals 114-2 (11.3)  str=Dhruv Jurel nstr=None  bowl=Axar Patel 2-34 (4)
  this_over=['1', '1', '6']  fow=1 (unk=0)  last_fow={'wicket': 3, 'batter': 'Riyan Parag', 'score': 89, 'overs': '10.2', 'bowler': None, 'how': 'auto-inferred (striker on wicket)', '_unwitnessed': False}
  delivery: len=short_of_length line=leg_stump shot=in_the_air [layer2]
  extras: this_over=0 innings=40 [w5/nb0/b0/lb0]
  extras_log: [{'over': '10.2', 'type': 'wide', 'runs': 2, 'this_over_after': []}, {'over': '10.2', 'type': 'wide', 'runs': 1, 'this_over_after': []}, {'over': '10.2', 'type': 'wide', 'runs': 2, 'this_over_after': []}]
  CB: RR 114-3 (11.4)  crr=9.77  ps=102(59)  recent=1 1 6 W
  CB BAT: Riyan Parag* 61(35), Dhruv Jurel 42(30)
  CB BOWL: T Natarajan 0-15 (1)
  LAST WKT: Dhruv Jurel  c Tristan Stubbs b Axar Patel 42(30)  - 114/3 in 11.4 ov.
  ⚠ DIVERGENCE: WICKETS: ui=2 cb=3 | OVERS: ui=11.3 cb=11.4 | STRIKER: ui=Dhruv Jurel cb=Riyan Parag | BATTERS_MISSING_IN_UI: {'parag'} (ui={'jurel'}, cb={'jurel', 'parag'}) | BAT_jurel: ui=42(29) cb=42(30) | FOW_COUNT: ui=1 vs wickets=2 | BOWLER: ui=Axar Patel cb=T Natarajan

[20:26:34  iter#137]
  UI: Rajasthan Royals 116-2 (11.4)  str=Dhruv Jurel nstr=None  bowl=Axar Patel 2-36 (None)
  this_over=['1', '1', '6', '2']  fow=1 (unk=0)  last_fow={'wicket': 3, 'batter': 'Riyan Parag', 'score': 89, 'overs': '10.2', 'bowler': None, 'how': 'auto-inferred (striker on wicket)', '_unwitnessed': False}
  delivery: len=short_of_length line=leg_stump shot=in_the_air [layer2]
  extras: this_over=0 innings=40 [w5/nb0/b0/lb0]
  extras_log: [{'over': '10.2', 'type': 'wide', 'runs': 2, 'this_over_after': []}, {'over': '10.2', 'type': 'wide', 'runs': 1, 'this_over_after': []}, {'over': '10.2', 'type': 'wide', 'runs': 2, 'this_over_after': []}]
  CB: RR 114-3 (11.4)  crr=9.77  ps=102(59)  recent=1 1 6 W
  CB BAT: Riyan Parag* 61(35), Dhruv Jurel 42(30)
  CB BOWL: T Natarajan 0-15 (1)
  LAST WKT: Dhruv Jurel  c Tristan Stubbs b Axar Patel 42(30)  - 114/3 in 11.4 ov.
  ⚠ DIVERGENCE: SCORE: ui=116 cb=114 | WICKETS: ui=2 cb=3 | STRIKER: ui=Dhruv Jurel cb=Riyan Parag | BATTERS_MISSING_IN_UI: {'parag'} (ui={'jurel'}, cb={'jurel', 'parag'}) | BAT_jurel: ui=42(29) cb=42(30) | FOW_COUNT: ui=1 vs wickets=2 | BOWLER: ui=Axar Patel cb=T Natarajan

[20:26:58  iter#138]
  WS ERR: ''
  CB: RR 114-3 (11.4)  crr=9.77  ps=102(59)  recent=1 1 6 W
  CB BAT: Riyan Parag* 61(35), Dhruv Jurel 42(30)
  CB BOWL: T Natarajan 0-15 (1)
  LAST WKT: Dhruv Jurel  c Tristan Stubbs b Axar Patel 42(30)  - 114/3 in 11.4 ov.
  ⚠ DIVERGENCE: BATTERS_MISSING_IN_UI: {'jurel', 'parag'} (ui=set(), cb={'jurel', 'parag'}) | BOWLER: ui=None cb=T Natarajan

[20:27:23  iter#139]
  WS ERR: ''
  CB: RR 114-3 (11.4)  crr=9.77  ps=0(0)  recent=... 2
  CB BAT: Ravindra Jadeja* 0(0), Riyan Parag 61(35)
  CB BOWL: T Natarajan 0-15 (1)
  LAST WKT: Dhruv Jurel  c Tristan Stubbs b Axar Patel 42(30)  - 114/3 in 11.4 ov.
  ⚠ DIVERGENCE: BATTERS_MISSING_IN_UI: {'jadeja', 'parag'} (ui=set(), cb={'jadeja', 'parag'}) | BOWLER: ui=None cb=T Natarajan

[20:27:44  iter#140]
  UI: Rajasthan Royals 116-3 (11.4)  str=Ravindra Jadeja nstr=None  bowl=Axar Patel 2-37 (3.4)
  this_over=['1', '1', '6', 'W']  fow=2 (unk=0)  last_fow={'wicket': 3, 'batter': 'Riyan Parag', 'score': 89, 'overs': '10.2', 'bowler': None, 'how': 'auto-inferred (striker on wicket)', '_unwitnessed': False}
  delivery: len=short_of_length line=unknown shot=in_the_air [layer2]
  extras: this_over=0 innings=40 [w5/nb0/b0/lb0]
  extras_log: [{'over': '10.2', 'type': 'wide', 'runs': 2, 'this_over_after': []}, {'over': '10.2', 'type': 'wide', 'runs': 1, 'this_over_after': []}, {'over': '10.2', 'type': 'wide', 'runs': 2, 'this_over_after': []}]
  CB: RR 114-3 (11.4)  crr=9.77  ps=0(0)  recent=... 2
  CB BAT: Ravindra Jadeja* 0(0), Riyan Parag 61(35)
  CB BOWL: T Natarajan 0-15 (1)
  LAST WKT: Dhruv Jurel  c Tristan Stubbs b Axar Patel 42(30)  - 114/3 in 11.4 ov.
  ⚠ DIVERGENCE: SCORE: ui=116 cb=114 | BATTERS_MISSING_IN_UI: {'parag'} (ui={'jadeja'}, cb={'jadeja', 'parag'}) | FOW_COUNT: ui=2 vs wickets=3 | BOWLER: ui=Axar Patel cb=T Natarajan

[20:28:09  iter#141]
  WS ERR: ''
  CB: RR 115-3 (11.5)  crr=9.72  ps=1(1)  recent=1 1 6 W 1
  CB BAT: Riyan Parag* 61(35), Ravindra Jadeja 1(1)
  CB BOWL: T Natarajan 0-15 (1)
  LAST WKT: Dhruv Jurel  c Tristan Stubbs b Axar Patel 42(30)  - 114/3 in 11.4 ov.
  ⚠ DIVERGENCE: BATTERS_MISSING_IN_UI: {'jadeja', 'parag'} (ui=set(), cb={'jadeja', 'parag'}) | BOWLER: ui=None cb=T Natarajan

[20:28:29  iter#142]
  UI: Rajasthan Royals 116-3 (12.0)  str=Ravindra Jadeja nstr=None  bowl=T Natarajan 0-15 (1)
  this_over=['1', '1', '6', 'W', '.', '.']  fow=2 (unk=0)  last_fow={'wicket': 3, 'batter': 'Riyan Parag', 'score': 89, 'overs': '10.2', 'bowler': None, 'how': 'auto-inferred (striker on wicket)', '_unwitnessed': False}
  delivery: len=short_of_length line=unknown shot=in_the_air [layer2]
  extras: this_over=0 innings=40 [w5/nb0/b0/lb0]
  extras_log: [{'over': '10.2', 'type': 'wide', 'runs': 2, 'this_over_after': []}, {'over': '10.2', 'type': 'wide', 'runs': 1, 'this_over_after': []}, {'over': '10.2', 'type': 'wide', 'runs': 2, 'this_over_after': []}]
  CB: RR 115-3 (11.5)  crr=9.72  ps=1(1)  recent=1 1 6 W 1
  CB BAT: Riyan Parag* 61(35), Ravindra Jadeja 1(1)
  CB BOWL: T Natarajan 0-15 (1)
  LAST WKT: Dhruv Jurel  c Tristan Stubbs b Axar Patel 42(30)  - 114/3 in 11.4 ov.
  ⚠ DIVERGENCE: SCORE: ui=116 cb=115 | OVERS: ui=12.0 cb=11.5 | STRIKER: ui=Ravindra Jadeja cb=Riyan Parag | BATTERS_MISSING_IN_UI: {'parag'} (ui={'jadeja'}, cb={'jadeja', 'parag'}) | BAT_jadeja: ui=0(0) cb=1(1) | FOW_COUNT: ui=2 vs wickets=3

[20:28:50  iter#143]
  UI: Rajasthan Royals 116-3 (12.0)  str=Ravindra Jadeja nstr=None  bowl=T Natarajan 0-15 (1)
  this_over=['.', '.', '.', '.', '.', '.']  fow=2 (unk=0)  last_fow={'wicket': 3, 'batter': 'Riyan Parag', 'score': 89, 'overs': '10.2', 'bowler': None, 'how': 'auto-inferred (striker on wicket)', '_unwitnessed': False}
  delivery: len=short_of_length line=unknown shot=in_the_air [layer2]
  extras: this_over=0 innings=40 [w5/nb0/b0/lb0]
  extras_log: [{'over': '10.2', 'type': 'wide', 'runs': 2, 'this_over_after': []}, {'over': '10.2', 'type': 'wide', 'runs': 1, 'this_over_after': []}, {'over': '10.2', 'type': 'wide', 'runs': 2, 'this_over_after': []}]
  CB: RR 116-3 (12)  crr=9.67  ps=2(2)  recent=1 1 6 W 1 1
  CB BAT: Riyan Parag* 62(36), Ravindra Jadeja 1(1)
  CB BOWL: Axar Patel 1-39 (4)
  LAST WKT: Dhruv Jurel  c Tristan Stubbs b Axar Patel 42(30)  - 114/3 in 11.4 ov.
  ⚠ DIVERGENCE: OVERS: ui=12.0 cb=12 | STRIKER: ui=Ravindra Jadeja cb=Riyan Parag | BATTERS_MISSING_IN_UI: {'parag'} (ui={'jadeja'}, cb={'jadeja', 'parag'}) | BAT_jadeja: ui=0(0) cb=1(1) | FOW_COUNT: ui=2 vs wickets=3 | BOWLER: ui=T Natarajan cb=Axar Patel

[20:29:14  iter#144]
  WS ERR: ''
  CB: RR 116-3 (12)  crr=9.67  ps=2(2)  recent=1 1 6 W 1 1
  CB BAT: Riyan Parag* 62(36), Ravindra Jadeja 1(1)
  CB BOWL: Axar Patel 1-39 (4)
  LAST WKT: Dhruv Jurel  c Tristan Stubbs b Axar Patel 42(30)  - 114/3 in 11.4 ov.
  ⚠ DIVERGENCE: BATTERS_MISSING_IN_UI: {'jadeja', 'parag'} (ui=set(), cb={'jadeja', 'parag'}) | BOWLER: ui=None cb=Axar Patel

[20:29:37  iter#145]
  UI: Rajasthan Royals 117-3 (12.1)  str=Ravindra Jadeja nstr=None  bowl=T Natarajan 0-16 (1.1)
  this_over=['1']  fow=2 (unk=0)  last_fow={'wicket': 3, 'batter': 'Riyan Parag', 'score': 89, 'overs': '10.2', 'bowler': None, 'how': 'auto-inferred (striker on wicket)', '_unwitnessed': False}
  delivery: len=short_of_length line=unknown shot=in_the_air [layer2]
  extras: this_over=0 innings=40 [w5/nb0/b0/lb0]
  extras_log: [{'over': '10.2', 'type': 'wide', 'runs': 2, 'this_over_after': []}, {'over': '10.2', 'type': 'wide', 'runs': 1, 'this_over_after': []}, {'over': '10.2', 'type': 'wide', 'runs': 2, 'this_over_after': []}]
  CB: RR 117-3 (12.1)  crr=9.62  ps=3(3)  recent=1
  CB BAT: Ravindra Jadeja* 1(1), Riyan Parag 63(37)
  CB BOWL: Axar Patel 1-39 (4)
  LAST WKT: Dhruv Jurel  c Tristan Stubbs b Axar Patel 42(30)  - 114/3 in 11.4 ov.
  ⚠ DIVERGENCE: BATTERS_MISSING_IN_UI: {'parag'} (ui={'jadeja'}, cb={'jadeja', 'parag'}) | FOW_COUNT: ui=2 vs wickets=3 | BOWLER: ui=T Natarajan cb=Axar Patel

[20:30:01  iter#146]
  WS ERR: ''
  CB: RR 118-3 (12.2)  crr=9.57  ps=4(4)  recent=1 1
  CB BAT: Riyan Parag* 63(37), Ravindra Jadeja 2(2)
  CB BOWL: Axar Patel 1-39 (4)
  LAST WKT: Dhruv Jurel  c Tristan Stubbs b Axar Patel 42(30)  - 114/3 in 11.4 ov.
  ⚠ DIVERGENCE: BATTERS_MISSING_IN_UI: {'jadeja', 'parag'} (ui=set(), cb={'jadeja', 'parag'}) | BOWLER: ui=None cb=Axar Patel

[20:30:25  iter#147]
  WS ERR: ''
  CB: RR 118-3 (12.2)  crr=9.57  ps=4(4)  recent=1 1
  CB BAT: Riyan Parag* 63(37), Ravindra Jadeja 2(2)
  CB BOWL: Axar Patel 1-39 (4)
  LAST WKT: Dhruv Jurel  c Tristan Stubbs b Axar Patel 42(30)  - 114/3 in 11.4 ov.
  ⚠ DIVERGENCE: BATTERS_MISSING_IN_UI: {'jadeja', 'parag'} (ui=set(), cb={'jadeja', 'parag'}) | BOWLER: ui=None cb=Axar Patel

[20:30:49  iter#148]
  UI: Rajasthan Royals 117-3 (12.1)  str=Ravindra Jadeja nstr=None  bowl=T Natarajan 0-16 (1.1)
  this_over=['1']  fow=2 (unk=0)  last_fow={'wicket': 3, 'batter': 'Riyan Parag', 'score': 89, 'overs': '10.2', 'bowler': None, 'how': 'auto-inferred (striker on wicket)', '_unwitnessed': False}
  delivery: len=good_length line=unknown shot=in_the_air [layer2]
  extras: this_over=0 innings=40 [w5/nb0/b0/lb0]
  extras_log: [{'over': '10.2', 'type': 'wide', 'runs': 2, 'this_over_after': []}, {'over': '10.2', 'type': 'wide', 'runs': 1, 'this_over_after': []}, {'over': '10.2', 'type': 'wide', 'runs': 2, 'this_over_after': []}]
  CB: RR 118-3 (12.2)  crr=9.57  ps=4(4)  recent=1 1
  CB BAT: Riyan Parag* 63(37), Ravindra Jadeja 2(2)
  CB BOWL: Axar Patel 1-39 (4)
  LAST WKT: Dhruv Jurel  c Tristan Stubbs b Axar Patel 42(30)  - 114/3 in 11.4 ov.
  ⚠ DIVERGENCE: SCORE: ui=117 cb=118 | OVERS: ui=12.1 cb=12.2 | STRIKER: ui=Ravindra Jadeja cb=Riyan Parag | BATTERS_MISSING_IN_UI: {'parag'} (ui={'jadeja'}, cb={'jadeja', 'parag'}) | BAT_jadeja: ui=1(1) cb=2(2) | FOW_COUNT: ui=2 vs wickets=3 | BOWLER: ui=T Natarajan cb=Axar Patel

[20:31:10  iter#149]
  UI: Rajasthan Royals 118-3 (12.2)  str=Ravindra Jadeja nstr=None  bowl=T Natarajan 0-17 (1.2)
  this_over=['1', '1']  fow=2 (unk=0)  last_fow={'wicket': 3, 'batter': 'Riyan Parag', 'score': 89, 'overs': '10.2', 'bowler': None, 'how': 'auto-inferred (striker on wicket)', '_unwitnessed': False}
  delivery: len=good_length line=unknown shot=in_the_air [layer2]
  extras: this_over=0 innings=40 [w5/nb0/b0/lb0]
  extras_log: [{'over': '10.2', 'type': 'wide', 'runs': 2, 'this_over_after': []}, {'over': '10.2', 'type': 'wide', 'runs': 1, 'this_over_after': []}, {'over': '10.2', 'type': 'wide', 'runs': 2, 'this_over_after': []}]
  CB: RR 118-3 (12.2)  crr=9.57  ps=4(4)  recent=1 1
  CB BAT: Riyan Parag* 63(37), Ravindra Jadeja 2(2)
  CB BOWL: Axar Patel 1-39 (4)
  LAST WKT: Dhruv Jurel  c Tristan Stubbs b Axar Patel 42(30)  - 114/3 in 11.4 ov.
  ⚠ DIVERGENCE: STRIKER: ui=Ravindra Jadeja cb=Riyan Parag | BATTERS_MISSING_IN_UI: {'parag'} (ui={'jadeja'}, cb={'jadeja', 'parag'}) | FOW_COUNT: ui=2 vs wickets=3 | BOWLER: ui=T Natarajan cb=Axar Patel

[20:31:35  iter#150]
  WS ERR: ''
  CB: RR 119-3 (12.3)  crr=9.52  ps=5(5)  recent=1 1 1
  CB BAT: Ravindra Jadeja* 2(2), Riyan Parag 64(38)
  CB BOWL: Axar Patel 1-39 (4)
  LAST WKT: Dhruv Jurel  c Tristan Stubbs b Axar Patel 42(30)  - 114/3 in 11.4 ov.
  ⚠ DIVERGENCE: BATTERS_MISSING_IN_UI: {'jadeja', 'parag'} (ui=set(), cb={'jadeja', 'parag'}) | BOWLER: ui=None cb=Axar Patel

[20:31:58  iter#151]
  UI: Rajasthan Royals 119-3 (12.3)  str=Ravindra Jadeja nstr=None  bowl=T Natarajan 0-18 (1.3)
  this_over=['1', '1', '1']  fow=2 (unk=0)  last_fow={'wicket': 3, 'batter': 'Riyan Parag', 'score': 89, 'overs': '10.2', 'bowler': None, 'how': 'auto-inferred (striker on wicket)', '_unwitnessed': False}
  delivery: len=short_of_length line=unknown shot=in_the_air [layer2]
  extras: this_over=0 innings=40 [w5/nb0/b0/lb0]
  extras_log: [{'over': '10.2', 'type': 'wide', 'runs': 2, 'this_over_after': []}, {'over': '10.2', 'type': 'wide', 'runs': 1, 'this_over_after': []}, {'over': '10.2', 'type': 'wide', 'runs': 2, 'this_over_after': []}]
  CB: RR 119-3 (12.4)  crr=9.39  ps=5(6)  recent=1 1 1 0
  CB BAT: Ravindra Jadeja* 2(3), Riyan Parag 64(38)
  CB BOWL: Axar Patel 1-39 (4)
  LAST WKT: Dhruv Jurel  c Tristan Stubbs b Axar Patel 42(30)  - 114/3 in 11.4 ov.
  ⚠ DIVERGENCE: OVERS: ui=12.3 cb=12.4 | BATTERS_MISSING_IN_UI: {'parag'} (ui={'jadeja'}, cb={'jadeja', 'parag'}) | BAT_jadeja: ui=2(2) cb=2(3) | FOW_COUNT: ui=2 vs wickets=3 | BOWLER: ui=T Natarajan cb=Axar Patel

[20:32:23  iter#152]
  WS ERR: ''
  CB: RR 119-3 (12.4)  crr=9.39  ps=5(6)  recent=1 1 1 0
  CB BAT: Ravindra Jadeja* 2(3), Riyan Parag 64(38)
  CB BOWL: Axar Patel 1-39 (4)
  LAST WKT: Dhruv Jurel  c Tristan Stubbs b Axar Patel 42(30)  - 114/3 in 11.4 ov.
  ⚠ DIVERGENCE: BATTERS_MISSING_IN_UI: {'jadeja', 'parag'} (ui=set(), cb={'jadeja', 'parag'}) | BOWLER: ui=None cb=Axar Patel

[20:32:44  iter#153]
  UI: Rajasthan Royals 119-3 (12.4)  str=Ravindra Jadeja nstr=None  bowl=T Natarajan 0-18 (1.4)
  this_over=['1', '1', '1', '.']  fow=2 (unk=0)  last_fow={'wicket': 3, 'batter': 'Riyan Parag', 'score': 89, 'overs': '10.2', 'bowler': None, 'how': 'auto-inferred (striker on wicket)', '_unwitnessed': False}
  delivery: len=short_of_length line=unknown shot=in_the_air [layer2]
  extras: this_over=0 innings=40 [w5/nb0/b0/lb0]
  extras_log: [{'over': '10.2', 'type': 'wide', 'runs': 2, 'this_over_after': []}, {'over': '10.2', 'type': 'wide', 'runs': 1, 'this_over_after': []}, {'over': '10.2', 'type': 'wide', 'runs': 2, 'this_over_after': []}]
  CB: RR 121-3 (12.5)  crr=9.43  ps=7(7)  recent=1 1 1 0 2
  CB BAT: Ravindra Jadeja* 4(4), Riyan Parag 64(38)
  CB BOWL: Axar Patel 1-39 (4)
  LAST WKT: Dhruv Jurel  c Tristan Stubbs b Axar Patel 42(30)  - 114/3 in 11.4 ov.
  ⚠ DIVERGENCE: SCORE: ui=119 cb=121 | OVERS: ui=12.4 cb=12.5 | BATTERS_MISSING_IN_UI: {'parag'} (ui={'jadeja'}, cb={'jadeja', 'parag'}) | BAT_jadeja: ui=2(3) cb=4(4) | FOW_COUNT: ui=2 vs wickets=3 | BOWLER: ui=T Natarajan cb=Axar Patel

[20:33:07  iter#154]
  UI: Rajasthan Royals 119-3 (12.4)  str=Ravindra Jadeja nstr=None  bowl=T Natarajan 0-18 (1.4)
  this_over=['1', '1', '1', '.']  fow=2 (unk=0)  last_fow={'wicket': 3, 'batter': 'Riyan Parag', 'score': 89, 'overs': '10.2', 'bowler': None, 'how': 'auto-inferred (striker on wicket)', '_unwitnessed': False}
  delivery: len=short_of_length line=unknown shot=in_the_air [layer2]
  extras: this_over=0 innings=40 [w5/nb0/b0/lb0]
  extras_log: [{'over': '10.2', 'type': 'wide', 'runs': 2, 'this_over_after': []}, {'over': '10.2', 'type': 'wide', 'runs': 1, 'this_over_after': []}, {'over': '10.2', 'type': 'wide', 'runs': 2, 'this_over_after': []}]
  CB: RR 121-3 (12.5)  crr=9.43  ps=7(7)  recent=1 1 1 0 2
  CB BAT: Ravindra Jadeja* 4(4), Riyan Parag 64(38)
  CB BOWL: Axar Patel 1-39 (4)
  LAST WKT: Dhruv Jurel  c Tristan Stubbs b Axar Patel 42(30)  - 114/3 in 11.4 ov.
  ⚠ DIVERGENCE: SCORE: ui=119 cb=121 | OVERS: ui=12.4 cb=12.5 | BATTERS_MISSING_IN_UI: {'parag'} (ui={'jadeja'}, cb={'jadeja', 'parag'}) | BAT_jadeja: ui=2(3) cb=4(4) | FOW_COUNT: ui=2 vs wickets=3 | BOWLER: ui=T Natarajan cb=Axar Patel

[20:33:31  iter#155]
  WS ERR: ''
  CB: RR 121-3 (13)  crr=9.31  ps=7(8)  recent=1 1 1 0 2 0
  CB BAT: Riyan Parag* 64(38), Ravindra Jadeja 4(5)
  CB BOWL: T Natarajan 0-20 (2)
  LAST WKT: Dhruv Jurel  c Tristan Stubbs b Axar Patel 42(30)  - 114/3 in 11.4 ov.
  ⚠ DIVERGENCE: BATTERS_MISSING_IN_UI: {'jadeja', 'parag'} (ui=set(), cb={'jadeja', 'parag'}) | BOWLER: ui=None cb=T Natarajan

[20:33:55  iter#156]
  UI: Rajasthan Royals 119-3 (12.4)  str=Vaibhav Sooryavanshi nstr=Ravindra Jadeja  bowl=T Natarajan 0-18 (1.4)
  this_over=['1', '1', '1', '.']  fow=2 (unk=0)  last_fow={'wicket': 3, 'batter': 'Riyan Parag', 'score': 89, 'overs': '10.2', 'bowler': None, 'how': 'auto-inferred (striker on wicket)', '_unwitnessed': False}
  delivery: len=short_of_length line=unknown shot=in_the_air [layer2]
  extras: this_over=0 innings=40 [w5/nb0/b0/lb0]
  extras_log: [{'over': '10.2', 'type': 'wide', 'runs': 2, 'this_over_after': []}, {'over': '10.2', 'type': 'wide', 'runs': 1, 'this_over_after': []}, {'over': '10.2', 'type': 'wide', 'runs': 2, 'this_over_after': []}]
  CB: RR 121-3 (13)  crr=9.31  ps=7(8)  recent=...
  CB BAT: Riyan Parag* 64(38), Ravindra Jadeja 4(5)
  CB BOWL: Axar Patel 1-39 (4)
  LAST WKT: Dhruv Jurel  c Tristan Stubbs b Axar Patel 42(30)  - 114/3 in 11.4 ov.
  ⚠ DIVERGENCE: SCORE: ui=119 cb=121 | OVERS: ui=12.4 cb=13 | STRIKER: ui=Vaibhav Sooryavanshi cb=Riyan Parag | BATTERS_MISSING_IN_UI: {'parag'} (ui={'jadeja', 'sooryavanshi'}, cb={'jadeja', 'parag'}) | BAT_jadeja: ui=2(3) cb=4(5) | FOW_COUNT: ui=2 vs wickets=3 | BOWLER: ui=T Natarajan cb=Axar Patel

[20:34:19  iter#157]
  WS ERR: ''
  CB: RR 122-3 (13.1)  crr=9.27  ps=8(9)  recent=
  CB BAT: Ravindra Jadeja* 4(5), Riyan Parag 64(39)
  CB BOWL: T Natarajan 0-20 (2)
  LAST WKT: Dhruv Jurel  c Tristan Stubbs b Axar Patel 42(30)  - 114/3 in 11.4 ov.
  ⚠ DIVERGENCE: BATTERS_MISSING_IN_UI: {'jadeja', 'parag'} (ui=set(), cb={'jadeja', 'parag'}) | BOWLER: ui=None cb=T Natarajan

[20:34:40  iter#158]
  UI: Rajasthan Royals 122-3 (13.1)  str=Vaibhav Sooryavanshi nstr=Ravindra Jadeja  bowl=T Natarajan 0-21 (1.4)
  this_over=['1', '1', '1', '.']  fow=2 (unk=0)  last_fow={'wicket': 3, 'batter': 'Riyan Parag', 'score': 89, 'overs': '10.2', 'bowler': None, 'how': 'auto-inferred (striker on wicket)', '_unwitnessed': False}
  delivery: len=short_of_length line=unknown shot=in_the_air [layer2]
  extras: this_over=0 innings=40 [w5/nb0/b0/lb0]
  extras_log: [{'over': '10.2', 'type': 'wide', 'runs': 2, 'this_over_after': []}, {'over': '10.2', 'type': 'wide', 'runs': 1, 'this_over_after': []}, {'over': '10.2', 'type': 'wide', 'runs': 2, 'this_over_after': []}]
  CB: RR 122-3 (13.1)  crr=9.27  ps=8(9)  recent=
  CB BAT: Ravindra Jadeja* 4(5), Riyan Parag 64(39)
  CB BOWL: T Natarajan 0-20 (2)
  LAST WKT: Dhruv Jurel  c Tristan Stubbs b Axar Patel 42(30)  - 114/3 in 11.4 ov.
  ⚠ DIVERGENCE: STRIKER: ui=Vaibhav Sooryavanshi cb=Ravindra Jadeja | BATTERS_MISSING_IN_UI: {'parag'} (ui={'jadeja', 'sooryavanshi'}, cb={'jadeja', 'parag'}) | BAT_jadeja: ui=2(3) cb=4(5) | FOW_COUNT: ui=2 vs wickets=3 | BOWL_R: ui=21 cb=20 | BOWL_O: ui=1.4 cb=2

[20:35:03  iter#159]
  UI: Rajasthan Royals 122-3 (13.1)  str=Vaibhav Sooryavanshi nstr=Ravindra Jadeja  bowl=T Natarajan 0-21 (1.4)
  this_over=['?']  fow=2 (unk=0)  last_fow={'wicket': 3, 'batter': 'Riyan Parag', 'score': 89, 'overs': '10.2', 'bowler': None, 'how': 'auto-inferred (striker on wicket)', '_unwitnessed': False}
  delivery: len=short_of_length line=unknown shot=in_the_air [layer2]
  extras: this_over=0 innings=40 [w5/nb0/b0/lb0]
  extras_log: [{'over': '10.2', 'type': 'wide', 'runs': 2, 'this_over_after': []}, {'over': '10.2', 'type': 'wide', 'runs': 1, 'this_over_after': []}, {'over': '10.2', 'type': 'wide', 'runs': 2, 'this_over_after': []}]
  CB: RR 122-3 (13.1)  crr=9.27  ps=8(9)  recent=
  CB BAT: Ravindra Jadeja* 4(5), Riyan Parag 64(39)
  CB BOWL: T Natarajan 0-19 (2)
  LAST WKT: Dhruv Jurel  c Tristan Stubbs b Axar Patel 42(30)  - 114/3 in 11.4 ov.
  ⚠ DIVERGENCE: STRIKER: ui=Vaibhav Sooryavanshi cb=Ravindra Jadeja | BATTERS_MISSING_IN_UI: {'parag'} (ui={'jadeja', 'sooryavanshi'}, cb={'jadeja', 'parag'}) | BAT_jadeja: ui=2(3) cb=4(5) | FOW_COUNT: ui=2 vs wickets=3 | BOWL_R: ui=21 cb=19 | BOWL_O: ui=1.4 cb=2

[20:35:27  iter#160]
  WS ERR: ''
  CB: RR 124-3 (13.2)  crr=9.3  ps=10(10)  recent=
  CB BAT: Ravindra Jadeja* 6(6), Riyan Parag 63(39)
  CB BOWL: T Natarajan 0-19 (2)
  LAST WKT: Dhruv Jurel  c Tristan Stubbs b Axar Patel 42(30)  - 114/3 in 11.4 ov.
  ⚠ DIVERGENCE: BATTERS_MISSING_IN_UI: {'jadeja', 'parag'} (ui=set(), cb={'jadeja', 'parag'}) | BOWLER: ui=None cb=T Natarajan

[20:35:51  iter#161]
  UI: Rajasthan Royals 124-3 (13.2)  str=Vaibhav Sooryavanshi nstr=Ravindra Jadeja  bowl=T Natarajan 0-21 (1.4)
  this_over=['Wd+1', '.', '?']  fow=2 (unk=0)  last_fow={'wicket': 3, 'batter': 'Riyan Parag', 'score': 89, 'overs': '10.2', 'bowler': None, 'how': 'auto-inferred (striker on wicket)', '_unwitnessed': False}
  delivery: len=short_of_length line=unknown shot=in_the_air [layer2]
  extras: this_over=1 innings=42 [w7/nb0/b0/lb0]
  extras_log: [{'over': '10.2', 'type': 'wide', 'runs': 1, 'this_over_after': []}, {'over': '10.2', 'type': 'wide', 'runs': 2, 'this_over_after': []}, {'over': '13.1', 'type': 'wide', 'runs': 2, 'this_over_after': []}]
  CB: RR 124-3 (13.3)  crr=9.19  ps=10(11)  recent=
  CB BAT: Ravindra Jadeja* 6(7), Riyan Parag 63(39)
  CB BOWL: T Natarajan 0-19 (2)
  LAST WKT: Dhruv Jurel  c Tristan Stubbs b Axar Patel 42(30)  - 114/3 in 11.4 ov.
  ⚠ DIVERGENCE: OVERS: ui=13.2 cb=13.3 | STRIKER: ui=Vaibhav Sooryavanshi cb=Ravindra Jadeja | BATTERS_MISSING_IN_UI: {'parag'} (ui={'jadeja', 'sooryavanshi'}, cb={'jadeja', 'parag'}) | BAT_jadeja: ui=6(6) cb=6(7) | FOW_COUNT: ui=2 vs wickets=3 | BOWL_R: ui=21 cb=19 | BOWL_O: ui=1.4 cb=2

[20:36:15  iter#162]
  UI: Rajasthan Royals 124-3 (13.3)  str=Vaibhav Sooryavanshi nstr=Ravindra Jadeja  bowl=T Natarajan 0-21 (1.4)
  this_over=['Wd+1', '.', '.', '?']  fow=2 (unk=0)  last_fow={'wicket': 3, 'batter': 'Riyan Parag', 'score': 89, 'overs': '10.2', 'bowler': None, 'how': 'auto-inferred (striker on wicket)', '_unwitnessed': False}
  delivery: len=short_of_length line=unknown shot=in_the_air [layer2]
  extras: this_over=1 innings=42 [w7/nb0/b0/lb0]
  extras_log: [{'over': '10.2', 'type': 'wide', 'runs': 1, 'this_over_after': []}, {'over': '10.2', 'type': 'wide', 'runs': 2, 'this_over_after': []}, {'over': '13.1', 'type': 'wide', 'runs': 2, 'this_over_after': []}]
  CB: RR 124-3 (13.3)  crr=9.19  ps=10(11)  recent=
  CB BAT: Ravindra Jadeja* 6(7), Riyan Parag 63(39)
  CB BOWL: T Natarajan 0-19 (2)
  LAST WKT: Dhruv Jurel  c Tristan Stubbs b Axar Patel 42(30)  - 114/3 in 11.4 ov.
  ⚠ DIVERGENCE: STRIKER: ui=Vaibhav Sooryavanshi cb=Ravindra Jadeja | BATTERS_MISSING_IN_UI: {'parag'} (ui={'jadeja', 'sooryavanshi'}, cb={'jadeja', 'parag'}) | FOW_COUNT: ui=2 vs wickets=3 | BOWL_R: ui=21 cb=19 | BOWL_O: ui=1.4 cb=2

[20:36:36  iter#163]
  UI: Rajasthan Royals 124-3 (13.3)  str=Vaibhav Sooryavanshi nstr=Ravindra Jadeja  bowl=T Natarajan 0-21 (1.4)
  this_over=['Wd+1', '.', '.', '?']  fow=2 (unk=0)  last_fow={'wicket': 3, 'batter': 'Riyan Parag', 'score': 89, 'overs': '10.2', 'bowler': None, 'how': 'auto-inferred (striker on wicket)', '_unwitnessed': False}
  delivery: len=short_of_length line=unknown shot=in_the_air [layer2]
  extras: this_over=1 innings=42 [w7/nb0/b0/lb0]
  extras_log: [{'over': '10.2', 'type': 'wide', 'runs': 1, 'this_over_after': []}, {'over': '10.2', 'type': 'wide', 'runs': 2, 'this_over_after': []}, {'over': '13.1', 'type': 'wide', 'runs': 2, 'this_over_after': []}]
  CB: RR 124-3 (13.3)  crr=9.19  ps=10(11)  recent=
  CB BAT: Ravindra Jadeja* 6(7), Riyan Parag 63(39)
  CB BOWL: T Natarajan 0-19 (2)
  LAST WKT: Dhruv Jurel  c Tristan Stubbs b Axar Patel 42(30)  - 114/3 in 11.4 ov.
  ⚠ DIVERGENCE: STRIKER: ui=Vaibhav Sooryavanshi cb=Ravindra Jadeja | BATTERS_MISSING_IN_UI: {'parag'} (ui={'jadeja', 'sooryavanshi'}, cb={'jadeja', 'parag'}) | FOW_COUNT: ui=2 vs wickets=3 | BOWL_R: ui=21 cb=19 | BOWL_O: ui=1.4 cb=2

[20:37:00  iter#164]
  WS ERR: ''
  CB: RR 124-3 (13.3)  crr=9.19  ps=10(11)  recent=
  CB BAT: Ravindra Jadeja* 6(7), Riyan Parag 63(39)
  CB BOWL: T Natarajan 0-19 (2)
  LAST WKT: Dhruv Jurel  c Tristan Stubbs b Axar Patel 42(30)  - 114/3 in 11.4 ov.
  ⚠ DIVERGENCE: BATTERS_MISSING_IN_UI: {'jadeja', 'parag'} (ui=set(), cb={'jadeja', 'parag'}) | BOWLER: ui=None cb=T Natarajan

[20:37:23  iter#165]
  UI: Rajasthan Royals 129-3 (13.5)  str=Vaibhav Sooryavanshi nstr=Ravindra Jadeja  bowl=T Natarajan 0-21 (1.4)
  this_over=['Wd+1', '.', '.', '1', '4', '?']  fow=2 (unk=0)  last_fow={'wicket': 3, 'batter': 'Riyan Parag', 'score': 89, 'overs': '10.2', 'bowler': None, 'how': 'auto-inferred (striker on wicket)', '_unwitnessed': False}
  delivery: len=short_of_length line=unknown shot=in_the_air [layer2]
  extras: this_over=1 innings=42 [w7/nb0/b0/lb0]
  extras_log: [{'over': '10.2', 'type': 'wide', 'runs': 1, 'this_over_after': []}, {'over': '10.2', 'type': 'wide', 'runs': 2, 'this_over_after': []}, {'over': '13.1', 'type': 'wide', 'runs': 2, 'this_over_after': []}]
  CB: RR 124-3 (13.3)  crr=9.19  ps=10(11)  recent=
  CB BAT: Ravindra Jadeja* 6(7), Riyan Parag 63(39)
  CB BOWL: T Natarajan 0-19 (2)
  LAST WKT: Dhruv Jurel  c Tristan Stubbs b Axar Patel 42(30)  - 114/3 in 11.4 ov.
  ⚠ DIVERGENCE: SCORE: ui=129 cb=124 | OVERS: ui=13.5 cb=13.3 | STRIKER: ui=Vaibhav Sooryavanshi cb=Ravindra Jadeja | BATTERS_MISSING_IN_UI: {'parag'} (ui={'jadeja', 'sooryavanshi'}, cb={'jadeja', 'parag'}) | BAT_jadeja: ui=7(8) cb=6(7) | FOW_COUNT: ui=2 vs wickets=3 | BOWL_R: ui=21 cb=19 | BOWL_O: ui=1.4 cb=2

[20:37:47  iter#166]
  UI: Rajasthan Royals 130-3 (14.0)  str=Vaibhav Sooryavanshi nstr=Ravindra Jadeja  bowl=T Natarajan 0-21 (1.4)
  this_over=['Wd+1', '.', '.', '1', '4', '?', '1']  fow=2 (unk=0)  last_fow={'wicket': 3, 'batter': 'Riyan Parag', 'score': 89, 'overs': '10.2', 'bowler': None, 'how': 'auto-inferred (striker on wicket)', '_unwitnessed': False}
  delivery: len=short_of_length line=unknown shot=in_the_air [layer2]
  extras: this_over=0 innings=42 [w7/nb0/b0/lb0]
  extras_log: [{'over': '10.2', 'type': 'wide', 'runs': 1, 'this_over_after': []}, {'over': '10.2', 'type': 'wide', 'runs': 2, 'this_over_after': []}, {'over': '13.1', 'type': 'wide', 'runs': 2, 'this_over_after': []}]
  CB: RR 124-3 (13.3)  crr=9.19  ps=10(11)  recent=
  CB BAT: Ravindra Jadeja* 6(7), Riyan Parag 63(39)
  CB BOWL: T Natarajan 0-19 (2)
  LAST WKT: Dhruv Jurel  c Tristan Stubbs b Axar Patel 42(30)  - 114/3 in 11.4 ov.
  ⚠ DIVERGENCE: SCORE: ui=130 cb=124 | OVERS: ui=14.0 cb=13.3 | STRIKER: ui=Vaibhav Sooryavanshi cb=Ravindra Jadeja | BATTERS_MISSING_IN_UI: {'parag'} (ui={'jadeja', 'sooryavanshi'}, cb={'jadeja', 'parag'}) | BAT_jadeja: ui=7(8) cb=6(7) | FOW_COUNT: ui=2 vs wickets=3 | BOWL_R: ui=21 cb=19 | BOWL_O: ui=1.4 cb=2

[20:38:09  iter#167]
  UI: Rajasthan Royals 130-3 (14.0)  str=Vaibhav Sooryavanshi nstr=Ravindra Jadeja  bowl=T Natarajan 0-21 (1.4)
  this_over=['.', '.', '.', '.', '.', '.', '.', '.', '.']  fow=2 (unk=0)  last_fow={'wicket': 3, 'batter': 'Riyan Parag', 'score': 89, 'overs': '10.2', 'bowler': None, 'how': 'auto-inferred (striker on wicket)', '_unwitnessed': False}
  delivery: len=short_of_length line=unknown shot=in_the_air [layer2]
  extras: this_over=0 innings=42 [w7/nb0/b0/lb0]
  extras_log: [{'over': '10.2', 'type': 'wide', 'runs': 1, 'this_over_after': []}, {'over': '10.2', 'type': 'wide', 'runs': 2, 'this_over_after': []}, {'over': '13.1', 'type': 'wide', 'runs': 2, 'this_over_after': []}]
  CB: RR 124-3 (13.3)  crr=9.19  ps=10(11)  recent=
  CB BAT: Ravindra Jadeja* 6(7), Riyan Parag 63(39)
  CB BOWL: T Natarajan 0-19 (2)
  LAST WKT: Dhruv Jurel  c Tristan Stubbs b Axar Patel 42(30)  - 114/3 in 11.4 ov.
  ⚠ DIVERGENCE: SCORE: ui=130 cb=124 | OVERS: ui=14.0 cb=13.3 | STRIKER: ui=Vaibhav Sooryavanshi cb=Ravindra Jadeja | BATTERS_MISSING_IN_UI: {'parag'} (ui={'jadeja', 'sooryavanshi'}, cb={'jadeja', 'parag'}) | BAT_jadeja: ui=7(8) cb=6(7) | FOW_COUNT: ui=2 vs wickets=3 | BOWL_R: ui=21 cb=19 | BOWL_O: ui=1.4 cb=2

[20:38:30  iter#168]
  UI: Rajasthan Royals 130-3 (14.0)  str=Vaibhav Sooryavanshi nstr=Ravindra Jadeja  bowl=T Natarajan 0-21 (1.4)
  this_over=['.', '.', '.', '.', '.', '.', '.', '.', '.']  fow=2 (unk=0)  last_fow={'wicket': 3, 'batter': 'Riyan Parag', 'score': 89, 'overs': '10.2', 'bowler': None, 'how': 'auto-inferred (striker on wicket)', '_unwitnessed': False}
  delivery: len=short_of_length line=unknown shot=in_the_air [layer2]
  extras: this_over=0 innings=42 [w7/nb0/b0/lb0]
  extras_log: [{'over': '10.2', 'type': 'wide', 'runs': 1, 'this_over_after': []}, {'over': '10.2', 'type': 'wide', 'runs': 2, 'this_over_after': []}, {'over': '13.1', 'type': 'wide', 'runs': 2, 'this_over_after': []}]
  CB: RR 124-3 (13.3)  crr=9.19  ps=10(11)  recent=
  CB BAT: Ravindra Jadeja* 6(7), Riyan Parag 63(39)
  CB BOWL: T Natarajan 0-19 (2)
  LAST WKT: Dhruv Jurel  c Tristan Stubbs b Axar Patel 42(30)  - 114/3 in 11.4 ov.
  ⚠ DIVERGENCE: SCORE: ui=130 cb=124 | OVERS: ui=14.0 cb=13.3 | STRIKER: ui=Vaibhav Sooryavanshi cb=Ravindra Jadeja | BATTERS_MISSING_IN_UI: {'parag'} (ui={'jadeja', 'sooryavanshi'}, cb={'jadeja', 'parag'}) | BAT_jadeja: ui=7(8) cb=6(7) | FOW_COUNT: ui=2 vs wickets=3 | BOWL_R: ui=21 cb=19 | BOWL_O: ui=1.4 cb=2

[20:38:51  iter#169]
  UI: Rajasthan Royals 130-3 (14.0)  str=Vaibhav Sooryavanshi nstr=Ravindra Jadeja  bowl=T Natarajan 0-21 (1.4)
  this_over=['.', '.', '.', '.', '.', '.', '.', '.', '.']  fow=2 (unk=0)  last_fow={'wicket': 3, 'batter': 'Riyan Parag', 'score': 89, 'overs': '10.2', 'bowler': None, 'how': 'auto-inferred (striker on wicket)', '_unwitnessed': False}
  delivery: len=short_of_length line=unknown shot=in_the_air [layer2]
  extras: this_over=0 innings=42 [w7/nb0/b0/lb0]
  extras_log: [{'over': '10.2', 'type': 'wide', 'runs': 1, 'this_over_after': []}, {'over': '10.2', 'type': 'wide', 'runs': 2, 'this_over_after': []}, {'over': '13.1', 'type': 'wide', 'runs': 2, 'this_over_after': []}]
  CB: RR 124-3 (13.3)  crr=9.19  ps=10(11)  recent=
  CB BAT: Ravindra Jadeja* 6(7), Riyan Parag 63(39)
  CB BOWL: T Natarajan 0-19 (2)
  LAST WKT: Dhruv Jurel  c Tristan Stubbs b Axar Patel 42(30)  - 114/3 in 11.4 ov.
  ⚠ DIVERGENCE: SCORE: ui=130 cb=124 | OVERS: ui=14.0 cb=13.3 | STRIKER: ui=Vaibhav Sooryavanshi cb=Ravindra Jadeja | BATTERS_MISSING_IN_UI: {'parag'} (ui={'jadeja', 'sooryavanshi'}, cb={'jadeja', 'parag'}) | BAT_jadeja: ui=7(8) cb=6(7) | FOW_COUNT: ui=2 vs wickets=3 | BOWL_R: ui=21 cb=19 | BOWL_O: ui=1.4 cb=2

[20:39:14  iter#170]
  UI: Rajasthan Royals 130-3 (14.0)  str=Vaibhav Sooryavanshi nstr=Ravindra Jadeja  bowl=T Natarajan 0-21 (1.4)
  this_over=['.', '.', '.', '.', '.', '.', '.', '.', '.']  fow=2 (unk=0)  last_fow={'wicket': 3, 'batter': 'Riyan Parag', 'score': 89, 'overs': '10.2', 'bowler': None, 'how': 'auto-inferred (striker on wicket)', '_unwitnessed': False}
  delivery: len=short_of_length line=unknown shot=in_the_air [layer2]
  extras: this_over=0 innings=42 [w7/nb0/b0/lb0]
  extras_log: [{'over': '10.2', 'type': 'wide', 'runs': 1, 'this_over_after': []}, {'over': '10.2', 'type': 'wide', 'runs': 2, 'this_over_after': []}, {'over': '13.1', 'type': 'wide', 'runs': 2, 'this_over_after': []}]
  CB: RR 124-3 (13.3)  crr=9.19  ps=10(11)  recent=
  CB BAT: Ravindra Jadeja* 6(7), Riyan Parag 63(39)
  CB BOWL: T Natarajan 0-19 (2)
  LAST WKT: Dhruv Jurel  c Tristan Stubbs b Axar Patel 42(30)  - 114/3 in 11.4 ov.
  ⚠ DIVERGENCE: SCORE: ui=130 cb=124 | OVERS: ui=14.0 cb=13.3 | STRIKER: ui=Vaibhav Sooryavanshi cb=Ravindra Jadeja | BATTERS_MISSING_IN_UI: {'parag'} (ui={'jadeja', 'sooryavanshi'}, cb={'jadeja', 'parag'}) | BAT_jadeja: ui=7(8) cb=6(7) | FOW_COUNT: ui=2 vs wickets=3 | BOWL_R: ui=21 cb=19 | BOWL_O: ui=1.4 cb=2

[20:39:37  iter#171]
  UI: Rajasthan Royals 130-3 (14.0)  str=Vaibhav Sooryavanshi nstr=Ravindra Jadeja  bowl=T Natarajan 0-21 (1.4)
  this_over=['.', '.', '.', '.', '.', '.', '.', '.', '.']  fow=2 (unk=0)  last_fow={'wicket': 3, 'batter': 'Riyan Parag', 'score': 89, 'overs': '10.2', 'bowler': None, 'how': 'auto-inferred (striker on wicket)', '_unwitnessed': False}
  delivery: len=short_of_length line=unknown shot=in_the_air [layer2]
  extras: this_over=0 innings=42 [w7/nb0/b0/lb0]
  extras_log: [{'over': '10.2', 'type': 'wide', 'runs': 1, 'this_over_after': []}, {'over': '10.2', 'type': 'wide', 'runs': 2, 'this_over_after': []}, {'over': '13.1', 'type': 'wide', 'runs': 2, 'this_over_after': []}]
  CB: RR 124-3 (13.3)  crr=9.19  ps=10(11)  recent=
  CB BAT: Ravindra Jadeja* 6(7), Riyan Parag 63(39)
  CB BOWL: T Natarajan 0-19 (2)
  LAST WKT: Dhruv Jurel  c Tristan Stubbs b Axar Patel 42(30)  - 114/3 in 11.4 ov.
  ⚠ DIVERGENCE: SCORE: ui=130 cb=124 | OVERS: ui=14.0 cb=13.3 | STRIKER: ui=Vaibhav Sooryavanshi cb=Ravindra Jadeja | BATTERS_MISSING_IN_UI: {'parag'} (ui={'jadeja', 'sooryavanshi'}, cb={'jadeja', 'parag'}) | BAT_jadeja: ui=7(8) cb=6(7) | FOW_COUNT: ui=2 vs wickets=3 | BOWL_R: ui=21 cb=19 | BOWL_O: ui=1.4 cb=2

[20:39:58  iter#172]
  UI: Rajasthan Royals 130-3 (14.0)  str=Vaibhav Sooryavanshi nstr=Ravindra Jadeja  bowl=T Natarajan 0-21 (1.4)
  this_over=['.', '.', '.', '.', '.', '.', '.', '.', '.']  fow=2 (unk=0)  last_fow={'wicket': 3, 'batter': 'Riyan Parag', 'score': 89, 'overs': '10.2', 'bowler': None, 'how': 'auto-inferred (striker on wicket)', '_unwitnessed': False}
  delivery: len=short_of_length line=unknown shot=in_the_air [layer2]
  extras: this_over=0 innings=42 [w7/nb0/b0/lb0]
  extras_log: [{'over': '10.2', 'type': 'wide', 'runs': 1, 'this_over_after': []}, {'over': '10.2', 'type': 'wide', 'runs': 2, 'this_over_after': []}, {'over': '13.1', 'type': 'wide', 'runs': 2, 'this_over_after': []}]
  CB: RR 124-3 (13.3)  crr=9.19  ps=10(11)  recent=
  CB BAT: Ravindra Jadeja* 6(7), Riyan Parag 63(39)
  CB BOWL: T Natarajan 0-19 (2)
  LAST WKT: Dhruv Jurel  c Tristan Stubbs b Axar Patel 42(30)  - 114/3 in 11.4 ov.
  ⚠ DIVERGENCE: SCORE: ui=130 cb=124 | OVERS: ui=14.0 cb=13.3 | STRIKER: ui=Vaibhav Sooryavanshi cb=Ravindra Jadeja | BATTERS_MISSING_IN_UI: {'parag'} (ui={'jadeja', 'sooryavanshi'}, cb={'jadeja', 'parag'}) | BAT_jadeja: ui=7(8) cb=6(7) | FOW_COUNT: ui=2 vs wickets=3 | BOWL_R: ui=21 cb=19 | BOWL_O: ui=1.4 cb=2

[20:40:21  iter#173]
  UI: Rajasthan Royals 130-3 (14.0)  str=Vaibhav Sooryavanshi nstr=Ravindra Jadeja  bowl=T Natarajan 0-21 (1.4)
  this_over=['.', '.', '.', '.', '.', '.', '.', '.', '.']  fow=2 (unk=0)  last_fow={'wicket': 3, 'batter': 'Riyan Parag', 'score': 89, 'overs': '10.2', 'bowler': None, 'how': 'auto-inferred (striker on wicket)', '_unwitnessed': False}
  delivery: len=short_of_length line=unknown shot=in_the_air [layer2]
  extras: this_over=0 innings=42 [w7/nb0/b0/lb0]
  extras_log: [{'over': '10.2', 'type': 'wide', 'runs': 1, 'this_over_after': []}, {'over': '10.2', 'type': 'wide', 'runs': 2, 'this_over_after': []}, {'over': '13.1', 'type': 'wide', 'runs': 2, 'this_over_after': []}]
  CB: RR 124-3 (13.3)  crr=9.19  ps=10(11)  recent=
  CB BAT: Ravindra Jadeja* 6(7), Riyan Parag 63(39)
  CB BOWL: T Natarajan 0-19 (2)
  LAST WKT: Dhruv Jurel  c Tristan Stubbs b Axar Patel 42(30)  - 114/3 in 11.4 ov.
  ⚠ DIVERGENCE: SCORE: ui=130 cb=124 | OVERS: ui=14.0 cb=13.3 | STRIKER: ui=Vaibhav Sooryavanshi cb=Ravindra Jadeja | BATTERS_MISSING_IN_UI: {'parag'} (ui={'jadeja', 'sooryavanshi'}, cb={'jadeja', 'parag'}) | BAT_jadeja: ui=7(8) cb=6(7) | FOW_COUNT: ui=2 vs wickets=3 | BOWL_R: ui=21 cb=19 | BOWL_O: ui=1.4 cb=2

[20:40:45  iter#174]
  WS ERR: ''
  CB: RR 124-3 (13.3)  crr=9.19  ps=10(11)  recent=
  CB BAT: Ravindra Jadeja* 6(7), Riyan Parag 63(39)
  CB BOWL: T Natarajan 0-19 (2)
  LAST WKT: Dhruv Jurel  c Tristan Stubbs b Axar Patel 42(30)  - 114/3 in 11.4 ov.
  ⚠ DIVERGENCE: BATTERS_MISSING_IN_UI: {'jadeja', 'parag'} (ui=set(), cb={'jadeja', 'parag'}) | BOWLER: ui=None cb=T Natarajan

[20:41:07  iter#175]
  UI: Rajasthan Royals 130-3 (14.0)  str=Vaibhav Sooryavanshi nstr=Ravindra Jadeja  bowl=T Natarajan 0-21 (2)
  this_over=['.', '.', '.', '.', '.', '.', '.', '.', '.']  fow=2 (unk=0)  last_fow={'wicket': 3, 'batter': 'Riyan Parag', 'score': 89, 'overs': '10.2', 'bowler': None, 'how': 'auto-inferred (striker on wicket)', '_unwitnessed': False}
  delivery: len=short_of_length line=unknown shot=in_the_air [layer2]
  extras: this_over=0 innings=42 [w7/nb0/b0/lb0]
  extras_log: [{'over': '10.2', 'type': 'wide', 'runs': 1, 'this_over_after': []}, {'over': '10.2', 'type': 'wide', 'runs': 2, 'this_over_after': []}, {'over': '13.1', 'type': 'wide', 'runs': 2, 'this_over_after': []}]
  CB: RR 124-3 (13.3)  crr=9.19  ps=10(11)  recent=
  CB BAT: Ravindra Jadeja* 6(7), Riyan Parag 63(39)
  CB BOWL: T Natarajan 0-19 (2)
  LAST WKT: Dhruv Jurel  c Tristan Stubbs b Axar Patel 42(30)  - 114/3 in 11.4 ov.
  ⚠ DIVERGENCE: SCORE: ui=130 cb=124 | OVERS: ui=14.0 cb=13.3 | STRIKER: ui=Vaibhav Sooryavanshi cb=Ravindra Jadeja | BATTERS_MISSING_IN_UI: {'parag'} (ui={'jadeja', 'sooryavanshi'}, cb={'jadeja', 'parag'}) | BAT_jadeja: ui=7(8) cb=6(7) | FOW_COUNT: ui=2 vs wickets=3 | BOWL_R: ui=21 cb=19

[20:41:27  iter#176]
  UI: Rajasthan Royals 130-3 (14.0)  str=Vaibhav Sooryavanshi nstr=Ravindra Jadeja  bowl=T Natarajan 0-21 (2)
  this_over=['.', '.', '.', '.', '.', '.', '.', '.', '.']  fow=2 (unk=0)  last_fow={'wicket': 3, 'batter': 'Riyan Parag', 'score': 89, 'overs': '10.2', 'bowler': None, 'how': 'auto-inferred (striker on wicket)', '_unwitnessed': False}
  delivery: len=short_of_length line=unknown shot=in_the_air [layer2]
  extras: this_over=0 innings=42 [w7/nb0/b0/lb0]
  extras_log: [{'over': '10.2', 'type': 'wide', 'runs': 1, 'this_over_after': []}, {'over': '10.2', 'type': 'wide', 'runs': 2, 'this_over_after': []}, {'over': '13.1', 'type': 'wide', 'runs': 2, 'this_over_after': []}]
  CB: RR 124-3 (13.3)  crr=9.19  ps=10(11)  recent=
  CB BAT: Ravindra Jadeja* 6(7), Riyan Parag 63(39)
  CB BOWL: T Natarajan 0-19 (2)
  LAST WKT: Dhruv Jurel  c Tristan Stubbs b Axar Patel 42(30)  - 114/3 in 11.4 ov.
  ⚠ DIVERGENCE: SCORE: ui=130 cb=124 | OVERS: ui=14.0 cb=13.3 | STRIKER: ui=Vaibhav Sooryavanshi cb=Ravindra Jadeja | BATTERS_MISSING_IN_UI: {'parag'} (ui={'jadeja', 'sooryavanshi'}, cb={'jadeja', 'parag'}) | BAT_jadeja: ui=7(8) cb=6(7) | FOW_COUNT: ui=2 vs wickets=3 | BOWL_R: ui=21 cb=19

[20:41:51  iter#177]
  WS ERR: ''
  CB: RR 124-3 (13.3)  crr=9.19  ps=10(11)  recent=
  CB BAT: Ravindra Jadeja* 6(7), Riyan Parag 63(39)
  CB BOWL: T Natarajan 0-19 (2)
  LAST WKT: Dhruv Jurel  c Tristan Stubbs b Axar Patel 42(30)  - 114/3 in 11.4 ov.
  ⚠ DIVERGENCE: BATTERS_MISSING_IN_UI: {'jadeja', 'parag'} (ui=set(), cb={'jadeja', 'parag'}) | BOWLER: ui=None cb=T Natarajan

[20:42:16  iter#178]
  WS ERR: ''
  CB: RR 124-3 (13.3)  crr=9.19  ps=10(11)  recent=
  CB BAT: Ravindra Jadeja* 6(7), Riyan Parag 63(39)
  CB BOWL: T Natarajan 0-19 (2)
  LAST WKT: Dhruv Jurel  c Tristan Stubbs b Axar Patel 42(30)  - 114/3 in 11.4 ov.
  ⚠ DIVERGENCE: BATTERS_MISSING_IN_UI: {'jadeja', 'parag'} (ui=set(), cb={'jadeja', 'parag'}) | BOWLER: ui=None cb=T Natarajan

[20:42:39  iter#179]
  UI: Rajasthan Royals 134-3 (14.2)  str=Vaibhav Sooryavanshi nstr=Ravindra Jadeja  bowl=T Natarajan 0-23 (2.2)
  this_over=['2', '2']  fow=2 (unk=0)  last_fow={'wicket': 3, 'batter': 'Riyan Parag', 'score': 89, 'overs': '10.2', 'bowler': None, 'how': 'auto-inferred (striker on wicket)', '_unwitnessed': False}
  delivery: len=short_of_length line=unknown shot=defended [layer2]
  extras: this_over=0 innings=42 [w7/nb0/b0/lb0]
  extras_log: [{'over': '10.2', 'type': 'wide', 'runs': 1, 'this_over_after': []}, {'over': '10.2', 'type': 'wide', 'runs': 2, 'this_over_after': []}, {'over': '13.1', 'type': 'wide', 'runs': 2, 'this_over_after': []}]
  CB: RR 124-3 (13.3)  crr=9.19  ps=10(11)  recent=
  CB BAT: Ravindra Jadeja* 6(7), Riyan Parag 63(39)
  CB BOWL: T Natarajan 0-19 (2)
  LAST WKT: Dhruv Jurel  c Tristan Stubbs b Axar Patel 42(30)  - 114/3 in 11.4 ov.
  ⚠ DIVERGENCE: SCORE: ui=134 cb=124 | OVERS: ui=14.2 cb=13.3 | STRIKER: ui=Vaibhav Sooryavanshi cb=Ravindra Jadeja | BATTERS_MISSING_IN_UI: {'parag'} (ui={'jadeja', 'sooryavanshi'}, cb={'jadeja', 'parag'}) | BAT_jadeja: ui=7(8) cb=6(7) | FOW_COUNT: ui=2 vs wickets=3 | BOWL_R: ui=23 cb=19 | BOWL_O: ui=2.2 cb=2

[20:43:02  iter#180]
  UI: Rajasthan Royals 135-3 (14.2)  str=Vaibhav Sooryavanshi nstr=Ravindra Jadeja  bowl=T Natarajan 0-23 (2.2)
  this_over=['2', '2']  fow=2 (unk=0)  last_fow={'wicket': 3, 'batter': 'Riyan Parag', 'score': 89, 'overs': '10.2', 'bowler': None, 'how': 'auto-inferred (striker on wicket)', '_unwitnessed': False}
  delivery: len=short_of_length line=unknown shot=defended [layer2]
  extras: this_over=0 innings=42 [w7/nb0/b0/lb0]
  extras_log: [{'over': '10.2', 'type': 'wide', 'runs': 1, 'this_over_after': []}, {'over': '10.2', 'type': 'wide', 'runs': 2, 'this_over_after': []}, {'over': '13.1', 'type': 'wide', 'runs': 2, 'this_over_after': []}]
  CB: RR 124-3 (13.3)  crr=9.19  ps=10(11)  recent=
  CB BAT: Ravindra Jadeja* 6(7), Riyan Parag 63(39)
  CB BOWL: T Natarajan 0-19 (2)
  LAST WKT: Dhruv Jurel  c Tristan Stubbs b Axar Patel 42(30)  - 114/3 in 11.4 ov.
  ⚠ DIVERGENCE: SCORE: ui=135 cb=124 | OVERS: ui=14.2 cb=13.3 | STRIKER: ui=Vaibhav Sooryavanshi cb=Ravindra Jadeja | BATTERS_MISSING_IN_UI: {'parag'} (ui={'jadeja', 'sooryavanshi'}, cb={'jadeja', 'parag'}) | BAT_jadeja: ui=7(8) cb=6(7) | FOW_COUNT: ui=2 vs wickets=3 | BOWL_R: ui=23 cb=19 | BOWL_O: ui=2.2 cb=2

[20:43:25  iter#181]
  UI: Rajasthan Royals 135-3 (14.2)  str=Vaibhav Sooryavanshi nstr=Ravindra Jadeja  bowl=T Natarajan 0-23 (2.2)
  this_over=['2', '2', 'Wd']  fow=2 (unk=0)  last_fow={'wicket': 3, 'batter': 'Riyan Parag', 'score': 89, 'overs': '10.2', 'bowler': None, 'how': 'auto-inferred (striker on wicket)', '_unwitnessed': False}
  delivery: len=short_of_length line=unknown shot=in_the_air [layer2]
  extras: this_over=1 innings=43 [w8/nb0/b0/lb0]
  extras_log: [{'over': '10.2', 'type': 'wide', 'runs': 2, 'this_over_after': []}, {'over': '13.1', 'type': 'wide', 'runs': 2, 'this_over_after': []}, {'over': '14.2', 'type': 'wide', 'runs': 1, 'this_over_after': []}]
  CB: RR 124-3 (13.3)  crr=9.19  ps=10(11)  recent=
  CB BAT: Ravindra Jadeja* 6(7), Riyan Parag 63(39)
  CB BOWL: T Natarajan 0-19 (2)
  LAST WKT: Dhruv Jurel  c Tristan Stubbs b Axar Patel 42(30)  - 114/3 in 11.4 ov.
  ⚠ DIVERGENCE: SCORE: ui=135 cb=124 | OVERS: ui=14.2 cb=13.3 | STRIKER: ui=Vaibhav Sooryavanshi cb=Ravindra Jadeja | BATTERS_MISSING_IN_UI: {'parag'} (ui={'jadeja', 'sooryavanshi'}, cb={'jadeja', 'parag'}) | BAT_jadeja: ui=7(8) cb=6(7) | FOW_COUNT: ui=2 vs wickets=3 | BOWL_R: ui=23 cb=19 | BOWL_O: ui=2.2 cb=2

[20:43:47  iter#182]
  UI: Rajasthan Royals 136-3 (14.3)  str=Vaibhav Sooryavanshi nstr=Ravindra Jadeja  bowl=T Natarajan 0-25 (2.3)
  this_over=['2', '2', 'Wd', '1']  fow=2 (unk=0)  last_fow={'wicket': 3, 'batter': 'Riyan Parag', 'score': 89, 'overs': '10.2', 'bowler': None, 'how': 'auto-inferred (striker on wicket)', '_unwitnessed': False}
  delivery: len=short_of_length line=unknown shot=in_the_air [layer2]
  extras: this_over=1 innings=43 [w8/nb0/b0/lb0]
  extras_log: [{'over': '10.2', 'type': 'wide', 'runs': 2, 'this_over_after': []}, {'over': '13.1', 'type': 'wide', 'runs': 2, 'this_over_after': []}, {'over': '14.2', 'type': 'wide', 'runs': 1, 'this_over_after': []}]
  CB: RR 124-3 (13.3)  crr=9.19  ps=10(11)  recent=
  CB BAT: Ravindra Jadeja* 6(7), Riyan Parag 63(39)
  CB BOWL: T Natarajan 0-19 (2)
  LAST WKT: Dhruv Jurel  c Tristan Stubbs b Axar Patel 42(30)  - 114/3 in 11.4 ov.
  ⚠ DIVERGENCE: SCORE: ui=136 cb=124 | OVERS: ui=14.3 cb=13.3 | STRIKER: ui=Vaibhav Sooryavanshi cb=Ravindra Jadeja | BATTERS_MISSING_IN_UI: {'parag'} (ui={'jadeja', 'sooryavanshi'}, cb={'jadeja', 'parag'}) | BAT_jadeja: ui=7(8) cb=6(7) | FOW_COUNT: ui=2 vs wickets=3 | BOWL_R: ui=25 cb=19 | BOWL_O: ui=2.3 cb=2

[20:44:11  iter#183]
  WS ERR: ''
  CB: RR 124-3 (13.3)  crr=9.19  ps=10(11)  recent=
  CB BAT: Ravindra Jadeja* 6(7), Riyan Parag 63(39)
  CB BOWL: T Natarajan 0-19 (2)
  LAST WKT: Dhruv Jurel  c Tristan Stubbs b Axar Patel 42(30)  - 114/3 in 11.4 ov.
  ⚠ DIVERGENCE: BATTERS_MISSING_IN_UI: {'jadeja', 'parag'} (ui=set(), cb={'jadeja', 'parag'}) | BOWLER: ui=None cb=T Natarajan

[20:44:32  iter#184]
  UI: Rajasthan Royals 142-3 (14.4)  str=Vaibhav Sooryavanshi nstr=Ravindra Jadeja  bowl=T Natarajan 0-31 (2.4)
  this_over=['2', '2', 'Wd', '1', '6']  fow=2 (unk=0)  last_fow={'wicket': 3, 'batter': 'Riyan Parag', 'score': 89, 'overs': '10.2', 'bowler': None, 'how': 'auto-inferred (striker on wicket)', '_unwitnessed': False}
  delivery: len=short_of_length line=unknown shot=in_the_air [layer2]
  extras: this_over=1 innings=43 [w8/nb0/b0/lb0]
  extras_log: [{'over': '10.2', 'type': 'wide', 'runs': 2, 'this_over_after': []}, {'over': '13.1', 'type': 'wide', 'runs': 2, 'this_over_after': []}, {'over': '14.2', 'type': 'wide', 'runs': 1, 'this_over_after': []}]
  CB: RR 124-3 (13.3)  crr=9.19  ps=10(11)  recent=
  CB BAT: Ravindra Jadeja* 6(7), Riyan Parag 63(39)
  CB BOWL: T Natarajan 0-19 (2)
  LAST WKT: Dhruv Jurel  c Tristan Stubbs b Axar Patel 42(30)  - 114/3 in 11.4 ov.
  ⚠ DIVERGENCE: SCORE: ui=142 cb=124 | OVERS: ui=14.4 cb=13.3 | STRIKER: ui=Vaibhav Sooryavanshi cb=Ravindra Jadeja | BATTERS_MISSING_IN_UI: {'parag'} (ui={'jadeja', 'sooryavanshi'}, cb={'jadeja', 'parag'}) | BAT_jadeja: ui=13(9) cb=6(7) | FOW_COUNT: ui=2 vs wickets=3 | BOWL_R: ui=31 cb=19 | BOWL_O: ui=2.4 cb=2

[20:44:54  iter#185]
  UI: Rajasthan Royals 142-3 (14.4)  str=Vaibhav Sooryavanshi nstr=Ravindra Jadeja  bowl=T Natarajan 0-31 (2.4)
  this_over=['2', '2', 'Wd', '1', '6']  fow=2 (unk=0)  last_fow={'wicket': 3, 'batter': 'Riyan Parag', 'score': 89, 'overs': '10.2', 'bowler': None, 'how': 'auto-inferred (striker on wicket)', '_unwitnessed': False}
  delivery: len=good_length line=unknown shot=in_the_air [layer2]
  extras: this_over=1 innings=43 [w8/nb0/b0/lb0]
  extras_log: [{'over': '10.2', 'type': 'wide', 'runs': 2, 'this_over_after': []}, {'over': '13.1', 'type': 'wide', 'runs': 2, 'this_over_after': []}, {'over': '14.2', 'type': 'wide', 'runs': 1, 'this_over_after': []}]
  CB: RR 124-3 (13.3)  crr=9.19  ps=10(11)  recent=
  CB BAT: Ravindra Jadeja* 6(7), Riyan Parag 63(39)
  CB BOWL: T Natarajan 0-19 (2)
  LAST WKT: Dhruv Jurel  c Tristan Stubbs b Axar Patel 42(30)  - 114/3 in 11.4 ov.
  ⚠ DIVERGENCE: SCORE: ui=142 cb=124 | OVERS: ui=14.4 cb=13.3 | STRIKER: ui=Vaibhav Sooryavanshi cb=Ravindra Jadeja | BATTERS_MISSING_IN_UI: {'parag'} (ui={'jadeja', 'sooryavanshi'}, cb={'jadeja', 'parag'}) | BAT_jadeja: ui=13(9) cb=6(7) | FOW_COUNT: ui=2 vs wickets=3 | BOWL_R: ui=31 cb=19 | BOWL_O: ui=2.4 cb=2

[20:45:15  iter#186]
  UI: Rajasthan Royals 143-3 (14.5)  str=Vaibhav Sooryavanshi nstr=Ravindra Jadeja  bowl=T Natarajan 2-32 (2.5)
  this_over=['2', '2', 'Wd', '1', '6', '1']  fow=2 (unk=0)  last_fow={'wicket': 3, 'batter': 'Riyan Parag', 'score': 89, 'overs': '10.2', 'bowler': None, 'how': 'auto-inferred (striker on wicket)', '_unwitnessed': False}
  delivery: len=good_length line=unknown shot=in_the_air [layer2]
  extras: this_over=1 innings=43 [w8/nb0/b0/lb0]
  extras_log: [{'over': '10.2', 'type': 'wide', 'runs': 2, 'this_over_after': []}, {'over': '13.1', 'type': 'wide', 'runs': 2, 'this_over_after': []}, {'over': '14.2', 'type': 'wide', 'runs': 1, 'this_over_after': []}]
  CB: RR 124-3 (13.3)  crr=9.19  ps=10(11)  recent=
  CB BAT: Ravindra Jadeja* 6(7), Riyan Parag 63(39)
  CB BOWL: T Natarajan 0-19 (2)
  LAST WKT: Dhruv Jurel  c Tristan Stubbs b Axar Patel 42(30)  - 114/3 in 11.4 ov.
  ⚠ DIVERGENCE: SCORE: ui=143 cb=124 | OVERS: ui=14.5 cb=13.3 | STRIKER: ui=Vaibhav Sooryavanshi cb=Ravindra Jadeja | BATTERS_MISSING_IN_UI: {'parag'} (ui={'jadeja', 'sooryavanshi'}, cb={'jadeja', 'parag'}) | BAT_jadeja: ui=14(10) cb=6(7) | FOW_COUNT: ui=2 vs wickets=3 | BOWL_W: ui=2 cb=0 | BOWL_R: ui=32 cb=19 | BOWL_O: ui=2.5 cb=2

[20:45:37  iter#187]
  UI: Rajasthan Royals 143-3 (14.5)  str=Vaibhav Sooryavanshi nstr=Ravindra Jadeja  bowl=T Natarajan 2-32 (2.5)
  this_over=['2', '2', 'Wd', '1', '6', '1']  fow=2 (unk=0)  last_fow={'wicket': 3, 'batter': 'Riyan Parag', 'score': 89, 'overs': '10.2', 'bowler': None, 'how': 'auto-inferred (striker on wicket)', '_unwitnessed': False}
  delivery: len=short_of_length line=unknown shot=in_the_air [layer2]
  extras: this_over=1 innings=43 [w8/nb0/b0/lb0]
  extras_log: [{'over': '10.2', 'type': 'wide', 'runs': 2, 'this_over_after': []}, {'over': '13.1', 'type': 'wide', 'runs': 2, 'this_over_after': []}, {'over': '14.2', 'type': 'wide', 'runs': 1, 'this_over_after': []}]
  CB: RR 124-3 (13.3)  crr=9.19  ps=10(11)  recent=
  CB BAT: Ravindra Jadeja* 6(7), Riyan Parag 63(39)
  CB BOWL: T Natarajan 0-19 (2)
  LAST WKT: Dhruv Jurel  c Tristan Stubbs b Axar Patel 42(30)  - 114/3 in 11.4 ov.
  ⚠ DIVERGENCE: SCORE: ui=143 cb=124 | OVERS: ui=14.5 cb=13.3 | STRIKER: ui=Vaibhav Sooryavanshi cb=Ravindra Jadeja | BATTERS_MISSING_IN_UI: {'parag'} (ui={'jadeja', 'sooryavanshi'}, cb={'jadeja', 'parag'}) | BAT_jadeja: ui=14(10) cb=6(7) | FOW_COUNT: ui=2 vs wickets=3 | BOWL_W: ui=2 cb=0 | BOWL_R: ui=32 cb=19 | BOWL_O: ui=2.5 cb=2

[20:46:02  iter#188]
  WS ERR: ''
  CB: RR 124-3 (13.3)  crr=9.19  ps=10(11)  recent=
  CB BAT: Ravindra Jadeja* 6(7), Riyan Parag 63(39)
  CB BOWL: T Natarajan 0-19 (2)
  LAST WKT: Dhruv Jurel  c Tristan Stubbs b Axar Patel 42(30)  - 114/3 in 11.4 ov.
  ⚠ DIVERGENCE: BATTERS_MISSING_IN_UI: {'jadeja', 'parag'} (ui=set(), cb={'jadeja', 'parag'}) | BOWLER: ui=None cb=T Natarajan

[20:46:26  iter#189]
  WS ERR: ''
  CB: RR 124-3 (13.3)  crr=9.19  ps=10(11)  recent=
  CB BAT: Ravindra Jadeja* 6(7), Riyan Parag 63(39)
  CB BOWL: T Natarajan 0-19 (2)
  LAST WKT: Dhruv Jurel  c Tristan Stubbs b Axar Patel 42(30)  - 114/3 in 11.4 ov.
  ⚠ DIVERGENCE: BATTERS_MISSING_IN_UI: {'jadeja', 'parag'} (ui=set(), cb={'jadeja', 'parag'}) | BOWLER: ui=None cb=T Natarajan

[20:46:46  iter#190]
  UI: Rajasthan Royals 149-3 (15.0)  str=Vaibhav Sooryavanshi nstr=Ravindra Jadeja  bowl=T Natarajan 2-36 (3)
  this_over=['.', '.', '.', '.', '.', '.']  fow=2 (unk=0)  last_fow={'wicket': 3, 'batter': 'Riyan Parag', 'score': 89, 'overs': '10.2', 'bowler': None, 'how': 'auto-inferred (striker on wicket)', '_unwitnessed': False}
  delivery: len=short_of_length line=unknown shot=in_the_air [layer2]
  extras: this_over=0 innings=43 [w8/nb0/b0/lb0]
  extras_log: [{'over': '10.2', 'type': 'wide', 'runs': 2, 'this_over_after': []}, {'over': '13.1', 'type': 'wide', 'runs': 2, 'this_over_after': []}, {'over': '14.2', 'type': 'wide', 'runs': 1, 'this_over_after': []}]
  CB: RR 124-3 (13.3)  crr=9.19  ps=10(11)  recent=
  CB BAT: Ravindra Jadeja* 6(7), Riyan Parag 63(39)
  CB BOWL: T Natarajan 0-19 (2)
  LAST WKT: Dhruv Jurel  c Tristan Stubbs b Axar Patel 42(30)  - 114/3 in 11.4 ov.
  ⚠ DIVERGENCE: SCORE: ui=149 cb=124 | OVERS: ui=15.0 cb=13.3 | STRIKER: ui=Vaibhav Sooryavanshi cb=Ravindra Jadeja | BATTERS_MISSING_IN_UI: {'parag'} (ui={'jadeja', 'sooryavanshi'}, cb={'jadeja', 'parag'}) | BAT_jadeja: ui=14(10) cb=6(7) | FOW_COUNT: ui=2 vs wickets=3 | BOWL_W: ui=2 cb=0 | BOWL_R: ui=36 cb=19 | BOWL_O: ui=3 cb=2

[20:47:11  iter#191]
  WS ERR: ''
  CB: RR 124-3 (13.3)  crr=9.19  ps=10(11)  recent=
  CB BAT: Ravindra Jadeja* 6(7), Riyan Parag 63(39)
  CB BOWL: T Natarajan 0-19 (2)
  LAST WKT: Dhruv Jurel  c Tristan Stubbs b Axar Patel 42(30)  - 114/3 in 11.4 ov.
  ⚠ DIVERGENCE: BATTERS_MISSING_IN_UI: {'jadeja', 'parag'} (ui=set(), cb={'jadeja', 'parag'}) | BOWLER: ui=None cb=T Natarajan

[20:47:32  iter#192]
  UI: Rajasthan Royals 149-3 (15.1)  str=Vaibhav Sooryavanshi nstr=Ravindra Jadeja  bowl=T Natarajan 2-36 (3)
  this_over=['.']  fow=2 (unk=0)  last_fow={'wicket': 3, 'batter': 'Riyan Parag', 'score': 89, 'overs': '10.2', 'bowler': None, 'how': 'auto-inferred (striker on wicket)', '_unwitnessed': False}
  delivery: len=short_of_length line=unknown shot=in_the_air [layer2]
  extras: this_over=0 innings=43 [w8/nb0/b0/lb0]
  extras_log: [{'over': '10.2', 'type': 'wide', 'runs': 2, 'this_over_after': []}, {'over': '13.1', 'type': 'wide', 'runs': 2, 'this_over_after': []}, {'over': '14.2', 'type': 'wide', 'runs': 1, 'this_over_after': []}]
  CB: RR 148-3 (15.1)  crr=9.76  ps=34(21)  recent=1
  CB BAT: Riyan Parag* 77(45), Ravindra Jadeja 15(11)
  CB BOWL: T Natarajan 0-37 (3)
  LAST WKT: Dhruv Jurel  c Tristan Stubbs b Axar Patel 42(30)  - 114/3 in 11.4 ov.
  ⚠ DIVERGENCE: SCORE: ui=149 cb=148 | STRIKER: ui=Vaibhav Sooryavanshi cb=Riyan Parag | BATTERS_MISSING_IN_UI: {'parag'} (ui={'jadeja', 'sooryavanshi'}, cb={'jadeja', 'parag'}) | FOW_COUNT: ui=2 vs wickets=3 | BOWL_W: ui=2 cb=0 | BOWL_R: ui=36 cb=37

[20:47:53  iter#193]
  UI: Rajasthan Royals 149-3 (15.1)  str=Vaibhav Sooryavanshi nstr=Ravindra Jadeja  bowl=Kyle Jamieson 1-34 (3.2)
  this_over=['.']  fow=2 (unk=0)  last_fow={'wicket': 3, 'batter': 'Riyan Parag', 'score': 89, 'overs': '10.2', 'bowler': None, 'how': 'auto-inferred (striker on wicket)', '_unwitnessed': False}
  delivery: len=short_of_length line=unknown shot=in_the_air [layer2]
  extras: this_over=0 innings=43 [w8/nb0/b0/lb0]
  extras_log: [{'over': '10.2', 'type': 'wide', 'runs': 2, 'this_over_after': []}, {'over': '13.1', 'type': 'wide', 'runs': 2, 'this_over_after': []}, {'over': '14.2', 'type': 'wide', 'runs': 1, 'this_over_after': []}]
  CB: RR 148-3 (15.1)  crr=9.76  ps=34(21)  recent=1
  CB BAT: Riyan Parag* 77(45), Ravindra Jadeja 15(11)
  CB BOWL: T Natarajan 0-37 (3)
  LAST WKT: Dhruv Jurel  c Tristan Stubbs b Axar Patel 42(30)  - 114/3 in 11.4 ov.
  ⚠ DIVERGENCE: SCORE: ui=149 cb=148 | STRIKER: ui=Vaibhav Sooryavanshi cb=Riyan Parag | BATTERS_MISSING_IN_UI: {'parag'} (ui={'jadeja', 'sooryavanshi'}, cb={'jadeja', 'parag'}) | FOW_COUNT: ui=2 vs wickets=3 | BOWLER: ui=Kyle Jamieson cb=T Natarajan

[20:48:13  iter#194]
  UI: Rajasthan Royals 152-3 (15.1)  str=Vaibhav Sooryavanshi nstr=Ravindra Jadeja  bowl=Kyle Jamieson 1-37 (3.1)
  this_over=['.']  fow=2 (unk=0)  last_fow={'wicket': 3, 'batter': 'Riyan Parag', 'score': 89, 'overs': '10.2', 'bowler': None, 'how': 'auto-inferred (striker on wicket)', '_unwitnessed': False}
  delivery: len=short_of_length line=unknown shot=in_the_air [layer2]
  extras: this_over=0 innings=43 [w8/nb0/b0/lb0]
  extras_log: [{'over': '10.2', 'type': 'wide', 'runs': 2, 'this_over_after': []}, {'over': '13.1', 'type': 'wide', 'runs': 2, 'this_over_after': []}, {'over': '14.2', 'type': 'wide', 'runs': 1, 'this_over_after': []}]
  CB: RR 148-3 (15.1)  crr=9.76  ps=34(21)  recent=1
  CB BAT: Riyan Parag* 77(45), Ravindra Jadeja 15(11)
  CB BOWL: T Natarajan 0-37 (3)
  LAST WKT: Dhruv Jurel  c Tristan Stubbs b Axar Patel 42(30)  - 114/3 in 11.4 ov.
  ⚠ DIVERGENCE: SCORE: ui=152 cb=148 | STRIKER: ui=Vaibhav Sooryavanshi cb=Riyan Parag | BATTERS_MISSING_IN_UI: {'parag'} (ui={'jadeja', 'sooryavanshi'}, cb={'jadeja', 'parag'}) | FOW_COUNT: ui=2 vs wickets=3 | BOWLER: ui=Kyle Jamieson cb=T Natarajan

[20:48:36  iter#195]
  UI: Rajasthan Royals 152-3 (15.2)  str=Vaibhav Sooryavanshi nstr=Ravindra Jadeja  bowl=Kyle Jamieson 1-38 (3.2)
  this_over=['.', '3']  fow=2 (unk=0)  last_fow={'wicket': 3, 'batter': 'Riyan Parag', 'score': 89, 'overs': '10.2', 'bowler': None, 'how': 'auto-inferred (striker on wicket)', '_unwitnessed': False}
  delivery: len=short_of_length line=unknown shot=in_the_air [layer2]
  extras: this_over=0 innings=43 [w8/nb0/b0/lb0]
  extras_log: [{'over': '10.2', 'type': 'wide', 'runs': 2, 'this_over_after': []}, {'over': '13.1', 'type': 'wide', 'runs': 2, 'this_over_after': []}, {'over': '14.2', 'type': 'wide', 'runs': 1, 'this_over_after': []}]
  CB: RR 156-3 (15.3)  crr=10.06  ps=42(23)  recent=1 4 4
  CB BAT: Riyan Parag* 85(47), Ravindra Jadeja 15(11)
  CB BOWL: T Natarajan 0-37 (3)
  LAST WKT: Dhruv Jurel  c Tristan Stubbs b Axar Patel 42(30)  - 114/3 in 11.4 ov.
  ⚠ DIVERGENCE: SCORE: ui=152 cb=156 | OVERS: ui=15.2 cb=15.3 | STRIKER: ui=Vaibhav Sooryavanshi cb=Riyan Parag | BATTERS_MISSING_IN_UI: {'parag'} (ui={'jadeja', 'sooryavanshi'}, cb={'jadeja', 'parag'}) | FOW_COUNT: ui=2 vs wickets=3 | BOWLER: ui=Kyle Jamieson cb=T Natarajan

[20:49:01  iter#196]
  WS ERR: ''
  CB: RR 156-3 (15.3)  crr=10.06  ps=42(23)  recent=1 4 4
  CB BAT: Riyan Parag* 85(47), Ravindra Jadeja 15(11)
  CB BOWL: T Natarajan 0-37 (3)
  LAST WKT: Dhruv Jurel  c Tristan Stubbs b Axar Patel 42(30)  - 114/3 in 11.4 ov.
  ⚠ DIVERGENCE: BATTERS_MISSING_IN_UI: {'jadeja', 'parag'} (ui=set(), cb={'jadeja', 'parag'}) | BOWLER: ui=None cb=T Natarajan

[20:49:23  iter#197]
  UI: Rajasthan Royals 156-3 (15.3)  str=Vaibhav Sooryavanshi nstr=Ravindra Jadeja  bowl=Kyle Jamieson 1-42 (3.3)
  this_over=['.', '3', '4']  fow=2 (unk=0)  last_fow={'wicket': 3, 'batter': 'Riyan Parag', 'score': 89, 'overs': '10.2', 'bowler': None, 'how': 'auto-inferred (striker on wicket)', '_unwitnessed': False}
  delivery: len=good_length line=unknown shot=in_the_air [layer2]
  extras: this_over=0 innings=43 [w8/nb0/b0/lb0]
  extras_log: [{'over': '10.2', 'type': 'wide', 'runs': 2, 'this_over_after': []}, {'over': '13.1', 'type': 'wide', 'runs': 2, 'this_over_after': []}, {'over': '14.2', 'type': 'wide', 'runs': 1, 'this_over_after': []}]
  CB: RR 156-3 (15.3)  crr=10.06  ps=42(23)  recent=1 4 4
  CB BAT: Riyan Parag* 85(47), Ravindra Jadeja 15(11)
  CB BOWL: T Natarajan 0-37 (3)
  LAST WKT: Dhruv Jurel  c Tristan Stubbs b Axar Patel 42(30)  - 114/3 in 11.4 ov.
  ⚠ DIVERGENCE: STRIKER: ui=Vaibhav Sooryavanshi cb=Riyan Parag | BATTERS_MISSING_IN_UI: {'parag'} (ui={'jadeja', 'sooryavanshi'}, cb={'jadeja', 'parag'}) | FOW_COUNT: ui=2 vs wickets=3 | BOWLER: ui=Kyle Jamieson cb=T Natarajan

[20:49:45  iter#198]
  UI: Rajasthan Royals 160-3 (15.4)  str=Vaibhav Sooryavanshi nstr=Ravindra Jadeja  bowl=Kyle Jamieson 1-46 (3.4)
  this_over=['.', '3', '4', '4']  fow=2 (unk=0)  last_fow={'wicket': 3, 'batter': 'Riyan Parag', 'score': 89, 'overs': '10.2', 'bowler': None, 'how': 'auto-inferred (striker on wicket)', '_unwitnessed': False}
  delivery: len=good_length line=unknown shot=in_the_air [layer2]
  extras: this_over=0 innings=43 [w8/nb0/b0/lb0]
  extras_log: [{'over': '10.2', 'type': 'wide', 'runs': 2, 'this_over_after': []}, {'over': '13.1', 'type': 'wide', 'runs': 2, 'this_over_after': []}, {'over': '14.2', 'type': 'wide', 'runs': 1, 'this_over_after': []}]
  CB: RR 160-3 (15.4)  crr=10.21  ps=46(24)  recent=1 4 4 4
  CB BAT: Riyan Parag* 89(48), Ravindra Jadeja 15(11)
  CB BOWL: T Natarajan 0-37 (3)
  LAST WKT: Dhruv Jurel  c Tristan Stubbs b Axar Patel 42(30)  - 114/3 in 11.4 ov.
  ⚠ DIVERGENCE: STRIKER: ui=Vaibhav Sooryavanshi cb=Riyan Parag | BATTERS_MISSING_IN_UI: {'parag'} (ui={'jadeja', 'sooryavanshi'}, cb={'jadeja', 'parag'}) | FOW_COUNT: ui=2 vs wickets=3 | BOWLER: ui=Kyle Jamieson cb=T Natarajan

[20:50:07  iter#199]
  UI: Rajasthan Royals 160-3 (15.4)  str=Vaibhav Sooryavanshi nstr=Ravindra Jadeja  bowl=Kyle Jamieson 1-46 (3.5)
  this_over=['.', '3', '4', '4']  fow=2 (unk=0)  last_fow={'wicket': 3, 'batter': 'Riyan Parag', 'score': 89, 'overs': '10.2', 'bowler': None, 'how': 'auto-inferred (striker on wicket)', '_unwitnessed': False}
  delivery: len=short_of_length line=unknown shot=in_the_air [layer2]
  extras: this_over=0 innings=43 [w8/nb0/b0/lb0]
  extras_log: [{'over': '10.2', 'type': 'wide', 'runs': 2, 'this_over_after': []}, {'over': '13.1', 'type': 'wide', 'runs': 2, 'this_over_after': []}, {'over': '14.2', 'type': 'wide', 'runs': 1, 'this_over_after': []}]
  CB: RR 160-3 (15.4)  crr=10.21  ps=46(24)  recent=1 4 4 4
  CB BAT: Riyan Parag* 89(48), Ravindra Jadeja 15(11)
  CB BOWL: T Natarajan 0-37 (3)
  LAST WKT: Dhruv Jurel  c Tristan Stubbs b Axar Patel 42(30)  - 114/3 in 11.4 ov.
  ⚠ DIVERGENCE: STRIKER: ui=Vaibhav Sooryavanshi cb=Riyan Parag | BATTERS_MISSING_IN_UI: {'parag'} (ui={'jadeja', 'sooryavanshi'}, cb={'jadeja', 'parag'}) | FOW_COUNT: ui=2 vs wickets=3 | BOWLER: ui=Kyle Jamieson cb=T Natarajan

[20:50:29  iter#200]
  UI: Rajasthan Royals 161-3 (15.5)  str=Vaibhav Sooryavanshi nstr=Ravindra Jadeja  bowl=Kyle Jamieson 1-47 (3.5)
  this_over=['.', '3', '4', '4', '1']  fow=2 (unk=0)  last_fow={'wicket': 3, 'batter': 'Riyan Parag', 'score': 89, 'overs': '10.2', 'bowler': None, 'how': 'auto-inferred (striker on wicket)', '_unwitnessed': False}
  delivery: len=short_of_length line=unknown shot=in_the_air [layer2]
  extras: this_over=0 innings=43 [w8/nb0/b0/lb0]
  extras_log: [{'over': '10.2', 'type': 'wide', 'runs': 2, 'this_over_after': []}, {'over': '13.1', 'type': 'wide', 'runs': 2, 'this_over_after': []}, {'over': '14.2', 'type': 'wide', 'runs': 1, 'this_over_after': []}]
  CB: RR 161-3 (15.5)  crr=10.17  ps=47(25)  recent=1 4 4 4 1
  CB BAT: Ravindra Jadeja* 15(11), Riyan Parag 90(49)
  CB BOWL: T Natarajan 0-37 (3)
  LAST WKT: Dhruv Jurel  c Tristan Stubbs b Axar Patel 42(30)  - 114/3 in 11.4 ov.
  ⚠ DIVERGENCE: STRIKER: ui=Vaibhav Sooryavanshi cb=Ravindra Jadeja | BATTERS_MISSING_IN_UI: {'parag'} (ui={'jadeja', 'sooryavanshi'}, cb={'jadeja', 'parag'}) | FOW_COUNT: ui=2 vs wickets=3 | BOWLER: ui=Kyle Jamieson cb=T Natarajan

[20:50:53  iter#201]
  WS ERR: ''
  CB: RR 161-3 (15.5)  crr=10.17  ps=47(25)  recent=1 4 4 4 1
  CB BAT: Ravindra Jadeja* 15(11), Riyan Parag 90(49)
  CB BOWL: T Natarajan 0-37 (3)
  LAST WKT: Dhruv Jurel  c Tristan Stubbs b Axar Patel 42(30)  - 114/3 in 11.4 ov.
  ⚠ DIVERGENCE: BATTERS_MISSING_IN_UI: {'jadeja', 'parag'} (ui=set(), cb={'jadeja', 'parag'}) | BOWLER: ui=None cb=T Natarajan

[20:51:14  iter#202]
  UI: Rajasthan Royals 162-3 (16.0)  str=Vaibhav Sooryavanshi nstr=Ravindra Jadeja  bowl=T Natarajan 2-36 (3)
  this_over=['.', '3', '4', '4', '1', '1']  fow=2 (unk=0)  last_fow={'wicket': 3, 'batter': 'Riyan Parag', 'score': 89, 'overs': '10.2', 'bowler': None, 'how': 'auto-inferred (striker on wicket)', '_unwitnessed': False}
  delivery: len=short_of_length line=unknown shot=in_the_air [layer2]
  extras: this_over=0 innings=43 [w8/nb0/b0/lb0]
  extras_log: [{'over': '10.2', 'type': 'wide', 'runs': 2, 'this_over_after': []}, {'over': '13.1', 'type': 'wide', 'runs': 2, 'this_over_after': []}, {'over': '14.2', 'type': 'wide', 'runs': 1, 'this_over_after': []}]
  CB: RR 162-3 (16)  crr=10.12  ps=48(26)  recent=1 4 4 4 1 1
  CB BAT: Ravindra Jadeja* 16(12), Riyan Parag 90(49)
  CB BOWL: Kyle Jamieson 1-48 (4)
  LAST WKT: Dhruv Jurel  c Tristan Stubbs b Axar Patel 42(30)  - 114/3 in 11.4 ov.
  ⚠ DIVERGENCE: OVERS: ui=16.0 cb=16 | STRIKER: ui=Vaibhav Sooryavanshi cb=Ravindra Jadeja | BATTERS_MISSING_IN_UI: {'parag'} (ui={'jadeja', 'sooryavanshi'}, cb={'jadeja', 'parag'}) | FOW_COUNT: ui=2 vs wickets=3 | BOWLER: ui=T Natarajan cb=Kyle Jamieson

[20:51:34  iter#203]
  UI: Rajasthan Royals 162-3 (16.0)  str=Vaibhav Sooryavanshi nstr=Ravindra Jadeja  bowl=T Natarajan 2-36 (3)
  this_over=['.', '.', '.', '.', '.', '.']  fow=2 (unk=0)  last_fow={'wicket': 3, 'batter': 'Riyan Parag', 'score': 89, 'overs': '10.2', 'bowler': None, 'how': 'auto-inferred (striker on wicket)', '_unwitnessed': False}
  delivery: len=short_of_length line=unknown shot=in_the_air [layer2]
  extras: this_over=0 innings=43 [w8/nb0/b0/lb0]
  extras_log: [{'over': '10.2', 'type': 'wide', 'runs': 2, 'this_over_after': []}, {'over': '13.1', 'type': 'wide', 'runs': 2, 'this_over_after': []}, {'over': '14.2', 'type': 'wide', 'runs': 1, 'this_over_after': []}]
  CB: RR 162-3 (16)  crr=10.12  ps=48(26)  recent=1 4 4 4 1 1
  CB BAT: Ravindra Jadeja* 16(12), Riyan Parag 90(49)
  CB BOWL: Kyle Jamieson 1-48 (4)
  LAST WKT: Dhruv Jurel  c Tristan Stubbs b Axar Patel 42(30)  - 114/3 in 11.4 ov.
  ⚠ DIVERGENCE: OVERS: ui=16.0 cb=16 | STRIKER: ui=Vaibhav Sooryavanshi cb=Ravindra Jadeja | BATTERS_MISSING_IN_UI: {'parag'} (ui={'jadeja', 'sooryavanshi'}, cb={'jadeja', 'parag'}) | FOW_COUNT: ui=2 vs wickets=3 | BOWLER: ui=T Natarajan cb=Kyle Jamieson

[20:51:55  iter#204]
  UI: Rajasthan Royals 162-3 (16.0)  str=Vaibhav Sooryavanshi nstr=Ravindra Jadeja  bowl=Mitchell Starc 1-17 (2)
  this_over=['.', '.', '.', '.', '.', '.']  fow=2 (unk=0)  last_fow={'wicket': 3, 'batter': 'Riyan Parag', 'score': 89, 'overs': '10.2', 'bowler': None, 'how': 'auto-inferred (striker on wicket)', '_unwitnessed': False}
  delivery: len=short_of_length line=unknown shot=in_the_air [layer2]
  extras: this_over=0 innings=43 [w8/nb0/b0/lb0]
  extras_log: [{'over': '10.2', 'type': 'wide', 'runs': 2, 'this_over_after': []}, {'over': '13.1', 'type': 'wide', 'runs': 2, 'this_over_after': []}, {'over': '14.2', 'type': 'wide', 'runs': 1, 'this_over_after': []}]
  CB: RR 162-3 (16)  crr=10.12  ps=48(26)  recent=1 4 4 4 1 1
  CB BAT: Ravindra Jadeja* 16(12), Riyan Parag 90(49)
  CB BOWL: Kyle Jamieson 1-48 (4)
  LAST WKT: Dhruv Jurel  c Tristan Stubbs b Axar Patel 42(30)  - 114/3 in 11.4 ov.
  ⚠ DIVERGENCE: OVERS: ui=16.0 cb=16 | STRIKER: ui=Vaibhav Sooryavanshi cb=Ravindra Jadeja | BATTERS_MISSING_IN_UI: {'parag'} (ui={'jadeja', 'sooryavanshi'}, cb={'jadeja', 'parag'}) | FOW_COUNT: ui=2 vs wickets=3 | BOWLER: ui=Mitchell Starc cb=Kyle Jamieson

[20:52:19  iter#205]
  WS ERR: ''
  CB: RR 166-3 (16.1)  crr=10.27  ps=52(27)  recent=4
  CB BAT: Ravindra Jadeja* 20(13), Riyan Parag 90(49)
  CB BOWL: Kyle Jamieson 1-48 (4)
  LAST WKT: Dhruv Jurel  c Tristan Stubbs b Axar Patel 42(30)  - 114/3 in 11.4 ov.
  ⚠ DIVERGENCE: BATTERS_MISSING_IN_UI: {'jadeja', 'parag'} (ui=set(), cb={'jadeja', 'parag'}) | BOWLER: ui=None cb=Kyle Jamieson

[20:52:40  iter#206]
  UI: Rajasthan Royals 166-3 (16.1)  str=Vaibhav Sooryavanshi nstr=Ravindra Jadeja  bowl=Mitchell Starc 1-17 (2)
  this_over=['4']  fow=2 (unk=0)  last_fow={'wicket': 3, 'batter': 'Riyan Parag', 'score': 89, 'overs': '10.2', 'bowler': None, 'how': 'auto-inferred (striker on wicket)', '_unwitnessed': False}
  delivery: len=short_of_length line=unknown shot=in_the_air [layer2]
  extras: this_over=0 innings=43 [w8/nb0/b0/lb0]
  extras_log: [{'over': '10.2', 'type': 'wide', 'runs': 2, 'this_over_after': []}, {'over': '13.1', 'type': 'wide', 'runs': 2, 'this_over_after': []}, {'over': '14.2', 'type': 'wide', 'runs': 1, 'this_over_after': []}]
  CB: RR 166-3 (16.1)  crr=10.27  ps=52(27)  recent=4
  CB BAT: Ravindra Jadeja* 20(13), Riyan Parag 90(49)
  CB BOWL: Kyle Jamieson 1-48 (4)
  LAST WKT: Dhruv Jurel  c Tristan Stubbs b Axar Patel 42(30)  - 114/3 in 11.4 ov.
  ⚠ DIVERGENCE: STRIKER: ui=Vaibhav Sooryavanshi cb=Ravindra Jadeja | BATTERS_MISSING_IN_UI: {'parag'} (ui={'jadeja', 'sooryavanshi'}, cb={'jadeja', 'parag'}) | FOW_COUNT: ui=2 vs wickets=3 | BOWLER: ui=Mitchell Starc cb=Kyle Jamieson

[20:53:05  iter#207]
  WS ERR: ''
  CB: RR 167-3 (16.1)  crr=10.33  ps=53(27)  recent=4 W
  CB BAT: Ravindra Jadeja* 20(13), Riyan Parag 90(49)
  CB BOWL: Kyle Jamieson 1-48 (4)
  LAST WKT: Dhruv Jurel  c Tristan Stubbs b Axar Patel 42(30)  - 114/3 in 11.4 ov.
  ⚠ DIVERGENCE: BATTERS_MISSING_IN_UI: {'jadeja', 'parag'} (ui=set(), cb={'jadeja', 'parag'}) | BOWLER: ui=None cb=Kyle Jamieson

[20:53:26  iter#208]
  UI: Rajasthan Royals 167-3 (16.1)  str=Vaibhav Sooryavanshi nstr=Ravindra Jadeja  bowl=Mitchell Starc 2-23 (2.1)
  this_over=['4', 'Wd']  fow=2 (unk=0)  last_fow={'wicket': 3, 'batter': 'Riyan Parag', 'score': 89, 'overs': '10.2', 'bowler': None, 'how': 'auto-inferred (striker on wicket)', '_unwitnessed': False}
  delivery: len=short_of_length line=outside_off shot=in_the_air [layer2]
  extras: this_over=1 innings=44 [w9/nb0/b0/lb0]
  extras_log: [{'over': '13.1', 'type': 'wide', 'runs': 2, 'this_over_after': []}, {'over': '14.2', 'type': 'wide', 'runs': 1, 'this_over_after': []}, {'over': '16.1', 'type': 'wide', 'runs': 1, 'this_over_after': []}]
  CB: RR 167-3 (16.1)  crr=10.33  ps=53(27)  recent=4 W
  CB BAT: Ravindra Jadeja* 20(13), Riyan Parag 90(49)
  CB BOWL: Kyle Jamieson 1-48 (4)
  LAST WKT: Dhruv Jurel  c Tristan Stubbs b Axar Patel 42(30)  - 114/3 in 11.4 ov.
  ⚠ DIVERGENCE: STRIKER: ui=Vaibhav Sooryavanshi cb=Ravindra Jadeja | BATTERS_MISSING_IN_UI: {'parag'} (ui={'jadeja', 'sooryavanshi'}, cb={'jadeja', 'parag'}) | FOW_COUNT: ui=2 vs wickets=3 | BOWLER: ui=Mitchell Starc cb=Kyle Jamieson

[20:53:48  iter#209]
  UI: Rajasthan Royals 167-3 (16.1)  str=Vaibhav Sooryavanshi nstr=Ravindra Jadeja  bowl=Mitchell Starc 2-23 (2.1)
  this_over=['4', 'Wd']  fow=2 (unk=0)  last_fow={'wicket': 3, 'batter': 'Riyan Parag', 'score': 89, 'overs': '10.2', 'bowler': None, 'how': 'auto-inferred (striker on wicket)', '_unwitnessed': False}
  delivery: len=short_of_length line=outside_off shot=in_the_air [layer2]
  extras: this_over=1 innings=44 [w9/nb0/b0/lb0]
  extras_log: [{'over': '13.1', 'type': 'wide', 'runs': 2, 'this_over_after': []}, {'over': '14.2', 'type': 'wide', 'runs': 1, 'this_over_after': []}, {'over': '16.1', 'type': 'wide', 'runs': 1, 'this_over_after': []}]
  CB: RR 167-3 (16.1)  crr=10.33  ps=53(27)  recent=4 W
  CB BAT: Ravindra Jadeja* 20(13), Riyan Parag 90(49)
  CB BOWL: Kyle Jamieson 1-48 (4)
  LAST WKT: Dhruv Jurel  c Tristan Stubbs b Axar Patel 42(30)  - 114/3 in 11.4 ov.
  ⚠ DIVERGENCE: STRIKER: ui=Vaibhav Sooryavanshi cb=Ravindra Jadeja | BATTERS_MISSING_IN_UI: {'parag'} (ui={'jadeja', 'sooryavanshi'}, cb={'jadeja', 'parag'}) | FOW_COUNT: ui=2 vs wickets=3 | BOWLER: ui=Mitchell Starc cb=Kyle Jamieson

[20:54:09  iter#210]
  UI: Rajasthan Royals 167-3 (16.1)  str=Vaibhav Sooryavanshi nstr=Ravindra Jadeja  bowl=Mitchell Starc 2-23 (2.1)
  this_over=['4', 'Wd']  fow=2 (unk=0)  last_fow={'wicket': 3, 'batter': 'Riyan Parag', 'score': 89, 'overs': '10.2', 'bowler': None, 'how': 'auto-inferred (striker on wicket)', '_unwitnessed': False}
  delivery: len=short_of_length line=outside_off shot=in_the_air [layer2]
  extras: this_over=1 innings=44 [w9/nb0/b0/lb0]
  extras_log: [{'over': '13.1', 'type': 'wide', 'runs': 2, 'this_over_after': []}, {'over': '14.2', 'type': 'wide', 'runs': 1, 'this_over_after': []}, {'over': '16.1', 'type': 'wide', 'runs': 1, 'this_over_after': []}]
  CB: RR 167-3 (16.1)  crr=10.33  ps=53(27)  recent=... 1 6 1 4
  CB BAT: Ravindra Jadeja* 20(13), Riyan Parag 90(49)
  CB BOWL: Kyle Jamieson 1-48 (4)
  LAST WKT: Dhruv Jurel  c Tristan Stubbs b Axar Patel 42(30)  - 114/3 in 11.4 ov.
  ⚠ DIVERGENCE: STRIKER: ui=Vaibhav Sooryavanshi cb=Ravindra Jadeja | BATTERS_MISSING_IN_UI: {'parag'} (ui={'jadeja', 'sooryavanshi'}, cb={'jadeja', 'parag'}) | FOW_COUNT: ui=2 vs wickets=3 | BOWLER: ui=Mitchell Starc cb=Kyle Jamieson

[20:54:30  iter#211]
  UI: Rajasthan Royals 167-4 (16.2)  str=Vaibhav Sooryavanshi nstr=None  bowl=Mitchell Starc 2-23 (3.2)
  this_over=['4', 'Wd', 'W']  fow=2 (unk=0)  last_fow={'wicket': 3, 'batter': 'Riyan Parag', 'score': 89, 'overs': '10.2', 'bowler': None, 'how': 'auto-inferred (striker on wicket)', '_unwitnessed': False}
  delivery: len=short_of_length line=outside_off shot=in_the_air [layer2]
  extras: this_over=1 innings=44 [w9/nb0/b0/lb0]
  extras_log: [{'over': '13.1', 'type': 'wide', 'runs': 2, 'this_over_after': []}, {'over': '14.2', 'type': 'wide', 'runs': 1, 'this_over_after': []}, {'over': '16.1', 'type': 'wide', 'runs': 1, 'this_over_after': []}]
  CB: RR 167-3 (16.1)  crr=10.33  ps=53(27)  recent=... 1 6 1 4
  CB BAT: Ravindra Jadeja* 20(13), Riyan Parag 90(49)
  CB BOWL: Kyle Jamieson 1-48 (4)
  LAST WKT: Dhruv Jurel  c Tristan Stubbs b Axar Patel 42(30)  - 114/3 in 11.4 ov.
  ⚠ DIVERGENCE: WICKETS: ui=4 cb=3 | OVERS: ui=16.2 cb=16.1 | STRIKER: ui=Vaibhav Sooryavanshi cb=Ravindra Jadeja | BATTERS_MISSING_IN_UI: {'jadeja', 'parag'} (ui={'sooryavanshi'}, cb={'jadeja', 'parag'}) | FOW_COUNT: ui=2 vs wickets=4 | BOWLER: ui=Mitchell Starc cb=Kyle Jamieson

[20:54:52  iter#212]
  UI: Rajasthan Royals 167-4 (16.2)  str=Vaibhav Sooryavanshi nstr=None  bowl=Mitchell Starc 2-23 (3.2)
  this_over=['4', 'Wd', 'W']  fow=2 (unk=0)  last_fow={'wicket': 3, 'batter': 'Riyan Parag', 'score': 89, 'overs': '10.2', 'bowler': None, 'how': 'auto-inferred (striker on wicket)', '_unwitnessed': False}
  delivery: len=short_of_length line=outside_off shot=in_the_air [layer2]
  extras: this_over=1 innings=44 [w9/nb0/b0/lb0]
  extras_log: [{'over': '13.1', 'type': 'wide', 'runs': 2, 'this_over_after': []}, {'over': '14.2', 'type': 'wide', 'runs': 1, 'this_over_after': []}, {'over': '16.1', 'type': 'wide', 'runs': 1, 'this_over_after': []}]
  CB: RR 167-4 (16.2)  crr=10.22  ps=53(28)  recent=4 W
  CB BAT: Riyan Parag* 90(49), Kyle Jamieson 4(0)
  CB BOWL: Kyle Jamieson 1-48 (4)
  LAST WKT: Ravindra Jadeja  c Ashutosh Sharma b Mitchell Starc 20(14)  - 167/4 in 16.2 ov.
  ⚠ DIVERGENCE: STRIKER: ui=Vaibhav Sooryavanshi cb=Riyan Parag | BATTERS_MISSING_IN_UI: {'parag', 'jamieson'} (ui={'sooryavanshi'}, cb={'jamieson', 'parag'}) | FOW_COUNT: ui=2 vs wickets=4 | BOWLER: ui=Mitchell Starc cb=Kyle Jamieson

[20:55:12  iter#213]
  UI: Rajasthan Royals 167-4 (16.2)  str=Vaibhav Sooryavanshi nstr=Donovan Ferreira  bowl=Mitchell Starc 2-23 (3.2)
  this_over=['4', 'Wd', 'W']  fow=2 (unk=0)  last_fow={'wicket': 3, 'batter': 'Riyan Parag', 'score': 89, 'overs': '10.2', 'bowler': None, 'how': 'auto-inferred (striker on wicket)', '_unwitnessed': False}
  delivery: len=good_length line=unknown shot=in_the_air [layer2]
  extras: this_over=1 innings=44 [w9/nb0/b0/lb0]
  extras_log: [{'over': '13.1', 'type': 'wide', 'runs': 2, 'this_over_after': []}, {'over': '14.2', 'type': 'wide', 'runs': 1, 'this_over_after': []}, {'over': '16.1', 'type': 'wide', 'runs': 1, 'this_over_after': []}]
  CB: RR 167-4 (16.2)  crr=10.22  ps=0(0)  recent=... 6 1 4
  CB BAT: Donovan Ferreira* 0(0), Riyan Parag 90(49)
  CB BOWL: Kyle Jamieson 1-48 (4)
  LAST WKT: Ravindra Jadeja  c Ashutosh Sharma b Mitchell Starc 20(14)  - 167/4 in 16.2 ov.
  ⚠ DIVERGENCE: STRIKER: ui=Vaibhav Sooryavanshi cb=Donovan Ferreira | BATTERS_MISSING_IN_UI: {'parag'} (ui={'ferreira', 'sooryavanshi'}, cb={'ferreira', 'parag'}) | FOW_COUNT: ui=2 vs wickets=4 | BOWLER: ui=Mitchell Starc cb=Kyle Jamieson

[20:55:35  iter#214]
  UI: Rajasthan Royals 167-4 (16.2)  str=Vaibhav Sooryavanshi nstr=Donovan Ferreira  bowl=Mitchell Starc 2-23 (3.2)
  this_over=['4', 'Wd', 'W']  fow=2 (unk=0)  last_fow={'wicket': 3, 'batter': 'Riyan Parag', 'score': 89, 'overs': '10.2', 'bowler': None, 'how': 'auto-inferred (striker on wicket)', '_unwitnessed': False}
  delivery: len=good_length line=unknown shot=in_the_air [layer2]
  extras: this_over=1 innings=44 [w9/nb0/b0/lb0]
  extras_log: [{'over': '13.1', 'type': 'wide', 'runs': 2, 'this_over_after': []}, {'over': '14.2', 'type': 'wide', 'runs': 1, 'this_over_after': []}, {'over': '16.1', 'type': 'wide', 'runs': 1, 'this_over_after': []}]
  CB: RR 167-4 (16.2)  crr=10.22  ps=0(0)  recent=... 6 1 4
  CB BAT: Donovan Ferreira* 0(0), Riyan Parag 90(49)
  CB BOWL: Kyle Jamieson 1-48 (4)
  LAST WKT: Ravindra Jadeja  c Ashutosh Sharma b Mitchell Starc 20(14)  - 167/4 in 16.2 ov.
  ⚠ DIVERGENCE: STRIKER: ui=Vaibhav Sooryavanshi cb=Donovan Ferreira | BATTERS_MISSING_IN_UI: {'parag'} (ui={'ferreira', 'sooryavanshi'}, cb={'ferreira', 'parag'}) | FOW_COUNT: ui=2 vs wickets=4 | BOWLER: ui=Mitchell Starc cb=Kyle Jamieson

[20:55:58  iter#215]
  UI: Rajasthan Royals 167-4 (16.2)  str=Vaibhav Sooryavanshi nstr=Donovan Ferreira  bowl=Mitchell Starc 2-23 (3.2)
  this_over=['4', 'Wd', 'W']  fow=2 (unk=0)  last_fow={'wicket': 3, 'batter': 'Riyan Parag', 'score': 89, 'overs': '10.2', 'bowler': None, 'how': 'auto-inferred (striker on wicket)', '_unwitnessed': False}
  delivery: len=good_length line=unknown shot=in_the_air [layer2]
  extras: this_over=1 innings=44 [w9/nb0/b0/lb0]
  extras_log: [{'over': '13.1', 'type': 'wide', 'runs': 2, 'this_over_after': []}, {'over': '14.2', 'type': 'wide', 'runs': 1, 'this_over_after': []}, {'over': '16.1', 'type': 'wide', 'runs': 1, 'this_over_after': []}]
  CB: RR 168-4 (16.3)  crr=10.18  ps=1(1)  recent=4 W
  CB BAT: Riyan Parag* 90(49), Donovan Ferreira 1(1)
  CB BOWL: Kyle Jamieson 1-48 (4)
  LAST WKT: Ravindra Jadeja  c Ashutosh Sharma b Mitchell Starc 20(14)  - 167/4 in 16.2 ov.
  ⚠ DIVERGENCE: SCORE: ui=167 cb=168 | OVERS: ui=16.2 cb=16.3 | STRIKER: ui=Vaibhav Sooryavanshi cb=Riyan Parag | BATTERS_MISSING_IN_UI: {'parag'} (ui={'ferreira', 'sooryavanshi'}, cb={'ferreira', 'parag'}) | BAT_ferreira: ui=0(0) cb=1(1) | FOW_COUNT: ui=2 vs wickets=4 | BOWLER: ui=Mitchell Starc cb=Kyle Jamieson

[20:56:24  iter#216]
  WS ERR: ''
  CB: RR 168-4 (16.3)  crr=10.18  ps=1(1)  recent=4 W
  CB BAT: Riyan Parag* 90(49), Donovan Ferreira 1(1)
  CB BOWL: Kyle Jamieson 1-48 (4)
  LAST WKT: Ravindra Jadeja  c Ashutosh Sharma b Mitchell Starc 20(14)  - 167/4 in 16.2 ov.
  ⚠ DIVERGENCE: BATTERS_MISSING_IN_UI: {'ferreira', 'parag'} (ui=set(), cb={'ferreira', 'parag'}) | BOWLER: ui=None cb=Kyle Jamieson

[20:56:44  iter#217]
  UI: Rajasthan Royals 168-4 (16.4)  str=Vaibhav Sooryavanshi nstr=Donovan Ferreira  bowl=Mitchell Starc 2-23 (3.2)
  this_over=['4', 'Wd', 'W', '1', '.']  fow=2 (unk=0)  last_fow={'wicket': 3, 'batter': 'Riyan Parag', 'score': 89, 'overs': '10.2', 'bowler': None, 'how': 'auto-inferred (striker on wicket)', '_unwitnessed': False}
  delivery: len=short_of_length line=unknown shot=in_the_air [layer2]
  extras: this_over=1 innings=44 [w9/nb0/b0/lb0]
  extras_log: [{'over': '13.1', 'type': 'wide', 'runs': 2, 'this_over_after': []}, {'over': '14.2', 'type': 'wide', 'runs': 1, 'this_over_after': []}, {'over': '16.1', 'type': 'wide', 'runs': 1, 'this_over_after': []}]
  CB: RR 168-5 (16.4)  crr=10.08  ps=1(2)  recent=4 W
  CB BAT: Donovan Ferreira* 1(1), Kyle Jamieson 4(0)
  CB BOWL: Kyle Jamieson 1-48 (4)
  LAST WKT: Riyan Parag  c Axar Patel b Mitchell Starc 90(50)  - 168/5 in 16.4 ov.
  ⚠ DIVERGENCE: WICKETS: ui=4 cb=5 | STRIKER: ui=Vaibhav Sooryavanshi cb=Donovan Ferreira | BATTERS_MISSING_IN_UI: {'jamieson'} (ui={'ferreira', 'sooryavanshi'}, cb={'ferreira', 'jamieson'}) | FOW_COUNT: ui=2 vs wickets=4 | BOWLER: ui=Mitchell Starc cb=Kyle Jamieson

[20:57:07  iter#218]
  UI: Rajasthan Royals 168-5 (16.4)  str=Shubham Dubey nstr=Shimron Hetmyer  bowl=Mitchell Starc 2-23 (3.4)
  this_over=['4', 'Wd', '1', 'W', 'W']  fow=3 (unk=0)  last_fow={'wicket': 5, 'batter': 'Donovan Ferreira', 'score': 168, 'overs': '16.4', 'bowler': 'Mitchell Starc', 'how': None, '_unwitnessed': False}
  delivery: len=short_of_length line=unknown shot=in_the_air [layer2]
  extras: this_over=1 innings=44 [w9/nb0/b0/lb0]
  extras_log: [{'over': '13.1', 'type': 'wide', 'runs': 2, 'this_over_after': []}, {'over': '14.2', 'type': 'wide', 'runs': 1, 'this_over_after': []}, {'over': '16.1', 'type': 'wide', 'runs': 1, 'this_over_after': []}]
  CB: RR 168-5 (16.4)  crr=10.08  ps=1(2)  recent=4 W
  CB BAT: Donovan Ferreira* 1(1), Kyle Jamieson 4(0)
  CB BOWL: Kyle Jamieson 1-48 (4)
  LAST WKT: Riyan Parag  c Axar Patel b Mitchell Starc 90(50)  - 168/5 in 16.4 ov.
  ⚠ DIVERGENCE: STRIKER: ui=Shubham Dubey cb=Donovan Ferreira | BATTERS_MISSING_IN_UI: {'ferreira', 'jamieson'} (ui={'hetmyer', 'dubey'}, cb={'ferreira', 'jamieson'}) | FOW_COUNT: ui=3 vs wickets=5 | BOWLER: ui=Mitchell Starc cb=Kyle Jamieson

[20:57:28  iter#219]
  UI: Rajasthan Royals 168-5 (16.4)  str=Shubham Dubey nstr=Shimron Hetmyer  bowl=Mitchell Starc 2-23 (3.4)
  this_over=['4', 'Wd', '1', 'W', 'W']  fow=3 (unk=0)  last_fow={'wicket': 5, 'batter': 'Donovan Ferreira', 'score': 168, 'overs': '16.4', 'bowler': 'Mitchell Starc', 'how': None, '_unwitnessed': False}
  delivery: len=short_of_length line=unknown shot=in_the_air [layer2]
  extras: this_over=1 innings=44 [w9/nb0/b0/lb0]
  extras_log: [{'over': '13.1', 'type': 'wide', 'runs': 2, 'this_over_after': []}, {'over': '14.2', 'type': 'wide', 'runs': 1, 'this_over_after': []}, {'over': '16.1', 'type': 'wide', 'runs': 1, 'this_over_after': []}]
  CB: RR 168-5 (16.4)  crr=10.08  ps=0(0)  recent=... 4
  CB BAT: Shubham Dubey* 0(0), Donovan Ferreira 1(1)
  CB BOWL: Kyle Jamieson 1-48 (4)
  LAST WKT: Riyan Parag  c Axar Patel b Mitchell Starc 90(50)  - 168/5 in 16.4 ov.
  ⚠ DIVERGENCE: BATTERS_MISSING_IN_UI: {'ferreira'} (ui={'hetmyer', 'dubey'}, cb={'ferreira', 'dubey'}) | FOW_COUNT: ui=3 vs wickets=5 | BOWLER: ui=Mitchell Starc cb=Kyle Jamieson

[20:57:50  iter#220]
  UI: Rajasthan Royals 168-5 (16.4)  str=Shubham Dubey nstr=Shimron Hetmyer  bowl=Mitchell Starc 2-23 (3.4)
  this_over=['4', 'Wd', '1', 'W', 'W']  fow=3 (unk=0)  last_fow={'wicket': 5, 'batter': 'Donovan Ferreira', 'score': 168, 'overs': '16.4', 'bowler': 'Mitchell Starc', 'how': None, '_unwitnessed': False}
  delivery: len=good_length line=leg_stump shot=in_the_air [layer2]
  extras: this_over=1 innings=44 [w9/nb0/b0/lb0]
  extras_log: [{'over': '13.1', 'type': 'wide', 'runs': 2, 'this_over_after': []}, {'over': '14.2', 'type': 'wide', 'runs': 1, 'this_over_after': []}, {'over': '16.1', 'type': 'wide', 'runs': 1, 'this_over_after': []}]
  CB: RR 168-5 (16.5)  crr=9.98  ps=0(1)  recent=4 W
  CB BAT: Shubham Dubey* 0(1), Donovan Ferreira 1(1)
  CB BOWL: Kyle Jamieson 1-48 (4)
  LAST WKT: Riyan Parag  c Axar Patel b Mitchell Starc 90(50)  - 168/5 in 16.4 ov.
  ⚠ DIVERGENCE: OVERS: ui=16.4 cb=16.5 | BATTERS_MISSING_IN_UI: {'ferreira'} (ui={'hetmyer', 'dubey'}, cb={'ferreira', 'dubey'}) | BAT_dubey: ui=0(0) cb=0(1) | FOW_COUNT: ui=3 vs wickets=5 | BOWLER: ui=Mitchell Starc cb=Kyle Jamieson

[20:58:14  iter#221]
  UI: Rajasthan Royals 168-5 (16.4)  str=Shubham Dubey nstr=Shimron Hetmyer  bowl=Mitchell Starc 2-23 (3.4)
  this_over=['4', 'Wd', '1', 'W', 'W']  fow=3 (unk=0)  last_fow={'wicket': 5, 'batter': 'Donovan Ferreira', 'score': 168, 'overs': '16.4', 'bowler': 'Mitchell Starc', 'how': None, '_unwitnessed': False}
  delivery: len=good_length line=leg_stump shot=in_the_air [layer2]
  extras: this_over=1 innings=44 [w9/nb0/b0/lb0]
  extras_log: [{'over': '13.1', 'type': 'wide', 'runs': 2, 'this_over_after': []}, {'over': '14.2', 'type': 'wide', 'runs': 1, 'this_over_after': []}, {'over': '16.1', 'type': 'wide', 'runs': 1, 'this_over_after': []}]
  CB: RR 168-5 (16.5)  crr=9.98  ps=0(1)  recent=4 W
  CB BAT: Shubham Dubey* 0(1), Donovan Ferreira 1(1)
  CB BOWL: Kyle Jamieson 1-48 (4)
  LAST WKT: Riyan Parag  c Axar Patel b Mitchell Starc 90(50)  - 168/5 in 16.4 ov.
  ⚠ DIVERGENCE: OVERS: ui=16.4 cb=16.5 | BATTERS_MISSING_IN_UI: {'ferreira'} (ui={'hetmyer', 'dubey'}, cb={'ferreira', 'dubey'}) | BAT_dubey: ui=1(0) cb=0(1) | FOW_COUNT: ui=3 vs wickets=5 | BOWLER: ui=Mitchell Starc cb=Kyle Jamieson

[20:58:38  iter#222]
  WS ERR: ''
  CB: RR 169-5 (16.5)  crr=10.04  ps=1(1)  recent=4 W
  CB BAT: Shubham Dubey* 0(1), Donovan Ferreira 1(1)
  CB BOWL: Kyle Jamieson 1-48 (4)
  LAST WKT: Riyan Parag  c Axar Patel b Mitchell Starc 90(50)  - 168/5 in 16.4 ov.
  ⚠ DIVERGENCE: BATTERS_MISSING_IN_UI: {'ferreira', 'dubey'} (ui=set(), cb={'ferreira', 'dubey'}) | BOWLER: ui=None cb=Kyle Jamieson

[20:59:00  iter#223]
  UI: Rajasthan Royals 169-5 (16.5)  str=Shubham Dubey nstr=Shimron Hetmyer  bowl=Mitchell Starc 2-23 (3.4)
  this_over=['4', 'Wd', '1', 'W', 'W', '.', 'Wd']  fow=3 (unk=0)  last_fow={'wicket': 5, 'batter': 'Donovan Ferreira', 'score': 168, 'overs': '16.4', 'bowler': 'Mitchell Starc', 'how': None, '_unwitnessed': False}
  delivery: len=good_length line=unknown shot=in_the_air [layer2]
  extras: this_over=2 innings=45 [w10/nb0/b0/lb0]
  extras_log: [{'over': '14.2', 'type': 'wide', 'runs': 1, 'this_over_after': []}, {'over': '16.1', 'type': 'wide', 'runs': 1, 'this_over_after': []}, {'over': '16.5', 'type': 'wide', 'runs': 1, 'this_over_after': []}]
  CB: RR 169-5 (16.5)  crr=10.04  ps=1(1)  recent=4 W
  CB BAT: Shubham Dubey* 0(1), Donovan Ferreira 1(1)
  CB BOWL: Kyle Jamieson 1-48 (4)
  LAST WKT: Riyan Parag  c Axar Patel b Mitchell Starc 90(50)  - 168/5 in 16.4 ov.
  ⚠ DIVERGENCE: BATTERS_MISSING_IN_UI: {'ferreira'} (ui={'hetmyer', 'dubey'}, cb={'ferreira', 'dubey'}) | FOW_COUNT: ui=3 vs wickets=5 | BOWLER: ui=Mitchell Starc cb=Kyle Jamieson

[20:59:21  iter#224]
  UI: Rajasthan Royals 169-5 (16.5)  str=Shubham Dubey nstr=Shimron Hetmyer  bowl=Mitchell Starc 2-23 (3.4)
  this_over=['4', 'Wd', '1', 'W', 'W', '.', 'Wd']  fow=3 (unk=0)  last_fow={'wicket': 5, 'batter': 'Donovan Ferreira', 'score': 168, 'overs': '16.4', 'bowler': 'Mitchell Starc', 'how': None, '_unwitnessed': False}
  delivery: len=good_length line=unknown shot=in_the_air [layer2]
  extras: this_over=2 innings=45 [w10/nb0/b0/lb0]
  extras_log: [{'over': '14.2', 'type': 'wide', 'runs': 1, 'this_over_after': []}, {'over': '16.1', 'type': 'wide', 'runs': 1, 'this_over_after': []}, {'over': '16.5', 'type': 'wide', 'runs': 1, 'this_over_after': []}]
  CB: RR 173-5 (17)  crr=10.18  ps=5(2)  recent=... 4 W
  CB BAT: Donovan Ferreira* 1(1), Shubham Dubey 4(2)
  CB BOWL: Mitchell Starc 3-27 (3)
  LAST WKT: Riyan Parag  c Axar Patel b Mitchell Starc 90(50)  - 168/5 in 16.4 ov.
  ⚠ DIVERGENCE: SCORE: ui=169 cb=173 | OVERS: ui=16.5 cb=17 | STRIKER: ui=Shubham Dubey cb=Donovan Ferreira | BATTERS_MISSING_IN_UI: {'ferreira'} (ui={'hetmyer', 'dubey'}, cb={'ferreira', 'dubey'}) | BAT_dubey: ui=0(1) cb=4(2) | FOW_COUNT: ui=3 vs wickets=5 | BOWL_W: ui=2 cb=3 | BOWL_R: ui=23 cb=27 | BOWL_O: ui=3.4 cb=3

[20:59:45  iter#225]
  WS ERR: ''
  CB: RR 173-5 (17)  crr=10.18  ps=5(2)  recent=... 4 W
  CB BAT: Donovan Ferreira* 1(1), Shubham Dubey 4(2)
  CB BOWL: Mitchell Starc 3-27 (3)
  LAST WKT: Riyan Parag  c Axar Patel b Mitchell Starc 90(50)  - 168/5 in 16.4 ov.
  ⚠ DIVERGENCE: BATTERS_MISSING_IN_UI: {'ferreira', 'dubey'} (ui=set(), cb={'ferreira', 'dubey'}) | BOWLER: ui=None cb=Mitchell Starc

[21:00:07  iter#226]
  UI: Rajasthan Royals 169-5 (16.5)  str=Shubham Dubey nstr=Shimron Hetmyer  bowl=Mitchell Starc 2-23 (3.4)
  this_over=['4', 'Wd', '1', 'W', 'W', '.', 'Wd']  fow=3 (unk=0)  last_fow={'wicket': 5, 'batter': 'Donovan Ferreira', 'score': 168, 'overs': '16.4', 'bowler': 'Mitchell Starc', 'how': None, '_unwitnessed': False}
  delivery: len=good_length line=unknown shot=in_the_air [layer2]
  extras: this_over=2 innings=45 [w10/nb0/b0/lb0]
  extras_log: [{'over': '14.2', 'type': 'wide', 'runs': 1, 'this_over_after': []}, {'over': '16.1', 'type': 'wide', 'runs': 1, 'this_over_after': []}, {'over': '16.5', 'type': 'wide', 'runs': 1, 'this_over_after': []}]
  CB: RR 173-5 (17)  crr=10.18  ps=5(2)  recent=... 1 4 4 4 1 1
  CB BAT: Donovan Ferreira* 1(1), Shubham Dubey 4(2)
  CB BOWL: Mitchell Starc 3-27 (3)
  LAST WKT: Riyan Parag  c Axar Patel b Mitchell Starc 90(50)  - 168/5 in 16.4 ov.
  ⚠ DIVERGENCE: SCORE: ui=169 cb=173 | OVERS: ui=16.5 cb=17 | STRIKER: ui=Shubham Dubey cb=Donovan Ferreira | BATTERS_MISSING_IN_UI: {'ferreira'} (ui={'hetmyer', 'dubey'}, cb={'ferreira', 'dubey'}) | BAT_dubey: ui=0(1) cb=4(2) | FOW_COUNT: ui=3 vs wickets=5 | BOWL_W: ui=2 cb=3 | BOWL_R: ui=23 cb=27 | BOWL_O: ui=3.4 cb=3

[21:00:28  iter#227]
  UI: Rajasthan Royals 174-5 (17.1)  str=Shubham Dubey nstr=Shimron Hetmyer  bowl=T Natarajan 2-36 (3)
  this_over=['1']  fow=3 (unk=0)  last_fow={'wicket': 5, 'batter': 'Donovan Ferreira', 'score': 168, 'overs': '16.4', 'bowler': 'Mitchell Starc', 'how': None, '_unwitnessed': False}
  delivery: len=good_length line=unknown shot=in_the_air [layer2]
  extras: this_over=0 innings=45 [w10/nb0/b0/lb0]
  extras_log: [{'over': '14.2', 'type': 'wide', 'runs': 1, 'this_over_after': []}, {'over': '16.1', 'type': 'wide', 'runs': 1, 'this_over_after': []}, {'over': '16.5', 'type': 'wide', 'runs': 1, 'this_over_after': []}]
  CB: RR 173-5 (17)  crr=10.18  ps=5(2)  recent=... 1 4 4 4 1 1
  CB BAT: Donovan Ferreira* 1(1), Shubham Dubey 4(2)
  CB BOWL: Mitchell Starc 3-27 (3)
  LAST WKT: Riyan Parag  c Axar Patel b Mitchell Starc 90(50)  - 168/5 in 16.4 ov.
  ⚠ DIVERGENCE: SCORE: ui=174 cb=173 | OVERS: ui=17.1 cb=17 | STRIKER: ui=Shubham Dubey cb=Donovan Ferreira | BATTERS_MISSING_IN_UI: {'ferreira'} (ui={'hetmyer', 'dubey'}, cb={'ferreira', 'dubey'}) | FOW_COUNT: ui=3 vs wickets=5 | BOWLER: ui=T Natarajan cb=Mitchell Starc

[21:00:50  iter#228]
  UI: Rajasthan Royals 174-5 (17.1)  str=Shubham Dubey nstr=Shimron Hetmyer  bowl=T Natarajan 2-36 (3)
  this_over=['1']  fow=3 (unk=0)  last_fow={'wicket': 5, 'batter': 'Donovan Ferreira', 'score': 168, 'overs': '16.4', 'bowler': 'Mitchell Starc', 'how': None, '_unwitnessed': False}
  delivery: len=short_of_length line=unknown shot=in_the_air [layer2]
  extras: this_over=0 innings=45 [w10/nb0/b0/lb0]
  extras_log: [{'over': '14.2', 'type': 'wide', 'runs': 1, 'this_over_after': []}, {'over': '16.1', 'type': 'wide', 'runs': 1, 'this_over_after': []}, {'over': '16.5', 'type': 'wide', 'runs': 1, 'this_over_after': []}]
  CB: RR 174-5 (17.1)  crr=10.14  ps=6(3)  recent=1
  CB BAT: Shubham Dubey* 4(2), Donovan Ferreira 2(2)
  CB BOWL: Mitchell Starc 3-27 (3)
  LAST WKT: Riyan Parag  c Axar Patel b Mitchell Starc 90(50)  - 168/5 in 16.4 ov.
  ⚠ DIVERGENCE: BATTERS_MISSING_IN_UI: {'ferreira'} (ui={'hetmyer', 'dubey'}, cb={'ferreira', 'dubey'}) | FOW_COUNT: ui=3 vs wickets=5 | BOWLER: ui=T Natarajan cb=Mitchell Starc

[21:01:14  iter#229]
  WS ERR: ''
  CB: RR 175-5 (17.2)  crr=10.1  ps=7(4)  recent=1 1
  CB BAT: Donovan Ferreira* 2(2), Shubham Dubey 5(3)
  CB BOWL: Mitchell Starc 3-27 (3)
  LAST WKT: Riyan Parag  c Axar Patel b Mitchell Starc 90(50)  - 168/5 in 16.4 ov.
  ⚠ DIVERGENCE: BATTERS_MISSING_IN_UI: {'ferreira', 'dubey'} (ui=set(), cb={'ferreira', 'dubey'}) | BOWLER: ui=None cb=Mitchell Starc

[21:01:36  iter#230]
  UI: Rajasthan Royals 181-5 (17.3)  str=Shubham Dubey nstr=Shimron Hetmyer  bowl=T Natarajan 2-36 (3)
  this_over=['1', '1', '6']  fow=3 (unk=0)  last_fow={'wicket': 5, 'batter': 'Donovan Ferreira', 'score': 168, 'overs': '16.4', 'bowler': 'Mitchell Starc', 'how': None, '_unwitnessed': False}
  delivery: len=short_of_length line=unknown shot=in_the_air [layer2]
  extras: this_over=0 innings=45 [w10/nb0/b0/lb0]
  extras_log: [{'over': '14.2', 'type': 'wide', 'runs': 1, 'this_over_after': []}, {'over': '16.1', 'type': 'wide', 'runs': 1, 'this_over_after': []}, {'over': '16.5', 'type': 'wide', 'runs': 1, 'this_over_after': []}]
  CB: RR 181-5 (17.3)  crr=10.34  ps=13(5)  recent=1 1 6
  CB BAT: Donovan Ferreira* 8(3), Shubham Dubey 5(3)
  CB BOWL: Mitchell Starc 3-27 (3)
  LAST WKT: Riyan Parag  c Axar Patel b Mitchell Starc 90(50)  - 168/5 in 16.4 ov.
  ⚠ DIVERGENCE: STRIKER: ui=Shubham Dubey cb=Donovan Ferreira | BATTERS_MISSING_IN_UI: {'ferreira'} (ui={'hetmyer', 'dubey'}, cb={'ferreira', 'dubey'}) | FOW_COUNT: ui=3 vs wickets=5 | BOWLER: ui=T Natarajan cb=Mitchell Starc

[21:01:59  iter#231]
  UI: Rajasthan Royals 181-5 (17.3)  str=Shubham Dubey nstr=Shimron Hetmyer  bowl=T Natarajan 2-36 (3)
  this_over=['1', '1', '6']  fow=3 (unk=0)  last_fow={'wicket': 5, 'batter': 'Donovan Ferreira', 'score': 168, 'overs': '16.4', 'bowler': 'Mitchell Starc', 'how': None, '_unwitnessed': False}
  delivery: len=short_of_length line=unknown shot=in_the_air [layer2]
  extras: this_over=0 innings=45 [w10/nb0/b0/lb0]
  extras_log: [{'over': '14.2', 'type': 'wide', 'runs': 1, 'this_over_after': []}, {'over': '16.1', 'type': 'wide', 'runs': 1, 'this_over_after': []}, {'over': '16.5', 'type': 'wide', 'runs': 1, 'this_over_after': []}]
  CB: RR 181-5 (17.3)  crr=10.34  ps=13(5)  recent=1 1 6
  CB BAT: Donovan Ferreira* 8(3), Shubham Dubey 5(3)
  CB BOWL: Mitchell Starc 3-27 (3)
  LAST WKT: Riyan Parag  c Axar Patel b Mitchell Starc 90(50)  - 168/5 in 16.4 ov.
  ⚠ DIVERGENCE: STRIKER: ui=Shubham Dubey cb=Donovan Ferreira | BATTERS_MISSING_IN_UI: {'ferreira'} (ui={'hetmyer', 'dubey'}, cb={'ferreira', 'dubey'}) | FOW_COUNT: ui=3 vs wickets=5 | BOWLER: ui=T Natarajan cb=Mitchell Starc

[21:02:23  iter#232]
  WS ERR: ''
  CB: RR 187-5 (17.4)  crr=10.58  ps=19(6)  recent=1 1 6 6
  CB BAT: Donovan Ferreira* 14(4), Shubham Dubey 5(3)
  CB BOWL: Mitchell Starc 3-27 (3)
  LAST WKT: Riyan Parag  c Axar Patel b Mitchell Starc 90(50)  - 168/5 in 16.4 ov.
  ⚠ DIVERGENCE: BATTERS_MISSING_IN_UI: {'ferreira', 'dubey'} (ui=set(), cb={'ferreira', 'dubey'}) | BOWLER: ui=None cb=Mitchell Starc

[21:02:45  iter#233]
  UI: Rajasthan Royals 181-5 (17.3)  str=Shubham Dubey nstr=Shimron Hetmyer  bowl=T Natarajan 2-36 (3)
  this_over=['1', '1', '6']  fow=3 (unk=0)  last_fow={'wicket': 5, 'batter': 'Donovan Ferreira', 'score': 168, 'overs': '16.4', 'bowler': 'Mitchell Starc', 'how': None, '_unwitnessed': False}
  delivery: len=short_of_length line=unknown shot=in_the_air [layer2]
  extras: this_over=0 innings=45 [w10/nb0/b0/lb0]
  extras_log: [{'over': '14.2', 'type': 'wide', 'runs': 1, 'this_over_after': []}, {'over': '16.1', 'type': 'wide', 'runs': 1, 'this_over_after': []}, {'over': '16.5', 'type': 'wide', 'runs': 1, 'this_over_after': []}]
  CB: RR 187-5 (17.4)  crr=10.58  ps=19(6)  recent=1 1 6 6
  CB BAT: Donovan Ferreira* 14(4), Shubham Dubey 5(3)
  CB BOWL: Mitchell Starc 3-27 (3)
  LAST WKT: Riyan Parag  c Axar Patel b Mitchell Starc 90(50)  - 168/5 in 16.4 ov.
  ⚠ DIVERGENCE: SCORE: ui=181 cb=187 | OVERS: ui=17.3 cb=17.4 | STRIKER: ui=Shubham Dubey cb=Donovan Ferreira | BATTERS_MISSING_IN_UI: {'ferreira'} (ui={'hetmyer', 'dubey'}, cb={'ferreira', 'dubey'}) | FOW_COUNT: ui=3 vs wickets=5 | BOWLER: ui=T Natarajan cb=Mitchell Starc

[21:03:07  iter#234]
  UI: Rajasthan Royals 187-5 (17.4)  str=Shubham Dubey nstr=Shimron Hetmyer  bowl=T Natarajan 2-36 (3)
  this_over=['1', '1', '6', '6']  fow=3 (unk=0)  last_fow={'wicket': 5, 'batter': 'Donovan Ferreira', 'score': 168, 'overs': '16.4', 'bowler': 'Mitchell Starc', 'how': None, '_unwitnessed': False}
  delivery: len=short_of_length line=unknown shot=in_the_air [layer2]
  extras: this_over=0 innings=45 [w10/nb0/b0/lb0]
  extras_log: [{'over': '14.2', 'type': 'wide', 'runs': 1, 'this_over_after': []}, {'over': '16.1', 'type': 'wide', 'runs': 1, 'this_over_after': []}, {'over': '16.5', 'type': 'wide', 'runs': 1, 'this_over_after': []}]
  CB: RR 187-5 (17.4)  crr=10.58  ps=19(6)  recent=1 1 6 6
  CB BAT: Donovan Ferreira* 14(4), Shubham Dubey 5(3)
  CB BOWL: Mitchell Starc 3-27 (3)
  LAST WKT: Riyan Parag  c Axar Patel b Mitchell Starc 90(50)  - 168/5 in 16.4 ov.
  ⚠ DIVERGENCE: STRIKER: ui=Shubham Dubey cb=Donovan Ferreira | BATTERS_MISSING_IN_UI: {'ferreira'} (ui={'hetmyer', 'dubey'}, cb={'ferreira', 'dubey'}) | FOW_COUNT: ui=3 vs wickets=5 | BOWLER: ui=T Natarajan cb=Mitchell Starc

[21:03:29  iter#235]
  UI: Rajasthan Royals 187-5 (17.5)  str=Shubham Dubey nstr=Shimron Hetmyer  bowl=T Natarajan 2-36 (3)
  this_over=['1', '1', '6', '6', '.']  fow=3 (unk=0)  last_fow={'wicket': 5, 'batter': 'Donovan Ferreira', 'score': 168, 'overs': '16.4', 'bowler': 'Mitchell Starc', 'how': None, '_unwitnessed': False}
  delivery: len=good_length line=unknown shot=in_the_air [layer2]
  extras: this_over=0 innings=45 [w10/nb0/b0/lb0]
  extras_log: [{'over': '14.2', 'type': 'wide', 'runs': 1, 'this_over_after': []}, {'over': '16.1', 'type': 'wide', 'runs': 1, 'this_over_after': []}, {'over': '16.5', 'type': 'wide', 'runs': 1, 'this_over_after': []}]
  CB: RR 193-5 (18)  crr=10.72  ps=25(8)  recent=1 1 6 6 0 6
  CB BAT: Shubham Dubey* 5(3), Donovan Ferreira 20(6)
  CB BOWL: Kuldeep Yadav 0-41 (4)
  LAST WKT: Riyan Parag  c Axar Patel b Mitchell Starc 90(50)  - 168/5 in 16.4 ov.
  ⚠ DIVERGENCE: SCORE: ui=187 cb=193 | OVERS: ui=17.5 cb=18 | BATTERS_MISSING_IN_UI: {'ferreira'} (ui={'hetmyer', 'dubey'}, cb={'ferreira', 'dubey'}) | FOW_COUNT: ui=3 vs wickets=5 | BOWLER: ui=T Natarajan cb=Kuldeep Yadav

[21:03:53  iter#236]
  WS ERR: ''
  CB: RR 193-5 (18)  crr=10.72  ps=25(8)  recent=1 1 6 6 0 6
  CB BAT: Shubham Dubey* 5(3), Donovan Ferreira 20(6)
  CB BOWL: Kuldeep Yadav 0-41 (4)
  LAST WKT: Riyan Parag  c Axar Patel b Mitchell Starc 90(50)  - 168/5 in 16.4 ov.
  ⚠ DIVERGENCE: BATTERS_MISSING_IN_UI: {'ferreira', 'dubey'} (ui=set(), cb={'ferreira', 'dubey'}) | BOWLER: ui=None cb=Kuldeep Yadav

[21:04:15  iter#237]
  UI: Rajasthan Royals 193-5 (18.0)  str=Shubham Dubey nstr=Shimron Hetmyer  bowl=T Natarajan 2-36 (3)
  this_over=['.', '.', '.', '.', '.', '.']  fow=3 (unk=0)  last_fow={'wicket': 5, 'batter': 'Donovan Ferreira', 'score': 168, 'overs': '16.4', 'bowler': 'Mitchell Starc', 'how': None, '_unwitnessed': False}
  delivery: len=short_of_length line=unknown shot=in_the_air [layer2]
  extras: this_over=0 innings=45 [w10/nb0/b0/lb0]
  extras_log: [{'over': '14.2', 'type': 'wide', 'runs': 1, 'this_over_after': []}, {'over': '16.1', 'type': 'wide', 'runs': 1, 'this_over_after': []}, {'over': '16.5', 'type': 'wide', 'runs': 1, 'this_over_after': []}]
  CB: RR 193-5 (18)  crr=10.72  ps=25(8)  recent=1 1 6 6 0 6
  CB BAT: Shubham Dubey* 5(3), Donovan Ferreira 20(6)
  CB BOWL: Kuldeep Yadav 0-41 (4)
  LAST WKT: Riyan Parag  c Axar Patel b Mitchell Starc 90(50)  - 168/5 in 16.4 ov.
  ⚠ DIVERGENCE: OVERS: ui=18.0 cb=18 | BATTERS_MISSING_IN_UI: {'ferreira'} (ui={'hetmyer', 'dubey'}, cb={'ferreira', 'dubey'}) | FOW_COUNT: ui=3 vs wickets=5 | BOWLER: ui=T Natarajan cb=Kuldeep Yadav

[21:04:36  iter#238]
  UI: Rajasthan Royals 193-5 (18.0)  str=Shubham Dubey nstr=Shimron Hetmyer  bowl=T Natarajan 2-36 (3)
  this_over=['.', '.', '.', '.', '.', '.']  fow=3 (unk=0)  last_fow={'wicket': 5, 'batter': 'Donovan Ferreira', 'score': 168, 'overs': '16.4', 'bowler': 'Mitchell Starc', 'how': None, '_unwitnessed': False}
  delivery: len=short_of_length line=unknown shot=in_the_air [layer2]
  extras: this_over=0 innings=45 [w10/nb0/b0/lb0]
  extras_log: [{'over': '14.2', 'type': 'wide', 'runs': 1, 'this_over_after': []}, {'over': '16.1', 'type': 'wide', 'runs': 1, 'this_over_after': []}, {'over': '16.5', 'type': 'wide', 'runs': 1, 'this_over_after': []}]
  CB: RR 193-5 (18)  crr=10.72  ps=25(8)  recent=1 1 6 6 0 6
  CB BAT: Shubham Dubey* 5(3), Donovan Ferreira 20(6)
  CB BOWL: Kuldeep Yadav 0-41 (4)
  LAST WKT: Riyan Parag  c Axar Patel b Mitchell Starc 90(50)  - 168/5 in 16.4 ov.
  ⚠ DIVERGENCE: OVERS: ui=18.0 cb=18 | BATTERS_MISSING_IN_UI: {'ferreira'} (ui={'hetmyer', 'dubey'}, cb={'ferreira', 'dubey'}) | FOW_COUNT: ui=3 vs wickets=5 | BOWLER: ui=T Natarajan cb=Kuldeep Yadav

[21:05:01  iter#239]
  WS ERR: ''
  CB: RR 193-5 (18)  crr=10.72  ps=25(8)  recent=1 1 6 6 0 6
  CB BAT: Shubham Dubey* 5(3), Donovan Ferreira 20(6)
  CB BOWL: Kuldeep Yadav 0-41 (4)
  LAST WKT: Riyan Parag  c Axar Patel b Mitchell Starc 90(50)  - 168/5 in 16.4 ov.
  ⚠ DIVERGENCE: BATTERS_MISSING_IN_UI: {'ferreira', 'dubey'} (ui=set(), cb={'ferreira', 'dubey'}) | BOWLER: ui=None cb=Kuldeep Yadav

[21:05:21  iter#240]
  UI: Rajasthan Royals 194-5 (18.1)  str=Shubham Dubey nstr=Shimron Hetmyer  bowl=Mitchell Starc 2-28 (3.4)
  this_over=['1']  fow=3 (unk=0)  last_fow={'wicket': 5, 'batter': 'Donovan Ferreira', 'score': 168, 'overs': '16.4', 'bowler': 'Mitchell Starc', 'how': None, '_unwitnessed': False}
  delivery: len=good_length line=outside_off shot=in_the_air [layer2]
  extras: this_over=0 innings=45 [w10/nb0/b0/lb0]
  extras_log: [{'over': '14.2', 'type': 'wide', 'runs': 1, 'this_over_after': []}, {'over': '16.1', 'type': 'wide', 'runs': 1, 'this_over_after': []}, {'over': '16.5', 'type': 'wide', 'runs': 1, 'this_over_after': []}]
  CB: RR 194-5 (18.1)  crr=10.68  ps=26(9)  recent=1
  CB BAT: Donovan Ferreira* 20(6), Shubham Dubey 6(4)
  CB BOWL: Kuldeep Yadav 0-41 (4)
  LAST WKT: Riyan Parag  c Axar Patel b Mitchell Starc 90(50)  - 168/5 in 16.4 ov.
  ⚠ DIVERGENCE: STRIKER: ui=Shubham Dubey cb=Donovan Ferreira | BATTERS_MISSING_IN_UI: {'ferreira'} (ui={'hetmyer', 'dubey'}, cb={'ferreira', 'dubey'}) | BAT_dubey: ui=20(6) cb=6(4) | FOW_COUNT: ui=3 vs wickets=5 | BOWLER: ui=Mitchell Starc cb=Kuldeep Yadav

[21:05:42  iter#241]
  UI: Rajasthan Royals 194-5 (18.1)  str=Shubham Dubey nstr=Shimron Hetmyer  bowl=Mitchell Starc 2-28 (3.4)
  this_over=['1']  fow=3 (unk=0)  last_fow={'wicket': 5, 'batter': 'Donovan Ferreira', 'score': 168, 'overs': '16.4', 'bowler': 'Mitchell Starc', 'how': None, '_unwitnessed': False}
  delivery: len=good_length line=outside_off shot=in_the_air [layer2]
  extras: this_over=0 innings=45 [w10/nb0/b0/lb0]
  extras_log: [{'over': '14.2', 'type': 'wide', 'runs': 1, 'this_over_after': []}, {'over': '16.1', 'type': 'wide', 'runs': 1, 'this_over_after': []}, {'over': '16.5', 'type': 'wide', 'runs': 1, 'this_over_after': []}]
  CB: RR 195-5 (18.1)  crr=10.73  ps=27(9)  recent=1 W
  CB BAT: Donovan Ferreira* 20(6), Shubham Dubey 6(4)
  CB BOWL: Kuldeep Yadav 0-41 (4)
  LAST WKT: Riyan Parag  c Axar Patel b Mitchell Starc 90(50)  - 168/5 in 16.4 ov.
  ⚠ DIVERGENCE: SCORE: ui=194 cb=195 | STRIKER: ui=Shubham Dubey cb=Donovan Ferreira | BATTERS_MISSING_IN_UI: {'ferreira'} (ui={'hetmyer', 'dubey'}, cb={'ferreira', 'dubey'}) | FOW_COUNT: ui=3 vs wickets=5 | BOWLER: ui=Mitchell Starc cb=Kuldeep Yadav

[21:06:04  iter#242]
  UI: Rajasthan Royals 195-5 (18.1)  str=Shubham Dubey nstr=Shimron Hetmyer  bowl=Mitchell Starc 2-28 (3.4)
  this_over=['1', 'Wd']  fow=3 (unk=0)  last_fow={'wicket': 5, 'batter': 'Donovan Ferreira', 'score': 168, 'overs': '16.4', 'bowler': 'Mitchell Starc', 'how': None, '_unwitnessed': False}
  delivery: len=short_of_length line=outside_off shot=in_the_air [layer2]
  extras: this_over=1 innings=46 [w11/nb0/b0/lb0]
  extras_log: [{'over': '16.1', 'type': 'wide', 'runs': 1, 'this_over_after': []}, {'over': '16.5', 'type': 'wide', 'runs': 1, 'this_over_after': []}, {'over': '18.1', 'type': 'wide', 'runs': 1, 'this_over_after': []}]
  CB: RR 195-5 (18.1)  crr=10.73  ps=27(9)  recent=1 W
  CB BAT: Donovan Ferreira* 20(6), Shubham Dubey 6(4)
  CB BOWL: Kuldeep Yadav 0-41 (4)
  LAST WKT: Riyan Parag  c Axar Patel b Mitchell Starc 90(50)  - 168/5 in 16.4 ov.
  ⚠ DIVERGENCE: STRIKER: ui=Shubham Dubey cb=Donovan Ferreira | BATTERS_MISSING_IN_UI: {'ferreira'} (ui={'hetmyer', 'dubey'}, cb={'ferreira', 'dubey'}) | FOW_COUNT: ui=3 vs wickets=5 | BOWLER: ui=Mitchell Starc cb=Kuldeep Yadav

[21:06:27  iter#243]
  UI: Rajasthan Royals 195-5 (18.1)  str=Shubham Dubey nstr=Shimron Hetmyer  bowl=Mitchell Starc 3-29 (3.1)
  this_over=['1', 'Wd']  fow=3 (unk=0)  last_fow={'wicket': 5, 'batter': 'Donovan Ferreira', 'score': 168, 'overs': '16.4', 'bowler': 'Mitchell Starc', 'how': None, '_unwitnessed': False}
  delivery: len=short_of_length line=outside_off shot=in_the_air [layer2]
  extras: this_over=1 innings=46 [w11/nb0/b0/lb0]
  extras_log: [{'over': '16.1', 'type': 'wide', 'runs': 1, 'this_over_after': []}, {'over': '16.5', 'type': 'wide', 'runs': 1, 'this_over_after': []}, {'over': '18.1', 'type': 'wide', 'runs': 1, 'this_over_after': []}]
  CB: RR 195-5 (18.1)  crr=10.73  ps=27(9)  recent=1 W
  CB BAT: Donovan Ferreira* 20(6), Shubham Dubey 6(4)
  CB BOWL: Kuldeep Yadav 0-41 (4)
  LAST WKT: Riyan Parag  c Axar Patel b Mitchell Starc 90(50)  - 168/5 in 16.4 ov.
  ⚠ DIVERGENCE: STRIKER: ui=Shubham Dubey cb=Donovan Ferreira | BATTERS_MISSING_IN_UI: {'ferreira'} (ui={'hetmyer', 'dubey'}, cb={'ferreira', 'dubey'}) | FOW_COUNT: ui=3 vs wickets=5 | BOWLER: ui=Mitchell Starc cb=Kuldeep Yadav

[21:06:51  iter#244]
  UI: Rajasthan Royals 195-5 (18.2)  str=Shubham Dubey nstr=Shimron Hetmyer  bowl=Mitchell Starc 3-29 (3.2)
  this_over=['1', 'Wd', '.']  fow=3 (unk=0)  last_fow={'wicket': 5, 'batter': 'Donovan Ferreira', 'score': 168, 'overs': '16.4', 'bowler': 'Mitchell Starc', 'how': None, '_unwitnessed': False}
  delivery: len=good_length line=outside_off shot=in_the_air [layer2]
  extras: this_over=1 innings=46 [w11/nb0/b0/lb0]
  extras_log: [{'over': '16.1', 'type': 'wide', 'runs': 1, 'this_over_after': []}, {'over': '16.5', 'type': 'wide', 'runs': 1, 'this_over_after': []}, {'over': '18.1', 'type': 'wide', 'runs': 1, 'this_over_after': []}]
  CB: RR 196-5 (18.3)  crr=10.59  ps=28(11)  recent=1 W
  CB BAT: Shubham Dubey* 6(4), Donovan Ferreira 21(8)
  CB BOWL: Kuldeep Yadav 0-41 (4)
  LAST WKT: Riyan Parag  c Axar Patel b Mitchell Starc 90(50)  - 168/5 in 16.4 ov.
  ⚠ DIVERGENCE: SCORE: ui=195 cb=196 | OVERS: ui=18.2 cb=18.3 | BATTERS_MISSING_IN_UI: {'ferreira'} (ui={'hetmyer', 'dubey'}, cb={'ferreira', 'dubey'}) | BAT_dubey: ui=20(7) cb=6(4) | FOW_COUNT: ui=3 vs wickets=5 | BOWLER: ui=Mitchell Starc cb=Kuldeep Yadav

[21:07:13  iter#245]
  UI: Rajasthan Royals 195-5 (18.2)  str=Shubham Dubey nstr=Shimron Hetmyer  bowl=Mitchell Starc 3-29 (3.6)
  this_over=['1', 'Wd', '.']  fow=3 (unk=0)  last_fow={'wicket': 5, 'batter': 'Donovan Ferreira', 'score': 168, 'overs': '16.4', 'bowler': 'Mitchell Starc', 'how': None, '_unwitnessed': False}
  delivery: len=good_length line=outside_off shot=in_the_air [layer2]
  extras: this_over=1 innings=46 [w11/nb0/b0/lb0]
  extras_log: [{'over': '16.1', 'type': 'wide', 'runs': 1, 'this_over_after': []}, {'over': '16.5', 'type': 'wide', 'runs': 1, 'this_over_after': []}, {'over': '18.1', 'type': 'wide', 'runs': 1, 'this_over_after': []}]
  CB: RR 196-5 (18.3)  crr=10.59  ps=28(11)  recent=1 W
  CB BAT: Shubham Dubey* 6(4), Donovan Ferreira 21(8)
  CB BOWL: Kuldeep Yadav 0-41 (4)
  LAST WKT: Riyan Parag  c Axar Patel b Mitchell Starc 90(50)  - 168/5 in 16.4 ov.
  ⚠ DIVERGENCE: SCORE: ui=195 cb=196 | OVERS: ui=18.2 cb=18.3 | BATTERS_MISSING_IN_UI: {'ferreira'} (ui={'hetmyer', 'dubey'}, cb={'ferreira', 'dubey'}) | BAT_dubey: ui=20(7) cb=6(4) | FOW_COUNT: ui=3 vs wickets=5 | BOWLER: ui=Mitchell Starc cb=Kuldeep Yadav

[21:07:34  iter#246]
  UI: Rajasthan Royals 196-5 (18.3)  str=Shubham Dubey nstr=Shimron Hetmyer  bowl=Mitchell Starc 3-29 (3.6)
  this_over=['1', 'Wd', '.', '1']  fow=3 (unk=0)  last_fow={'wicket': 5, 'batter': 'Donovan Ferreira', 'score': 168, 'overs': '16.4', 'bowler': 'Mitchell Starc', 'how': None, '_unwitnessed': False}
  delivery: len=short_of_length line=leg_stump shot=in_the_air [layer2]
  extras: this_over=1 innings=46 [w11/nb0/b0/lb0]
  extras_log: [{'over': '16.1', 'type': 'wide', 'runs': 1, 'this_over_after': []}, {'over': '16.5', 'type': 'wide', 'runs': 1, 'this_over_after': []}, {'over': '18.1', 'type': 'wide', 'runs': 1, 'this_over_after': []}]
  CB: RR 196-5 (18.3)  crr=10.59  ps=28(11)  recent=1 W
  CB BAT: Shubham Dubey* 6(4), Donovan Ferreira 21(8)
  CB BOWL: Kuldeep Yadav 0-41 (4)
  LAST WKT: Riyan Parag  c Axar Patel b Mitchell Starc 90(50)  - 168/5 in 16.4 ov.
  ⚠ DIVERGENCE: BATTERS_MISSING_IN_UI: {'ferreira'} (ui={'hetmyer', 'dubey'}, cb={'ferreira', 'dubey'}) | FOW_COUNT: ui=3 vs wickets=5 | BOWLER: ui=Mitchell Starc cb=Kuldeep Yadav

[21:07:58  iter#247]
  UI: Rajasthan Royals 197-5 (18.4)  str=Shubham Dubey nstr=Shimron Hetmyer  bowl=Mitchell Starc 3-30 (3.4)
  this_over=['1', 'Wd', '.', '1', '1']  fow=3 (unk=0)  last_fow={'wicket': 5, 'batter': 'Donovan Ferreira', 'score': 168, 'overs': '16.4', 'bowler': 'Mitchell Starc', 'how': None, '_unwitnessed': False}
  delivery: len=good_length line=outside_off shot=in_the_air [layer2]
  extras: this_over=1 innings=46 [w11/nb0/b0/lb0]
  extras_log: [{'over': '16.1', 'type': 'wide', 'runs': 1, 'this_over_after': []}, {'over': '16.5', 'type': 'wide', 'runs': 1, 'this_over_after': []}, {'over': '18.1', 'type': 'wide', 'runs': 1, 'this_over_after': []}]
  CB: RR 197-5 (18.4)  crr=10.55  ps=29(12)  recent=1 W
  CB BAT: Donovan Ferreira* 21(8), Shubham Dubey 6(5)
  CB BOWL: Kuldeep Yadav 0-41 (4)
  LAST WKT: Riyan Parag  c Axar Patel b Mitchell Starc 90(50)  - 168/5 in 16.4 ov.
  ⚠ DIVERGENCE: STRIKER: ui=Shubham Dubey cb=Donovan Ferreira | BATTERS_MISSING_IN_UI: {'ferreira'} (ui={'hetmyer', 'dubey'}, cb={'ferreira', 'dubey'}) | BAT_dubey: ui=6(8) cb=6(5) | FOW_COUNT: ui=3 vs wickets=5 | BOWLER: ui=Mitchell Starc cb=Kuldeep Yadav

[21:08:22  iter#248]
  UI: Rajasthan Royals 197-5 (18.4)  str=Shubham Dubey nstr=Shimron Hetmyer  bowl=Mitchell Starc 3-30 (3.4)
  this_over=['1', 'Wd', '.', '1', '1']  fow=3 (unk=0)  last_fow={'wicket': 5, 'batter': 'Donovan Ferreira', 'score': 168, 'overs': '16.4', 'bowler': 'Mitchell Starc', 'how': None, '_unwitnessed': False}
  delivery: len=good_length line=outside_off shot=in_the_air [layer2]
  extras: this_over=1 innings=46 [w11/nb0/b0/lb0]
  extras_log: [{'over': '16.1', 'type': 'wide', 'runs': 1, 'this_over_after': []}, {'over': '16.5', 'type': 'wide', 'runs': 1, 'this_over_after': []}, {'over': '18.1', 'type': 'wide', 'runs': 1, 'this_over_after': []}]
  CB: RR 201-5 (18.5)  crr=10.67  ps=33(13)  recent=1 W
  CB BAT: Donovan Ferreira* 25(9), Shubham Dubey 6(5)
  CB BOWL: Kuldeep Yadav 0-41 (4)
  LAST WKT: Riyan Parag  c Axar Patel b Mitchell Starc 90(50)  - 168/5 in 16.4 ov.
  ⚠ DIVERGENCE: SCORE: ui=197 cb=201 | OVERS: ui=18.4 cb=18.5 | STRIKER: ui=Shubham Dubey cb=Donovan Ferreira | BATTERS_MISSING_IN_UI: {'ferreira'} (ui={'hetmyer', 'dubey'}, cb={'ferreira', 'dubey'}) | BAT_dubey: ui=6(8) cb=6(5) | FOW_COUNT: ui=3 vs wickets=5 | BOWLER: ui=Mitchell Starc cb=Kuldeep Yadav

[21:08:46  iter#249]
  WS ERR: ''
  CB: RR 207-5 (19)  crr=10.89  ps=39(14)  recent=1 W
  CB BAT: Shubham Dubey* 6(5), Donovan Ferreira 31(10)
  CB BOWL: Mitchell Starc 3-40 (4)
  LAST WKT: Riyan Parag  c Axar Patel b Mitchell Starc 90(50)  - 168/5 in 16.4 ov.
  ⚠ DIVERGENCE: BATTERS_MISSING_IN_UI: {'ferreira', 'dubey'} (ui=set(), cb={'ferreira', 'dubey'}) | BOWLER: ui=None cb=Mitchell Starc

[21:09:07  iter#250]
  UI: Rajasthan Royals 197-5 (18.4)  str=Shubham Dubey nstr=Shimron Hetmyer  bowl=Mitchell Starc 3-30 (3.4)
  this_over=['1', 'Wd', '.', '1', '1']  fow=3 (unk=0)  last_fow={'wicket': 5, 'batter': 'Donovan Ferreira', 'score': 168, 'overs': '16.4', 'bowler': 'Mitchell Starc', 'how': None, '_unwitnessed': False}
  delivery: len=good_length line=outside_off shot=in_the_air [layer2]
  extras: this_over=1 innings=46 [w11/nb0/b0/lb0]
  extras_log: [{'over': '16.1', 'type': 'wide', 'runs': 1, 'this_over_after': []}, {'over': '16.5', 'type': 'wide', 'runs': 1, 'this_over_after': []}, {'over': '18.1', 'type': 'wide', 'runs': 1, 'this_over_after': []}]
  CB: RR 207-5 (19)  crr=10.89  ps=39(14)  recent=1 W
  CB BAT: Shubham Dubey* 6(5), Donovan Ferreira 31(10)
  CB BOWL: Mitchell Starc 3-40 (4)
  LAST WKT: Riyan Parag  c Axar Patel b Mitchell Starc 90(50)  - 168/5 in 16.4 ov.
  ⚠ DIVERGENCE: SCORE: ui=197 cb=207 | OVERS: ui=18.4 cb=19 | BATTERS_MISSING_IN_UI: {'ferreira'} (ui={'hetmyer', 'dubey'}, cb={'ferreira', 'dubey'}) | BAT_dubey: ui=6(8) cb=6(5) | FOW_COUNT: ui=3 vs wickets=5 | BOWL_R: ui=30 cb=40 | BOWL_O: ui=3.4 cb=4

[21:09:29  iter#251]
  UI: Rajasthan Royals 197-5 (18.4)  str=Shubham Dubey nstr=Shimron Hetmyer  bowl=Mitchell Starc 3-30 (3.4)
  this_over=['1', 'Wd', '.', '1', '1']  fow=3 (unk=0)  last_fow={'wicket': 5, 'batter': 'Donovan Ferreira', 'score': 168, 'overs': '16.4', 'bowler': 'Mitchell Starc', 'how': None, '_unwitnessed': False}
  delivery: len=good_length line=outside_off shot=in_the_air [layer2]
  extras: this_over=1 innings=46 [w11/nb0/b0/lb0]
  extras_log: [{'over': '16.1', 'type': 'wide', 'runs': 1, 'this_over_after': []}, {'over': '16.5', 'type': 'wide', 'runs': 1, 'this_over_after': []}, {'over': '18.1', 'type': 'wide', 'runs': 1, 'this_over_after': []}]
  CB: RR 207-5 (19)  crr=10.89  ps=39(14)  recent=1 W
  CB BAT: Shubham Dubey* 6(5), Donovan Ferreira 31(10)
  CB BOWL: Mitchell Starc 3-40 (4)
  LAST WKT: Riyan Parag  c Axar Patel b Mitchell Starc 90(50)  - 168/5 in 16.4 ov.
  ⚠ DIVERGENCE: SCORE: ui=197 cb=207 | OVERS: ui=18.4 cb=19 | BATTERS_MISSING_IN_UI: {'ferreira'} (ui={'hetmyer', 'dubey'}, cb={'ferreira', 'dubey'}) | BAT_dubey: ui=6(8) cb=6(5) | FOW_COUNT: ui=3 vs wickets=5 | BOWL_R: ui=30 cb=40 | BOWL_O: ui=3.4 cb=4

[21:09:52  iter#252]
  UI: Rajasthan Royals None-None (None)  str=Shimron Hetmyer nstr=Shubham Dubey  bowl=Mitchell Starc 3-30 (3.4)
  this_over=['1', 'Wd', '.', '1', '1']  fow=0 (unk=0)  last_fow=None
  delivery: len=good_length line=outside_off shot=in_the_air [layer2]
  extras: this_over=0 innings=0 [w0/nb0/b0/lb0]
  CB: RR 207-5 (19)  crr=10.89  ps=39(14)  recent=1 W
  CB BAT: Shubham Dubey* 6(5), Donovan Ferreira 31(10)
  CB BOWL: Mitchell Starc 3-40 (4)
  LAST WKT: Riyan Parag  c Axar Patel b Mitchell Starc 90(50)  - 168/5 in 16.4 ov.
  ⚠ DIVERGENCE: STRIKER: ui=Shimron Hetmyer cb=Shubham Dubey | BATTERS_MISSING_IN_UI: {'ferreira'} (ui={'hetmyer', 'dubey'}, cb={'ferreira', 'dubey'}) | BAT_dubey: ui=6(8) cb=6(5) | BOWL_R: ui=30 cb=40 | BOWL_O: ui=3.4 cb=4

[21:10:17  iter#253]
  WS ERR: ''
  CB: RR 208-5 (19)  crr=10.95  ps=40(14)  recent=W
  CB BAT: Shubham Dubey* 6(5), Donovan Ferreira 31(10)
  CB BOWL: Mitchell Starc 3-40 (4)
  LAST WKT: Riyan Parag  c Axar Patel b Mitchell Starc 90(50)  - 168/5 in 16.4 ov.
  ⚠ DIVERGENCE: BATTERS_MISSING_IN_UI: {'ferreira', 'dubey'} (ui=set(), cb={'ferreira', 'dubey'}) | BOWLER: ui=None cb=Mitchell Starc

[21:10:42  iter#254]
  WS ERR: ''
  CB: RR 208-5 (19)  crr=10.95  ps=40(14)  recent=W
  CB BAT: Shubham Dubey* 6(5), Donovan Ferreira 31(10)
  CB BOWL: Mitchell Starc 3-40 (4)
  LAST WKT: Riyan Parag  c Axar Patel b Mitchell Starc 90(50)  - 168/5 in 16.4 ov.
  ⚠ DIVERGENCE: BATTERS_MISSING_IN_UI: {'ferreira', 'dubey'} (ui=set(), cb={'ferreira', 'dubey'}) | BOWLER: ui=None cb=Mitchell Starc

[21:11:04  iter#255]
  UI: Rajasthan Royals 208-6 (19.1)  str=Shubham Dubey nstr=None  bowl=T Natarajan 2-37 (3.1)
  this_over=['1', 'Wd', '.', '1', '1', 'W']  fow=0 (unk=0)  last_fow=None
  delivery: len=good_length line=outside_off shot=in_the_air [layer2]
  extras: this_over=0 innings=0 [w0/nb0/b0/lb0]
  CB: RR 208-6 (19.1)  crr=10.85  ps=40(15)  recent=W
  CB BAT: Donovan Ferreira* 31(10), Mitchell Starc 4(0)
  CB BOWL: Mitchell Starc 3-40 (4)
  LAST WKT: Shubham Dubey  c Ashutosh Sharma b Natarajan 6(6)  - 208/6 in 19.1 ov.
  ⚠ DIVERGENCE: STRIKER: ui=Shubham Dubey cb=Donovan Ferreira | BATTERS_MISSING_IN_UI: {'starc', 'ferreira'} (ui={'dubey'}, cb={'starc', 'ferreira'}) | FOW_COUNT: ui=0 vs wickets=6 | BOWLER: ui=T Natarajan cb=Mitchell Starc

[21:11:28  iter#256]
  WS ERR: ''
  CB: RR 208-6 (19.1)  crr=10.85  ps=40(15)  recent=W
  CB BAT: Donovan Ferreira* 31(10), Mitchell Starc 4(0)
  CB BOWL: Mitchell Starc 3-40 (4)
  LAST WKT: Shubham Dubey  c Ashutosh Sharma b Natarajan 6(6)  - 208/6 in 19.1 ov.
  ⚠ DIVERGENCE: BATTERS_MISSING_IN_UI: {'starc', 'ferreira'} (ui=set(), cb={'starc', 'ferreira'}) | BOWLER: ui=None cb=Mitchell Starc

[21:11:49  iter#257]
  UI: Rajasthan Royals 208-6 (19.1)  str=Shubham Dubey nstr=None  bowl=T Natarajan 2-37 (3.1)
  this_over=['?']  fow=0 (unk=0)  last_fow=None
  delivery: len=good_length line=unknown shot=in_the_air [layer2]
  extras: this_over=0 innings=0 [w0/nb0/b0/lb0]
  CB: RR 208-6 (19.1)  crr=10.85  ps=0(0)  recent=... 6 0 6
  CB BAT: Jofra Archer* 0(0), Donovan Ferreira 31(10)
  CB BOWL: Mitchell Starc 3-40 (4)
  LAST WKT: Shubham Dubey  c Ashutosh Sharma b Natarajan 6(6)  - 208/6 in 19.1 ov.
  ⚠ DIVERGENCE: STRIKER: ui=Shubham Dubey cb=Jofra Archer | BATTERS_MISSING_IN_UI: {'ferreira', 'archer'} (ui={'dubey'}, cb={'ferreira', 'archer'}) | FOW_COUNT: ui=0 vs wickets=6 | BOWLER: ui=T Natarajan cb=Mitchell Starc

[21:12:12  iter#258]
  UI: Rajasthan Royals 208-6 (19.1)  str=Shubham Dubey nstr=None  bowl=T Natarajan 2-37 (3.1)
  this_over=['?']  fow=0 (unk=0)  last_fow=None
  delivery: len=good_length line=unknown shot=in_the_air [layer2]
  extras: this_over=0 innings=0 [w0/nb0/b0/lb0]
  CB: RR 208-6 (19.1)  crr=10.85  ps=0(0)  recent=... 6 0 6
  CB BAT: Jofra Archer* 0(0), Donovan Ferreira 31(10)
  CB BOWL: Mitchell Starc 3-40 (4)
  LAST WKT: Shubham Dubey  c Ashutosh Sharma b Natarajan 6(6)  - 208/6 in 19.1 ov.
  ⚠ DIVERGENCE: STRIKER: ui=Shubham Dubey cb=Jofra Archer | BATTERS_MISSING_IN_UI: {'ferreira', 'archer'} (ui={'dubey'}, cb={'ferreira', 'archer'}) | FOW_COUNT: ui=0 vs wickets=6 | BOWLER: ui=T Natarajan cb=Mitchell Starc

[21:12:35  iter#259]
  UI: Rajasthan Royals 208-6 (19.1)  str=Shubham Dubey nstr=None  bowl=T Natarajan 2-37 (3.1)
  this_over=['?']  fow=0 (unk=0)  last_fow=None
  delivery: len=good_length line=unknown shot=in_the_air [layer2]
  extras: this_over=0 innings=0 [w0/nb0/b0/lb0]
  CB: RR 209-6 (19.2)  crr=10.81  ps=1(1)  recent=W
  CB BAT: Donovan Ferreira* 31(10), Jofra Archer 1(1)
  CB BOWL: Mitchell Starc 3-40 (4)
  LAST WKT: Shubham Dubey  c Ashutosh Sharma b Natarajan 6(6)  - 208/6 in 19.1 ov.
  ⚠ DIVERGENCE: SCORE: ui=208 cb=209 | OVERS: ui=19.1 cb=19.2 | STRIKER: ui=Shubham Dubey cb=Donovan Ferreira | BATTERS_MISSING_IN_UI: {'ferreira', 'archer'} (ui={'dubey'}, cb={'ferreira', 'archer'}) | FOW_COUNT: ui=0 vs wickets=6 | BOWLER: ui=T Natarajan cb=Mitchell Starc

[21:12:59  iter#260]
  UI: Rajasthan Royals 208-6 (19.1)  str=Shubham Dubey nstr=None  bowl=T Natarajan 2-37 (3.1)
  this_over=['?']  fow=0 (unk=0)  last_fow=None
  delivery: len=good_length line=unknown shot=in_the_air [layer2]
  extras: this_over=0 innings=0 [w0/nb0/b0/lb0]
  CB: RR 213-6 (19.3)  crr=10.92  ps=5(2)  recent=W
  CB BAT: Donovan Ferreira* 35(11), Jofra Archer 1(1)
  CB BOWL: Mitchell Starc 3-40 (4)
  LAST WKT: Shubham Dubey  c Ashutosh Sharma b Natarajan 6(6)  - 208/6 in 19.1 ov.
  ⚠ DIVERGENCE: SCORE: ui=208 cb=213 | OVERS: ui=19.1 cb=19.3 | STRIKER: ui=Shubham Dubey cb=Donovan Ferreira | BATTERS_MISSING_IN_UI: {'ferreira', 'archer'} (ui={'dubey'}, cb={'ferreira', 'archer'}) | FOW_COUNT: ui=0 vs wickets=6 | BOWLER: ui=T Natarajan cb=Mitchell Starc

[21:13:20  iter#261]
  UI: Rajasthan Royals 213-6 (19.3)  str=Shubham Dubey nstr=None  bowl=T Natarajan 2-37 (3.1)
  this_over=['?', '?', '?', '?', '?']  fow=0 (unk=0)  last_fow=None
  delivery: len=good_length line=unknown shot=in_the_air [layer2]
  extras: this_over=0 innings=0 [w0/nb0/b0/lb0]
  CB: RR 213-6 (19.3)  crr=10.92  ps=5(2)  recent=W
  CB BAT: Donovan Ferreira* 35(11), Jofra Archer 1(1)
  CB BOWL: Mitchell Starc 3-40 (4)
  LAST WKT: Shubham Dubey  c Ashutosh Sharma b Natarajan 6(6)  - 208/6 in 19.1 ov.
  ⚠ DIVERGENCE: STRIKER: ui=Shubham Dubey cb=Donovan Ferreira | BATTERS_MISSING_IN_UI: {'ferreira', 'archer'} (ui={'dubey'}, cb={'ferreira', 'archer'}) | FOW_COUNT: ui=0 vs wickets=6 | BOWLER: ui=T Natarajan cb=Mitchell Starc

[21:13:46  iter#262]
  WS ERR: ''
  CB: RR 219-6 (19.4)  crr=11.14  ps=11(3)  recent=W
  CB BAT: Donovan Ferreira* 41(12), Jofra Archer 1(1)
  CB BOWL: Mitchell Starc 3-40 (4)
  LAST WKT: Shubham Dubey  c Ashutosh Sharma b Natarajan 6(6)  - 208/6 in 19.1 ov.
  ⚠ DIVERGENCE: BATTERS_MISSING_IN_UI: {'ferreira', 'archer'} (ui=set(), cb={'ferreira', 'archer'}) | BOWLER: ui=None cb=Mitchell Starc

[21:14:06  iter#263]
  UI: Rajasthan Royals 213-6 (19.3)  str=None nstr=Shubham Dubey  bowl=T Natarajan 2-37 (3.1)
  this_over=['?', '?', '?']  fow=0 (unk=0)  last_fow=None
  delivery: len=good_length line=unknown shot=in_the_air [layer2]
  extras: this_over=0 innings=0 [w0/nb0/b0/lb0]
  CB: RR 219-6 (19.4)  crr=11.14  ps=11(3)  recent=W
  CB BAT: Donovan Ferreira* 41(12), Jofra Archer 1(1)
  CB BOWL: Mitchell Starc 3-40 (4)
  LAST WKT: Shubham Dubey  c Ashutosh Sharma b Natarajan 6(6)  - 208/6 in 19.1 ov.
  ⚠ DIVERGENCE: SCORE: ui=213 cb=219 | OVERS: ui=19.3 cb=19.4 | BATTERS_MISSING_IN_UI: {'ferreira', 'archer'} (ui={'dubey'}, cb={'ferreira', 'archer'}) | FOW_COUNT: ui=0 vs wickets=6 | BOWLER: ui=T Natarajan cb=Mitchell Starc

[21:14:30  iter#264]
  WS ERR: ''
  CB: RR 219-6 (19.5)  crr=11.04  ps=11(4)  recent=W
  CB BAT: Donovan Ferreira* 41(13), Jofra Archer 1(1)
  CB BOWL: Mitchell Starc 3-40 (4)
  LAST WKT: Shubham Dubey  c Ashutosh Sharma b Natarajan 6(6)  - 208/6 in 19.1 ov.
  ⚠ DIVERGENCE: BATTERS_MISSING_IN_UI: {'ferreira', 'archer'} (ui=set(), cb={'ferreira', 'archer'}) | BOWLER: ui=None cb=Mitchell Starc

[21:14:54  iter#265]
  UI: Rajasthan Royals 213-6 (19.3)  str=None nstr=Shubham Dubey  bowl=T Natarajan 2-37 (3.1)
  this_over=['?', '?', '?']  fow=0 (unk=0)  last_fow=None
  delivery: len=good_length line=unknown shot=in_the_air [layer2]
  extras: this_over=0 innings=0 [w0/nb0/b0/lb0]
  CB: RR 219-6 (19.5)  crr=11.04  ps=11(4)  recent=W
  CB BAT: Donovan Ferreira* 41(13), Jofra Archer 1(1)
  CB BOWL: Mitchell Starc 3-40 (4)
  LAST WKT: Shubham Dubey  c Ashutosh Sharma b Natarajan 6(6)  - 208/6 in 19.1 ov.
  ⚠ DIVERGENCE: SCORE: ui=213 cb=219 | OVERS: ui=19.3 cb=19.5 | BATTERS_MISSING_IN_UI: {'ferreira', 'archer'} (ui={'dubey'}, cb={'ferreira', 'archer'}) | FOW_COUNT: ui=0 vs wickets=6 | BOWLER: ui=T Natarajan cb=Mitchell Starc

[21:15:19  iter#266]
  WS ERR: ''
  CB: RR 219-6 (19.5)  crr=11.04  ps=11(4)  recent=W
  CB BAT: Donovan Ferreira* 41(13), Jofra Archer 1(1)
  CB BOWL: Mitchell Starc 3-40 (4)
  LAST WKT: Shubham Dubey  c Ashutosh Sharma b Natarajan 6(6)  - 208/6 in 19.1 ov.
  ⚠ DIVERGENCE: BATTERS_MISSING_IN_UI: {'ferreira', 'archer'} (ui=set(), cb={'ferreira', 'archer'}) | BOWLER: ui=None cb=Mitchell Starc

[21:15:43  iter#267]
  WS ERR: ''
  CB: RR 225-6 (20)  crr=11.25  ps=17(5)  recent=W
  CB BAT: Jofra Archer* 1(1), Donovan Ferreira 47(14)
  CB BOWL: T Natarajan 1-55 (4)
  LAST WKT: Shubham Dubey  c Ashutosh Sharma b Natarajan 6(6)  - 208/6 in 19.1 ov.
  ⚠ DIVERGENCE: BATTERS_MISSING_IN_UI: {'ferreira', 'archer'} (ui=set(), cb={'ferreira', 'archer'}) | BOWLER: ui=None cb=T Natarajan

[21:16:05  iter#268]
  UI: Rajasthan Royals 219-6 (19.5)  str=Yashasvi Jaiswal nstr=Shubham Dubey  bowl=T Natarajan 2-37 (3.1)
  this_over=['?', '?', '?', '?', '?']  fow=0 (unk=0)  last_fow=None
  delivery: len=good_length line=unknown shot=in_the_air [layer2]
  extras: this_over=0 innings=0 [w0/nb0/b0/lb0]
  CB: RR 225-6 (20)  crr=11.25  ps=17(5)  recent=W
  CB BAT: Jofra Archer* 1(1), Donovan Ferreira 47(14)
  CB BOWL: T Natarajan 1-55 (4)
  LAST WKT: Shubham Dubey  c Ashutosh Sharma b Natarajan 6(6)  - 208/6 in 19.1 ov.
  ⚠ DIVERGENCE: SCORE: ui=219 cb=225 | OVERS: ui=19.5 cb=20 | STRIKER: ui=Yashasvi Jaiswal cb=Jofra Archer | BATTERS_MISSING_IN_UI: {'ferreira', 'archer'} (ui={'jaiswal', 'dubey'}, cb={'ferreira', 'archer'}) | FOW_COUNT: ui=0 vs wickets=6 | BOWL_W: ui=2 cb=1 | BOWL_R: ui=37 cb=55 | BOWL_O: ui=3.1 cb=4

[21:16:26  iter#269]
  UI: Rajasthan Royals 225-6 (19.5)  str=Yashasvi Jaiswal nstr=Donovan Ferreira  bowl=T Natarajan 2-37 (4)
  this_over=['?', '?', '?', '?', '?']  fow=0 (unk=0)  last_fow=None
  delivery: len=short_of_length line=outside_off shot=in_the_air [layer2]
  extras: this_over=1 innings=6 [w6/nb0/b0/lb0]
  extras_log: [{'over': '19.5', 'type': 'wide', 'runs': 6, 'this_over_after': []}]
  CB: RR 225-6 (20)  crr=11.25  ps=17(5)  recent=W
  CB BAT: Jofra Archer* 1(1), Donovan Ferreira 47(14)
  CB BOWL: T Natarajan 1-55 (4)
  LAST WKT: Shubham Dubey  c Ashutosh Sharma b Natarajan 6(6)  - 208/6 in 19.1 ov.
  ⚠ DIVERGENCE: OVERS: ui=19.5 cb=20 | STRIKER: ui=Yashasvi Jaiswal cb=Jofra Archer | BATTERS_MISSING_IN_UI: {'archer'} (ui={'ferreira', 'jaiswal'}, cb={'ferreira', 'archer'}) | BAT_ferreira: ui=1(8) cb=47(14) | FOW_COUNT: ui=0 vs wickets=6 | BOWL_W: ui=2 cb=1 | BOWL_R: ui=37 cb=55

[21:16:48  iter#270]
  UI: Rajasthan Royals 225-6 (20.0)  str=Yashasvi Jaiswal nstr=Donovan Ferreira  bowl=T Natarajan 2-37 (4)
  this_over=['?', '.']  fow=0 (unk=0)  last_fow=None
  delivery: len=short_of_length line=outside_off shot=in_the_air [layer2]
  extras: this_over=0 innings=6 [w6/nb0/b0/lb0]
  extras_log: [{'over': '19.5', 'type': 'wide', 'runs': 6, 'this_over_after': []}]
  CB: RR 225-6 (20)  crr=11.25  ps=17(5)  recent=... 1 W
  CB BAT: Jofra Archer* 1(1), Donovan Ferreira 47(14)
  CB BOWL: T Natarajan 1-55 (4)
  LAST WKT: Shubham Dubey  c Ashutosh Sharma b Natarajan 6(6)  - 208/6 in 19.1 ov.
  ⚠ DIVERGENCE: OVERS: ui=20.0 cb=20 | STRIKER: ui=Yashasvi Jaiswal cb=Jofra Archer | BATTERS_MISSING_IN_UI: {'archer'} (ui={'ferreira', 'jaiswal'}, cb={'ferreira', 'archer'}) | BAT_ferreira: ui=1(8) cb=47(14) | FOW_COUNT: ui=0 vs wickets=6 | BOWL_W: ui=2 cb=1 | BOWL_R: ui=37 cb=55

[21:17:09  iter#271]
  UI: Rajasthan Royals 225-6 (20.0)  str=Yashasvi Jaiswal nstr=Donovan Ferreira  bowl=T Natarajan 2-37 (4)
  this_over=['?', '.']  fow=0 (unk=0)  last_fow=None
  delivery: len=short_of_length line=outside_off shot=in_the_air [layer2]
  extras: this_over=0 innings=6 [w6/nb0/b0/lb0]
  extras_log: [{'over': '19.5', 'type': 'wide', 'runs': 6, 'this_over_after': []}]
  CB: RR 225-6 (20)  crr=11.25  ps=17(5)  recent=... 1 W
  CB BAT: Jofra Archer* 1(1), Donovan Ferreira 47(14)
  CB BOWL: T Natarajan 1-54 (4)
  LAST WKT: Shubham Dubey  c Ashutosh Sharma b Natarajan 6(6)  - 208/6 in 19.1 ov.
  ⚠ DIVERGENCE: OVERS: ui=20.0 cb=20 | STRIKER: ui=Yashasvi Jaiswal cb=Jofra Archer | BATTERS_MISSING_IN_UI: {'archer'} (ui={'ferreira', 'jaiswal'}, cb={'ferreira', 'archer'}) | BAT_ferreira: ui=1(8) cb=47(14) | FOW_COUNT: ui=0 vs wickets=6 | BOWL_W: ui=2 cb=1 | BOWL_R: ui=37 cb=54

[21:17:34  iter#272]
  WS ERR: ''
  CB: RR 225-6 (20)  crr=11.25  ps=17(5)  recent=... 1 W
  CB BAT: Jofra Archer* 1(1), Donovan Ferreira 47(14)
  CB BOWL: T Natarajan 1-54 (4)
  LAST WKT: Shubham Dubey  c Ashutosh Sharma b Natarajan 6(6)  - 208/6 in 19.1 ov.
  ⚠ DIVERGENCE: BATTERS_MISSING_IN_UI: {'ferreira', 'archer'} (ui=set(), cb={'ferreira', 'archer'}) | BOWLER: ui=None cb=T Natarajan

[21:17:58  iter#273]
  WS ERR: ''
  CB: RR 225-6 (20)  crr=11.25  ps=17(5)  recent=... 1 W
  CB BAT: Jofra Archer* 1(1), Donovan Ferreira 47(14)
  CB BOWL: T Natarajan 1-54 (4)
  LAST WKT: Shubham Dubey  c Ashutosh Sharma b Natarajan 6(6)  - 208/6 in 19.1 ov.
  ⚠ DIVERGENCE: BATTERS_MISSING_IN_UI: {'ferreira', 'archer'} (ui=set(), cb={'ferreira', 'archer'}) | BOWLER: ui=None cb=T Natarajan

[21:18:22  iter#274]
  WS ERR: ''
  CB: RR 225-6 (20)  crr=11.25  ps=17(5)  recent=... 1 W
  CB BAT: Jofra Archer* 1(1), Donovan Ferreira 47(14)
  CB BOWL: T Natarajan 1-54 (4)
  LAST WKT: Shubham Dubey  c Ashutosh Sharma b Natarajan 6(6)  - 208/6 in 19.1 ov.
  ⚠ DIVERGENCE: BATTERS_MISSING_IN_UI: {'ferreira', 'archer'} (ui=set(), cb={'ferreira', 'archer'}) | BOWLER: ui=None cb=T Natarajan

[21:18:45  iter#275]
  UI: Rajasthan Royals None-None (None)  str=None nstr=Yashasvi Jaiswal  bowl=T Natarajan 2-37 (4)
  this_over=[]  fow=0 (unk=0)  last_fow=None
  delivery: len=good_length line=unknown shot=in_the_air [layer2]
  extras: this_over=0 innings=0 [w0/nb0/b0/lb0]
  CB: RR 225-6 (20)  crr=11.25  ps=17(5)  recent=... 1 W
  CB BAT: Jofra Archer* 1(1), Donovan Ferreira 47(14)
  CB BOWL: T Natarajan 1-54 (4)
  LAST WKT: Shubham Dubey  c Ashutosh Sharma b Natarajan 6(6)  - 208/6 in 19.1 ov.
  ⚠ DIVERGENCE: BATTERS_MISSING_IN_UI: {'ferreira', 'archer'} (ui={'jaiswal'}, cb={'ferreira', 'archer'}) | BAT_ferreira: ui=1(8) cb=47(14) | BOWL_W: ui=2 cb=1 | BOWL_R: ui=37 cb=54

[21:19:09  iter#276]
  WS ERR: ''
  CB: RR 225-6 (20)  crr=11.25  ps=17(5)  recent=... 1 W
  CB BAT: Jofra Archer* 1(1), Donovan Ferreira 47(14)
  CB BOWL: T Natarajan 1-54 (4)
  LAST WKT: Shubham Dubey  c Ashutosh Sharma b Natarajan 6(6)  - 208/6 in 19.1 ov.
  ⚠ DIVERGENCE: BATTERS_MISSING_IN_UI: {'ferreira', 'archer'} (ui=set(), cb={'ferreira', 'archer'}) | BOWLER: ui=None cb=T Natarajan

[21:19:33  iter#277]
  WS ERR: ''
  CB: RR 225-6 (20)  crr=11.25  ps=17(5)  recent=... 1 W
  CB BAT: Jofra Archer* 1(1), Donovan Ferreira 47(14)
  CB BOWL: T Natarajan 1-54 (4)
  LAST WKT: Shubham Dubey  c Ashutosh Sharma b Natarajan 6(6)  - 208/6 in 19.1 ov.
  ⚠ DIVERGENCE: BATTERS_MISSING_IN_UI: {'ferreira', 'archer'} (ui=set(), cb={'ferreira', 'archer'}) | BOWLER: ui=None cb=T Natarajan

[21:19:55  iter#278]
  UI: Rajasthan Royals None-None (None)  str=None nstr=Yashasvi Jaiswal  bowl=T Natarajan 2-37 (4)
  this_over=[]  fow=0 (unk=0)  last_fow=None
  delivery: len=good_length line=unknown shot=in_the_air [layer2]
  extras: this_over=0 innings=0 [w0/nb0/b0/lb0]
  CB: RR 225-6 (20)  crr=11.25  ps=17(5)  recent=... 1 W
  CB BAT: Jofra Archer* 1(1), Donovan Ferreira 47(14)
  CB BOWL: T Natarajan 1-54 (4)
  LAST WKT: Shubham Dubey  c Ashutosh Sharma b Natarajan 6(6)  - 208/6 in 19.1 ov.
  ⚠ DIVERGENCE: BATTERS_MISSING_IN_UI: {'ferreira', 'archer'} (ui={'jaiswal'}, cb={'ferreira', 'archer'}) | BAT_ferreira: ui=1(8) cb=47(14) | BOWL_W: ui=2 cb=1 | BOWL_R: ui=37 cb=54

[21:20:17  iter#279]
  UI: Rajasthan Royals None-None (None)  str=None nstr=Yashasvi Jaiswal  bowl=T Natarajan 2-37 (4)
  this_over=[]  fow=0 (unk=0)  last_fow=None
  delivery: len=good_length line=unknown shot=in_the_air [layer2]
  extras: this_over=0 innings=0 [w0/nb0/b0/lb0]
  CB: RR 225-6 (20)  crr=11.25  ps=17(5)  recent=... 1 W
  CB BAT: Jofra Archer* 1(1), Donovan Ferreira 47(14)
  CB BOWL: T Natarajan 1-54 (4)
  LAST WKT: Shubham Dubey  c Ashutosh Sharma b Natarajan 6(6)  - 208/6 in 19.1 ov.
  ⚠ DIVERGENCE: BATTERS_MISSING_IN_UI: {'ferreira', 'archer'} (ui={'jaiswal'}, cb={'ferreira', 'archer'}) | BAT_ferreira: ui=1(8) cb=47(14) | BOWL_W: ui=2 cb=1 | BOWL_R: ui=37 cb=54

[21:20:37  iter#280]
  UI: Rajasthan Royals None-None (None)  str=None nstr=Yashasvi Jaiswal  bowl=T Natarajan 2-37 (4)
  this_over=[]  fow=0 (unk=0)  last_fow=None
  delivery: len=good_length line=unknown shot=in_the_air [layer2]
  extras: this_over=0 innings=0 [w0/nb0/b0/lb0]
  CB: RR 225-6 (20)  crr=11.25  ps=17(5)  recent=... 1 W
  CB BAT: Jofra Archer* 1(1), Donovan Ferreira 47(14)
  CB BOWL: T Natarajan 1-54 (4)
  LAST WKT: Shubham Dubey  c Ashutosh Sharma b Natarajan 6(6)  - 208/6 in 19.1 ov.
  ⚠ DIVERGENCE: BATTERS_MISSING_IN_UI: {'ferreira', 'archer'} (ui={'jaiswal'}, cb={'ferreira', 'archer'}) | BAT_ferreira: ui=1(8) cb=47(14) | BOWL_W: ui=2 cb=1 | BOWL_R: ui=37 cb=54

[21:21:02  iter#281]
  WS ERR: ''
  CB: RR 225-6 (20)  crr=11.25  ps=17(5)  recent=... 1 W
  CB BAT: Jofra Archer* 1(1), Donovan Ferreira 47(14)
  CB BOWL: T Natarajan 1-54 (4)
  LAST WKT: Shubham Dubey  c Ashutosh Sharma b Natarajan 6(6)  - 208/6 in 19.1 ov.
  ⚠ DIVERGENCE: BATTERS_MISSING_IN_UI: {'ferreira', 'archer'} (ui=set(), cb={'ferreira', 'archer'}) | BOWLER: ui=None cb=T Natarajan

[21:21:24  iter#282]
  UI: Rajasthan Royals 225-6 (None)  str=None nstr=Yashasvi Jaiswal  bowl=T Natarajan 2-37 (4)
  this_over=[]  fow=0 (unk=0)  last_fow=None
  delivery: len=good_length line=unknown shot=in_the_air [layer2]
  extras: this_over=0 innings=0 [w0/nb0/b0/lb0]
  CB: RR 225-6 (20)  crr=11.25  ps=17(5)  recent=... 1 W
  CB BAT: Jofra Archer* 1(1), Donovan Ferreira 47(14)
  CB BOWL: T Natarajan 1-54 (4)
  LAST WKT: Shubham Dubey  c Ashutosh Sharma b Natarajan 6(6)  - 208/6 in 19.1 ov.
  ⚠ DIVERGENCE: BATTERS_MISSING_IN_UI: {'ferreira', 'archer'} (ui={'jaiswal'}, cb={'ferreira', 'archer'}) | BAT_ferreira: ui=1(8) cb=47(14) | FOW_COUNT: ui=0 vs wickets=6 | BOWL_W: ui=2 cb=1 | BOWL_R: ui=37 cb=54

[21:21:48  iter#283]
  WS ERR: ''
  CB: RR 225-6 (20)  crr=11.25  ps=17(5)  recent=... 1 W
  CB BAT: Jofra Archer* 1(1), Donovan Ferreira 47(14)
  CB BOWL: T Natarajan 1-54 (4)
  LAST WKT: Shubham Dubey  c Ashutosh Sharma b Natarajan 6(6)  - 208/6 in 19.1 ov.
  ⚠ DIVERGENCE: BATTERS_MISSING_IN_UI: {'ferreira', 'archer'} (ui=set(), cb={'ferreira', 'archer'}) | BOWLER: ui=None cb=T Natarajan

[21:22:09  iter#284]
  UI: Rajasthan Royals 225-6 (None)  str=None nstr=Yashasvi Jaiswal  bowl=T Natarajan 2-37 (4)
  this_over=[]  fow=0 (unk=0)  last_fow=None
  delivery: len=good_length line=unknown shot=in_the_air [layer2]
  extras: this_over=0 innings=0 [w0/nb0/b0/lb0]
  CB: RR 225-6 (20)  crr=11.25  ps=17(5)  recent=... 1 W
  CB BAT: Jofra Archer* 1(1), Donovan Ferreira 47(14)
  CB BOWL: T Natarajan 1-54 (4)
  LAST WKT: Shubham Dubey  c Ashutosh Sharma b Natarajan 6(6)  - 208/6 in 19.1 ov.
  ⚠ DIVERGENCE: BATTERS_MISSING_IN_UI: {'ferreira', 'archer'} (ui={'jaiswal'}, cb={'ferreira', 'archer'}) | BAT_ferreira: ui=1(8) cb=47(14) | FOW_COUNT: ui=0 vs wickets=6 | BOWL_W: ui=2 cb=1 | BOWL_R: ui=37 cb=54

[21:22:33  iter#285]
  WS ERR: ''
  CB: RR 225-6 (20)  crr=11.25  ps=17(5)  recent=... 1 W
  CB BAT: Jofra Archer* 1(1), Donovan Ferreira 47(14)
  CB BOWL: T Natarajan 1-54 (4)
  LAST WKT: Shubham Dubey  c Ashutosh Sharma b Natarajan 6(6)  - 208/6 in 19.1 ov.
  ⚠ DIVERGENCE: BATTERS_MISSING_IN_UI: {'ferreira', 'archer'} (ui=set(), cb={'ferreira', 'archer'}) | BOWLER: ui=None cb=T Natarajan

[21:22:55  iter#286]
  UI: Rajasthan Royals 225-6 (None)  str=None nstr=Yashasvi Jaiswal  bowl=T Natarajan 2-37 (4)
  this_over=[]  fow=0 (unk=0)  last_fow=None
  delivery: len=good_length line=unknown shot=in_the_air [layer2]
  extras: this_over=0 innings=0 [w0/nb0/b0/lb0]
  CB: RR 225-6 (20)  crr=11.25  ps=17(5)  recent=... 1 W
  CB BAT: Jofra Archer* 1(1), Donovan Ferreira 47(14)
  CB BOWL: T Natarajan 1-54 (4)
  LAST WKT: Shubham Dubey  c Ashutosh Sharma b Natarajan 6(6)  - 208/6 in 19.1 ov.
  ⚠ DIVERGENCE: BATTERS_MISSING_IN_UI: {'ferreira', 'archer'} (ui={'jaiswal'}, cb={'ferreira', 'archer'}) | BAT_ferreira: ui=1(8) cb=47(14) | FOW_COUNT: ui=0 vs wickets=6 | BOWL_W: ui=2 cb=1 | BOWL_R: ui=37 cb=54

[21:23:17  iter#287]
  UI: Rajasthan Royals 225-6 (None)  str=None nstr=Yashasvi Jaiswal  bowl=T Natarajan 2-37 (4)
  this_over=[]  fow=0 (unk=0)  last_fow=None
  delivery: len=good_length line=unknown shot=in_the_air [layer2]
  extras: this_over=0 innings=0 [w0/nb0/b0/lb0]
  CB: RR 225-6 (20)  crr=11.25  ps=17(5)  recent=... 1 W
  CB BAT: Jofra Archer* 1(1), Donovan Ferreira 47(14)
  CB BOWL: T Natarajan 1-54 (4)
  LAST WKT: Shubham Dubey  c Ashutosh Sharma b Natarajan 6(6)  - 208/6 in 19.1 ov.
  ⚠ DIVERGENCE: BATTERS_MISSING_IN_UI: {'ferreira', 'archer'} (ui={'jaiswal'}, cb={'ferreira', 'archer'}) | BAT_ferreira: ui=1(8) cb=47(14) | FOW_COUNT: ui=0 vs wickets=6 | BOWL_W: ui=2 cb=1 | BOWL_R: ui=37 cb=54

[21:23:37  iter#288]
  UI: Rajasthan Royals 225-6 (None)  str=None nstr=Yashasvi Jaiswal  bowl=T Natarajan 2-37 (4)
  this_over=[]  fow=0 (unk=0)  last_fow=None
  delivery: len=good_length line=unknown shot=in_the_air [layer2]
  extras: this_over=0 innings=0 [w0/nb0/b0/lb0]
  CB: RR 225-6 (20)  crr=11.25  ps=17(5)  recent=... 1 W
  CB BAT: Jofra Archer* 1(1), Donovan Ferreira 47(14)
  CB BOWL: T Natarajan 1-54 (4)
  LAST WKT: Shubham Dubey  c Ashutosh Sharma b Natarajan 6(6)  - 208/6 in 19.1 ov.
  ⚠ DIVERGENCE: BATTERS_MISSING_IN_UI: {'ferreira', 'archer'} (ui={'jaiswal'}, cb={'ferreira', 'archer'}) | BAT_ferreira: ui=1(8) cb=47(14) | FOW_COUNT: ui=0 vs wickets=6 | BOWL_W: ui=2 cb=1 | BOWL_R: ui=37 cb=54

[21:23:58  iter#289]
  UI: Rajasthan Royals 225-6 (None)  str=None nstr=Yashasvi Jaiswal  bowl=T Natarajan 2-37 (4)
  this_over=[]  fow=0 (unk=0)  last_fow=None
  delivery: len=good_length line=unknown shot=in_the_air [layer2]
  extras: this_over=0 innings=0 [w0/nb0/b0/lb0]
  CB: RR 225-6 (20)  crr=11.25  ps=17(5)  recent=... 1 W
  CB BAT: Jofra Archer* 1(1), Donovan Ferreira 47(14)
  CB BOWL: T Natarajan 1-54 (4)
  LAST WKT: Shubham Dubey  c Ashutosh Sharma b Natarajan 6(6)  - 208/6 in 19.1 ov.
  ⚠ DIVERGENCE: BATTERS_MISSING_IN_UI: {'ferreira', 'archer'} (ui={'jaiswal'}, cb={'ferreira', 'archer'}) | BAT_ferreira: ui=1(8) cb=47(14) | FOW_COUNT: ui=0 vs wickets=6 | BOWL_W: ui=2 cb=1 | BOWL_R: ui=37 cb=54

[21:24:20  iter#290]
  UI: Rajasthan Royals 225-6 (None)  str=None nstr=Yashasvi Jaiswal  bowl=T Natarajan 2-37 (4)
  this_over=[]  fow=0 (unk=0)  last_fow=None
  delivery: len=good_length line=unknown shot=in_the_air [layer2]
  extras: this_over=0 innings=0 [w0/nb0/b0/lb0]
  CB: RR 225-6 (20)  crr=11.25  ps=17(5)  recent=... 1 W
  CB BAT: Jofra Archer* 1(1), Donovan Ferreira 47(14)
  CB BOWL: T Natarajan 1-54 (4)
  LAST WKT: Shubham Dubey  c Ashutosh Sharma b Natarajan 6(6)  - 208/6 in 19.1 ov.
  ⚠ DIVERGENCE: BATTERS_MISSING_IN_UI: {'ferreira', 'archer'} (ui={'jaiswal'}, cb={'ferreira', 'archer'}) | BAT_ferreira: ui=1(8) cb=47(14) | FOW_COUNT: ui=0 vs wickets=6 | BOWL_W: ui=2 cb=1 | BOWL_R: ui=37 cb=54

[21:24:42  iter#291]
  UI: Rajasthan Royals 225-6 (None)  str=None nstr=Yashasvi Jaiswal  bowl=T Natarajan 2-37 (4)
  this_over=[]  fow=0 (unk=0)  last_fow=None
  delivery: len=good_length line=unknown shot=in_the_air [layer2]
  extras: this_over=0 innings=0 [w0/nb0/b0/lb0]
  CB: RR 225-6 (20)  crr=11.25  ps=17(5)  recent=... 1 W
  CB BAT: Jofra Archer* 1(1), Donovan Ferreira 47(14)
  CB BOWL: T Natarajan 1-54 (4)
  LAST WKT: Shubham Dubey  c Ashutosh Sharma b Natarajan 6(6)  - 208/6 in 19.1 ov.
  ⚠ DIVERGENCE: BATTERS_MISSING_IN_UI: {'ferreira', 'archer'} (ui={'jaiswal'}, cb={'ferreira', 'archer'}) | BAT_ferreira: ui=1(8) cb=47(14) | FOW_COUNT: ui=0 vs wickets=6 | BOWL_W: ui=2 cb=1 | BOWL_R: ui=37 cb=54

[21:25:06  iter#292]
  UI: Rajasthan Royals 225-6 (None)  str=None nstr=Yashasvi Jaiswal  bowl=T Natarajan 2-37 (4)
  this_over=[]  fow=0 (unk=0)  last_fow=None
  delivery: len=good_length line=unknown shot=in_the_air [layer2]
  extras: this_over=0 innings=0 [w0/nb0/b0/lb0]
  CB: RR 225-6 (20)  crr=11.25  ps=17(5)  recent=... 1 W
  CB BAT: Jofra Archer* 1(1), Donovan Ferreira 47(14)
  CB BOWL: T Natarajan 1-54 (4)
  LAST WKT: Shubham Dubey  c Ashutosh Sharma b Natarajan 6(6)  - 208/6 in 19.1 ov.
  ⚠ DIVERGENCE: BATTERS_MISSING_IN_UI: {'ferreira', 'archer'} (ui={'jaiswal'}, cb={'ferreira', 'archer'}) | BAT_ferreira: ui=1(8) cb=47(14) | FOW_COUNT: ui=0 vs wickets=6 | BOWL_W: ui=2 cb=1 | BOWL_R: ui=37 cb=54

[21:25:27  iter#293]
  UI: Rajasthan Royals 225-6 (None)  str=None nstr=Yashasvi Jaiswal  bowl=T Natarajan 2-37 (4)
  this_over=[]  fow=0 (unk=0)  last_fow=None
  delivery: len=good_length line=unknown shot=in_the_air [layer2]
  extras: this_over=0 innings=0 [w0/nb0/b0/lb0]
  CB: RR 225-6 (20)  crr=11.25  ps=17(5)  recent=... 1 W
  CB BAT: Jofra Archer* 1(1), Donovan Ferreira 47(14)
  CB BOWL: T Natarajan 1-54 (4)
  LAST WKT: Shubham Dubey  c Ashutosh Sharma b Natarajan 6(6)  - 208/6 in 19.1 ov.
  ⚠ DIVERGENCE: BATTERS_MISSING_IN_UI: {'ferreira', 'archer'} (ui={'jaiswal'}, cb={'ferreira', 'archer'}) | BAT_ferreira: ui=1(8) cb=47(14) | FOW_COUNT: ui=0 vs wickets=6 | BOWL_W: ui=2 cb=1 | BOWL_R: ui=37 cb=54

[21:25:51  iter#294]
  WS ERR: ''
  CB: RR 225-6 (20)  crr=11.25  ps=17(5)  recent=... 1 W
  CB BAT: Jofra Archer* 1(1), Donovan Ferreira 47(14)
  CB BOWL: T Natarajan 1-54 (4)
  LAST WKT: Shubham Dubey  c Ashutosh Sharma b Natarajan 6(6)  - 208/6 in 19.1 ov.
  ⚠ DIVERGENCE: BATTERS_MISSING_IN_UI: {'ferreira', 'archer'} (ui=set(), cb={'ferreira', 'archer'}) | BOWLER: ui=None cb=T Natarajan

[21:26:11  iter#295]
  UI: Delhi Capitals 225-6 (None)  str=None nstr=None  bowl=None None-None (None)
  this_over=[]  fow=0 (unk=0)  last_fow=None
  delivery: len=good_length line=unknown shot=in_the_air [layer2]
  extras: this_over=0 innings=0 [w0/nb0/b0/lb0]
  CB: RR 225-6 (20)  crr=11.25  ps=17(5)  recent=... 1 W
  CB BAT: Jofra Archer* 1(1), Donovan Ferreira 47(14)
  CB BOWL: T Natarajan 1-54 (4)
  LAST WKT: Shubham Dubey  c Ashutosh Sharma b Natarajan 6(6)  - 208/6 in 19.1 ov.
  ⚠ DIVERGENCE: BATTERS_MISSING_IN_UI: {'ferreira', 'archer'} (ui=set(), cb={'ferreira', 'archer'}) | FOW_COUNT: ui=0 vs wickets=6 | BOWLER: ui=None cb=T Natarajan

[21:26:32  iter#296]
  UI: Delhi Capitals 225-6 (None)  str=None nstr=None  bowl=None None-None (None)
  this_over=[]  fow=0 (unk=0)  last_fow=None
  delivery: len=good_length line=unknown shot=in_the_air [layer2]
  extras: this_over=0 innings=0 [w0/nb0/b0/lb0]
  CB: RR 225-6 (20)  crr=11.25  ps=17(5)  recent=... 1 W
  CB BAT: Jofra Archer* 1(1), Donovan Ferreira 47(14)
  CB BOWL: T Natarajan 1-54 (4)
  LAST WKT: Shubham Dubey  c Ashutosh Sharma b Natarajan 6(6)  - 208/6 in 19.1 ov.
  ⚠ DIVERGENCE: BATTERS_MISSING_IN_UI: {'ferreira', 'archer'} (ui=set(), cb={'ferreira', 'archer'}) | FOW_COUNT: ui=0 vs wickets=6 | BOWLER: ui=None cb=T Natarajan

[21:26:53  iter#297]
  UI: Delhi Capitals 225-6 (None)  str=None nstr=None  bowl=None None-None (None)
  this_over=[]  fow=0 (unk=0)  last_fow=None
  delivery: len=good_length line=unknown shot=in_the_air [layer2]
  extras: this_over=0 innings=0 [w0/nb0/b0/lb0]
  CB: RR 225-6 (20)  crr=11.25  ps=17(5)  recent=... 1 W
  CB BAT: Jofra Archer* 1(1), Donovan Ferreira 47(14)
  CB BOWL: T Natarajan 1-54 (4)
  LAST WKT: Shubham Dubey  c Ashutosh Sharma b Natarajan 6(6)  - 208/6 in 19.1 ov.
  ⚠ DIVERGENCE: BATTERS_MISSING_IN_UI: {'ferreira', 'archer'} (ui=set(), cb={'ferreira', 'archer'}) | FOW_COUNT: ui=0 vs wickets=6 | BOWLER: ui=None cb=T Natarajan

[21:27:14  iter#298]
  UI: Delhi Capitals 225-6 (None)  str=None nstr=None  bowl=None None-None (None)
  this_over=[]  fow=0 (unk=0)  last_fow=None
  delivery: len=good_length line=unknown shot=in_the_air [layer2]
  extras: this_over=0 innings=0 [w0/nb0/b0/lb0]
  CB: RR 225-6 (20)  crr=11.25  ps=17(5)  recent=... 1 W
  CB BAT: Jofra Archer* 1(1), Donovan Ferreira 47(14)
  CB BOWL: T Natarajan 1-54 (4)
  LAST WKT: Shubham Dubey  c Ashutosh Sharma b Natarajan 6(6)  - 208/6 in 19.1 ov.
  ⚠ DIVERGENCE: BATTERS_MISSING_IN_UI: {'ferreira', 'archer'} (ui=set(), cb={'ferreira', 'archer'}) | FOW_COUNT: ui=0 vs wickets=6 | BOWLER: ui=None cb=T Natarajan

[21:27:37  iter#299]
  UI: Delhi Capitals 225-6 (None)  str=None nstr=None  bowl=None None-None (None)
  this_over=[]  fow=0 (unk=0)  last_fow=None
  delivery: len=good_length line=unknown shot=in_the_air [layer2]
  extras: this_over=0 innings=0 [w0/nb0/b0/lb0]
  CB: RR 225-6 (20)  crr=11.25  ps=17(5)  recent=... 1 W
  CB BAT: Jofra Archer* 1(1), Donovan Ferreira 47(14)
  CB BOWL: T Natarajan 1-54 (4)
  LAST WKT: Shubham Dubey  c Ashutosh Sharma b Natarajan 6(6)  - 208/6 in 19.1 ov.
  ⚠ DIVERGENCE: BATTERS_MISSING_IN_UI: {'ferreira', 'archer'} (ui=set(), cb={'ferreira', 'archer'}) | FOW_COUNT: ui=0 vs wickets=6 | BOWLER: ui=None cb=T Natarajan

[21:27:57  iter#300]
  UI: Delhi Capitals 225-6 (None)  str=None nstr=None  bowl=None None-None (None)
  this_over=[]  fow=0 (unk=0)  last_fow=None
  delivery: len=good_length line=unknown shot=in_the_air [layer2]
  extras: this_over=0 innings=0 [w0/nb0/b0/lb0]
  CB: RR 225-6 (20)  crr=11.25  ps=17(5)  recent=... 1 W
  CB BAT: Jofra Archer* 1(1), Donovan Ferreira 47(14)
  CB BOWL: T Natarajan 1-54 (4)
  LAST WKT: Shubham Dubey  c Ashutosh Sharma b Natarajan 6(6)  - 208/6 in 19.1 ov.
  ⚠ DIVERGENCE: BATTERS_MISSING_IN_UI: {'ferreira', 'archer'} (ui=set(), cb={'ferreira', 'archer'}) | FOW_COUNT: ui=0 vs wickets=6 | BOWLER: ui=None cb=T Natarajan

[21:28:19  iter#301]
  UI: Delhi Capitals 225-6 (None)  str=None nstr=None  bowl=None None-None (None)
  this_over=[]  fow=0 (unk=0)  last_fow=None
  delivery: len=good_length line=unknown shot=in_the_air [layer2]
  extras: this_over=0 innings=0 [w0/nb0/b0/lb0]
  CB: RR 225-6 (20)  crr=11.25  ps=17(5)  recent=... 1 W
  CB BAT: Jofra Archer* 1(1), Donovan Ferreira 47(14)
  CB BOWL: T Natarajan 1-54 (4)
  LAST WKT: Shubham Dubey  c Ashutosh Sharma b Natarajan 6(6)  - 208/6 in 19.1 ov.
  ⚠ DIVERGENCE: BATTERS_MISSING_IN_UI: {'ferreira', 'archer'} (ui=set(), cb={'ferreira', 'archer'}) | FOW_COUNT: ui=0 vs wickets=6 | BOWLER: ui=None cb=T Natarajan

[21:28:41  iter#302]
  UI: Delhi Capitals 225-6 (None)  str=None nstr=None  bowl=None None-None (None)
  this_over=[]  fow=0 (unk=0)  last_fow=None
  delivery: len=good_length line=unknown shot=in_the_air [layer2]
  extras: this_over=0 innings=0 [w0/nb0/b0/lb0]
  CB: RR 225-6 (20)  crr=11.25  ps=17(5)  recent=... 1 W
  CB BAT: Jofra Archer* 1(1), Donovan Ferreira 47(14)
  CB BOWL: T Natarajan 1-54 (4)
  LAST WKT: Shubham Dubey  c Ashutosh Sharma b Natarajan 6(6)  - 208/6 in 19.1 ov.
  ⚠ DIVERGENCE: BATTERS_MISSING_IN_UI: {'ferreira', 'archer'} (ui=set(), cb={'ferreira', 'archer'}) | FOW_COUNT: ui=0 vs wickets=6 | BOWLER: ui=None cb=T Natarajan

[21:29:01  iter#303]
  UI: Delhi Capitals 225-6 (None)  str=None nstr=None  bowl=None None-None (None)
  this_over=[]  fow=0 (unk=0)  last_fow=None
  delivery: len=good_length line=unknown shot=in_the_air [layer2]
  extras: this_over=0 innings=0 [w0/nb0/b0/lb0]
  CB: RR 225-6 (20)  crr=11.25  ps=17(5)  recent=... 1 W
  CB BAT: Jofra Archer* 1(1), Donovan Ferreira 47(14)
  CB BOWL: T Natarajan 1-54 (4)
  LAST WKT: Shubham Dubey  c Ashutosh Sharma b Natarajan 6(6)  - 208/6 in 19.1 ov.
  ⚠ DIVERGENCE: BATTERS_MISSING_IN_UI: {'ferreira', 'archer'} (ui=set(), cb={'ferreira', 'archer'}) | FOW_COUNT: ui=0 vs wickets=6 | BOWLER: ui=None cb=T Natarajan

[21:29:22  iter#304]
  UI: Delhi Capitals 225-6 (None)  str=None nstr=None  bowl=None None-None (None)
  this_over=[]  fow=0 (unk=0)  last_fow=None
  delivery: len=good_length line=unknown shot=in_the_air [layer2]
  extras: this_over=0 innings=0 [w0/nb0/b0/lb0]
  CB: RR 225-6 (20)  crr=11.25  ps=17(5)  recent=... 1 W
  CB BAT: Jofra Archer* 1(1), Donovan Ferreira 47(14)
  CB BOWL: T Natarajan 1-54 (4)
  LAST WKT: Shubham Dubey  c Ashutosh Sharma b Natarajan 6(6)  - 208/6 in 19.1 ov.
  ⚠ DIVERGENCE: BATTERS_MISSING_IN_UI: {'ferreira', 'archer'} (ui=set(), cb={'ferreira', 'archer'}) | FOW_COUNT: ui=0 vs wickets=6 | BOWLER: ui=None cb=T Natarajan

[21:29:45  iter#305]
  UI: Delhi Capitals None-None (None)  str=None nstr=None  bowl=None None-None (None)
  this_over=[]  fow=0 (unk=0)  last_fow=None
  delivery: len=good_length line=unknown shot=in_the_air [layer2]
  extras: this_over=0 innings=0 [w0/nb0/b0/lb0]
  CB: RR 225-6 (20)  crr=11.25  ps=17(5)  recent=... 1 W
  CB BAT: Jofra Archer* 1(1), Donovan Ferreira 47(14)
  CB BOWL: T Natarajan 1-54 (4)
  LAST WKT: Shubham Dubey  c Ashutosh Sharma b Natarajan 6(6)  - 208/6 in 19.1 ov.
  ⚠ DIVERGENCE: BATTERS_MISSING_IN_UI: {'ferreira', 'archer'} (ui=set(), cb={'ferreira', 'archer'}) | BOWLER: ui=None cb=T Natarajan

[21:30:07  iter#306]
  UI: Delhi Capitals None-None (None)  str=None nstr=None  bowl=None None-None (None)
  this_over=[]  fow=0 (unk=0)  last_fow=None
  delivery: len=good_length line=unknown shot=in_the_air [layer2]
  extras: this_over=0 innings=0 [w0/nb0/b0/lb0]
  CB: RR 225-6 (20)  crr=11.25  ps=17(5)  recent=... 1 W
  CB BAT: Jofra Archer* 1(1), Donovan Ferreira 47(14)
  CB BOWL: T Natarajan 1-54 (4)
  LAST WKT: Shubham Dubey  c Ashutosh Sharma b Natarajan 6(6)  - 208/6 in 19.1 ov.
  ⚠ DIVERGENCE: BATTERS_MISSING_IN_UI: {'ferreira', 'archer'} (ui=set(), cb={'ferreira', 'archer'}) | BOWLER: ui=None cb=T Natarajan

[21:30:29  iter#307]
  UI: Delhi Capitals None-None (None)  str=None nstr=None  bowl=None None-None (None)
  this_over=[]  fow=0 (unk=0)  last_fow=None
  delivery: len=good_length line=unknown shot=in_the_air [layer2]
  extras: this_over=0 innings=0 [w0/nb0/b0/lb0]
  CB: RR 225-6 (20)  crr=11.25  ps=17(5)  recent=... 1 W
  CB BAT: Jofra Archer* 1(1), Donovan Ferreira 47(14)
  CB BOWL: T Natarajan 1-54 (4)
  LAST WKT: Shubham Dubey  c Ashutosh Sharma b Natarajan 6(6)  - 208/6 in 19.1 ov.
  ⚠ DIVERGENCE: BATTERS_MISSING_IN_UI: {'ferreira', 'archer'} (ui=set(), cb={'ferreira', 'archer'}) | BOWLER: ui=None cb=T Natarajan

[21:30:52  iter#308]
  UI: Delhi Capitals None-None (None)  str=None nstr=None  bowl=None None-None (None)
  this_over=[]  fow=0 (unk=0)  last_fow=None
  delivery: len=good_length line=unknown shot=in_the_air [layer2]
  extras: this_over=0 innings=0 [w0/nb0/b0/lb0]
  CB: RR 225-6 (20)  crr=11.25  ps=17(5)  recent=... 1 W
  CB BAT: Jofra Archer* 1(1), Donovan Ferreira 47(14)
  CB BOWL: T Natarajan 1-54 (4)
  LAST WKT: Shubham Dubey  c Ashutosh Sharma b Natarajan 6(6)  - 208/6 in 19.1 ov.
  ⚠ DIVERGENCE: BATTERS_MISSING_IN_UI: {'ferreira', 'archer'} (ui=set(), cb={'ferreira', 'archer'}) | BOWLER: ui=None cb=T Natarajan

[21:31:16  iter#309]
  WS ERR: ''
  CB: RR 225-6 (20)  crr=11.25  ps=17(5)  recent=... 1 W
  CB BAT: Jofra Archer* 1(1), Donovan Ferreira 47(14)
  CB BOWL: T Natarajan 1-54 (4)
  LAST WKT: Shubham Dubey  c Ashutosh Sharma b Natarajan 6(6)  - 208/6 in 19.1 ov.
  ⚠ DIVERGENCE: BATTERS_MISSING_IN_UI: {'ferreira', 'archer'} (ui=set(), cb={'ferreira', 'archer'}) | BOWLER: ui=None cb=T Natarajan

[21:31:38  iter#310]
  UI: Delhi Capitals None-None (None)  str=None nstr=None  bowl=None None-None (None)
  this_over=[]  fow=0 (unk=0)  last_fow=None
  delivery: len=good_length line=unknown shot=in_the_air [layer2]
  extras: this_over=0 innings=0 [w0/nb0/b0/lb0]
  CB: RR 225-6 (20)  crr=11.25  ps=17(5)  recent=... 1 W
  CB BAT: Jofra Archer* 1(1), Donovan Ferreira 47(14)
  CB BOWL: T Natarajan 1-54 (4)
  LAST WKT: Shubham Dubey  c Ashutosh Sharma b Natarajan 6(6)  - 208/6 in 19.1 ov.
  ⚠ DIVERGENCE: BATTERS_MISSING_IN_UI: {'ferreira', 'archer'} (ui=set(), cb={'ferreira', 'archer'}) | BOWLER: ui=None cb=T Natarajan

[21:32:02  iter#311]
  UI: Delhi Capitals None-None (None)  str=None nstr=None  bowl=None None-None (None)
  this_over=[]  fow=0 (unk=0)  last_fow=None
  delivery: len=good_length line=unknown shot=in_the_air [layer2]
  extras: this_over=0 innings=0 [w0/nb0/b0/lb0]
  CB: RR 225-6 (20)  crr=11.25  ps=17(5)  recent=... 1 W
  CB BAT: Jofra Archer* 1(1), Donovan Ferreira 47(14)
  CB BOWL: T Natarajan 1-54 (4)
  LAST WKT: Shubham Dubey  c Ashutosh Sharma b Natarajan 6(6)  - 208/6 in 19.1 ov.
  ⚠ DIVERGENCE: BATTERS_MISSING_IN_UI: {'ferreira', 'archer'} (ui=set(), cb={'ferreira', 'archer'}) | BOWLER: ui=None cb=T Natarajan

[21:32:23  iter#312]
  UI: Delhi Capitals None-None (None)  str=None nstr=None  bowl=None None-None (None)
  this_over=[]  fow=0 (unk=0)  last_fow=None
  delivery: len=good_length line=unknown shot=in_the_air [layer2]
  extras: this_over=0 innings=0 [w0/nb0/b0/lb0]
  CB: RR 225-6 (20)  crr=11.25  ps=17(5)  recent=... 1 W
  CB BAT: Jofra Archer* 1(1), Donovan Ferreira 47(14)
  CB BOWL: T Natarajan 1-54 (4)
  LAST WKT: Shubham Dubey  c Ashutosh Sharma b Natarajan 6(6)  - 208/6 in 19.1 ov.
  ⚠ DIVERGENCE: BATTERS_MISSING_IN_UI: {'ferreira', 'archer'} (ui=set(), cb={'ferreira', 'archer'}) | BOWLER: ui=None cb=T Natarajan

[21:32:43  iter#313]
  UI: Delhi Capitals None-None (None)  str=None nstr=None  bowl=None None-None (None)
  this_over=[]  fow=0 (unk=0)  last_fow=None
  delivery: len=good_length line=unknown shot=in_the_air [layer2]
  extras: this_over=0 innings=0 [w0/nb0/b0/lb0]
  CB: RR 225-6 (20)  crr=11.25  ps=17(5)  recent=... 1 W
  CB BAT: Jofra Archer* 1(1), Donovan Ferreira 47(14)
  CB BOWL: T Natarajan 1-54 (4)
  LAST WKT: Shubham Dubey  c Ashutosh Sharma b Natarajan 6(6)  - 208/6 in 19.1 ov.
  ⚠ DIVERGENCE: BATTERS_MISSING_IN_UI: {'ferreira', 'archer'} (ui=set(), cb={'ferreira', 'archer'}) | BOWLER: ui=None cb=T Natarajan

[21:33:05  iter#314]
  UI: Delhi Capitals None-None (None)  str=None nstr=KL Rahul  bowl=Jofra Archer 0-0 (0.1)
  this_over=[]  fow=0 (unk=0)  last_fow=None
  delivery: len=good_length line=unknown shot=in_the_air [layer2]
  extras: this_over=0 innings=0 [w0/nb0/b0/lb0]
  CB: DC 0-0 (0.1)  crr=0.0  ps=0(1)  recent=0
  CB BAT: Pathum Nissanka* 0(1), KL Rahul 0(0)
  ⚠ DIVERGENCE: BATTERS_MISSING_IN_UI: {'nissanka'} (ui={'rahul'}, cb={'rahul', 'nissanka'}) | BAT_nissanka: ui=0(0) cb=0(1)

[21:33:26  iter#315]
  UI: Delhi Capitals 0-0 (0.1)  str=None nstr=KL Rahul  bowl=Jofra Archer 0-0 (0.1)
  this_over=['?']  fow=0 (unk=0)  last_fow=None
  delivery: len=good_length line=unknown shot=in_the_air [layer2]
  extras: this_over=0 innings=0 [w0/nb0/b0/lb0]
  CB: DC 0-0 (0.2)  crr=0.0  ps=0(2)  recent=0 0
  CB BAT: Pathum Nissanka* 0(2), KL Rahul 0(0)
  ⚠ DIVERGENCE: OVERS: ui=0.1 cb=0.2 | BATTERS_MISSING_IN_UI: {'nissanka'} (ui={'rahul'}, cb={'rahul', 'nissanka'}) | BAT_nissanka: ui=0(1) cb=0(2)

[21:33:47  iter#316]
  UI: Delhi Capitals 0-0 (0.1)  str=Pathum Nissanka nstr=KL Rahul  bowl=Jofra Archer 0-0 (0.1)
  this_over=['?']  fow=0 (unk=0)  last_fow=None
  delivery: len=good_length line=unknown shot=in_the_air [layer2]
  extras: this_over=0 innings=0 [w0/nb0/b0/lb0]
  CB: DC 0-0 (0.3)  crr=0.0  ps=0(3)  recent=0 0 0
  CB BAT: Pathum Nissanka* 0(3), KL Rahul 0(0)
  ⚠ DIVERGENCE: OVERS: ui=0.1 cb=0.3 | BAT_nissanka: ui=0(1) cb=0(3)

[21:34:11  iter#317]
  WS ERR: ''
  CB: DC 0-0 (0.3)  crr=0.0  ps=0(3)  recent=0 0 0
  CB BAT: Pathum Nissanka* 0(3), KL Rahul 0(0)
  ⚠ DIVERGENCE: BATTERS_MISSING_IN_UI: {'rahul', 'nissanka'} (ui=set(), cb={'rahul', 'nissanka'})

[21:34:32  iter#318]
  UI: Delhi Capitals 0-0 (0.2)  str=Pathum Nissanka nstr=KL Rahul  bowl=Jofra Archer 0-0 (0.2)
  this_over=['?', '.']  fow=0 (unk=0)  last_fow=None
  delivery: len=good_length line=unknown shot=in_the_air [layer2]
  extras: this_over=0 innings=0 [w0/nb0/b0/lb0]
  CB: DC 1-0 (0.3)  crr=2.0  ps=1(3)  recent=0 0 0 W
  CB BAT: Pathum Nissanka* 0(3), KL Rahul 0(0)
  ⚠ DIVERGENCE: SCORE: ui=0 cb=1 | OVERS: ui=0.2 cb=0.3 | BAT_nissanka: ui=0(0) cb=0(3)

[21:34:57  iter#319]
  WS ERR: ''
  CB: DC 5-0 (0.4)  crr=7.5  ps=5(4)  recent=0 0 0 W
  CB BAT: Pathum Nissanka* 4(4), KL Rahul 0(0)
  ⚠ DIVERGENCE: BATTERS_MISSING_IN_UI: {'rahul', 'nissanka'} (ui=set(), cb={'rahul', 'nissanka'})

[21:35:21  iter#320]
  WS ERR: ''
  CB: DC 5-0 (0.4)  crr=7.5  ps=5(4)  recent=0 0 0 W
  CB BAT: Pathum Nissanka* 4(4), KL Rahul 0(0)
  ⚠ DIVERGENCE: BATTERS_MISSING_IN_UI: {'rahul', 'nissanka'} (ui=set(), cb={'rahul', 'nissanka'})

[21:35:43  iter#321]
  UI: Delhi Capitals 5-1 (0.4)  str=None nstr=KL Rahul  bowl=Jofra Archer 1-1 (0.3)
  this_over=['.', '.', 'Wd', 'W', '?']  fow=1 (unk=0)  last_fow={'wicket': 1, 'batter': 'Pathum Nissanka', 'score': 1, 'overs': '0.3', 'bowler': None, 'how': 'auto-inferred (striker on wicket)', '_unwitnessed': False}
  delivery: len=good_length line=unknown shot=in_the_air [layer2]
  extras: this_over=1 innings=5 [w1/nb0/b0/lb0]
  extras_log: [{'over': '0.3', 'type': 'wide', 'runs': 1, 'this_over_after': []}]
  CB: DC 5-0 (0.4)  crr=7.5  ps=5(4)  recent=0 0 0 W
  CB BAT: Pathum Nissanka* 4(4), KL Rahul 0(0)
  ⚠ DIVERGENCE: WICKETS: ui=1 cb=0 | BATTERS_MISSING_IN_UI: {'nissanka'} (ui={'rahul'}, cb={'rahul', 'nissanka'})

[21:36:05  iter#322]
  UI: Delhi Capitals 5-1 (0.4)  str=None nstr=KL Rahul  bowl=Jofra Archer 1-5 (0.4)
  this_over=['.', '.', 'Wd', 'W', '4']  fow=1 (unk=0)  last_fow={'wicket': 1, 'batter': 'Pathum Nissanka', 'score': 1, 'overs': '0.3', 'bowler': None, 'how': 'auto-inferred (striker on wicket)', '_unwitnessed': False}
  delivery: len=good_length line=unknown shot=in_the_air [layer2]
  extras: this_over=1 innings=5 [w1/nb0/b0/lb0]
  extras_log: [{'over': '0.3', 'type': 'wide', 'runs': 1, 'this_over_after': []}]
  CB: DC 11-0 (0.5)  crr=13.2  ps=11(5)  recent=0 0 0 W
  CB BAT: Pathum Nissanka* 10(5), KL Rahul 0(0)
  ⚠ DIVERGENCE: SCORE: ui=5 cb=11 | WICKETS: ui=1 cb=0 | OVERS: ui=0.4 cb=0.5 | BATTERS_MISSING_IN_UI: {'nissanka'} (ui={'rahul'}, cb={'rahul', 'nissanka'})

[21:36:27  iter#323]
  UI: Delhi Capitals 11-1 (0.5)  str=None nstr=KL Rahul  bowl=Jofra Archer 1-11 (0.5)
  this_over=['.', '.', 'Wd', 'W', '4', '6']  fow=1 (unk=0)  last_fow={'wicket': 1, 'batter': 'Pathum Nissanka', 'score': 1, 'overs': '0.3', 'bowler': None, 'how': 'auto-inferred (striker on wicket)', '_unwitnessed': False}
  delivery: len=short_of_length line=unknown shot=in_the_air [layer2]
  extras: this_over=1 innings=5 [w1/nb0/b0/lb0]
  extras_log: [{'over': '0.3', 'type': 'wide', 'runs': 1, 'this_over_after': []}]
  CB: DC 11-0 (0.5)  crr=13.2  ps=11(5)  recent=0 0 0 W
  CB BAT: Pathum Nissanka* 10(5), KL Rahul 0(0)
  ⚠ DIVERGENCE: WICKETS: ui=1 cb=0 | BATTERS_MISSING_IN_UI: {'nissanka'} (ui={'rahul'}, cb={'rahul', 'nissanka'})

[21:36:49  iter#324]
  UI: Delhi Capitals 11-1 (0.5)  str=None nstr=KL Rahul  bowl=Jofra Archer 1-11 (0.5)
  this_over=['.', '.', 'Wd', 'W', '4', '6']  fow=1 (unk=0)  last_fow={'wicket': 1, 'batter': 'Pathum Nissanka', 'score': 1, 'overs': '0.3', 'bowler': None, 'how': 'auto-inferred (striker on wicket)', '_unwitnessed': False}
  delivery: len=short_of_length line=unknown shot=in_the_air [layer2]
  extras: this_over=1 innings=11 [w1/nb0/b0/lb0]
  extras_log: [{'over': '0.3', 'type': 'wide', 'runs': 1, 'this_over_after': []}]
  CB: DC 11-0 (0.5)  crr=13.2  ps=11(5)  recent=0 0 0 W
  CB BAT: Pathum Nissanka* 10(5), KL Rahul 0(0)
  ⚠ DIVERGENCE: WICKETS: ui=1 cb=0 | BATTERS_MISSING_IN_UI: {'nissanka'} (ui={'rahul'}, cb={'rahul', 'nissanka'})

[21:37:12  iter#325]
  UI: Delhi Capitals 11-1 (0.5)  str=None nstr=KL Rahul  bowl=Jofra Archer 1-11 (0.5)
  this_over=['.', '.', 'Wd', 'W', '4', '6']  fow=1 (unk=0)  last_fow={'wicket': 1, 'batter': 'Pathum Nissanka', 'score': 1, 'overs': '0.3', 'bowler': None, 'how': 'auto-inferred (striker on wicket)', '_unwitnessed': False}
  delivery: len=short_of_length line=unknown shot=in_the_air [layer2]
  extras: this_over=1 innings=11 [w1/nb0/b0/lb0]
  extras_log: [{'over': '0.3', 'type': 'wide', 'runs': 1, 'this_over_after': []}]
  CB: DC 11-0 (1)  crr=11.0  ps=11(6)  recent=0 0 0 W
  CB BAT: KL Rahul* 0(0), Pathum Nissanka 10(6)
  ⚠ DIVERGENCE: WICKETS: ui=1 cb=0 | OVERS: ui=0.5 cb=1 | BATTERS_MISSING_IN_UI: {'nissanka'} (ui={'rahul'}, cb={'rahul', 'nissanka'})

[21:37:33  iter#326]
  UI: Delhi Capitals 11-1 (1.0)  str=KL Rahul nstr=None  bowl=Jofra Archer 1-11 (1.0)
  this_over=['.', '.', 'Wd', 'W', '4', '6']  fow=1 (unk=0)  last_fow={'wicket': 1, 'batter': 'Pathum Nissanka', 'score': 1, 'overs': '0.3', 'bowler': None, 'how': 'auto-inferred (striker on wicket)', '_unwitnessed': False}
  delivery: len=short_of_length line=unknown shot=in_the_air [layer2]
  extras: this_over=1 innings=11 [w1/nb0/b0/lb0]
  extras_log: [{'over': '0.3', 'type': 'wide', 'runs': 1, 'this_over_after': []}]
  CB: DC 11-0 (1)  crr=11.0  ps=11(6)  recent=0 0 0 W
  CB BAT: KL Rahul* 0(0), Pathum Nissanka 10(6)
  ⚠ DIVERGENCE: WICKETS: ui=1 cb=0 | OVERS: ui=1.0 cb=1 | BATTERS_MISSING_IN_UI: {'nissanka'} (ui={'rahul'}, cb={'rahul', 'nissanka'})

[21:37:55  iter#327]
  UI: Delhi Capitals 11-1 (1.0)  str=KL Rahul nstr=None  bowl=Jofra Archer 1-11 (1.0)
  this_over=['.', '.', 'Wd', 'W', '4', '6']  fow=1 (unk=0)  last_fow={'wicket': 1, 'batter': 'Pathum Nissanka', 'score': 1, 'overs': '0.3', 'bowler': None, 'how': 'auto-inferred (striker on wicket)', '_unwitnessed': False}
  delivery: len=short_of_length line=unknown shot=in_the_air [layer2]
  extras: this_over=1 innings=11 [w1/nb0/b0/lb0]
  extras_log: [{'over': '0.3', 'type': 'wide', 'runs': 1, 'this_over_after': []}]
  CB: DC 11-0 (1)  crr=11.0  ps=11(6)  recent=0 0 0 W
  CB BAT: KL Rahul* 0(0), Pathum Nissanka 10(6)
  ⚠ DIVERGENCE: WICKETS: ui=1 cb=0 | OVERS: ui=1.0 cb=1 | BATTERS_MISSING_IN_UI: {'nissanka'} (ui={'rahul'}, cb={'rahul', 'nissanka'})

[21:38:16  iter#328]
  UI: Delhi Capitals 11-1 (1.0)  str=KL Rahul nstr=None  bowl=Jofra Archer 1-11 (1.0)
  this_over=['.', '.', 'Wd', 'W', '4', '6']  fow=1 (unk=0)  last_fow={'wicket': 1, 'batter': 'Pathum Nissanka', 'score': 1, 'overs': '0.3', 'bowler': None, 'how': 'auto-inferred (striker on wicket)', '_unwitnessed': False}
  delivery: len=short_of_length line=unknown shot=in_the_air [layer2]
  extras: this_over=1 innings=11 [w1/nb0/b0/lb0]
  extras_log: [{'over': '0.3', 'type': 'wide', 'runs': 1, 'this_over_after': []}]
  CB: DC 11-0 (1)  crr=11.0  ps=11(6)  recent=0 0 0 W
  CB BAT: KL Rahul* 0(0), Pathum Nissanka 10(6)
  CB BOWL: Jofra Archer 0-11 (1)
  ⚠ DIVERGENCE: WICKETS: ui=1 cb=0 | OVERS: ui=1.0 cb=1 | BATTERS_MISSING_IN_UI: {'nissanka'} (ui={'rahul'}, cb={'rahul', 'nissanka'}) | BOWL_W: ui=1 cb=0 | BOWL_O: ui=1.0 cb=1

[21:38:37  iter#329]
  UI: Delhi Capitals 11-1 (1.0)  str=KL Rahul nstr=None  bowl=Nandre Burger 0-0 (0)
  this_over=['?', '.', '.', '1', 'Wd', '4', '6', '.']  fow=1 (unk=0)  last_fow={'wicket': 1, 'batter': 'Pathum Nissanka', 'score': 1, 'overs': '0.3', 'bowler': None, 'how': 'auto-inferred (striker on wicket)', '_unwitnessed': False}
  delivery: len=short_of_length line=unknown shot=in_the_air [layer2]
  extras: this_over=1 innings=11 [w1/nb0/b0/lb0]
  extras_log: [{'over': '0.3', 'type': 'wide', 'runs': 1, 'this_over_after': []}]
  CB: DC 15-0 (1.1)  crr=12.86  ps=15(7)  recent=4
  CB BAT: KL Rahul* 4(1), Pathum Nissanka 10(6)
  CB BOWL: Jofra Archer 0-11 (1)
  ⚠ DIVERGENCE: SCORE: ui=11 cb=15 | WICKETS: ui=1 cb=0 | OVERS: ui=1.0 cb=1.1 | BATTERS_MISSING_IN_UI: {'nissanka'} (ui={'rahul'}, cb={'rahul', 'nissanka'}) | BAT_rahul: ui=0(0) cb=4(1) | BOWLER: ui=Nandre Burger cb=Jofra Archer

[21:39:00  iter#330]
  UI: Delhi Capitals 11-1 (1.0)  str=KL Rahul nstr=None  bowl=Nandre Burger 0-0 (0)
  this_over=['?', '.', '.', '1', 'Wd', '4', '6', '.']  fow=1 (unk=0)  last_fow={'wicket': 1, 'batter': 'Pathum Nissanka', 'score': 1, 'overs': '0.3', 'bowler': None, 'how': 'auto-inferred (striker on wicket)', '_unwitnessed': False}
  delivery: len=short_of_length line=unknown shot=in_the_air [layer2]
  extras: this_over=1 innings=11 [w1/nb0/b0/lb0]
  extras_log: [{'over': '0.3', 'type': 'wide', 'runs': 1, 'this_over_after': []}]
  CB: DC 15-0 (1.2)  crr=11.25  ps=15(8)  recent=4 0
  CB BAT: KL Rahul* 4(2), Pathum Nissanka 10(6)
  CB BOWL: Jofra Archer 0-11 (1)
  ⚠ DIVERGENCE: SCORE: ui=11 cb=15 | WICKETS: ui=1 cb=0 | OVERS: ui=1.0 cb=1.2 | BATTERS_MISSING_IN_UI: {'nissanka'} (ui={'rahul'}, cb={'rahul', 'nissanka'}) | BAT_rahul: ui=0(0) cb=4(2) | BOWLER: ui=Nandre Burger cb=Jofra Archer

[21:39:20  iter#331]
  UI: Delhi Capitals 15-1 (1.1)  str=KL Rahul nstr=None  bowl=Nandre Burger 0-4 (0.1)
  this_over=['4']  fow=1 (unk=0)  last_fow={'wicket': 1, 'batter': 'Pathum Nissanka', 'score': 1, 'overs': '0.3', 'bowler': None, 'how': 'auto-inferred (striker on wicket)', '_unwitnessed': False}
  delivery: len=short_of_length line=unknown shot=in_the_air [layer2]
  extras: this_over=1 innings=11 [w1/nb0/b0/lb0]
  extras_log: [{'over': '0.3', 'type': 'wide', 'runs': 1, 'this_over_after': []}]
  CB: DC 15-0 (1.2)  crr=11.25  ps=15(8)  recent=4 0
  CB BAT: KL Rahul* 4(2), Pathum Nissanka 10(6)
  CB BOWL: Jofra Archer 0-11 (1)
  ⚠ DIVERGENCE: WICKETS: ui=1 cb=0 | OVERS: ui=1.1 cb=1.2 | BATTERS_MISSING_IN_UI: {'nissanka'} (ui={'rahul'}, cb={'rahul', 'nissanka'}) | BAT_rahul: ui=4(1) cb=4(2) | BOWLER: ui=Nandre Burger cb=Jofra Archer

[21:39:44  iter#332]
  WS ERR: ''
  CB: DC 15-0 (1.2)  crr=11.25  ps=15(8)  recent=4 0
  CB BAT: KL Rahul* 4(2), Pathum Nissanka 10(6)
  CB BOWL: Jofra Archer 0-11 (1)
  ⚠ DIVERGENCE: BATTERS_MISSING_IN_UI: {'rahul', 'nissanka'} (ui=set(), cb={'rahul', 'nissanka'}) | BOWLER: ui=None cb=Jofra Archer

[21:40:09  iter#333]
  WS ERR: ''
  CB: DC 15-0 (1.3)  crr=10.0  ps=15(9)  recent=4 0 0
  CB BAT: KL Rahul* 4(3), Pathum Nissanka 10(6)
  CB BOWL: Jofra Archer 0-11 (1)
  ⚠ DIVERGENCE: BATTERS_MISSING_IN_UI: {'rahul', 'nissanka'} (ui=set(), cb={'rahul', 'nissanka'}) | BOWLER: ui=None cb=Jofra Archer

[21:40:33  iter#334]
  WS ERR: ''
  CB: DC 15-0 (1.4)  crr=9.0  ps=15(10)  recent=4 0 0 0
  CB BAT: KL Rahul* 4(4), Pathum Nissanka 10(6)
  CB BOWL: Jofra Archer 0-11 (1)
  ⚠ DIVERGENCE: BATTERS_MISSING_IN_UI: {'rahul', 'nissanka'} (ui=set(), cb={'rahul', 'nissanka'}) | BOWLER: ui=None cb=Jofra Archer

[21:40:57  iter#335]
  WS ERR: ''
  CB: DC 15-0 (1.4)  crr=9.0  ps=15(10)  recent=4 0 0 0
  CB BAT: KL Rahul* 4(4), Pathum Nissanka 10(6)
  CB BOWL: Jofra Archer 0-11 (1)
  ⚠ DIVERGENCE: BATTERS_MISSING_IN_UI: {'rahul', 'nissanka'} (ui=set(), cb={'rahul', 'nissanka'}) | BOWLER: ui=None cb=Jofra Archer

[21:41:18  iter#336]
  UI: Delhi Capitals 15-1 (1.3)  str=KL Rahul nstr=None  bowl=Nandre Burger 0-15 (1.3)
  this_over=['4', '.', '.']  fow=1 (unk=0)  last_fow={'wicket': 1, 'batter': 'Pathum Nissanka', 'score': 1, 'overs': '0.3', 'bowler': None, 'how': 'auto-inferred (striker on wicket)', '_unwitnessed': False}
  delivery: len=short_of_length line=leg_stump shot=in_the_air [layer2]
  extras: this_over=1 innings=11 [w1/nb0/b0/lb0]
  extras_log: [{'over': '0.3', 'type': 'wide', 'runs': 1, 'this_over_after': []}]
  CB: DC 15-0 (1.5)  crr=8.18  ps=15(11)  recent=4 0 0 0 0
  CB BAT: KL Rahul* 4(5), Pathum Nissanka 10(6)
  CB BOWL: Jofra Archer 0-11 (1)
  ⚠ DIVERGENCE: WICKETS: ui=1 cb=0 | OVERS: ui=1.3 cb=1.5 | BATTERS_MISSING_IN_UI: {'nissanka'} (ui={'rahul'}, cb={'rahul', 'nissanka'}) | BAT_rahul: ui=4(3) cb=4(5) | BOWLER: ui=Nandre Burger cb=Jofra Archer

[21:41:42  iter#337]
  WS ERR: ''
  CB: DC 19-0 (2)  crr=9.5  ps=19(12)  recent=4 0 0 0 0 4
  CB BAT: Pathum Nissanka* 10(6), KL Rahul 8(6)
  CB BOWL: Nandre Burger 0-8 (1)
  ⚠ DIVERGENCE: BATTERS_MISSING_IN_UI: {'rahul', 'nissanka'} (ui=set(), cb={'rahul', 'nissanka'}) | BOWLER: ui=None cb=Nandre Burger

[21:42:04  iter#338]
  UI: Delhi Capitals 15-1 (1.5)  str=KL Rahul nstr=None  bowl=Nandre Burger 0-15 (1.5)
  this_over=['4', '.', '.', '.', '.']  fow=1 (unk=0)  last_fow={'wicket': 1, 'batter': 'Pathum Nissanka', 'score': 1, 'overs': '0.3', 'bowler': None, 'how': 'auto-inferred (striker on wicket)', '_unwitnessed': False}
  delivery: len=good_length line=leg_stump shot=in_the_air [layer2]
  extras: this_over=1 innings=11 [w1/nb0/b0/lb0]
  extras_log: [{'over': '0.3', 'type': 'wide', 'runs': 1, 'this_over_after': []}]
  CB: DC 19-0 (2)  crr=9.5  ps=19(12)  recent=4 0 0 0 0 4
  CB BAT: Pathum Nissanka* 10(6), KL Rahul 8(6)
  CB BOWL: Nandre Burger 0-8 (1)
  ⚠ DIVERGENCE: SCORE: ui=15 cb=19 | WICKETS: ui=1 cb=0 | OVERS: ui=1.5 cb=2 | STRIKER: ui=KL Rahul cb=Pathum Nissanka | BATTERS_MISSING_IN_UI: {'nissanka'} (ui={'rahul'}, cb={'rahul', 'nissanka'}) | BAT_rahul: ui=4(5) cb=8(6) | BOWL_R: ui=15 cb=8 | BOWL_O: ui=1.5 cb=1

[21:42:26  iter#339]
  UI: Delhi Capitals 19-1 (2.0)  str=KL Rahul nstr=None  bowl=Nandre Burger 0-15 (1.5)
  this_over=['4', '.', '.', '.', '.', '4']  fow=1 (unk=0)  last_fow={'wicket': 1, 'batter': 'Pathum Nissanka', 'score': 1, 'overs': '0.3', 'bowler': None, 'how': 'auto-inferred (striker on wicket)', '_unwitnessed': False}
  delivery: len=good_length line=leg_stump shot=in_the_air [layer2]
  extras: this_over=1 innings=15 [w1/nb0/b0/lb0]
  extras_log: [{'over': '0.3', 'type': 'wide', 'runs': 1, 'this_over_after': []}]
  CB: DC 19-0 (2)  crr=9.5  ps=19(12)  recent=4 0 0 0 0 4
  CB BAT: Pathum Nissanka* 10(6), KL Rahul 8(6)
  CB BOWL: Nandre Burger 0-8 (1)
  ⚠ DIVERGENCE: WICKETS: ui=1 cb=0 | OVERS: ui=2.0 cb=2 | STRIKER: ui=KL Rahul cb=Pathum Nissanka | BATTERS_MISSING_IN_UI: {'nissanka'} (ui={'rahul'}, cb={'rahul', 'nissanka'}) | BAT_rahul: ui=4(7) cb=8(6) | BOWL_R: ui=15 cb=8 | BOWL_O: ui=1.5 cb=1

[21:42:47  iter#340]
  UI: Delhi Capitals 19-1 (2.0)  str=KL Rahul nstr=None  bowl=Nandre Burger 0-15 (1.5)
  this_over=['4', '.', '.', '.', '.', '4']  fow=1 (unk=0)  last_fow={'wicket': 1, 'batter': 'Pathum Nissanka', 'score': 1, 'overs': '0.3', 'bowler': None, 'how': 'auto-inferred (striker on wicket)', '_unwitnessed': False}
  delivery: len=good_length line=leg_stump shot=in_the_air [layer2]
  extras: this_over=1 innings=15 [w1/nb0/b0/lb0]
  extras_log: [{'over': '0.3', 'type': 'wide', 'runs': 1, 'this_over_after': []}]
  CB: DC 19-0 (2)  crr=9.5  ps=19(12)  recent=4 0 0 0 0 4
  CB BAT: Pathum Nissanka* 10(6), KL Rahul 8(6)
  CB BOWL: Nandre Burger 0-8 (1)
  ⚠ DIVERGENCE: WICKETS: ui=1 cb=0 | OVERS: ui=2.0 cb=2 | STRIKER: ui=KL Rahul cb=Pathum Nissanka | BATTERS_MISSING_IN_UI: {'nissanka'} (ui={'rahul'}, cb={'rahul', 'nissanka'}) | BAT_rahul: ui=4(7) cb=8(6) | BOWL_R: ui=15 cb=8 | BOWL_O: ui=1.5 cb=1

[21:43:08  iter#341]
  UI: Delhi Capitals 19-1 (2.0)  str=KL Rahul nstr=None  bowl=Nandre Burger 0-15 (1.5)
  this_over=['4', '.', '.', '.', '.', '4']  fow=1 (unk=0)  last_fow={'wicket': 1, 'batter': 'Pathum Nissanka', 'score': 1, 'overs': '0.3', 'bowler': None, 'how': 'auto-inferred (striker on wicket)', '_unwitnessed': False}
  delivery: len=good_length line=leg_stump shot=in_the_air [layer2]
  extras: this_over=1 innings=15 [w1/nb0/b0/lb0]
  extras_log: [{'over': '0.3', 'type': 'wide', 'runs': 1, 'this_over_after': []}]
  CB: DC 23-0 (2.1)  crr=10.62  ps=23(13)  recent=
  CB BAT: Pathum Nissanka* 10(7), KL Rahul 8(6)
  CB BOWL: Nandre Burger 0-8 (1)
  ⚠ DIVERGENCE: SCORE: ui=19 cb=23 | WICKETS: ui=1 cb=0 | OVERS: ui=2.0 cb=2.1 | STRIKER: ui=KL Rahul cb=Pathum Nissanka | BATTERS_MISSING_IN_UI: {'nissanka'} (ui={'rahul'}, cb={'rahul', 'nissanka'}) | BOWL_R: ui=15 cb=8 | BOWL_O: ui=1.5 cb=1

[21:43:32  iter#342]
  UI: Delhi Capitals 23-1 (2.1)  str=KL Rahul nstr=None  bowl=Jofra Archer 1-11 (1.1)
  this_over=['4']  fow=1 (unk=0)  last_fow={'wicket': 1, 'batter': 'Pathum Nissanka', 'score': 1, 'overs': '0.3', 'bowler': None, 'how': 'auto-inferred (striker on wicket)', '_unwitnessed': False}
  delivery: len=good_length line=leg_stump shot=in_the_air [layer2]
  extras: this_over=1 innings=15 [w1/nb0/b0/lb0]
  extras_log: [{'over': '0.3', 'type': 'wide', 'runs': 1, 'this_over_after': []}]
  CB: DC 23-0 (2.1)  crr=10.62  ps=23(13)  recent=
  CB BAT: Pathum Nissanka* 10(7), KL Rahul 8(6)
  CB BOWL: Nandre Burger 0-8 (1)
  ⚠ DIVERGENCE: WICKETS: ui=1 cb=0 | STRIKER: ui=KL Rahul cb=Pathum Nissanka | BATTERS_MISSING_IN_UI: {'nissanka'} (ui={'rahul'}, cb={'rahul', 'nissanka'}) | BOWLER: ui=Jofra Archer cb=Nandre Burger

[21:43:54  iter#343]
  UI: Delhi Capitals 23-1 (2.1)  str=KL Rahul nstr=None  bowl=Jofra Archer 1-11 (1.1)
  this_over=['4']  fow=1 (unk=0)  last_fow={'wicket': 1, 'batter': 'Pathum Nissanka', 'score': 1, 'overs': '0.3', 'bowler': None, 'how': 'auto-inferred (striker on wicket)', '_unwitnessed': False}
  delivery: len=short_of_length line=leg_stump shot=in_the_air [layer2]
  extras: this_over=1 innings=15 [w1/nb0/b0/lb0]
  extras_log: [{'over': '0.3', 'type': 'wide', 'runs': 1, 'this_over_after': []}]
  CB: DC 23-0 (2.1)  crr=10.62  ps=23(13)  recent=... 0 W
  CB BAT: Pathum Nissanka* 10(7), KL Rahul 8(6)
  CB BOWL: Nandre Burger 0-8 (1)
  ⚠ DIVERGENCE: WICKETS: ui=1 cb=0 | STRIKER: ui=KL Rahul cb=Pathum Nissanka | BATTERS_MISSING_IN_UI: {'nissanka'} (ui={'rahul'}, cb={'rahul', 'nissanka'}) | BOWLER: ui=Jofra Archer cb=Nandre Burger

[21:44:15  iter#344]
  UI: Delhi Capitals 23-1 (2.1)  str=KL Rahul nstr=None  bowl=Jofra Archer 1-11 (1.1)
  this_over=['4']  fow=1 (unk=0)  last_fow={'wicket': 1, 'batter': 'Pathum Nissanka', 'score': 1, 'overs': '0.3', 'bowler': None, 'how': 'auto-inferred (striker on wicket)', '_unwitnessed': False}
  delivery: len=short_of_length line=leg_stump shot=in_the_air [layer2]
  extras: this_over=1 innings=13 [w1/nb0/b0/lb0]
  extras_log: [{'over': '0.3', 'type': 'wide', 'runs': 1, 'this_over_after': []}]
  CB: DC 23-0 (2.1)  crr=10.62  ps=23(13)  recent=... 0 W
  CB BAT: Pathum Nissanka* 10(7), KL Rahul 8(6)
  CB BOWL: Nandre Burger 0-8 (1)
  ⚠ DIVERGENCE: WICKETS: ui=1 cb=0 | STRIKER: ui=KL Rahul cb=Pathum Nissanka | BATTERS_MISSING_IN_UI: {'nissanka'} (ui={'rahul'}, cb={'rahul', 'nissanka'}) | BAT_rahul: ui=10(6) cb=8(6) | BOWLER: ui=Jofra Archer cb=Nandre Burger

[21:44:38  iter#345]
  UI: Delhi Capitals 23-1 (2.1)  str=KL Rahul nstr=None  bowl=Jofra Archer 1-11 (1.1)
  this_over=['4']  fow=1 (unk=0)  last_fow={'wicket': 1, 'batter': 'Pathum Nissanka', 'score': 1, 'overs': '0.3', 'bowler': None, 'how': 'auto-inferred (striker on wicket)', '_unwitnessed': False}
  delivery: len=short_of_length line=leg_stump shot=in_the_air [layer2]
  extras: this_over=1 innings=13 [w1/nb0/b0/lb0]
  extras_log: [{'over': '0.3', 'type': 'wide', 'runs': 1, 'this_over_after': []}]
  CB: DC 23-0 (2.1)  crr=10.62  ps=23(13)  recent=... 0 W
  CB BAT: Pathum Nissanka* 10(7), KL Rahul 8(6)
  CB BOWL: Nandre Burger 0-8 (1)
  ⚠ DIVERGENCE: WICKETS: ui=1 cb=0 | STRIKER: ui=KL Rahul cb=Pathum Nissanka | BATTERS_MISSING_IN_UI: {'nissanka'} (ui={'rahul'}, cb={'rahul', 'nissanka'}) | BAT_rahul: ui=10(6) cb=8(6) | BOWLER: ui=Jofra Archer cb=Nandre Burger

[21:44:59  iter#346]
  UI: Delhi Capitals 23-1 (2.1)  str=KL Rahul nstr=None  bowl=Jofra Archer 1-11 (1.1)
  this_over=['4']  fow=1 (unk=0)  last_fow={'wicket': 1, 'batter': 'Pathum Nissanka', 'score': 1, 'overs': '0.3', 'bowler': None, 'how': 'auto-inferred (striker on wicket)', '_unwitnessed': False}
  delivery: len=short_of_length line=leg_stump shot=in_the_air [layer2]
  extras: this_over=1 innings=13 [w1/nb0/b0/lb0]
  extras_log: [{'over': '0.3', 'type': 'wide', 'runs': 1, 'this_over_after': []}]
  CB: DC 23-0 (2.1)  crr=10.62  ps=23(13)  recent=... 0 W
  CB BAT: Pathum Nissanka* 10(7), KL Rahul 8(6)
  CB BOWL: Nandre Burger 0-8 (1)
  ⚠ DIVERGENCE: WICKETS: ui=1 cb=0 | STRIKER: ui=KL Rahul cb=Pathum Nissanka | BATTERS_MISSING_IN_UI: {'nissanka'} (ui={'rahul'}, cb={'rahul', 'nissanka'}) | BAT_rahul: ui=10(6) cb=8(6) | BOWLER: ui=Jofra Archer cb=Nandre Burger

[21:45:21  iter#347]
  UI: Delhi Capitals 23-1 (2.1)  str=KL Rahul nstr=None  bowl=Jofra Archer 1-15 (1.1)
  this_over=['4']  fow=1 (unk=0)  last_fow={'wicket': 1, 'batter': 'Pathum Nissanka', 'score': 1, 'overs': '0.3', 'bowler': None, 'how': 'auto-inferred (striker on wicket)', '_unwitnessed': False}
  delivery: len=short_of_length line=leg_stump shot=in_the_air [layer2]
  extras: this_over=1 innings=13 [w1/nb0/b0/lb0]
  extras_log: [{'over': '0.3', 'type': 'wide', 'runs': 1, 'this_over_after': []}]
  CB: DC 19-0 (2)  crr=9.5  ps=19(12)  recent=4 0 0 0 0 4
  CB BAT: Pathum Nissanka* 10(6), KL Rahul 8(6)
  CB BOWL: Nandre Burger 0-8 (1)
  ⚠ DIVERGENCE: SCORE: ui=23 cb=19 | WICKETS: ui=1 cb=0 | OVERS: ui=2.1 cb=2 | STRIKER: ui=KL Rahul cb=Pathum Nissanka | BATTERS_MISSING_IN_UI: {'nissanka'} (ui={'rahul'}, cb={'rahul', 'nissanka'}) | BAT_rahul: ui=10(6) cb=8(6) | BOWLER: ui=Jofra Archer cb=Nandre Burger

[21:45:43  iter#348]
  UI: Delhi Capitals 23-1 (2.1)  str=KL Rahul nstr=None  bowl=Jofra Archer 1-15 (1.1)
  this_over=['4']  fow=1 (unk=0)  last_fow={'wicket': 1, 'batter': 'Pathum Nissanka', 'score': 1, 'overs': '0.3', 'bowler': None, 'how': 'auto-inferred (striker on wicket)', '_unwitnessed': False}
  delivery: len=short_of_length line=leg_stump shot=in_the_air [layer2]
  extras: this_over=1 innings=13 [w1/nb0/b0/lb0]
  extras_log: [{'over': '0.3', 'type': 'wide', 'runs': 1, 'this_over_after': []}]
  CB: DC 19-0 (2)  crr=9.5  ps=19(12)  recent=4 0 0 0 0 4
  CB BAT: Pathum Nissanka* 10(6), KL Rahul 8(6)
  CB BOWL: Nandre Burger 0-8 (1)
  ⚠ DIVERGENCE: SCORE: ui=23 cb=19 | WICKETS: ui=1 cb=0 | OVERS: ui=2.1 cb=2 | STRIKER: ui=KL Rahul cb=Pathum Nissanka | BATTERS_MISSING_IN_UI: {'nissanka'} (ui={'rahul'}, cb={'rahul', 'nissanka'}) | BAT_rahul: ui=10(6) cb=8(6) | BOWLER: ui=Jofra Archer cb=Nandre Burger

[21:46:07  iter#349]
  WS ERR: ''
  CB: DC 27-0 (2.2)  crr=11.57  ps=27(14)  recent=4 4
  CB BAT: Pathum Nissanka* 18(8), KL Rahul 8(6)
  CB BOWL: Nandre Burger 0-8 (1)
  ⚠ DIVERGENCE: BATTERS_MISSING_IN_UI: {'rahul', 'nissanka'} (ui=set(), cb={'rahul', 'nissanka'}) | BOWLER: ui=None cb=Nandre Burger

[21:46:29  iter#350]
  UI: Delhi Capitals 27-1 (2.2)  str=KL Rahul nstr=None  bowl=Jofra Archer 1-15 (1.1)
  this_over=['4', '4']  fow=1 (unk=0)  last_fow={'wicket': 1, 'batter': 'Pathum Nissanka', 'score': 1, 'overs': '0.3', 'bowler': None, 'how': 'auto-inferred (striker on wicket)', '_unwitnessed': False}
  delivery: len=short_of_length line=leg_stump shot=in_the_air [layer2]
  extras: this_over=1 innings=19 [w1/nb0/b0/lb0]
  extras_log: [{'over': '0.3', 'type': 'wide', 'runs': 1, 'this_over_after': []}]
  CB: DC 28-0 (2.3)  crr=11.2  ps=28(15)  recent=4 4 1
  CB BAT: KL Rahul* 8(6), Pathum Nissanka 19(9)
  CB BOWL: Nandre Burger 0-8 (1)
  ⚠ DIVERGENCE: SCORE: ui=27 cb=28 | WICKETS: ui=1 cb=0 | OVERS: ui=2.2 cb=2.3 | BATTERS_MISSING_IN_UI: {'nissanka'} (ui={'rahul'}, cb={'rahul', 'nissanka'}) | BOWLER: ui=Jofra Archer cb=Nandre Burger

[21:46:50  iter#351]
  UI: Delhi Capitals 27-1 (2.2)  str=KL Rahul nstr=None  bowl=Jofra Archer 1-15 (1.1)
  this_over=['4', '4']  fow=1 (unk=0)  last_fow={'wicket': 1, 'batter': 'Pathum Nissanka', 'score': 1, 'overs': '0.3', 'bowler': None, 'how': 'auto-inferred (striker on wicket)', '_unwitnessed': False}
  delivery: len=short_of_length line=leg_stump shot=in_the_air [layer2]
  extras: this_over=1 innings=19 [w1/nb0/b0/lb0]
  extras_log: [{'over': '0.3', 'type': 'wide', 'runs': 1, 'this_over_after': []}]
  CB: DC 28-0 (2.3)  crr=11.2  ps=28(15)  recent=4 4 1
  CB BAT: KL Rahul* 8(6), Pathum Nissanka 19(9)
  CB BOWL: Nandre Burger 0-8 (1)
  ⚠ DIVERGENCE: SCORE: ui=27 cb=28 | WICKETS: ui=1 cb=0 | OVERS: ui=2.2 cb=2.3 | BATTERS_MISSING_IN_UI: {'nissanka'} (ui={'rahul'}, cb={'rahul', 'nissanka'}) | BOWLER: ui=Jofra Archer cb=Nandre Burger

[21:47:11  iter#352]
  UI: Delhi Capitals 28-1 (2.3)  str=KL Rahul nstr=None  bowl=Jofra Archer 1-15 (1.1)
  this_over=['4', '4', '1']  fow=1 (unk=0)  last_fow={'wicket': 1, 'batter': 'Pathum Nissanka', 'score': 1, 'overs': '0.3', 'bowler': None, 'how': 'auto-inferred (striker on wicket)', '_unwitnessed': False}
  delivery: len=short_of_length line=leg_stump shot=in_the_air [layer2]
  extras: this_over=1 innings=20 [w1/nb0/b0/lb0]
  extras_log: [{'over': '0.3', 'type': 'wide', 'runs': 1, 'this_over_after': []}]
  CB: DC 28-0 (2.4)  crr=10.5  ps=28(16)  recent=4 4 1 0
  CB BAT: KL Rahul* 8(7), Pathum Nissanka 19(9)
  CB BOWL: Nandre Burger 0-8 (1)
  ⚠ DIVERGENCE: WICKETS: ui=1 cb=0 | OVERS: ui=2.3 cb=2.4 | BATTERS_MISSING_IN_UI: {'nissanka'} (ui={'rahul'}, cb={'rahul', 'nissanka'}) | BAT_rahul: ui=8(6) cb=8(7) | BOWLER: ui=Jofra Archer cb=Nandre Burger

[21:47:33  iter#353]
  UI: Delhi Capitals 28-1 (2.3)  str=KL Rahul nstr=None  bowl=Jofra Archer 1-20 (1.3)
  this_over=['4', '4', '1']  fow=1 (unk=0)  last_fow={'wicket': 1, 'batter': 'Pathum Nissanka', 'score': 1, 'overs': '0.3', 'bowler': None, 'how': 'auto-inferred (striker on wicket)', '_unwitnessed': False}
  delivery: len=short_of_length line=leg_stump shot=in_the_air [layer2]
  extras: this_over=1 innings=20 [w1/nb0/b0/lb0]
  extras_log: [{'over': '0.3', 'type': 'wide', 'runs': 1, 'this_over_after': []}]
  CB: DC 28-0 (2.4)  crr=10.5  ps=28(16)  recent=4 4 1 0
  CB BAT: KL Rahul* 8(7), Pathum Nissanka 19(9)
  CB BOWL: Nandre Burger 0-8 (1)
  ⚠ DIVERGENCE: WICKETS: ui=1 cb=0 | OVERS: ui=2.3 cb=2.4 | BATTERS_MISSING_IN_UI: {'nissanka'} (ui={'rahul'}, cb={'rahul', 'nissanka'}) | BAT_rahul: ui=8(6) cb=8(7) | BOWLER: ui=Jofra Archer cb=Nandre Burger

[21:47:55  iter#354]
  UI: Delhi Capitals 28-1 (2.3)  str=KL Rahul nstr=None  bowl=Jofra Archer 1-20 (1.3)
  this_over=['4', '4', '1']  fow=1 (unk=0)  last_fow={'wicket': 1, 'batter': 'Pathum Nissanka', 'score': 1, 'overs': '0.3', 'bowler': None, 'how': 'auto-inferred (striker on wicket)', '_unwitnessed': False}
  delivery: len=short_of_length line=leg_stump shot=in_the_air [layer2]
  extras: this_over=1 innings=20 [w1/nb0/b0/lb0]
  extras_log: [{'over': '0.3', 'type': 'wide', 'runs': 1, 'this_over_after': []}]
  CB: DC 34-0 (2.5)  crr=12.0  ps=34(17)  recent=4 4 1 0 6
  CB BAT: KL Rahul* 14(8), Pathum Nissanka 19(9)
  CB BOWL: Nandre Burger 0-8 (1)
  ⚠ DIVERGENCE: SCORE: ui=28 cb=34 | WICKETS: ui=1 cb=0 | OVERS: ui=2.3 cb=2.5 | BATTERS_MISSING_IN_UI: {'nissanka'} (ui={'rahul'}, cb={'rahul', 'nissanka'}) | BAT_rahul: ui=8(6) cb=14(8) | BOWLER: ui=Jofra Archer cb=Nandre Burger

[21:48:18  iter#355]
  UI: Delhi Capitals 28-1 (2.3)  str=KL Rahul nstr=None  bowl=Jofra Archer 1-20 (1.3)
  this_over=['4', '4', '1']  fow=1 (unk=0)  last_fow={'wicket': 1, 'batter': 'Pathum Nissanka', 'score': 1, 'overs': '0.3', 'bowler': None, 'how': 'auto-inferred (striker on wicket)', '_unwitnessed': False}
  delivery: len=short_of_length line=leg_stump shot=in_the_air [layer2]
  extras: this_over=1 innings=20 [w1/nb0/b0/lb0]
  extras_log: [{'over': '0.3', 'type': 'wide', 'runs': 1, 'this_over_after': []}]
  CB: DC 34-0 (2.5)  crr=12.0  ps=34(17)  recent=4 4 1 0 6
  CB BAT: KL Rahul* 14(8), Pathum Nissanka 19(9)
  CB BOWL: Nandre Burger 0-8 (1)
  ⚠ DIVERGENCE: SCORE: ui=28 cb=34 | WICKETS: ui=1 cb=0 | OVERS: ui=2.3 cb=2.5 | BATTERS_MISSING_IN_UI: {'nissanka'} (ui={'rahul'}, cb={'rahul', 'nissanka'}) | BAT_rahul: ui=8(6) cb=14(8) | BOWLER: ui=Jofra Archer cb=Nandre Burger

[21:48:39  iter#356]
  UI: Delhi Capitals 34-1 (2.5)  str=KL Rahul nstr=None  bowl=Jofra Archer 1-26 (2.1)
  this_over=['4', '4', '1', '.', '?']  fow=1 (unk=0)  last_fow={'wicket': 1, 'batter': 'Pathum Nissanka', 'score': 1, 'overs': '0.3', 'bowler': None, 'how': 'auto-inferred (striker on wicket)', '_unwitnessed': False}
  delivery: len=short_of_length line=leg_stump shot=in_the_air [layer2]
  extras: this_over=1 innings=20 [w1/nb0/b0/lb0]
  extras_log: [{'over': '0.3', 'type': 'wide', 'runs': 1, 'this_over_after': []}]
  CB: DC 34-0 (3)  crr=11.33  ps=34(18)  recent=4 4 1 0 6 0
  CB BAT: Pathum Nissanka* 19(9), KL Rahul 14(9)
  CB BOWL: Jofra Archer 0-26 (2)
  ⚠ DIVERGENCE: WICKETS: ui=1 cb=0 | OVERS: ui=2.5 cb=3 | STRIKER: ui=KL Rahul cb=Pathum Nissanka | BATTERS_MISSING_IN_UI: {'nissanka'} (ui={'rahul'}, cb={'rahul', 'nissanka'}) | BAT_rahul: ui=8(6) cb=14(9) | BOWL_W: ui=1 cb=0 | BOWL_O: ui=2.1 cb=2

[21:49:03  iter#357]
  WS ERR: ''
  CB: DC 34-0 (3)  crr=11.33  ps=34(18)  recent=4 4 1 0 6 0
  CB BAT: Pathum Nissanka* 19(9), KL Rahul 14(9)
  CB BOWL: Jofra Archer 0-26 (2)
  ⚠ DIVERGENCE: BATTERS_MISSING_IN_UI: {'rahul', 'nissanka'} (ui=set(), cb={'rahul', 'nissanka'}) | BOWLER: ui=None cb=Jofra Archer

[21:49:28  iter#358]
  WS ERR: ''
  CB: DC 40-0 (3.1)  crr=12.63  ps=40(19)  recent=6
  CB BAT: Pathum Nissanka* 25(10), KL Rahul 14(9)
  CB BOWL: Jofra Archer 0-26 (2)
  ⚠ DIVERGENCE: BATTERS_MISSING_IN_UI: {'rahul', 'nissanka'} (ui=set(), cb={'rahul', 'nissanka'}) | BOWLER: ui=None cb=Jofra Archer

[21:49:48  iter#359]
  UI: Delhi Capitals 34-1 (3.0)  str=KL Rahul nstr=None  bowl=Jofra Archer 1-26 (3.0)
  this_over=['4', '4', '1', '.', '6', '.']  fow=1 (unk=0)  last_fow={'wicket': 1, 'batter': 'Pathum Nissanka', 'score': 1, 'overs': '0.3', 'bowler': None, 'how': 'auto-inferred (striker on wicket)', '_unwitnessed': False}
  delivery: len=short_of_length line=outside_off shot=in_the_air [layer2]
  extras: this_over=1 innings=20 [w1/nb0/b0/lb0]
  extras_log: [{'over': '0.3', 'type': 'wide', 'runs': 1, 'this_over_after': []}]
  CB: DC 40-0 (3.1)  crr=12.63  ps=40(19)  recent=6
  CB BAT: Pathum Nissanka* 25(10), KL Rahul 14(9)
  CB BOWL: Jofra Archer 0-26 (2)
  ⚠ DIVERGENCE: SCORE: ui=34 cb=40 | WICKETS: ui=1 cb=0 | OVERS: ui=3.0 cb=3.1 | STRIKER: ui=KL Rahul cb=Pathum Nissanka | BATTERS_MISSING_IN_UI: {'nissanka'} (ui={'rahul'}, cb={'rahul', 'nissanka'}) | BOWL_W: ui=1 cb=0 | BOWL_O: ui=3.0 cb=2

[21:50:09  iter#360]
  UI: Delhi Capitals 34-1 (3.0)  str=KL Rahul nstr=None  bowl=Jofra Archer 1-26 (3.0)
  this_over=['4', '4', '1', '.', '6', '.']  fow=1 (unk=0)  last_fow={'wicket': 1, 'batter': 'Pathum Nissanka', 'score': 1, 'overs': '0.3', 'bowler': None, 'how': 'auto-inferred (striker on wicket)', '_unwitnessed': False}
  delivery: len=short_of_length line=outside_off shot=in_the_air [layer2]
  extras: this_over=1 innings=20 [w1/nb0/b0/lb0]
  extras_log: [{'over': '0.3', 'type': 'wide', 'runs': 1, 'this_over_after': []}]
  CB: DC 40-0 (3.1)  crr=12.63  ps=40(19)  recent=6
  CB BAT: Pathum Nissanka* 25(10), KL Rahul 14(9)
  CB BOWL: Jofra Archer 0-26 (2)
  ⚠ DIVERGENCE: SCORE: ui=34 cb=40 | WICKETS: ui=1 cb=0 | OVERS: ui=3.0 cb=3.1 | STRIKER: ui=KL Rahul cb=Pathum Nissanka | BATTERS_MISSING_IN_UI: {'nissanka'} (ui={'rahul'}, cb={'rahul', 'nissanka'}) | BOWL_W: ui=1 cb=0 | BOWL_O: ui=3.0 cb=2

[21:50:32  iter#361]
  UI: Delhi Capitals 34-1 (3.0)  str=KL Rahul nstr=None  bowl=Jofra Archer 1-26 (3.0)
  this_over=['4', '4', '1', '.', '6', '.']  fow=1 (unk=0)  last_fow={'wicket': 1, 'batter': 'Pathum Nissanka', 'score': 1, 'overs': '0.3', 'bowler': None, 'how': 'auto-inferred (striker on wicket)', '_unwitnessed': False}
  delivery: len=short_of_length line=leg_stump shot=in_the_air [layer2]
  extras: this_over=1 innings=20 [w1/nb0/b0/lb0]
  extras_log: [{'over': '0.3', 'type': 'wide', 'runs': 1, 'this_over_after': []}]
  CB: DC 42-0 (3.2)  crr=12.6  ps=42(20)  recent=6 2
  CB BAT: Pathum Nissanka* 27(11), KL Rahul 14(9)
  CB BOWL: Jofra Archer 0-26 (2)
  ⚠ DIVERGENCE: SCORE: ui=34 cb=42 | WICKETS: ui=1 cb=0 | OVERS: ui=3.0 cb=3.2 | STRIKER: ui=KL Rahul cb=Pathum Nissanka | BATTERS_MISSING_IN_UI: {'nissanka'} (ui={'rahul'}, cb={'rahul', 'nissanka'}) | BOWL_W: ui=1 cb=0 | BOWL_O: ui=3.0 cb=2

[21:50:55  iter#362]
  UI: Delhi Capitals 34-1 (3.0)  str=KL Rahul nstr=None  bowl=Jofra Archer 1-26 (3.0)
  this_over=['4', '4', '1', '.', '6', '.']  fow=1 (unk=0)  last_fow={'wicket': 1, 'batter': 'Pathum Nissanka', 'score': 1, 'overs': '0.3', 'bowler': None, 'how': 'auto-inferred (striker on wicket)', '_unwitnessed': False}
  delivery: len=short_of_length line=leg_stump shot=in_the_air [layer2]
  extras: this_over=1 innings=20 [w1/nb0/b0/lb0]
  extras_log: [{'over': '0.3', 'type': 'wide', 'runs': 1, 'this_over_after': []}]
  CB: DC 42-0 (3.3)  crr=12.0  ps=42(21)  recent=6 2 0
  CB BAT: Pathum Nissanka* 27(12), KL Rahul 14(9)
  CB BOWL: Jofra Archer 0-26 (2)
  ⚠ DIVERGENCE: SCORE: ui=34 cb=42 | WICKETS: ui=1 cb=0 | OVERS: ui=3.0 cb=3.3 | STRIKER: ui=KL Rahul cb=Pathum Nissanka | BATTERS_MISSING_IN_UI: {'nissanka'} (ui={'rahul'}, cb={'rahul', 'nissanka'}) | BOWL_W: ui=1 cb=0 | BOWL_O: ui=3.0 cb=2

[21:51:18  iter#363]
  UI: Delhi Capitals 34-1 (3.0)  str=KL Rahul nstr=None  bowl=Jofra Archer 1-26 (3.0)
  this_over=['4', '4', '1', '.', '6', '.']  fow=1 (unk=0)  last_fow={'wicket': 1, 'batter': 'Pathum Nissanka', 'score': 1, 'overs': '0.3', 'bowler': None, 'how': 'auto-inferred (striker on wicket)', '_unwitnessed': False}
  delivery: len=short_of_length line=leg_stump shot=in_the_air [layer2]
  extras: this_over=1 innings=20 [w1/nb0/b0/lb0]
  extras_log: [{'over': '0.3', 'type': 'wide', 'runs': 1, 'this_over_after': []}]
  CB: DC 42-0 (3.3)  crr=12.0  ps=42(21)  recent=6 2 0
  CB BAT: Pathum Nissanka* 27(12), KL Rahul 14(9)
  CB BOWL: Jofra Archer 0-26 (2)
  ⚠ DIVERGENCE: SCORE: ui=34 cb=42 | WICKETS: ui=1 cb=0 | OVERS: ui=3.0 cb=3.3 | STRIKER: ui=KL Rahul cb=Pathum Nissanka | BATTERS_MISSING_IN_UI: {'nissanka'} (ui={'rahul'}, cb={'rahul', 'nissanka'}) | BOWL_W: ui=1 cb=0 | BOWL_O: ui=3.0 cb=2

[21:51:40  iter#364]
  UI: Delhi Capitals None-None (None)  str=KL Rahul nstr=None  bowl=Nandre Burger 0-15 (1.5)
  this_over=[]  fow=1 (unk=0)  last_fow={'wicket': 1, 'batter': 'Pathum Nissanka', 'score': 1, 'overs': '0.3', 'bowler': None, 'how': 'auto-inferred (striker on wicket)', '_unwitnessed': False}
  delivery: len=short_of_length line=leg_stump shot=in_the_air [layer2]
  extras: this_over=1 innings=20 [w1/nb0/b0/lb0]
  extras_log: [{'over': '0.3', 'type': 'wide', 'runs': 1, 'this_over_after': []}]
  CB: DC 42-0 (3.4)  crr=11.45  ps=42(22)  recent=6 2 0 0
  CB BAT: Pathum Nissanka* 27(13), KL Rahul 14(9)
  CB BOWL: Jofra Archer 0-26 (2)
  ⚠ DIVERGENCE: STRIKER: ui=KL Rahul cb=Pathum Nissanka | BATTERS_MISSING_IN_UI: {'nissanka'} (ui={'rahul'}, cb={'rahul', 'nissanka'}) | BOWLER: ui=Nandre Burger cb=Jofra Archer

[21:52:05  iter#365]
  WS ERR: ''
  CB: DC 42-0 (3.4)  crr=11.45  ps=42(22)  recent=6 2 0 0
  CB BAT: Pathum Nissanka* 27(13), KL Rahul 14(9)
  CB BOWL: Jofra Archer 0-26 (2)
  ⚠ DIVERGENCE: BATTERS_MISSING_IN_UI: {'rahul', 'nissanka'} (ui=set(), cb={'rahul', 'nissanka'}) | BOWLER: ui=None cb=Jofra Archer

[21:52:28  iter#366]
  UI: Delhi Capitals 42-0 (3.3)  str=KL Rahul nstr=None  bowl=Nandre Burger 0-15 (1.5)
  this_over=['?', '?', '?']  fow=1 (unk=0)  last_fow={'wicket': 1, 'batter': 'Pathum Nissanka', 'score': 1, 'overs': '0.3', 'bowler': None, 'how': 'auto-inferred (striker on wicket)', '_unwitnessed': False}
  delivery: len=short_of_length line=leg_stump shot=in_the_air [layer2]
  extras: this_over=1 innings=20 [w1/nb0/b0/lb0]
  extras_log: [{'over': '0.3', 'type': 'wide', 'runs': 1, 'this_over_after': []}]
  CB: DC 48-0 (3.5)  crr=12.52  ps=48(23)  recent=6 2 0 0 6
  CB BAT: Pathum Nissanka* 33(14), KL Rahul 14(9)
  CB BOWL: Jofra Archer 0-26 (2)
  ⚠ DIVERGENCE: SCORE: ui=42 cb=48 | OVERS: ui=3.3 cb=3.5 | STRIKER: ui=KL Rahul cb=Pathum Nissanka | BATTERS_MISSING_IN_UI: {'nissanka'} (ui={'rahul'}, cb={'rahul', 'nissanka'}) | FOW_COUNT: ui=1 vs wickets=0 | BOWLER: ui=Nandre Burger cb=Jofra Archer

[21:52:52  iter#367]
  UI: Delhi Capitals 42-0 (3.3)  str=KL Rahul nstr=None  bowl=Nandre Burger 0-15 (1.5)
  this_over=['?', '?', '?']  fow=1 (unk=0)  last_fow={'wicket': 1, 'batter': 'Pathum Nissanka', 'score': 1, 'overs': '0.3', 'bowler': None, 'how': 'auto-inferred (striker on wicket)', '_unwitnessed': False}
  delivery: len=short_of_length line=leg_stump shot=in_the_air [layer2]
  extras: this_over=1 innings=20 [w1/nb0/b0/lb0]
  extras_log: [{'over': '0.3', 'type': 'wide', 'runs': 1, 'this_over_after': []}]
  CB: DC 48-0 (3.5)  crr=12.52  ps=48(23)  recent=6 2 0 0 6
  CB BAT: Pathum Nissanka* 33(14), KL Rahul 14(9)
  CB BOWL: Jofra Archer 0-26 (2)
  ⚠ DIVERGENCE: SCORE: ui=42 cb=48 | OVERS: ui=3.3 cb=3.5 | STRIKER: ui=KL Rahul cb=Pathum Nissanka | BATTERS_MISSING_IN_UI: {'nissanka'} (ui={'rahul'}, cb={'rahul', 'nissanka'}) | FOW_COUNT: ui=1 vs wickets=0 | BOWLER: ui=Nandre Burger cb=Jofra Archer

[21:53:13  iter#368]
  UI: Delhi Capitals 48-0 (3.5)  str=KL Rahul nstr=None  bowl=Nandre Burger 0-21 (1.5)
  this_over=['?', '?', '?', '?', '?']  fow=1 (unk=0)  last_fow={'wicket': 1, 'batter': 'Pathum Nissanka', 'score': 1, 'overs': '0.3', 'bowler': None, 'how': 'auto-inferred (striker on wicket)', '_unwitnessed': False}
  delivery: len=short_of_length line=leg_stump shot=in_the_air [layer2]
  extras: this_over=1 innings=20 [w1/nb0/b0/lb0]
  extras_log: [{'over': '0.3', 'type': 'wide', 'runs': 1, 'this_over_after': []}]
  CB: DC 49-0 (4)  crr=12.25  ps=49(24)  recent=6 2 0 0 6 1
  CB BAT: Pathum Nissanka* 34(15), KL Rahul 14(9)
  CB BOWL: Nandre Burger 0-23 (2)
  ⚠ DIVERGENCE: SCORE: ui=48 cb=49 | OVERS: ui=3.5 cb=4 | STRIKER: ui=KL Rahul cb=Pathum Nissanka | BATTERS_MISSING_IN_UI: {'nissanka'} (ui={'rahul'}, cb={'rahul', 'nissanka'}) | FOW_COUNT: ui=1 vs wickets=0 | BOWL_R: ui=21 cb=23 | BOWL_O: ui=1.5 cb=2

[21:53:37  iter#369]
  WS ERR: ''
  CB: DC 49-0 (4)  crr=12.25  ps=49(24)  recent=6 2 0 0 6 1
  CB BAT: Pathum Nissanka* 34(15), KL Rahul 14(9)
  CB BOWL: Nandre Burger 0-23 (2)
  ⚠ DIVERGENCE: BATTERS_MISSING_IN_UI: {'rahul', 'nissanka'} (ui=set(), cb={'rahul', 'nissanka'}) | BOWLER: ui=None cb=Nandre Burger

[21:54:00  iter#370]
  UI: Delhi Capitals 48-0 (3.5)  str=KL Rahul nstr=None  bowl=Nandre Burger 0-21 (1.5)
  this_over=['?', '?', '?', '?', '?']  fow=1 (unk=0)  last_fow={'wicket': 1, 'batter': 'Pathum Nissanka', 'score': 1, 'overs': '0.3', 'bowler': None, 'how': 'auto-inferred (striker on wicket)', '_unwitnessed': False}
  delivery: len=short_of_length line=leg_stump shot=in_the_air [layer2]
  extras: this_over=1 innings=20 [w1/nb0/b0/lb0]
  extras_log: [{'over': '0.3', 'type': 'wide', 'runs': 1, 'this_over_after': []}]
  CB: DC 49-0 (4)  crr=12.25  ps=49(24)  recent=6 2 0 0 6 1
  CB BAT: Pathum Nissanka* 34(15), KL Rahul 14(9)
  CB BOWL: Nandre Burger 0-23 (2)
  ⚠ DIVERGENCE: SCORE: ui=48 cb=49 | OVERS: ui=3.5 cb=4 | STRIKER: ui=KL Rahul cb=Pathum Nissanka | BATTERS_MISSING_IN_UI: {'nissanka'} (ui={'rahul'}, cb={'rahul', 'nissanka'}) | FOW_COUNT: ui=1 vs wickets=0 | BOWL_R: ui=21 cb=23 | BOWL_O: ui=1.5 cb=2

[21:54:21  iter#371]
  UI: Delhi Capitals 48-0 (3.5)  str=KL Rahul nstr=None  bowl=Nandre Burger 0-21 (1.5)
  this_over=['?', '?', '?', '?', '?']  fow=1 (unk=0)  last_fow={'wicket': 1, 'batter': 'Pathum Nissanka', 'score': 1, 'overs': '0.3', 'bowler': None, 'how': 'auto-inferred (striker on wicket)', '_unwitnessed': False}
  delivery: len=short_of_length line=leg_stump shot=in_the_air [layer2]
  extras: this_over=1 innings=20 [w1/nb0/b0/lb0]
  extras_log: [{'over': '0.3', 'type': 'wide', 'runs': 1, 'this_over_after': []}]
  CB: DC 51-0 (4.1)  crr=12.24  ps=51(25)  recent=2
  CB BAT: Pathum Nissanka* 36(16), KL Rahul 14(9)
  CB BOWL: Nandre Burger 0-23 (2)
  ⚠ DIVERGENCE: SCORE: ui=48 cb=51 | OVERS: ui=3.5 cb=4.1 | STRIKER: ui=KL Rahul cb=Pathum Nissanka | BATTERS_MISSING_IN_UI: {'nissanka'} (ui={'rahul'}, cb={'rahul', 'nissanka'}) | FOW_COUNT: ui=1 vs wickets=0 | BOWL_R: ui=21 cb=23 | BOWL_O: ui=1.5 cb=2

[21:54:44  iter#372]
  UI: Delhi Capitals 48-0 (3.5)  str=KL Rahul nstr=None  bowl=Nandre Burger 0-21 (1.5)
  this_over=['?', '?', '?', '?', '?']  fow=1 (unk=0)  last_fow={'wicket': 1, 'batter': 'Pathum Nissanka', 'score': 1, 'overs': '0.3', 'bowler': None, 'how': 'auto-inferred (striker on wicket)', '_unwitnessed': False}
  delivery: len=short_of_length line=leg_stump shot=in_the_air [layer2]
  extras: this_over=1 innings=20 [w1/nb0/b0/lb0]
  extras_log: [{'over': '0.3', 'type': 'wide', 'runs': 1, 'this_over_after': []}]
  CB: DC 51-0 (4.1)  crr=12.24  ps=51(25)  recent=2
  CB BAT: Pathum Nissanka* 36(16), KL Rahul 14(9)
  CB BOWL: Nandre Burger 0-23 (2)
  ⚠ DIVERGENCE: SCORE: ui=48 cb=51 | OVERS: ui=3.5 cb=4.1 | STRIKER: ui=KL Rahul cb=Pathum Nissanka | BATTERS_MISSING_IN_UI: {'nissanka'} (ui={'rahul'}, cb={'rahul', 'nissanka'}) | FOW_COUNT: ui=1 vs wickets=0 | BOWL_R: ui=21 cb=23 | BOWL_O: ui=1.5 cb=2

[21:55:05  iter#373]
  UI: Delhi Capitals 48-0 (3.5)  str=KL Rahul nstr=None  bowl=Nandre Burger 0-21 (1.5)
  this_over=['?', '?', '?', '?', '?']  fow=1 (unk=0)  last_fow={'wicket': 1, 'batter': 'Pathum Nissanka', 'score': 1, 'overs': '0.3', 'bowler': None, 'how': 'auto-inferred (striker on wicket)', '_unwitnessed': False}
  delivery: len=short_of_length line=leg_stump shot=in_the_air [layer2]
  extras: this_over=1 innings=20 [w1/nb0/b0/lb0]
  extras_log: [{'over': '0.3', 'type': 'wide', 'runs': 1, 'this_over_after': []}]
  CB: DC 53-0 (4.2)  crr=12.23  ps=53(26)  recent=2 2
  CB BAT: Pathum Nissanka* 38(17), KL Rahul 14(9)
  CB BOWL: Nandre Burger 0-23 (2)
  ⚠ DIVERGENCE: SCORE: ui=48 cb=53 | OVERS: ui=3.5 cb=4.2 | STRIKER: ui=KL Rahul cb=Pathum Nissanka | BATTERS_MISSING_IN_UI: {'nissanka'} (ui={'rahul'}, cb={'rahul', 'nissanka'}) | FOW_COUNT: ui=1 vs wickets=0 | BOWL_R: ui=21 cb=23 | BOWL_O: ui=1.5 cb=2

[21:55:28  iter#374]
  UI: Delhi Capitals 48-0 (3.5)  str=KL Rahul nstr=None  bowl=Nandre Burger 0-21 (1.5)
  this_over=['?', '?', '?', '?', '?']  fow=1 (unk=0)  last_fow={'wicket': 1, 'batter': 'Pathum Nissanka', 'score': 1, 'overs': '0.3', 'bowler': None, 'how': 'auto-inferred (striker on wicket)', '_unwitnessed': False}
  delivery: len=short_of_length line=leg_stump shot=in_the_air [layer2]
  extras: this_over=1 innings=20 [w1/nb0/b0/lb0]
  extras_log: [{'over': '0.3', 'type': 'wide', 'runs': 1, 'this_over_after': []}]
  CB: DC 53-0 (4.2)  crr=12.23  ps=53(26)  recent=2 2
  CB BAT: Pathum Nissanka* 38(17), KL Rahul 14(9)
  CB BOWL: Nandre Burger 0-23 (2)
  ⚠ DIVERGENCE: SCORE: ui=48 cb=53 | OVERS: ui=3.5 cb=4.2 | STRIKER: ui=KL Rahul cb=Pathum Nissanka | BATTERS_MISSING_IN_UI: {'nissanka'} (ui={'rahul'}, cb={'rahul', 'nissanka'}) | FOW_COUNT: ui=1 vs wickets=0 | BOWL_R: ui=21 cb=23 | BOWL_O: ui=1.5 cb=2

[21:55:50  iter#375]
  UI: Delhi Capitals 48-0 (3.5)  str=KL Rahul nstr=None  bowl=Nandre Burger 0-21 (1.5)
  this_over=['?', '?', '?', '?', '?']  fow=1 (unk=0)  last_fow={'wicket': 1, 'batter': 'Pathum Nissanka', 'score': 1, 'overs': '0.3', 'bowler': None, 'how': 'auto-inferred (striker on wicket)', '_unwitnessed': False}
  delivery: len=short_of_length line=leg_stump shot=in_the_air [layer2]
  extras: this_over=1 innings=20 [w1/nb0/b0/lb0]
  extras_log: [{'over': '0.3', 'type': 'wide', 'runs': 1, 'this_over_after': []}]
  CB: DC 55-0 (4.3)  crr=12.22  ps=55(27)  recent=2 2 2
  CB BAT: Pathum Nissanka* 40(18), KL Rahul 14(9)
  CB BOWL: Nandre Burger 0-23 (2)
  ⚠ DIVERGENCE: SCORE: ui=48 cb=55 | OVERS: ui=3.5 cb=4.3 | STRIKER: ui=KL Rahul cb=Pathum Nissanka | BATTERS_MISSING_IN_UI: {'nissanka'} (ui={'rahul'}, cb={'rahul', 'nissanka'}) | FOW_COUNT: ui=1 vs wickets=0 | BOWL_R: ui=21 cb=23 | BOWL_O: ui=1.5 cb=2

[21:56:12  iter#376]
  UI: Delhi Capitals 51-0 (4.1)  str=KL Rahul nstr=None  bowl=Tushar Deshpande None-None (None)
  this_over=['?']  fow=1 (unk=0)  last_fow={'wicket': 1, 'batter': 'Pathum Nissanka', 'score': 1, 'overs': '0.3', 'bowler': None, 'how': 'auto-inferred (striker on wicket)', '_unwitnessed': False}
  delivery: len=short_of_length line=leg_stump shot=in_the_air [layer2]
  extras: this_over=1 innings=20 [w1/nb0/b0/lb0]
  extras_log: [{'over': '0.3', 'type': 'wide', 'runs': 1, 'this_over_after': []}]
  CB: DC 55-0 (4.3)  crr=12.22  ps=55(27)  recent=2 2 2
  CB BAT: Pathum Nissanka* 40(18), KL Rahul 14(9)
  CB BOWL: Nandre Burger 0-23 (2)
  ⚠ DIVERGENCE: SCORE: ui=51 cb=55 | OVERS: ui=4.1 cb=4.3 | STRIKER: ui=KL Rahul cb=Pathum Nissanka | BATTERS_MISSING_IN_UI: {'nissanka'} (ui={'rahul'}, cb={'rahul', 'nissanka'}) | BAT_rahul: ui=14(24) cb=14(9) | FOW_COUNT: ui=1 vs wickets=0 | BOWLER: ui=Tushar Deshpande cb=Nandre Burger

[21:56:37  iter#377]
  WS ERR: ''
  CB: DC 59-0 (4.4)  crr=12.64  ps=59(28)  recent=2 2 2 4
  CB BAT: Pathum Nissanka* 44(19), KL Rahul 14(9)
  CB BOWL: Nandre Burger 0-23 (2)
  ⚠ DIVERGENCE: BATTERS_MISSING_IN_UI: {'rahul', 'nissanka'} (ui=set(), cb={'rahul', 'nissanka'}) | BOWLER: ui=None cb=Nandre Burger

[21:57:01  iter#378]
  WS ERR: ''
  CB: DC 59-0 (4.4)  crr=12.64  ps=59(28)  recent=2 2 2 4
  CB BAT: Pathum Nissanka* 44(19), KL Rahul 14(9)
  CB BOWL: Nandre Burger 0-23 (2)
  ⚠ DIVERGENCE: BATTERS_MISSING_IN_UI: {'rahul', 'nissanka'} (ui=set(), cb={'rahul', 'nissanka'}) | BOWLER: ui=None cb=Nandre Burger

[21:57:25  iter#379]
  WS ERR: ''
  CB: DC 59-0 (4.5)  crr=12.21  ps=59(29)  recent=2 2 2 4 0
  CB BAT: Pathum Nissanka* 44(20), KL Rahul 14(9)
  CB BOWL: Nandre Burger 0-23 (2)
  ⚠ DIVERGENCE: BATTERS_MISSING_IN_UI: {'rahul', 'nissanka'} (ui=set(), cb={'rahul', 'nissanka'}) | BOWLER: ui=None cb=Nandre Burger

[21:57:50  iter#380]
  WS ERR: ''
  CB: DC 59-0 (4.5)  crr=12.21  ps=59(29)  recent=2 2 2 4 0
  CB BAT: Pathum Nissanka* 44(20), KL Rahul 14(9)
  CB BOWL: Nandre Burger 0-23 (2)
  ⚠ DIVERGENCE: BATTERS_MISSING_IN_UI: {'rahul', 'nissanka'} (ui=set(), cb={'rahul', 'nissanka'}) | BOWLER: ui=None cb=Nandre Burger

[21:58:11  iter#381]
  UI: Delhi Capitals 51-0 (4.1)  str=KL Rahul nstr=None  bowl=Tushar Deshpande None-None (None)
  this_over=['?']  fow=1 (unk=0)  last_fow={'wicket': 1, 'batter': 'Pathum Nissanka', 'score': 1, 'overs': '0.3', 'bowler': None, 'how': 'auto-inferred (striker on wicket)', '_unwitnessed': False}
  delivery: len=short_of_length line=leg_stump shot=in_the_air [layer2]
  extras: this_over=1 innings=20 [w1/nb0/b0/lb0]
  extras_log: [{'over': '0.3', 'type': 'wide', 'runs': 1, 'this_over_after': []}]
  CB: DC 59-0 (5)  crr=11.8  ps=59(30)  recent=2 2 2 4 0 0
  CB BAT: KL Rahul* 14(9), Pathum Nissanka 44(21)
  CB BOWL: Tushar Deshpande 0-10 (1)
  ⚠ DIVERGENCE: SCORE: ui=51 cb=59 | OVERS: ui=4.1 cb=5 | BATTERS_MISSING_IN_UI: {'nissanka'} (ui={'rahul'}, cb={'rahul', 'nissanka'}) | BAT_rahul: ui=14(24) cb=14(9) | FOW_COUNT: ui=1 vs wickets=0

[21:58:33  iter#382]
  UI: Delhi Capitals 51-0 (4.1)  str=KL Rahul nstr=None  bowl=Tushar Deshpande None-None (None)
  this_over=['?']  fow=1 (unk=0)  last_fow={'wicket': 1, 'batter': 'Pathum Nissanka', 'score': 1, 'overs': '0.3', 'bowler': None, 'how': 'auto-inferred (striker on wicket)', '_unwitnessed': False}
  delivery: len=short_of_length line=leg_stump shot=in_the_air [layer2]
  extras: this_over=1 innings=20 [w1/nb0/b0/lb0]
  extras_log: [{'over': '0.3', 'type': 'wide', 'runs': 1, 'this_over_after': []}]
  CB: DC 59-0 (5)  crr=11.8  ps=59(30)  recent=2 2 2 4 0 0
  CB BAT: KL Rahul* 14(9), Pathum Nissanka 44(21)
  CB BOWL: Tushar Deshpande 0-10 (1)
  ⚠ DIVERGENCE: SCORE: ui=51 cb=59 | OVERS: ui=4.1 cb=5 | BATTERS_MISSING_IN_UI: {'nissanka'} (ui={'rahul'}, cb={'rahul', 'nissanka'}) | BAT_rahul: ui=14(24) cb=14(9) | FOW_COUNT: ui=1 vs wickets=0

[21:58:58  iter#383]
  UI: Delhi Capitals None-None (None)  str=KL Rahul nstr=None  bowl=Nandre Burger 0-21 (1.5)
  this_over=['?']  fow=1 (unk=0)  last_fow={'wicket': 1, 'batter': 'Pathum Nissanka', 'score': 1, 'overs': '0.3', 'bowler': None, 'how': 'auto-inferred (striker on wicket)', '_unwitnessed': False}
  delivery: len=short_of_length line=leg_stump shot=in_the_air [layer2]
  extras: this_over=1 innings=20 [w1/nb0/b0/lb0]
  extras_log: [{'over': '0.3', 'type': 'wide', 'runs': 1, 'this_over_after': []}]
  CB: DC 59-0 (5)  crr=11.8  ps=59(30)  recent=2 2 2 4 0 0
  CB BAT: KL Rahul* 14(9), Pathum Nissanka 44(21)
  CB BOWL: Tushar Deshpande 0-10 (1)
  ⚠ DIVERGENCE: BATTERS_MISSING_IN_UI: {'nissanka'} (ui={'rahul'}, cb={'rahul', 'nissanka'}) | BAT_rahul: ui=14(24) cb=14(9) | BOWLER: ui=Nandre Burger cb=Tushar Deshpande

[21:59:18  iter#384]
  UI: Delhi Capitals None-None (None)  str=KL Rahul nstr=None  bowl=Nandre Burger 0-21 (1.5)
  this_over=['?']  fow=1 (unk=0)  last_fow={'wicket': 1, 'batter': 'Pathum Nissanka', 'score': 1, 'overs': '0.3', 'bowler': None, 'how': 'auto-inferred (striker on wicket)', '_unwitnessed': False}
  delivery: len=short_of_length line=leg_stump shot=in_the_air [layer2]
  extras: this_over=1 innings=20 [w1/nb0/b0/lb0]
  extras_log: [{'over': '0.3', 'type': 'wide', 'runs': 1, 'this_over_after': []}]
  CB: DC 59-0 (5.1)  crr=11.42  ps=59(31)  recent=0
  CB BAT: KL Rahul* 14(10), Pathum Nissanka 44(21)
  CB BOWL: Tushar Deshpande 0-10 (1)
  ⚠ DIVERGENCE: BATTERS_MISSING_IN_UI: {'nissanka'} (ui={'rahul'}, cb={'rahul', 'nissanka'}) | BAT_rahul: ui=14(24) cb=14(10) | BOWLER: ui=Nandre Burger cb=Tushar Deshpande

[21:59:40  iter#385]
  UI: Delhi Capitals None-None (None)  str=KL Rahul nstr=None  bowl=Nandre Burger 0-21 (1.5)
  this_over=['?']  fow=1 (unk=0)  last_fow={'wicket': 1, 'batter': 'Pathum Nissanka', 'score': 1, 'overs': '0.3', 'bowler': None, 'how': 'auto-inferred (striker on wicket)', '_unwitnessed': False}
  delivery: len=short_of_length line=leg_stump shot=in_the_air [layer2]
  extras: this_over=1 innings=20 [w1/nb0/b0/lb0]
  extras_log: [{'over': '0.3', 'type': 'wide', 'runs': 1, 'this_over_after': []}]
  CB: DC 59-0 (5.1)  crr=11.42  ps=59(31)  recent=0
  CB BAT: KL Rahul* 14(10), Pathum Nissanka 44(21)
  CB BOWL: Tushar Deshpande 0-10 (1)
  ⚠ DIVERGENCE: BATTERS_MISSING_IN_UI: {'nissanka'} (ui={'rahul'}, cb={'rahul', 'nissanka'}) | BAT_rahul: ui=14(24) cb=14(10) | BOWLER: ui=Nandre Burger cb=Tushar Deshpande

[22:00:05  iter#386]
  WS ERR: ''
  CB: DC 59-0 (5.2)  crr=11.06  ps=59(32)  recent=0 0
  CB BAT: KL Rahul* 14(11), Pathum Nissanka 44(21)
  CB BOWL: Tushar Deshpande 0-10 (1)
  ⚠ DIVERGENCE: BATTERS_MISSING_IN_UI: {'rahul', 'nissanka'} (ui=set(), cb={'rahul', 'nissanka'}) | BOWLER: ui=None cb=Tushar Deshpande

[22:00:25  iter#387]
  UI: Delhi Capitals None-None (None)  str=KL Rahul nstr=None  bowl=Nandre Burger 0-21 (1.5)
  this_over=['?']  fow=1 (unk=0)  last_fow={'wicket': 1, 'batter': 'Pathum Nissanka', 'score': 1, 'overs': '0.3', 'bowler': None, 'how': 'auto-inferred (striker on wicket)', '_unwitnessed': False}
  delivery: len=short_of_length line=leg_stump shot=in_the_air [layer2]
  extras: this_over=1 innings=20 [w1/nb0/b0/lb0]
  extras_log: [{'over': '0.3', 'type': 'wide', 'runs': 1, 'this_over_after': []}]
  CB: DC 63-0 (5.3)  crr=11.45  ps=63(33)  recent=0 0 4
  CB BAT: KL Rahul* 18(12), Pathum Nissanka 44(21)
  CB BOWL: Tushar Deshpande 0-10 (1)
  ⚠ DIVERGENCE: BATTERS_MISSING_IN_UI: {'nissanka'} (ui={'rahul'}, cb={'rahul', 'nissanka'}) | BAT_rahul: ui=14(24) cb=18(12) | BOWLER: ui=Nandre Burger cb=Tushar Deshpande

[22:00:50  iter#388]
  WS ERR: ''
  CB: DC 63-0 (5.3)  crr=11.45  ps=63(33)  recent=0 0 4
  CB BAT: KL Rahul* 18(12), Pathum Nissanka 44(21)
  CB BOWL: Tushar Deshpande 0-10 (1)
  ⚠ DIVERGENCE: BATTERS_MISSING_IN_UI: {'rahul', 'nissanka'} (ui=set(), cb={'rahul', 'nissanka'}) | BOWLER: ui=None cb=Tushar Deshpande

[22:01:13  iter#389]
  UI: Delhi Capitals None-None (None)  str=KL Rahul nstr=None  bowl=Nandre Burger 0-21 (1.5)
  this_over=['?']  fow=1 (unk=0)  last_fow={'wicket': 1, 'batter': 'Pathum Nissanka', 'score': 1, 'overs': '0.3', 'bowler': None, 'how': 'auto-inferred (striker on wicket)', '_unwitnessed': False}
  delivery: len=short_of_length line=leg_stump shot=in_the_air [layer2]
  extras: this_over=1 innings=20 [w1/nb0/b0/lb0]
  extras_log: [{'over': '0.3', 'type': 'wide', 'runs': 1, 'this_over_after': []}]
  CB: DC 64-0 (5.4)  crr=11.29  ps=64(34)  recent=0 0 4 1
  CB BAT: Pathum Nissanka* 44(21), KL Rahul 19(13)
  CB BOWL: Tushar Deshpande 0-10 (1)
  ⚠ DIVERGENCE: STRIKER: ui=KL Rahul cb=Pathum Nissanka | BATTERS_MISSING_IN_UI: {'nissanka'} (ui={'rahul'}, cb={'rahul', 'nissanka'}) | BAT_rahul: ui=14(24) cb=19(13) | BOWLER: ui=Nandre Burger cb=Tushar Deshpande

[22:01:35  iter#390]
  UI: Delhi Capitals None-None (None)  str=KL Rahul nstr=None  bowl=Nandre Burger 0-21 (1.5)
  this_over=['?']  fow=1 (unk=0)  last_fow={'wicket': 1, 'batter': 'Pathum Nissanka', 'score': 1, 'overs': '0.3', 'bowler': None, 'how': 'auto-inferred (striker on wicket)', '_unwitnessed': False}
  delivery: len=short_of_length line=leg_stump shot=in_the_air [layer2]
  extras: this_over=1 innings=20 [w1/nb0/b0/lb0]
  extras_log: [{'over': '0.3', 'type': 'wide', 'runs': 1, 'this_over_after': []}]
  CB: DC 64-0 (5.4)  crr=11.29  ps=64(34)  recent=0 0 4 1
  CB BAT: Pathum Nissanka* 44(21), KL Rahul 19(13)
  CB BOWL: Tushar Deshpande 0-10 (1)
  ⚠ DIVERGENCE: STRIKER: ui=KL Rahul cb=Pathum Nissanka | BATTERS_MISSING_IN_UI: {'nissanka'} (ui={'rahul'}, cb={'rahul', 'nissanka'}) | BAT_rahul: ui=14(24) cb=19(13) | BOWLER: ui=Nandre Burger cb=Tushar Deshpande

[22:01:59  iter#391]
  UI: Delhi Capitals None-None (None)  str=KL Rahul nstr=None  bowl=Nandre Burger 0-21 (1.5)
  this_over=['?']  fow=1 (unk=0)  last_fow={'wicket': 1, 'batter': 'Pathum Nissanka', 'score': 1, 'overs': '0.3', 'bowler': None, 'how': 'auto-inferred (striker on wicket)', '_unwitnessed': False}
  delivery: len=short_of_length line=leg_stump shot=in_the_air [layer2]
  extras: this_over=1 innings=20 [w1/nb0/b0/lb0]
  extras_log: [{'over': '0.3', 'type': 'wide', 'runs': 1, 'this_over_after': []}]
  CB: DC 66-0 (5.5)  crr=11.31  ps=66(35)  recent=0 0 4 1 2
  CB BAT: Pathum Nissanka* 46(22), KL Rahul 19(13)
  CB BOWL: Tushar Deshpande 0-10 (1)
  ⚠ DIVERGENCE: STRIKER: ui=KL Rahul cb=Pathum Nissanka | BATTERS_MISSING_IN_UI: {'nissanka'} (ui={'rahul'}, cb={'rahul', 'nissanka'}) | BAT_rahul: ui=14(24) cb=19(13) | BOWLER: ui=Nandre Burger cb=Tushar Deshpande

[22:02:24  iter#392]
  UI: Delhi Capitals None-0 (None)  str=KL Rahul nstr=None  bowl=Jofra Archer 1-26 (2.1)
  this_over=['?']  fow=1 (unk=0)  last_fow={'wicket': 1, 'batter': 'Pathum Nissanka', 'score': 1, 'overs': '0.3', 'bowler': None, 'how': 'auto-inferred (striker on wicket)', '_unwitnessed': False}
  delivery: len=short_of_length line=leg_stump shot=in_the_air [layer2]
  extras: this_over=1 innings=20 [w1/nb0/b0/lb0]
  extras_log: [{'over': '0.3', 'type': 'wide', 'runs': 1, 'this_over_after': []}]
  CB: DC 66-0 (5.5)  crr=11.31  ps=66(35)  recent=0 0 4 1 2
  CB BAT: Pathum Nissanka* 46(22), KL Rahul 19(13)
  CB BOWL: Tushar Deshpande 0-10 (1)
  ⚠ DIVERGENCE: STRIKER: ui=KL Rahul cb=Pathum Nissanka | BATTERS_MISSING_IN_UI: {'nissanka'} (ui={'rahul'}, cb={'rahul', 'nissanka'}) | BAT_rahul: ui=14(24) cb=19(13) | FOW_COUNT: ui=1 vs wickets=0 | BOWLER: ui=Jofra Archer cb=Tushar Deshpande

[22:02:46  iter#393]
  UI: Delhi Capitals None-0 (None)  str=KL Rahul nstr=None  bowl=Jofra Archer 1-26 (2.1)
  this_over=['?']  fow=1 (unk=0)  last_fow={'wicket': 1, 'batter': 'Pathum Nissanka', 'score': 1, 'overs': '0.3', 'bowler': None, 'how': 'auto-inferred (striker on wicket)', '_unwitnessed': False}
  delivery: len=short_of_length line=leg_stump shot=in_the_air [layer2]
  extras: this_over=1 innings=20 [w1/nb0/b0/lb0]
  extras_log: [{'over': '0.3', 'type': 'wide', 'runs': 1, 'this_over_after': []}]
  CB: DC 70-0 (6)  crr=11.67  ps=70(36)  recent=0 0 4 1 2 4
  CB BAT: KL Rahul* 19(13), Pathum Nissanka 50(23)
  CB BOWL: Brijesh Sharma 0-11 (1)
  ⚠ DIVERGENCE: BATTERS_MISSING_IN_UI: {'nissanka'} (ui={'rahul'}, cb={'rahul', 'nissanka'}) | BAT_rahul: ui=14(24) cb=19(13) | FOW_COUNT: ui=1 vs wickets=0 | BOWLER: ui=Jofra Archer cb=Brijesh Sharma

[22:03:15  iter#394]
  WS ERR: ''
  CB: DC 70-0 (6)  crr=11.67  ps=70(36)  recent=0 0 4 1 2 4
  CB BAT: KL Rahul* 19(13), Pathum Nissanka 50(23)
  CB BOWL: Brijesh Sharma 0-11 (1)
  ⚠ DIVERGENCE: BATTERS_MISSING_IN_UI: {'rahul', 'nissanka'} (ui=set(), cb={'rahul', 'nissanka'}) | BOWLER: ui=None cb=Brijesh Sharma

[22:03:39  iter#395]
  WS ERR: ''
  CB: DC 70-0 (6)  crr=11.67  ps=70(36)  recent=...
  CB BAT: KL Rahul* 19(13), Pathum Nissanka 50(23)
  CB BOWL: Brijesh Sharma 0-11 (1)
  ⚠ DIVERGENCE: BATTERS_MISSING_IN_UI: {'rahul', 'nissanka'} (ui=set(), cb={'rahul', 'nissanka'}) | BOWLER: ui=None cb=Brijesh Sharma

[22:04:03  iter#396]
  WS ERR: ''
  CB: DC 70-0 (6)  crr=11.67  ps=70(36)  recent=...
  CB BAT: KL Rahul* 19(13), Pathum Nissanka 50(23)
  CB BOWL: Brijesh Sharma 0-11 (1)
  ⚠ DIVERGENCE: BATTERS_MISSING_IN_UI: {'rahul', 'nissanka'} (ui=set(), cb={'rahul', 'nissanka'}) | BOWLER: ui=None cb=Brijesh Sharma

[22:04:27  iter#397]
  UI: Delhi Capitals 66-0 (5.5)  str=KL Rahul nstr=None  bowl=Nandre Burger 0-21 (1.5)
  this_over=['?', '?', '?', '?', '2']  fow=1 (unk=0)  last_fow={'wicket': 1, 'batter': 'Pathum Nissanka', 'score': 1, 'overs': '0.3', 'bowler': None, 'how': 'auto-inferred (striker on wicket)', '_unwitnessed': False}
  delivery: len=short_of_length line=leg_stump shot=in_the_air [layer2]
  extras: this_over=1 innings=20 [w1/nb0/b0/lb0]
  extras_log: [{'over': '0.3', 'type': 'wide', 'runs': 1, 'this_over_after': []}]
  CB: DC 71-0 (6.1)  crr=11.51  ps=71(37)  recent=1
  CB BAT: Pathum Nissanka* 50(23), KL Rahul 20(14)
  CB BOWL: Brijesh Sharma 0-11 (1)
  ⚠ DIVERGENCE: SCORE: ui=66 cb=71 | OVERS: ui=5.5 cb=6.1 | STRIKER: ui=KL Rahul cb=Pathum Nissanka | BATTERS_MISSING_IN_UI: {'nissanka'} (ui={'rahul'}, cb={'rahul', 'nissanka'}) | BAT_rahul: ui=14(24) cb=20(14) | FOW_COUNT: ui=1 vs wickets=0 | BOWLER: ui=Nandre Burger cb=Brijesh Sharma

[22:04:48  iter#398]
  UI: Delhi Capitals 66-0 (5.5)  str=KL Rahul nstr=None  bowl=Nandre Burger 0-21 (1.5)
  this_over=['?', '?', '?', '?', '2']  fow=1 (unk=0)  last_fow={'wicket': 1, 'batter': 'Pathum Nissanka', 'score': 1, 'overs': '0.3', 'bowler': None, 'how': 'auto-inferred (striker on wicket)', '_unwitnessed': False}
  delivery: len=short_of_length line=leg_stump shot=in_the_air [layer2]
  extras: this_over=1 innings=20 [w1/nb0/b0/lb0]
  extras_log: [{'over': '0.3', 'type': 'wide', 'runs': 1, 'this_over_after': []}]
  CB: DC 72-0 (6.2)  crr=11.37  ps=72(38)  recent=1 1
  CB BAT: KL Rahul* 20(14), Pathum Nissanka 51(24)
  CB BOWL: Brijesh Sharma 0-11 (1)
  ⚠ DIVERGENCE: SCORE: ui=66 cb=72 | OVERS: ui=5.5 cb=6.2 | BATTERS_MISSING_IN_UI: {'nissanka'} (ui={'rahul'}, cb={'rahul', 'nissanka'}) | BAT_rahul: ui=14(24) cb=20(14) | FOW_COUNT: ui=1 vs wickets=0 | BOWLER: ui=Nandre Burger cb=Brijesh Sharma

[22:05:10  iter#399]
  UI: Delhi Capitals 66-0 (5.5)  str=KL Rahul nstr=None  bowl=Nandre Burger 0-21 (1.5)
  this_over=['?', '?', '?', '?', '2']  fow=1 (unk=0)  last_fow={'wicket': 1, 'batter': 'Pathum Nissanka', 'score': 1, 'overs': '0.3', 'bowler': None, 'how': 'auto-inferred (striker on wicket)', '_unwitnessed': False}
  delivery: len=short_of_length line=leg_stump shot=in_the_air [layer2]
  extras: this_over=1 innings=20 [w1/nb0/b0/lb0]
  extras_log: [{'over': '0.3', 'type': 'wide', 'runs': 1, 'this_over_after': []}]
  CB: DC 72-0 (6.2)  crr=11.37  ps=72(38)  recent=1 1
  CB BAT: KL Rahul* 20(14), Pathum Nissanka 51(24)
  CB BOWL: Brijesh Sharma 0-11 (1)
  ⚠ DIVERGENCE: SCORE: ui=66 cb=72 | OVERS: ui=5.5 cb=6.2 | BATTERS_MISSING_IN_UI: {'nissanka'} (ui={'rahul'}, cb={'rahul', 'nissanka'}) | BAT_rahul: ui=14(24) cb=20(14) | FOW_COUNT: ui=1 vs wickets=0 | BOWLER: ui=Nandre Burger cb=Brijesh Sharma

[22:05:31  iter#400]
  UI: Delhi Capitals 66-0 (5.5)  str=KL Rahul nstr=None  bowl=Nandre Burger 0-21 (1.5)
  this_over=['?', '?', '?', '?', '2']  fow=1 (unk=0)  last_fow={'wicket': 1, 'batter': 'Pathum Nissanka', 'score': 1, 'overs': '0.3', 'bowler': None, 'how': 'auto-inferred (striker on wicket)', '_unwitnessed': False}
  delivery: len=short_of_length line=leg_stump shot=in_the_air [layer2]
  extras: this_over=1 innings=20 [w1/nb0/b0/lb0]
  extras_log: [{'over': '0.3', 'type': 'wide', 'runs': 1, 'this_over_after': []}]
  CB: DC 73-0 (6.3)  crr=11.23  ps=73(39)  recent=1 1 1
  CB BAT: Pathum Nissanka* 51(24), KL Rahul 21(15)
  CB BOWL: Brijesh Sharma 0-11 (1)
  ⚠ DIVERGENCE: SCORE: ui=66 cb=73 | OVERS: ui=5.5 cb=6.3 | STRIKER: ui=KL Rahul cb=Pathum Nissanka | BATTERS_MISSING_IN_UI: {'nissanka'} (ui={'rahul'}, cb={'rahul', 'nissanka'}) | BAT_rahul: ui=14(24) cb=21(15) | FOW_COUNT: ui=1 vs wickets=0 | BOWLER: ui=Nandre Burger cb=Brijesh Sharma

[22:05:54  iter#401]
  UI: Delhi Capitals 66-0 (5.5)  str=KL Rahul nstr=None  bowl=Nandre Burger 0-21 (1.5)
  this_over=['?', '?', '?', '?', '2']  fow=1 (unk=0)  last_fow={'wicket': 1, 'batter': 'Pathum Nissanka', 'score': 1, 'overs': '0.3', 'bowler': None, 'how': 'auto-inferred (striker on wicket)', '_unwitnessed': False}
  delivery: len=short_of_length line=leg_stump shot=in_the_air [layer2]
  extras: this_over=1 innings=20 [w1/nb0/b0/lb0]
  extras_log: [{'over': '0.3', 'type': 'wide', 'runs': 1, 'this_over_after': []}]
  CB: DC 73-0 (6.4)  crr=10.95  ps=73(40)  recent=1 1 1 0
  CB BAT: Pathum Nissanka* 51(25), KL Rahul 21(15)
  CB BOWL: Brijesh Sharma 0-11 (1)
  ⚠ DIVERGENCE: SCORE: ui=66 cb=73 | OVERS: ui=5.5 cb=6.4 | STRIKER: ui=KL Rahul cb=Pathum Nissanka | BATTERS_MISSING_IN_UI: {'nissanka'} (ui={'rahul'}, cb={'rahul', 'nissanka'}) | BAT_rahul: ui=14(24) cb=21(15) | FOW_COUNT: ui=1 vs wickets=0 | BOWLER: ui=Nandre Burger cb=Brijesh Sharma

[22:06:15  iter#402]
  UI: Delhi Capitals 70-0 (6.0)  str=KL Rahul nstr=None  bowl=Ravi Bishnoi None-None (None)
  this_over=['2', '4']  fow=1 (unk=0)  last_fow={'wicket': 1, 'batter': 'Pathum Nissanka', 'score': 1, 'overs': '0.3', 'bowler': None, 'how': 'auto-inferred (striker on wicket)', '_unwitnessed': False}
  delivery: len=short_of_length line=leg_stump shot=in_the_air [layer2]
  extras: this_over=1 innings=20 [w1/nb0/b0/lb0]
  extras_log: [{'over': '0.3', 'type': 'wide', 'runs': 1, 'this_over_after': []}]
  CB: DC 74-0 (6.5)  crr=10.83  ps=74(41)  recent=1 1 1 0 1
  CB BAT: KL Rahul* 21(15), Pathum Nissanka 52(26)
  CB BOWL: Brijesh Sharma 0-11 (1)
  ⚠ DIVERGENCE: SCORE: ui=70 cb=74 | OVERS: ui=6.0 cb=6.5 | BATTERS_MISSING_IN_UI: {'nissanka'} (ui={'rahul'}, cb={'rahul', 'nissanka'}) | BAT_rahul: ui=14(24) cb=21(15) | FOW_COUNT: ui=1 vs wickets=0 | BOWLER: ui=Ravi Bishnoi cb=Brijesh Sharma

[22:06:36  iter#403]
  UI: Delhi Capitals 70-0 (6.0)  str=KL Rahul nstr=None  bowl=Ravi Bishnoi None-None (None)
  this_over=['2', '4']  fow=1 (unk=0)  last_fow={'wicket': 1, 'batter': 'Pathum Nissanka', 'score': 1, 'overs': '0.3', 'bowler': None, 'how': 'auto-inferred (striker on wicket)', '_unwitnessed': False}
  delivery: len=short_of_length line=outside_off shot=in_the_air [layer2]
  extras: this_over=1 innings=20 [w1/nb0/b0/lb0]
  extras_log: [{'over': '0.3', 'type': 'wide', 'runs': 1, 'this_over_after': []}]
  CB: DC 74-0 (6.5)  crr=10.83  ps=74(41)  recent=1 1 1 0 1
  CB BAT: KL Rahul* 21(15), Pathum Nissanka 52(26)
  CB BOWL: Brijesh Sharma 0-11 (1)
  ⚠ DIVERGENCE: SCORE: ui=70 cb=74 | OVERS: ui=6.0 cb=6.5 | BATTERS_MISSING_IN_UI: {'nissanka'} (ui={'rahul'}, cb={'rahul', 'nissanka'}) | BAT_rahul: ui=14(24) cb=21(15) | FOW_COUNT: ui=1 vs wickets=0 | BOWLER: ui=Ravi Bishnoi cb=Brijesh Sharma

[22:07:00  iter#404]
  UI: Delhi Capitals 70-0 (6.0)  str=KL Rahul nstr=None  bowl=Ravi Bishnoi None-None (None)
  this_over=['2', '4']  fow=1 (unk=0)  last_fow={'wicket': 1, 'batter': 'Pathum Nissanka', 'score': 1, 'overs': '0.3', 'bowler': None, 'how': 'auto-inferred (striker on wicket)', '_unwitnessed': False}
  delivery: len=short_of_length line=outside_off shot=in_the_air [layer2]
  extras: this_over=1 innings=20 [w1/nb0/b0/lb0]
  extras_log: [{'over': '0.3', 'type': 'wide', 'runs': 1, 'this_over_after': []}]
  CB: DC 78-0 (7)  crr=11.14  ps=78(42)  recent=1 1 1 0 1 4
  CB BAT: Pathum Nissanka* 52(26), KL Rahul 25(16)
  CB BOWL: Ravi Bishnoi 0-8 (1)
  ⚠ DIVERGENCE: SCORE: ui=70 cb=78 | OVERS: ui=6.0 cb=7 | STRIKER: ui=KL Rahul cb=Pathum Nissanka | BATTERS_MISSING_IN_UI: {'nissanka'} (ui={'rahul'}, cb={'rahul', 'nissanka'}) | BAT_rahul: ui=14(24) cb=25(16) | FOW_COUNT: ui=1 vs wickets=0

[22:07:22  iter#405]
  UI: Delhi Capitals 70-0 (6.0)  str=KL Rahul nstr=None  bowl=Ravi Bishnoi None-None (None)
  this_over=['2', '4']  fow=1 (unk=0)  last_fow={'wicket': 1, 'batter': 'Pathum Nissanka', 'score': 1, 'overs': '0.3', 'bowler': None, 'how': 'auto-inferred (striker on wicket)', '_unwitnessed': False}
  delivery: len=short_of_length line=outside_off shot=in_the_air [layer2]
  extras: this_over=1 innings=20 [w1/nb0/b0/lb0]
  extras_log: [{'over': '0.3', 'type': 'wide', 'runs': 1, 'this_over_after': []}]
  CB: DC 78-0 (7)  crr=11.14  ps=78(42)  recent=...
  CB BAT: Pathum Nissanka* 52(26), KL Rahul 25(16)
  CB BOWL: Ravi Bishnoi 0-8 (1)
  ⚠ DIVERGENCE: SCORE: ui=70 cb=78 | OVERS: ui=6.0 cb=7 | STRIKER: ui=KL Rahul cb=Pathum Nissanka | BATTERS_MISSING_IN_UI: {'nissanka'} (ui={'rahul'}, cb={'rahul', 'nissanka'}) | BAT_rahul: ui=14(24) cb=25(16) | FOW_COUNT: ui=1 vs wickets=0

[22:07:44  iter#406]
  UI: Delhi Capitals 70-0 (6.0)  str=KL Rahul nstr=None  bowl=Ravi Bishnoi None-None (None)
  this_over=['2', '4']  fow=1 (unk=0)  last_fow={'wicket': 1, 'batter': 'Pathum Nissanka', 'score': 1, 'overs': '0.3', 'bowler': None, 'how': 'auto-inferred (striker on wicket)', '_unwitnessed': False}
  delivery: len=short_of_length line=outside_off shot=in_the_air [layer2]
  extras: this_over=1 innings=20 [w1/nb0/b0/lb0]
  extras_log: [{'over': '0.3', 'type': 'wide', 'runs': 1, 'this_over_after': []}]
  CB: DC 78-0 (7)  crr=11.14  ps=78(42)  recent=...
  CB BAT: Pathum Nissanka* 52(26), KL Rahul 25(16)
  CB BOWL: Ravi Bishnoi 0-8 (1)
  ⚠ DIVERGENCE: SCORE: ui=70 cb=78 | OVERS: ui=6.0 cb=7 | STRIKER: ui=KL Rahul cb=Pathum Nissanka | BATTERS_MISSING_IN_UI: {'nissanka'} (ui={'rahul'}, cb={'rahul', 'nissanka'}) | BAT_rahul: ui=14(24) cb=25(16) | FOW_COUNT: ui=1 vs wickets=0

[22:08:08  iter#407]
  UI: Delhi Capitals 70-0 (6.0)  str=KL Rahul nstr=None  bowl=Ravi Bishnoi None-None (None)
  this_over=['2', '4']  fow=1 (unk=0)  last_fow={'wicket': 1, 'batter': 'Pathum Nissanka', 'score': 1, 'overs': '0.3', 'bowler': None, 'how': 'auto-inferred (striker on wicket)', '_unwitnessed': False}
  delivery: len=short_of_length line=outside_off shot=in_the_air [layer2]
  extras: this_over=1 innings=20 [w1/nb0/b0/lb0]
  extras_log: [{'over': '0.3', 'type': 'wide', 'runs': 1, 'this_over_after': []}]
  CB: DC 78-0 (7)  crr=11.14  ps=78(42)  recent=...
  CB BAT: Pathum Nissanka* 52(26), KL Rahul 25(16)
  CB BOWL: Ravi Bishnoi 0-8 (1)
  ⚠ DIVERGENCE: SCORE: ui=70 cb=78 | OVERS: ui=6.0 cb=7 | STRIKER: ui=KL Rahul cb=Pathum Nissanka | BATTERS_MISSING_IN_UI: {'nissanka'} (ui={'rahul'}, cb={'rahul', 'nissanka'}) | BAT_rahul: ui=14(24) cb=25(16) | FOW_COUNT: ui=1 vs wickets=0

[22:08:30  iter#408]
  UI: Delhi Capitals 70-0 (6.0)  str=KL Rahul nstr=None  bowl=Ravi Bishnoi None-None (None)
  this_over=['2', '4']  fow=1 (unk=0)  last_fow={'wicket': 1, 'batter': 'Pathum Nissanka', 'score': 1, 'overs': '0.3', 'bowler': None, 'how': 'auto-inferred (striker on wicket)', '_unwitnessed': False}
  delivery: len=short_of_length line=outside_off shot=in_the_air [layer2]
  extras: this_over=1 innings=20 [w1/nb0/b0/lb0]
  extras_log: [{'over': '0.3', 'type': 'wide', 'runs': 1, 'this_over_after': []}]
  CB: DC 78-0 (7)  crr=11.14  ps=78(42)  recent=...
  CB BAT: Pathum Nissanka* 52(26), KL Rahul 25(16)
  CB BOWL: Ravi Bishnoi 0-8 (1)
  ⚠ DIVERGENCE: SCORE: ui=70 cb=78 | OVERS: ui=6.0 cb=7 | STRIKER: ui=KL Rahul cb=Pathum Nissanka | BATTERS_MISSING_IN_UI: {'nissanka'} (ui={'rahul'}, cb={'rahul', 'nissanka'}) | BAT_rahul: ui=14(24) cb=25(16) | FOW_COUNT: ui=1 vs wickets=0

[22:08:50  iter#409]
  UI: Delhi Capitals 70-0 (6.0)  str=KL Rahul nstr=None  bowl=Ravi Bishnoi None-None (None)
  this_over=['2', '4']  fow=1 (unk=0)  last_fow={'wicket': 1, 'batter': 'Pathum Nissanka', 'score': 1, 'overs': '0.3', 'bowler': None, 'how': 'auto-inferred (striker on wicket)', '_unwitnessed': False}
  delivery: len=short_of_length line=outside_off shot=in_the_air [layer2]
  extras: this_over=1 innings=20 [w1/nb0/b0/lb0]
  extras_log: [{'over': '0.3', 'type': 'wide', 'runs': 1, 'this_over_after': []}]
  CB: DC 78-0 (7)  crr=11.14  ps=78(42)  recent=...
  CB BAT: Pathum Nissanka* 52(26), KL Rahul 25(16)
  CB BOWL: Ravi Bishnoi 0-8 (1)
  ⚠ DIVERGENCE: SCORE: ui=70 cb=78 | OVERS: ui=6.0 cb=7 | STRIKER: ui=KL Rahul cb=Pathum Nissanka | BATTERS_MISSING_IN_UI: {'nissanka'} (ui={'rahul'}, cb={'rahul', 'nissanka'}) | BAT_rahul: ui=14(24) cb=25(16) | FOW_COUNT: ui=1 vs wickets=0

[22:09:15  iter#410]
  WS ERR: ''
  CB: DC 78-0 (7)  crr=11.14  ps=78(42)  recent=...
  CB BAT: Pathum Nissanka* 52(26), KL Rahul 25(16)
  CB BOWL: Ravi Bishnoi 0-8 (1)
  ⚠ DIVERGENCE: BATTERS_MISSING_IN_UI: {'rahul', 'nissanka'} (ui=set(), cb={'rahul', 'nissanka'}) | BOWLER: ui=None cb=Ravi Bishnoi

[22:09:36  iter#411]
  UI: Delhi Capitals 70-0 (6.0)  str=KL Rahul nstr=None  bowl=Ravi Bishnoi None-None (None)
  this_over=['2', '4']  fow=1 (unk=0)  last_fow={'wicket': 1, 'batter': 'Pathum Nissanka', 'score': 1, 'overs': '0.3', 'bowler': None, 'how': 'auto-inferred (striker on wicket)', '_unwitnessed': False}
  delivery: len=short_of_length line=outside_off shot=in_the_air [layer2]
  extras: this_over=1 innings=20 [w1/nb0/b0/lb0]
  extras_log: [{'over': '0.3', 'type': 'wide', 'runs': 1, 'this_over_after': []}]
  CB: DC 78-0 (7)  crr=11.14  ps=78(42)  recent=...
  CB BAT: Pathum Nissanka* 52(26), KL Rahul 25(16)
  CB BOWL: Ravi Bishnoi 0-8 (1)
  ⚠ DIVERGENCE: SCORE: ui=70 cb=78 | OVERS: ui=6.0 cb=7 | STRIKER: ui=KL Rahul cb=Pathum Nissanka | BATTERS_MISSING_IN_UI: {'nissanka'} (ui={'rahul'}, cb={'rahul', 'nissanka'}) | BAT_rahul: ui=14(24) cb=25(16) | FOW_COUNT: ui=1 vs wickets=0

[22:10:00  iter#412]
  UI: Delhi Capitals 70-0 (6.0)  str=KL Rahul nstr=None  bowl=Ravi Bishnoi None-None (None)
  this_over=['2', '4']  fow=1 (unk=0)  last_fow={'wicket': 1, 'batter': 'Pathum Nissanka', 'score': 1, 'overs': '0.3', 'bowler': None, 'how': 'auto-inferred (striker on wicket)', '_unwitnessed': False}
  delivery: len=short_of_length line=outside_off shot=in_the_air [layer2]
  extras: this_over=1 innings=20 [w1/nb0/b0/lb0]
  extras_log: [{'over': '0.3', 'type': 'wide', 'runs': 1, 'this_over_after': []}]
  CB: DC 78-0 (7)  crr=11.14  ps=78(42)  recent=...
  CB BAT: Pathum Nissanka* 52(26), KL Rahul 25(16)
  CB BOWL: Ravi Bishnoi 0-8 (1)
  ⚠ DIVERGENCE: SCORE: ui=70 cb=78 | OVERS: ui=6.0 cb=7 | STRIKER: ui=KL Rahul cb=Pathum Nissanka | BATTERS_MISSING_IN_UI: {'nissanka'} (ui={'rahul'}, cb={'rahul', 'nissanka'}) | BAT_rahul: ui=14(24) cb=25(16) | FOW_COUNT: ui=1 vs wickets=0

[22:10:22  iter#413]
  UI: Delhi Capitals 78-0 (7.0)  str=KL Rahul nstr=None  bowl=Nandre Burger 0-21 (1.5)
  this_over=[]  fow=1 (unk=0)  last_fow={'wicket': 1, 'batter': 'Pathum Nissanka', 'score': 1, 'overs': '0.3', 'bowler': None, 'how': 'auto-inferred (striker on wicket)', '_unwitnessed': False}
  delivery: len=short_of_length line=outside_off shot=in_the_air [layer2]
  extras: this_over=1 innings=20 [w1/nb0/b0/lb0]
  extras_log: [{'over': '0.3', 'type': 'wide', 'runs': 1, 'this_over_after': []}]
  CB: DC 78-0 (7)  crr=11.14  ps=78(42)  recent=...
  CB BAT: Pathum Nissanka* 52(26), KL Rahul 25(16)
  CB BOWL: Ravi Bishnoi 0-8 (1)
  ⚠ DIVERGENCE: OVERS: ui=7.0 cb=7 | STRIKER: ui=KL Rahul cb=Pathum Nissanka | BATTERS_MISSING_IN_UI: {'nissanka'} (ui={'rahul'}, cb={'rahul', 'nissanka'}) | BAT_rahul: ui=14(24) cb=25(16) | FOW_COUNT: ui=1 vs wickets=0 | BOWLER: ui=Nandre Burger cb=Ravi Bishnoi

[22:10:45  iter#414]
  UI: Delhi Capitals 78-0 (7.0)  str=KL Rahul nstr=None  bowl=Nandre Burger 0-21 (1.5)
  this_over=[]  fow=1 (unk=0)  last_fow={'wicket': 1, 'batter': 'Pathum Nissanka', 'score': 1, 'overs': '0.3', 'bowler': None, 'how': 'auto-inferred (striker on wicket)', '_unwitnessed': False}
  delivery: len=short_of_length line=outside_off shot=in_the_air [layer2]
  extras: this_over=1 innings=20 [w1/nb0/b0/lb0]
  extras_log: [{'over': '0.3', 'type': 'wide', 'runs': 1, 'this_over_after': []}]
  CB: DC 79-0 (7.1)  crr=11.02  ps=79(43)  recent=1
  CB BAT: KL Rahul* 25(16), Pathum Nissanka 53(27)
  CB BOWL: Ravi Bishnoi 0-8 (1)
  ⚠ DIVERGENCE: SCORE: ui=78 cb=79 | OVERS: ui=7.0 cb=7.1 | BATTERS_MISSING_IN_UI: {'nissanka'} (ui={'rahul'}, cb={'rahul', 'nissanka'}) | BAT_rahul: ui=14(24) cb=25(16) | FOW_COUNT: ui=1 vs wickets=0 | BOWLER: ui=Nandre Burger cb=Ravi Bishnoi

[22:11:08  iter#415]
  UI: Delhi Capitals 78-0 (7.0)  str=KL Rahul nstr=None  bowl=Nandre Burger 0-21 (1.5)
  this_over=[]  fow=1 (unk=0)  last_fow={'wicket': 1, 'batter': 'Pathum Nissanka', 'score': 1, 'overs': '0.3', 'bowler': None, 'how': 'auto-inferred (striker on wicket)', '_unwitnessed': False}
  delivery: len=short_of_length line=outside_off shot=in_the_air [layer2]
  extras: this_over=1 innings=20 [w1/nb0/b0/lb0]
  extras_log: [{'over': '0.3', 'type': 'wide', 'runs': 1, 'this_over_after': []}]
  CB: DC 79-0 (7.1)  crr=11.02  ps=79(43)  recent=1
  CB BAT: KL Rahul* 25(16), Pathum Nissanka 53(27)
  CB BOWL: Ravi Bishnoi 0-8 (1)
  ⚠ DIVERGENCE: SCORE: ui=78 cb=79 | OVERS: ui=7.0 cb=7.1 | BATTERS_MISSING_IN_UI: {'nissanka'} (ui={'rahul'}, cb={'rahul', 'nissanka'}) | BAT_rahul: ui=14(24) cb=25(16) | FOW_COUNT: ui=1 vs wickets=0 | BOWLER: ui=Nandre Burger cb=Ravi Bishnoi

[22:11:30  iter#416]
  UI: Delhi Capitals 78-0 (7.0)  str=KL Rahul nstr=None  bowl=Nandre Burger 0-21 (1.5)
  this_over=[]  fow=1 (unk=0)  last_fow={'wicket': 1, 'batter': 'Pathum Nissanka', 'score': 1, 'overs': '0.3', 'bowler': None, 'how': 'auto-inferred (striker on wicket)', '_unwitnessed': False}
  delivery: len=short_of_length line=outside_off shot=in_the_air [layer2]
  extras: this_over=1 innings=20 [w1/nb0/b0/lb0]
  extras_log: [{'over': '0.3', 'type': 'wide', 'runs': 1, 'this_over_after': []}]
  CB: DC 79-0 (7.1)  crr=11.02  ps=79(43)  recent=1
  CB BAT: KL Rahul* 25(16), Pathum Nissanka 53(27)
  CB BOWL: Ravi Bishnoi 0-8 (1)
  ⚠ DIVERGENCE: SCORE: ui=78 cb=79 | OVERS: ui=7.0 cb=7.1 | BATTERS_MISSING_IN_UI: {'nissanka'} (ui={'rahul'}, cb={'rahul', 'nissanka'}) | BAT_rahul: ui=14(24) cb=25(16) | FOW_COUNT: ui=1 vs wickets=0 | BOWLER: ui=Nandre Burger cb=Ravi Bishnoi

[22:11:51  iter#417]
  UI: Delhi Capitals 78-0 (7.0)  str=KL Rahul nstr=None  bowl=Nandre Burger 0-21 (1.5)
  this_over=[]  fow=1 (unk=0)  last_fow={'wicket': 1, 'batter': 'Pathum Nissanka', 'score': 1, 'overs': '0.3', 'bowler': None, 'how': 'auto-inferred (striker on wicket)', '_unwitnessed': False}
  delivery: len=short_of_length line=outside_off shot=in_the_air [layer2]
  extras: this_over=1 innings=20 [w1/nb0/b0/lb0]
  extras_log: [{'over': '0.3', 'type': 'wide', 'runs': 1, 'this_over_after': []}]
  CB: DC 82-0 (7.3)  crr=10.93  ps=82(45)  recent=1 1 2
  CB BAT: Pathum Nissanka* 55(28), KL Rahul 26(17)
  CB BOWL: Ravi Bishnoi 0-8 (1)
  ⚠ DIVERGENCE: SCORE: ui=78 cb=82 | OVERS: ui=7.0 cb=7.3 | STRIKER: ui=KL Rahul cb=Pathum Nissanka | BATTERS_MISSING_IN_UI: {'nissanka'} (ui={'rahul'}, cb={'rahul', 'nissanka'}) | BAT_rahul: ui=14(24) cb=26(17) | FOW_COUNT: ui=1 vs wickets=0 | BOWLER: ui=Nandre Burger cb=Ravi Bishnoi

[22:12:23  iter#418]
  UI: Delhi Capitals 78-0 (7.0)  str=KL Rahul nstr=None  bowl=Nandre Burger 0-21 (1.5)
  this_over=[]  fow=1 (unk=0)  last_fow={'wicket': 1, 'batter': 'Pathum Nissanka', 'score': 1, 'overs': '0.3', 'bowler': None, 'how': 'auto-inferred (striker on wicket)', '_unwitnessed': False}
  delivery: len=short_of_length line=outside_off shot=in_the_air [layer2]
  extras: this_over=1 innings=20 [w1/nb0/b0/lb0]
  extras_log: [{'over': '0.3', 'type': 'wide', 'runs': 1, 'this_over_after': []}]
  CB ERR: 'cb fetch: ConnectTimeout: '
  ⚠ DIVERGENCE: FOW_COUNT: ui=1 vs wickets=0

[22:12:47  iter#419]
  UI: Delhi Capitals 78-0 (7.0)  str=KL Rahul nstr=None  bowl=Nandre Burger 0-21 (1.5)
  this_over=[]  fow=1 (unk=0)  last_fow={'wicket': 1, 'batter': 'Pathum Nissanka', 'score': 1, 'overs': '0.3', 'bowler': None, 'how': 'auto-inferred (striker on wicket)', '_unwitnessed': False}
  delivery: len=short_of_length line=outside_off shot=in_the_air [layer2]
  extras: this_over=1 innings=20 [w1/nb0/b0/lb0]
  extras_log: [{'over': '0.3', 'type': 'wide', 'runs': 1, 'this_over_after': []}]
  CB: DC 88-0 (8)  crr=11.0  ps=88(48)  recent=1 1 2 2 0 4
  CB BAT: KL Rahul* 26(17), Pathum Nissanka 61(31)
  CB BOWL: Ravindra Jadeja 0-10 (1)
  ⚠ DIVERGENCE: SCORE: ui=78 cb=88 | OVERS: ui=7.0 cb=8 | BATTERS_MISSING_IN_UI: {'nissanka'} (ui={'rahul'}, cb={'rahul', 'nissanka'}) | BAT_rahul: ui=14(24) cb=26(17) | FOW_COUNT: ui=1 vs wickets=0 | BOWLER: ui=Nandre Burger cb=Ravindra Jadeja

[22:13:09  iter#420]
  UI: Delhi Capitals 78-0 (7.0)  str=KL Rahul nstr=None  bowl=Nandre Burger 0-21 (1.5)
  this_over=[]  fow=1 (unk=0)  last_fow={'wicket': 1, 'batter': 'Pathum Nissanka', 'score': 1, 'overs': '0.3', 'bowler': None, 'how': 'auto-inferred (striker on wicket)', '_unwitnessed': False}
  delivery: len=short_of_length line=outside_off shot=in_the_air [layer2]
  extras: this_over=1 innings=20 [w1/nb0/b0/lb0]
  extras_log: [{'over': '0.3', 'type': 'wide', 'runs': 1, 'this_over_after': []}]
  CB: DC 88-0 (8)  crr=11.0  ps=88(48)  recent=1 1 2 2 0 4
  CB BAT: KL Rahul* 26(17), Pathum Nissanka 61(31)
  CB BOWL: Ravindra Jadeja 0-10 (1)
  ⚠ DIVERGENCE: SCORE: ui=78 cb=88 | OVERS: ui=7.0 cb=8 | BATTERS_MISSING_IN_UI: {'nissanka'} (ui={'rahul'}, cb={'rahul', 'nissanka'}) | BAT_rahul: ui=14(24) cb=26(17) | FOW_COUNT: ui=1 vs wickets=0 | BOWLER: ui=Nandre Burger cb=Ravindra Jadeja

[22:13:30  iter#421]
  UI: Delhi Capitals 78-0 (7.0)  str=KL Rahul nstr=None  bowl=Nandre Burger 0-21 (1.5)
  this_over=[]  fow=1 (unk=0)  last_fow={'wicket': 1, 'batter': 'Pathum Nissanka', 'score': 1, 'overs': '0.3', 'bowler': None, 'how': 'auto-inferred (striker on wicket)', '_unwitnessed': False}
  delivery: len=short_of_length line=outside_off shot=in_the_air [layer2]
  extras: this_over=1 innings=20 [w1/nb0/b0/lb0]
  extras_log: [{'over': '0.3', 'type': 'wide', 'runs': 1, 'this_over_after': []}]
  CB: DC 88-0 (8)  crr=11.0  ps=88(48)  recent=1 1 2 2 0 4
  CB BAT: KL Rahul* 26(17), Pathum Nissanka 61(31)
  CB BOWL: Ravindra Jadeja 0-10 (1)
  ⚠ DIVERGENCE: SCORE: ui=78 cb=88 | OVERS: ui=7.0 cb=8 | BATTERS_MISSING_IN_UI: {'nissanka'} (ui={'rahul'}, cb={'rahul', 'nissanka'}) | BAT_rahul: ui=14(24) cb=26(17) | FOW_COUNT: ui=1 vs wickets=0 | BOWLER: ui=Nandre Burger cb=Ravindra Jadeja

[22:13:54  iter#422]
  WS ERR: ''
  CB: DC 92-0 (8.1)  crr=11.27  ps=92(49)  recent=4
  CB BAT: KL Rahul* 30(18), Pathum Nissanka 61(31)
  CB BOWL: Ravindra Jadeja 0-10 (1)
  ⚠ DIVERGENCE: BATTERS_MISSING_IN_UI: {'rahul', 'nissanka'} (ui=set(), cb={'rahul', 'nissanka'}) | BOWLER: ui=None cb=Ravindra Jadeja

[22:14:17  iter#423]
  UI: Delhi Capitals 78-0 (7.0)  str=KL Rahul nstr=None  bowl=Nandre Burger 0-21 (1.5)
  this_over=[]  fow=1 (unk=0)  last_fow={'wicket': 1, 'batter': 'Pathum Nissanka', 'score': 1, 'overs': '0.3', 'bowler': None, 'how': 'auto-inferred (striker on wicket)', '_unwitnessed': False}
  delivery: len=short_of_length line=outside_off shot=in_the_air [layer2]
  extras: this_over=1 innings=20 [w1/nb0/b0/lb0]
  extras_log: [{'over': '0.3', 'type': 'wide', 'runs': 1, 'this_over_after': []}]
  CB: DC 92-0 (8.1)  crr=11.27  ps=92(49)  recent=4
  CB BAT: KL Rahul* 30(18), Pathum Nissanka 61(31)
  CB BOWL: Ravindra Jadeja 0-10 (1)
  ⚠ DIVERGENCE: SCORE: ui=78 cb=92 | OVERS: ui=7.0 cb=8.1 | BATTERS_MISSING_IN_UI: {'nissanka'} (ui={'rahul'}, cb={'rahul', 'nissanka'}) | BAT_rahul: ui=14(24) cb=30(18) | FOW_COUNT: ui=1 vs wickets=0 | BOWLER: ui=Nandre Burger cb=Ravindra Jadeja

[22:14:38  iter#424]
  UI: Delhi Capitals 78-0 (7.0)  str=KL Rahul nstr=None  bowl=Nandre Burger 0-21 (1.5)
  this_over=[]  fow=1 (unk=0)  last_fow={'wicket': 1, 'batter': 'Pathum Nissanka', 'score': 1, 'overs': '0.3', 'bowler': None, 'how': 'auto-inferred (striker on wicket)', '_unwitnessed': False}
  delivery: len=short_of_length line=outside_off shot=in_the_air [layer2]
  extras: this_over=1 innings=20 [w1/nb0/b0/lb0]
  extras_log: [{'over': '0.3', 'type': 'wide', 'runs': 1, 'this_over_after': []}]
  CB: DC 92-0 (8.2)  crr=11.04  ps=92(50)  recent=4 0
  CB BAT: KL Rahul* 30(19), Pathum Nissanka 61(31)
  CB BOWL: Ravindra Jadeja 0-10 (1)
  ⚠ DIVERGENCE: SCORE: ui=78 cb=92 | OVERS: ui=7.0 cb=8.2 | BATTERS_MISSING_IN_UI: {'nissanka'} (ui={'rahul'}, cb={'rahul', 'nissanka'}) | BAT_rahul: ui=14(24) cb=30(19) | FOW_COUNT: ui=1 vs wickets=0 | BOWLER: ui=Nandre Burger cb=Ravindra Jadeja

[22:15:00  iter#425]
  UI: Delhi Capitals 78-0 (7.0)  str=KL Rahul nstr=None  bowl=Nandre Burger 0-21 (1.5)
  this_over=[]  fow=1 (unk=0)  last_fow={'wicket': 1, 'batter': 'Pathum Nissanka', 'score': 1, 'overs': '0.3', 'bowler': None, 'how': 'auto-inferred (striker on wicket)', '_unwitnessed': False}
  delivery: len=short_of_length line=outside_off shot=in_the_air [layer2]
  extras: this_over=1 innings=20 [w1/nb0/b0/lb0]
  extras_log: [{'over': '0.3', 'type': 'wide', 'runs': 1, 'this_over_after': []}]
  CB: DC 92-0 (8.2)  crr=11.04  ps=92(50)  recent=4 0
  CB BAT: KL Rahul* 30(19), Pathum Nissanka 61(31)
  CB BOWL: Ravindra Jadeja 0-10 (1)
  ⚠ DIVERGENCE: SCORE: ui=78 cb=92 | OVERS: ui=7.0 cb=8.2 | BATTERS_MISSING_IN_UI: {'nissanka'} (ui={'rahul'}, cb={'rahul', 'nissanka'}) | BAT_rahul: ui=14(24) cb=30(19) | FOW_COUNT: ui=1 vs wickets=0 | BOWLER: ui=Nandre Burger cb=Ravindra Jadeja

[22:15:21  iter#426]
  UI: Delhi Capitals 78-0 (7.0)  str=KL Rahul nstr=None  bowl=Nandre Burger 0-21 (1.5)
  this_over=[]  fow=1 (unk=0)  last_fow={'wicket': 1, 'batter': 'Pathum Nissanka', 'score': 1, 'overs': '0.3', 'bowler': None, 'how': 'auto-inferred (striker on wicket)', '_unwitnessed': False}
  delivery: len=short_of_length line=outside_off shot=in_the_air [layer2]
  extras: this_over=1 innings=20 [w1/nb0/b0/lb0]
  extras_log: [{'over': '0.3', 'type': 'wide', 'runs': 1, 'this_over_after': []}]
  CB: DC 94-0 (8.3)  crr=11.06  ps=94(51)  recent=4 0 2
  CB BAT: KL Rahul* 32(20), Pathum Nissanka 61(31)
  CB BOWL: Ravindra Jadeja 0-10 (1)
  ⚠ DIVERGENCE: SCORE: ui=78 cb=94 | OVERS: ui=7.0 cb=8.3 | BATTERS_MISSING_IN_UI: {'nissanka'} (ui={'rahul'}, cb={'rahul', 'nissanka'}) | BAT_rahul: ui=14(24) cb=32(20) | FOW_COUNT: ui=1 vs wickets=0 | BOWLER: ui=Nandre Burger cb=Ravindra Jadeja

[22:15:44  iter#427]
  UI: Delhi Capitals 78-0 (7.0)  str=KL Rahul nstr=None  bowl=Nandre Burger 0-21 (1.5)
  this_over=[]  fow=1 (unk=0)  last_fow={'wicket': 1, 'batter': 'Pathum Nissanka', 'score': 1, 'overs': '0.3', 'bowler': None, 'how': 'auto-inferred (striker on wicket)', '_unwitnessed': False}
  delivery: len=short_of_length line=outside_off shot=in_the_air [layer2]
  extras: this_over=1 innings=20 [w1/nb0/b0/lb0]
  extras_log: [{'over': '0.3', 'type': 'wide', 'runs': 1, 'this_over_after': []}]
  CB: DC 94-0 (8.3)  crr=11.06  ps=94(51)  recent=4 0 2
  CB BAT: KL Rahul* 32(20), Pathum Nissanka 61(31)
  CB BOWL: Ravindra Jadeja 0-10 (1)
  ⚠ DIVERGENCE: SCORE: ui=78 cb=94 | OVERS: ui=7.0 cb=8.3 | BATTERS_MISSING_IN_UI: {'nissanka'} (ui={'rahul'}, cb={'rahul', 'nissanka'}) | BAT_rahul: ui=14(24) cb=32(20) | FOW_COUNT: ui=1 vs wickets=0 | BOWLER: ui=Nandre Burger cb=Ravindra Jadeja

[22:16:06  iter#428]
  UI: Delhi Capitals 78-0 (7.0)  str=KL Rahul nstr=None  bowl=Nandre Burger 0-21 (1.5)
  this_over=[]  fow=1 (unk=0)  last_fow={'wicket': 1, 'batter': 'Pathum Nissanka', 'score': 1, 'overs': '0.3', 'bowler': None, 'how': 'auto-inferred (striker on wicket)', '_unwitnessed': False}
  delivery: len=short_of_length line=outside_off shot=in_the_air [layer2]
  extras: this_over=1 innings=20 [w1/nb0/b0/lb0]
  extras_log: [{'over': '0.3', 'type': 'wide', 'runs': 1, 'this_over_after': []}]
  CB: DC 100-0 (8.4)  crr=11.54  ps=100(52)  recent=4 0 2 6
  CB BAT: KL Rahul* 38(21), Pathum Nissanka 61(31)
  CB BOWL: Ravindra Jadeja 0-10 (1)
  ⚠ DIVERGENCE: SCORE: ui=78 cb=100 | OVERS: ui=7.0 cb=8.4 | BATTERS_MISSING_IN_UI: {'nissanka'} (ui={'rahul'}, cb={'rahul', 'nissanka'}) | BAT_rahul: ui=14(24) cb=38(21) | FOW_COUNT: ui=1 vs wickets=0 | BOWLER: ui=Nandre Burger cb=Ravindra Jadeja

[22:16:27  iter#429]
  UI: Delhi Capitals None-None (None)  str=KL Rahul nstr=None  bowl=Nandre Burger 0-21 (1.5)
  this_over=[]  fow=1 (unk=0)  last_fow={'wicket': 1, 'batter': 'Pathum Nissanka', 'score': 1, 'overs': '0.3', 'bowler': None, 'how': 'auto-inferred (striker on wicket)', '_unwitnessed': False}
  delivery: len=short_of_length line=outside_off shot=in_the_air [layer2]
  extras: this_over=1 innings=20 [w1/nb0/b0/lb0]
  extras_log: [{'over': '0.3', 'type': 'wide', 'runs': 1, 'this_over_after': []}]
  CB: DC 100-0 (8.4)  crr=11.54  ps=100(52)  recent=4 0 2 6
  CB BAT: KL Rahul* 38(21), Pathum Nissanka 61(31)
  CB BOWL: Ravindra Jadeja 0-10 (1)
  ⚠ DIVERGENCE: BATTERS_MISSING_IN_UI: {'nissanka'} (ui={'rahul'}, cb={'rahul', 'nissanka'}) | BAT_rahul: ui=14(24) cb=38(21) | BOWLER: ui=Nandre Burger cb=Ravindra Jadeja

[22:16:50  iter#430]
  UI: Delhi Capitals None-None (None)  str=KL Rahul nstr=None  bowl=Nandre Burger 0-21 (1.5)
  this_over=[]  fow=1 (unk=0)  last_fow={'wicket': 1, 'batter': 'Pathum Nissanka', 'score': 1, 'overs': '0.3', 'bowler': None, 'how': 'auto-inferred (striker on wicket)', '_unwitnessed': False}
  delivery: len=short_of_length line=outside_off shot=in_the_air [layer2]
  extras: this_over=1 innings=20 [w1/nb0/b0/lb0]
  extras_log: [{'over': '0.3', 'type': 'wide', 'runs': 1, 'this_over_after': []}]
  CB: DC 102-0 (8.5)  crr=11.55  ps=102(53)  recent=... 4
  CB BAT: KL Rahul* 40(22), Pathum Nissanka 61(31)
  CB BOWL: Ravindra Jadeja 0-10 (1)
  ⚠ DIVERGENCE: BATTERS_MISSING_IN_UI: {'nissanka'} (ui={'rahul'}, cb={'rahul', 'nissanka'}) | BAT_rahul: ui=14(24) cb=40(22) | BOWLER: ui=Nandre Burger cb=Ravindra Jadeja

[22:17:12  iter#431]
  UI: Delhi Capitals None-None (None)  str=KL Rahul nstr=None  bowl=Nandre Burger 0-21 (1.5)
  this_over=[]  fow=1 (unk=0)  last_fow={'wicket': 1, 'batter': 'Pathum Nissanka', 'score': 1, 'overs': '0.3', 'bowler': None, 'how': 'auto-inferred (striker on wicket)', '_unwitnessed': False}
  delivery: len=short_of_length line=outside_off shot=in_the_air [layer2]
  extras: this_over=1 innings=20 [w1/nb0/b0/lb0]
  extras_log: [{'over': '0.3', 'type': 'wide', 'runs': 1, 'this_over_after': []}]
  CB: DC 108-0 (9)  crr=12.0  ps=108(54)  recent=4 0 2 6 2 6
  CB BAT: Pathum Nissanka* 61(31), KL Rahul 46(23)
  CB BOWL: Ravi Bishnoi 0-28 (2)
  ⚠ DIVERGENCE: STRIKER: ui=KL Rahul cb=Pathum Nissanka | BATTERS_MISSING_IN_UI: {'nissanka'} (ui={'rahul'}, cb={'rahul', 'nissanka'}) | BAT_rahul: ui=14(24) cb=46(23) | BOWLER: ui=Nandre Burger cb=Ravi Bishnoi

[22:17:37  iter#432]
  WS ERR: ''
  CB: DC 108-0 (9)  crr=12.0  ps=108(54)  recent=4 0 2 6 2 6
  CB BAT: Pathum Nissanka* 61(31), KL Rahul 46(23)
  CB BOWL: Ravi Bishnoi 0-28 (2)
  ⚠ DIVERGENCE: BATTERS_MISSING_IN_UI: {'rahul', 'nissanka'} (ui=set(), cb={'rahul', 'nissanka'}) | BOWLER: ui=None cb=Ravi Bishnoi

[22:17:58  iter#433]
  UI: Delhi Capitals None-None (None)  str=KL Rahul nstr=None  bowl=Nandre Burger 0-21 (1.5)
  this_over=[]  fow=1 (unk=0)  last_fow={'wicket': 1, 'batter': 'Pathum Nissanka', 'score': 1, 'overs': '0.3', 'bowler': None, 'how': 'auto-inferred (striker on wicket)', '_unwitnessed': False}
  delivery: len=short_of_length line=outside_off shot=in_the_air [layer2]
  extras: this_over=1 innings=20 [w1/nb0/b0/lb0]
  extras_log: [{'over': '0.3', 'type': 'wide', 'runs': 1, 'this_over_after': []}]
  CB: DC 108-0 (9)  crr=12.0  ps=108(54)  recent=4 0 2 6 2 6
  CB BAT: Pathum Nissanka* 61(31), KL Rahul 46(23)
  CB BOWL: Ravi Bishnoi 0-28 (2)
  ⚠ DIVERGENCE: STRIKER: ui=KL Rahul cb=Pathum Nissanka | BATTERS_MISSING_IN_UI: {'nissanka'} (ui={'rahul'}, cb={'rahul', 'nissanka'}) | BAT_rahul: ui=14(24) cb=46(23) | BOWLER: ui=Nandre Burger cb=Ravi Bishnoi

[22:18:20  iter#434]
  UI: Delhi Capitals 100-0 (8.4)  str=KL Rahul nstr=None  bowl=Nandre Burger 0-21 (1.5)
  this_over=['?', '?', '?', '?']  fow=1 (unk=0)  last_fow={'wicket': 1, 'batter': 'Pathum Nissanka', 'score': 1, 'overs': '0.3', 'bowler': None, 'how': 'auto-inferred (striker on wicket)', '_unwitnessed': False}
  delivery: len=short_of_length line=outside_off shot=in_the_air [layer2]
  extras: this_over=1 innings=20 [w1/nb0/b0/lb0]
  extras_log: [{'over': '0.3', 'type': 'wide', 'runs': 1, 'this_over_after': []}]
  CB: DC 108-0 (9)  crr=12.0  ps=108(54)  recent=4 0 2 6 2 6
  CB BAT: Pathum Nissanka* 61(31), KL Rahul 46(23)
  CB BOWL: Ravi Bishnoi 0-28 (2)
  ⚠ DIVERGENCE: SCORE: ui=100 cb=108 | OVERS: ui=8.4 cb=9 | STRIKER: ui=KL Rahul cb=Pathum Nissanka | BATTERS_MISSING_IN_UI: {'nissanka'} (ui={'rahul'}, cb={'rahul', 'nissanka'}) | BAT_rahul: ui=14(24) cb=46(23) | FOW_COUNT: ui=1 vs wickets=0 | BOWLER: ui=Nandre Burger cb=Ravi Bishnoi

[22:18:41  iter#435]
  UI: Delhi Capitals 100-0 (8.4)  str=KL Rahul nstr=None  bowl=Nandre Burger 0-21 (1.5)
  this_over=['?', '?', '?', '?']  fow=1 (unk=0)  last_fow={'wicket': 1, 'batter': 'Pathum Nissanka', 'score': 1, 'overs': '0.3', 'bowler': None, 'how': 'auto-inferred (striker on wicket)', '_unwitnessed': False}
  delivery: len=short_of_length line=outside_off shot=in_the_air [layer2]
  extras: this_over=1 innings=20 [w1/nb0/b0/lb0]
  extras_log: [{'over': '0.3', 'type': 'wide', 'runs': 1, 'this_over_after': []}]
  CB: DC 109-0 (9.1)  crr=11.89  ps=109(55)  recent=1
  CB BAT: KL Rahul* 46(23), Pathum Nissanka 62(32)
  CB BOWL: Ravi Bishnoi 0-28 (2)
  ⚠ DIVERGENCE: SCORE: ui=100 cb=109 | OVERS: ui=8.4 cb=9.1 | BATTERS_MISSING_IN_UI: {'nissanka'} (ui={'rahul'}, cb={'rahul', 'nissanka'}) | BAT_rahul: ui=14(24) cb=46(23) | FOW_COUNT: ui=1 vs wickets=0 | BOWLER: ui=Nandre Burger cb=Ravi Bishnoi

[22:19:02  iter#436]
  UI: Delhi Capitals 102-0 (8.5)  str=KL Rahul nstr=None  bowl=Nandre Burger 0-21 (1.5)
  this_over=['?', '?', '?', '?', '?']  fow=1 (unk=0)  last_fow={'wicket': 1, 'batter': 'Pathum Nissanka', 'score': 1, 'overs': '0.3', 'bowler': None, 'how': 'auto-inferred (striker on wicket)', '_unwitnessed': False}
  delivery: len=short_of_length line=outside_off shot=in_the_air [layer2]
  extras: this_over=1 innings=20 [w1/nb0/b0/lb0]
  extras_log: [{'over': '0.3', 'type': 'wide', 'runs': 1, 'this_over_after': []}]
  CB: DC 110-0 (9.2)  crr=11.79  ps=110(56)  recent=1 1
  CB BAT: Pathum Nissanka* 62(32), KL Rahul 47(24)
  CB BOWL: Ravi Bishnoi 0-28 (2)
  ⚠ DIVERGENCE: SCORE: ui=102 cb=110 | OVERS: ui=8.5 cb=9.2 | STRIKER: ui=KL Rahul cb=Pathum Nissanka | BATTERS_MISSING_IN_UI: {'nissanka'} (ui={'rahul'}, cb={'rahul', 'nissanka'}) | BAT_rahul: ui=14(24) cb=47(24) | FOW_COUNT: ui=1 vs wickets=0 | BOWLER: ui=Nandre Burger cb=Ravi Bishnoi

[22:19:27  iter#437]
  WS ERR: ''
  CB: DC 110-0 (9.2)  crr=11.79  ps=110(56)  recent=... 2 2 0 4
  CB BAT: Pathum Nissanka* 62(32), KL Rahul 47(24)
  CB BOWL: Ravi Bishnoi 0-28 (2)
  ⚠ DIVERGENCE: BATTERS_MISSING_IN_UI: {'rahul', 'nissanka'} (ui=set(), cb={'rahul', 'nissanka'}) | BOWLER: ui=None cb=Ravi Bishnoi

[22:19:48  iter#438]
  UI: Delhi Capitals 102-0 (8.5)  str=KL Rahul nstr=None  bowl=Nandre Burger 0-21 (1.5)
  this_over=['4', '0', '2', '6', '2', '6', '2']  fow=1 (unk=0)  last_fow={'wicket': 1, 'batter': 'Pathum Nissanka', 'score': 1, 'overs': '0.3', 'bowler': None, 'how': 'auto-inferred (striker on wicket)', '_unwitnessed': False}
  delivery: len=good_length line=leg_stump shot=in_the_air [layer2]
  extras: this_over=1 innings=20 [w1/nb0/b0/lb0]
  extras_log: [{'over': '0.3', 'type': 'wide', 'runs': 1, 'this_over_after': []}]
  CB: DC 110-0 (9.2)  crr=11.79  ps=110(56)  recent=... 2 2 0 4
  CB BAT: Pathum Nissanka* 62(32), KL Rahul 47(24)
  CB BOWL: Ravi Bishnoi 0-28 (2)
  ⚠ DIVERGENCE: SCORE: ui=102 cb=110 | OVERS: ui=8.5 cb=9.2 | STRIKER: ui=KL Rahul cb=Pathum Nissanka | BATTERS_MISSING_IN_UI: {'nissanka'} (ui={'rahul'}, cb={'rahul', 'nissanka'}) | BAT_rahul: ui=14(24) cb=47(24) | FOW_COUNT: ui=1 vs wickets=0 | BOWLER: ui=Nandre Burger cb=Ravi Bishnoi

[22:20:11  iter#439]
  UI: Delhi Capitals 108-0 (9.0)  str=KL Rahul nstr=None  bowl=Nandre Burger 0-21 (1.5)
  this_over=['2', '6']  fow=1 (unk=0)  last_fow={'wicket': 1, 'batter': 'Pathum Nissanka', 'score': 1, 'overs': '0.3', 'bowler': None, 'how': 'auto-inferred (striker on wicket)', '_unwitnessed': False}
  delivery: len=good_length line=leg_stump shot=in_the_air [layer2]
  extras: this_over=1 innings=20 [w1/nb0/b0/lb0]
  extras_log: [{'over': '0.3', 'type': 'wide', 'runs': 1, 'this_over_after': []}]
  CB: DC 110-0 (9.2)  crr=11.79  ps=110(56)  recent=... 2 2 0 4
  CB BAT: Pathum Nissanka* 62(32), KL Rahul 47(24)
  CB BOWL: Ravi Bishnoi 0-28 (2)
  ⚠ DIVERGENCE: SCORE: ui=108 cb=110 | OVERS: ui=9.0 cb=9.2 | STRIKER: ui=KL Rahul cb=Pathum Nissanka | BATTERS_MISSING_IN_UI: {'nissanka'} (ui={'rahul'}, cb={'rahul', 'nissanka'}) | BAT_rahul: ui=14(24) cb=47(24) | FOW_COUNT: ui=1 vs wickets=0 | BOWLER: ui=Nandre Burger cb=Ravi Bishnoi

[22:20:35  iter#440]
  WS ERR: ''
  CB: DC 110-0 (9.2)  crr=11.79  ps=110(56)  recent=... 2 2 0 4
  CB BAT: Pathum Nissanka* 62(32), KL Rahul 47(24)
  CB BOWL: Ravi Bishnoi 0-28 (2)
  ⚠ DIVERGENCE: BATTERS_MISSING_IN_UI: {'rahul', 'nissanka'} (ui=set(), cb={'rahul', 'nissanka'}) | BOWLER: ui=None cb=Ravi Bishnoi

[22:20:57  iter#441]
  UI: Delhi Capitals 108-0 (9.0)  str=KL Rahul nstr=None  bowl=Nandre Burger 0-21 (1.5)
  this_over=['2', '6']  fow=1 (unk=0)  last_fow={'wicket': 1, 'batter': 'Pathum Nissanka', 'score': 1, 'overs': '0.3', 'bowler': None, 'how': 'auto-inferred (striker on wicket)', '_unwitnessed': False}
  delivery: len=short_of_length line=outside_off shot=in_the_air [layer2]
  extras: this_over=1 innings=20 [w1/nb0/b0/lb0]
  extras_log: [{'over': '0.3', 'type': 'wide', 'runs': 1, 'this_over_after': []}]
  CB: DC 110-1 (9.3)  crr=11.58  ps=110(57)  recent=1 1 W
  CB BAT: KL Rahul* 47(24), Pathum Nissanka 62(33)
  CB BOWL: Ravi Bishnoi 0-28 (2)
  LAST WKT: Pathum Nissanka  lbw b Ravindra Jadeja 62(33)  - 110/1 in 9.3 ov.
  ⚠ DIVERGENCE: SCORE: ui=108 cb=110 | WICKETS: ui=0 cb=1 | OVERS: ui=9.0 cb=9.3 | BATTERS_MISSING_IN_UI: {'nissanka'} (ui={'rahul'}, cb={'rahul', 'nissanka'}) | BAT_rahul: ui=14(24) cb=47(24) | FOW_COUNT: ui=1 vs wickets=0 | BOWLER: ui=Nandre Burger cb=Ravi Bishnoi

[22:21:17  iter#442]
  UI: Delhi Capitals 108-0 (9.0)  str=KL Rahul nstr=None  bowl=Nandre Burger 0-21 (1.5)
  this_over=['2', '6']  fow=1 (unk=0)  last_fow={'wicket': 1, 'batter': 'Pathum Nissanka', 'score': 1, 'overs': '0.3', 'bowler': None, 'how': 'auto-inferred (striker on wicket)', '_unwitnessed': False}
  delivery: len=short_of_length line=outside_off shot=in_the_air [layer2]
  extras: this_over=1 innings=20 [w1/nb0/b0/lb0]
  extras_log: [{'over': '0.3', 'type': 'wide', 'runs': 1, 'this_over_after': []}]
  CB: DC 110-1 (9.3)  crr=11.58  ps=110(57)  recent=1 1 W
  CB BAT: KL Rahul* 47(24), Ravi Bishnoi 2(0)
  CB BOWL: Ravi Bishnoi 0-28 (2)
  LAST WKT: Pathum Nissanka  lbw b Ravindra Jadeja 62(33)  - 110/1 in 9.3 ov.
  ⚠ DIVERGENCE: SCORE: ui=108 cb=110 | WICKETS: ui=0 cb=1 | OVERS: ui=9.0 cb=9.3 | BATTERS_MISSING_IN_UI: {'bishnoi'} (ui={'rahul'}, cb={'rahul', 'bishnoi'}) | BAT_rahul: ui=14(24) cb=47(24) | FOW_COUNT: ui=1 vs wickets=0 | BOWLER: ui=Nandre Burger cb=Ravi Bishnoi

[22:21:38  iter#443]
  UI: Delhi Capitals 110-0 (9.2)  str=KL Rahul nstr=None  bowl=Nandre Burger 0-21 (1.5)
  this_over=['?', '?']  fow=1 (unk=0)  last_fow={'wicket': 1, 'batter': 'Pathum Nissanka', 'score': 1, 'overs': '0.3', 'bowler': None, 'how': 'auto-inferred (striker on wicket)', '_unwitnessed': False}
  delivery: len=short_of_length line=outside_off shot=in_the_air [layer2]
  extras: this_over=1 innings=20 [w1/nb0/b0/lb0]
  extras_log: [{'over': '0.3', 'type': 'wide', 'runs': 1, 'this_over_after': []}]
  CB: DC 110-1 (9.3)  crr=11.58  ps=110(57)  recent=1 1 W
  CB BAT: KL Rahul* 47(24), Ravi Bishnoi 2(0)
  CB BOWL: Ravi Bishnoi 0-28 (2)
  LAST WKT: Pathum Nissanka  lbw b Ravindra Jadeja 62(33)  - 110/1 in 9.3 ov.
  ⚠ DIVERGENCE: WICKETS: ui=0 cb=1 | OVERS: ui=9.2 cb=9.3 | BATTERS_MISSING_IN_UI: {'bishnoi'} (ui={'rahul'}, cb={'rahul', 'bishnoi'}) | BAT_rahul: ui=14(24) cb=47(24) | FOW_COUNT: ui=1 vs wickets=0 | BOWLER: ui=Nandre Burger cb=Ravi Bishnoi

[22:21:59  iter#444]
  UI: Delhi Capitals 110-0 (9.2)  str=KL Rahul nstr=None  bowl=Nandre Burger 0-21 (1.5)
  this_over=['?', '?']  fow=1 (unk=0)  last_fow={'wicket': 1, 'batter': 'Pathum Nissanka', 'score': 1, 'overs': '0.3', 'bowler': None, 'how': 'auto-inferred (striker on wicket)', '_unwitnessed': False}
  delivery: len=short_of_length line=outside_off shot=in_the_air [layer2]
  extras: this_over=1 innings=20 [w1/nb0/b0/lb0]
  extras_log: [{'over': '0.3', 'type': 'wide', 'runs': 1, 'this_over_after': []}]
  CB: DC 110-1 (9.3)  crr=11.58  ps=0(0)  recent=... 2 0 4
  CB BAT: Nitish Rana* 0(0), KL Rahul 47(24)
  CB BOWL: Ravi Bishnoi 0-28 (2)
  LAST WKT: Pathum Nissanka  lbw b Ravindra Jadeja 62(33)  - 110/1 in 9.3 ov.
  ⚠ DIVERGENCE: WICKETS: ui=0 cb=1 | OVERS: ui=9.2 cb=9.3 | STRIKER: ui=KL Rahul cb=Nitish Rana | BATTERS_MISSING_IN_UI: {'rana'} (ui={'rahul'}, cb={'rahul', 'rana'}) | BAT_rahul: ui=14(24) cb=47(24) | FOW_COUNT: ui=1 vs wickets=0 | BOWLER: ui=Nandre Burger cb=Ravi Bishnoi

[22:22:23  iter#445]
  UI: Delhi Capitals 110-0 (9.2)  str=KL Rahul nstr=None  bowl=Nandre Burger 0-21 (1.5)
  this_over=['?', '?', '?', '?']  fow=1 (unk=0)  last_fow={'wicket': 1, 'batter': 'Pathum Nissanka', 'score': 1, 'overs': '0.3', 'bowler': None, 'how': 'auto-inferred (striker on wicket)', '_unwitnessed': False}
  delivery: len=short_of_length line=outside_off shot=in_the_air [layer2]
  extras: this_over=1 innings=20 [w1/nb0/b0/lb0]
  extras_log: [{'over': '0.3', 'type': 'wide', 'runs': 1, 'this_over_after': []}]
  CB: DC 111-1 (9.4)  crr=11.48  ps=1(1)  recent=1 1 W 1
  CB BAT: KL Rahul* 47(24), Nitish Rana 1(1)
  CB BOWL: Ravi Bishnoi 0-28 (2)
  LAST WKT: Pathum Nissanka  lbw b Ravindra Jadeja 62(33)  - 110/1 in 9.3 ov.
  ⚠ DIVERGENCE: SCORE: ui=110 cb=111 | WICKETS: ui=0 cb=1 | OVERS: ui=9.2 cb=9.4 | BATTERS_MISSING_IN_UI: {'rana'} (ui={'rahul'}, cb={'rahul', 'rana'}) | BAT_rahul: ui=14(24) cb=47(24) | FOW_COUNT: ui=1 vs wickets=0 | BOWLER: ui=Nandre Burger cb=Ravi Bishnoi

[22:22:44  iter#446]
  UI: Delhi Capitals 110-0 (9.2)  str=KL Rahul nstr=None  bowl=Jofra Archer 1-26 (2.1)
  this_over=['?', '?']  fow=1 (unk=0)  last_fow={'wicket': 1, 'batter': 'Pathum Nissanka', 'score': 1, 'overs': '0.3', 'bowler': None, 'how': 'auto-inferred (striker on wicket)', '_unwitnessed': False}
  delivery: len=short_of_length line=outside_off shot=in_the_air [layer2]
  extras: this_over=1 innings=20 [w1/nb0/b0/lb0]
  extras_log: [{'over': '0.3', 'type': 'wide', 'runs': 1, 'this_over_after': []}]
  CB: DC 111-1 (9.4)  crr=11.48  ps=1(1)  recent=1 1 W 1
  CB BAT: KL Rahul* 47(24), Nitish Rana 1(1)
  CB BOWL: Ravi Bishnoi 0-28 (2)
  LAST WKT: Pathum Nissanka  lbw b Ravindra Jadeja 62(33)  - 110/1 in 9.3 ov.
  ⚠ DIVERGENCE: SCORE: ui=110 cb=111 | WICKETS: ui=0 cb=1 | OVERS: ui=9.2 cb=9.4 | BATTERS_MISSING_IN_UI: {'rana'} (ui={'rahul'}, cb={'rahul', 'rana'}) | BAT_rahul: ui=14(24) cb=47(24) | FOW_COUNT: ui=1 vs wickets=0 | BOWLER: ui=Jofra Archer cb=Ravi Bishnoi

[22:23:06  iter#447]
  UI: Delhi Capitals 110-0 (9.2)  str=KL Rahul nstr=None  bowl=Jofra Archer 1-26 (2.1)
  this_over=['?', '?']  fow=1 (unk=0)  last_fow={'wicket': 1, 'batter': 'Pathum Nissanka', 'score': 1, 'overs': '0.3', 'bowler': None, 'how': 'auto-inferred (striker on wicket)', '_unwitnessed': False}
  delivery: len=short_of_length line=outside_off shot=in_the_air [layer2]
  extras: this_over=1 innings=20 [w1/nb0/b0/lb0]
  extras_log: [{'over': '0.3', 'type': 'wide', 'runs': 1, 'this_over_after': []}]
  CB: DC 112-1 (9.5)  crr=11.39  ps=2(2)  recent=1 1 W 1 1
  CB BAT: Nitish Rana* 1(1), KL Rahul 48(25)
  CB BOWL: Ravi Bishnoi 0-28 (2)
  LAST WKT: Pathum Nissanka  lbw b Ravindra Jadeja 62(33)  - 110/1 in 9.3 ov.
  ⚠ DIVERGENCE: SCORE: ui=110 cb=112 | WICKETS: ui=0 cb=1 | OVERS: ui=9.2 cb=9.5 | STRIKER: ui=KL Rahul cb=Nitish Rana | BATTERS_MISSING_IN_UI: {'rana'} (ui={'rahul'}, cb={'rahul', 'rana'}) | BAT_rahul: ui=14(24) cb=48(25) | FOW_COUNT: ui=1 vs wickets=0 | BOWLER: ui=Jofra Archer cb=Ravi Bishnoi

[22:23:27  iter#448]
  UI: Delhi Capitals 110-0 (9.2)  str=KL Rahul nstr=None  bowl=Jofra Archer 1-26 (2.4)
  this_over=['?', '?']  fow=1 (unk=0)  last_fow={'wicket': 1, 'batter': 'Pathum Nissanka', 'score': 1, 'overs': '0.3', 'bowler': None, 'how': 'auto-inferred (striker on wicket)', '_unwitnessed': False}
  delivery: len=short_of_length line=outside_off shot=in_the_air [layer2]
  extras: this_over=1 innings=20 [w1/nb0/b0/lb0]
  extras_log: [{'over': '0.3', 'type': 'wide', 'runs': 1, 'this_over_after': []}]
  CB: DC 113-1 (10)  crr=11.3  ps=3(3)  recent=1 1 W 1 1 1
  CB BAT: Nitish Rana* 2(2), KL Rahul 48(25)
  CB BOWL: Ravindra Jadeja 1-15 (2)
  LAST WKT: Pathum Nissanka  lbw b Ravindra Jadeja 62(33)  - 110/1 in 9.3 ov.
  ⚠ DIVERGENCE: SCORE: ui=110 cb=113 | WICKETS: ui=0 cb=1 | OVERS: ui=9.2 cb=10 | STRIKER: ui=KL Rahul cb=Nitish Rana | BATTERS_MISSING_IN_UI: {'rana'} (ui={'rahul'}, cb={'rahul', 'rana'}) | BAT_rahul: ui=14(24) cb=48(25) | FOW_COUNT: ui=1 vs wickets=0 | BOWLER: ui=Jofra Archer cb=Ravindra Jadeja

[22:23:48  iter#449]
  UI: Delhi Capitals 110-0 (9.2)  str=KL Rahul nstr=Prithvi Shaw  bowl=Jofra Archer 1-26 (2.4)
  this_over=['?', '?']  fow=1 (unk=0)  last_fow={'wicket': 1, 'batter': 'Pathum Nissanka', 'score': 1, 'overs': '0.3', 'bowler': None, 'how': 'auto-inferred (striker on wicket)', '_unwitnessed': False}
  delivery: len=short_of_length line=outside_off shot=in_the_air [layer2]
  extras: this_over=1 innings=20 [w1/nb0/b0/lb0]
  extras_log: [{'over': '0.3', 'type': 'wide', 'runs': 1, 'this_over_after': []}]
  CB: DC 113-1 (10)  crr=11.3  ps=3(3)  recent=1 1 W 1 1 1
  CB BAT: Nitish Rana* 2(2), KL Rahul 48(25)
  CB BOWL: Ravindra Jadeja 1-15 (2)
  LAST WKT: Pathum Nissanka  lbw b Ravindra Jadeja 62(33)  - 110/1 in 9.3 ov.
  ⚠ DIVERGENCE: SCORE: ui=110 cb=113 | WICKETS: ui=0 cb=1 | OVERS: ui=9.2 cb=10 | STRIKER: ui=KL Rahul cb=Nitish Rana | BATTERS_MISSING_IN_UI: {'rana'} (ui={'rahul', 'shaw'}, cb={'rahul', 'rana'}) | BAT_rahul: ui=14(24) cb=48(25) | FOW_COUNT: ui=1 vs wickets=0 | BOWLER: ui=Jofra Archer cb=Ravindra Jadeja

[22:24:10  iter#450]
  UI: Delhi Capitals 110-0 (9.2)  str=KL Rahul nstr=Prithvi Shaw  bowl=Jofra Archer 1-26 (2.4)
  this_over=['?', '?']  fow=1 (unk=0)  last_fow={'wicket': 1, 'batter': 'Pathum Nissanka', 'score': 1, 'overs': '0.3', 'bowler': None, 'how': 'auto-inferred (striker on wicket)', '_unwitnessed': False}
  delivery: len=short_of_length line=outside_off shot=in_the_air [layer2]
  extras: this_over=1 innings=20 [w1/nb0/b0/lb0]
  extras_log: [{'over': '0.3', 'type': 'wide', 'runs': 1, 'this_over_after': []}]
  CB: DC 113-1 (10)  crr=11.3  ps=3(3)  recent=1 1 W 1 1 1
  CB BAT: Nitish Rana* 2(2), KL Rahul 48(25)
  CB BOWL: Ravindra Jadeja 1-15 (2)
  LAST WKT: Pathum Nissanka  lbw b Ravindra Jadeja 62(33)  - 110/1 in 9.3 ov.
  ⚠ DIVERGENCE: SCORE: ui=110 cb=113 | WICKETS: ui=0 cb=1 | OVERS: ui=9.2 cb=10 | STRIKER: ui=KL Rahul cb=Nitish Rana | BATTERS_MISSING_IN_UI: {'rana'} (ui={'rahul', 'shaw'}, cb={'rahul', 'rana'}) | BAT_rahul: ui=14(24) cb=48(25) | FOW_COUNT: ui=1 vs wickets=0 | BOWLER: ui=Jofra Archer cb=Ravindra Jadeja

[22:24:40  iter#451]
  UI: Delhi Capitals 110-0 (9.2)  str=KL Rahul nstr=Prithvi Shaw  bowl=Jofra Archer 1-26 (2.4)
  this_over=['?', '?']  fow=1 (unk=0)  last_fow={'wicket': 1, 'batter': 'Pathum Nissanka', 'score': 1, 'overs': '0.3', 'bowler': None, 'how': 'auto-inferred (striker on wicket)', '_unwitnessed': False}
  delivery: len=short_of_length line=outside_off shot=in_the_air [layer2]
  extras: this_over=1 innings=20 [w1/nb0/b0/lb0]
  extras_log: [{'over': '0.3', 'type': 'wide', 'runs': 1, 'this_over_after': []}]
  CB ERR: 'cb fetch: ReadTimeout: '
  ⚠ DIVERGENCE: FOW_COUNT: ui=1 vs wickets=0

[22:25:00  iter#452]
  UI: Delhi Capitals 110-0 (9.2)  str=KL Rahul nstr=Prithvi Shaw  bowl=Jofra Archer 1-26 (2.4)
  this_over=['?', '?']  fow=1 (unk=0)  last_fow={'wicket': 1, 'batter': 'Pathum Nissanka', 'score': 1, 'overs': '0.3', 'bowler': None, 'how': 'auto-inferred (striker on wicket)', '_unwitnessed': False}
  delivery: len=short_of_length line=outside_off shot=in_the_air [layer2]
  extras: this_over=1 innings=20 [w1/nb0/b0/lb0]
  extras_log: [{'over': '0.3', 'type': 'wide', 'runs': 1, 'this_over_after': []}]
  CB: DC 113-1 (10.1)  crr=11.11  ps=3(4)  recent=0
  CB BAT: Nitish Rana* 2(3), KL Rahul 48(25)
  CB BOWL: Ravindra Jadeja 1-15 (2)
  LAST WKT: Pathum Nissanka  lbw b Ravindra Jadeja 62(33)  - 110/1 in 9.3 ov.
  ⚠ DIVERGENCE: SCORE: ui=110 cb=113 | WICKETS: ui=0 cb=1 | OVERS: ui=9.2 cb=10.1 | STRIKER: ui=KL Rahul cb=Nitish Rana | BATTERS_MISSING_IN_UI: {'rana'} (ui={'rahul', 'shaw'}, cb={'rahul', 'rana'}) | BAT_rahul: ui=14(24) cb=48(25) | FOW_COUNT: ui=1 vs wickets=0 | BOWLER: ui=Jofra Archer cb=Ravindra Jadeja

[22:25:24  iter#453]
  WS ERR: ''
  CB: DC 115-1 (10.2)  crr=11.13  ps=5(5)  recent=0 2
  CB BAT: Nitish Rana* 4(4), KL Rahul 48(25)
  CB BOWL: Ravindra Jadeja 1-15 (2)
  LAST WKT: Pathum Nissanka  lbw b Ravindra Jadeja 62(33)  - 110/1 in 9.3 ov.
  ⚠ DIVERGENCE: BATTERS_MISSING_IN_UI: {'rahul', 'rana'} (ui=set(), cb={'rahul', 'rana'}) | BOWLER: ui=None cb=Ravindra Jadeja

[22:25:46  iter#454]
  UI: Delhi Capitals 110-0 (9.2)  str=KL Rahul nstr=Prithvi Shaw  bowl=Jofra Archer 1-26 (2.4)
  this_over=['?', '?']  fow=1 (unk=0)  last_fow={'wicket': 1, 'batter': 'Pathum Nissanka', 'score': 1, 'overs': '0.3', 'bowler': None, 'how': 'auto-inferred (striker on wicket)', '_unwitnessed': False}
  delivery: len=short_of_length line=outside_off shot=in_the_air [layer2]
  extras: this_over=1 innings=20 [w1/nb0/b0/lb0]
  extras_log: [{'over': '0.3', 'type': 'wide', 'runs': 1, 'this_over_after': []}]
  CB: DC 115-1 (10.2)  crr=11.13  ps=5(5)  recent=0 2
  CB BAT: Nitish Rana* 4(4), KL Rahul 48(25)
  CB BOWL: Ravindra Jadeja 1-15 (2)
  LAST WKT: Pathum Nissanka  lbw b Ravindra Jadeja 62(33)  - 110/1 in 9.3 ov.
  ⚠ DIVERGENCE: SCORE: ui=110 cb=115 | WICKETS: ui=0 cb=1 | OVERS: ui=9.2 cb=10.2 | STRIKER: ui=KL Rahul cb=Nitish Rana | BATTERS_MISSING_IN_UI: {'rana'} (ui={'rahul', 'shaw'}, cb={'rahul', 'rana'}) | BAT_rahul: ui=14(24) cb=48(25) | FOW_COUNT: ui=1 vs wickets=0 | BOWLER: ui=Jofra Archer cb=Ravindra Jadeja

[22:26:10  iter#455]
  UI: Delhi Capitals 113-1 (10.0)  str=Nitish Rana nstr=Prithvi Shaw  bowl=Brijesh Sharma None-None (None)
  this_over=['2', '6']  fow=1 (unk=0)  last_fow={'wicket': 1, 'batter': 'Pathum Nissanka', 'score': 1, 'overs': '0.3', 'bowler': None, 'how': 'auto-inferred (striker on wicket)', '_unwitnessed': False}
  delivery: len=short_of_length line=outside_off shot=in_the_air [layer2]
  extras: this_over=1 innings=20 [w1/nb0/b0/lb0]
  extras_log: [{'over': '0.3', 'type': 'wide', 'runs': 1, 'this_over_after': []}]
  CB: DC 116-1 (10.3)  crr=11.05  ps=6(6)  recent=0 2 1
  CB BAT: KL Rahul* 48(25), Nitish Rana 5(5)
  CB BOWL: Ravindra Jadeja 1-15 (2)
  LAST WKT: Pathum Nissanka  lbw b Ravindra Jadeja 62(33)  - 110/1 in 9.3 ov.
  ⚠ DIVERGENCE: SCORE: ui=113 cb=116 | OVERS: ui=10.0 cb=10.3 | STRIKER: ui=Nitish Rana cb=KL Rahul | BATTERS_MISSING_IN_UI: {'rahul'} (ui={'shaw', 'rana'}, cb={'rahul', 'rana'}) | BAT_rana: ui=0(0) cb=5(5) | BOWLER: ui=Brijesh Sharma cb=Ravindra Jadeja

[22:26:33  iter#456]
  UI: Delhi Capitals 113-1 (10.0)  str=KL Rahul nstr=Prithvi Shaw  bowl=Brijesh Sharma 0-11 (1)
  this_over=['2', '6']  fow=1 (unk=0)  last_fow={'wicket': 1, 'batter': 'Pathum Nissanka', 'score': 1, 'overs': '0.3', 'bowler': None, 'how': 'auto-inferred (striker on wicket)', '_unwitnessed': False}
  delivery: len=short_of_length line=outside_off shot=in_the_air [layer2]
  extras: this_over=1 innings=20 [w1/nb0/b0/lb0]
  extras_log: [{'over': '0.3', 'type': 'wide', 'runs': 1, 'this_over_after': []}]
  CB: DC 116-1 (10.3)  crr=11.05  ps=6(6)  recent=0 2 1
  CB BAT: KL Rahul* 48(25), Nitish Rana 5(5)
  CB BOWL: Ravindra Jadeja 1-15 (2)
  LAST WKT: Pathum Nissanka  lbw b Ravindra Jadeja 62(33)  - 110/1 in 9.3 ov.
  ⚠ DIVERGENCE: SCORE: ui=113 cb=116 | OVERS: ui=10.0 cb=10.3 | BATTERS_MISSING_IN_UI: {'rana'} (ui={'rahul', 'shaw'}, cb={'rahul', 'rana'}) | BAT_rahul: ui=14(24) cb=48(25) | BOWLER: ui=Brijesh Sharma cb=Ravindra Jadeja

[22:26:54  iter#457]
  UI: Delhi Capitals 113-1 (10.1)  str=KL Rahul nstr=Prithvi Shaw  bowl=Brijesh Sharma 0-11 (1)
  this_over=['.']  fow=1 (unk=0)  last_fow={'wicket': 1, 'batter': 'Pathum Nissanka', 'score': 1, 'overs': '0.3', 'bowler': None, 'how': 'auto-inferred (striker on wicket)', '_unwitnessed': False}
  delivery: len=short_of_length line=unknown shot=in_the_air [layer2]
  extras: this_over=1 innings=20 [w1/nb0/b0/lb0]
  extras_log: [{'over': '0.3', 'type': 'wide', 'runs': 1, 'this_over_after': []}]
  CB: DC 117-1 (10.4)  crr=10.97  ps=7(7)  recent=0 2 1 1
  CB BAT: Nitish Rana* 5(5), KL Rahul 49(26)
  CB BOWL: Ravindra Jadeja 1-15 (2)
  LAST WKT: Pathum Nissanka  lbw b Ravindra Jadeja 62(33)  - 110/1 in 9.3 ov.
  ⚠ DIVERGENCE: SCORE: ui=113 cb=117 | OVERS: ui=10.1 cb=10.4 | STRIKER: ui=KL Rahul cb=Nitish Rana | BATTERS_MISSING_IN_UI: {'rana'} (ui={'rahul', 'shaw'}, cb={'rahul', 'rana'}) | BAT_rahul: ui=14(24) cb=49(26) | BOWLER: ui=Brijesh Sharma cb=Ravindra Jadeja

[22:27:15  iter#458]
  UI: Delhi Capitals 115-1 (10.2)  str=Nitish Rana nstr=KL Rahul  bowl=Brijesh Sharma 0-13 (1.2)
  this_over=['.', '2']  fow=1 (unk=0)  last_fow={'wicket': 1, 'batter': 'Pathum Nissanka', 'score': 1, 'overs': '0.3', 'bowler': None, 'how': 'auto-inferred (striker on wicket)', '_unwitnessed': False}
  delivery: len=short_of_length line=unknown shot=in_the_air [layer2]
  extras: this_over=1 innings=20 [w1/nb0/b0/lb0]
  extras_log: [{'over': '0.3', 'type': 'wide', 'runs': 1, 'this_over_after': []}]
  CB: DC 117-1 (10.4)  crr=10.97  ps=7(7)  recent=0 2 1 1
  CB BAT: Nitish Rana* 5(5), KL Rahul 49(26)
  CB BOWL: Ravindra Jadeja 1-15 (2)
  LAST WKT: Pathum Nissanka  lbw b Ravindra Jadeja 62(33)  - 110/1 in 9.3 ov.
  ⚠ DIVERGENCE: SCORE: ui=115 cb=117 | OVERS: ui=10.2 cb=10.4 | BAT_rana: ui=0(0) cb=5(5) | BAT_rahul: ui=4(4) cb=49(26) | BOWLER: ui=Brijesh Sharma cb=Ravindra Jadeja

[22:27:36  iter#459]
  UI: Delhi Capitals 115-1 (10.2)  str=Nitish Rana nstr=KL Rahul  bowl=Brijesh Sharma 0-13 (1.2)
  this_over=['.', '2']  fow=1 (unk=0)  last_fow={'wicket': 1, 'batter': 'Pathum Nissanka', 'score': 1, 'overs': '0.3', 'bowler': None, 'how': 'auto-inferred (striker on wicket)', '_unwitnessed': False}
  delivery: len=short_of_length line=unknown shot=in_the_air [layer2]
  extras: this_over=1 innings=20 [w1/nb0/b0/lb0]
  extras_log: [{'over': '0.3', 'type': 'wide', 'runs': 1, 'this_over_after': []}]
  CB: DC 118-1 (10.5)  crr=10.89  ps=8(8)  recent=0 2 1 1 1
  CB BAT: KL Rahul* 49(26), Nitish Rana 6(6)
  CB BOWL: Ravindra Jadeja 1-15 (2)
  LAST WKT: Pathum Nissanka  lbw b Ravindra Jadeja 62(33)  - 110/1 in 9.3 ov.
  ⚠ DIVERGENCE: SCORE: ui=115 cb=118 | OVERS: ui=10.2 cb=10.5 | STRIKER: ui=Nitish Rana cb=KL Rahul | BAT_rahul: ui=4(4) cb=49(26) | BAT_rana: ui=0(0) cb=6(6) | BOWLER: ui=Brijesh Sharma cb=Ravindra Jadeja

[22:27:59  iter#460]
  UI: Delhi Capitals 116-1 (10.3)  str=KL Rahul nstr=Nitish Rana  bowl=Brijesh Sharma 0-13 (1.2)
  this_over=['.', '2', '1']  fow=1 (unk=0)  last_fow={'wicket': 1, 'batter': 'Pathum Nissanka', 'score': 1, 'overs': '0.3', 'bowler': None, 'how': 'auto-inferred (striker on wicket)', '_unwitnessed': False}
  delivery: len=short_of_length line=outside_off shot=in_the_air [layer2]
  extras: this_over=1 innings=20 [w1/nb0/b0/lb0]
  extras_log: [{'over': '0.3', 'type': 'wide', 'runs': 1, 'this_over_after': []}]
  CB: DC 118-1 (10.5)  crr=10.89  ps=8(8)  recent=0 2 1 1 1
  CB BAT: KL Rahul* 49(26), Nitish Rana 6(6)
  CB BOWL: Ravindra Jadeja 1-15 (2)
  LAST WKT: Pathum Nissanka  lbw b Ravindra Jadeja 62(33)  - 110/1 in 9.3 ov.
  ⚠ DIVERGENCE: SCORE: ui=116 cb=118 | OVERS: ui=10.3 cb=10.5 | BAT_rahul: ui=5(5) cb=49(26) | BAT_rana: ui=0(0) cb=6(6) | BOWLER: ui=Brijesh Sharma cb=Ravindra Jadeja

[22:28:20  iter#461]
  UI: Delhi Capitals 116-1 (10.3)  str=KL Rahul nstr=Nitish Rana  bowl=Brijesh Sharma 0-13 (1.2)
  this_over=['.', '2', '1']  fow=1 (unk=0)  last_fow={'wicket': 1, 'batter': 'Pathum Nissanka', 'score': 1, 'overs': '0.3', 'bowler': None, 'how': 'auto-inferred (striker on wicket)', '_unwitnessed': False}
  delivery: len=short_of_length line=outside_off shot=in_the_air [layer2]
  extras: this_over=1 innings=20 [w1/nb0/b0/lb0]
  extras_log: [{'over': '0.3', 'type': 'wide', 'runs': 1, 'this_over_after': []}]
  CB: DC 120-1 (11)  crr=10.91  ps=10(9)  recent=0 2 1 1 1 2
  CB BAT: Nitish Rana* 6(6), KL Rahul 51(27)
  CB BOWL: Brijesh Sharma 0-18 (2)
  LAST WKT: Pathum Nissanka  lbw b Ravindra Jadeja 62(33)  - 110/1 in 9.3 ov.
  ⚠ DIVERGENCE: SCORE: ui=116 cb=120 | OVERS: ui=10.3 cb=11 | STRIKER: ui=KL Rahul cb=Nitish Rana | BAT_rana: ui=0(0) cb=6(6) | BAT_rahul: ui=5(5) cb=51(27) | BOWL_R: ui=13 cb=18 | BOWL_O: ui=1.2 cb=2

[22:28:41  iter#462]
  UI: Delhi Capitals 116-1 (10.3)  str=KL Rahul nstr=Nitish Rana  bowl=Brijesh Sharma 0-13 (1.2)
  this_over=['.', '2', '1']  fow=1 (unk=0)  last_fow={'wicket': 1, 'batter': 'Pathum Nissanka', 'score': 1, 'overs': '0.3', 'bowler': None, 'how': 'auto-inferred (striker on wicket)', '_unwitnessed': False}
  delivery: len=short_of_length line=outside_off shot=in_the_air [layer2]
  extras: this_over=1 innings=20 [w1/nb0/b0/lb0]
  extras_log: [{'over': '0.3', 'type': 'wide', 'runs': 1, 'this_over_after': []}]
  CB: DC 120-1 (11)  crr=10.91  ps=10(9)  recent=0 2 1 1 1 2
  CB BAT: Nitish Rana* 6(6), KL Rahul 51(27)
  CB BOWL: Brijesh Sharma 0-18 (2)
  LAST WKT: Pathum Nissanka  lbw b Ravindra Jadeja 62(33)  - 110/1 in 9.3 ov.
  ⚠ DIVERGENCE: SCORE: ui=116 cb=120 | OVERS: ui=10.3 cb=11 | STRIKER: ui=KL Rahul cb=Nitish Rana | BAT_rana: ui=0(0) cb=6(6) | BAT_rahul: ui=5(5) cb=51(27) | BOWL_R: ui=13 cb=18 | BOWL_O: ui=1.2 cb=2

[22:29:02  iter#463]
  UI: Delhi Capitals 116-1 (10.3)  str=KL Rahul nstr=Nitish Rana  bowl=Brijesh Sharma 0-13 (1.2)
  this_over=['.', '2', '1']  fow=1 (unk=0)  last_fow={'wicket': 1, 'batter': 'Pathum Nissanka', 'score': 1, 'overs': '0.3', 'bowler': None, 'how': 'auto-inferred (striker on wicket)', '_unwitnessed': False}
  delivery: len=short_of_length line=outside_off shot=in_the_air [layer2]
  extras: this_over=1 innings=20 [w1/nb0/b0/lb0]
  extras_log: [{'over': '0.3', 'type': 'wide', 'runs': 1, 'this_over_after': []}]
  CB: DC 120-1 (11)  crr=10.91  ps=10(9)  recent=0 2 1 1 1 2
  CB BAT: Nitish Rana* 6(6), KL Rahul 51(27)
  CB BOWL: Brijesh Sharma 0-18 (2)
  LAST WKT: Pathum Nissanka  lbw b Ravindra Jadeja 62(33)  - 110/1 in 9.3 ov.
  ⚠ DIVERGENCE: SCORE: ui=116 cb=120 | OVERS: ui=10.3 cb=11 | STRIKER: ui=KL Rahul cb=Nitish Rana | BAT_rana: ui=0(0) cb=6(6) | BAT_rahul: ui=5(5) cb=51(27) | BOWL_R: ui=13 cb=18 | BOWL_O: ui=1.2 cb=2

[22:29:24  iter#464]
  UI: Delhi Capitals 116-1 (10.3)  str=KL Rahul nstr=Nitish Rana  bowl=Brijesh Sharma 0-13 (1.2)
  this_over=['.', '2', '1']  fow=1 (unk=0)  last_fow={'wicket': 1, 'batter': 'Pathum Nissanka', 'score': 1, 'overs': '0.3', 'bowler': None, 'how': 'auto-inferred (striker on wicket)', '_unwitnessed': False}
  delivery: len=short_of_length line=outside_off shot=in_the_air [layer2]
  extras: this_over=1 innings=20 [w1/nb0/b0/lb0]
  extras_log: [{'over': '0.3', 'type': 'wide', 'runs': 1, 'this_over_after': []}]
  CB: DC 120-1 (11)  crr=10.91  ps=10(9)  recent=0 2 1 1 1 2
  CB BAT: Nitish Rana* 6(6), KL Rahul 51(27)
  CB BOWL: Brijesh Sharma 0-18 (2)
  LAST WKT: Pathum Nissanka  lbw b Ravindra Jadeja 62(33)  - 110/1 in 9.3 ov.
  ⚠ DIVERGENCE: SCORE: ui=116 cb=120 | OVERS: ui=10.3 cb=11 | STRIKER: ui=KL Rahul cb=Nitish Rana | BAT_rana: ui=0(0) cb=6(6) | BAT_rahul: ui=5(5) cb=51(27) | BOWL_R: ui=13 cb=18 | BOWL_O: ui=1.2 cb=2

[22:29:45  iter#465]
  UI: Delhi Capitals 116-1 (10.3)  str=KL Rahul nstr=Nitish Rana  bowl=Brijesh Sharma 0-13 (1.2)
  this_over=['.', '2', '1']  fow=1 (unk=0)  last_fow={'wicket': 1, 'batter': 'Pathum Nissanka', 'score': 1, 'overs': '0.3', 'bowler': None, 'how': 'auto-inferred (striker on wicket)', '_unwitnessed': False}
  delivery: len=short_of_length line=outside_off shot=in_the_air [layer2]
  extras: this_over=1 innings=20 [w1/nb0/b0/lb0]
  extras_log: [{'over': '0.3', 'type': 'wide', 'runs': 1, 'this_over_after': []}]
  CB: DC 120-1 (11)  crr=10.91  ps=10(9)  recent=...
  CB BAT: Nitish Rana* 6(6), KL Rahul 51(27)
  CB BOWL: Brijesh Sharma 0-18 (2)
  LAST WKT: Pathum Nissanka  lbw b Ravindra Jadeja 62(33)  - 110/1 in 9.3 ov.
  ⚠ DIVERGENCE: SCORE: ui=116 cb=120 | OVERS: ui=10.3 cb=11 | STRIKER: ui=KL Rahul cb=Nitish Rana | BAT_rana: ui=0(0) cb=6(6) | BAT_rahul: ui=5(5) cb=51(27) | BOWL_R: ui=13 cb=18 | BOWL_O: ui=1.2 cb=2

[22:30:09  iter#466]
  WS ERR: ''
  CB: DC 120-1 (11)  crr=10.91  ps=10(9)  recent=...
  CB BAT: Nitish Rana* 6(6), KL Rahul 51(27)
  CB BOWL: Brijesh Sharma 0-18 (2)
  LAST WKT: Pathum Nissanka  lbw b Ravindra Jadeja 62(33)  - 110/1 in 9.3 ov.
  ⚠ DIVERGENCE: BATTERS_MISSING_IN_UI: {'rahul', 'rana'} (ui=set(), cb={'rahul', 'rana'}) | BOWLER: ui=None cb=Brijesh Sharma

[22:30:31  iter#467]
  UI: Delhi Capitals 116-1 (10.3)  str=KL Rahul nstr=Nitish Rana  bowl=Brijesh Sharma 0-13 (1.2)
  this_over=['.', '2', '1']  fow=1 (unk=0)  last_fow={'wicket': 1, 'batter': 'Pathum Nissanka', 'score': 1, 'overs': '0.3', 'bowler': None, 'how': 'auto-inferred (striker on wicket)', '_unwitnessed': False}
  delivery: len=short_of_length line=outside_off shot=in_the_air [layer2]
  extras: this_over=1 innings=20 [w1/nb0/b0/lb0]
  extras_log: [{'over': '0.3', 'type': 'wide', 'runs': 1, 'this_over_after': []}]
  CB: DC 120-1 (11)  crr=10.91  ps=10(9)  recent=...
  CB BAT: Nitish Rana* 6(6), KL Rahul 51(27)
  CB BOWL: Brijesh Sharma 0-18 (2)
  LAST WKT: Pathum Nissanka  lbw b Ravindra Jadeja 62(33)  - 110/1 in 9.3 ov.
  ⚠ DIVERGENCE: SCORE: ui=116 cb=120 | OVERS: ui=10.3 cb=11 | STRIKER: ui=KL Rahul cb=Nitish Rana | BAT_rana: ui=0(0) cb=6(6) | BAT_rahul: ui=5(5) cb=51(27) | BOWL_R: ui=13 cb=18 | BOWL_O: ui=1.2 cb=2

[22:30:51  iter#468]
  UI: Delhi Capitals 116-1 (10.3)  str=KL Rahul nstr=Nitish Rana  bowl=Brijesh Sharma 0-13 (1.2)
  this_over=['.', '2', '1']  fow=1 (unk=0)  last_fow={'wicket': 1, 'batter': 'Pathum Nissanka', 'score': 1, 'overs': '0.3', 'bowler': None, 'how': 'auto-inferred (striker on wicket)', '_unwitnessed': False}
  delivery: len=short_of_length line=outside_off shot=in_the_air [layer2]
  extras: this_over=1 innings=20 [w1/nb0/b0/lb0]
  extras_log: [{'over': '0.3', 'type': 'wide', 'runs': 1, 'this_over_after': []}]
  CB: DC 126-1 (11.1)  crr=11.28  ps=16(10)  recent=6
  CB BAT: Nitish Rana* 12(7), KL Rahul 51(27)
  CB BOWL: Brijesh Sharma 0-18 (2)
  LAST WKT: Pathum Nissanka  lbw b Ravindra Jadeja 62(33)  - 110/1 in 9.3 ov.
  ⚠ DIVERGENCE: SCORE: ui=116 cb=126 | OVERS: ui=10.3 cb=11.1 | STRIKER: ui=KL Rahul cb=Nitish Rana | BAT_rana: ui=0(0) cb=12(7) | BAT_rahul: ui=5(5) cb=51(27) | BOWL_R: ui=13 cb=18 | BOWL_O: ui=1.2 cb=2

[22:31:12  iter#469]
  UI: Delhi Capitals 116-1 (10.3)  str=KL Rahul nstr=Nitish Rana  bowl=Brijesh Sharma 0-13 (1.2)
  this_over=['.', '2', '1']  fow=1 (unk=0)  last_fow={'wicket': 1, 'batter': 'Pathum Nissanka', 'score': 1, 'overs': '0.3', 'bowler': None, 'how': 'auto-inferred (striker on wicket)', '_unwitnessed': False}
  delivery: len=short_of_length line=outside_off shot=in_the_air [layer2]
  extras: this_over=1 innings=20 [w1/nb0/b0/lb0]
  extras_log: [{'over': '0.3', 'type': 'wide', 'runs': 1, 'this_over_after': []}]
  CB: DC 127-1 (11.2)  crr=11.21  ps=17(11)  recent=6 1
  CB BAT: KL Rahul* 51(27), Nitish Rana 13(8)
  CB BOWL: Brijesh Sharma 0-18 (2)
  LAST WKT: Pathum Nissanka  lbw b Ravindra Jadeja 62(33)  - 110/1 in 9.3 ov.
  ⚠ DIVERGENCE: SCORE: ui=116 cb=127 | OVERS: ui=10.3 cb=11.2 | BAT_rahul: ui=5(5) cb=51(27) | BAT_rana: ui=0(0) cb=13(8) | BOWL_R: ui=13 cb=18 | BOWL_O: ui=1.2 cb=2

[22:31:36  iter#470]
  UI: Delhi Capitals 116-1 (10.3)  str=KL Rahul nstr=Nitish Rana  bowl=Brijesh Sharma 0-13 (1.2)
  this_over=['.', '2', '1']  fow=1 (unk=0)  last_fow={'wicket': 1, 'batter': 'Pathum Nissanka', 'score': 1, 'overs': '0.3', 'bowler': None, 'how': 'auto-inferred (striker on wicket)', '_unwitnessed': False}
  delivery: len=short_of_length line=outside_off shot=in_the_air [layer2]
  extras: this_over=1 innings=20 [w1/nb0/b0/lb0]
  extras_log: [{'over': '0.3', 'type': 'wide', 'runs': 1, 'this_over_after': []}]
  CB: DC 127-1 (11.2)  crr=11.21  ps=17(11)  recent=6 1
  CB BAT: KL Rahul* 51(27), Nitish Rana 13(8)
  CB BOWL: Brijesh Sharma 0-18 (2)
  LAST WKT: Pathum Nissanka  lbw b Ravindra Jadeja 62(33)  - 110/1 in 9.3 ov.
  ⚠ DIVERGENCE: SCORE: ui=116 cb=127 | OVERS: ui=10.3 cb=11.2 | BAT_rahul: ui=5(5) cb=51(27) | BAT_rana: ui=0(0) cb=13(8) | BOWL_R: ui=13 cb=18 | BOWL_O: ui=1.2 cb=2

[22:31:57  iter#471]
  UI: Delhi Capitals 116-1 (10.3)  str=KL Rahul nstr=Nitish Rana  bowl=Brijesh Sharma 0-13 (1.2)
  this_over=['.', '2', '1']  fow=1 (unk=0)  last_fow={'wicket': 1, 'batter': 'Pathum Nissanka', 'score': 1, 'overs': '0.3', 'bowler': None, 'how': 'auto-inferred (striker on wicket)', '_unwitnessed': False}
  delivery: len=short_of_length line=outside_off shot=in_the_air [layer2]
  extras: this_over=1 innings=20 [w1/nb0/b0/lb0]
  extras_log: [{'over': '0.3', 'type': 'wide', 'runs': 1, 'this_over_after': []}]
  CB: DC 133-1 (11.3)  crr=11.57  ps=23(12)  recent=6 1 6
  CB BAT: KL Rahul* 57(28), Nitish Rana 13(8)
  CB BOWL: Brijesh Sharma 0-18 (2)
  LAST WKT: Pathum Nissanka  lbw b Ravindra Jadeja 62(33)  - 110/1 in 9.3 ov.
  ⚠ DIVERGENCE: SCORE: ui=116 cb=133 | OVERS: ui=10.3 cb=11.3 | BAT_rahul: ui=5(5) cb=57(28) | BAT_rana: ui=0(0) cb=13(8) | BOWL_R: ui=13 cb=18 | BOWL_O: ui=1.2 cb=2

[22:32:18  iter#472]
  UI: Delhi Capitals 116-1 (10.3)  str=KL Rahul nstr=Nitish Rana  bowl=Brijesh Sharma 0-13 (1.2)
  this_over=['.', '2', '1']  fow=1 (unk=0)  last_fow={'wicket': 1, 'batter': 'Pathum Nissanka', 'score': 1, 'overs': '0.3', 'bowler': None, 'how': 'auto-inferred (striker on wicket)', '_unwitnessed': False}
  delivery: len=short_of_length line=outside_off shot=in_the_air [layer2]
  extras: this_over=1 innings=20 [w1/nb0/b0/lb0]
  extras_log: [{'over': '0.3', 'type': 'wide', 'runs': 1, 'this_over_after': []}]
  CB: DC 133-1 (11.3)  crr=11.57  ps=23(12)  recent=6 1 6
  CB BAT: KL Rahul* 57(28), Nitish Rana 13(8)
  CB BOWL: Brijesh Sharma 0-18 (2)
  LAST WKT: Pathum Nissanka  lbw b Ravindra Jadeja 62(33)  - 110/1 in 9.3 ov.
  ⚠ DIVERGENCE: SCORE: ui=116 cb=133 | OVERS: ui=10.3 cb=11.3 | BAT_rahul: ui=5(5) cb=57(28) | BAT_rana: ui=0(0) cb=13(8) | BOWL_R: ui=13 cb=18 | BOWL_O: ui=1.2 cb=2

[22:32:42  iter#473]
  UI: Delhi Capitals 116-1 (10.3)  str=KL Rahul nstr=Nitish Rana  bowl=Brijesh Sharma 0-13 (1.2)
  this_over=['.', '2', '1']  fow=1 (unk=0)  last_fow={'wicket': 1, 'batter': 'Pathum Nissanka', 'score': 1, 'overs': '0.3', 'bowler': None, 'how': 'auto-inferred (striker on wicket)', '_unwitnessed': False}
  delivery: len=short_of_length line=outside_off shot=in_the_air [layer2]
  extras: this_over=1 innings=20 [w1/nb0/b0/lb0]
  extras_log: [{'over': '0.3', 'type': 'wide', 'runs': 1, 'this_over_after': []}]
  CB: DC 134-1 (11.5)  crr=11.32  ps=24(14)  recent=6 1 6 1 0
  CB BAT: Nitish Rana* 13(9), KL Rahul 58(29)
  CB BOWL: Brijesh Sharma 0-18 (2)
  LAST WKT: Pathum Nissanka  lbw b Ravindra Jadeja 62(33)  - 110/1 in 9.3 ov.
  ⚠ DIVERGENCE: SCORE: ui=116 cb=134 | OVERS: ui=10.3 cb=11.5 | STRIKER: ui=KL Rahul cb=Nitish Rana | BAT_rana: ui=0(0) cb=13(9) | BAT_rahul: ui=5(5) cb=58(29) | BOWL_R: ui=13 cb=18 | BOWL_O: ui=1.2 cb=2

[22:33:03  iter#474]
  UI: Delhi Capitals 116-1 (10.3)  str=KL Rahul nstr=Nitish Rana  bowl=Brijesh Sharma 0-13 (1.2)
  this_over=['.', '2', '1']  fow=1 (unk=0)  last_fow={'wicket': 1, 'batter': 'Pathum Nissanka', 'score': 1, 'overs': '0.3', 'bowler': None, 'how': 'auto-inferred (striker on wicket)', '_unwitnessed': False}
  delivery: len=short_of_length line=outside_off shot=in_the_air [layer2]
  extras: this_over=1 innings=20 [w1/nb0/b0/lb0]
  extras_log: [{'over': '0.3', 'type': 'wide', 'runs': 1, 'this_over_after': []}]
  CB: DC 138-1 (12)  crr=11.5  ps=28(15)  recent=6 1 6 1 0 4
  CB BAT: KL Rahul* 58(29), Nitish Rana 17(10)
  CB BOWL: Ravindra Jadeja 1-33 (3)
  LAST WKT: Pathum Nissanka  lbw b Ravindra Jadeja 62(33)  - 110/1 in 9.3 ov.
  ⚠ DIVERGENCE: SCORE: ui=116 cb=138 | OVERS: ui=10.3 cb=12 | BAT_rahul: ui=5(5) cb=58(29) | BAT_rana: ui=0(0) cb=17(10) | BOWLER: ui=Brijesh Sharma cb=Ravindra Jadeja

[22:33:26  iter#475]
  UI: Delhi Capitals None-None (None)  str=Nitish Rana nstr=KL Rahul  bowl=Brijesh Sharma 0-13 (1.2)
  this_over=['.', '2', '1']  fow=1 (unk=0)  last_fow={'wicket': 1, 'batter': 'Pathum Nissanka', 'score': 1, 'overs': '0.3', 'bowler': None, 'how': 'auto-inferred (striker on wicket)', '_unwitnessed': False}
  delivery: len=short_of_length line=outside_off shot=in_the_air [layer2]
  extras: this_over=1 innings=20 [w1/nb0/b0/lb0]
  extras_log: [{'over': '0.3', 'type': 'wide', 'runs': 1, 'this_over_after': []}]
  CB: DC 138-1 (12)  crr=11.5  ps=28(15)  recent=6 1 6 1 0 4
  CB BAT: KL Rahul* 58(29), Nitish Rana 17(10)
  CB BOWL: Ravindra Jadeja 1-33 (3)
  LAST WKT: Pathum Nissanka  lbw b Ravindra Jadeja 62(33)  - 110/1 in 9.3 ov.
  ⚠ DIVERGENCE: STRIKER: ui=Nitish Rana cb=KL Rahul | BAT_rahul: ui=5(5) cb=58(29) | BAT_rana: ui=0(0) cb=17(10) | BOWLER: ui=Brijesh Sharma cb=Ravindra Jadeja

[22:33:47  iter#476]
  UI: Delhi Capitals None-None (None)  str=Nitish Rana nstr=KL Rahul  bowl=Brijesh Sharma 0-13 (1.2)
  this_over=['.', '2', '1']  fow=1 (unk=0)  last_fow={'wicket': 1, 'batter': 'Pathum Nissanka', 'score': 1, 'overs': '0.3', 'bowler': None, 'how': 'auto-inferred (striker on wicket)', '_unwitnessed': False}
  delivery: len=short_of_length line=outside_off shot=in_the_air [layer2]
  extras: this_over=1 innings=20 [w1/nb0/b0/lb0]
  extras_log: [{'over': '0.3', 'type': 'wide', 'runs': 1, 'this_over_after': []}]
  CB: DC 138-1 (12)  crr=11.5  ps=28(15)  recent=6 1 6 1 0 4
  CB BAT: KL Rahul* 58(29), Nitish Rana 17(10)
  CB BOWL: Ravindra Jadeja 1-33 (3)
  LAST WKT: Pathum Nissanka  lbw b Ravindra Jadeja 62(33)  - 110/1 in 9.3 ov.
  ⚠ DIVERGENCE: STRIKER: ui=Nitish Rana cb=KL Rahul | BAT_rahul: ui=5(5) cb=58(29) | BAT_rana: ui=0(0) cb=17(10) | BOWLER: ui=Brijesh Sharma cb=Ravindra Jadeja

[22:34:08  iter#477]
  UI: Delhi Capitals None-None (None)  str=Nitish Rana nstr=KL Rahul  bowl=Brijesh Sharma 0-13 (1.2)
  this_over=['.', '2', '1']  fow=1 (unk=0)  last_fow={'wicket': 1, 'batter': 'Pathum Nissanka', 'score': 1, 'overs': '0.3', 'bowler': None, 'how': 'auto-inferred (striker on wicket)', '_unwitnessed': False}
  delivery: len=short_of_length line=outside_off shot=in_the_air [layer2]
  extras: this_over=1 innings=20 [w1/nb0/b0/lb0]
  extras_log: [{'over': '0.3', 'type': 'wide', 'runs': 1, 'this_over_after': []}]
  CB: DC 138-1 (12)  crr=11.5  ps=28(15)  recent=6 1 6 1 0 4
  CB BAT: KL Rahul* 58(29), Nitish Rana 17(10)
  CB BOWL: Ravindra Jadeja 1-33 (3)
  LAST WKT: Pathum Nissanka  lbw b Ravindra Jadeja 62(33)  - 110/1 in 9.3 ov.
  ⚠ DIVERGENCE: STRIKER: ui=Nitish Rana cb=KL Rahul | BAT_rahul: ui=5(5) cb=58(29) | BAT_rana: ui=0(0) cb=17(10) | BOWLER: ui=Brijesh Sharma cb=Ravindra Jadeja

[22:34:31  iter#478]
  UI: Delhi Capitals None-None (None)  str=Nitish Rana nstr=KL Rahul  bowl=Brijesh Sharma 0-13 (1.2)
  this_over=['.', '2', '1']  fow=1 (unk=0)  last_fow={'wicket': 1, 'batter': 'Pathum Nissanka', 'score': 1, 'overs': '0.3', 'bowler': None, 'how': 'auto-inferred (striker on wicket)', '_unwitnessed': False}
  delivery: len=short_of_length line=outside_off shot=in_the_air [layer2]
  extras: this_over=1 innings=20 [w1/nb0/b0/lb0]
  extras_log: [{'over': '0.3', 'type': 'wide', 'runs': 1, 'this_over_after': []}]
  CB: DC 139-1 (12.1)  crr=11.42  ps=29(16)  recent=1
  CB BAT: Nitish Rana* 17(10), KL Rahul 59(30)
  CB BOWL: Ravindra Jadeja 1-33 (3)
  LAST WKT: Pathum Nissanka  lbw b Ravindra Jadeja 62(33)  - 110/1 in 9.3 ov.
  ⚠ DIVERGENCE: BAT_rana: ui=0(0) cb=17(10) | BAT_rahul: ui=5(5) cb=59(30) | BOWLER: ui=Brijesh Sharma cb=Ravindra Jadeja

[22:34:52  iter#479]
  UI: Delhi Capitals None-None (None)  str=Nitish Rana nstr=KL Rahul  bowl=Brijesh Sharma 0-13 (1.2)
  this_over=['.', '2', '1']  fow=1 (unk=0)  last_fow={'wicket': 1, 'batter': 'Pathum Nissanka', 'score': 1, 'overs': '0.3', 'bowler': None, 'how': 'auto-inferred (striker on wicket)', '_unwitnessed': False}
  delivery: len=short_of_length line=outside_off shot=in_the_air [layer2]
  extras: this_over=1 innings=20 [w1/nb0/b0/lb0]
  extras_log: [{'over': '0.3', 'type': 'wide', 'runs': 1, 'this_over_after': []}]
  CB: DC 139-1 (12.1)  crr=11.42  ps=29(16)  recent=1
  CB BAT: Nitish Rana* 17(10), KL Rahul 59(30)
  CB BOWL: Ravindra Jadeja 1-33 (3)
  LAST WKT: Pathum Nissanka  lbw b Ravindra Jadeja 62(33)  - 110/1 in 9.3 ov.
  ⚠ DIVERGENCE: BAT_rana: ui=0(0) cb=17(10) | BAT_rahul: ui=5(5) cb=59(30) | BOWLER: ui=Brijesh Sharma cb=Ravindra Jadeja

[22:35:14  iter#480]
  UI: Delhi Capitals None-None (None)  str=Nitish Rana nstr=KL Rahul  bowl=Brijesh Sharma 0-13 (1.2)
  this_over=['.', '2', '1']  fow=1 (unk=0)  last_fow={'wicket': 1, 'batter': 'Pathum Nissanka', 'score': 1, 'overs': '0.3', 'bowler': None, 'how': 'auto-inferred (striker on wicket)', '_unwitnessed': False}
  delivery: len=short_of_length line=outside_off shot=in_the_air [layer2]
  extras: this_over=1 innings=20 [w1/nb0/b0/lb0]
  extras_log: [{'over': '0.3', 'type': 'wide', 'runs': 1, 'this_over_after': []}]
  CB: DC 143-1 (12.2)  crr=11.59  ps=33(17)  recent=1 4
  CB BAT: Nitish Rana* 21(11), KL Rahul 59(30)
  CB BOWL: Ravindra Jadeja 1-33 (3)
  LAST WKT: Pathum Nissanka  lbw b Ravindra Jadeja 62(33)  - 110/1 in 9.3 ov.
  ⚠ DIVERGENCE: BAT_rana: ui=0(0) cb=21(11) | BAT_rahul: ui=5(5) cb=59(30) | BOWLER: ui=Brijesh Sharma cb=Ravindra Jadeja

[22:35:35  iter#481]
  UI: Delhi Capitals None-None (None)  str=Nitish Rana nstr=KL Rahul  bowl=Brijesh Sharma 0-13 (1.2)
  this_over=['.', '2', '1']  fow=1 (unk=0)  last_fow={'wicket': 1, 'batter': 'Pathum Nissanka', 'score': 1, 'overs': '0.3', 'bowler': None, 'how': 'auto-inferred (striker on wicket)', '_unwitnessed': False}
  delivery: len=short_of_length line=outside_off shot=in_the_air [layer2]
  extras: this_over=1 innings=20 [w1/nb0/b0/lb0]
  extras_log: [{'over': '0.3', 'type': 'wide', 'runs': 1, 'this_over_after': []}]
  CB: DC 143-1 (12.2)  crr=11.59  ps=33(17)  recent=1 4
  CB BAT: Nitish Rana* 21(11), KL Rahul 59(30)
  CB BOWL: Ravindra Jadeja 1-33 (3)
  LAST WKT: Pathum Nissanka  lbw b Ravindra Jadeja 62(33)  - 110/1 in 9.3 ov.
  ⚠ DIVERGENCE: BAT_rana: ui=0(0) cb=21(11) | BAT_rahul: ui=5(5) cb=59(30) | BOWLER: ui=Brijesh Sharma cb=Ravindra Jadeja

[22:35:56  iter#482]
  UI: Delhi Capitals None-None (None)  str=Nitish Rana nstr=KL Rahul  bowl=Brijesh Sharma 0-13 (1.2)
  this_over=['.', '2', '1']  fow=1 (unk=0)  last_fow={'wicket': 1, 'batter': 'Pathum Nissanka', 'score': 1, 'overs': '0.3', 'bowler': None, 'how': 'auto-inferred (striker on wicket)', '_unwitnessed': False}
  delivery: len=short_of_length line=outside_off shot=in_the_air [layer2]
  extras: this_over=1 innings=20 [w1/nb0/b0/lb0]
  extras_log: [{'over': '0.3', 'type': 'wide', 'runs': 1, 'this_over_after': []}]
  CB: DC 143-1 (12.2)  crr=11.59  ps=33(17)  recent=1 4
  CB BAT: Nitish Rana* 21(11), KL Rahul 59(30)
  CB BOWL: Ravindra Jadeja 1-33 (3)
  LAST WKT: Pathum Nissanka  lbw b Ravindra Jadeja 62(33)  - 110/1 in 9.3 ov.
  ⚠ DIVERGENCE: BAT_rana: ui=0(0) cb=21(11) | BAT_rahul: ui=5(5) cb=59(30) | BOWLER: ui=Brijesh Sharma cb=Ravindra Jadeja

[22:36:18  iter#483]
  UI: Delhi Capitals None-None (None)  str=Nitish Rana nstr=KL Rahul  bowl=Brijesh Sharma 0-13 (1.2)
  this_over=['.', '2', '1']  fow=1 (unk=0)  last_fow={'wicket': 1, 'batter': 'Pathum Nissanka', 'score': 1, 'overs': '0.3', 'bowler': None, 'how': 'auto-inferred (striker on wicket)', '_unwitnessed': False}
  delivery: len=short_of_length line=outside_off shot=in_the_air [layer2]
  extras: this_over=1 innings=20 [w1/nb0/b0/lb0]
  extras_log: [{'over': '0.3', 'type': 'wide', 'runs': 1, 'this_over_after': []}]
  CB: DC 144-1 (12.3)  crr=11.52  ps=34(18)  recent=1 4
  CB BAT: KL Rahul* 59(30), Nitish Rana 21(12)
  CB BOWL: Ravindra Jadeja 1-33 (3)
  LAST WKT: Pathum Nissanka  lbw b Ravindra Jadeja 62(33)  - 110/1 in 9.3 ov.
  ⚠ DIVERGENCE: STRIKER: ui=Nitish Rana cb=KL Rahul | BAT_rahul: ui=5(5) cb=59(30) | BAT_rana: ui=0(0) cb=21(12) | BOWLER: ui=Brijesh Sharma cb=Ravindra Jadeja

[22:36:39  iter#484]
  UI: Delhi Capitals None-None (None)  str=Nitish Rana nstr=KL Rahul  bowl=Brijesh Sharma 0-13 (1.2)
  this_over=['.', '2', '1']  fow=1 (unk=0)  last_fow={'wicket': 1, 'batter': 'Pathum Nissanka', 'score': 1, 'overs': '0.3', 'bowler': None, 'how': 'auto-inferred (striker on wicket)', '_unwitnessed': False}
  delivery: len=short_of_length line=outside_off shot=in_the_air [layer2]
  extras: this_over=1 innings=20 [w1/nb0/b0/lb0]
  extras_log: [{'over': '0.3', 'type': 'wide', 'runs': 1, 'this_over_after': []}]
  CB: DC 144-1 (12.3)  crr=11.52  ps=34(18)  recent=1 4
  CB BAT: KL Rahul* 59(30), Nitish Rana 21(12)
  CB BOWL: Ravindra Jadeja 1-33 (3)
  LAST WKT: Pathum Nissanka  lbw b Ravindra Jadeja 62(33)  - 110/1 in 9.3 ov.
  ⚠ DIVERGENCE: STRIKER: ui=Nitish Rana cb=KL Rahul | BAT_rahul: ui=5(5) cb=59(30) | BAT_rana: ui=0(0) cb=21(12) | BOWLER: ui=Brijesh Sharma cb=Ravindra Jadeja

[22:37:01  iter#485]
  UI: Delhi Capitals None-None (None)  str=Nitish Rana nstr=KL Rahul  bowl=Brijesh Sharma 0-13 (1.2)
  this_over=['.', '2', '1']  fow=1 (unk=0)  last_fow={'wicket': 1, 'batter': 'Pathum Nissanka', 'score': 1, 'overs': '0.3', 'bowler': None, 'how': 'auto-inferred (striker on wicket)', '_unwitnessed': False}
  delivery: len=short_of_length line=outside_off shot=in_the_air [layer2]
  extras: this_over=1 innings=20 [w1/nb0/b0/lb0]
  extras_log: [{'over': '0.3', 'type': 'wide', 'runs': 1, 'this_over_after': []}]
  CB: DC 146-1 (12.4)  crr=11.53  ps=36(19)  recent=1 4
  CB BAT: KL Rahul* 61(31), Nitish Rana 21(12)
  CB BOWL: Ravindra Jadeja 1-33 (3)
  LAST WKT: Pathum Nissanka  lbw b Ravindra Jadeja 62(33)  - 110/1 in 9.3 ov.
  ⚠ DIVERGENCE: STRIKER: ui=Nitish Rana cb=KL Rahul | BAT_rahul: ui=5(5) cb=61(31) | BAT_rana: ui=0(0) cb=21(12) | BOWLER: ui=Brijesh Sharma cb=Ravindra Jadeja

[22:37:22  iter#486]
  UI: Delhi Capitals None-None (None)  str=Nitish Rana nstr=KL Rahul  bowl=Brijesh Sharma 0-13 (1.2)
  this_over=['.', '2', '1']  fow=1 (unk=0)  last_fow={'wicket': 1, 'batter': 'Pathum Nissanka', 'score': 1, 'overs': '0.3', 'bowler': None, 'how': 'auto-inferred (striker on wicket)', '_unwitnessed': False}
  delivery: len=short_of_length line=outside_off shot=in_the_air [layer2]
  extras: this_over=1 innings=20 [w1/nb0/b0/lb0]
  extras_log: [{'over': '0.3', 'type': 'wide', 'runs': 1, 'this_over_after': []}]
  CB: DC 146-1 (12.4)  crr=11.53  ps=36(19)  recent=1 4
  CB BAT: KL Rahul* 61(31), Nitish Rana 21(12)
  CB BOWL: Ravindra Jadeja 1-33 (3)
  LAST WKT: Pathum Nissanka  lbw b Ravindra Jadeja 62(33)  - 110/1 in 9.3 ov.
  ⚠ DIVERGENCE: STRIKER: ui=Nitish Rana cb=KL Rahul | BAT_rahul: ui=5(5) cb=61(31) | BAT_rana: ui=0(0) cb=21(12) | BOWLER: ui=Brijesh Sharma cb=Ravindra Jadeja

[22:37:43  iter#487]
  UI: Delhi Capitals None-None (None)  str=Nitish Rana nstr=KL Rahul  bowl=Brijesh Sharma 0-13 (1.2)
  this_over=['.', '2', '1']  fow=1 (unk=0)  last_fow={'wicket': 1, 'batter': 'Pathum Nissanka', 'score': 1, 'overs': '0.3', 'bowler': None, 'how': 'auto-inferred (striker on wicket)', '_unwitnessed': False}
  delivery: len=short_of_length line=outside_off shot=in_the_air [layer2]
  extras: this_over=1 innings=20 [w1/nb0/b0/lb0]
  extras_log: [{'over': '0.3', 'type': 'wide', 'runs': 1, 'this_over_after': []}]
  CB: DC 147-1 (12.5)  crr=11.45  ps=37(20)  recent=1 4
  CB BAT: Nitish Rana* 21(12), KL Rahul 62(32)
  CB BOWL: Ravindra Jadeja 1-33 (3)
  LAST WKT: Pathum Nissanka  lbw b Ravindra Jadeja 62(33)  - 110/1 in 9.3 ov.
  ⚠ DIVERGENCE: BAT_rana: ui=0(0) cb=21(12) | BAT_rahul: ui=5(5) cb=62(32) | BOWLER: ui=Brijesh Sharma cb=Ravindra Jadeja

[22:38:04  iter#488]
  UI: Delhi Capitals None-None (None)  str=Nitish Rana nstr=KL Rahul  bowl=Brijesh Sharma 0-13 (1.2)
  this_over=['.', '2', '1']  fow=1 (unk=0)  last_fow={'wicket': 1, 'batter': 'Pathum Nissanka', 'score': 1, 'overs': '0.3', 'bowler': None, 'how': 'auto-inferred (striker on wicket)', '_unwitnessed': False}
  delivery: len=short_of_length line=outside_off shot=in_the_air [layer2]
  extras: this_over=1 innings=20 [w1/nb0/b0/lb0]
  extras_log: [{'over': '0.3', 'type': 'wide', 'runs': 1, 'this_over_after': []}]
  CB: DC 147-1 (12.5)  crr=11.45  ps=37(20)  recent=1 4
  CB BAT: Nitish Rana* 21(12), KL Rahul 62(32)
  CB BOWL: Ravindra Jadeja 1-33 (3)
  LAST WKT: Pathum Nissanka  lbw b Ravindra Jadeja 62(33)  - 110/1 in 9.3 ov.
  ⚠ DIVERGENCE: BAT_rana: ui=0(0) cb=21(12) | BAT_rahul: ui=5(5) cb=62(32) | BOWLER: ui=Brijesh Sharma cb=Ravindra Jadeja

[22:38:27  iter#489]
  UI: Delhi Capitals None-None (None)  str=Nitish Rana nstr=KL Rahul  bowl=Brijesh Sharma 0-13 (1.2)
  this_over=['.', '2', '1']  fow=1 (unk=0)  last_fow={'wicket': 1, 'batter': 'Pathum Nissanka', 'score': 1, 'overs': '0.3', 'bowler': None, 'how': 'auto-inferred (striker on wicket)', '_unwitnessed': False}
  delivery: len=short_of_length line=outside_off shot=in_the_air [layer2]
  extras: this_over=1 innings=20 [w1/nb0/b0/lb0]
  extras_log: [{'over': '0.3', 'type': 'wide', 'runs': 1, 'this_over_after': []}]
  CB: DC 148-1 (13)  crr=11.38  ps=38(21)  recent=1 4
  CB BAT: Nitish Rana* 22(13), KL Rahul 62(32)
  CB BOWL: Tushar Deshpande 0-19 (2)
  LAST WKT: Pathum Nissanka  lbw b Ravindra Jadeja 62(33)  - 110/1 in 9.3 ov.
  ⚠ DIVERGENCE: BAT_rana: ui=0(0) cb=22(13) | BAT_rahul: ui=5(5) cb=62(32) | BOWLER: ui=Brijesh Sharma cb=Tushar Deshpande

[22:38:48  iter#490]
  UI: Delhi Capitals None-None (None)  str=Nitish Rana nstr=KL Rahul  bowl=Brijesh Sharma 0-13 (1.2)
  this_over=['.', '2', '1']  fow=1 (unk=0)  last_fow={'wicket': 1, 'batter': 'Pathum Nissanka', 'score': 1, 'overs': '0.3', 'bowler': None, 'how': 'auto-inferred (striker on wicket)', '_unwitnessed': False}
  delivery: len=short_of_length line=outside_off shot=in_the_air [layer2]
  extras: this_over=1 innings=20 [w1/nb0/b0/lb0]
  extras_log: [{'over': '0.3', 'type': 'wide', 'runs': 1, 'this_over_after': []}]
  CB: DC 148-1 (13)  crr=11.38  ps=38(21)  recent=1 4
  CB BAT: Nitish Rana* 22(13), KL Rahul 62(32)
  CB BOWL: Tushar Deshpande 0-19 (2)
  LAST WKT: Pathum Nissanka  lbw b Ravindra Jadeja 62(33)  - 110/1 in 9.3 ov.
  ⚠ DIVERGENCE: BAT_rana: ui=0(0) cb=22(13) | BAT_rahul: ui=5(5) cb=62(32) | BOWLER: ui=Brijesh Sharma cb=Tushar Deshpande

[22:39:13  iter#491]
  WS ERR: ''
  CB: DC 148-1 (13)  crr=11.38  ps=38(21)  recent=1 4
  CB BAT: Nitish Rana* 22(13), KL Rahul 62(32)
  CB BOWL: Ravindra Jadeja 1-33 (3)
  LAST WKT: Pathum Nissanka  lbw b Ravindra Jadeja 62(33)  - 110/1 in 9.3 ov.
  ⚠ DIVERGENCE: BATTERS_MISSING_IN_UI: {'rahul', 'rana'} (ui=set(), cb={'rahul', 'rana'}) | BOWLER: ui=None cb=Ravindra Jadeja

[22:39:36  iter#492]
  UI: Delhi Capitals None-None (None)  str=Nitish Rana nstr=KL Rahul  bowl=Brijesh Sharma 0-13 (1.2)
  this_over=['.', '2', '1']  fow=1 (unk=0)  last_fow={'wicket': 1, 'batter': 'Pathum Nissanka', 'score': 1, 'overs': '0.3', 'bowler': None, 'how': 'auto-inferred (striker on wicket)', '_unwitnessed': False}
  delivery: len=short_of_length line=outside_off shot=in_the_air [layer2]
  extras: this_over=1 innings=20 [w1/nb0/b0/lb0]
  extras_log: [{'over': '0.3', 'type': 'wide', 'runs': 1, 'this_over_after': []}]
  CB: DC 148-1 (13)  crr=11.38  ps=38(21)  recent=...
  CB BAT: Nitish Rana* 22(13), KL Rahul 62(32)
  CB BOWL: Ravindra Jadeja 1-33 (3)
  LAST WKT: Pathum Nissanka  lbw b Ravindra Jadeja 62(33)  - 110/1 in 9.3 ov.
  ⚠ DIVERGENCE: BAT_rana: ui=0(0) cb=22(13) | BAT_rahul: ui=5(5) cb=62(32) | BOWLER: ui=Brijesh Sharma cb=Ravindra Jadeja

[22:39:57  iter#493]
  UI: Delhi Capitals None-None (None)  str=Nitish Rana nstr=KL Rahul  bowl=Brijesh Sharma 0-13 (1.2)
  this_over=['.', '2', '1']  fow=1 (unk=0)  last_fow={'wicket': 1, 'batter': 'Pathum Nissanka', 'score': 1, 'overs': '0.3', 'bowler': None, 'how': 'auto-inferred (striker on wicket)', '_unwitnessed': False}
  delivery: len=short_of_length line=outside_off shot=in_the_air [layer2]
  extras: this_over=1 innings=20 [w1/nb0/b0/lb0]
  extras_log: [{'over': '0.3', 'type': 'wide', 'runs': 1, 'this_over_after': []}]
  CB: DC 154-1 (13.1)  crr=11.7  ps=44(22)  recent=6
  CB BAT: Nitish Rana* 28(14), KL Rahul 62(32)
  CB BOWL: Tushar Deshpande 0-19 (2)
  LAST WKT: Pathum Nissanka  lbw b Ravindra Jadeja 62(33)  - 110/1 in 9.3 ov.
  ⚠ DIVERGENCE: BAT_rana: ui=0(0) cb=28(14) | BAT_rahul: ui=5(5) cb=62(32) | BOWLER: ui=Brijesh Sharma cb=Tushar Deshpande

[22:40:18  iter#494]
  UI: Delhi Capitals None-None (None)  str=Nitish Rana nstr=KL Rahul  bowl=Brijesh Sharma 0-13 (1.2)
  this_over=['.', '2', '1']  fow=1 (unk=0)  last_fow={'wicket': 1, 'batter': 'Pathum Nissanka', 'score': 1, 'overs': '0.3', 'bowler': None, 'how': 'auto-inferred (striker on wicket)', '_unwitnessed': False}
  delivery: len=short_of_length line=outside_off shot=in_the_air [layer2]
  extras: this_over=1 innings=20 [w1/nb0/b0/lb0]
  extras_log: [{'over': '0.3', 'type': 'wide', 'runs': 1, 'this_over_after': []}]
  CB: DC 154-1 (13.1)  crr=11.7  ps=44(22)  recent=6
  CB BAT: Nitish Rana* 28(14), KL Rahul 62(32)
  CB BOWL: Tushar Deshpande 0-19 (2)
  LAST WKT: Pathum Nissanka  lbw b Ravindra Jadeja 62(33)  - 110/1 in 9.3 ov.
  ⚠ DIVERGENCE: BAT_rana: ui=0(0) cb=28(14) | BAT_rahul: ui=5(5) cb=62(32) | BOWLER: ui=Brijesh Sharma cb=Tushar Deshpande

[22:40:40  iter#495]
  UI: Delhi Capitals None-None (None)  str=Nitish Rana nstr=KL Rahul  bowl=Brijesh Sharma 0-13 (1.2)
  this_over=['.', '2', '1']  fow=1 (unk=0)  last_fow={'wicket': 1, 'batter': 'Pathum Nissanka', 'score': 1, 'overs': '0.3', 'bowler': None, 'how': 'auto-inferred (striker on wicket)', '_unwitnessed': False}
  delivery: len=short_of_length line=outside_off shot=in_the_air [layer2]
  extras: this_over=1 innings=20 [w1/nb0/b0/lb0]
  extras_log: [{'over': '0.3', 'type': 'wide', 'runs': 1, 'this_over_after': []}]
  CB: DC 158-1 (13.2)  crr=11.85  ps=48(23)  recent=6 4
  CB BAT: Nitish Rana* 32(15), KL Rahul 62(32)
  CB BOWL: Tushar Deshpande 0-19 (2)
  LAST WKT: Pathum Nissanka  lbw b Ravindra Jadeja 62(33)  - 110/1 in 9.3 ov.
  ⚠ DIVERGENCE: BAT_rana: ui=0(0) cb=32(15) | BAT_rahul: ui=5(5) cb=62(32) | BOWLER: ui=Brijesh Sharma cb=Tushar Deshpande

[22:41:04  iter#496]
  UI: Delhi Capitals None-None (None)  str=Nitish Rana nstr=KL Rahul  bowl=Brijesh Sharma 0-13 (1.2)
  this_over=['.', '2', '1']  fow=1 (unk=0)  last_fow={'wicket': 1, 'batter': 'Pathum Nissanka', 'score': 1, 'overs': '0.3', 'bowler': None, 'how': 'auto-inferred (striker on wicket)', '_unwitnessed': False}
  delivery: len=short_of_length line=outside_off shot=in_the_air [layer2]
  extras: this_over=1 innings=20 [w1/nb0/b0/lb0]
  extras_log: [{'over': '0.3', 'type': 'wide', 'runs': 1, 'this_over_after': []}]
  CB: DC 158-1 (13.2)  crr=11.85  ps=48(23)  recent=6 4
  CB BAT: Nitish Rana* 32(15), KL Rahul 62(32)
  CB BOWL: Tushar Deshpande 0-19 (2)
  LAST WKT: Pathum Nissanka  lbw b Ravindra Jadeja 62(33)  - 110/1 in 9.3 ov.
  ⚠ DIVERGENCE: BAT_rana: ui=0(0) cb=32(15) | BAT_rahul: ui=5(5) cb=62(32) | BOWLER: ui=Brijesh Sharma cb=Tushar Deshpande

[22:41:26  iter#497]
  UI: Delhi Capitals None-None (None)  str=Nitish Rana nstr=KL Rahul  bowl=Brijesh Sharma 0-13 (1.2)
  this_over=['.', '2', '1']  fow=1 (unk=0)  last_fow={'wicket': 1, 'batter': 'Pathum Nissanka', 'score': 1, 'overs': '0.3', 'bowler': None, 'how': 'auto-inferred (striker on wicket)', '_unwitnessed': False}
  delivery: len=short_of_length line=outside_off shot=in_the_air [layer2]
  extras: this_over=1 innings=20 [w1/nb0/b0/lb0]
  extras_log: [{'over': '0.3', 'type': 'wide', 'runs': 1, 'this_over_after': []}]
  CB: DC 159-1 (13.3)  crr=11.78  ps=49(24)  recent=6 4 1
  CB BAT: KL Rahul* 62(32), Nitish Rana 33(16)
  CB BOWL: Tushar Deshpande 0-19 (2)
  LAST WKT: Pathum Nissanka  lbw b Ravindra Jadeja 62(33)  - 110/1 in 9.3 ov.
  ⚠ DIVERGENCE: STRIKER: ui=Nitish Rana cb=KL Rahul | BAT_rahul: ui=5(5) cb=62(32) | BAT_rana: ui=0(0) cb=33(16) | BOWLER: ui=Brijesh Sharma cb=Tushar Deshpande

[22:41:47  iter#498]
  UI: Delhi Capitals None-None (None)  str=Nitish Rana nstr=KL Rahul  bowl=Brijesh Sharma 0-13 (1.2)
  this_over=['.', '2', '1']  fow=1 (unk=0)  last_fow={'wicket': 1, 'batter': 'Pathum Nissanka', 'score': 1, 'overs': '0.3', 'bowler': None, 'how': 'auto-inferred (striker on wicket)', '_unwitnessed': False}
  delivery: len=short_of_length line=outside_off shot=in_the_air [layer2]
  extras: this_over=1 innings=20 [w1/nb0/b0/lb0]
  extras_log: [{'over': '0.3', 'type': 'wide', 'runs': 1, 'this_over_after': []}]
  CB: DC 159-1 (13.3)  crr=11.78  ps=49(24)  recent=6 4 1
  CB BAT: KL Rahul* 62(32), Nitish Rana 33(16)
  CB BOWL: Tushar Deshpande 0-19 (2)
  LAST WKT: Pathum Nissanka  lbw b Ravindra Jadeja 62(33)  - 110/1 in 9.3 ov.
  ⚠ DIVERGENCE: STRIKER: ui=Nitish Rana cb=KL Rahul | BAT_rahul: ui=5(5) cb=62(32) | BAT_rana: ui=0(0) cb=33(16) | BOWLER: ui=Brijesh Sharma cb=Tushar Deshpande

[22:42:11  iter#499]
  WS ERR: ''
  CB: DC 159-1 (13.3)  crr=11.78  ps=49(24)  recent=... 1 0 4
  CB BAT: KL Rahul* 62(32), Nitish Rana 33(16)
  CB BOWL: Tushar Deshpande 0-19 (2)
  LAST WKT: Pathum Nissanka  lbw b Ravindra Jadeja 62(33)  - 110/1 in 9.3 ov.
  ⚠ DIVERGENCE: BATTERS_MISSING_IN_UI: {'rahul', 'rana'} (ui=set(), cb={'rahul', 'rana'}) | BOWLER: ui=None cb=Tushar Deshpande

[22:42:32  iter#500]
  UI: Delhi Capitals None-None (None)  str=Nitish Rana nstr=KL Rahul  bowl=Brijesh Sharma 0-13 (1.2)
  this_over=['.', '2', '1']  fow=1 (unk=0)  last_fow={'wicket': 1, 'batter': 'Pathum Nissanka', 'score': 1, 'overs': '0.3', 'bowler': None, 'how': 'auto-inferred (striker on wicket)', '_unwitnessed': False}
  delivery: len=short_of_length line=outside_off shot=in_the_air [layer2]
  extras: this_over=1 innings=20 [w1/nb0/b0/lb0]
  extras_log: [{'over': '0.3', 'type': 'wide', 'runs': 1, 'this_over_after': []}]
  CB: DC 165-1 (13.4)  crr=12.07  ps=55(25)  recent=... 0 4
  CB BAT: KL Rahul* 68(33), Nitish Rana 33(16)
  CB BOWL: Tushar Deshpande 0-19 (2)
  LAST WKT: Pathum Nissanka  lbw b Ravindra Jadeja 62(33)  - 110/1 in 9.3 ov.
  ⚠ DIVERGENCE: STRIKER: ui=Nitish Rana cb=KL Rahul | BAT_rahul: ui=5(5) cb=68(33) | BAT_rana: ui=0(0) cb=33(16) | BOWLER: ui=Brijesh Sharma cb=Tushar Deshpande

[22:42:53  iter#501]
  UI: Delhi Capitals None-None (None)  str=Nitish Rana nstr=KL Rahul  bowl=Brijesh Sharma 0-13 (1.2)
  this_over=['.', '2', '1']  fow=1 (unk=0)  last_fow={'wicket': 1, 'batter': 'Pathum Nissanka', 'score': 1, 'overs': '0.3', 'bowler': None, 'how': 'auto-inferred (striker on wicket)', '_unwitnessed': False}
  delivery: len=short_of_length line=outside_off shot=in_the_air [layer2]
  extras: this_over=1 innings=20 [w1/nb0/b0/lb0]
  extras_log: [{'over': '0.3', 'type': 'wide', 'runs': 1, 'this_over_after': []}]
  CB: DC 165-1 (13.4)  crr=12.07  ps=55(25)  recent=... 0 4
  CB BAT: KL Rahul* 68(33), Nitish Rana 33(16)
  CB BOWL: Tushar Deshpande 0-19 (2)
  LAST WKT: Pathum Nissanka  lbw b Ravindra Jadeja 62(33)  - 110/1 in 9.3 ov.
  ⚠ DIVERGENCE: STRIKER: ui=Nitish Rana cb=KL Rahul | BAT_rahul: ui=5(5) cb=68(33) | BAT_rana: ui=0(0) cb=33(16) | BOWLER: ui=Brijesh Sharma cb=Tushar Deshpande

[22:43:17  iter#502]
  UI: Delhi Capitals None-None (None)  str=Nitish Rana nstr=KL Rahul  bowl=Brijesh Sharma 0-13 (1.2)
  this_over=['.', '2', '1']  fow=1 (unk=0)  last_fow={'wicket': 1, 'batter': 'Pathum Nissanka', 'score': 1, 'overs': '0.3', 'bowler': None, 'how': 'auto-inferred (striker on wicket)', '_unwitnessed': False}
  delivery: len=short_of_length line=outside_off shot=in_the_air [layer2]
  extras: this_over=1 innings=20 [w1/nb0/b0/lb0]
  extras_log: [{'over': '0.3', 'type': 'wide', 'runs': 1, 'this_over_after': []}]
  CB: DC 165-1 (13.4)  crr=12.07  ps=55(25)  recent=... 0 4
  CB BAT: KL Rahul* 68(33), Nitish Rana 33(16)
  CB BOWL: Tushar Deshpande 0-19 (2)
  LAST WKT: Pathum Nissanka  lbw b Ravindra Jadeja 62(33)  - 110/1 in 9.3 ov.
  ⚠ DIVERGENCE: STRIKER: ui=Nitish Rana cb=KL Rahul | BAT_rahul: ui=5(5) cb=68(33) | BAT_rana: ui=0(0) cb=33(16) | BOWLER: ui=Brijesh Sharma cb=Tushar Deshpande

[22:43:39  iter#503]
  UI: Delhi Capitals None-None (None)  str=Nitish Rana nstr=KL Rahul  bowl=Brijesh Sharma 0-13 (1.2)
  this_over=['.', '2', '1']  fow=1 (unk=0)  last_fow={'wicket': 1, 'batter': 'Pathum Nissanka', 'score': 1, 'overs': '0.3', 'bowler': None, 'how': 'auto-inferred (striker on wicket)', '_unwitnessed': False}
  delivery: len=short_of_length line=outside_off shot=in_the_air [layer2]
  extras: this_over=1 innings=20 [w1/nb0/b0/lb0]
  extras_log: [{'over': '0.3', 'type': 'wide', 'runs': 1, 'this_over_after': []}]
  CB: DC 165-1 (13.5)  crr=11.93  ps=55(26)  recent=6 4 1 6 0
  CB BAT: KL Rahul* 68(34), Nitish Rana 33(16)
  CB BOWL: Tushar Deshpande 0-19 (2)
  LAST WKT: Pathum Nissanka  lbw b Ravindra Jadeja 62(33)  - 110/1 in 9.3 ov.
  ⚠ DIVERGENCE: STRIKER: ui=Nitish Rana cb=KL Rahul | BAT_rahul: ui=5(5) cb=68(34) | BAT_rana: ui=0(0) cb=33(16) | BOWLER: ui=Brijesh Sharma cb=Tushar Deshpande

[22:44:01  iter#504]
  UI: Delhi Capitals None-None (None)  str=Nitish Rana nstr=KL Rahul  bowl=Brijesh Sharma 0-13 (1.2)
  this_over=['.', '2', '1']  fow=1 (unk=0)  last_fow={'wicket': 1, 'batter': 'Pathum Nissanka', 'score': 1, 'overs': '0.3', 'bowler': None, 'how': 'auto-inferred (striker on wicket)', '_unwitnessed': False}
  delivery: len=short_of_length line=outside_off shot=in_the_air [layer2]
  extras: this_over=1 innings=20 [w1/nb0/b0/lb0]
  extras_log: [{'over': '0.3', 'type': 'wide', 'runs': 1, 'this_over_after': []}]
  CB: DC 165-1 (13.5)  crr=11.93  ps=55(26)  recent=6 4 1 6 0
  CB BAT: KL Rahul* 68(34), Nitish Rana 33(16)
  CB BOWL: Tushar Deshpande 0-19 (2)
  LAST WKT: Pathum Nissanka  lbw b Ravindra Jadeja 62(33)  - 110/1 in 9.3 ov.
  ⚠ DIVERGENCE: STRIKER: ui=Nitish Rana cb=KL Rahul | BAT_rahul: ui=5(5) cb=68(34) | BAT_rana: ui=0(0) cb=33(16) | BOWLER: ui=Brijesh Sharma cb=Tushar Deshpande

[22:44:25  iter#505]
  WS ERR: ''
  CB: DC 166-1 (14)  crr=11.86  ps=56(27)  recent=6 4 1 6 0 1
  CB BAT: KL Rahul* 69(35), Nitish Rana 33(16)
  CB BOWL: Nandre Burger 0-41 (3)
  LAST WKT: Pathum Nissanka  lbw b Ravindra Jadeja 62(33)  - 110/1 in 9.3 ov.
  ⚠ DIVERGENCE: BATTERS_MISSING_IN_UI: {'rahul', 'rana'} (ui=set(), cb={'rahul', 'rana'}) | BOWLER: ui=None cb=Nandre Burger

[22:44:50  iter#506]
  WS ERR: ''
  CB: DC 166-1 (14)  crr=11.86  ps=56(27)  recent=6 4 1 6 0 1
  CB BAT: KL Rahul* 69(35), Nitish Rana 33(16)
  CB BOWL: Nandre Burger 0-41 (3)
  LAST WKT: Pathum Nissanka  lbw b Ravindra Jadeja 62(33)  - 110/1 in 9.3 ov.
  ⚠ DIVERGENCE: BATTERS_MISSING_IN_UI: {'rahul', 'rana'} (ui=set(), cb={'rahul', 'rana'}) | BOWLER: ui=None cb=Nandre Burger

[22:45:13  iter#507]
  UI: Delhi Capitals None-None (None)  str=Nitish Rana nstr=KL Rahul  bowl=Brijesh Sharma 0-13 (1.2)
  this_over=['.', '2', '1']  fow=1 (unk=0)  last_fow={'wicket': 1, 'batter': 'Pathum Nissanka', 'score': 1, 'overs': '0.3', 'bowler': None, 'how': 'auto-inferred (striker on wicket)', '_unwitnessed': False}
  delivery: len=short_of_length line=outside_off shot=in_the_air [layer2]
  extras: this_over=1 innings=20 [w1/nb0/b0/lb0]
  extras_log: [{'over': '0.3', 'type': 'wide', 'runs': 1, 'this_over_after': []}]
  CB: DC 166-1 (14)  crr=11.86  ps=56(27)  recent=6 4 1 6 0 1
  CB BAT: KL Rahul* 69(35), Nitish Rana 33(16)
  CB BOWL: Nandre Burger 0-41 (3)
  LAST WKT: Pathum Nissanka  lbw b Ravindra Jadeja 62(33)  - 110/1 in 9.3 ov.
  ⚠ DIVERGENCE: STRIKER: ui=Nitish Rana cb=KL Rahul | BAT_rahul: ui=5(5) cb=69(35) | BAT_rana: ui=0(0) cb=33(16) | BOWLER: ui=Brijesh Sharma cb=Nandre Burger

[22:45:34  iter#508]
  UI: Delhi Capitals None-None (None)  str=Nitish Rana nstr=KL Rahul  bowl=Brijesh Sharma 0-13 (1.2)
  this_over=['.', '2', '1']  fow=1 (unk=0)  last_fow={'wicket': 1, 'batter': 'Pathum Nissanka', 'score': 1, 'overs': '0.3', 'bowler': None, 'how': 'auto-inferred (striker on wicket)', '_unwitnessed': False}
  delivery: len=short_of_length line=outside_off shot=in_the_air [layer2]
  extras: this_over=1 innings=20 [w1/nb0/b0/lb0]
  extras_log: [{'over': '0.3', 'type': 'wide', 'runs': 1, 'this_over_after': []}]
  CB: DC 166-1 (14)  crr=11.86  ps=56(27)  recent=6 4 1 6 0 1
  CB BAT: KL Rahul* 69(35), Nitish Rana 33(16)
  CB BOWL: Nandre Burger 0-41 (3)
  LAST WKT: Pathum Nissanka  lbw b Ravindra Jadeja 62(33)  - 110/1 in 9.3 ov.
  ⚠ DIVERGENCE: STRIKER: ui=Nitish Rana cb=KL Rahul | BAT_rahul: ui=5(5) cb=69(35) | BAT_rana: ui=0(0) cb=33(16) | BOWLER: ui=Brijesh Sharma cb=Nandre Burger

[22:45:54  iter#509]
  UI: Delhi Capitals None-None (None)  str=Nitish Rana nstr=KL Rahul  bowl=Brijesh Sharma 0-13 (1.2)
  this_over=['.', '2', '1']  fow=1 (unk=0)  last_fow={'wicket': 1, 'batter': 'Pathum Nissanka', 'score': 1, 'overs': '0.3', 'bowler': None, 'how': 'auto-inferred (striker on wicket)', '_unwitnessed': False}
  delivery: len=short_of_length line=outside_off shot=in_the_air [layer2]
  extras: this_over=1 innings=20 [w1/nb0/b0/lb0]
  extras_log: [{'over': '0.3', 'type': 'wide', 'runs': 1, 'this_over_after': []}]
  CB: DC 170-1 (14.1)  crr=12.0  ps=60(28)  recent=
  CB BAT: KL Rahul* 69(36), Nitish Rana 33(16)
  CB BOWL: Nandre Burger 0-41 (3)
  LAST WKT: Pathum Nissanka  lbw b Ravindra Jadeja 62(33)  - 110/1 in 9.3 ov.
  ⚠ DIVERGENCE: STRIKER: ui=Nitish Rana cb=KL Rahul | BAT_rahul: ui=5(5) cb=69(36) | BAT_rana: ui=0(0) cb=33(16) | BOWLER: ui=Brijesh Sharma cb=Nandre Burger

[22:46:15  iter#510]
  UI: Delhi Capitals None-None (None)  str=Nitish Rana nstr=KL Rahul  bowl=Brijesh Sharma 0-13 (1.2)
  this_over=['.', '2', '1']  fow=1 (unk=0)  last_fow={'wicket': 1, 'batter': 'Pathum Nissanka', 'score': 1, 'overs': '0.3', 'bowler': None, 'how': 'auto-inferred (striker on wicket)', '_unwitnessed': False}
  delivery: len=short_of_length line=outside_off shot=in_the_air [layer2]
  extras: this_over=1 innings=20 [w1/nb0/b0/lb0]
  extras_log: [{'over': '0.3', 'type': 'wide', 'runs': 1, 'this_over_after': []}]
  CB: DC 171-1 (14.2)  crr=11.93  ps=61(29)  recent=
  CB BAT: Nitish Rana* 33(16), KL Rahul 70(37)
  CB BOWL: Nandre Burger 0-41 (3)
  LAST WKT: Pathum Nissanka  lbw b Ravindra Jadeja 62(33)  - 110/1 in 9.3 ov.
  ⚠ DIVERGENCE: BAT_rana: ui=0(0) cb=33(16) | BAT_rahul: ui=5(5) cb=70(37) | BOWLER: ui=Brijesh Sharma cb=Nandre Burger

[22:46:38  iter#511]
  UI: Delhi Capitals None-None (None)  str=Nitish Rana nstr=KL Rahul  bowl=Brijesh Sharma 0-13 (1.2)
  this_over=['.', '2', '1']  fow=1 (unk=0)  last_fow={'wicket': 1, 'batter': 'Pathum Nissanka', 'score': 1, 'overs': '0.3', 'bowler': None, 'how': 'auto-inferred (striker on wicket)', '_unwitnessed': False}
  delivery: len=short_of_length line=outside_off shot=in_the_air [layer2]
  extras: this_over=1 innings=20 [w1/nb0/b0/lb0]
  extras_log: [{'over': '0.3', 'type': 'wide', 'runs': 1, 'this_over_after': []}]
  CB: DC 171-1 (14.2)  crr=11.93  ps=61(29)  recent=
  CB BAT: Nitish Rana* 33(16), KL Rahul 70(37)
  CB BOWL: Nandre Burger 0-41 (3)
  LAST WKT: Pathum Nissanka  lbw b Ravindra Jadeja 62(33)  - 110/1 in 9.3 ov.
  ⚠ DIVERGENCE: BAT_rana: ui=0(0) cb=33(16) | BAT_rahul: ui=5(5) cb=70(37) | BOWLER: ui=Brijesh Sharma cb=Nandre Burger

[22:47:01  iter#512]
  UI: Delhi Capitals None-None (None)  str=Nitish Rana nstr=KL Rahul  bowl=Brijesh Sharma 0-13 (1.2)
  this_over=['.', '2', '1']  fow=1 (unk=0)  last_fow={'wicket': 1, 'batter': 'Pathum Nissanka', 'score': 1, 'overs': '0.3', 'bowler': None, 'how': 'auto-inferred (striker on wicket)', '_unwitnessed': False}
  delivery: len=short_of_length line=outside_off shot=in_the_air [layer2]
  extras: this_over=1 innings=20 [w1/nb0/b0/lb0]
  extras_log: [{'over': '0.3', 'type': 'wide', 'runs': 1, 'this_over_after': []}]
  CB: DC 171-1 (14.2)  crr=11.93  ps=61(29)  recent=
  CB BAT: Nitish Rana* 33(16), KL Rahul 70(37)
  CB BOWL: Nandre Burger 0-41 (3)
  LAST WKT: Pathum Nissanka  lbw b Ravindra Jadeja 62(33)  - 110/1 in 9.3 ov.
  ⚠ DIVERGENCE: BAT_rana: ui=0(0) cb=33(16) | BAT_rahul: ui=5(5) cb=70(37) | BOWLER: ui=Brijesh Sharma cb=Nandre Burger

[22:47:26  iter#513]
  WS ERR: ''
  CB: DC 171-1 (14.2)  crr=11.93  ps=61(29)  recent=
  CB BAT: Nitish Rana* 33(16), KL Rahul 70(37)
  CB BOWL: Nandre Burger 0-41 (3)
  LAST WKT: Pathum Nissanka  lbw b Ravindra Jadeja 62(33)  - 110/1 in 9.3 ov.
  ⚠ DIVERGENCE: BATTERS_MISSING_IN_UI: {'rahul', 'rana'} (ui=set(), cb={'rahul', 'rana'}) | BOWLER: ui=None cb=Nandre Burger
