=== PARITY MONITOR — pipeline UI vs cricbuzz ===
WS:  ws://localhost:8765
CB:  https://www.cricbuzz.com/live-cricket-scores/151867/lsg-vs-rr-32nd-match-indian-premier-league-2026

[22:02:51  iter#1]
  WS ERR: "Multiple exceptions: [Errno 61] Connect call failed ('::1', 8765, 0, 0), [Errno 61] Connect call failed ('127.0.0.1', 8765)"
  CB: LSG 22-3 (4.1)  crr=5.28  ps=11(8)  recent=0
  CB BAT: Nicholas Pooran* 5(3), Mitchell Marsh 15(12)
  CB BOWL: Nandre Burger 1-6 (2)
  LAST WKT: Aiden Markram  c Dhruv Jurel b Jofra Archer 0(6)  - 11/3 in 2.5 ov.
  ⚠ DIVERGENCE: BATTERS_MISSING_IN_UI: {'marsh', 'pooran'} (ui=set(), cb={'marsh', 'pooran'}) | BOWLER: ui=None cb=Nandre Burger

[22:03:13  iter#2]
  UI: Lucknow Super Giants 22-3 (4.2)  str=None nstr=None  bowl=Jofra Archer 1-15 (2.2)
  this_over=['?', '?']  fow=3 (unk=3)  last_fow={'wicket': 3, 'batter': None, 'score': None, 'overs': None, 'bowler': None, 'how': None, '_unwitnessed': True}
  delivery: (none yet on UI)
  extras: this_over=0 innings=0 [w0/nb0/b0/lb0]
  CB: LSG 22-3 (4.2)  crr=5.08  ps=11(9)  recent=0 0
  CB BAT: Nicholas Pooran* 5(4), Mitchell Marsh 15(12)
  CB BOWL: Nandre Burger 1-6 (2)
  LAST WKT: Aiden Markram  c Dhruv Jurel b Jofra Archer 0(6)  - 11/3 in 2.5 ov.
  ⚠ DIVERGENCE: BATTERS_MISSING_IN_UI: {'marsh', 'pooran'} (ui=set(), cb={'marsh', 'pooran'}) | FOW_UNKNOWN: 3 placeholder(s) awaiting broadcast upgrade | BOWLER: ui=Jofra Archer cb=Nandre Burger

[22:03:34  iter#3]
  UI: Lucknow Super Giants 22-3 (4.2)  str=Mitchell Marsh nstr=Nicholas Pooran  bowl=Jofra Archer 1-15 (2.2)
  this_over=['?', '?']  fow=3 (unk=3)  last_fow={'wicket': 3, 'batter': None, 'score': None, 'overs': None, 'bowler': None, 'how': None, '_unwitnessed': True}
  delivery: (none yet on UI)
  extras: this_over=0 innings=0 [w0/nb0/b0/lb0]
  CB: LSG 22-3 (4.3)  crr=4.89  ps=11(10)  recent=0 0 0
  CB BAT: Nicholas Pooran* 5(5), Mitchell Marsh 15(12)
  CB BOWL: Nandre Burger 1-6 (2)
  LAST WKT: Aiden Markram  c Dhruv Jurel b Jofra Archer 0(6)  - 11/3 in 2.5 ov.
  ⚠ DIVERGENCE: OVERS: ui=4.2 cb=4.3 | STRIKER: ui=Mitchell Marsh cb=Nicholas Pooran | BAT_pooran: ui=5(4) cb=5(5) | FOW_UNKNOWN: 3 placeholder(s) awaiting broadcast upgrade | BOWLER: ui=Jofra Archer cb=Nandre Burger

[22:03:58  iter#4]
  WS ERR: ''
  CB: LSG 22-3 (4.3)  crr=4.89  ps=11(10)  recent=0 0 0
  CB BAT: Nicholas Pooran* 5(5), Mitchell Marsh 15(12)
  CB BOWL: Nandre Burger 1-6 (2)
  LAST WKT: Aiden Markram  c Dhruv Jurel b Jofra Archer 0(6)  - 11/3 in 2.5 ov.
  ⚠ DIVERGENCE: BATTERS_MISSING_IN_UI: {'marsh', 'pooran'} (ui=set(), cb={'marsh', 'pooran'}) | BOWLER: ui=None cb=Nandre Burger

[22:04:21  iter#5]
  UI: Lucknow Super Giants 22-3 (4.3)  str=Nicholas Pooran nstr=Mitchell Marsh  bowl=Jofra Archer 1-22 (2.3)
  this_over=['?', '?', '.']  fow=3 (unk=3)  last_fow={'wicket': 3, 'batter': None, 'score': None, 'overs': None, 'bowler': None, 'how': None, '_unwitnessed': True}
  delivery: len=short_of_length line=unknown shot=in_the_air [layer2]
  extras: this_over=0 innings=0 [w0/nb0/b0/lb0]
  CB: LSG 22-3 (4.4)  crr=4.71  ps=11(11)  recent=0 0 0 0
  CB BAT: Nicholas Pooran* 5(6), Mitchell Marsh 15(12)
  CB BOWL: Nandre Burger 1-6 (2)
  LAST WKT: Aiden Markram  c Dhruv Jurel b Jofra Archer 0(6)  - 11/3 in 2.5 ov.
  ⚠ DIVERGENCE: OVERS: ui=4.3 cb=4.4 | BAT_pooran: ui=5(5) cb=5(6) | FOW_UNKNOWN: 3 placeholder(s) awaiting broadcast upgrade | BOWLER: ui=Jofra Archer cb=Nandre Burger

[22:04:41  iter#6]
  UI: Lucknow Super Giants 22-3 (4.4)  str=Nicholas Pooran nstr=Mitchell Marsh  bowl=Jofra Archer 1-22 (4)
  this_over=['?', '?', '.', '.']  fow=3 (unk=3)  last_fow={'wicket': 3, 'batter': None, 'score': None, 'overs': None, 'bowler': None, 'how': None, '_unwitnessed': True}
  delivery: len=short_of_length line=unknown shot=in_the_air [layer2]
  extras: this_over=0 innings=0 [w0/nb0/b0/lb0]
  CB: LSG 22-3 (4.4)  crr=4.71  ps=11(11)  recent=0 0 0 0
  CB BAT: Nicholas Pooran* 5(6), Mitchell Marsh 15(12)
  CB BOWL: Nandre Burger 1-6 (2)
  LAST WKT: Aiden Markram  c Dhruv Jurel b Jofra Archer 0(6)  - 11/3 in 2.5 ov.
  ⚠ DIVERGENCE: FOW_UNKNOWN: 3 placeholder(s) awaiting broadcast upgrade | BOWLER: ui=Jofra Archer cb=Nandre Burger

[22:05:04  iter#7]
  UI: Lucknow Super Giants 22-3 (4.4)  str=Nicholas Pooran nstr=Mitchell Marsh  bowl=Jofra Archer 1-22 (4)
  this_over=['?', '?', '.', '.']  fow=3 (unk=3)  last_fow={'wicket': 3, 'batter': None, 'score': None, 'overs': None, 'bowler': None, 'how': None, '_unwitnessed': True}
  delivery: len=short_of_length line=unknown shot=in_the_air [layer2]
  extras: this_over=0 innings=0 [w0/nb0/b0/lb0]
  CB: LSG 22-3 (4.4)  crr=4.71  ps=11(11)  recent=0 0 0 0
  CB BAT: Nicholas Pooran* 5(6), Mitchell Marsh 15(12)
  CB BOWL: Nandre Burger 1-6 (2)
  LAST WKT: Aiden Markram  c Dhruv Jurel b Jofra Archer 0(6)  - 11/3 in 2.5 ov.
  ⚠ DIVERGENCE: FOW_UNKNOWN: 3 placeholder(s) awaiting broadcast upgrade | BOWLER: ui=Jofra Archer cb=Nandre Burger

[22:05:25  iter#8]
  UI: Lucknow Super Giants 22-3 (4.4)  str=Nicholas Pooran nstr=Mitchell Marsh  bowl=Jofra Archer 1-22 (4)
  this_over=['?', '?', '.', '.']  fow=3 (unk=3)  last_fow={'wicket': 3, 'batter': None, 'score': None, 'overs': None, 'bowler': None, 'how': None, '_unwitnessed': True}
  delivery: len=short_of_length line=unknown shot=in_the_air [layer2]
  extras: this_over=0 innings=0 [w0/nb0/b0/lb0]
  CB: LSG 22-3 (4.5)  crr=4.55  ps=11(12)  recent=0 0 0 0 0
  CB BAT: Nicholas Pooran* 5(7), Mitchell Marsh 15(12)
  CB BOWL: Nandre Burger 1-6 (2)
  LAST WKT: Aiden Markram  c Dhruv Jurel b Jofra Archer 0(6)  - 11/3 in 2.5 ov.
  ⚠ DIVERGENCE: OVERS: ui=4.4 cb=4.5 | BAT_pooran: ui=5(6) cb=5(7) | FOW_UNKNOWN: 3 placeholder(s) awaiting broadcast upgrade | BOWLER: ui=Jofra Archer cb=Nandre Burger

[22:05:49  iter#9]
  UI: Lucknow Super Giants 22-3 (4.5)  str=Nicholas Pooran nstr=Mitchell Marsh  bowl=Jofra Archer 1-22 (4)
  this_over=['?', '?', '.', '.', '.']  fow=3 (unk=3)  last_fow={'wicket': 3, 'batter': None, 'score': None, 'overs': None, 'bowler': None, 'how': None, '_unwitnessed': True}
  delivery: len=short_of_length line=unknown shot=in_the_air [layer2]
  extras: this_over=0 innings=0 [w0/nb0/b0/lb0]
  CB: LSG 22-3 (5)  crr=4.4  ps=11(13)  recent=0 0 0 0 0 0
  CB BAT: Mitchell Marsh* 15(12), Nicholas Pooran 5(8)
  CB BOWL: Jofra Archer 1-15 (3)
  LAST WKT: Aiden Markram  c Dhruv Jurel b Jofra Archer 0(6)  - 11/3 in 2.5 ov.
  ⚠ DIVERGENCE: OVERS: ui=4.5 cb=5 | STRIKER: ui=Nicholas Pooran cb=Mitchell Marsh | BAT_pooran: ui=5(7) cb=5(8) | FOW_UNKNOWN: 3 placeholder(s) awaiting broadcast upgrade | BOWL_R: ui=22 cb=15 | BOWL_O: ui=4 cb=3

[22:06:09  iter#10]
  UI: Lucknow Super Giants 22-3 (5.0)  str=Mitchell Marsh nstr=Nicholas Pooran  bowl=None None-None (None)
  this_over=['?', '?', '.', '.', '.', '.']  fow=3 (unk=3)  last_fow={'wicket': 3, 'batter': None, 'score': None, 'overs': None, 'bowler': None, 'how': None, '_unwitnessed': True}
  delivery: len=short_of_length line=unknown shot=in_the_air [layer2]
  extras: this_over=0 innings=0 [w0/nb0/b0/lb0]
  CB: LSG 22-3 (5)  crr=4.4  ps=11(13)  recent=0 0 0 0 0 0
  CB BAT: Mitchell Marsh* 15(12), Nicholas Pooran 5(8)
  CB BOWL: Jofra Archer 1-15 (3)
  LAST WKT: Aiden Markram  c Dhruv Jurel b Jofra Archer 0(6)  - 11/3 in 2.5 ov.
  ⚠ DIVERGENCE: OVERS: ui=5.0 cb=5 | FOW_UNKNOWN: 3 placeholder(s) awaiting broadcast upgrade | BOWLER: ui=None cb=Jofra Archer

[22:06:33  iter#11]
  UI: Lucknow Super Giants 22-3 (5.0)  str=Mitchell Marsh nstr=Nicholas Pooran  bowl=Nandre Burger 1-6 (2)
  this_over=['?', '?', '.', '.', '.', '.']  fow=3 (unk=3)  last_fow={'wicket': 3, 'batter': None, 'score': None, 'overs': None, 'bowler': None, 'how': None, '_unwitnessed': True}
  delivery: len=short_of_length line=unknown shot=in_the_air [layer2]
  extras: this_over=0 innings=0 [w0/nb0/b0/lb0]
  CB: LSG 22-3 (5)  crr=4.4  ps=11(13)  recent=0 0 0 0 0 0
  CB BAT: Mitchell Marsh* 15(12), Nicholas Pooran 5(8)
  CB BOWL: Jofra Archer 1-15 (3)
  LAST WKT: Aiden Markram  c Dhruv Jurel b Jofra Archer 0(6)  - 11/3 in 2.5 ov.
  ⚠ DIVERGENCE: OVERS: ui=5.0 cb=5 | FOW_UNKNOWN: 3 placeholder(s) awaiting broadcast upgrade | BOWLER: ui=Nandre Burger cb=Jofra Archer

[22:06:56  iter#12]
  UI: Lucknow Super Giants 22-3 (5.0)  str=Mitchell Marsh nstr=Nicholas Pooran  bowl=Nandre Burger 1-6 (2)
  this_over=['?', '?', '.', '.', '.', '.']  fow=3 (unk=3)  last_fow={'wicket': 3, 'batter': None, 'score': None, 'overs': None, 'bowler': None, 'how': None, '_unwitnessed': True}
  delivery: len=short_of_length line=unknown shot=in_the_air [layer2]
  extras: this_over=0 innings=0 [w0/nb0/b0/lb0]
  CB: LSG 22-3 (5)  crr=4.4  ps=11(13)  recent=...
  CB BAT: Mitchell Marsh* 15(12), Nicholas Pooran 5(8)
  CB BOWL: Jofra Archer 1-15 (3)
  LAST WKT: Aiden Markram  c Dhruv Jurel b Jofra Archer 0(6)  - 11/3 in 2.5 ov.
  ⚠ DIVERGENCE: OVERS: ui=5.0 cb=5 | FOW_UNKNOWN: 3 placeholder(s) awaiting broadcast upgrade | BOWLER: ui=Nandre Burger cb=Jofra Archer

[22:07:21  iter#13]
  WS ERR: ''
  CB: LSG 23-3 (5.1)  crr=4.45  ps=12(14)  recent=1
  CB BAT: Nicholas Pooran* 5(8), Mitchell Marsh 16(13)
  CB BOWL: Jofra Archer 1-15 (3)
  LAST WKT: Aiden Markram  c Dhruv Jurel b Jofra Archer 0(6)  - 11/3 in 2.5 ov.
  ⚠ DIVERGENCE: BATTERS_MISSING_IN_UI: {'marsh', 'pooran'} (ui=set(), cb={'marsh', 'pooran'}) | BOWLER: ui=None cb=Jofra Archer

[22:07:45  iter#14]
  WS ERR: ''
  CB: LSG 23-3 (5.2)  crr=4.31  ps=12(15)  recent=1 0
  CB BAT: Nicholas Pooran* 5(9), Mitchell Marsh 16(13)
  CB BOWL: Jofra Archer 1-15 (3)
  LAST WKT: Aiden Markram  c Dhruv Jurel b Jofra Archer 0(6)  - 11/3 in 2.5 ov.
  ⚠ DIVERGENCE: BATTERS_MISSING_IN_UI: {'marsh', 'pooran'} (ui=set(), cb={'marsh', 'pooran'}) | BOWLER: ui=None cb=Jofra Archer

[22:08:10  iter#15]
  WS ERR: ''
  CB: LSG 24-3 (5.3)  crr=4.36  ps=13(16)  recent=1 0 1
  CB BAT: Mitchell Marsh* 16(13), Nicholas Pooran 6(10)
  CB BOWL: Jofra Archer 1-15 (3)
  LAST WKT: Aiden Markram  c Dhruv Jurel b Jofra Archer 0(6)  - 11/3 in 2.5 ov.
  ⚠ DIVERGENCE: BATTERS_MISSING_IN_UI: {'marsh', 'pooran'} (ui=set(), cb={'marsh', 'pooran'}) | BOWLER: ui=None cb=Jofra Archer

[22:08:34  iter#16]
  WS ERR: ''
  CB: LSG 24-3 (5.3)  crr=4.36  ps=13(16)  recent=1 0 1
  CB BAT: Mitchell Marsh* 16(13), Nicholas Pooran 6(10)
  CB BOWL: Jofra Archer 1-15 (3)
  LAST WKT: Aiden Markram  c Dhruv Jurel b Jofra Archer 0(6)  - 11/3 in 2.5 ov.
  ⚠ DIVERGENCE: BATTERS_MISSING_IN_UI: {'marsh', 'pooran'} (ui=set(), cb={'marsh', 'pooran'}) | BOWLER: ui=None cb=Jofra Archer

[22:08:56  iter#17]
  UI: Lucknow Super Giants 24-3 (5.3)  str=Mitchell Marsh nstr=Nicholas Pooran  bowl=Nandre Burger 1-8 (2.3)
  this_over=['1', '.', '1']  fow=3 (unk=3)  last_fow={'wicket': 3, 'batter': None, 'score': None, 'overs': None, 'bowler': None, 'how': None, '_unwitnessed': True}
  delivery: len=good_length line=leg_stump shot=in_the_air [layer2]
  extras: this_over=0 innings=0 [w0/nb0/b0/lb0]
  CB: LSG 30-3 (5.4)  crr=5.29  ps=19(17)  recent=1 0 1 6
  CB BAT: Mitchell Marsh* 22(14), Nicholas Pooran 6(10)
  CB BOWL: Jofra Archer 1-15 (3)
  LAST WKT: Aiden Markram  c Dhruv Jurel b Jofra Archer 0(6)  - 11/3 in 2.5 ov.
  ⚠ DIVERGENCE: SCORE: ui=24 cb=30 | OVERS: ui=5.3 cb=5.4 | BAT_marsh: ui=16(13) cb=22(14) | FOW_UNKNOWN: 3 placeholder(s) awaiting broadcast upgrade | BOWLER: ui=Nandre Burger cb=Jofra Archer

[22:09:16  iter#18]
  UI: Lucknow Super Giants 30-3 (5.4)  str=Mitchell Marsh nstr=Nicholas Pooran  bowl=Nandre Burger 1-20 (2.5)
  this_over=['1', '.', '1', '6']  fow=3 (unk=3)  last_fow={'wicket': 3, 'batter': None, 'score': None, 'overs': None, 'bowler': None, 'how': None, '_unwitnessed': True}
  delivery: len=short_of_length line=leg_stump shot=in_the_air [layer2]
  extras: this_over=0 innings=0 [w0/nb0/b0/lb0]
  CB: LSG 30-3 (5.4)  crr=5.29  ps=19(17)  recent=1 0 1 6
  CB BAT: Mitchell Marsh* 22(14), Nicholas Pooran 6(10)
  CB BOWL: Jofra Archer 1-15 (3)
  LAST WKT: Aiden Markram  c Dhruv Jurel b Jofra Archer 0(6)  - 11/3 in 2.5 ov.
  ⚠ DIVERGENCE: FOW_UNKNOWN: 3 placeholder(s) awaiting broadcast upgrade | BOWLER: ui=Nandre Burger cb=Jofra Archer

[22:09:37  iter#19]
  UI: Lucknow Super Giants 30-3 (5.4)  str=Mitchell Marsh nstr=Nicholas Pooran  bowl=Nandre Burger 1-20 (2.5)
  this_over=['1', '.', '1', '6']  fow=3 (unk=3)  last_fow={'wicket': 3, 'batter': None, 'score': None, 'overs': None, 'bowler': None, 'how': None, '_unwitnessed': True}
  delivery: len=short_of_length line=leg_stump shot=in_the_air [layer2]
  extras: this_over=0 innings=0 [w0/nb0/b0/lb0]
  CB: LSG 30-3 (5.5)  crr=5.14  ps=19(18)  recent=1 0 1 6 0
  CB BAT: Mitchell Marsh* 22(15), Nicholas Pooran 6(10)
  CB BOWL: Jofra Archer 1-15 (3)
  LAST WKT: Aiden Markram  c Dhruv Jurel b Jofra Archer 0(6)  - 11/3 in 2.5 ov.
  ⚠ DIVERGENCE: OVERS: ui=5.4 cb=5.5 | BAT_marsh: ui=22(14) cb=22(15) | FOW_UNKNOWN: 3 placeholder(s) awaiting broadcast upgrade | BOWLER: ui=Nandre Burger cb=Jofra Archer

[22:10:01  iter#20]
  UI: Lucknow Super Giants 30-3 (5.5)  str=Mitchell Marsh nstr=Nicholas Pooran  bowl=Nandre Burger 1-20 (3.0)
  this_over=['1', '.', '1', '6', '.']  fow=3 (unk=3)  last_fow={'wicket': 3, 'batter': None, 'score': None, 'overs': None, 'bowler': None, 'how': None, '_unwitnessed': True}
  delivery: len=good_length line=leg_stump shot=in_the_air [layer2]
  extras: this_over=0 innings=0 [w0/nb0/b0/lb0]
  CB: LSG 30-3 (5.5)  crr=5.14  ps=19(18)  recent=1 0 1 6 0
  CB BAT: Mitchell Marsh* 22(15), Nicholas Pooran 6(10)
  CB BOWL: Jofra Archer 1-15 (3)
  LAST WKT: Aiden Markram  c Dhruv Jurel b Jofra Archer 0(6)  - 11/3 in 2.5 ov.
  ⚠ DIVERGENCE: FOW_UNKNOWN: 3 placeholder(s) awaiting broadcast upgrade | BOWLER: ui=Nandre Burger cb=Jofra Archer

[22:10:24  iter#21]
  UI: Lucknow Super Giants 30-3 (5.5)  str=Mitchell Marsh nstr=Nicholas Pooran  bowl=Nandre Burger 1-14 (2.5)
  this_over=['1', '.', '1', '6', '.']  fow=3 (unk=3)  last_fow={'wicket': 3, 'batter': None, 'score': None, 'overs': None, 'bowler': None, 'how': None, '_unwitnessed': True}
  delivery: len=good_length line=leg_stump shot=in_the_air [layer2]
  extras: this_over=0 innings=0 [w0/nb0/b0/lb0]
  CB: LSG 30-3 (5.5)  crr=5.14  ps=19(18)  recent=1 0 1 6 0
  CB BAT: Mitchell Marsh* 22(15), Nicholas Pooran 6(10)
  CB BOWL: Jofra Archer 1-15 (3)
  LAST WKT: Aiden Markram  c Dhruv Jurel b Jofra Archer 0(6)  - 11/3 in 2.5 ov.
  ⚠ DIVERGENCE: FOW_UNKNOWN: 3 placeholder(s) awaiting broadcast upgrade | BOWLER: ui=Nandre Burger cb=Jofra Archer

[22:10:46  iter#22]
  UI: Lucknow Super Giants 31-3 (6.0)  str=Mitchell Marsh nstr=Nicholas Pooran  bowl=Nandre Burger 1-15 (3.0)
  this_over=['1', '.', '1', '6', '.', '1']  fow=3 (unk=3)  last_fow={'wicket': 3, 'batter': None, 'score': None, 'overs': None, 'bowler': None, 'how': None, '_unwitnessed': True}
  delivery: len=good_length line=leg_stump shot=in_the_air [layer2]
  extras: this_over=0 innings=0 [w0/nb0/b0/lb0]
  CB: LSG 31-3 (6)  crr=5.17  ps=20(19)  recent=1 0 1 6 0 1
  CB BAT: Mitchell Marsh* 23(16), Nicholas Pooran 6(10)
  CB BOWL: Nandre Burger 1-15 (3)
  LAST WKT: Aiden Markram  c Dhruv Jurel b Jofra Archer 0(6)  - 11/3 in 2.5 ov.
  ⚠ DIVERGENCE: OVERS: ui=6.0 cb=6 | FOW_UNKNOWN: 3 placeholder(s) awaiting broadcast upgrade | BOWL_O: ui=3.0 cb=3

[22:11:07  iter#23]
  UI: Lucknow Super Giants 31-3 (6.0)  str=Mitchell Marsh nstr=Nicholas Pooran  bowl=Nandre Burger 1-15 (3.0)
  this_over=['1', '.', '1', '6', '.', '1']  fow=3 (unk=3)  last_fow={'wicket': 3, 'batter': None, 'score': None, 'overs': None, 'bowler': None, 'how': None, '_unwitnessed': True}
  delivery: len=short_of_length line=leg_stump shot=in_the_air [layer2]
  extras: this_over=0 innings=0 [w0/nb0/b0/lb0]
  CB: LSG 31-3 (6)  crr=5.17  ps=20(19)  recent=1 0 1 6 0 1
  CB BAT: Mitchell Marsh* 23(16), Nicholas Pooran 6(10)
  CB BOWL: Nandre Burger 1-15 (3)
  LAST WKT: Aiden Markram  c Dhruv Jurel b Jofra Archer 0(6)  - 11/3 in 2.5 ov.
  ⚠ DIVERGENCE: OVERS: ui=6.0 cb=6 | FOW_UNKNOWN: 3 placeholder(s) awaiting broadcast upgrade | BOWL_O: ui=3.0 cb=3

[22:11:31  iter#24]
  WS ERR: ''
  CB: LSG 31-3 (6)  crr=5.17  ps=20(19)  recent=1 0 1 6 0 1
  CB BAT: Mitchell Marsh* 23(16), Nicholas Pooran 6(10)
  CB BOWL: Nandre Burger 1-15 (3)
  LAST WKT: Aiden Markram  c Dhruv Jurel b Jofra Archer 0(6)  - 11/3 in 2.5 ov.
  ⚠ DIVERGENCE: BATTERS_MISSING_IN_UI: {'marsh', 'pooran'} (ui=set(), cb={'marsh', 'pooran'}) | BOWLER: ui=None cb=Nandre Burger

[22:11:52  iter#25]
  UI: Lucknow Super Giants 31-3 (6.0)  str=Mitchell Marsh nstr=Nicholas Pooran  bowl=Brijesh Sharma 0-0 (0)
  this_over=['1', '.', '1', '6', '.', '1']  fow=3 (unk=3)  last_fow={'wicket': 3, 'batter': None, 'score': None, 'overs': None, 'bowler': None, 'how': None, '_unwitnessed': True}
  delivery: len=short_of_length line=leg_stump shot=in_the_air [layer2]
  extras: this_over=0 innings=0 [w0/nb0/b0/lb0]
  CB: LSG 31-3 (6.1)  crr=5.03  ps=20(20)  recent=0
  CB BAT: Mitchell Marsh* 23(17), Nicholas Pooran 6(10)
  CB BOWL: Nandre Burger 1-15 (3)
  LAST WKT: Aiden Markram  c Dhruv Jurel b Jofra Archer 0(6)  - 11/3 in 2.5 ov.
  ⚠ DIVERGENCE: OVERS: ui=6.0 cb=6.1 | BAT_marsh: ui=23(16) cb=23(17) | FOW_UNKNOWN: 3 placeholder(s) awaiting broadcast upgrade | BOWLER: ui=Brijesh Sharma cb=Nandre Burger

[22:12:16  iter#26]
  UI: Lucknow Super Giants 31-3 (6.1)  str=Mitchell Marsh nstr=Nicholas Pooran  bowl=Brijesh Sharma 0-0 (0.1)
  this_over=['.']  fow=3 (unk=3)  last_fow={'wicket': 3, 'batter': None, 'score': None, 'overs': None, 'bowler': None, 'how': None, '_unwitnessed': True}
  delivery: len=good_length line=leg_stump shot=defended [layer2]
  extras: this_over=0 innings=0 [w0/nb0/b0/lb0]
  CB: LSG 31-3 (6.1)  crr=5.03  ps=20(20)  recent=0
  CB BAT: Mitchell Marsh* 23(17), Nicholas Pooran 6(10)
  CB BOWL: Nandre Burger 1-15 (3)
  LAST WKT: Aiden Markram  c Dhruv Jurel b Jofra Archer 0(6)  - 11/3 in 2.5 ov.
  ⚠ DIVERGENCE: FOW_UNKNOWN: 3 placeholder(s) awaiting broadcast upgrade | BOWLER: ui=Brijesh Sharma cb=Nandre Burger

[22:12:39  iter#27]
  UI: Lucknow Super Giants 32-3 (6.2)  str=Nicholas Pooran nstr=Mitchell Marsh  bowl=Brijesh Sharma 0-2 (0.3)
  this_over=['.', '1']  fow=3 (unk=3)  last_fow={'wicket': 3, 'batter': None, 'score': None, 'overs': None, 'bowler': None, 'how': None, '_unwitnessed': True}
  delivery: len=good_length line=leg_stump shot=defended [layer2]
  extras: this_over=0 innings=0 [w0/nb0/b0/lb0]
  CB: LSG 32-3 (6.2)  crr=5.05  ps=21(21)  recent=0 1
  CB BAT: Nicholas Pooran* 6(10), Mitchell Marsh 24(18)
  CB BOWL: Nandre Burger 1-15 (3)
  LAST WKT: Aiden Markram  c Dhruv Jurel b Jofra Archer 0(6)  - 11/3 in 2.5 ov.
  ⚠ DIVERGENCE: FOW_UNKNOWN: 3 placeholder(s) awaiting broadcast upgrade | BOWLER: ui=Brijesh Sharma cb=Nandre Burger

[22:13:03  iter#28]
  UI: Lucknow Super Giants 32-3 (6.2)  str=Nicholas Pooran nstr=Mitchell Marsh  bowl=Brijesh Sharma 0-2 (0.3)
  this_over=['.', '1']  fow=3 (unk=3)  last_fow={'wicket': 3, 'batter': None, 'score': None, 'overs': None, 'bowler': None, 'how': None, '_unwitnessed': True}
  delivery: len=short_of_length line=leg_stump shot=in_the_air [layer2]
  extras: this_over=0 innings=0 [w0/nb0/b0/lb0]
  CB: LSG 32-3 (6.2)  crr=5.05  ps=21(21)  recent=0 1
  CB BAT: Nicholas Pooran* 6(10), Mitchell Marsh 24(18)
  CB BOWL: Nandre Burger 1-15 (3)
  LAST WKT: Aiden Markram  c Dhruv Jurel b Jofra Archer 0(6)  - 11/3 in 2.5 ov.
  ⚠ DIVERGENCE: FOW_UNKNOWN: 3 placeholder(s) awaiting broadcast upgrade | BOWLER: ui=Brijesh Sharma cb=Nandre Burger

[22:13:27  iter#29]
  UI: LSG 32-3 (6.3)  str=Nicholas Pooran nstr=Mitchell Marsh  bowl=None None-None (None)
  this_over=['.', '1', '.']  fow=0 (unk=0)  last_fow=None
  delivery: len=short_of_length line=leg_stump shot=in_the_air [layer2]
  extras: this_over=0 innings=None [w0/nb0/b0/lb0]
  CB: LSG 32-3 (6.3)  crr=4.92  ps=21(22)  recent=0 1 0
  CB BAT: Nicholas Pooran* 6(11), Mitchell Marsh 24(18)
  CB BOWL: Nandre Burger 1-15 (3)
  LAST WKT: Aiden Markram  c Dhruv Jurel b Jofra Archer 0(6)  - 11/3 in 2.5 ov.
  ⚠ DIVERGENCE: FOW_COUNT: ui=0 vs wickets=3 | BOWLER: ui=None cb=Nandre Burger

[22:13:47  iter#30]
  UI: Lucknow Super Giants 32-3 (6.3)  str=Nicholas Pooran nstr=Mitchell Marsh  bowl=Brijesh Sharma 0-2 (0.4)
  this_over=['.', '1', '.']  fow=3 (unk=3)  last_fow={'wicket': 3, 'batter': None, 'score': None, 'overs': None, 'bowler': None, 'how': None, '_unwitnessed': True}
  delivery: len=short_of_length line=outside_off shot=in_the_air [layer2]
  extras: this_over=0 innings=0 [w0/nb0/b0/lb0]
  CB: LSG 32-3 (6.3)  crr=4.92  ps=21(22)  recent=0 1 0
  CB BAT: Nicholas Pooran* 6(11), Mitchell Marsh 24(18)
  CB BOWL: Nandre Burger 1-15 (3)
  LAST WKT: Aiden Markram  c Dhruv Jurel b Jofra Archer 0(6)  - 11/3 in 2.5 ov.
  ⚠ DIVERGENCE: FOW_UNKNOWN: 3 placeholder(s) awaiting broadcast upgrade | BOWLER: ui=Brijesh Sharma cb=Nandre Burger

[22:14:12  iter#31]
  WS ERR: ''
  CB: LSG 36-3 (6.4)  crr=5.4  ps=25(23)  recent=0 1 0 4
  CB BAT: Nicholas Pooran* 10(12), Mitchell Marsh 24(18)
  CB BOWL: Nandre Burger 1-15 (3)
  LAST WKT: Aiden Markram  c Dhruv Jurel b Jofra Archer 0(6)  - 11/3 in 2.5 ov.
  ⚠ DIVERGENCE: BATTERS_MISSING_IN_UI: {'marsh', 'pooran'} (ui=set(), cb={'marsh', 'pooran'}) | BOWLER: ui=None cb=Nandre Burger

[22:14:32  iter#32]
  UI: Lucknow Super Giants 36-3 (6.4)  str=Nicholas Pooran nstr=Mitchell Marsh  bowl=Brijesh Sharma 0-9 (0.5)
  this_over=['.', '1', '.', '4']  fow=3 (unk=3)  last_fow={'wicket': 3, 'batter': None, 'score': None, 'overs': None, 'bowler': None, 'how': None, '_unwitnessed': True}
  delivery: len=good_length line=leg_stump shot=in_the_air [layer2]
  extras: this_over=0 innings=0 [w0/nb0/b0/lb0]
  CB: LSG 36-3 (6.4)  crr=5.4  ps=25(23)  recent=0 1 0 4
  CB BAT: Nicholas Pooran* 10(12), Mitchell Marsh 24(18)
  CB BOWL: Nandre Burger 1-15 (3)
  LAST WKT: Aiden Markram  c Dhruv Jurel b Jofra Archer 0(6)  - 11/3 in 2.5 ov.
  ⚠ DIVERGENCE: BAT_marsh: ui=34(21) cb=24(18) | FOW_UNKNOWN: 3 placeholder(s) awaiting broadcast upgrade | BOWLER: ui=Brijesh Sharma cb=Nandre Burger

[22:14:55  iter#33]
  UI: Lucknow Super Giants 36-3 (6.5)  str=Nicholas Pooran nstr=Mitchell Marsh  bowl=Brijesh Sharma 0-9 (1.0)
  this_over=['.', '1', '.', '4', '.']  fow=3 (unk=3)  last_fow={'wicket': 3, 'batter': None, 'score': None, 'overs': None, 'bowler': None, 'how': None, '_unwitnessed': True}
  delivery: len=good_length line=leg_stump shot=in_the_air [layer2]
  extras: this_over=0 innings=0 [w0/nb0/b0/lb0]
  CB: LSG 36-3 (6.4)  crr=5.4  ps=25(23)  recent=0 1 0 4
  CB BAT: Nicholas Pooran* 10(12), Mitchell Marsh 24(18)
  CB BOWL: Nandre Burger 1-15 (3)
  LAST WKT: Aiden Markram  c Dhruv Jurel b Jofra Archer 0(6)  - 11/3 in 2.5 ov.
  ⚠ DIVERGENCE: OVERS: ui=6.5 cb=6.4 | BAT_pooran: ui=10(13) cb=10(12) | BAT_marsh: ui=34(21) cb=24(18) | FOW_UNKNOWN: 3 placeholder(s) awaiting broadcast upgrade | BOWLER: ui=Brijesh Sharma cb=Nandre Burger

[22:15:19  iter#34]
  WS ERR: ''
  CB: LSG 40-3 (7)  crr=5.71  ps=29(25)  recent=0 1 0 4 0 4
  CB BAT: Mitchell Marsh* 24(18), Nicholas Pooran 14(14)
  CB BOWL: Brijesh Sharma 0-9 (1)
  LAST WKT: Aiden Markram  c Dhruv Jurel b Jofra Archer 0(6)  - 11/3 in 2.5 ov.
  ⚠ DIVERGENCE: BATTERS_MISSING_IN_UI: {'marsh', 'pooran'} (ui=set(), cb={'marsh', 'pooran'}) | BOWLER: ui=None cb=Brijesh Sharma

[22:15:43  iter#35]
  UI: Lucknow Super Giants 40-3 (7.0)  str=Mitchell Marsh nstr=Nicholas Pooran  bowl=Nandre Burger 1-15 (3.0)
  this_over=['.', '1', '.', '4', '.', '4']  fow=3 (unk=3)  last_fow={'wicket': 3, 'batter': None, 'score': None, 'overs': None, 'bowler': None, 'how': None, '_unwitnessed': True}
  delivery: len=good_length line=leg_stump shot=in_the_air [layer2]
  extras: this_over=1 innings=1 [w0/nb1/b0/lb0]
  extras_log: [{'over': '6.5', 'type': 'no_ball', 'runs': 1, 'this_over_after': []}]
  CB: LSG 40-3 (7)  crr=5.71  ps=29(25)  recent=0 1 0 4 0 4
  CB BAT: Mitchell Marsh* 24(18), Nicholas Pooran 14(14)
  CB BOWL: Brijesh Sharma 0-9 (1)
  LAST WKT: Aiden Markram  c Dhruv Jurel b Jofra Archer 0(6)  - 11/3 in 2.5 ov.
  ⚠ DIVERGENCE: OVERS: ui=7.0 cb=7 | BAT_marsh: ui=34(21) cb=24(18) | FOW_UNKNOWN: 3 placeholder(s) awaiting broadcast upgrade | BOWLER: ui=Nandre Burger cb=Brijesh Sharma

[22:16:04  iter#36]
  UI: Lucknow Super Giants 40-3 (7.0)  str=Mitchell Marsh nstr=Nicholas Pooran  bowl=Nandre Burger 1-15 (3.0)
  this_over=['.', '1', '.', '4', '.', '4']  fow=3 (unk=3)  last_fow={'wicket': 3, 'batter': None, 'score': None, 'overs': None, 'bowler': None, 'how': None, '_unwitnessed': True}
  delivery: len=good_length line=leg_stump shot=in_the_air [layer2]
  extras: this_over=1 innings=1 [w0/nb1/b0/lb0]
  extras_log: [{'over': '6.5', 'type': 'no_ball', 'runs': 1, 'this_over_after': []}]
  CB: LSG 40-3 (7)  crr=5.71  ps=29(25)  recent=...
  CB BAT: Mitchell Marsh* 24(18), Nicholas Pooran 14(14)
  CB BOWL: Brijesh Sharma 0-9 (1)
  LAST WKT: Aiden Markram  c Dhruv Jurel b Jofra Archer 0(6)  - 11/3 in 2.5 ov.
  ⚠ DIVERGENCE: OVERS: ui=7.0 cb=7 | BAT_marsh: ui=34(21) cb=24(18) | FOW_UNKNOWN: 3 placeholder(s) awaiting broadcast upgrade | BOWLER: ui=Nandre Burger cb=Brijesh Sharma

[22:16:28  iter#37]
  UI: Lucknow Super Giants 40-3 (7.0)  str=Mitchell Marsh nstr=Nicholas Pooran  bowl=Nandre Burger 1-15 (3.0)
  this_over=['.', '1', '.', '4', '.', '4']  fow=3 (unk=3)  last_fow={'wicket': 3, 'batter': None, 'score': None, 'overs': None, 'bowler': None, 'how': None, '_unwitnessed': True}
  delivery: len=good_length line=leg_stump shot=in_the_air [layer2]
  extras: this_over=1 innings=1 [w0/nb1/b0/lb0]
  extras_log: [{'over': '6.5', 'type': 'no_ball', 'runs': 1, 'this_over_after': []}]
  CB: LSG 40-3 (7)  crr=5.71  ps=29(25)  recent=...
  CB BAT: Mitchell Marsh* 24(18), Nicholas Pooran 14(14)
  CB BOWL: Brijesh Sharma 0-9 (1)
  LAST WKT: Aiden Markram  c Dhruv Jurel b Jofra Archer 0(6)  - 11/3 in 2.5 ov.
  ⚠ DIVERGENCE: OVERS: ui=7.0 cb=7 | BAT_marsh: ui=34(21) cb=24(18) | FOW_UNKNOWN: 3 placeholder(s) awaiting broadcast upgrade | BOWLER: ui=Nandre Burger cb=Brijesh Sharma

[22:16:50  iter#38]
  UI: Lucknow Super Giants 40-3 (7.0)  str=Mitchell Marsh nstr=Nicholas Pooran  bowl=Nandre Burger 1-15 (3.0)
  this_over=['.', '1', '.', '4', '.', '4']  fow=3 (unk=3)  last_fow={'wicket': 3, 'batter': None, 'score': None, 'overs': None, 'bowler': None, 'how': None, '_unwitnessed': True}
  delivery: len=good_length line=leg_stump shot=in_the_air [layer2]
  extras: this_over=1 innings=1 [w0/nb1/b0/lb0]
  extras_log: [{'over': '6.5', 'type': 'no_ball', 'runs': 1, 'this_over_after': []}]
  CB: LSG 40-3 (7)  crr=5.71  ps=29(25)  recent=...
  CB BAT: Mitchell Marsh* 24(18), Nicholas Pooran 14(14)
  CB BOWL: Brijesh Sharma 0-9 (1)
  LAST WKT: Aiden Markram  c Dhruv Jurel b Jofra Archer 0(6)  - 11/3 in 2.5 ov.
  ⚠ DIVERGENCE: OVERS: ui=7.0 cb=7 | BAT_marsh: ui=34(21) cb=24(18) | FOW_UNKNOWN: 3 placeholder(s) awaiting broadcast upgrade | BOWLER: ui=Nandre Burger cb=Brijesh Sharma

[22:17:11  iter#39]
  UI: Lucknow Super Giants 40-3 (7.0)  str=Mitchell Marsh nstr=Nicholas Pooran  bowl=Nandre Burger 1-15 (3.0)
  this_over=['.', '1', '.', '4', '.', '4']  fow=3 (unk=3)  last_fow={'wicket': 3, 'batter': None, 'score': None, 'overs': None, 'bowler': None, 'how': None, '_unwitnessed': True}
  delivery: len=good_length line=leg_stump shot=in_the_air [layer2]
  extras: this_over=1 innings=1 [w0/nb1/b0/lb0]
  extras_log: [{'over': '6.5', 'type': 'no_ball', 'runs': 1, 'this_over_after': []}]
  CB: LSG 40-3 (7)  crr=5.71  ps=29(25)  recent=...
  CB BAT: Mitchell Marsh* 24(18), Nicholas Pooran 14(14)
  CB BOWL: Brijesh Sharma 0-9 (1)
  LAST WKT: Aiden Markram  c Dhruv Jurel b Jofra Archer 0(6)  - 11/3 in 2.5 ov.
  ⚠ DIVERGENCE: OVERS: ui=7.0 cb=7 | BAT_marsh: ui=34(21) cb=24(18) | FOW_UNKNOWN: 3 placeholder(s) awaiting broadcast upgrade | BOWLER: ui=Nandre Burger cb=Brijesh Sharma

[22:17:34  iter#40]
  UI: Lucknow Super Giants 40-3 (7.0)  str=Mitchell Marsh nstr=Nicholas Pooran  bowl=Nandre Burger 1-15 (3.0)
  this_over=['.', '1', '.', '4', '.', '4']  fow=3 (unk=3)  last_fow={'wicket': 3, 'batter': None, 'score': None, 'overs': None, 'bowler': None, 'how': None, '_unwitnessed': True}
  delivery: len=good_length line=leg_stump shot=in_the_air [layer2]
  extras: this_over=1 innings=1 [w0/nb1/b0/lb0]
  extras_log: [{'over': '6.5', 'type': 'no_ball', 'runs': 1, 'this_over_after': []}]
  CB: LSG 40-3 (7)  crr=5.71  ps=29(25)  recent=...
  CB BAT: Mitchell Marsh* 24(18), Nicholas Pooran 14(14)
  CB BOWL: Brijesh Sharma 0-9 (1)
  LAST WKT: Aiden Markram  c Dhruv Jurel b Jofra Archer 0(6)  - 11/3 in 2.5 ov.
  ⚠ DIVERGENCE: OVERS: ui=7.0 cb=7 | BAT_marsh: ui=34(21) cb=24(18) | FOW_UNKNOWN: 3 placeholder(s) awaiting broadcast upgrade | BOWLER: ui=Nandre Burger cb=Brijesh Sharma

[22:17:55  iter#41]
  UI: Lucknow Super Giants 40-3 (7.0)  str=Mitchell Marsh nstr=Nicholas Pooran  bowl=Nandre Burger 1-15 (3.0)
  this_over=['.', '1', '.', '4', '.', '4']  fow=3 (unk=3)  last_fow={'wicket': 3, 'batter': None, 'score': None, 'overs': None, 'bowler': None, 'how': None, '_unwitnessed': True}
  delivery: len=good_length line=leg_stump shot=in_the_air [layer2]
  extras: this_over=1 innings=1 [w0/nb1/b0/lb0]
  extras_log: [{'over': '6.5', 'type': 'no_ball', 'runs': 1, 'this_over_after': []}]
  CB: LSG 40-3 (7)  crr=5.71  ps=29(25)  recent=...
  CB BAT: Mitchell Marsh* 24(18), Nicholas Pooran 14(14)
  CB BOWL: Brijesh Sharma 0-9 (1)
  LAST WKT: Aiden Markram  c Dhruv Jurel b Jofra Archer 0(6)  - 11/3 in 2.5 ov.
  ⚠ DIVERGENCE: OVERS: ui=7.0 cb=7 | BAT_marsh: ui=34(21) cb=24(18) | FOW_UNKNOWN: 3 placeholder(s) awaiting broadcast upgrade | BOWLER: ui=Nandre Burger cb=Brijesh Sharma

[22:18:18  iter#42]
  UI: Lucknow Super Giants 40-3 (7.0)  str=Mitchell Marsh nstr=Nicholas Pooran  bowl=Ravindra Jadeja 0-0 (0.0)
  this_over=['.', '1', '.', '4', '.', '4']  fow=3 (unk=3)  last_fow={'wicket': 3, 'batter': None, 'score': None, 'overs': None, 'bowler': None, 'how': None, '_unwitnessed': True}
  delivery: len=good_length line=leg_stump shot=in_the_air [layer2]
  extras: this_over=1 innings=1 [w0/nb1/b0/lb0]
  extras_log: [{'over': '6.5', 'type': 'no_ball', 'runs': 1, 'this_over_after': []}]
  CB: LSG 40-3 (7)  crr=5.71  ps=29(25)  recent=...
  CB BAT: Mitchell Marsh* 24(18), Nicholas Pooran 14(14)
  CB BOWL: Brijesh Sharma 0-9 (1)
  LAST WKT: Aiden Markram  c Dhruv Jurel b Jofra Archer 0(6)  - 11/3 in 2.5 ov.
  ⚠ DIVERGENCE: OVERS: ui=7.0 cb=7 | BAT_marsh: ui=34(21) cb=24(18) | FOW_UNKNOWN: 3 placeholder(s) awaiting broadcast upgrade | BOWLER: ui=Ravindra Jadeja cb=Brijesh Sharma

[22:18:40  iter#43]
  UI: Lucknow Super Giants 40-3 (7.0)  str=Mitchell Marsh nstr=Nicholas Pooran  bowl=Ravindra Jadeja 0-0 (0.0)
  this_over=['.', '1', '.', '4', '.', '4']  fow=3 (unk=3)  last_fow={'wicket': 3, 'batter': None, 'score': None, 'overs': None, 'bowler': None, 'how': None, '_unwitnessed': True}
  delivery: len=good_length line=leg_stump shot=in_the_air [layer2]
  extras: this_over=1 innings=1 [w0/nb1/b0/lb0]
  extras_log: [{'over': '6.5', 'type': 'no_ball', 'runs': 1, 'this_over_after': []}]
  CB: LSG 40-3 (7)  crr=5.71  ps=29(25)  recent=...
  CB BAT: Mitchell Marsh* 24(18), Nicholas Pooran 14(14)
  CB BOWL: Brijesh Sharma 0-9 (1)
  LAST WKT: Aiden Markram  c Dhruv Jurel b Jofra Archer 0(6)  - 11/3 in 2.5 ov.
  ⚠ DIVERGENCE: OVERS: ui=7.0 cb=7 | BAT_marsh: ui=34(21) cb=24(18) | FOW_UNKNOWN: 3 placeholder(s) awaiting broadcast upgrade | BOWLER: ui=Ravindra Jadeja cb=Brijesh Sharma

[22:19:02  iter#44]
  UI: Lucknow Super Giants 41-3 (7.2)  str=Nicholas Pooran nstr=Mitchell Marsh  bowl=Ravindra Jadeja 1-1 (0.2)
  this_over=['.', '1']  fow=3 (unk=3)  last_fow={'wicket': 3, 'batter': None, 'score': None, 'overs': None, 'bowler': None, 'how': None, '_unwitnessed': True}
  delivery: len=good_length line=leg_stump shot=in_the_air [layer2]
  extras: this_over=1 innings=1 [w0/nb1/b0/lb0]
  extras_log: [{'over': '6.5', 'type': 'no_ball', 'runs': 1, 'this_over_after': []}]
  CB: LSG 41-3 (7.2)  crr=5.59  ps=30(27)  recent=0 1
  CB BAT: Nicholas Pooran* 14(14), Mitchell Marsh 25(20)
  CB BOWL: Brijesh Sharma 0-9 (1)
  LAST WKT: Aiden Markram  c Dhruv Jurel b Jofra Archer 0(6)  - 11/3 in 2.5 ov.
  ⚠ DIVERGENCE: BAT_marsh: ui=34(21) cb=25(20) | FOW_UNKNOWN: 3 placeholder(s) awaiting broadcast upgrade | BOWLER: ui=Ravindra Jadeja cb=Brijesh Sharma

[22:19:22  iter#45]
  UI: Lucknow Super Giants 41-3 (7.2)  str=Nicholas Pooran nstr=Mitchell Marsh  bowl=Ravindra Jadeja 1-1 (0.2)
  this_over=['.', '1']  fow=3 (unk=3)  last_fow={'wicket': 3, 'batter': None, 'score': None, 'overs': None, 'bowler': None, 'how': None, '_unwitnessed': True}
  delivery: len=good_length line=leg_stump shot=in_the_air [layer2]
  extras: this_over=1 innings=1 [w0/nb1/b0/lb0]
  extras_log: [{'over': '6.5', 'type': 'no_ball', 'runs': 1, 'this_over_after': []}]
  CB: LSG 42-3 (7.3)  crr=5.6  ps=31(28)  recent=0 1 1
  CB BAT: Mitchell Marsh* 25(20), Nicholas Pooran 15(15)
  CB BOWL: Brijesh Sharma 0-9 (1)
  LAST WKT: Aiden Markram  c Dhruv Jurel b Jofra Archer 0(6)  - 11/3 in 2.5 ov.
  ⚠ DIVERGENCE: SCORE: ui=41 cb=42 | OVERS: ui=7.2 cb=7.3 | STRIKER: ui=Nicholas Pooran cb=Mitchell Marsh | BAT_marsh: ui=34(21) cb=25(20) | BAT_pooran: ui=14(14) cb=15(15) | FOW_UNKNOWN: 3 placeholder(s) awaiting broadcast upgrade | BOWLER: ui=Ravindra Jadeja cb=Brijesh Sharma

[22:19:43  iter#46]
  UI: Lucknow Super Giants 42-3 (7.3)  str=Mitchell Marsh nstr=Nicholas Pooran  bowl=Ravindra Jadeja 1-2 (0.3)
  this_over=['.', '1', '1']  fow=3 (unk=3)  last_fow={'wicket': 3, 'batter': None, 'score': None, 'overs': None, 'bowler': None, 'how': None, '_unwitnessed': True}
  delivery: len=good_length line=outside_off shot=in_the_air [layer2]
  extras: this_over=1 innings=1 [w0/nb1/b0/lb0]
  extras_log: [{'over': '6.5', 'type': 'no_ball', 'runs': 1, 'this_over_after': []}]
  CB: LSG 42-3 (7.3)  crr=5.6  ps=31(28)  recent=0 1 1
  CB BAT: Mitchell Marsh* 25(20), Nicholas Pooran 15(15)
  CB BOWL: Brijesh Sharma 0-9 (1)
  LAST WKT: Aiden Markram  c Dhruv Jurel b Jofra Archer 0(6)  - 11/3 in 2.5 ov.
  ⚠ DIVERGENCE: BAT_marsh: ui=34(21) cb=25(20) | FOW_UNKNOWN: 3 placeholder(s) awaiting broadcast upgrade | BOWLER: ui=Ravindra Jadeja cb=Brijesh Sharma

[22:20:07  iter#47]
  UI: Lucknow Super Giants 43-3 (7.4)  str=Nicholas Pooran nstr=Mitchell Marsh  bowl=Ravindra Jadeja 1-9 (0.4)
  this_over=['.', '1', '1', '1']  fow=3 (unk=3)  last_fow={'wicket': 3, 'batter': None, 'score': None, 'overs': None, 'bowler': None, 'how': None, '_unwitnessed': True}
  delivery: len=good_length line=outside_off shot=in_the_air [layer2]
  extras: this_over=1 innings=1 [w0/nb1/b0/lb0]
  extras_log: [{'over': '6.5', 'type': 'no_ball', 'runs': 1, 'this_over_after': []}]
  CB: LSG 43-3 (7.4)  crr=5.61  ps=32(29)  recent=0 1 1 1
  CB BAT: Nicholas Pooran* 15(15), Mitchell Marsh 26(21)
  CB BOWL: Brijesh Sharma 0-9 (1)
  LAST WKT: Aiden Markram  c Dhruv Jurel b Jofra Archer 0(6)  - 11/3 in 2.5 ov.
  ⚠ DIVERGENCE: BAT_marsh: ui=34(21) cb=26(21) | FOW_UNKNOWN: 3 placeholder(s) awaiting broadcast upgrade | BOWLER: ui=Ravindra Jadeja cb=Brijesh Sharma

[22:20:28  iter#48]
  UI: Lucknow Super Giants 43-3 (7.5)  str=Nicholas Pooran nstr=Mitchell Marsh  bowl=Ravindra Jadeja 1-9 (0.5)
  this_over=['.', '1', '1', '1', '.']  fow=3 (unk=3)  last_fow={'wicket': 3, 'batter': None, 'score': None, 'overs': None, 'bowler': None, 'how': None, '_unwitnessed': True}
  delivery: len=good_length line=outside_off shot=in_the_air [layer2]
  extras: this_over=1 innings=1 [w0/nb1/b0/lb0]
  extras_log: [{'over': '6.5', 'type': 'no_ball', 'runs': 1, 'this_over_after': []}]
  CB: LSG 43-3 (7.4)  crr=5.61  ps=32(29)  recent=0 1 1 1
  CB BAT: Nicholas Pooran* 15(15), Mitchell Marsh 26(21)
  CB BOWL: Brijesh Sharma 0-9 (1)
  LAST WKT: Aiden Markram  c Dhruv Jurel b Jofra Archer 0(6)  - 11/3 in 2.5 ov.
  ⚠ DIVERGENCE: OVERS: ui=7.5 cb=7.4 | BAT_pooran: ui=15(16) cb=15(15) | BAT_marsh: ui=34(21) cb=26(21) | FOW_UNKNOWN: 3 placeholder(s) awaiting broadcast upgrade | BOWLER: ui=Ravindra Jadeja cb=Brijesh Sharma

[22:20:50  iter#49]
  UI: Lucknow Super Giants 44-3 (8.0)  str=Nicholas Pooran nstr=Mitchell Marsh  bowl=Nandre Burger 1-15 (3.0)
  this_over=['.', '1', '1', '1', '.', '1']  fow=3 (unk=3)  last_fow={'wicket': 3, 'batter': None, 'score': None, 'overs': None, 'bowler': None, 'how': None, '_unwitnessed': True}
  delivery: len=good_length line=outside_off shot=in_the_air [layer2]
  extras: this_over=1 innings=1 [w0/nb1/b0/lb0]
  extras_log: [{'over': '6.5', 'type': 'no_ball', 'runs': 1, 'this_over_after': []}]
  CB: LSG 44-3 (8)  crr=5.5  ps=33(31)  recent=0 1 1 1 0 1
  CB BAT: Nicholas Pooran* 16(17), Mitchell Marsh 26(21)
  CB BOWL: Ravindra Jadeja 0-4 (1)
  LAST WKT: Aiden Markram  c Dhruv Jurel b Jofra Archer 0(6)  - 11/3 in 2.5 ov.
  ⚠ DIVERGENCE: OVERS: ui=8.0 cb=8 | BAT_marsh: ui=34(21) cb=26(21) | FOW_UNKNOWN: 3 placeholder(s) awaiting broadcast upgrade | BOWLER: ui=Nandre Burger cb=Ravindra Jadeja

[22:21:15  iter#50]
  WS ERR: ''
  CB: LSG 44-3 (8)  crr=5.5  ps=33(31)  recent=0 1 1 1 0 1
  CB BAT: Nicholas Pooran* 16(17), Mitchell Marsh 26(21)
  CB BOWL: Ravindra Jadeja 0-4 (1)
  LAST WKT: Aiden Markram  c Dhruv Jurel b Jofra Archer 0(6)  - 11/3 in 2.5 ov.
  ⚠ DIVERGENCE: BATTERS_MISSING_IN_UI: {'marsh', 'pooran'} (ui=set(), cb={'marsh', 'pooran'}) | BOWLER: ui=None cb=Ravindra Jadeja

[22:21:37  iter#51]
  UI: Lucknow Super Giants 44-3 (8.0)  str=Nicholas Pooran nstr=Mitchell Marsh  bowl=Ravi Bishnoi 0-0 (1)
  this_over=['.', '1', '1', '1', '.', '1']  fow=3 (unk=3)  last_fow={'wicket': 3, 'batter': None, 'score': None, 'overs': None, 'bowler': None, 'how': None, '_unwitnessed': True}
  delivery: len=good_length line=outside_off shot=in_the_air [layer2]
  extras: this_over=1 innings=1 [w0/nb1/b0/lb0]
  extras_log: [{'over': '6.5', 'type': 'no_ball', 'runs': 1, 'this_over_after': []}]
  CB: LSG 44-3 (8)  crr=5.5  ps=33(31)  recent=...
  CB BAT: Nicholas Pooran* 16(17), Mitchell Marsh 26(21)
  CB BOWL: Ravindra Jadeja 0-4 (1)
  LAST WKT: Aiden Markram  c Dhruv Jurel b Jofra Archer 0(6)  - 11/3 in 2.5 ov.
  ⚠ DIVERGENCE: OVERS: ui=8.0 cb=8 | BAT_marsh: ui=34(21) cb=26(21) | FOW_UNKNOWN: 3 placeholder(s) awaiting broadcast upgrade | BOWLER: ui=Ravi Bishnoi cb=Ravindra Jadeja

[22:21:58  iter#52]
  UI: LSG 45-3 (8.1)  str=Mitchell Marsh nstr=Nicholas Pooran  bowl=None None-None (None)
  this_over=['1']  fow=0 (unk=0)  last_fow=None
  delivery: len=good_length line=outside_off shot=in_the_air [layer2]
  extras: this_over=0 innings=None [w0/nb0/b0/lb0]
  CB: LSG 45-3 (8.1)  crr=5.51  ps=34(32)  recent=1
  CB BAT: Mitchell Marsh* 26(21), Nicholas Pooran 17(18)
  CB BOWL: Ravindra Jadeja 0-4 (1)
  LAST WKT: Aiden Markram  c Dhruv Jurel b Jofra Archer 0(6)  - 11/3 in 2.5 ov.
  ⚠ DIVERGENCE: FOW_COUNT: ui=0 vs wickets=3 | BOWLER: ui=None cb=Ravindra Jadeja

[22:22:21  iter#53]
  UI: Lucknow Super Giants 45-3 (8.1)  str=Mitchell Marsh nstr=Nicholas Pooran  bowl=Ravi Bishnoi 1-1 (1.1)
  this_over=['1']  fow=3 (unk=3)  last_fow={'wicket': 3, 'batter': None, 'score': None, 'overs': None, 'bowler': None, 'how': None, '_unwitnessed': True}
  delivery: len=good_length line=leg_stump shot=in_the_air [layer2]
  extras: this_over=1 innings=1 [w0/nb1/b0/lb0]
  extras_log: [{'over': '6.5', 'type': 'no_ball', 'runs': 1, 'this_over_after': []}]
  CB: LSG 47-3 (8.2)  crr=5.64  ps=36(33)  recent=1 2
  CB BAT: Mitchell Marsh* 28(22), Nicholas Pooran 17(18)
  CB BOWL: Ravindra Jadeja 0-4 (1)
  LAST WKT: Aiden Markram  c Dhruv Jurel b Jofra Archer 0(6)  - 11/3 in 2.5 ov.
  ⚠ DIVERGENCE: SCORE: ui=45 cb=47 | OVERS: ui=8.1 cb=8.2 | BAT_marsh: ui=34(21) cb=28(22) | FOW_UNKNOWN: 3 placeholder(s) awaiting broadcast upgrade | BOWLER: ui=Ravi Bishnoi cb=Ravindra Jadeja

[22:22:44  iter#54]
  UI: Lucknow Super Giants 47-3 (8.2)  str=Mitchell Marsh nstr=Nicholas Pooran  bowl=Ravi Bishnoi 1-7 (1.2)
  this_over=['1', 'Nb+5', '.']  fow=3 (unk=3)  last_fow={'wicket': 3, 'batter': None, 'score': None, 'overs': None, 'bowler': None, 'how': None, '_unwitnessed': True}
  delivery: len=short_of_length line=leg_stump shot=in_the_air [layer2]
  extras: this_over=2 innings=2 [w0/nb2/b0/lb0]
  extras_log: [{'over': '6.5', 'type': 'no_ball', 'runs': 1, 'this_over_after': []}, {'over': '8.1', 'type': 'no_ball', 'runs': 1, 'this_over_after': []}]
  CB: LSG 47-3 (8.2)  crr=5.64  ps=36(33)  recent=1 2
  CB BAT: Mitchell Marsh* 28(22), Nicholas Pooran 17(18)
  CB BOWL: Ravindra Jadeja 0-4 (1)
  LAST WKT: Aiden Markram  c Dhruv Jurel b Jofra Archer 0(6)  - 11/3 in 2.5 ov.
  ⚠ DIVERGENCE: BAT_marsh: ui=34(21) cb=28(22) | FOW_UNKNOWN: 3 placeholder(s) awaiting broadcast upgrade | BOWLER: ui=Ravi Bishnoi cb=Ravindra Jadeja

[22:23:05  iter#55]
  UI: Lucknow Super Giants 48-3 (8.3)  str=Mitchell Marsh nstr=Nicholas Pooran  bowl=Ravi Bishnoi 1-8 (1.3)
  this_over=['1', 'Nb+5', '.', '1']  fow=3 (unk=3)  last_fow={'wicket': 3, 'batter': None, 'score': None, 'overs': None, 'bowler': None, 'how': None, '_unwitnessed': True}
  delivery: len=good_length line=leg_stump shot=in_the_air [layer2]
  extras: this_over=2 innings=2 [w0/nb2/b0/lb0]
  extras_log: [{'over': '6.5', 'type': 'no_ball', 'runs': 1, 'this_over_after': []}, {'over': '8.1', 'type': 'no_ball', 'runs': 1, 'this_over_after': []}]
  CB: LSG 48-3 (8.3)  crr=5.65  ps=37(34)  recent=1 2 1
  CB BAT: Nicholas Pooran* 17(18), Mitchell Marsh 29(23)
  CB BOWL: Ravindra Jadeja 0-4 (1)
  LAST WKT: Aiden Markram  c Dhruv Jurel b Jofra Archer 0(6)  - 11/3 in 2.5 ov.
  ⚠ DIVERGENCE: STRIKER: ui=Mitchell Marsh cb=Nicholas Pooran | BAT_marsh: ui=34(23) cb=29(23) | FOW_UNKNOWN: 3 placeholder(s) awaiting broadcast upgrade | BOWLER: ui=Ravi Bishnoi cb=Ravindra Jadeja

[22:23:26  iter#56]
  UI: Lucknow Super Giants 49-3 (8.3)  str=Mitchell Marsh nstr=Nicholas Pooran  bowl=Ravi Bishnoi 1-9 (1.3)
  this_over=['1', 'Nb+5', '.', '1', 'Wd']  fow=3 (unk=3)  last_fow={'wicket': 3, 'batter': None, 'score': None, 'overs': None, 'bowler': None, 'how': None, '_unwitnessed': True}
  delivery: len=good_length line=leg_stump shot=in_the_air [layer2]
  extras: this_over=3 innings=3 [w1/nb2/b0/lb0]
  extras_log: [{'over': '6.5', 'type': 'no_ball', 'runs': 1, 'this_over_after': []}, {'over': '8.1', 'type': 'no_ball', 'runs': 1, 'this_over_after': []}, {'over': '8.3', 'type': 'wide', 'runs': 1, 'this_over_after': []}]
  CB: LSG 49-3 (8.3)  crr=5.76  ps=38(34)  recent=1 2 1 W
  CB BAT: Nicholas Pooran* 17(18), Mitchell Marsh 29(23)
  CB BOWL: Ravindra Jadeja 0-4 (1)
  LAST WKT: Aiden Markram  c Dhruv Jurel b Jofra Archer 0(6)  - 11/3 in 2.5 ov.
  ⚠ DIVERGENCE: STRIKER: ui=Mitchell Marsh cb=Nicholas Pooran | BAT_marsh: ui=34(23) cb=29(23) | FOW_UNKNOWN: 3 placeholder(s) awaiting broadcast upgrade | BOWLER: ui=Ravi Bishnoi cb=Ravindra Jadeja

[22:23:48  iter#57]
  UI: Lucknow Super Giants 49-3 (8.3)  str=Mitchell Marsh nstr=Nicholas Pooran  bowl=Ravi Bishnoi 1-9 (1.3)
  this_over=['1', 'Nb+5', '.', '1', 'Wd']  fow=3 (unk=3)  last_fow={'wicket': 3, 'batter': None, 'score': None, 'overs': None, 'bowler': None, 'how': None, '_unwitnessed': True}
  delivery: len=good_length line=leg_stump shot=in_the_air [layer2]
  extras: this_over=3 innings=3 [w1/nb2/b0/lb0]
  extras_log: [{'over': '6.5', 'type': 'no_ball', 'runs': 1, 'this_over_after': []}, {'over': '8.1', 'type': 'no_ball', 'runs': 1, 'this_over_after': []}, {'over': '8.3', 'type': 'wide', 'runs': 1, 'this_over_after': []}]
  CB: LSG 49-3 (8.3)  crr=5.76  ps=38(34)  recent=1 2 1 W
  CB BAT: Nicholas Pooran* 17(18), Mitchell Marsh 29(23)
  CB BOWL: Ravindra Jadeja 0-4 (1)
  LAST WKT: Aiden Markram  c Dhruv Jurel b Jofra Archer 0(6)  - 11/3 in 2.5 ov.
  ⚠ DIVERGENCE: STRIKER: ui=Mitchell Marsh cb=Nicholas Pooran | BAT_marsh: ui=34(23) cb=29(23) | FOW_UNKNOWN: 3 placeholder(s) awaiting broadcast upgrade | BOWLER: ui=Ravi Bishnoi cb=Ravindra Jadeja

[22:24:11  iter#58]
  UI: Lucknow Super Giants 49-3 (8.3)  str=Mitchell Marsh nstr=Nicholas Pooran  bowl=Ravi Bishnoi 1-9 (1.3)
  this_over=['1', 'Nb+5', '.', '1', 'Wd']  fow=3 (unk=3)  last_fow={'wicket': 3, 'batter': None, 'score': None, 'overs': None, 'bowler': None, 'how': None, '_unwitnessed': True}
  delivery: len=good_length line=leg_stump shot=in_the_air [layer2]
  extras: this_over=3 innings=3 [w1/nb2/b0/lb0]
  extras_log: [{'over': '6.5', 'type': 'no_ball', 'runs': 1, 'this_over_after': []}, {'over': '8.1', 'type': 'no_ball', 'runs': 1, 'this_over_after': []}, {'over': '8.3', 'type': 'wide', 'runs': 1, 'this_over_after': []}]
  CB: LSG 49-3 (8.3)  crr=5.76  ps=38(34)  recent=1 2 1 W
  CB BAT: Nicholas Pooran* 17(18), Mitchell Marsh 29(23)
  CB BOWL: Ravindra Jadeja 0-4 (1)
  LAST WKT: Aiden Markram  c Dhruv Jurel b Jofra Archer 0(6)  - 11/3 in 2.5 ov.
  ⚠ DIVERGENCE: STRIKER: ui=Mitchell Marsh cb=Nicholas Pooran | BAT_marsh: ui=34(23) cb=29(23) | FOW_UNKNOWN: 3 placeholder(s) awaiting broadcast upgrade | BOWLER: ui=Ravi Bishnoi cb=Ravindra Jadeja

[22:24:31  iter#59]
  UI: Lucknow Super Giants 49-3 (8.3)  str=Mitchell Marsh nstr=Nicholas Pooran  bowl=Ravi Bishnoi 1-9 (1.3)
  this_over=['1', 'Nb+5', '.', '1', 'Wd']  fow=3 (unk=3)  last_fow={'wicket': 3, 'batter': None, 'score': None, 'overs': None, 'bowler': None, 'how': None, '_unwitnessed': True}
  delivery: len=good_length line=leg_stump shot=in_the_air [layer2]
  extras: this_over=3 innings=3 [w1/nb2/b0/lb0]
  extras_log: [{'over': '6.5', 'type': 'no_ball', 'runs': 1, 'this_over_after': []}, {'over': '8.1', 'type': 'no_ball', 'runs': 1, 'this_over_after': []}, {'over': '8.3', 'type': 'wide', 'runs': 1, 'this_over_after': []}]
  CB: LSG 49-3 (8.3)  crr=5.76  ps=38(34)  recent=1 2 1 W
  CB BAT: Nicholas Pooran* 17(18), Mitchell Marsh 29(23)
  CB BOWL: Ravindra Jadeja 0-4 (1)
  LAST WKT: Aiden Markram  c Dhruv Jurel b Jofra Archer 0(6)  - 11/3 in 2.5 ov.
  ⚠ DIVERGENCE: STRIKER: ui=Mitchell Marsh cb=Nicholas Pooran | BAT_marsh: ui=34(23) cb=29(23) | FOW_UNKNOWN: 3 placeholder(s) awaiting broadcast upgrade | BOWLER: ui=Ravi Bishnoi cb=Ravindra Jadeja

[22:24:54  iter#60]
  UI: Lucknow Super Giants 49-3 (8.3)  str=Mitchell Marsh nstr=Nicholas Pooran  bowl=Ravi Bishnoi 1-9 (1.3)
  this_over=['1', 'Nb+5', '.', '1', 'Wd']  fow=3 (unk=3)  last_fow={'wicket': 3, 'batter': None, 'score': None, 'overs': None, 'bowler': None, 'how': None, '_unwitnessed': True}
  delivery: len=good_length line=leg_stump shot=in_the_air [layer2]
  extras: this_over=3 innings=3 [w1/nb2/b0/lb0]
  extras_log: [{'over': '6.5', 'type': 'no_ball', 'runs': 1, 'this_over_after': []}, {'over': '8.1', 'type': 'no_ball', 'runs': 1, 'this_over_after': []}, {'over': '8.3', 'type': 'wide', 'runs': 1, 'this_over_after': []}]
  CB: LSG 49-3 (8.4)  crr=5.65  ps=38(35)  recent=1 2 1 W
  CB BAT: Nicholas Pooran* 17(19), Mitchell Marsh 29(23)
  CB BOWL: Ravindra Jadeja 0-4 (1)
  LAST WKT: Aiden Markram  c Dhruv Jurel b Jofra Archer 0(6)  - 11/3 in 2.5 ov.
  ⚠ DIVERGENCE: OVERS: ui=8.3 cb=8.4 | STRIKER: ui=Mitchell Marsh cb=Nicholas Pooran | BAT_pooran: ui=17(18) cb=17(19) | BAT_marsh: ui=34(23) cb=29(23) | FOW_UNKNOWN: 3 placeholder(s) awaiting broadcast upgrade | BOWLER: ui=Ravi Bishnoi cb=Ravindra Jadeja

[22:25:18  iter#61]
  UI: Lucknow Super Giants 49-3 (8.4)  str=Mitchell Marsh nstr=Nicholas Pooran  bowl=Ravi Bishnoi 1-9 (1.4)
  this_over=['1', 'Nb+5', '.', '1', 'Wd', '.']  fow=3 (unk=3)  last_fow={'wicket': 3, 'batter': None, 'score': None, 'overs': None, 'bowler': None, 'how': None, '_unwitnessed': True}
  delivery: len=good_length line=leg_stump shot=in_the_air [layer2]
  extras: this_over=3 innings=3 [w1/nb2/b0/lb0]
  extras_log: [{'over': '6.5', 'type': 'no_ball', 'runs': 1, 'this_over_after': []}, {'over': '8.1', 'type': 'no_ball', 'runs': 1, 'this_over_after': []}, {'over': '8.3', 'type': 'wide', 'runs': 1, 'this_over_after': []}]
  CB: LSG 49-3 (8.5)  crr=5.55  ps=38(36)  recent=1 2 1 W
  CB BAT: Nicholas Pooran* 17(20), Mitchell Marsh 29(23)
  CB BOWL: Ravindra Jadeja 0-4 (1)
  LAST WKT: Aiden Markram  c Dhruv Jurel b Jofra Archer 0(6)  - 11/3 in 2.5 ov.
  ⚠ DIVERGENCE: OVERS: ui=8.4 cb=8.5 | STRIKER: ui=Mitchell Marsh cb=Nicholas Pooran | BAT_pooran: ui=17(19) cb=17(20) | BAT_marsh: ui=34(23) cb=29(23) | FOW_UNKNOWN: 3 placeholder(s) awaiting broadcast upgrade | BOWLER: ui=Ravi Bishnoi cb=Ravindra Jadeja

[22:25:40  iter#62]
  UI: Lucknow Super Giants 49-3 (8.4)  str=Mitchell Marsh nstr=Nicholas Pooran  bowl=Ravi Bishnoi 1-9 (1.4)
  this_over=['1', 'Nb+5', '.', '1', 'Wd', '.']  fow=3 (unk=3)  last_fow={'wicket': 3, 'batter': None, 'score': None, 'overs': None, 'bowler': None, 'how': None, '_unwitnessed': True}
  delivery: len=good_length line=leg_stump shot=in_the_air [layer2]
  extras: this_over=3 innings=3 [w1/nb2/b0/lb0]
  extras_log: [{'over': '6.5', 'type': 'no_ball', 'runs': 1, 'this_over_after': []}, {'over': '8.1', 'type': 'no_ball', 'runs': 1, 'this_over_after': []}, {'over': '8.3', 'type': 'wide', 'runs': 1, 'this_over_after': []}]
  CB: LSG 49-3 (8.5)  crr=5.55  ps=38(36)  recent=1 2 1 W
  CB BAT: Nicholas Pooran* 17(20), Mitchell Marsh 29(23)
  CB BOWL: Ravindra Jadeja 0-4 (1)
  LAST WKT: Aiden Markram  c Dhruv Jurel b Jofra Archer 0(6)  - 11/3 in 2.5 ov.
  ⚠ DIVERGENCE: OVERS: ui=8.4 cb=8.5 | STRIKER: ui=Mitchell Marsh cb=Nicholas Pooran | BAT_pooran: ui=17(19) cb=17(20) | BAT_marsh: ui=34(23) cb=29(23) | FOW_UNKNOWN: 3 placeholder(s) awaiting broadcast upgrade | BOWLER: ui=Ravi Bishnoi cb=Ravindra Jadeja

[22:26:01  iter#63]
  UI: Lucknow Super Giants 50-3 (9.0)  str=Mitchell Marsh nstr=Nicholas Pooran  bowl=Nandre Burger 1-15 (3.0)
  this_over=['1', 'Nb+5', '.', '1', 'Wd', '.', '.', '1']  fow=3 (unk=3)  last_fow={'wicket': 3, 'batter': None, 'score': None, 'overs': None, 'bowler': None, 'how': None, '_unwitnessed': True}
  delivery: len=good_length line=leg_stump shot=in_the_air [layer2]
  extras: this_over=3 innings=3 [w1/nb2/b0/lb0]
  extras_log: [{'over': '6.5', 'type': 'no_ball', 'runs': 1, 'this_over_after': []}, {'over': '8.1', 'type': 'no_ball', 'runs': 1, 'this_over_after': []}, {'over': '8.3', 'type': 'wide', 'runs': 1, 'this_over_after': []}]
  CB: LSG 49-3 (8.5)  crr=5.55  ps=38(36)  recent=1 2 1 W
  CB BAT: Nicholas Pooran* 17(20), Mitchell Marsh 29(23)
  CB BOWL: Ravindra Jadeja 0-4 (1)
  LAST WKT: Aiden Markram  c Dhruv Jurel b Jofra Archer 0(6)  - 11/3 in 2.5 ov.
  ⚠ DIVERGENCE: SCORE: ui=50 cb=49 | OVERS: ui=9.0 cb=8.5 | STRIKER: ui=Mitchell Marsh cb=Nicholas Pooran | BAT_pooran: ui=18(21) cb=17(20) | BAT_marsh: ui=34(23) cb=29(23) | FOW_UNKNOWN: 3 placeholder(s) awaiting broadcast upgrade | BOWLER: ui=Nandre Burger cb=Ravindra Jadeja

[22:26:25  iter#64]
  WS ERR: ''
  CB: LSG 50-3 (9)  crr=5.56  ps=39(37)  recent=1 2 1 W
  CB BAT: Nicholas Pooran* 18(21), Mitchell Marsh 29(23)
  CB BOWL: Ravi Bishnoi 0-6 (1)
  LAST WKT: Aiden Markram  c Dhruv Jurel b Jofra Archer 0(6)  - 11/3 in 2.5 ov.
  ⚠ DIVERGENCE: BATTERS_MISSING_IN_UI: {'marsh', 'pooran'} (ui=set(), cb={'marsh', 'pooran'}) | BOWLER: ui=None cb=Ravi Bishnoi

[22:26:46  iter#65]
  UI: Lucknow Super Giants 50-3 (9.0)  str=Mitchell Marsh nstr=Nicholas Pooran  bowl=Nandre Burger 1-15 (3.0)
  this_over=['.', '1', '1', '1', '.', '1']  fow=3 (unk=3)  last_fow={'wicket': 3, 'batter': None, 'score': None, 'overs': None, 'bowler': None, 'how': None, '_unwitnessed': True}
  delivery: len=short_of_length line=leg_stump shot=in_the_air [layer2]
  extras: this_over=3 innings=3 [w1/nb2/b0/lb0]
  extras_log: [{'over': '6.5', 'type': 'no_ball', 'runs': 1, 'this_over_after': []}, {'over': '8.1', 'type': 'no_ball', 'runs': 1, 'this_over_after': []}, {'over': '8.3', 'type': 'wide', 'runs': 1, 'this_over_after': []}]
  CB: LSG 50-3 (9)  crr=5.56  ps=39(37)  recent=1 2 1 W
  CB BAT: Nicholas Pooran* 18(21), Mitchell Marsh 29(23)
  CB BOWL: Ravi Bishnoi 0-6 (1)
  LAST WKT: Aiden Markram  c Dhruv Jurel b Jofra Archer 0(6)  - 11/3 in 2.5 ov.
  ⚠ DIVERGENCE: OVERS: ui=9.0 cb=9 | STRIKER: ui=Mitchell Marsh cb=Nicholas Pooran | BAT_marsh: ui=34(23) cb=29(23) | FOW_UNKNOWN: 3 placeholder(s) awaiting broadcast upgrade | BOWLER: ui=Nandre Burger cb=Ravi Bishnoi

[22:27:10  iter#66]
  WS ERR: ''
  CB: LSG 52-3 (9.1)  crr=5.67  ps=41(38)  recent=2
  CB BAT: Nicholas Pooran* 20(22), Mitchell Marsh 29(23)
  CB BOWL: Ravi Bishnoi 0-6 (1)
  LAST WKT: Aiden Markram  c Dhruv Jurel b Jofra Archer 0(6)  - 11/3 in 2.5 ov.
  ⚠ DIVERGENCE: BATTERS_MISSING_IN_UI: {'marsh', 'pooran'} (ui=set(), cb={'marsh', 'pooran'}) | BOWLER: ui=None cb=Ravi Bishnoi

[22:27:34  iter#67]
  UI: Lucknow Super Giants 52-3 (9.1)  str=Mitchell Marsh nstr=Nicholas Pooran  bowl=Ravindra Jadeja 1-10 (1.1)
  this_over=['2']  fow=3 (unk=3)  last_fow={'wicket': 3, 'batter': None, 'score': None, 'overs': None, 'bowler': None, 'how': None, '_unwitnessed': True}
  delivery: len=good_length line=outside_off shot=in_the_air [layer2]
  extras: this_over=3 innings=3 [w1/nb2/b0/lb0]
  extras_log: [{'over': '6.5', 'type': 'no_ball', 'runs': 1, 'this_over_after': []}, {'over': '8.1', 'type': 'no_ball', 'runs': 1, 'this_over_after': []}, {'over': '8.3', 'type': 'wide', 'runs': 1, 'this_over_after': []}]
  CB: LSG 52-3 (9.2)  crr=5.57  ps=41(39)  recent=2 0
  CB BAT: Nicholas Pooran* 20(23), Mitchell Marsh 29(23)
  CB BOWL: Ravi Bishnoi 0-6 (1)
  LAST WKT: Aiden Markram  c Dhruv Jurel b Jofra Archer 0(6)  - 11/3 in 2.5 ov.
  ⚠ DIVERGENCE: OVERS: ui=9.1 cb=9.2 | STRIKER: ui=Mitchell Marsh cb=Nicholas Pooran | BAT_pooran: ui=20(22) cb=20(23) | BAT_marsh: ui=34(23) cb=29(23) | FOW_UNKNOWN: 3 placeholder(s) awaiting broadcast upgrade | BOWLER: ui=Ravindra Jadeja cb=Ravi Bishnoi

[22:27:56  iter#68]
  UI: LSG 54-3 (9.3)  str=Nicholas Pooran nstr=Mitchell Marsh  bowl=None None-None (None)
  this_over=['.', '2']  fow=0 (unk=0)  last_fow=None
  delivery: len=short_of_length line=leg_stump shot=in_the_air [layer2]
  extras: this_over=0 innings=None [w0/nb0/b0/lb0]
  CB: LSG 54-3 (9.3)  crr=5.68  ps=43(40)  recent=2 0 2
  CB BAT: Nicholas Pooran* 22(24), Mitchell Marsh 29(23)
  CB BOWL: Ravi Bishnoi 0-6 (1)
  LAST WKT: Aiden Markram  c Dhruv Jurel b Jofra Archer 0(6)  - 11/3 in 2.5 ov.
  ⚠ DIVERGENCE: FOW_COUNT: ui=0 vs wickets=3 | BOWLER: ui=None cb=Ravi Bishnoi

[22:28:19  iter#69]
  UI: Lucknow Super Giants 54-3 (9.3)  str=Nicholas Pooran nstr=Mitchell Marsh  bowl=Ravindra Jadeja 1-12 (1.4)
  this_over=['2', '.', '2']  fow=3 (unk=3)  last_fow={'wicket': 3, 'batter': None, 'score': None, 'overs': None, 'bowler': None, 'how': None, '_unwitnessed': True}
  delivery: len=short_of_length line=outside_off shot=in_the_air [layer2]
  extras: this_over=3 innings=3 [w1/nb2/b0/lb0]
  extras_log: [{'over': '6.5', 'type': 'no_ball', 'runs': 1, 'this_over_after': []}, {'over': '8.1', 'type': 'no_ball', 'runs': 1, 'this_over_after': []}, {'over': '8.3', 'type': 'wide', 'runs': 1, 'this_over_after': []}]
  CB: LSG 54-3 (9.3)  crr=5.68  ps=43(40)  recent=2 0 2
  CB BAT: Nicholas Pooran* 22(24), Mitchell Marsh 29(23)
  CB BOWL: Ravi Bishnoi 0-6 (1)
  LAST WKT: Aiden Markram  c Dhruv Jurel b Jofra Archer 0(6)  - 11/3 in 2.5 ov.
  ⚠ DIVERGENCE: BAT_marsh: ui=34(23) cb=29(23) | FOW_UNKNOWN: 3 placeholder(s) awaiting broadcast upgrade | BOWLER: ui=Ravindra Jadeja cb=Ravi Bishnoi

[22:28:40  iter#70]
  UI: Lucknow Super Giants 54-4 (9.4)  str=None nstr=Mitchell Marsh  bowl=Ravindra Jadeja 1-12 (1.5)
  this_over=['2', '.', '2', 'W']  fow=4 (unk=4)  last_fow={'wicket': 4, 'batter': None, 'score': None, 'overs': None, 'bowler': None, 'how': None, '_unwitnessed': True}
  delivery: len=short_of_length line=outside_off shot=in_the_air [layer2]
  extras: this_over=3 innings=3 [w1/nb2/b0/lb0]
  extras_log: [{'over': '6.5', 'type': 'no_ball', 'runs': 1, 'this_over_after': []}, {'over': '8.1', 'type': 'no_ball', 'runs': 1, 'this_over_after': []}, {'over': '8.3', 'type': 'wide', 'runs': 1, 'this_over_after': []}]
  CB: LSG 54-4 (9.4)  crr=5.59  ps=43(41)  recent=2 0 2 W
  CB BAT: Mitchell Marsh* 29(23), Ravi Bishnoi 1(0)
  CB BOWL: Ravi Bishnoi 0-6 (1)
  LAST WKT: Nicholas Pooran  c Donovan Ferreira b Ravindra Jadeja 22(25)  - 54/4 in 9.4 ov.
  ⚠ DIVERGENCE: BATTERS_MISSING_IN_UI: {'bishnoi'} (ui={'marsh'}, cb={'marsh', 'bishnoi'}) | BAT_marsh: ui=34(23) cb=29(23) | FOW_UNKNOWN: 4 placeholder(s) awaiting broadcast upgrade | BOWLER: ui=Ravindra Jadeja cb=Ravi Bishnoi

[22:29:01  iter#71]
  UI: Lucknow Super Giants 54-4 (9.4)  str=None nstr=Mitchell Marsh  bowl=Ravindra Jadeja 1-12 (1.5)
  this_over=['2', '.', '2', 'W']  fow=4 (unk=4)  last_fow={'wicket': 4, 'batter': None, 'score': None, 'overs': None, 'bowler': None, 'how': None, '_unwitnessed': True}
  delivery: len=short_of_length line=outside_off shot=in_the_air [layer2]
  extras: this_over=3 innings=3 [w1/nb2/b0/lb0]
  extras_log: [{'over': '6.5', 'type': 'no_ball', 'runs': 1, 'this_over_after': []}, {'over': '8.1', 'type': 'no_ball', 'runs': 1, 'this_over_after': []}, {'over': '8.3', 'type': 'wide', 'runs': 1, 'this_over_after': []}]
  CB: LSG 54-4 (9.4)  crr=5.59  ps=43(41)  recent=2 0 2 W
  CB BAT: Mitchell Marsh* 29(23), Ravi Bishnoi 1(0)
  CB BOWL: Ravi Bishnoi 0-6 (1)
  LAST WKT: Nicholas Pooran  c Donovan Ferreira b Ravindra Jadeja 22(25)  - 54/4 in 9.4 ov.
  ⚠ DIVERGENCE: BATTERS_MISSING_IN_UI: {'bishnoi'} (ui={'marsh'}, cb={'marsh', 'bishnoi'}) | BAT_marsh: ui=34(23) cb=29(23) | FOW_UNKNOWN: 4 placeholder(s) awaiting broadcast upgrade | BOWLER: ui=Ravindra Jadeja cb=Ravi Bishnoi

[22:29:23  iter#72]
  UI: Lucknow Super Giants 54-4 (9.4)  str=None nstr=Mitchell Marsh  bowl=Ravindra Jadeja 1-12 (1.5)
  this_over=['2', '.', '2', 'W']  fow=4 (unk=4)  last_fow={'wicket': 4, 'batter': None, 'score': None, 'overs': None, 'bowler': None, 'how': None, '_unwitnessed': True}
  delivery: len=short_of_length line=outside_off shot=in_the_air [layer2]
  extras: this_over=3 innings=3 [w1/nb2/b0/lb0]
  extras_log: [{'over': '6.5', 'type': 'no_ball', 'runs': 1, 'this_over_after': []}, {'over': '8.1', 'type': 'no_ball', 'runs': 1, 'this_over_after': []}, {'over': '8.3', 'type': 'wide', 'runs': 1, 'this_over_after': []}]
  CB: LSG 54-4 (9.4)  crr=5.59  ps=43(41)  recent=2 0 2 W
  CB BAT: Mitchell Marsh* 29(23), Ravi Bishnoi 1(0)
  CB BOWL: Ravi Bishnoi 0-6 (1)
  LAST WKT: Nicholas Pooran  c Donovan Ferreira b Ravindra Jadeja 22(25)  - 54/4 in 9.4 ov.
  ⚠ DIVERGENCE: BATTERS_MISSING_IN_UI: {'bishnoi'} (ui={'marsh'}, cb={'marsh', 'bishnoi'}) | BAT_marsh: ui=34(23) cb=29(23) | FOW_UNKNOWN: 4 placeholder(s) awaiting broadcast upgrade | BOWLER: ui=Ravindra Jadeja cb=Ravi Bishnoi

[22:29:44  iter#73]
  UI: Lucknow Super Giants 54-4 (9.4)  str=None nstr=Mitchell Marsh  bowl=Ravindra Jadeja 1-12 (1.5)
  this_over=['2', '.', '2', 'W']  fow=4 (unk=4)  last_fow={'wicket': 4, 'batter': None, 'score': None, 'overs': None, 'bowler': None, 'how': None, '_unwitnessed': True}
  delivery: len=short_of_length line=outside_off shot=in_the_air [layer2]
  extras: this_over=3 innings=3 [w1/nb2/b0/lb0]
  extras_log: [{'over': '6.5', 'type': 'no_ball', 'runs': 1, 'this_over_after': []}, {'over': '8.1', 'type': 'no_ball', 'runs': 1, 'this_over_after': []}, {'over': '8.3', 'type': 'wide', 'runs': 1, 'this_over_after': []}]
  CB: LSG 54-4 (9.4)  crr=5.59  ps=43(41)  recent=2 0 2 W
  CB BAT: Mitchell Marsh* 29(23), Ravi Bishnoi 1(0)
  CB BOWL: Ravi Bishnoi 0-6 (1)
  LAST WKT: Nicholas Pooran  c Donovan Ferreira b Ravindra Jadeja 22(25)  - 54/4 in 9.4 ov.
  ⚠ DIVERGENCE: BATTERS_MISSING_IN_UI: {'bishnoi'} (ui={'marsh'}, cb={'marsh', 'bishnoi'}) | BAT_marsh: ui=34(23) cb=29(23) | FOW_UNKNOWN: 4 placeholder(s) awaiting broadcast upgrade | BOWLER: ui=Ravindra Jadeja cb=Ravi Bishnoi

[22:30:08  iter#74]
  WS ERR: ''
  CB: LSG 54-4 (9.4)  crr=5.59  ps=0(0)  recent=... 1
  CB BAT: Himmat Singh* 0(0), Mitchell Marsh 29(23)
  CB BOWL: Ravi Bishnoi 0-6 (1)
  LAST WKT: Nicholas Pooran  c Donovan Ferreira b Ravindra Jadeja 22(25)  - 54/4 in 9.4 ov.
  ⚠ DIVERGENCE: BATTERS_MISSING_IN_UI: {'marsh', 'singh'} (ui=set(), cb={'marsh', 'singh'}) | BOWLER: ui=None cb=Ravi Bishnoi

[22:30:29  iter#75]
  UI: Lucknow Super Giants 54-4 (9.4)  str=None nstr=Mitchell Marsh  bowl=Ravindra Jadeja 1-12 (1.5)
  this_over=['2', '.', '2', 'W']  fow=4 (unk=3)  last_fow={'wicket': 4, 'batter': 'Nicholas Pooran', 'score': 54, 'overs': '9.4', 'bowler': 'Ravindra Jadeja', 'how': None, '_unwitnessed': False}
  delivery: len=short_of_length line=outside_off shot=in_the_air [layer2]
  extras: this_over=3 innings=3 [w1/nb2/b0/lb0]
  extras_log: [{'over': '6.5', 'type': 'no_ball', 'runs': 1, 'this_over_after': []}, {'over': '8.1', 'type': 'no_ball', 'runs': 1, 'this_over_after': []}, {'over': '8.3', 'type': 'wide', 'runs': 1, 'this_over_after': []}]
  CB: LSG 54-4 (9.4)  crr=5.59  ps=0(0)  recent=... 1
  CB BAT: Himmat Singh* 0(0), Mitchell Marsh 29(23)
  CB BOWL: Ravi Bishnoi 0-6 (1)
  LAST WKT: Nicholas Pooran  c Donovan Ferreira b Ravindra Jadeja 22(25)  - 54/4 in 9.4 ov.
  ⚠ DIVERGENCE: BATTERS_MISSING_IN_UI: {'singh'} (ui={'marsh'}, cb={'marsh', 'singh'}) | BAT_marsh: ui=34(23) cb=29(23) | FOW_UNKNOWN: 3 placeholder(s) awaiting broadcast upgrade | BOWLER: ui=Ravindra Jadeja cb=Ravi Bishnoi

[22:30:50  iter#76]
  UI: Lucknow Super Giants 55-4 (9.5)  str=Mitchell Marsh nstr=None  bowl=Ravindra Jadeja 1-13 (2.0)
  this_over=['2', '.', '2', 'W', '1']  fow=4 (unk=3)  last_fow={'wicket': 4, 'batter': 'Nicholas Pooran', 'score': 54, 'overs': '9.4', 'bowler': 'Ravindra Jadeja', 'how': None, '_unwitnessed': False}
  delivery: len=short_of_length line=outside_off shot=in_the_air [layer2]
  extras: this_over=3 innings=3 [w1/nb2/b0/lb0]
  extras_log: [{'over': '6.5', 'type': 'no_ball', 'runs': 1, 'this_over_after': []}, {'over': '8.1', 'type': 'no_ball', 'runs': 1, 'this_over_after': []}, {'over': '8.3', 'type': 'wide', 'runs': 1, 'this_over_after': []}]
  CB: LSG 55-4 (9.5)  crr=5.59  ps=1(1)  recent=2 0 2 W 1
  CB BAT: Mitchell Marsh* 29(23), Himmat Singh 1(1)
  CB BOWL: Ravi Bishnoi 0-6 (1)
  LAST WKT: Nicholas Pooran  c Donovan Ferreira b Ravindra Jadeja 22(25)  - 54/4 in 9.4 ov.
  ⚠ DIVERGENCE: BATTERS_MISSING_IN_UI: {'singh'} (ui={'marsh'}, cb={'marsh', 'singh'}) | BAT_marsh: ui=34(23) cb=29(23) | FOW_UNKNOWN: 3 placeholder(s) awaiting broadcast upgrade | BOWLER: ui=Ravindra Jadeja cb=Ravi Bishnoi

[22:31:12  iter#77]
  UI: LSG 55-4 (10.0)  str=None nstr=Mitchell Marsh  bowl=None None-None (None)
  this_over=['.', '2', 'W', '1', '.']  fow=0 (unk=0)  last_fow=None
  delivery: len=good_length line=leg_stump shot=in_the_air [layer2]
  extras: this_over=0 innings=None [w0/nb0/b0/lb0]
  CB: LSG 55-4 (9.5)  crr=5.59  ps=1(1)  recent=2 0 2 W 1
  CB BAT: Mitchell Marsh* 29(23), Himmat Singh 1(1)
  CB BOWL: Ravi Bishnoi 0-6 (1)
  LAST WKT: Nicholas Pooran  c Donovan Ferreira b Ravindra Jadeja 22(25)  - 54/4 in 9.4 ov.
  ⚠ DIVERGENCE: OVERS: ui=10.0 cb=9.5 | BATTERS_MISSING_IN_UI: {'singh'} (ui={'marsh'}, cb={'marsh', 'singh'}) | FOW_COUNT: ui=0 vs wickets=4 | BOWLER: ui=None cb=Ravi Bishnoi

[22:31:32  iter#78]
  UI: Lucknow Super Giants 55-4 (10.0)  str=None nstr=Mitchell Marsh  bowl=Nandre Burger 1-15 (3.0)
  this_over=['.', '2', 'W', '1', '.']  fow=4 (unk=3)  last_fow={'wicket': 4, 'batter': 'Nicholas Pooran', 'score': 54, 'overs': '9.4', 'bowler': 'Ravindra Jadeja', 'how': None, '_unwitnessed': False}
  delivery: len=good_length line=leg_stump shot=in_the_air [layer2]
  extras: this_over=3 innings=3 [w1/nb2/b0/lb0]
  extras_log: [{'over': '6.5', 'type': 'no_ball', 'runs': 1, 'this_over_after': []}, {'over': '8.1', 'type': 'no_ball', 'runs': 1, 'this_over_after': []}, {'over': '8.3', 'type': 'wide', 'runs': 1, 'this_over_after': []}]
  CB: LSG 55-4 (10)  crr=5.5  ps=1(2)  recent=...
  CB BAT: Himmat Singh* 1(1), Mitchell Marsh 29(24)
  CB BOWL: Ravindra Jadeja 1-9 (2)
  LAST WKT: Nicholas Pooran  c Donovan Ferreira b Ravindra Jadeja 22(25)  - 54/4 in 9.4 ov.
  ⚠ DIVERGENCE: OVERS: ui=10.0 cb=10 | BATTERS_MISSING_IN_UI: {'singh'} (ui={'marsh'}, cb={'marsh', 'singh'}) | BAT_marsh: ui=34(24) cb=29(24) | FOW_UNKNOWN: 3 placeholder(s) awaiting broadcast upgrade | BOWLER: ui=Nandre Burger cb=Ravindra Jadeja

[22:31:53  iter#79]
  UI: Lucknow Super Giants 55-4 (10.0)  str=None nstr=Mitchell Marsh  bowl=Ravi Bishnoi 1-10 (2.0)
  this_over=['.', '2', 'W', '1', '.']  fow=4 (unk=3)  last_fow={'wicket': 4, 'batter': 'Nicholas Pooran', 'score': 54, 'overs': '9.4', 'bowler': 'Ravindra Jadeja', 'how': None, '_unwitnessed': False}
  delivery: len=short_of_length line=leg_stump shot=defended [layer2]
  extras: this_over=3 innings=3 [w1/nb2/b0/lb0]
  extras_log: [{'over': '6.5', 'type': 'no_ball', 'runs': 1, 'this_over_after': []}, {'over': '8.1', 'type': 'no_ball', 'runs': 1, 'this_over_after': []}, {'over': '8.3', 'type': 'wide', 'runs': 1, 'this_over_after': []}]
  CB: LSG 55-4 (10)  crr=5.5  ps=1(2)  recent=...
  CB BAT: Himmat Singh* 1(1), Mitchell Marsh 29(24)
  CB BOWL: Ravindra Jadeja 1-9 (2)
  LAST WKT: Nicholas Pooran  c Donovan Ferreira b Ravindra Jadeja 22(25)  - 54/4 in 9.4 ov.
  ⚠ DIVERGENCE: OVERS: ui=10.0 cb=10 | BATTERS_MISSING_IN_UI: {'singh'} (ui={'marsh'}, cb={'marsh', 'singh'}) | BAT_marsh: ui=34(24) cb=29(24) | FOW_UNKNOWN: 3 placeholder(s) awaiting broadcast upgrade | BOWLER: ui=Ravi Bishnoi cb=Ravindra Jadeja

[22:32:14  iter#80]
  UI: Lucknow Super Giants 55-4 (10.0)  str=None nstr=Mitchell Marsh  bowl=Ravi Bishnoi 1-10 (2.0)
  this_over=['.', '2', 'W', '1', '.']  fow=4 (unk=3)  last_fow={'wicket': 4, 'batter': 'Nicholas Pooran', 'score': 54, 'overs': '9.4', 'bowler': 'Ravindra Jadeja', 'how': None, '_unwitnessed': False}
  delivery: len=short_of_length line=leg_stump shot=defended [layer2]
  extras: this_over=3 innings=3 [w1/nb2/b0/lb0]
  extras_log: [{'over': '6.5', 'type': 'no_ball', 'runs': 1, 'this_over_after': []}, {'over': '8.1', 'type': 'no_ball', 'runs': 1, 'this_over_after': []}, {'over': '8.3', 'type': 'wide', 'runs': 1, 'this_over_after': []}]
  CB: LSG 55-4 (10)  crr=5.5  ps=1(2)  recent=...
  CB BAT: Himmat Singh* 1(1), Mitchell Marsh 29(24)
  CB BOWL: Ravindra Jadeja 1-9 (2)
  LAST WKT: Nicholas Pooran  c Donovan Ferreira b Ravindra Jadeja 22(25)  - 54/4 in 9.4 ov.
  ⚠ DIVERGENCE: OVERS: ui=10.0 cb=10 | BATTERS_MISSING_IN_UI: {'singh'} (ui={'marsh'}, cb={'marsh', 'singh'}) | BAT_marsh: ui=34(24) cb=29(24) | FOW_UNKNOWN: 3 placeholder(s) awaiting broadcast upgrade | BOWLER: ui=Ravi Bishnoi cb=Ravindra Jadeja

[22:32:35  iter#81]
  UI: Lucknow Super Giants 55-4 (10.0)  str=None nstr=Mitchell Marsh  bowl=Ravi Bishnoi 1-10 (2.0)
  this_over=['.', '2', 'W', '1', '.']  fow=4 (unk=3)  last_fow={'wicket': 4, 'batter': 'Nicholas Pooran', 'score': 54, 'overs': '9.4', 'bowler': 'Ravindra Jadeja', 'how': None, '_unwitnessed': False}
  delivery: len=short_of_length line=leg_stump shot=defended [layer2]
  extras: this_over=3 innings=3 [w1/nb2/b0/lb0]
  extras_log: [{'over': '6.5', 'type': 'no_ball', 'runs': 1, 'this_over_after': []}, {'over': '8.1', 'type': 'no_ball', 'runs': 1, 'this_over_after': []}, {'over': '8.3', 'type': 'wide', 'runs': 1, 'this_over_after': []}]
  CB: LSG 55-4 (10)  crr=5.5  ps=1(2)  recent=...
  CB BAT: Himmat Singh* 1(1), Mitchell Marsh 29(24)
  CB BOWL: Ravindra Jadeja 1-9 (2)
  LAST WKT: Nicholas Pooran  c Donovan Ferreira b Ravindra Jadeja 22(25)  - 54/4 in 9.4 ov.
  ⚠ DIVERGENCE: OVERS: ui=10.0 cb=10 | BATTERS_MISSING_IN_UI: {'singh'} (ui={'marsh'}, cb={'marsh', 'singh'}) | BAT_marsh: ui=34(24) cb=29(24) | FOW_UNKNOWN: 3 placeholder(s) awaiting broadcast upgrade | BOWLER: ui=Ravi Bishnoi cb=Ravindra Jadeja

[22:32:56  iter#82]
  UI: LSG 56-4 (10.1)  str=Mitchell Marsh nstr=None  bowl=None None-None (None)
  this_over=['1']  fow=0 (unk=0)  last_fow=None
  delivery: len=short_of_length line=leg_stump shot=defended [layer2]
  extras: this_over=0 innings=None [w0/nb0/b0/lb0]
  CB: LSG 56-4 (10.1)  crr=5.51  ps=2(3)  recent=1
  CB BAT: Mitchell Marsh* 29(24), Himmat Singh 2(2)
  CB BOWL: Ravindra Jadeja 1-9 (2)
  LAST WKT: Nicholas Pooran  c Donovan Ferreira b Ravindra Jadeja 22(25)  - 54/4 in 9.4 ov.
  ⚠ DIVERGENCE: BATTERS_MISSING_IN_UI: {'singh'} (ui={'marsh'}, cb={'marsh', 'singh'}) | FOW_COUNT: ui=0 vs wickets=4 | BOWLER: ui=None cb=Ravindra Jadeja

[22:33:18  iter#83]
  UI: Lucknow Super Giants 56-4 (10.1)  str=Mitchell Marsh nstr=None  bowl=Ravi Bishnoi 1-10 (2.0)
  this_over=['1']  fow=4 (unk=3)  last_fow={'wicket': 4, 'batter': 'Nicholas Pooran', 'score': 54, 'overs': '9.4', 'bowler': 'Ravindra Jadeja', 'how': None, '_unwitnessed': False}
  delivery: len=good_length line=outside_off shot=in_the_air [layer2]
  extras: this_over=3 innings=3 [w1/nb2/b0/lb0]
  extras_log: [{'over': '6.5', 'type': 'no_ball', 'runs': 1, 'this_over_after': []}, {'over': '8.1', 'type': 'no_ball', 'runs': 1, 'this_over_after': []}, {'over': '8.3', 'type': 'wide', 'runs': 1, 'this_over_after': []}]
  CB: LSG 60-4 (10.2)  crr=5.81  ps=6(4)  recent=1 4
  CB BAT: Mitchell Marsh* 33(25), Himmat Singh 2(2)
  CB BOWL: Ravindra Jadeja 1-9 (2)
  LAST WKT: Nicholas Pooran  c Donovan Ferreira b Ravindra Jadeja 22(25)  - 54/4 in 9.4 ov.
  ⚠ DIVERGENCE: SCORE: ui=56 cb=60 | OVERS: ui=10.1 cb=10.2 | BATTERS_MISSING_IN_UI: {'singh'} (ui={'marsh'}, cb={'marsh', 'singh'}) | BAT_marsh: ui=34(24) cb=33(25) | FOW_UNKNOWN: 3 placeholder(s) awaiting broadcast upgrade | BOWLER: ui=Ravi Bishnoi cb=Ravindra Jadeja

[22:33:43  iter#84]
  UI: LSG 60-4 (10.2)  str=Mitchell Marsh nstr=None  bowl=None None-None (None)
  this_over=['1', '4']  fow=0 (unk=0)  last_fow=None
  delivery: len=good_length line=outside_off shot=in_the_air [layer2]
  extras: this_over=0 innings=None [w0/nb0/b0/lb0]
  CB: LSG 60-4 (10.2)  crr=5.81  ps=6(4)  recent=1 4
  CB BAT: Mitchell Marsh* 33(25), Himmat Singh 2(2)
  CB BOWL: Ravindra Jadeja 1-9 (2)
  LAST WKT: Nicholas Pooran  c Donovan Ferreira b Ravindra Jadeja 22(25)  - 54/4 in 9.4 ov.
  ⚠ DIVERGENCE: BATTERS_MISSING_IN_UI: {'singh'} (ui={'marsh'}, cb={'marsh', 'singh'}) | FOW_COUNT: ui=0 vs wickets=4 | BOWLER: ui=None cb=Ravindra Jadeja

[22:34:06  iter#85]
  UI: Lucknow Super Giants 60-4 (10.3)  str=Mitchell Marsh nstr=None  bowl=Ravi Bishnoi 1-14 (2.2)
  this_over=['1', '4', '.']  fow=4 (unk=3)  last_fow={'wicket': 4, 'batter': 'Nicholas Pooran', 'score': 54, 'overs': '9.4', 'bowler': 'Ravindra Jadeja', 'how': None, '_unwitnessed': False}
  delivery: len=short_of_length line=leg_stump shot=in_the_air [layer2]
  extras: this_over=3 innings=3 [w1/nb2/b0/lb0]
  extras_log: [{'over': '6.5', 'type': 'no_ball', 'runs': 1, 'this_over_after': []}, {'over': '8.1', 'type': 'no_ball', 'runs': 1, 'this_over_after': []}, {'over': '8.3', 'type': 'wide', 'runs': 1, 'this_over_after': []}]
  CB: LSG 61-4 (10.4)  crr=5.72  ps=7(6)  recent=1 4 0 1
  CB BAT: Himmat Singh* 2(2), Mitchell Marsh 34(27)
  CB BOWL: Ravindra Jadeja 1-9 (2)
  LAST WKT: Nicholas Pooran  c Donovan Ferreira b Ravindra Jadeja 22(25)  - 54/4 in 9.4 ov.
  ⚠ DIVERGENCE: SCORE: ui=60 cb=61 | OVERS: ui=10.3 cb=10.4 | STRIKER: ui=Mitchell Marsh cb=Himmat Singh | BATTERS_MISSING_IN_UI: {'singh'} (ui={'marsh'}, cb={'marsh', 'singh'}) | BAT_marsh: ui=34(26) cb=34(27) | FOW_UNKNOWN: 3 placeholder(s) awaiting broadcast upgrade | BOWLER: ui=Ravi Bishnoi cb=Ravindra Jadeja

[22:34:27  iter#86]
  UI: Lucknow Super Giants 61-4 (10.4)  str=None nstr=Mitchell Marsh  bowl=Ravi Bishnoi 1-15 (2.3)
  this_over=['1', '4', '.', '1']  fow=4 (unk=3)  last_fow={'wicket': 4, 'batter': 'Nicholas Pooran', 'score': 54, 'overs': '9.4', 'bowler': 'Ravindra Jadeja', 'how': None, '_unwitnessed': False}
  delivery: len=short_of_length line=leg_stump shot=in_the_air [layer2]
  extras: this_over=3 innings=3 [w1/nb2/b0/lb0]
  extras_log: [{'over': '6.5', 'type': 'no_ball', 'runs': 1, 'this_over_after': []}, {'over': '8.1', 'type': 'no_ball', 'runs': 1, 'this_over_after': []}, {'over': '8.3', 'type': 'wide', 'runs': 1, 'this_over_after': []}]
  CB: LSG 61-4 (10.4)  crr=5.72  ps=7(6)  recent=1 4 0 1
  CB BAT: Himmat Singh* 2(2), Mitchell Marsh 34(27)
  CB BOWL: Ravindra Jadeja 1-9 (2)
  LAST WKT: Nicholas Pooran  c Donovan Ferreira b Ravindra Jadeja 22(25)  - 54/4 in 9.4 ov.
  ⚠ DIVERGENCE: BATTERS_MISSING_IN_UI: {'singh'} (ui={'marsh'}, cb={'marsh', 'singh'}) | FOW_UNKNOWN: 3 placeholder(s) awaiting broadcast upgrade | BOWLER: ui=Ravi Bishnoi cb=Ravindra Jadeja

[22:34:50  iter#87]
  UI: Lucknow Super Giants 61-4 (10.4)  str=None nstr=Mitchell Marsh  bowl=Ravi Bishnoi 0-12 (1.4)
  this_over=['1', '4', '.', '1']  fow=4 (unk=3)  last_fow={'wicket': 4, 'batter': 'Nicholas Pooran', 'score': 54, 'overs': '9.4', 'bowler': 'Ravindra Jadeja', 'how': None, '_unwitnessed': False}
  delivery: len=good_length line=leg_stump shot=in_the_air [layer2]
  extras: this_over=3 innings=3 [w1/nb2/b0/lb0]
  extras_log: [{'over': '6.5', 'type': 'no_ball', 'runs': 1, 'this_over_after': []}, {'over': '8.1', 'type': 'no_ball', 'runs': 1, 'this_over_after': []}, {'over': '8.3', 'type': 'wide', 'runs': 1, 'this_over_after': []}]
  CB: LSG 61-4 (10.4)  crr=5.72  ps=7(6)  recent=1 4 0 1
  CB BAT: Himmat Singh* 2(2), Mitchell Marsh 34(27)
  CB BOWL: Ravindra Jadeja 1-9 (2)
  LAST WKT: Nicholas Pooran  c Donovan Ferreira b Ravindra Jadeja 22(25)  - 54/4 in 9.4 ov.
  ⚠ DIVERGENCE: BATTERS_MISSING_IN_UI: {'singh'} (ui={'marsh'}, cb={'marsh', 'singh'}) | FOW_UNKNOWN: 3 placeholder(s) awaiting broadcast upgrade | BOWLER: ui=Ravi Bishnoi cb=Ravindra Jadeja

[22:35:13  iter#88]
  UI: Lucknow Super Giants 62-4 (10.4)  str=None nstr=Mitchell Marsh  bowl=Ravi Bishnoi 0-13 (1.4)
  this_over=['1', '4', '.', '1', 'Wd']  fow=4 (unk=3)  last_fow={'wicket': 4, 'batter': 'Nicholas Pooran', 'score': 54, 'overs': '9.4', 'bowler': 'Ravindra Jadeja', 'how': None, '_unwitnessed': False}
  delivery: len=short_of_length line=leg_stump shot=in_the_air [layer2]
  extras: this_over=4 innings=4 [w2/nb2/b0/lb0]
  extras_log: [{'over': '8.1', 'type': 'no_ball', 'runs': 1, 'this_over_after': []}, {'over': '8.3', 'type': 'wide', 'runs': 1, 'this_over_after': []}, {'over': '10.4', 'type': 'wide', 'runs': 1, 'this_over_after': []}]
  CB: LSG 62-4 (10.4)  crr=5.81  ps=8(6)  recent=1 4 0 1 W
  CB BAT: Himmat Singh* 2(2), Mitchell Marsh 34(27)
  CB BOWL: Ravindra Jadeja 1-9 (2)
  LAST WKT: Nicholas Pooran  c Donovan Ferreira b Ravindra Jadeja 22(25)  - 54/4 in 9.4 ov.
  ⚠ DIVERGENCE: BATTERS_MISSING_IN_UI: {'singh'} (ui={'marsh'}, cb={'marsh', 'singh'}) | FOW_UNKNOWN: 3 placeholder(s) awaiting broadcast upgrade | BOWLER: ui=Ravi Bishnoi cb=Ravindra Jadeja

[22:35:34  iter#89]
  UI: Lucknow Super Giants 62-4 (10.4)  str=None nstr=Mitchell Marsh  bowl=Ravi Bishnoi 0-13 (1.4)
  this_over=['1', '4', '.', '1', 'Wd']  fow=4 (unk=3)  last_fow={'wicket': 4, 'batter': 'Nicholas Pooran', 'score': 54, 'overs': '9.4', 'bowler': 'Ravindra Jadeja', 'how': None, '_unwitnessed': False}
  delivery: len=short_of_length line=leg_stump shot=in_the_air [layer2]
  extras: this_over=4 innings=4 [w2/nb2/b0/lb0]
  extras_log: [{'over': '8.1', 'type': 'no_ball', 'runs': 1, 'this_over_after': []}, {'over': '8.3', 'type': 'wide', 'runs': 1, 'this_over_after': []}, {'over': '10.4', 'type': 'wide', 'runs': 1, 'this_over_after': []}]
  CB: LSG 62-4 (10.5)  crr=5.72  ps=8(7)  recent=1 4 0 1 W
  CB BAT: Himmat Singh* 2(3), Mitchell Marsh 34(27)
  CB BOWL: Ravindra Jadeja 1-9 (2)
  LAST WKT: Nicholas Pooran  c Donovan Ferreira b Ravindra Jadeja 22(25)  - 54/4 in 9.4 ov.
  ⚠ DIVERGENCE: OVERS: ui=10.4 cb=10.5 | BATTERS_MISSING_IN_UI: {'singh'} (ui={'marsh'}, cb={'marsh', 'singh'}) | BAT_singh: ui=2(2) cb=2(3) | FOW_UNKNOWN: 3 placeholder(s) awaiting broadcast upgrade | BOWLER: ui=Ravi Bishnoi cb=Ravindra Jadeja

[22:35:55  iter#90]
  UI: Lucknow Super Giants 62-4 (10.5)  str=None nstr=Mitchell Marsh  bowl=Ravi Bishnoi 0-13 (1.5)
  this_over=['1', '4', '.', '1', 'Wd', '.']  fow=4 (unk=3)  last_fow={'wicket': 4, 'batter': 'Nicholas Pooran', 'score': 54, 'overs': '9.4', 'bowler': 'Ravindra Jadeja', 'how': None, '_unwitnessed': False}
  delivery: len=short_of_length line=leg_stump shot=in_the_air [layer2]
  extras: this_over=4 innings=4 [w2/nb2/b0/lb0]
  extras_log: [{'over': '8.1', 'type': 'no_ball', 'runs': 1, 'this_over_after': []}, {'over': '8.3', 'type': 'wide', 'runs': 1, 'this_over_after': []}, {'over': '10.4', 'type': 'wide', 'runs': 1, 'this_over_after': []}]
  CB: LSG 62-4 (11)  crr=5.64  ps=8(8)  recent=1 4 0 1 W
  CB BAT: Mitchell Marsh* 34(27), Himmat Singh 2(4)
  CB BOWL: Ravi Bishnoi 0-13 (2)
  LAST WKT: Nicholas Pooran  c Donovan Ferreira b Ravindra Jadeja 22(25)  - 54/4 in 9.4 ov.
  ⚠ DIVERGENCE: OVERS: ui=10.5 cb=11 | BATTERS_MISSING_IN_UI: {'singh'} (ui={'marsh'}, cb={'marsh', 'singh'}) | BAT_singh: ui=2(3) cb=2(4) | FOW_UNKNOWN: 3 placeholder(s) awaiting broadcast upgrade | BOWL_O: ui=1.5 cb=2

[22:36:20  iter#91]
  WS ERR: ''
  CB: LSG 62-4 (11)  crr=5.64  ps=8(8)  recent=1 4 0 1 W
  CB BAT: Mitchell Marsh* 34(27), Himmat Singh 2(4)
  CB BOWL: Ravi Bishnoi 0-13 (2)
  LAST WKT: Nicholas Pooran  c Donovan Ferreira b Ravindra Jadeja 22(25)  - 54/4 in 9.4 ov.
  ⚠ DIVERGENCE: BATTERS_MISSING_IN_UI: {'marsh', 'singh'} (ui=set(), cb={'marsh', 'singh'}) | BOWLER: ui=None cb=Ravi Bishnoi

[22:36:44  iter#92]
  UI: Lucknow Super Giants 62-4 (11.0)  str=Mitchell Marsh nstr=None  bowl=Ravindra Jadeja 1-13 (3.0)
  this_over=['1', '4', '.', '1', 'Wd', '.', '.']  fow=4 (unk=3)  last_fow={'wicket': 4, 'batter': 'Nicholas Pooran', 'score': 54, 'overs': '9.4', 'bowler': 'Ravindra Jadeja', 'how': None, '_unwitnessed': False}
  delivery: len=short_of_length line=leg_stump shot=in_the_air [layer2]
  extras: this_over=4 innings=4 [w2/nb2/b0/lb0]
  extras_log: [{'over': '8.1', 'type': 'no_ball', 'runs': 1, 'this_over_after': []}, {'over': '8.3', 'type': 'wide', 'runs': 1, 'this_over_after': []}, {'over': '10.4', 'type': 'wide', 'runs': 1, 'this_over_after': []}]
  CB: LSG 62-4 (11)  crr=5.64  ps=8(8)  recent=1 4 0 1 W
  CB BAT: Mitchell Marsh* 34(27), Himmat Singh 2(4)
  CB BOWL: Ravi Bishnoi 0-13 (2)
  LAST WKT: Nicholas Pooran  c Donovan Ferreira b Ravindra Jadeja 22(25)  - 54/4 in 9.4 ov.
  ⚠ DIVERGENCE: OVERS: ui=11.0 cb=11 | BATTERS_MISSING_IN_UI: {'singh'} (ui={'marsh'}, cb={'marsh', 'singh'}) | FOW_UNKNOWN: 3 placeholder(s) awaiting broadcast upgrade | BOWLER: ui=Ravindra Jadeja cb=Ravi Bishnoi

[22:37:04  iter#93]
  UI: Lucknow Super Giants 62-4 (11.0)  str=Mitchell Marsh nstr=None  bowl=Ravindra Jadeja 1-13 (3.0)
  this_over=['1', '4', '.', '1', 'Wd', '.', '.']  fow=4 (unk=3)  last_fow={'wicket': 4, 'batter': 'Nicholas Pooran', 'score': 54, 'overs': '9.4', 'bowler': 'Ravindra Jadeja', 'how': None, '_unwitnessed': False}
  delivery: len=short_of_length line=leg_stump shot=in_the_air [layer2]
  extras: this_over=4 innings=4 [w2/nb2/b0/lb0]
  extras_log: [{'over': '8.1', 'type': 'no_ball', 'runs': 1, 'this_over_after': []}, {'over': '8.3', 'type': 'wide', 'runs': 1, 'this_over_after': []}, {'over': '10.4', 'type': 'wide', 'runs': 1, 'this_over_after': []}]
  CB: LSG 66-4 (11.1)  crr=5.91  ps=12(9)  recent=4
  CB BAT: Mitchell Marsh* 38(28), Himmat Singh 2(4)
  CB BOWL: Ravi Bishnoi 0-13 (2)
  LAST WKT: Nicholas Pooran  c Donovan Ferreira b Ravindra Jadeja 22(25)  - 54/4 in 9.4 ov.
  ⚠ DIVERGENCE: SCORE: ui=62 cb=66 | OVERS: ui=11.0 cb=11.1 | BATTERS_MISSING_IN_UI: {'singh'} (ui={'marsh'}, cb={'marsh', 'singh'}) | BAT_marsh: ui=34(27) cb=38(28) | FOW_UNKNOWN: 3 placeholder(s) awaiting broadcast upgrade | BOWLER: ui=Ravindra Jadeja cb=Ravi Bishnoi

[22:37:25  iter#94]
  UI: Lucknow Super Giants 66-4 (11.1)  str=Mitchell Marsh nstr=None  bowl=Ravindra Jadeja 1-13 (2.1)
  this_over=['4']  fow=4 (unk=3)  last_fow={'wicket': 4, 'batter': 'Nicholas Pooran', 'score': 54, 'overs': '9.4', 'bowler': 'Ravindra Jadeja', 'how': None, '_unwitnessed': False}
  delivery: len=short_of_length line=leg_stump shot=in_the_air [layer2]
  extras: this_over=4 innings=4 [w2/nb2/b0/lb0]
  extras_log: [{'over': '8.1', 'type': 'no_ball', 'runs': 1, 'this_over_after': []}, {'over': '8.3', 'type': 'wide', 'runs': 1, 'this_over_after': []}, {'over': '10.4', 'type': 'wide', 'runs': 1, 'this_over_after': []}]
  CB: LSG 66-4 (11.1)  crr=5.91  ps=12(9)  recent=4
  CB BAT: Mitchell Marsh* 38(28), Himmat Singh 2(4)
  CB BOWL: Ravi Bishnoi 0-13 (2)
  LAST WKT: Nicholas Pooran  c Donovan Ferreira b Ravindra Jadeja 22(25)  - 54/4 in 9.4 ov.
  ⚠ DIVERGENCE: BATTERS_MISSING_IN_UI: {'singh'} (ui={'marsh'}, cb={'marsh', 'singh'}) | FOW_UNKNOWN: 3 placeholder(s) awaiting broadcast upgrade | BOWLER: ui=Ravindra Jadeja cb=Ravi Bishnoi

[22:37:45  iter#95]
  UI: Lucknow Super Giants 70-4 (11.2)  str=Mitchell Marsh nstr=None  bowl=Ravindra Jadeja 1-17 (2.2)
  this_over=['4', '4']  fow=4 (unk=3)  last_fow={'wicket': 4, 'batter': 'Nicholas Pooran', 'score': 54, 'overs': '9.4', 'bowler': 'Ravindra Jadeja', 'how': None, '_unwitnessed': False}
  delivery: len=short_of_length line=leg_stump shot=in_the_air [layer2]
  extras: this_over=4 innings=4 [w2/nb2/b0/lb0]
  extras_log: [{'over': '8.1', 'type': 'no_ball', 'runs': 1, 'this_over_after': []}, {'over': '8.3', 'type': 'wide', 'runs': 1, 'this_over_after': []}, {'over': '10.4', 'type': 'wide', 'runs': 1, 'this_over_after': []}]
  CB: LSG 66-4 (11.1)  crr=5.91  ps=12(9)  recent=4
  CB BAT: Mitchell Marsh* 38(28), Himmat Singh 2(4)
  CB BOWL: Ravi Bishnoi 0-13 (2)
  LAST WKT: Nicholas Pooran  c Donovan Ferreira b Ravindra Jadeja 22(25)  - 54/4 in 9.4 ov.
  ⚠ DIVERGENCE: SCORE: ui=70 cb=66 | OVERS: ui=11.2 cb=11.1 | BATTERS_MISSING_IN_UI: {'singh'} (ui={'marsh'}, cb={'marsh', 'singh'}) | BAT_marsh: ui=42(29) cb=38(28) | FOW_UNKNOWN: 3 placeholder(s) awaiting broadcast upgrade | BOWLER: ui=Ravindra Jadeja cb=Ravi Bishnoi

[22:38:09  iter#96]
  UI: Lucknow Super Giants 71-4 (11.3)  str=None nstr=Mitchell Marsh  bowl=Ravindra Jadeja 1-19 (2.4)
  this_over=['4', '4', '1']  fow=4 (unk=3)  last_fow={'wicket': 4, 'batter': 'Nicholas Pooran', 'score': 54, 'overs': '9.4', 'bowler': 'Ravindra Jadeja', 'how': None, '_unwitnessed': False}
  delivery: len=short_of_length line=outside_off shot=in_the_air [layer2]
  extras: this_over=4 innings=4 [w2/nb2/b0/lb0]
  extras_log: [{'over': '8.1', 'type': 'no_ball', 'runs': 1, 'this_over_after': []}, {'over': '8.3', 'type': 'wide', 'runs': 1, 'this_over_after': []}, {'over': '10.4', 'type': 'wide', 'runs': 1, 'this_over_after': []}]
  CB: LSG 71-4 (11.3)  crr=6.17  ps=17(11)  recent=4 4 1
  CB BAT: Himmat Singh* 2(4), Mitchell Marsh 43(30)
  CB BOWL: Ravi Bishnoi 0-13 (2)
  LAST WKT: Nicholas Pooran  c Donovan Ferreira b Ravindra Jadeja 22(25)  - 54/4 in 9.4 ov.
  ⚠ DIVERGENCE: BATTERS_MISSING_IN_UI: {'singh'} (ui={'marsh'}, cb={'marsh', 'singh'}) | FOW_UNKNOWN: 3 placeholder(s) awaiting broadcast upgrade | BOWLER: ui=Ravindra Jadeja cb=Ravi Bishnoi

[22:38:32  iter#97]
  UI: Lucknow Super Giants 72-4 (11.4)  str=Mitchell Marsh nstr=None  bowl=Ravindra Jadeja 1-20 (2.5)
  this_over=['4', '4', '1', '1']  fow=4 (unk=3)  last_fow={'wicket': 4, 'batter': 'Nicholas Pooran', 'score': 54, 'overs': '9.4', 'bowler': 'Ravindra Jadeja', 'how': None, '_unwitnessed': False}
  delivery: len=good_length line=leg_stump shot=in_the_air [layer2]
  extras: this_over=4 innings=4 [w2/nb2/b0/lb0]
  extras_log: [{'over': '8.1', 'type': 'no_ball', 'runs': 1, 'this_over_after': []}, {'over': '8.3', 'type': 'wide', 'runs': 1, 'this_over_after': []}, {'over': '10.4', 'type': 'wide', 'runs': 1, 'this_over_after': []}]
  CB: LSG 72-4 (11.4)  crr=6.17  ps=18(12)  recent=4 4 1 1
  CB BAT: Mitchell Marsh* 43(30), Himmat Singh 3(5)
  CB BOWL: Ravi Bishnoi 0-13 (2)
  LAST WKT: Nicholas Pooran  c Donovan Ferreira b Ravindra Jadeja 22(25)  - 54/4 in 9.4 ov.
  ⚠ DIVERGENCE: BATTERS_MISSING_IN_UI: {'singh'} (ui={'marsh'}, cb={'marsh', 'singh'}) | FOW_UNKNOWN: 3 placeholder(s) awaiting broadcast upgrade | BOWLER: ui=Ravindra Jadeja cb=Ravi Bishnoi

[22:38:55  iter#98]
  UI: Lucknow Super Giants 73-4 (11.5)  str=None nstr=Mitchell Marsh  bowl=Ravindra Jadeja 1-21 (3.0)
  this_over=['4', '4', '1', '1', '1']  fow=4 (unk=3)  last_fow={'wicket': 4, 'batter': 'Nicholas Pooran', 'score': 54, 'overs': '9.4', 'bowler': 'Ravindra Jadeja', 'how': None, '_unwitnessed': False}
  delivery: len=short_of_length line=leg_stump shot=in_the_air [layer2]
  extras: this_over=4 innings=4 [w2/nb2/b0/lb0]
  extras_log: [{'over': '8.1', 'type': 'no_ball', 'runs': 1, 'this_over_after': []}, {'over': '8.3', 'type': 'wide', 'runs': 1, 'this_over_after': []}, {'over': '10.4', 'type': 'wide', 'runs': 1, 'this_over_after': []}]
  CB: LSG 74-4 (12)  crr=6.17  ps=20(14)  recent=4 4 1 1 1 1
  CB BAT: Himmat Singh* 4(6), Mitchell Marsh 44(31)
  CB BOWL: Ravindra Jadeja 1-21 (3)
  LAST WKT: Nicholas Pooran  c Donovan Ferreira b Ravindra Jadeja 22(25)  - 54/4 in 9.4 ov.
  ⚠ DIVERGENCE: SCORE: ui=73 cb=74 | OVERS: ui=11.5 cb=12 | BATTERS_MISSING_IN_UI: {'singh'} (ui={'marsh'}, cb={'marsh', 'singh'}) | BAT_singh: ui=3(5) cb=4(6) | FOW_UNKNOWN: 3 placeholder(s) awaiting broadcast upgrade | BOWL_O: ui=3.0 cb=3

[22:39:16  iter#99]
  UI: Lucknow Super Giants 74-4 (12.0)  str=None nstr=Mitchell Marsh  bowl=Nandre Burger 1-15 (3.0)
  this_over=['4', '4', '1', '1', '1', '1']  fow=4 (unk=3)  last_fow={'wicket': 4, 'batter': 'Nicholas Pooran', 'score': 54, 'overs': '9.4', 'bowler': 'Ravindra Jadeja', 'how': None, '_unwitnessed': False}
  delivery: len=short_of_length line=leg_stump shot=in_the_air [layer2]
  extras: this_over=4 innings=4 [w2/nb2/b0/lb0]
  extras_log: [{'over': '8.1', 'type': 'no_ball', 'runs': 1, 'this_over_after': []}, {'over': '8.3', 'type': 'wide', 'runs': 1, 'this_over_after': []}, {'over': '10.4', 'type': 'wide', 'runs': 1, 'this_over_after': []}]
  CB: LSG 74-4 (12)  crr=6.17  ps=20(14)  recent=4 4 1 1 1 1
  CB BAT: Himmat Singh* 4(6), Mitchell Marsh 44(31)
  CB BOWL: Ravindra Jadeja 1-21 (3)
  LAST WKT: Nicholas Pooran  c Donovan Ferreira b Ravindra Jadeja 22(25)  - 54/4 in 9.4 ov.
  ⚠ DIVERGENCE: OVERS: ui=12.0 cb=12 | BATTERS_MISSING_IN_UI: {'singh'} (ui={'marsh'}, cb={'marsh', 'singh'}) | FOW_UNKNOWN: 3 placeholder(s) awaiting broadcast upgrade | BOWLER: ui=Nandre Burger cb=Ravindra Jadeja

[22:39:40  iter#100]
  WS ERR: ''
  CB: LSG 74-4 (12)  crr=6.17  ps=20(14)  recent=4 4 1 1 1 1
  CB BAT: Himmat Singh* 4(6), Mitchell Marsh 44(31)
  CB BOWL: Ravindra Jadeja 1-21 (3)
  LAST WKT: Nicholas Pooran  c Donovan Ferreira b Ravindra Jadeja 22(25)  - 54/4 in 9.4 ov.
  ⚠ DIVERGENCE: BATTERS_MISSING_IN_UI: {'marsh', 'singh'} (ui=set(), cb={'marsh', 'singh'}) | BOWLER: ui=None cb=Ravindra Jadeja

[22:40:03  iter#101]
  UI: Lucknow Super Giants 74-4 (12.0)  str=None nstr=Mitchell Marsh  bowl=Nandre Burger 1-15 (3.0)
  this_over=['4', '4', '1', '1', '1', '1']  fow=4 (unk=3)  last_fow={'wicket': 4, 'batter': 'Nicholas Pooran', 'score': 54, 'overs': '9.4', 'bowler': 'Ravindra Jadeja', 'how': None, '_unwitnessed': False}
  delivery: len=good_length line=outside_off shot=in_the_air [layer2]
  extras: this_over=4 innings=4 [w2/nb2/b0/lb0]
  extras_log: [{'over': '8.1', 'type': 'no_ball', 'runs': 1, 'this_over_after': []}, {'over': '8.3', 'type': 'wide', 'runs': 1, 'this_over_after': []}, {'over': '10.4', 'type': 'wide', 'runs': 1, 'this_over_after': []}]
  CB: LSG 74-4 (12)  crr=6.17  ps=20(14)  recent=4 4 1 1 1 1
  CB BAT: Himmat Singh* 4(6), Mitchell Marsh 44(31)
  CB BOWL: Ravindra Jadeja 1-21 (3)
  LAST WKT: Nicholas Pooran  c Donovan Ferreira b Ravindra Jadeja 22(25)  - 54/4 in 9.4 ov.
  ⚠ DIVERGENCE: OVERS: ui=12.0 cb=12 | BATTERS_MISSING_IN_UI: {'singh'} (ui={'marsh'}, cb={'marsh', 'singh'}) | FOW_UNKNOWN: 3 placeholder(s) awaiting broadcast upgrade | BOWLER: ui=Nandre Burger cb=Ravindra Jadeja

[22:40:25  iter#102]
  UI: Lucknow Super Giants 74-4 (12.0)  str=None nstr=Mitchell Marsh  bowl=Brijesh Sharma 1-13 (2.0)
  this_over=['4', '4', '1', '1', '1', '1']  fow=4 (unk=3)  last_fow={'wicket': 4, 'batter': 'Nicholas Pooran', 'score': 54, 'overs': '9.4', 'bowler': 'Ravindra Jadeja', 'how': None, '_unwitnessed': False}
  delivery: len=good_length line=outside_off shot=in_the_air [layer2]
  extras: this_over=4 innings=4 [w2/nb2/b0/lb0]
  extras_log: [{'over': '8.1', 'type': 'no_ball', 'runs': 1, 'this_over_after': []}, {'over': '8.3', 'type': 'wide', 'runs': 1, 'this_over_after': []}, {'over': '10.4', 'type': 'wide', 'runs': 1, 'this_over_after': []}]
  CB: LSG 74-4 (12)  crr=6.17  ps=20(14)  recent=...
  CB BAT: Himmat Singh* 4(6), Mitchell Marsh 44(31)
  CB BOWL: Ravindra Jadeja 1-21 (3)
  LAST WKT: Nicholas Pooran  c Donovan Ferreira b Ravindra Jadeja 22(25)  - 54/4 in 9.4 ov.
  ⚠ DIVERGENCE: OVERS: ui=12.0 cb=12 | BATTERS_MISSING_IN_UI: {'singh'} (ui={'marsh'}, cb={'marsh', 'singh'}) | FOW_UNKNOWN: 3 placeholder(s) awaiting broadcast upgrade | BOWLER: ui=Brijesh Sharma cb=Ravindra Jadeja

[22:40:48  iter#103]
  UI: Lucknow Super Giants 74-4 (12.0)  str=None nstr=Mitchell Marsh  bowl=Brijesh Sharma 1-13 (2.0)
  this_over=['4', '4', '1', '1', '1', '1']  fow=4 (unk=3)  last_fow={'wicket': 4, 'batter': 'Nicholas Pooran', 'score': 54, 'overs': '9.4', 'bowler': 'Ravindra Jadeja', 'how': None, '_unwitnessed': False}
  delivery: len=good_length line=outside_off shot=in_the_air [layer2]
  extras: this_over=4 innings=4 [w2/nb2/b0/lb0]
  extras_log: [{'over': '8.1', 'type': 'no_ball', 'runs': 1, 'this_over_after': []}, {'over': '8.3', 'type': 'wide', 'runs': 1, 'this_over_after': []}, {'over': '10.4', 'type': 'wide', 'runs': 1, 'this_over_after': []}]
  CB: LSG 75-4 (12.1)  crr=6.16  ps=21(15)  recent=1
  CB BAT: Mitchell Marsh* 44(31), Himmat Singh 5(7)
  CB BOWL: Ravindra Jadeja 1-21 (3)
  LAST WKT: Nicholas Pooran  c Donovan Ferreira b Ravindra Jadeja 22(25)  - 54/4 in 9.4 ov.
  ⚠ DIVERGENCE: SCORE: ui=74 cb=75 | OVERS: ui=12.0 cb=12.1 | BATTERS_MISSING_IN_UI: {'singh'} (ui={'marsh'}, cb={'marsh', 'singh'}) | BAT_singh: ui=4(6) cb=5(7) | FOW_UNKNOWN: 3 placeholder(s) awaiting broadcast upgrade | BOWLER: ui=Brijesh Sharma cb=Ravindra Jadeja

[22:41:12  iter#104]
  UI: LSG 76-4 (12.2)  str=None nstr=Mitchell Marsh  bowl=None None-None (None)
  this_over=['1', '1']  fow=0 (unk=0)  last_fow=None
  delivery: len=short_of_length line=outside_off shot=in_the_air [layer2]
  extras: this_over=0 innings=None [w0/nb0/b0/lb0]
  CB: LSG 76-4 (12.2)  crr=6.16  ps=22(16)  recent=1 1
  CB BAT: Himmat Singh* 5(7), Mitchell Marsh 45(32)
  CB BOWL: Ravindra Jadeja 1-21 (3)
  LAST WKT: Nicholas Pooran  c Donovan Ferreira b Ravindra Jadeja 22(25)  - 54/4 in 9.4 ov.
  ⚠ DIVERGENCE: BATTERS_MISSING_IN_UI: {'singh'} (ui={'marsh'}, cb={'marsh', 'singh'}) | FOW_COUNT: ui=0 vs wickets=4 | BOWLER: ui=None cb=Ravindra Jadeja

[22:41:36  iter#105]
  UI: Lucknow Super Giants 76-4 (12.2)  str=None nstr=Mitchell Marsh  bowl=Brijesh Sharma 1-14 (1.2)
  this_over=['1', '1']  fow=4 (unk=3)  last_fow={'wicket': 4, 'batter': 'Nicholas Pooran', 'score': 54, 'overs': '9.4', 'bowler': 'Ravindra Jadeja', 'how': None, '_unwitnessed': False}
  delivery: len=good_length line=leg_stump shot=in_the_air [layer2]
  extras: this_over=4 innings=4 [w2/nb2/b0/lb0]
  extras_log: [{'over': '8.1', 'type': 'no_ball', 'runs': 1, 'this_over_after': []}, {'over': '8.3', 'type': 'wide', 'runs': 1, 'this_over_after': []}, {'over': '10.4', 'type': 'wide', 'runs': 1, 'this_over_after': []}]
  CB: LSG 76-4 (12.2)  crr=6.16  ps=22(16)  recent=1 1
  CB BAT: Himmat Singh* 5(7), Mitchell Marsh 45(32)
  CB BOWL: Ravindra Jadeja 1-21 (3)
  LAST WKT: Nicholas Pooran  c Donovan Ferreira b Ravindra Jadeja 22(25)  - 54/4 in 9.4 ov.
  ⚠ DIVERGENCE: BATTERS_MISSING_IN_UI: {'singh'} (ui={'marsh'}, cb={'marsh', 'singh'}) | FOW_UNKNOWN: 3 placeholder(s) awaiting broadcast upgrade | BOWLER: ui=Brijesh Sharma cb=Ravindra Jadeja

[22:41:59  iter#106]
  UI: Lucknow Super Giants 77-4 (12.3)  str=Mitchell Marsh nstr=None  bowl=Brijesh Sharma 1-15 (1.4)
  this_over=['1', '1', '1']  fow=4 (unk=3)  last_fow={'wicket': 4, 'batter': 'Nicholas Pooran', 'score': 54, 'overs': '9.4', 'bowler': 'Ravindra Jadeja', 'how': None, '_unwitnessed': False}
  delivery: len=good_length line=leg_stump shot=in_the_air [layer2]
  extras: this_over=4 innings=4 [w2/nb2/b0/lb0]
  extras_log: [{'over': '8.1', 'type': 'no_ball', 'runs': 1, 'this_over_after': []}, {'over': '8.3', 'type': 'wide', 'runs': 1, 'this_over_after': []}, {'over': '10.4', 'type': 'wide', 'runs': 1, 'this_over_after': []}]
  CB: LSG 77-4 (12.3)  crr=6.16  ps=23(17)  recent=1 1 1
  CB BAT: Mitchell Marsh* 45(32), Himmat Singh 6(8)
  CB BOWL: Ravindra Jadeja 1-21 (3)
  LAST WKT: Nicholas Pooran  c Donovan Ferreira b Ravindra Jadeja 22(25)  - 54/4 in 9.4 ov.
  ⚠ DIVERGENCE: BATTERS_MISSING_IN_UI: {'singh'} (ui={'marsh'}, cb={'marsh', 'singh'}) | FOW_UNKNOWN: 3 placeholder(s) awaiting broadcast upgrade | BOWLER: ui=Brijesh Sharma cb=Ravindra Jadeja

[22:42:23  iter#107]
  UI: Lucknow Super Giants 77-4 (12.3)  str=Mitchell Marsh nstr=None  bowl=Brijesh Sharma 1-15 (1.4)
  this_over=['1', '1', '1']  fow=4 (unk=3)  last_fow={'wicket': 4, 'batter': 'Nicholas Pooran', 'score': 54, 'overs': '9.4', 'bowler': 'Ravindra Jadeja', 'how': None, '_unwitnessed': False}
  delivery: len=good_length line=leg_stump shot=in_the_air [layer2]
  extras: this_over=4 innings=4 [w2/nb2/b0/lb0]
  extras_log: [{'over': '8.1', 'type': 'no_ball', 'runs': 1, 'this_over_after': []}, {'over': '8.3', 'type': 'wide', 'runs': 1, 'this_over_after': []}, {'over': '10.4', 'type': 'wide', 'runs': 1, 'this_over_after': []}]
  CB: LSG 77-4 (12.3)  crr=6.16  ps=23(17)  recent=1 1 1
  CB BAT: Mitchell Marsh* 45(32), Himmat Singh 6(8)
  CB BOWL: Ravindra Jadeja 1-21 (3)
  LAST WKT: Nicholas Pooran  c Donovan Ferreira b Ravindra Jadeja 22(25)  - 54/4 in 9.4 ov.
  ⚠ DIVERGENCE: BATTERS_MISSING_IN_UI: {'singh'} (ui={'marsh'}, cb={'marsh', 'singh'}) | FOW_UNKNOWN: 3 placeholder(s) awaiting broadcast upgrade | BOWLER: ui=Brijesh Sharma cb=Ravindra Jadeja

[22:42:43  iter#108]
  UI: Lucknow Super Giants 77-4 (12.3)  str=Mitchell Marsh nstr=None  bowl=Brijesh Sharma 1-15 (1.4)
  this_over=['1', '1', '1']  fow=4 (unk=3)  last_fow={'wicket': 4, 'batter': 'Nicholas Pooran', 'score': 54, 'overs': '9.4', 'bowler': 'Ravindra Jadeja', 'how': None, '_unwitnessed': False}
  delivery: len=good_length line=leg_stump shot=in_the_air [layer2]
  extras: this_over=4 innings=4 [w2/nb2/b0/lb0]
  extras_log: [{'over': '8.1', 'type': 'no_ball', 'runs': 1, 'this_over_after': []}, {'over': '8.3', 'type': 'wide', 'runs': 1, 'this_over_after': []}, {'over': '10.4', 'type': 'wide', 'runs': 1, 'this_over_after': []}]
  CB: LSG 77-4 (12.3)  crr=6.16  ps=23(17)  recent=1 1 1
  CB BAT: Mitchell Marsh* 45(32), Himmat Singh 6(8)
  CB BOWL: Ravindra Jadeja 1-21 (3)
  LAST WKT: Nicholas Pooran  c Donovan Ferreira b Ravindra Jadeja 22(25)  - 54/4 in 9.4 ov.
  ⚠ DIVERGENCE: BATTERS_MISSING_IN_UI: {'singh'} (ui={'marsh'}, cb={'marsh', 'singh'}) | BAT_marsh: ui=46(33) cb=45(32) | FOW_UNKNOWN: 3 placeholder(s) awaiting broadcast upgrade | BOWLER: ui=Brijesh Sharma cb=Ravindra Jadeja

[22:43:05  iter#109]
  UI: Lucknow Super Giants 78-4 (12.4)  str=None nstr=Mitchell Marsh  bowl=Brijesh Sharma 1-16 (1.5)
  this_over=['1', '1', '1', '1']  fow=4 (unk=3)  last_fow={'wicket': 4, 'batter': 'Nicholas Pooran', 'score': 54, 'overs': '9.4', 'bowler': 'Ravindra Jadeja', 'how': None, '_unwitnessed': False}
  delivery: len=good_length line=leg_stump shot=in_the_air [layer2]
  extras: this_over=4 innings=4 [w2/nb2/b0/lb0]
  extras_log: [{'over': '8.1', 'type': 'no_ball', 'runs': 1, 'this_over_after': []}, {'over': '8.3', 'type': 'wide', 'runs': 1, 'this_over_after': []}, {'over': '10.4', 'type': 'wide', 'runs': 1, 'this_over_after': []}]
  CB: LSG 77-4 (12.3)  crr=6.16  ps=23(17)  recent=1 1 1
  CB BAT: Mitchell Marsh* 45(32), Himmat Singh 6(8)
  CB BOWL: Ravindra Jadeja 1-21 (3)
  LAST WKT: Nicholas Pooran  c Donovan Ferreira b Ravindra Jadeja 22(25)  - 54/4 in 9.4 ov.
  ⚠ DIVERGENCE: SCORE: ui=78 cb=77 | OVERS: ui=12.4 cb=12.3 | BATTERS_MISSING_IN_UI: {'singh'} (ui={'marsh'}, cb={'marsh', 'singh'}) | BAT_marsh: ui=46(33) cb=45(32) | FOW_UNKNOWN: 3 placeholder(s) awaiting broadcast upgrade | BOWLER: ui=Brijesh Sharma cb=Ravindra Jadeja

[22:43:29  iter#110]
  WS ERR: ''
  CB: LSG 79-4 (12.5)  crr=6.16  ps=25(19)  recent=1 1 1 1 1
  CB BAT: Mitchell Marsh* 46(33), Himmat Singh 7(9)
  CB BOWL: Ravindra Jadeja 1-21 (3)
  LAST WKT: Nicholas Pooran  c Donovan Ferreira b Ravindra Jadeja 22(25)  - 54/4 in 9.4 ov.
  ⚠ DIVERGENCE: BATTERS_MISSING_IN_UI: {'marsh', 'singh'} (ui=set(), cb={'marsh', 'singh'}) | BOWLER: ui=None cb=Ravindra Jadeja

[22:43:51  iter#111]
  UI: Lucknow Super Giants 80-4 (13.0)  str=Mitchell Marsh nstr=None  bowl=Nandre Burger 1-15 (3.0)
  this_over=['1', '1', '1', '1', '1', '1']  fow=4 (unk=3)  last_fow={'wicket': 4, 'batter': 'Nicholas Pooran', 'score': 54, 'overs': '9.4', 'bowler': 'Ravindra Jadeja', 'how': None, '_unwitnessed': False}
  delivery: len=short_of_length line=leg_stump shot=in_the_air [layer2]
  extras: this_over=4 innings=4 [w2/nb2/b0/lb0]
  extras_log: [{'over': '8.1', 'type': 'no_ball', 'runs': 1, 'this_over_after': []}, {'over': '8.3', 'type': 'wide', 'runs': 1, 'this_over_after': []}, {'over': '10.4', 'type': 'wide', 'runs': 1, 'this_over_after': []}]
  CB: LSG 80-4 (13)  crr=6.15  ps=26(20)  recent=1 1 1 1 1 1
  CB BAT: Mitchell Marsh* 47(34), Himmat Singh 7(9)
  CB BOWL: Brijesh Sharma 0-15 (2)
  LAST WKT: Nicholas Pooran  c Donovan Ferreira b Ravindra Jadeja 22(25)  - 54/4 in 9.4 ov.
  ⚠ DIVERGENCE: OVERS: ui=13.0 cb=13 | BATTERS_MISSING_IN_UI: {'singh'} (ui={'marsh'}, cb={'marsh', 'singh'}) | FOW_UNKNOWN: 3 placeholder(s) awaiting broadcast upgrade | BOWLER: ui=Nandre Burger cb=Brijesh Sharma

[22:44:15  iter#112]
  WS ERR: ''
  CB: LSG 80-4 (13)  crr=6.15  ps=26(20)  recent=1 1 1 1 1 1
  CB BAT: Mitchell Marsh* 47(34), Himmat Singh 7(9)
  CB BOWL: Brijesh Sharma 0-15 (2)
  LAST WKT: Nicholas Pooran  c Donovan Ferreira b Ravindra Jadeja 22(25)  - 54/4 in 9.4 ov.
  ⚠ DIVERGENCE: BATTERS_MISSING_IN_UI: {'marsh', 'singh'} (ui=set(), cb={'marsh', 'singh'}) | BOWLER: ui=None cb=Brijesh Sharma

[22:44:38  iter#113]
  UI: Lucknow Super Giants 81-4 (13.0)  str=Mitchell Marsh nstr=None  bowl=Ravindra Jadeja 1-22 (4.0)
  this_over=['Wd']  fow=4 (unk=3)  last_fow={'wicket': 4, 'batter': 'Nicholas Pooran', 'score': 54, 'overs': '9.4', 'bowler': 'Ravindra Jadeja', 'how': None, '_unwitnessed': False}
  delivery: len=short_of_length line=leg_stump shot=in_the_air [layer2]
  extras: this_over=5 innings=5 [w3/nb2/b0/lb0]
  extras_log: [{'over': '8.3', 'type': 'wide', 'runs': 1, 'this_over_after': []}, {'over': '10.4', 'type': 'wide', 'runs': 1, 'this_over_after': []}, {'over': '13.0', 'type': 'wide', 'runs': 1, 'this_over_after': []}]
  CB: LSG 81-4 (13)  crr=6.23  ps=27(20)  recent=W
  CB BAT: Mitchell Marsh* 47(34), Himmat Singh 7(9)
  CB BOWL: Brijesh Sharma 0-15 (2)
  LAST WKT: Nicholas Pooran  c Donovan Ferreira b Ravindra Jadeja 22(25)  - 54/4 in 9.4 ov.
  ⚠ DIVERGENCE: OVERS: ui=13.0 cb=13 | BATTERS_MISSING_IN_UI: {'singh'} (ui={'marsh'}, cb={'marsh', 'singh'}) | FOW_UNKNOWN: 3 placeholder(s) awaiting broadcast upgrade | BOWLER: ui=Ravindra Jadeja cb=Brijesh Sharma

[22:45:02  iter#114]
  UI: Lucknow Super Giants 81-4 (13.1)  str=Mitchell Marsh nstr=None  bowl=Ravindra Jadeja 1-22 (3.1)
  this_over=['Wd', '.']  fow=4 (unk=3)  last_fow={'wicket': 4, 'batter': 'Nicholas Pooran', 'score': 54, 'overs': '9.4', 'bowler': 'Ravindra Jadeja', 'how': None, '_unwitnessed': False}
  delivery: len=good_length line=leg_stump shot=in_the_air [layer2]
  extras: this_over=5 innings=5 [w3/nb2/b0/lb0]
  extras_log: [{'over': '8.3', 'type': 'wide', 'runs': 1, 'this_over_after': []}, {'over': '10.4', 'type': 'wide', 'runs': 1, 'this_over_after': []}, {'over': '13.0', 'type': 'wide', 'runs': 1, 'this_over_after': []}]
  CB: LSG 81-4 (13.1)  crr=6.15  ps=27(21)  recent=W
  CB BAT: Mitchell Marsh* 47(35), Himmat Singh 7(9)
  CB BOWL: Brijesh Sharma 0-15 (2)
  LAST WKT: Nicholas Pooran  c Donovan Ferreira b Ravindra Jadeja 22(25)  - 54/4 in 9.4 ov.
  ⚠ DIVERGENCE: BATTERS_MISSING_IN_UI: {'singh'} (ui={'marsh'}, cb={'marsh', 'singh'}) | FOW_UNKNOWN: 3 placeholder(s) awaiting broadcast upgrade | BOWLER: ui=Ravindra Jadeja cb=Brijesh Sharma

[22:45:27  iter#115]
  WS ERR: ''
  CB: LSG 81-4 (13.1)  crr=6.15  ps=27(21)  recent=W
  CB BAT: Mitchell Marsh* 47(35), Himmat Singh 7(9)
  CB BOWL: Brijesh Sharma 0-15 (2)
  LAST WKT: Nicholas Pooran  c Donovan Ferreira b Ravindra Jadeja 22(25)  - 54/4 in 9.4 ov.
  ⚠ DIVERGENCE: BATTERS_MISSING_IN_UI: {'marsh', 'singh'} (ui=set(), cb={'marsh', 'singh'}) | BOWLER: ui=None cb=Brijesh Sharma

[22:45:52  iter#116]
  WS ERR: ''
  CB: LSG 82-4 (13.3)  crr=6.07  ps=28(23)  recent=W
  CB BAT: Himmat Singh* 7(10), Mitchell Marsh 47(36)
  CB BOWL: Brijesh Sharma 0-15 (2)
  LAST WKT: Nicholas Pooran  c Donovan Ferreira b Ravindra Jadeja 22(25)  - 54/4 in 9.4 ov.
  ⚠ DIVERGENCE: BATTERS_MISSING_IN_UI: {'marsh', 'singh'} (ui=set(), cb={'marsh', 'singh'}) | BOWLER: ui=None cb=Brijesh Sharma

[22:46:15  iter#117]
  UI: Lucknow Super Giants 82-4 (13.3)  str=None nstr=Mitchell Marsh  bowl=Ravindra Jadeja 1-23 (3.4)
  this_over=['Wd', '.', '1', '.']  fow=4 (unk=3)  last_fow={'wicket': 4, 'batter': 'Nicholas Pooran', 'score': 54, 'overs': '9.4', 'bowler': 'Ravindra Jadeja', 'how': None, '_unwitnessed': False}
  delivery: len=short_of_length line=leg_stump shot=in_the_air [layer2]
  extras: this_over=5 innings=5 [w3/nb2/b0/lb0]
  extras_log: [{'over': '8.3', 'type': 'wide', 'runs': 1, 'this_over_after': []}, {'over': '10.4', 'type': 'wide', 'runs': 1, 'this_over_after': []}, {'over': '13.0', 'type': 'wide', 'runs': 1, 'this_over_after': []}]
  CB: LSG 82-4 (13.3)  crr=6.07  ps=28(23)  recent=W
  CB BAT: Himmat Singh* 7(10), Mitchell Marsh 47(36)
  CB BOWL: Brijesh Sharma 0-15 (2)
  LAST WKT: Nicholas Pooran  c Donovan Ferreira b Ravindra Jadeja 22(25)  - 54/4 in 9.4 ov.
  ⚠ DIVERGENCE: BATTERS_MISSING_IN_UI: {'singh'} (ui={'marsh'}, cb={'marsh', 'singh'}) | FOW_UNKNOWN: 3 placeholder(s) awaiting broadcast upgrade | BOWLER: ui=Ravindra Jadeja cb=Brijesh Sharma

[22:46:37  iter#118]
  UI: Lucknow Super Giants 82-4 (13.3)  str=None nstr=Mitchell Marsh  bowl=Ravindra Jadeja 1-23 (3.4)
  this_over=['Wd', '.', '1', '.']  fow=4 (unk=3)  last_fow={'wicket': 4, 'batter': 'Nicholas Pooran', 'score': 54, 'overs': '9.4', 'bowler': 'Ravindra Jadeja', 'how': None, '_unwitnessed': False}
  delivery: len=short_of_length line=leg_stump shot=in_the_air [layer2]
  extras: this_over=5 innings=5 [w3/nb2/b0/lb0]
  extras_log: [{'over': '8.3', 'type': 'wide', 'runs': 1, 'this_over_after': []}, {'over': '10.4', 'type': 'wide', 'runs': 1, 'this_over_after': []}, {'over': '13.0', 'type': 'wide', 'runs': 1, 'this_over_after': []}]
  CB: LSG 88-4 (13.4)  crr=6.44  ps=34(24)  recent=W
  CB BAT: Himmat Singh* 13(11), Mitchell Marsh 47(36)
  CB BOWL: Brijesh Sharma 0-15 (2)
  LAST WKT: Nicholas Pooran  c Donovan Ferreira b Ravindra Jadeja 22(25)  - 54/4 in 9.4 ov.
  ⚠ DIVERGENCE: SCORE: ui=82 cb=88 | OVERS: ui=13.3 cb=13.4 | BATTERS_MISSING_IN_UI: {'singh'} (ui={'marsh'}, cb={'marsh', 'singh'}) | BAT_singh: ui=7(10) cb=13(11) | FOW_UNKNOWN: 3 placeholder(s) awaiting broadcast upgrade | BOWLER: ui=Ravindra Jadeja cb=Brijesh Sharma

[22:46:58  iter#119]
  UI: Lucknow Super Giants 88-4 (13.4)  str=None nstr=Mitchell Marsh  bowl=Ravindra Jadeja 1-34 (3.5)
  this_over=['Wd', '.', '1', '.', '6']  fow=4 (unk=3)  last_fow={'wicket': 4, 'batter': 'Nicholas Pooran', 'score': 54, 'overs': '9.4', 'bowler': 'Ravindra Jadeja', 'how': None, '_unwitnessed': False}
  delivery: len=short_of_length line=leg_stump shot=in_the_air [layer2]
  extras: this_over=5 innings=5 [w3/nb2/b0/lb0]
  extras_log: [{'over': '8.3', 'type': 'wide', 'runs': 1, 'this_over_after': []}, {'over': '10.4', 'type': 'wide', 'runs': 1, 'this_over_after': []}, {'over': '13.0', 'type': 'wide', 'runs': 1, 'this_over_after': []}]
  CB: LSG 88-4 (13.4)  crr=6.44  ps=34(24)  recent=W
  CB BAT: Himmat Singh* 13(11), Mitchell Marsh 47(36)
  CB BOWL: Brijesh Sharma 0-15 (2)
  LAST WKT: Nicholas Pooran  c Donovan Ferreira b Ravindra Jadeja 22(25)  - 54/4 in 9.4 ov.
  ⚠ DIVERGENCE: BATTERS_MISSING_IN_UI: {'singh'} (ui={'marsh'}, cb={'marsh', 'singh'}) | FOW_UNKNOWN: 3 placeholder(s) awaiting broadcast upgrade | BOWLER: ui=Ravindra Jadeja cb=Brijesh Sharma

[22:47:18  iter#120]
  UI: Lucknow Super Giants 88-4 (13.5)  str=None nstr=Mitchell Marsh  bowl=Ravindra Jadeja 1-34 (4.0)
  this_over=['Wd', '.', '1', '.', '6', '.']  fow=4 (unk=3)  last_fow={'wicket': 4, 'batter': 'Nicholas Pooran', 'score': 54, 'overs': '9.4', 'bowler': 'Ravindra Jadeja', 'how': None, '_unwitnessed': False}
  delivery: len=short_of_length line=leg_stump shot=in_the_air [layer2]
  extras: this_over=5 innings=5 [w3/nb2/b0/lb0]
  extras_log: [{'over': '8.3', 'type': 'wide', 'runs': 1, 'this_over_after': []}, {'over': '10.4', 'type': 'wide', 'runs': 1, 'this_over_after': []}, {'over': '13.0', 'type': 'wide', 'runs': 1, 'this_over_after': []}]
  CB: LSG 89-4 (14)  crr=6.36  ps=35(26)  recent=W
  CB BAT: Himmat Singh* 14(13), Mitchell Marsh 47(36)
  CB BOWL: Ravindra Jadeja 1-29 (4)
  LAST WKT: Nicholas Pooran  c Donovan Ferreira b Ravindra Jadeja 22(25)  - 54/4 in 9.4 ov.
  ⚠ DIVERGENCE: SCORE: ui=88 cb=89 | OVERS: ui=13.5 cb=14 | BATTERS_MISSING_IN_UI: {'singh'} (ui={'marsh'}, cb={'marsh', 'singh'}) | BAT_singh: ui=13(12) cb=14(13) | FOW_UNKNOWN: 3 placeholder(s) awaiting broadcast upgrade | BOWL_R: ui=34 cb=29 | BOWL_O: ui=4.0 cb=4

[22:47:43  iter#121]
  UI: Lucknow Super Giants 89-4 (14.0)  str=None nstr=Mitchell Marsh  bowl=Nandre Burger 1-15 (3.0)
  this_over=['1', 'Wd', '1', '.', '6', '.', '1']  fow=4 (unk=3)  last_fow={'wicket': 4, 'batter': 'Nicholas Pooran', 'score': 54, 'overs': '9.4', 'bowler': 'Ravindra Jadeja', 'how': None, '_unwitnessed': False}
  delivery: len=good_length line=leg_stump shot=in_the_air [layer2]
  extras: this_over=5 innings=5 [w3/nb2/b0/lb0]
  extras_log: [{'over': '8.3', 'type': 'wide', 'runs': 1, 'this_over_after': []}, {'over': '10.4', 'type': 'wide', 'runs': 1, 'this_over_after': []}, {'over': '13.0', 'type': 'wide', 'runs': 1, 'this_over_after': []}]
  CB: LSG 89-4 (14)  crr=6.36  ps=35(26)  recent=W
  CB BAT: Himmat Singh* 14(13), Mitchell Marsh 47(36)
  CB BOWL: Ravindra Jadeja 1-29 (4)
  LAST WKT: Nicholas Pooran  c Donovan Ferreira b Ravindra Jadeja 22(25)  - 54/4 in 9.4 ov.
  ⚠ DIVERGENCE: OVERS: ui=14.0 cb=14 | BATTERS_MISSING_IN_UI: {'singh'} (ui={'marsh'}, cb={'marsh', 'singh'}) | FOW_UNKNOWN: 3 placeholder(s) awaiting broadcast upgrade | BOWLER: ui=Nandre Burger cb=Ravindra Jadeja

[22:48:07  iter#122]
  WS ERR: ''
  CB: LSG 89-4 (14)  crr=6.36  ps=35(26)  recent=W
  CB BAT: Himmat Singh* 14(13), Mitchell Marsh 47(36)
  CB BOWL: Ravindra Jadeja 1-29 (4)
  LAST WKT: Nicholas Pooran  c Donovan Ferreira b Ravindra Jadeja 22(25)  - 54/4 in 9.4 ov.
  ⚠ DIVERGENCE: BATTERS_MISSING_IN_UI: {'marsh', 'singh'} (ui=set(), cb={'marsh', 'singh'}) | BOWLER: ui=None cb=Ravindra Jadeja

[22:48:29  iter#123]
  UI: Lucknow Super Giants 89-4 (14.0)  str=None nstr=Mitchell Marsh  bowl=Ravi Bishnoi 0-13 (2)
  this_over=['1', 'Wd', '1', '.', '6', '.', '1']  fow=4 (unk=3)  last_fow={'wicket': 4, 'batter': 'Nicholas Pooran', 'score': 54, 'overs': '9.4', 'bowler': 'Ravindra Jadeja', 'how': None, '_unwitnessed': False}
  delivery: len=good_length line=leg_stump shot=in_the_air [layer2]
  extras: this_over=5 innings=5 [w3/nb2/b0/lb0]
  extras_log: [{'over': '8.3', 'type': 'wide', 'runs': 1, 'this_over_after': []}, {'over': '10.4', 'type': 'wide', 'runs': 1, 'this_over_after': []}, {'over': '13.0', 'type': 'wide', 'runs': 1, 'this_over_after': []}]
  CB: LSG 90-4 (14.1)  crr=6.35  ps=36(27)  recent=1
  CB BAT: Mitchell Marsh* 47(36), Himmat Singh 15(14)
  CB BOWL: Ravindra Jadeja 1-29 (4)
  LAST WKT: Nicholas Pooran  c Donovan Ferreira b Ravindra Jadeja 22(25)  - 54/4 in 9.4 ov.
  ⚠ DIVERGENCE: SCORE: ui=89 cb=90 | OVERS: ui=14.0 cb=14.1 | BATTERS_MISSING_IN_UI: {'singh'} (ui={'marsh'}, cb={'marsh', 'singh'}) | BAT_singh: ui=14(13) cb=15(14) | FOW_UNKNOWN: 3 placeholder(s) awaiting broadcast upgrade | BOWLER: ui=Ravi Bishnoi cb=Ravindra Jadeja

[22:48:50  iter#124]
  UI: Lucknow Super Giants 90-4 (14.1)  str=Mitchell Marsh nstr=None  bowl=Ravi Bishnoi 0-14 (2.1)
  this_over=['1']  fow=4 (unk=3)  last_fow={'wicket': 4, 'batter': 'Nicholas Pooran', 'score': 54, 'overs': '9.4', 'bowler': 'Ravindra Jadeja', 'how': None, '_unwitnessed': False}
  delivery: len=good_length line=leg_stump shot=in_the_air [layer2]
  extras: this_over=5 innings=5 [w3/nb2/b0/lb0]
  extras_log: [{'over': '8.3', 'type': 'wide', 'runs': 1, 'this_over_after': []}, {'over': '10.4', 'type': 'wide', 'runs': 1, 'this_over_after': []}, {'over': '13.0', 'type': 'wide', 'runs': 1, 'this_over_after': []}]
  CB: LSG 91-4 (14.2)  crr=6.35  ps=37(28)  recent=1 1
  CB BAT: Himmat Singh* 15(14), Mitchell Marsh 48(37)
  CB BOWL: Ravindra Jadeja 1-29 (4)
  LAST WKT: Nicholas Pooran  c Donovan Ferreira b Ravindra Jadeja 22(25)  - 54/4 in 9.4 ov.
  ⚠ DIVERGENCE: SCORE: ui=90 cb=91 | OVERS: ui=14.1 cb=14.2 | STRIKER: ui=Mitchell Marsh cb=Himmat Singh | BATTERS_MISSING_IN_UI: {'singh'} (ui={'marsh'}, cb={'marsh', 'singh'}) | BAT_marsh: ui=47(36) cb=48(37) | FOW_UNKNOWN: 3 placeholder(s) awaiting broadcast upgrade | BOWLER: ui=Ravi Bishnoi cb=Ravindra Jadeja

[22:49:14  iter#125]
  UI: Lucknow Super Giants 91-4 (14.2)  str=None nstr=Mitchell Marsh  bowl=Ravi Bishnoi 0-15 (2.2)
  this_over=['1', '1']  fow=4 (unk=3)  last_fow={'wicket': 4, 'batter': 'Nicholas Pooran', 'score': 54, 'overs': '9.4', 'bowler': 'Ravindra Jadeja', 'how': None, '_unwitnessed': False}
  delivery: len=short_of_length line=leg_stump shot=in_the_air [layer2]
  extras: this_over=5 innings=5 [w3/nb2/b0/lb0]
  extras_log: [{'over': '8.3', 'type': 'wide', 'runs': 1, 'this_over_after': []}, {'over': '10.4', 'type': 'wide', 'runs': 1, 'this_over_after': []}, {'over': '13.0', 'type': 'wide', 'runs': 1, 'this_over_after': []}]
  CB: LSG 91-5 (14.3)  crr=6.28  ps=37(29)  recent=1 1 W
  CB BAT: Mitchell Marsh* 48(37), Himmat Singh 15(15)
  CB BOWL: Ravindra Jadeja 1-29 (4)
  LAST WKT: Himmat Singh   b Ravi Bishnoi 15(15)  - 91/5 in 14.3 ov.
  ⚠ DIVERGENCE: WICKETS: ui=4 cb=5 | OVERS: ui=14.2 cb=14.3 | BATTERS_MISSING_IN_UI: {'singh'} (ui={'marsh'}, cb={'marsh', 'singh'}) | BAT_singh: ui=15(14) cb=15(15) | FOW_UNKNOWN: 3 placeholder(s) awaiting broadcast upgrade | BOWLER: ui=Ravi Bishnoi cb=Ravindra Jadeja

[22:49:37  iter#126]
  UI: Lucknow Super Giants 91-5 (14.3)  str=None nstr=Mitchell Marsh  bowl=Ravi Bishnoi 1-15 (2.3)
  this_over=['1', '1', 'W']  fow=5 (unk=4)  last_fow={'wicket': 5, 'batter': None, 'score': None, 'overs': None, 'bowler': None, 'how': None, '_unwitnessed': True}
  delivery: len=good_length line=leg_stump shot=in_the_air [layer2]
  extras: this_over=5 innings=5 [w3/nb2/b0/lb0]
  extras_log: [{'over': '8.3', 'type': 'wide', 'runs': 1, 'this_over_after': []}, {'over': '10.4', 'type': 'wide', 'runs': 1, 'this_over_after': []}, {'over': '13.0', 'type': 'wide', 'runs': 1, 'this_over_after': []}]
  CB: LSG 91-5 (14.3)  crr=6.28  ps=37(29)  recent=1 1 W
  CB BAT: Mitchell Marsh* 48(37), Himmat Singh 15(15)
  CB BOWL: Ravindra Jadeja 1-29 (4)
  LAST WKT: Himmat Singh   b Ravi Bishnoi 15(15)  - 91/5 in 14.3 ov.
  ⚠ DIVERGENCE: BATTERS_MISSING_IN_UI: {'singh'} (ui={'marsh'}, cb={'marsh', 'singh'}) | FOW_UNKNOWN: 4 placeholder(s) awaiting broadcast upgrade | BOWLER: ui=Ravi Bishnoi cb=Ravindra Jadeja

[22:49:58  iter#127]
  UI: Lucknow Super Giants 91-5 (14.3)  str=None nstr=Mitchell Marsh  bowl=Ravi Bishnoi 2-17 (3.3)
  this_over=['1', '1', 'W']  fow=5 (unk=4)  last_fow={'wicket': 5, 'batter': None, 'score': None, 'overs': None, 'bowler': None, 'how': None, '_unwitnessed': True}
  delivery: len=good_length line=leg_stump shot=in_the_air [layer2]
  extras: this_over=5 innings=5 [w3/nb2/b0/lb0]
  extras_log: [{'over': '8.3', 'type': 'wide', 'runs': 1, 'this_over_after': []}, {'over': '10.4', 'type': 'wide', 'runs': 1, 'this_over_after': []}, {'over': '13.0', 'type': 'wide', 'runs': 1, 'this_over_after': []}]
  CB: LSG 91-5 (14.3)  crr=6.28  ps=37(29)  recent=1 1 W
  CB BAT: Mitchell Marsh* 48(37), Himmat Singh 15(15)
  CB BOWL: Ravindra Jadeja 1-29 (4)
  LAST WKT: Himmat Singh   b Ravi Bishnoi 15(15)  - 91/5 in 14.3 ov.
  ⚠ DIVERGENCE: BATTERS_MISSING_IN_UI: {'singh'} (ui={'marsh'}, cb={'marsh', 'singh'}) | FOW_UNKNOWN: 4 placeholder(s) awaiting broadcast upgrade | BOWLER: ui=Ravi Bishnoi cb=Ravindra Jadeja

[22:50:19  iter#128]
  UI: Lucknow Super Giants 91-5 (14.3)  str=None nstr=Mitchell Marsh  bowl=Ravi Bishnoi 2-17 (3.3)
  this_over=['1', '1', 'W']  fow=5 (unk=4)  last_fow={'wicket': 5, 'batter': None, 'score': None, 'overs': None, 'bowler': None, 'how': None, '_unwitnessed': True}
  delivery: len=good_length line=leg_stump shot=in_the_air [layer2]
  extras: this_over=5 innings=5 [w3/nb2/b0/lb0]
  extras_log: [{'over': '8.3', 'type': 'wide', 'runs': 1, 'this_over_after': []}, {'over': '10.4', 'type': 'wide', 'runs': 1, 'this_over_after': []}, {'over': '13.0', 'type': 'wide', 'runs': 1, 'this_over_after': []}]
  CB: LSG 91-5 (14.3)  crr=6.28  ps=0(0)  recent=... 1 1
  CB BAT: Mukul Choudhary* 0(0), Mitchell Marsh 48(37)
  CB BOWL: Ravindra Jadeja 1-29 (4)
  LAST WKT: Himmat Singh   b Ravi Bishnoi 15(15)  - 91/5 in 14.3 ov.
  ⚠ DIVERGENCE: BATTERS_MISSING_IN_UI: {'choudhary'} (ui={'marsh'}, cb={'marsh', 'choudhary'}) | FOW_UNKNOWN: 4 placeholder(s) awaiting broadcast upgrade | BOWLER: ui=Ravi Bishnoi cb=Ravindra Jadeja

[22:50:42  iter#129]
  UI: Lucknow Super Giants 91-5 (14.3)  str=None nstr=Mitchell Marsh  bowl=Ravi Bishnoi 2-17 (3.3)
  this_over=['1', '1', 'W']  fow=5 (unk=4)  last_fow={'wicket': 5, 'batter': None, 'score': None, 'overs': None, 'bowler': None, 'how': None, '_unwitnessed': True}
  delivery: len=good_length line=leg_stump shot=in_the_air [layer2]
  extras: this_over=5 innings=5 [w3/nb2/b0/lb0]
  extras_log: [{'over': '8.3', 'type': 'wide', 'runs': 1, 'this_over_after': []}, {'over': '10.4', 'type': 'wide', 'runs': 1, 'this_over_after': []}, {'over': '13.0', 'type': 'wide', 'runs': 1, 'this_over_after': []}]
  CB: LSG 91-5 (14.3)  crr=6.28  ps=0(0)  recent=... 1 1
  CB BAT: Mukul Choudhary* 0(0), Mitchell Marsh 48(37)
  CB BOWL: Ravindra Jadeja 1-29 (4)
  LAST WKT: Himmat Singh   b Ravi Bishnoi 15(15)  - 91/5 in 14.3 ov.
  ⚠ DIVERGENCE: BATTERS_MISSING_IN_UI: {'choudhary'} (ui={'marsh'}, cb={'marsh', 'choudhary'}) | FOW_UNKNOWN: 4 placeholder(s) awaiting broadcast upgrade | BOWLER: ui=Ravi Bishnoi cb=Ravindra Jadeja

[22:51:06  iter#130]
  UI: Lucknow Super Giants 91-5 (14.3)  str=None nstr=Mitchell Marsh  bowl=Ravi Bishnoi 2-17 (3.3)
  this_over=['1', '1', 'W']  fow=5 (unk=4)  last_fow={'wicket': 5, 'batter': None, 'score': None, 'overs': None, 'bowler': None, 'how': None, '_unwitnessed': True}
  delivery: len=good_length line=leg_stump shot=in_the_air [layer2]
  extras: this_over=5 innings=5 [w3/nb2/b0/lb0]
  extras_log: [{'over': '8.3', 'type': 'wide', 'runs': 1, 'this_over_after': []}, {'over': '10.4', 'type': 'wide', 'runs': 1, 'this_over_after': []}, {'over': '13.0', 'type': 'wide', 'runs': 1, 'this_over_after': []}]
  CB: LSG 91-5 (14.3)  crr=6.28  ps=0(0)  recent=... 1 1
  CB BAT: Mukul Choudhary* 0(0), Mitchell Marsh 48(37)
  CB BOWL: Ravindra Jadeja 1-29 (4)
  LAST WKT: Himmat Singh   b Ravi Bishnoi 15(15)  - 91/5 in 14.3 ov.
  ⚠ DIVERGENCE: BATTERS_MISSING_IN_UI: {'choudhary'} (ui={'marsh'}, cb={'marsh', 'choudhary'}) | FOW_UNKNOWN: 4 placeholder(s) awaiting broadcast upgrade | BOWLER: ui=Ravi Bishnoi cb=Ravindra Jadeja

[22:51:28  iter#131]
  UI: Lucknow Super Giants 91-5 (14.3)  str=None nstr=Mitchell Marsh  bowl=Ravi Bishnoi 2-17 (3.3)
  this_over=['1', '1', 'W']  fow=5 (unk=4)  last_fow={'wicket': 5, 'batter': None, 'score': None, 'overs': None, 'bowler': None, 'how': None, '_unwitnessed': True}
  delivery: len=good_length line=leg_stump shot=in_the_air [layer2]
  extras: this_over=5 innings=5 [w3/nb2/b0/lb0]
  extras_log: [{'over': '8.3', 'type': 'wide', 'runs': 1, 'this_over_after': []}, {'over': '10.4', 'type': 'wide', 'runs': 1, 'this_over_after': []}, {'over': '13.0', 'type': 'wide', 'runs': 1, 'this_over_after': []}]
  CB: LSG 92-5 (14.4)  crr=6.27  ps=1(1)  recent=1 1 W 1
  CB BAT: Mitchell Marsh* 48(37), Mukul Choudhary 1(1)
  CB BOWL: Ravindra Jadeja 1-29 (4)
  LAST WKT: Himmat Singh   b Ravi Bishnoi 15(15)  - 91/5 in 14.3 ov.
  ⚠ DIVERGENCE: SCORE: ui=91 cb=92 | OVERS: ui=14.3 cb=14.4 | BATTERS_MISSING_IN_UI: {'choudhary'} (ui={'marsh'}, cb={'marsh', 'choudhary'}) | FOW_UNKNOWN: 4 placeholder(s) awaiting broadcast upgrade | BOWLER: ui=Ravi Bishnoi cb=Ravindra Jadeja

[22:51:51  iter#132]
  UI: LSG 93-5 (14.5)  str=None nstr=Mitchell Marsh  bowl=None None-None (None)
  this_over=['1', '1', 'W', '1', '1']  fow=0 (unk=0)  last_fow=None
  delivery: len=short_of_length line=outside_off shot=in_the_air [layer2]
  extras: this_over=0 innings=None [w0/nb0/b0/lb0]
  CB: LSG 92-5 (14.4)  crr=6.27  ps=1(1)  recent=1 1 W 1
  CB BAT: Mitchell Marsh* 48(37), Mukul Choudhary 1(1)
  CB BOWL: Ravindra Jadeja 1-29 (4)
  LAST WKT: Himmat Singh   b Ravi Bishnoi 15(15)  - 91/5 in 14.3 ov.
  ⚠ DIVERGENCE: SCORE: ui=93 cb=92 | OVERS: ui=14.5 cb=14.4 | BATTERS_MISSING_IN_UI: {'choudhary'} (ui={'marsh'}, cb={'marsh', 'choudhary'}) | FOW_COUNT: ui=0 vs wickets=5 | BOWLER: ui=None cb=Ravindra Jadeja

[22:52:16  iter#133]
  WS ERR: ''
  CB: LSG 93-5 (14.5)  crr=6.27  ps=2(2)  recent=1 1 W 1 1
  CB BAT: Mukul Choudhary* 1(1), Mitchell Marsh 49(38)
  CB BOWL: Ravindra Jadeja 1-29 (4)
  LAST WKT: Himmat Singh   b Ravi Bishnoi 15(15)  - 91/5 in 14.3 ov.
  ⚠ DIVERGENCE: BATTERS_MISSING_IN_UI: {'marsh', 'choudhary'} (ui=set(), cb={'marsh', 'choudhary'}) | BOWLER: ui=None cb=Ravindra Jadeja

[22:52:39  iter#134]
  UI: LSG 99-5 (15.0)  str=Mitchell Marsh nstr=None  bowl=None None-None (None)
  this_over=['1', '1', 'W', '1', '1', '6']  fow=0 (unk=0)  last_fow=None
  delivery: len=short_of_length line=leg_stump shot=in_the_air [layer2]
  extras: this_over=0 innings=None [w0/nb0/b0/lb0]
  CB: LSG 93-5 (14.5)  crr=6.27  ps=2(2)  recent=1 1 W 1 1
  CB BAT: Mukul Choudhary* 1(1), Mitchell Marsh 49(38)
  CB BOWL: Ravindra Jadeja 1-29 (4)
  LAST WKT: Himmat Singh   b Ravi Bishnoi 15(15)  - 91/5 in 14.3 ov.
  ⚠ DIVERGENCE: SCORE: ui=99 cb=93 | OVERS: ui=15.0 cb=14.5 | STRIKER: ui=Mitchell Marsh cb=Mukul Choudhary | BATTERS_MISSING_IN_UI: {'choudhary'} (ui={'marsh'}, cb={'marsh', 'choudhary'}) | FOW_COUNT: ui=0 vs wickets=5 | BOWLER: ui=None cb=Ravindra Jadeja

[22:53:00  iter#135]
  UI: Lucknow Super Giants 99-5 (15.0)  str=Mitchell Marsh nstr=None  bowl=Nandre Burger 1-15 (3.0)
  this_over=['1', '1', 'W', '1', '1', '6']  fow=5 (unk=3)  last_fow={'wicket': 5, 'batter': 'Himmat Singh', 'score': 91, 'overs': '14.3', 'bowler': 'Ravi Bishnoi', 'how': None, '_unwitnessed': False}
  delivery: len=short_of_length line=leg_stump shot=in_the_air [layer2]
  extras: this_over=5 innings=5 [w3/nb2/b0/lb0]
  extras_log: [{'over': '8.3', 'type': 'wide', 'runs': 1, 'this_over_after': []}, {'over': '10.4', 'type': 'wide', 'runs': 1, 'this_over_after': []}, {'over': '13.0', 'type': 'wide', 'runs': 1, 'this_over_after': []}]
  CB: LSG 99-5 (15)  crr=6.6  ps=8(3)  recent=1 1 W 1 1 6
  CB BAT: Mitchell Marsh* 49(38), Mukul Choudhary 7(2)
  CB BOWL: Ravi Bishnoi 1-23 (3)
  LAST WKT: Himmat Singh   b Ravi Bishnoi 15(15)  - 91/5 in 14.3 ov.
  ⚠ DIVERGENCE: OVERS: ui=15.0 cb=15 | BATTERS_MISSING_IN_UI: {'choudhary'} (ui={'marsh'}, cb={'marsh', 'choudhary'}) | FOW_UNKNOWN: 3 placeholder(s) awaiting broadcast upgrade | BOWLER: ui=Nandre Burger cb=Ravi Bishnoi

[22:53:21  iter#136]
  UI: Lucknow Super Giants 99-5 (15.0)  str=Mitchell Marsh nstr=None  bowl=Nandre Burger 1-15 (3.0)
  this_over=['1', '1', 'W', '1', '1', '6']  fow=5 (unk=3)  last_fow={'wicket': 5, 'batter': 'Himmat Singh', 'score': 91, 'overs': '14.3', 'bowler': 'Ravi Bishnoi', 'how': None, '_unwitnessed': False}
  delivery: len=short_of_length line=leg_stump shot=in_the_air [layer2]
  extras: this_over=5 innings=5 [w3/nb2/b0/lb0]
  extras_log: [{'over': '8.3', 'type': 'wide', 'runs': 1, 'this_over_after': []}, {'over': '10.4', 'type': 'wide', 'runs': 1, 'this_over_after': []}, {'over': '13.0', 'type': 'wide', 'runs': 1, 'this_over_after': []}]
  CB: LSG 99-5 (15)  crr=6.6  ps=8(3)  recent=...
  CB BAT: Mitchell Marsh* 49(38), Mukul Choudhary 7(2)
  CB BOWL: Ravi Bishnoi 1-23 (3)
  LAST WKT: Himmat Singh   b Ravi Bishnoi 15(15)  - 91/5 in 14.3 ov.
  ⚠ DIVERGENCE: OVERS: ui=15.0 cb=15 | BATTERS_MISSING_IN_UI: {'choudhary'} (ui={'marsh'}, cb={'marsh', 'choudhary'}) | FOW_UNKNOWN: 3 placeholder(s) awaiting broadcast upgrade | BOWLER: ui=Nandre Burger cb=Ravi Bishnoi

[22:53:44  iter#137]
  UI: Lucknow Super Giants 99-5 (15.0)  str=Mitchell Marsh nstr=None  bowl=Nandre Burger 1-15 (3)
  this_over=['1', '1', 'W', '1', '1', '6']  fow=5 (unk=3)  last_fow={'wicket': 5, 'batter': 'Himmat Singh', 'score': 91, 'overs': '14.3', 'bowler': 'Ravi Bishnoi', 'how': None, '_unwitnessed': False}
  delivery: len=good_length line=leg_stump shot=in_the_air [layer2]
  extras: this_over=5 innings=5 [w3/nb2/b0/lb0]
  extras_log: [{'over': '8.3', 'type': 'wide', 'runs': 1, 'this_over_after': []}, {'over': '10.4', 'type': 'wide', 'runs': 1, 'this_over_after': []}, {'over': '13.0', 'type': 'wide', 'runs': 1, 'this_over_after': []}]
  CB: LSG 99-5 (15)  crr=6.6  ps=8(3)  recent=...
  CB BAT: Mitchell Marsh* 49(38), Mukul Choudhary 7(2)
  CB BOWL: Ravi Bishnoi 1-23 (3)
  LAST WKT: Himmat Singh   b Ravi Bishnoi 15(15)  - 91/5 in 14.3 ov.
  ⚠ DIVERGENCE: OVERS: ui=15.0 cb=15 | BATTERS_MISSING_IN_UI: {'choudhary'} (ui={'marsh'}, cb={'marsh', 'choudhary'}) | FOW_UNKNOWN: 3 placeholder(s) awaiting broadcast upgrade | BOWLER: ui=Nandre Burger cb=Ravi Bishnoi

[22:54:07  iter#138]
  UI: Lucknow Super Giants 105-5 (15.1)  str=Mitchell Marsh nstr=None  bowl=Nandre Burger 1-21 (3.1)
  this_over=['6']  fow=5 (unk=3)  last_fow={'wicket': 5, 'batter': 'Himmat Singh', 'score': 91, 'overs': '14.3', 'bowler': 'Ravi Bishnoi', 'how': None, '_unwitnessed': False}
  delivery: len=short_of_length line=unknown shot=in_the_air [layer2]
  extras: this_over=5 innings=5 [w3/nb2/b0/lb0]
  extras_log: [{'over': '8.3', 'type': 'wide', 'runs': 1, 'this_over_after': []}, {'over': '10.4', 'type': 'wide', 'runs': 1, 'this_over_after': []}, {'over': '13.0', 'type': 'wide', 'runs': 1, 'this_over_after': []}]
  CB: LSG 105-5 (15.1)  crr=6.92  ps=14(4)  recent=6
  CB BAT: Mitchell Marsh* 55(39), Mukul Choudhary 7(2)
  CB BOWL: Ravi Bishnoi 1-23 (3)
  LAST WKT: Himmat Singh   b Ravi Bishnoi 15(15)  - 91/5 in 14.3 ov.
  ⚠ DIVERGENCE: BATTERS_MISSING_IN_UI: {'choudhary'} (ui={'marsh'}, cb={'marsh', 'choudhary'}) | FOW_UNKNOWN: 3 placeholder(s) awaiting broadcast upgrade | BOWLER: ui=Nandre Burger cb=Ravi Bishnoi

[22:54:29  iter#139]
  UI: Lucknow Super Giants 105-5 (15.1)  str=Mitchell Marsh nstr=None  bowl=Nandre Burger 1-21 (3.1)
  this_over=['6']  fow=5 (unk=3)  last_fow={'wicket': 5, 'batter': 'Himmat Singh', 'score': 91, 'overs': '14.3', 'bowler': 'Ravi Bishnoi', 'how': None, '_unwitnessed': False}
  delivery: len=short_of_length line=unknown shot=in_the_air [layer2]
  extras: this_over=5 innings=5 [w3/nb2/b0/lb0]
  extras_log: [{'over': '8.3', 'type': 'wide', 'runs': 1, 'this_over_after': []}, {'over': '10.4', 'type': 'wide', 'runs': 1, 'this_over_after': []}, {'over': '13.0', 'type': 'wide', 'runs': 1, 'this_over_after': []}]
  CB: LSG 105-5 (15.1)  crr=6.92  ps=14(4)  recent=6
  CB BAT: Mitchell Marsh* 55(39), Mukul Choudhary 7(2)
  CB BOWL: Ravi Bishnoi 1-23 (3)
  LAST WKT: Himmat Singh   b Ravi Bishnoi 15(15)  - 91/5 in 14.3 ov.
  ⚠ DIVERGENCE: BATTERS_MISSING_IN_UI: {'choudhary'} (ui={'marsh'}, cb={'marsh', 'choudhary'}) | FOW_UNKNOWN: 3 placeholder(s) awaiting broadcast upgrade | BOWLER: ui=Nandre Burger cb=Ravi Bishnoi

[22:54:54  iter#140]
  UI: Lucknow Super Giants 105-5 (15.1)  str=Mitchell Marsh nstr=None  bowl=Nandre Burger 1-21 (3.1)
  this_over=['6']  fow=5 (unk=3)  last_fow={'wicket': 5, 'batter': 'Himmat Singh', 'score': 91, 'overs': '14.3', 'bowler': 'Ravi Bishnoi', 'how': None, '_unwitnessed': False}
  delivery: len=short_of_length line=unknown shot=in_the_air [layer2]
  extras: this_over=5 innings=5 [w3/nb2/b0/lb0]
  extras_log: [{'over': '8.3', 'type': 'wide', 'runs': 1, 'this_over_after': []}, {'over': '10.4', 'type': 'wide', 'runs': 1, 'this_over_after': []}, {'over': '13.0', 'type': 'wide', 'runs': 1, 'this_over_after': []}]
  CB: LSG 105-5 (15.1)  crr=6.92  ps=14(4)  recent=6
  CB BAT: Mitchell Marsh* 55(39), Mukul Choudhary 7(2)
  CB BOWL: Ravi Bishnoi 1-23 (3)
  LAST WKT: Himmat Singh   b Ravi Bishnoi 15(15)  - 91/5 in 14.3 ov.
  ⚠ DIVERGENCE: BATTERS_MISSING_IN_UI: {'choudhary'} (ui={'marsh'}, cb={'marsh', 'choudhary'}) | FOW_UNKNOWN: 3 placeholder(s) awaiting broadcast upgrade | BOWLER: ui=Nandre Burger cb=Ravi Bishnoi

[22:55:16  iter#141]
  UI: Lucknow Super Giants 105-5 (15.1)  str=Mitchell Marsh nstr=None  bowl=Nandre Burger 1-21 (3.1)
  this_over=['6']  fow=5 (unk=3)  last_fow={'wicket': 5, 'batter': 'Himmat Singh', 'score': 91, 'overs': '14.3', 'bowler': 'Ravi Bishnoi', 'how': None, '_unwitnessed': False}
  delivery: len=short_of_length line=unknown shot=in_the_air [layer2]
  extras: this_over=5 innings=5 [w3/nb2/b0/lb0]
  extras_log: [{'over': '8.3', 'type': 'wide', 'runs': 1, 'this_over_after': []}, {'over': '10.4', 'type': 'wide', 'runs': 1, 'this_over_after': []}, {'over': '13.0', 'type': 'wide', 'runs': 1, 'this_over_after': []}]
  CB: LSG 105-5 (15.2)  crr=6.85  ps=14(5)  recent=6 0
  CB BAT: Mitchell Marsh* 55(40), Mukul Choudhary 7(2)
  CB BOWL: Ravi Bishnoi 1-23 (3)
  LAST WKT: Himmat Singh   b Ravi Bishnoi 15(15)  - 91/5 in 14.3 ov.
  ⚠ DIVERGENCE: OVERS: ui=15.1 cb=15.2 | BATTERS_MISSING_IN_UI: {'choudhary'} (ui={'marsh'}, cb={'marsh', 'choudhary'}) | BAT_marsh: ui=55(39) cb=55(40) | FOW_UNKNOWN: 3 placeholder(s) awaiting broadcast upgrade | BOWLER: ui=Nandre Burger cb=Ravi Bishnoi

[22:55:36  iter#142]
  UI: Lucknow Super Giants 105-5 (15.2)  str=Mitchell Marsh nstr=None  bowl=Nandre Burger 1-21 (3.3)
  this_over=['6', '.']  fow=5 (unk=3)  last_fow={'wicket': 5, 'batter': 'Himmat Singh', 'score': 91, 'overs': '14.3', 'bowler': 'Ravi Bishnoi', 'how': None, '_unwitnessed': False}
  delivery: len=short_of_length line=unknown shot=in_the_air [layer2]
  extras: this_over=5 innings=5 [w3/nb2/b0/lb0]
  extras_log: [{'over': '8.3', 'type': 'wide', 'runs': 1, 'this_over_after': []}, {'over': '10.4', 'type': 'wide', 'runs': 1, 'this_over_after': []}, {'over': '13.0', 'type': 'wide', 'runs': 1, 'this_over_after': []}]
  CB: LSG 105-6 (15.3)  crr=6.77  ps=14(6)  recent=6 0 W
  CB BAT: Mukul Choudhary* 7(2), Ravi Bishnoi 3(0)
  CB BOWL: Ravi Bishnoi 1-23 (3)
  LAST WKT: Mitchell Marsh  c Riyan Parag b Nandre Burger 55(41)  - 105/6 in 15.3 ov.
  ⚠ DIVERGENCE: WICKETS: ui=5 cb=6 | OVERS: ui=15.2 cb=15.3 | STRIKER: ui=Mitchell Marsh cb=Mukul Choudhary | BATTERS_MISSING_IN_UI: {'bishnoi', 'choudhary'} (ui={'marsh'}, cb={'bishnoi', 'choudhary'}) | FOW_UNKNOWN: 3 placeholder(s) awaiting broadcast upgrade | BOWLER: ui=Nandre Burger cb=Ravi Bishnoi

[22:55:58  iter#143]
  UI: Lucknow Super Giants 105-6 (15.3)  str=Mukul Choudhary nstr=Mitchell Marsh  bowl=Nandre Burger 2-21 (3.4)
  this_over=['6', '.', 'W']  fow=6 (unk=4)  last_fow={'wicket': 6, 'batter': None, 'score': None, 'overs': None, 'bowler': None, 'how': None, '_unwitnessed': True}
  delivery: len=short_of_length line=unknown shot=in_the_air [layer2]
  extras: this_over=5 innings=5 [w3/nb2/b0/lb0]
  extras_log: [{'over': '8.3', 'type': 'wide', 'runs': 1, 'this_over_after': []}, {'over': '10.4', 'type': 'wide', 'runs': 1, 'this_over_after': []}, {'over': '13.0', 'type': 'wide', 'runs': 1, 'this_over_after': []}]
  CB: LSG 105-6 (15.3)  crr=6.77  ps=14(6)  recent=6 0 W
  CB BAT: Mukul Choudhary* 7(2), Ravi Bishnoi 3(0)
  CB BOWL: Ravi Bishnoi 1-23 (3)
  LAST WKT: Mitchell Marsh  c Riyan Parag b Nandre Burger 55(41)  - 105/6 in 15.3 ov.
  ⚠ DIVERGENCE: BATTERS_MISSING_IN_UI: {'bishnoi'} (ui={'marsh', 'choudhary'}, cb={'bishnoi', 'choudhary'}) | FOW_UNKNOWN: 4 placeholder(s) awaiting broadcast upgrade | BOWLER: ui=Nandre Burger cb=Ravi Bishnoi

[22:56:20  iter#144]
  UI: Lucknow Super Giants 105-6 (15.3)  str=Mukul Choudhary nstr=Mitchell Marsh  bowl=Nandre Burger 2-21 (3.4)
  this_over=['6', '.', 'W']  fow=6 (unk=4)  last_fow={'wicket': 6, 'batter': None, 'score': None, 'overs': None, 'bowler': None, 'how': None, '_unwitnessed': True}
  delivery: len=short_of_length line=unknown shot=in_the_air [layer2]
  extras: this_over=5 innings=5 [w3/nb2/b0/lb0]
  extras_log: [{'over': '8.3', 'type': 'wide', 'runs': 1, 'this_over_after': []}, {'over': '10.4', 'type': 'wide', 'runs': 1, 'this_over_after': []}, {'over': '13.0', 'type': 'wide', 'runs': 1, 'this_over_after': []}]
  CB: LSG 105-6 (15.3)  crr=6.77  ps=14(6)  recent=6 0 W
  CB BAT: Mukul Choudhary* 7(2), Ravi Bishnoi 3(0)
  CB BOWL: Ravi Bishnoi 1-23 (3)
  LAST WKT: Mitchell Marsh  c Riyan Parag b Nandre Burger 55(41)  - 105/6 in 15.3 ov.
  ⚠ DIVERGENCE: BATTERS_MISSING_IN_UI: {'bishnoi'} (ui={'marsh', 'choudhary'}, cb={'bishnoi', 'choudhary'}) | FOW_UNKNOWN: 4 placeholder(s) awaiting broadcast upgrade | BOWLER: ui=Nandre Burger cb=Ravi Bishnoi

[22:56:44  iter#145]
  WS ERR: ''
  CB: LSG 105-6 (15.3)  crr=6.77  ps=14(6)  recent=... 6 0 1
  CB BAT: Mukul Choudhary* 7(2), Ravi Bishnoi 3(0)
  CB BOWL: Ravi Bishnoi 1-23 (3)
  LAST WKT: Mitchell Marsh  c Riyan Parag b Nandre Burger 55(41)  - 105/6 in 15.3 ov.
  ⚠ DIVERGENCE: BATTERS_MISSING_IN_UI: {'bishnoi', 'choudhary'} (ui=set(), cb={'bishnoi', 'choudhary'}) | BOWLER: ui=None cb=Ravi Bishnoi

[22:57:05  iter#146]
  UI:  None-None (None)  str=None nstr=None  bowl=None None-None (None)
  this_over=[]  fow=0 (unk=0)  last_fow=None
  delivery: (none yet on UI)
  extras: this_over=0 innings=0 [w0/nb0/b0/lb0]
  CB: LSG 105-6 (15.3)  crr=6.77  ps=14(6)  recent=... 6 0 1
  CB BAT: Mukul Choudhary* 7(2), Ravi Bishnoi 3(0)
  CB BOWL: Ravi Bishnoi 1-23 (3)
  LAST WKT: Mitchell Marsh  c Riyan Parag b Nandre Burger 55(41)  - 105/6 in 15.3 ov.
  ⚠ DIVERGENCE: BATTERS_MISSING_IN_UI: {'bishnoi', 'choudhary'} (ui=set(), cb={'bishnoi', 'choudhary'}) | BOWLER: ui=None cb=Ravi Bishnoi

[22:57:30  iter#147]
  WS ERR: ''
  CB: LSG 105-6 (15.3)  crr=6.77  ps=14(6)  recent=... 6 0 1
  CB BAT: Mukul Choudhary* 7(2), Ravi Bishnoi 3(0)
  CB BOWL: Ravi Bishnoi 1-23 (3)
  LAST WKT: Mitchell Marsh  c Riyan Parag b Nandre Burger 55(41)  - 105/6 in 15.3 ov.
  ⚠ DIVERGENCE: BATTERS_MISSING_IN_UI: {'bishnoi', 'choudhary'} (ui=set(), cb={'bishnoi', 'choudhary'}) | BOWLER: ui=None cb=Ravi Bishnoi

[22:57:53  iter#148]
  UI:  None-None (None)  str=None nstr=None  bowl=None None-None (None)
  this_over=[]  fow=0 (unk=0)  last_fow=None
  delivery: (none yet on UI)
  extras: this_over=0 innings=0 [w0/nb0/b0/lb0]
  CB: LSG 105-6 (15.3)  crr=6.77  ps=14(6)  recent=... 6 0 1
  CB BAT: Mukul Choudhary* 7(2), Ravi Bishnoi 3(0)
  CB BOWL: Ravi Bishnoi 1-23 (3)
  LAST WKT: Mitchell Marsh  c Riyan Parag b Nandre Burger 55(41)  - 105/6 in 15.3 ov.
  ⚠ DIVERGENCE: BATTERS_MISSING_IN_UI: {'bishnoi', 'choudhary'} (ui=set(), cb={'bishnoi', 'choudhary'}) | BOWLER: ui=None cb=Ravi Bishnoi

[22:58:15  iter#149]
  UI: Rajasthan Royals None-None (None)  str=None nstr=None  bowl=None None-None (None)
  this_over=[]  fow=0 (unk=0)  last_fow=None
  delivery: (none yet on UI)
  extras: this_over=0 innings=0 [w0/nb0/b0/lb0]
  CB: RR 159-6 (20)  crr=6.77  ps=14(6)  recent=... 6 0 1
  CB BAT: Mukul Choudhary* 7(2), Ravi Bishnoi 3(0)
  CB BOWL: Ravi Bishnoi 1-23 (3)
  LAST WKT: Mitchell Marsh  c Riyan Parag b Nandre Burger 55(41)  - 105/6 in 15.3 ov.
  ⚠ DIVERGENCE: BATTERS_MISSING_IN_UI: {'bishnoi', 'choudhary'} (ui=set(), cb={'bishnoi', 'choudhary'}) | BOWLER: ui=None cb=Ravi Bishnoi

[22:58:39  iter#150]
  WS ERR: ''
  CB: LSG 105-6 (15.3)  crr=6.77  ps=14(6)  recent=... 6 0 1
  CB BAT: Mukul Choudhary* 7(2), Ravi Bishnoi 3(0)
  CB BOWL: Ravi Bishnoi 1-23 (3)
  LAST WKT: Mitchell Marsh  c Riyan Parag b Nandre Burger 55(41)  - 105/6 in 15.3 ov.
  ⚠ DIVERGENCE: BATTERS_MISSING_IN_UI: {'bishnoi', 'choudhary'} (ui=set(), cb={'bishnoi', 'choudhary'}) | BOWLER: ui=None cb=Ravi Bishnoi

[22:58:59  iter#151]
  UI: Rajasthan Royals None-None (None)  str=None nstr=None  bowl=None None-None (None)
  this_over=[]  fow=0 (unk=0)  last_fow=None
  delivery: (none yet on UI)
  extras: this_over=0 innings=0 [w0/nb0/b0/lb0]
  CB: RR 159-6 (20)  crr=6.77  ps=14(6)  recent=... 6 0 1
  CB BAT: Mukul Choudhary* 7(2), Ravi Bishnoi 3(0)
  CB BOWL: Ravi Bishnoi 1-23 (3)
  LAST WKT: Mitchell Marsh  c Riyan Parag b Nandre Burger 55(41)  - 105/6 in 15.3 ov.
  ⚠ DIVERGENCE: BATTERS_MISSING_IN_UI: {'bishnoi', 'choudhary'} (ui=set(), cb={'bishnoi', 'choudhary'}) | BOWLER: ui=None cb=Ravi Bishnoi

[22:59:22  iter#152]
  UI: Rajasthan Royals None-None (None)  str=None nstr=None  bowl=None None-None (None)
  this_over=[]  fow=0 (unk=0)  last_fow=None
  delivery: (none yet on UI)
  extras: this_over=0 innings=0 [w0/nb0/b0/lb0]
  CB: RR 159-6 (20)  crr=6.77  ps=14(6)  recent=... 6 0 1
  CB BAT: Mukul Choudhary* 7(2), Ravi Bishnoi 3(0)
  CB BOWL: Ravi Bishnoi 1-23 (3)
  LAST WKT: Mitchell Marsh  c Riyan Parag b Nandre Burger 55(41)  - 105/6 in 15.3 ov.
  ⚠ DIVERGENCE: BATTERS_MISSING_IN_UI: {'bishnoi', 'choudhary'} (ui=set(), cb={'bishnoi', 'choudhary'}) | BOWLER: ui=None cb=Ravi Bishnoi

[22:59:43  iter#153]
  UI: Rajasthan Royals None-None (None)  str=None nstr=None  bowl=None None-None (None)
  this_over=[]  fow=0 (unk=0)  last_fow=None
  delivery: (none yet on UI)
  extras: this_over=0 innings=0 [w0/nb0/b0/lb0]
  CB: RR 159-6 (20)  crr=6.77  ps=0(0)  recent=... 6 0 1
  CB BAT: Mohammed Shami* 0(0), Mukul Choudhary 7(2)
  CB BOWL: Ravi Bishnoi 1-23 (3)
  LAST WKT: Mitchell Marsh  c Riyan Parag b Nandre Burger 55(41)  - 105/6 in 15.3 ov.
  ⚠ DIVERGENCE: BATTERS_MISSING_IN_UI: {'shami', 'choudhary'} (ui=set(), cb={'shami', 'choudhary'}) | BOWLER: ui=None cb=Ravi Bishnoi

[23:00:05  iter#154]
  UI: Rajasthan Royals None-None (None)  str=None nstr=None  bowl=Mohammed Shami 0-0 (0.0)
  this_over=[]  fow=0 (unk=0)  last_fow=None
  delivery: (none yet on UI)
  extras: this_over=0 innings=0 [w0/nb0/b0/lb0]
  CB: RR 159-6 (20)  crr=6.7  ps=0(1)  recent=6 0 W 0
  CB BAT: Mohammed Shami* 0(1), Mukul Choudhary 7(2)
  CB BOWL: Ravi Bishnoi 1-23 (3)
  LAST WKT: Mitchell Marsh  c Riyan Parag b Nandre Burger 55(41)  - 105/6 in 15.3 ov.
  ⚠ DIVERGENCE: BATTERS_MISSING_IN_UI: {'shami', 'choudhary'} (ui=set(), cb={'shami', 'choudhary'}) | BOWLER: ui=Mohammed Shami cb=Ravi Bishnoi

[23:00:28  iter#155]
  UI: Rajasthan Royals None-None (None)  str=None nstr=None  bowl=Mohammed Shami 0-0 (0.0)
  this_over=[]  fow=0 (unk=0)  last_fow=None
  delivery: (none yet on UI)
  extras: this_over=0 innings=0 [w0/nb0/b0/lb0]
  CB: RR 159-6 (20)  crr=6.63  ps=0(2)  recent=6 0 W 0 0
  CB BAT: Mohammed Shami* 0(2), Mukul Choudhary 7(2)
  CB BOWL: Ravi Bishnoi 1-23 (3)
  LAST WKT: Mitchell Marsh  c Riyan Parag b Nandre Burger 55(41)  - 105/6 in 15.3 ov.
  ⚠ DIVERGENCE: BATTERS_MISSING_IN_UI: {'shami', 'choudhary'} (ui=set(), cb={'shami', 'choudhary'}) | BOWLER: ui=Mohammed Shami cb=Ravi Bishnoi

[23:00:49  iter#156]
  UI: Rajasthan Royals None-None (None)  str=None nstr=None  bowl=Mohammed Shami 0-0 (0.0)
  this_over=[]  fow=0 (unk=0)  last_fow=None
  delivery: (none yet on UI)
  extras: this_over=0 innings=0 [w0/nb0/b0/lb0]
  CB: RR 159-6 (20)  crr=6.94  ps=6(3)  recent=6 0 W 0 0 6
  CB BAT: Mukul Choudhary* 7(2), Mohammed Shami 6(3)
  CB BOWL: Nandre Burger 2-27 (4)
  LAST WKT: Mitchell Marsh  c Riyan Parag b Nandre Burger 55(41)  - 105/6 in 15.3 ov.
  ⚠ DIVERGENCE: BATTERS_MISSING_IN_UI: {'shami', 'choudhary'} (ui=set(), cb={'shami', 'choudhary'}) | BOWLER: ui=Mohammed Shami cb=Nandre Burger

[23:01:10  iter#157]
  UI: Lucknow Super Giants 111-6 (16.0)  str=None nstr=None  bowl=Nandre Burger 0-8 (2.1)
  this_over=[]  fow=6 (unk=6)  last_fow={'wicket': 6, 'batter': None, 'score': None, 'overs': None, 'bowler': None, 'how': None, '_unwitnessed': True}
  delivery: (none yet on UI)
  extras: this_over=0 innings=0 [w0/nb0/b0/lb0]
  CB: LSG 111-6 (16)  crr=6.94  ps=6(3)  recent=6 0 W 0 0 6
  CB BAT: Mukul Choudhary* 7(2), Mohammed Shami 6(3)
  CB BOWL: Nandre Burger 2-27 (4)
  LAST WKT: Mitchell Marsh  c Riyan Parag b Nandre Burger 55(41)  - 105/6 in 15.3 ov.
  ⚠ DIVERGENCE: OVERS: ui=16.0 cb=16 | BATTERS_MISSING_IN_UI: {'shami', 'choudhary'} (ui=set(), cb={'shami', 'choudhary'}) | FOW_UNKNOWN: 6 placeholder(s) awaiting broadcast upgrade | BOWL_W: ui=0 cb=2 | BOWL_R: ui=8 cb=27 | BOWL_O: ui=2.1 cb=4

[23:01:35  iter#158]
  WS ERR: ''
  CB: LSG 111-6 (16)  crr=6.94  ps=6(3)  recent=...
  CB BAT: Mukul Choudhary* 7(2), Mohammed Shami 6(3)
  CB BOWL: Nandre Burger 2-27 (4)
  LAST WKT: Mitchell Marsh  c Riyan Parag b Nandre Burger 55(41)  - 105/6 in 15.3 ov.
  ⚠ DIVERGENCE: BATTERS_MISSING_IN_UI: {'shami', 'choudhary'} (ui=set(), cb={'shami', 'choudhary'}) | BOWLER: ui=None cb=Nandre Burger

[23:01:58  iter#159]
  UI: RR 111-6 (16.0)  str=Mohammed Shami nstr=Mukul Choudhary  bowl=None None-None (None)
  this_over=[]  fow=0 (unk=0)  last_fow=None
  delivery: len=good_length line=unknown shot=in_the_air [layer2]
  extras: this_over=0 innings=None [w0/nb0/b0/lb0]
  CB: RR 159-6 (20)  crr=6.94  ps=6(3)  recent=...
  CB BAT: Mukul Choudhary* 7(2), Mohammed Shami 6(3)
  CB BOWL: Nandre Burger 2-27 (4)
  LAST WKT: Mitchell Marsh  c Riyan Parag b Nandre Burger 55(41)  - 105/6 in 15.3 ov.
  ⚠ DIVERGENCE: SCORE: ui=111 cb=159 | OVERS: ui=16.0 cb=20 | STRIKER: ui=Mohammed Shami cb=Mukul Choudhary | FOW_COUNT: ui=0 vs wickets=6 | BOWLER: ui=None cb=Nandre Burger

[23:02:20  iter#160]
  UI: Lucknow Super Giants 111-6 (16.0)  str=Mohammed Shami nstr=Mukul Choudhary  bowl=Brijesh Sharma 0-15 (2)
  this_over=[]  fow=6 (unk=6)  last_fow={'wicket': 6, 'batter': None, 'score': None, 'overs': None, 'bowler': None, 'how': None, '_unwitnessed': True}
  delivery: len=good_length line=unknown shot=in_the_air [layer2]
  extras: this_over=0 innings=0 [w0/nb0/b0/lb0]
  CB: LSG 111-6 (16)  crr=6.94  ps=6(3)  recent=...
  CB BAT: Mukul Choudhary* 7(2), Mohammed Shami 6(3)
  CB BOWL: Nandre Burger 2-27 (4)
  LAST WKT: Mitchell Marsh  c Riyan Parag b Nandre Burger 55(41)  - 105/6 in 15.3 ov.
  ⚠ DIVERGENCE: OVERS: ui=16.0 cb=16 | STRIKER: ui=Mohammed Shami cb=Mukul Choudhary | FOW_UNKNOWN: 6 placeholder(s) awaiting broadcast upgrade | BOWLER: ui=Brijesh Sharma cb=Nandre Burger

[23:02:44  iter#161]
  WS ERR: ''
  CB: LSG 111-7 (16.1)  crr=6.87  ps=6(4)  recent=W
  CB BAT: Mohammed Shami* 6(3), Nandre Burger 4(0)
  CB BOWL: Nandre Burger 2-27 (4)
  LAST WKT: Mukul Choudhary  c Riyan Parag b Brijesh Sharma 7(3)  - 111/7 in 16.1 ov.
  ⚠ DIVERGENCE: BATTERS_MISSING_IN_UI: {'shami', 'burger'} (ui=set(), cb={'shami', 'burger'}) | BOWLER: ui=None cb=Nandre Burger

[23:03:09  iter#162]
  WS ERR: ''
  CB: LSG 111-7 (16.1)  crr=6.87  ps=6(4)  recent=W
  CB BAT: Mohammed Shami* 6(3), Nandre Burger 4(0)
  CB BOWL: Nandre Burger 2-27 (4)
  LAST WKT: Mukul Choudhary  c Riyan Parag b Brijesh Sharma 7(3)  - 111/7 in 16.1 ov.
  ⚠ DIVERGENCE: BATTERS_MISSING_IN_UI: {'shami', 'burger'} (ui=set(), cb={'shami', 'burger'}) | BOWLER: ui=None cb=Nandre Burger

[23:03:30  iter#163]
  UI: Lucknow Super Giants 111-7 (16.1)  str=None nstr=Mukul Choudhary  bowl=Brijesh Sharma 0-15 (2)
  this_over=['W']  fow=7 (unk=7)  last_fow={'wicket': 7, 'batter': None, 'score': None, 'overs': None, 'bowler': None, 'how': None, '_unwitnessed': True}
  delivery: len=good_length line=unknown shot=in_the_air [layer2]
  extras: this_over=0 innings=0 [w0/nb0/b0/lb0]
  CB: LSG 111-7 (16.1)  crr=6.87  ps=6(4)  recent=W
  CB BAT: Mohammed Shami* 6(3), Nandre Burger 4(0)
  CB BOWL: Nandre Burger 2-27 (4)
  LAST WKT: Mukul Choudhary  c Riyan Parag b Brijesh Sharma 7(3)  - 111/7 in 16.1 ov.
  ⚠ DIVERGENCE: BATTERS_MISSING_IN_UI: {'shami', 'burger'} (ui={'choudhary'}, cb={'shami', 'burger'}) | FOW_UNKNOWN: 7 placeholder(s) awaiting broadcast upgrade | BOWLER: ui=Brijesh Sharma cb=Nandre Burger

[23:03:54  iter#164]
  WS ERR: ''
  CB: LSG 112-7 (16.1)  crr=6.93  ps=1(0)  recent=W W
  CB BAT: Mayank Yadav* 0(0), Mohammed Shami 6(3)
  CB BOWL: Nandre Burger 2-27 (4)
  LAST WKT: Mukul Choudhary  c Riyan Parag b Brijesh Sharma 7(3)  - 111/7 in 16.1 ov.
  ⚠ DIVERGENCE: BATTERS_MISSING_IN_UI: {'shami', 'yadav'} (ui=set(), cb={'shami', 'yadav'}) | BOWLER: ui=None cb=Nandre Burger

[23:04:15  iter#165]
  UI: Lucknow Super Giants 112-7 (16.2)  str=None nstr=None  bowl=Brijesh Sharma 1-16 (2.2)
  this_over=['W', 'Wd', '.']  fow=7 (unk=6)  last_fow={'wicket': 7, 'batter': 'Mukul Choudhary', 'score': 111, 'overs': '16.1', 'bowler': 'Brijesh Sharma', 'how': None, '_unwitnessed': False}
  delivery: len=good_length line=unknown shot=in_the_air [layer2]
  extras: this_over=1 innings=1 [w1/nb0/b0/lb0]
  extras_log: [{'over': '16.1', 'type': 'wide', 'runs': 1, 'this_over_after': []}]
  CB: LSG 112-7 (16.1)  crr=6.93  ps=1(0)  recent=W W
  CB BAT: Mayank Yadav* 0(0), Mohammed Shami 6(3)
  CB BOWL: Nandre Burger 2-27 (4)
  LAST WKT: Mukul Choudhary  c Riyan Parag b Brijesh Sharma 7(3)  - 111/7 in 16.1 ov.
  ⚠ DIVERGENCE: OVERS: ui=16.2 cb=16.1 | BATTERS_MISSING_IN_UI: {'shami', 'yadav'} (ui=set(), cb={'shami', 'yadav'}) | FOW_UNKNOWN: 6 placeholder(s) awaiting broadcast upgrade | BOWLER: ui=Brijesh Sharma cb=Nandre Burger

[23:04:37  iter#166]
  UI: Lucknow Super Giants 113-7 (16.2)  str=None nstr=None  bowl=Brijesh Sharma 1-18 (2.2)
  this_over=['W', 'Wd', '.', 'Wd']  fow=7 (unk=6)  last_fow={'wicket': 7, 'batter': 'Mukul Choudhary', 'score': 111, 'overs': '16.1', 'bowler': 'Brijesh Sharma', 'how': None, '_unwitnessed': False}
  delivery: len=good_length line=unknown shot=in_the_air [layer2]
  extras: this_over=2 innings=2 [w2/nb0/b0/lb0]
  extras_log: [{'over': '16.1', 'type': 'wide', 'runs': 1, 'this_over_after': []}, {'over': '16.2', 'type': 'wide', 'runs': 1, 'this_over_after': []}]
  CB: LSG 113-7 (16.2)  crr=6.92  ps=2(1)  recent=W W
  CB BAT: Mohammed Shami* 6(3), Mayank Yadav 1(1)
  CB BOWL: Nandre Burger 2-27 (4)
  LAST WKT: Mukul Choudhary  c Riyan Parag b Brijesh Sharma 7(3)  - 111/7 in 16.1 ov.
  ⚠ DIVERGENCE: BATTERS_MISSING_IN_UI: {'shami', 'yadav'} (ui=set(), cb={'shami', 'yadav'}) | FOW_UNKNOWN: 6 placeholder(s) awaiting broadcast upgrade | BOWLER: ui=Brijesh Sharma cb=Nandre Burger

[23:04:59  iter#167]
  UI: Lucknow Super Giants 113-7 (16.2)  str=None nstr=None  bowl=Brijesh Sharma 1-18 (2.2)
  this_over=['W', 'Wd', '.', 'Wd']  fow=7 (unk=6)  last_fow={'wicket': 7, 'batter': 'Mukul Choudhary', 'score': 111, 'overs': '16.1', 'bowler': 'Brijesh Sharma', 'how': None, '_unwitnessed': False}
  delivery: len=short_of_length line=unknown shot=in_the_air [layer2]
  extras: this_over=2 innings=2 [w2/nb0/b0/lb0]
  extras_log: [{'over': '16.1', 'type': 'wide', 'runs': 1, 'this_over_after': []}, {'over': '16.2', 'type': 'wide', 'runs': 1, 'this_over_after': []}]
  CB: LSG 113-7 (16.2)  crr=6.92  ps=2(1)  recent=W W
  CB BAT: Mohammed Shami* 6(3), Mayank Yadav 1(1)
  CB BOWL: Nandre Burger 2-27 (4)
  LAST WKT: Mukul Choudhary  c Riyan Parag b Brijesh Sharma 7(3)  - 111/7 in 16.1 ov.
  ⚠ DIVERGENCE: BATTERS_MISSING_IN_UI: {'shami', 'yadav'} (ui=set(), cb={'shami', 'yadav'}) | FOW_UNKNOWN: 6 placeholder(s) awaiting broadcast upgrade | BOWLER: ui=Brijesh Sharma cb=Nandre Burger

[23:05:23  iter#168]
  UI: Lucknow Super Giants 113-7 (16.2)  str=None nstr=None  bowl=Brijesh Sharma 1-18 (2.2)
  this_over=['W', 'Wd', '.', 'Wd']  fow=7 (unk=6)  last_fow={'wicket': 7, 'batter': 'Mukul Choudhary', 'score': 111, 'overs': '16.1', 'bowler': 'Brijesh Sharma', 'how': None, '_unwitnessed': False}
  delivery: len=short_of_length line=unknown shot=in_the_air [layer2]
  extras: this_over=2 innings=2 [w2/nb0/b0/lb0]
  extras_log: [{'over': '16.1', 'type': 'wide', 'runs': 1, 'this_over_after': []}, {'over': '16.2', 'type': 'wide', 'runs': 1, 'this_over_after': []}]
  CB: LSG 113-8 (16.3)  crr=6.85  ps=2(2)  recent=W W
  CB BAT: Mayank Yadav* 1(1), Nandre Burger 4(0)
  CB BOWL: Nandre Burger 2-27 (4)
  LAST WKT: Mohammed Shami   b Brijesh Sharma 6(4)  - 113/8 in 16.3 ov.
  ⚠ DIVERGENCE: WICKETS: ui=7 cb=8 | OVERS: ui=16.2 cb=16.3 | BATTERS_MISSING_IN_UI: {'burger', 'yadav'} (ui=set(), cb={'burger', 'yadav'}) | FOW_UNKNOWN: 6 placeholder(s) awaiting broadcast upgrade | BOWLER: ui=Brijesh Sharma cb=Nandre Burger

[23:05:45  iter#169]
  UI: Lucknow Super Giants 113-8 (16.3)  str=Mohammed Shami nstr=Mayank Yadav  bowl=Brijesh Sharma 2-18 (2.4)
  this_over=['W', 'Wd', '.', 'Wd', 'W']  fow=8 (unk=7)  last_fow={'wicket': 8, 'batter': None, 'score': None, 'overs': None, 'bowler': None, 'how': None, '_unwitnessed': True}
  delivery: len=good_length line=unknown shot=in_the_air [layer2]
  extras: this_over=2 innings=2 [w2/nb0/b0/lb0]
  extras_log: [{'over': '16.1', 'type': 'wide', 'runs': 1, 'this_over_after': []}, {'over': '16.2', 'type': 'wide', 'runs': 1, 'this_over_after': []}]
  CB: LSG 113-8 (16.3)  crr=6.85  ps=2(2)  recent=W W
  CB BAT: Mayank Yadav* 1(1), Nandre Burger 4(0)
  CB BOWL: Nandre Burger 2-27 (4)
  LAST WKT: Mohammed Shami   b Brijesh Sharma 6(4)  - 113/8 in 16.3 ov.
  ⚠ DIVERGENCE: STRIKER: ui=Mohammed Shami cb=Mayank Yadav | BATTERS_MISSING_IN_UI: {'burger'} (ui={'shami', 'yadav'}, cb={'burger', 'yadav'}) | FOW_UNKNOWN: 7 placeholder(s) awaiting broadcast upgrade | BOWLER: ui=Brijesh Sharma cb=Nandre Burger

[23:06:06  iter#170]
  UI: Lucknow Super Giants 113-8 (16.3)  str=Mohammed Shami nstr=Mayank Yadav  bowl=Brijesh Sharma 2-18 (2.4)
  this_over=['W', 'Wd', '.', 'Wd', 'W']  fow=8 (unk=7)  last_fow={'wicket': 8, 'batter': None, 'score': None, 'overs': None, 'bowler': None, 'how': None, '_unwitnessed': True}
  delivery: len=good_length line=unknown shot=in_the_air [layer2]
  extras: this_over=2 innings=2 [w2/nb0/b0/lb0]
  extras_log: [{'over': '16.1', 'type': 'wide', 'runs': 1, 'this_over_after': []}, {'over': '16.2', 'type': 'wide', 'runs': 1, 'this_over_after': []}]
  CB: LSG 113-8 (16.3)  crr=6.85  ps=0(0)  recent=... 1 6
  CB BAT: Digvesh Singh Rathi* 0(0), Mayank Yadav 1(1)
  CB BOWL: Nandre Burger 2-27 (4)
  LAST WKT: Mohammed Shami   b Brijesh Sharma 6(4)  - 113/8 in 16.3 ov.
  ⚠ DIVERGENCE: STRIKER: ui=Mohammed Shami cb=Digvesh Singh Rathi | BATTERS_MISSING_IN_UI: {'rathi'} (ui={'shami', 'yadav'}, cb={'yadav', 'rathi'}) | FOW_UNKNOWN: 7 placeholder(s) awaiting broadcast upgrade | BOWLER: ui=Brijesh Sharma cb=Nandre Burger

[23:06:27  iter#171]
  UI: Lucknow Super Giants 113-8 (16.3)  str=Mohammed Shami nstr=Mayank Yadav  bowl=Brijesh Sharma 2-18 (2.4)
  this_over=['W', 'Wd', '.', 'Wd', 'W']  fow=8 (unk=7)  last_fow={'wicket': 8, 'batter': None, 'score': None, 'overs': None, 'bowler': None, 'how': None, '_unwitnessed': True}
  delivery: len=good_length line=unknown shot=in_the_air [layer2]
  extras: this_over=2 innings=2 [w2/nb0/b0/lb0]
  extras_log: [{'over': '16.1', 'type': 'wide', 'runs': 1, 'this_over_after': []}, {'over': '16.2', 'type': 'wide', 'runs': 1, 'this_over_after': []}]
  CB: LSG 113-8 (16.3)  crr=6.85  ps=0(0)  recent=... 1 6
  CB BAT: Digvesh Singh Rathi* 0(0), Mayank Yadav 1(1)
  CB BOWL: Nandre Burger 2-27 (4)
  LAST WKT: Mohammed Shami   b Brijesh Sharma 6(4)  - 113/8 in 16.3 ov.
  ⚠ DIVERGENCE: STRIKER: ui=Mohammed Shami cb=Digvesh Singh Rathi | BATTERS_MISSING_IN_UI: {'rathi'} (ui={'shami', 'yadav'}, cb={'yadav', 'rathi'}) | FOW_UNKNOWN: 7 placeholder(s) awaiting broadcast upgrade | BOWLER: ui=Brijesh Sharma cb=Nandre Burger

[23:06:48  iter#172]
  UI: Lucknow Super Giants 113-8 (16.3)  str=None nstr=Mayank Yadav  bowl=Brijesh Sharma 2-18 (2.4)
  this_over=['W', 'Wd', '.', 'Wd', 'W']  fow=8 (unk=6)  last_fow={'wicket': 8, 'batter': 'Mohammed Shami', 'score': 113, 'overs': '16.3', 'bowler': 'Brijesh Sharma', 'how': None, '_unwitnessed': False}
  delivery: len=good_length line=unknown shot=in_the_air [layer2]
  extras: this_over=2 innings=2 [w2/nb0/b0/lb0]
  extras_log: [{'over': '16.1', 'type': 'wide', 'runs': 1, 'this_over_after': []}, {'over': '16.2', 'type': 'wide', 'runs': 1, 'this_over_after': []}]
  CB: LSG 113-8 (16.3)  crr=6.85  ps=0(0)  recent=... 1 6
  CB BAT: Digvesh Singh Rathi* 0(0), Mayank Yadav 1(1)
  CB BOWL: Nandre Burger 2-27 (4)
  LAST WKT: Mohammed Shami   b Brijesh Sharma 6(4)  - 113/8 in 16.3 ov.
  ⚠ DIVERGENCE: BATTERS_MISSING_IN_UI: {'rathi'} (ui={'yadav'}, cb={'yadav', 'rathi'}) | FOW_UNKNOWN: 6 placeholder(s) awaiting broadcast upgrade | BOWLER: ui=Brijesh Sharma cb=Nandre Burger

[23:07:12  iter#173]
  WS ERR: ''
  CB: LSG 114-8 (16.4)  crr=6.84  ps=1(1)  recent=W W
  CB BAT: Mayank Yadav* 1(1), Digvesh Singh Rathi 1(1)
  CB BOWL: Nandre Burger 2-27 (4)
  LAST WKT: Mohammed Shami   b Brijesh Sharma 6(4)  - 113/8 in 16.3 ov.
  ⚠ DIVERGENCE: BATTERS_MISSING_IN_UI: {'yadav', 'rathi'} (ui=set(), cb={'rathi', 'yadav'}) | BOWLER: ui=None cb=Nandre Burger

[23:07:34  iter#174]
  UI: Lucknow Super Giants 114-8 (16.4)  str=Mayank Yadav nstr=Digvesh Singh Rathi  bowl=Brijesh Sharma 2-18 (2.4)
  this_over=['W', 'Wd', '.', 'Wd', 'W', '1']  fow=8 (unk=6)  last_fow={'wicket': 8, 'batter': 'Mohammed Shami', 'score': 113, 'overs': '16.3', 'bowler': 'Brijesh Sharma', 'how': None, '_unwitnessed': False}
  delivery: len=short_of_length line=unknown shot=in_the_air [layer2]
  extras: this_over=2 innings=2 [w2/nb0/b0/lb0]
  extras_log: [{'over': '16.1', 'type': 'wide', 'runs': 1, 'this_over_after': []}, {'over': '16.2', 'type': 'wide', 'runs': 1, 'this_over_after': []}]
  CB: LSG 114-8 (16.4)  crr=6.84  ps=1(1)  recent=W W
  CB BAT: Mayank Yadav* 1(1), Digvesh Singh Rathi 1(1)
  CB BOWL: Nandre Burger 2-27 (4)
  LAST WKT: Mohammed Shami   b Brijesh Sharma 6(4)  - 113/8 in 16.3 ov.
  ⚠ DIVERGENCE: BAT_rathi: ui=0(1) cb=1(1) | FOW_UNKNOWN: 6 placeholder(s) awaiting broadcast upgrade | BOWLER: ui=Brijesh Sharma cb=Nandre Burger

[23:07:56  iter#175]
  UI: Lucknow Super Giants 114-8 (16.4)  str=Mayank Yadav nstr=Digvesh Singh Rathi  bowl=Brijesh Sharma 2-18 (2.4)
  this_over=['W', 'Wd', '.', 'Wd', 'W', '1']  fow=8 (unk=6)  last_fow={'wicket': 8, 'batter': 'Mohammed Shami', 'score': 113, 'overs': '16.3', 'bowler': 'Brijesh Sharma', 'how': None, '_unwitnessed': False}
  delivery: len=short_of_length line=unknown shot=in_the_air [layer2]
  extras: this_over=2 innings=2 [w2/nb0/b0/lb0]
  extras_log: [{'over': '16.1', 'type': 'wide', 'runs': 1, 'this_over_after': []}, {'over': '16.2', 'type': 'wide', 'runs': 1, 'this_over_after': []}]
  CB: LSG 114-8 (16.5)  crr=6.77  ps=1(2)  recent=W W
  CB BAT: Mayank Yadav* 1(2), Digvesh Singh Rathi 1(1)
  CB BOWL: Nandre Burger 2-27 (4)
  LAST WKT: Mohammed Shami   b Brijesh Sharma 6(4)  - 113/8 in 16.3 ov.
  ⚠ DIVERGENCE: OVERS: ui=16.4 cb=16.5 | BAT_yadav: ui=1(1) cb=1(2) | BAT_rathi: ui=0(1) cb=1(1) | FOW_UNKNOWN: 6 placeholder(s) awaiting broadcast upgrade | BOWLER: ui=Brijesh Sharma cb=Nandre Burger

[23:08:17  iter#176]
  UI: Lucknow Super Giants 114-8 (16.5)  str=Mayank Yadav nstr=Digvesh Singh Rathi  bowl=Brijesh Sharma 2-18 (3.0)
  this_over=['W', 'Wd', '.', 'Wd', 'W', '1', '.']  fow=8 (unk=6)  last_fow={'wicket': 8, 'batter': 'Mohammed Shami', 'score': 113, 'overs': '16.3', 'bowler': 'Brijesh Sharma', 'how': None, '_unwitnessed': False}
  delivery: len=short_of_length line=unknown shot=in_the_air [layer2]
  extras: this_over=2 innings=2 [w2/nb0/b0/lb0]
  extras_log: [{'over': '16.1', 'type': 'wide', 'runs': 1, 'this_over_after': []}, {'over': '16.2', 'type': 'wide', 'runs': 1, 'this_over_after': []}]
  CB: LSG 114-8 (17)  crr=6.71  ps=1(3)  recent=W W
  CB BAT: Digvesh Singh Rathi* 1(1), Mayank Yadav 1(3)
  CB BOWL: Brijesh Sharma 2-18 (3)
  LAST WKT: Mohammed Shami   b Brijesh Sharma 6(4)  - 113/8 in 16.3 ov.
  ⚠ DIVERGENCE: OVERS: ui=16.5 cb=17 | STRIKER: ui=Mayank Yadav cb=Digvesh Singh Rathi | BAT_yadav: ui=1(2) cb=1(3) | FOW_UNKNOWN: 6 placeholder(s) awaiting broadcast upgrade | BOWL_O: ui=3.0 cb=3

[23:08:37  iter#177]
  WS ERR: "Multiple exceptions: [Errno 61] Connect call failed ('::1', 8765, 0, 0), [Errno 61] Connect call failed ('127.0.0.1', 8765)"
  CB: LSG 114-8 (17)  crr=6.71  ps=1(3)  recent=W W
  CB BAT: Digvesh Singh Rathi* 1(1), Mayank Yadav 1(3)
  CB BOWL: Brijesh Sharma 2-18 (3)
  LAST WKT: Mohammed Shami   b Brijesh Sharma 6(4)  - 113/8 in 16.3 ov.
  ⚠ DIVERGENCE: BATTERS_MISSING_IN_UI: {'rathi', 'yadav'} (ui=set(), cb={'yadav', 'rathi'}) | BOWLER: ui=None cb=Brijesh Sharma

[23:08:58  iter#178]
  WS ERR: "Multiple exceptions: [Errno 61] Connect call failed ('::1', 8765, 0, 0), [Errno 61] Connect call failed ('127.0.0.1', 8765)"
  CB: LSG 114-8 (17)  crr=6.71  ps=1(3)  recent=...
  CB BAT: Digvesh Singh Rathi* 1(1), Mayank Yadav 1(3)
  CB BOWL: Brijesh Sharma 2-18 (3)
  LAST WKT: Mohammed Shami   b Brijesh Sharma 6(4)  - 113/8 in 16.3 ov.
  ⚠ DIVERGENCE: BATTERS_MISSING_IN_UI: {'rathi', 'yadav'} (ui=set(), cb={'yadav', 'rathi'}) | BOWLER: ui=None cb=Brijesh Sharma

[23:09:18  iter#179]
  WS ERR: "Multiple exceptions: [Errno 61] Connect call failed ('::1', 8765, 0, 0), [Errno 61] Connect call failed ('127.0.0.1', 8765)"
  CB: LSG 114-8 (17)  crr=6.71  ps=1(3)  recent=...
  CB BAT: Digvesh Singh Rathi* 1(1), Mayank Yadav 1(3)
  CB BOWL: Brijesh Sharma 2-18 (3)
  LAST WKT: Mohammed Shami   b Brijesh Sharma 6(4)  - 113/8 in 16.3 ov.
  ⚠ DIVERGENCE: BATTERS_MISSING_IN_UI: {'rathi', 'yadav'} (ui=set(), cb={'yadav', 'rathi'}) | BOWLER: ui=None cb=Brijesh Sharma

[23:09:38  iter#180]
  WS ERR: "Multiple exceptions: [Errno 61] Connect call failed ('::1', 8765, 0, 0), [Errno 61] Connect call failed ('127.0.0.1', 8765)"
  CB: LSG 114-8 (17)  crr=6.71  ps=1(3)  recent=...
  CB BAT: Digvesh Singh Rathi* 1(1), Mayank Yadav 1(3)
  CB BOWL: Brijesh Sharma 2-18 (3)
  LAST WKT: Mohammed Shami   b Brijesh Sharma 6(4)  - 113/8 in 16.3 ov.
  ⚠ DIVERGENCE: BATTERS_MISSING_IN_UI: {'rathi', 'yadav'} (ui=set(), cb={'yadav', 'rathi'}) | BOWLER: ui=None cb=Brijesh Sharma

[23:09:58  iter#181]
  WS ERR: "Multiple exceptions: [Errno 61] Connect call failed ('::1', 8765, 0, 0), [Errno 61] Connect call failed ('127.0.0.1', 8765)"
  CB: LSG 115-8 (17.1)  crr=6.7  ps=2(4)  recent=1
  CB BAT: Mayank Yadav* 1(3), Digvesh Singh Rathi 2(2)
  CB BOWL: Brijesh Sharma 2-18 (3)
  LAST WKT: Mohammed Shami   b Brijesh Sharma 6(4)  - 113/8 in 16.3 ov.
  ⚠ DIVERGENCE: BATTERS_MISSING_IN_UI: {'yadav', 'rathi'} (ui=set(), cb={'rathi', 'yadav'}) | BOWLER: ui=None cb=Brijesh Sharma

[23:10:19  iter#182]
  WS ERR: "Multiple exceptions: [Errno 61] Connect call failed ('::1', 8765, 0, 0), [Errno 61] Connect call failed ('127.0.0.1', 8765)"
  CB: LSG 115-8 (17.1)  crr=6.7  ps=2(4)  recent=1
  CB BAT: Mayank Yadav* 1(3), Digvesh Singh Rathi 2(2)
  CB BOWL: Brijesh Sharma 2-18 (3)
  LAST WKT: Mohammed Shami   b Brijesh Sharma 6(4)  - 113/8 in 16.3 ov.
  ⚠ DIVERGENCE: BATTERS_MISSING_IN_UI: {'yadav', 'rathi'} (ui=set(), cb={'rathi', 'yadav'}) | BOWLER: ui=None cb=Brijesh Sharma

[23:10:39  iter#183]
  WS ERR: "Multiple exceptions: [Errno 61] Connect call failed ('::1', 8765, 0, 0), [Errno 61] Connect call failed ('127.0.0.1', 8765)"
  CB: LSG 119-8 (17.2)  crr=6.87  ps=6(5)  recent=1 4
  CB BAT: Mayank Yadav* 5(4), Digvesh Singh Rathi 2(2)
  CB BOWL: Brijesh Sharma 2-18 (3)
  LAST WKT: Mohammed Shami   b Brijesh Sharma 6(4)  - 113/8 in 16.3 ov.
  ⚠ DIVERGENCE: BATTERS_MISSING_IN_UI: {'yadav', 'rathi'} (ui=set(), cb={'rathi', 'yadav'}) | BOWLER: ui=None cb=Brijesh Sharma

[23:10:59  iter#184]
  WS ERR: "Multiple exceptions: [Errno 61] Connect call failed ('::1', 8765, 0, 0), [Errno 61] Connect call failed ('127.0.0.1', 8765)"
  CB: LSG 119-8 (17.2)  crr=6.87  ps=6(5)  recent=1 4
  CB BAT: Mayank Yadav* 5(4), Digvesh Singh Rathi 2(2)
  CB BOWL: Brijesh Sharma 2-18 (3)
  LAST WKT: Mohammed Shami   b Brijesh Sharma 6(4)  - 113/8 in 16.3 ov.
  ⚠ DIVERGENCE: BATTERS_MISSING_IN_UI: {'yadav', 'rathi'} (ui=set(), cb={'rathi', 'yadav'}) | BOWLER: ui=None cb=Brijesh Sharma

[23:11:20  iter#185]
  WS ERR: "Multiple exceptions: [Errno 61] Connect call failed ('::1', 8765, 0, 0), [Errno 61] Connect call failed ('127.0.0.1', 8765)"
  CB: LSG 119-8 (17.2)  crr=6.87  ps=6(5)  recent=1 4
  CB BAT: Mayank Yadav* 5(4), Digvesh Singh Rathi 2(2)
  CB BOWL: Brijesh Sharma 2-18 (3)
  LAST WKT: Mohammed Shami   b Brijesh Sharma 6(4)  - 113/8 in 16.3 ov.
  ⚠ DIVERGENCE: BATTERS_MISSING_IN_UI: {'yadav', 'rathi'} (ui=set(), cb={'rathi', 'yadav'}) | BOWLER: ui=None cb=Brijesh Sharma

[23:11:40  iter#186]
  WS ERR: "Multiple exceptions: [Errno 61] Connect call failed ('::1', 8765, 0, 0), [Errno 61] Connect call failed ('127.0.0.1', 8765)"
  CB: LSG 119-9 (17.3)  crr=6.8  ps=6(6)  recent=1 4 W
  CB BAT: Digvesh Singh Rathi* 2(2), Brijesh Sharma 3(0)
  CB BOWL: Brijesh Sharma 2-18 (3)
  LAST WKT: Mayank Yadav  c Dhruv Jurel b Jofra Archer 5(5)  - 119/9 in 17.3 ov.
  ⚠ DIVERGENCE: BATTERS_MISSING_IN_UI: {'sharma', 'rathi'} (ui=set(), cb={'sharma', 'rathi'}) | BOWLER: ui=None cb=Brijesh Sharma

[23:12:00  iter#187]
  WS ERR: "Multiple exceptions: [Errno 61] Connect call failed ('::1', 8765, 0, 0), [Errno 61] Connect call failed ('127.0.0.1', 8765)"
  CB: LSG 119-9 (17.3)  crr=6.8  ps=6(6)  recent=1 4 W
  CB BAT: Digvesh Singh Rathi* 2(2), Brijesh Sharma 3(0)
  CB BOWL: Brijesh Sharma 2-18 (3)
  LAST WKT: Mayank Yadav  c Dhruv Jurel b Jofra Archer 5(5)  - 119/9 in 17.3 ov.
  ⚠ DIVERGENCE: BATTERS_MISSING_IN_UI: {'sharma', 'rathi'} (ui=set(), cb={'sharma', 'rathi'}) | BOWLER: ui=None cb=Brijesh Sharma

[23:12:20  iter#188]
  WS ERR: "Multiple exceptions: [Errno 61] Connect call failed ('::1', 8765, 0, 0), [Errno 61] Connect call failed ('127.0.0.1', 8765)"
  CB: LSG 119-9 (17.3)  crr=6.8  ps=6(6)  recent=1 4 W
  CB BAT: Digvesh Singh Rathi* 2(2), Brijesh Sharma 3(0)
  CB BOWL: Brijesh Sharma 2-18 (3)
  LAST WKT: Mayank Yadav  c Dhruv Jurel b Jofra Archer 5(5)  - 119/9 in 17.3 ov.
  ⚠ DIVERGENCE: BATTERS_MISSING_IN_UI: {'sharma', 'rathi'} (ui=set(), cb={'sharma', 'rathi'}) | BOWLER: ui=None cb=Brijesh Sharma

[23:12:41  iter#189]
  WS ERR: "Multiple exceptions: [Errno 61] Connect call failed ('::1', 8765, 0, 0), [Errno 61] Connect call failed ('127.0.0.1', 8765)"
  CB: LSG 119-9 (17.3)  crr=6.8  ps=0(0)  recent=... 0 6
  CB BAT: Mohsin Khan* 0(0), Digvesh Singh Rathi 2(2)
  CB BOWL: Brijesh Sharma 2-18 (3)
  LAST WKT: Mayank Yadav  c Dhruv Jurel b Jofra Archer 5(5)  - 119/9 in 17.3 ov.
  ⚠ DIVERGENCE: BATTERS_MISSING_IN_UI: {'khan', 'rathi'} (ui=set(), cb={'khan', 'rathi'}) | BOWLER: ui=None cb=Brijesh Sharma

[23:13:01  iter#190]
  WS ERR: "Multiple exceptions: [Errno 61] Connect call failed ('::1', 8765, 0, 0), [Errno 61] Connect call failed ('127.0.0.1', 8765)"
  CB: LSG 119-9 (17.4)  crr=6.74  ps=0(1)  recent=1 4 W 0
  CB BAT: Mohsin Khan* 0(1), Digvesh Singh Rathi 2(2)
  CB BOWL: Brijesh Sharma 2-18 (3)
  LAST WKT: Mayank Yadav  c Dhruv Jurel b Jofra Archer 5(5)  - 119/9 in 17.3 ov.
  ⚠ DIVERGENCE: BATTERS_MISSING_IN_UI: {'khan', 'rathi'} (ui=set(), cb={'khan', 'rathi'}) | BOWLER: ui=None cb=Brijesh Sharma

[23:13:21  iter#191]
  WS ERR: "Multiple exceptions: [Errno 61] Connect call failed ('::1', 8765, 0, 0), [Errno 61] Connect call failed ('127.0.0.1', 8765)"
  CB: LSG 119-9 (17.4)  crr=6.74  ps=0(1)  recent=1 4 W 0
  CB BAT: Mohsin Khan* 0(1), Digvesh Singh Rathi 2(2)
  CB BOWL: Brijesh Sharma 2-18 (3)
  LAST WKT: Mayank Yadav  c Dhruv Jurel b Jofra Archer 5(5)  - 119/9 in 17.3 ov.
  ⚠ DIVERGENCE: BATTERS_MISSING_IN_UI: {'khan', 'rathi'} (ui=set(), cb={'khan', 'rathi'}) | BOWLER: ui=None cb=Brijesh Sharma

[23:13:42  iter#192]
  WS ERR: "Multiple exceptions: [Errno 61] Connect call failed ('::1', 8765, 0, 0), [Errno 61] Connect call failed ('127.0.0.1', 8765)"
  CB: LSG 119-9 (17.5)  crr=6.67  ps=0(2)  recent=1 4 W 0 0
  CB BAT: Mohsin Khan* 0(2), Digvesh Singh Rathi 2(2)
  CB BOWL: Brijesh Sharma 2-18 (3)
  LAST WKT: Mayank Yadav  c Dhruv Jurel b Jofra Archer 5(5)  - 119/9 in 17.3 ov.
  ⚠ DIVERGENCE: BATTERS_MISSING_IN_UI: {'khan', 'rathi'} (ui=set(), cb={'khan', 'rathi'}) | BOWLER: ui=None cb=Brijesh Sharma

[23:14:02  iter#193]
  WS ERR: "Multiple exceptions: [Errno 61] Connect call failed ('::1', 8765, 0, 0), [Errno 61] Connect call failed ('127.0.0.1', 8765)"
  CB: LSG 119-9 (17.5)  crr=6.67  ps=0(2)  recent=1 4 W 0 0
  CB BAT: Mohsin Khan* 0(2), Digvesh Singh Rathi 2(2)
  CB BOWL: Brijesh Sharma 2-18 (3)
  LAST WKT: Mayank Yadav  c Dhruv Jurel b Jofra Archer 5(5)  - 119/9 in 17.3 ov.
  ⚠ DIVERGENCE: BATTERS_MISSING_IN_UI: {'khan', 'rathi'} (ui=set(), cb={'khan', 'rathi'}) | BOWLER: ui=None cb=Brijesh Sharma

[23:14:22  iter#194]
  WS ERR: "Multiple exceptions: [Errno 61] Connect call failed ('::1', 8765, 0, 0), [Errno 61] Connect call failed ('127.0.0.1', 8765)"
  CB: RR 159-6 (20)  crr=6.61  ps=0(3)  recent=1 4 W 0 0 W
  CB BAT: Digvesh Singh Rathi* 2(2), Brijesh Sharma 3(0)
  CB BOWL: Jofra Archer 3-20 (4)
  LAST WKT: Mohsin Khan   b Jofra Archer 0(3)  - 119/10 in 17.6 ov.
  ⚠ DIVERGENCE: BATTERS_MISSING_IN_UI: {'sharma', 'rathi'} (ui=set(), cb={'sharma', 'rathi'}) | BOWLER: ui=None cb=Jofra Archer

[23:14:43  iter#195]
  WS ERR: "Multiple exceptions: [Errno 61] Connect call failed ('::1', 8765, 0, 0), [Errno 61] Connect call failed ('127.0.0.1', 8765)"
  CB: RR 159-6 (20)  crr=6.61  ps=0(3)  recent=1 4 W 0 0 W
  CB BAT: Digvesh Singh Rathi* 2(2), Brijesh Sharma 3(0)
  CB BOWL: Jofra Archer 3-20 (4)
  LAST WKT: Mohsin Khan   b Jofra Archer 0(3)  - 119/10 in 17.6 ov.
  ⚠ DIVERGENCE: BATTERS_MISSING_IN_UI: {'sharma', 'rathi'} (ui=set(), cb={'sharma', 'rathi'}) | BOWLER: ui=None cb=Jofra Archer

[23:15:03  iter#196]
  WS ERR: "Multiple exceptions: [Errno 61] Connect call failed ('::1', 8765, 0, 0), [Errno 61] Connect call failed ('127.0.0.1', 8765)"
  CB: None None-None (None)  crr=None  ps=None  recent=None
  ✓ score/wickets/overs match

[23:15:23  iter#197]
  WS ERR: "Multiple exceptions: [Errno 61] Connect call failed ('::1', 8765, 0, 0), [Errno 61] Connect call failed ('127.0.0.1', 8765)"
  CB: None None-None (None)  crr=None  ps=None  recent=None
  ✓ score/wickets/overs match

[23:15:43  iter#198]
  WS ERR: "Multiple exceptions: [Errno 61] Connect call failed ('::1', 8765, 0, 0), [Errno 61] Connect call failed ('127.0.0.1', 8765)"
  CB: None None-None (None)  crr=None  ps=None  recent=None
  ✓ score/wickets/overs match

[23:16:04  iter#199]
  WS ERR: "Multiple exceptions: [Errno 61] Connect call failed ('::1', 8765, 0, 0), [Errno 61] Connect call failed ('127.0.0.1', 8765)"
  CB: None None-None (None)  crr=None  ps=None  recent=None
  ✓ score/wickets/overs match

[23:16:24  iter#200]
  WS ERR: "Multiple exceptions: [Errno 61] Connect call failed ('::1', 8765, 0, 0), [Errno 61] Connect call failed ('127.0.0.1', 8765)"
  CB: None None-None (None)  crr=None  ps=None  recent=None
  ✓ score/wickets/overs match

[23:16:44  iter#201]
  WS ERR: "Multiple exceptions: [Errno 61] Connect call failed ('::1', 8765, 0, 0), [Errno 61] Connect call failed ('127.0.0.1', 8765)"
  CB: None None-None (None)  crr=None  ps=None  recent=None
  ✓ score/wickets/overs match

[23:17:04  iter#202]
  WS ERR: "Multiple exceptions: [Errno 61] Connect call failed ('::1', 8765, 0, 0), [Errno 61] Connect call failed ('127.0.0.1', 8765)"
  CB: None None-None (None)  crr=None  ps=None  recent=None
  ✓ score/wickets/overs match

[23:17:25  iter#203]
  WS ERR: "Multiple exceptions: [Errno 61] Connect call failed ('::1', 8765, 0, 0), [Errno 61] Connect call failed ('127.0.0.1', 8765)"
  CB: None None-None (None)  crr=None  ps=None  recent=None
  ✓ score/wickets/overs match

[23:17:45  iter#204]
  WS ERR: "Multiple exceptions: [Errno 61] Connect call failed ('::1', 8765, 0, 0), [Errno 61] Connect call failed ('127.0.0.1', 8765)"
  CB: None None-None (None)  crr=None  ps=None  recent=None
  ✓ score/wickets/overs match

[23:18:05  iter#205]
  WS ERR: "Multiple exceptions: [Errno 61] Connect call failed ('::1', 8765, 0, 0), [Errno 61] Connect call failed ('127.0.0.1', 8765)"
  CB: None None-None (None)  crr=None  ps=None  recent=None
  ✓ score/wickets/overs match

[23:18:25  iter#206]
  WS ERR: "Multiple exceptions: [Errno 61] Connect call failed ('::1', 8765, 0, 0), [Errno 61] Connect call failed ('127.0.0.1', 8765)"
  CB: None None-None (None)  crr=None  ps=None  recent=None
  ✓ score/wickets/overs match

[23:18:46  iter#207]
  WS ERR: "Multiple exceptions: [Errno 61] Connect call failed ('::1', 8765, 0, 0), [Errno 61] Connect call failed ('127.0.0.1', 8765)"
  CB: None None-None (None)  crr=None  ps=None  recent=None
  ✓ score/wickets/overs match

[23:19:06  iter#208]
  WS ERR: "Multiple exceptions: [Errno 61] Connect call failed ('::1', 8765, 0, 0), [Errno 61] Connect call failed ('127.0.0.1', 8765)"
  CB: None None-None (None)  crr=None  ps=None  recent=None
  ✓ score/wickets/overs match

[23:19:26  iter#209]
  WS ERR: "Multiple exceptions: [Errno 61] Connect call failed ('::1', 8765, 0, 0), [Errno 61] Connect call failed ('127.0.0.1', 8765)"
  CB: None None-None (None)  crr=None  ps=None  recent=None
  ✓ score/wickets/overs match

[23:19:47  iter#210]
  WS ERR: "Multiple exceptions: [Errno 61] Connect call failed ('::1', 8765, 0, 0), [Errno 61] Connect call failed ('127.0.0.1', 8765)"
  CB: None None-None (None)  crr=None  ps=None  recent=None
  ✓ score/wickets/overs match

[23:20:07  iter#211]
  WS ERR: "Multiple exceptions: [Errno 61] Connect call failed ('::1', 8765, 0, 0), [Errno 61] Connect call failed ('127.0.0.1', 8765)"
  CB: None None-None (None)  crr=None  ps=None  recent=None
  ✓ score/wickets/overs match

[23:20:27  iter#212]
  WS ERR: "Multiple exceptions: [Errno 61] Connect call failed ('::1', 8765, 0, 0), [Errno 61] Connect call failed ('127.0.0.1', 8765)"
  CB: None None-None (None)  crr=None  ps=None  recent=None
  ✓ score/wickets/overs match

[23:20:48  iter#213]
  WS ERR: "Multiple exceptions: [Errno 61] Connect call failed ('::1', 8765, 0, 0), [Errno 61] Connect call failed ('127.0.0.1', 8765)"
  CB: None None-None (None)  crr=None  ps=None  recent=None
  ✓ score/wickets/overs match

[23:21:08  iter#214]
  WS ERR: "Multiple exceptions: [Errno 61] Connect call failed ('::1', 8765, 0, 0), [Errno 61] Connect call failed ('127.0.0.1', 8765)"
  CB: None None-None (None)  crr=None  ps=None  recent=None
  ✓ score/wickets/overs match

[23:21:28  iter#215]
  WS ERR: "Multiple exceptions: [Errno 61] Connect call failed ('::1', 8765, 0, 0), [Errno 61] Connect call failed ('127.0.0.1', 8765)"
  CB: None None-None (None)  crr=None  ps=None  recent=None
  ✓ score/wickets/overs match

[23:21:48  iter#216]
  WS ERR: "Multiple exceptions: [Errno 61] Connect call failed ('::1', 8765, 0, 0), [Errno 61] Connect call failed ('127.0.0.1', 8765)"
  CB: None None-None (None)  crr=None  ps=None  recent=None
  ✓ score/wickets/overs match

[23:22:09  iter#217]
  WS ERR: "Multiple exceptions: [Errno 61] Connect call failed ('::1', 8765, 0, 0), [Errno 61] Connect call failed ('127.0.0.1', 8765)"
  CB: None None-None (None)  crr=None  ps=None  recent=None
  ✓ score/wickets/overs match

[23:22:29  iter#218]
  WS ERR: "Multiple exceptions: [Errno 61] Connect call failed ('::1', 8765, 0, 0), [Errno 61] Connect call failed ('127.0.0.1', 8765)"
  CB: None None-None (None)  crr=None  ps=None  recent=None
  ✓ score/wickets/overs match

[23:22:49  iter#219]
  WS ERR: "Multiple exceptions: [Errno 61] Connect call failed ('::1', 8765, 0, 0), [Errno 61] Connect call failed ('127.0.0.1', 8765)"
  CB: None None-None (None)  crr=None  ps=None  recent=None
  ✓ score/wickets/overs match

[23:23:10  iter#220]
  WS ERR: "Multiple exceptions: [Errno 61] Connect call failed ('::1', 8765, 0, 0), [Errno 61] Connect call failed ('127.0.0.1', 8765)"
  CB: None None-None (None)  crr=None  ps=None  recent=None
  ✓ score/wickets/overs match

[23:23:30  iter#221]
  WS ERR: "Multiple exceptions: [Errno 61] Connect call failed ('::1', 8765, 0, 0), [Errno 61] Connect call failed ('127.0.0.1', 8765)"
  CB: None None-None (None)  crr=None  ps=None  recent=None
  ✓ score/wickets/overs match

[23:23:51  iter#222]
  WS ERR: "Multiple exceptions: [Errno 61] Connect call failed ('::1', 8765, 0, 0), [Errno 61] Connect call failed ('127.0.0.1', 8765)"
  CB: None None-None (None)  crr=None  ps=None  recent=None
  ✓ score/wickets/overs match

[23:24:11  iter#223]
  WS ERR: "Multiple exceptions: [Errno 61] Connect call failed ('::1', 8765, 0, 0), [Errno 61] Connect call failed ('127.0.0.1', 8765)"
  CB: None None-None (None)  crr=None  ps=None  recent=None
  ✓ score/wickets/overs match

[23:24:32  iter#224]
  WS ERR: "Multiple exceptions: [Errno 61] Connect call failed ('::1', 8765, 0, 0), [Errno 61] Connect call failed ('127.0.0.1', 8765)"
  CB: None None-None (None)  crr=None  ps=None  recent=None
  ✓ score/wickets/overs match

[23:24:52  iter#225]
  WS ERR: "Multiple exceptions: [Errno 61] Connect call failed ('::1', 8765, 0, 0), [Errno 61] Connect call failed ('127.0.0.1', 8765)"
  CB: None None-None (None)  crr=None  ps=None  recent=None
  ✓ score/wickets/overs match

[23:25:12  iter#226]
  WS ERR: "Multiple exceptions: [Errno 61] Connect call failed ('::1', 8765, 0, 0), [Errno 61] Connect call failed ('127.0.0.1', 8765)"
  CB: None None-None (None)  crr=None  ps=None  recent=None
  ✓ score/wickets/overs match

[23:25:32  iter#227]
  WS ERR: "Multiple exceptions: [Errno 61] Connect call failed ('::1', 8765, 0, 0), [Errno 61] Connect call failed ('127.0.0.1', 8765)"
  CB: None None-None (None)  crr=None  ps=None  recent=None
  ✓ score/wickets/overs match

[23:25:52  iter#228]
  WS ERR: "Multiple exceptions: [Errno 61] Connect call failed ('::1', 8765, 0, 0), [Errno 61] Connect call failed ('127.0.0.1', 8765)"
  CB: None None-None (None)  crr=None  ps=None  recent=None
  ✓ score/wickets/overs match

[23:26:13  iter#229]
  WS ERR: "Multiple exceptions: [Errno 61] Connect call failed ('::1', 8765, 0, 0), [Errno 61] Connect call failed ('127.0.0.1', 8765)"
  CB: None None-None (None)  crr=None  ps=None  recent=None
  ✓ score/wickets/overs match

[23:26:33  iter#230]
  WS ERR: "Multiple exceptions: [Errno 61] Connect call failed ('::1', 8765, 0, 0), [Errno 61] Connect call failed ('127.0.0.1', 8765)"
  CB: None None-None (None)  crr=None  ps=None  recent=None
  ✓ score/wickets/overs match

[23:26:54  iter#231]
  WS ERR: "Multiple exceptions: [Errno 61] Connect call failed ('::1', 8765, 0, 0), [Errno 61] Connect call failed ('127.0.0.1', 8765)"
  CB: None None-None (None)  crr=None  ps=None  recent=None
  ✓ score/wickets/overs match

[23:27:14  iter#232]
  WS ERR: "Multiple exceptions: [Errno 61] Connect call failed ('::1', 8765, 0, 0), [Errno 61] Connect call failed ('127.0.0.1', 8765)"
  CB: None None-None (None)  crr=None  ps=None  recent=None
  ✓ score/wickets/overs match

[23:27:34  iter#233]
  WS ERR: "Multiple exceptions: [Errno 61] Connect call failed ('::1', 8765, 0, 0), [Errno 61] Connect call failed ('127.0.0.1', 8765)"
  CB: None None-None (None)  crr=None  ps=None  recent=None
  ✓ score/wickets/overs match

[23:27:54  iter#234]
  WS ERR: "Multiple exceptions: [Errno 61] Connect call failed ('::1', 8765, 0, 0), [Errno 61] Connect call failed ('127.0.0.1', 8765)"
  CB: None None-None (None)  crr=None  ps=None  recent=None
  ✓ score/wickets/overs match

[23:28:15  iter#235]
  WS ERR: "Multiple exceptions: [Errno 61] Connect call failed ('::1', 8765, 0, 0), [Errno 61] Connect call failed ('127.0.0.1', 8765)"
  CB: None None-None (None)  crr=None  ps=None  recent=None
  ✓ score/wickets/overs match

[23:28:36  iter#236]
  WS ERR: "Multiple exceptions: [Errno 61] Connect call failed ('::1', 8765, 0, 0), [Errno 61] Connect call failed ('127.0.0.1', 8765)"
  CB: None None-None (None)  crr=None  ps=None  recent=None
  ✓ score/wickets/overs match

[23:28:56  iter#237]
  WS ERR: "Multiple exceptions: [Errno 61] Connect call failed ('::1', 8765, 0, 0), [Errno 61] Connect call failed ('127.0.0.1', 8765)"
  CB: None None-None (None)  crr=None  ps=None  recent=None
  ✓ score/wickets/overs match

[23:29:16  iter#238]
  WS ERR: "Multiple exceptions: [Errno 61] Connect call failed ('::1', 8765, 0, 0), [Errno 61] Connect call failed ('127.0.0.1', 8765)"
  CB: None None-None (None)  crr=None  ps=None  recent=None
  ✓ score/wickets/overs match

[23:29:36  iter#239]
  WS ERR: "Multiple exceptions: [Errno 61] Connect call failed ('::1', 8765, 0, 0), [Errno 61] Connect call failed ('127.0.0.1', 8765)"
  CB: None None-None (None)  crr=None  ps=None  recent=None
  ✓ score/wickets/overs match

[23:29:56  iter#240]
  WS ERR: "Multiple exceptions: [Errno 61] Connect call failed ('::1', 8765, 0, 0), [Errno 61] Connect call failed ('127.0.0.1', 8765)"
  CB: None None-None (None)  crr=None  ps=None  recent=None
  ✓ score/wickets/overs match

[23:30:17  iter#241]
  WS ERR: "Multiple exceptions: [Errno 61] Connect call failed ('::1', 8765, 0, 0), [Errno 61] Connect call failed ('127.0.0.1', 8765)"
  CB: None None-None (None)  crr=None  ps=None  recent=None
  ✓ score/wickets/overs match

[23:30:37  iter#242]
  WS ERR: "Multiple exceptions: [Errno 61] Connect call failed ('::1', 8765, 0, 0), [Errno 61] Connect call failed ('127.0.0.1', 8765)"
  CB: None None-None (None)  crr=None  ps=None  recent=None
  ✓ score/wickets/overs match

[23:30:57  iter#243]
  WS ERR: "Multiple exceptions: [Errno 61] Connect call failed ('::1', 8765, 0, 0), [Errno 61] Connect call failed ('127.0.0.1', 8765)"
  CB: None None-None (None)  crr=None  ps=None  recent=None
  ✓ score/wickets/overs match

[23:31:18  iter#244]
  WS ERR: "Multiple exceptions: [Errno 61] Connect call failed ('::1', 8765, 0, 0), [Errno 61] Connect call failed ('127.0.0.1', 8765)"
  CB: None None-None (None)  crr=None  ps=None  recent=None
  ✓ score/wickets/overs match

[23:31:38  iter#245]
  WS ERR: "Multiple exceptions: [Errno 61] Connect call failed ('::1', 8765, 0, 0), [Errno 61] Connect call failed ('127.0.0.1', 8765)"
  CB: None None-None (None)  crr=None  ps=None  recent=None
  ✓ score/wickets/overs match

[23:31:58  iter#246]
  WS ERR: "Multiple exceptions: [Errno 61] Connect call failed ('::1', 8765, 0, 0), [Errno 61] Connect call failed ('127.0.0.1', 8765)"
  CB: None None-None (None)  crr=None  ps=None  recent=None
  ✓ score/wickets/overs match

[23:32:18  iter#247]
  WS ERR: "Multiple exceptions: [Errno 61] Connect call failed ('::1', 8765, 0, 0), [Errno 61] Connect call failed ('127.0.0.1', 8765)"
  CB: None None-None (None)  crr=None  ps=None  recent=None
  ✓ score/wickets/overs match

[23:32:38  iter#248]
  WS ERR: "Multiple exceptions: [Errno 61] Connect call failed ('::1', 8765, 0, 0), [Errno 61] Connect call failed ('127.0.0.1', 8765)"
  CB: None None-None (None)  crr=None  ps=None  recent=None
  ✓ score/wickets/overs match

[23:32:59  iter#249]
  WS ERR: "Multiple exceptions: [Errno 61] Connect call failed ('::1', 8765, 0, 0), [Errno 61] Connect call failed ('127.0.0.1', 8765)"
  CB: None None-None (None)  crr=None  ps=None  recent=None
  ✓ score/wickets/overs match

[23:33:19  iter#250]
  WS ERR: "Multiple exceptions: [Errno 61] Connect call failed ('::1', 8765, 0, 0), [Errno 61] Connect call failed ('127.0.0.1', 8765)"
  CB: None None-None (None)  crr=None  ps=None  recent=None
  ✓ score/wickets/overs match

[23:33:39  iter#251]
  WS ERR: "Multiple exceptions: [Errno 61] Connect call failed ('::1', 8765, 0, 0), [Errno 61] Connect call failed ('127.0.0.1', 8765)"
  CB: None None-None (None)  crr=None  ps=None  recent=None
  ✓ score/wickets/overs match

[23:34:00  iter#252]
  WS ERR: "Multiple exceptions: [Errno 61] Connect call failed ('::1', 8765, 0, 0), [Errno 61] Connect call failed ('127.0.0.1', 8765)"
  CB: None None-None (None)  crr=None  ps=None  recent=None
  ✓ score/wickets/overs match

[23:34:20  iter#253]
  WS ERR: "Multiple exceptions: [Errno 61] Connect call failed ('::1', 8765, 0, 0), [Errno 61] Connect call failed ('127.0.0.1', 8765)"
  CB: None None-None (None)  crr=None  ps=None  recent=None
  ✓ score/wickets/overs match

[23:34:40  iter#254]
  WS ERR: "Multiple exceptions: [Errno 61] Connect call failed ('::1', 8765, 0, 0), [Errno 61] Connect call failed ('127.0.0.1', 8765)"
  CB: None None-None (None)  crr=None  ps=None  recent=None
  ✓ score/wickets/overs match

[23:35:00  iter#255]
  WS ERR: "Multiple exceptions: [Errno 61] Connect call failed ('::1', 8765, 0, 0), [Errno 61] Connect call failed ('127.0.0.1', 8765)"
  CB: None None-None (None)  crr=None  ps=None  recent=None
  ✓ score/wickets/overs match

[23:35:21  iter#256]
  WS ERR: "Multiple exceptions: [Errno 61] Connect call failed ('::1', 8765, 0, 0), [Errno 61] Connect call failed ('127.0.0.1', 8765)"
  CB: None None-None (None)  crr=None  ps=None  recent=None
  ✓ score/wickets/overs match

[23:35:41  iter#257]
  WS ERR: "Multiple exceptions: [Errno 61] Connect call failed ('::1', 8765, 0, 0), [Errno 61] Connect call failed ('127.0.0.1', 8765)"
  CB: None None-None (None)  crr=None  ps=None  recent=None
  ✓ score/wickets/overs match

[23:36:01  iter#258]
  WS ERR: "Multiple exceptions: [Errno 61] Connect call failed ('::1', 8765, 0, 0), [Errno 61] Connect call failed ('127.0.0.1', 8765)"
  CB: None None-None (None)  crr=None  ps=None  recent=None
  ✓ score/wickets/overs match

[23:36:21  iter#259]
  WS ERR: "Multiple exceptions: [Errno 61] Connect call failed ('::1', 8765, 0, 0), [Errno 61] Connect call failed ('127.0.0.1', 8765)"
  CB: None None-None (None)  crr=None  ps=None  recent=None
  ✓ score/wickets/overs match

[23:36:42  iter#260]
  WS ERR: "Multiple exceptions: [Errno 61] Connect call failed ('::1', 8765, 0, 0), [Errno 61] Connect call failed ('127.0.0.1', 8765)"
  CB: None None-None (None)  crr=None  ps=None  recent=None
  ✓ score/wickets/overs match

[23:37:02  iter#261]
  WS ERR: "Multiple exceptions: [Errno 61] Connect call failed ('::1', 8765, 0, 0), [Errno 61] Connect call failed ('127.0.0.1', 8765)"
  CB: None None-None (None)  crr=None  ps=None  recent=None
  ✓ score/wickets/overs match

[23:37:22  iter#262]
  WS ERR: "Multiple exceptions: [Errno 61] Connect call failed ('::1', 8765, 0, 0), [Errno 61] Connect call failed ('127.0.0.1', 8765)"
  CB: None None-None (None)  crr=None  ps=None  recent=None
  ✓ score/wickets/overs match

[23:37:43  iter#263]
  WS ERR: "Multiple exceptions: [Errno 61] Connect call failed ('::1', 8765, 0, 0), [Errno 61] Connect call failed ('127.0.0.1', 8765)"
  CB: None None-None (None)  crr=None  ps=None  recent=None
  ✓ score/wickets/overs match

[23:38:03  iter#264]
  WS ERR: "Multiple exceptions: [Errno 61] Connect call failed ('::1', 8765, 0, 0), [Errno 61] Connect call failed ('127.0.0.1', 8765)"
  CB: None None-None (None)  crr=None  ps=None  recent=None
  ✓ score/wickets/overs match

[23:38:23  iter#265]
  WS ERR: "Multiple exceptions: [Errno 61] Connect call failed ('::1', 8765, 0, 0), [Errno 61] Connect call failed ('127.0.0.1', 8765)"
  CB: None None-None (None)  crr=None  ps=None  recent=None
  ✓ score/wickets/overs match

[23:38:43  iter#266]
  WS ERR: "Multiple exceptions: [Errno 61] Connect call failed ('::1', 8765, 0, 0), [Errno 61] Connect call failed ('127.0.0.1', 8765)"
  CB: None None-None (None)  crr=None  ps=None  recent=None
  ✓ score/wickets/overs match

[23:39:03  iter#267]
  WS ERR: "Multiple exceptions: [Errno 61] Connect call failed ('::1', 8765, 0, 0), [Errno 61] Connect call failed ('127.0.0.1', 8765)"
  CB: None None-None (None)  crr=None  ps=None  recent=None
  ✓ score/wickets/overs match

[23:39:24  iter#268]
  WS ERR: "Multiple exceptions: [Errno 61] Connect call failed ('::1', 8765, 0, 0), [Errno 61] Connect call failed ('127.0.0.1', 8765)"
  CB: None None-None (None)  crr=None  ps=None  recent=None
  ✓ score/wickets/overs match

[23:39:44  iter#269]
  WS ERR: "Multiple exceptions: [Errno 61] Connect call failed ('::1', 8765, 0, 0), [Errno 61] Connect call failed ('127.0.0.1', 8765)"
  CB: None None-None (None)  crr=None  ps=None  recent=None
  ✓ score/wickets/overs match

[23:40:04  iter#270]
  WS ERR: "Multiple exceptions: [Errno 61] Connect call failed ('::1', 8765, 0, 0), [Errno 61] Connect call failed ('127.0.0.1', 8765)"
  CB: None None-None (None)  crr=None  ps=None  recent=None
  ✓ score/wickets/overs match

[23:40:24  iter#271]
  WS ERR: "Multiple exceptions: [Errno 61] Connect call failed ('::1', 8765, 0, 0), [Errno 61] Connect call failed ('127.0.0.1', 8765)"
  CB: None None-None (None)  crr=None  ps=None  recent=None
  ✓ score/wickets/overs match

[23:40:44  iter#272]
  WS ERR: "Multiple exceptions: [Errno 61] Connect call failed ('::1', 8765, 0, 0), [Errno 61] Connect call failed ('127.0.0.1', 8765)"
  CB: None None-None (None)  crr=None  ps=None  recent=None
  ✓ score/wickets/overs match

[23:41:05  iter#273]
  WS ERR: "Multiple exceptions: [Errno 61] Connect call failed ('::1', 8765, 0, 0), [Errno 61] Connect call failed ('127.0.0.1', 8765)"
  CB: None None-None (None)  crr=None  ps=None  recent=None
  ✓ score/wickets/overs match

[23:41:25  iter#274]
  WS ERR: "Multiple exceptions: [Errno 61] Connect call failed ('::1', 8765, 0, 0), [Errno 61] Connect call failed ('127.0.0.1', 8765)"
  CB: None None-None (None)  crr=None  ps=None  recent=None
  ✓ score/wickets/overs match

[23:41:45  iter#275]
  WS ERR: "Multiple exceptions: [Errno 61] Connect call failed ('::1', 8765, 0, 0), [Errno 61] Connect call failed ('127.0.0.1', 8765)"
  CB: None None-None (None)  crr=None  ps=None  recent=None
  ✓ score/wickets/overs match

[23:42:05  iter#276]
  WS ERR: "Multiple exceptions: [Errno 61] Connect call failed ('::1', 8765, 0, 0), [Errno 61] Connect call failed ('127.0.0.1', 8765)"
  CB: None None-None (None)  crr=None  ps=None  recent=None
  ✓ score/wickets/overs match

[23:42:26  iter#277]
  WS ERR: "Multiple exceptions: [Errno 61] Connect call failed ('::1', 8765, 0, 0), [Errno 61] Connect call failed ('127.0.0.1', 8765)"
  CB: None None-None (None)  crr=None  ps=None  recent=None
  ✓ score/wickets/overs match

[23:42:46  iter#278]
  WS ERR: "Multiple exceptions: [Errno 61] Connect call failed ('::1', 8765, 0, 0), [Errno 61] Connect call failed ('127.0.0.1', 8765)"
  CB: None None-None (None)  crr=None  ps=None  recent=None
  ✓ score/wickets/overs match

[23:43:06  iter#279]
  WS ERR: "Multiple exceptions: [Errno 61] Connect call failed ('::1', 8765, 0, 0), [Errno 61] Connect call failed ('127.0.0.1', 8765)"
  CB: None None-None (None)  crr=None  ps=None  recent=None
  ✓ score/wickets/overs match

[23:43:27  iter#280]
  WS ERR: "Multiple exceptions: [Errno 61] Connect call failed ('::1', 8765, 0, 0), [Errno 61] Connect call failed ('127.0.0.1', 8765)"
  CB: None None-None (None)  crr=None  ps=None  recent=None
  ✓ score/wickets/overs match

[23:43:47  iter#281]
  WS ERR: "Multiple exceptions: [Errno 61] Connect call failed ('::1', 8765, 0, 0), [Errno 61] Connect call failed ('127.0.0.1', 8765)"
  CB: None None-None (None)  crr=None  ps=None  recent=None
  ✓ score/wickets/overs match

[23:44:07  iter#282]
  WS ERR: "Multiple exceptions: [Errno 61] Connect call failed ('::1', 8765, 0, 0), [Errno 61] Connect call failed ('127.0.0.1', 8765)"
  CB: None None-None (None)  crr=None  ps=None  recent=None
  ✓ score/wickets/overs match

[23:44:27  iter#283]
  WS ERR: "Multiple exceptions: [Errno 61] Connect call failed ('::1', 8765, 0, 0), [Errno 61] Connect call failed ('127.0.0.1', 8765)"
  CB: None None-None (None)  crr=None  ps=None  recent=None
  ✓ score/wickets/overs match

[23:44:48  iter#284]
  WS ERR: "Multiple exceptions: [Errno 61] Connect call failed ('::1', 8765, 0, 0), [Errno 61] Connect call failed ('127.0.0.1', 8765)"
  CB: None None-None (None)  crr=None  ps=None  recent=None
  ✓ score/wickets/overs match

[23:45:08  iter#285]
  WS ERR: "Multiple exceptions: [Errno 61] Connect call failed ('::1', 8765, 0, 0), [Errno 61] Connect call failed ('127.0.0.1', 8765)"
  CB: None None-None (None)  crr=None  ps=None  recent=None
  ✓ score/wickets/overs match

[23:45:28  iter#286]
  WS ERR: "Multiple exceptions: [Errno 61] Connect call failed ('::1', 8765, 0, 0), [Errno 61] Connect call failed ('127.0.0.1', 8765)"
  CB: None None-None (None)  crr=None  ps=None  recent=None
  ✓ score/wickets/overs match

[23:45:49  iter#287]
  WS ERR: "Multiple exceptions: [Errno 61] Connect call failed ('::1', 8765, 0, 0), [Errno 61] Connect call failed ('127.0.0.1', 8765)"
  CB: None None-None (None)  crr=None  ps=None  recent=None
  ✓ score/wickets/overs match

[23:46:09  iter#288]
  WS ERR: "Multiple exceptions: [Errno 61] Connect call failed ('::1', 8765, 0, 0), [Errno 61] Connect call failed ('127.0.0.1', 8765)"
  CB: None None-None (None)  crr=None  ps=None  recent=None
  ✓ score/wickets/overs match

[23:46:29  iter#289]
  WS ERR: "Multiple exceptions: [Errno 61] Connect call failed ('::1', 8765, 0, 0), [Errno 61] Connect call failed ('127.0.0.1', 8765)"
  CB: None None-None (None)  crr=None  ps=None  recent=None
  ✓ score/wickets/overs match

[23:46:49  iter#290]
  WS ERR: "Multiple exceptions: [Errno 61] Connect call failed ('::1', 8765, 0, 0), [Errno 61] Connect call failed ('127.0.0.1', 8765)"
  CB: None None-None (None)  crr=None  ps=None  recent=None
  ✓ score/wickets/overs match

[23:47:10  iter#291]
  WS ERR: "Multiple exceptions: [Errno 61] Connect call failed ('::1', 8765, 0, 0), [Errno 61] Connect call failed ('127.0.0.1', 8765)"
  CB: None None-None (None)  crr=None  ps=None  recent=None
  ✓ score/wickets/overs match

[23:47:30  iter#292]
  WS ERR: "Multiple exceptions: [Errno 61] Connect call failed ('::1', 8765, 0, 0), [Errno 61] Connect call failed ('127.0.0.1', 8765)"
  CB: None None-None (None)  crr=None  ps=None  recent=None
  ✓ score/wickets/overs match

[23:47:50  iter#293]
  WS ERR: "Multiple exceptions: [Errno 61] Connect call failed ('::1', 8765, 0, 0), [Errno 61] Connect call failed ('127.0.0.1', 8765)"
  CB: None None-None (None)  crr=None  ps=None  recent=None
  ✓ score/wickets/overs match

[23:48:10  iter#294]
  WS ERR: "Multiple exceptions: [Errno 61] Connect call failed ('::1', 8765, 0, 0), [Errno 61] Connect call failed ('127.0.0.1', 8765)"
  CB: None None-None (None)  crr=None  ps=None  recent=None
  ✓ score/wickets/overs match

[23:48:31  iter#295]
  WS ERR: "Multiple exceptions: [Errno 61] Connect call failed ('::1', 8765, 0, 0), [Errno 61] Connect call failed ('127.0.0.1', 8765)"
  CB: None None-None (None)  crr=None  ps=None  recent=None
  ✓ score/wickets/overs match

[23:48:51  iter#296]
  WS ERR: "Multiple exceptions: [Errno 61] Connect call failed ('::1', 8765, 0, 0), [Errno 61] Connect call failed ('127.0.0.1', 8765)"
  CB: None None-None (None)  crr=None  ps=None  recent=None
  ✓ score/wickets/overs match

[23:49:12  iter#297]
  WS ERR: "Multiple exceptions: [Errno 61] Connect call failed ('::1', 8765, 0, 0), [Errno 61] Connect call failed ('127.0.0.1', 8765)"
  CB: None None-None (None)  crr=None  ps=None  recent=None
  ✓ score/wickets/overs match

[23:49:32  iter#298]
  WS ERR: "Multiple exceptions: [Errno 61] Connect call failed ('::1', 8765, 0, 0), [Errno 61] Connect call failed ('127.0.0.1', 8765)"
  CB: None None-None (None)  crr=None  ps=None  recent=None
  ✓ score/wickets/overs match

[23:49:52  iter#299]
  WS ERR: "Multiple exceptions: [Errno 61] Connect call failed ('::1', 8765, 0, 0), [Errno 61] Connect call failed ('127.0.0.1', 8765)"
  CB: None None-None (None)  crr=None  ps=None  recent=None
  ✓ score/wickets/overs match

[23:50:13  iter#300]
  WS ERR: "Multiple exceptions: [Errno 61] Connect call failed ('::1', 8765, 0, 0), [Errno 61] Connect call failed ('127.0.0.1', 8765)"
  CB: None None-None (None)  crr=None  ps=None  recent=None
  ✓ score/wickets/overs match

[23:50:33  iter#301]
  WS ERR: "Multiple exceptions: [Errno 61] Connect call failed ('::1', 8765, 0, 0), [Errno 61] Connect call failed ('127.0.0.1', 8765)"
  CB: None None-None (None)  crr=None  ps=None  recent=None
  ✓ score/wickets/overs match

[23:50:53  iter#302]
  WS ERR: "Multiple exceptions: [Errno 61] Connect call failed ('::1', 8765, 0, 0), [Errno 61] Connect call failed ('127.0.0.1', 8765)"
  CB: None None-None (None)  crr=None  ps=None  recent=None
  ✓ score/wickets/overs match

[23:51:13  iter#303]
  WS ERR: "Multiple exceptions: [Errno 61] Connect call failed ('::1', 8765, 0, 0), [Errno 61] Connect call failed ('127.0.0.1', 8765)"
  CB: None None-None (None)  crr=None  ps=None  recent=None
  ✓ score/wickets/overs match

[23:51:33  iter#304]
  WS ERR: "Multiple exceptions: [Errno 61] Connect call failed ('::1', 8765, 0, 0), [Errno 61] Connect call failed ('127.0.0.1', 8765)"
  CB: None None-None (None)  crr=None  ps=None  recent=None
  ✓ score/wickets/overs match

[23:51:53  iter#305]
  WS ERR: "Multiple exceptions: [Errno 61] Connect call failed ('::1', 8765, 0, 0), [Errno 61] Connect call failed ('127.0.0.1', 8765)"
  CB: None None-None (None)  crr=None  ps=None  recent=None
  ✓ score/wickets/overs match

[23:52:13  iter#306]
  WS ERR: "Multiple exceptions: [Errno 61] Connect call failed ('::1', 8765, 0, 0), [Errno 61] Connect call failed ('127.0.0.1', 8765)"
  CB: None None-None (None)  crr=None  ps=None  recent=None
  ✓ score/wickets/overs match

[23:52:34  iter#307]
  WS ERR: "Multiple exceptions: [Errno 61] Connect call failed ('::1', 8765, 0, 0), [Errno 61] Connect call failed ('127.0.0.1', 8765)"
  CB: None None-None (None)  crr=None  ps=None  recent=None
  ✓ score/wickets/overs match

[23:52:54  iter#308]
  WS ERR: "Multiple exceptions: [Errno 61] Connect call failed ('::1', 8765, 0, 0), [Errno 61] Connect call failed ('127.0.0.1', 8765)"
  CB: None None-None (None)  crr=None  ps=None  recent=None
  ✓ score/wickets/overs match

[23:53:14  iter#309]
  WS ERR: "Multiple exceptions: [Errno 61] Connect call failed ('::1', 8765, 0, 0), [Errno 61] Connect call failed ('127.0.0.1', 8765)"
  CB: None None-None (None)  crr=None  ps=None  recent=None
  ✓ score/wickets/overs match

[23:53:34  iter#310]
  WS ERR: "Multiple exceptions: [Errno 61] Connect call failed ('::1', 8765, 0, 0), [Errno 61] Connect call failed ('127.0.0.1', 8765)"
  CB: None None-None (None)  crr=None  ps=None  recent=None
  ✓ score/wickets/overs match

[23:53:55  iter#311]
  WS ERR: "Multiple exceptions: [Errno 61] Connect call failed ('::1', 8765, 0, 0), [Errno 61] Connect call failed ('127.0.0.1', 8765)"
  CB: None None-None (None)  crr=None  ps=None  recent=None
  ✓ score/wickets/overs match

[23:54:15  iter#312]
  WS ERR: "Multiple exceptions: [Errno 61] Connect call failed ('::1', 8765, 0, 0), [Errno 61] Connect call failed ('127.0.0.1', 8765)"
  CB: None None-None (None)  crr=None  ps=None  recent=None
  ✓ score/wickets/overs match

[23:54:35  iter#313]
  WS ERR: "Multiple exceptions: [Errno 61] Connect call failed ('::1', 8765, 0, 0), [Errno 61] Connect call failed ('127.0.0.1', 8765)"
  CB: None None-None (None)  crr=None  ps=None  recent=None
  ✓ score/wickets/overs match

[23:54:55  iter#314]
  WS ERR: "Multiple exceptions: [Errno 61] Connect call failed ('::1', 8765, 0, 0), [Errno 61] Connect call failed ('127.0.0.1', 8765)"
  CB: None None-None (None)  crr=None  ps=None  recent=None
  ✓ score/wickets/overs match

[23:55:16  iter#315]
  WS ERR: "Multiple exceptions: [Errno 61] Connect call failed ('::1', 8765, 0, 0), [Errno 61] Connect call failed ('127.0.0.1', 8765)"
  CB: None None-None (None)  crr=None  ps=None  recent=None
  ✓ score/wickets/overs match

[23:55:36  iter#316]
  WS ERR: "Multiple exceptions: [Errno 61] Connect call failed ('::1', 8765, 0, 0), [Errno 61] Connect call failed ('127.0.0.1', 8765)"
  CB: None None-None (None)  crr=None  ps=None  recent=None
  ✓ score/wickets/overs match

[23:55:56  iter#317]
  WS ERR: "Multiple exceptions: [Errno 61] Connect call failed ('::1', 8765, 0, 0), [Errno 61] Connect call failed ('127.0.0.1', 8765)"
  CB: None None-None (None)  crr=None  ps=None  recent=None
  ✓ score/wickets/overs match

[23:56:16  iter#318]
  WS ERR: "Multiple exceptions: [Errno 61] Connect call failed ('::1', 8765, 0, 0), [Errno 61] Connect call failed ('127.0.0.1', 8765)"
  CB: None None-None (None)  crr=None  ps=None  recent=None
  ✓ score/wickets/overs match

[23:56:36  iter#319]
  WS ERR: "Multiple exceptions: [Errno 61] Connect call failed ('::1', 8765, 0, 0), [Errno 61] Connect call failed ('127.0.0.1', 8765)"
  CB: None None-None (None)  crr=None  ps=None  recent=None
  ✓ score/wickets/overs match

[23:56:57  iter#320]
  WS ERR: "Multiple exceptions: [Errno 61] Connect call failed ('::1', 8765, 0, 0), [Errno 61] Connect call failed ('127.0.0.1', 8765)"
  CB: None None-None (None)  crr=None  ps=None  recent=None
  ✓ score/wickets/overs match

[23:57:17  iter#321]
  WS ERR: "Multiple exceptions: [Errno 61] Connect call failed ('::1', 8765, 0, 0), [Errno 61] Connect call failed ('127.0.0.1', 8765)"
  CB: None None-None (None)  crr=None  ps=None  recent=None
  ✓ score/wickets/overs match

[23:57:37  iter#322]
  WS ERR: "Multiple exceptions: [Errno 61] Connect call failed ('::1', 8765, 0, 0), [Errno 61] Connect call failed ('127.0.0.1', 8765)"
  CB: None None-None (None)  crr=None  ps=None  recent=None
  ✓ score/wickets/overs match

[23:57:57  iter#323]
  WS ERR: "Multiple exceptions: [Errno 61] Connect call failed ('::1', 8765, 0, 0), [Errno 61] Connect call failed ('127.0.0.1', 8765)"
  CB: None None-None (None)  crr=None  ps=None  recent=None
  ✓ score/wickets/overs match

[23:58:17  iter#324]
  WS ERR: "Multiple exceptions: [Errno 61] Connect call failed ('::1', 8765, 0, 0), [Errno 61] Connect call failed ('127.0.0.1', 8765)"
  CB: None None-None (None)  crr=None  ps=None  recent=None
  ✓ score/wickets/overs match

[23:58:38  iter#325]
  WS ERR: "Multiple exceptions: [Errno 61] Connect call failed ('::1', 8765, 0, 0), [Errno 61] Connect call failed ('127.0.0.1', 8765)"
  CB: None None-None (None)  crr=None  ps=None  recent=None
  ✓ score/wickets/overs match

[23:58:58  iter#326]
  WS ERR: "Multiple exceptions: [Errno 61] Connect call failed ('::1', 8765, 0, 0), [Errno 61] Connect call failed ('127.0.0.1', 8765)"
  CB: None None-None (None)  crr=None  ps=None  recent=None
  ✓ score/wickets/overs match

[23:59:18  iter#327]
  WS ERR: "Multiple exceptions: [Errno 61] Connect call failed ('::1', 8765, 0, 0), [Errno 61] Connect call failed ('127.0.0.1', 8765)"
  CB: None None-None (None)  crr=None  ps=None  recent=None
  ✓ score/wickets/overs match

[23:59:39  iter#328]
  WS ERR: "Multiple exceptions: [Errno 61] Connect call failed ('::1', 8765, 0, 0), [Errno 61] Connect call failed ('127.0.0.1', 8765)"
  CB: None None-None (None)  crr=None  ps=None  recent=None
  ✓ score/wickets/overs match

[00:00:00  iter#329]
  WS ERR: "Multiple exceptions: [Errno 61] Connect call failed ('::1', 8765, 0, 0), [Errno 61] Connect call failed ('127.0.0.1', 8765)"
  CB: None None-None (None)  crr=None  ps=None  recent=None
  ✓ score/wickets/overs match

[00:00:20  iter#330]
  WS ERR: "Multiple exceptions: [Errno 61] Connect call failed ('::1', 8765, 0, 0), [Errno 61] Connect call failed ('127.0.0.1', 8765)"
  CB: None None-None (None)  crr=None  ps=None  recent=None
  ✓ score/wickets/overs match

[00:00:40  iter#331]
  WS ERR: "Multiple exceptions: [Errno 61] Connect call failed ('::1', 8765, 0, 0), [Errno 61] Connect call failed ('127.0.0.1', 8765)"
  CB: None None-None (None)  crr=None  ps=None  recent=None
  ✓ score/wickets/overs match

[00:01:00  iter#332]
  WS ERR: "Multiple exceptions: [Errno 61] Connect call failed ('::1', 8765, 0, 0), [Errno 61] Connect call failed ('127.0.0.1', 8765)"
  CB: None None-None (None)  crr=None  ps=None  recent=None
  ✓ score/wickets/overs match

[00:01:21  iter#333]
  WS ERR: "Multiple exceptions: [Errno 61] Connect call failed ('::1', 8765, 0, 0), [Errno 61] Connect call failed ('127.0.0.1', 8765)"
  CB: None None-None (None)  crr=None  ps=None  recent=None
  ✓ score/wickets/overs match

[00:01:41  iter#334]
  WS ERR: "Multiple exceptions: [Errno 61] Connect call failed ('::1', 8765, 0, 0), [Errno 61] Connect call failed ('127.0.0.1', 8765)"
  CB: None None-None (None)  crr=None  ps=None  recent=None
  ✓ score/wickets/overs match

[00:02:01  iter#335]
  WS ERR: "Multiple exceptions: [Errno 61] Connect call failed ('::1', 8765, 0, 0), [Errno 61] Connect call failed ('127.0.0.1', 8765)"
  CB: None None-None (None)  crr=None  ps=None  recent=None
  ✓ score/wickets/overs match

[00:02:21  iter#336]
  WS ERR: "Multiple exceptions: [Errno 61] Connect call failed ('::1', 8765, 0, 0), [Errno 61] Connect call failed ('127.0.0.1', 8765)"
  CB: None None-None (None)  crr=None  ps=None  recent=None
  ✓ score/wickets/overs match

[00:02:41  iter#337]
  WS ERR: "Multiple exceptions: [Errno 61] Connect call failed ('::1', 8765, 0, 0), [Errno 61] Connect call failed ('127.0.0.1', 8765)"
  CB: None None-None (None)  crr=None  ps=None  recent=None
  ✓ score/wickets/overs match

[00:03:02  iter#338]
  WS ERR: "Multiple exceptions: [Errno 61] Connect call failed ('::1', 8765, 0, 0), [Errno 61] Connect call failed ('127.0.0.1', 8765)"
  CB: None None-None (None)  crr=None  ps=None  recent=None
  ✓ score/wickets/overs match

[00:03:22  iter#339]
  WS ERR: "Multiple exceptions: [Errno 61] Connect call failed ('::1', 8765, 0, 0), [Errno 61] Connect call failed ('127.0.0.1', 8765)"
  CB: None None-None (None)  crr=None  ps=None  recent=None
  ✓ score/wickets/overs match

[00:03:42  iter#340]
  WS ERR: "Multiple exceptions: [Errno 61] Connect call failed ('::1', 8765, 0, 0), [Errno 61] Connect call failed ('127.0.0.1', 8765)"
  CB: None None-None (None)  crr=None  ps=None  recent=None
  ✓ score/wickets/overs match

[00:04:02  iter#341]
  WS ERR: "Multiple exceptions: [Errno 61] Connect call failed ('::1', 8765, 0, 0), [Errno 61] Connect call failed ('127.0.0.1', 8765)"
  CB: None None-None (None)  crr=None  ps=None  recent=None
  ✓ score/wickets/overs match

[00:04:22  iter#342]
  WS ERR: "Multiple exceptions: [Errno 61] Connect call failed ('::1', 8765, 0, 0), [Errno 61] Connect call failed ('127.0.0.1', 8765)"
  CB: None None-None (None)  crr=None  ps=None  recent=None
  ✓ score/wickets/overs match

[00:04:42  iter#343]
  WS ERR: "Multiple exceptions: [Errno 61] Connect call failed ('::1', 8765, 0, 0), [Errno 61] Connect call failed ('127.0.0.1', 8765)"
  CB: None None-None (None)  crr=None  ps=None  recent=None
  ✓ score/wickets/overs match

[00:05:03  iter#344]
  WS ERR: "Multiple exceptions: [Errno 61] Connect call failed ('::1', 8765, 0, 0), [Errno 61] Connect call failed ('127.0.0.1', 8765)"
  CB: None None-None (None)  crr=None  ps=None  recent=None
  ✓ score/wickets/overs match

[00:05:23  iter#345]
  WS ERR: "Multiple exceptions: [Errno 61] Connect call failed ('::1', 8765, 0, 0), [Errno 61] Connect call failed ('127.0.0.1', 8765)"
  CB: None None-None (None)  crr=None  ps=None  recent=None
  ✓ score/wickets/overs match

[00:05:43  iter#346]
  WS ERR: "Multiple exceptions: [Errno 61] Connect call failed ('::1', 8765, 0, 0), [Errno 61] Connect call failed ('127.0.0.1', 8765)"
  CB: None None-None (None)  crr=None  ps=None  recent=None
  ✓ score/wickets/overs match

[00:06:03  iter#347]
  WS ERR: "Multiple exceptions: [Errno 61] Connect call failed ('::1', 8765, 0, 0), [Errno 61] Connect call failed ('127.0.0.1', 8765)"
  CB: None None-None (None)  crr=None  ps=None  recent=None
  ✓ score/wickets/overs match

[00:06:23  iter#348]
  WS ERR: "Multiple exceptions: [Errno 61] Connect call failed ('::1', 8765, 0, 0), [Errno 61] Connect call failed ('127.0.0.1', 8765)"
  CB: None None-None (None)  crr=None  ps=None  recent=None
  ✓ score/wickets/overs match

[00:06:44  iter#349]
  WS ERR: "Multiple exceptions: [Errno 61] Connect call failed ('::1', 8765, 0, 0), [Errno 61] Connect call failed ('127.0.0.1', 8765)"
  CB: None None-None (None)  crr=None  ps=None  recent=None
  ✓ score/wickets/overs match

[00:07:04  iter#350]
  WS ERR: "Multiple exceptions: [Errno 61] Connect call failed ('::1', 8765, 0, 0), [Errno 61] Connect call failed ('127.0.0.1', 8765)"
  CB: None None-None (None)  crr=None  ps=None  recent=None
  ✓ score/wickets/overs match

[00:07:24  iter#351]
  WS ERR: "Multiple exceptions: [Errno 61] Connect call failed ('::1', 8765, 0, 0), [Errno 61] Connect call failed ('127.0.0.1', 8765)"
  CB: None None-None (None)  crr=None  ps=None  recent=None
  ✓ score/wickets/overs match

[00:07:44  iter#352]
  WS ERR: "Multiple exceptions: [Errno 61] Connect call failed ('::1', 8765, 0, 0), [Errno 61] Connect call failed ('127.0.0.1', 8765)"
  CB: None None-None (None)  crr=None  ps=None  recent=None
  ✓ score/wickets/overs match

[00:08:04  iter#353]
  WS ERR: "Multiple exceptions: [Errno 61] Connect call failed ('::1', 8765, 0, 0), [Errno 61] Connect call failed ('127.0.0.1', 8765)"
  CB: None None-None (None)  crr=None  ps=None  recent=None
  ✓ score/wickets/overs match

[00:08:25  iter#354]
  WS ERR: "Multiple exceptions: [Errno 61] Connect call failed ('::1', 8765, 0, 0), [Errno 61] Connect call failed ('127.0.0.1', 8765)"
  CB: None None-None (None)  crr=None  ps=None  recent=None
  ✓ score/wickets/overs match

[00:08:45  iter#355]
  WS ERR: "Multiple exceptions: [Errno 61] Connect call failed ('::1', 8765, 0, 0), [Errno 61] Connect call failed ('127.0.0.1', 8765)"
  CB: None None-None (None)  crr=None  ps=None  recent=None
  ✓ score/wickets/overs match

[00:09:05  iter#356]
  WS ERR: "Multiple exceptions: [Errno 61] Connect call failed ('::1', 8765, 0, 0), [Errno 61] Connect call failed ('127.0.0.1', 8765)"
  CB: None None-None (None)  crr=None  ps=None  recent=None
  ✓ score/wickets/overs match

[00:09:25  iter#357]
  WS ERR: "Multiple exceptions: [Errno 61] Connect call failed ('::1', 8765, 0, 0), [Errno 61] Connect call failed ('127.0.0.1', 8765)"
  CB: None None-None (None)  crr=None  ps=None  recent=None
  ✓ score/wickets/overs match

[00:09:45  iter#358]
  WS ERR: "Multiple exceptions: [Errno 61] Connect call failed ('::1', 8765, 0, 0), [Errno 61] Connect call failed ('127.0.0.1', 8765)"
  CB: None None-None (None)  crr=None  ps=None  recent=None
  ✓ score/wickets/overs match

[00:10:05  iter#359]
  WS ERR: "Multiple exceptions: [Errno 61] Connect call failed ('::1', 8765, 0, 0), [Errno 61] Connect call failed ('127.0.0.1', 8765)"
  CB: None None-None (None)  crr=None  ps=None  recent=None
  ✓ score/wickets/overs match

[00:10:26  iter#360]
  WS ERR: "Multiple exceptions: [Errno 61] Connect call failed ('::1', 8765, 0, 0), [Errno 61] Connect call failed ('127.0.0.1', 8765)"
  CB: None None-None (None)  crr=None  ps=None  recent=None
  ✓ score/wickets/overs match

[00:10:46  iter#361]
  WS ERR: "Multiple exceptions: [Errno 61] Connect call failed ('::1', 8765, 0, 0), [Errno 61] Connect call failed ('127.0.0.1', 8765)"
  CB: None None-None (None)  crr=None  ps=None  recent=None
  ✓ score/wickets/overs match

[00:11:06  iter#362]
  WS ERR: "Multiple exceptions: [Errno 61] Connect call failed ('::1', 8765, 0, 0), [Errno 61] Connect call failed ('127.0.0.1', 8765)"
  CB: None None-None (None)  crr=None  ps=None  recent=None
  ✓ score/wickets/overs match

[00:11:26  iter#363]
  WS ERR: "Multiple exceptions: [Errno 61] Connect call failed ('::1', 8765, 0, 0), [Errno 61] Connect call failed ('127.0.0.1', 8765)"
  CB: None None-None (None)  crr=None  ps=None  recent=None
  ✓ score/wickets/overs match

[00:11:47  iter#364]
  WS ERR: "Multiple exceptions: [Errno 61] Connect call failed ('::1', 8765, 0, 0), [Errno 61] Connect call failed ('127.0.0.1', 8765)"
  CB: None None-None (None)  crr=None  ps=None  recent=None
  ✓ score/wickets/overs match

[00:12:07  iter#365]
  WS ERR: "Multiple exceptions: [Errno 61] Connect call failed ('::1', 8765, 0, 0), [Errno 61] Connect call failed ('127.0.0.1', 8765)"
  CB: None None-None (None)  crr=None  ps=None  recent=None
  ✓ score/wickets/overs match

[00:12:27  iter#366]
  WS ERR: "Multiple exceptions: [Errno 61] Connect call failed ('::1', 8765, 0, 0), [Errno 61] Connect call failed ('127.0.0.1', 8765)"
  CB: None None-None (None)  crr=None  ps=None  recent=None
  ✓ score/wickets/overs match

[00:12:47  iter#367]
  WS ERR: "Multiple exceptions: [Errno 61] Connect call failed ('::1', 8765, 0, 0), [Errno 61] Connect call failed ('127.0.0.1', 8765)"
  CB: None None-None (None)  crr=None  ps=None  recent=None
  ✓ score/wickets/overs match

[00:13:08  iter#368]
  WS ERR: "Multiple exceptions: [Errno 61] Connect call failed ('::1', 8765, 0, 0), [Errno 61] Connect call failed ('127.0.0.1', 8765)"
  CB: None None-None (None)  crr=None  ps=None  recent=None
  ✓ score/wickets/overs match

[00:13:28  iter#369]
  WS ERR: "Multiple exceptions: [Errno 61] Connect call failed ('::1', 8765, 0, 0), [Errno 61] Connect call failed ('127.0.0.1', 8765)"
  CB: None None-None (None)  crr=None  ps=None  recent=None
  ✓ score/wickets/overs match

[00:13:48  iter#370]
  WS ERR: "Multiple exceptions: [Errno 61] Connect call failed ('::1', 8765, 0, 0), [Errno 61] Connect call failed ('127.0.0.1', 8765)"
  CB: None None-None (None)  crr=None  ps=None  recent=None
  ✓ score/wickets/overs match

[00:14:08  iter#371]
  WS ERR: "Multiple exceptions: [Errno 61] Connect call failed ('::1', 8765, 0, 0), [Errno 61] Connect call failed ('127.0.0.1', 8765)"
  CB: None None-None (None)  crr=None  ps=None  recent=None
  ✓ score/wickets/overs match

[00:14:29  iter#372]
  WS ERR: "Multiple exceptions: [Errno 61] Connect call failed ('::1', 8765, 0, 0), [Errno 61] Connect call failed ('127.0.0.1', 8765)"
  CB: None None-None (None)  crr=None  ps=None  recent=None
  ✓ score/wickets/overs match

[00:14:49  iter#373]
  WS ERR: "Multiple exceptions: [Errno 61] Connect call failed ('::1', 8765, 0, 0), [Errno 61] Connect call failed ('127.0.0.1', 8765)"
  CB: None None-None (None)  crr=None  ps=None  recent=None
  ✓ score/wickets/overs match

[00:15:09  iter#374]
  WS ERR: "Multiple exceptions: [Errno 61] Connect call failed ('::1', 8765, 0, 0), [Errno 61] Connect call failed ('127.0.0.1', 8765)"
  CB: None None-None (None)  crr=None  ps=None  recent=None
  ✓ score/wickets/overs match

[00:15:29  iter#375]
  WS ERR: "Multiple exceptions: [Errno 61] Connect call failed ('::1', 8765, 0, 0), [Errno 61] Connect call failed ('127.0.0.1', 8765)"
  CB: None None-None (None)  crr=None  ps=None  recent=None
  ✓ score/wickets/overs match

[00:15:49  iter#376]
  WS ERR: "Multiple exceptions: [Errno 61] Connect call failed ('::1', 8765, 0, 0), [Errno 61] Connect call failed ('127.0.0.1', 8765)"
  CB: None None-None (None)  crr=None  ps=None  recent=None
  ✓ score/wickets/overs match

[00:16:09  iter#377]
  WS ERR: "Multiple exceptions: [Errno 61] Connect call failed ('::1', 8765, 0, 0), [Errno 61] Connect call failed ('127.0.0.1', 8765)"
  CB: None None-None (None)  crr=None  ps=None  recent=None
  ✓ score/wickets/overs match

[00:16:30  iter#378]
  WS ERR: "Multiple exceptions: [Errno 61] Connect call failed ('::1', 8765, 0, 0), [Errno 61] Connect call failed ('127.0.0.1', 8765)"
  CB: None None-None (None)  crr=None  ps=None  recent=None
  ✓ score/wickets/overs match
Traceback (most recent call last):
  File "/Users/anmolmohan/Projects/SportsComm/files/.venv/lib/python3.12/site-packages/httpx/_transports/default.py", line 101, in map_httpcore_exceptions
    yield
  File "/Users/anmolmohan/Projects/SportsComm/files/.venv/lib/python3.12/site-packages/httpx/_transports/default.py", line 394, in handle_async_request
    resp = await self._pool.handle_async_request(req)
           ^^^^^^^^^^^^^^^^^^^^^^^^^^^^^^^^^^^^^^^^^^
  File "/Users/anmolmohan/Projects/SportsComm/files/.venv/lib/python3.12/site-packages/httpcore/_async/connection_pool.py", line 256, in handle_async_request
    raise exc from None
  File "/Users/anmolmohan/Projects/SportsComm/files/.venv/lib/python3.12/site-packages/httpcore/_async/connection_pool.py", line 236, in handle_async_request
    response = await connection.handle_async_request(
               ^^^^^^^^^^^^^^^^^^^^^^^^^^^^^^^^^^^^^^
  File "/Users/anmolmohan/Projects/SportsComm/files/.venv/lib/python3.12/site-packages/httpcore/_async/connection.py", line 101, in handle_async_request
    raise exc
  File "/Users/anmolmohan/Projects/SportsComm/files/.venv/lib/python3.12/site-packages/httpcore/_async/connection.py", line 78, in handle_async_request
    stream = await self._connect(request)
             ^^^^^^^^^^^^^^^^^^^^^^^^^^^^
  File "/Users/anmolmohan/Projects/SportsComm/files/.venv/lib/python3.12/site-packages/httpcore/_async/connection.py", line 124, in _connect
    stream = await self._network_backend.connect_tcp(**kwargs)
             ^^^^^^^^^^^^^^^^^^^^^^^^^^^^^^^^^^^^^^^^^^^^^^^^^
  File "/Users/anmolmohan/Projects/SportsComm/files/.venv/lib/python3.12/site-packages/httpcore/_backends/auto.py", line 31, in connect_tcp
    return await self._backend.connect_tcp(
           ^^^^^^^^^^^^^^^^^^^^^^^^^^^^^^^^
  File "/Users/anmolmohan/Projects/SportsComm/files/.venv/lib/python3.12/site-packages/httpcore/_backends/anyio.py", line 113, in connect_tcp
    with map_exceptions(exc_map):
         ^^^^^^^^^^^^^^^^^^^^^^^
  File "/opt/homebrew/Cellar/python@3.12/3.12.13/Frameworks/Python.framework/Versions/3.12/lib/python3.12/contextlib.py", line 158, in __exit__
    self.gen.throw(value)
  File "/Users/anmolmohan/Projects/SportsComm/files/.venv/lib/python3.12/site-packages/httpcore/_exceptions.py", line 14, in map_exceptions
    raise to_exc(exc) from exc
httpcore.ConnectError: [Errno 8] nodename nor servname provided, or not known

The above exception was the direct cause of the following exception:

Traceback (most recent call last):
  File "/Users/anmolmohan/Projects/SportsComm/files/parity_monitor.py", line 410, in <module>
    asyncio.run(main())
  File "/opt/homebrew/Cellar/python@3.12/3.12.13/Frameworks/Python.framework/Versions/3.12/lib/python3.12/asyncio/runners.py", line 195, in run
    return runner.run(main)
           ^^^^^^^^^^^^^^^^
  File "/opt/homebrew/Cellar/python@3.12/3.12.13/Frameworks/Python.framework/Versions/3.12/lib/python3.12/asyncio/runners.py", line 118, in run
    return self._loop.run_until_complete(task)
           ^^^^^^^^^^^^^^^^^^^^^^^^^^^^^^^^^^^
  File "/opt/homebrew/Cellar/python@3.12/3.12.13/Frameworks/Python.framework/Versions/3.12/lib/python3.12/asyncio/base_events.py", line 691, in run_until_complete
    return future.result()
           ^^^^^^^^^^^^^^^
  File "/Users/anmolmohan/Projects/SportsComm/files/parity_monitor.py", line 341, in main
    cb = await fetch_cb(prefer_team=ws.get("team"))
         ^^^^^^^^^^^^^^^^^^^^^^^^^^^^^^^^^^^^^^^^^^
  File "/Users/anmolmohan/Projects/SportsComm/files/parity_monitor.py", line 115, in fetch_cb
    r = await c.get(CB_FALLBACK,
        ^^^^^^^^^^^^^^^^^^^^^^^^
  File "/Users/anmolmohan/Projects/SportsComm/files/.venv/lib/python3.12/site-packages/httpx/_client.py", line 1768, in get
    return await self.request(
           ^^^^^^^^^^^^^^^^^^^
  File "/Users/anmolmohan/Projects/SportsComm/files/.venv/lib/python3.12/site-packages/httpx/_client.py", line 1540, in request
    return await self.send(request, auth=auth, follow_redirects=follow_redirects)
           ^^^^^^^^^^^^^^^^^^^^^^^^^^^^^^^^^^^^^^^^^^^^^^^^^^^^^^^^^^^^^^^^^^^^^^
  File "/Users/anmolmohan/Projects/SportsComm/files/.venv/lib/python3.12/site-packages/httpx/_client.py", line 1629, in send
    response = await self._send_handling_auth(
               ^^^^^^^^^^^^^^^^^^^^^^^^^^^^^^^
  File "/Users/anmolmohan/Projects/SportsComm/files/.venv/lib/python3.12/site-packages/httpx/_client.py", line 1657, in _send_handling_auth
    response = await self._send_handling_redirects(
               ^^^^^^^^^^^^^^^^^^^^^^^^^^^^^^^^^^^^
  File "/Users/anmolmohan/Projects/SportsComm/files/.venv/lib/python3.12/site-packages/httpx/_client.py", line 1694, in _send_handling_redirects
    response = await self._send_single_request(request)
               ^^^^^^^^^^^^^^^^^^^^^^^^^^^^^^^^^^^^^^^^
  File "/Users/anmolmohan/Projects/SportsComm/files/.venv/lib/python3.12/site-packages/httpx/_client.py", line 1730, in _send_single_request
    response = await transport.handle_async_request(request)
               ^^^^^^^^^^^^^^^^^^^^^^^^^^^^^^^^^^^^^^^^^^^^^
  File "/Users/anmolmohan/Projects/SportsComm/files/.venv/lib/python3.12/site-packages/httpx/_transports/default.py", line 393, in handle_async_request
    with map_httpcore_exceptions():
         ^^^^^^^^^^^^^^^^^^^^^^^^^
  File "/opt/homebrew/Cellar/python@3.12/3.12.13/Frameworks/Python.framework/Versions/3.12/lib/python3.12/contextlib.py", line 158, in __exit__
    self.gen.throw(value)
  File "/Users/anmolmohan/Projects/SportsComm/files/.venv/lib/python3.12/site-packages/httpx/_transports/default.py", line 118, in map_httpcore_exceptions
    raise mapped_exc(message) from exc
httpx.ConnectError: [Errno 8] nodename nor servname provided, or not known
