clip_id,frame_idx,ts_offset,label,flow_magnitude,strip_diff_v1,strip_diff_v3
d001,12,0.200000,noise,1.387477,0.426663,0.292375
d001,24,0.400000,noise,2.977136,0.429889,0.587500
d001,36,0.600000,noise,2.822337,0.815877,0.625375
d001,48,0.800000,noise,1.782510,0.627319,0.390000
d001,60,1.000000,noise,1.922320,0.450655,0.423938
d001,72,1.200000,noise,2.120325,0.515373,0.378875
d001,84,1.400000,noise,4.201440,0.745514,0.499688
d001,96,1.600000,noise,1.811119,0.627923,0.323750
d001,108,1.800000,noise,2.959916,0.793952,0.531813
d001,120,2.000000,noise,2.881783,0.550857,0.532250
d001,132,2.200000,noise,1.551232,0.363609,0.362750
d001,144,2.400000,noise,1.108906,0.329032,0.257500
d001,156,2.600000,noise,1.008905,0.380544,0.281500
d001,168,2.800000,noise,2.927158,0.983972,0.574875
d001,180,3.000000,noise,3.933821,1.249496,0.459813
d001,192,3.200000,noise,2.160048,0.673589,0.360000
d001,204,3.400000,noise,3.997690,1.056704,0.728062
d001,216,3.600000,noise,1.231252,0.568800,0.458250
d001,228,3.800000,noise,1.610148,0.636139,0.985750
d001,240,4.000000,noise,1.731498,0.633165,0.362687
d001,252,4.200000,noise,2.806159,2.769808,2.599875
d001,264,4.400000,noise,0.853393,0.655040,0.408687
d001,276,4.600000,noise,0.848667,0.641734,0.366438
d001,288,4.800000,noise,1.060936,0.902621,0.618563
d001,300,5.000000,noise,0.611016,0.495917,0.299812
d001,312,5.200000,noise,0.615583,0.465121,0.306875
d001,324,5.400000,noise,0.765431,0.480393,0.501437
d001,336,5.600000,noise,1.687938,1.185383,1.199313
d001,348,5.800000,noise,2.601136,0.850151,0.730688
d001,360,6.000000,post_event,2.565166,0.697278,0.493063
d001,372,6.200000,post_event,1.143634,0.510938,0.307688
d001,384,6.400000,post_event,0.875109,0.435131,0.304875
d001,396,6.600000,post_event,0.532415,0.418448,0.322062
d001,408,6.800000,post_event,2.269814,0.860736,0.540188
d001,420,7.000000,post_event,1.090064,0.384022,0.382688
d001,432,7.200000,post_event,1.067665,0.484980,0.413062
d001,444,7.400000,post_event,1.856716,0.584929,0.493625
d001,456,7.600000,post_event,1.127561,0.338508,0.263375
d001,468,7.800000,post_event,1.124380,0.295312,0.264437
d001,480,8.000000,post_event,1.925913,0.433871,0.448437
d001,492,8.200000,post_event,0.514944,0.217692,0.182625
d001,504,8.400000,post_event,0.567946,0.598135,1.498063
d001,516,8.600000,real_delivery,0.499911,0.308014,0.244438
d001,528,8.800000,real_delivery,1.167581,0.725000,0.457000
d001,540,9.000000,real_delivery,0.823067,0.551815,0.277562
d001,552,9.200000,real_delivery,0.936876,0.666935,0.362500
d001,564,9.400000,real_delivery,0.809124,0.443952,0.256063
d001,576,9.600000,real_delivery,0.522489,0.306704,0.171250
d001,588,9.800000,real_delivery,0.752646,0.454435,0.502625
d001,600,10.000000,real_delivery,0.793946,0.449849,0.249000
d001,612,10.200000,real_delivery,1.470948,0.645514,0.477563
d001,624,10.400000,real_delivery,0.744642,0.310131,0.336562
d001,636,10.600000,real_delivery,1.481102,0.331502,0.477312
d001,648,10.800000,real_delivery,1.238488,0.327621,0.617250
d001,660,11.000000,real_delivery,0.786507,0.294556,0.250375
d001,672,11.200000,real_delivery,0.794898,0.326613,0.339062
d001,684,11.400000,real_delivery,0.550768,0.364516,0.303000
d001,696,11.600000,post_event,0.948481,0.567137,0.451062
d001,708,11.800000,post_event,0.453070,0.255292,0.293750
d001,720,12.000000,post_event,0.924006,0.664567,0.469125
d001,732,12.200000,post_event,1.102263,1.047177,0.468062
d001,744,12.400000,post_event,0.808830,0.421875,0.407500
d001,756,12.600000,post_event,0.845754,0.636694,1.653812
d001,768,12.800000,post_event,0.721184,0.344808,0.379875
d001,780,13.000000,post_event,1.628583,0.715877,0.587000
d001,792,13.200000,post_event,1.568525,0.457258,0.403187
d001,804,13.400000,post_event,2.167217,1.921321,0.769188
d001,816,13.600000,post_event,1.483309,0.878276,0.538625
d001,828,13.800000,post_event,1.013295,0.782258,0.542312
d001,840,14.000000,post_event,1.999258,0.993649,0.726812
d001,852,14.200000,noise,3.081704,1.121573,0.704562
d001,864,14.400000,noise,0.533615,0.387248,0.518875
d001,876,14.600000,noise,0.843336,0.419153,0.451250
d001,888,14.800000,noise,2.289867,1.385837,0.840500
d001,900,15.000000,noise,3.468697,1.041179,0.980500
d001,912,15.200000,noise,3.179828,1.429738,0.821562
d001,924,15.400000,noise,1.961448,1.391381,0.750500
d001,936,15.600000,noise,2.387604,1.272379,1.599125
d001,948,15.800000,noise,1.651526,0.685081,0.401187
d001,960,16.000000,noise,3.587298,1.014919,0.525125
d001,972,16.200000,noise,1.855947,0.627369,0.475187
d001,984,16.400000,noise,1.911415,0.642238,0.463625
d001,996,16.600000,noise,3.606210,0.899597,0.962500
d001,1008,16.800000,noise,1.879898,1.009425,1.821000
d001,1020,17.000000,noise,1.898932,0.579587,0.396375
d001,1032,17.200000,noise,3.284653,0.662147,0.374063
d001,1044,17.400000,noise,2.599582,1.032208,0.791813
d001,1056,17.600000,noise,1.967046,0.701260,0.327937
d001,1068,17.800000,noise,2.099947,0.697681,0.561688
d001,1080,18.000000,noise,2.745949,0.804083,0.901563
d001,1092,18.200000,noise,1.121425,0.471472,0.513687
d001,1104,18.400000,noise,1.474038,1.484677,1.027937
d001,1116,18.600000,noise,3.730645,16.817692,29.077125
d001,1128,18.800000,noise,4.544834,16.744254,32.084938
d001,1140,19.000000,noise,4.326129,18.070766,21.966125
d001,1152,19.200000,noise,4.324677,4.496875,17.998875
d001,1164,19.400000,noise,2.671767,3.369103,14.019063
d001,1176,19.600000,noise,2.603058,6.084476,15.177312
d001,1188,19.800000,noise,2.952893,10.555595,16.929437
d002,12,0.200000,noise,5.126460,4.342742,8.211125
d002,24,0.400000,noise,3.704412,2.949143,8.283125
d002,36,0.600000,noise,1.909320,2.256653,5.182500
d002,48,0.800000,noise,2.381741,2.052218,4.993000
d002,60,1.000000,noise,4.147742,1.755847,4.027938
d002,72,1.200000,noise,5.579991,1.826260,4.286875
d002,84,1.400000,noise,5.616620,1.940474,4.429750
d002,96,1.600000,noise,5.394812,2.124899,4.907687
d002,108,1.800000,noise,2.532193,2.257661,5.042813
d002,120,2.000000,noise,7.936976,2.254637,5.086812
d002,132,2.200000,noise,2.431792,3.034879,6.732875
d002,144,2.400000,noise,7.152481,2.630948,6.436187
d002,156,2.600000,noise,6.477308,2.557258,5.882187
d002,168,2.800000,noise,6.270551,2.514315,5.785188
d002,180,3.000000,noise,2.926290,2.898337,7.276500
d002,192,3.200000,noise,5.281983,2.808367,7.221750
d002,204,3.400000,noise,5.103654,2.816583,6.868500
d002,216,3.600000,noise,2.808438,3.321119,7.971813
d002,228,3.800000,noise,2.184311,2.498337,6.019875
d002,240,4.000000,noise,1.551298,2.416129,6.314188
d002,252,4.200000,noise,1.737951,2.328478,5.148438
d002,264,4.400000,noise,1.613382,1.899093,3.976750
d002,276,4.600000,noise,2.023442,1.323790,3.796625
d002,288,4.800000,noise,2.196764,1.625050,3.759750
d002,300,5.000000,noise,2.625863,1.627369,3.911125
d002,312,5.200000,noise,4.365903,1.725353,5.476187
d002,324,5.400000,noise,3.665139,2.070212,6.771687
d002,336,5.600000,noise,2.962428,4.118145,22.915312
d002,348,5.800000,noise,4.403546,6.492490,15.836250
d002,360,6.000000,post_event,3.521864,5.063155,10.300187
d002,372,6.200000,post_event,3.123284,4.312046,9.443062
d002,384,6.400000,post_event,3.547930,4.828931,10.922937
d002,396,6.600000,post_event,4.132967,3.128276,9.490063
d002,408,6.800000,post_event,5.833338,4.690323,12.043250
d002,420,7.000000,post_event,4.623091,3.929990,9.686188
d002,432,7.200000,post_event,0.926995,2.037601,4.345187
d002,444,7.400000,post_event,2.738670,3.654839,8.219125
d002,456,7.600000,post_event,3.778199,3.501764,7.998687
d002,468,7.800000,post_event,4.042541,4.282107,10.440687
d002,480,8.000000,post_event,3.342263,4.823085,10.597375
d002,492,8.200000,post_event,2.782988,2.886391,5.343813
d002,504,8.400000,post_event,2.689619,4.812097,10.440125
d002,516,8.600000,real_delivery,4.512616,4.622581,11.699938
d002,528,8.800000,real_delivery,3.001604,6.199496,14.588563
d002,540,9.000000,real_delivery,2.469842,8.207359,19.899188
d002,552,9.200000,real_delivery,2.941714,11.514567,28.283812
d002,564,9.400000,real_delivery,1.652376,5.477823,12.243688
d002,576,9.600000,real_delivery,1.445269,2.837046,6.691750
d002,588,9.800000,real_delivery,0.774372,2.666633,5.477938
d002,600,10.000000,real_delivery,1.488617,6.710685,10.957313
d002,612,10.200000,real_delivery,1.953059,7.029536,9.815500
d002,624,10.400000,real_delivery,1.833924,6.683972,9.662812
d002,636,10.600000,real_delivery,2.558786,4.265121,10.127250
d002,648,10.800000,real_delivery,2.482670,2.509476,9.374250
d002,660,11.000000,real_delivery,2.088226,2.800605,6.451437
d002,672,11.200000,real_delivery,2.121402,1.937651,4.388813
d002,684,11.400000,real_delivery,2.472821,2.534778,4.940250
d002,696,11.600000,post_event,2.245261,2.696371,5.591938
d002,708,11.800000,post_event,1.647152,3.243599,6.302437
d002,720,12.000000,post_event,1.787112,2.005645,3.883437
d002,732,12.200000,post_event,1.452702,1.388054,3.660563
d002,744,12.400000,post_event,0.938629,1.557409,5.861250
d002,756,12.600000,post_event,1.008010,0.804486,4.735062
d002,768,12.800000,post_event,1.035994,0.646825,1.683375
d002,780,13.000000,post_event,1.469005,1.172026,2.066187
d002,792,13.200000,post_event,1.427405,0.530292,2.747250
d002,804,13.400000,post_event,1.438295,0.557157,1.370437
d002,816,13.600000,post_event,1.117891,0.877722,1.990687
d002,828,13.800000,post_event,1.017240,0.950806,2.503625
d002,840,14.000000,post_event,0.933691,0.522984,1.544437
d002,852,14.200000,noise,0.746540,0.334425,1.360375
d002,864,14.400000,noise,0.617025,0.475252,1.316437
d002,876,14.600000,noise,0.762299,1.882611,1.796250
d002,888,14.800000,noise,0.700818,5.113357,4.476750
d002,900,15.000000,noise,0.709271,5.991230,5.958500
d002,912,15.200000,noise,1.091912,5.481351,12.447688
d002,924,15.400000,noise,1.103969,2.522581,12.960187
d002,936,15.600000,noise,0.992132,3.256956,11.063187
d002,948,15.800000,noise,0.996485,5.743397,8.331250
d002,960,16.000000,noise,1.881182,6.884728,13.545813
d002,972,16.200000,noise,1.117385,5.715373,13.180063
d002,984,16.400000,noise,1.264235,5.583518,15.040625
d002,996,16.600000,noise,1.970349,5.532813,17.212937
d002,1008,16.800000,noise,1.186473,3.399143,10.908312
d002,1020,17.000000,noise,1.121112,3.421371,9.112687
d002,1032,17.200000,noise,1.044743,3.021925,8.200313
d002,1044,17.400000,noise,2.494601,4.884627,12.500375
d002,1056,17.600000,noise,1.044857,1.675454,6.555937
d002,1068,17.800000,noise,1.062191,0.906149,6.550438
d002,1080,18.000000,noise,1.898309,0.840625,7.891250
d002,1092,18.200000,noise,1.059150,0.678125,4.004062
d002,1104,18.400000,noise,1.184324,1.949446,2.769687
d002,1116,18.600000,noise,2.831855,3.651764,6.015250
d002,1128,18.800000,noise,2.071098,1.904637,9.547125
d002,1140,19.000000,noise,2.301755,0.588861,11.063750
d002,1152,19.200000,noise,2.378789,0.480393,9.441562
d002,1164,19.400000,noise,2.037901,0.535534,4.846063
d002,1176,19.600000,noise,1.738054,0.957308,1.862062
d002,1188,19.800000,noise,1.258253,0.816935,1.715500
d003,12,0.200000,noise,0.247121,0.081552,0.243812
d003,24,0.400000,noise,0.260206,0.039869,0.337562
d003,36,0.600000,noise,0.394248,0.028125,0.535937
d003,48,0.800000,noise,0.401359,0.037198,0.502875
d003,60,1.000000,noise,0.304203,0.011492,0.226687
d003,72,1.200000,noise,1.150715,0.025050,1.023375
d003,84,1.400000,noise,1.078429,0.087450,0.860875
d003,96,1.600000,noise,0.356980,0.008871,0.321375
d003,108,1.800000,noise,0.930974,0.327117,1.998375
d003,120,2.000000,noise,0.422593,0.037853,0.379125
d003,132,2.200000,post_event,0.395704,0.023790,0.264375
d003,144,2.400000,post_event,0.666604,0.045010,0.604500
d003,156,2.600000,post_event,0.403381,0.028024,0.194312
d003,168,2.800000,post_event,0.377997,0.019456,0.256875
d003,180,3.000000,post_event,0.954721,0.036190,0.564125
d003,192,3.200000,post_event,0.402301,0.020111,0.292563
d003,204,3.400000,post_event,0.406139,0.004990,0.251188
d003,216,3.600000,post_event,0.428012,0.021623,0.220938
d003,228,3.800000,post_event,0.690225,0.016683,0.428125
d003,240,4.000000,post_event,0.424939,0.023589,0.245188
d003,252,4.200000,post_event,0.704550,0.478427,1.784938
d003,264,4.400000,post_event,0.697959,0.024244,0.387562
d003,276,4.600000,post_event,0.428826,0.048841,0.224562
d003,288,4.800000,real_delivery,0.438589,0.020060,0.172125
d003,300,5.000000,real_delivery,0.415791,0.018145,0.211562
d003,312,5.200000,real_delivery,0.719007,0.007208,0.316688
d003,324,5.400000,real_delivery,0.709504,0.008569,0.239625
d003,336,5.600000,real_delivery,0.435961,0.001613,0.210938
d003,348,5.800000,real_delivery,0.782649,0.027772,0.375125
d003,360,6.000000,real_delivery,0.465325,0.010232,0.201500
d003,372,6.200000,real_delivery,0.472274,0.004335,0.226875
d003,384,6.400000,real_delivery,0.471202,0.001764,0.275250
d003,396,6.600000,real_delivery,0.782960,0.020917,0.356875
d003,408,6.800000,real_delivery,0.794711,0.025605,0.431063
d003,420,7.000000,real_delivery,0.513692,0.013962,0.281750
d003,432,7.200000,real_delivery,0.860432,0.020766,0.393500
d003,444,7.400000,real_delivery,0.548631,0.010937,0.288687
d003,456,7.600000,real_delivery,0.531790,0.029687,0.241625
d003,468,7.800000,post_event,0.544275,0.069103,0.324813
d003,480,8.000000,post_event,1.290673,0.066583,0.594313
d003,492,8.200000,post_event,0.561783,0.005595,0.255125
d003,504,8.400000,post_event,0.551179,0.484425,1.567000
d003,516,8.600000,post_event,0.964140,0.015827,0.154062
d003,528,8.800000,post_event,0.618078,0.301008,1.431125
d003,540,9.000000,post_event,0.608473,0.079637,0.208750
d003,552,9.200000,post_event,1.382159,0.049647,0.303812
d003,564,9.400000,post_event,0.553994,0.015272,0.178875
d003,576,9.600000,post_event,0.600346,0.008669,0.161000
d003,588,9.800000,post_event,0.621167,0.015020,0.144187
d003,600,10.000000,post_event,1.126385,0.006855,0.229000
d003,612,10.200000,noise,0.635774,0.002671,0.138437
d003,624,10.400000,noise,1.124673,0.024395,0.168125
d003,636,10.600000,noise,2.693613,0.022278,0.201313
d004,12,0.200000,noise,0.194698,0.315323,0.268875
d004,24,0.400000,noise,0.271540,0.469002,0.363187
d004,36,0.600000,noise,0.138009,0.097480,0.152500
d004,48,0.800000,noise,0.354049,0.477873,0.473125
d004,60,1.000000,noise,0.222553,0.063861,0.207937
d004,72,1.200000,noise,0.140209,0.170716,0.162938
d004,84,1.400000,noise,0.204079,0.233569,0.218250
d004,96,1.600000,noise,0.089868,0.027319,0.103875
d004,108,1.800000,noise,0.101428,0.067893,0.121438
d004,120,2.000000,noise,0.130585,0.126714,0.193625
d004,132,2.200000,noise,0.155086,0.235433,0.238687
d004,144,2.400000,noise,0.331454,0.330645,0.644125
d004,156,2.600000,noise,0.395847,0.654385,0.651312
d004,168,2.800000,noise,0.168745,0.243397,0.368437
d004,180,3.000000,noise,0.006706,0.003075,0.019938
d004,192,3.200000,noise,0.547732,0.773589,1.115000
d004,204,3.400000,noise,0.363027,0.649597,0.869437
d004,216,3.600000,noise,0.184314,0.149446,0.348062
d004,228,3.800000,noise,0.174658,0.252571,0.645500
d004,240,4.000000,noise,0.262813,0.181452,0.665375
d004,252,4.200000,noise,0.306554,0.834274,1.610250
d004,264,4.400000,noise,0.156587,0.207560,0.351812
d004,276,4.600000,noise,0.290583,0.292944,0.513625
d004,288,4.800000,noise,0.226557,0.316835,0.488250
d004,300,5.000000,noise,0.262863,0.436391,0.712437
d004,312,5.200000,noise,0.209537,0.212954,0.450437
d004,324,5.400000,noise,0.197710,0.370514,0.455625
d004,336,5.600000,noise,0.175788,0.351058,0.461062
d004,348,5.800000,noise,0.107420,0.088004,0.221750
d004,360,6.000000,post_event,0.198151,0.164415,0.210250
d004,372,6.200000,post_event,0.425339,0.642843,1.091438
d004,384,6.400000,post_event,0.237455,0.191482,0.399062
d004,396,6.600000,post_event,0.221656,0.208871,0.573688
d004,408,6.800000,post_event,0.669010,0.865474,1.254250
d004,420,7.000000,post_event,0.013834,0.019002,0.038625
d004,432,7.200000,post_event,0.386832,0.309375,0.857125
d004,444,7.400000,post_event,0.162421,0.067692,0.269313
d004,456,7.600000,post_event,0.524101,0.657913,1.489062
d004,468,7.800000,post_event,0.338959,0.335887,0.586938
d004,480,8.000000,post_event,0.154410,0.040524,0.169250
d004,492,8.200000,post_event,0.539391,0.675857,1.380062
d004,504,8.400000,post_event,0.213493,0.480494,1.198937
d004,516,8.600000,real_delivery,0.314582,0.204183,0.404375
d004,528,8.800000,real_delivery,0.350008,0.439264,1.129312
d004,540,9.000000,real_delivery,0.338535,0.277218,0.714625
d004,552,9.200000,real_delivery,0.154289,0.130292,0.514875
d004,564,9.400000,real_delivery,0.356122,0.488861,0.888188
d004,576,9.600000,real_delivery,0.276409,0.121069,0.582125
d004,588,9.800000,real_delivery,0.237672,0.143750,0.508500
d004,600,10.000000,real_delivery,0.285594,0.283669,0.655312
d004,612,10.200000,real_delivery,0.487160,0.444304,1.884875
d004,624,10.400000,real_delivery,0.307409,0.155292,1.364250
d004,636,10.600000,real_delivery,0.296227,0.214113,1.895625
d004,648,10.800000,real_delivery,0.318762,0.460635,2.397187
d004,660,11.000000,real_delivery,0.416516,0.135232,3.021375
d004,672,11.200000,real_delivery,0.211773,0.096371,2.527938
d004,684,11.400000,real_delivery,0.683942,1.075252,9.826688
d004,696,11.600000,post_event,0.922561,0.826714,10.272500
d004,708,11.800000,post_event,0.019138,0.016179,0.089313
d004,720,12.000000,post_event,0.673401,0.343397,4.714500
d004,732,12.200000,post_event,0.428745,0.118498,1.267625
d004,744,12.400000,post_event,0.472963,0.148185,0.901062
d004,756,12.600000,post_event,1.046222,2.120060,8.325688
d004,768,12.800000,post_event,1.726672,11.336643,30.939750
d004,780,13.000000,post_event,1.115455,4.167792,28.279563
d004,792,13.200000,post_event,1.384655,3.212298,19.879062
d004,804,13.400000,post_event,5.048921,1.083669,5.370813
d004,816,13.600000,post_event,2.764115,0.808518,1.342750
d004,828,13.800000,post_event,5.485098,0.053478,0.282813
d004,840,14.000000,post_event,2.967205,0.023538,0.258625
d004,852,14.200000,noise,3.013035,0.032510,0.442688
d004,864,14.400000,noise,0.005819,0.009677,0.053125
d004,876,14.600000,noise,3.321250,0.040827,0.183688
d004,888,14.800000,noise,5.594864,0.019758,0.291687
d004,900,15.000000,noise,3.067946,0.017792,0.372375
d004,912,15.200000,noise,5.697001,0.021724,0.122375
d004,924,15.400000,noise,5.974499,0.015373,0.080187
d004,936,15.600000,noise,3.293285,0.020514,0.255625
d004,948,15.800000,noise,6.039895,0.014466,0.147500
d004,960,16.000000,noise,5.897070,0.016784,0.161250
d004,972,16.200000,noise,6.187164,0.030595,0.147125
d004,984,16.400000,noise,2.957735,0.014012,0.203187
d004,996,16.600000,noise,2.817963,0.528730,1.796750
d004,1008,16.800000,noise,5.784614,0.529083,1.947313
d004,1020,17.000000,noise,2.900245,0.078831,0.311500
d004,1032,17.200000,noise,0.006560,0.010685,0.038500
d004,1044,17.400000,noise,2.826164,0.065222,0.319688
d004,1056,17.600000,noise,5.979240,0.026915,0.114500
d004,1068,17.800000,noise,3.253182,0.026411,0.183250
d004,1080,18.000000,noise,5.725918,0.022278,0.082250
d004,1092,18.200000,noise,5.646252,0.007611,0.146500
d004,1104,18.400000,noise,2.734248,0.011190,0.148750
d004,1116,18.600000,noise,6.055140,0.005998,0.224500
d004,1128,18.800000,noise,5.944207,0.010534,0.083187
d004,1140,19.000000,noise,2.680511,0.004032,0.190125
d004,1152,19.200000,noise,0.009602,0.005192,0.036562
d004,1164,19.400000,noise,2.492782,0.008972,0.123063
d004,1176,19.600000,noise,5.870803,0.000000,0.055000
d004,1188,19.800000,noise,2.117015,0.547177,1.707688
d005,12,0.200000,noise,0.168828,0.133367,0.161688
d005,24,0.400000,noise,0.258846,0.042389,0.131312
d005,36,0.600000,noise,0.235952,0.090726,0.245688
d005,48,0.800000,noise,0.379391,0.068347,0.215938
d005,60,1.000000,noise,0.186424,0.080091,0.165437
d005,72,1.200000,noise,0.306853,0.061895,0.158500
d005,84,1.400000,noise,0.330672,0.081502,0.246250
d005,96,1.600000,noise,0.703512,0.067187,0.503875
d005,108,1.800000,noise,0.948724,0.111946,0.495688
d005,120,2.000000,noise,0.533031,0.060635,0.455250
d005,132,2.200000,noise,1.534626,0.098286,0.719750
d005,144,2.400000,noise,0.910929,0.080847,0.444625
d005,156,2.600000,noise,1.312616,0.081905,1.126937
d005,168,2.800000,noise,0.636184,0.038659,0.916000
d005,180,3.000000,noise,0.715110,0.213710,0.999125
d005,192,3.200000,noise,0.222253,0.078982,0.251812
d005,204,3.400000,noise,1.127138,0.357661,1.387063
d005,216,3.600000,noise,0.359800,0.183367,0.749625
d005,228,3.800000,noise,0.353263,0.103931,0.254625
d005,240,4.000000,noise,0.387515,0.273085,1.251375
d005,252,4.200000,noise,0.237523,0.473337,1.760750
d005,264,4.400000,noise,0.290306,0.045615,0.095750
d005,276,4.600000,noise,0.286831,0.048085,0.225938
d005,288,4.800000,noise,0.121578,0.050000,0.260062
d005,300,5.000000,noise,0.342820,0.076058,0.497625
d005,312,5.200000,noise,2.248293,3.652571,1.903563
d005,324,5.400000,noise,1.194856,0.033569,0.344687
d005,336,5.600000,noise,1.669700,0.048740,0.495812
d005,348,5.800000,noise,1.306146,0.020212,0.205063
d005,360,6.000000,post_event,1.314921,0.037500,0.308000
d005,372,6.200000,post_event,1.771789,0.076411,0.838187
d005,384,6.400000,post_event,1.375062,0.057611,0.408625
d005,396,6.600000,post_event,1.280297,0.019304,0.293000
d005,408,6.800000,post_event,1.356265,0.047883,0.330625
d005,420,7.000000,post_event,1.706131,0.035081,0.441812
d005,432,7.200000,post_event,0.019547,0.031250,0.151500
d005,444,7.400000,post_event,2.080637,0.065927,0.820688
d005,456,7.600000,post_event,1.696684,0.055696,0.700063
d005,468,7.800000,post_event,0.024432,0.057813,0.068750
d005,480,8.000000,post_event,1.723989,0.060685,0.373937
d005,492,8.200000,post_event,1.318825,0.034778,0.451875
d005,504,8.400000,post_event,1.436213,0.536895,1.722500
d005,516,8.600000,real_delivery,1.238873,0.050252,0.239437
d005,528,8.800000,real_delivery,1.540490,0.038508,0.518437
d005,540,9.000000,real_delivery,1.161844,0.024849,0.646312
d005,552,9.200000,real_delivery,0.017070,0.006502,0.044812
d005,564,9.400000,real_delivery,1.112881,0.019909,0.267000
d005,576,9.600000,real_delivery,1.149920,0.080847,2.308312
d005,588,9.800000,real_delivery,1.927612,1.572530,15.428062
d005,600,10.000000,real_delivery,1.511051,1.605444,15.523250
d005,612,10.200000,real_delivery,2.354050,7.791179,24.491250
d005,624,10.400000,real_delivery,2.831611,14.057560,29.200625
d005,636,10.600000,real_delivery,0.020609,0.025403,0.068750
d005,648,10.800000,real_delivery,2.061692,8.118145,11.566313
d005,660,11.000000,real_delivery,1.289350,1.455494,4.271250
d005,672,11.200000,real_delivery,1.445680,1.308014,3.449813
d005,684,11.400000,real_delivery,1.691278,0.829536,1.850313
d005,696,11.600000,post_event,1.527253,0.705393,2.149375
d005,708,11.800000,post_event,1.292572,1.063659,4.192312
d005,720,12.000000,post_event,1.438829,0.670867,3.793375
d005,732,12.200000,post_event,1.615295,0.617389,3.455563
d005,744,12.400000,post_event,1.677257,0.778276,3.054625
d005,756,12.600000,post_event,1.937140,1.843145,6.595438
d005,768,12.800000,post_event,1.973593,1.773790,11.768062
d005,780,13.000000,post_event,1.396255,0.900907,9.714750
d005,792,13.200000,post_event,1.522987,1.177419,7.112063
d005,804,13.400000,post_event,1.419041,0.523639,2.745500
d005,816,13.600000,post_event,1.507021,0.482611,1.786063
d005,828,13.800000,post_event,1.645344,0.507056,1.720125
d005,840,14.000000,post_event,0.007063,0.001260,0.039563
d005,852,14.200000,noise,1.412216,0.524546,1.208562
d005,864,14.400000,noise,1.444672,0.439113,0.993938
d005,876,14.600000,noise,1.389761,0.356351,0.997687
d005,888,14.800000,noise,1.225599,0.370212,0.830313
d005,900,15.000000,noise,1.256751,0.367692,0.879625
d005,912,15.200000,noise,1.680381,0.478931,0.969500
d005,924,15.400000,noise,0.010619,0.017389,0.087000
d005,936,15.600000,noise,1.363241,0.554536,1.131938
d005,948,15.800000,noise,1.092349,0.506401,0.988313
d005,960,16.000000,noise,1.244013,0.781855,1.836062
d005,972,16.200000,noise,1.204417,0.538558,0.793687
d005,984,16.400000,noise,1.179754,0.485433,0.762750
d005,996,16.600000,noise,1.168244,0.683518,1.119750
d005,1008,16.800000,noise,1.623747,0.552621,1.140875
d005,1020,17.000000,noise,1.390886,0.626714,1.684313
d005,1032,17.200000,noise,1.005952,0.531552,1.176375
d005,1044,17.400000,noise,1.186610,0.543700,0.829063
d005,1056,17.600000,noise,1.164214,0.534526,0.784750
d005,1068,17.800000,noise,0.980423,0.471119,0.855125
d005,1080,18.000000,noise,1.065784,0.543448,1.005313
d005,1092,18.200000,noise,1.606622,0.527419,1.053250
d005,1104,18.400000,noise,1.316209,0.447329,0.742938
d005,1116,18.600000,noise,1.279669,0.513962,1.034000
d005,1128,18.800000,noise,1.401513,0.413306,0.775125
d005,1140,19.000000,noise,1.206592,0.429839,0.719437
d005,1152,19.200000,noise,1.060911,0.513155,0.875500
d005,1164,19.400000,noise,1.301382,0.653276,0.803312
d005,1176,19.600000,noise,1.610887,0.583165,0.839812
d005,1188,19.800000,noise,1.465338,0.428629,0.607500
d006,12,0.200000,noise,0.244777,0.013810,0.191688
d006,24,0.400000,noise,0.426122,0.022933,0.033563
d006,36,0.600000,noise,0.005060,0.001613,0.015312
d006,48,0.800000,noise,0.377491,0.001966,0.008250
d006,60,1.000000,noise,0.190755,0.007661,0.006562
d006,72,1.200000,noise,0.409534,0.004133,0.012125
d006,84,1.400000,noise,0.409096,0.000403,0.004562
d006,96,1.600000,noise,0.199881,0.000000,0.009625
d006,108,1.800000,noise,0.361852,0.000000,0.000000
d006,120,2.000000,noise,0.005592,0.000000,0.000000
d006,132,2.200000,noise,0.391108,0.000000,0.000000
d006,144,2.400000,noise,0.209039,0.000000,0.000000
d006,156,2.600000,noise,0.408944,0.000000,0.005063
d006,168,2.800000,noise,0.579020,0.168044,0.408562
d006,180,3.000000,noise,0.442601,0.047782,0.103500
d006,192,3.200000,noise,1.249137,0.024143,0.042313
d006,204,3.400000,noise,0.006069,0.002772,0.011125
d006,216,3.600000,noise,1.017537,0.008115,0.007375
d006,228,3.800000,noise,0.350545,0.003377,0.015750
d006,240,4.000000,noise,1.105035,0.018700,0.042438
d006,252,4.200000,noise,2.051814,0.542944,8.408625
d006,264,4.400000,noise,1.091053,0.004587,6.236875
d006,276,4.600000,noise,2.289746,0.014617,17.341125
d006,288,4.800000,noise,0.007512,0.012601,0.036000
d006,300,5.000000,noise,2.287419,0.067187,16.535563
d006,312,5.200000,noise,5.668647,8.550857,20.289750
d006,324,5.400000,noise,1.049568,0.846069,7.495125
d006,336,5.600000,noise,1.479112,1.087651,11.872687
d006,348,5.800000,noise,0.949891,0.983921,12.158875
d006,360,6.000000,post_event,0.006226,0.005292,0.030000
d006,372,6.200000,post_event,1.006741,0.932913,13.293563
d006,384,6.400000,post_event,0.630741,0.591482,7.577875
d006,396,6.600000,post_event,0.654771,0.547782,9.413375
d006,408,6.800000,post_event,0.455736,0.491280,7.416250
d006,420,7.000000,post_event,0.260734,0.257409,1.491625
d006,432,7.200000,post_event,0.468527,0.414567,0.524375
d006,444,7.400000,post_event,0.004526,0.013155,0.040000
d006,456,7.600000,post_event,0.576129,0.342843,0.308437
d006,468,7.800000,post_event,0.338768,0.280948,0.190562
d006,480,8.000000,post_event,0.588478,0.414667,0.232000
d006,492,8.200000,post_event,0.595002,0.455292,0.252812
d006,504,8.400000,post_event,0.417594,0.818901,1.757187
d006,516,8.600000,real_delivery,0.377615,0.228881,0.164313
d006,528,8.800000,real_delivery,0.398752,0.317792,0.162938
d006,540,9.000000,real_delivery,0.823691,0.765121,1.286437
d006,552,9.200000,real_delivery,0.773200,0.605494,0.310250
d006,564,9.400000,real_delivery,0.377971,0.310887,0.207813
d006,576,9.600000,real_delivery,0.687238,0.544456,0.289625
d006,588,9.800000,real_delivery,0.357114,0.327722,0.194875
d006,600,10.000000,real_delivery,0.761834,0.809022,0.328500
d006,612,10.200000,real_delivery,0.003797,0.003579,0.012688
d006,624,10.400000,real_delivery,0.865921,0.600353,0.283313
d006,636,10.600000,real_delivery,1.134145,0.892389,0.364875
d006,648,10.800000,real_delivery,0.012024,0.043448,0.022000
d006,660,11.000000,real_delivery,0.753563,0.743498,0.367563
d006,672,11.200000,real_delivery,0.492958,0.626966,0.282813
d006,684,11.400000,real_delivery,0.478611,0.621472,0.248062
d006,696,11.600000,post_event,0.446782,0.487349,0.239000
d006,708,11.800000,post_event,1.341874,1.121673,0.431375
d006,720,12.000000,post_event,1.132906,0.994456,0.347187
d006,732,12.200000,post_event,0.010060,0.026310,0.041750
d006,744,12.400000,post_event,1.020499,0.968901,0.345375
d006,756,12.600000,post_event,0.607332,1.036089,1.750438
d006,768,12.800000,post_event,0.918976,1.041280,0.317188
d006,780,13.000000,post_event,0.988817,1.025706,0.297938
d006,792,13.200000,post_event,0.570557,0.797177,0.232750
d006,804,13.400000,post_event,0.993737,1.032006,0.316437
d006,816,13.600000,post_event,0.007434,0.013458,0.031000
d006,828,13.800000,post_event,0.923226,1.013206,0.356625
d006,840,14.000000,post_event,0.496457,0.798236,0.307312
d006,852,14.200000,noise,0.959301,0.996371,0.290312
d006,864,14.400000,noise,2.157520,0.725504,0.509875
d006,876,14.600000,noise,1.914529,0.991280,0.539687
d006,888,14.800000,noise,0.005646,0.015323,0.029562
d006,900,15.000000,noise,0.902788,1.031149,1.084812
d006,912,15.200000,noise,1.250112,0.927974,0.357187
d006,924,15.400000,noise,0.015240,0.042540,0.080812
d006,936,15.600000,noise,0.776207,0.743649,0.326188
d006,948,15.800000,noise,0.414832,0.602218,0.294187
d006,960,16.000000,noise,0.412705,0.626159,0.244938
d006,972,16.200000,noise,1.099903,0.911946,0.351125
d006,984,16.400000,noise,0.390132,0.577419,0.191688
d006,996,16.600000,noise,0.723167,0.755141,0.328250
d006,1008,16.800000,noise,0.081863,0.648690,1.659687
d006,1020,17.000000,noise,0.700251,0.624446,0.247875
d006,1032,17.200000,noise,1.067681,0.768397,0.385875
d006,1044,17.400000,noise,0.009040,0.036492,0.021000
d006,1056,17.600000,noise,0.765329,0.716935,0.209937
d006,1068,17.800000,noise,0.400195,0.547984,0.200937
d006,1080,18.000000,noise,0.702046,0.767087,0.309063
d006,1092,18.200000,noise,0.006351,0.006452,0.021625
d006,1104,18.400000,noise,0.698878,0.785685,0.248688
d006,1116,18.600000,noise,0.700148,0.772631,0.270813
d006,1128,18.800000,noise,0.402043,0.677167,0.207063
d006,1140,19.000000,noise,0.760765,0.895413,0.268437
d006,1152,19.200000,noise,0.430874,0.675907,0.181562
d006,1164,19.400000,noise,0.719976,0.886492,0.294312
d006,1176,19.600000,noise,0.006351,0.004486,0.021438
d006,1188,19.800000,noise,0.968850,0.875403,0.288313
d007,12,0.200000,noise,1.289249,1.195262,2.197563
d007,24,0.400000,noise,2.726296,1.808367,3.535750
d007,36,0.600000,noise,3.052598,1.921875,3.745000
d007,48,0.800000,noise,1.796456,1.384778,2.924437
d007,60,1.000000,noise,1.619488,1.402067,2.841563
d007,72,1.200000,noise,1.541959,1.367188,2.784937
d007,84,1.400000,noise,2.793641,1.936895,3.976688
d007,96,1.600000,noise,1.517752,1.354738,2.961063
d007,108,1.800000,noise,1.585857,1.376966,3.160375
d007,120,2.000000,noise,4.054340,2.406754,6.304312
d007,132,2.200000,noise,4.560939,2.207913,7.449187
d007,144,2.400000,noise,5.075110,2.659425,10.473688
d007,156,2.600000,noise,2.713889,1.764113,6.615000
d007,168,2.800000,noise,1.477971,1.168649,4.251375
d007,180,3.000000,noise,2.159277,1.629990,5.326562
d007,192,3.200000,noise,1.970257,1.557409,5.227812
d007,204,3.400000,noise,1.194017,1.116986,3.743500
d007,216,3.600000,noise,1.838140,2.974798,9.687125
d007,228,3.800000,noise,3.248419,6.537046,18.362125
d007,240,4.000000,noise,4.793229,4.691633,14.684625
d007,252,4.200000,noise,6.062965,4.206905,22.457937
d007,264,4.400000,noise,0.011941,0.014768,0.086750
d007,276,4.600000,noise,5.618034,9.458014,21.314250
d007,288,4.800000,noise,3.350775,8.856502,16.521062
d007,300,5.000000,noise,4.767692,5.177974,15.366563
d007,312,5.200000,noise,6.274711,7.373790,17.623188
d007,324,5.400000,noise,7.486642,7.206200,37.273812
d007,336,5.600000,noise,7.689671,24.155292,50.146250
d007,348,5.800000,noise,0.004017,0.006603,0.009000
d007,360,6.000000,post_event,6.548817,43.327268,64.656375
d007,372,6.200000,post_event,3.198770,0.424748,0.410187
d007,384,6.400000,post_event,1.414983,0.320817,0.340875
d007,396,6.600000,post_event,1.409397,0.325655,0.631687
d007,408,6.800000,post_event,0.640237,0.171573,0.398562
d007,420,7.000000,post_event,1.631327,0.254385,0.599437
d007,432,7.200000,post_event,0.006115,0.023438,0.042313
d007,444,7.400000,post_event,0.797728,0.223488,0.500000
d007,456,7.600000,post_event,1.072558,0.334677,0.619125
d007,468,7.800000,post_event,0.316136,0.151512,0.360375
d007,480,8.000000,post_event,1.663077,0.348438,0.668687
d007,492,8.200000,post_event,1.342595,0.217540,0.339500
d007,504,8.400000,post_event,1.606901,0.218800,0.356812
d007,516,8.600000,real_delivery,2.029881,0.163558,0.374625
d007,528,8.800000,real_delivery,2.690993,0.448437,0.854000
d007,540,9.000000,real_delivery,1.948643,0.504385,0.702000
d007,552,9.200000,real_delivery,0.003984,0.013760,0.051250
d007,564,9.400000,real_delivery,2.676951,0.724647,0.741750
d007,576,9.600000,real_delivery,2.087932,0.526210,0.495875
d007,588,9.800000,real_delivery,1.971748,0.979083,0.864750
d007,600,10.000000,real_delivery,2.094997,0.879738,0.590313
d007,612,10.200000,real_delivery,1.520986,0.549647,1.591938
d007,624,10.400000,real_delivery,1.229748,0.278931,0.481250
d007,636,10.600000,real_delivery,0.004983,0.010131,0.034250
d007,648,10.800000,real_delivery,1.255391,0.499446,1.273250
d007,660,11.000000,real_delivery,1.622474,0.447933,0.662625
d007,672,11.200000,real_delivery,0.009106,0.026915,0.049625
d007,684,11.400000,real_delivery,2.807338,0.399395,0.678063
d007,696,11.600000,post_event,0.952762,0.181956,0.309625
d007,708,11.800000,post_event,1.618978,0.421623,0.662687
d007,720,12.000000,post_event,0.003190,0.008317,0.005875
d007,732,12.200000,post_event,3.979654,6.982964,3.427625
d007,744,12.400000,post_event,1.810480,1.060383,0.266500
d007,756,12.600000,post_event,0.012251,0.030897,0.026437
d007,768,12.800000,post_event,1.799854,1.094506,0.443875
d007,780,13.000000,post_event,0.964316,0.707762,0.236000
d007,792,13.200000,post_event,1.037244,0.700907,0.409313
d007,804,13.400000,post_event,2.629258,1.740827,0.649563
d007,816,13.600000,post_event,1.066590,0.883921,0.316500
d007,828,13.800000,post_event,1.997445,1.566683,0.354187
d007,840,14.000000,post_event,0.010017,0.030242,0.087188
d007,852,14.200000,noise,2.775848,2.171371,0.469375
d007,864,14.400000,noise,1.086750,1.330595,0.291000
d007,876,14.600000,noise,1.121537,1.289970,0.323688
d007,888,14.800000,noise,2.061313,2.006552,0.404500
d007,900,15.000000,noise,1.193826,1.650706,0.369875
d007,912,15.200000,noise,2.078731,2.052016,0.366125
d007,924,15.400000,noise,2.095525,2.009073,0.387125
d007,936,15.600000,noise,1.292192,1.572077,0.258500
d007,948,15.800000,noise,2.219584,1.796673,0.410625
d007,960,16.000000,noise,3.698822,2.843145,1.639687
d007,972,16.200000,noise,3.318866,2.134879,3.585938
d007,984,16.400000,noise,2.520728,1.253327,1.494687
d007,996,16.600000,noise,2.522698,1.029385,2.149125
d007,1008,16.800000,noise,1.460710,0.727369,1.331375
d007,1020,17.000000,noise,2.652532,0.755998,2.214187
d007,1032,17.200000,noise,0.008440,0.022429,0.016563
d007,1044,17.400000,noise,2.572516,0.649294,3.100375
d007,1056,17.600000,noise,3.555588,0.373387,3.495062
d007,1068,17.800000,noise,0.013198,0.043901,0.083000
d007,1080,18.000000,noise,2.534184,0.062702,0.808813
d007,1092,18.200000,noise,1.350300,0.039315,0.276938
d007,1104,18.400000,noise,2.537041,0.017742,0.370000
d007,1116,18.600000,noise,2.553973,0.044556,0.310750
d007,1128,18.800000,noise,1.372857,0.007107,0.161188
d007,1140,19.000000,noise,1.343310,0.052117,0.202000
d007,1152,19.200000,noise,1.310401,0.010081,0.210437
d007,1164,19.400000,noise,2.539620,0.027722,0.310750
d007,1176,19.600000,noise,2.544151,0.009677,0.278625
d007,1188,19.800000,noise,1.408298,0.001411,0.071375
d008,12,0.200000,noise,0.366134,1.018347,1.472687
d008,24,0.400000,noise,1.459971,2.337500,3.503875
d008,36,0.600000,noise,0.009348,0.046018,0.045562
d008,48,0.800000,noise,0.267295,0.670665,0.948438
d008,60,1.000000,noise,0.432853,0.985484,1.594188
d008,72,1.200000,noise,0.010523,0.014516,0.069312
d008,84,1.400000,noise,1.152461,1.845010,3.311750
d008,96,1.600000,noise,1.127616,1.832409,3.250437
d008,108,1.800000,noise,0.725823,1.655494,2.242250
d008,120,2.000000,noise,0.007998,0.016482,0.033875
d008,132,2.200000,noise,0.502771,1.536190,1.432687
d008,144,2.400000,noise,0.384902,0.888810,0.676875
d008,156,2.600000,noise,0.010446,0.053831,0.048563
d008,168,2.800000,noise,0.950891,1.881905,2.314812
d008,180,3.000000,noise,0.833523,1.862601,1.853563
d008,192,3.200000,noise,0.892517,2.546623,1.992312
d008,204,3.400000,noise,0.003422,0.002117,0.026375
d008,216,3.600000,noise,1.971967,3.087298,3.335250
d008,228,3.800000,noise,1.847120,3.131250,3.275750
d008,240,4.000000,noise,0.011978,0.048538,0.080437
d008,252,4.200000,noise,1.672689,2.788609,4.118375
d008,264,4.400000,noise,1.043101,1.669355,2.290875
d008,276,4.600000,noise,1.403377,1.868246,2.173125
d008,288,4.800000,noise,0.005249,0.017389,0.035750
d008,300,5.000000,noise,1.260207,2.332409,0.978187
d008,312,5.200000,noise,1.301200,2.215474,2.269375
d008,324,5.400000,noise,0.005248,0.018649,0.037812
d008,336,5.600000,noise,3.301545,3.675806,4.917000
d008,348,5.800000,noise,1.319388,2.057762,3.284312
d008,360,6.000000,post_event,2.777467,3.945464,5.555625
d008,372,6.200000,post_event,1.680579,2.673135,3.627187
d008,384,6.400000,post_event,0.568426,1.078831,1.485750
d008,396,6.600000,post_event,0.411543,0.920867,1.239188
d008,408,6.800000,post_event,0.446167,0.857157,1.217812
d008,420,7.000000,post_event,0.948169,2.052671,2.698562
d008,432,7.200000,post_event,0.377282,0.928377,0.956000
d008,444,7.400000,post_event,0.751350,1.950706,1.675000
d008,456,7.600000,post_event,1.356624,2.848286,3.591687
d008,468,7.800000,post_event,0.492815,1.010030,1.355438
d008,480,8.000000,post_event,2.071941,3.217087,4.612687
d008,492,8.200000,post_event,0.007899,0.021018,0.024625
d008,504,8.400000,post_event,1.091863,2.458317,3.972750
d008,516,8.600000,real_delivery,0.974955,2.073286,3.177125
d008,528,8.800000,real_delivery,0.290547,0.998942,1.154062
d008,540,9.000000,real_delivery,0.730025,1.330040,1.232125
d008,552,9.200000,real_delivery,0.492104,1.161996,1.780000
d008,564,9.400000,real_delivery,1.488344,3.288810,4.458687
d008,576,9.600000,real_delivery,0.005484,0.015776,0.026812
d008,588,9.800000,real_delivery,1.387832,3.442288,3.380125
d008,600,10.000000,real_delivery,0.817522,1.859728,2.298125
d008,612,10.200000,real_delivery,1.922963,3.681099,4.730625
d008,624,10.400000,real_delivery,1.000178,2.534425,3.033750
d008,636,10.600000,real_delivery,1.120082,2.222883,3.499250
d008,648,10.800000,real_delivery,0.917140,2.431401,2.810938
d008,660,11.000000,real_delivery,0.004274,0.004839,0.031438
d008,672,11.200000,real_delivery,1.161885,2.529788,3.153437
d008,684,11.400000,real_delivery,0.583725,2.034778,1.791562
d008,696,11.600000,post_event,0.700458,3.177218,2.059687
d008,708,11.800000,post_event,0.800422,3.131048,2.272000
d008,720,12.000000,post_event,0.574965,1.762500,1.679563
d008,732,12.200000,post_event,1.029953,2.082560,2.574625
d008,744,12.400000,post_event,0.781747,2.063962,2.804187
d008,756,12.600000,post_event,1.301955,2.926058,3.834875
d008,768,12.800000,post_event,0.671245,1.933014,1.464125
d008,780,13.000000,post_event,0.009438,0.029889,0.053625
d008,792,13.200000,post_event,0.834280,1.786038,1.943938
d008,804,13.400000,post_event,0.974883,1.748286,2.692625
d008,816,13.600000,post_event,1.625662,2.734022,3.811375
d008,828,13.800000,post_event,0.006996,0.036794,0.033750
d008,840,14.000000,post_event,1.904035,3.084022,4.547375
d008,852,14.200000,noise,1.244073,2.154083,3.608938
d008,864,14.400000,noise,0.011998,0.046169,0.069750
d008,876,14.600000,noise,0.567027,1.143750,1.751062
d008,888,14.800000,noise,1.225328,1.917389,3.258563
d008,900,15.000000,noise,1.232452,1.931956,3.325938
d008,912,15.200000,noise,0.008151,0.044103,0.058375
d008,924,15.400000,noise,1.776301,3.165323,4.342250
d008,936,15.600000,noise,0.676170,1.539970,1.941875
d008,948,15.800000,noise,0.965205,1.923286,2.610438
d008,960,16.000000,noise,0.724546,1.772228,1.424063
d008,972,16.200000,noise,0.716414,1.688306,1.868375
d008,984,16.400000,noise,1.251097,2.583468,3.123187
d008,996,16.600000,noise,1.069945,4.044758,3.405250
d008,1008,16.800000,noise,1.226934,2.647077,3.458563
d008,1020,17.000000,noise,1.136260,3.704183,3.441312
d008,1032,17.200000,noise,0.011103,0.031956,0.036687
d008,1044,17.400000,noise,1.320508,5.020867,6.375312
d008,1056,17.600000,noise,1.505045,3.012298,4.552562
d008,1068,17.800000,noise,1.662241,3.641583,7.618437
d008,1080,18.000000,noise,2.285728,3.363810,4.953125
d008,1092,18.200000,noise,1.165863,1.683518,2.323313
d008,1104,18.400000,noise,1.172276,1.510685,1.827500
d008,1116,18.600000,noise,0.909412,1.414970,1.886375
d008,1128,18.800000,noise,1.773369,2.750857,4.014062
d008,1140,19.000000,noise,0.759982,0.996573,1.220500
d008,1152,19.200000,noise,1.070142,1.597127,2.271063
d008,1164,19.400000,noise,2.797489,3.201915,4.838188
d008,1176,19.600000,noise,1.085384,1.089415,1.324250
d008,1188,19.800000,noise,1.630015,2.170161,3.315562
d009,12,0.200000,noise,2.104942,1.195312,0.768250
d009,24,0.400000,noise,1.448624,0.828982,0.498563
d009,36,0.600000,noise,2.923465,2.724748,1.677312
d009,48,0.800000,noise,0.604859,0.245817,0.533625
d009,60,1.000000,noise,0.348262,0.220817,0.389437
d009,72,1.200000,noise,0.606068,0.308468,0.621125
d009,84,1.400000,noise,0.008361,0.025454,0.037937
d009,96,1.600000,noise,0.658249,0.325655,0.545250
d009,108,1.800000,noise,0.768630,0.490625,0.933813
d009,120,2.000000,noise,0.014080,0.046018,0.068625
d009,132,2.200000,noise,0.538833,0.245867,0.541813
d009,144,2.400000,noise,0.257256,0.162046,0.190875
d009,156,2.600000,noise,0.539581,0.266230,0.647563
d009,168,2.800000,noise,0.008892,0.023942,0.042563
d009,180,3.000000,noise,0.811478,0.343145,0.678937
d009,192,3.200000,noise,0.605333,0.249597,0.529750
d009,204,3.400000,noise,0.016541,0.064970,0.069750
d009,216,3.600000,noise,0.588136,0.322228,1.138875
d009,228,3.800000,noise,0.241390,0.110030,0.295438
d009,240,4.000000,noise,0.472190,0.191583,0.520188
d009,252,4.200000,noise,0.492138,0.542944,1.689125
d009,264,4.400000,noise,0.254631,0.106452,0.277250
d009,276,4.600000,noise,0.444506,0.212248,0.500500
d009,288,4.800000,noise,0.012380,0.018397,0.007938
d009,300,5.000000,noise,0.695115,0.218599,0.450375
d009,312,5.200000,noise,0.330578,0.175101,0.390688
d009,324,5.400000,noise,0.483319,0.162954,0.332000
d009,336,5.600000,noise,0.540065,0.241734,0.485438
d009,348,5.800000,noise,0.389314,0.190423,0.264937
d009,360,6.000000,post_event,0.777074,0.367641,0.519062
d009,372,6.200000,post_event,0.020149,0.062198,0.156625
d009,384,6.400000,post_event,0.564828,0.286542,0.464313
d009,396,6.600000,post_event,0.983645,0.437298,0.609125
d009,408,6.800000,post_event,0.016215,0.040323,0.031938
d009,420,7.000000,post_event,0.632165,0.354385,0.475250
d009,432,7.200000,post_event,0.350266,0.199143,0.266562
d009,444,7.400000,post_event,0.300933,0.232762,0.309000
d009,456,7.600000,post_event,0.271260,0.219204,0.399813
d009,468,7.800000,post_event,0.876825,0.360837,0.559063
d009,480,8.000000,post_event,1.223992,0.441431,0.563688
d009,492,8.200000,post_event,0.010508,0.015222,0.048813
d009,504,8.400000,post_event,1.280562,0.793246,1.658438
d009,516,8.600000,real_delivery,0.790514,0.305393,0.230813
d009,528,8.800000,real_delivery,1.709032,0.658921,0.516750
d009,540,9.000000,real_delivery,1.227702,0.467893,0.494188
d009,552,9.200000,real_delivery,0.413821,0.221069,0.217625
d009,564,9.400000,real_delivery,0.548903,0.317288,0.491563
d009,576,9.600000,real_delivery,0.012864,0.021925,0.028688
d009,588,9.800000,real_delivery,1.216062,0.470010,0.497250
d009,600,10.000000,real_delivery,0.457923,0.257208,0.296938
d009,612,10.200000,real_delivery,0.557733,0.378377,0.517188
d009,624,10.400000,real_delivery,0.358734,0.174546,0.950125
d009,636,10.600000,real_delivery,0.280311,0.156704,0.282125
d009,648,10.800000,real_delivery,0.522121,0.207308,0.393062
d009,660,11.000000,real_delivery,0.008385,0.022833,0.035000
d009,672,11.200000,real_delivery,0.671525,0.221321,0.370812
d009,684,11.400000,real_delivery,0.615183,0.216129,0.400562
d009,696,11.600000,post_event,0.337137,0.107611,0.256563
d009,708,11.800000,post_event,0.474815,0.234929,0.360000
d009,720,12.000000,post_event,0.214913,0.105091,0.168063
d009,732,12.200000,post_event,0.536067,0.359224,0.381937
d009,744,12.400000,post_event,0.009611,0.040071,0.040063
d009,756,12.600000,post_event,0.985562,0.944960,1.685000
d009,768,12.800000,post_event,1.011826,0.742188,0.467125
d009,780,13.000000,post_event,0.007361,0.007913,0.031750
d009,792,13.200000,post_event,1.384026,0.576613,0.555937
d009,804,13.400000,post_event,1.440001,0.162198,0.206187
d009,816,13.600000,post_event,1.457709,0.172127,0.377375
d009,828,13.800000,post_event,1.799471,0.293397,0.329688
d009,840,14.000000,post_event,1.200810,0.198841,0.222562
d009,852,14.200000,noise,1.217542,0.229687,0.339375
d009,864,14.400000,noise,1.408538,0.165675,0.246562
d009,876,14.600000,noise,1.287740,0.321321,0.401438
d009,888,14.800000,noise,0.522282,0.114516,0.257625
d009,900,15.000000,noise,0.936271,0.156804,0.301312
d009,912,15.200000,noise,2.363522,0.471623,0.848437
d009,924,15.400000,noise,1.069457,0.397782,0.376000
d009,936,15.600000,noise,0.778876,0.412349,0.401438
d009,948,15.800000,noise,1.581313,0.744456,0.526875
d009,960,16.000000,noise,1.208570,0.563710,0.373188
d009,972,16.200000,noise,1.130713,0.542692,0.375750
d009,984,16.400000,noise,0.962958,0.620514,0.399750
d009,996,16.600000,noise,2.817230,0.950958,0.701187
d009,1008,16.800000,noise,1.114360,0.837802,1.482000
d009,1020,17.000000,noise,1.280703,0.596421,0.203500
d009,1032,17.200000,noise,2.471522,0.744204,0.982187
d009,1044,17.400000,noise,1.057348,0.408569,0.270875
d009,1056,17.600000,noise,0.914652,0.666784,0.291563
d009,1068,17.800000,noise,1.666832,1.339567,0.748563
d009,1080,18.000000,noise,0.697563,0.353075,0.335500
d009,1092,18.200000,noise,0.667898,0.298387,0.357125
d009,1104,18.400000,noise,0.883636,0.331804,0.430500
d009,1116,18.600000,noise,1.702379,0.540171,0.602625
d009,1128,18.800000,noise,1.048945,0.314970,0.632125
d009,1140,19.000000,noise,0.919979,0.280847,0.418250
d009,1152,19.200000,noise,1.924156,0.558014,0.705375
d009,1164,19.400000,noise,1.345689,0.382006,0.540000
d009,1176,19.600000,noise,1.252743,0.333065,0.400813
d009,1188,19.800000,noise,1.240926,0.268498,0.502375
d010,12,0.200000,noise,3.546304,6.165575,4.260187
d010,24,0.400000,noise,1.555097,3.576058,2.154437
d010,36,0.600000,noise,1.439350,4.207762,2.641625
d010,48,0.800000,noise,1.368749,4.791986,2.684063
d010,60,1.000000,noise,2.621695,10.846119,5.738688
d010,72,1.200000,noise,1.577828,6.141381,3.021375
d010,84,1.400000,noise,1.658219,5.470212,3.089938
d010,96,1.600000,noise,2.472030,6.339516,2.814375
d010,108,1.800000,noise,1.383553,3.206048,1.502687
d010,120,2.000000,noise,5.538378,9.888760,4.307062
d010,132,2.200000,noise,3.643415,6.122127,2.873937
d010,144,2.400000,noise,1.782245,3.396069,1.333125
d010,156,2.600000,noise,1.280903,2.819204,1.107438
d010,168,2.800000,noise,3.391313,4.159929,3.381312
d010,180,3.000000,noise,1.243858,1.804587,2.573187
d010,192,3.200000,noise,1.636097,3.316331,3.193625
d010,204,3.400000,noise,2.079989,5.264415,3.883250
d010,216,3.600000,noise,1.632086,3.300454,3.820187
d010,228,3.800000,noise,1.566744,4.632863,6.854063
d010,240,4.000000,noise,1.510558,4.973286,6.159813
d010,252,4.200000,noise,1.236563,3.733266,5.098125
d010,264,4.400000,noise,1.193166,4.046371,3.143063
d010,276,4.600000,noise,2.872433,7.124647,3.973125
d010,288,4.800000,noise,1.583688,3.358518,2.293750
d010,300,5.000000,noise,1.392656,1.977873,1.411875
d010,312,5.200000,noise,1.318854,2.683619,0.923188
d010,324,5.400000,noise,2.681971,5.881502,3.312250
d010,336,5.600000,noise,1.483337,4.354637,2.439875
d010,348,5.800000,noise,1.660178,4.182863,2.848375
d010,360,6.000000,post_event,4.202761,9.331250,7.529937
d010,372,6.200000,post_event,1.849009,4.467087,1.680937
d010,384,6.400000,post_event,1.912399,4.826764,1.606562
d010,396,6.600000,post_event,1.339615,4.503629,1.171875
d010,408,6.800000,post_event,2.140053,5.267944,2.503125
d010,420,7.000000,post_event,1.106301,2.549345,1.366125
d010,432,7.200000,post_event,2.127560,4.646220,2.473875
d010,444,7.400000,post_event,1.829946,4.819052,2.697687
d010,456,7.600000,post_event,1.090395,3.894254,2.175875
d010,468,7.800000,post_event,1.234714,4.288962,2.700312
d010,480,8.000000,post_event,1.356745,4.805192,3.001562
d010,492,8.200000,post_event,3.296227,9.504234,5.941375
d010,504,8.400000,post_event,4.070423,9.276865,8.948625
d010,516,8.600000,real_delivery,2.627630,5.786845,4.739187
d010,528,8.800000,real_delivery,4.820393,6.405141,5.586437
d010,540,9.000000,real_delivery,3.138620,3.984778,5.505937
d010,552,9.200000,real_delivery,3.222691,4.913206,5.943562
d010,564,9.400000,real_delivery,3.185719,6.545262,4.796062
d010,576,9.600000,real_delivery,4.663762,7.092490,3.281250
d010,588,9.800000,real_delivery,4.434017,7.445161,5.466062
d010,600,10.000000,real_delivery,2.972767,6.276512,4.133875
d010,612,10.200000,real_delivery,5.553393,7.303931,6.004125
d010,624,10.400000,real_delivery,3.021070,5.373992,4.728063
d010,636,10.600000,real_delivery,2.965355,5.569808,4.649625
d010,648,10.800000,real_delivery,2.775079,4.577621,3.917500
d010,660,11.000000,real_delivery,7.192411,8.346270,6.027188
d010,672,11.200000,real_delivery,2.427894,4.605544,2.879875
d010,684,11.400000,real_delivery,2.100902,3.535938,1.990938
d010,696,11.600000,post_event,3.684402,4.714365,3.324313
d010,708,11.800000,post_event,2.124792,2.736694,1.857500
d010,720,12.000000,post_event,1.770012,2.509778,1.586750
d010,732,12.200000,post_event,1.568578,2.672530,1.347375
d010,744,12.400000,post_event,4.864269,8.467944,3.568125
d010,756,12.600000,post_event,1.346518,3.851260,1.831375
d010,768,12.800000,post_event,1.071757,3.094103,1.278938
d010,780,13.000000,post_event,1.660174,4.169708,1.652313
d010,792,13.200000,post_event,0.866929,2.622228,1.020375
d010,804,13.400000,post_event,1.202309,2.719506,1.574500
d010,816,13.600000,post_event,1.586847,2.140323,1.581500
d010,828,13.800000,post_event,5.141324,7.536038,6.781625
d010,840,14.000000,post_event,2.513994,3.805897,3.155125
d010,852,14.200000,noise,2.279365,3.892339,3.153688
d010,864,14.400000,noise,2.753392,5.587298,4.393000
d010,876,14.600000,noise,2.548894,4.486290,2.748187
d010,888,14.800000,noise,2.696817,4.510030,2.757812
d010,900,15.000000,noise,4.506721,6.950655,5.243250
d010,912,15.200000,noise,1.848713,3.456401,2.115937
d010,924,15.400000,noise,2.051142,2.818095,2.260500
d010,936,15.600000,noise,2.429019,4.044859,2.550687
d010,948,15.800000,noise,5.662697,8.084627,4.538750
d010,960,16.000000,noise,3.304505,5.681200,3.622688
d010,972,16.200000,noise,5.752734,9.182157,7.802313
d010,984,16.400000,noise,4.703757,7.653327,5.634188
d010,996,16.600000,noise,2.441666,3.943044,2.741125
d010,1008,16.800000,noise,1.968999,3.140675,3.520688
d010,1020,17.000000,noise,1.656937,2.624093,2.830375
d010,1032,17.200000,noise,3.567322,5.249698,5.042000
d010,1044,17.400000,noise,3.835083,5.676008,4.227437
d010,1056,17.600000,noise,2.469958,4.289264,3.100625
d010,1068,17.800000,noise,4.144772,6.606048,4.133813
d010,1080,18.000000,noise,2.194602,4.710534,2.744063
d010,1092,18.200000,noise,2.100243,4.545514,2.450188
d010,1104,18.400000,noise,2.038465,4.415625,2.432250
d010,1116,18.600000,noise,2.416976,3.075504,4.344375
d010,1128,18.800000,noise,2.148895,4.526663,4.004625
d010,1140,19.000000,noise,1.395515,2.937500,3.029125
d010,1152,19.200000,noise,1.982709,2.642540,3.247562
d010,1164,19.400000,noise,1.520174,2.972883,2.094750
d010,1176,19.600000,noise,1.451405,3.129183,1.708562
d010,1188,19.800000,noise,1.505317,3.758266,1.376875
d011,12,0.200000,noise,0.210027,0.171724,0.564562
d011,24,0.400000,noise,0.193245,0.075907,0.348250
d011,36,0.600000,noise,0.324071,0.147631,0.484250
d011,48,0.800000,noise,0.438958,0.112954,0.412062
d011,60,1.000000,noise,0.695907,0.071623,0.339125
d011,72,1.200000,noise,0.404910,0.115575,0.414812
d011,84,1.400000,noise,0.011448,0.016583,0.114437
d011,96,1.600000,noise,0.434956,0.055948,0.234500
d011,108,1.800000,noise,0.214848,0.061341,0.309000
d011,120,2.000000,noise,0.271489,0.081603,0.341438
d011,132,2.200000,noise,0.163341,0.091683,0.485563
d011,144,2.400000,noise,0.137807,0.110887,0.390000
d011,156,2.600000,noise,0.030854,0.081855,0.233000
d011,168,2.800000,noise,0.013149,0.023488,0.090813
d011,180,3.000000,noise,0.009846,0.018246,0.110875
d011,192,3.200000,noise,0.005862,0.012702,0.074125
d011,204,3.400000,noise,0.001698,0.006099,0.059125
d011,216,3.600000,noise,4.895763,5.212550,48.996750
d011,228,3.800000,noise,0.588203,0.662198,0.238313
d011,240,4.000000,noise,1.299002,1.085131,0.812937
d011,252,4.200000,noise,1.790256,1.110837,0.608000
d011,264,4.400000,noise,1.475018,1.244758,0.793000
d011,276,4.600000,noise,2.599448,1.695060,0.835875
d011,288,4.800000,noise,0.350231,0.528125,0.598187
d011,300,5.000000,noise,0.014574,0.053881,0.178375
d011,312,5.200000,noise,0.025976,0.078881,0.279875
d011,324,5.400000,noise,0.005583,0.009627,0.024438
d011,336,5.600000,noise,0.030183,0.079536,0.429063
d011,348,5.800000,noise,0.018119,0.038256,0.241437
d011,360,6.000000,post_event,0.023968,0.076764,0.311125
d011,372,6.200000,post_event,0.011387,0.031149,0.186812
d011,384,6.400000,post_event,0.013722,0.029133,0.219312
d011,396,6.600000,post_event,0.021208,0.061240,0.369188
d011,408,6.800000,post_event,0.013621,0.017440,0.198813
d011,420,7.000000,post_event,0.028644,0.064869,0.403313
d011,432,7.200000,post_event,0.047607,0.048185,0.379812
d011,444,7.400000,post_event,0.006177,0.013710,0.014063
d011,456,7.600000,post_event,0.042178,0.100504,0.323437
d011,468,7.800000,post_event,0.056460,0.480292,1.564563
d011,480,8.000000,post_event,0.042796,0.076462,0.290750
d011,492,8.200000,post_event,0.028597,0.035484,0.184312
d011,504,8.400000,post_event,0.043451,0.105645,0.797125
d011,516,8.600000,real_delivery,0.030869,0.064869,0.281375
d011,528,8.800000,real_delivery,0.009260,0.024395,0.047938
d011,540,9.000000,real_delivery,0.050428,0.065020,0.367250
d011,552,9.200000,real_delivery,0.062384,0.072177,0.362625
d011,564,9.400000,real_delivery,0.012010,0.021522,0.098312
d011,576,9.600000,real_delivery,0.031045,0.041381,0.370437
d011,588,9.800000,real_delivery,0.014999,0.036946,0.171063
d011,600,10.000000,real_delivery,0.048414,0.109627,0.893563
d011,612,10.200000,real_delivery,0.048760,0.052369,0.259937
d011,624,10.400000,real_delivery,0.048763,0.065726,0.177250
d011,636,10.600000,real_delivery,0.078980,0.100504,0.349562
d011,648,10.800000,real_delivery,0.006536,0.017137,0.032938
d011,660,11.000000,real_delivery,0.060198,0.058317,0.244438
d011,672,11.200000,real_delivery,0.034594,0.065121,0.201375
d011,684,11.400000,real_delivery,0.075356,0.096421,0.294938
d011,696,11.600000,post_event,0.048231,0.072984,0.232625
d011,708,11.800000,post_event,0.058239,0.065877,0.159438
d011,720,12.000000,post_event,0.171437,0.493952,1.509500
d011,732,12.200000,post_event,0.006559,0.019960,0.039125
d011,744,12.400000,post_event,0.298940,0.126361,0.243062
d011,756,12.600000,post_event,0.221513,0.085736,0.141375
d011,768,12.800000,post_event,0.526075,0.208367,0.247250
d011,780,13.000000,post_event,0.679133,0.217893,0.181250
d011,792,13.200000,post_event,0.416367,0.155595,0.131375
d011,804,13.400000,post_event,0.943032,0.243498,0.382312
d011,816,13.600000,post_event,0.007714,0.008165,0.019187
d011,828,13.800000,post_event,1.074126,0.265121,0.452000
d011,840,14.000000,post_event,0.590014,0.180141,0.214250
d011,852,14.200000,noise,1.167437,0.217994,0.294125
d011,864,14.400000,noise,1.240239,0.234677,0.395625
d011,876,14.600000,noise,0.685988,0.162802,0.199937
d011,888,14.800000,noise,1.313942,0.227671,0.327688
d011,900,15.000000,noise,0.004397,0.008972,0.000625
d011,912,15.200000,noise,1.397916,0.288256,0.438000
d011,924,15.400000,noise,0.765027,0.289315,0.730875
d011,936,15.600000,noise,2.092254,0.182611,0.236687
d011,948,15.800000,noise,0.820512,0.140020,0.244375
d011,960,16.000000,noise,0.816034,0.098387,0.147250
d011,972,16.200000,noise,1.545562,0.538256,1.559750
d011,984,16.400000,noise,0.009351,0.011694,0.012375
d011,996,16.600000,noise,1.569267,0.135937,0.207687
d011,1008,16.800000,noise,0.852621,0.075806,0.127750
d011,1020,17.000000,noise,1.621212,0.096825,0.253000
d011,1032,17.200000,noise,1.638726,0.092389,0.190062
d011,1044,17.400000,noise,0.907083,0.084829,0.143063
d011,1056,17.600000,noise,1.720284,0.091935,0.217562
d011,1068,17.800000,noise,0.956376,0.079435,0.145563
d011,1080,18.000000,noise,0.966729,0.032762,0.182938
d011,1092,18.200000,noise,0.992594,0.048538,0.285625
d011,1104,18.400000,noise,2.639040,0.031452,0.347750
d011,1116,18.600000,noise,1.033071,0.041431,0.218625
d011,1128,18.800000,noise,1.030963,0.014063,0.203250
d011,1140,19.000000,noise,1.927678,0.113558,0.306812
d011,1152,19.200000,noise,0.005926,0.003579,0.012812
d011,1164,19.400000,noise,1.921212,0.021724,0.249625
d011,1176,19.600000,noise,2.668478,0.032308,0.133563
d011,1188,19.800000,noise,0.988461,0.013407,0.072250
d012,12,0.200000,noise,0.332075,2.360030,5.083563
d012,24,0.400000,noise,0.009379,0.031048,0.119688
d012,36,0.600000,noise,0.226384,1.632712,3.374437
d012,48,0.800000,noise,0.127838,0.868599,1.888937
d012,60,1.000000,noise,0.201738,1.154587,2.780000
d012,72,1.200000,noise,0.007540,0.031956,0.087313
d012,84,1.400000,noise,0.279739,1.701915,4.101687
d012,96,1.600000,noise,0.288900,2.038054,4.294500
d012,108,1.800000,noise,0.012644,0.026815,0.152312
d012,120,2.000000,noise,0.092808,0.570565,1.299187
d012,132,2.200000,noise,0.048220,0.268700,0.663062
d012,144,2.400000,noise,0.084781,0.476613,0.970313
d012,156,2.600000,noise,0.150444,1.070867,2.255313
d012,168,2.800000,noise,0.140761,1.096169,2.016313
d012,180,3.000000,noise,0.275195,1.981149,4.149563
d012,192,3.200000,noise,0.002797,0.013004,0.022062
d012,204,3.400000,noise,3.814105,8.580998,20.092375
d012,216,3.600000,noise,5.163595,7.087702,18.575187
d012,228,3.800000,noise,0.009342,0.032359,0.062187
d012,240,4.000000,noise,3.574270,2.614315,13.681000
d012,252,4.200000,noise,3.356536,3.012248,15.548937
d012,264,4.400000,noise,5.365861,11.064516,22.951563
d012,276,4.600000,noise,4.829198,11.254990,21.639625
d012,288,4.800000,noise,4.788284,6.205998,14.724875
d012,300,5.000000,noise,7.209852,8.606401,19.564625
d012,312,5.200000,noise,0.001507,0.002016,0.006375
d012,324,5.400000,noise,8.162099,20.517440,46.664687
d012,336,5.600000,noise,7.648958,37.723236,62.936375
d012,348,5.800000,noise,0.001751,0.003579,0.009437
d012,360,6.000000,post_event,0.349978,0.233216,0.658125
d012,372,6.200000,post_event,2.076156,0.857359,1.095750
d012,384,6.400000,post_event,1.018149,0.562097,0.595437
d012,396,6.600000,post_event,0.886920,0.458720,0.436000
d012,408,6.800000,post_event,0.319541,0.138407,0.208313
d012,420,7.000000,post_event,0.400645,0.134375,0.457688
d012,432,7.200000,post_event,0.652367,0.428780,0.867375
d012,444,7.400000,post_event,0.469968,0.599546,1.266875
d012,456,7.600000,post_event,0.804346,0.579990,0.422438
d012,468,7.800000,post_event,0.007417,0.050000,0.063375
d012,480,8.000000,post_event,0.818023,0.541885,0.519563
d012,492,8.200000,post_event,0.280612,0.194153,0.477125
d012,504,8.400000,post_event,0.008997,0.039466,0.069312
d012,516,8.600000,real_delivery,0.232630,0.214113,0.463687
d012,528,8.800000,real_delivery,0.105836,0.168296,0.268250
d012,540,9.000000,real_delivery,0.246256,0.323387,0.501812
d012,552,9.200000,real_delivery,0.308749,0.290373,0.430000
d012,564,9.400000,real_delivery,0.145747,0.105796,0.215562
d012,576,9.600000,real_delivery,0.729279,1.004536,1.964000
d012,588,9.800000,real_delivery,0.002022,0.012702,0.005500
d012,600,10.000000,real_delivery,1.812633,2.233367,0.738500
d012,612,10.200000,real_delivery,0.957754,1.770565,1.003375
d012,624,10.400000,real_delivery,0.008740,0.056048,0.052562
d012,636,10.600000,real_delivery,0.323395,0.233821,0.379188
d012,648,10.800000,real_delivery,0.125395,0.090171,0.258688
d012,660,11.000000,real_delivery,0.225650,0.252571,0.487000
d012,672,11.200000,real_delivery,0.005076,0.024395,0.033313
d012,684,11.400000,real_delivery,0.191657,0.216028,0.532438
d012,696,11.600000,post_event,0.279859,0.238810,0.595938
d012,708,11.800000,post_event,0.007211,0.029234,0.041813
d012,720,12.000000,post_event,0.472820,0.392238,1.124562
d012,732,12.200000,post_event,0.167376,0.158871,0.196000
d012,744,12.400000,post_event,0.267592,0.307863,0.359000
d012,756,12.600000,post_event,0.326269,0.325302,0.389188
d012,768,12.800000,post_event,0.172756,0.117490,0.204563
d012,780,13.000000,post_event,0.425980,0.453679,0.493500
d012,792,13.200000,post_event,0.005117,0.030645,0.031938
d012,804,13.400000,post_event,0.269394,0.375454,0.386813
d012,816,13.600000,post_event,0.330383,0.369002,0.287313
d012,828,13.800000,post_event,0.056963,0.458165,1.459563
d012,840,14.000000,post_event,0.527874,0.785030,15.886812
d012,852,14.200000,noise,0.436484,1.085433,17.119688
d012,864,14.400000,noise,0.907518,0.989667,21.322875
d012,876,14.600000,noise,1.087584,0.672429,19.176250
d012,888,14.800000,noise,1.216538,0.851159,20.189375
d012,900,15.000000,noise,1.551148,1.514113,24.281688
d012,912,15.200000,noise,0.007234,0.037450,0.033125
d012,924,15.400000,noise,2.355980,1.029940,23.438437
d012,936,15.600000,noise,1.207626,1.013004,15.924437
d012,948,15.800000,noise,1.857062,1.871825,17.221812
d012,960,16.000000,noise,1.921948,1.996321,13.609562
d012,972,16.200000,noise,0.398617,1.006804,0.584125
d012,984,16.400000,noise,0.396879,2.126915,0.823187
d012,996,16.600000,noise,0.010644,0.025554,0.080500
d012,1008,16.800000,noise,1.001482,1.827218,0.874625
d012,1020,17.000000,noise,0.741347,0.489819,0.472062
d012,1032,17.200000,noise,0.010154,0.045968,0.055875
d012,1044,17.400000,noise,1.734396,0.442440,0.401000
d012,1056,17.600000,noise,0.437047,0.421371,0.224188
d012,1068,17.800000,noise,0.774513,0.978075,0.642938
d012,1080,18.000000,noise,1.247879,1.179889,1.915750
d012,1092,18.200000,noise,0.582994,0.326361,0.371563
d012,1104,18.400000,noise,1.011595,0.608871,0.457250
d012,1116,18.600000,noise,0.012721,0.024496,0.033125
d012,1128,18.800000,noise,0.507430,0.486089,0.265562
d012,1140,19.000000,noise,0.453190,0.385484,0.277250
d012,1152,19.200000,noise,1.043098,0.832308,0.447500
d012,1164,19.400000,noise,1.050019,0.780393,0.479875
d012,1176,19.600000,noise,0.594804,0.372681,0.282875
d012,1188,19.800000,noise,1.022524,0.866583,0.255375
d013,12,0.200000,noise,1.093903,0.935131,3.726688
d013,24,0.400000,noise,0.626525,0.609577,2.243688
d013,36,0.600000,noise,1.145200,1.063659,3.521688
d013,48,0.800000,noise,0.013280,0.026462,0.065562
d013,60,1.000000,noise,1.000879,1.218750,4.143688
d013,72,1.200000,noise,1.690108,1.755746,8.098937
d013,84,1.400000,noise,0.005708,0.007611,0.062312
d013,96,1.600000,noise,2.476997,6.926260,16.181625
d013,108,1.800000,noise,4.773594,6.547329,16.655000
d013,120,2.000000,noise,4.542542,5.907560,16.472687
d013,132,2.200000,noise,5.264167,3.299950,17.394437
d013,144,2.400000,noise,3.779779,2.722026,15.620375
d013,156,2.600000,noise,5.001016,5.757762,21.770000
d013,168,2.800000,noise,0.004175,0.006502,0.029375
d013,180,3.000000,noise,5.319088,6.589718,15.941375
d013,192,3.200000,noise,6.951511,10.426411,39.824688
d013,204,3.400000,noise,0.006044,0.012853,0.011687
d013,216,3.600000,noise,8.240721,23.555040,48.941563
d013,228,3.800000,noise,4.515180,29.985333,50.908062
d013,240,4.000000,noise,0.473285,11.333720,16.781375
d013,252,4.200000,noise,0.013965,0.020262,0.136063
d013,264,4.400000,noise,0.029158,0.037752,0.237063
d013,276,4.600000,noise,0.046501,0.085383,0.513813
d013,288,4.800000,noise,0.012635,0.035282,0.113500
d013,300,5.000000,noise,0.041512,0.042540,0.373250
d013,312,5.200000,noise,0.024189,0.035534,0.234875
d013,324,5.400000,noise,0.037651,0.039768,0.826688
d013,336,5.600000,noise,0.015947,0.032460,0.192250
d013,348,5.800000,noise,0.031738,0.047026,0.447625
d013,360,6.000000,post_event,0.035599,0.070363,0.533937
d013,372,6.200000,post_event,0.011345,0.031956,0.169937
d013,384,6.400000,post_event,0.032157,0.025857,0.363687
d013,396,6.600000,post_event,0.022816,0.030796,0.333562
d013,408,6.800000,post_event,0.027578,0.042994,0.350875
d013,420,7.000000,post_event,0.021228,0.024647,0.276750
d013,432,7.200000,post_event,0.019992,0.038558,0.394562
d013,444,7.400000,post_event,0.021053,0.024899,0.340562
d013,456,7.600000,post_event,0.008827,0.021673,0.042313
d013,468,7.800000,post_event,0.030513,0.053075,0.388125
d013,480,8.000000,post_event,0.070950,0.453327,1.711188
d013,492,8.200000,post_event,0.016259,0.022329,0.137063
d013,504,8.400000,post_event,0.014175,0.006048,0.247500
d013,516,8.600000,real_delivery,0.019114,0.014768,0.128188
d013,528,8.800000,real_delivery,0.031170,0.019254,0.291125
d013,540,9.000000,real_delivery,0.005618,0.001159,0.006625
d013,552,9.200000,real_delivery,0.048681,0.036996,0.345750
d013,564,9.400000,real_delivery,0.050555,0.043347,0.424938
d013,576,9.600000,real_delivery,0.048360,0.025756,0.196875
d013,588,9.800000,real_delivery,0.053892,0.025202,0.292687
d013,600,10.000000,real_delivery,0.033554,0.032560,0.164813
d013,612,10.200000,real_delivery,0.077643,0.051764,0.463313
d013,624,10.400000,real_delivery,0.011025,0.000000,0.017750
d013,636,10.600000,real_delivery,0.064868,0.048286,0.355563
d013,648,10.800000,real_delivery,0.111202,0.260937,1.059438
d013,660,11.000000,real_delivery,0.019788,0.050454,0.090625
d013,672,11.200000,real_delivery,0.067820,0.058115,0.272688
d013,684,11.400000,real_delivery,0.047943,0.068952,0.216312
d013,696,11.600000,post_event,0.060348,0.046270,0.394625
d013,708,11.800000,post_event,0.015257,0.025353,0.029937
d013,720,12.000000,post_event,0.086322,0.053629,0.519062
d013,732,12.200000,post_event,0.101088,0.498387,2.168063
d013,744,12.400000,post_event,0.021117,0.027470,0.043250
d013,756,12.600000,post_event,0.061285,0.039617,0.218625
d013,768,12.800000,post_event,0.038307,0.024597,0.131938
d013,780,13.000000,post_event,0.077590,0.047581,0.350187
d013,792,13.200000,post_event,0.018075,0.016583,0.093750
d013,804,13.400000,post_event,0.077733,0.062298,0.340562
d013,816,13.600000,post_event,0.088680,0.061341,0.249062
d013,828,13.800000,post_event,0.013483,0.014567,0.021313
d013,840,14.000000,post_event,0.073756,0.068347,0.285187
d013,852,14.200000,noise,0.051515,0.047329,0.237937
d013,864,14.400000,noise,0.066955,0.040675,0.214750
d013,876,14.600000,noise,0.082803,0.058367,0.214500
d013,888,14.800000,noise,0.062340,0.047429,0.140000
d013,900,15.000000,noise,0.085724,0.081754,0.216750
d013,912,15.200000,noise,0.014816,0.008367,0.023000
d013,924,15.400000,noise,0.088225,0.074546,0.194062
d013,936,15.600000,noise,0.053077,0.047933,0.156250
d013,948,15.800000,noise,0.064338,0.062248,0.161062
d013,960,16.000000,noise,0.046832,0.040272,0.153875
d013,972,16.200000,noise,0.048611,0.041482,0.149875
d013,984,16.400000,noise,0.130388,0.444254,1.411437
d013,996,16.600000,noise,0.009698,0.006452,0.017937
d013,1008,16.800000,noise,0.097348,0.070716,0.242500
d013,1020,17.000000,noise,0.037805,0.044405,0.168313
d013,1032,17.200000,noise,0.102344,0.063357,0.296500
d013,1044,17.400000,noise,0.071988,0.061996,0.234063
d013,1056,17.600000,noise,0.090391,0.192742,0.749375
d013,1068,17.800000,noise,0.101044,0.111492,0.309125
d013,1080,18.000000,noise,0.014334,0.038256,0.079687
d013,1092,18.200000,noise,0.082901,0.074546,0.154500
d013,1104,18.400000,noise,0.068282,0.063155,0.211312
d013,1116,18.600000,noise,0.098485,0.076915,0.223500
d013,1128,18.800000,noise,0.116440,0.092591,0.203750
d013,1140,19.000000,noise,0.049149,0.051613,0.126688
d013,1152,19.200000,noise,0.114767,0.119002,0.273438
d013,1164,19.400000,noise,0.010505,0.003679,0.022500
d013,1176,19.600000,noise,0.061207,0.064113,0.105500
d013,1188,19.800000,noise,0.757917,0.407560,0.354812
d014,12,0.200000,noise,3.245562,0.679133,0.850250
d014,24,0.400000,noise,2.132202,0.523337,0.637625
d014,36,0.600000,noise,2.430669,0.562550,0.635188
d014,48,0.800000,noise,2.325883,0.605998,0.654500
d014,60,1.000000,noise,3.428486,1.706351,4.342562
d014,72,1.200000,noise,1.899542,0.811542,0.645625
d014,84,1.400000,noise,3.448361,1.256653,0.912500
d014,96,1.600000,noise,2.966076,0.928931,0.605187
d014,108,1.800000,noise,1.438846,0.344355,0.476125
d014,120,2.000000,noise,1.495539,0.335030,0.816375
d014,132,2.200000,noise,1.547860,0.358115,0.627062
d014,144,2.400000,noise,3.299497,0.696119,1.094937
d014,156,2.600000,noise,2.958747,1.661744,0.871687
d014,168,2.800000,noise,1.844457,0.570817,0.431500
d014,180,3.000000,noise,3.882000,0.963609,0.736375
d014,192,3.200000,noise,1.833012,0.527117,0.481875
d014,204,3.400000,noise,1.705860,0.479183,0.503687
d014,216,3.600000,noise,1.676618,0.607157,0.550000
d014,228,3.800000,noise,4.126824,5.207006,5.807938
d014,240,4.000000,noise,3.864830,0.009073,0.101125
d014,252,4.200000,noise,1.851741,0.012752,0.181562
d014,264,4.400000,noise,3.669763,0.009778,0.286187
d014,276,4.600000,noise,1.835918,0.005544,0.155188
d014,288,4.800000,noise,1.865102,0.006804,0.089813
d014,300,5.000000,noise,1.878599,0.004183,0.158438
d014,312,5.200000,noise,3.448801,0.018448,0.250625
d014,324,5.400000,noise,3.688617,0.016935,0.299687
d014,336,5.600000,noise,1.962425,0.008266,0.248500
d014,348,5.800000,noise,3.743340,0.009627,0.203875
d014,360,6.000000,post_event,1.948804,0.013810,0.151562
d014,372,6.200000,post_event,1.913670,0.014012,0.240000
d014,384,6.400000,post_event,2.029857,0.012198,0.290250
d014,396,6.600000,post_event,4.625256,0.010585,0.386313
d014,408,6.800000,post_event,1.749129,0.006552,0.213312
d014,420,7.000000,post_event,1.764011,0.004637,0.237125
d014,432,7.200000,post_event,3.542567,0.041633,0.781125
d014,444,7.400000,post_event,1.844626,0.008619,0.192625
d014,456,7.600000,post_event,1.891266,0.107813,0.332625
d014,468,7.800000,post_event,1.809302,0.039113,0.179125
d014,480,8.000000,post_event,4.163094,0.724798,3.023312
d014,492,8.200000,post_event,1.654805,0.011341,0.090563
d014,504,8.400000,post_event,1.592154,0.001865,0.079875
d014,516,8.600000,real_delivery,3.071575,0.013861,0.285375
d014,528,8.800000,real_delivery,1.687225,0.001512,0.116437
d014,540,9.000000,real_delivery,1.712606,0.004385,0.167250
d014,552,9.200000,real_delivery,4.198852,0.018498,0.456000
d014,564,9.400000,real_delivery,1.606228,0.004738,0.220875
d014,576,9.600000,real_delivery,1.618156,0.005343,0.195188
d014,588,9.800000,real_delivery,1.630139,0.002621,0.180750
d014,600,10.000000,real_delivery,3.106524,0.000605,0.269188
d014,612,10.200000,real_delivery,1.607041,0.001613,0.165875
d014,624,10.400000,real_delivery,1.707508,0.002268,0.219875
d014,636,10.600000,real_delivery,1.599456,0.016331,0.335375
d014,648,10.800000,real_delivery,4.073701,0.013155,0.442000
d014,660,11.000000,real_delivery,1.571659,0.006754,0.225250
d014,672,11.200000,real_delivery,1.608611,0.002319,0.251937
d014,684,11.400000,real_delivery,3.045294,0.008821,0.270000
d014,696,11.600000,post_event,1.624136,0.005595,0.256125
d014,708,11.800000,post_event,3.026945,0.009123,0.264188
d014,720,12.000000,post_event,3.028896,0.409929,1.564938
d014,732,12.200000,post_event,1.547402,0.002319,0.044250
d014,744,12.400000,post_event,1.558602,0.006300,0.113062
d014,756,12.600000,post_event,1.557346,0.000000,0.089500
d014,768,12.800000,post_event,2.993145,0.016935,0.334250
d014,780,13.000000,post_event,1.584304,0.004183,0.119938
d014,792,13.200000,post_event,2.947271,0.008468,0.229875
d014,804,13.400000,post_event,2.880717,0.008720,0.232937
d014,816,13.600000,post_event,1.577482,0.005847,0.124750
d014,828,13.800000,post_event,1.509825,0.013256,0.311812
d014,840,14.000000,post_event,3.953973,0.072077,1.097750
d014,852,14.200000,noise,4.413723,0.174496,2.001187
d014,864,14.400000,noise,3.844690,5.855494,3.777938
d014,876,14.600000,noise,3.677778,2.914516,0.962125
d014,888,14.800000,noise,2.872048,3.421472,1.067375
d014,900,15.000000,noise,3.080135,1.643548,0.650438
d014,912,15.200000,noise,2.982768,2.740575,1.014625
d014,924,15.400000,noise,2.358299,1.217036,0.568813
d014,936,15.600000,noise,2.489935,1.703327,0.653438
d014,948,15.800000,noise,4.387510,2.541885,1.036563
d014,960,16.000000,noise,1.287954,0.761895,0.648000
d014,972,16.200000,noise,2.083925,1.465272,1.957750
d014,984,16.400000,noise,3.325944,1.166835,0.440500
d014,996,16.600000,noise,3.393863,1.196069,0.767687
d014,1008,16.800000,noise,3.602842,0.347530,0.663188
d014,1020,17.000000,noise,2.278107,0.747631,0.716250
d014,1032,17.200000,noise,3.159370,0.881502,0.731688
d014,1044,17.400000,noise,3.007555,0.428276,0.680375
d014,1056,17.600000,noise,2.015528,0.528478,0.620188
d014,1068,17.800000,noise,2.372665,0.658317,0.571187
d014,1080,18.000000,noise,3.565028,0.938911,0.714375
d014,1092,18.200000,noise,2.929303,0.972681,0.611875
d014,1104,18.400000,noise,3.151859,0.809829,0.573812
d014,1116,18.600000,noise,3.700580,0.877016,0.810187
d014,1128,18.800000,noise,1.713709,0.287198,0.541125
d014,1140,19.000000,noise,1.173352,0.349093,0.537438
d014,1152,19.200000,noise,1.279605,0.357107,0.524500
d014,1164,19.400000,noise,3.223689,1.145565,0.859500
d014,1176,19.600000,noise,2.549461,1.414264,0.508437
d014,1188,19.800000,noise,2.805304,1.279990,0.406687
d015,12,0.200000,noise,0.670363,0.045413,0.056625
d015,24,0.400000,noise,1.246246,0.070312,0.207937
d015,36,0.600000,noise,0.551267,0.016734,0.033875
d015,48,0.800000,noise,0.697215,0.017692,0.047688
d015,60,1.000000,noise,2.769045,0.008317,0.011562
d015,72,1.200000,noise,1.402188,0.003175,0.030500
d015,84,1.400000,noise,1.486151,0.000000,0.016000
d015,96,1.600000,noise,1.562793,0.001109,0.004750
d015,108,1.800000,noise,1.848720,0.005192,0.010563
d015,120,2.000000,noise,0.830069,0.003579,0.000812
d015,132,2.200000,noise,2.647571,0.002319,0.006313
d015,144,2.400000,noise,2.597869,0.000353,0.005250
d015,156,2.600000,noise,3.256903,0.000000,0.003187
d015,168,2.800000,noise,2.380873,0.000000,0.004063
d015,180,3.000000,noise,1.764313,0.000554,0.008188
d015,192,3.200000,noise,3.888680,0.000252,0.005188
d015,204,3.400000,noise,4.457542,0.000756,0.009562
d015,216,3.600000,noise,2.628952,0.005242,0.022875
d015,228,3.800000,noise,4.370890,0.000000,0.012000
d015,240,4.000000,noise,4.382941,0.000000,0.018875
d015,252,4.200000,noise,4.397068,0.465474,1.444937
d015,264,4.400000,noise,4.238686,0.003730,0.001500
d015,276,4.600000,noise,4.324398,0.000907,0.003375
d015,288,4.800000,noise,8.412110,0.000302,1.916500
d015,300,5.000000,noise,2.590943,0.062601,11.661875
d015,312,5.200000,noise,1.188411,0.023438,27.588687
d015,324,5.400000,noise,0.664738,0.000202,17.383437
d015,336,5.600000,noise,0.695453,0.069456,16.094062
d015,348,5.800000,noise,0.689174,0.185030,11.012313
d015,360,6.000000,post_event,0.866120,11.598740,3.988625
d015,372,6.200000,post_event,2.792768,11.463609,5.036062
d015,384,6.400000,post_event,0.919341,2.779335,4.194438
d015,396,6.600000,post_event,0.985424,2.647026,5.638187
d015,408,6.800000,post_event,1.017217,1.832863,3.867812
d015,420,7.000000,post_event,0.511334,1.564970,3.349563
d015,432,7.200000,post_event,0.408253,1.377873,2.609875
d015,444,7.400000,post_event,0.492617,2.568347,4.245625
d015,456,7.600000,post_event,0.278814,1.556250,4.255813
d015,468,7.800000,post_event,0.203785,0.715323,1.059250
d015,480,8.000000,post_event,0.288746,1.327823,2.004875
d015,492,8.200000,post_event,0.415258,1.661593,2.395625
d015,504,8.400000,post_event,0.561715,3.732611,2.836688
d015,516,8.600000,real_delivery,0.527727,5.392641,4.315188
d015,528,8.800000,real_delivery,0.727685,7.246270,16.705125
d015,540,9.000000,real_delivery,1.375626,5.417187,14.196312
d015,552,9.200000,real_delivery,1.937021,5.767742,14.921125
d015,564,9.400000,real_delivery,1.666670,10.861492,17.997375
d015,576,9.600000,real_delivery,3.430101,8.961593,16.663812
d015,588,9.800000,real_delivery,3.604164,5.131905,19.583875
d015,600,10.000000,real_delivery,2.645221,8.533115,21.006563
d015,612,10.200000,real_delivery,3.710339,5.602016,16.447312
d015,624,10.400000,real_delivery,3.826741,6.219456,17.656375
d015,636,10.600000,real_delivery,4.265161,12.917540,15.178937
d015,648,10.800000,real_delivery,4.551757,8.370060,34.345188
d015,660,11.000000,real_delivery,4.937008,5.975706,14.179187
d015,672,11.200000,real_delivery,5.192603,5.447228,14.129000
d015,684,11.400000,real_delivery,4.846176,17.794204,20.755063
d015,696,11.600000,post_event,6.593391,10.384929,24.876125
d015,708,11.800000,post_event,7.402634,12.575000,26.842688
d015,720,12.000000,post_event,7.617890,13.374899,25.102438
d015,732,12.200000,post_event,7.192083,6.921421,37.575063
d015,744,12.400000,post_event,6.844408,2.497177,11.270563
d015,756,12.600000,post_event,7.746922,2.936290,13.150063
d015,768,12.800000,post_event,7.668787,6.569808,8.533437
d015,780,13.000000,post_event,4.440382,3.599446,6.722437
d015,792,13.200000,post_event,3.925929,2.409022,7.252187
d015,804,13.400000,post_event,3.234139,2.224042,6.390125
d015,816,13.600000,post_event,4.690681,2.407107,7.031875
d015,828,13.800000,post_event,2.568336,0.463609,2.135063
d015,840,14.000000,post_event,5.243238,1.831200,6.171875
d015,852,14.200000,noise,5.950975,2.428125,6.566000
d015,864,14.400000,noise,3.344626,1.717792,4.996750
d015,876,14.600000,noise,3.506890,1.742994,5.276937
d015,888,14.800000,noise,3.515819,2.084073,5.258625
d015,900,15.000000,noise,5.942985,2.691784,6.904937
d015,912,15.200000,noise,5.541069,3.019758,5.047250
d015,924,15.400000,noise,2.854913,1.988206,3.780625
d015,936,15.600000,noise,4.740334,2.395212,5.471125
d015,948,15.800000,noise,1.938504,0.948236,3.647375
d015,960,16.000000,noise,1.796971,1.047933,3.366687
d015,972,16.200000,noise,3.396570,1.899698,6.131062
d015,984,16.400000,noise,1.256400,0.619657,1.297438
d015,996,16.600000,noise,1.248999,0.590121,1.902500
d015,1008,16.800000,noise,1.241615,0.434577,1.699062
d015,1020,17.000000,noise,2.355392,1.966583,3.069500
d015,1032,17.200000,noise,1.211422,1.356048,1.965125
d015,1044,17.400000,noise,3.457565,2.794304,5.050813
d015,1056,17.600000,noise,4.631642,2.027067,6.917000
d015,1068,17.800000,noise,2.938180,1.257258,5.835375
d015,1080,18.000000,noise,3.683037,1.420917,7.001500
d015,1092,18.200000,noise,4.972732,1.808518,9.398938
d015,1104,18.400000,noise,7.028399,5.151159,24.441813
d015,1116,18.600000,noise,8.998491,5.111240,35.753625
d015,1128,18.800000,noise,5.021593,12.627016,39.077125
d015,1140,19.000000,noise,4.426661,16.204234,33.384813
d015,1152,19.200000,noise,3.989524,9.726966,23.805375
d015,1164,19.400000,noise,4.160260,9.716784,28.391875
d015,1176,19.600000,noise,3.600097,9.810131,26.249188
d015,1188,19.800000,noise,3.967668,14.466028,31.041438
d016,12,0.200000,noise,1.422163,0.352722,0.178563
d016,24,0.400000,noise,2.184126,0.476764,0.507062
d016,36,0.600000,noise,1.798952,0.301109,0.319500
d016,48,0.800000,noise,1.880239,0.823185,2.006375
d016,60,1.000000,noise,1.587948,0.059526,0.414625
d016,72,1.200000,noise,1.845360,0.036139,0.282500
d016,84,1.400000,noise,1.857241,0.031300,0.435688
d016,96,1.600000,noise,1.893912,0.034073,0.516375
d016,108,1.800000,noise,2.847866,0.027369,0.356438
d016,120,2.000000,noise,1.991001,0.046825,0.437500
d016,132,2.200000,noise,3.273763,0.022581,0.256563
d016,144,2.400000,noise,3.364007,0.051663,0.245438
d016,156,2.600000,noise,3.280257,0.086895,0.221750
d016,168,2.800000,noise,1.965620,0.010635,0.396000
d016,180,3.000000,noise,1.754339,0.066028,0.261062
d016,192,3.200000,noise,2.568045,0.014768,0.207063
d016,204,3.400000,noise,1.767369,0.034526,0.339625
d016,216,3.600000,noise,2.081067,0.113054,0.215750
d016,228,3.800000,noise,1.966585,0.047379,0.138313
d016,240,4.000000,noise,1.949648,0.043347,0.193750
d016,252,4.200000,noise,1.178049,0.601512,2.425125
d016,264,4.400000,noise,1.851490,0.059627,0.213688
d016,276,4.600000,noise,1.970321,0.037651,0.198125
d016,288,4.800000,noise,1.365131,0.017591,0.349938
d016,300,5.000000,noise,1.697320,0.026865,0.214750
d016,312,5.200000,noise,1.496716,0.032813,0.144313
d016,324,5.400000,noise,1.401233,0.021976,0.161688
d016,336,5.600000,noise,1.619968,0.021825,0.312000
d016,348,5.800000,noise,0.813435,0.018397,0.161688
d016,360,6.000000,post_event,0.725277,0.012046,0.205187
d016,372,6.200000,post_event,1.043529,0.049093,0.252250
d016,384,6.400000,post_event,0.560265,0.010635,0.158188
d016,396,6.600000,post_event,0.460226,0.033317,0.157812
d016,408,6.800000,post_event,0.862606,0.019103,0.290625
d016,420,7.000000,post_event,0.315522,0.006704,0.127812
d016,432,7.200000,post_event,0.293494,0.006956,0.127625
d016,444,7.400000,post_event,0.270634,0.011391,0.108813
d016,456,7.600000,post_event,0.510408,0.049798,0.353500
d016,468,7.800000,post_event,0.269289,0.037903,0.171500
d016,480,8.000000,post_event,0.504666,0.063609,1.846563
d016,492,8.200000,post_event,0.607432,0.037450,2.403688
d016,504,8.400000,post_event,0.376579,0.482510,3.424375
d016,516,8.600000,real_delivery,0.373271,0.027067,2.148500
d016,528,8.800000,real_delivery,0.349673,0.021925,1.623875
d016,540,9.000000,real_delivery,0.576523,0.042540,2.558063
d016,552,9.200000,real_delivery,0.321658,0.024647,1.789625
d016,564,9.400000,real_delivery,0.527461,0.049093,2.377312
d016,576,9.600000,real_delivery,0.528393,0.070161,2.403188
d016,588,9.800000,real_delivery,0.271307,0.039163,1.439062
d016,600,10.000000,real_delivery,0.267791,0.013407,1.457750
d016,612,10.200000,real_delivery,0.242762,0.011845,1.360062
d016,624,10.400000,real_delivery,2.620888,3.255746,3.938875
d016,636,10.600000,real_delivery,1.855214,1.133619,1.330250
d016,648,10.800000,real_delivery,2.922408,1.499042,2.060000
d016,660,11.000000,real_delivery,2.431284,1.287399,2.372875
d016,672,11.200000,real_delivery,1.168202,0.800756,1.113000
d016,684,11.400000,real_delivery,1.339031,0.718800,1.258000
d016,696,11.600000,post_event,1.517300,0.746774,1.251875
d016,708,11.800000,post_event,3.186851,1.215524,2.408125
d016,720,12.000000,post_event,2.523960,0.936744,2.536000
d016,732,12.200000,post_event,0.785446,0.450454,1.302312
d016,744,12.400000,post_event,1.872397,0.802571,1.896313
d016,756,12.600000,post_event,1.321421,0.872883,2.394750
d016,768,12.800000,post_event,1.626908,0.754687,1.318062
d016,780,13.000000,post_event,1.752430,0.886845,1.023500
d016,792,13.200000,post_event,2.998075,1.360131,2.043250
d016,804,13.400000,post_event,3.310398,1.598992,2.225625
d016,816,13.600000,post_event,2.117570,1.296472,1.671062
d016,828,13.800000,post_event,2.933316,1.460282,2.289563
d016,840,14.000000,post_event,1.946410,0.539365,1.071375
d016,852,14.200000,noise,1.601352,0.457813,0.976250
d016,864,14.400000,noise,1.358020,0.426764,1.061375
d016,876,14.600000,noise,3.179229,1.469657,1.509625
d016,888,14.800000,noise,2.761218,1.285786,1.097063
d016,900,15.000000,noise,1.420599,1.311744,0.653813
d016,912,15.200000,noise,1.645251,1.307762,1.044000
d016,924,15.400000,noise,1.360924,1.119960,0.651375
d016,936,15.600000,noise,1.487940,1.257308,0.876625
d016,948,15.800000,noise,1.639482,1.510786,0.788687
d016,960,16.000000,noise,3.019509,1.803931,1.335375
d016,972,16.200000,noise,0.896056,0.278075,0.352625
d016,984,16.400000,noise,0.811244,0.371421,0.286125
d016,996,16.600000,noise,1.492727,1.085736,0.504437
d016,1008,16.800000,noise,1.336041,1.269153,1.846250
d016,1020,17.000000,noise,1.603379,1.272278,0.318188
d016,1032,17.200000,noise,2.921771,1.668750,2.017125
d016,1044,17.400000,noise,0.871681,1.094556,0.462438
d016,1056,17.600000,noise,1.172793,1.121220,0.580313
d016,1068,17.800000,noise,1.244904,1.107006,0.566937
d016,1080,18.000000,noise,2.202105,1.023286,1.580875
d016,1092,18.200000,noise,0.911276,0.323538,0.584438
d016,1104,18.400000,noise,0.930269,0.244859,0.554250
d016,1116,18.600000,noise,2.360312,1.299446,1.294250
d016,1128,18.800000,noise,0.982747,0.969254,0.572875
d016,1140,19.000000,noise,0.811753,0.902268,0.691438
d016,1152,19.200000,noise,0.525622,0.612450,0.543438
d016,1164,19.400000,noise,1.461822,1.369002,0.934813
d016,1176,19.600000,noise,1.605500,0.840071,0.655312
d016,1188,19.800000,noise,2.867186,0.946573,0.949313
d017,12,0.200000,noise,2.148189,1.070665,1.346375
d017,24,0.400000,noise,1.964255,1.188004,1.160250
d017,36,0.600000,noise,1.684231,0.874597,1.485750
d017,48,0.800000,noise,2.933364,1.401058,0.832688
d017,60,1.000000,noise,2.187863,1.026865,0.356000
d017,72,1.200000,noise,2.316093,1.144405,0.382000
d017,84,1.400000,noise,3.081540,2.432409,0.933438
d017,96,1.600000,noise,2.913729,2.727671,1.167437
d017,108,1.800000,noise,2.654967,2.226462,0.773125
d017,120,2.000000,noise,3.114690,2.841583,1.151938
d017,132,2.200000,noise,3.131662,1.325504,0.621437
d017,144,2.400000,noise,3.109099,1.105192,0.577000
d017,156,2.600000,noise,3.389630,1.063004,0.578438
d017,168,2.800000,noise,2.948528,2.133367,0.689000
d017,180,3.000000,noise,3.056110,1.360887,0.414500
d017,192,3.200000,noise,3.079570,1.865675,0.703313
d017,204,3.400000,noise,2.843018,2.135837,0.706562
d017,216,3.600000,noise,2.790333,1.463710,0.493125
d017,228,3.800000,noise,2.777842,1.571270,0.573250
d017,240,4.000000,noise,3.024965,1.729889,0.474938
d017,252,4.200000,noise,3.299552,2.925302,2.130313
d017,264,4.400000,noise,3.256514,2.303881,0.582625
d017,276,4.600000,noise,3.428948,1.316179,0.429688
d017,288,4.800000,noise,2.801529,2.303377,0.793875
d017,300,5.000000,noise,3.009624,1.396623,0.509563
d017,312,5.200000,noise,3.362531,1.426512,0.512875
d017,324,5.400000,noise,3.426378,1.359879,0.662125
d017,336,5.600000,noise,2.569175,2.057258,1.503625
d017,348,5.800000,noise,3.337471,1.164667,0.441312
d017,360,6.000000,post_event,3.796717,1.458619,0.463250
d017,372,6.200000,post_event,3.216872,2.327067,0.708313
d017,384,6.400000,post_event,5.334877,31.989163,52.320687
d017,396,6.600000,post_event,0.004074,0.008518,0.010125
d017,408,6.800000,post_event,0.009324,0.010081,0.035750
d017,420,7.000000,post_event,0.040369,0.035232,0.170250
d017,432,7.200000,post_event,0.031788,0.036190,0.101750
d017,444,7.400000,post_event,0.024809,0.010333,0.057438
d017,456,7.600000,post_event,0.063572,0.030746,0.186062
d017,468,7.800000,post_event,0.046273,0.012097,0.098437
d017,480,8.000000,post_event,0.050633,0.037651,0.121125
d017,492,8.200000,post_event,0.112013,0.036643,0.153188
d017,504,8.400000,post_event,0.066806,0.035383,0.139375
d017,516,8.600000,real_delivery,0.135316,0.102470,0.329313
d017,528,8.800000,real_delivery,0.244802,0.226058,0.718063
d017,540,9.000000,real_delivery,0.470839,0.318851,0.904312
d017,552,9.200000,real_delivery,0.124617,0.074647,0.247750
d017,564,9.400000,real_delivery,0.221887,0.212147,0.671063
d017,576,9.600000,real_delivery,6.231040,29.016683,69.869812
d017,588,9.800000,real_delivery,3.973265,4.018952,10.473437
d017,600,10.000000,real_delivery,3.994638,3.781855,9.980562
d017,612,10.200000,real_delivery,0.010262,0.011391,0.084062
d017,624,10.400000,real_delivery,6.609886,5.599143,12.994563
d017,636,10.600000,real_delivery,6.205898,6.138810,13.100500
d017,648,10.800000,real_delivery,3.822734,4.734224,10.474687
d017,660,11.000000,real_delivery,6.305679,8.019304,14.568375
d017,672,11.200000,real_delivery,4.807148,5.307157,10.898687
d017,684,11.400000,real_delivery,5.118482,5.269960,11.913187
d017,696,11.600000,post_event,5.327439,5.625202,12.251437
d017,708,11.800000,post_event,3.988543,10.289869,34.923938
d017,720,12.000000,post_event,0.250159,0.199698,0.380250
d017,732,12.200000,post_event,0.270701,0.253528,0.687312
d017,744,12.400000,post_event,0.459168,0.493448,0.912750
d017,756,12.600000,post_event,0.414143,0.222026,0.297875
d017,768,12.800000,post_event,0.659491,0.400605,0.378937
d017,780,13.000000,post_event,0.672446,1.019405,0.894000
d017,792,13.200000,post_event,1.066132,1.423085,1.276938
d017,804,13.400000,post_event,0.019930,0.150000,0.131875
d017,816,13.600000,post_event,0.322330,0.590575,0.468938
d017,828,13.800000,post_event,0.214521,0.917742,0.885000
d017,840,14.000000,post_event,0.121310,0.752167,0.943688
d017,852,14.200000,noise,0.148629,0.509274,0.700250
d017,864,14.400000,noise,0.152741,0.489567,0.858500
d017,876,14.600000,noise,0.070259,0.271321,0.505812
d017,888,14.800000,noise,0.076550,0.334022,0.793937
d017,900,15.000000,noise,0.114249,0.309980,0.664937
d017,912,15.200000,noise,0.213345,0.614819,0.891625
d017,924,15.400000,noise,0.105804,0.501915,1.102937
d017,936,15.600000,noise,0.087988,0.322026,0.541500
d017,948,15.800000,noise,0.158247,0.283518,0.342750
d017,960,16.000000,noise,3.773733,6.183165,13.208312
d017,972,16.200000,noise,0.197856,0.123185,0.412875
d017,984,16.400000,noise,0.210442,0.156250,0.494250
d017,996,16.600000,noise,0.416591,0.239516,0.965938
d017,1008,16.800000,noise,0.151478,0.110282,0.471000
d017,1020,17.000000,noise,0.150863,0.118196,0.441875
d017,1032,17.200000,noise,0.287012,0.229133,0.737563
d017,1044,17.400000,noise,0.108252,0.093246,0.294750
d017,1056,17.600000,noise,0.089651,0.086038,0.136813
d017,1068,17.800000,noise,0.064502,0.091280,0.128375
d017,1080,18.000000,noise,0.217255,0.129032,0.454875
d017,1092,18.200000,noise,0.350316,0.178327,0.731563
d017,1104,18.400000,noise,0.184985,0.073891,0.394250
d017,1116,18.600000,noise,5.878579,11.778982,32.511625
d017,1128,18.800000,noise,0.363335,0.304486,0.812063
d017,1140,19.000000,noise,0.294205,0.284425,0.799937
d017,1152,19.200000,noise,0.529850,0.499546,1.292625
d017,1164,19.400000,noise,0.188693,0.107611,0.376188
d017,1176,19.600000,noise,0.268180,0.166331,0.463375
d017,1188,19.800000,noise,0.369232,0.200554,0.572375
d018,12,0.200000,noise,0.295228,0.064466,0.178813
d018,24,0.400000,noise,0.006606,0.020212,0.025313
d018,36,0.600000,noise,0.416571,0.032863,0.187250
d018,48,0.800000,noise,0.307536,0.023740,0.170187
d018,60,1.000000,noise,0.012983,0.008972,0.032875
d018,72,1.200000,noise,0.302878,0.014970,0.131812
d018,84,1.400000,noise,0.164200,0.002016,0.038625
d018,96,1.600000,noise,0.312927,0.009224,0.093688
d018,108,1.800000,noise,0.003584,0.000907,0.003312
d018,120,2.000000,post_event,1.761742,1.660383,1.109625
d018,132,2.200000,post_event,0.788045,0.030544,0.262000
d018,144,2.400000,post_event,0.019271,0.013206,0.041875
d018,156,2.600000,post_event,0.822940,0.025756,0.150000
d018,168,2.800000,post_event,0.509712,0.002873,0.107438
d018,180,3.000000,post_event,0.896799,0.022429,0.210250
d018,192,3.200000,post_event,0.897883,0.035736,0.127500
d018,204,3.400000,post_event,0.516904,0.035585,0.110625
d018,216,3.600000,post_event,0.862322,0.063911,0.188062
d018,228,3.800000,post_event,0.011092,0.002873,0.004313
d018,240,4.000000,post_event,0.871248,0.058770,0.176813
d018,252,4.200000,post_event,0.588848,0.505595,1.698375
d018,264,4.400000,post_event,1.026441,0.150706,1.171062
d018,276,4.600000,real_delivery,1.086734,0.096573,0.129875
d018,288,4.800000,real_delivery,0.792498,0.163105,0.551562
d018,300,5.000000,real_delivery,1.493991,0.186542,0.361563
d018,312,5.200000,real_delivery,0.013108,0.046976,0.030750
d018,324,5.400000,real_delivery,1.540836,0.228528,0.525250
d018,336,5.600000,real_delivery,1.262002,0.262601,0.450688
d018,348,5.800000,real_delivery,1.877313,0.378528,0.483125
d018,360,6.000000,real_delivery,1.810415,0.494758,0.645062
d018,372,6.200000,real_delivery,1.420910,0.239415,0.307125
d018,384,6.400000,real_delivery,1.538317,0.560030,0.538500
d018,396,6.600000,real_delivery,1.537664,0.700151,0.493375
d018,408,6.800000,real_delivery,1.347570,0.417389,0.291187
d018,420,7.000000,real_delivery,1.577880,0.511593,0.488875
d018,432,7.200000,real_delivery,0.009682,0.015978,0.013437
d018,444,7.400000,real_delivery,1.471012,0.428327,0.396313
d018,456,7.600000,post_event,1.270708,0.931552,1.372625
d018,468,7.800000,post_event,0.012546,0.048790,0.131375
d018,480,8.000000,post_event,1.770272,0.022329,0.448937
d018,492,8.200000,post_event,2.514254,0.006200,0.275313
d018,504,8.400000,post_event,1.751318,0.532409,1.932375
d018,516,8.600000,post_event,0.003309,0.017591,0.010937
d018,528,8.800000,post_event,1.645958,0.012802,0.384750
d018,540,9.000000,post_event,1.949836,0.028881,0.592500
d018,552,9.200000,post_event,0.010767,0.006401,0.037312
d018,564,9.400000,post_event,2.124701,0.026613,0.476000
d018,576,9.600000,post_event,3.585906,0.009929,0.256063
d018,588,9.800000,post_event,2.396088,0.043246,0.693750
d018,600,10.000000,noise,0.008563,0.028276,0.051312
d018,612,10.200000,noise,1.330835,0.039567,0.651937
d018,624,10.400000,noise,2.895758,0.010484,0.452875
d018,636,10.600000,noise,0.007919,0.004687,0.076750
d018,648,10.800000,noise,2.029579,0.027218,0.388250
d018,660,11.000000,noise,2.685552,0.011996,0.388375
d018,672,11.200000,noise,2.481671,0.244304,2.239875
d019,12,0.200000,noise,5.763460,0.023085,11.429063
d019,24,0.400000,noise,6.251410,0.003276,22.585313
d019,36,0.600000,noise,3.494319,0.004687,20.929063
d019,48,0.800000,noise,6.928661,0.263810,48.059000
d019,60,1.000000,noise,0.005030,0.007056,0.051687
d019,72,1.200000,noise,7.390269,18.868044,34.242188
d019,84,1.400000,noise,4.794174,14.418347,30.035375
d019,96,1.600000,noise,7.031701,10.482913,19.390250
d019,108,1.800000,noise,6.629098,2.378478,0.611875
d019,120,2.000000,noise,3.597888,1.904637,1.981375
d019,132,2.200000,noise,6.070308,2.577167,0.908125
d019,144,2.400000,noise,0.004864,0.024093,0.119375
d019,156,2.600000,noise,5.164604,2.435081,0.848688
d019,168,2.800000,noise,5.909446,2.526865,0.674188
d019,180,3.000000,noise,0.011601,0.068599,0.080812
d019,192,3.200000,noise,3.906621,2.014415,0.368250
d019,204,3.400000,noise,2.379941,2.206401,0.487125
d019,216,3.600000,noise,4.051417,2.263911,0.435688
d019,228,3.800000,noise,0.005292,0.015423,0.039375
d019,240,4.000000,noise,3.797257,1.968296,0.488375
d019,252,4.200000,noise,5.522134,2.869859,2.121875
d019,264,4.400000,noise,0.012287,0.031956,0.074438
d019,276,4.600000,noise,4.913434,2.728024,0.692125
d019,288,4.800000,noise,3.052638,2.318851,0.720250
d019,300,5.000000,noise,5.309936,2.504587,0.820187
d019,312,5.200000,noise,0.005710,0.030696,0.047563
d019,324,5.400000,noise,5.124765,2.554234,0.838875
d019,336,5.600000,noise,5.159029,2.421169,0.766312
d019,348,5.800000,noise,0.008270,0.026361,0.023375
d019,360,6.000000,post_event,4.719782,2.235635,0.669063
d019,372,6.200000,post_event,2.931697,1.735685,0.410813
d019,384,6.400000,post_event,4.622098,2.233468,0.717625
d019,396,6.600000,post_event,0.006518,0.058921,0.024938
d019,408,6.800000,post_event,6.369780,2.358770,0.600125
d019,420,7.000000,post_event,4.271736,2.141230,0.499250
d019,432,7.200000,post_event,0.005121,0.025706,0.015500
d019,444,7.400000,post_event,3.483540,2.419657,0.733437
d019,456,7.600000,post_event,1.557701,1.581552,0.571187
d019,468,7.800000,post_event,2.323259,2.252419,0.933063
d019,480,8.000000,post_event,0.806497,1.377772,0.639500
d019,492,8.200000,post_event,0.761839,0.898589,0.442812
d019,504,8.400000,post_event,0.694124,1.311996,1.891938
d019,516,8.600000,real_delivery,0.000696,0.000000,0.004375
d019,528,8.800000,real_delivery,0.775599,1.326058,0.632625
d019,540,9.000000,real_delivery,0.503728,0.957460,1.686250
d019,552,9.200000,real_delivery,0.865843,0.565474,0.390125
d019,564,9.400000,real_delivery,1.907398,1.676562,0.586125
d019,576,9.600000,real_delivery,1.503316,1.714516,0.669250
d019,588,9.800000,real_delivery,3.168711,2.025554,0.890250
d019,600,10.000000,real_delivery,0.005505,0.020917,0.050937
d019,612,10.200000,real_delivery,3.696399,2.148034,1.001875
d019,624,10.400000,real_delivery,2.190185,1.718700,0.719938
d019,636,10.600000,real_delivery,4.079558,1.699748,0.718875
d019,648,10.800000,real_delivery,3.843606,1.722026,0.735313
d019,660,11.000000,real_delivery,2.232677,1.465121,0.392750
d019,672,11.200000,real_delivery,4.809605,2.317137,1.083687
d019,684,11.400000,real_delivery,0.005503,0.010585,0.051000
d019,696,11.600000,post_event,4.355864,2.172177,0.797438
d019,708,11.800000,post_event,5.524854,2.515272,1.051187
d019,720,12.000000,post_event,0.010528,0.049244,0.061187
d019,732,12.200000,post_event,3.749398,1.520413,0.752500
d019,744,12.400000,post_event,2.169103,1.524546,0.637250
d019,756,12.600000,post_event,3.477782,1.776915,2.124000
d019,768,12.800000,post_event,0.001456,0.001310,0.003625
d019,780,13.000000,post_event,3.038372,1.437853,0.536687
d019,792,13.200000,post_event,4.233075,1.738256,0.746563
d019,804,13.400000,post_event,0.010965,0.063054,0.072688
d019,816,13.600000,post_event,3.758881,1.766885,0.780500
d019,828,13.800000,post_event,1.996915,1.483367,0.433375
d019,840,14.000000,post_event,2.882176,1.575907,0.728187
d019,852,14.200000,noise,0.006976,0.050706,0.074500
d019,864,14.400000,noise,4.068631,1.898034,0.871375
d019,876,14.600000,noise,3.191089,1.353931,0.671687
d019,888,14.800000,noise,0.011843,0.039163,0.033625
d019,900,15.000000,noise,3.391664,1.548185,1.797125
d019,912,15.200000,noise,1.878018,1.320312,0.342187
d019,924,15.400000,noise,3.113333,1.954083,1.011062
d019,936,15.600000,noise,0.006031,0.036845,0.022812
d019,948,15.800000,noise,4.287741,2.230343,2.020688
d019,960,16.000000,noise,3.279180,1.441381,0.416250
d019,972,16.200000,noise,0.009310,0.030444,0.041750
d019,984,16.400000,noise,3.295617,1.343498,0.518875
d019,996,16.600000,noise,1.813096,1.143599,0.428938
d019,1008,16.800000,noise,3.000521,1.798135,2.131687
d019,1020,17.000000,noise,2.941777,1.478276,0.444563
d019,1032,17.200000,noise,0.907486,0.742641,0.353312
d019,1044,17.400000,noise,0.674618,0.661694,0.537875
d019,1056,17.600000,noise,0.012226,0.063760,0.029937
d019,1068,17.800000,noise,1.153251,0.781048,0.522375
d019,1080,18.000000,noise,0.633861,0.550504,0.460437
d019,1092,18.200000,noise,1.187324,1.598085,1.115750
d019,1104,18.400000,noise,1.421555,0.441633,0.441188
d019,1116,18.600000,noise,3.324074,3.489718,2.266000
d019,1128,18.800000,noise,1.120585,0.491381,0.648500
d019,1140,19.000000,noise,0.008961,0.028377,0.109875
d019,1152,19.200000,noise,1.324981,0.861542,0.662188
d019,1164,19.400000,noise,0.464221,0.347581,0.351625
d019,1176,19.600000,noise,1.333477,0.949194,0.624250
d019,1188,19.800000,noise,1.586492,1.000403,0.568750
d020,12,0.200000,noise,2.270653,0.843246,0.568000
d020,24,0.400000,noise,2.190033,0.752117,0.424187
d020,36,0.600000,noise,1.466999,0.458266,0.248500
d020,48,0.800000,noise,2.745912,2.742440,1.863938
d020,60,1.000000,noise,0.005952,0.023236,0.146250
d020,72,1.200000,noise,5.944975,0.929284,0.555187
d020,84,1.400000,noise,5.895669,1.146623,2.202313
d020,96,1.600000,noise,0.013810,0.029940,0.103188
d020,108,1.800000,noise,3.159790,0.606704,1.148562
d020,120,2.000000,noise,1.970250,0.267490,0.340313
d020,132,2.200000,noise,4.188027,0.492641,0.579250
d020,144,2.400000,noise,0.007691,0.005746,0.016313
d020,156,2.600000,noise,3.760773,0.460232,0.564688
d020,168,2.800000,noise,3.985533,0.740121,2.292875
d020,180,3.000000,noise,0.016976,0.024546,0.097625
d020,192,3.200000,noise,2.919810,0.427571,0.500125
d020,204,3.400000,noise,1.453336,0.116734,0.324188
d020,216,3.600000,noise,2.763954,0.309929,0.525875
d020,228,3.800000,noise,0.009613,0.022278,0.070688
d020,240,4.000000,noise,5.050269,0.385433,0.661250
d020,252,4.200000,noise,3.018607,0.776058,2.063000
d020,264,4.400000,noise,0.002652,0.013962,0.013688
d020,276,4.600000,noise,2.093446,0.399849,0.318625
d020,288,4.800000,noise,1.344500,0.390121,0.269437
d020,300,5.000000,noise,3.371914,0.454738,0.484812
d020,312,5.200000,noise,0.009066,0.021069,0.140063
d020,324,5.400000,noise,4.147803,0.452520,0.587500
d020,336,5.600000,noise,4.085759,0.405595,0.681375
d020,348,5.800000,noise,0.013179,0.007258,0.032000
d020,360,6.000000,post_event,4.047565,0.450756,0.594375
d020,372,6.200000,post_event,2.156065,0.259375,0.644687
d020,384,6.400000,post_event,4.127902,0.518851,0.600688
d020,396,6.600000,post_event,4.089356,0.611946,2.471000
d020,408,6.800000,post_event,3.094014,0.288458,0.369437
d020,420,7.000000,post_event,3.920119,0.490323,0.440125
d020,432,7.200000,post_event,4.531356,0.701310,4.054625
d020,444,7.400000,post_event,5.610322,0.509022,0.775563
d020,456,7.600000,post_event,5.259090,0.563407,0.813125
d020,468,7.800000,post_event,4.590381,0.434022,0.606625
d020,480,8.000000,post_event,3.845620,0.552369,0.656563
d020,492,8.200000,post_event,5.733747,0.730696,0.803687
d020,504,8.400000,post_event,0.078030,0.469254,1.653000
d020,516,8.600000,real_delivery,4.588405,0.655444,0.698063
d020,528,8.800000,real_delivery,5.075423,0.928629,1.858750
d020,540,9.000000,real_delivery,0.014198,0.036845,0.045750
d020,552,9.200000,real_delivery,6.503828,0.695867,0.886563
d020,564,9.400000,real_delivery,4.374681,0.449798,0.511188
d020,576,9.600000,real_delivery,5.237370,0.943548,0.905125
d020,588,9.800000,real_delivery,0.008680,0.018448,0.054312
d020,600,10.000000,real_delivery,5.024227,0.945867,0.982812
d020,612,10.200000,real_delivery,5.384514,0.675151,0.693688
d020,624,10.400000,real_delivery,0.011273,0.027117,0.098312
d020,636,10.600000,real_delivery,5.275756,0.643750,0.583937
d020,648,10.800000,real_delivery,3.924700,0.460988,0.359875
d020,660,11.000000,real_delivery,5.310954,0.628931,0.687562
d020,672,11.200000,real_delivery,4.431394,0.732510,0.638375
d020,684,11.400000,real_delivery,3.616617,0.517540,0.389188
d020,696,11.600000,post_event,5.846715,0.560081,0.694187
d020,708,11.800000,post_event,0.018451,0.020817,0.088625
d020,720,12.000000,post_event,4.969454,0.420665,0.639750
d020,732,12.200000,post_event,2.785689,0.150958,0.406000
d020,744,12.400000,post_event,5.121916,0.461139,0.670188
d020,756,12.600000,post_event,4.675637,0.681905,1.982750
d020,768,12.800000,post_event,1.755467,0.222530,0.413687
d020,780,13.000000,post_event,3.818537,0.481351,0.671312
d020,792,13.200000,post_event,0.009238,0.001310,0.039625
d020,804,13.400000,post_event,4.271553,0.401109,0.797312
d020,816,13.600000,post_event,2.797373,0.258266,0.557625
d020,828,13.800000,post_event,5.093021,0.380292,0.705125
d020,840,14.000000,post_event,5.364210,0.395867,0.683375
d020,852,14.200000,noise,4.284795,0.380948,0.561250
d020,864,14.400000,noise,5.929316,0.648639,0.762188
d020,876,14.600000,noise,0.013584,0.023185,0.056000
d020,888,14.800000,noise,5.931477,0.708518,0.736250
d020,900,15.000000,noise,4.218925,0.498387,0.615688
d020,912,15.200000,noise,5.958429,0.486240,0.587625
d020,924,15.400000,noise,4.890281,0.437903,0.588000
d020,936,15.600000,noise,2.642188,0.382107,1.375875
d020,948,15.800000,noise,3.872448,0.473589,0.626250
d020,960,16.000000,noise,0.007853,0.015423,0.027750
d020,972,16.200000,noise,3.996775,0.438710,0.592187
d020,984,16.400000,noise,2.649020,0.553831,0.643813
d020,996,16.600000,noise,0.018184,0.049194,0.062562
d020,1008,16.800000,noise,2.295173,0.825403,1.863563
d020,1020,17.000000,noise,1.096668,0.272631,0.269250
d020,1032,17.200000,noise,1.366697,0.350101,0.387937
d020,1044,17.400000,noise,0.011851,0.017742,0.018250
d020,1056,17.600000,noise,1.776988,0.244153,0.319188
d020,1068,17.800000,noise,2.575840,0.402873,0.639062
d020,1080,18.000000,noise,0.015814,0.016179,0.076813
d020,1092,18.200000,noise,1.396977,0.445817,0.434563
d020,1104,18.400000,noise,1.038043,0.357006,0.223750
d020,1116,18.600000,noise,2.831778,0.410938,0.455500
d020,1128,18.800000,noise,0.007886,0.003629,0.020188
d020,1140,19.000000,noise,2.662364,0.345565,0.544125
d020,1152,19.200000,noise,1.916793,0.373690,0.477312
d020,1164,19.400000,noise,0.012843,0.020615,0.028750
d020,1176,19.600000,noise,2.218823,0.518851,0.398188
d020,1188,19.800000,noise,1.078004,0.288861,0.167437
d021,12,0.200000,noise,0.011035,0.056351,0.030625
d021,24,0.400000,noise,2.920429,0.995060,6.484687
d021,36,0.600000,noise,1.162185,0.580242,3.500625
d021,48,0.800000,noise,3.455542,1.404889,6.519563
d021,60,1.000000,noise,3.876930,1.308921,5.262875
d021,72,1.200000,noise,1.362530,0.705696,2.265312
d021,84,1.400000,noise,2.945523,1.306704,5.337250
d021,96,1.600000,noise,0.015394,0.046573,0.046000
d021,108,1.800000,noise,4.239549,1.830847,13.481000
d021,120,2.000000,noise,2.316150,1.593044,13.452250
d021,132,2.200000,noise,2.633311,2.328629,18.002625
d021,144,2.400000,noise,3.231240,2.021371,21.032563
d021,156,2.600000,noise,1.671193,1.581351,16.783812
d021,168,2.800000,noise,2.025357,1.844758,18.836875
d021,180,3.000000,noise,0.007541,0.024446,0.034563
d021,192,3.200000,noise,0.879600,1.043145,9.831812
d021,204,3.400000,noise,1.032900,0.308669,2.474750
d021,216,3.600000,noise,2.907201,0.360635,2.537688
d021,228,3.800000,noise,2.747230,0.262903,2.353813
d021,240,4.000000,noise,0.934726,0.176109,0.628938
d021,252,4.200000,noise,2.809284,0.823841,1.856313
d021,264,4.400000,noise,0.003185,0.020262,0.005188
d021,276,4.600000,noise,2.963889,0.486643,0.408813
d021,288,4.800000,noise,1.650802,0.262097,0.352000
d021,300,5.000000,noise,2.426209,0.410433,0.392062
d021,312,5.200000,noise,3.455253,0.486341,0.658250
d021,324,5.400000,noise,2.528900,0.263962,0.436688
d021,336,5.600000,noise,3.363415,0.523841,0.535750
d021,348,5.800000,noise,0.008886,0.058014,0.037687
d021,360,6.000000,post_event,1.621053,1.405040,1.356375
d021,372,6.200000,post_event,1.679731,1.198992,0.527250
d021,384,6.400000,post_event,0.003872,0.012198,0.070563
d021,396,6.600000,post_event,1.239647,1.142137,0.483000
d021,408,6.800000,post_event,1.243158,0.898488,0.778937
d021,420,7.000000,post_event,0.785818,1.536290,0.632563
d021,432,7.200000,post_event,1.853063,1.245716,0.528687
d021,444,7.400000,post_event,1.874520,1.077067,0.399313
d021,456,7.600000,post_event,3.073251,1.374748,0.506125
d021,468,7.800000,post_event,0.005151,0.010534,0.030437
d021,480,8.000000,post_event,3.558001,1.146321,0.487500
d021,492,8.200000,post_event,3.332092,0.733821,0.537937
d021,504,8.400000,post_event,2.433784,1.329637,1.946937
d021,516,8.600000,real_delivery,1.527804,1.079536,0.392750
d021,528,8.800000,real_delivery,0.616774,0.530696,0.238500
d021,540,9.000000,real_delivery,1.678337,0.921825,0.455000
d021,552,9.200000,real_delivery,0.004810,0.015625,0.011312
d021,564,9.400000,real_delivery,2.340032,0.912450,0.362938
d021,576,9.600000,real_delivery,1.574129,0.573538,0.360875
d021,588,9.800000,real_delivery,3.819768,0.971976,0.313188
d021,600,10.000000,real_delivery,3.212457,1.121673,0.499937
d021,612,10.200000,real_delivery,2.646231,0.767389,0.347500
d021,624,10.400000,real_delivery,3.571707,1.272228,0.573063
d021,636,10.600000,real_delivery,0.003443,0.015625,0.007687
d021,648,10.800000,real_delivery,0.883190,0.977621,0.338875
d021,660,11.000000,real_delivery,2.550380,1.160383,0.605938
d021,672,11.200000,real_delivery,0.008975,0.037500,0.026375
d021,684,11.400000,real_delivery,1.442974,0.562450,0.425875
d021,696,11.600000,post_event,1.085548,0.347429,0.335625
d021,708,11.800000,post_event,3.538711,6.678780,12.887063
d021,720,12.000000,post_event,0.004032,0.007863,0.009187
d021,732,12.200000,post_event,3.569551,8.408871,15.777188
d021,744,12.400000,post_event,4.581658,8.338054,20.204062
d021,756,12.600000,post_event,0.007764,0.036442,0.064375
d021,768,12.800000,post_event,4.744879,5.821623,21.057813
d021,780,13.000000,post_event,3.120925,10.979083,16.103313
d021,792,13.200000,post_event,4.437076,13.272883,20.124125
d021,804,13.400000,post_event,0.002062,0.012500,0.039813
d021,816,13.600000,post_event,4.341355,10.675605,21.475313
d021,828,13.800000,post_event,4.238087,9.807107,16.895750
d021,840,14.000000,post_event,0.001323,0.000907,0.003812
d021,852,14.200000,noise,8.241282,11.613256,27.392125
d021,864,14.400000,noise,6.679046,13.672933,29.587563
d021,876,14.600000,noise,2.306940,6.245413,6.998125
d021,888,14.800000,noise,2.141431,2.821875,7.030563
d021,900,15.000000,noise,2.096336,3.497883,8.572250
d021,912,15.200000,noise,0.022948,0.029083,0.073313
d021,924,15.400000,noise,2.076674,3.875958,6.826625
d021,936,15.600000,noise,1.675134,2.301109,4.867063
d021,948,15.800000,noise,1.587373,2.726512,5.461313
d021,960,16.000000,noise,0.019513,0.012349,0.079562
d021,972,16.200000,noise,1.004310,2.887198,11.350500
d021,984,16.400000,noise,1.071103,4.992591,7.459313
d021,996,16.600000,noise,0.020781,0.005645,0.045187
d021,1008,16.800000,noise,1.242205,3.398337,7.053500
d021,1020,17.000000,noise,1.279902,2.250958,5.113812
d021,1032,17.200000,noise,1.321647,2.807006,7.525375
d021,1044,17.400000,noise,1.440007,4.014718,9.487500
d021,1056,17.600000,noise,1.802730,2.596724,6.917125
d021,1068,17.800000,noise,1.017391,2.677218,5.741187
d021,1080,18.000000,noise,0.013413,0.004486,0.057500
d021,1092,18.200000,noise,0.800183,1.590927,4.404375
d021,1104,18.400000,noise,0.940810,1.215675,2.747063
d021,1116,18.600000,noise,1.112814,1.286139,2.871750
d021,1128,18.800000,noise,1.192816,1.283468,3.008750
d021,1140,19.000000,noise,1.271089,1.369153,3.136687
d021,1152,19.200000,noise,1.236786,1.431300,3.410250
d021,1164,19.400000,noise,1.331741,1.803931,3.710875
d021,1176,19.600000,noise,1.150679,2.059375,5.694125
d021,1188,19.800000,noise,1.669632,1.724194,3.951062
d022,12,0.200000,noise,0.994050,0.748286,0.616688
d022,24,0.400000,noise,0.513263,0.347581,0.412000
d022,36,0.600000,noise,2.084280,1.493044,2.673875
d022,48,0.800000,noise,1.703218,1.058065,0.551687
d022,60,1.000000,noise,2.279922,1.544254,0.716562
d022,72,1.200000,noise,3.168267,0.880091,0.609938
d022,84,1.400000,noise,2.601455,1.526058,3.430438
d022,96,1.600000,noise,2.344483,1.123337,1.259500
d022,108,1.800000,noise,0.012537,0.045766,0.089875
d022,120,2.000000,noise,2.198781,1.112853,1.134375
d022,132,2.200000,noise,1.548909,0.419859,0.783000
d022,144,2.400000,noise,2.307188,0.494758,0.953812
d022,156,2.600000,noise,2.513696,0.650454,1.079937
d022,168,2.800000,noise,1.692688,0.672480,0.779625
d022,180,3.000000,noise,2.920746,1.509627,1.189500
d022,192,3.200000,noise,3.055185,1.484526,0.996000
d022,204,3.400000,noise,1.761117,1.153629,0.634500
d022,216,3.600000,noise,2.542025,1.300504,0.985313
d022,228,3.800000,noise,0.004886,0.007258,0.025250
d022,240,4.000000,noise,1.792347,0.753125,0.715500
d022,252,4.200000,noise,0.508225,0.779435,1.941563
d022,264,4.400000,noise,1.404715,0.510736,0.480438
d022,276,4.600000,noise,2.156050,2.304536,9.216875
d022,288,4.800000,noise,3.875911,9.393800,18.074250
d022,300,5.000000,noise,4.364169,8.569304,15.639625
d022,312,5.200000,noise,0.005824,0.066986,0.092438
d022,324,5.400000,noise,4.145587,3.169254,13.871500
d022,336,5.600000,noise,4.683555,10.940726,18.760125
d022,348,5.800000,noise,0.009736,0.010837,0.064562
d022,360,6.000000,post_event,5.330561,11.263810,18.551000
d022,372,6.200000,post_event,6.221867,7.299546,17.502562
d022,384,6.400000,post_event,6.773506,11.845867,25.329000
d022,396,6.600000,post_event,0.001565,0.000907,0.016563
d022,408,6.800000,post_event,8.525481,18.686845,52.735250
d022,420,7.000000,post_event,5.679156,17.253982,47.353437
d022,432,7.200000,post_event,0.016978,0.014466,0.106875
d022,444,7.400000,post_event,0.020185,0.035786,0.136500
d022,456,7.600000,post_event,0.014406,0.023790,0.047313
d022,468,7.800000,post_event,0.129727,0.081603,0.370812
d022,480,8.000000,post_event,0.008054,0.004839,0.050500
d022,492,8.200000,post_event,0.031882,0.036442,0.147437
d022,504,8.400000,post_event,0.022903,0.021069,0.132812
d022,516,8.600000,real_delivery,0.010375,0.006048,0.051187
d022,528,8.800000,real_delivery,0.023484,0.024899,0.137500
d022,540,9.000000,real_delivery,0.018570,0.031855,0.133125
d022,552,9.200000,real_delivery,0.034071,0.063105,0.184188
d022,564,9.400000,real_delivery,0.034948,0.059123,0.141000
d022,576,9.600000,real_delivery,0.040419,0.078982,0.290687
d022,588,9.800000,real_delivery,0.022755,0.011341,0.134813
d022,600,10.000000,real_delivery,0.008441,0.001714,0.036187
d022,612,10.200000,real_delivery,0.042046,0.082712,0.203250
d022,624,10.400000,real_delivery,0.027893,0.024698,0.110062
d022,636,10.600000,real_delivery,0.174938,0.163659,0.622938
d022,648,10.800000,real_delivery,0.016556,0.017994,0.086688
d022,660,11.000000,real_delivery,0.103540,0.509929,0.880812
d022,672,11.200000,real_delivery,0.018486,0.045010,0.109937
d022,684,11.400000,real_delivery,0.005266,0.005444,0.028313
d022,696,11.600000,post_event,0.033943,0.054385,0.231063
d022,708,11.800000,post_event,0.032002,0.055393,0.194875
d022,720,12.000000,post_event,0.025243,0.059476,0.154625
d022,732,12.200000,post_event,0.015023,0.027722,0.060750
d022,744,12.400000,post_event,0.014332,0.009022,0.065812
d022,756,12.600000,post_event,0.011695,0.019909,0.054062
d022,768,12.800000,post_event,0.009122,0.006250,0.034375
d022,780,13.000000,post_event,0.008454,0.003276,0.022125
d022,792,13.200000,post_event,0.007172,0.011442,0.019750
d022,804,13.400000,post_event,0.006070,0.007611,0.027500
d022,816,13.600000,post_event,0.266541,0.664163,1.549313
d022,828,13.800000,post_event,0.025232,0.051915,0.120375
d022,840,14.000000,post_event,0.015969,0.018599,0.067437
d022,852,14.200000,noise,0.008804,0.009627,0.041438
d022,864,14.400000,noise,0.015177,0.015222,0.068375
d022,876,14.600000,noise,0.009558,0.013054,0.026625
d022,888,14.800000,noise,0.006991,0.003629,0.019062
d022,900,15.000000,noise,0.006639,0.004990,0.018875
d022,912,15.200000,noise,0.092541,0.517288,0.925625
d022,924,15.400000,noise,0.008370,0.016482,0.009312
d022,936,15.600000,noise,0.005216,0.005444,0.011562
d022,948,15.800000,noise,0.005474,0.005948,0.014000
d022,960,16.000000,noise,0.004368,0.003226,0.011813
d022,972,16.200000,noise,0.002970,0.001966,0.003063
d022,984,16.400000,noise,0.002670,0.000958,0.001000
d022,996,16.600000,noise,0.003082,0.001159,0.003563
d022,1008,16.800000,noise,0.003088,0.003579,0.010375
d022,1020,17.000000,noise,0.002077,0.000554,0.003438
d022,1032,17.200000,noise,0.003550,0.003175,0.010500
d022,1044,17.400000,noise,0.002746,0.002571,0.002250
d022,1056,17.600000,noise,0.002061,0.001966,0.002625
d022,1068,17.800000,noise,0.003112,0.001663,0.007812
d022,1080,18.000000,noise,0.002254,0.001966,0.007500
d022,1092,18.200000,noise,0.003375,0.003931,0.001437
d022,1104,18.400000,noise,0.001945,0.000756,0.009000
d022,1116,18.600000,noise,0.003694,0.001714,0.007500
d022,1128,18.800000,noise,0.002897,0.002419,0.009500
d022,1140,19.000000,noise,0.002500,0.003024,0.006313
d022,1152,19.200000,noise,0.003619,0.003579,0.008000
d022,1164,19.400000,noise,0.066818,0.371321,0.608125
d022,1176,19.600000,noise,0.005856,0.011038,0.008375
d022,1188,19.800000,noise,0.004063,0.004435,0.006000
d023,12,0.200000,noise,5.017452,1.602671,0.767000
d023,24,0.400000,noise,0.010632,0.016431,0.052062
d023,36,0.600000,noise,4.361072,1.061190,0.539813
d023,48,0.800000,noise,2.731682,0.664415,0.383688
d023,60,1.000000,noise,3.086099,0.510383,0.358187
d023,72,1.200000,noise,3.019181,0.447984,0.401375
d023,84,1.400000,noise,5.512043,2.190071,0.898125
d023,96,1.600000,noise,2.923728,2.369909,0.754563
d023,108,1.800000,noise,0.014053,0.051865,0.072438
d023,120,2.000000,noise,2.741416,1.490272,0.367563
d023,132,2.200000,noise,1.464802,0.416331,0.166063
d023,144,2.400000,noise,2.502369,0.948286,0.462500
d023,156,2.600000,noise,2.227377,0.728579,0.467750
d023,168,2.800000,noise,1.939818,0.806250,0.329375
d023,180,3.000000,noise,3.940251,1.829133,0.568500
d023,192,3.200000,noise,0.012629,0.020363,0.057000
d023,204,3.400000,noise,3.820950,2.009778,0.597500
d023,216,3.600000,noise,2.560731,1.726663,0.439750
d023,228,3.800000,noise,5.661644,2.111391,0.695187
d023,240,4.000000,noise,5.802380,1.447379,0.549562
d023,252,4.200000,noise,3.610106,2.554788,5.990563
d023,264,4.400000,noise,4.668228,6.505847,13.231250
d023,276,4.600000,noise,0.005000,0.007812,0.034875
d023,288,4.800000,noise,4.860045,6.249798,10.926625
d023,300,5.000000,noise,3.059812,1.794607,6.076000
d023,312,5.200000,noise,5.390384,5.121976,18.066312
d023,324,5.400000,noise,5.187455,12.205292,19.592063
d023,336,5.600000,noise,2.948335,10.128478,14.734000
d023,348,5.800000,noise,4.401365,10.466028,16.638625
d023,360,6.000000,post_event,0.004616,0.006452,0.016625
d023,372,6.200000,post_event,5.344162,8.678881,20.863750
d023,384,6.400000,post_event,5.849535,7.663004,18.201563
d023,396,6.600000,post_event,4.842151,6.133115,15.335750
d023,408,6.800000,post_event,7.419957,7.153982,18.954750
d023,420,7.000000,post_event,4.960077,7.258065,18.287250
d023,432,7.200000,post_event,0.071314,0.613911,0.739812
d023,444,7.400000,post_event,0.006259,0.009325,0.041625
d023,456,7.600000,post_event,0.074937,0.575403,0.894625
d023,468,7.800000,post_event,0.048823,0.447984,0.676937
d023,480,8.000000,post_event,0.071283,0.578024,0.840437
d023,492,8.200000,post_event,0.081464,0.629435,1.044000
d023,504,8.400000,post_event,0.046909,0.500655,0.691562
d023,516,8.600000,real_delivery,0.110458,1.059173,0.989688
d023,528,8.800000,real_delivery,0.008173,0.015020,0.035500
d023,540,9.000000,real_delivery,0.091448,1.313710,1.457375
d023,552,9.200000,real_delivery,0.090987,0.708266,1.860000
d023,564,9.400000,real_delivery,0.112873,0.541230,2.586187
d023,576,9.600000,real_delivery,0.107581,0.707258,1.455938
d023,588,9.800000,real_delivery,0.090058,0.594859,0.943750
d023,600,10.000000,real_delivery,0.206601,0.805847,1.355438
d023,612,10.200000,real_delivery,0.008687,0.010232,0.048375
d023,624,10.400000,real_delivery,0.150394,0.944808,1.801875
d023,636,10.600000,real_delivery,0.177404,1.327470,1.887875
d023,648,10.800000,real_delivery,0.015031,0.028780,0.085687
d023,660,11.000000,real_delivery,0.189597,1.392288,2.049375
d023,672,11.200000,real_delivery,0.071948,0.689617,1.139438
d023,684,11.400000,real_delivery,0.138070,0.918700,1.831687
d023,696,11.600000,post_event,0.006847,0.006401,0.053562
d023,708,11.800000,post_event,0.296797,1.008518,2.354563
d023,720,12.000000,post_event,0.149000,0.879788,1.818500
d023,732,12.200000,post_event,0.018399,0.021421,0.086313
d023,744,12.400000,post_event,0.139591,1.020917,1.699875
d023,756,12.600000,post_event,0.199170,1.565474,1.481875
d023,768,12.800000,post_event,0.336382,1.293498,2.142063
d023,780,13.000000,post_event,0.021861,0.060081,0.107063
d023,792,13.200000,post_event,0.404956,1.586190,2.602187
d023,804,13.400000,post_event,0.332193,0.996925,2.533875
d023,816,13.600000,post_event,0.021689,0.041079,0.176625
d023,828,13.800000,post_event,0.511590,0.516784,5.082937
d023,840,14.000000,post_event,0.077012,0.291431,0.847938
d023,852,14.200000,noise,0.185670,0.475504,3.410938
d023,864,14.400000,noise,0.168059,0.492742,3.371812
d023,876,14.600000,noise,0.405515,0.745313,5.399312
d023,888,14.800000,noise,0.255430,0.478226,3.999437
d023,900,15.000000,noise,0.014837,0.029889,0.104875
d023,912,15.200000,noise,0.240212,0.849597,3.779000
d023,924,15.400000,noise,0.064488,0.150605,1.026437
d023,936,15.600000,noise,0.152514,0.418851,2.288875
d023,948,15.800000,noise,0.137785,0.456401,2.113688
d023,960,16.000000,noise,0.096085,0.334577,1.200063
d023,972,16.200000,noise,0.150450,0.550101,1.806312
d023,984,16.400000,noise,0.014625,0.029587,0.071563
d023,996,16.600000,noise,0.188173,0.767440,2.094187
d023,1008,16.800000,noise,0.099234,0.389365,1.050563
d023,1020,17.000000,noise,0.217592,0.814667,2.004062
d023,1032,17.200000,noise,0.202889,0.643095,1.527375
d023,1044,17.400000,noise,0.153534,0.397782,0.959250
d023,1056,17.600000,noise,0.268607,0.541532,1.264188
d023,1068,17.800000,noise,0.018416,0.019960,0.076000
d023,1080,18.000000,noise,0.197080,0.666935,1.538875
d023,1092,18.200000,noise,0.127714,0.401613,0.965938
d023,1104,18.400000,noise,0.215686,0.662298,1.543375
d023,1116,18.600000,noise,0.291170,0.630192,1.883188
d023,1128,18.800000,noise,0.162084,0.414919,1.554062
d023,1140,19.000000,noise,0.411509,0.696270,2.473187
d023,1152,19.200000,noise,0.014523,0.032006,0.093688
d023,1164,19.400000,noise,0.268301,1.103377,3.170625
d023,1176,19.600000,noise,0.112251,0.573337,1.772125
d023,1188,19.800000,noise,0.161774,0.746220,2.485625
d024,12,0.200000,noise,0.067776,0.046976,0.045000
d024,24,0.400000,noise,0.099838,0.022883,0.039750
d024,36,0.600000,noise,0.268389,0.033669,0.094125
d024,48,0.800000,noise,0.141801,0.014819,0.030125
d024,60,1.000000,noise,0.139611,0.004234,0.097562
d024,72,1.200000,noise,0.163403,0.047228,1.999937
d024,84,1.400000,noise,0.347347,0.011290,0.259500
d024,96,1.600000,noise,0.187564,0.002369,0.219750
d024,108,1.800000,noise,0.190724,0.001714,0.228313
d024,120,2.000000,noise,0.524802,0.011744,0.535125
d024,132,2.200000,noise,0.197221,0.005847,0.185438
d024,144,2.400000,noise,0.198111,0.010534,0.194438
d024,156,2.600000,noise,0.168311,0.016683,0.202187
d024,168,2.800000,noise,0.404868,0.326361,1.647687
d024,180,3.000000,noise,0.195265,0.048135,0.185688
d024,192,3.200000,noise,0.212685,0.013760,0.165625
d024,204,3.400000,noise,0.580263,0.020060,0.501687
d024,216,3.600000,noise,0.213407,0.014567,0.172125
d024,228,3.800000,noise,0.215445,0.007712,0.239563
d024,240,4.000000,noise,0.213662,0.038306,0.147187
d024,252,4.200000,noise,0.402183,0.534274,1.912000
d024,264,4.400000,noise,0.220249,0.018397,0.148500
d024,276,4.600000,noise,0.386912,0.003629,0.142500
d024,288,4.800000,noise,0.458625,0.018145,0.319063
d024,300,5.000000,noise,0.210605,0.008115,0.116562
d024,312,5.200000,noise,0.191722,0.041230,0.187250
d024,324,5.400000,noise,0.707879,5.119153,20.651563
d024,336,5.600000,noise,2.485250,8.117540,39.004500
d024,348,5.800000,noise,1.254867,4.237046,23.650938
d024,360,6.000000,post_event,2.689138,0.282661,43.306438
d024,372,6.200000,post_event,2.279016,0.041835,31.338687
d024,384,6.400000,post_event,1.185368,0.015121,8.406437
d024,396,6.600000,post_event,1.069925,0.013760,6.805063
d024,408,6.800000,post_event,1.184974,0.008518,1.890313
d024,420,7.000000,post_event,1.550405,0.013710,0.334750
d024,432,7.200000,post_event,0.102470,0.005141,0.035562
d024,444,7.400000,post_event,0.083921,0.004335,0.024188
d024,456,7.600000,post_event,0.152206,0.004889,0.027625
d024,468,7.800000,post_event,0.146709,0.010333,0.015500
d024,480,8.000000,post_event,0.114766,0.003629,0.022375
d024,492,8.200000,post_event,0.125995,0.004234,0.021812
d024,504,8.400000,post_event,0.282114,0.411442,1.326750
d024,516,8.600000,real_delivery,0.108838,0.000252,0.015875
d024,528,8.800000,real_delivery,0.120574,0.007208,0.013312
d024,540,9.000000,real_delivery,0.242721,0.000806,0.005812
d024,552,9.200000,real_delivery,0.124763,0.001008,0.004437
d024,564,9.400000,real_delivery,0.122164,0.000000,0.008563
d024,576,9.600000,real_delivery,1.931983,0.187147,0.685750
d024,588,9.800000,real_delivery,1.852441,0.020867,0.113062
d024,600,10.000000,real_delivery,2.039641,0.003831,0.050937
d024,612,10.200000,real_delivery,2.205972,0.000101,0.030562
d024,624,10.400000,real_delivery,4.557512,0.009073,0.037875
d024,636,10.600000,real_delivery,2.721318,0.009728,0.006125
d024,648,10.800000,real_delivery,2.238348,0.000000,0.021250
d024,660,11.000000,real_delivery,4.390129,0.001310,0.025562
d024,672,11.200000,real_delivery,2.448114,0.000353,0.009375
d024,684,11.400000,real_delivery,1.941538,0.004486,0.026062
d024,696,11.600000,post_event,1.464730,0.000000,0.007562
d024,708,11.800000,post_event,3.104300,0.000605,0.010750
d024,720,12.000000,post_event,1.927467,0.002369,0.020188
d024,732,12.200000,post_event,3.375238,0.001008,0.009687
d024,744,12.400000,post_event,1.737572,0.002268,0.022562
d024,756,12.600000,post_event,1.633681,0.421220,1.153563
d024,768,12.800000,post_event,1.722723,0.000403,0.010500
d024,780,13.000000,post_event,1.453734,0.001058,0.022187
d024,792,13.200000,post_event,1.910432,0.000000,0.014625
d024,804,13.400000,post_event,0.831356,0.002369,0.017000
d024,816,13.600000,post_event,2.823249,0.000454,0.009437
d024,828,13.800000,post_event,2.569360,0.000000,0.014625
d024,840,14.000000,post_event,1.808451,0.000000,0.002125
d024,852,14.200000,noise,1.491189,0.001210,0.015625
d024,864,14.400000,noise,1.818576,0.000050,0.018125
d024,876,14.600000,noise,3.524782,0.001159,0.012000
d024,888,14.800000,noise,1.903533,0.000403,0.002375
d024,900,15.000000,noise,2.712261,0.000403,0.012812
d024,912,15.200000,noise,3.756561,0.000000,0.015938
d024,924,15.400000,noise,2.353839,0.000403,0.001437
d024,936,15.600000,noise,2.199558,0.000000,0.011562
d024,948,15.800000,noise,1.961418,0.000403,0.015625
d024,960,16.000000,noise,3.264102,0.000403,0.018687
d024,972,16.200000,noise,3.978260,0.005544,0.065812
d024,984,16.400000,noise,2.598155,0.004083,0.045500
d024,996,16.600000,noise,2.852520,0.105645,0.376250
d024,1008,16.800000,noise,1.973493,0.383417,1.135500
d024,1020,17.000000,noise,2.248893,0.001260,0.009875
d024,1032,17.200000,noise,2.467094,0.000000,0.006250
d024,1044,17.400000,noise,3.706933,0.004990,0.006500
d024,1056,17.600000,noise,3.143764,0.001109,0.010000
d024,1068,17.800000,noise,2.736819,0.001109,0.021875
d024,1080,18.000000,noise,3.083948,0.010585,0.034688
d024,1092,18.200000,noise,2.770721,0.001915,0.023625
d024,1104,18.400000,noise,2.748390,0.003427,0.019250
d024,1116,18.600000,noise,3.099398,0.000403,0.011875
d024,1128,18.800000,noise,2.893814,0.000000,0.020563
d024,1140,19.000000,noise,3.629232,0.001058,0.010812
d024,1152,19.200000,noise,3.093009,0.001058,0.003625
d024,1164,19.400000,noise,4.158241,0.000000,0.013750
d024,1176,19.600000,noise,2.607819,0.001058,0.005562
d024,1188,19.800000,noise,2.545822,0.001058,0.005875
d025,12,0.200000,noise,0.026144,0.062399,0.065625
d025,24,0.400000,noise,0.016097,0.031300,0.024875
d025,36,0.600000,noise,0.008499,0.021169,0.006875
d025,48,0.800000,noise,0.008238,0.012399,0.009500
d025,60,1.000000,noise,0.005078,0.022228,0.003875
d025,72,1.200000,noise,0.008313,0.028780,0.000750
d025,84,1.400000,noise,0.006962,0.004183,0.001500
d025,96,1.600000,noise,0.005575,0.006603,0.010438
d025,108,1.800000,noise,0.006131,0.009375,0.000000
d025,120,2.000000,noise,0.004610,0.016683,0.000750
d025,132,2.200000,noise,0.006802,0.006552,0.000750
d025,144,2.400000,noise,0.006730,0.008417,0.000000
d025,156,2.600000,noise,0.004228,0.010786,0.000000
d025,168,2.800000,noise,0.006187,0.007560,0.000000
d025,180,3.000000,noise,0.004253,0.009123,0.000000
d025,192,3.200000,noise,0.006312,0.009526,0.000000
d025,204,3.400000,noise,0.005269,0.009022,0.000000
d025,216,3.600000,noise,0.006476,0.002722,0.000000
d025,228,3.800000,noise,0.007245,0.008518,0.000000
d025,240,4.000000,noise,0.003235,0.008821,0.000000
d025,252,4.200000,noise,0.068247,0.450605,1.597312
d025,264,4.400000,noise,0.004538,0.013710,0.000375
d025,276,4.600000,noise,0.006244,0.013458,0.002437
d025,288,4.800000,noise,0.004207,0.011542,0.002437
d025,300,5.000000,noise,0.006543,0.015877,0.002437
d025,312,5.200000,noise,0.010936,0.004536,0.002437
d025,324,5.400000,noise,0.003580,0.007409,0.000000
d025,336,5.600000,noise,0.004642,0.008518,0.000000
d025,348,5.800000,noise,0.003433,0.013256,0.000000
d025,360,6.000000,post_event,0.004769,0.012450,0.002437
d025,372,6.200000,post_event,0.003690,0.013357,0.002437
d025,384,6.400000,post_event,0.007999,0.009879,0.002437
d025,396,6.600000,post_event,0.005676,0.006250,0.000000
d025,408,6.800000,post_event,0.003492,0.009224,0.000000
d025,420,7.000000,post_event,0.004517,0.008518,0.002437
d025,432,7.200000,post_event,0.003114,0.007258,0.000000
d025,444,7.400000,post_event,0.004469,0.003427,0.002437
d025,456,7.600000,post_event,0.003013,0.001361,0.002437
d025,468,7.800000,post_event,0.006075,0.005746,0.000000
d025,480,8.000000,post_event,0.005882,0.005595,0.002437
d025,492,8.200000,post_event,0.003345,0.005091,0.000000
d025,504,8.400000,post_event,0.048994,0.331552,0.907375
d025,516,8.600000,real_delivery,0.005727,0.018397,0.000125
d025,528,8.800000,real_delivery,0.006124,0.018649,0.003063
d025,540,9.000000,real_delivery,0.003585,0.009073,0.000000
d025,552,9.200000,real_delivery,0.007930,0.001563,0.002875
d025,564,9.400000,real_delivery,0.005869,0.003780,0.002875
d025,576,9.600000,real_delivery,0.003935,0.008871,0.000000
d025,588,9.800000,real_delivery,0.006879,0.004889,0.000000
d025,600,10.000000,real_delivery,0.003770,0.019002,0.000000
d025,612,10.200000,real_delivery,0.005392,0.011845,0.000000
d025,624,10.400000,real_delivery,0.005855,0.014819,0.000000
d025,636,10.600000,real_delivery,0.002976,0.001966,0.002875
d025,648,10.800000,real_delivery,0.005273,0.012651,0.000000
d025,660,11.000000,real_delivery,0.003317,0.007712,0.000000
d025,672,11.200000,real_delivery,0.004993,0.001966,0.002875
d025,684,11.400000,real_delivery,0.003260,0.014919,0.000000
d025,696,11.600000,post_event,0.005698,0.010786,0.002875
d025,708,11.800000,post_event,0.006256,0.006099,0.004188
d025,720,12.000000,post_event,0.002632,0.001966,0.002563
d025,732,12.200000,post_event,0.004667,0.009375,0.002563
d025,744,12.400000,post_event,0.002816,0.007006,0.000000
d025,756,12.600000,post_event,0.049939,0.381099,0.871938
d025,768,12.800000,post_event,0.006291,0.017188,0.013938
d025,780,13.000000,post_event,0.006453,0.008216,0.007875
d025,792,13.200000,post_event,0.006978,0.006099,0.004562
d025,804,13.400000,post_event,0.003475,0.006099,0.006812
d025,816,13.600000,post_event,0.004485,0.005343,0.000000
d025,828,13.800000,post_event,0.002807,0.001411,0.000000
d025,840,14.000000,post_event,0.005723,0.002067,0.006938
d025,852,14.200000,noise,0.003474,0.003478,0.000000
d025,864,14.400000,noise,0.007596,0.001411,0.002750
d025,876,14.600000,noise,0.004822,0.003528,0.000000
d025,888,14.800000,noise,0.003520,0.007460,0.000000
d025,900,15.000000,noise,0.004682,0.005343,0.000000
d025,912,15.200000,noise,0.002780,0.004385,0.000000
d025,924,15.400000,noise,0.004728,0.000000,0.002750
d025,936,15.600000,noise,0.003046,0.008821,0.000000
d025,948,15.800000,noise,0.007609,0.001411,0.000000
d025,960,16.000000,noise,0.006033,0.009879,0.000000
d025,972,16.200000,noise,0.003732,0.008216,0.002750
d025,984,16.400000,noise,0.004532,0.003478,0.000000
d025,996,16.600000,noise,0.002344,0.002772,0.000000
d025,1008,16.800000,noise,0.036244,0.366835,0.799813
d025,1020,17.000000,noise,0.009208,0.032560,0.009437
d025,1032,17.200000,noise,0.003491,0.003075,0.002875
d025,1044,17.400000,noise,0.006643,0.008569,0.010063
d025,1056,17.600000,noise,0.003948,0.014063,0.007625
d025,1068,17.800000,noise,0.005562,0.011946,0.005500
d025,1080,18.000000,noise,0.003076,0.004788,0.002000
d025,1092,18.200000,noise,0.005178,0.006149,0.003938
d025,1104,18.400000,noise,0.006015,0.005544,0.000000
d025,1116,18.600000,noise,0.002936,0.001663,0.000000
d025,1128,18.800000,noise,0.005988,0.008014,0.000000
d025,1140,19.000000,noise,0.003828,0.008065,0.000000
d025,1152,19.200000,noise,0.005478,0.006452,0.000000
d025,1164,19.400000,noise,0.003162,0.002268,0.000000
d025,1176,19.600000,noise,0.004193,0.000000,0.000000
d025,1188,19.800000,noise,0.004154,0.000000,0.000000
d026,12,0.200000,noise,1.289617,0.305847,0.698875
d026,24,0.400000,noise,0.701944,0.195212,0.442437
d026,36,0.600000,noise,2.154467,0.491633,0.748375
d026,48,0.800000,noise,1.142232,0.347681,0.484187
d026,60,1.000000,noise,0.845540,0.349244,0.412687
d026,72,1.200000,noise,0.622840,0.443347,0.384000
d026,84,1.400000,noise,0.806639,0.717238,1.719313
d026,96,1.600000,noise,0.929035,0.463155,0.599000
d026,108,1.800000,noise,0.453308,0.168700,0.318937
d026,120,2.000000,noise,2.923400,6.523185,12.088938
d026,132,2.200000,noise,3.241965,9.256704,14.919375
d026,144,2.400000,noise,3.302939,10.210837,17.286438
d026,156,2.600000,noise,3.176660,7.753125,13.069937
d026,168,2.800000,noise,4.962910,5.214113,20.909500
d026,180,3.000000,noise,3.190852,3.559829,15.654687
d026,192,3.200000,noise,3.656342,11.260585,16.297187
d026,204,3.400000,noise,5.014256,13.672631,20.006500
d026,216,3.600000,noise,3.016229,5.343901,13.242812
d026,228,3.800000,noise,4.904393,7.049194,15.117000
d026,240,4.000000,noise,5.595232,7.548538,17.140687
d026,252,4.200000,noise,5.420183,10.023538,16.744625
d026,264,4.400000,noise,13.259704,1.646724,5.535312
d026,276,4.600000,noise,9.329007,10.251260,25.449625
d026,288,4.800000,noise,5.863330,10.988558,25.172937
d026,300,5.000000,noise,1.195032,1.349294,3.341188
d026,312,5.200000,noise,1.183327,1.370060,3.277062
d026,324,5.400000,noise,1.192719,1.380343,3.230750
d026,336,5.600000,noise,2.230623,2.289970,4.996500
d026,348,5.800000,noise,0.991510,1.357611,2.520812
d026,360,6.000000,post_event,1.019361,1.415776,2.405813
d026,372,6.200000,post_event,1.875333,2.104183,3.536625
d026,384,6.400000,post_event,1.189320,1.311946,2.387000
d026,396,6.600000,post_event,1.332468,1.260232,2.436562
d026,408,6.800000,post_event,2.126723,3.115373,6.328688
d026,420,7.000000,post_event,2.163006,3.207258,9.464375
d026,432,7.200000,post_event,2.199741,1.763206,5.705625
d026,444,7.400000,post_event,2.334829,1.470565,3.651000
d026,456,7.600000,post_event,1.831717,1.728679,4.061125
d026,468,7.800000,post_event,1.989014,1.432813,3.571563
d026,480,8.000000,post_event,1.739381,1.558216,3.765188
d026,492,8.200000,post_event,1.575138,2.241230,5.885375
d026,504,8.400000,post_event,1.601398,1.844002,4.772312
d026,516,8.600000,real_delivery,1.599434,1.888710,5.031625
d026,528,8.800000,real_delivery,1.171118,2.129889,7.103937
d026,540,9.000000,real_delivery,0.986696,2.447278,4.395187
d026,552,9.200000,real_delivery,1.107371,1.263306,2.832562
d026,564,9.400000,real_delivery,0.817003,1.243448,3.462250
d026,576,9.600000,real_delivery,1.009540,1.439415,4.011063
d026,588,9.800000,real_delivery,1.496670,1.412550,3.610313
d026,600,10.000000,real_delivery,1.624576,1.493145,3.398438
d026,612,10.200000,real_delivery,1.701708,1.336694,3.327062
d026,624,10.400000,real_delivery,1.484832,1.488962,3.552938
d026,636,10.600000,real_delivery,1.694718,1.235131,3.537750
d026,648,10.800000,real_delivery,2.368299,1.494758,4.792500
d026,660,11.000000,real_delivery,2.535270,1.624748,5.177562
d026,672,11.200000,real_delivery,1.643287,0.996018,2.578063
d026,684,11.400000,real_delivery,2.128265,1.136946,2.876875
d026,696,11.600000,post_event,2.275215,1.156048,2.763125
d026,708,11.800000,post_event,3.702406,1.672480,3.923688
d026,720,12.000000,post_event,3.313648,1.582208,3.608250
d026,732,12.200000,post_event,4.285290,1.777016,3.727000
d026,744,12.400000,post_event,3.400820,1.986643,6.082625
d026,756,12.600000,post_event,3.362800,1.381905,5.056312
d026,768,12.800000,post_event,3.317667,1.493800,3.993937
d026,780,13.000000,post_event,2.928414,1.592792,3.663000
d026,792,13.200000,post_event,3.136871,1.730746,3.860937
d026,804,13.400000,post_event,2.119929,1.663861,3.985562
d026,816,13.600000,post_event,3.853645,1.527621,4.058063
d026,828,13.800000,post_event,2.704599,1.675605,4.584375
d026,840,14.000000,post_event,5.465702,1.809728,5.130625
d026,852,14.200000,noise,5.630185,1.559778,4.197563
d026,864,14.400000,noise,5.186815,1.558115,3.940437
d026,876,14.600000,noise,5.980971,1.679637,4.841000
d026,888,14.800000,noise,2.925756,1.376815,4.429688
d026,900,15.000000,noise,4.527548,1.481351,3.938750
d026,912,15.200000,noise,2.646821,1.704234,3.751375
d026,924,15.400000,noise,4.390531,1.259728,3.772250
d026,936,15.600000,noise,4.471159,1.585181,3.615500
d026,948,15.800000,noise,4.617292,1.669304,3.842500
d026,960,16.000000,noise,3.109060,1.768347,4.695812
d026,972,16.200000,noise,6.742941,2.860333,5.553125
d026,984,16.400000,noise,3.898687,3.128226,6.267938
d026,996,16.600000,noise,6.646757,2.984929,6.591687
d026,1008,16.800000,noise,4.889517,2.699849,6.382875
d026,1020,17.000000,noise,6.032755,2.547530,6.133000
d026,1032,17.200000,noise,6.498055,2.397228,5.251437
d026,1044,17.400000,noise,3.513520,2.872984,4.756687
d026,1056,17.600000,noise,3.425769,1.830444,4.663563
d026,1068,17.800000,noise,4.000227,1.628679,4.325500
d026,1080,18.000000,noise,3.831404,1.807661,4.052562
d026,1092,18.200000,noise,3.263842,1.722833,4.455687
d026,1104,18.400000,noise,3.914491,1.668246,4.663375
d026,1116,18.600000,noise,4.708191,2.023942,5.867312
d026,1128,18.800000,noise,5.085949,5.296522,15.918188
d026,1140,19.000000,noise,5.613487,4.682409,13.083187
d026,1152,19.200000,noise,4.619897,3.555796,13.502437
d026,1164,19.400000,noise,6.425570,6.023790,12.990000
d026,1176,19.600000,noise,2.634098,7.415827,7.471938
d026,1188,19.800000,noise,1.447849,6.928327,5.541188
d027,12,0.200000,noise,3.405795,0.013659,0.102375
d027,24,0.400000,noise,4.453521,0.002772,0.024063
d027,36,0.600000,noise,4.846050,0.001663,0.022625
d027,48,0.800000,noise,3.413649,0.000504,0.028750
d027,60,1.000000,noise,4.258880,0.001260,0.020438
d027,72,1.200000,noise,4.196500,0.001915,0.011750
d027,84,1.400000,noise,3.736216,0.001915,0.049813
d027,96,1.600000,noise,5.461389,0.000353,0.004562
d027,108,1.800000,noise,6.042504,0.000202,0.017125
d027,120,2.000000,noise,5.896354,0.001613,0.001437
d027,132,2.200000,noise,2.984635,0.000000,0.007812
d027,144,2.400000,noise,5.785118,0.000000,0.005687
d027,156,2.600000,noise,5.786280,0.000504,0.001937
d027,168,2.800000,noise,3.412495,0.000605,0.008188
d027,180,3.000000,noise,6.029273,0.001159,0.008625
d027,192,3.200000,noise,6.360337,0.000151,0.002250
d027,204,3.400000,noise,6.445543,0.000000,0.005625
d027,216,3.600000,noise,3.859126,0.000000,0.001000
d027,228,3.800000,noise,6.436133,0.000000,0.001437
d027,240,4.000000,noise,3.859167,0.000907,0.005625
d027,252,4.200000,noise,3.862491,0.412550,1.381563
d027,264,4.400000,noise,5.266193,0.001512,0.018500
d027,276,4.600000,noise,5.420972,0.000554,0.010937
d027,288,4.800000,noise,2.981740,0.000554,0.000937
d027,300,5.000000,noise,2.981632,0.327571,0.876062
d027,312,5.200000,noise,1.870149,0.023387,3.505000
d027,324,5.400000,noise,3.697472,0.010181,26.601000
d027,336,5.600000,noise,5.254283,0.016482,46.582125
d027,348,5.800000,noise,2.915000,0.070766,31.146375
d027,360,6.000000,post_event,3.077035,0.264264,30.045750
d027,372,6.200000,post_event,3.003546,6.631552,21.861375
d027,384,6.400000,post_event,5.904713,17.137097,38.007562
d027,396,6.600000,post_event,4.608221,7.821925,17.634313
d027,408,6.800000,post_event,2.890857,0.902520,0.583625
d027,420,7.000000,post_event,3.144634,1.323690,1.017937
d027,432,7.200000,post_event,2.147456,1.168095,0.685937
d027,444,7.400000,post_event,1.762122,0.615575,0.481625
d027,456,7.600000,post_event,1.644134,0.905696,0.641188
d027,468,7.800000,post_event,3.018932,1.288760,1.059750
d027,480,8.000000,post_event,1.651119,0.787702,0.515250
d027,492,8.200000,post_event,1.401858,0.632409,0.528438
d027,504,8.400000,post_event,2.528418,1.367591,2.170750
d027,516,8.600000,real_delivery,1.567396,0.792944,0.413562
d027,528,8.800000,real_delivery,1.240486,0.910887,0.438500
d027,540,9.000000,real_delivery,0.688627,0.364365,0.410250
d027,552,9.200000,real_delivery,1.685732,0.935081,0.877812
d027,564,9.400000,real_delivery,1.173195,0.596169,0.436000
d027,576,9.600000,real_delivery,1.573870,0.653831,0.546063
d027,588,9.800000,real_delivery,2.576501,0.908821,0.606688
d027,600,10.000000,real_delivery,1.562861,0.820464,0.416250
d027,612,10.200000,real_delivery,2.057944,1.220262,0.471938
d027,624,10.400000,real_delivery,2.846704,1.215625,0.897000
d027,636,10.600000,real_delivery,1.587025,0.707510,0.370250
d027,648,10.800000,real_delivery,2.054427,1.067893,0.374000
d027,660,11.000000,real_delivery,1.752308,1.109627,0.498625
d027,672,11.200000,real_delivery,1.556391,0.721976,0.673562
d027,684,11.400000,real_delivery,1.429974,0.707661,0.592562
d027,696,11.600000,post_event,2.252339,1.114163,0.759250
d027,708,11.800000,post_event,2.184471,1.622379,2.119813
d027,720,12.000000,post_event,1.551123,1.088206,0.496500
d027,732,12.200000,post_event,1.771323,1.292490,0.454000
d027,744,12.400000,post_event,2.022567,1.314113,0.532500
d027,756,12.600000,post_event,3.810436,1.738911,2.143312
d027,768,12.800000,post_event,2.127165,1.297127,0.678875
d027,780,13.000000,post_event,1.924059,1.363306,0.600000
d027,792,13.200000,post_event,2.667063,1.770565,0.845125
d027,804,13.400000,post_event,0.406804,0.833619,0.343313
d027,816,13.600000,post_event,0.503466,0.621119,0.463000
d027,828,13.800000,post_event,0.842676,0.631653,0.500938
d027,840,14.000000,post_event,1.865973,1.457863,0.794312
d027,852,14.200000,noise,0.864780,0.759073,0.311750
d027,864,14.400000,noise,2.179366,1.409526,0.541562
d027,876,14.600000,noise,1.648164,1.435938,0.784875
d027,888,14.800000,noise,1.135207,1.092339,0.519500
d027,900,15.000000,noise,1.404948,1.318196,0.418312
d027,912,15.200000,noise,1.318740,1.355141,0.493188
d027,924,15.400000,noise,2.893922,1.492238,0.770188
d027,936,15.600000,noise,1.115135,1.126764,0.435125
d027,948,15.800000,noise,2.181049,1.065927,0.584125
d027,960,16.000000,noise,1.983012,1.264063,0.770000
d027,972,16.200000,noise,1.092920,1.034425,0.333000
d027,984,16.400000,noise,0.597907,0.523387,0.377750
d027,996,16.600000,noise,2.240275,15.731452,19.092750
d027,1008,16.800000,noise,4.020972,11.882661,19.199938
d027,1020,17.000000,noise,3.986495,10.065827,15.744813
d027,1032,17.200000,noise,2.073489,1.246321,6.007062
d027,1044,17.400000,noise,4.116104,4.615020,16.929500
d027,1056,17.600000,noise,2.891665,3.401966,15.147562
d027,1068,17.800000,noise,3.006039,10.813256,15.254500
d027,1080,18.000000,noise,2.789228,9.916230,15.137688
d027,1092,18.200000,noise,4.031397,11.486794,19.228125
d027,1104,18.400000,noise,5.312019,7.578831,17.420063
d027,1116,18.600000,noise,4.760534,8.150756,16.577000
d027,1128,18.800000,noise,4.411112,7.459627,13.305250
d027,1140,19.000000,noise,7.552093,1.722530,5.479750
d027,1152,19.200000,noise,8.448152,10.169052,25.263375
d027,1164,19.400000,noise,6.618610,11.135887,27.992750
d027,1176,19.600000,noise,0.980350,2.462903,5.295000
d027,1188,19.800000,noise,0.583721,1.077419,2.164438
d028,12,0.200000,noise,0.287996,0.587550,0.338375
d028,24,0.400000,noise,0.360263,0.608417,0.363063
d028,36,0.600000,noise,0.788070,0.858367,0.667188
d028,48,0.800000,noise,0.954919,0.818296,0.432937
d028,60,1.000000,noise,0.523666,0.411190,0.350062
d028,72,1.200000,noise,1.669246,0.988659,0.368563
d028,84,1.400000,noise,0.575078,0.321371,0.243188
d028,96,1.600000,noise,0.378056,0.294304,0.183625
d028,108,1.800000,noise,0.949052,0.396018,0.284875
d028,120,2.000000,noise,2.370601,1.201058,0.411438
d028,132,2.200000,noise,2.490171,1.144052,0.493875
d028,144,2.400000,noise,1.670320,0.970917,0.290875
d028,156,2.600000,noise,2.407835,1.038105,0.372688
d028,168,2.800000,noise,1.223504,0.901915,0.254937
d028,180,3.000000,noise,1.202004,0.873942,0.255750
d028,192,3.200000,noise,0.935319,0.846825,0.204313
d028,204,3.400000,noise,1.714712,0.927067,0.584875
d028,216,3.600000,noise,0.556670,0.662298,0.292375
d028,228,3.800000,noise,0.531857,0.552772,0.239875
d028,240,4.000000,noise,0.887677,0.584173,0.443437
d028,252,4.200000,noise,0.657877,0.764466,1.797063
d028,264,4.400000,noise,0.462114,0.401008,0.173500
d028,276,4.600000,noise,0.309125,0.324194,0.293125
d028,288,4.800000,noise,0.404031,0.535635,1.327375
d028,300,5.000000,noise,0.832034,0.527621,0.211688
d028,312,5.200000,noise,0.619937,0.309375,0.215188
d028,324,5.400000,noise,0.984751,0.221421,0.357938
d028,336,5.600000,noise,0.484123,0.161442,0.234437
d028,348,5.800000,noise,0.400737,0.085484,0.287750
d028,360,6.000000,post_event,1.689709,0.253075,0.604875
d028,372,6.200000,post_event,0.295947,0.208669,0.332250
d028,384,6.400000,post_event,0.327615,0.240726,0.291500
d028,396,6.600000,post_event,0.292788,0.275605,0.262750
d028,408,6.800000,post_event,0.992925,0.617641,0.539687
d028,420,7.000000,post_event,0.687312,0.744506,0.557000
d028,432,7.200000,post_event,0.983247,0.842540,0.487875
d028,444,7.400000,post_event,1.687872,0.919254,0.537625
d028,456,7.600000,post_event,0.812584,0.780897,0.386062
d028,468,7.800000,post_event,1.037937,0.806502,0.375688
d028,480,8.000000,post_event,1.221077,0.780645,0.344438
d028,492,8.200000,post_event,2.209838,1.039365,0.515312
d028,504,8.400000,post_event,1.163920,1.116633,1.915125
d028,516,8.600000,real_delivery,1.894070,0.955040,0.313563
d028,528,8.800000,real_delivery,1.353332,1.358266,0.543687
d028,540,9.000000,real_delivery,0.659005,0.878831,0.282687
d028,552,9.200000,real_delivery,0.715376,0.688054,0.507812
d028,564,9.400000,real_delivery,1.016475,0.682157,0.461187
d028,576,9.600000,real_delivery,1.916407,1.309879,0.588750
d028,588,9.800000,real_delivery,0.924629,0.809728,0.392375
d028,600,10.000000,real_delivery,1.932697,0.439617,0.612250
d028,612,10.200000,real_delivery,1.678696,0.359274,0.572688
d028,624,10.400000,real_delivery,0.914871,0.302772,0.376812
d028,636,10.600000,real_delivery,1.130064,0.413256,0.357000
d028,648,10.800000,real_delivery,0.765889,0.458115,0.365375
d028,660,11.000000,real_delivery,0.761673,0.647026,0.513625
d028,672,11.200000,real_delivery,1.818232,0.753629,0.491063
d028,684,11.400000,real_delivery,1.350110,0.638458,0.252125
d028,696,11.600000,post_event,2.285568,1.610937,2.235500
d028,708,11.800000,post_event,3.638725,0.991280,0.455062
d028,720,12.000000,post_event,3.430123,0.692389,0.343687
d028,732,12.200000,post_event,2.007431,0.448135,0.388875
d028,744,12.400000,post_event,3.451164,1.296875,3.135187
d028,756,12.600000,post_event,1.851853,0.436290,0.416312
d028,768,12.800000,post_event,1.874611,0.766986,0.585875
d028,780,13.000000,post_event,2.131767,0.762097,0.701562
d028,792,13.200000,post_event,0.816990,0.460786,0.452375
d028,804,13.400000,post_event,0.629088,0.235383,0.350750
d028,816,13.600000,post_event,0.440730,0.203881,0.606875
d028,828,13.800000,post_event,1.766256,0.780393,0.847812
d028,840,14.000000,post_event,1.526401,0.606704,0.565937
d028,852,14.200000,noise,1.254073,0.581804,0.587000
d028,864,14.400000,noise,3.360314,1.122530,1.021000
d028,876,14.600000,noise,1.842367,0.817893,0.625188
d028,888,14.800000,noise,1.839829,0.775806,0.423375
d028,900,15.000000,noise,3.316316,0.966835,0.661062
d028,912,15.200000,noise,0.782945,0.428075,0.398687
d028,924,15.400000,noise,0.741633,0.432359,0.306500
d028,936,15.600000,noise,0.916206,0.740575,0.335625
d028,948,15.800000,noise,2.116200,0.935736,0.889188
d028,960,16.000000,noise,1.553017,0.698639,0.692375
d028,972,16.200000,noise,1.596615,0.663911,0.624000
d028,984,16.400000,noise,2.665674,1.169556,2.195000
d028,996,16.600000,noise,1.421694,0.494657,0.461750
d028,1008,16.800000,noise,1.229431,0.631653,0.478500
d028,1020,17.000000,noise,0.989586,0.488458,0.324937
d028,1032,17.200000,noise,2.873287,0.945413,0.719750
d028,1044,17.400000,noise,2.010378,0.649950,0.525937
d028,1056,17.600000,noise,2.868543,1.015222,0.833500
d028,1068,17.800000,noise,2.627474,0.785786,0.648625
d028,1080,18.000000,noise,1.694874,0.570716,0.441188
d028,1092,18.200000,noise,1.969383,0.750605,0.496500
d028,1104,18.400000,noise,1.299057,0.693851,0.364625
d028,1116,18.600000,noise,1.302766,3.007560,2.002125
d028,1128,18.800000,noise,1.492500,2.631099,0.832063
d028,1140,19.000000,noise,3.492800,1.627218,0.775563
d028,1152,19.200000,noise,2.894908,1.328226,0.875750
d028,1164,19.400000,noise,2.417842,1.080948,0.456500
d028,1176,19.600000,noise,1.946195,0.853478,0.685937
d028,1188,19.800000,noise,2.158011,1.057460,0.578562
d029,12,0.200000,noise,0.198242,0.592742,1.797438
d029,24,0.400000,noise,0.177980,0.431149,1.374250
d029,36,0.600000,noise,0.210793,0.529587,1.716063
d029,48,0.800000,noise,0.301285,0.658115,2.351187
d029,60,1.000000,noise,0.322761,0.631653,2.168563
d029,72,1.200000,noise,0.143833,0.322429,0.936562
d029,84,1.400000,noise,0.294576,0.729587,2.495437
d029,96,1.600000,noise,0.151487,0.386391,1.295813
d029,108,1.800000,noise,0.145356,0.305796,1.155312
d029,120,2.000000,noise,0.168558,0.384879,1.238187
d029,132,2.200000,noise,0.453482,0.989970,3.503500
d029,144,2.400000,noise,0.149886,0.327722,1.179500
d029,156,2.600000,noise,0.150334,0.280847,1.169312
d029,168,2.800000,noise,0.240431,0.515423,2.046125
d029,180,3.000000,post_event,0.150738,0.339919,1.208438
d029,192,3.200000,post_event,0.167356,0.369657,1.212562
d029,204,3.400000,post_event,0.387738,0.826562,3.193750
d029,216,3.600000,post_event,0.154960,0.374798,1.443875
d029,228,3.800000,post_event,0.154307,0.361845,1.284875
d029,240,4.000000,post_event,0.151759,0.385635,1.309313
d029,252,4.200000,post_event,0.328644,1.047329,2.962750
d029,264,4.400000,post_event,0.163073,0.434677,1.565937
d029,276,4.600000,post_event,0.171735,0.380091,1.503750
d029,288,4.800000,post_event,0.482858,0.967440,3.648563
d029,300,5.000000,post_event,0.162867,0.343448,1.389312
d029,312,5.200000,post_event,0.183657,0.347530,1.250312
d029,324,5.400000,post_event,0.198327,0.398135,1.620500
d029,336,5.600000,real_delivery,0.411757,0.657661,2.879313
d029,348,5.800000,real_delivery,0.154217,0.253982,1.267875
d029,360,6.000000,real_delivery,0.374991,0.436643,2.561937
d029,372,6.200000,real_delivery,0.311662,0.535484,2.469187
d029,384,6.400000,real_delivery,0.164914,0.250252,1.194813
d029,396,6.600000,real_delivery,0.128042,0.173488,0.714313
d029,408,6.800000,real_delivery,0.152794,0.266280,1.213563
d029,420,7.000000,real_delivery,0.261922,0.502571,2.024938
d029,432,7.200000,real_delivery,0.112539,0.222329,0.794625
d029,444,7.400000,real_delivery,0.407933,1.007107,3.792813
d029,456,7.600000,real_delivery,1.264764,5.223034,16.414375
d029,468,7.800000,real_delivery,0.518405,2.449597,8.844812
d029,480,8.000000,real_delivery,0.589396,1.505948,6.056000
d030,12,0.200000,noise,4.716453,0.035030,3.686062
d030,24,0.400000,noise,0.007226,0.007107,0.034313
d030,36,0.600000,noise,2.688080,0.051260,4.373812
d030,48,0.800000,noise,3.599486,0.031502,16.434500
d030,60,1.000000,noise,0.003247,0.009476,0.015437
d030,72,1.200000,noise,4.562286,0.009929,7.724437
d030,84,1.400000,noise,3.790981,0.006905,5.262000
d030,96,1.600000,noise,4.360104,0.011694,8.943125
d030,108,1.800000,noise,0.006768,0.007712,0.041250
d030,120,2.000000,noise,3.193133,0.011694,10.720500
d030,132,2.200000,noise,4.542285,0.012903,8.929187
d030,144,2.400000,noise,0.008261,0.005494,0.051187
d030,156,2.600000,noise,4.207964,0.009526,7.533313
d030,168,2.800000,noise,1.565711,0.008216,4.804688
d030,180,3.000000,noise,2.129511,0.011542,5.086563
d030,192,3.200000,noise,0.011848,0.004536,0.081500
d030,204,3.400000,noise,3.158412,0.012248,7.426375
d030,216,3.600000,noise,2.509124,0.016079,6.856750
d030,228,3.800000,noise,0.007279,0.005091,0.047938
d030,240,4.000000,noise,2.437117,0.006956,7.076313
d030,252,4.200000,noise,1.366151,0.009375,6.044688
d030,264,4.400000,noise,2.664515,0.010786,8.295625
d030,276,4.600000,noise,2.352473,0.050706,7.552625
d030,288,4.800000,noise,1.279703,0.055192,5.586750
d030,300,5.000000,noise,6.696933,0.276260,43.093938
d030,312,5.200000,noise,0.000601,0.000000,0.006375
d030,324,5.400000,noise,1.323298,0.000000,3.575438
d030,336,5.600000,noise,0.973391,0.000000,3.558063
d030,348,5.800000,noise,1.112077,0.000000,2.257563
d030,360,6.000000,post_event,0.880339,0.000000,4.212750
d030,372,6.200000,post_event,0.713733,0.000000,3.675000
d030,384,6.400000,post_event,0.585591,0.000000,3.588437
d030,396,6.600000,post_event,0.004668,0.000000,0.020438
d030,408,6.800000,post_event,0.859507,0.000000,4.124562
d030,420,7.000000,post_event,0.645554,0.000000,3.827375
d030,432,7.200000,post_event,0.534894,0.000000,3.632750
d030,444,7.400000,post_event,0.961416,0.000000,4.243688
d030,456,7.600000,post_event,0.642036,0.000000,3.608500
d030,468,7.800000,post_event,0.503040,0.000000,3.224312
d030,480,8.000000,post_event,0.003787,0.000000,0.036500
d030,492,8.200000,post_event,1.071004,0.000000,4.182062
d030,504,8.400000,post_event,0.674154,0.000000,2.911563
d030,516,8.600000,real_delivery,0.546021,0.000000,2.513562
d030,528,8.800000,real_delivery,1.202759,0.002621,4.664000
d030,540,9.000000,real_delivery,0.735392,0.000000,3.591063
d030,552,9.200000,real_delivery,0.645427,0.000000,3.255438
d030,564,9.400000,real_delivery,0.005363,0.000000,0.026000
d030,576,9.600000,real_delivery,1.423862,0.000000,5.175562
d030,588,9.800000,real_delivery,0.455399,0.000000,1.805250
d030,600,10.000000,real_delivery,1.514547,0.000000,6.881750
d030,612,10.200000,real_delivery,2.317268,3.402470,33.306750
d030,624,10.400000,real_delivery,0.049320,0.018145,0.056313
d030,636,10.600000,real_delivery,0.083258,0.102923,0.298000
d030,648,10.800000,real_delivery,0.002021,0.017137,0.061250
d030,660,11.000000,real_delivery,0.111422,0.309224,0.638750
d030,672,11.200000,real_delivery,0.139551,0.067540,0.207687
d030,684,11.400000,real_delivery,0.030126,0.031956,0.146687
d030,696,11.600000,post_event,0.076165,0.083821,0.345187
d030,708,11.800000,post_event,0.101991,0.193750,0.524687
d030,720,12.000000,post_event,0.060456,0.053579,0.198813
d030,732,12.200000,post_event,0.002133,0.012248,0.029687
d030,744,12.400000,post_event,0.028931,0.083367,0.187125
d030,756,12.600000,post_event,0.183018,0.268901,0.463500
d030,768,12.800000,post_event,0.002558,0.036996,0.078500
d030,780,13.000000,post_event,0.046661,0.059879,0.129188
d030,792,13.200000,post_event,0.006523,0.025706,0.067250
d030,804,13.400000,post_event,0.010938,0.061593,0.206125
d030,816,13.600000,post_event,0.001651,0.019103,0.048688
d030,828,13.800000,post_event,1.065624,6.658367,18.539500
d030,840,14.000000,post_event,0.457658,7.240272,19.084813
d030,852,14.200000,noise,0.008318,0.066784,0.096000
d030,864,14.400000,noise,0.367915,2.315020,12.621063
d030,876,14.600000,noise,0.400941,0.491482,10.781688
d030,888,14.800000,noise,0.320201,0.287903,7.186937
d030,900,15.000000,noise,0.005444,0.017692,0.059562
d030,912,15.200000,noise,0.067648,0.285030,0.931125
d030,924,15.400000,noise,0.193736,0.501310,2.096312
d030,936,15.600000,noise,0.004249,0.021925,0.073250
d030,948,15.800000,noise,0.118481,0.310635,1.245688
d030,960,16.000000,noise,0.099385,0.266835,1.177125
d030,972,16.200000,noise,0.162222,0.385635,1.734312
d030,984,16.400000,noise,0.125450,0.338155,1.329000
d030,996,16.600000,noise,0.098862,0.192339,0.990125
d030,1008,16.800000,noise,0.055617,0.068700,0.546687
d030,1020,17.000000,noise,0.011803,0.027974,0.068875
d030,1032,17.200000,noise,0.114939,0.291331,1.280375
d030,1044,17.400000,noise,0.207117,0.487752,2.082063
d030,1056,17.600000,noise,0.004922,0.029637,0.067687
d030,1068,17.800000,noise,0.193698,0.749294,2.315875
d030,1080,18.000000,noise,0.129919,0.377016,1.461437
d030,1092,18.200000,noise,0.149055,0.291280,1.612937
d030,1104,18.400000,noise,0.138195,0.264264,1.488813
d030,1116,18.600000,noise,0.174750,0.450504,1.861750
d030,1128,18.800000,noise,0.186345,0.487903,1.958937
d030,1140,19.000000,noise,0.003745,0.007359,0.057313
d030,1152,19.200000,noise,0.152977,0.436139,1.638375
d030,1164,19.400000,noise,0.161043,0.419456,1.515750
d030,1176,19.600000,noise,0.002799,0.011190,0.023813
d030,1188,19.800000,noise,4.508282,17.240171,61.294500
