[08:53:19 F0 TEST] WARN:   [STRIP-OVERLAY-DETECTED] frame=F0 reason=active_batting strip_batters=['TILAK VARMA', 'SURYAKUMAR'] popped=batters
[08:53:19 F0 TEST] WARN:   [STRIP-OVERLAY-DETECTED] frame=F241 reason=sentinel sentinel=' > ' popped=batters
[08:53:19 F0 TEST] WARN:   [STRIP-OVERLAY-DETECTED] frame=F841 reason=sentinel sentinel='IN T20' popped=batters
[08:53:19 F0 TEST] WARN:   [STRIP-OVERLAY-DETECTED] frame=F0 reason=sentinel sentinel='RUN-RATE' popped=batters
[08:53:25 F0 TEST] INFO:   [BOWLER] New bowler confirmed: Akeal Hosein (was Joseph)
[08:53:25 F0 BOARD] INFO: [BOWLER-OVERRIDE] None → Akeal Hosein (reads=1, must_change=True)
[08:53:25 F0 TEST] INFO: Generic info message no tag
[08:53:25 F0 TEST] INFO: lowercase [tag] should not match
[08:53:25 F0 TEST] INFO: trailing brackets without uppercase token: (foo)
[08:53:25 F0 BOARD] WARN:   [BOWLER-CONSENSUS-INCONSISTENT] refusing flip to 'Shamar Joseph'
[08:53:25 F0 TEST] INFO: [NOVEL-TAG-NEVER-SEEN] payload
[08:53:25 F0 BOARD] INFO: Scorecards built: BAT (2 bat) vs BOWL (1 bowl)
[08:53:25 F0 BOARD] INFO: [EXTRA] wide +1 at Noneo  this_over_extras=1  innings_total=1  this_over_now=[]
[08:53:25 F0 BOARD] INFO: [EXTRA] no_ball +1 at Noneo  this_over_extras=2  innings_total=2  this_over_now=[]
[08:53:25 F0 BOARD] INFO: [EXTRA] leg_bye +4 at Noneo  this_over_extras=3  innings_total=6  this_over_now=[]
[08:53:25 F0 BOARD] INFO: Scorecards built: BAT (2 bat) vs BOWL (1 bowl)
[08:53:25 F0 BOARD] INFO: Scorecards built: BAT (2 bat) vs BOWL (1 bowl)
[08:53:25 F0 BOARD] INFO: [EXTRA] wide +3 at Noneo  this_over_extras=1  innings_total=3  this_over_now=[]
[08:53:25 F0 BOARD] INFO: [GATE-RESYNC] _last_autodismiss_wickets 3→1 (source=test_phantom_recovery)
[08:53:25 F0 BOARD] INFO: [GATE-RESYNC] _last_autodismiss_wickets 3→1 (source=test_fow_drop)
[08:53:25 F0 BOARD] INFO: [GATE-RESYNC] Dropping tentative FOW W2 (unknown) — wickets reset to 1 (source=test_fow_drop)
[08:53:25 F0 BOARD] INFO: [GATE-RESYNC] Dropping tentative FOW W3 (unknown) — wickets reset to 1 (source=test_fow_drop)
[08:53:25 F0 BOARD] INFO: [GATE-RESYNC] _last_autodismiss_wickets 3→1 (source=test_preserve_witnessed)
[08:53:25 F0 BOARD] INFO: [GATE-RESYNC] Dropping tentative FOW W3 (unknown) — wickets reset to 1 (source=test_preserve_witnessed)
[08:53:25 F0 BOARD] INFO: [GATE-RESYNC] _last_autodismiss_wickets 3→1 (source=test_b6)
[08:53:25 F0 BOARD] INFO: [GATE-RESYNC] _last_autodismiss_wickets 3→1 (source=test_streak_clear)
[08:53:25 F0 BOARD] INFO:   [ROTATION] Rejecting bowler read 'Akeal Hosein' — can't bowl two consecutive overs (just bowled prev over; rejection 1/3). current_bowler stays 'None'
[08:53:25 F0 BOARD] INFO: [BOWLER-OVERRIDE] None → Shamar Joseph (reads=1, must_change=True)
[08:53:25 F0 BOARD] INFO: [BOWLER SEED] Shamar Joseph figures seeded from scout text to 0-0 (0.1) — mid-spell entry (impact sub / mid-match join)
[08:53:25 F0 BOARD] INFO: [BOWLER SEED] Akeal Hosein figures seeded from scout text to 0-0 (0.1) — mid-spell entry (impact sub / mid-match join)
[OPEN-SCOUT-SELECT] no_candidates event_ts=1000.00 lo=975.00 hi=998.50 → no_match
[OPEN-SCOUT-SELECT] no_candidates event_ts=1000.00 lo=975.00 hi=998.50 → no_match
[OPEN-SCOUT-SELECT] single_candidate start=990.00 end=994.00 n=5 span_id=1 → open_scout_span
[OPEN-SCOUT-SELECT] no_candidates event_ts=1000.00 lo=975.00 hi=998.50 → no_match
[OPEN-SCOUT-SELECT] multi_candidate n=2 event_ts=1000.00 candidates=[(991.0, 994.0, 4, 1), (996.5, 998.5, 3, 3)] → defer_to_legacy
[08:53:25 F0 TEST] WARN:   [STRIP-OVERLAY-DETECTED] frame=F0 reason=active_batting strip_batters=['TILAK VARMA', 'SURYAKUMAR'] popped=batters
[08:53:25 F0 TEST] WARN:   [STRIP-OVERLAY-DETECTED] frame=F241 reason=sentinel sentinel=' > ' popped=batters
[08:53:25 F0 TEST] WARN:   [STRIP-OVERLAY-DETECTED] frame=F841 reason=sentinel sentinel='IN T20' popped=batters
[08:53:25 F0 TEST] WARN:   [STRIP-OVERLAY-DETECTED] frame=F0 reason=sentinel sentinel='RUN-RATE' popped=batters
[08:53:25 F0 BOARD] INFO: Scorecards built: CSK (16 bat) vs MI (1 bowl)
[08:53:25 F0 BOARD] INFO: Batter activated: P0
[08:53:25 F0 BOARD] INFO: Scorecards built: CSK (16 bat) vs MI (1 bowl)
[08:53:25 F0 BOARD] INFO: Scorecards built: CSK (16 bat) vs MI (1 bowl)
[08:53:25 F0 BOARD] INFO: [XI-GATE] reject — Batter 'P0' is replaced_player — rejecting
[08:53:25 F0 BOARD] INFO: Scorecards built: CSK (16 bat) vs MI (1 bowl)
[08:53:25 F0 BOARD] INFO: [IMPACT-PLAYER-ACTIVATED] team CSK player S0 promoted from sub pool, impact_used=true
[08:53:25 F0 BOARD] INFO: Batter activated: S0
[08:53:25 F0 BOARD] INFO: Scorecards built: CSK (16 bat) vs MI (1 bowl)
[08:53:25 F0 BOARD] INFO: [IMPACT-PLAYER-ACTIVATED] team CSK player S0 promoted from sub pool, impact_used=true
[08:53:25 F0 BOARD] INFO: Batter activated: S0
[08:53:25 F0 BOARD] INFO: Scorecards built: CSK (16 bat) vs MI (1 bowl)
[08:53:25 F0 BOARD] INFO: [IMPACT-PLAYER-ACTIVATED] team CSK player S0 promoted from sub pool, impact_used=true
[08:53:25 F0 BOARD] INFO: Batter activated: S0
[08:53:25 F0 BOARD] INFO: [BATTER-CONSENSUS-RESET] S1 — clearing bat tracker streak
[08:53:25 F0 BOARD] INFO: [XI-GATE] reject — team already used impact player, 'S1' rejected as second activation
[08:53:25 F0 BOARD] INFO: Scorecards built: CSK (13 bat) vs MI (3 bowl)
[08:53:25 F0 BOARD] INFO: [IMPACT-PLAYER-ACTIVATED] team MI player bws0 promoted from sub pool, impact_used=true
[08:53:25 F0 BOARD] INFO: [BOWLER SEED] bws0 figures seeded from scout text to 0-0 (0.1) — mid-spell entry (impact sub / mid-match join)
[08:53:25 F0 BOARD] INFO: Scorecards built: CSK (16 bat) vs MI (1 bowl)
[08:53:25 F0 BOARD] INFO: [BATTER-CONSENSUS-RESET] P1 — clearing bat tracker streak
[08:53:25 F0 BOARD] WARN:   [STRIKER-COLLISION] Refusing striker=P1 — already non; would self-collide
[08:53:25 F0 BOARD] INFO: [BATTER-CONSENSUS-RESET] P0 — clearing bat tracker streak
[08:53:25 F0 BOARD] WARN:   [STRIKER-COLLISION] Refusing non=P0 — already striker; would self-collide
[08:53:25 F0 BOARD] INFO: Scorecards built: CSK (1 bat) vs MI (2 bowl)
[08:53:25 F0 OVER] INFO: [TIMEOUT-GAP-INFER] frame=10 prev_overs='16.0' new_overs='16.2' score 124→126 +2 inferred tokens → ['?', '?']
[08:54:39 F0 TEST] INFO:   [BOWLER] New bowler confirmed: Akeal Hosein (was Joseph)
[08:54:39 F0 BOARD] INFO: [BOWLER-OVERRIDE] None → Akeal Hosein (reads=1, must_change=True)
[08:54:39 F0 TEST] INFO: Generic info message no tag
[08:54:39 F0 TEST] INFO: lowercase [tag] should not match
[08:54:39 F0 TEST] INFO: trailing brackets without uppercase token: (foo)
[08:54:39 F0 BOARD] WARN:   [BOWLER-CONSENSUS-INCONSISTENT] refusing flip to 'Shamar Joseph'
[08:54:39 F0 TEST] INFO: [NOVEL-TAG-NEVER-SEEN] payload
[08:54:39 F0 BOARD] INFO: Scorecards built: BAT (2 bat) vs BOWL (1 bowl)
[08:54:39 F0 BOARD] INFO: [EXTRA] wide +1 at Noneo  this_over_extras=1  innings_total=1  this_over_now=[]
[08:54:39 F0 BOARD] INFO: [EXTRA] no_ball +1 at Noneo  this_over_extras=2  innings_total=2  this_over_now=[]
[08:54:39 F0 BOARD] INFO: [EXTRA] leg_bye +4 at Noneo  this_over_extras=3  innings_total=6  this_over_now=[]
[08:54:39 F0 BOARD] INFO: Scorecards built: BAT (2 bat) vs BOWL (1 bowl)
[08:54:39 F0 BOARD] INFO: Scorecards built: BAT (2 bat) vs BOWL (1 bowl)
[08:54:39 F0 BOARD] INFO: [EXTRA] wide +3 at Noneo  this_over_extras=1  innings_total=3  this_over_now=[]
[08:54:39 F0 BOARD] INFO: [GATE-RESYNC] _last_autodismiss_wickets 3→1 (source=test_phantom_recovery)
[08:54:39 F0 BOARD] INFO: [GATE-RESYNC] _last_autodismiss_wickets 3→1 (source=test_fow_drop)
[08:54:39 F0 BOARD] INFO: [GATE-RESYNC] Dropping tentative FOW W2 (unknown) — wickets reset to 1 (source=test_fow_drop)
[08:54:39 F0 BOARD] INFO: [GATE-RESYNC] Dropping tentative FOW W3 (unknown) — wickets reset to 1 (source=test_fow_drop)
[08:54:39 F0 BOARD] INFO: [GATE-RESYNC] _last_autodismiss_wickets 3→1 (source=test_preserve_witnessed)
[08:54:39 F0 BOARD] INFO: [GATE-RESYNC] Dropping tentative FOW W3 (unknown) — wickets reset to 1 (source=test_preserve_witnessed)
[08:54:39 F0 BOARD] INFO: [GATE-RESYNC] _last_autodismiss_wickets 3→1 (source=test_b6)
[08:54:39 F0 BOARD] INFO: [GATE-RESYNC] _last_autodismiss_wickets 3→1 (source=test_streak_clear)
[08:54:39 F0 BOARD] INFO:   [ROTATION] Rejecting bowler read 'Akeal Hosein' — can't bowl two consecutive overs (just bowled prev over; rejection 1/3). current_bowler stays 'None'
[08:54:39 F0 BOARD] INFO: [BOWLER-OVERRIDE] None → Shamar Joseph (reads=1, must_change=True)
[08:54:39 F0 BOARD] INFO: [BOWLER SEED] Shamar Joseph figures seeded from scout text to 0-0 (0.1) — mid-spell entry (impact sub / mid-match join)
[08:54:39 F0 BOARD] INFO: [BOWLER SEED] Akeal Hosein figures seeded from scout text to 0-0 (0.1) — mid-spell entry (impact sub / mid-match join)
[OPEN-SCOUT-SELECT] no_candidates event_ts=1000.00 lo=975.00 hi=998.50 → no_match
[OPEN-SCOUT-SELECT] no_candidates event_ts=1000.00 lo=975.00 hi=998.50 → no_match
[OPEN-SCOUT-SELECT] single_candidate start=990.00 end=994.00 n=5 span_id=1 → open_scout_span
[OPEN-SCOUT-SELECT] no_candidates event_ts=1000.00 lo=975.00 hi=998.50 → no_match
[OPEN-SCOUT-SELECT] multi_candidate n=2 event_ts=1000.00 candidates=[(991.0, 994.0, 4, 1), (996.5, 998.5, 3, 3)] → defer_to_legacy
[08:54:40 F0 TEST] WARN:   [STRIP-OVERLAY-DETECTED] frame=F0 reason=active_batting strip_batters=['TILAK VARMA', 'SURYAKUMAR'] popped=batters
[08:54:40 F0 TEST] WARN:   [STRIP-OVERLAY-DETECTED] frame=F241 reason=sentinel sentinel=' > ' popped=batters
[08:54:40 F0 TEST] WARN:   [STRIP-OVERLAY-DETECTED] frame=F841 reason=sentinel sentinel='IN T20' popped=batters
[08:54:40 F0 TEST] WARN:   [STRIP-OVERLAY-DETECTED] frame=F0 reason=sentinel sentinel='RUN-RATE' popped=batters
[08:54:40 F0 BOARD] INFO: Scorecards built: CSK (16 bat) vs MI (1 bowl)
[08:54:40 F0 BOARD] INFO: Batter activated: P0
[08:54:40 F0 BOARD] INFO: Scorecards built: CSK (16 bat) vs MI (1 bowl)
[08:54:40 F0 BOARD] INFO: Scorecards built: CSK (16 bat) vs MI (1 bowl)
[08:54:40 F0 BOARD] INFO: [XI-GATE] reject — Batter 'P0' is replaced_player — rejecting
[08:54:40 F0 BOARD] INFO: Scorecards built: CSK (16 bat) vs MI (1 bowl)
[08:54:40 F0 BOARD] INFO: [IMPACT-PLAYER-ACTIVATED] team CSK player S0 promoted from sub pool, impact_used=true
[08:54:40 F0 BOARD] INFO: Batter activated: S0
[08:54:40 F0 BOARD] INFO: Scorecards built: CSK (16 bat) vs MI (1 bowl)
[08:54:40 F0 BOARD] INFO: [IMPACT-PLAYER-ACTIVATED] team CSK player S0 promoted from sub pool, impact_used=true
[08:54:40 F0 BOARD] INFO: Batter activated: S0
[08:54:40 F0 BOARD] INFO: Scorecards built: CSK (16 bat) vs MI (1 bowl)
[08:54:40 F0 BOARD] INFO: [IMPACT-PLAYER-ACTIVATED] team CSK player S0 promoted from sub pool, impact_used=true
[08:54:40 F0 BOARD] INFO: Batter activated: S0
[08:54:40 F0 BOARD] INFO: [BATTER-CONSENSUS-RESET] S1 — clearing bat tracker streak
[08:54:40 F0 BOARD] INFO: [XI-GATE] reject — team already used impact player, 'S1' rejected as second activation
[08:54:40 F0 BOARD] INFO: Scorecards built: CSK (13 bat) vs MI (3 bowl)
[08:54:40 F0 BOARD] INFO: [IMPACT-PLAYER-ACTIVATED] team MI player bws0 promoted from sub pool, impact_used=true
[08:54:40 F0 BOARD] INFO: [BOWLER SEED] bws0 figures seeded from scout text to 0-0 (0.1) — mid-spell entry (impact sub / mid-match join)
[08:54:40 F0 BOARD] INFO: Scorecards built: CSK (16 bat) vs MI (1 bowl)
[08:54:40 F0 BOARD] INFO: [BATTER-CONSENSUS-RESET] P1 — clearing bat tracker streak
[08:54:40 F0 BOARD] WARN:   [STRIKER-COLLISION] Refusing striker=P1 — already non; would self-collide
[08:54:40 F0 BOARD] INFO: [BATTER-CONSENSUS-RESET] P0 — clearing bat tracker streak
[08:54:40 F0 BOARD] WARN:   [STRIKER-COLLISION] Refusing non=P0 — already striker; would self-collide
[08:54:40 F0 BOARD] INFO: Scorecards built: CSK (1 bat) vs MI (2 bowl)
[08:54:40 F0 OVER] INFO: [TIMEOUT-GAP-INFER] frame=10 prev_overs='16.0' new_overs='16.2' score 124→126 +2 inferred tokens → ['?', '?']
[09:42:19 F0 SCORE_MGR] INFO: [SM-INNINGS-2-RESET] reason=test: resetting all per-innings cached scalars (archive already performed by caller).  target=160 new_batting_team=CSK.
[09:42:19 F0 SCORE_MGR] INFO:   [SM-FEEDER-SYNC] field=innings note=read_only_now sb_value=None sm_would_set=2
[09:42:19 F0 SCORE_MGR] INFO:   [SM-SHADOW-PARITY] field=target sm_would_accept=160 sb_value=None divergence=true
[09:42:19 F0 SCORE_MGR] INFO:   [SM-SHADOW-PARITY] field=batting_team sm_would_accept='CSK' sb_value=None divergence=true
[09:42:19 F0 SCORE_MGR] INFO: [SM-INNINGS-2-RESET] reason=test: resetting all per-innings cached scalars (archive already performed by caller).  target=160 new_batting_team=CSK.
[09:42:19 F0 SCORE_MGR] INFO:   [SM-FEEDER-SYNC] field=innings note=read_only_now sb_value=None sm_would_set=2
[09:42:19 F0 SCORE_MGR] INFO:   [SM-SHADOW-PARITY] field=target sm_would_accept=160 sb_value=None divergence=true
[09:42:19 F0 SCORE_MGR] INFO:   [SM-SHADOW-PARITY] field=batting_team sm_would_accept='CSK' sb_value=None divergence=true
[09:42:19 F0 SCORE_MGR] INFO: [SM-INNINGS-2-RESET] reason=test: resetting all per-innings cached scalars (archive already performed by caller).  target=160 new_batting_team=CSK.
[09:42:19 F0 SCORE_MGR] INFO:   [SM-FEEDER-SYNC] field=innings note=read_only_now sb_value=None sm_would_set=2
[09:42:19 F0 SCORE_MGR] INFO:   [SM-SHADOW-PARITY] field=target sm_would_accept=160 sb_value=None divergence=true
[09:42:19 F0 SCORE_MGR] INFO:   [SM-SHADOW-PARITY] field=batting_team sm_would_accept='CSK' sb_value=None divergence=true
[09:42:19 F0 SCORE_MGR] INFO: [SM-INNINGS-2-RESET] reason=test: resetting all per-innings cached scalars (archive already performed by caller).  target=160 new_batting_team=CSK.
[09:42:19 F0 SCORE_MGR] INFO:   [SM-FEEDER-SYNC] field=innings note=read_only_now sb_value=None sm_would_set=2
[09:42:19 F0 SCORE_MGR] INFO:   [SM-SHADOW-PARITY] field=target sm_would_accept=160 sb_value=None divergence=true
[09:42:19 F0 SCORE_MGR] INFO:   [SM-SHADOW-PARITY] field=batting_team sm_would_accept='CSK' sb_value=None divergence=true
[09:42:19 F0 SCORE_MGR] INFO: [SM-INNINGS-2-RESET] reason=test: resetting all per-innings cached scalars (archive already performed by caller).  target=160 new_batting_team=CSK.
[09:42:19 F0 SCORE_MGR] INFO:   [SM-FEEDER-SYNC] field=innings note=read_only_now sb_value=None sm_would_set=2
[09:42:19 F0 SCORE_MGR] INFO:   [SM-SHADOW-PARITY] field=target sm_would_accept=160 sb_value=None divergence=true
[09:42:19 F0 SCORE_MGR] INFO:   [SM-SHADOW-PARITY] field=batting_team sm_would_accept='CSK' sb_value=None divergence=true
[09:42:19 F0 SCORE_MGR] INFO: [SM-INNINGS-2-RESET] reason=test: resetting all per-innings cached scalars (archive already performed by caller).  target=160 new_batting_team=CSK.
[09:42:19 F0 SCORE_MGR] INFO:   [SM-FEEDER-SYNC] field=innings note=read_only_now sb_value=None sm_would_set=2
[09:42:19 F0 SCORE_MGR] INFO:   [SM-SHADOW-PARITY] field=target sm_would_accept=160 sb_value=None divergence=true
[09:42:19 F0 SCORE_MGR] INFO:   [SM-SHADOW-PARITY] field=batting_team sm_would_accept='CSK' sb_value=None divergence=true
[09:42:19 F0 SCORE_MGR] INFO: [SM-INNINGS-2-RESET] reason=test: resetting all per-innings cached scalars (archive already performed by caller).  target=160 new_batting_team=CSK.
[09:42:19 F0 SCORE_MGR] INFO:   [SM-FEEDER-SYNC] field=innings note=read_only_now sb_value=None sm_would_set=2
[09:42:19 F0 SCORE_MGR] INFO:   [SM-SHADOW-PARITY] field=target sm_would_accept=160 sb_value=None divergence=true
[09:42:19 F0 SCORE_MGR] INFO:   [SM-SHADOW-PARITY] field=batting_team sm_would_accept='CSK' sb_value=None divergence=true
[09:42:19 F0 SCORE_MGR] INFO: [SM-INNINGS-2-RESET] reason=test: resetting all per-innings cached scalars (archive already performed by caller).  target=160 new_batting_team=CSK.
[09:42:19 F0 SCORE_MGR] INFO:   [SM-FEEDER-SYNC] field=innings note=read_only_now sb_value=None sm_would_set=2
[09:42:19 F0 SCORE_MGR] INFO:   [SM-SHADOW-PARITY] field=target sm_would_accept=160 sb_value=None divergence=true
[09:42:19 F0 SCORE_MGR] INFO:   [SM-SHADOW-PARITY] field=batting_team sm_would_accept='CSK' sb_value=None divergence=true
[09:42:19 F0 TEST] INFO:   [INN2-TRANSITION-NULL-TEAM] frame=F700 score=10 requires 2-frame corroboration (advisory only)
[09:42:19 F0 SCORE_MGR] INFO: [SM-INNINGS-2-RESET] reason=test: resetting all per-innings cached scalars (archive already performed by caller).  target=160 new_batting_team=CSK.
[09:42:19 F0 SCORE_MGR] INFO:   [SM-FEEDER-SYNC] field=innings note=read_only_now sb_value=None sm_would_set=2
[09:42:19 F0 SCORE_MGR] INFO:   [SM-SHADOW-PARITY] field=target sm_would_accept=160 sb_value=None divergence=true
[09:42:19 F0 SCORE_MGR] INFO:   [SM-SHADOW-PARITY] field=batting_team sm_would_accept='CSK' sb_value=None divergence=true
[09:42:19 F0 SCORE_MGR] INFO: [SM-INNINGS-2-RESET] reason=test: resetting all per-innings cached scalars (archive already performed by caller).  target=160 new_batting_team=CSK.
[09:42:19 F0 SCORE_MGR] INFO:   [SM-FEEDER-SYNC] field=innings note=read_only_now sb_value=None sm_would_set=2
[09:42:19 F0 SCORE_MGR] INFO:   [SM-SHADOW-PARITY] field=target sm_would_accept=160 sb_value=None divergence=true
[09:42:19 F0 SCORE_MGR] INFO:   [SM-SHADOW-PARITY] field=batting_team sm_would_accept='CSK' sb_value=None divergence=true
[09:42:19 F0 SCORE_MGR] INFO: [SM-INNINGS-2-RESET] reason=test: resetting all per-innings cached scalars (archive already performed by caller).  target=160 new_batting_team=CSK.
[09:42:19 F0 SCORE_MGR] INFO:   [SM-FEEDER-SYNC] field=innings note=read_only_now sb_value=None sm_would_set=2
[09:42:19 F0 SCORE_MGR] INFO:   [SM-SHADOW-PARITY] field=target sm_would_accept=160 sb_value=None divergence=true
[09:42:19 F0 SCORE_MGR] INFO:   [SM-SHADOW-PARITY] field=batting_team sm_would_accept='CSK' sb_value=None divergence=true
[09:42:19 F0 SCORE_MGR] INFO: [SM-INNINGS-2-RESET] reason=test: resetting all per-innings cached scalars (archive already performed by caller).  target=160 new_batting_team=CSK.
[09:42:19 F0 SCORE_MGR] INFO:   [SM-FEEDER-SYNC] field=innings note=read_only_now sb_value=None sm_would_set=2
[09:42:19 F0 SCORE_MGR] INFO:   [SM-SHADOW-PARITY] field=target sm_would_accept=160 sb_value=None divergence=true
[09:42:19 F0 SCORE_MGR] INFO:   [SM-SHADOW-PARITY] field=batting_team sm_would_accept='CSK' sb_value=None divergence=true
[09:42:19 F0 TEST] INFO:   [INN2-TRANSITION-NULL-TEAM] frame=F700 score=10 requires 2-frame corroboration (advisory only)
[09:42:19 F0 SCORE_MGR] INFO: [SM-INNINGS-2-RESET] reason=test: resetting all per-innings cached scalars (archive already performed by caller).  target=160 new_batting_team=CSK.
[09:42:19 F0 SCORE_MGR] INFO:   [SM-FEEDER-SYNC] field=innings note=read_only_now sb_value=None sm_would_set=2
[09:42:19 F0 SCORE_MGR] INFO:   [SM-SHADOW-PARITY] field=target sm_would_accept=160 sb_value=None divergence=true
[09:42:19 F0 SCORE_MGR] INFO:   [SM-SHADOW-PARITY] field=batting_team sm_would_accept='CSK' sb_value=None divergence=true
[09:42:19 F0 SCORE_MGR] INFO: [SM-INNINGS-2-RESET] reason=test: resetting all per-innings cached scalars (archive already performed by caller).  target=160 new_batting_team=CSK.
[09:42:19 F0 SCORE_MGR] INFO:   [SM-FEEDER-SYNC] field=innings note=read_only_now sb_value=None sm_would_set=2
[09:42:19 F0 SCORE_MGR] INFO:   [SM-SHADOW-PARITY] field=target sm_would_accept=160 sb_value=None divergence=true
[09:42:19 F0 SCORE_MGR] INFO:   [SM-SHADOW-PARITY] field=batting_team sm_would_accept='CSK' sb_value=None divergence=true
[09:42:19 F0 TEST] INFO:   [INN2-TRANSITION-NULL-TEAM] frame=F700 score=10 requires 2-frame corroboration (advisory only)
[09:42:19 F0 SCORE_MGR] INFO: [SM-INNINGS-2-RESET] reason=test: resetting all per-innings cached scalars (archive already performed by caller).  target=160 new_batting_team=CSK.
[09:42:19 F0 SCORE_MGR] INFO:   [SM-FEEDER-SYNC] field=innings note=read_only_now sb_value=None sm_would_set=2
[09:42:19 F0 SCORE_MGR] INFO:   [SM-SHADOW-PARITY] field=target sm_would_accept=160 sb_value=None divergence=true
[09:42:19 F0 SCORE_MGR] INFO:   [SM-SHADOW-PARITY] field=batting_team sm_would_accept='CSK' sb_value=None divergence=true
[09:42:19 F0 SCORE_MGR] INFO: [SM-INNINGS-2-RESET] reason=test: resetting all per-innings cached scalars (archive already performed by caller).  target=160 new_batting_team=CSK.
[09:42:19 F0 SCORE_MGR] INFO:   [SM-FEEDER-SYNC] field=innings note=read_only_now sb_value=None sm_would_set=2
[09:42:19 F0 SCORE_MGR] INFO:   [SM-SHADOW-PARITY] field=target sm_would_accept=160 sb_value=None divergence=true
[09:42:19 F0 SCORE_MGR] INFO:   [SM-SHADOW-PARITY] field=batting_team sm_would_accept='CSK' sb_value=None divergence=true
[09:42:19 F0 SCORE_MGR] INFO: [SM-INNINGS-2-RESET] reason=test: resetting all per-innings cached scalars (archive already performed by caller).  target=160 new_batting_team=CSK.
[09:42:19 F0 SCORE_MGR] INFO:   [SM-FEEDER-SYNC] field=innings note=read_only_now sb_value=None sm_would_set=2
[09:42:19 F0 SCORE_MGR] INFO:   [SM-SHADOW-PARITY] field=target sm_would_accept=160 sb_value=None divergence=true
[09:42:19 F0 SCORE_MGR] INFO:   [SM-SHADOW-PARITY] field=batting_team sm_would_accept='CSK' sb_value=None divergence=true
[12:04:44 F0 OPEN-SCOUT] WARN: [OPEN-SCOUT] timeout after 8.0s
[12:04:44 F0 OPEN-SCOUT] WARN: [OPEN-SCOUT] timeout after 8.0s
[12:04:44 F0 OPEN-SCOUT] WARN: [OPEN-SCOUT] timeout after 8.0s
[12:05:23 F0 OPEN-SCOUT] WARN: [OPEN-SCOUT] error: Error code: 429 - {'error': {'message': 'Rate limit reached for model `meta-llama/llama-4-scout-17b-16e-instruct` in organization `org_01kh05ypbefm4sz6w70zh5mpwd` service tier `on_demand` on tokens per minute (TPM): Limit 300000, Used 298020, Requested 2722. Please try again in 148.4ms. ', 'type': 'tokens', 'code': 'rate_limit_exceeded'}}
[12:05:24 F0 OPEN-SCOUT] WARN: [OPEN-SCOUT] error: Error code: 429 - {'error': {'message': 'Rate limit reached for model `meta-llama/llama-4-scout-17b-16e-instruct` in organization `org_01kh05ypbefm4sz6w70zh5mpwd` service tier `on_demand` on tokens per minute (TPM): Limit 300000, Used 298089, Requested 2722. Please try again in 162.199999ms. ', 'type': 'tokens', 'code': 'rate_limit_exceeded'}}
[12:05:26 F0 OPEN-SCOUT] WARN: [OPEN-SCOUT] error: Error code: 429 - {'error': {'message': 'Rate limit reached for model `meta-llama/llama-4-scout-17b-16e-instruct` in organization `org_01kh05ypbefm4sz6w70zh5mpwd` service tier `on_demand` on tokens per minute (TPM): Limit 300000, Used 299297, Requested 2722. Please try again in 403.8ms. ', 'type': 'tokens', 'code': 'rate_limit_exceeded'}}
[12:05:29 F0 OPEN-SCOUT] WARN: [OPEN-SCOUT] error: Error code: 429 - {'error': {'message': 'Rate limit reached for model `meta-llama/llama-4-scout-17b-16e-instruct` in organization `org_01kh05ypbefm4sz6w70zh5mpwd` service tier `on_demand` on tokens per minute (TPM): Limit 300000, Used 298598, Requested 2709. Please try again in 261.4ms. ', 'type': 'tokens', 'code': 'rate_limit_exceeded'}}
[12:05:34 F0 OPEN-SCOUT] WARN: [OPEN-SCOUT] error: Error code: 429 - {'error': {'message': 'Rate limit reached for model `meta-llama/llama-4-scout-17b-16e-instruct` in organization `org_01kh05ypbefm4sz6w70zh5mpwd` service tier `on_demand` on tokens per minute (TPM): Limit 300000, Used 297910, Requested 2717. Please try again in 125.399999ms. ', 'type': 'tokens', 'code': 'rate_limit_exceeded'}}
[12:05:36 F0 OPEN-SCOUT] WARN: [OPEN-SCOUT] error: Error code: 429 - {'error': {'message': 'Rate limit reached for model `meta-llama/llama-4-scout-17b-16e-instruct` in organization `org_01kh05ypbefm4sz6w70zh5mpwd` service tier `on_demand` on tokens per minute (TPM): Limit 300000, Used 299023, Requested 2717. Please try again in 348ms. ', 'type': 'tokens', 'code': 'rate_limit_exceeded'}}
[12:05:37 F0 OPEN-SCOUT] WARN: [OPEN-SCOUT] error: Error code: 429 - {'error': {'message': 'Rate limit reached for model `meta-llama/llama-4-scout-17b-16e-instruct` in organization `org_01kh05ypbefm4sz6w70zh5mpwd` service tier `on_demand` on tokens per minute (TPM): Limit 300000, Used 297581, Requested 2723. Please try again in 60.8ms. ', 'type': 'tokens', 'code': 'rate_limit_exceeded'}}
[12:05:39 F0 OPEN-SCOUT] WARN: [OPEN-SCOUT] error: Error code: 429 - {'error': {'message': 'Rate limit reached for model `meta-llama/llama-4-scout-17b-16e-instruct` in organization `org_01kh05ypbefm4sz6w70zh5mpwd` service tier `on_demand` on tokens per minute (TPM): Limit 300000, Used 297805, Requested 2723. Please try again in 105.6ms. ', 'type': 'tokens', 'code': 'rate_limit_exceeded'}}
[12:05:43 F0 OPEN-SCOUT] WARN: [OPEN-SCOUT] error: Error code: 429 - {'error': {'message': 'Rate limit reached for model `meta-llama/llama-4-scout-17b-16e-instruct` in organization `org_01kh05ypbefm4sz6w70zh5mpwd` service tier `on_demand` on tokens per minute (TPM): Limit 300000, Used 297545, Requested 2740. Please try again in 57ms. ', 'type': 'tokens', 'code': 'rate_limit_exceeded'}}
[12:05:45 F0 OPEN-SCOUT] WARN: [OPEN-SCOUT] error: Error code: 429 - {'error': {'message': 'Rate limit reached for model `meta-llama/llama-4-scout-17b-16e-instruct` in organization `org_01kh05ypbefm4sz6w70zh5mpwd` service tier `on_demand` on tokens per minute (TPM): Limit 300000, Used 298070, Requested 2721. Please try again in 158.199999ms. ', 'type': 'tokens', 'code': 'rate_limit_exceeded'}}
[12:05:46 F0 OPEN-SCOUT] WARN: [OPEN-SCOUT] error: Error code: 429 - {'error': {'message': 'Rate limit reached for model `meta-llama/llama-4-scout-17b-16e-instruct` in organization `org_01kh05ypbefm4sz6w70zh5mpwd` service tier `on_demand` on tokens per minute (TPM): Limit 300000, Used 298035, Requested 2721. Please try again in 151.2ms. ', 'type': 'tokens', 'code': 'rate_limit_exceeded'}}
[12:05:48 F0 OPEN-SCOUT] WARN: [OPEN-SCOUT] error: Error code: 429 - {'error': {'message': 'Rate limit reached for model `meta-llama/llama-4-scout-17b-16e-instruct` in organization `org_01kh05ypbefm4sz6w70zh5mpwd` service tier `on_demand` on tokens per minute (TPM): Limit 300000, Used 298304, Requested 2739. Please try again in 208.599999ms. ', 'type': 'tokens', 'code': 'rate_limit_exceeded'}}
[12:05:49 F0 OPEN-SCOUT] WARN: [OPEN-SCOUT] error: Error code: 429 - {'error': {'message': 'Rate limit reached for model `meta-llama/llama-4-scout-17b-16e-instruct` in organization `org_01kh05ypbefm4sz6w70zh5mpwd` service tier `on_demand` on tokens per minute (TPM): Limit 300000, Used 297499, Requested 2721. Please try again in 44ms. ', 'type': 'tokens', 'code': 'rate_limit_exceeded'}}
[12:05:52 F0 OPEN-SCOUT] WARN: [OPEN-SCOUT] error: Error code: 429 - {'error': {'message': 'Rate limit reached for model `meta-llama/llama-4-scout-17b-16e-instruct` in organization `org_01kh05ypbefm4sz6w70zh5mpwd` service tier `on_demand` on tokens per minute (TPM): Limit 300000, Used 297647, Requested 2720. Please try again in 73.4ms. ', 'type': 'tokens', 'code': 'rate_limit_exceeded'}}
[12:05:53 F0 OPEN-SCOUT] WARN: [OPEN-SCOUT] error: Error code: 429 - {'error': {'message': 'Rate limit reached for model `meta-llama/llama-4-scout-17b-16e-instruct` in organization `org_01kh05ypbefm4sz6w70zh5mpwd` service tier `on_demand` on tokens per minute (TPM): Limit 300000, Used 298607, Requested 2721. Please try again in 265.6ms. ', 'type': 'tokens', 'code': 'rate_limit_exceeded'}}
[12:05:55 F0 OPEN-SCOUT] WARN: [OPEN-SCOUT] error: Error code: 429 - {'error': {'message': 'Rate limit reached for model `meta-llama/llama-4-scout-17b-16e-instruct` in organization `org_01kh05ypbefm4sz6w70zh5mpwd` service tier `on_demand` on tokens per minute (TPM): Limit 300000, Used 299398, Requested 2738. Please try again in 427.199999ms. ', 'type': 'tokens', 'code': 'rate_limit_exceeded'}}
[12:05:57 F0 OPEN-SCOUT] WARN: [OPEN-SCOUT] error: Error code: 429 - {'error': {'message': 'Rate limit reached for model `meta-llama/llama-4-scout-17b-16e-instruct` in organization `org_01kh05ypbefm4sz6w70zh5mpwd` service tier `on_demand` on tokens per minute (TPM): Limit 300000, Used 299219, Requested 2737. Please try again in 391.2ms. ', 'type': 'tokens', 'code': 'rate_limit_exceeded'}}
[12:05:59 F0 OPEN-SCOUT] WARN: [OPEN-SCOUT] error: Error code: 429 - {'error': {'message': 'Rate limit reached for model `meta-llama/llama-4-scout-17b-16e-instruct` in organization `org_01kh05ypbefm4sz6w70zh5mpwd` service tier `on_demand` on tokens per minute (TPM): Limit 300000, Used 298970, Requested 2721. Please try again in 338.2ms. ', 'type': 'tokens', 'code': 'rate_limit_exceeded'}}
[12:06:01 F0 OPEN-SCOUT] WARN: [OPEN-SCOUT] error: Error code: 429 - {'error': {'message': 'Rate limit reached for model `meta-llama/llama-4-scout-17b-16e-instruct` in organization `org_01kh05ypbefm4sz6w70zh5mpwd` service tier `on_demand` on tokens per minute (TPM): Limit 300000, Used 298294, Requested 2721. Please try again in 203ms. ', 'type': 'tokens', 'code': 'rate_limit_exceeded'}}
[12:06:06 F0 OPEN-SCOUT] WARN: [OPEN-SCOUT] error: Error code: 429 - {'error': {'message': 'Rate limit reached for model `meta-llama/llama-4-scout-17b-16e-instruct` in organization `org_01kh05ypbefm4sz6w70zh5mpwd` service tier `on_demand` on tokens per minute (TPM): Limit 300000, Used 298019, Requested 2721. Please try again in 148ms. ', 'type': 'tokens', 'code': 'rate_limit_exceeded'}}
[12:06:08 F0 OPEN-SCOUT] WARN: [OPEN-SCOUT] error: Error code: 429 - {'error': {'message': 'Rate limit reached for model `meta-llama/llama-4-scout-17b-16e-instruct` in organization `org_01kh05ypbefm4sz6w70zh5mpwd` service tier `on_demand` on tokens per minute (TPM): Limit 300000, Used 297985, Requested 2735. Please try again in 144ms. ', 'type': 'tokens', 'code': 'rate_limit_exceeded'}}
[12:06:08 F0 OPEN-SCOUT] WARN: [OPEN-SCOUT] error: Error code: 429 - {'error': {'message': 'Rate limit reached for model `meta-llama/llama-4-scout-17b-16e-instruct` in organization `org_01kh05ypbefm4sz6w70zh5mpwd` service tier `on_demand` on tokens per minute (TPM): Limit 300000, Used 298974, Requested 2735. Please try again in 341.8ms. ', 'type': 'tokens', 'code': 'rate_limit_exceeded'}}
[12:06:09 F0 OPEN-SCOUT] WARN: [OPEN-SCOUT] error: Error code: 429 - {'error': {'message': 'Rate limit reached for model `meta-llama/llama-4-scout-17b-16e-instruct` in organization `org_01kh05ypbefm4sz6w70zh5mpwd` service tier `on_demand` on tokens per minute (TPM): Limit 300000, Used 297340, Requested 2721. Please try again in 12.2ms. ', 'type': 'tokens', 'code': 'rate_limit_exceeded'}}
[12:06:11 F0 OPEN-SCOUT] WARN: [OPEN-SCOUT] error: Error code: 429 - {'error': {'message': 'Rate limit reached for model `meta-llama/llama-4-scout-17b-16e-instruct` in organization `org_01kh05ypbefm4sz6w70zh5mpwd` service tier `on_demand` on tokens per minute (TPM): Limit 300000, Used 299134, Requested 2734. Please try again in 373.6ms. ', 'type': 'tokens', 'code': 'rate_limit_exceeded'}}
[12:06:12 F0 OPEN-SCOUT] WARN: [OPEN-SCOUT] error: Error code: 429 - {'error': {'message': 'Rate limit reached for model `meta-llama/llama-4-scout-17b-16e-instruct` in organization `org_01kh05ypbefm4sz6w70zh5mpwd` service tier `on_demand` on tokens per minute (TPM): Limit 300000, Used 297827, Requested 2719. Please try again in 109.2ms. ', 'type': 'tokens', 'code': 'rate_limit_exceeded'}}
[12:06:16 F0 OPEN-SCOUT] WARN: [OPEN-SCOUT] error: Error code: 429 - {'error': {'message': 'Rate limit reached for model `meta-llama/llama-4-scout-17b-16e-instruct` in organization `org_01kh05ypbefm4sz6w70zh5mpwd` service tier `on_demand` on tokens per minute (TPM): Limit 300000, Used 299700, Requested 2721. Please try again in 484.2ms. ', 'type': 'tokens', 'code': 'rate_limit_exceeded'}}
[12:06:41 F0 OPEN-SCOUT] WARN: [OPEN-SCOUT] error: Error code: 429 - {'error': {'message': 'Rate limit reached for model `meta-llama/llama-4-scout-17b-16e-instruct` in organization `org_01kh05ypbefm4sz6w70zh5mpwd` service tier `on_demand` on tokens per minute (TPM): Limit 300000, Used 299065, Requested 2720. Please try again in 357ms. ', 'type': 'tokens', 'code': 'rate_limit_exceeded'}}
[12:06:46 F0 OPEN-SCOUT] WARN: [OPEN-SCOUT] error: Error code: 429 - {'error': {'message': 'Rate limit reached for model `meta-llama/llama-4-scout-17b-16e-instruct` in organization `org_01kh05ypbefm4sz6w70zh5mpwd` service tier `on_demand` on tokens per minute (TPM): Limit 300000, Used 298646, Requested 2718. Please try again in 272.8ms. ', 'type': 'tokens', 'code': 'rate_limit_exceeded'}}
[12:06:53 F0 OPEN-SCOUT] WARN: [OPEN-SCOUT] error: Error code: 429 - {'error': {'message': 'Rate limit reached for model `meta-llama/llama-4-scout-17b-16e-instruct` in organization `org_01kh05ypbefm4sz6w70zh5mpwd` service tier `on_demand` on tokens per minute (TPM): Limit 300000, Used 298667, Requested 2739. Please try again in 281.199999ms. ', 'type': 'tokens', 'code': 'rate_limit_exceeded'}}
[12:07:11 F0 OPEN-SCOUT] WARN: [OPEN-SCOUT] error: Error code: 429 - {'error': {'message': 'Rate limit reached for model `meta-llama/llama-4-scout-17b-16e-instruct` in organization `org_01kh05ypbefm4sz6w70zh5mpwd` service tier `on_demand` on tokens per minute (TPM): Limit 300000, Used 298922, Requested 2718. Please try again in 328ms. ', 'type': 'tokens', 'code': 'rate_limit_exceeded'}}
[12:07:13 F0 OPEN-SCOUT] WARN: [OPEN-SCOUT] error: Error code: 429 - {'error': {'message': 'Rate limit reached for model `meta-llama/llama-4-scout-17b-16e-instruct` in organization `org_01kh05ypbefm4sz6w70zh5mpwd` service tier `on_demand` on tokens per minute (TPM): Limit 300000, Used 299184, Requested 2738. Please try again in 384.399999ms. ', 'type': 'tokens', 'code': 'rate_limit_exceeded'}}
[12:07:19 F0 OPEN-SCOUT] WARN: [OPEN-SCOUT] error: Error code: 429 - {'error': {'message': 'Rate limit reached for model `meta-llama/llama-4-scout-17b-16e-instruct` in organization `org_01kh05ypbefm4sz6w70zh5mpwd` service tier `on_demand` on tokens per minute (TPM): Limit 300000, Used 299340, Requested 2718. Please try again in 411.599999ms. ', 'type': 'tokens', 'code': 'rate_limit_exceeded'}}
[12:07:20 F0 OPEN-SCOUT] WARN: [OPEN-SCOUT] error: Error code: 429 - {'error': {'message': 'Rate limit reached for model `meta-llama/llama-4-scout-17b-16e-instruct` in organization `org_01kh05ypbefm4sz6w70zh5mpwd` service tier `on_demand` on tokens per minute (TPM): Limit 300000, Used 298615, Requested 2738. Please try again in 270.6ms. ', 'type': 'tokens', 'code': 'rate_limit_exceeded'}}
[12:07:21 F0 OPEN-SCOUT] WARN: [OPEN-SCOUT] error: Error code: 429 - {'error': {'message': 'Rate limit reached for model `meta-llama/llama-4-scout-17b-16e-instruct` in organization `org_01kh05ypbefm4sz6w70zh5mpwd` service tier `on_demand` on tokens per minute (TPM): Limit 300000, Used 298402, Requested 2738. Please try again in 228ms. ', 'type': 'tokens', 'code': 'rate_limit_exceeded'}}
[12:07:25 F0 OPEN-SCOUT] WARN: [OPEN-SCOUT] error: Error code: 429 - {'error': {'message': 'Rate limit reached for model `meta-llama/llama-4-scout-17b-16e-instruct` in organization `org_01kh05ypbefm4sz6w70zh5mpwd` service tier `on_demand` on tokens per minute (TPM): Limit 300000, Used 297429, Requested 2728. Please try again in 31.399999ms. ', 'type': 'tokens', 'code': 'rate_limit_exceeded'}}
[12:07:31 F0 OPEN-SCOUT] WARN: [OPEN-SCOUT] error: Error code: 429 - {'error': {'message': 'Rate limit reached for model `meta-llama/llama-4-scout-17b-16e-instruct` in organization `org_01kh05ypbefm4sz6w70zh5mpwd` service tier `on_demand` on tokens per minute (TPM): Limit 300000, Used 299454, Requested 2744. Please try again in 439.6ms. ', 'type': 'tokens', 'code': 'rate_limit_exceeded'}}
[12:07:33 F0 OPEN-SCOUT] WARN: [OPEN-SCOUT] error: Error code: 429 - {'error': {'message': 'Rate limit reached for model `meta-llama/llama-4-scout-17b-16e-instruct` in organization `org_01kh05ypbefm4sz6w70zh5mpwd` service tier `on_demand` on tokens per minute (TPM): Limit 300000, Used 297701, Requested 2751. Please try again in 90.4ms. ', 'type': 'tokens', 'code': 'rate_limit_exceeded'}}
[12:07:33 F0 OPEN-SCOUT] WARN: [OPEN-SCOUT] error: Error code: 429 - {'error': {'message': 'Rate limit reached for model `meta-llama/llama-4-scout-17b-16e-instruct` in organization `org_01kh05ypbefm4sz6w70zh5mpwd` service tier `on_demand` on tokens per minute (TPM): Limit 300000, Used 298269, Requested 2744. Please try again in 202.6ms. ', 'type': 'tokens', 'code': 'rate_limit_exceeded'}}
[12:07:36 F0 OPEN-SCOUT] WARN: [OPEN-SCOUT] error: Error code: 429 - {'error': {'message': 'Rate limit reached for model `meta-llama/llama-4-scout-17b-16e-instruct` in organization `org_01kh05ypbefm4sz6w70zh5mpwd` service tier `on_demand` on tokens per minute (TPM): Limit 300000, Used 297573, Requested 2728. Please try again in 60.2ms. ', 'type': 'tokens', 'code': 'rate_limit_exceeded'}}
[12:07:36 F0 OPEN-SCOUT] WARN: [OPEN-SCOUT] error: Error code: 429 - {'error': {'message': 'Rate limit reached for model `meta-llama/llama-4-scout-17b-16e-instruct` in organization `org_01kh05ypbefm4sz6w70zh5mpwd` service tier `on_demand` on tokens per minute (TPM): Limit 300000, Used 299618, Requested 2728. Please try again in 469.2ms. ', 'type': 'tokens', 'code': 'rate_limit_exceeded'}}
[12:07:39 F0 OPEN-SCOUT] WARN: [OPEN-SCOUT] error: Error code: 429 - {'error': {'message': 'Rate limit reached for model `meta-llama/llama-4-scout-17b-16e-instruct` in organization `org_01kh05ypbefm4sz6w70zh5mpwd` service tier `on_demand` on tokens per minute (TPM): Limit 300000, Used 299625, Requested 2728. Please try again in 470.6ms. ', 'type': 'tokens', 'code': 'rate_limit_exceeded'}}
[12:07:40 F0 OPEN-SCOUT] WARN: [OPEN-SCOUT] error: Error code: 429 - {'error': {'message': 'Rate limit reached for model `meta-llama/llama-4-scout-17b-16e-instruct` in organization `org_01kh05ypbefm4sz6w70zh5mpwd` service tier `on_demand` on tokens per minute (TPM): Limit 300000, Used 298430, Requested 2744. Please try again in 234.799999ms. ', 'type': 'tokens', 'code': 'rate_limit_exceeded'}}
[12:07:42 F0 OPEN-SCOUT] WARN: [OPEN-SCOUT] error: Error code: 429 - {'error': {'message': 'Rate limit reached for model `meta-llama/llama-4-scout-17b-16e-instruct` in organization `org_01kh05ypbefm4sz6w70zh5mpwd` service tier `on_demand` on tokens per minute (TPM): Limit 300000, Used 298334, Requested 2744. Please try again in 215.6ms. ', 'type': 'tokens', 'code': 'rate_limit_exceeded'}}
[12:07:43 F0 OPEN-SCOUT] WARN: [OPEN-SCOUT] error: Error code: 429 - {'error': {'message': 'Rate limit reached for model `meta-llama/llama-4-scout-17b-16e-instruct` in organization `org_01kh05ypbefm4sz6w70zh5mpwd` service tier `on_demand` on tokens per minute (TPM): Limit 300000, Used 298371, Requested 2751. Please try again in 224.4ms. ', 'type': 'tokens', 'code': 'rate_limit_exceeded'}}
[12:07:48 F0 OPEN-SCOUT] WARN: [OPEN-SCOUT] error: Error code: 429 - {'error': {'message': 'Rate limit reached for model `meta-llama/llama-4-scout-17b-16e-instruct` in organization `org_01kh05ypbefm4sz6w70zh5mpwd` service tier `on_demand` on tokens per minute (TPM): Limit 300000, Used 299256, Requested 2744. Please try again in 400ms. ', 'type': 'tokens', 'code': 'rate_limit_exceeded'}}
[12:07:48 F0 OPEN-SCOUT] WARN: [OPEN-SCOUT] error: Error code: 429 - {'error': {'message': 'Rate limit reached for model `meta-llama/llama-4-scout-17b-16e-instruct` in organization `org_01kh05ypbefm4sz6w70zh5mpwd` service tier `on_demand` on tokens per minute (TPM): Limit 300000, Used 297403, Requested 2723. Please try again in 25.2ms. ', 'type': 'tokens', 'code': 'rate_limit_exceeded'}}
[12:07:49 F0 OPEN-SCOUT] WARN: [OPEN-SCOUT] error: Error code: 429 - {'error': {'message': 'Rate limit reached for model `meta-llama/llama-4-scout-17b-16e-instruct` in organization `org_01kh05ypbefm4sz6w70zh5mpwd` service tier `on_demand` on tokens per minute (TPM): Limit 300000, Used 297684, Requested 2751. Please try again in 87ms. ', 'type': 'tokens', 'code': 'rate_limit_exceeded'}}
[12:07:51 F0 OPEN-SCOUT] WARN: [OPEN-SCOUT] error: Error code: 429 - {'error': {'message': 'Rate limit reached for model `meta-llama/llama-4-scout-17b-16e-instruct` in organization `org_01kh05ypbefm4sz6w70zh5mpwd` service tier `on_demand` on tokens per minute (TPM): Limit 300000, Used 298385, Requested 2723. Please try again in 221.6ms. ', 'type': 'tokens', 'code': 'rate_limit_exceeded'}}
[12:07:51 F0 OPEN-SCOUT] WARN: [OPEN-SCOUT] error: Error code: 429 - {'error': {'message': 'Rate limit reached for model `meta-llama/llama-4-scout-17b-16e-instruct` in organization `org_01kh05ypbefm4sz6w70zh5mpwd` service tier `on_demand` on tokens per minute (TPM): Limit 300000, Used 297570, Requested 2723. Please try again in 58.6ms. ', 'type': 'tokens', 'code': 'rate_limit_exceeded'}}
[12:07:53 F0 OPEN-SCOUT] WARN: [OPEN-SCOUT] error: Error code: 429 - {'error': {'message': 'Rate limit reached for model `meta-llama/llama-4-scout-17b-16e-instruct` in organization `org_01kh05ypbefm4sz6w70zh5mpwd` service tier `on_demand` on tokens per minute (TPM): Limit 300000, Used 297346, Requested 2751. Please try again in 19.4ms. ', 'type': 'tokens', 'code': 'rate_limit_exceeded'}}
[12:07:54 F0 OPEN-SCOUT] WARN: [OPEN-SCOUT] error: Error code: 429 - {'error': {'message': 'Rate limit reached for model `meta-llama/llama-4-scout-17b-16e-instruct` in organization `org_01kh05ypbefm4sz6w70zh5mpwd` service tier `on_demand` on tokens per minute (TPM): Limit 300000, Used 299445, Requested 2723. Please try again in 433.6ms. ', 'type': 'tokens', 'code': 'rate_limit_exceeded'}}
[12:07:56 F0 OPEN-SCOUT] WARN: [OPEN-SCOUT] error: Error code: 429 - {'error': {'message': 'Rate limit reached for model `meta-llama/llama-4-scout-17b-16e-instruct` in organization `org_01kh05ypbefm4sz6w70zh5mpwd` service tier `on_demand` on tokens per minute (TPM): Limit 300000, Used 298101, Requested 2729. Please try again in 166ms. ', 'type': 'tokens', 'code': 'rate_limit_exceeded'}}
[12:07:57 F0 OPEN-SCOUT] WARN: [OPEN-SCOUT] error: Error code: 429 - {'error': {'message': 'Rate limit reached for model `meta-llama/llama-4-scout-17b-16e-instruct` in organization `org_01kh05ypbefm4sz6w70zh5mpwd` service tier `on_demand` on tokens per minute (TPM): Limit 300000, Used 297572, Requested 2751. Please try again in 64.6ms. ', 'type': 'tokens', 'code': 'rate_limit_exceeded'}}
[12:07:59 F0 OPEN-SCOUT] WARN: [OPEN-SCOUT] error: Error code: 429 - {'error': {'message': 'Rate limit reached for model `meta-llama/llama-4-scout-17b-16e-instruct` in organization `org_01kh05ypbefm4sz6w70zh5mpwd` service tier `on_demand` on tokens per minute (TPM): Limit 300000, Used 299429, Requested 2729. Please try again in 431.6ms. ', 'type': 'tokens', 'code': 'rate_limit_exceeded'}}
[12:08:02 F0 OPEN-SCOUT] WARN: [OPEN-SCOUT] error: Error code: 429 - {'error': {'message': 'Rate limit reached for model `meta-llama/llama-4-scout-17b-16e-instruct` in organization `org_01kh05ypbefm4sz6w70zh5mpwd` service tier `on_demand` on tokens per minute (TPM): Limit 300000, Used 298568, Requested 2729. Please try again in 259.4ms. ', 'type': 'tokens', 'code': 'rate_limit_exceeded'}}
[12:08:03 F0 OPEN-SCOUT] WARN: [OPEN-SCOUT] error: Error code: 429 - {'error': {'message': 'Rate limit reached for model `meta-llama/llama-4-scout-17b-16e-instruct` in organization `org_01kh05ypbefm4sz6w70zh5mpwd` service tier `on_demand` on tokens per minute (TPM): Limit 300000, Used 299414, Requested 2742. Please try again in 431.2ms. ', 'type': 'tokens', 'code': 'rate_limit_exceeded'}}
[12:08:10 F0 OPEN-SCOUT] WARN: [OPEN-SCOUT] error: Error code: 429 - {'error': {'message': 'Rate limit reached for model `meta-llama/llama-4-scout-17b-16e-instruct` in organization `org_01kh05ypbefm4sz6w70zh5mpwd` service tier `on_demand` on tokens per minute (TPM): Limit 300000, Used 298556, Requested 2729. Please try again in 257ms. ', 'type': 'tokens', 'code': 'rate_limit_exceeded'}}
[12:08:16 F0 OPEN-SCOUT] WARN: [OPEN-SCOUT] error: Error code: 429 - {'error': {'message': 'Rate limit reached for model `meta-llama/llama-4-scout-17b-16e-instruct` in organization `org_01kh05ypbefm4sz6w70zh5mpwd` service tier `on_demand` on tokens per minute (TPM): Limit 300000, Used 297298, Requested 2729. Please try again in 5.4ms. ', 'type': 'tokens', 'code': 'rate_limit_exceeded'}}
[12:08:19 F0 OPEN-SCOUT] WARN: [OPEN-SCOUT] error: Error code: 429 - {'error': {'message': 'Rate limit reached for model `meta-llama/llama-4-scout-17b-16e-instruct` in organization `org_01kh05ypbefm4sz6w70zh5mpwd` service tier `on_demand` on tokens per minute (TPM): Limit 300000, Used 298503, Requested 2742. Please try again in 249ms. ', 'type': 'tokens', 'code': 'rate_limit_exceeded'}}
[12:08:19 F0 OPEN-SCOUT] WARN: [OPEN-SCOUT] error: Error code: 429 - {'error': {'message': 'Rate limit reached for model `meta-llama/llama-4-scout-17b-16e-instruct` in organization `org_01kh05ypbefm4sz6w70zh5mpwd` service tier `on_demand` on tokens per minute (TPM): Limit 300000, Used 298478, Requested 2751. Please try again in 245.8ms. ', 'type': 'tokens', 'code': 'rate_limit_exceeded'}}
[12:08:21 F0 OPEN-SCOUT] WARN: [OPEN-SCOUT] error: Error code: 429 - {'error': {'message': 'Rate limit reached for model `meta-llama/llama-4-scout-17b-16e-instruct` in organization `org_01kh05ypbefm4sz6w70zh5mpwd` service tier `on_demand` on tokens per minute (TPM): Limit 300000, Used 298289, Requested 2729. Please try again in 203.6ms. ', 'type': 'tokens', 'code': 'rate_limit_exceeded'}}
[12:08:24 F0 OPEN-SCOUT] WARN: [OPEN-SCOUT] error: Error code: 429 - {'error': {'message': 'Rate limit reached for model `meta-llama/llama-4-scout-17b-16e-instruct` in organization `org_01kh05ypbefm4sz6w70zh5mpwd` service tier `on_demand` on tokens per minute (TPM): Limit 300000, Used 299742, Requested 2729. Please try again in 494.2ms. ', 'type': 'tokens', 'code': 'rate_limit_exceeded'}}
[12:08:33 F0 OPEN-SCOUT] WARN: [OPEN-SCOUT] error: Error code: 429 - {'error': {'message': 'Rate limit reached for model `meta-llama/llama-4-scout-17b-16e-instruct` in organization `org_01kh05ypbefm4sz6w70zh5mpwd` service tier `on_demand` on tokens per minute (TPM): Limit 300000, Used 297720, Requested 2729. Please try again in 89.8ms. ', 'type': 'tokens', 'code': 'rate_limit_exceeded'}}
[12:08:33 F0 OPEN-SCOUT] WARN: [OPEN-SCOUT] error: Error code: 429 - {'error': {'message': 'Rate limit reached for model `meta-llama/llama-4-scout-17b-16e-instruct` in organization `org_01kh05ypbefm4sz6w70zh5mpwd` service tier `on_demand` on tokens per minute (TPM): Limit 300000, Used 299805, Requested 2750. Please try again in 511ms. ', 'type': 'tokens', 'code': 'rate_limit_exceeded'}}
[12:08:36 F0 OPEN-SCOUT] WARN: [OPEN-SCOUT] error: Error code: 429 - {'error': {'message': 'Rate limit reached for model `meta-llama/llama-4-scout-17b-16e-instruct` in organization `org_01kh05ypbefm4sz6w70zh5mpwd` service tier `on_demand` on tokens per minute (TPM): Limit 300000, Used 299137, Requested 2729. Please try again in 373.2ms. ', 'type': 'tokens', 'code': 'rate_limit_exceeded'}}
[12:08:38 F0 OPEN-SCOUT] WARN: [OPEN-SCOUT] error: Error code: 429 - {'error': {'message': 'Rate limit reached for model `meta-llama/llama-4-scout-17b-16e-instruct` in organization `org_01kh05ypbefm4sz6w70zh5mpwd` service tier `on_demand` on tokens per minute (TPM): Limit 300000, Used 298558, Requested 2751. Please try again in 261.8ms. ', 'type': 'tokens', 'code': 'rate_limit_exceeded'}}
[12:08:39 F0 OPEN-SCOUT] WARN: [OPEN-SCOUT] error: Error code: 429 - {'error': {'message': 'Rate limit reached for model `meta-llama/llama-4-scout-17b-16e-instruct` in organization `org_01kh05ypbefm4sz6w70zh5mpwd` service tier `on_demand` on tokens per minute (TPM): Limit 300000, Used 297538, Requested 2750. Please try again in 57.6ms. ', 'type': 'tokens', 'code': 'rate_limit_exceeded'}}
[12:08:40 F0 OPEN-SCOUT] WARN: [OPEN-SCOUT] error: Error code: 429 - {'error': {'message': 'Rate limit reached for model `meta-llama/llama-4-scout-17b-16e-instruct` in organization `org_01kh05ypbefm4sz6w70zh5mpwd` service tier `on_demand` on tokens per minute (TPM): Limit 300000, Used 297968, Requested 2750. Please try again in 143.6ms. ', 'type': 'tokens', 'code': 'rate_limit_exceeded'}}
[12:08:41 F0 OPEN-SCOUT] WARN: [OPEN-SCOUT] error: Error code: 429 - {'error': {'message': 'Rate limit reached for model `meta-llama/llama-4-scout-17b-16e-instruct` in organization `org_01kh05ypbefm4sz6w70zh5mpwd` service tier `on_demand` on tokens per minute (TPM): Limit 300000, Used 297637, Requested 2734. Please try again in 74.2ms. ', 'type': 'tokens', 'code': 'rate_limit_exceeded'}}
[12:08:45 F0 OPEN-SCOUT] WARN: [OPEN-SCOUT] error: Error code: 429 - {'error': {'message': 'Rate limit reached for model `meta-llama/llama-4-scout-17b-16e-instruct` in organization `org_01kh05ypbefm4sz6w70zh5mpwd` service tier `on_demand` on tokens per minute (TPM): Limit 300000, Used 299020, Requested 2729. Please try again in 349.8ms. ', 'type': 'tokens', 'code': 'rate_limit_exceeded'}}
[12:08:47 F0 OPEN-SCOUT] WARN: [OPEN-SCOUT] error: Error code: 429 - {'error': {'message': 'Rate limit reached for model `meta-llama/llama-4-scout-17b-16e-instruct` in organization `org_01kh05ypbefm4sz6w70zh5mpwd` service tier `on_demand` on tokens per minute (TPM): Limit 300000, Used 297728, Requested 2750. Please try again in 95.6ms. ', 'type': 'tokens', 'code': 'rate_limit_exceeded'}}
[12:08:50 F0 OPEN-SCOUT] WARN: [OPEN-SCOUT] error: Error code: 429 - {'error': {'message': 'Rate limit reached for model `meta-llama/llama-4-scout-17b-16e-instruct` in organization `org_01kh05ypbefm4sz6w70zh5mpwd` service tier `on_demand` on tokens per minute (TPM): Limit 300000, Used 298877, Requested 2750. Please try again in 325.399999ms. ', 'type': 'tokens', 'code': 'rate_limit_exceeded'}}
[12:08:53 F0 OPEN-SCOUT] WARN: [OPEN-SCOUT] error: Error code: 429 - {'error': {'message': 'Rate limit reached for model `meta-llama/llama-4-scout-17b-16e-instruct` in organization `org_01kh05ypbefm4sz6w70zh5mpwd` service tier `on_demand` on tokens per minute (TPM): Limit 300000, Used 297736, Requested 2750. Please try again in 97.2ms. ', 'type': 'tokens', 'code': 'rate_limit_exceeded'}}
[12:08:55 F0 OPEN-SCOUT] WARN: [OPEN-SCOUT] error: Error code: 429 - {'error': {'message': 'Rate limit reached for model `meta-llama/llama-4-scout-17b-16e-instruct` in organization `org_01kh05ypbefm4sz6w70zh5mpwd` service tier `on_demand` on tokens per minute (TPM): Limit 300000, Used 298439, Requested 2729. Please try again in 233.6ms. ', 'type': 'tokens', 'code': 'rate_limit_exceeded'}}
[12:08:58 F0 OPEN-SCOUT] WARN: [OPEN-SCOUT] error: Error code: 429 - {'error': {'message': 'Rate limit reached for model `meta-llama/llama-4-scout-17b-16e-instruct` in organization `org_01kh05ypbefm4sz6w70zh5mpwd` service tier `on_demand` on tokens per minute (TPM): Limit 300000, Used 297650, Requested 2734. Please try again in 76.8ms. ', 'type': 'tokens', 'code': 'rate_limit_exceeded'}}
[12:09:00 F0 OPEN-SCOUT] WARN: [OPEN-SCOUT] error: Error code: 429 - {'error': {'message': 'Rate limit reached for model `meta-llama/llama-4-scout-17b-16e-instruct` in organization `org_01kh05ypbefm4sz6w70zh5mpwd` service tier `on_demand` on tokens per minute (TPM): Limit 300000, Used 298509, Requested 2734. Please try again in 248.6ms. ', 'type': 'tokens', 'code': 'rate_limit_exceeded'}}
[12:09:04 F0 OPEN-SCOUT] WARN: [OPEN-SCOUT] error: Error code: 429 - {'error': {'message': 'Rate limit reached for model `meta-llama/llama-4-scout-17b-16e-instruct` in organization `org_01kh05ypbefm4sz6w70zh5mpwd` service tier `on_demand` on tokens per minute (TPM): Limit 300000, Used 297908, Requested 2729. Please try again in 127.4ms. ', 'type': 'tokens', 'code': 'rate_limit_exceeded'}}
[12:09:04 F0 OPEN-SCOUT] WARN: [OPEN-SCOUT] error: Error code: 429 - {'error': {'message': 'Rate limit reached for model `meta-llama/llama-4-scout-17b-16e-instruct` in organization `org_01kh05ypbefm4sz6w70zh5mpwd` service tier `on_demand` on tokens per minute (TPM): Limit 300000, Used 297888, Requested 2734. Please try again in 124.4ms. ', 'type': 'tokens', 'code': 'rate_limit_exceeded'}}
[12:09:15 F0 OPEN-SCOUT] WARN: [OPEN-SCOUT] error: Error code: 429 - {'error': {'message': 'Rate limit reached for model `meta-llama/llama-4-scout-17b-16e-instruct` in organization `org_01kh05ypbefm4sz6w70zh5mpwd` service tier `on_demand` on tokens per minute (TPM): Limit 300000, Used 297409, Requested 2729. Please try again in 27.6ms. ', 'type': 'tokens', 'code': 'rate_limit_exceeded'}}
[12:09:16 F0 OPEN-SCOUT] WARN: [OPEN-SCOUT] error: Error code: 429 - {'error': {'message': 'Rate limit reached for model `meta-llama/llama-4-scout-17b-16e-instruct` in organization `org_01kh05ypbefm4sz6w70zh5mpwd` service tier `on_demand` on tokens per minute (TPM): Limit 300000, Used 297333, Requested 2761. Please try again in 18.8ms. ', 'type': 'tokens', 'code': 'rate_limit_exceeded'}}
[12:09:17 F0 OPEN-SCOUT] WARN: [OPEN-SCOUT] error: Error code: 429 - {'error': {'message': 'Rate limit reached for model `meta-llama/llama-4-scout-17b-16e-instruct` in organization `org_01kh05ypbefm4sz6w70zh5mpwd` service tier `on_demand` on tokens per minute (TPM): Limit 300000, Used 298246, Requested 2761. Please try again in 201.4ms. ', 'type': 'tokens', 'code': 'rate_limit_exceeded'}}
[12:09:17 F0 OPEN-SCOUT] WARN: [OPEN-SCOUT] error: Error code: 429 - {'error': {'message': 'Rate limit reached for model `meta-llama/llama-4-scout-17b-16e-instruct` in organization `org_01kh05ypbefm4sz6w70zh5mpwd` service tier `on_demand` on tokens per minute (TPM): Limit 300000, Used 297456, Requested 2761. Please try again in 43.4ms. ', 'type': 'tokens', 'code': 'rate_limit_exceeded'}}
[12:09:20 F0 OPEN-SCOUT] WARN: [OPEN-SCOUT] error: Error code: 429 - {'error': {'message': 'Rate limit reached for model `meta-llama/llama-4-scout-17b-16e-instruct` in organization `org_01kh05ypbefm4sz6w70zh5mpwd` service tier `on_demand` on tokens per minute (TPM): Limit 300000, Used 298248, Requested 2740. Please try again in 197.6ms. ', 'type': 'tokens', 'code': 'rate_limit_exceeded'}}
[12:09:22 F0 OPEN-SCOUT] WARN: [OPEN-SCOUT] error: Error code: 429 - {'error': {'message': 'Rate limit reached for model `meta-llama/llama-4-scout-17b-16e-instruct` in organization `org_01kh05ypbefm4sz6w70zh5mpwd` service tier `on_demand` on tokens per minute (TPM): Limit 300000, Used 297423, Requested 2736. Please try again in 31.8ms. ', 'type': 'tokens', 'code': 'rate_limit_exceeded'}}
[12:09:23 F0 OPEN-SCOUT] WARN: [OPEN-SCOUT] error: Error code: 429 - {'error': {'message': 'Rate limit reached for model `meta-llama/llama-4-scout-17b-16e-instruct` in organization `org_01kh05ypbefm4sz6w70zh5mpwd` service tier `on_demand` on tokens per minute (TPM): Limit 300000, Used 299628, Requested 2736. Please try again in 472.8ms. ', 'type': 'tokens', 'code': 'rate_limit_exceeded'}}
[12:09:25 F0 OPEN-SCOUT] WARN: [OPEN-SCOUT] error: Error code: 429 - {'error': {'message': 'Rate limit reached for model `meta-llama/llama-4-scout-17b-16e-instruct` in organization `org_01kh05ypbefm4sz6w70zh5mpwd` service tier `on_demand` on tokens per minute (TPM): Limit 300000, Used 298686, Requested 2734. Please try again in 284ms. ', 'type': 'tokens', 'code': 'rate_limit_exceeded'}}
[12:09:25 F0 OPEN-SCOUT] WARN: [OPEN-SCOUT] error: Error code: 429 - {'error': {'message': 'Rate limit reached for model `meta-llama/llama-4-scout-17b-16e-instruct` in organization `org_01kh05ypbefm4sz6w70zh5mpwd` service tier `on_demand` on tokens per minute (TPM): Limit 300000, Used 297391, Requested 2734. Please try again in 25ms. ', 'type': 'tokens', 'code': 'rate_limit_exceeded'}}
[12:09:26 F0 OPEN-SCOUT] WARN: [OPEN-SCOUT] error: Error code: 429 - {'error': {'message': 'Rate limit reached for model `meta-llama/llama-4-scout-17b-16e-instruct` in organization `org_01kh05ypbefm4sz6w70zh5mpwd` service tier `on_demand` on tokens per minute (TPM): Limit 300000, Used 297698, Requested 2737. Please try again in 87ms. ', 'type': 'tokens', 'code': 'rate_limit_exceeded'}}
[12:09:27 F0 OPEN-SCOUT] WARN: [OPEN-SCOUT] error: Error code: 429 - {'error': {'message': 'Rate limit reached for model `meta-llama/llama-4-scout-17b-16e-instruct` in organization `org_01kh05ypbefm4sz6w70zh5mpwd` service tier `on_demand` on tokens per minute (TPM): Limit 300000, Used 297511, Requested 2761. Please try again in 54.4ms. ', 'type': 'tokens', 'code': 'rate_limit_exceeded'}}
[12:09:27 F0 OPEN-SCOUT] WARN: [OPEN-SCOUT] error: Error code: 429 - {'error': {'message': 'Rate limit reached for model `meta-llama/llama-4-scout-17b-16e-instruct` in organization `org_01kh05ypbefm4sz6w70zh5mpwd` service tier `on_demand` on tokens per minute (TPM): Limit 300000, Used 298933, Requested 2761. Please try again in 338.8ms. ', 'type': 'tokens', 'code': 'rate_limit_exceeded'}}
[12:09:30 F0 OPEN-SCOUT] WARN: [OPEN-SCOUT] error: Error code: 429 - {'error': {'message': 'Rate limit reached for model `meta-llama/llama-4-scout-17b-16e-instruct` in organization `org_01kh05ypbefm4sz6w70zh5mpwd` service tier `on_demand` on tokens per minute (TPM): Limit 300000, Used 298689, Requested 2755. Please try again in 288.8ms. ', 'type': 'tokens', 'code': 'rate_limit_exceeded'}}
[12:09:32 F0 OPEN-SCOUT] WARN: [OPEN-SCOUT] error: Error code: 429 - {'error': {'message': 'Rate limit reached for model `meta-llama/llama-4-scout-17b-16e-instruct` in organization `org_01kh05ypbefm4sz6w70zh5mpwd` service tier `on_demand` on tokens per minute (TPM): Limit 300000, Used 297781, Requested 2737. Please try again in 103.6ms. ', 'type': 'tokens', 'code': 'rate_limit_exceeded'}}
[12:09:35 F0 OPEN-SCOUT] WARN: [OPEN-SCOUT] error: Error code: 429 - {'error': {'message': 'Rate limit reached for model `meta-llama/llama-4-scout-17b-16e-instruct` in organization `org_01kh05ypbefm4sz6w70zh5mpwd` service tier `on_demand` on tokens per minute (TPM): Limit 300000, Used 299358, Requested 2755. Please try again in 422.6ms. ', 'type': 'tokens', 'code': 'rate_limit_exceeded'}}
[12:09:37 F0 OPEN-SCOUT] WARN: [OPEN-SCOUT] error: Error code: 429 - {'error': {'message': 'Rate limit reached for model `meta-llama/llama-4-scout-17b-16e-instruct` in organization `org_01kh05ypbefm4sz6w70zh5mpwd` service tier `on_demand` on tokens per minute (TPM): Limit 300000, Used 298156, Requested 2735. Please try again in 178.2ms. ', 'type': 'tokens', 'code': 'rate_limit_exceeded'}}
[12:09:39 F0 OPEN-SCOUT] WARN: [OPEN-SCOUT] error: Error code: 429 - {'error': {'message': 'Rate limit reached for model `meta-llama/llama-4-scout-17b-16e-instruct` in organization `org_01kh05ypbefm4sz6w70zh5mpwd` service tier `on_demand` on tokens per minute (TPM): Limit 300000, Used 298183, Requested 2755. Please try again in 187.6ms. ', 'type': 'tokens', 'code': 'rate_limit_exceeded'}}
[12:09:45 F0 OPEN-SCOUT] WARN: [OPEN-SCOUT] error: Error code: 429 - {'error': {'message': 'Rate limit reached for model `meta-llama/llama-4-scout-17b-16e-instruct` in organization `org_01kh05ypbefm4sz6w70zh5mpwd` service tier `on_demand` on tokens per minute (TPM): Limit 300000, Used 297807, Requested 2755. Please try again in 112.4ms. ', 'type': 'tokens', 'code': 'rate_limit_exceeded'}}
[12:09:49 F0 OPEN-SCOUT] WARN: [OPEN-SCOUT] error: Error code: 429 - {'error': {'message': 'Rate limit reached for model `meta-llama/llama-4-scout-17b-16e-instruct` in organization `org_01kh05ypbefm4sz6w70zh5mpwd` service tier `on_demand` on tokens per minute (TPM): Limit 300000, Used 297335, Requested 2755. Please try again in 18ms. ', 'type': 'tokens', 'code': 'rate_limit_exceeded'}}
[12:09:51 F0 OPEN-SCOUT] WARN: [OPEN-SCOUT] error: Error code: 429 - {'error': {'message': 'Rate limit reached for model `meta-llama/llama-4-scout-17b-16e-instruct` in organization `org_01kh05ypbefm4sz6w70zh5mpwd` service tier `on_demand` on tokens per minute (TPM): Limit 300000, Used 299423, Requested 2755. Please try again in 435.6ms. ', 'type': 'tokens', 'code': 'rate_limit_exceeded'}}
[12:09:51 F0 OPEN-SCOUT] WARN: [OPEN-SCOUT] error: Error code: 429 - {'error': {'message': 'Rate limit reached for model `meta-llama/llama-4-scout-17b-16e-instruct` in organization `org_01kh05ypbefm4sz6w70zh5mpwd` service tier `on_demand` on tokens per minute (TPM): Limit 300000, Used 299043, Requested 2755. Please try again in 359.6ms. ', 'type': 'tokens', 'code': 'rate_limit_exceeded'}}
[12:09:57 F0 OPEN-SCOUT] WARN: [OPEN-SCOUT] error: Error code: 429 - {'error': {'message': 'Rate limit reached for model `meta-llama/llama-4-scout-17b-16e-instruct` in organization `org_01kh05ypbefm4sz6w70zh5mpwd` service tier `on_demand` on tokens per minute (TPM): Limit 300000, Used 299619, Requested 2755. Please try again in 474.8ms. ', 'type': 'tokens', 'code': 'rate_limit_exceeded'}}
[12:09:57 F0 OPEN-SCOUT] WARN: [OPEN-SCOUT] error: Error code: 429 - {'error': {'message': 'Rate limit reached for model `meta-llama/llama-4-scout-17b-16e-instruct` in organization `org_01kh05ypbefm4sz6w70zh5mpwd` service tier `on_demand` on tokens per minute (TPM): Limit 300000, Used 298869, Requested 2755. Please try again in 324.8ms. ', 'type': 'tokens', 'code': 'rate_limit_exceeded'}}
[12:09:59 F0 OPEN-SCOUT] WARN: [OPEN-SCOUT] error: Error code: 429 - {'error': {'message': 'Rate limit reached for model `meta-llama/llama-4-scout-17b-16e-instruct` in organization `org_01kh05ypbefm4sz6w70zh5mpwd` service tier `on_demand` on tokens per minute (TPM): Limit 300000, Used 297881, Requested 2755. Please try again in 127.2ms. ', 'type': 'tokens', 'code': 'rate_limit_exceeded'}}
[12:10:00 F0 OPEN-SCOUT] WARN: [OPEN-SCOUT] error: Error code: 429 - {'error': {'message': 'Rate limit reached for model `meta-llama/llama-4-scout-17b-16e-instruct` in organization `org_01kh05ypbefm4sz6w70zh5mpwd` service tier `on_demand` on tokens per minute (TPM): Limit 300000, Used 297574, Requested 2755. Please try again in 65.8ms. ', 'type': 'tokens', 'code': 'rate_limit_exceeded'}}
[12:10:01 F0 OPEN-SCOUT] WARN: [OPEN-SCOUT] error: Error code: 429 - {'error': {'message': 'Rate limit reached for model `meta-llama/llama-4-scout-17b-16e-instruct` in organization `org_01kh05ypbefm4sz6w70zh5mpwd` service tier `on_demand` on tokens per minute (TPM): Limit 300000, Used 297372, Requested 2755. Please try again in 25.4ms. ', 'type': 'tokens', 'code': 'rate_limit_exceeded'}}
[12:10:02 F0 OPEN-SCOUT] WARN: [OPEN-SCOUT] error: Error code: 429 - {'error': {'message': 'Rate limit reached for model `meta-llama/llama-4-scout-17b-16e-instruct` in organization `org_01kh05ypbefm4sz6w70zh5mpwd` service tier `on_demand` on tokens per minute (TPM): Limit 300000, Used 298443, Requested 2735. Please try again in 235.6ms. ', 'type': 'tokens', 'code': 'rate_limit_exceeded'}}
[12:10:02 F0 OPEN-SCOUT] WARN: [OPEN-SCOUT] error: Error code: 429 - {'error': {'message': 'Rate limit reached for model `meta-llama/llama-4-scout-17b-16e-instruct` in organization `org_01kh05ypbefm4sz6w70zh5mpwd` service tier `on_demand` on tokens per minute (TPM): Limit 300000, Used 297528, Requested 2737. Please try again in 53ms. ', 'type': 'tokens', 'code': 'rate_limit_exceeded'}}
[12:10:04 F0 OPEN-SCOUT] WARN: [OPEN-SCOUT] error: Error code: 429 - {'error': {'message': 'Rate limit reached for model `meta-llama/llama-4-scout-17b-16e-instruct` in organization `org_01kh05ypbefm4sz6w70zh5mpwd` service tier `on_demand` on tokens per minute (TPM): Limit 300000, Used 299565, Requested 2735. Please try again in 459.999999ms. ', 'type': 'tokens', 'code': 'rate_limit_exceeded'}}
[12:10:10 F0 OPEN-SCOUT] WARN: [OPEN-SCOUT] error: Error code: 429 - {'error': {'message': 'Rate limit reached for model `meta-llama/llama-4-scout-17b-16e-instruct` in organization `org_01kh05ypbefm4sz6w70zh5mpwd` service tier `on_demand` on tokens per minute (TPM): Limit 300000, Used 299038, Requested 2737. Please try again in 355ms. ', 'type': 'tokens', 'code': 'rate_limit_exceeded'}}
[12:10:14 F0 OPEN-SCOUT] WARN: [OPEN-SCOUT] error: Error code: 429 - {'error': {'message': 'Rate limit reached for model `meta-llama/llama-4-scout-17b-16e-instruct` in organization `org_01kh05ypbefm4sz6w70zh5mpwd` service tier `on_demand` on tokens per minute (TPM): Limit 300000, Used 297925, Requested 2737. Please try again in 132.399999ms. ', 'type': 'tokens', 'code': 'rate_limit_exceeded'}}
[12:10:17 F0 OPEN-SCOUT] WARN: [OPEN-SCOUT] error: Error code: 429 - {'error': {'message': 'Rate limit reached for model `meta-llama/llama-4-scout-17b-16e-instruct` in organization `org_01kh05ypbefm4sz6w70zh5mpwd` service tier `on_demand` on tokens per minute (TPM): Limit 300000, Used 298180, Requested 2763. Please try again in 188.6ms. ', 'type': 'tokens', 'code': 'rate_limit_exceeded'}}
[12:10:19 F0 OPEN-SCOUT] WARN: [OPEN-SCOUT] error: Error code: 429 - {'error': {'message': 'Rate limit reached for model `meta-llama/llama-4-scout-17b-16e-instruct` in organization `org_01kh05ypbefm4sz6w70zh5mpwd` service tier `on_demand` on tokens per minute (TPM): Limit 300000, Used 298302, Requested 2737. Please try again in 207.8ms. ', 'type': 'tokens', 'code': 'rate_limit_exceeded'}}
[12:10:22 F0 OPEN-SCOUT] WARN: [OPEN-SCOUT] error: Error code: 429 - {'error': {'message': 'Rate limit reached for model `meta-llama/llama-4-scout-17b-16e-instruct` in organization `org_01kh05ypbefm4sz6w70zh5mpwd` service tier `on_demand` on tokens per minute (TPM): Limit 300000, Used 297547, Requested 2737. Please try again in 56.8ms. ', 'type': 'tokens', 'code': 'rate_limit_exceeded'}}
[12:10:23 F0 OPEN-SCOUT] WARN: [OPEN-SCOUT] error: Error code: 429 - {'error': {'message': 'Rate limit reached for model `meta-llama/llama-4-scout-17b-16e-instruct` in organization `org_01kh05ypbefm4sz6w70zh5mpwd` service tier `on_demand` on tokens per minute (TPM): Limit 300000, Used 297559, Requested 2763. Please try again in 64.4ms. ', 'type': 'tokens', 'code': 'rate_limit_exceeded'}}
[12:10:25 F0 OPEN-SCOUT] WARN: [OPEN-SCOUT] error: Error code: 429 - {'error': {'message': 'Rate limit reached for model `meta-llama/llama-4-scout-17b-16e-instruct` in organization `org_01kh05ypbefm4sz6w70zh5mpwd` service tier `on_demand` on tokens per minute (TPM): Limit 300000, Used 298304, Requested 2737. Please try again in 208.2ms. ', 'type': 'tokens', 'code': 'rate_limit_exceeded'}}
[12:10:25 F0 OPEN-SCOUT] WARN: [OPEN-SCOUT] error: Error code: 429 - {'error': {'message': 'Rate limit reached for model `meta-llama/llama-4-scout-17b-16e-instruct` in organization `org_01kh05ypbefm4sz6w70zh5mpwd` service tier `on_demand` on tokens per minute (TPM): Limit 300000, Used 298556, Requested 2735. Please try again in 258.199999ms. ', 'type': 'tokens', 'code': 'rate_limit_exceeded'}}
[12:10:26 F0 OPEN-SCOUT] WARN: [OPEN-SCOUT] error: Error code: 429 - {'error': {'message': 'Rate limit reached for model `meta-llama/llama-4-scout-17b-16e-instruct` in organization `org_01kh05ypbefm4sz6w70zh5mpwd` service tier `on_demand` on tokens per minute (TPM): Limit 300000, Used 297383, Requested 2737. Please try again in 24ms. ', 'type': 'tokens', 'code': 'rate_limit_exceeded'}}
[12:10:27 F0 OPEN-SCOUT] WARN: [OPEN-SCOUT] error: Error code: 429 - {'error': {'message': 'Rate limit reached for model `meta-llama/llama-4-scout-17b-16e-instruct` in organization `org_01kh05ypbefm4sz6w70zh5mpwd` service tier `on_demand` on tokens per minute (TPM): Limit 300000, Used 297520, Requested 2763. Please try again in 56.6ms. ', 'type': 'tokens', 'code': 'rate_limit_exceeded'}}
[12:10:29 F0 OPEN-SCOUT] WARN: [OPEN-SCOUT] error: Error code: 429 - {'error': {'message': 'Rate limit reached for model `meta-llama/llama-4-scout-17b-16e-instruct` in organization `org_01kh05ypbefm4sz6w70zh5mpwd` service tier `on_demand` on tokens per minute (TPM): Limit 300000, Used 298501, Requested 2763. Please try again in 252.8ms. ', 'type': 'tokens', 'code': 'rate_limit_exceeded'}}
[12:10:29 F0 OPEN-SCOUT] WARN: [OPEN-SCOUT] error: Error code: 429 - {'error': {'message': 'Rate limit reached for model `meta-llama/llama-4-scout-17b-16e-instruct` in organization `org_01kh05ypbefm4sz6w70zh5mpwd` service tier `on_demand` on tokens per minute (TPM): Limit 300000, Used 297666, Requested 2735. Please try again in 80.2ms. ', 'type': 'tokens', 'code': 'rate_limit_exceeded'}}
[12:10:31 F0 OPEN-SCOUT] WARN: [OPEN-SCOUT] error: Error code: 429 - {'error': {'message': 'Rate limit reached for model `meta-llama/llama-4-scout-17b-16e-instruct` in organization `org_01kh05ypbefm4sz6w70zh5mpwd` service tier `on_demand` on tokens per minute (TPM): Limit 300000, Used 297656, Requested 2738. Please try again in 78.8ms. ', 'type': 'tokens', 'code': 'rate_limit_exceeded'}}
[12:10:31 F0 OPEN-SCOUT] WARN: [OPEN-SCOUT] error: Error code: 429 - {'error': {'message': 'Rate limit reached for model `meta-llama/llama-4-scout-17b-16e-instruct` in organization `org_01kh05ypbefm4sz6w70zh5mpwd` service tier `on_demand` on tokens per minute (TPM): Limit 300000, Used 297769, Requested 2763. Please try again in 106.4ms. ', 'type': 'tokens', 'code': 'rate_limit_exceeded'}}
[12:10:35 F0 OPEN-SCOUT] WARN: [OPEN-SCOUT] error: Error code: 429 - {'error': {'message': 'Rate limit reached for model `meta-llama/llama-4-scout-17b-16e-instruct` in organization `org_01kh05ypbefm4sz6w70zh5mpwd` service tier `on_demand` on tokens per minute (TPM): Limit 300000, Used 297820, Requested 2763. Please try again in 116.6ms. ', 'type': 'tokens', 'code': 'rate_limit_exceeded'}}
[12:10:37 F0 OPEN-SCOUT] WARN: [OPEN-SCOUT] error: Error code: 429 - {'error': {'message': 'Rate limit reached for model `meta-llama/llama-4-scout-17b-16e-instruct` in organization `org_01kh05ypbefm4sz6w70zh5mpwd` service tier `on_demand` on tokens per minute (TPM): Limit 300000, Used 297651, Requested 2719. Please try again in 74ms. ', 'type': 'tokens', 'code': 'rate_limit_exceeded'}}
[12:10:38 F0 OPEN-SCOUT] WARN: [OPEN-SCOUT] error: Error code: 429 - {'error': {'message': 'Rate limit reached for model `meta-llama/llama-4-scout-17b-16e-instruct` in organization `org_01kh05ypbefm4sz6w70zh5mpwd` service tier `on_demand` on tokens per minute (TPM): Limit 300000, Used 298699, Requested 2719. Please try again in 283.599999ms. ', 'type': 'tokens', 'code': 'rate_limit_exceeded'}}
[12:10:39 F0 OPEN-SCOUT] WARN: [OPEN-SCOUT] error: Error code: 429 - {'error': {'message': 'Rate limit reached for model `meta-llama/llama-4-scout-17b-16e-instruct` in organization `org_01kh05ypbefm4sz6w70zh5mpwd` service tier `on_demand` on tokens per minute (TPM): Limit 300000, Used 298036, Requested 2763. Please try again in 159.8ms. ', 'type': 'tokens', 'code': 'rate_limit_exceeded'}}
[12:10:40 F0 OPEN-SCOUT] WARN: [OPEN-SCOUT] error: Error code: 429 - {'error': {'message': 'Rate limit reached for model `meta-llama/llama-4-scout-17b-16e-instruct` in organization `org_01kh05ypbefm4sz6w70zh5mpwd` service tier `on_demand` on tokens per minute (TPM): Limit 300000, Used 297574, Requested 2719. Please try again in 58.6ms. ', 'type': 'tokens', 'code': 'rate_limit_exceeded'}}
[12:10:42 F0 OPEN-SCOUT] WARN: [OPEN-SCOUT] error: Error code: 429 - {'error': {'message': 'Rate limit reached for model `meta-llama/llama-4-scout-17b-16e-instruct` in organization `org_01kh05ypbefm4sz6w70zh5mpwd` service tier `on_demand` on tokens per minute (TPM): Limit 300000, Used 298061, Requested 2738. Please try again in 159.8ms. ', 'type': 'tokens', 'code': 'rate_limit_exceeded'}}
[12:10:43 F0 OPEN-SCOUT] WARN: [OPEN-SCOUT] error: Error code: 429 - {'error': {'message': 'Rate limit reached for model `meta-llama/llama-4-scout-17b-16e-instruct` in organization `org_01kh05ypbefm4sz6w70zh5mpwd` service tier `on_demand` on tokens per minute (TPM): Limit 300000, Used 297875, Requested 2719. Please try again in 118.8ms. ', 'type': 'tokens', 'code': 'rate_limit_exceeded'}}
[12:10:46 F0 OPEN-SCOUT] WARN: [OPEN-SCOUT] error: Error code: 429 - {'error': {'message': 'Rate limit reached for model `meta-llama/llama-4-scout-17b-16e-instruct` in organization `org_01kh05ypbefm4sz6w70zh5mpwd` service tier `on_demand` on tokens per minute (TPM): Limit 300000, Used 298527, Requested 2763. Please try again in 258ms. ', 'type': 'tokens', 'code': 'rate_limit_exceeded'}}
[12:10:47 F0 OPEN-SCOUT] WARN: [OPEN-SCOUT] error: Error code: 429 - {'error': {'message': 'Rate limit reached for model `meta-llama/llama-4-scout-17b-16e-instruct` in organization `org_01kh05ypbefm4sz6w70zh5mpwd` service tier `on_demand` on tokens per minute (TPM): Limit 300000, Used 299675, Requested 2719. Please try again in 478.799999ms. ', 'type': 'tokens', 'code': 'rate_limit_exceeded'}}
[12:10:50 F0 OPEN-SCOUT] WARN: [OPEN-SCOUT] error: Error code: 429 - {'error': {'message': 'Rate limit reached for model `meta-llama/llama-4-scout-17b-16e-instruct` in organization `org_01kh05ypbefm4sz6w70zh5mpwd` service tier `on_demand` on tokens per minute (TPM): Limit 300000, Used 298101, Requested 2719. Please try again in 164ms. ', 'type': 'tokens', 'code': 'rate_limit_exceeded'}}
[12:10:51 F0 OPEN-SCOUT] WARN: [OPEN-SCOUT] error: Error code: 429 - {'error': {'message': 'Rate limit reached for model `meta-llama/llama-4-scout-17b-16e-instruct` in organization `org_01kh05ypbefm4sz6w70zh5mpwd` service tier `on_demand` on tokens per minute (TPM): Limit 300000, Used 297722, Requested 2738. Please try again in 92ms. ', 'type': 'tokens', 'code': 'rate_limit_exceeded'}}
[12:10:54 F0 OPEN-SCOUT] WARN: [OPEN-SCOUT] error: Error code: 429 - {'error': {'message': 'Rate limit reached for model `meta-llama/llama-4-scout-17b-16e-instruct` in organization `org_01kh05ypbefm4sz6w70zh5mpwd` service tier `on_demand` on tokens per minute (TPM): Limit 300000, Used 297522, Requested 2763. Please try again in 57ms. ', 'type': 'tokens', 'code': 'rate_limit_exceeded'}}
[12:10:54 F0 OPEN-SCOUT] WARN: [OPEN-SCOUT] error: Error code: 429 - {'error': {'message': 'Rate limit reached for model `meta-llama/llama-4-scout-17b-16e-instruct` in organization `org_01kh05ypbefm4sz6w70zh5mpwd` service tier `on_demand` on tokens per minute (TPM): Limit 300000, Used 297422, Requested 2719. Please try again in 28.2ms. ', 'type': 'tokens', 'code': 'rate_limit_exceeded'}}
[12:10:55 F0 OPEN-SCOUT] WARN: [OPEN-SCOUT] error: Error code: 429 - {'error': {'message': 'Rate limit reached for model `meta-llama/llama-4-scout-17b-16e-instruct` in organization `org_01kh05ypbefm4sz6w70zh5mpwd` service tier `on_demand` on tokens per minute (TPM): Limit 300000, Used 297589, Requested 2738. Please try again in 65.4ms. ', 'type': 'tokens', 'code': 'rate_limit_exceeded'}}
[12:10:56 F0 OPEN-SCOUT] WARN: [OPEN-SCOUT] error: Error code: 429 - {'error': {'message': 'Rate limit reached for model `meta-llama/llama-4-scout-17b-16e-instruct` in organization `org_01kh05ypbefm4sz6w70zh5mpwd` service tier `on_demand` on tokens per minute (TPM): Limit 300000, Used 297610, Requested 2763. Please try again in 74.6ms. ', 'type': 'tokens', 'code': 'rate_limit_exceeded'}}
[12:10:57 F0 OPEN-SCOUT] WARN: [OPEN-SCOUT] error: Error code: 429 - {'error': {'message': 'Rate limit reached for model `meta-llama/llama-4-scout-17b-16e-instruct` in organization `org_01kh05ypbefm4sz6w70zh5mpwd` service tier `on_demand` on tokens per minute (TPM): Limit 300000, Used 297381, Requested 2738. Please try again in 23.8ms. ', 'type': 'tokens', 'code': 'rate_limit_exceeded'}}
[12:10:57 F0 OPEN-SCOUT] WARN: [OPEN-SCOUT] error: Error code: 429 - {'error': {'message': 'Rate limit reached for model `meta-llama/llama-4-scout-17b-16e-instruct` in organization `org_01kh05ypbefm4sz6w70zh5mpwd` service tier `on_demand` on tokens per minute (TPM): Limit 300000, Used 297855, Requested 2738. Please try again in 118.599999ms. ', 'type': 'tokens', 'code': 'rate_limit_exceeded'}}
[12:10:59 F0 OPEN-SCOUT] WARN: [OPEN-SCOUT] error: Error code: 429 - {'error': {'message': 'Rate limit reached for model `meta-llama/llama-4-scout-17b-16e-instruct` in organization `org_01kh05ypbefm4sz6w70zh5mpwd` service tier `on_demand` on tokens per minute (TPM): Limit 300000, Used 297805, Requested 2738. Please try again in 108.6ms. ', 'type': 'tokens', 'code': 'rate_limit_exceeded'}}
[12:11:02 F0 OPEN-SCOUT] WARN: [OPEN-SCOUT] error: Error code: 429 - {'error': {'message': 'Rate limit reached for model `meta-llama/llama-4-scout-17b-16e-instruct` in organization `org_01kh05ypbefm4sz6w70zh5mpwd` service tier `on_demand` on tokens per minute (TPM): Limit 300000, Used 297310, Requested 2750. Please try again in 12ms. ', 'type': 'tokens', 'code': 'rate_limit_exceeded'}}
[12:11:03 F0 OPEN-SCOUT] WARN: [OPEN-SCOUT] error: Error code: 429 - {'error': {'message': 'Rate limit reached for model `meta-llama/llama-4-scout-17b-16e-instruct` in organization `org_01kh05ypbefm4sz6w70zh5mpwd` service tier `on_demand` on tokens per minute (TPM): Limit 300000, Used 297971, Requested 2725. Please try again in 139.2ms. ', 'type': 'tokens', 'code': 'rate_limit_exceeded'}}
[12:11:05 F0 OPEN-SCOUT] WARN: [OPEN-SCOUT] error: Error code: 429 - {'error': {'message': 'Rate limit reached for model `meta-llama/llama-4-scout-17b-16e-instruct` in organization `org_01kh05ypbefm4sz6w70zh5mpwd` service tier `on_demand` on tokens per minute (TPM): Limit 300000, Used 297317, Requested 2750. Please try again in 13.4ms. ', 'type': 'tokens', 'code': 'rate_limit_exceeded'}}
[12:11:06 F0 OPEN-SCOUT] WARN: [OPEN-SCOUT] error: Error code: 429 - {'error': {'message': 'Rate limit reached for model `meta-llama/llama-4-scout-17b-16e-instruct` in organization `org_01kh05ypbefm4sz6w70zh5mpwd` service tier `on_demand` on tokens per minute (TPM): Limit 300000, Used 297657, Requested 2750. Please try again in 81.4ms. ', 'type': 'tokens', 'code': 'rate_limit_exceeded'}}
[12:11:07 F0 OPEN-SCOUT] WARN: [OPEN-SCOUT] error: Error code: 429 - {'error': {'message': 'Rate limit reached for model `meta-llama/llama-4-scout-17b-16e-instruct` in organization `org_01kh05ypbefm4sz6w70zh5mpwd` service tier `on_demand` on tokens per minute (TPM): Limit 300000, Used 298257, Requested 2763. Please try again in 204ms. ', 'type': 'tokens', 'code': 'rate_limit_exceeded'}}
[12:11:10 F0 OPEN-SCOUT] WARN: [OPEN-SCOUT] error: Error code: 429 - {'error': {'message': 'Rate limit reached for model `meta-llama/llama-4-scout-17b-16e-instruct` in organization `org_01kh05ypbefm4sz6w70zh5mpwd` service tier `on_demand` on tokens per minute (TPM): Limit 300000, Used 297305, Requested 2763. Please try again in 13.6ms. ', 'type': 'tokens', 'code': 'rate_limit_exceeded'}}
[12:11:11 F0 OPEN-SCOUT] WARN: [OPEN-SCOUT] error: Error code: 429 - {'error': {'message': 'Rate limit reached for model `meta-llama/llama-4-scout-17b-16e-instruct` in organization `org_01kh05ypbefm4sz6w70zh5mpwd` service tier `on_demand` on tokens per minute (TPM): Limit 300000, Used 297615, Requested 2763. Please try again in 75.6ms. ', 'type': 'tokens', 'code': 'rate_limit_exceeded'}}
[12:11:13 F0 OPEN-SCOUT] WARN: [OPEN-SCOUT] error: Error code: 429 - {'error': {'message': 'Rate limit reached for model `meta-llama/llama-4-scout-17b-16e-instruct` in organization `org_01kh05ypbefm4sz6w70zh5mpwd` service tier `on_demand` on tokens per minute (TPM): Limit 300000, Used 299457, Requested 2734. Please try again in 438.2ms. ', 'type': 'tokens', 'code': 'rate_limit_exceeded'}}
[12:11:15 F0 OPEN-SCOUT] WARN: [OPEN-SCOUT] error: Error code: 429 - {'error': {'message': 'Rate limit reached for model `meta-llama/llama-4-scout-17b-16e-instruct` in organization `org_01kh05ypbefm4sz6w70zh5mpwd` service tier `on_demand` on tokens per minute (TPM): Limit 300000, Used 297688, Requested 2750. Please try again in 87.6ms. ', 'type': 'tokens', 'code': 'rate_limit_exceeded'}}
[12:11:17 F0 OPEN-SCOUT] WARN: [OPEN-SCOUT] error: Error code: 429 - {'error': {'message': 'Rate limit reached for model `meta-llama/llama-4-scout-17b-16e-instruct` in organization `org_01kh05ypbefm4sz6w70zh5mpwd` service tier `on_demand` on tokens per minute (TPM): Limit 300000, Used 297688, Requested 2750. Please try again in 87.6ms. ', 'type': 'tokens', 'code': 'rate_limit_exceeded'}}
[12:11:17 F0 OPEN-SCOUT] WARN: [OPEN-SCOUT] error: Error code: 429 - {'error': {'message': 'Rate limit reached for model `meta-llama/llama-4-scout-17b-16e-instruct` in organization `org_01kh05ypbefm4sz6w70zh5mpwd` service tier `on_demand` on tokens per minute (TPM): Limit 300000, Used 297863, Requested 2763. Please try again in 125.2ms. ', 'type': 'tokens', 'code': 'rate_limit_exceeded'}}
[12:11:19 F0 OPEN-SCOUT] WARN: [OPEN-SCOUT] error: Error code: 429 - {'error': {'message': 'Rate limit reached for model `meta-llama/llama-4-scout-17b-16e-instruct` in organization `org_01kh05ypbefm4sz6w70zh5mpwd` service tier `on_demand` on tokens per minute (TPM): Limit 300000, Used 297492, Requested 2763. Please try again in 51ms. ', 'type': 'tokens', 'code': 'rate_limit_exceeded'}}
[12:11:22 F0 OPEN-SCOUT] WARN: [OPEN-SCOUT] error: Error code: 429 - {'error': {'message': 'Rate limit reached for model `meta-llama/llama-4-scout-17b-16e-instruct` in organization `org_01kh05ypbefm4sz6w70zh5mpwd` service tier `on_demand` on tokens per minute (TPM): Limit 300000, Used 297592, Requested 2750. Please try again in 68.4ms. ', 'type': 'tokens', 'code': 'rate_limit_exceeded'}}
[12:11:22 F0 OPEN-SCOUT] WARN: [OPEN-SCOUT] error: Error code: 429 - {'error': {'message': 'Rate limit reached for model `meta-llama/llama-4-scout-17b-16e-instruct` in organization `org_01kh05ypbefm4sz6w70zh5mpwd` service tier `on_demand` on tokens per minute (TPM): Limit 300000, Used 297755, Requested 2750. Please try again in 101ms. ', 'type': 'tokens', 'code': 'rate_limit_exceeded'}}
[12:11:23 F0 OPEN-SCOUT] WARN: [OPEN-SCOUT] error: Error code: 429 - {'error': {'message': 'Rate limit reached for model `meta-llama/llama-4-scout-17b-16e-instruct` in organization `org_01kh05ypbefm4sz6w70zh5mpwd` service tier `on_demand` on tokens per minute (TPM): Limit 300000, Used 297917, Requested 2751. Please try again in 133.6ms. ', 'type': 'tokens', 'code': 'rate_limit_exceeded'}}
[12:11:24 F0 OPEN-SCOUT] WARN: [OPEN-SCOUT] error: Error code: 429 - {'error': {'message': 'Rate limit reached for model `meta-llama/llama-4-scout-17b-16e-instruct` in organization `org_01kh05ypbefm4sz6w70zh5mpwd` service tier `on_demand` on tokens per minute (TPM): Limit 300000, Used 297483, Requested 2763. Please try again in 49.2ms. ', 'type': 'tokens', 'code': 'rate_limit_exceeded'}}
[12:11:25 F0 OPEN-SCOUT] WARN: [OPEN-SCOUT] error: Error code: 429 - {'error': {'message': 'Rate limit reached for model `meta-llama/llama-4-scout-17b-16e-instruct` in organization `org_01kh05ypbefm4sz6w70zh5mpwd` service tier `on_demand` on tokens per minute (TPM): Limit 300000, Used 297557, Requested 2751. Please try again in 61.599999ms. ', 'type': 'tokens', 'code': 'rate_limit_exceeded'}}
[12:11:27 F0 OPEN-SCOUT] WARN: [OPEN-SCOUT] error: Error code: 429 - {'error': {'message': 'Rate limit reached for model `meta-llama/llama-4-scout-17b-16e-instruct` in organization `org_01kh05ypbefm4sz6w70zh5mpwd` service tier `on_demand` on tokens per minute (TPM): Limit 300000, Used 299875, Requested 2763. Please try again in 527.6ms. ', 'type': 'tokens', 'code': 'rate_limit_exceeded'}}
[12:11:28 F0 OPEN-SCOUT] WARN: [OPEN-SCOUT] error: Error code: 429 - {'error': {'message': 'Rate limit reached for model `meta-llama/llama-4-scout-17b-16e-instruct` in organization `org_01kh05ypbefm4sz6w70zh5mpwd` service tier `on_demand` on tokens per minute (TPM): Limit 300000, Used 298255, Requested 2750. Please try again in 201ms. ', 'type': 'tokens', 'code': 'rate_limit_exceeded'}}
[12:11:31 F0 OPEN-SCOUT] WARN: [OPEN-SCOUT] error: Error code: 429 - {'error': {'message': 'Rate limit reached for model `meta-llama/llama-4-scout-17b-16e-instruct` in organization `org_01kh05ypbefm4sz6w70zh5mpwd` service tier `on_demand` on tokens per minute (TPM): Limit 300000, Used 297582, Requested 2751. Please try again in 66.6ms. ', 'type': 'tokens', 'code': 'rate_limit_exceeded'}}
[12:11:33 F0 OPEN-SCOUT] WARN: [OPEN-SCOUT] error: Error code: 429 - {'error': {'message': 'Rate limit reached for model `meta-llama/llama-4-scout-17b-16e-instruct` in organization `org_01kh05ypbefm4sz6w70zh5mpwd` service tier `on_demand` on tokens per minute (TPM): Limit 300000, Used 299208, Requested 2763. Please try again in 394.2ms. ', 'type': 'tokens', 'code': 'rate_limit_exceeded'}}
[12:11:34 F0 OPEN-SCOUT] WARN: [OPEN-SCOUT] error: Error code: 429 - {'error': {'message': 'Rate limit reached for model `meta-llama/llama-4-scout-17b-16e-instruct` in organization `org_01kh05ypbefm4sz6w70zh5mpwd` service tier `on_demand` on tokens per minute (TPM): Limit 300000, Used 298419, Requested 2750. Please try again in 233.8ms. ', 'type': 'tokens', 'code': 'rate_limit_exceeded'}}
[12:11:39 F0 OPEN-SCOUT] WARN: [OPEN-SCOUT] error: Error code: 429 - {'error': {'message': 'Rate limit reached for model `meta-llama/llama-4-scout-17b-16e-instruct` in organization `org_01kh05ypbefm4sz6w70zh5mpwd` service tier `on_demand` on tokens per minute (TPM): Limit 300000, Used 299346, Requested 2751. Please try again in 419.4ms. ', 'type': 'tokens', 'code': 'rate_limit_exceeded'}}
[12:11:42 F0 OPEN-SCOUT] WARN: [OPEN-SCOUT] error: Error code: 429 - {'error': {'message': 'Rate limit reached for model `meta-llama/llama-4-scout-17b-16e-instruct` in organization `org_01kh05ypbefm4sz6w70zh5mpwd` service tier `on_demand` on tokens per minute (TPM): Limit 300000, Used 298968, Requested 2735. Please try again in 340.6ms. ', 'type': 'tokens', 'code': 'rate_limit_exceeded'}}
[12:11:45 F0 OPEN-SCOUT] WARN: [OPEN-SCOUT] error: Error code: 429 - {'error': {'message': 'Rate limit reached for model `meta-llama/llama-4-scout-17b-16e-instruct` in organization `org_01kh05ypbefm4sz6w70zh5mpwd` service tier `on_demand` on tokens per minute (TPM): Limit 300000, Used 299930, Requested 2735. Please try again in 533ms. ', 'type': 'tokens', 'code': 'rate_limit_exceeded'}}
[12:11:50 F0 OPEN-SCOUT] WARN: [OPEN-SCOUT] error: Error code: 429 - {'error': {'message': 'Rate limit reached for model `meta-llama/llama-4-scout-17b-16e-instruct` in organization `org_01kh05ypbefm4sz6w70zh5mpwd` service tier `on_demand` on tokens per minute (TPM): Limit 300000, Used 299676, Requested 2735. Please try again in 482.199999ms. ', 'type': 'tokens', 'code': 'rate_limit_exceeded'}}
[12:11:52 F0 OPEN-SCOUT] WARN: [OPEN-SCOUT] error: Error code: 429 - {'error': {'message': 'Rate limit reached for model `meta-llama/llama-4-scout-17b-16e-instruct` in organization `org_01kh05ypbefm4sz6w70zh5mpwd` service tier `on_demand` on tokens per minute (TPM): Limit 300000, Used 297911, Requested 2751. Please try again in 132.399999ms. ', 'type': 'tokens', 'code': 'rate_limit_exceeded'}}
[12:11:53 F0 OPEN-SCOUT] WARN: [OPEN-SCOUT] error: Error code: 429 - {'error': {'message': 'Rate limit reached for model `meta-llama/llama-4-scout-17b-16e-instruct` in organization `org_01kh05ypbefm4sz6w70zh5mpwd` service tier `on_demand` on tokens per minute (TPM): Limit 300000, Used 299245, Requested 2751. Please try again in 399.2ms. ', 'type': 'tokens', 'code': 'rate_limit_exceeded'}}
[12:11:55 F0 OPEN-SCOUT] WARN: [OPEN-SCOUT] error: Error code: 429 - {'error': {'message': 'Rate limit reached for model `meta-llama/llama-4-scout-17b-16e-instruct` in organization `org_01kh05ypbefm4sz6w70zh5mpwd` service tier `on_demand` on tokens per minute (TPM): Limit 300000, Used 298430, Requested 2735. Please try again in 232.999999ms. ', 'type': 'tokens', 'code': 'rate_limit_exceeded'}}
[12:11:59 F0 OPEN-SCOUT] WARN: [OPEN-SCOUT] error: Error code: 429 - {'error': {'message': 'Rate limit reached for model `meta-llama/llama-4-scout-17b-16e-instruct` in organization `org_01kh05ypbefm4sz6w70zh5mpwd` service tier `on_demand` on tokens per minute (TPM): Limit 300000, Used 298887, Requested 2735. Please try again in 324.399999ms. ', 'type': 'tokens', 'code': 'rate_limit_exceeded'}}
[12:12:00 F0 OPEN-SCOUT] WARN: [OPEN-SCOUT] error: Error code: 429 - {'error': {'message': 'Rate limit reached for model `meta-llama/llama-4-scout-17b-16e-instruct` in organization `org_01kh05ypbefm4sz6w70zh5mpwd` service tier `on_demand` on tokens per minute (TPM): Limit 300000, Used 297708, Requested 2736. Please try again in 88.8ms. ', 'type': 'tokens', 'code': 'rate_limit_exceeded'}}
[12:12:02 F0 OPEN-SCOUT] WARN: [OPEN-SCOUT] error: Error code: 429 - {'error': {'message': 'Rate limit reached for model `meta-llama/llama-4-scout-17b-16e-instruct` in organization `org_01kh05ypbefm4sz6w70zh5mpwd` service tier `on_demand` on tokens per minute (TPM): Limit 300000, Used 297513, Requested 2746. Please try again in 51.8ms. ', 'type': 'tokens', 'code': 'rate_limit_exceeded'}}
[12:12:02 F0 OPEN-SCOUT] WARN: [OPEN-SCOUT] error: Error code: 429 - {'error': {'message': 'Rate limit reached for model `meta-llama/llama-4-scout-17b-16e-instruct` in organization `org_01kh05ypbefm4sz6w70zh5mpwd` service tier `on_demand` on tokens per minute (TPM): Limit 300000, Used 299735, Requested 2746. Please try again in 496.2ms. ', 'type': 'tokens', 'code': 'rate_limit_exceeded'}}
[12:12:05 F0 OPEN-SCOUT] WARN: [OPEN-SCOUT] error: Error code: 429 - {'error': {'message': 'Rate limit reached for model `meta-llama/llama-4-scout-17b-16e-instruct` in organization `org_01kh05ypbefm4sz6w70zh5mpwd` service tier `on_demand` on tokens per minute (TPM): Limit 300000, Used 298815, Requested 2752. Please try again in 313.4ms. ', 'type': 'tokens', 'code': 'rate_limit_exceeded'}}
[12:12:08 F0 OPEN-SCOUT] WARN: [OPEN-SCOUT] error: Error code: 429 - {'error': {'message': 'Rate limit reached for model `meta-llama/llama-4-scout-17b-16e-instruct` in organization `org_01kh05ypbefm4sz6w70zh5mpwd` service tier `on_demand` on tokens per minute (TPM): Limit 300000, Used 298268, Requested 2752. Please try again in 204ms. ', 'type': 'tokens', 'code': 'rate_limit_exceeded'}}
[12:12:11 F0 OPEN-SCOUT] WARN: [OPEN-SCOUT] error: Error code: 429 - {'error': {'message': 'Rate limit reached for model `meta-llama/llama-4-scout-17b-16e-instruct` in organization `org_01kh05ypbefm4sz6w70zh5mpwd` service tier `on_demand` on tokens per minute (TPM): Limit 300000, Used 297492, Requested 2746. Please try again in 47.6ms. ', 'type': 'tokens', 'code': 'rate_limit_exceeded'}}
[12:12:12 F0 OPEN-SCOUT] WARN: [OPEN-SCOUT] error: Error code: 429 - {'error': {'message': 'Rate limit reached for model `meta-llama/llama-4-scout-17b-16e-instruct` in organization `org_01kh05ypbefm4sz6w70zh5mpwd` service tier `on_demand` on tokens per minute (TPM): Limit 300000, Used 297624, Requested 2736. Please try again in 72ms. ', 'type': 'tokens', 'code': 'rate_limit_exceeded'}}
[12:12:15 F0 OPEN-SCOUT] WARN: [OPEN-SCOUT] error: Error code: 429 - {'error': {'message': 'Rate limit reached for model `meta-llama/llama-4-scout-17b-16e-instruct` in organization `org_01kh05ypbefm4sz6w70zh5mpwd` service tier `on_demand` on tokens per minute (TPM): Limit 300000, Used 299045, Requested 2752. Please try again in 359.4ms. ', 'type': 'tokens', 'code': 'rate_limit_exceeded'}}
[12:12:16 F0 OPEN-SCOUT] WARN: [OPEN-SCOUT] error: Error code: 429 - {'error': {'message': 'Rate limit reached for model `meta-llama/llama-4-scout-17b-16e-instruct` in organization `org_01kh05ypbefm4sz6w70zh5mpwd` service tier `on_demand` on tokens per minute (TPM): Limit 300000, Used 298562, Requested 2752. Please try again in 262.8ms. ', 'type': 'tokens', 'code': 'rate_limit_exceeded'}}
[12:12:18 F0 OPEN-SCOUT] WARN: [OPEN-SCOUT] error: Error code: 429 - {'error': {'message': 'Rate limit reached for model `meta-llama/llama-4-scout-17b-16e-instruct` in organization `org_01kh05ypbefm4sz6w70zh5mpwd` service tier `on_demand` on tokens per minute (TPM): Limit 300000, Used 298564, Requested 2736. Please try again in 260ms. ', 'type': 'tokens', 'code': 'rate_limit_exceeded'}}
[12:12:19 F0 OPEN-SCOUT] WARN: [OPEN-SCOUT] error: Error code: 429 - {'error': {'message': 'Rate limit reached for model `meta-llama/llama-4-scout-17b-16e-instruct` in organization `org_01kh05ypbefm4sz6w70zh5mpwd` service tier `on_demand` on tokens per minute (TPM): Limit 300000, Used 299657, Requested 2736. Please try again in 478.6ms. ', 'type': 'tokens', 'code': 'rate_limit_exceeded'}}
[12:12:20 F0 OPEN-SCOUT] WARN: [OPEN-SCOUT] error: Error code: 429 - {'error': {'message': 'Rate limit reached for model `meta-llama/llama-4-scout-17b-16e-instruct` in organization `org_01kh05ypbefm4sz6w70zh5mpwd` service tier `on_demand` on tokens per minute (TPM): Limit 300000, Used 297880, Requested 2736. Please try again in 123.199999ms. ', 'type': 'tokens', 'code': 'rate_limit_exceeded'}}
[12:12:22 F0 OPEN-SCOUT] WARN: [OPEN-SCOUT] error: Error code: 429 - {'error': {'message': 'Rate limit reached for model `meta-llama/llama-4-scout-17b-16e-instruct` in organization `org_01kh05ypbefm4sz6w70zh5mpwd` service tier `on_demand` on tokens per minute (TPM): Limit 300000, Used 298678, Requested 2736. Please try again in 282.8ms. ', 'type': 'tokens', 'code': 'rate_limit_exceeded'}}
[12:12:23 F0 OPEN-SCOUT] WARN: [OPEN-SCOUT] error: Error code: 429 - {'error': {'message': 'Rate limit reached for model `meta-llama/llama-4-scout-17b-16e-instruct` in organization `org_01kh05ypbefm4sz6w70zh5mpwd` service tier `on_demand` on tokens per minute (TPM): Limit 300000, Used 299537, Requested 2746. Please try again in 456.599999ms. ', 'type': 'tokens', 'code': 'rate_limit_exceeded'}}
[12:12:23 F0 OPEN-SCOUT] WARN: [OPEN-SCOUT] error: Error code: 429 - {'error': {'message': 'Rate limit reached for model `meta-llama/llama-4-scout-17b-16e-instruct` in organization `org_01kh05ypbefm4sz6w70zh5mpwd` service tier `on_demand` on tokens per minute (TPM): Limit 300000, Used 298121, Requested 2736. Please try again in 171.4ms. ', 'type': 'tokens', 'code': 'rate_limit_exceeded'}}
[12:12:27 F0 OPEN-SCOUT] WARN: [OPEN-SCOUT] error: Error code: 429 - {'error': {'message': 'Rate limit reached for model `meta-llama/llama-4-scout-17b-16e-instruct` in organization `org_01kh05ypbefm4sz6w70zh5mpwd` service tier `on_demand` on tokens per minute (TPM): Limit 300000, Used 298781, Requested 2757. Please try again in 307.6ms. ', 'type': 'tokens', 'code': 'rate_limit_exceeded'}}
[12:12:30 F0 OPEN-SCOUT] WARN: [OPEN-SCOUT] error: Error code: 429 - {'error': {'message': 'Rate limit reached for model `meta-llama/llama-4-scout-17b-16e-instruct` in organization `org_01kh05ypbefm4sz6w70zh5mpwd` service tier `on_demand` on tokens per minute (TPM): Limit 300000, Used 299374, Requested 2746. Please try again in 424ms. ', 'type': 'tokens', 'code': 'rate_limit_exceeded'}}
[12:12:31 F0 OPEN-SCOUT] WARN: [OPEN-SCOUT] error: Error code: 429 - {'error': {'message': 'Rate limit reached for model `meta-llama/llama-4-scout-17b-16e-instruct` in organization `org_01kh05ypbefm4sz6w70zh5mpwd` service tier `on_demand` on tokens per minute (TPM): Limit 300000, Used 298430, Requested 2741. Please try again in 234.2ms. ', 'type': 'tokens', 'code': 'rate_limit_exceeded'}}
[12:12:32 F0 OPEN-SCOUT] WARN: [OPEN-SCOUT] error: Error code: 429 - {'error': {'message': 'Rate limit reached for model `meta-llama/llama-4-scout-17b-16e-instruct` in organization `org_01kh05ypbefm4sz6w70zh5mpwd` service tier `on_demand` on tokens per minute (TPM): Limit 300000, Used 298155, Requested 2736. Please try again in 178.2ms. ', 'type': 'tokens', 'code': 'rate_limit_exceeded'}}
[12:12:34 F0 OPEN-SCOUT] WARN: [OPEN-SCOUT] error: Error code: 429 - {'error': {'message': 'Rate limit reached for model `meta-llama/llama-4-scout-17b-16e-instruct` in organization `org_01kh05ypbefm4sz6w70zh5mpwd` service tier `on_demand` on tokens per minute (TPM): Limit 300000, Used 297278, Requested 2757. Please try again in 7ms. ', 'type': 'tokens', 'code': 'rate_limit_exceeded'}}
[12:12:36 F0 OPEN-SCOUT] WARN: [OPEN-SCOUT] error: Error code: 429 - {'error': {'message': 'Rate limit reached for model `meta-llama/llama-4-scout-17b-16e-instruct` in organization `org_01kh05ypbefm4sz6w70zh5mpwd` service tier `on_demand` on tokens per minute (TPM): Limit 300000, Used 297510, Requested 2741. Please try again in 50.2ms. ', 'type': 'tokens', 'code': 'rate_limit_exceeded'}}
[12:12:36 F0 OPEN-SCOUT] WARN: [OPEN-SCOUT] error: Error code: 429 - {'error': {'message': 'Rate limit reached for model `meta-llama/llama-4-scout-17b-16e-instruct` in organization `org_01kh05ypbefm4sz6w70zh5mpwd` service tier `on_demand` on tokens per minute (TPM): Limit 300000, Used 299867, Requested 2741. Please try again in 521.6ms. ', 'type': 'tokens', 'code': 'rate_limit_exceeded'}}
[12:12:39 F0 OPEN-SCOUT] WARN: [OPEN-SCOUT] error: Error code: 429 - {'error': {'message': 'Rate limit reached for model `meta-llama/llama-4-scout-17b-16e-instruct` in organization `org_01kh05ypbefm4sz6w70zh5mpwd` service tier `on_demand` on tokens per minute (TPM): Limit 300000, Used 297310, Requested 2736. Please try again in 9.2ms. ', 'type': 'tokens', 'code': 'rate_limit_exceeded'}}
[12:12:42 F0 OPEN-SCOUT] WARN: [OPEN-SCOUT] error: Error code: 429 - {'error': {'message': 'Rate limit reached for model `meta-llama/llama-4-scout-17b-16e-instruct` in organization `org_01kh05ypbefm4sz6w70zh5mpwd` service tier `on_demand` on tokens per minute (TPM): Limit 300000, Used 297281, Requested 2736. Please try again in 3.4ms. ', 'type': 'tokens', 'code': 'rate_limit_exceeded'}}
[12:12:46 F0 OPEN-SCOUT] WARN: [OPEN-SCOUT] error: Error code: 429 - {'error': {'message': 'Rate limit reached for model `meta-llama/llama-4-scout-17b-16e-instruct` in organization `org_01kh05ypbefm4sz6w70zh5mpwd` service tier `on_demand` on tokens per minute (TPM): Limit 300000, Used 297386, Requested 2757. Please try again in 28.6ms. ', 'type': 'tokens', 'code': 'rate_limit_exceeded'}}
[12:12:49 F0 OPEN-SCOUT] WARN: [OPEN-SCOUT] error: Error code: 429 - {'error': {'message': 'Rate limit reached for model `meta-llama/llama-4-scout-17b-16e-instruct` in organization `org_01kh05ypbefm4sz6w70zh5mpwd` service tier `on_demand` on tokens per minute (TPM): Limit 300000, Used 299347, Requested 2736. Please try again in 416.6ms. ', 'type': 'tokens', 'code': 'rate_limit_exceeded'}}
[12:12:51 F0 OPEN-SCOUT] WARN: [OPEN-SCOUT] error: Error code: 429 - {'error': {'message': 'Rate limit reached for model `meta-llama/llama-4-scout-17b-16e-instruct` in organization `org_01kh05ypbefm4sz6w70zh5mpwd` service tier `on_demand` on tokens per minute (TPM): Limit 300000, Used 297340, Requested 2757. Please try again in 19.4ms. ', 'type': 'tokens', 'code': 'rate_limit_exceeded'}}
[12:12:51 F0 OPEN-SCOUT] WARN: [OPEN-SCOUT] error: Error code: 429 - {'error': {'message': 'Rate limit reached for model `meta-llama/llama-4-scout-17b-16e-instruct` in organization `org_01kh05ypbefm4sz6w70zh5mpwd` service tier `on_demand` on tokens per minute (TPM): Limit 300000, Used 297621, Requested 2736. Please try again in 71.4ms. ', 'type': 'tokens', 'code': 'rate_limit_exceeded'}}
[12:12:53 F0 OPEN-SCOUT] WARN: [OPEN-SCOUT] error: Error code: 429 - {'error': {'message': 'Rate limit reached for model `meta-llama/llama-4-scout-17b-16e-instruct` in organization `org_01kh05ypbefm4sz6w70zh5mpwd` service tier `on_demand` on tokens per minute (TPM): Limit 300000, Used 298901, Requested 2757. Please try again in 331.6ms. ', 'type': 'tokens', 'code': 'rate_limit_exceeded'}}
[12:12:55 F0 OPEN-SCOUT] WARN: [OPEN-SCOUT] error: Error code: 429 - {'error': {'message': 'Rate limit reached for model `meta-llama/llama-4-scout-17b-16e-instruct` in organization `org_01kh05ypbefm4sz6w70zh5mpwd` service tier `on_demand` on tokens per minute (TPM): Limit 300000, Used 297354, Requested 2757. Please try again in 22.2ms. ', 'type': 'tokens', 'code': 'rate_limit_exceeded'}}
[12:12:57 F0 OPEN-SCOUT] WARN: [OPEN-SCOUT] error: Error code: 429 - {'error': {'message': 'Rate limit reached for model `meta-llama/llama-4-scout-17b-16e-instruct` in organization `org_01kh05ypbefm4sz6w70zh5mpwd` service tier `on_demand` on tokens per minute (TPM): Limit 300000, Used 299115, Requested 2757. Please try again in 374.4ms. ', 'type': 'tokens', 'code': 'rate_limit_exceeded'}}
[12:13:00 F0 OPEN-SCOUT] WARN: [OPEN-SCOUT] error: Error code: 429 - {'error': {'message': 'Rate limit reached for model `meta-llama/llama-4-scout-17b-16e-instruct` in organization `org_01kh05ypbefm4sz6w70zh5mpwd` service tier `on_demand` on tokens per minute (TPM): Limit 300000, Used 298022, Requested 2736. Please try again in 151.6ms. ', 'type': 'tokens', 'code': 'rate_limit_exceeded'}}
[12:13:02 F0 OPEN-SCOUT] WARN: [OPEN-SCOUT] error: Error code: 429 - {'error': {'message': 'Rate limit reached for model `meta-llama/llama-4-scout-17b-16e-instruct` in organization `org_01kh05ypbefm4sz6w70zh5mpwd` service tier `on_demand` on tokens per minute (TPM): Limit 300000, Used 297760, Requested 2725. Please try again in 97ms. ', 'type': 'tokens', 'code': 'rate_limit_exceeded'}}
[12:13:03 F0 OPEN-SCOUT] WARN: [OPEN-SCOUT] error: Error code: 429 - {'error': {'message': 'Rate limit reached for model `meta-llama/llama-4-scout-17b-16e-instruct` in organization `org_01kh05ypbefm4sz6w70zh5mpwd` service tier `on_demand` on tokens per minute (TPM): Limit 300000, Used 297522, Requested 2757. Please try again in 55.8ms. ', 'type': 'tokens', 'code': 'rate_limit_exceeded'}}
[12:13:06 F0 OPEN-SCOUT] WARN: [OPEN-SCOUT] error: Error code: 429 - {'error': {'message': 'Rate limit reached for model `meta-llama/llama-4-scout-17b-16e-instruct` in organization `org_01kh05ypbefm4sz6w70zh5mpwd` service tier `on_demand` on tokens per minute (TPM): Limit 300000, Used 297566, Requested 2757. Please try again in 64.6ms. ', 'type': 'tokens', 'code': 'rate_limit_exceeded'}}
[12:13:09 F0 OPEN-SCOUT] WARN: [OPEN-SCOUT] error: Error code: 429 - {'error': {'message': 'Rate limit reached for model `meta-llama/llama-4-scout-17b-16e-instruct` in organization `org_01kh05ypbefm4sz6w70zh5mpwd` service tier `on_demand` on tokens per minute (TPM): Limit 300000, Used 297535, Requested 2757. Please try again in 58.4ms. ', 'type': 'tokens', 'code': 'rate_limit_exceeded'}}
[12:13:09 F0 OPEN-SCOUT] WARN: [OPEN-SCOUT] error: Error code: 429 - {'error': {'message': 'Rate limit reached for model `meta-llama/llama-4-scout-17b-16e-instruct` in organization `org_01kh05ypbefm4sz6w70zh5mpwd` service tier `on_demand` on tokens per minute (TPM): Limit 300000, Used 297703, Requested 2741. Please try again in 88.8ms. ', 'type': 'tokens', 'code': 'rate_limit_exceeded'}}
[12:13:11 F0 OPEN-SCOUT] WARN: [OPEN-SCOUT] error: Error code: 429 - {'error': {'message': 'Rate limit reached for model `meta-llama/llama-4-scout-17b-16e-instruct` in organization `org_01kh05ypbefm4sz6w70zh5mpwd` service tier `on_demand` on tokens per minute (TPM): Limit 300000, Used 298435, Requested 2757. Please try again in 238.399999ms. ', 'type': 'tokens', 'code': 'rate_limit_exceeded'}}
[12:13:18 F0 OPEN-SCOUT] WARN: [OPEN-SCOUT] error: Error code: 429 - {'error': {'message': 'Rate limit reached for model `meta-llama/llama-4-scout-17b-16e-instruct` in organization `org_01kh05ypbefm4sz6w70zh5mpwd` service tier `on_demand` on tokens per minute (TPM): Limit 300000, Used 297677, Requested 2757. Please try again in 86.8ms. ', 'type': 'tokens', 'code': 'rate_limit_exceeded'}}
[12:13:20 F0 OPEN-SCOUT] WARN: [OPEN-SCOUT] error: Error code: 429 - {'error': {'message': 'Rate limit reached for model `meta-llama/llama-4-scout-17b-16e-instruct` in organization `org_01kh05ypbefm4sz6w70zh5mpwd` service tier `on_demand` on tokens per minute (TPM): Limit 300000, Used 299573, Requested 2744. Please try again in 463.4ms. ', 'type': 'tokens', 'code': 'rate_limit_exceeded'}}
[12:13:21 F0 OPEN-SCOUT] WARN: [OPEN-SCOUT] error: Error code: 429 - {'error': {'message': 'Rate limit reached for model `meta-llama/llama-4-scout-17b-16e-instruct` in organization `org_01kh05ypbefm4sz6w70zh5mpwd` service tier `on_demand` on tokens per minute (TPM): Limit 300000, Used 297286, Requested 2761. Please try again in 9.4ms. ', 'type': 'tokens', 'code': 'rate_limit_exceeded'}}
[12:13:22 F0 OPEN-SCOUT] WARN: [OPEN-SCOUT] error: Error code: 429 - {'error': {'message': 'Rate limit reached for model `meta-llama/llama-4-scout-17b-16e-instruct` in organization `org_01kh05ypbefm4sz6w70zh5mpwd` service tier `on_demand` on tokens per minute (TPM): Limit 300000, Used 297921, Requested 2757. Please try again in 135.6ms. ', 'type': 'tokens', 'code': 'rate_limit_exceeded'}}
[12:13:26 F0 OPEN-SCOUT] WARN: [OPEN-SCOUT] error: Error code: 429 - {'error': {'message': 'Rate limit reached for model `meta-llama/llama-4-scout-17b-16e-instruct` in organization `org_01kh05ypbefm4sz6w70zh5mpwd` service tier `on_demand` on tokens per minute (TPM): Limit 300000, Used 297967, Requested 2761. Please try again in 145.6ms. ', 'type': 'tokens', 'code': 'rate_limit_exceeded'}}
[12:13:29 F0 OPEN-SCOUT] WARN: [OPEN-SCOUT] error: Error code: 429 - {'error': {'message': 'Rate limit reached for model `meta-llama/llama-4-scout-17b-16e-instruct` in organization `org_01kh05ypbefm4sz6w70zh5mpwd` service tier `on_demand` on tokens per minute (TPM): Limit 300000, Used 297922, Requested 2757. Please try again in 135.8ms. ', 'type': 'tokens', 'code': 'rate_limit_exceeded'}}
[12:13:30 F0 OPEN-SCOUT] WARN: [OPEN-SCOUT] error: Error code: 429 - {'error': {'message': 'Rate limit reached for model `meta-llama/llama-4-scout-17b-16e-instruct` in organization `org_01kh05ypbefm4sz6w70zh5mpwd` service tier `on_demand` on tokens per minute (TPM): Limit 300000, Used 297263, Requested 2761. Please try again in 4.8ms. ', 'type': 'tokens', 'code': 'rate_limit_exceeded'}}
[12:13:31 F0 OPEN-SCOUT] WARN: [OPEN-SCOUT] error: Error code: 429 - {'error': {'message': 'Rate limit reached for model `meta-llama/llama-4-scout-17b-16e-instruct` in organization `org_01kh05ypbefm4sz6w70zh5mpwd` service tier `on_demand` on tokens per minute (TPM): Limit 300000, Used 297648, Requested 2761. Please try again in 81.8ms. ', 'type': 'tokens', 'code': 'rate_limit_exceeded'}}
[12:13:33 F0 OPEN-SCOUT] WARN: [OPEN-SCOUT] error: Error code: 429 - {'error': {'message': 'Rate limit reached for model `meta-llama/llama-4-scout-17b-16e-instruct` in organization `org_01kh05ypbefm4sz6w70zh5mpwd` service tier `on_demand` on tokens per minute (TPM): Limit 300000, Used 298284, Requested 2746. Please try again in 206ms. ', 'type': 'tokens', 'code': 'rate_limit_exceeded'}}
[12:13:36 F0 OPEN-SCOUT] WARN: [OPEN-SCOUT] error: Error code: 429 - {'error': {'message': 'Rate limit reached for model `meta-llama/llama-4-scout-17b-16e-instruct` in organization `org_01kh05ypbefm4sz6w70zh5mpwd` service tier `on_demand` on tokens per minute (TPM): Limit 300000, Used 298036, Requested 2757. Please try again in 158.6ms. ', 'type': 'tokens', 'code': 'rate_limit_exceeded'}}
[12:13:37 F0 OPEN-SCOUT] WARN: [OPEN-SCOUT] error: Error code: 429 - {'error': {'message': 'Rate limit reached for model `meta-llama/llama-4-scout-17b-16e-instruct` in organization `org_01kh05ypbefm4sz6w70zh5mpwd` service tier `on_demand` on tokens per minute (TPM): Limit 300000, Used 297915, Requested 2746. Please try again in 132.199999ms. ', 'type': 'tokens', 'code': 'rate_limit_exceeded'}}
[12:13:38 F0 OPEN-SCOUT] WARN: [OPEN-SCOUT] error: Error code: 429 - {'error': {'message': 'Rate limit reached for model `meta-llama/llama-4-scout-17b-16e-instruct` in organization `org_01kh05ypbefm4sz6w70zh5mpwd` service tier `on_demand` on tokens per minute (TPM): Limit 300000, Used 297631, Requested 2746. Please try again in 75.4ms. ', 'type': 'tokens', 'code': 'rate_limit_exceeded'}}
[12:13:39 F0 OPEN-SCOUT] WARN: [OPEN-SCOUT] error: Error code: 429 - {'error': {'message': 'Rate limit reached for model `meta-llama/llama-4-scout-17b-16e-instruct` in organization `org_01kh05ypbefm4sz6w70zh5mpwd` service tier `on_demand` on tokens per minute (TPM): Limit 300000, Used 299443, Requested 2761. Please try again in 440.799999ms. ', 'type': 'tokens', 'code': 'rate_limit_exceeded'}}
[12:13:42 F0 OPEN-SCOUT] WARN: [OPEN-SCOUT] error: Error code: 429 - {'error': {'message': 'Rate limit reached for model `meta-llama/llama-4-scout-17b-16e-instruct` in organization `org_01kh05ypbefm4sz6w70zh5mpwd` service tier `on_demand` on tokens per minute (TPM): Limit 300000, Used 297951, Requested 2746. Please try again in 139.4ms. ', 'type': 'tokens', 'code': 'rate_limit_exceeded'}}
[12:13:42 F0 OPEN-SCOUT] WARN: [OPEN-SCOUT] error: Error code: 429 - {'error': {'message': 'Rate limit reached for model `meta-llama/llama-4-scout-17b-16e-instruct` in organization `org_01kh05ypbefm4sz6w70zh5mpwd` service tier `on_demand` on tokens per minute (TPM): Limit 300000, Used 297751, Requested 2751. Please try again in 100.4ms. ', 'type': 'tokens', 'code': 'rate_limit_exceeded'}}
[12:13:44 F0 OPEN-SCOUT] WARN: [OPEN-SCOUT] error: Error code: 429 - {'error': {'message': 'Rate limit reached for model `meta-llama/llama-4-scout-17b-16e-instruct` in organization `org_01kh05ypbefm4sz6w70zh5mpwd` service tier `on_demand` on tokens per minute (TPM): Limit 300000, Used 298780, Requested 2751. Please try again in 306.2ms. ', 'type': 'tokens', 'code': 'rate_limit_exceeded'}}
[12:13:47 F0 OPEN-SCOUT] WARN: [OPEN-SCOUT] error: Error code: 429 - {'error': {'message': 'Rate limit reached for model `meta-llama/llama-4-scout-17b-16e-instruct` in organization `org_01kh05ypbefm4sz6w70zh5mpwd` service tier `on_demand` on tokens per minute (TPM): Limit 300000, Used 299176, Requested 2757. Please try again in 386.6ms. ', 'type': 'tokens', 'code': 'rate_limit_exceeded'}}
[12:13:50 F0 OPEN-SCOUT] WARN: [OPEN-SCOUT] error: Error code: 429 - {'error': {'message': 'Rate limit reached for model `meta-llama/llama-4-scout-17b-16e-instruct` in organization `org_01kh05ypbefm4sz6w70zh5mpwd` service tier `on_demand` on tokens per minute (TPM): Limit 300000, Used 299440, Requested 2756. Please try again in 439.2ms. ', 'type': 'tokens', 'code': 'rate_limit_exceeded'}}
[12:13:50 F0 OPEN-SCOUT] WARN: [OPEN-SCOUT] error: Error code: 429 - {'error': {'message': 'Rate limit reached for model `meta-llama/llama-4-scout-17b-16e-instruct` in organization `org_01kh05ypbefm4sz6w70zh5mpwd` service tier `on_demand` on tokens per minute (TPM): Limit 300000, Used 297462, Requested 2757. Please try again in 43.8ms. ', 'type': 'tokens', 'code': 'rate_limit_exceeded'}}
[12:13:53 F0 OPEN-SCOUT] WARN: [OPEN-SCOUT] error: Error code: 429 - {'error': {'message': 'Rate limit reached for model `meta-llama/llama-4-scout-17b-16e-instruct` in organization `org_01kh05ypbefm4sz6w70zh5mpwd` service tier `on_demand` on tokens per minute (TPM): Limit 300000, Used 297529, Requested 2757. Please try again in 57.2ms. ', 'type': 'tokens', 'code': 'rate_limit_exceeded'}}
[12:13:54 F0 OPEN-SCOUT] WARN: [OPEN-SCOUT] error: Error code: 429 - {'error': {'message': 'Rate limit reached for model `meta-llama/llama-4-scout-17b-16e-instruct` in organization `org_01kh05ypbefm4sz6w70zh5mpwd` service tier `on_demand` on tokens per minute (TPM): Limit 300000, Used 298365, Requested 2752. Please try again in 223.4ms. ', 'type': 'tokens', 'code': 'rate_limit_exceeded'}}
[12:13:56 F0 OPEN-SCOUT] WARN: [OPEN-SCOUT] error: Error code: 429 - {'error': {'message': 'Rate limit reached for model `meta-llama/llama-4-scout-17b-16e-instruct` in organization `org_01kh05ypbefm4sz6w70zh5mpwd` service tier `on_demand` on tokens per minute (TPM): Limit 300000, Used 299373, Requested 2752. Please try again in 425ms. ', 'type': 'tokens', 'code': 'rate_limit_exceeded'}}
[12:13:57 F0 OPEN-SCOUT] WARN: [OPEN-SCOUT] error: Error code: 429 - {'error': {'message': 'Rate limit reached for model `meta-llama/llama-4-scout-17b-16e-instruct` in organization `org_01kh05ypbefm4sz6w70zh5mpwd` service tier `on_demand` on tokens per minute (TPM): Limit 300000, Used 298118, Requested 2757. Please try again in 175ms. ', 'type': 'tokens', 'code': 'rate_limit_exceeded'}}
[12:13:58 F0 OPEN-SCOUT] WARN: [OPEN-SCOUT] error: Error code: 429 - {'error': {'message': 'Rate limit reached for model `meta-llama/llama-4-scout-17b-16e-instruct` in organization `org_01kh05ypbefm4sz6w70zh5mpwd` service tier `on_demand` on tokens per minute (TPM): Limit 300000, Used 297768, Requested 2756. Please try again in 104.8ms. ', 'type': 'tokens', 'code': 'rate_limit_exceeded'}}
[12:13:59 F0 OPEN-SCOUT] WARN: [OPEN-SCOUT] error: Error code: 429 - {'error': {'message': 'Rate limit reached for model `meta-llama/llama-4-scout-17b-16e-instruct` in organization `org_01kh05ypbefm4sz6w70zh5mpwd` service tier `on_demand` on tokens per minute (TPM): Limit 300000, Used 297363, Requested 2756. Please try again in 23.8ms. ', 'type': 'tokens', 'code': 'rate_limit_exceeded'}}
[12:14:01 F0 OPEN-SCOUT] WARN: [OPEN-SCOUT] error: Error code: 429 - {'error': {'message': 'Rate limit reached for model `meta-llama/llama-4-scout-17b-16e-instruct` in organization `org_01kh05ypbefm4sz6w70zh5mpwd` service tier `on_demand` on tokens per minute (TPM): Limit 300000, Used 298384, Requested 2752. Please try again in 227.2ms. ', 'type': 'tokens', 'code': 'rate_limit_exceeded'}}
[12:14:03 F0 OPEN-SCOUT] WARN: [OPEN-SCOUT] error: Error code: 429 - {'error': {'message': 'Rate limit reached for model `meta-llama/llama-4-scout-17b-16e-instruct` in organization `org_01kh05ypbefm4sz6w70zh5mpwd` service tier `on_demand` on tokens per minute (TPM): Limit 300000, Used 298131, Requested 2752. Please try again in 176.6ms. ', 'type': 'tokens', 'code': 'rate_limit_exceeded'}}
[12:14:04 F0 OPEN-SCOUT] WARN: [OPEN-SCOUT] error: Error code: 429 - {'error': {'message': 'Rate limit reached for model `meta-llama/llama-4-scout-17b-16e-instruct` in organization `org_01kh05ypbefm4sz6w70zh5mpwd` service tier `on_demand` on tokens per minute (TPM): Limit 300000, Used 298532, Requested 2752. Please try again in 256.799999ms. ', 'type': 'tokens', 'code': 'rate_limit_exceeded'}}
[12:14:05 F0 OPEN-SCOUT] WARN: [OPEN-SCOUT] error: Error code: 429 - {'error': {'message': 'Rate limit reached for model `meta-llama/llama-4-scout-17b-16e-instruct` in organization `org_01kh05ypbefm4sz6w70zh5mpwd` service tier `on_demand` on tokens per minute (TPM): Limit 300000, Used 299403, Requested 2756. Please try again in 431.799999ms. ', 'type': 'tokens', 'code': 'rate_limit_exceeded'}}
[12:14:06 F0 OPEN-SCOUT] WARN: [OPEN-SCOUT] error: Error code: 429 - {'error': {'message': 'Rate limit reached for model `meta-llama/llama-4-scout-17b-16e-instruct` in organization `org_01kh05ypbefm4sz6w70zh5mpwd` service tier `on_demand` on tokens per minute (TPM): Limit 300000, Used 297310, Requested 2756. Please try again in 13.2ms. ', 'type': 'tokens', 'code': 'rate_limit_exceeded'}}
[12:14:08 F0 OPEN-SCOUT] WARN: [OPEN-SCOUT] error: Error code: 429 - {'error': {'message': 'Rate limit reached for model `meta-llama/llama-4-scout-17b-16e-instruct` in organization `org_01kh05ypbefm4sz6w70zh5mpwd` service tier `on_demand` on tokens per minute (TPM): Limit 300000, Used 298237, Requested 2756. Please try again in 198.6ms. ', 'type': 'tokens', 'code': 'rate_limit_exceeded'}}
[12:14:10 F0 OPEN-SCOUT] WARN: [OPEN-SCOUT] error: Error code: 429 - {'error': {'message': 'Rate limit reached for model `meta-llama/llama-4-scout-17b-16e-instruct` in organization `org_01kh05ypbefm4sz6w70zh5mpwd` service tier `on_demand` on tokens per minute (TPM): Limit 300000, Used 297697, Requested 2756. Please try again in 90.6ms. ', 'type': 'tokens', 'code': 'rate_limit_exceeded'}}
[12:14:12 F0 OPEN-SCOUT] WARN: [OPEN-SCOUT] error: Error code: 429 - {'error': {'message': 'Rate limit reached for model `meta-llama/llama-4-scout-17b-16e-instruct` in organization `org_01kh05ypbefm4sz6w70zh5mpwd` service tier `on_demand` on tokens per minute (TPM): Limit 300000, Used 297442, Requested 2756. Please try again in 39.6ms. ', 'type': 'tokens', 'code': 'rate_limit_exceeded'}}
[12:14:13 F0 OPEN-SCOUT] WARN: [OPEN-SCOUT] error: Error code: 429 - {'error': {'message': 'Rate limit reached for model `meta-llama/llama-4-scout-17b-16e-instruct` in organization `org_01kh05ypbefm4sz6w70zh5mpwd` service tier `on_demand` on tokens per minute (TPM): Limit 300000, Used 298991, Requested 2752. Please try again in 348.6ms. ', 'type': 'tokens', 'code': 'rate_limit_exceeded'}}
[12:14:16 F0 OPEN-SCOUT] WARN: [OPEN-SCOUT] error: Error code: 429 - {'error': {'message': 'Rate limit reached for model `meta-llama/llama-4-scout-17b-16e-instruct` in organization `org_01kh05ypbefm4sz6w70zh5mpwd` service tier `on_demand` on tokens per minute (TPM): Limit 300000, Used 298671, Requested 2752. Please try again in 284.599999ms. ', 'type': 'tokens', 'code': 'rate_limit_exceeded'}}
[12:14:18 F0 OPEN-SCOUT] WARN: [OPEN-SCOUT] error: Error code: 429 - {'error': {'message': 'Rate limit reached for model `meta-llama/llama-4-scout-17b-16e-instruct` in organization `org_01kh05ypbefm4sz6w70zh5mpwd` service tier `on_demand` on tokens per minute (TPM): Limit 300000, Used 299493, Requested 2752. Please try again in 449ms. ', 'type': 'tokens', 'code': 'rate_limit_exceeded'}}
[12:14:20 F0 OPEN-SCOUT] WARN: [OPEN-SCOUT] error: Error code: 429 - {'error': {'message': 'Rate limit reached for model `meta-llama/llama-4-scout-17b-16e-instruct` in organization `org_01kh05ypbefm4sz6w70zh5mpwd` service tier `on_demand` on tokens per minute (TPM): Limit 300000, Used 297298, Requested 2752. Please try again in 10ms. ', 'type': 'tokens', 'code': 'rate_limit_exceeded'}}
[12:14:20 F0 OPEN-SCOUT] WARN: [OPEN-SCOUT] error: Error code: 429 - {'error': {'message': 'Rate limit reached for model `meta-llama/llama-4-scout-17b-16e-instruct` in organization `org_01kh05ypbefm4sz6w70zh5mpwd` service tier `on_demand` on tokens per minute (TPM): Limit 300000, Used 298280, Requested 2752. Please try again in 206.4ms. ', 'type': 'tokens', 'code': 'rate_limit_exceeded'}}
[12:14:23 F0 OPEN-SCOUT] WARN: [OPEN-SCOUT] error: Error code: 429 - {'error': {'message': 'Rate limit reached for model `meta-llama/llama-4-scout-17b-16e-instruct` in organization `org_01kh05ypbefm4sz6w70zh5mpwd` service tier `on_demand` on tokens per minute (TPM): Limit 300000, Used 297355, Requested 2756. Please try again in 22.2ms. ', 'type': 'tokens', 'code': 'rate_limit_exceeded'}}
[12:14:25 F0 OPEN-SCOUT] WARN: [OPEN-SCOUT] error: Error code: 429 - {'error': {'message': 'Rate limit reached for model `meta-llama/llama-4-scout-17b-16e-instruct` in organization `org_01kh05ypbefm4sz6w70zh5mpwd` service tier `on_demand` on tokens per minute (TPM): Limit 300000, Used 298922, Requested 2752. Please try again in 334.8ms. ', 'type': 'tokens', 'code': 'rate_limit_exceeded'}}
[12:14:27 F0 OPEN-SCOUT] WARN: [OPEN-SCOUT] error: Error code: 429 - {'error': {'message': 'Rate limit reached for model `meta-llama/llama-4-scout-17b-16e-instruct` in organization `org_01kh05ypbefm4sz6w70zh5mpwd` service tier `on_demand` on tokens per minute (TPM): Limit 300000, Used 299657, Requested 2752. Please try again in 481.8ms. ', 'type': 'tokens', 'code': 'rate_limit_exceeded'}}
[12:14:29 F0 OPEN-SCOUT] WARN: [OPEN-SCOUT] error: Error code: 429 - {'error': {'message': 'Rate limit reached for model `meta-llama/llama-4-scout-17b-16e-instruct` in organization `org_01kh05ypbefm4sz6w70zh5mpwd` service tier `on_demand` on tokens per minute (TPM): Limit 300000, Used 299070, Requested 2756. Please try again in 365.199999ms. ', 'type': 'tokens', 'code': 'rate_limit_exceeded'}}
[12:14:30 F0 OPEN-SCOUT] WARN: [OPEN-SCOUT] error: Error code: 429 - {'error': {'message': 'Rate limit reached for model `meta-llama/llama-4-scout-17b-16e-instruct` in organization `org_01kh05ypbefm4sz6w70zh5mpwd` service tier `on_demand` on tokens per minute (TPM): Limit 300000, Used 298195, Requested 2756. Please try again in 190.2ms. ', 'type': 'tokens', 'code': 'rate_limit_exceeded'}}
[12:14:34 F0 OPEN-SCOUT] WARN: [OPEN-SCOUT] error: Error code: 429 - {'error': {'message': 'Rate limit reached for model `meta-llama/llama-4-scout-17b-16e-instruct` in organization `org_01kh05ypbefm4sz6w70zh5mpwd` service tier `on_demand` on tokens per minute (TPM): Limit 300000, Used 298464, Requested 2752. Please try again in 243.2ms. ', 'type': 'tokens', 'code': 'rate_limit_exceeded'}}
[12:14:35 F0 OPEN-SCOUT] WARN: [OPEN-SCOUT] error: Error code: 429 - {'error': {'message': 'Rate limit reached for model `meta-llama/llama-4-scout-17b-16e-instruct` in organization `org_01kh05ypbefm4sz6w70zh5mpwd` service tier `on_demand` on tokens per minute (TPM): Limit 300000, Used 299157, Requested 2752. Please try again in 381.8ms. ', 'type': 'tokens', 'code': 'rate_limit_exceeded'}}
[12:14:36 F0 OPEN-SCOUT] WARN: [OPEN-SCOUT] error: Error code: 429 - {'error': {'message': 'Rate limit reached for model `meta-llama/llama-4-scout-17b-16e-instruct` in organization `org_01kh05ypbefm4sz6w70zh5mpwd` service tier `on_demand` on tokens per minute (TPM): Limit 300000, Used 297504, Requested 2752. Please try again in 51.2ms. ', 'type': 'tokens', 'code': 'rate_limit_exceeded'}}
[12:14:37 F0 OPEN-SCOUT] WARN: [OPEN-SCOUT] error: Error code: 429 - {'error': {'message': 'Rate limit reached for model `meta-llama/llama-4-scout-17b-16e-instruct` in organization `org_01kh05ypbefm4sz6w70zh5mpwd` service tier `on_demand` on tokens per minute (TPM): Limit 300000, Used 297514, Requested 2756. Please try again in 54ms. ', 'type': 'tokens', 'code': 'rate_limit_exceeded'}}
[12:14:38 F0 OPEN-SCOUT] WARN: [OPEN-SCOUT] error: Error code: 429 - {'error': {'message': 'Rate limit reached for model `meta-llama/llama-4-scout-17b-16e-instruct` in organization `org_01kh05ypbefm4sz6w70zh5mpwd` service tier `on_demand` on tokens per minute (TPM): Limit 300000, Used 298466, Requested 2752. Please try again in 243.6ms. ', 'type': 'tokens', 'code': 'rate_limit_exceeded'}}
[12:14:43 F0 OPEN-SCOUT] WARN: [OPEN-SCOUT] error: Error code: 429 - {'error': {'message': 'Rate limit reached for model `meta-llama/llama-4-scout-17b-16e-instruct` in organization `org_01kh05ypbefm4sz6w70zh5mpwd` service tier `on_demand` on tokens per minute (TPM): Limit 300000, Used 297640, Requested 2752. Please try again in 78.4ms. ', 'type': 'tokens', 'code': 'rate_limit_exceeded'}}
[12:14:45 F0 OPEN-SCOUT] WARN: [OPEN-SCOUT] error: Error code: 429 - {'error': {'message': 'Rate limit reached for model `meta-llama/llama-4-scout-17b-16e-instruct` in organization `org_01kh05ypbefm4sz6w70zh5mpwd` service tier `on_demand` on tokens per minute (TPM): Limit 300000, Used 298363, Requested 2752. Please try again in 223ms. ', 'type': 'tokens', 'code': 'rate_limit_exceeded'}}
[12:14:46 F0 OPEN-SCOUT] WARN: [OPEN-SCOUT] error: Error code: 429 - {'error': {'message': 'Rate limit reached for model `meta-llama/llama-4-scout-17b-16e-instruct` in organization `org_01kh05ypbefm4sz6w70zh5mpwd` service tier `on_demand` on tokens per minute (TPM): Limit 300000, Used 298484, Requested 2752. Please try again in 247.2ms. ', 'type': 'tokens', 'code': 'rate_limit_exceeded'}}
[12:14:49 F0 OPEN-SCOUT] WARN: [OPEN-SCOUT] error: Error code: 429 - {'error': {'message': 'Rate limit reached for model `meta-llama/llama-4-scout-17b-16e-instruct` in organization `org_01kh05ypbefm4sz6w70zh5mpwd` service tier `on_demand` on tokens per minute (TPM): Limit 300000, Used 298226, Requested 2752. Please try again in 195.6ms. ', 'type': 'tokens', 'code': 'rate_limit_exceeded'}}
[12:14:50 F0 OPEN-SCOUT] WARN: [OPEN-SCOUT] error: Error code: 429 - {'error': {'message': 'Rate limit reached for model `meta-llama/llama-4-scout-17b-16e-instruct` in organization `org_01kh05ypbefm4sz6w70zh5mpwd` service tier `on_demand` on tokens per minute (TPM): Limit 300000, Used 298593, Requested 2756. Please try again in 269.8ms. ', 'type': 'tokens', 'code': 'rate_limit_exceeded'}}
[12:14:53 F0 OPEN-SCOUT] WARN: [OPEN-SCOUT] error: Error code: 429 - {'error': {'message': 'Rate limit reached for model `meta-llama/llama-4-scout-17b-16e-instruct` in organization `org_01kh05ypbefm4sz6w70zh5mpwd` service tier `on_demand` on tokens per minute (TPM): Limit 300000, Used 297413, Requested 2752. Please try again in 33ms. ', 'type': 'tokens', 'code': 'rate_limit_exceeded'}}
[12:14:54 F0 OPEN-SCOUT] WARN: [OPEN-SCOUT] error: Error code: 429 - {'error': {'message': 'Rate limit reached for model `meta-llama/llama-4-scout-17b-16e-instruct` in organization `org_01kh05ypbefm4sz6w70zh5mpwd` service tier `on_demand` on tokens per minute (TPM): Limit 300000, Used 297279, Requested 2756. Please try again in 7ms. ', 'type': 'tokens', 'code': 'rate_limit_exceeded'}}
[12:14:56 F0 OPEN-SCOUT] WARN: [OPEN-SCOUT] error: Error code: 429 - {'error': {'message': 'Rate limit reached for model `meta-llama/llama-4-scout-17b-16e-instruct` in organization `org_01kh05ypbefm4sz6w70zh5mpwd` service tier `on_demand` on tokens per minute (TPM): Limit 300000, Used 297859, Requested 2752. Please try again in 122.2ms. ', 'type': 'tokens', 'code': 'rate_limit_exceeded'}}
[12:14:58 F0 OPEN-SCOUT] WARN: [OPEN-SCOUT] error: Error code: 429 - {'error': {'message': 'Rate limit reached for model `meta-llama/llama-4-scout-17b-16e-instruct` in organization `org_01kh05ypbefm4sz6w70zh5mpwd` service tier `on_demand` on tokens per minute (TPM): Limit 300000, Used 299428, Requested 2756. Please try again in 436.8ms. ', 'type': 'tokens', 'code': 'rate_limit_exceeded'}}
[12:14:58 F0 OPEN-SCOUT] WARN: [OPEN-SCOUT] error: Error code: 429 - {'error': {'message': 'Rate limit reached for model `meta-llama/llama-4-scout-17b-16e-instruct` in organization `org_01kh05ypbefm4sz6w70zh5mpwd` service tier `on_demand` on tokens per minute (TPM): Limit 300000, Used 297271, Requested 2756. Please try again in 5.4ms. ', 'type': 'tokens', 'code': 'rate_limit_exceeded'}}
[12:15:02 F0 OPEN-SCOUT] WARN: [OPEN-SCOUT] error: Error code: 429 - {'error': {'message': 'Rate limit reached for model `meta-llama/llama-4-scout-17b-16e-instruct` in organization `org_01kh05ypbefm4sz6w70zh5mpwd` service tier `on_demand` on tokens per minute (TPM): Limit 300000, Used 298089, Requested 2752. Please try again in 168.2ms. ', 'type': 'tokens', 'code': 'rate_limit_exceeded'}}
[12:15:03 F0 OPEN-SCOUT] WARN: [OPEN-SCOUT] error: Error code: 429 - {'error': {'message': 'Rate limit reached for model `meta-llama/llama-4-scout-17b-16e-instruct` in organization `org_01kh05ypbefm4sz6w70zh5mpwd` service tier `on_demand` on tokens per minute (TPM): Limit 300000, Used 299647, Requested 2752. Please try again in 479.799999ms. ', 'type': 'tokens', 'code': 'rate_limit_exceeded'}}
[12:15:03 F0 OPEN-SCOUT] WARN: [OPEN-SCOUT] error: Error code: 429 - {'error': {'message': 'Rate limit reached for model `meta-llama/llama-4-scout-17b-16e-instruct` in organization `org_01kh05ypbefm4sz6w70zh5mpwd` service tier `on_demand` on tokens per minute (TPM): Limit 300000, Used 297919, Requested 2752. Please try again in 134.2ms. ', 'type': 'tokens', 'code': 'rate_limit_exceeded'}}
[12:15:06 F0 OPEN-SCOUT] WARN: [OPEN-SCOUT] error: Error code: 429 - {'error': {'message': 'Rate limit reached for model `meta-llama/llama-4-scout-17b-16e-instruct` in organization `org_01kh05ypbefm4sz6w70zh5mpwd` service tier `on_demand` on tokens per minute (TPM): Limit 300000, Used 298426, Requested 2752. Please try again in 235.6ms. ', 'type': 'tokens', 'code': 'rate_limit_exceeded'}}
[12:15:07 F0 OPEN-SCOUT] WARN: [OPEN-SCOUT] error: Error code: 429 - {'error': {'message': 'Rate limit reached for model `meta-llama/llama-4-scout-17b-16e-instruct` in organization `org_01kh05ypbefm4sz6w70zh5mpwd` service tier `on_demand` on tokens per minute (TPM): Limit 300000, Used 297588, Requested 2752. Please try again in 68ms. ', 'type': 'tokens', 'code': 'rate_limit_exceeded'}}
[12:15:09 F0 OPEN-SCOUT] WARN: [OPEN-SCOUT] error: Error code: 429 - {'error': {'message': 'Rate limit reached for model `meta-llama/llama-4-scout-17b-16e-instruct` in organization `org_01kh05ypbefm4sz6w70zh5mpwd` service tier `on_demand` on tokens per minute (TPM): Limit 300000, Used 299384, Requested 2752. Please try again in 427.199999ms. ', 'type': 'tokens', 'code': 'rate_limit_exceeded'}}
[12:15:10 F0 OPEN-SCOUT] WARN: [OPEN-SCOUT] error: Error code: 429 - {'error': {'message': 'Rate limit reached for model `meta-llama/llama-4-scout-17b-16e-instruct` in organization `org_01kh05ypbefm4sz6w70zh5mpwd` service tier `on_demand` on tokens per minute (TPM): Limit 300000, Used 297594, Requested 2734. Please try again in 65.599999ms. ', 'type': 'tokens', 'code': 'rate_limit_exceeded'}}
[12:15:12 F0 OPEN-SCOUT] WARN: [OPEN-SCOUT] error: Error code: 429 - {'error': {'message': 'Rate limit reached for model `meta-llama/llama-4-scout-17b-16e-instruct` in organization `org_01kh05ypbefm4sz6w70zh5mpwd` service tier `on_demand` on tokens per minute (TPM): Limit 300000, Used 297694, Requested 2756. Please try again in 90ms. ', 'type': 'tokens', 'code': 'rate_limit_exceeded'}}
[12:15:14 F0 OPEN-SCOUT] WARN: [OPEN-SCOUT] error: Error code: 429 - {'error': {'message': 'Rate limit reached for model `meta-llama/llama-4-scout-17b-16e-instruct` in organization `org_01kh05ypbefm4sz6w70zh5mpwd` service tier `on_demand` on tokens per minute (TPM): Limit 300000, Used 297422, Requested 2756. Please try again in 35.6ms. ', 'type': 'tokens', 'code': 'rate_limit_exceeded'}}
[12:15:14 F0 OPEN-SCOUT] WARN: [OPEN-SCOUT] error: Error code: 429 - {'error': {'message': 'Rate limit reached for model `meta-llama/llama-4-scout-17b-16e-instruct` in organization `org_01kh05ypbefm4sz6w70zh5mpwd` service tier `on_demand` on tokens per minute (TPM): Limit 300000, Used 297868, Requested 2756. Please try again in 124.8ms. ', 'type': 'tokens', 'code': 'rate_limit_exceeded'}}
[12:15:17 F0 OPEN-SCOUT] WARN: [OPEN-SCOUT] error: Error code: 429 - {'error': {'message': 'Rate limit reached for model `meta-llama/llama-4-scout-17b-16e-instruct` in organization `org_01kh05ypbefm4sz6w70zh5mpwd` service tier `on_demand` on tokens per minute (TPM): Limit 300000, Used 299337, Requested 2756. Please try again in 418.6ms. ', 'type': 'tokens', 'code': 'rate_limit_exceeded'}}
[12:15:18 F0 OPEN-SCOUT] WARN: [OPEN-SCOUT] error: Error code: 429 - {'error': {'message': 'Rate limit reached for model `meta-llama/llama-4-scout-17b-16e-instruct` in organization `org_01kh05ypbefm4sz6w70zh5mpwd` service tier `on_demand` on tokens per minute (TPM): Limit 300000, Used 298431, Requested 2734. Please try again in 232.999999ms. ', 'type': 'tokens', 'code': 'rate_limit_exceeded'}}
[12:15:20 F0 OPEN-SCOUT] WARN: [OPEN-SCOUT] error: Error code: 429 - {'error': {'message': 'Rate limit reached for model `meta-llama/llama-4-scout-17b-16e-instruct` in organization `org_01kh05ypbefm4sz6w70zh5mpwd` service tier `on_demand` on tokens per minute (TPM): Limit 300000, Used 297511, Requested 2752. Please try again in 52.6ms. ', 'type': 'tokens', 'code': 'rate_limit_exceeded'}}
[12:15:20 F0 OPEN-SCOUT] WARN: [OPEN-SCOUT] error: Error code: 429 - {'error': {'message': 'Rate limit reached for model `meta-llama/llama-4-scout-17b-16e-instruct` in organization `org_01kh05ypbefm4sz6w70zh5mpwd` service tier `on_demand` on tokens per minute (TPM): Limit 300000, Used 299198, Requested 2752. Please try again in 389.999999ms. ', 'type': 'tokens', 'code': 'rate_limit_exceeded'}}
[12:15:22 F0 OPEN-SCOUT] WARN: [OPEN-SCOUT] error: Error code: 429 - {'error': {'message': 'Rate limit reached for model `meta-llama/llama-4-scout-17b-16e-instruct` in organization `org_01kh05ypbefm4sz6w70zh5mpwd` service tier `on_demand` on tokens per minute (TPM): Limit 300000, Used 297425, Requested 2752. Please try again in 35.4ms. ', 'type': 'tokens', 'code': 'rate_limit_exceeded'}}
[12:15:24 F0 OPEN-SCOUT] WARN: [OPEN-SCOUT] error: Error code: 429 - {'error': {'message': 'Rate limit reached for model `meta-llama/llama-4-scout-17b-16e-instruct` in organization `org_01kh05ypbefm4sz6w70zh5mpwd` service tier `on_demand` on tokens per minute (TPM): Limit 300000, Used 297737, Requested 2752. Please try again in 97.8ms. ', 'type': 'tokens', 'code': 'rate_limit_exceeded'}}
[12:15:25 F0 OPEN-SCOUT] WARN: [OPEN-SCOUT] error: Error code: 429 - {'error': {'message': 'Rate limit reached for model `meta-llama/llama-4-scout-17b-16e-instruct` in organization `org_01kh05ypbefm4sz6w70zh5mpwd` service tier `on_demand` on tokens per minute (TPM): Limit 300000, Used 298123, Requested 2734. Please try again in 171.4ms. ', 'type': 'tokens', 'code': 'rate_limit_exceeded'}}
[12:15:26 F0 OPEN-SCOUT] WARN: [OPEN-SCOUT] error: Error code: 429 - {'error': {'message': 'Rate limit reached for model `meta-llama/llama-4-scout-17b-16e-instruct` in organization `org_01kh05ypbefm4sz6w70zh5mpwd` service tier `on_demand` on tokens per minute (TPM): Limit 300000, Used 299523, Requested 2753. Please try again in 455.2ms. ', 'type': 'tokens', 'code': 'rate_limit_exceeded'}}
[12:15:29 F0 OPEN-SCOUT] WARN: [OPEN-SCOUT] error: Error code: 429 - {'error': {'message': 'Rate limit reached for model `meta-llama/llama-4-scout-17b-16e-instruct` in organization `org_01kh05ypbefm4sz6w70zh5mpwd` service tier `on_demand` on tokens per minute (TPM): Limit 300000, Used 298513, Requested 2753. Please try again in 253.199999ms. ', 'type': 'tokens', 'code': 'rate_limit_exceeded'}}
[12:15:33 F0 OPEN-SCOUT] WARN: [OPEN-SCOUT] error: Error code: 429 - {'error': {'message': 'Rate limit reached for model `meta-llama/llama-4-scout-17b-16e-instruct` in organization `org_01kh05ypbefm4sz6w70zh5mpwd` service tier `on_demand` on tokens per minute (TPM): Limit 300000, Used 298239, Requested 2728. Please try again in 193.4ms. ', 'type': 'tokens', 'code': 'rate_limit_exceeded'}}
[12:15:33 F0 OPEN-SCOUT] WARN: [OPEN-SCOUT] error: Error code: 429 - {'error': {'message': 'Rate limit reached for model `meta-llama/llama-4-scout-17b-16e-instruct` in organization `org_01kh05ypbefm4sz6w70zh5mpwd` service tier `on_demand` on tokens per minute (TPM): Limit 300000, Used 297454, Requested 2728. Please try again in 36.4ms. ', 'type': 'tokens', 'code': 'rate_limit_exceeded'}}
[12:15:34 F0 OPEN-SCOUT] WARN: [OPEN-SCOUT] error: Error code: 429 - {'error': {'message': 'Rate limit reached for model `meta-llama/llama-4-scout-17b-16e-instruct` in organization `org_01kh05ypbefm4sz6w70zh5mpwd` service tier `on_demand` on tokens per minute (TPM): Limit 300000, Used 298604, Requested 2728. Please try again in 266.4ms. ', 'type': 'tokens', 'code': 'rate_limit_exceeded'}}
[12:15:36 F0 OPEN-SCOUT] WARN: [OPEN-SCOUT] error: Error code: 429 - {'error': {'message': 'Rate limit reached for model `meta-llama/llama-4-scout-17b-16e-instruct` in organization `org_01kh05ypbefm4sz6w70zh5mpwd` service tier `on_demand` on tokens per minute (TPM): Limit 300000, Used 298302, Requested 2754. Please try again in 211.2ms. ', 'type': 'tokens', 'code': 'rate_limit_exceeded'}}
[12:15:40 F0 OPEN-SCOUT] WARN: [OPEN-SCOUT] error: Error code: 429 - {'error': {'message': 'Rate limit reached for model `meta-llama/llama-4-scout-17b-16e-instruct` in organization `org_01kh05ypbefm4sz6w70zh5mpwd` service tier `on_demand` on tokens per minute (TPM): Limit 300000, Used 299520, Requested 2751. Please try again in 454.2ms. ', 'type': 'tokens', 'code': 'rate_limit_exceeded'}}
[12:15:41 F0 OPEN-SCOUT] WARN: [OPEN-SCOUT] error: Error code: 429 - {'error': {'message': 'Rate limit reached for model `meta-llama/llama-4-scout-17b-16e-instruct` in organization `org_01kh05ypbefm4sz6w70zh5mpwd` service tier `on_demand` on tokens per minute (TPM): Limit 300000, Used 298949, Requested 2751. Please try again in 340ms. ', 'type': 'tokens', 'code': 'rate_limit_exceeded'}}
[12:15:44 F0 OPEN-SCOUT] WARN: [OPEN-SCOUT] error: Error code: 429 - {'error': {'message': 'Rate limit reached for model `meta-llama/llama-4-scout-17b-16e-instruct` in organization `org_01kh05ypbefm4sz6w70zh5mpwd` service tier `on_demand` on tokens per minute (TPM): Limit 300000, Used 298241, Requested 2751. Please try again in 198.4ms. ', 'type': 'tokens', 'code': 'rate_limit_exceeded'}}
[12:15:44 F0 OPEN-SCOUT] WARN: [OPEN-SCOUT] error: Error code: 429 - {'error': {'message': 'Rate limit reached for model `meta-llama/llama-4-scout-17b-16e-instruct` in organization `org_01kh05ypbefm4sz6w70zh5mpwd` service tier `on_demand` on tokens per minute (TPM): Limit 300000, Used 298097, Requested 2754. Please try again in 170.2ms. ', 'type': 'tokens', 'code': 'rate_limit_exceeded'}}
[12:15:46 F0 OPEN-SCOUT] WARN: [OPEN-SCOUT] error: Error code: 429 - {'error': {'message': 'Rate limit reached for model `meta-llama/llama-4-scout-17b-16e-instruct` in organization `org_01kh05ypbefm4sz6w70zh5mpwd` service tier `on_demand` on tokens per minute (TPM): Limit 300000, Used 297564, Requested 2751. Please try again in 63ms. ', 'type': 'tokens', 'code': 'rate_limit_exceeded'}}
[12:15:48 F0 OPEN-SCOUT] WARN: [OPEN-SCOUT] error: Error code: 429 - {'error': {'message': 'Rate limit reached for model `meta-llama/llama-4-scout-17b-16e-instruct` in organization `org_01kh05ypbefm4sz6w70zh5mpwd` service tier `on_demand` on tokens per minute (TPM): Limit 300000, Used 298473, Requested 2754. Please try again in 245.4ms. ', 'type': 'tokens', 'code': 'rate_limit_exceeded'}}
[12:15:49 F0 OPEN-SCOUT] WARN: [OPEN-SCOUT] error: Error code: 429 - {'error': {'message': 'Rate limit reached for model `meta-llama/llama-4-scout-17b-16e-instruct` in organization `org_01kh05ypbefm4sz6w70zh5mpwd` service tier `on_demand` on tokens per minute (TPM): Limit 300000, Used 298125, Requested 2754. Please try again in 175.799999ms. ', 'type': 'tokens', 'code': 'rate_limit_exceeded'}}
[12:15:51 F0 OPEN-SCOUT] WARN: [OPEN-SCOUT] error: Error code: 429 - {'error': {'message': 'Rate limit reached for model `meta-llama/llama-4-scout-17b-16e-instruct` in organization `org_01kh05ypbefm4sz6w70zh5mpwd` service tier `on_demand` on tokens per minute (TPM): Limit 300000, Used 297469, Requested 2751. Please try again in 44ms. ', 'type': 'tokens', 'code': 'rate_limit_exceeded'}}
[12:15:53 F0 OPEN-SCOUT] WARN: [OPEN-SCOUT] error: Error code: 429 - {'error': {'message': 'Rate limit reached for model `meta-llama/llama-4-scout-17b-16e-instruct` in organization `org_01kh05ypbefm4sz6w70zh5mpwd` service tier `on_demand` on tokens per minute (TPM): Limit 300000, Used 298379, Requested 2751. Please try again in 226ms. ', 'type': 'tokens', 'code': 'rate_limit_exceeded'}}
[12:15:53 F0 OPEN-SCOUT] WARN: [OPEN-SCOUT] error: Error code: 429 - {'error': {'message': 'Rate limit reached for model `meta-llama/llama-4-scout-17b-16e-instruct` in organization `org_01kh05ypbefm4sz6w70zh5mpwd` service tier `on_demand` on tokens per minute (TPM): Limit 300000, Used 299331, Requested 2732. Please try again in 412.599999ms. ', 'type': 'tokens', 'code': 'rate_limit_exceeded'}}
[12:15:55 F0 OPEN-SCOUT] WARN: [OPEN-SCOUT] error: Error code: 429 - {'error': {'message': 'Rate limit reached for model `meta-llama/llama-4-scout-17b-16e-instruct` in organization `org_01kh05ypbefm4sz6w70zh5mpwd` service tier `on_demand` on tokens per minute (TPM): Limit 300000, Used 297745, Requested 2732. Please try again in 95.4ms. ', 'type': 'tokens', 'code': 'rate_limit_exceeded'}}
[12:15:55 F0 OPEN-SCOUT] WARN: [OPEN-SCOUT] error: Error code: 429 - {'error': {'message': 'Rate limit reached for model `meta-llama/llama-4-scout-17b-16e-instruct` in organization `org_01kh05ypbefm4sz6w70zh5mpwd` service tier `on_demand` on tokens per minute (TPM): Limit 300000, Used 299301, Requested 2751. Please try again in 410.4ms. ', 'type': 'tokens', 'code': 'rate_limit_exceeded'}}
[12:15:58 F0 OPEN-SCOUT] WARN: [OPEN-SCOUT] error: Error code: 429 - {'error': {'message': 'Rate limit reached for model `meta-llama/llama-4-scout-17b-16e-instruct` in organization `org_01kh05ypbefm4sz6w70zh5mpwd` service tier `on_demand` on tokens per minute (TPM): Limit 300000, Used 297493, Requested 2751. Please try again in 48.8ms. ', 'type': 'tokens', 'code': 'rate_limit_exceeded'}}
[12:15:58 F0 OPEN-SCOUT] WARN: [OPEN-SCOUT] error: Error code: 429 - {'error': {'message': 'Rate limit reached for model `meta-llama/llama-4-scout-17b-16e-instruct` in organization `org_01kh05ypbefm4sz6w70zh5mpwd` service tier `on_demand` on tokens per minute (TPM): Limit 300000, Used 298589, Requested 2751. Please try again in 268ms. ', 'type': 'tokens', 'code': 'rate_limit_exceeded'}}
[12:15:59 F0 OPEN-SCOUT] WARN: [OPEN-SCOUT] error: Error code: 429 - {'error': {'message': 'Rate limit reached for model `meta-llama/llama-4-scout-17b-16e-instruct` in organization `org_01kh05ypbefm4sz6w70zh5mpwd` service tier `on_demand` on tokens per minute (TPM): Limit 300000, Used 297758, Requested 2751. Please try again in 101.8ms. ', 'type': 'tokens', 'code': 'rate_limit_exceeded'}}
[12:16:00 F0 OPEN-SCOUT] WARN: [OPEN-SCOUT] error: Error code: 429 - {'error': {'message': 'Rate limit reached for model `meta-llama/llama-4-scout-17b-16e-instruct` in organization `org_01kh05ypbefm4sz6w70zh5mpwd` service tier `on_demand` on tokens per minute (TPM): Limit 300000, Used 297328, Requested 2746. Please try again in 14.8ms. ', 'type': 'tokens', 'code': 'rate_limit_exceeded'}}
[12:16:03 F0 OPEN-SCOUT] WARN: [OPEN-SCOUT] error: Error code: 429 - {'error': {'message': 'Rate limit reached for model `meta-llama/llama-4-scout-17b-16e-instruct` in organization `org_01kh05ypbefm4sz6w70zh5mpwd` service tier `on_demand` on tokens per minute (TPM): Limit 300000, Used 299043, Requested 2746. Please try again in 357.8ms. ', 'type': 'tokens', 'code': 'rate_limit_exceeded'}}
[12:16:05 F0 OPEN-SCOUT] WARN: [OPEN-SCOUT] error: Error code: 429 - {'error': {'message': 'Rate limit reached for model `meta-llama/llama-4-scout-17b-16e-instruct` in organization `org_01kh05ypbefm4sz6w70zh5mpwd` service tier `on_demand` on tokens per minute (TPM): Limit 300000, Used 297290, Requested 2751. Please try again in 8.199999ms. ', 'type': 'tokens', 'code': 'rate_limit_exceeded'}}
[12:16:06 F0 OPEN-SCOUT] WARN: [OPEN-SCOUT] error: Error code: 429 - {'error': {'message': 'Rate limit reached for model `meta-llama/llama-4-scout-17b-16e-instruct` in organization `org_01kh05ypbefm4sz6w70zh5mpwd` service tier `on_demand` on tokens per minute (TPM): Limit 300000, Used 299365, Requested 2732. Please try again in 419.4ms. ', 'type': 'tokens', 'code': 'rate_limit_exceeded'}}
[12:16:08 F0 OPEN-SCOUT] WARN: [OPEN-SCOUT] error: Error code: 429 - {'error': {'message': 'Rate limit reached for model `meta-llama/llama-4-scout-17b-16e-instruct` in organization `org_01kh05ypbefm4sz6w70zh5mpwd` service tier `on_demand` on tokens per minute (TPM): Limit 300000, Used 299609, Requested 2751. Please try again in 472ms. ', 'type': 'tokens', 'code': 'rate_limit_exceeded'}}
[12:16:09 F0 OPEN-SCOUT] WARN: [OPEN-SCOUT] error: Error code: 429 - {'error': {'message': 'Rate limit reached for model `meta-llama/llama-4-scout-17b-16e-instruct` in organization `org_01kh05ypbefm4sz6w70zh5mpwd` service tier `on_demand` on tokens per minute (TPM): Limit 300000, Used 298659, Requested 2746. Please try again in 281ms. ', 'type': 'tokens', 'code': 'rate_limit_exceeded'}}
[12:16:13 F0 OPEN-SCOUT] WARN: [OPEN-SCOUT] error: Error code: 429 - {'error': {'message': 'Rate limit reached for model `meta-llama/llama-4-scout-17b-16e-instruct` in organization `org_01kh05ypbefm4sz6w70zh5mpwd` service tier `on_demand` on tokens per minute (TPM): Limit 300000, Used 299069, Requested 2746. Please try again in 363ms. ', 'type': 'tokens', 'code': 'rate_limit_exceeded'}}
[12:16:13 F0 OPEN-SCOUT] WARN: [OPEN-SCOUT] error: Error code: 429 - {'error': {'message': 'Rate limit reached for model `meta-llama/llama-4-scout-17b-16e-instruct` in organization `org_01kh05ypbefm4sz6w70zh5mpwd` service tier `on_demand` on tokens per minute (TPM): Limit 300000, Used 298743, Requested 2751. Please try again in 298.8ms. ', 'type': 'tokens', 'code': 'rate_limit_exceeded'}}
[12:16:16 F0 OPEN-SCOUT] WARN: [OPEN-SCOUT] error: Error code: 429 - {'error': {'message': 'Rate limit reached for model `meta-llama/llama-4-scout-17b-16e-instruct` in organization `org_01kh05ypbefm4sz6w70zh5mpwd` service tier `on_demand` on tokens per minute (TPM): Limit 300000, Used 299147, Requested 2746. Please try again in 378.6ms. ', 'type': 'tokens', 'code': 'rate_limit_exceeded'}}
[12:16:18 F0 OPEN-SCOUT] WARN: [OPEN-SCOUT] error: Error code: 429 - {'error': {'message': 'Rate limit reached for model `meta-llama/llama-4-scout-17b-16e-instruct` in organization `org_01kh05ypbefm4sz6w70zh5mpwd` service tier `on_demand` on tokens per minute (TPM): Limit 300000, Used 299561, Requested 2732. Please try again in 458.6ms. ', 'type': 'tokens', 'code': 'rate_limit_exceeded'}}
[12:16:20 F0 OPEN-SCOUT] WARN: [OPEN-SCOUT] error: Error code: 429 - {'error': {'message': 'Rate limit reached for model `meta-llama/llama-4-scout-17b-16e-instruct` in organization `org_01kh05ypbefm4sz6w70zh5mpwd` service tier `on_demand` on tokens per minute (TPM): Limit 300000, Used 299343, Requested 2732. Please try again in 415ms. ', 'type': 'tokens', 'code': 'rate_limit_exceeded'}}
[12:16:22 F0 OPEN-SCOUT] WARN: [OPEN-SCOUT] error: Error code: 429 - {'error': {'message': 'Rate limit reached for model `meta-llama/llama-4-scout-17b-16e-instruct` in organization `org_01kh05ypbefm4sz6w70zh5mpwd` service tier `on_demand` on tokens per minute (TPM): Limit 300000, Used 299097, Requested 2746. Please try again in 368.6ms. ', 'type': 'tokens', 'code': 'rate_limit_exceeded'}}
[12:16:23 F0 OPEN-SCOUT] WARN: [OPEN-SCOUT] error: Error code: 429 - {'error': {'message': 'Rate limit reached for model `meta-llama/llama-4-scout-17b-16e-instruct` in organization `org_01kh05ypbefm4sz6w70zh5mpwd` service tier `on_demand` on tokens per minute (TPM): Limit 300000, Used 299312, Requested 2751. Please try again in 412.599999ms. ', 'type': 'tokens', 'code': 'rate_limit_exceeded'}}
[12:16:26 F0 OPEN-SCOUT] WARN: [OPEN-SCOUT] error: Error code: 429 - {'error': {'message': 'Rate limit reached for model `meta-llama/llama-4-scout-17b-16e-instruct` in organization `org_01kh05ypbefm4sz6w70zh5mpwd` service tier `on_demand` on tokens per minute (TPM): Limit 300000, Used 297726, Requested 2746. Please try again in 94.4ms. ', 'type': 'tokens', 'code': 'rate_limit_exceeded'}}
[12:16:28 F0 OPEN-SCOUT] WARN: [OPEN-SCOUT] error: Error code: 429 - {'error': {'message': 'Rate limit reached for model `meta-llama/llama-4-scout-17b-16e-instruct` in organization `org_01kh05ypbefm4sz6w70zh5mpwd` service tier `on_demand` on tokens per minute (TPM): Limit 300000, Used 297952, Requested 2751. Please try again in 140.599999ms. ', 'type': 'tokens', 'code': 'rate_limit_exceeded'}}
[12:16:29 F0 OPEN-SCOUT] WARN: [OPEN-SCOUT] error: Error code: 429 - {'error': {'message': 'Rate limit reached for model `meta-llama/llama-4-scout-17b-16e-instruct` in organization `org_01kh05ypbefm4sz6w70zh5mpwd` service tier `on_demand` on tokens per minute (TPM): Limit 300000, Used 297311, Requested 2746. Please try again in 11.4ms. ', 'type': 'tokens', 'code': 'rate_limit_exceeded'}}
[12:16:30 F0 OPEN-SCOUT] WARN: [OPEN-SCOUT] error: Error code: 429 - {'error': {'message': 'Rate limit reached for model `meta-llama/llama-4-scout-17b-16e-instruct` in organization `org_01kh05ypbefm4sz6w70zh5mpwd` service tier `on_demand` on tokens per minute (TPM): Limit 300000, Used 298216, Requested 2751. Please try again in 193.4ms. ', 'type': 'tokens', 'code': 'rate_limit_exceeded'}}
[12:16:33 F0 OPEN-SCOUT] WARN: [OPEN-SCOUT] error: Error code: 429 - {'error': {'message': 'Rate limit reached for model `meta-llama/llama-4-scout-17b-16e-instruct` in organization `org_01kh05ypbefm4sz6w70zh5mpwd` service tier `on_demand` on tokens per minute (TPM): Limit 300000, Used 297971, Requested 2746. Please try again in 143.4ms. ', 'type': 'tokens', 'code': 'rate_limit_exceeded'}}
[12:16:34 F0 OPEN-SCOUT] WARN: [OPEN-SCOUT] error: Error code: 429 - {'error': {'message': 'Rate limit reached for model `meta-llama/llama-4-scout-17b-16e-instruct` in organization `org_01kh05ypbefm4sz6w70zh5mpwd` service tier `on_demand` on tokens per minute (TPM): Limit 300000, Used 299352, Requested 2746. Please try again in 419.6ms. ', 'type': 'tokens', 'code': 'rate_limit_exceeded'}}
[12:16:36 F0 OPEN-SCOUT] WARN: [OPEN-SCOUT] error: Error code: 429 - {'error': {'message': 'Rate limit reached for model `meta-llama/llama-4-scout-17b-16e-instruct` in organization `org_01kh05ypbefm4sz6w70zh5mpwd` service tier `on_demand` on tokens per minute (TPM): Limit 300000, Used 298976, Requested 2751. Please try again in 345.4ms. ', 'type': 'tokens', 'code': 'rate_limit_exceeded'}}
[12:16:36 F0 OPEN-SCOUT] WARN: [OPEN-SCOUT] error: Error code: 429 - {'error': {'message': 'Rate limit reached for model `meta-llama/llama-4-scout-17b-16e-instruct` in organization `org_01kh05ypbefm4sz6w70zh5mpwd` service tier `on_demand` on tokens per minute (TPM): Limit 300000, Used 297906, Requested 2741. Please try again in 129.399999ms. ', 'type': 'tokens', 'code': 'rate_limit_exceeded'}}
[12:16:38 F0 OPEN-SCOUT] WARN: [OPEN-SCOUT] error: Error code: 429 - {'error': {'message': 'Rate limit reached for model `meta-llama/llama-4-scout-17b-16e-instruct` in organization `org_01kh05ypbefm4sz6w70zh5mpwd` service tier `on_demand` on tokens per minute (TPM): Limit 300000, Used 298915, Requested 2741. Please try again in 331.2ms. ', 'type': 'tokens', 'code': 'rate_limit_exceeded'}}
[12:16:39 F0 OPEN-SCOUT] WARN: [OPEN-SCOUT] error: Error code: 429 - {'error': {'message': 'Rate limit reached for model `meta-llama/llama-4-scout-17b-16e-instruct` in organization `org_01kh05ypbefm4sz6w70zh5mpwd` service tier `on_demand` on tokens per minute (TPM): Limit 300000, Used 297831, Requested 2741. Please try again in 114.4ms. ', 'type': 'tokens', 'code': 'rate_limit_exceeded'}}
[12:16:41 F0 OPEN-SCOUT] WARN: [OPEN-SCOUT] error: Error code: 429 - {'error': {'message': 'Rate limit reached for model `meta-llama/llama-4-scout-17b-16e-instruct` in organization `org_01kh05ypbefm4sz6w70zh5mpwd` service tier `on_demand` on tokens per minute (TPM): Limit 300000, Used 298627, Requested 2740. Please try again in 273.4ms. ', 'type': 'tokens', 'code': 'rate_limit_exceeded'}}
[12:16:44 F0 OPEN-SCOUT] WARN: [OPEN-SCOUT] error: Error code: 429 - {'error': {'message': 'Rate limit reached for model `meta-llama/llama-4-scout-17b-16e-instruct` in organization `org_01kh05ypbefm4sz6w70zh5mpwd` service tier `on_demand` on tokens per minute (TPM): Limit 300000, Used 299944, Requested 2740. Please try again in 536.8ms. ', 'type': 'tokens', 'code': 'rate_limit_exceeded'}}
[12:16:47 F0 OPEN-SCOUT] WARN: [OPEN-SCOUT] error: Error code: 429 - {'error': {'message': 'Rate limit reached for model `meta-llama/llama-4-scout-17b-16e-instruct` in organization `org_01kh05ypbefm4sz6w70zh5mpwd` service tier `on_demand` on tokens per minute (TPM): Limit 300000, Used 298364, Requested 2741. Please try again in 221ms. ', 'type': 'tokens', 'code': 'rate_limit_exceeded'}}
[12:16:48 F0 OPEN-SCOUT] WARN: [OPEN-SCOUT] error: Error code: 429 - {'error': {'message': 'Rate limit reached for model `meta-llama/llama-4-scout-17b-16e-instruct` in organization `org_01kh05ypbefm4sz6w70zh5mpwd` service tier `on_demand` on tokens per minute (TPM): Limit 300000, Used 299076, Requested 2741. Please try again in 363.4ms. ', 'type': 'tokens', 'code': 'rate_limit_exceeded'}}
[12:16:49 F0 OPEN-SCOUT] WARN: [OPEN-SCOUT] error: Error code: 429 - {'error': {'message': 'Rate limit reached for model `meta-llama/llama-4-scout-17b-16e-instruct` in organization `org_01kh05ypbefm4sz6w70zh5mpwd` service tier `on_demand` on tokens per minute (TPM): Limit 300000, Used 298293, Requested 2751. Please try again in 208.8ms. ', 'type': 'tokens', 'code': 'rate_limit_exceeded'}}
[12:16:52 F0 OPEN-SCOUT] WARN: [OPEN-SCOUT] error: Error code: 429 - {'error': {'message': 'Rate limit reached for model `meta-llama/llama-4-scout-17b-16e-instruct` in organization `org_01kh05ypbefm4sz6w70zh5mpwd` service tier `on_demand` on tokens per minute (TPM): Limit 300000, Used 297309, Requested 2751. Please try again in 12ms. ', 'type': 'tokens', 'code': 'rate_limit_exceeded'}}
[12:16:54 F0 OPEN-SCOUT] WARN: [OPEN-SCOUT] error: Error code: 429 - {'error': {'message': 'Rate limit reached for model `meta-llama/llama-4-scout-17b-16e-instruct` in organization `org_01kh05ypbefm4sz6w70zh5mpwd` service tier `on_demand` on tokens per minute (TPM): Limit 300000, Used 297349, Requested 2751. Please try again in 20ms. ', 'type': 'tokens', 'code': 'rate_limit_exceeded'}}
[12:16:55 F0 OPEN-SCOUT] WARN: [OPEN-SCOUT] error: Error code: 429 - {'error': {'message': 'Rate limit reached for model `meta-llama/llama-4-scout-17b-16e-instruct` in organization `org_01kh05ypbefm4sz6w70zh5mpwd` service tier `on_demand` on tokens per minute (TPM): Limit 300000, Used 297271, Requested 2751. Please try again in 4.4ms. ', 'type': 'tokens', 'code': 'rate_limit_exceeded'}}
[12:16:56 F0 OPEN-SCOUT] WARN: [OPEN-SCOUT] error: Error code: 429 - {'error': {'message': 'Rate limit reached for model `meta-llama/llama-4-scout-17b-16e-instruct` in organization `org_01kh05ypbefm4sz6w70zh5mpwd` service tier `on_demand` on tokens per minute (TPM): Limit 300000, Used 297843, Requested 2741. Please try again in 116.8ms. ', 'type': 'tokens', 'code': 'rate_limit_exceeded'}}
[12:16:58 F0 OPEN-SCOUT] WARN: [OPEN-SCOUT] error: Error code: 429 - {'error': {'message': 'Rate limit reached for model `meta-llama/llama-4-scout-17b-16e-instruct` in organization `org_01kh05ypbefm4sz6w70zh5mpwd` service tier `on_demand` on tokens per minute (TPM): Limit 300000, Used 297937, Requested 2741. Please try again in 135.6ms. ', 'type': 'tokens', 'code': 'rate_limit_exceeded'}}
[12:16:59 F0 OPEN-SCOUT] WARN: [OPEN-SCOUT] error: Error code: 429 - {'error': {'message': 'Rate limit reached for model `meta-llama/llama-4-scout-17b-16e-instruct` in organization `org_01kh05ypbefm4sz6w70zh5mpwd` service tier `on_demand` on tokens per minute (TPM): Limit 300000, Used 297705, Requested 2740. Please try again in 89ms. ', 'type': 'tokens', 'code': 'rate_limit_exceeded'}}
[12:17:02 F0 OPEN-SCOUT] WARN: [OPEN-SCOUT] error: Error code: 429 - {'error': {'message': 'Rate limit reached for model `meta-llama/llama-4-scout-17b-16e-instruct` in organization `org_01kh05ypbefm4sz6w70zh5mpwd` service tier `on_demand` on tokens per minute (TPM): Limit 300000, Used 297495, Requested 2741. Please try again in 47.2ms. ', 'type': 'tokens', 'code': 'rate_limit_exceeded'}}
[12:17:04 F0 OPEN-SCOUT] WARN: [OPEN-SCOUT] error: Error code: 429 - {'error': {'message': 'Rate limit reached for model `meta-llama/llama-4-scout-17b-16e-instruct` in organization `org_01kh05ypbefm4sz6w70zh5mpwd` service tier `on_demand` on tokens per minute (TPM): Limit 300000, Used 297867, Requested 2741. Please try again in 121.6ms. ', 'type': 'tokens', 'code': 'rate_limit_exceeded'}}
[12:17:05 F0 OPEN-SCOUT] WARN: [OPEN-SCOUT] error: Error code: 429 - {'error': {'message': 'Rate limit reached for model `meta-llama/llama-4-scout-17b-16e-instruct` in organization `org_01kh05ypbefm4sz6w70zh5mpwd` service tier `on_demand` on tokens per minute (TPM): Limit 300000, Used 299220, Requested 2751. Please try again in 394.2ms. ', 'type': 'tokens', 'code': 'rate_limit_exceeded'}}
[12:17:07 F0 OPEN-SCOUT] WARN: [OPEN-SCOUT] error: Error code: 429 - {'error': {'message': 'Rate limit reached for model `meta-llama/llama-4-scout-17b-16e-instruct` in organization `org_01kh05ypbefm4sz6w70zh5mpwd` service tier `on_demand` on tokens per minute (TPM): Limit 300000, Used 297866, Requested 2734. Please try again in 120ms. ', 'type': 'tokens', 'code': 'rate_limit_exceeded'}}
[12:17:08 F0 OPEN-SCOUT] WARN: [OPEN-SCOUT] error: Error code: 429 - {'error': {'message': 'Rate limit reached for model `meta-llama/llama-4-scout-17b-16e-instruct` in organization `org_01kh05ypbefm4sz6w70zh5mpwd` service tier `on_demand` on tokens per minute (TPM): Limit 300000, Used 297510, Requested 2740. Please try again in 50ms. ', 'type': 'tokens', 'code': 'rate_limit_exceeded'}}
[12:17:12 F0 OPEN-SCOUT] WARN: [OPEN-SCOUT] error: Error code: 429 - {'error': {'message': 'Rate limit reached for model `meta-llama/llama-4-scout-17b-16e-instruct` in organization `org_01kh05ypbefm4sz6w70zh5mpwd` service tier `on_demand` on tokens per minute (TPM): Limit 300000, Used 297686, Requested 2748. Please try again in 86.8ms. ', 'type': 'tokens', 'code': 'rate_limit_exceeded'}}
[12:17:15 F0 OPEN-SCOUT] WARN: [OPEN-SCOUT] error: Error code: 429 - {'error': {'message': 'Rate limit reached for model `meta-llama/llama-4-scout-17b-16e-instruct` in organization `org_01kh05ypbefm4sz6w70zh5mpwd` service tier `on_demand` on tokens per minute (TPM): Limit 300000, Used 298477, Requested 2740. Please try again in 243.4ms. ', 'type': 'tokens', 'code': 'rate_limit_exceeded'}}
[12:17:15 F0 OPEN-SCOUT] WARN: [OPEN-SCOUT] error: Error code: 429 - {'error': {'message': 'Rate limit reached for model `meta-llama/llama-4-scout-17b-16e-instruct` in organization `org_01kh05ypbefm4sz6w70zh5mpwd` service tier `on_demand` on tokens per minute (TPM): Limit 300000, Used 297382, Requested 2748. Please try again in 26ms. ', 'type': 'tokens', 'code': 'rate_limit_exceeded'}}
[12:17:17 F0 OPEN-SCOUT] WARN: [OPEN-SCOUT] error: Error code: 429 - {'error': {'message': 'Rate limit reached for model `meta-llama/llama-4-scout-17b-16e-instruct` in organization `org_01kh05ypbefm4sz6w70zh5mpwd` service tier `on_demand` on tokens per minute (TPM): Limit 300000, Used 298803, Requested 2752. Please try again in 311ms. ', 'type': 'tokens', 'code': 'rate_limit_exceeded'}}
[12:17:20 F0 OPEN-SCOUT] WARN: [OPEN-SCOUT] error: Error code: 429 - {'error': {'message': 'Rate limit reached for model `meta-llama/llama-4-scout-17b-16e-instruct` in organization `org_01kh05ypbefm4sz6w70zh5mpwd` service tier `on_demand` on tokens per minute (TPM): Limit 300000, Used 298028, Requested 2748. Please try again in 155.2ms. ', 'type': 'tokens', 'code': 'rate_limit_exceeded'}}
[12:17:21 F0 OPEN-SCOUT] WARN: [OPEN-SCOUT] error: Error code: 429 - {'error': {'message': 'Rate limit reached for model `meta-llama/llama-4-scout-17b-16e-instruct` in organization `org_01kh05ypbefm4sz6w70zh5mpwd` service tier `on_demand` on tokens per minute (TPM): Limit 300000, Used 298260, Requested 2754. Please try again in 202.8ms. ', 'type': 'tokens', 'code': 'rate_limit_exceeded'}}
[12:17:23 F0 OPEN-SCOUT] WARN: [OPEN-SCOUT] error: Error code: 429 - {'error': {'message': 'Rate limit reached for model `meta-llama/llama-4-scout-17b-16e-instruct` in organization `org_01kh05ypbefm4sz6w70zh5mpwd` service tier `on_demand` on tokens per minute (TPM): Limit 300000, Used 298071, Requested 2752. Please try again in 164.6ms. ', 'type': 'tokens', 'code': 'rate_limit_exceeded'}}
[12:17:27 F0 OPEN-SCOUT] WARN: [OPEN-SCOUT] error: Error code: 429 - {'error': {'message': 'Rate limit reached for model `meta-llama/llama-4-scout-17b-16e-instruct` in organization `org_01kh05ypbefm4sz6w70zh5mpwd` service tier `on_demand` on tokens per minute (TPM): Limit 300000, Used 297339, Requested 2754. Please try again in 18.6ms. ', 'type': 'tokens', 'code': 'rate_limit_exceeded'}}
[12:17:29 F0 OPEN-SCOUT] WARN: [OPEN-SCOUT] error: Error code: 429 - {'error': {'message': 'Rate limit reached for model `meta-llama/llama-4-scout-17b-16e-instruct` in organization `org_01kh05ypbefm4sz6w70zh5mpwd` service tier `on_demand` on tokens per minute (TPM): Limit 300000, Used 298120, Requested 2752. Please try again in 174.4ms. ', 'type': 'tokens', 'code': 'rate_limit_exceeded'}}
[12:17:31 F0 OPEN-SCOUT] WARN: [OPEN-SCOUT] error: Error code: 429 - {'error': {'message': 'Rate limit reached for model `meta-llama/llama-4-scout-17b-16e-instruct` in organization `org_01kh05ypbefm4sz6w70zh5mpwd` service tier `on_demand` on tokens per minute (TPM): Limit 300000, Used 297439, Requested 2752. Please try again in 38.2ms. ', 'type': 'tokens', 'code': 'rate_limit_exceeded'}}
[12:17:34 F0 OPEN-SCOUT] WARN: [OPEN-SCOUT] error: Error code: 429 - {'error': {'message': 'Rate limit reached for model `meta-llama/llama-4-scout-17b-16e-instruct` in organization `org_01kh05ypbefm4sz6w70zh5mpwd` service tier `on_demand` on tokens per minute (TPM): Limit 300000, Used 298981, Requested 2748. Please try again in 345.8ms. ', 'type': 'tokens', 'code': 'rate_limit_exceeded'}}
[12:17:35 F0 OPEN-SCOUT] WARN: [OPEN-SCOUT] error: Error code: 429 - {'error': {'message': 'Rate limit reached for model `meta-llama/llama-4-scout-17b-16e-instruct` in organization `org_01kh05ypbefm4sz6w70zh5mpwd` service tier `on_demand` on tokens per minute (TPM): Limit 300000, Used 297745, Requested 2752. Please try again in 99.4ms. ', 'type': 'tokens', 'code': 'rate_limit_exceeded'}}
[12:17:37 F0 OPEN-SCOUT] WARN: [OPEN-SCOUT] error: Error code: 429 - {'error': {'message': 'Rate limit reached for model `meta-llama/llama-4-scout-17b-16e-instruct` in organization `org_01kh05ypbefm4sz6w70zh5mpwd` service tier `on_demand` on tokens per minute (TPM): Limit 300000, Used 299881, Requested 2752. Please try again in 526.6ms. ', 'type': 'tokens', 'code': 'rate_limit_exceeded'}}
[12:17:40 F0 OPEN-SCOUT] WARN: [OPEN-SCOUT] error: Error code: 429 - {'error': {'message': 'Rate limit reached for model `meta-llama/llama-4-scout-17b-16e-instruct` in organization `org_01kh05ypbefm4sz6w70zh5mpwd` service tier `on_demand` on tokens per minute (TPM): Limit 300000, Used 298269, Requested 2752. Please try again in 204.2ms. ', 'type': 'tokens', 'code': 'rate_limit_exceeded'}}
[12:17:41 F0 OPEN-SCOUT] WARN: [OPEN-SCOUT] error: Error code: 429 - {'error': {'message': 'Rate limit reached for model `meta-llama/llama-4-scout-17b-16e-instruct` in organization `org_01kh05ypbefm4sz6w70zh5mpwd` service tier `on_demand` on tokens per minute (TPM): Limit 300000, Used 297274, Requested 2743. Please try again in 3.4ms. ', 'type': 'tokens', 'code': 'rate_limit_exceeded'}}
[12:17:46 F0 OPEN-SCOUT] WARN: [OPEN-SCOUT] error: Error code: 429 - {'error': {'message': 'Rate limit reached for model `meta-llama/llama-4-scout-17b-16e-instruct` in organization `org_01kh05ypbefm4sz6w70zh5mpwd` service tier `on_demand` on tokens per minute (TPM): Limit 300000, Used 299599, Requested 2748. Please try again in 469.4ms. ', 'type': 'tokens', 'code': 'rate_limit_exceeded'}}
[12:17:49 F0 OPEN-SCOUT] WARN: [OPEN-SCOUT] error: Error code: 429 - {'error': {'message': 'Rate limit reached for model `meta-llama/llama-4-scout-17b-16e-instruct` in organization `org_01kh05ypbefm4sz6w70zh5mpwd` service tier `on_demand` on tokens per minute (TPM): Limit 300000, Used 297538, Requested 2743. Please try again in 56.2ms. ', 'type': 'tokens', 'code': 'rate_limit_exceeded'}}
[12:17:51 F0 OPEN-SCOUT] WARN: [OPEN-SCOUT] error: Error code: 429 - {'error': {'message': 'Rate limit reached for model `meta-llama/llama-4-scout-17b-16e-instruct` in organization `org_01kh05ypbefm4sz6w70zh5mpwd` service tier `on_demand` on tokens per minute (TPM): Limit 300000, Used 297408, Requested 2743. Please try again in 30.199999ms. ', 'type': 'tokens', 'code': 'rate_limit_exceeded'}}
[12:17:56 F0 OPEN-SCOUT] WARN: [OPEN-SCOUT] error: Error code: 429 - {'error': {'message': 'Rate limit reached for model `meta-llama/llama-4-scout-17b-16e-instruct` in organization `org_01kh05ypbefm4sz6w70zh5mpwd` service tier `on_demand` on tokens per minute (TPM): Limit 300000, Used 298928, Requested 2743. Please try again in 334.2ms. ', 'type': 'tokens', 'code': 'rate_limit_exceeded'}}
[12:17:59 F0 OPEN-SCOUT] WARN: [OPEN-SCOUT] error: Error code: 429 - {'error': {'message': 'Rate limit reached for model `meta-llama/llama-4-scout-17b-16e-instruct` in organization `org_01kh05ypbefm4sz6w70zh5mpwd` service tier `on_demand` on tokens per minute (TPM): Limit 300000, Used 299071, Requested 2752. Please try again in 364.6ms. ', 'type': 'tokens', 'code': 'rate_limit_exceeded'}}
[12:18:01 F0 OPEN-SCOUT] WARN: [OPEN-SCOUT] error: Error code: 429 - {'error': {'message': 'Rate limit reached for model `meta-llama/llama-4-scout-17b-16e-instruct` in organization `org_01kh05ypbefm4sz6w70zh5mpwd` service tier `on_demand` on tokens per minute (TPM): Limit 300000, Used 298615, Requested 2743. Please try again in 271.6ms. ', 'type': 'tokens', 'code': 'rate_limit_exceeded'}}
[12:18:03 F0 OPEN-SCOUT] WARN: [OPEN-SCOUT] error: Error code: 429 - {'error': {'message': 'Rate limit reached for model `meta-llama/llama-4-scout-17b-16e-instruct` in organization `org_01kh05ypbefm4sz6w70zh5mpwd` service tier `on_demand` on tokens per minute (TPM): Limit 300000, Used 297853, Requested 2752. Please try again in 121ms. ', 'type': 'tokens', 'code': 'rate_limit_exceeded'}}
[12:18:05 F0 OPEN-SCOUT] WARN: [OPEN-SCOUT] error: Error code: 429 - {'error': {'message': 'Rate limit reached for model `meta-llama/llama-4-scout-17b-16e-instruct` in organization `org_01kh05ypbefm4sz6w70zh5mpwd` service tier `on_demand` on tokens per minute (TPM): Limit 300000, Used 299649, Requested 2752. Please try again in 480.199999ms. ', 'type': 'tokens', 'code': 'rate_limit_exceeded'}}
[12:18:06 F0 OPEN-SCOUT] WARN: [OPEN-SCOUT] error: Error code: 429 - {'error': {'message': 'Rate limit reached for model `meta-llama/llama-4-scout-17b-16e-instruct` in organization `org_01kh05ypbefm4sz6w70zh5mpwd` service tier `on_demand` on tokens per minute (TPM): Limit 300000, Used 297633, Requested 2743. Please try again in 75.2ms. ', 'type': 'tokens', 'code': 'rate_limit_exceeded'}}
[12:18:07 F0 OPEN-SCOUT] WARN: [OPEN-SCOUT] error: Error code: 429 - {'error': {'message': 'Rate limit reached for model `meta-llama/llama-4-scout-17b-16e-instruct` in organization `org_01kh05ypbefm4sz6w70zh5mpwd` service tier `on_demand` on tokens per minute (TPM): Limit 300000, Used 298286, Requested 2755. Please try again in 208.2ms. ', 'type': 'tokens', 'code': 'rate_limit_exceeded'}}
[12:18:09 F0 OPEN-SCOUT] WARN: [OPEN-SCOUT] error: Error code: 429 - {'error': {'message': 'Rate limit reached for model `meta-llama/llama-4-scout-17b-16e-instruct` in organization `org_01kh05ypbefm4sz6w70zh5mpwd` service tier `on_demand` on tokens per minute (TPM): Limit 300000, Used 298501, Requested 2743. Please try again in 248.8ms. ', 'type': 'tokens', 'code': 'rate_limit_exceeded'}}
[12:18:11 F0 OPEN-SCOUT] WARN: [OPEN-SCOUT] error: Error code: 429 - {'error': {'message': 'Rate limit reached for model `meta-llama/llama-4-scout-17b-16e-instruct` in organization `org_01kh05ypbefm4sz6w70zh5mpwd` service tier `on_demand` on tokens per minute (TPM): Limit 300000, Used 297880, Requested 2752. Please try again in 126.4ms. ', 'type': 'tokens', 'code': 'rate_limit_exceeded'}}
[12:18:13 F0 OPEN-SCOUT] WARN: [OPEN-SCOUT] error: Error code: 429 - {'error': {'message': 'Rate limit reached for model `meta-llama/llama-4-scout-17b-16e-instruct` in organization `org_01kh05ypbefm4sz6w70zh5mpwd` service tier `on_demand` on tokens per minute (TPM): Limit 300000, Used 297965, Requested 2752. Please try again in 143.4ms. ', 'type': 'tokens', 'code': 'rate_limit_exceeded'}}
[12:18:15 F0 OPEN-SCOUT] WARN: [OPEN-SCOUT] error: Error code: 429 - {'error': {'message': 'Rate limit reached for model `meta-llama/llama-4-scout-17b-16e-instruct` in organization `org_01kh05ypbefm4sz6w70zh5mpwd` service tier `on_demand` on tokens per minute (TPM): Limit 300000, Used 297706, Requested 2743. Please try again in 89.8ms. ', 'type': 'tokens', 'code': 'rate_limit_exceeded'}}
[12:18:15 F0 OPEN-SCOUT] WARN: [OPEN-SCOUT] error: Error code: 429 - {'error': {'message': 'Rate limit reached for model `meta-llama/llama-4-scout-17b-16e-instruct` in organization `org_01kh05ypbefm4sz6w70zh5mpwd` service tier `on_demand` on tokens per minute (TPM): Limit 300000, Used 297949, Requested 2755. Please try again in 140.8ms. ', 'type': 'tokens', 'code': 'rate_limit_exceeded'}}
[12:18:16 F0 OPEN-SCOUT] WARN: [OPEN-SCOUT] error: Error code: 429 - {'error': {'message': 'Rate limit reached for model `meta-llama/llama-4-scout-17b-16e-instruct` in organization `org_01kh05ypbefm4sz6w70zh5mpwd` service tier `on_demand` on tokens per minute (TPM): Limit 300000, Used 298275, Requested 2743. Please try again in 203.6ms. ', 'type': 'tokens', 'code': 'rate_limit_exceeded'}}
[12:18:18 F0 OPEN-SCOUT] WARN: [OPEN-SCOUT] error: Error code: 429 - {'error': {'message': 'Rate limit reached for model `meta-llama/llama-4-scout-17b-16e-instruct` in organization `org_01kh05ypbefm4sz6w70zh5mpwd` service tier `on_demand` on tokens per minute (TPM): Limit 300000, Used 297285, Requested 2752. Please try again in 7.4ms. ', 'type': 'tokens', 'code': 'rate_limit_exceeded'}}
[12:18:20 F0 OPEN-SCOUT] WARN: [OPEN-SCOUT] error: Error code: 429 - {'error': {'message': 'Rate limit reached for model `meta-llama/llama-4-scout-17b-16e-instruct` in organization `org_01kh05ypbefm4sz6w70zh5mpwd` service tier `on_demand` on tokens per minute (TPM): Limit 300000, Used 297463, Requested 2752. Please try again in 43ms. ', 'type': 'tokens', 'code': 'rate_limit_exceeded'}}
[12:18:22 F0 OPEN-SCOUT] WARN: [OPEN-SCOUT] error: Error code: 429 - {'error': {'message': 'Rate limit reached for model `meta-llama/llama-4-scout-17b-16e-instruct` in organization `org_01kh05ypbefm4sz6w70zh5mpwd` service tier `on_demand` on tokens per minute (TPM): Limit 300000, Used 298696, Requested 2755. Please try again in 290.2ms. ', 'type': 'tokens', 'code': 'rate_limit_exceeded'}}
[12:18:24 F0 OPEN-SCOUT] WARN: [OPEN-SCOUT] error: Error code: 429 - {'error': {'message': 'Rate limit reached for model `meta-llama/llama-4-scout-17b-16e-instruct` in organization `org_01kh05ypbefm4sz6w70zh5mpwd` service tier `on_demand` on tokens per minute (TPM): Limit 300000, Used 297659, Requested 2755. Please try again in 82.8ms. ', 'type': 'tokens', 'code': 'rate_limit_exceeded'}}
[12:18:28 F0 OPEN-SCOUT] WARN: [OPEN-SCOUT] error: Error code: 429 - {'error': {'message': 'Rate limit reached for model `meta-llama/llama-4-scout-17b-16e-instruct` in organization `org_01kh05ypbefm4sz6w70zh5mpwd` service tier `on_demand` on tokens per minute (TPM): Limit 300000, Used 297984, Requested 2755. Please try again in 147.8ms. ', 'type': 'tokens', 'code': 'rate_limit_exceeded'}}
[12:18:29 F0 OPEN-SCOUT] WARN: [OPEN-SCOUT] error: Error code: 429 - {'error': {'message': 'Rate limit reached for model `meta-llama/llama-4-scout-17b-16e-instruct` in organization `org_01kh05ypbefm4sz6w70zh5mpwd` service tier `on_demand` on tokens per minute (TPM): Limit 300000, Used 297851, Requested 2755. Please try again in 121.2ms. ', 'type': 'tokens', 'code': 'rate_limit_exceeded'}}
[12:18:31 F0 OPEN-SCOUT] WARN: [OPEN-SCOUT] error: Error code: 429 - {'error': {'message': 'Rate limit reached for model `meta-llama/llama-4-scout-17b-16e-instruct` in organization `org_01kh05ypbefm4sz6w70zh5mpwd` service tier `on_demand` on tokens per minute (TPM): Limit 300000, Used 297894, Requested 2752. Please try again in 129.2ms. ', 'type': 'tokens', 'code': 'rate_limit_exceeded'}}
[12:18:35 F0 OPEN-SCOUT] WARN: [OPEN-SCOUT] error: Error code: 429 - {'error': {'message': 'Rate limit reached for model `meta-llama/llama-4-scout-17b-16e-instruct` in organization `org_01kh05ypbefm4sz6w70zh5mpwd` service tier `on_demand` on tokens per minute (TPM): Limit 300000, Used 297482, Requested 2741. Please try again in 44.6ms. ', 'type': 'tokens', 'code': 'rate_limit_exceeded'}}
[12:18:37 F0 OPEN-SCOUT] WARN: [OPEN-SCOUT] error: Error code: 429 - {'error': {'message': 'Rate limit reached for model `meta-llama/llama-4-scout-17b-16e-instruct` in organization `org_01kh05ypbefm4sz6w70zh5mpwd` service tier `on_demand` on tokens per minute (TPM): Limit 300000, Used 297314, Requested 2741. Please try again in 11ms. ', 'type': 'tokens', 'code': 'rate_limit_exceeded'}}
[12:18:38 F0 OPEN-SCOUT] WARN: [OPEN-SCOUT] error: Error code: 429 - {'error': {'message': 'Rate limit reached for model `meta-llama/llama-4-scout-17b-16e-instruct` in organization `org_01kh05ypbefm4sz6w70zh5mpwd` service tier `on_demand` on tokens per minute (TPM): Limit 300000, Used 298042, Requested 2738. Please try again in 156ms. ', 'type': 'tokens', 'code': 'rate_limit_exceeded'}}
[12:18:39 F0 OPEN-SCOUT] WARN: [OPEN-SCOUT] error: Error code: 429 - {'error': {'message': 'Rate limit reached for model `meta-llama/llama-4-scout-17b-16e-instruct` in organization `org_01kh05ypbefm4sz6w70zh5mpwd` service tier `on_demand` on tokens per minute (TPM): Limit 300000, Used 297887, Requested 2755. Please try again in 128.399999ms. ', 'type': 'tokens', 'code': 'rate_limit_exceeded'}}
[12:18:39 F0 OPEN-SCOUT] WARN: [OPEN-SCOUT] error: Error code: 429 - {'error': {'message': 'Rate limit reached for model `meta-llama/llama-4-scout-17b-16e-instruct` in organization `org_01kh05ypbefm4sz6w70zh5mpwd` service tier `on_demand` on tokens per minute (TPM): Limit 300000, Used 297787, Requested 2738. Please try again in 105ms. ', 'type': 'tokens', 'code': 'rate_limit_exceeded'}}
[12:18:42 F0 OPEN-SCOUT] WARN: [OPEN-SCOUT] error: Error code: 429 - {'error': {'message': 'Rate limit reached for model `meta-llama/llama-4-scout-17b-16e-instruct` in organization `org_01kh05ypbefm4sz6w70zh5mpwd` service tier `on_demand` on tokens per minute (TPM): Limit 300000, Used 297272, Requested 2738. Please try again in 2ms. ', 'type': 'tokens', 'code': 'rate_limit_exceeded'}}
[12:18:42 F0 OPEN-SCOUT] WARN: [OPEN-SCOUT] error: Error code: 429 - {'error': {'message': 'Rate limit reached for model `meta-llama/llama-4-scout-17b-16e-instruct` in organization `org_01kh05ypbefm4sz6w70zh5mpwd` service tier `on_demand` on tokens per minute (TPM): Limit 300000, Used 299500, Requested 2741. Please try again in 448.2ms. ', 'type': 'tokens', 'code': 'rate_limit_exceeded'}}
[12:18:44 F0 OPEN-SCOUT] WARN: [OPEN-SCOUT] error: Error code: 429 - {'error': {'message': 'Rate limit reached for model `meta-llama/llama-4-scout-17b-16e-instruct` in organization `org_01kh05ypbefm4sz6w70zh5mpwd` service tier `on_demand` on tokens per minute (TPM): Limit 300000, Used 298528, Requested 2741. Please try again in 253.8ms. ', 'type': 'tokens', 'code': 'rate_limit_exceeded'}}
[12:18:45 F0 OPEN-SCOUT] WARN: [OPEN-SCOUT] error: Error code: 429 - {'error': {'message': 'Rate limit reached for model `meta-llama/llama-4-scout-17b-16e-instruct` in organization `org_01kh05ypbefm4sz6w70zh5mpwd` service tier `on_demand` on tokens per minute (TPM): Limit 300000, Used 298054, Requested 2755. Please try again in 161.8ms. ', 'type': 'tokens', 'code': 'rate_limit_exceeded'}}
[12:18:53 F0 OPEN-SCOUT] WARN: [OPEN-SCOUT] error: Error code: 429 - {'error': {'message': 'Rate limit reached for model `meta-llama/llama-4-scout-17b-16e-instruct` in organization `org_01kh05ypbefm4sz6w70zh5mpwd` service tier `on_demand` on tokens per minute (TPM): Limit 300000, Used 297342, Requested 2741. Please try again in 16.6ms. ', 'type': 'tokens', 'code': 'rate_limit_exceeded'}}
[12:18:54 F0 OPEN-SCOUT] WARN: [OPEN-SCOUT] error: Error code: 429 - {'error': {'message': 'Rate limit reached for model `meta-llama/llama-4-scout-17b-16e-instruct` in organization `org_01kh05ypbefm4sz6w70zh5mpwd` service tier `on_demand` on tokens per minute (TPM): Limit 300000, Used 298179, Requested 2755. Please try again in 186.8ms. ', 'type': 'tokens', 'code': 'rate_limit_exceeded'}}
[12:18:55 F0 OPEN-SCOUT] WARN: [OPEN-SCOUT] error: Error code: 429 - {'error': {'message': 'Rate limit reached for model `meta-llama/llama-4-scout-17b-16e-instruct` in organization `org_01kh05ypbefm4sz6w70zh5mpwd` service tier `on_demand` on tokens per minute (TPM): Limit 300000, Used 298520, Requested 2741. Please try again in 252.199999ms. ', 'type': 'tokens', 'code': 'rate_limit_exceeded'}}
[12:18:56 F0 OPEN-SCOUT] WARN: [OPEN-SCOUT] error: Error code: 429 - {'error': {'message': 'Rate limit reached for model `meta-llama/llama-4-scout-17b-16e-instruct` in organization `org_01kh05ypbefm4sz6w70zh5mpwd` service tier `on_demand` on tokens per minute (TPM): Limit 300000, Used 298841, Requested 2741. Please try again in 316.399999ms. ', 'type': 'tokens', 'code': 'rate_limit_exceeded'}}
[12:18:58 F0 OPEN-SCOUT] WARN: [OPEN-SCOUT] error: Error code: 429 - {'error': {'message': 'Rate limit reached for model `meta-llama/llama-4-scout-17b-16e-instruct` in organization `org_01kh05ypbefm4sz6w70zh5mpwd` service tier `on_demand` on tokens per minute (TPM): Limit 300000, Used 299887, Requested 2741. Please try again in 525.6ms. ', 'type': 'tokens', 'code': 'rate_limit_exceeded'}}
[12:18:59 F0 OPEN-SCOUT] WARN: [OPEN-SCOUT] error: Error code: 429 - {'error': {'message': 'Rate limit reached for model `meta-llama/llama-4-scout-17b-16e-instruct` in organization `org_01kh05ypbefm4sz6w70zh5mpwd` service tier `on_demand` on tokens per minute (TPM): Limit 300000, Used 297457, Requested 2741. Please try again in 39.6ms. ', 'type': 'tokens', 'code': 'rate_limit_exceeded'}}
[12:19:01 F0 OPEN-SCOUT] WARN: [OPEN-SCOUT] error: Error code: 429 - {'error': {'message': 'Rate limit reached for model `meta-llama/llama-4-scout-17b-16e-instruct` in organization `org_01kh05ypbefm4sz6w70zh5mpwd` service tier `on_demand` on tokens per minute (TPM): Limit 300000, Used 297814, Requested 2741. Please try again in 111ms. ', 'type': 'tokens', 'code': 'rate_limit_exceeded'}}
[12:19:02 F0 OPEN-SCOUT] WARN: [OPEN-SCOUT] error: Error code: 429 - {'error': {'message': 'Rate limit reached for model `meta-llama/llama-4-scout-17b-16e-instruct` in organization `org_01kh05ypbefm4sz6w70zh5mpwd` service tier `on_demand` on tokens per minute (TPM): Limit 300000, Used 297413, Requested 2737. Please try again in 30ms. ', 'type': 'tokens', 'code': 'rate_limit_exceeded'}}
[12:19:03 F0 OPEN-SCOUT] WARN: [OPEN-SCOUT] error: Error code: 429 - {'error': {'message': 'Rate limit reached for model `meta-llama/llama-4-scout-17b-16e-instruct` in organization `org_01kh05ypbefm4sz6w70zh5mpwd` service tier `on_demand` on tokens per minute (TPM): Limit 300000, Used 298232, Requested 2755. Please try again in 197.4ms. ', 'type': 'tokens', 'code': 'rate_limit_exceeded'}}
[12:19:06 F0 OPEN-SCOUT] WARN: [OPEN-SCOUT] error: Error code: 429 - {'error': {'message': 'Rate limit reached for model `meta-llama/llama-4-scout-17b-16e-instruct` in organization `org_01kh05ypbefm4sz6w70zh5mpwd` service tier `on_demand` on tokens per minute (TPM): Limit 300000, Used 298853, Requested 2755. Please try again in 321.6ms. ', 'type': 'tokens', 'code': 'rate_limit_exceeded'}}
[12:19:07 F0 OPEN-SCOUT] WARN: [OPEN-SCOUT] error: Error code: 429 - {'error': {'message': 'Rate limit reached for model `meta-llama/llama-4-scout-17b-16e-instruct` in organization `org_01kh05ypbefm4sz6w70zh5mpwd` service tier `on_demand` on tokens per minute (TPM): Limit 300000, Used 297358, Requested 2737. Please try again in 19ms. ', 'type': 'tokens', 'code': 'rate_limit_exceeded'}}
[12:19:11 F0 OPEN-SCOUT] WARN: [OPEN-SCOUT] error: Error code: 429 - {'error': {'message': 'Rate limit reached for model `meta-llama/llama-4-scout-17b-16e-instruct` in organization `org_01kh05ypbefm4sz6w70zh5mpwd` service tier `on_demand` on tokens per minute (TPM): Limit 300000, Used 298278, Requested 2759. Please try again in 207.4ms. ', 'type': 'tokens', 'code': 'rate_limit_exceeded'}}
[12:19:14 F0 OPEN-SCOUT] WARN: [OPEN-SCOUT] error: Error code: 429 - {'error': {'message': 'Rate limit reached for model `meta-llama/llama-4-scout-17b-16e-instruct` in organization `org_01kh05ypbefm4sz6w70zh5mpwd` service tier `on_demand` on tokens per minute (TPM): Limit 300000, Used 298092, Requested 2737. Please try again in 165.8ms. ', 'type': 'tokens', 'code': 'rate_limit_exceeded'}}
[12:19:17 F0 OPEN-SCOUT] WARN: [OPEN-SCOUT] error: Error code: 429 - {'error': {'message': 'Rate limit reached for model `meta-llama/llama-4-scout-17b-16e-instruct` in organization `org_01kh05ypbefm4sz6w70zh5mpwd` service tier `on_demand` on tokens per minute (TPM): Limit 300000, Used 298940, Requested 2759. Please try again in 339.8ms. ', 'type': 'tokens', 'code': 'rate_limit_exceeded'}}
[12:19:17 F0 OPEN-SCOUT] WARN: [OPEN-SCOUT] error: Error code: 429 - {'error': {'message': 'Rate limit reached for model `meta-llama/llama-4-scout-17b-16e-instruct` in organization `org_01kh05ypbefm4sz6w70zh5mpwd` service tier `on_demand` on tokens per minute (TPM): Limit 300000, Used 298615, Requested 2751. Please try again in 273.2ms. ', 'type': 'tokens', 'code': 'rate_limit_exceeded'}}
[12:19:19 F0 OPEN-SCOUT] WARN: [OPEN-SCOUT] error: Error code: 429 - {'error': {'message': 'Rate limit reached for model `meta-llama/llama-4-scout-17b-16e-instruct` in organization `org_01kh05ypbefm4sz6w70zh5mpwd` service tier `on_demand` on tokens per minute (TPM): Limit 300000, Used 298273, Requested 2751. Please try again in 204.8ms. ', 'type': 'tokens', 'code': 'rate_limit_exceeded'}}
[12:19:21 F0 OPEN-SCOUT] WARN: [OPEN-SCOUT] error: Error code: 429 - {'error': {'message': 'Rate limit reached for model `meta-llama/llama-4-scout-17b-16e-instruct` in organization `org_01kh05ypbefm4sz6w70zh5mpwd` service tier `on_demand` on tokens per minute (TPM): Limit 300000, Used 297541, Requested 2759. Please try again in 60ms. ', 'type': 'tokens', 'code': 'rate_limit_exceeded'}}
[12:19:23 F0 OPEN-SCOUT] WARN: [OPEN-SCOUT] error: Error code: 429 - {'error': {'message': 'Rate limit reached for model `meta-llama/llama-4-scout-17b-16e-instruct` in organization `org_01kh05ypbefm4sz6w70zh5mpwd` service tier `on_demand` on tokens per minute (TPM): Limit 300000, Used 298992, Requested 2759. Please try again in 350.2ms. ', 'type': 'tokens', 'code': 'rate_limit_exceeded'}}
[12:19:25 F0 OPEN-SCOUT] WARN: [OPEN-SCOUT] error: Error code: 429 - {'error': {'message': 'Rate limit reached for model `meta-llama/llama-4-scout-17b-16e-instruct` in organization `org_01kh05ypbefm4sz6w70zh5mpwd` service tier `on_demand` on tokens per minute (TPM): Limit 300000, Used 299016, Requested 2751. Please try again in 353.4ms. ', 'type': 'tokens', 'code': 'rate_limit_exceeded'}}
[12:19:27 F0 OPEN-SCOUT] WARN: [OPEN-SCOUT] error: Error code: 429 - {'error': {'message': 'Rate limit reached for model `meta-llama/llama-4-scout-17b-16e-instruct` in organization `org_01kh05ypbefm4sz6w70zh5mpwd` service tier `on_demand` on tokens per minute (TPM): Limit 300000, Used 297429, Requested 2753. Please try again in 36.4ms. ', 'type': 'tokens', 'code': 'rate_limit_exceeded'}}
[12:19:29 F0 OPEN-SCOUT] WARN: [OPEN-SCOUT] error: Error code: 429 - {'error': {'message': 'Rate limit reached for model `meta-llama/llama-4-scout-17b-16e-instruct` in organization `org_01kh05ypbefm4sz6w70zh5mpwd` service tier `on_demand` on tokens per minute (TPM): Limit 300000, Used 297805, Requested 2759. Please try again in 112.8ms. ', 'type': 'tokens', 'code': 'rate_limit_exceeded'}}
[12:19:32 F0 OPEN-SCOUT] WARN: [OPEN-SCOUT] error: Error code: 429 - {'error': {'message': 'Rate limit reached for model `meta-llama/llama-4-scout-17b-16e-instruct` in organization `org_01kh05ypbefm4sz6w70zh5mpwd` service tier `on_demand` on tokens per minute (TPM): Limit 300000, Used 298269, Requested 2753. Please try again in 204.4ms. ', 'type': 'tokens', 'code': 'rate_limit_exceeded'}}
[12:19:32 F0 OPEN-SCOUT] WARN: [OPEN-SCOUT] error: Error code: 429 - {'error': {'message': 'Rate limit reached for model `meta-llama/llama-4-scout-17b-16e-instruct` in organization `org_01kh05ypbefm4sz6w70zh5mpwd` service tier `on_demand` on tokens per minute (TPM): Limit 300000, Used 298160, Requested 2737. Please try again in 179.4ms. ', 'type': 'tokens', 'code': 'rate_limit_exceeded'}}
[12:19:34 F0 OPEN-SCOUT] WARN: [OPEN-SCOUT] error: Error code: 429 - {'error': {'message': 'Rate limit reached for model `meta-llama/llama-4-scout-17b-16e-instruct` in organization `org_01kh05ypbefm4sz6w70zh5mpwd` service tier `on_demand` on tokens per minute (TPM): Limit 300000, Used 299175, Requested 2753. Please try again in 385.6ms. ', 'type': 'tokens', 'code': 'rate_limit_exceeded'}}
[12:19:36 F0 OPEN-SCOUT] WARN: [OPEN-SCOUT] error: Error code: 429 - {'error': {'message': 'Rate limit reached for model `meta-llama/llama-4-scout-17b-16e-instruct` in organization `org_01kh05ypbefm4sz6w70zh5mpwd` service tier `on_demand` on tokens per minute (TPM): Limit 300000, Used 299048, Requested 2737. Please try again in 357ms. ', 'type': 'tokens', 'code': 'rate_limit_exceeded'}}
[12:19:37 F0 OPEN-SCOUT] WARN: [OPEN-SCOUT] error: Error code: 429 - {'error': {'message': 'Rate limit reached for model `meta-llama/llama-4-scout-17b-16e-instruct` in organization `org_01kh05ypbefm4sz6w70zh5mpwd` service tier `on_demand` on tokens per minute (TPM): Limit 300000, Used 297949, Requested 2753. Please try again in 140.4ms. ', 'type': 'tokens', 'code': 'rate_limit_exceeded'}}
[12:19:38 F0 OPEN-SCOUT] WARN: [OPEN-SCOUT] error: Error code: 429 - {'error': {'message': 'Rate limit reached for model `meta-llama/llama-4-scout-17b-16e-instruct` in organization `org_01kh05ypbefm4sz6w70zh5mpwd` service tier `on_demand` on tokens per minute (TPM): Limit 300000, Used 297992, Requested 2759. Please try again in 150.2ms. ', 'type': 'tokens', 'code': 'rate_limit_exceeded'}}
[12:19:40 F0 OPEN-SCOUT] WARN: [OPEN-SCOUT] error: Error code: 429 - {'error': {'message': 'Rate limit reached for model `meta-llama/llama-4-scout-17b-16e-instruct` in organization `org_01kh05ypbefm4sz6w70zh5mpwd` service tier `on_demand` on tokens per minute (TPM): Limit 300000, Used 299389, Requested 2753. Please try again in 428.4ms. ', 'type': 'tokens', 'code': 'rate_limit_exceeded'}}
[12:19:41 F0 OPEN-SCOUT] WARN: [OPEN-SCOUT] error: Error code: 429 - {'error': {'message': 'Rate limit reached for model `meta-llama/llama-4-scout-17b-16e-instruct` in organization `org_01kh05ypbefm4sz6w70zh5mpwd` service tier `on_demand` on tokens per minute (TPM): Limit 300000, Used 299472, Requested 2753. Please try again in 445ms. ', 'type': 'tokens', 'code': 'rate_limit_exceeded'}}
[12:19:42 F0 OPEN-SCOUT] WARN: [OPEN-SCOUT] error: Error code: 429 - {'error': {'message': 'Rate limit reached for model `meta-llama/llama-4-scout-17b-16e-instruct` in organization `org_01kh05ypbefm4sz6w70zh5mpwd` service tier `on_demand` on tokens per minute (TPM): Limit 300000, Used 297921, Requested 2737. Please try again in 131.6ms. ', 'type': 'tokens', 'code': 'rate_limit_exceeded'}}
[12:19:43 F0 OPEN-SCOUT] WARN: [OPEN-SCOUT] error: Error code: 429 - {'error': {'message': 'Rate limit reached for model `meta-llama/llama-4-scout-17b-16e-instruct` in organization `org_01kh05ypbefm4sz6w70zh5mpwd` service tier `on_demand` on tokens per minute (TPM): Limit 300000, Used 297353, Requested 2759. Please try again in 22.4ms. ', 'type': 'tokens', 'code': 'rate_limit_exceeded'}}
[12:19:44 F0 OPEN-SCOUT] WARN: [OPEN-SCOUT] error: Error code: 429 - {'error': {'message': 'Rate limit reached for model `meta-llama/llama-4-scout-17b-16e-instruct` in organization `org_01kh05ypbefm4sz6w70zh5mpwd` service tier `on_demand` on tokens per minute (TPM): Limit 300000, Used 297724, Requested 2759. Please try again in 96.6ms. ', 'type': 'tokens', 'code': 'rate_limit_exceeded'}}
[12:19:46 F0 OPEN-SCOUT] WARN: [OPEN-SCOUT] error: Error code: 429 - {'error': {'message': 'Rate limit reached for model `meta-llama/llama-4-scout-17b-16e-instruct` in organization `org_01kh05ypbefm4sz6w70zh5mpwd` service tier `on_demand` on tokens per minute (TPM): Limit 300000, Used 297711, Requested 2759. Please try again in 94ms. ', 'type': 'tokens', 'code': 'rate_limit_exceeded'}}
[12:19:48 F0 OPEN-SCOUT] WARN: [OPEN-SCOUT] error: Error code: 429 - {'error': {'message': 'Rate limit reached for model `meta-llama/llama-4-scout-17b-16e-instruct` in organization `org_01kh05ypbefm4sz6w70zh5mpwd` service tier `on_demand` on tokens per minute (TPM): Limit 300000, Used 298530, Requested 2759. Please try again in 257.799999ms. ', 'type': 'tokens', 'code': 'rate_limit_exceeded'}}
[12:19:49 F0 OPEN-SCOUT] WARN: [OPEN-SCOUT] error: Error code: 429 - {'error': {'message': 'Rate limit reached for model `meta-llama/llama-4-scout-17b-16e-instruct` in organization `org_01kh05ypbefm4sz6w70zh5mpwd` service tier `on_demand` on tokens per minute (TPM): Limit 300000, Used 298915, Requested 2753. Please try again in 333.6ms. ', 'type': 'tokens', 'code': 'rate_limit_exceeded'}}
[12:19:53 F0 OPEN-SCOUT] WARN: [OPEN-SCOUT] error: Error code: 429 - {'error': {'message': 'Rate limit reached for model `meta-llama/llama-4-scout-17b-16e-instruct` in organization `org_01kh05ypbefm4sz6w70zh5mpwd` service tier `on_demand` on tokens per minute (TPM): Limit 300000, Used 298142, Requested 2737. Please try again in 175.799999ms. ', 'type': 'tokens', 'code': 'rate_limit_exceeded'}}
[12:19:53 F0 OPEN-SCOUT] WARN: [OPEN-SCOUT] error: Error code: 429 - {'error': {'message': 'Rate limit reached for model `meta-llama/llama-4-scout-17b-16e-instruct` in organization `org_01kh05ypbefm4sz6w70zh5mpwd` service tier `on_demand` on tokens per minute (TPM): Limit 300000, Used 297287, Requested 2753. Please try again in 8ms. ', 'type': 'tokens', 'code': 'rate_limit_exceeded'}}
[12:19:54 F0 OPEN-SCOUT] WARN: [OPEN-SCOUT] error: Error code: 429 - {'error': {'message': 'Rate limit reached for model `meta-llama/llama-4-scout-17b-16e-instruct` in organization `org_01kh05ypbefm4sz6w70zh5mpwd` service tier `on_demand` on tokens per minute (TPM): Limit 300000, Used 298621, Requested 2750. Please try again in 274.2ms. ', 'type': 'tokens', 'code': 'rate_limit_exceeded'}}
[12:19:58 F0 OPEN-SCOUT] WARN: [OPEN-SCOUT] error: Error code: 429 - {'error': {'message': 'Rate limit reached for model `meta-llama/llama-4-scout-17b-16e-instruct` in organization `org_01kh05ypbefm4sz6w70zh5mpwd` service tier `on_demand` on tokens per minute (TPM): Limit 300000, Used 297438, Requested 2737. Please try again in 35ms. ', 'type': 'tokens', 'code': 'rate_limit_exceeded'}}
[12:20:01 F0 OPEN-SCOUT] WARN: [OPEN-SCOUT] error: Error code: 429 - {'error': {'message': 'Rate limit reached for model `meta-llama/llama-4-scout-17b-16e-instruct` in organization `org_01kh05ypbefm4sz6w70zh5mpwd` service tier `on_demand` on tokens per minute (TPM): Limit 300000, Used 298372, Requested 2750. Please try again in 224.4ms. ', 'type': 'tokens', 'code': 'rate_limit_exceeded'}}
[12:20:03 F0 OPEN-SCOUT] WARN: [OPEN-SCOUT] error: Error code: 429 - {'error': {'message': 'Rate limit reached for model `meta-llama/llama-4-scout-17b-16e-instruct` in organization `org_01kh05ypbefm4sz6w70zh5mpwd` service tier `on_demand` on tokens per minute (TPM): Limit 300000, Used 298251, Requested 2737. Please try again in 197.6ms. ', 'type': 'tokens', 'code': 'rate_limit_exceeded'}}
[12:20:05 F0 OPEN-SCOUT] WARN: [OPEN-SCOUT] error: Error code: 429 - {'error': {'message': 'Rate limit reached for model `meta-llama/llama-4-scout-17b-16e-instruct` in organization `org_01kh05ypbefm4sz6w70zh5mpwd` service tier `on_demand` on tokens per minute (TPM): Limit 300000, Used 298093, Requested 2753. Please try again in 169.2ms. ', 'type': 'tokens', 'code': 'rate_limit_exceeded'}}
[12:20:06 F0 OPEN-SCOUT] WARN: [OPEN-SCOUT] error: Error code: 429 - {'error': {'message': 'Rate limit reached for model `meta-llama/llama-4-scout-17b-16e-instruct` in organization `org_01kh05ypbefm4sz6w70zh5mpwd` service tier `on_demand` on tokens per minute (TPM): Limit 300000, Used 299037, Requested 2737. Please try again in 354.8ms. ', 'type': 'tokens', 'code': 'rate_limit_exceeded'}}
[12:20:08 F0 OPEN-SCOUT] WARN: [OPEN-SCOUT] error: Error code: 429 - {'error': {'message': 'Rate limit reached for model `meta-llama/llama-4-scout-17b-16e-instruct` in organization `org_01kh05ypbefm4sz6w70zh5mpwd` service tier `on_demand` on tokens per minute (TPM): Limit 300000, Used 298227, Requested 2750. Please try again in 195.4ms. ', 'type': 'tokens', 'code': 'rate_limit_exceeded'}}
[12:20:10 F0 OPEN-SCOUT] WARN: [OPEN-SCOUT] error: Error code: 429 - {'error': {'message': 'Rate limit reached for model `meta-llama/llama-4-scout-17b-16e-instruct` in organization `org_01kh05ypbefm4sz6w70zh5mpwd` service tier `on_demand` on tokens per minute (TPM): Limit 300000, Used 297935, Requested 2753. Please try again in 137.6ms. ', 'type': 'tokens', 'code': 'rate_limit_exceeded'}}
[12:20:10 F0 OPEN-SCOUT] WARN: [OPEN-SCOUT] error: Error code: 429 - {'error': {'message': 'Rate limit reached for model `meta-llama/llama-4-scout-17b-16e-instruct` in organization `org_01kh05ypbefm4sz6w70zh5mpwd` service tier `on_demand` on tokens per minute (TPM): Limit 300000, Used 297829, Requested 2737. Please try again in 113.2ms. ', 'type': 'tokens', 'code': 'rate_limit_exceeded'}}
[12:20:12 F0 OPEN-SCOUT] WARN: [OPEN-SCOUT] error: Error code: 429 - {'error': {'message': 'Rate limit reached for model `meta-llama/llama-4-scout-17b-16e-instruct` in organization `org_01kh05ypbefm4sz6w70zh5mpwd` service tier `on_demand` on tokens per minute (TPM): Limit 300000, Used 299441, Requested 2750. Please try again in 438.2ms. ', 'type': 'tokens', 'code': 'rate_limit_exceeded'}}
[12:20:12 F0 OPEN-SCOUT] WARN: [OPEN-SCOUT] error: Error code: 429 - {'error': {'message': 'Rate limit reached for model `meta-llama/llama-4-scout-17b-16e-instruct` in organization `org_01kh05ypbefm4sz6w70zh5mpwd` service tier `on_demand` on tokens per minute (TPM): Limit 300000, Used 297795, Requested 2736. Please try again in 106.2ms. ', 'type': 'tokens', 'code': 'rate_limit_exceeded'}}
[12:20:15 F0 OPEN-SCOUT] WARN: [OPEN-SCOUT] error: Error code: 429 - {'error': {'message': 'Rate limit reached for model `meta-llama/llama-4-scout-17b-16e-instruct` in organization `org_01kh05ypbefm4sz6w70zh5mpwd` service tier `on_demand` on tokens per minute (TPM): Limit 300000, Used 298091, Requested 2753. Please try again in 168.8ms. ', 'type': 'tokens', 'code': 'rate_limit_exceeded'}}
[12:20:17 F0 OPEN-SCOUT] WARN: [OPEN-SCOUT] error: Error code: 429 - {'error': {'message': 'Rate limit reached for model `meta-llama/llama-4-scout-17b-16e-instruct` in organization `org_01kh05ypbefm4sz6w70zh5mpwd` service tier `on_demand` on tokens per minute (TPM): Limit 300000, Used 298982, Requested 2736. Please try again in 343.599999ms. ', 'type': 'tokens', 'code': 'rate_limit_exceeded'}}
[12:20:18 F0 OPEN-SCOUT] WARN: [OPEN-SCOUT] error: Error code: 429 - {'error': {'message': 'Rate limit reached for model `meta-llama/llama-4-scout-17b-16e-instruct` in organization `org_01kh05ypbefm4sz6w70zh5mpwd` service tier `on_demand` on tokens per minute (TPM): Limit 300000, Used 297309, Requested 2753. Please try again in 12.4ms. ', 'type': 'tokens', 'code': 'rate_limit_exceeded'}}
[12:20:19 F0 OPEN-SCOUT] WARN: [OPEN-SCOUT] error: Error code: 429 - {'error': {'message': 'Rate limit reached for model `meta-llama/llama-4-scout-17b-16e-instruct` in organization `org_01kh05ypbefm4sz6w70zh5mpwd` service tier `on_demand` on tokens per minute (TPM): Limit 300000, Used 299037, Requested 2753. Please try again in 358ms. ', 'type': 'tokens', 'code': 'rate_limit_exceeded'}}
[12:20:21 F0 OPEN-SCOUT] WARN: [OPEN-SCOUT] error: Error code: 429 - {'error': {'message': 'Rate limit reached for model `meta-llama/llama-4-scout-17b-16e-instruct` in organization `org_01kh05ypbefm4sz6w70zh5mpwd` service tier `on_demand` on tokens per minute (TPM): Limit 300000, Used 299441, Requested 2750. Please try again in 438.2ms. ', 'type': 'tokens', 'code': 'rate_limit_exceeded'}}
[12:20:22 F0 OPEN-SCOUT] WARN: [OPEN-SCOUT] error: Error code: 429 - {'error': {'message': 'Rate limit reached for model `meta-llama/llama-4-scout-17b-16e-instruct` in organization `org_01kh05ypbefm4sz6w70zh5mpwd` service tier `on_demand` on tokens per minute (TPM): Limit 300000, Used 297606, Requested 2736. Please try again in 68.4ms. ', 'type': 'tokens', 'code': 'rate_limit_exceeded'}}
[12:20:23 F0 OPEN-SCOUT] WARN: [OPEN-SCOUT] error: Error code: 429 - {'error': {'message': 'Rate limit reached for model `meta-llama/llama-4-scout-17b-16e-instruct` in organization `org_01kh05ypbefm4sz6w70zh5mpwd` service tier `on_demand` on tokens per minute (TPM): Limit 300000, Used 298105, Requested 2736. Please try again in 168.2ms. ', 'type': 'tokens', 'code': 'rate_limit_exceeded'}}
[12:20:24 F0 OPEN-SCOUT] WARN: [OPEN-SCOUT] error: Error code: 429 - {'error': {'message': 'Rate limit reached for model `meta-llama/llama-4-scout-17b-16e-instruct` in organization `org_01kh05ypbefm4sz6w70zh5mpwd` service tier `on_demand` on tokens per minute (TPM): Limit 300000, Used 299729, Requested 2736. Please try again in 493ms. ', 'type': 'tokens', 'code': 'rate_limit_exceeded'}}
[12:20:25 F0 OPEN-SCOUT] WARN: [OPEN-SCOUT] error: Error code: 429 - {'error': {'message': 'Rate limit reached for model `meta-llama/llama-4-scout-17b-16e-instruct` in organization `org_01kh05ypbefm4sz6w70zh5mpwd` service tier `on_demand` on tokens per minute (TPM): Limit 300000, Used 297742, Requested 2750. Please try again in 98.4ms. ', 'type': 'tokens', 'code': 'rate_limit_exceeded'}}
[12:20:27 F0 OPEN-SCOUT] WARN: [OPEN-SCOUT] error: Error code: 429 - {'error': {'message': 'Rate limit reached for model `meta-llama/llama-4-scout-17b-16e-instruct` in organization `org_01kh05ypbefm4sz6w70zh5mpwd` service tier `on_demand` on tokens per minute (TPM): Limit 300000, Used 298852, Requested 2765. Please try again in 323.399999ms. ', 'type': 'tokens', 'code': 'rate_limit_exceeded'}}
[12:20:27 F0 OPEN-SCOUT] WARN: [OPEN-SCOUT] error: Error code: 429 - {'error': {'message': 'Rate limit reached for model `meta-llama/llama-4-scout-17b-16e-instruct` in organization `org_01kh05ypbefm4sz6w70zh5mpwd` service tier `on_demand` on tokens per minute (TPM): Limit 300000, Used 298067, Requested 2750. Please try again in 163.4ms. ', 'type': 'tokens', 'code': 'rate_limit_exceeded'}}
[12:41:18 F0 OPEN-SCOUT] WARN: [OPEN-SCOUT] timeout after 8.0s
[12:41:18 F0 OPEN-SCOUT] WARN: [OPEN-SCOUT] timeout after 8.0s
[12:42:14 F0 OPEN-SCOUT] WARN: [OPEN-SCOUT] error: Error code: 429 - {'error': {'message': 'Rate limit reached for model `meta-llama/llama-4-scout-17b-16e-instruct` in organization `org_01kh05ypbefm4sz6w70zh5mpwd` service tier `on_demand` on tokens per minute (TPM): Limit 300000, Used 297224, Requested 2842. Please try again in 13.2ms. ', 'type': 'tokens', 'code': 'rate_limit_exceeded'}}
[12:44:53 F0 OPEN-SCOUT] WARN: [OPEN-SCOUT] error: Error code: 429 - {'error': {'message': 'Rate limit reached for model `meta-llama/llama-4-scout-17b-16e-instruct` in organization `org_01kh05ypbefm4sz6w70zh5mpwd` service tier `on_demand` on tokens per minute (TPM): Limit 300000, Used 297705, Requested 2815. Please try again in 104ms. ', 'type': 'tokens', 'code': 'rate_limit_exceeded'}}
[12:45:28 F0 OPEN-SCOUT] WARN: [OPEN-SCOUT] error: Error code: 429 - {'error': {'message': 'Rate limit reached for model `meta-llama/llama-4-scout-17b-16e-instruct` in organization `org_01kh05ypbefm4sz6w70zh5mpwd` service tier `on_demand` on tokens per minute (TPM): Limit 300000, Used 297672, Requested 2817. Please try again in 97.8ms. ', 'type': 'tokens', 'code': 'rate_limit_exceeded'}}
[12:54:43 F0 OPEN-SCOUT] WARN: [OPEN-SCOUT] error: Error code: 429 - {'error': {'message': 'Rate limit reached for model `meta-llama/llama-4-scout-17b-16e-instruct` in organization `org_01kh05ypbefm4sz6w70zh5mpwd` service tier `on_demand` on tokens per minute (TPM): Limit 300000, Used 298156, Requested 2819. Please try again in 194.999999ms. ', 'type': 'tokens', 'code': 'rate_limit_exceeded'}}
[12:55:02 F0 OPEN-SCOUT] WARN: [OPEN-SCOUT] error: Error code: 429 - {'error': {'message': 'Rate limit reached for model `meta-llama/llama-4-scout-17b-16e-instruct` in organization `org_01kh05ypbefm4sz6w70zh5mpwd` service tier `on_demand` on tokens per minute (TPM): Limit 300000, Used 298247, Requested 2814. Please try again in 212.2ms. ', 'type': 'tokens', 'code': 'rate_limit_exceeded'}}
[12:57:07 F0 OPEN-SCOUT] WARN: [OPEN-SCOUT] error: Error code: 429 - {'error': {'message': 'Rate limit reached for model `meta-llama/llama-4-scout-17b-16e-instruct` in organization `org_01kh05ypbefm4sz6w70zh5mpwd` service tier `on_demand` on tokens per minute (TPM): Limit 300000, Used 297961, Requested 2814. Please try again in 155ms. ', 'type': 'tokens', 'code': 'rate_limit_exceeded'}}
[12:58:38 F0 OPEN-SCOUT] WARN: [OPEN-SCOUT] error: Error code: 429 - {'error': {'message': 'Rate limit reached for model `meta-llama/llama-4-scout-17b-16e-instruct` in organization `org_01kh05ypbefm4sz6w70zh5mpwd` service tier `on_demand` on tokens per minute (TPM): Limit 300000, Used 297471, Requested 2817. Please try again in 57.6ms. ', 'type': 'tokens', 'code': 'rate_limit_exceeded'}}
[12:59:04 F0 OPEN-SCOUT] WARN: [OPEN-SCOUT] error: Error code: 429 - {'error': {'message': 'Rate limit reached for model `meta-llama/llama-4-scout-17b-16e-instruct` in organization `org_01kh05ypbefm4sz6w70zh5mpwd` service tier `on_demand` on tokens per minute (TPM): Limit 300000, Used 297762, Requested 2813. Please try again in 114.999999ms. ', 'type': 'tokens', 'code': 'rate_limit_exceeded'}}
[13:00:08 F0 OPEN-SCOUT] WARN: [OPEN-SCOUT] timeout after 8.0s
[13:00:16 F0 OPEN-SCOUT] WARN: [OPEN-SCOUT] timeout after 8.0s
[13:00:23 F0 OPEN-SCOUT] WARN: [OPEN-SCOUT] timeout after 8.0s
[13:00:37 F0 OPEN-SCOUT] WARN: [OPEN-SCOUT] error: Error code: 429 - {'error': {'message': 'Rate limit reached for model `meta-llama/llama-4-scout-17b-16e-instruct` in organization `org_01kh05ypbefm4sz6w70zh5mpwd` service tier `on_demand` on tokens per minute (TPM): Limit 300000, Used 297351, Requested 2817. Please try again in 33.6ms. ', 'type': 'tokens', 'code': 'rate_limit_exceeded'}}
[17:27:27 F0 TEST] INFO: [WS] Server started on ws://0.0.0.0:8765
[17:27:27 F0 TEST] INFO: [WS] Commentary server on ws://0.0.0.0:8766
[17:27:27 F0 TEST] INFO: ============================================================
[17:27:27 F0 TEST] INFO: SCRAPING SQUADS...
[17:27:27 F0 SQUAD] INFO: Fetching: https://www.cricbuzz.com/cricket-match-squads/151987/csk-vs-mi-44th-match-indian-premier-league-2026
[17:27:27 F0 SQUAD] INFO:   Chennai Super Kings: 11 XI + 13 bench
[17:27:27 F0 SQUAD] INFO:     Sanju Samson (WK) — wk_batter
[17:27:27 F0 SQUAD] INFO:     Ruturaj Gaikwad (C) — batter
[17:27:27 F0 SQUAD] INFO:     Urvil Patel (WK) — wk_batter
[17:27:27 F0 SQUAD] INFO:     Dewald Brevis — batter
[17:27:27 F0 SQUAD] INFO:     Shivam Dube — bat_allrounder
[17:27:27 F0 SQUAD] INFO:     Jamie Overton — bowl_allrounder
[17:27:27 F0 SQUAD] INFO:     Ramakrishna Ghosh — bat_allrounder
[17:27:27 F0 SQUAD] INFO:     Prashant Veer — bowl_allrounder
[17:27:27 F0 SQUAD] INFO:     Noor Ahmad — bowler
[17:27:27 F0 SQUAD] INFO:     Anshul Kamboj — bowl_allrounder
[17:27:27 F0 SQUAD] INFO:     Mukesh Choudhary — bowler
[17:27:27 F0 SQUAD] INFO:     [bench] Kartik Sharma — wk_batter
[17:27:27 F0 SQUAD] INFO:     [bench] Akeal Hosein — bowler
[17:27:27 F0 SQUAD] INFO:     [bench] Sarfaraz Khan — batter
[17:27:27 F0 SQUAD] INFO:     [bench] Matthew Short — batter
[17:27:27 F0 SQUAD] INFO:     [bench] Gurjapneet Singh — bowler
[17:27:27 F0 SQUAD] INFO:     [bench] MS Dhoni — wk_batter
[17:27:27 F0 SQUAD] INFO:     [bench] Matt Henry — bowler
[17:27:27 F0 SQUAD] INFO:     [bench] Spencer Johnson — bowler
[17:27:27 F0 SQUAD] INFO:     [bench] Zakary Foulkes — bowl_allrounder
[17:27:27 F0 SQUAD] INFO:     [bench] Shreyas Gopal — bowler
[17:27:27 F0 SQUAD] INFO:     [bench] Rahul Chahar — bowler
[17:27:27 F0 SQUAD] INFO:     [bench] Akash Madhwal — bowler
[17:27:27 F0 SQUAD] INFO:     [bench] Aman Khan — bowl_allrounder
[17:27:27 F0 SQUAD] INFO:   Mumbai Indians: 11 XI + 14 bench
[17:27:27 F0 SQUAD] INFO:     Will Jacks — bat_allrounder
[17:27:27 F0 SQUAD] INFO:     Ryan Rickelton (WK) — wk_batter
[17:27:27 F0 SQUAD] INFO:     Suryakumar Yadav — batter
[17:27:27 F0 SQUAD] INFO:     Naman Dhir — batter
[17:27:27 F0 SQUAD] INFO:     Tilak Varma — batter
[17:27:27 F0 SQUAD] INFO:     Hardik Pandya (C) — bat_allrounder
[17:27:27 F0 SQUAD] INFO:     Robin Minz (WK) — wk_batter
[17:27:27 F0 SQUAD] INFO:     Trent Boult — bowler
[17:27:27 F0 SQUAD] INFO:     Krish Bhagat — bat_allrounder
[17:27:27 F0 SQUAD] INFO:     Jasprit Bumrah — bowler
[17:27:27 F0 SQUAD] INFO:     AM Ghazanfar — bowler
[17:27:27 F0 SQUAD] INFO:     [bench] Raj Bawa — bat_allrounder
[17:27:27 F0 SQUAD] INFO:     [bench] Raghu Sharma — bowler
[17:27:27 F0 SQUAD] INFO:     [bench] Mayank Rawat — bat_allrounder
[17:27:27 F0 SQUAD] INFO:     [bench] Shardul Thakur — bowl_allrounder
[17:27:27 F0 SQUAD] INFO:     [bench] Ashwani Kumar — bowler
[17:27:27 F0 SQUAD] INFO:     [bench] Rohit Sharma — batter
[17:27:27 F0 SQUAD] INFO:     [bench] Deepak Chahar — bowler
[17:27:27 F0 SQUAD] INFO:     [bench] Quinton de Kock — wk_batter
[17:27:27 F0 SQUAD] INFO:     [bench] Corbin Bosch — bowl_allrounder
[17:27:27 F0 SQUAD] INFO:     [bench] Keshav Maharaj — bowler
[17:27:27 F0 SQUAD] INFO:     [bench] Sherfane Rutherford — bat_allrounder
[17:27:27 F0 SQUAD] INFO:     [bench] Mayank Markande — bowler
[17:27:27 F0 SQUAD] INFO:     [bench] Danish Malewar — batter
[17:27:27 F0 SQUAD] INFO:     [bench] Mohammed Salahuddin Izhar — bowler
[17:27:27 F0 TEST] INFO: Teams: ['Chennai Super Kings', 'Mumbai Indians']
[17:27:27 F0 ENRICH] INFO: Loaded cached styles from player_styles_767a56745c60.json (49 players)
[17:27:27 F0 ENRICH] INFO: [cache] Chennai Super Kings — styles:
[17:27:27 F0 ENRICH] INFO: [cache]   Sanju Samson             RHB  | None
[17:27:27 F0 ENRICH] INFO: [cache]   Ruturaj Gaikwad          RHB  | None
[17:27:27 F0 ENRICH] INFO: [cache]   Urvil Patel              unknown | unknown
[17:27:27 F0 ENRICH] INFO: [cache]   Dewald Brevis            RHB  | None
[17:27:27 F0 ENRICH] INFO: [cache]   Shivam Dube              LHB  | Right-arm medium-fast
[17:27:27 F0 ENRICH] INFO: [cache]   Jamie Overton            RHB  | Right-arm fast
[17:27:27 F0 ENRICH] INFO: [cache]   Ramakrishna Ghosh        unknown | unknown
[17:27:27 F0 ENRICH] INFO: [cache]   Prashant Veer            LHB  | unknown
[17:27:27 F0 ENRICH] INFO: [cache]   Noor Ahmad               LHB  | Left-arm wrist spin (chinaman)
[17:27:27 F0 ENRICH] INFO: [cache]   Anshul Kamboj            unknown | unknown
[17:27:27 F0 ENRICH] INFO: [cache]   Mukesh Choudhary         LHB  | Left-arm medium-fast
[17:27:27 F0 ENRICH] INFO: [cache] Mumbai Indians — styles:
[17:27:27 F0 ENRICH] INFO: [cache]   Will Jacks               RHB  | Right-arm off spin
[17:27:27 F0 ENRICH] INFO: [cache]   Ryan Rickelton           LHB  | None
[17:27:27 F0 ENRICH] INFO: [cache]   Suryakumar Yadav         RHB  | None
[17:27:27 F0 ENRICH] INFO: [cache]   Naman Dhir               RHB  | Right-arm off break
[17:27:27 F0 ENRICH] INFO: [cache]   Tilak Varma              LHB  | None
[17:27:27 F0 ENRICH] INFO: [cache]   Hardik Pandya            RHB  | Right-arm medium-fast
[17:27:27 F0 ENRICH] INFO: [cache]   Robin Minz               unknown | unknown
[17:27:27 F0 ENRICH] INFO: [cache]   Trent Boult              LHB  | Left-arm fast
[17:27:27 F0 ENRICH] INFO: [cache]   Krish Bhagat             RHB  | unknown
[17:27:27 F0 ENRICH] INFO: [cache]   Jasprit Bumrah           RHB  | Right-arm fast
[17:27:27 F0 ENRICH] INFO: [cache]   AM Ghazanfar             unknown | unknown
[17:27:27 F0 TEST] INFO: Team variants: ['CH', 'CHE', 'CHENNAI', 'CHENNAI SUPER KINGS', 'CSK', 'IND', 'INDIANS', 'KIN', 'KINGS', 'MI', 'MU', 'MUM', 'MUMBAI', 'MUMBAI INDIANS', 'SUP', 'SUPER']
[OPEN-SCOUT-SIDECAR] writing per-frame JSONL to logs/openscout-69f98c9c.jsonl
[17:27:27 F0 TEST] INFO: [OPEN-SCOUT] enabled (USE_OPEN_SCOUT=1)
[17:27:27 F0 TEST] INFO: Frame source: capture_card (skipping Firefox window discovery)
[L2] Fireworks client init failed: No module named 'openai'
[L2] ready (Qwen-only, post Fix-C) fw=False conf_floor=0.70 suppressed_fields=['bowling_type', 'contact_quality', 'shot_elevation', 'bowling_angle']
[L2] classifier unavailable at boot: fireworks:No module named 'openai' — delivery_info will be 'unknown' until fixed
[OPEN-SCOUT-DELIVERY] note_match disabled for validation run
BallAnalyzer mode: LAYER2 (session=20260503_172728, vlm_frames=5, save_frames=8)
BallAnalyzer frame source: capture_card (device=0)
BallAnalyzer started (window=0, content_y=324)
Moondream warmup SKIPPED (USE_VLM_GROUNDING=0). Set USE_VLM_GROUNDING=1 to re-enable parallel stump-grounding enrichment per delivery.
[17:27:29 F0 TEST] INFO: [BALL ANALYZER] Background capture started (source=capture_card)
[OPEN-SCOUT-DELIVERY] writing validation clips under files/logs/openscout_deliveries/20260503_172728
  [TAGS] tagged_buffer=0 bowlers_end=0 phases(action=0 post=0 other=0 none=0)
[17:27:36 F0 FIELD] INFO: Pitch detected from green mask at (0.73, 0.52) (fallback — will recalibrate from people)
[17:27:36 F0 TEST] INFO: [CACHE] Stale (>30 min old) — ignoring
[17:27:36 F0 TEST] INFO: [CACHE] No cached state found — starting fresh
[17:27:36 F0 TEST] INFO: ============================================================
[17:27:36 F0 TEST] INFO: [CONFIG] Vision:    Scout 17B (single call tag+read)
[17:27:36 F0 TEST] INFO: [CONFIG] Extractor: Groq (Scout 17B → 8B fallback)
[17:27:36 F0 TEST] INFO: [CONFIG] Scorer:    Groq (Scout 17B → 8B fallback)
[17:27:36 F0 TEST] INFO: PIPELINE STARTED — 18000s — NO TEAM ASSUMPTION
[17:27:36 F0 TEST] INFO: ============================================================
[17:27:38 F1 VISION] INFO: [SCOUT] SCOREBOARD 1138ms strip=True overlay=False drs=False cam=closeup phase=between_play digits=False 254 chars
[17:27:38 F1 VISION] INFO: [SCOUT] Preview: {"has_strip": true, "has_overlay_stats": false, "drs_review": false, "camera_view": "closeup", "frame_phase": "between_play", "ball_position": null}
STRIP: KKR 5-0 (0.2) | extras=null | this_over=null
[17:27:38 F1 TEST] INFO: 
=======================================================
[17:27:38 F1 TEST] INFO: [F1] SCOREBOARD — #1
[17:27:38 F1 TEST] INFO:   [V 1150ms] STRIP: KKR 5-0 (0.2) | extras=null | this_over=null | null null(null) | null null(null) | null null(null)
[17:27:39 F1 EXTRACT] INFO: Extracted in 1.4s (llama-4-scout-17b-16e-instruct)
[17:27:39 F1 TEST] INFO:   [E 1375ms] visible_team=None score=None-None (None) target=None rr=None
[17:27:40 F1 SCORER] INFO: Scored in 0.7s (llama-4-scout-17b-16e-instruct)
[17:27:40 F1 TEST] INFO:   [S] Hint: Current batters: None. Bowler: None. Read their stats from the scoreboard.
[17:27:40 F1 TEST] INFO:   No batting team set — skipping all updates
[17:27:40 F1 TEST] INFO:   [S 688ms] Changes: none
[17:27:40 F1 TEST] INFO:   Total: 3213ms (V:1150 E:1375 S:688)
[17:27:40 F1 TEST] INFO:   STATE: ? None-None (None) inn=1 RR=— | Bat: None | Bowl: None
[17:27:40 F1 TEST] INFO: DETAIL|F1|SCOREBOARD|tag=SCOREBOARD|scout=STRIP: KKR 5-0 (0.2) | extras=null | this_over=null | null null(null) | null null(null) | null null(null)|action=—|ext_score=None-None(None)|ext_bat=|ext_bowl=|scorer_changes=[]|yolo=0|BEFORE_score=None-None(None)|BEFORE_bat1=—|BEFORE_bat2=—|BEFORE_bowl=— ?-? (?)|BEFORE_this_over=[]|AFTER_score=None-None(None)|AFTER_bat1=—|AFTER_bat2=—|AFTER_bowl=— ?-? (?)|AFTER_this_over=[]|AFTER_this_over_src=|AFTER_striker=—|AFTER_non=—|AFTER_run_rate=—|AFTER_target=—|AFTER_innings=1|AFTER_partnership=—|AFTER_fow_count=0|AFTER_field=pace_powerplay frozen=False fielders=['slip_1', 'gully', 'point', 'cover', 'mid_off', 'mid_on', 'midwicket', 'square_leg', 'fine_leg']|ball_event=—|ball_event_runs=—|ball_event_over=—|ball_event_extra=—|ball_event_free_hit=—|broadcast_extra=—|dismissal_mode=—|striker_this_ball=—|delivery_length=—|delivery_line=—|delivery_angle=—|delivery_shot=—|delivery_direction=—|delivery_elevation=—|delivery_bounce=—|delivery_dets=0|delivery_method=—|delivery_snap_dets=—|delivery_3layer_dets=—|delivery_det_rate=—|delivery_dir_zone=—|delivery_dir_conf=0|delivery_shot_action=—|delivery_shot_intent=—|delivery_swing=—|delivery_speed_vlm=—|delivery_vlm_conf=—|delivery_vlm_ms=—|speed_kph=—|venue=—|batting_team=—|match_info=—|completed_over=—|completed_over_runs=—|drs_state=NONE|corrections=none|lat_vision=1150|lat_extract=1375|lat_scorer=688|lat_field=94|lat_comm=0|lat_code=0|lat_total=3232|comm_bowler=—|comm_wire=—|comm_storyteller=—|comm_analyst=—|comm_colour=—|comm_wire_ms=0|comm_story_ms=0|comm_analyst_ms=0|comm_colour_ms=0
[17:27:43 F2 VISION] INFO: [SCOUT] GRAPHIC 870ms strip=True overlay=True drs=False cam=closeup phase=between_play digits=True 589 chars
[17:27:43 F2 TEST] INFO: 
=======================================================
[17:27:43 F2 TEST] INFO: [F2] GRAPHIC — #2
[17:27:43 F2 TEST] INFO:   [V 874ms] STRIP: KKR 5-0 (0.2) | extras=null | this_over=null | null null(null)(null) | null null(null)(null) | null null-null (null)

INFO_PANEL: SRH BATTING TODAY v KKR | FIRST 9 OVERS: 105 RUNS, 2 WICKETS, RUN RATE: 11.7 | LAST 10 OVERS: 60 RUNS, 8 WICKETS,
[17:27:43 F2 EXTRACT] INFO: Extracted in 0.7s (llama-4-scout-17b-16e-instruct)
[17:27:43 F2 TEST] INFO:   [GRAPHIC-FILTER] GRAPHIC frame — rejecting extractor score path upstream of poison delta (frame_type=GRAPHIC raw_score=None raw_wkts=None raw_overs=None; classification_conf=n/a)
[17:27:43 F2 TEST] INFO:   [GUARD] GRAPHIC frame — player stats stripped, score mismatch → poisoned (score fields cleared)
[17:27:43 F2 TEST] INFO:   [E 668ms] visible_team=None score=None-None (None) target=None rr=None
[17:27:44 F2 SCORER] INFO: Scored in 0.6s (llama-4-scout-17b-16e-instruct)
[17:27:44 F2 TEST] INFO:   [S] Hint: Current batters: None and None. Bowler: None. Read their stats from the scoreboard.
[17:27:44 F2 TEST] INFO:   [S 598ms] Changes: ['FRAME_POISONED:None']
[17:27:44 F2 TEST] INFO:   Total: 2140ms (V:874 E:668 S:598)
[17:27:44 F2 TEST] INFO:   STATE: ? None-None (None) inn=1 RR=— | Bat: None | Bowl: None
[17:27:44 F2 TEST] INFO: DETAIL|F2|GRAPHIC|tag=GRAPHIC|scout=STRIP: KKR 5-0 (0.2) | extras=null | this_over=null | null null(null)(null) | null null(null)(null) | null null-null (nu|action=—|ext_score=None-None(None)|ext_bat=|ext_bowl=|scorer_changes=['FRAME_POISONED:None']|yolo=0|BEFORE_score=None-None(None)|BEFORE_bat1=—|BEFORE_bat2=—|BEFORE_bowl=— ?-? (?)|BEFORE_this_over=[]|AFTER_score=None-None(None)|AFTER_bat1=—|AFTER_bat2=—|AFTER_bowl=— ?-? (?)|AFTER_this_over=[]|AFTER_this_over_src=|AFTER_striker=—|AFTER_non=—|AFTER_run_rate=—|AFTER_target=—|AFTER_innings=1|AFTER_partnership=—|AFTER_fow_count=0|AFTER_field=pace_powerplay frozen=False fielders=['slip_1', 'gully', 'point', 'cover', 'mid_off', 'mid_on', 'midwicket', 'square_leg', 'fine_leg']|ball_event=—|ball_event_runs=—|ball_event_over=—|ball_event_extra=—|ball_event_free_hit=—|broadcast_extra=—|dismissal_mode=—|striker_this_ball=—|delivery_length=—|delivery_line=—|delivery_angle=—|delivery_shot=—|delivery_direction=—|delivery_elevation=—|delivery_bounce=—|delivery_dets=0|delivery_method=—|delivery_snap_dets=—|delivery_3layer_dets=—|delivery_det_rate=—|delivery_dir_zone=—|delivery_dir_conf=0|delivery_shot_action=—|delivery_shot_intent=—|delivery_swing=—|delivery_speed_vlm=—|delivery_vlm_conf=—|delivery_vlm_ms=—|speed_kph=—|venue=—|batting_team=—|match_info=—|completed_over=—|completed_over_runs=—|drs_state=NONE|corrections=none|lat_vision=874|lat_extract=668|lat_scorer=598|lat_field=95|lat_comm=0|lat_code=0|lat_total=2142|comm_bowler=—|comm_wire=—|comm_storyteller=—|comm_analyst=—|comm_colour=—|comm_wire_ms=0|comm_story_ms=0|comm_analyst_ms=0|comm_colour_ms=0
[17:27:47 F3 VISION] INFO: [SCOUT] GRAPHIC 900ms strip=True overlay=True drs=False cam=closeup phase=between_play digits=True 524 chars
[17:27:47 F3 TEST] INFO: 
=======================================================
[17:27:47 F3 TEST] INFO: [F3] GRAPHIC — #3
[17:27:47 F3 TEST] INFO:   [V 903ms] STRIP: KKR 5-0 (0.2) | extras=null | this_over=null | null null(null) | null null(null) | null null(null)

INFO_PANEL: SRH BATTING TODAY V KKR FIRST 9 OVERS 105 WICKETS 2 RUN RATE 11.7 LAST 10 OVERS 60 WICKETS 8 RUN RATE 6.0
SPEED: null
EXTRA: null
T
[17:27:48 F3 EXTRACT] INFO: Extracted in 1.1s (llama-4-scout-17b-16e-instruct)
[17:27:48 F3 TEST] INFO:   [GRAPHIC-FILTER] GRAPHIC frame — rejecting extractor score path upstream of poison delta (frame_type=GRAPHIC raw_score=None raw_wkts=None raw_overs=None; classification_conf=n/a)
[17:27:48 F3 TEST] INFO:   [GUARD] GRAPHIC frame — player stats stripped, score mismatch → poisoned (score fields cleared)
[17:27:48 F3 TEST] INFO:   [E 1088ms] visible_team=None score=None-None (None) target=None rr=None
[17:27:49 F3 SCORER] INFO: Scored in 0.6s (llama-4-scout-17b-16e-instruct)
[17:27:49 F3 TEST] INFO:   [S] Hint: Current batters: None and None. Bowler: None. Read their stats from the scoreboard.
[17:27:49 F3 TEST] INFO:   [S 593ms] Changes: ['FRAME_POISONED:None']
[17:27:49 F3 TEST] INFO:   Total: 2584ms (V:903 E:1088 S:593)
[17:27:49 F3 TEST] INFO:   STATE: ? None-None (None) inn=1 RR=— | Bat: None | Bowl: None
[17:27:49 F3 TEST] INFO: DETAIL|F3|GRAPHIC|tag=GRAPHIC|scout=STRIP: KKR 5-0 (0.2) | extras=null | this_over=null | null null(null) | null null(null) | null null(null)  INFO_PANEL: S|action=—|ext_score=None-None(None)|ext_bat=|ext_bowl=|scorer_changes=['FRAME_POISONED:None']|yolo=3|BEFORE_score=None-None(None)|BEFORE_bat1=—|BEFORE_bat2=—|BEFORE_bowl=— ?-? (?)|BEFORE_this_over=[]|AFTER_score=None-None(None)|AFTER_bat1=—|AFTER_bat2=—|AFTER_bowl=— ?-? (?)|AFTER_this_over=[]|AFTER_this_over_src=|AFTER_striker=—|AFTER_non=—|AFTER_run_rate=—|AFTER_target=—|AFTER_innings=1|AFTER_partnership=—|AFTER_fow_count=0|AFTER_field=pace_powerplay frozen=False fielders=['slip_1', 'gully', 'point', 'cover', 'mid_off', 'mid_on', 'midwicket', 'square_leg', 'fine_leg']|ball_event=—|ball_event_runs=—|ball_event_over=—|ball_event_extra=—|ball_event_free_hit=—|broadcast_extra=—|dismissal_mode=—|striker_this_ball=—|delivery_length=—|delivery_line=—|delivery_angle=—|delivery_shot=—|delivery_direction=—|delivery_elevation=—|delivery_bounce=—|delivery_dets=0|delivery_method=—|delivery_snap_dets=—|delivery_3layer_dets=—|delivery_det_rate=—|delivery_dir_zone=—|delivery_dir_conf=0|delivery_shot_action=—|delivery_shot_intent=—|delivery_swing=—|delivery_speed_vlm=—|delivery_vlm_conf=—|delivery_vlm_ms=—|speed_kph=—|venue=—|batting_team=—|match_info=—|completed_over=—|completed_over_runs=—|drs_state=NONE|corrections=none|lat_vision=903|lat_extract=1088|lat_scorer=593|lat_field=152|lat_comm=0|lat_code=0|lat_total=2586|comm_bowler=—|comm_wire=—|comm_storyteller=—|comm_analyst=—|comm_colour=—|comm_wire_ms=0|comm_story_ms=0|comm_analyst_ms=0|comm_colour_ms=0
[17:27:52 F4 VISION] INFO: [SCOUT] SCOREBOARD 788ms strip=True overlay=False drs=False cam=closeup phase=between_play digits=False 432 chars
[17:27:52 F4 VISION] INFO: [SCOUT] Preview: {"has_strip": true, "has_overlay_stats": false, "drs_review": false, "camera_view": "closeup", "frame_phase": "between_play", "ball_position": null}

STRIP: KKR 5-0 (0.2) | extras=null | this_over=nul
[17:27:52 F4 TEST] INFO: 
=======================================================
[17:27:52 F4 TEST] INFO: [F4] SCOREBOARD — #4
[17:27:52 F4 TEST] INFO:   [V 792ms] STRIP: KKR 5-0 (0.2) | extras=null | this_over=null | null null(null) | null null(null) | null null(null)

INFO_PANEL: null
SPEED: null
EXTRA: null
THIS OVER: null
FULL SCORECARD: null

The player is walking on the field, likely discussing strategies
[17:27:53 F4 EXTRACT] INFO: Extracted in 1.0s (llama-4-scout-17b-16e-instruct)
[17:27:53 F4 TEST] INFO:   [GRAPHIC-FILTER] overlay window active (remaining=4) — poisoning strip read
[17:27:53 F4 TEST] INFO:   [E 984ms] visible_team=None score=None-None (None) target=None rr=None
[17:27:53 F4 SCORER] INFO: Scored in 0.6s (llama-4-scout-17b-16e-instruct)
[17:27:53 F4 TEST] INFO:   [S] Hint: Current batters: None. Bowler: None. Read their stats from the scoreboard.
[17:27:53 F4 TEST] INFO:   [S 588ms] Changes: ['FRAME_POISONED:None']
[17:27:53 F4 TEST] INFO:   Total: 2365ms (V:792 E:984 S:588)
[17:27:53 F4 TEST] INFO:   STATE: ? None-None (None) inn=1 RR=— | Bat: None | Bowl: None
[17:27:53 F4 TEST] INFO: DETAIL|F4|SCOREBOARD|tag=SCOREBOARD|scout=STRIP: KKR 5-0 (0.2) | extras=null | this_over=null | null null(null) | null null(null) | null null(null)  INFO_PANEL: n|action=—|ext_score=None-None(None)|ext_bat=|ext_bowl=|scorer_changes=['FRAME_POISONED:None']|yolo=0|BEFORE_score=None-None(None)|BEFORE_bat1=—|BEFORE_bat2=—|BEFORE_bowl=— ?-? (?)|BEFORE_this_over=[]|AFTER_score=None-None(None)|AFTER_bat1=—|AFTER_bat2=—|AFTER_bowl=— ?-? (?)|AFTER_this_over=[]|AFTER_this_over_src=|AFTER_striker=—|AFTER_non=—|AFTER_run_rate=—|AFTER_target=—|AFTER_innings=1|AFTER_partnership=—|AFTER_fow_count=0|AFTER_field=pace_powerplay frozen=False fielders=['slip_1', 'gully', 'point', 'cover', 'mid_off', 'mid_on', 'midwicket', 'square_leg', 'fine_leg']|ball_event=—|ball_event_runs=—|ball_event_over=—|ball_event_extra=—|ball_event_free_hit=—|broadcast_extra=—|dismissal_mode=—|striker_this_ball=—|delivery_length=—|delivery_line=—|delivery_angle=—|delivery_shot=—|delivery_direction=—|delivery_elevation=—|delivery_bounce=—|delivery_dets=0|delivery_method=—|delivery_snap_dets=—|delivery_3layer_dets=—|delivery_det_rate=—|delivery_dir_zone=—|delivery_dir_conf=0|delivery_shot_action=—|delivery_shot_intent=—|delivery_swing=—|delivery_speed_vlm=—|delivery_vlm_conf=—|delivery_vlm_ms=—|speed_kph=—|venue=—|batting_team=—|match_info=—|completed_over=—|completed_over_runs=—|drs_state=NONE|corrections=none|lat_vision=792|lat_extract=984|lat_scorer=588|lat_field=254|lat_comm=0|lat_code=0|lat_total=2367|comm_bowler=—|comm_wire=—|comm_storyteller=—|comm_analyst=—|comm_colour=—|comm_wire_ms=0|comm_story_ms=0|comm_analyst_ms=0|comm_colour_ms=0
[17:27:56 F5 VISION] INFO: [SCOUT] GRAPHIC 858ms strip=True overlay=True drs=False cam=closeup phase=between_play digits=True 599 chars
[17:27:56 F5 TEST] INFO: 
=======================================================
[17:27:56 F5 TEST] INFO: [F5] GRAPHIC — #5
[17:27:56 F5 TEST] INFO:   [V 862ms] STRIP: KKR 5-0 (0.2) | extras=null | this_over=null | null null(null) | null null(null) | null null-null (null)

INFO_PANEL: SRH BATTING TODAY v KKR | FIRST 9 OVERS RUNS 105 WICKETS 2 RUN RATE 11.7 | LAST 10 OVERS RUNS 60 WICKETS 8 RUN RATE 6.0
SPEED
[17:27:57 F5 EXTRACT] INFO: Extracted in 1.0s (llama-4-scout-17b-16e-instruct)
[17:27:57 F5 TEST] INFO:   [GRAPHIC-FILTER] GRAPHIC frame — rejecting extractor score path upstream of poison delta (frame_type=GRAPHIC raw_score=None raw_wkts=None raw_overs=None; classification_conf=n/a)
[17:27:57 F5 TEST] INFO:   [GUARD] GRAPHIC frame — player stats stripped, score mismatch → poisoned (score fields cleared)
[17:27:57 F5 TEST] INFO:   [E 1041ms] visible_team=None score=None-None (None) target=None rr=None
[17:27:58 F5 SCORER] INFO: Scored in 0.8s (llama-4-scout-17b-16e-instruct)
[17:27:58 F5 TEST] INFO:   [S] Hint: Current batters: None. Bowler: None. Read their stats from the scoreboard.
[17:27:58 F5 TEST] INFO:   [S 790ms] Changes: ['FRAME_POISONED:None']
[17:27:58 F5 TEST] INFO:   Total: 2694ms (V:862 E:1041 S:790)
[17:27:58 F5 TEST] INFO:   STATE: ? None-None (None) inn=1 RR=— | Bat: None | Bowl: None
[17:27:58 F5 TEST] INFO: DETAIL|F5|GRAPHIC|tag=GRAPHIC|scout=STRIP: KKR 5-0 (0.2) | extras=null | this_over=null | null null(null) | null null(null) | null null-null (null)  INFO_PA|action=—|ext_score=None-None(None)|ext_bat=|ext_bowl=|scorer_changes=['FRAME_POISONED:None']|yolo=0|BEFORE_score=None-None(None)|BEFORE_bat1=—|BEFORE_bat2=—|BEFORE_bowl=— ?-? (?)|BEFORE_this_over=[]|AFTER_score=None-None(None)|AFTER_bat1=—|AFTER_bat2=—|AFTER_bowl=— ?-? (?)|AFTER_this_over=[]|AFTER_this_over_src=|AFTER_striker=—|AFTER_non=—|AFTER_run_rate=—|AFTER_target=—|AFTER_innings=1|AFTER_partnership=—|AFTER_fow_count=0|AFTER_field=pace_powerplay frozen=False fielders=['slip_1', 'gully', 'point', 'cover', 'mid_off', 'mid_on', 'midwicket', 'square_leg', 'fine_leg']|ball_event=—|ball_event_runs=—|ball_event_over=—|ball_event_extra=—|ball_event_free_hit=—|broadcast_extra=—|dismissal_mode=—|striker_this_ball=—|delivery_length=—|delivery_line=—|delivery_angle=—|delivery_shot=—|delivery_direction=—|delivery_elevation=—|delivery_bounce=—|delivery_dets=0|delivery_method=—|delivery_snap_dets=—|delivery_3layer_dets=—|delivery_det_rate=—|delivery_dir_zone=—|delivery_dir_conf=0|delivery_shot_action=—|delivery_shot_intent=—|delivery_swing=—|delivery_speed_vlm=—|delivery_vlm_conf=—|delivery_vlm_ms=—|speed_kph=—|venue=—|batting_team=—|match_info=—|completed_over=—|completed_over_runs=—|drs_state=NONE|corrections=none|lat_vision=862|lat_extract=1041|lat_scorer=790|lat_field=135|lat_comm=0|lat_code=0|lat_total=2696|comm_bowler=—|comm_wire=—|comm_storyteller=—|comm_analyst=—|comm_colour=—|comm_wire_ms=0|comm_story_ms=0|comm_analyst_ms=0|comm_colour_ms=0
  [TAGS] tagged_buffer=0 bowlers_end=0 phases(action=0 post=0 other=0 none=0)
[17:28:01 F6 VISION] INFO: [SCOUT] SCOREBOARD 735ms strip=True overlay=False drs=False cam=graphic phase=graphic digits=False 393 chars
[17:28:01 F6 VISION] INFO: [SCOUT] Preview: {"has_strip": true, "has_overlay_stats": false, "drs_review": false, "camera_view": "graphic", "frame_phase": "graphic", "ball_position": null}

STRIP: KKR 5-0 (0.2) | extras=null | this_over= | Rahan
[17:28:01 F6 TEST] INFO: [F6] SCOREBOARD cam=graphic → dead-time skip (#1)
[17:28:05 F7 VISION] INFO: [SCOUT] SCOREBOARD 750ms strip=True overlay=False drs=False cam=side_on phase=between_play digits=True 426 chars
[17:28:05 F7 TEST] INFO: [F7] cam=side_on → resuming active play after dead-time gap (#1 skipped)
[17:28:05 F7 TEST] INFO: 
=======================================================
[17:28:05 F7 TEST] INFO: [F7] SCOREBOARD — #6
[17:28:05 F7 TEST] INFO:   [V 754ms] STRIP: KKR 5-0 (0.2) | extras=null | this_over= | Rahane 5(2) | Allen 0(0) | Abhishek 0-5 (0.2)

INFO_PANEL: null
SPEED: null
EXTRA: null
THIS OVER: null
FULL SCORECARD: null

The fielder wearing a blue jersey with the number 16 is running towards a 
[17:28:07 F7 EXTRACT] INFO: Extracted in 1.5s (llama-4-scout-17b-16e-instruct)
[17:28:07 F7 BOARD] INFO: [NAME] Exact miss for 'RAHANE', trying fuzzy (0 keys)...
[17:28:07 F7 BOARD] WARN: No match for 'RAHANE'. Closest: []
[17:28:07 F7 BOARD] INFO: [NAME] Exact miss for 'ALLEN', trying fuzzy (0 keys)...
[17:28:07 F7 BOARD] WARN: No match for 'ALLEN'. Closest: []
[17:28:07 F7 BOARD] INFO: [NAME] Exact miss for 'ABHISHEK', trying fuzzy (0 keys)...
[17:28:07 F7 BOARD] WARN: No match for 'ABHISHEK'. Closest: []
[17:28:07 F7 TEST] INFO:   [GRAPHIC-FILTER] overlay window active (remaining=3) — poisoning strip read
[17:28:07 F7 TEST] INFO:   [E 1509ms] visible_team=None score=None-None (None) target=None rr=None
[17:28:07 F7 TEST] INFO:     BAT: Rahane 5(2) 
[17:28:07 F7 TEST] INFO:     BAT: Allen 0(0) 
[17:28:07 F7 TEST] INFO:     BAT: Abhishek None(None) 
[17:28:07 F7 TEST] INFO:     BOWL: Abhishek 0-5 (0.2)
[17:28:07 F7 SCORER] INFO: Scored in 0.9s (llama-4-scout-17b-16e-instruct)
[17:28:07 F7 TEST] INFO:   [S] Hint: Current batters: RAHANE and ALLEN. Bowler: ABHISHEK. Read their stats from the scoreboard.
[17:28:07 F7 TEST] INFO:   [S 852ms] Changes: ['FRAME_POISONED:None']
[17:28:07 F7 TEST] INFO:   Total: 3115ms (V:754 E:1509 S:852)
[17:28:07 F7 TEST] INFO:   STATE: ? None-None (None) inn=1 RR=— | Bat: None | Bowl: None
[17:28:07 F7 TEST] INFO:   [BATTER-ALIGN] ext_batters len=3 — scanning all rows for striker/non match
[17:28:07 F7 TEST] INFO: DETAIL|F7|SCOREBOARD|tag=SCOREBOARD|scout=STRIP: KKR 5-0 (0.2) | extras=null | this_over= | Rahane 5(2) | Allen 0(0) | Abhishek 0-5 (0.2)  INFO_PANEL: null SPEED:|action=—|ext_score=None-None(None)|ext_bat=Rahane 5(2) | Allen 0(0) | Abhishek None(None)|ext_bowl=Abhishek 0-5 (0.2)|scorer_changes=['FRAME_POISONED:None']|yolo=0|BEFORE_score=None-None(None)|BEFORE_bat1=—|BEFORE_bat2=—|BEFORE_bowl=— ?-? (?)|BEFORE_this_over=[]|AFTER_score=None-None(None)|AFTER_bat1=—|AFTER_bat2=—|AFTER_bowl=— ?-? (?)|AFTER_this_over=[]|AFTER_this_over_src=|AFTER_striker=—|AFTER_non=—|AFTER_run_rate=—|AFTER_target=—|AFTER_innings=1|AFTER_partnership=—|AFTER_fow_count=0|AFTER_field=pace_powerplay frozen=False fielders=['slip_1', 'gully', 'point', 'cover', 'mid_off', 'mid_on', 'midwicket', 'square_leg', 'fine_leg']|ball_event=—|ball_event_runs=—|ball_event_over=—|ball_event_extra=—|ball_event_free_hit=—|broadcast_extra=—|dismissal_mode=—|striker_this_ball=—|delivery_length=—|delivery_line=—|delivery_angle=—|delivery_shot=—|delivery_direction=—|delivery_elevation=—|delivery_bounce=—|delivery_dets=0|delivery_method=—|delivery_snap_dets=—|delivery_3layer_dets=—|delivery_det_rate=—|delivery_dir_zone=—|delivery_dir_conf=0|delivery_shot_action=—|delivery_shot_intent=—|delivery_swing=—|delivery_speed_vlm=—|delivery_vlm_conf=—|delivery_vlm_ms=—|speed_kph=—|venue=—|batting_team=—|match_info=—|completed_over=—|completed_over_runs=—|drs_state=NONE|corrections=none|lat_vision=754|lat_extract=1509|lat_scorer=852|lat_field=100|lat_comm=0|lat_code=0|lat_total=3118|comm_bowler=—|comm_wire=—|comm_storyteller=—|comm_analyst=—|comm_colour=—|comm_wire_ms=0|comm_story_ms=0|comm_analyst_ms=0|comm_colour_ms=0
[17:28:10 F8 VISION] INFO: [SCOUT] SCOREBOARD 872ms strip=True overlay=False drs=False cam=closeup phase=between_play digits=True 428 chars
[17:28:10 F8 TEST] INFO: 
=======================================================
[17:28:10 F8 TEST] INFO: [F8] SCOREBOARD — #7
[17:28:10 F8 TEST] INFO:   [V 875ms] STRIP: KKR 6-0 (0.3) | extras=null | this_over=⊙⊙⊙ | RAHANE 5(2) | ALLEN 1(1) | null null-null (null)

INFO_PANEL: null
SPEED: 95.7 
EXTRA: null
THIS OVER: null
FULL SCORECARD: null

The player appears to be adjusting something while looking down, li
[17:28:12 F8 EXTRACT] INFO: Extracted in 1.2s (llama-4-scout-17b-16e-instruct)
[17:28:12 F8 BOARD] INFO: [NAME] Exact miss for 'RAHANE', trying fuzzy (0 keys)...
[17:28:12 F8 BOARD] WARN: No match for 'RAHANE'. Closest: []
[17:28:12 F8 BOARD] INFO: [NAME] Exact miss for 'ALLEN', trying fuzzy (0 keys)...
[17:28:12 F8 BOARD] WARN: No match for 'ALLEN'. Closest: []
[17:28:12 F8 TEST] INFO:   [GRAPHIC-FILTER] overlay window active (remaining=2) — poisoning strip read
[17:28:12 F8 TEST] INFO:   [E 1192ms] visible_team=None score=None-None (None) target=None rr=None
[17:28:12 F8 TEST] INFO:     BAT: RAHANE 5(2) 
[17:28:12 F8 TEST] INFO:     BAT: ALLEN 1(1) 
[17:28:12 F8 SCORER] INFO: Scored in 0.7s (llama-4-scout-17b-16e-instruct)
[17:28:12 F8 TEST] INFO:   [S] Hint: Current batters: RAHANE and ALLEN. Bowler: null. Read their stats from the scoreboard.
[17:28:12 F8 TEST] INFO:   [S 694ms] Changes: ['FRAME_POISONED:None']
[17:28:12 F8 TEST] INFO:   Total: 2762ms (V:875 E:1192 S:694)
[17:28:12 F8 TEST] INFO:   STATE: ? None-None (None) inn=1 RR=— | Bat: None | Bowl: None
[17:28:12 F8 TEST] INFO: DETAIL|F8|SCOREBOARD|tag=SCOREBOARD|scout=STRIP: KKR 6-0 (0.3) | extras=null | this_over=⊙⊙⊙ | RAHANE 5(2) | ALLEN 1(1) | null null-null (null)  INFO_PANEL: null |action=—|ext_score=None-None(None)|ext_bat=RAHANE 5(2) | ALLEN 1(1)|ext_bowl=|scorer_changes=['FRAME_POISONED:None']|yolo=0|BEFORE_score=None-None(None)|BEFORE_bat1=—|BEFORE_bat2=—|BEFORE_bowl=— ?-? (?)|BEFORE_this_over=[]|AFTER_score=None-None(None)|AFTER_bat1=—|AFTER_bat2=—|AFTER_bowl=— ?-? (?)|AFTER_this_over=[]|AFTER_this_over_src=|AFTER_striker=—|AFTER_non=—|AFTER_run_rate=—|AFTER_target=—|AFTER_innings=1|AFTER_partnership=—|AFTER_fow_count=0|AFTER_field=pace_powerplay frozen=False fielders=['slip_1', 'gully', 'point', 'cover', 'mid_off', 'mid_on', 'midwicket', 'square_leg', 'fine_leg']|ball_event=—|ball_event_runs=—|ball_event_over=—|ball_event_extra=—|ball_event_free_hit=—|broadcast_extra=—|dismissal_mode=—|striker_this_ball=—|delivery_length=—|delivery_line=—|delivery_angle=—|delivery_shot=—|delivery_direction=—|delivery_elevation=—|delivery_bounce=—|delivery_dets=0|delivery_method=—|delivery_snap_dets=—|delivery_3layer_dets=—|delivery_det_rate=—|delivery_dir_zone=—|delivery_dir_conf=0|delivery_shot_action=—|delivery_shot_intent=—|delivery_swing=—|delivery_speed_vlm=—|delivery_vlm_conf=—|delivery_vlm_ms=—|speed_kph=—|venue=—|batting_team=—|match_info=—|completed_over=—|completed_over_runs=—|drs_state=NONE|corrections=none|lat_vision=875|lat_extract=1192|lat_scorer=694|lat_field=100|lat_comm=0|lat_code=0|lat_total=2764|comm_bowler=—|comm_wire=—|comm_storyteller=—|comm_analyst=—|comm_colour=—|comm_wire_ms=0|comm_story_ms=0|comm_analyst_ms=0|comm_colour_ms=0
[17:28:15 F9 VISION] INFO: [SCOUT] SCOREBOARD 935ms strip=True overlay=False drs=False cam=closeup phase=between_play digits=False 501 chars
[17:28:15 F9 VISION] INFO: [SCOUT] Preview: {"has_strip": true, "has_overlay_stats": false, "drs_review": false, "camera_view": "closeup", "frame_phase": "between_play", "ball_position": null}

STRIP: KKR 6-0 (0.3) | extras=null | this_over= > 
[17:28:15 F9 TEST] INFO: 
=======================================================
[17:28:15 F9 TEST] INFO: [F9] SCOREBOARD — #8
[17:28:15 F9 TEST] INFO:   [V 939ms] STRIP: KKR 6-0 (0.3) | extras=null | this_over= > RAHANE 5(2) | ALLEN 1(1) | Abhishek 0-6 (0.3)

INFO_PANEL: null
SPEED: null
EXTRA: null
THIS OVER: null
FULL SCORECARD: null

The camera shows a close-up of a player, likely a captain or coach, wearin
[17:28:17 F9 EXTRACT] INFO: Extracted in 1.3s (llama-4-scout-17b-16e-instruct)
[17:28:17 F9 BOARD] INFO: [NAME] Exact miss for 'RAHANE', trying fuzzy (0 keys)...
[17:28:17 F9 BOARD] WARN: No match for 'RAHANE'. Closest: []
[17:28:17 F9 BOARD] INFO: [NAME] Exact miss for 'ALLEN', trying fuzzy (0 keys)...
[17:28:17 F9 BOARD] WARN: No match for 'ALLEN'. Closest: []
[17:28:17 F9 BOARD] INFO: [NAME] Exact miss for 'ABHISHEK', trying fuzzy (0 keys)...
[17:28:17 F9 BOARD] WARN: No match for 'ABHISHEK'. Closest: []
[17:28:17 F9 TEST] INFO:   [GRAPHIC-FILTER] overlay window active (remaining=1) — poisoning strip read
[17:28:17 F9 TEST] WARN:   [STRIP-OVERLAY-DETECTED] frame=F9 reason=sentinel sentinel=' > ' popped=batters
[17:28:17 F9 TEST] INFO:   [E 1288ms] visible_team=None score=None-None (None) target=None rr=None
[17:28:17 F9 TEST] INFO:     BOWL: Abhishek 0-6 (0.3)
[17:28:18 F9 SCORER] INFO: Scored in 1.2s (llama-4-scout-17b-16e-instruct)
[17:28:18 F9 TEST] INFO:   [S] Hint: Current batters: RAHANE and ALLEN. Bowler: ABHISEEK. Read their stats from the scoreboard.
[17:28:18 F9 TEST] INFO:   [S 1164ms] Changes: ['FRAME_POISONED:None']
[17:28:18 F9 TEST] INFO:   Total: 3392ms (V:939 E:1288 S:1164)
[17:28:18 F9 TEST] INFO:   STATE: ? None-None (None) inn=1 RR=— | Bat: None | Bowl: None
[17:28:18 F9 TEST] INFO: DETAIL|F9|SCOREBOARD|tag=SCOREBOARD|scout=STRIP: KKR 6-0 (0.3) | extras=null | this_over= > RAHANE 5(2) | ALLEN 1(1) | Abhishek 0-6 (0.3)  INFO_PANEL: null SPEED:|action=—|ext_score=None-None(None)|ext_bat=|ext_bowl=Abhishek 0-6 (0.3)|scorer_changes=['FRAME_POISONED:None']|yolo=3|BEFORE_score=None-None(None)|BEFORE_bat1=—|BEFORE_bat2=—|BEFORE_bowl=— ?-? (?)|BEFORE_this_over=[]|AFTER_score=None-None(None)|AFTER_bat1=—|AFTER_bat2=—|AFTER_bowl=— ?-? (?)|AFTER_this_over=[]|AFTER_this_over_src=|AFTER_striker=—|AFTER_non=—|AFTER_run_rate=—|AFTER_target=—|AFTER_innings=1|AFTER_partnership=—|AFTER_fow_count=0|AFTER_field=pace_powerplay frozen=True fielders=['slip_1', 'gully', 'point', 'cover', 'mid_off', 'mid_on', 'midwicket', 'square_leg', 'fine_leg']|ball_event=—|ball_event_runs=—|ball_event_over=—|ball_event_extra=—|ball_event_free_hit=—|broadcast_extra=—|dismissal_mode=—|striker_this_ball=—|delivery_length=—|delivery_line=—|delivery_angle=—|delivery_shot=—|delivery_direction=—|delivery_elevation=—|delivery_bounce=—|delivery_dets=0|delivery_method=—|delivery_snap_dets=—|delivery_3layer_dets=—|delivery_det_rate=—|delivery_dir_zone=—|delivery_dir_conf=0|delivery_shot_action=—|delivery_shot_intent=—|delivery_swing=—|delivery_speed_vlm=—|delivery_vlm_conf=—|delivery_vlm_ms=—|speed_kph=—|venue=—|batting_team=—|match_info=—|completed_over=—|completed_over_runs=—|drs_state=NONE|corrections=none|lat_vision=939|lat_extract=1288|lat_scorer=1164|lat_field=160|lat_comm=0|lat_code=0|lat_total=3394|comm_bowler=—|comm_wire=—|comm_storyteller=—|comm_analyst=—|comm_colour=—|comm_wire_ms=0|comm_story_ms=0|comm_analyst_ms=0|comm_colour_ms=0
[17:28:21 F10 VISION] INFO: [SCOUT] SCOREBOARD 1021ms strip=True overlay=False drs=False cam=closeup phase=between_play digits=False 407 chars
[17:28:21 F10 VISION] INFO: [SCOUT] Preview: {"has_strip": true, "has_overlay_stats": false, "drs_review": false, "camera_view": "closeup", "frame_phase": "between_play", "ball_position": null}

STRIP: KKR 6-0 (0.3) | extras=null | this_over=⊙⊙⊙
[17:28:21 F10 TEST] INFO: 
=======================================================
[17:28:21 F10 TEST] INFO: [F10] SCOREBOARD — #9
[17:28:21 F10 TEST] INFO:   [V 1025ms] STRIP: KKR 6-0 (0.3) | extras=null | this_over=⊙⊙⊙ | RAHANE 5(2) | ALLEN 1(1) | ABHISHEK 0-6 (0.3)

INFO_PANEL: null
SPEED: null
EXTRA: null
THIS OVER: null
FULL SCORECARD: null

The fielder, likely the captain, is directing or communicating with tea
[17:28:22 F10 EXTRACT] INFO: Extracted in 1.4s (llama-4-scout-17b-16e-instruct)
[17:28:22 F10 BOARD] INFO: [NAME] Exact miss for 'RAHANE', trying fuzzy (0 keys)...
[17:28:22 F10 BOARD] WARN: No match for 'RAHANE'. Closest: []
[17:28:22 F10 BOARD] INFO: [NAME] Exact miss for 'ALLEN', trying fuzzy (0 keys)...
[17:28:22 F10 BOARD] WARN: No match for 'ALLEN'. Closest: []
[17:28:22 F10 BOARD] INFO: [NAME] Exact miss for 'ABHISHEK', trying fuzzy (0 keys)...
[17:28:22 F10 BOARD] WARN: No match for 'ABHISHEK'. Closest: []
[17:28:22 F10 TEST] INFO:   [E 1375ms] visible_team=None score=None-None (None) target=None rr=None
[17:28:22 F10 TEST] INFO:     BAT: RAHANE 5(2) 
[17:28:22 F10 TEST] INFO:     BAT: ALLEN 1(1) 
[17:28:22 F10 TEST] INFO:     BAT: ABHISHEK 0(None) 
[17:28:22 F10 TEST] INFO:     BOWL: ABHISHEK 0-6 (0.3)
[17:28:23 F10 SCORER] INFO: Scored in 0.9s (llama-4-scout-17b-16e-instruct)
[17:28:23 F10 TEST] INFO:   [S] Hint: Current batters: RAHANE, ALLEN. Bowler: ABHISHEK
[17:28:23 F10 TEST] INFO:   No batting team set — skipping all updates
[17:28:23 F10 TEST] INFO:   [S 902ms] Changes: none
[17:28:23 F10 TEST] INFO:   Total: 3301ms (V:1025 E:1375 S:902)
[17:28:23 F10 TEST] INFO:   STATE: ? None-None (None) inn=1 RR=— | Bat: None | Bowl: None
[17:28:23 F10 TEST] INFO:   [BATTER-ALIGN] ext_batters len=3 — scanning all rows for striker/non match
[17:28:23 F10 TEST] INFO: DETAIL|F10|SCOREBOARD|tag=SCOREBOARD|scout=STRIP: KKR 6-0 (0.3) | extras=null | this_over=⊙⊙⊙ | RAHANE 5(2) | ALLEN 1(1) | ABHISHEK 0-6 (0.3)  INFO_PANEL: null SPE|action=—|ext_score=None-None(None)|ext_bat=RAHANE 5(2) | ALLEN 1(1) | ABHISHEK 0(None)|ext_bowl=ABHISHEK 0-6 (0.3)|scorer_changes=[]|yolo=0|BEFORE_score=None-None(None)|BEFORE_bat1=—|BEFORE_bat2=—|BEFORE_bowl=— ?-? (?)|BEFORE_this_over=[]|AFTER_score=None-None(None)|AFTER_bat1=—|AFTER_bat2=—|AFTER_bowl=— ?-? (?)|AFTER_this_over=[]|AFTER_this_over_src=|AFTER_striker=—|AFTER_non=—|AFTER_run_rate=—|AFTER_target=—|AFTER_innings=1|AFTER_partnership=—|AFTER_fow_count=0|AFTER_field=pace_powerplay frozen=True fielders=['slip_1', 'gully', 'point', 'cover', 'mid_off', 'mid_on', 'midwicket', 'square_leg', 'fine_leg']|ball_event=—|ball_event_runs=—|ball_event_over=—|ball_event_extra=—|ball_event_free_hit=—|broadcast_extra=—|dismissal_mode=—|striker_this_ball=—|delivery_length=—|delivery_line=—|delivery_angle=—|delivery_shot=—|delivery_direction=—|delivery_elevation=—|delivery_bounce=—|delivery_dets=0|delivery_method=—|delivery_snap_dets=—|delivery_3layer_dets=—|delivery_det_rate=—|delivery_dir_zone=—|delivery_dir_conf=0|delivery_shot_action=—|delivery_shot_intent=—|delivery_swing=—|delivery_speed_vlm=—|delivery_vlm_conf=—|delivery_vlm_ms=—|speed_kph=—|venue=—|batting_team=—|match_info=—|completed_over=—|completed_over_runs=—|drs_state=NONE|corrections=none|lat_vision=1025|lat_extract=1375|lat_scorer=902|lat_field=76|lat_comm=0|lat_code=0|lat_total=3306|comm_bowler=—|comm_wire=—|comm_storyteller=—|comm_analyst=—|comm_colour=—|comm_wire_ms=0|comm_story_ms=0|comm_analyst_ms=0|comm_colour_ms=0
[17:28:26 F11 VISION] INFO: [SCOUT] SCOREBOARD 891ms strip=True overlay=False drs=False cam=bowlers_end phase=release digits=False 386 chars
[17:28:26 F11 VISION] INFO: [SCOUT] Preview: {"has_strip": true, "has_overlay_stats": false, "drs_review": false, "camera_view": "bowlers_end", "frame_phase": "release", "ball_position": null}

STRIP: KKR 6-0 (0.3) | extras=null | this_over= | R
[17:28:26 F11 TEST] INFO: 
=======================================================
[17:28:26 F11 TEST] INFO: [F11] SCOREBOARD — #10
[17:28:26 F11 TEST] INFO:   [V 896ms] STRIP: KKR 6-0 (0.3) | extras=null | this_over= | RAHANE 5(2) | ALLEN 1(1) | ABHISHEK 0-6 (0.3)

INFO_PANEL: null
SPEED: null
EXTRA: null
THIS OVER: null
FULL SCORECARD: null

The bowler, Abhishek, is bowling the first over of the match.
[17:28:28 F11 EXTRACT] INFO: Extracted in 1.1s (llama-4-scout-17b-16e-instruct)
[17:28:28 F11 BOARD] INFO: [NAME] Exact miss for 'RAHANE', trying fuzzy (0 keys)...
[17:28:28 F11 BOARD] WARN: No match for 'RAHANE'. Closest: []
[17:28:28 F11 BOARD] INFO: [NAME] Exact miss for 'ALLEN', trying fuzzy (0 keys)...
[17:28:28 F11 BOARD] WARN: No match for 'ALLEN'. Closest: []
[17:28:28 F11 TEST] INFO:   [E 1150ms] visible_team=None score=6-0 (0.3) target=None rr=None
[17:28:28 F11 TEST] INFO:     BAT: RAHANE 5(2) 
[17:28:28 F11 TEST] INFO:     BAT: ALLEN 1(1) 
[17:28:28 F11 TEST] INFO:     BOWL: ABHISHEK 0-6 (0.3)
[17:28:28 F11 TEST] INFO:   [SCORE-CAP-SUPPRESS-NARROW] DIRECT cap suppressed — cur=None recovery_until=0 frame=11
[17:28:28 F11 SCORER] INFO: Scored in 0.9s (llama-4-scout-17b-16e-instruct)
[17:28:28 F11 TEST] INFO:   [S] Hint: Current batters: RAHANE and ALLEN. Bowler: ABHISHEK. Read their stats from the scoreboard.
[17:28:28 F11 TEST] INFO:   No batting team set — skipping all updates
[17:28:28 F11 TEST] INFO:   [S 912ms] Changes: none
[17:28:28 F11 TEST] INFO:   Total: 2958ms (V:896 E:1150 S:912)
[17:28:28 F11 TEST] INFO:   STATE: ? None-None (None) inn=1 RR=— | Bat: None | Bowl: None
[17:28:28 F11 TEST] INFO: DETAIL|F11|SCOREBOARD|tag=SCOREBOARD|scout=STRIP: KKR 6-0 (0.3) | extras=null | this_over= | RAHANE 5(2) | ALLEN 1(1) | ABHISHEK 0-6 (0.3)  INFO_PANEL: null SPEED:|action=—|ext_score=6-0(0.3)|ext_bat=RAHANE 5(2) | ALLEN 1(1)|ext_bowl=ABHISHEK 0-6 (0.3)|scorer_changes=[]|yolo=5|BEFORE_score=None-None(None)|BEFORE_bat1=—|BEFORE_bat2=—|BEFORE_bowl=— ?-? (?)|BEFORE_this_over=[]|AFTER_score=None-None(None)|AFTER_bat1=—|AFTER_bat2=—|AFTER_bowl=— ?-? (?)|AFTER_this_over=[]|AFTER_this_over_src=|AFTER_striker=—|AFTER_non=—|AFTER_run_rate=—|AFTER_target=—|AFTER_innings=1|AFTER_partnership=—|AFTER_fow_count=0|AFTER_field=pace_powerplay frozen=True fielders=['slip_1', 'gully', 'point', 'cover', 'mid_off', 'mid_on', 'midwicket', 'square_leg', 'fine_leg']|ball_event=—|ball_event_runs=—|ball_event_over=—|ball_event_extra=—|ball_event_free_hit=—|broadcast_extra=—|dismissal_mode=—|striker_this_ball=—|delivery_length=—|delivery_line=—|delivery_angle=—|delivery_shot=—|delivery_direction=—|delivery_elevation=—|delivery_bounce=—|delivery_dets=0|delivery_method=—|delivery_snap_dets=—|delivery_3layer_dets=—|delivery_det_rate=—|delivery_dir_zone=—|delivery_dir_conf=0|delivery_shot_action=—|delivery_shot_intent=—|delivery_swing=—|delivery_speed_vlm=—|delivery_vlm_conf=—|delivery_vlm_ms=—|speed_kph=—|venue=—|batting_team=—|match_info=—|completed_over=—|completed_over_runs=—|drs_state=NONE|corrections=none|lat_vision=896|lat_extract=1150|lat_scorer=912|lat_field=130|lat_comm=0|lat_code=0|lat_total=2961|comm_bowler=—|comm_wire=—|comm_storyteller=—|comm_analyst=—|comm_colour=—|comm_wire_ms=0|comm_story_ms=0|comm_analyst_ms=0|comm_colour_ms=0
  [TAGS] tagged_buffer=2 bowlers_end=1 phases(action=1 post=0 other=1 none=0)
[17:28:30 F12 VISION] INFO: [SCOUT] SCOREBOARD 1021ms strip=True overlay=False drs=False cam=bowlers_end phase=between_play digits=False 411 chars
[17:28:30 F12 VISION] INFO: [SCOUT] Preview: {"has_strip": true, "has_overlay_stats": false, "drs_review": false, "camera_view": "bowlers_end", "frame_phase": "between_play", "ball_position": null}
STRIP: KKR 6-0 (0.3) | extras=null | this_over=
[17:28:30 F12 TEST] INFO: 
=======================================================
[17:28:30 F12 TEST] INFO: [F12] SCOREBOARD — #11
[17:28:30 F12 TEST] INFO:   [V 1025ms] STRIP: KKR 6-0 (0.3) | extras=null | this_over=○○○ | RAHANE 5(2) | ALLEN 1(1) | ABHISHEK 0-6 (0.3)
INFO_PANEL: null
SPEED: null
EXTRA: null
THIS OVER: null
FULL SCORECARD: null
[17:28:31 F12 EXTRACT] INFO: Extracted in 1.1s (llama-4-scout-17b-16e-instruct)
[17:28:31 F12 BOARD] INFO: [NAME] Exact miss for 'RAHANE', trying fuzzy (0 keys)...
[17:28:31 F12 BOARD] WARN: No match for 'RAHANE'. Closest: []
[17:28:31 F12 BOARD] INFO: [NAME] Exact miss for 'ALLEN', trying fuzzy (0 keys)...
[17:28:31 F12 BOARD] WARN: No match for 'ALLEN'. Closest: []
[17:28:31 F12 TEST] INFO:   [E 1076ms] visible_team=None score=6-0 (0.3) target=None rr=None
[17:28:31 F12 TEST] INFO:     BAT: RAHANE 5(2) 
[17:28:31 F12 TEST] INFO:     BAT: ALLEN 1(1) 
[17:28:31 F12 TEST] INFO:     BOWL: ABHISHEK 0-6 (0.3)
[17:28:31 F12 TEST] INFO:   [SCORE-CAP-SUPPRESS-NARROW] DIRECT cap suppressed — cur=None recovery_until=0 frame=12
[17:28:31 F12 TRACK] INFO: score: initial proposed 6 (2/3 — waiting)
[17:28:31 F12 TRACK] INFO: overs: initial proposed 0.3 (2/3 — waiting)
[17:28:31 F12 TRACK] INFO: wickets: initial proposed 0 (2/3 — waiting)
[17:28:32 F12 SCORER] INFO: Scored in 0.8s (llama-4-scout-17b-16e-instruct)
[17:28:32 F12 TEST] INFO:   [S] Hint: Current batters: RAHANE and ALLEN. Bowler: ABHISHEK. Read their stats from the scoreboard.
[17:28:32 F12 TEST] INFO:   No batting team set — skipping all updates
[17:28:32 F12 TEST] INFO:   [S 771ms] Changes: none
[17:28:32 F12 TEST] INFO:   Total: 2872ms (V:1025 E:1076 S:771)
[17:28:32 F12 TEST] INFO:   STATE: ? None-None (None) inn=1 RR=— | Bat: None | Bowl: None
[17:28:32 F12 TEST] INFO:   [ACTION] The players are in position as the bowler prepares for the next delivery.
[17:28:32 F12 FIELD] INFO: [F12] slip added — expecting edge
[17:28:32 F12 FIELD] INFO: [F12] IC-leg_slip_region moved to IC-slip_region
[17:28:32 F12 FIELD] INFO: [F12] OC-deep_fine_leg moved to OC-deep_square_leg
[17:28:32 F12 FIELD] INFO: [F12] IC-midwicket moved to IC-mid_on
[17:28:32 F12 TEST] INFO: DETAIL|F12|SCOREBOARD|tag=SCOREBOARD|scout=STRIP: KKR 6-0 (0.3) | extras=null | this_over=○○○ | RAHANE 5(2) | ALLEN 1(1) | ABHISHEK 0-6 (0.3) INFO_PANEL: null SPEE|action=The players are in position as the bowler prepares for the next delivery.|ext_score=6-0(0.3)|ext_bat=RAHANE 5(2) | ALLEN 1(1)|ext_bowl=ABHISHEK 0-6 (0.3)|scorer_changes=[]|yolo=9|BEFORE_score=None-None(None)|BEFORE_bat1=—|BEFORE_bat2=—|BEFORE_bowl=— ?-? (?)|BEFORE_this_over=[]|AFTER_score=None-None(None)|AFTER_bat1=—|AFTER_bat2=—|AFTER_bowl=— ?-? (?)|AFTER_this_over=[]|AFTER_this_over_src=|AFTER_striker=—|AFTER_non=—|AFTER_run_rate=—|AFTER_target=—|AFTER_innings=1|AFTER_partnership=—|AFTER_fow_count=0|AFTER_field=pace_powerplay frozen=True fielders=['slip_1', 'gully', 'point', 'cover', 'mid_off', 'mid_on', 'midwicket', 'square_leg', 'fine_leg']|ball_event=—|ball_event_runs=—|ball_event_over=—|ball_event_extra=—|ball_event_free_hit=—|broadcast_extra=—|dismissal_mode=—|striker_this_ball=—|delivery_length=—|delivery_line=—|delivery_angle=—|delivery_shot=—|delivery_direction=—|delivery_elevation=—|delivery_bounce=—|delivery_dets=0|delivery_method=—|delivery_snap_dets=—|delivery_3layer_dets=—|delivery_det_rate=—|delivery_dir_zone=—|delivery_dir_conf=0|delivery_shot_action=—|delivery_shot_intent=—|delivery_swing=—|delivery_speed_vlm=—|delivery_vlm_conf=—|delivery_vlm_ms=—|speed_kph=—|venue=—|batting_team=—|match_info=—|completed_over=—|completed_over_runs=—|drs_state=NONE|corrections=none|lat_vision=1025|lat_extract=1076|lat_scorer=771|lat_field=96|lat_comm=0|lat_code=0|lat_total=2874|comm_bowler=—|comm_wire=—|comm_storyteller=—|comm_analyst=—|comm_colour=—|comm_wire_ms=0|comm_story_ms=0|comm_analyst_ms=0|comm_colour_ms=0
[17:28:35 F13 VISION] INFO: [SCOUT] SCOREBOARD 844ms strip=True overlay=False drs=False cam=closeup phase=between_play digits=False 448 chars
[17:28:35 F13 VISION] INFO: [SCOUT] Preview: {"has_strip": true, "has_overlay_stats": false, "drs_review": false, "camera_view": "closeup", "frame_phase": "between_play", "ball_position": null}

STRIP: KKR 6-0 (0.4) | extras=null | this_over=⊙⊙⊙
[17:28:35 F13 TEST] INFO: 
=======================================================
[17:28:35 F13 TEST] INFO: [F13] SCOREBOARD — #12
[17:28:35 F13 TEST] INFO:   [V 848ms] STRIP: KKR 6-0 (0.4) | extras=null | this_over=⊙⊙⊙⊙ | RAHANE 5(3) | ALLEN 1(1) | ABHISHEK 0-6 (0.4)

INFO_PANEL: null
SPEED: null
EXTRA: null
THIS OVER: null
FULL SCORECARD: null

The player in the blue jersey appears to be reacting or celebrating, p
[17:28:36 F13 EXTRACT] INFO: Extracted in 1.2s (llama-4-scout-17b-16e-instruct)
[17:28:36 F13 BOARD] INFO: [NAME] Exact miss for 'RAHANE', trying fuzzy (0 keys)...
[17:28:36 F13 BOARD] WARN: No match for 'RAHANE'. Closest: []
[17:28:36 F13 BOARD] INFO: [NAME] Exact miss for 'ALLEN', trying fuzzy (0 keys)...
[17:28:36 F13 BOARD] WARN: No match for 'ALLEN'. Closest: []
[17:28:36 F13 BOARD] INFO: [NAME] Exact miss for 'ABHISHEK', trying fuzzy (0 keys)...
[17:28:36 F13 BOARD] WARN: No match for 'ABHISHEK'. Closest: []
[17:28:36 F13 TEST] INFO:   [E 1225ms] visible_team=None score=None-None (None) target=None rr=None
[17:28:36 F13 TEST] INFO:     BAT: RAHANE 5(3) 
[17:28:36 F13 TEST] INFO:     BAT: ALLEN 1(1) 
[17:28:36 F13 TEST] INFO:     BAT: ABHISHEK 0(None) 
[17:28:36 F13 TEST] INFO:     BOWL: ABHISHEK 0-6 (0.4)
[17:28:37 F13 SCORER] INFO: Scored in 0.9s (llama-4-scout-17b-16e-instruct)
[17:28:37 F13 TEST] INFO:   [S] Hint: Current batters: RAHANE, ALLEN. Bowler: ABHISHEK. Read their stats from the scoreboard.
[17:28:37 F13 TEST] INFO:   No batting team set — skipping all updates
[17:28:37 F13 TEST] INFO:   [S 936ms] Changes: none
[17:28:37 F13 TEST] INFO:   Total: 3010ms (V:848 E:1225 S:936)
[17:28:37 F13 TEST] INFO:   STATE: ? None-None (None) inn=1 RR=— | Bat: None | Bowl: None
[17:28:37 F13 TEST] INFO:   [BATTER-ALIGN] ext_batters len=3 — scanning all rows for striker/non match
[17:28:37 F13 FIELD] INFO: [F13] IC-leg_slip_region moved to IC-slip_region
[17:28:37 F13 FIELD] INFO: [F13] OC-deep_mid_on_area moved to OC-deep_backward_square
[17:28:37 F13 FIELD] INFO: [F13] slip removed — less catching pressure
[17:28:37 F13 FIELD] INFO: [F13] deep fine leg — protecting against top edges
[17:28:37 F13 TEST] INFO: DETAIL|F13|SCOREBOARD|tag=SCOREBOARD|scout=STRIP: KKR 6-0 (0.4) | extras=null | this_over=⊙⊙⊙⊙ | RAHANE 5(3) | ALLEN 1(1) | ABHISHEK 0-6 (0.4)  INFO_PANEL: null SP|action=—|ext_score=None-None(None)|ext_bat=RAHANE 5(3) | ALLEN 1(1) | ABHISHEK 0(None)|ext_bowl=ABHISHEK 0-6 (0.4)|scorer_changes=[]|yolo=4|BEFORE_score=None-None(None)|BEFORE_bat1=—|BEFORE_bat2=—|BEFORE_bowl=— ?-? (?)|BEFORE_this_over=[]|AFTER_score=None-None(None)|AFTER_bat1=—|AFTER_bat2=—|AFTER_bowl=— ?-? (?)|AFTER_this_over=[]|AFTER_this_over_src=|AFTER_striker=—|AFTER_non=—|AFTER_run_rate=—|AFTER_target=—|AFTER_innings=1|AFTER_partnership=—|AFTER_fow_count=0|AFTER_field=pace_powerplay frozen=True fielders=['slip_1', 'gully', 'point', 'cover', 'mid_off', 'mid_on', 'midwicket', 'square_leg', 'fine_leg']|ball_event=—|ball_event_runs=—|ball_event_over=—|ball_event_extra=—|ball_event_free_hit=—|broadcast_extra=—|dismissal_mode=—|striker_this_ball=—|delivery_length=—|delivery_line=—|delivery_angle=—|delivery_shot=—|delivery_direction=—|delivery_elevation=—|delivery_bounce=—|delivery_dets=0|delivery_method=—|delivery_snap_dets=—|delivery_3layer_dets=—|delivery_det_rate=—|delivery_dir_zone=—|delivery_dir_conf=0|delivery_shot_action=—|delivery_shot_intent=—|delivery_swing=—|delivery_speed_vlm=—|delivery_vlm_conf=—|delivery_vlm_ms=—|speed_kph=—|venue=—|batting_team=—|match_info=—|completed_over=—|completed_over_runs=—|drs_state=NONE|corrections=none|lat_vision=848|lat_extract=1225|lat_scorer=936|lat_field=109|lat_comm=0|lat_code=0|lat_total=3014|comm_bowler=—|comm_wire=—|comm_storyteller=—|comm_analyst=—|comm_colour=—|comm_wire_ms=0|comm_story_ms=0|comm_analyst_ms=0|comm_colour_ms=0
[17:28:40 F14 VISION] INFO: [SCOUT] SCOREBOARD 1050ms strip=True overlay=False drs=False cam=closeup phase=between_play digits=False 476 chars
[17:28:40 F14 VISION] INFO: [SCOUT] Preview: {"has_strip": true, "has_overlay_stats": false, "drs_review": false, "camera_view": "closeup", "frame_phase": "between_play", "ball_position": null}
STRIP: KKR 6-0 (0.4) | extras=null | this_over=null
[17:28:40 F14 TEST] INFO: 
=======================================================
[17:28:40 F14 TEST] INFO: [F14] SCOREBOARD — #13
[17:28:40 F14 TEST] INFO:   [V 1054ms] STRIP: KKR 6-0 (0.4) | extras=null | this_over=null | RAHANE 5(3) | ALLEN 1(1) | ABHISHEK 0-6 (0)
INFO_PANEL: null
SPEED: null
EXTRA: null
THIS OVER: null
FULL SCORECARD: null
The camera shows a close-up of a player, likely Rahane or Allen, in the dr
[17:28:41 F14 EXTRACT] INFO: Extracted in 1.1s (llama-4-scout-17b-16e-instruct)
[17:28:41 F14 BOARD] INFO: [NAME] Exact miss for 'RAHANE', trying fuzzy (0 keys)...
[17:28:41 F14 BOARD] WARN: No match for 'RAHANE'. Closest: []
[17:28:41 F14 BOARD] INFO: [NAME] Exact miss for 'ALLEN', trying fuzzy (0 keys)...
[17:28:41 F14 BOARD] WARN: No match for 'ALLEN'. Closest: []
[17:28:41 F14 BOARD] INFO: [NAME] Exact miss for 'ABHISHEK', trying fuzzy (0 keys)...
[17:28:41 F14 BOARD] WARN: No match for 'ABHISHEK'. Closest: []
[17:28:41 F14 TEST] INFO:   [E 1136ms] visible_team=None score=None-None (None) target=None rr=None
[17:28:41 F14 TEST] INFO:     BAT: RAHANE 5(3) 
[17:28:41 F14 TEST] INFO:     BAT: ALLEN 1(1) 
[17:28:41 F14 TEST] INFO:     BAT: ABHISHEK None(None) 
[17:28:41 F14 TEST] INFO:     BOWL: ABHISHEK 0-6 (None)
[17:28:42 F14 SCORER] INFO: Scored in 0.8s (llama-4-scout-17b-16e-instruct)
[17:28:42 F14 TEST] INFO:   [S] Hint: Current batters: RAHANE and ALLEN. Bowler: ABHISHEK. Read their stats from the scoreboard.
[17:28:42 F14 TEST] INFO:   No batting team set — skipping all updates
[17:28:42 F14 TEST] INFO:   [S 823ms] Changes: none
[17:28:42 F14 TEST] INFO:   Total: 3013ms (V:1054 E:1136 S:823)
[17:28:42 F14 TEST] INFO:   STATE: ? None-None (None) inn=1 RR=— | Bat: None | Bowl: None
[17:28:42 F14 TEST] INFO:   [BATTER-ALIGN] ext_batters len=3 — scanning all rows for striker/non match
[17:28:42 F14 TEST] INFO: DETAIL|F14|SCOREBOARD|tag=SCOREBOARD|scout=STRIP: KKR 6-0 (0.4) | extras=null | this_over=null | RAHANE 5(3) | ALLEN 1(1) | ABHISHEK 0-6 (0) INFO_PANEL: null SPEED|action=—|ext_score=None-None(None)|ext_bat=RAHANE 5(3) | ALLEN 1(1) | ABHISHEK None(None)|ext_bowl=ABHISHEK 0-6 (None)|scorer_changes=[]|yolo=0|BEFORE_score=None-None(None)|BEFORE_bat1=—|BEFORE_bat2=—|BEFORE_bowl=— ?-? (?)|BEFORE_this_over=[]|AFTER_score=None-None(None)|AFTER_bat1=—|AFTER_bat2=—|AFTER_bowl=— ?-? (?)|AFTER_this_over=[]|AFTER_this_over_src=|AFTER_striker=—|AFTER_non=—|AFTER_run_rate=—|AFTER_target=—|AFTER_innings=1|AFTER_partnership=—|AFTER_fow_count=0|AFTER_field=pace_powerplay frozen=True fielders=['slip_1', 'gully', 'point', 'cover', 'mid_off', 'mid_on', 'midwicket', 'square_leg', 'fine_leg']|ball_event=—|ball_event_runs=—|ball_event_over=—|ball_event_extra=—|ball_event_free_hit=—|broadcast_extra=—|dismissal_mode=—|striker_this_ball=—|delivery_length=—|delivery_line=—|delivery_angle=—|delivery_shot=—|delivery_direction=—|delivery_elevation=—|delivery_bounce=—|delivery_dets=0|delivery_method=—|delivery_snap_dets=—|delivery_3layer_dets=—|delivery_det_rate=—|delivery_dir_zone=—|delivery_dir_conf=0|delivery_shot_action=—|delivery_shot_intent=—|delivery_swing=—|delivery_speed_vlm=—|delivery_vlm_conf=—|delivery_vlm_ms=—|speed_kph=—|venue=—|batting_team=—|match_info=—|completed_over=—|completed_over_runs=—|drs_state=NONE|corrections=none|lat_vision=1054|lat_extract=1136|lat_scorer=823|lat_field=78|lat_comm=0|lat_code=0|lat_total=3017|comm_bowler=—|comm_wire=—|comm_storyteller=—|comm_analyst=—|comm_colour=—|comm_wire_ms=0|comm_story_ms=0|comm_analyst_ms=0|comm_colour_ms=0
[17:28:45 F15 VISION] INFO: [SCOUT] SCOREBOARD 903ms strip=True overlay=False drs=False cam=closeup phase=between_play digits=False 383 chars
[17:28:45 F15 VISION] INFO: [SCOUT] Preview: {"has_strip": true, "has_overlay_stats": false, "drs_review": false, "camera_view": "closeup", "frame_phase": "between_play", "ball_position": null}

STRIP: KKR 6-0 (0.4) | extras=null | this_over=⊙⊙⊙
[17:28:45 F15 TEST] INFO: 
=======================================================
[17:28:45 F15 TEST] INFO: [F15] SCOREBOARD — #14
[17:28:45 F15 TEST] INFO:   [V 907ms] STRIP: KKR 6-0 (0.4) | extras=null | this_over=⊙⊙⊙⊙ | RAHANE 5(3) | ALLEN 1(1) | ABHISHEK 0-6 (0.4)

INFO_PANEL: null
SPEED: null
EXTRA: null
THIS OVER: null
FULL SCORECARD: null

The batter Rahane is preparing for the next delivery.
[17:28:46 F15 EXTRACT] INFO: Extracted in 1.1s (llama-4-scout-17b-16e-instruct)
[17:28:46 F15 BOARD] INFO: [NAME] Exact miss for 'RAHANE', trying fuzzy (0 keys)...
[17:28:46 F15 BOARD] WARN: No match for 'RAHANE'. Closest: []
[17:28:46 F15 BOARD] INFO: [NAME] Exact miss for 'ALLEN', trying fuzzy (0 keys)...
[17:28:46 F15 BOARD] WARN: No match for 'ALLEN'. Closest: []
[17:28:46 F15 TEST] INFO:   [E 1103ms] visible_team=None score=6-0 (0.4) target=None rr=None
[17:28:46 F15 TEST] INFO:     BAT: RAHANE 5(3) 
[17:28:46 F15 TEST] INFO:     BAT: ALLEN 1(1) 
[17:28:46 F15 TEST] INFO:     BOWL: ABHISHEK 0-6 (0.4)
[17:28:46 F15 TEST] INFO:   [SCORE-CAP-SUPPRESS-NARROW] DIRECT cap suppressed — cur=None recovery_until=0 frame=15
[17:28:46 F15 TRACK] INFO: score: initial → 6 (cold-start consensus 3/3)
[17:28:46 F15 BOARD] INFO: score: None -> 6 [F15]
[17:28:46 F15 TEST] INFO:   [DIRECT] score→6
[17:28:46 F15 TRACK] INFO: overs: initial proposal flipped 0.3 → 0.4 — resetting consensus to 1/3
[17:28:46 F15 TRACK] INFO: wickets: initial → 0 (cold-start consensus 3/3)
[17:28:46 F15 BOARD] INFO: wickets: None -> 0 [F15]
[17:28:46 F15 TEST] INFO:   [DIRECT] wickets→0
[17:28:46 F15 TEST] INFO:   [INIT] First-frame initialization complete: 6-0(None)
[17:28:47 F15 SCORER] INFO: Scored in 1.0s (llama-4-scout-17b-16e-instruct)
[17:28:47 F15 TEST] INFO:   [S] Hint: Current batters: RAHANE, ALLEN. Bowler: ABHISHEK
[17:28:47 F15 TEST] INFO:   No batting team set — skipping all updates
[17:28:47 F15 TEST] INFO:   [S 992ms] Changes: none
[17:28:47 F15 TEST] INFO:   Total: 3002ms (V:907 E:1103 S:992)
[17:28:47 F15 TEST] INFO:   STATE: ? 6-0 (None) inn=1 RR=— | Bat: None | Bowl: None
[17:28:47 F15 BOARD] INFO: [NAME] Exact miss for 'RAHANE', trying fuzzy (0 keys)...
[17:28:47 F15 BOARD] WARN: No match for 'RAHANE'. Closest: []
[17:28:47 F15 BOARD] INFO: [NAME] Exact miss for 'ALLEN', trying fuzzy (0 keys)...
[17:28:47 F15 BOARD] WARN: No match for 'ALLEN'. Closest: []
[17:28:47 F15 BOARD] INFO: [NAME] Exact miss for 'ABHISHEK', trying fuzzy (0 keys)...
[17:28:47 F15 BOARD] WARN: No match for 'ABHISHEK'. Closest: []
[17:28:47 F15 TEST] INFO: DETAIL|F15|SCOREBOARD|tag=SCOREBOARD|scout=STRIP: KKR 6-0 (0.4) | extras=null | this_over=⊙⊙⊙⊙ | RAHANE 5(3) | ALLEN 1(1) | ABHISHEK 0-6 (0.4)  INFO_PANEL: null SP|action=—|ext_score=6-0(0.4)|ext_bat=RAHANE 5(3) | ALLEN 1(1)|ext_bowl=ABHISHEK 0-6 (0.4)|scorer_changes=[]|yolo=0|BEFORE_score=None-None(None)|BEFORE_bat1=—|BEFORE_bat2=—|BEFORE_bowl=— ?-? (?)|BEFORE_this_over=[]|AFTER_score=6-0(None)|AFTER_bat1=—|AFTER_bat2=—|AFTER_bowl=— ?-? (?)|AFTER_this_over=[]|AFTER_this_over_src=|AFTER_striker=—|AFTER_non=—|AFTER_run_rate=—|AFTER_target=—|AFTER_innings=1|AFTER_partnership=—|AFTER_fow_count=0|AFTER_field=pace_powerplay frozen=True fielders=['slip_1', 'gully', 'point', 'cover', 'mid_off', 'mid_on', 'midwicket', 'square_leg', 'fine_leg']|ball_event=—|ball_event_runs=—|ball_event_over=—|ball_event_extra=—|ball_event_free_hit=—|broadcast_extra=—|dismissal_mode=—|striker_this_ball=—|delivery_length=—|delivery_line=—|delivery_angle=—|delivery_shot=—|delivery_direction=—|delivery_elevation=—|delivery_bounce=—|delivery_dets=0|delivery_method=—|delivery_snap_dets=—|delivery_3layer_dets=—|delivery_det_rate=—|delivery_dir_zone=—|delivery_dir_conf=0|delivery_shot_action=—|delivery_shot_intent=—|delivery_swing=—|delivery_speed_vlm=—|delivery_vlm_conf=—|delivery_vlm_ms=—|speed_kph=—|venue=—|batting_team=—|match_info=—|completed_over=—|completed_over_runs=—|drs_state=NONE|corrections=none|lat_vision=907|lat_extract=1103|lat_scorer=992|lat_field=94|lat_comm=0|lat_code=0|lat_total=3005|comm_bowler=—|comm_wire=—|comm_storyteller=—|comm_analyst=—|comm_colour=—|comm_wire_ms=0|comm_story_ms=0|comm_analyst_ms=0|comm_colour_ms=0
[17:28:47 F15 TEST] INFO: [WS] client connected (1 total)
[17:28:50 F16 VISION] INFO: [SCOUT] SCOREBOARD 777ms strip=True overlay=False drs=False cam=bowlers_end phase=release digits=False 389 chars
[17:28:50 F16 VISION] INFO: [SCOUT] Preview: {"has_strip": true, "has_overlay_stats": false, "drs_review": false, "camera_view": "bowlers_end", "frame_phase": "release", "ball_position": null}

STRIP: KKR 6-0 (0.4) | extras=null | this_over= | *
[17:28:50 F16 TEST] INFO: 
=======================================================
[17:28:50 F16 TEST] INFO: [F16] SCOREBOARD — #15
[17:28:50 F16 TEST] INFO:   [V 781ms] STRIP: KKR 6-0 (0.4) | extras=null | this_over= | *Rahane 5(3) | Allen 1(1) | Abhishek 0-6 (0.4)

INFO_PANEL: null
SPEED: null
EXTRA: null
THIS OVER: null
FULL SCORECARD: null

The bowler, Abhishek, is in the process of delivering the ball.
[17:28:51 F16 EXTRACT] INFO: Extracted in 1.1s (llama-4-scout-17b-16e-instruct)
[17:28:51 F16 BOARD] INFO: [NAME] Exact miss for 'RAHANE', trying fuzzy (0 keys)...
[17:28:51 F16 BOARD] WARN: No match for 'RAHANE'. Closest: []
[17:28:51 F16 BOARD] INFO: [NAME] Exact miss for 'ALLEN', trying fuzzy (0 keys)...
[17:28:51 F16 BOARD] WARN: No match for 'ALLEN'. Closest: []
[17:28:51 F16 TEST] INFO:   [E 1078ms] visible_team=None score=None-None (0.4) target=None rr=None
[17:28:51 F16 TEST] INFO:     BAT: Rahane 5(3) 
[17:28:51 F16 TEST] INFO:     BAT: Allen 1(1) 
[17:28:51 F16 TEST] INFO:     BOWL: Abhishek 0-6 (0.4)
[17:28:51 F16 TRACK] INFO: overs: initial proposed 0.4 (2/3 — waiting)
[17:28:52 F16 SCORER] INFO: Scored in 0.8s (llama-4-scout-17b-16e-instruct)
[17:28:52 F16 TEST] INFO:   [S] Hint: Current batters: RAHANE and ALLEN. Bowler: ABHISHEK. Read their stats from the scoreboard.
[17:28:52 F16 TEST] INFO:   No batting team set — skipping all updates
[17:28:52 F16 TEST] INFO:   [S 788ms] Changes: none
[17:28:52 F16 TEST] INFO:   Total: 2647ms (V:781 E:1078 S:788)
[17:28:52 F16 TEST] INFO:   STATE: ? 6-0 (None) inn=1 RR=— | Bat: None | Bowl: None
[17:28:52 F16 BOARD] INFO: [NAME] Exact miss for 'RAHANE', trying fuzzy (0 keys)...
[17:28:52 F16 BOARD] WARN: No match for 'RAHANE'. Closest: []
[17:28:52 F16 BOARD] INFO: [NAME] Exact miss for 'ALLEN', trying fuzzy (0 keys)...
[17:28:52 F16 BOARD] WARN: No match for 'ALLEN'. Closest: []
[17:28:52 F16 BOARD] INFO: [NAME] Exact miss for 'ABHISHEK', trying fuzzy (0 keys)...
[17:28:52 F16 BOARD] WARN: No match for 'ABHISHEK'. Closest: []
[17:28:52 F16 BOARD] INFO: [NAME] Exact miss for 'RAHANE', trying fuzzy (0 keys)...
[17:28:52 F16 BOARD] WARN: No match for 'RAHANE'. Closest: []
[17:28:52 F16 FIELD] INFO: [F16] OC-deep_backward_square moved to OC-deep_square_leg
[17:28:52 F16 FIELD] INFO: [F16] slip removed — less catching pressure
[17:28:52 F16 FIELD] INFO: [F16] deep fine leg — protecting against top edges
[17:28:52 F16 FIELD] INFO: [F16] IC-midwicket brought in — attacking
[17:28:52 F16 TEST] INFO: DETAIL|F16|SCOREBOARD|tag=SCOREBOARD|scout=STRIP: KKR 6-0 (0.4) | extras=null | this_over= | *Rahane 5(3) | Allen 1(1) | Abhishek 0-6 (0.4)  INFO_PANEL: null SPEED|action=—|ext_score=None-None(0.4)|ext_bat=Rahane 5(3) | Allen 1(1)|ext_bowl=Abhishek 0-6 (0.4)|scorer_changes=[]|yolo=5|BEFORE_score=6-0(None)|BEFORE_bat1=—|BEFORE_bat2=—|BEFORE_bowl=— ?-? (?)|BEFORE_this_over=[]|AFTER_score=6-0(None)|AFTER_bat1=—|AFTER_bat2=—|AFTER_bowl=— ?-? (?)|AFTER_this_over=[]|AFTER_this_over_src=|AFTER_striker=—|AFTER_non=—|AFTER_run_rate=—|AFTER_target=—|AFTER_innings=1|AFTER_partnership=—|AFTER_fow_count=0|AFTER_field=pace_powerplay frozen=True fielders=['slip_1', 'gully', 'point', 'cover', 'mid_off', 'mid_on', 'midwicket', 'square_leg', 'fine_leg']|ball_event=—|ball_event_runs=—|ball_event_over=—|ball_event_extra=—|ball_event_free_hit=—|broadcast_extra=—|dismissal_mode=—|striker_this_ball=—|delivery_length=—|delivery_line=—|delivery_angle=—|delivery_shot=—|delivery_direction=—|delivery_elevation=—|delivery_bounce=—|delivery_dets=0|delivery_method=—|delivery_snap_dets=—|delivery_3layer_dets=—|delivery_det_rate=—|delivery_dir_zone=—|delivery_dir_conf=0|delivery_shot_action=—|delivery_shot_intent=—|delivery_swing=—|delivery_speed_vlm=—|delivery_vlm_conf=—|delivery_vlm_ms=—|speed_kph=—|venue=—|batting_team=—|match_info=—|completed_over=—|completed_over_runs=—|drs_state=NONE|corrections=none|lat_vision=781|lat_extract=1078|lat_scorer=788|lat_field=181|lat_comm=0|lat_code=0|lat_total=2650|comm_bowler=—|comm_wire=—|comm_storyteller=—|comm_analyst=—|comm_colour=—|comm_wire_ms=0|comm_story_ms=0|comm_analyst_ms=0|comm_colour_ms=0
[17:28:54 F17 VISION] INFO: [SCOUT] SCOREBOARD 911ms strip=True overlay=False drs=False cam=bowlers_end phase=release digits=False 392 chars
[17:28:54 F17 VISION] INFO: [SCOUT] Preview: {"has_strip": true, "has_overlay_stats": false, "drs_review": false, "camera_view": "bowlers_end", "frame_phase": "release", "ball_position": null}
STRIP: KKR 6-0 (0.4) | extras=null | this_over=⊙. | 
[17:28:54 F17 TEST] INFO: 
=======================================================
[17:28:54 F17 TEST] INFO: [F17] SCOREBOARD — #16
[17:28:54 F17 TEST] INFO:   [V 915ms] STRIP: KKR 6-0 (0.4) | extras=null | this_over=⊙. | RAHANE 5(3) | ALLEN 1(1) | ABHISHEK 0-6 (0.4)
INFO_PANEL: null
SPEED: null
EXTRA: null
THIS OVER: null
FULL SCORECARD: null
The bowler, Abhishek, is in his run-up, about to bowl the next ball.
[17:28:55 F17 EXTRACT] INFO: Extracted in 1.1s (llama-4-scout-17b-16e-instruct)
[17:28:55 F17 BOARD] INFO: [NAME] Exact miss for 'RAHANE', trying fuzzy (0 keys)...
[17:28:55 F17 BOARD] WARN: No match for 'RAHANE'. Closest: []
[17:28:55 F17 BOARD] INFO: [NAME] Exact miss for 'ALLEN', trying fuzzy (0 keys)...
[17:28:55 F17 BOARD] WARN: No match for 'ALLEN'. Closest: []
[17:28:55 F17 TEST] INFO:   [E 1118ms] visible_team=None score=6-0 (0.4) target=None rr=None
[17:28:55 F17 TEST] INFO:     BAT: RAHANE 5(3) 
[17:28:55 F17 TEST] INFO:     BAT: ALLEN 1(1) 
[17:28:55 F17 TEST] INFO:     BOWL: ABHISHEK 0-6 (0.4)
[17:28:55 F17 TEST] INFO:   [DIRECT] score→6
[17:28:55 F17 TRACK] INFO: overs: initial → 0.4 (cold-start consensus 3/3)
[17:28:55 F17 BOARD] INFO: overs: None -> 0.4 [F17]
[17:28:55 F17 TEST] INFO:   [DIRECT] overs→0.4
[17:28:55 F17 TEST] INFO:   [DIRECT] wickets→0
[17:28:55 F17 SCORER] INFO: Scored in 0.8s (llama-4-scout-17b-16e-instruct)
[17:28:55 F17 TEST] INFO:   [S] Hint: Current batters: RAHANE and ALLEN. Bowler: ABHISHEK. Read their stats from the scoreboard.
[17:28:55 F17 TEST] INFO:   No batting team set — skipping all updates
[17:28:55 F17 TEST] INFO:   [S 805ms] Changes: none
[17:28:55 F17 TEST] INFO:   Total: 2839ms (V:915 E:1118 S:805)
[17:28:55 F17 OVER] INFO: Joined at 0.4, pre-filled 4 balls as '?'
[17:28:55 F17 TEST] INFO:   [THIS OVER] ['?', '?', '?', '?'] = 0 runs
[17:28:55 F17 BOARD] INFO: run_rate: None -> 9.0 [F17]
[17:28:55 F17 TEST] INFO:   STATE: ? 6-0 (0.4) inn=1 RR=9.0 | Bat: None | Bowl: None
[17:28:55 F17 BOARD] INFO: [NAME] Exact miss for 'RAHANE', trying fuzzy (0 keys)...
[17:28:55 F17 BOARD] WARN: No match for 'RAHANE'. Closest: []
[17:28:55 F17 BOARD] INFO: [NAME] Exact miss for 'ALLEN', trying fuzzy (0 keys)...
[17:28:55 F17 BOARD] WARN: No match for 'ALLEN'. Closest: []
[17:28:55 F17 BOARD] INFO: [NAME] Exact miss for 'ABHISHEK', trying fuzzy (0 keys)...
[17:28:55 F17 BOARD] WARN: No match for 'ABHISHEK'. Closest: []
[17:28:55 F17 SCORE_MGR] INFO: [SM] cold-start candidate seeded 6/0 (0.4) — streak 1/3
[17:28:55 F17 FIELD] INFO: [F17] IC-square_leg brought in — attacking
[17:28:55 F17 FIELD] INFO: [F17] IC-midwicket brought in — attacking
[17:28:55 F17 FIELD] INFO: [F17] IC-short_leg_area pushed back — defensive
[17:28:55 F17 FIELD] INFO: [F17] IC-midwicket pushed back — defensive
[17:28:55 F17 FIELD] INFO: [F17] IC-midwicket pushed back — defensive
[17:28:55 F17 TEST] INFO: DETAIL|F17|SCOREBOARD|tag=SCOREBOARD|scout=STRIP: KKR 6-0 (0.4) | extras=null | this_over=⊙. | RAHANE 5(3) | ALLEN 1(1) | ABHISHEK 0-6 (0.4) INFO_PANEL: null SPEED|action=—|ext_score=6-0(0.4)|ext_bat=RAHANE 5(3) | ALLEN 1(1)|ext_bowl=ABHISHEK 0-6 (0.4)|scorer_changes=[]|yolo=9|BEFORE_score=6-0(None)|BEFORE_bat1=—|BEFORE_bat2=—|BEFORE_bowl=— ?-? (?)|BEFORE_this_over=[]|AFTER_score=6-0(0.4)|AFTER_bat1=—|AFTER_bat2=—|AFTER_bowl=— ?-? (?)|AFTER_this_over=['?', '?', '?', '?']|AFTER_this_over_src=?(bcast),?(bcast),?(bcast),?(bcast)|AFTER_striker=—|AFTER_non=—|AFTER_run_rate=9.00|AFTER_target=—|AFTER_innings=1|AFTER_partnership=—|AFTER_fow_count=0|AFTER_field=pace_powerplay frozen=True fielders=['slip_1', 'gully', 'point', 'cover', 'mid_off', 'mid_on', 'midwicket', 'square_leg', 'fine_leg']|ball_event=—|ball_event_runs=—|ball_event_over=—|ball_event_extra=—|ball_event_free_hit=—|broadcast_extra=—|dismissal_mode=—|striker_this_ball=—|delivery_length=—|delivery_line=—|delivery_angle=—|delivery_shot=—|delivery_direction=—|delivery_elevation=—|delivery_bounce=—|delivery_dets=0|delivery_method=—|delivery_snap_dets=—|delivery_3layer_dets=—|delivery_det_rate=—|delivery_dir_zone=—|delivery_dir_conf=0|delivery_shot_action=—|delivery_shot_intent=—|delivery_swing=—|delivery_speed_vlm=—|delivery_vlm_conf=—|delivery_vlm_ms=—|speed_kph=—|venue=—|batting_team=—|match_info=—|completed_over=—|completed_over_runs=—|drs_state=NONE|corrections=none|lat_vision=915|lat_extract=1118|lat_scorer=805|lat_field=101|lat_comm=0|lat_code=0|lat_total=2843|comm_bowler=—|comm_wire=—|comm_storyteller=—|comm_analyst=—|comm_colour=—|comm_wire_ms=0|comm_story_ms=0|comm_analyst_ms=0|comm_colour_ms=0
[17:28:57 F18 VISION] INFO: [SCOUT] SCOREBOARD 759ms strip=True overlay=False drs=False cam=bowlers_end phase=between_play digits=False 454 chars
[17:28:57 F18 VISION] INFO: [SCOUT] Preview: {"has_strip": true, "has_overlay_stats": false, "drs_review": false, "camera_view": "bowlers_end", "frame_phase": "between_play", "ball_position": null}
STRIP: KKR 6-0 (0.4) | extras=null | this_over=
[17:28:57 F18 TEST] INFO: 
=======================================================
[17:28:57 F18 TEST] INFO: [F18] SCOREBOARD — #17
[17:28:57 F18 TEST] INFO:   [V 764ms] STRIP: KKR 6-0 (0.4) | extras=null | this_over=⚾️⚾️ | RAHANE 5(3) | ALLEN 1(1) | ABHISHEK 0-6 (0.4)
INFO_PANEL: null
SPEED: null
EXTRA: null
THIS OVER: null
FULL SCORECARD: null
[17:28:58 F18 EXTRACT] INFO: Extracted in 1.2s (llama-4-scout-17b-16e-instruct)
[17:28:58 F18 BOARD] INFO: [NAME] Exact miss for 'RAHANE', trying fuzzy (0 keys)...
[17:28:58 F18 BOARD] WARN: No match for 'RAHANE'. Closest: []
[17:28:58 F18 BOARD] INFO: [NAME] Exact miss for 'ALLEN', trying fuzzy (0 keys)...
[17:28:58 F18 BOARD] WARN: No match for 'ALLEN'. Closest: []
[17:28:58 F18 BOARD] INFO: [NAME] Exact miss for 'ABHISHEK', trying fuzzy (0 keys)...
[17:28:58 F18 BOARD] WARN: No match for 'ABHISHEK'. Closest: []
[17:28:58 F18 TEST] INFO:   [E 1153ms] visible_team=None score=6-0 (0.4) target=None rr=None
[17:28:58 F18 TEST] INFO:     BAT: RAHANE 5(3) 
[17:28:58 F18 TEST] INFO:     BAT: ALLEN 1(1) 
[17:28:58 F18 TEST] INFO:     BAT: ABHISHEK 0(None) 
[17:28:58 F18 TEST] INFO:     BOWL: ABHISHEK 0-6 (0.4)
[17:28:58 F18 TEST] INFO:   [DIRECT] score→6
[17:28:58 F18 TEST] INFO:   [DIRECT] overs→0.4
[17:28:58 F18 TEST] INFO:   [DIRECT] wickets→0
  [TAGS] tagged_buffer=6 bowlers_end=5 phases(action=3 post=0 other=3 none=0)
[17:28:59 F18 SCORER] INFO: Scored in 0.8s (llama-4-scout-17b-16e-instruct)
[17:28:59 F18 TEST] INFO:   [S] Hint: Current batters: RAHANE and ALLEN. Bowler: ABHISHEK. Read their stats from the scoreboard.
[17:28:59 F18 TEST] INFO:   No batting team set — skipping all updates
[17:28:59 F18 TEST] INFO:   [S 840ms] Changes: none
[17:28:59 F18 TEST] INFO:   Total: 2757ms (V:764 E:1153 S:840)
[17:28:59 F18 TEST] INFO:   [THIS OVER] ['?', '?', '?', '?'] = 0 runs
[17:28:59 F18 TEST] INFO:   STATE: ? 6-0 (0.4) inn=1 RR=9.0 | Bat: None | Bowl: None
[17:28:59 F18 TEST] INFO:   [BATTER-ALIGN] ext_batters len=3 — scanning all rows for striker/non match
[17:28:59 F18 BOARD] INFO: [NAME] Exact miss for 'RAHANE', trying fuzzy (0 keys)...
[17:28:59 F18 BOARD] WARN: No match for 'RAHANE'. Closest: []
[17:28:59 F18 BOARD] INFO: [NAME] Exact miss for 'ALLEN', trying fuzzy (0 keys)...
[17:28:59 F18 BOARD] WARN: No match for 'ALLEN'. Closest: []
[17:28:59 F18 BOARD] INFO: [NAME] Exact miss for 'ABHISHEK', trying fuzzy (0 keys)...
[17:28:59 F18 BOARD] WARN: No match for 'ABHISHEK'. Closest: []
[17:28:59 F18 SCORE_MGR] INFO: [SM] cold-start consensus building 6/0 (0.4) — streak 2/3
[17:28:59 F18 TEST] INFO:   [ACTION] The players are in between deliveries, with the Kolkata Knight Riders batting an
[17:28:59 F18 FIELD] INFO: [F18] IC-square_leg moved to IC-midwicket
[17:28:59 F18 FIELD] INFO: [F18] OC-deep_midwicket_sq moved to OC-deep_midwicket
[17:28:59 F18 FIELD] INFO: [F18] OC-deep_square_leg moved to OC-deep_midwicket_sq
[17:28:59 F18 FIELD] INFO: [F18] IC-midwicket moved to IC-wide_mid_on
[17:28:59 F18 FIELD] INFO: [F18] IC-gully moved to IC-backward_point
[17:28:59 F18 FIELD] INFO: [F18] OC-deep_square_leg moved to OC-deep_backward_square
[17:28:59 F18 TEST] INFO: DETAIL|F18|SCOREBOARD|tag=SCOREBOARD|scout=STRIP: KKR 6-0 (0.4) | extras=null | this_over=⚾️⚾️ | RAHANE 5(3) | ALLEN 1(1) | ABHISHEK 0-6 (0.4) INFO_PANEL: null SPE|action=The players are in between deliveries, with the Kolkata Knight Riders batting and the Sunrisers Hyde|ext_score=6-0(0.4)|ext_bat=RAHANE 5(3) | ALLEN 1(1) | ABHISHEK 0(None)|ext_bowl=ABHISHEK 0-6 (0.4)|scorer_changes=[]|yolo=12|BEFORE_score=6-0(0.4)|BEFORE_bat1=—|BEFORE_bat2=—|BEFORE_bowl=— ?-? (?)|BEFORE_this_over=['?', '?', '?', '?']|AFTER_score=6-0(0.4)|AFTER_bat1=—|AFTER_bat2=—|AFTER_bowl=— ?-? (?)|AFTER_this_over=['?', '?', '?', '?']|AFTER_this_over_src=?(bcast),?(bcast),?(bcast),?(bcast)|AFTER_striker=—|AFTER_non=—|AFTER_run_rate=9.00|AFTER_target=—|AFTER_innings=1|AFTER_partnership=—|AFTER_fow_count=0|AFTER_field=pace_powerplay frozen=True fielders=['slip_1', 'gully', 'point', 'cover', 'mid_off', 'mid_on', 'midwicket', 'square_leg', 'fine_leg']|ball_event=—|ball_event_runs=—|ball_event_over=—|ball_event_extra=—|ball_event_free_hit=—|broadcast_extra=—|dismissal_mode=—|striker_this_ball=—|delivery_length=—|delivery_line=—|delivery_angle=—|delivery_shot=—|delivery_direction=—|delivery_elevation=—|delivery_bounce=—|delivery_dets=0|delivery_method=—|delivery_snap_dets=—|delivery_3layer_dets=—|delivery_det_rate=—|delivery_dir_zone=—|delivery_dir_conf=0|delivery_shot_action=—|delivery_shot_intent=—|delivery_swing=—|delivery_speed_vlm=—|delivery_vlm_conf=—|delivery_vlm_ms=—|speed_kph=—|venue=—|batting_team=—|match_info=—|completed_over=—|completed_over_runs=—|drs_state=NONE|corrections=none|lat_vision=764|lat_extract=1153|lat_scorer=840|lat_field=99|lat_comm=0|lat_code=0|lat_total=2760|comm_bowler=—|comm_wire=—|comm_storyteller=—|comm_analyst=—|comm_colour=—|comm_wire_ms=0|comm_story_ms=0|comm_analyst_ms=0|comm_colour_ms=0
[17:29:01 F19 TEST] INFO: [F19] No-strip skip #1 (lifetime=1)
[17:29:08 F25 VISION] INFO: [SCOUT] ADVERTISEMENT 880ms strip=False overlay=False drs=False cam=ad phase=advertisement digits=False 164 chars
[17:29:08 F25 TEST] INFO: [F25] AD 884ms (#1)
[17:29:17 F26 VISION] INFO: [SCOUT] GRAPHIC 857ms strip=True overlay=True drs=False cam=graphic phase=graphic digits=True 533 chars
[17:29:17 F26 TEST] INFO: [F26] GRAPHIC cam=graphic → dead-time skip (#2)
[17:29:21 F27 VISION] INFO: [SCOUT] GRAPHIC 833ms strip=True overlay=True drs=False cam=bowlers_end phase=between_play digits=True 401 chars
[17:29:21 F27 TEST] INFO: [F27] cam=bowlers_end → resuming active play after dead-time gap (#2 skipped)
[17:29:21 F27 TEST] INFO: 
=======================================================
[17:29:21 F27 TEST] INFO: [F27] GRAPHIC — #18
[17:29:21 F27 TEST] INFO:   [V 837ms] STRIP: KKR 8-0 (1) | extras=null | this_over=null | RAHANE* 1(2) | ALLEN 7(5) | ABHISHEK 0-8 (1)
INFO_PANEL: ABHISHEK SHARMA T20 CAREER MATCHES 191 WICKETS 55 AVERAGE 28.31 ECONOMY 7.66
[17:29:21 F27 EXTRACT] INFO: Extracted in 0.7s (llama-4-scout-17b-16e-instruct)
[17:29:21 F27 TEST] INFO:   [GRAPHIC-FILTER] GRAPHIC frame — rejecting extractor score path upstream of poison delta (frame_type=GRAPHIC raw_score=None raw_wkts=None raw_overs=None; classification_conf=n/a)
[17:29:21 F27 TEST] INFO:   [GUARD] GRAPHIC frame — player stats stripped, score mismatch → poisoned (score fields cleared)
[17:29:21 F27 TEST] INFO:   [INFO PANEL] Detected (keyword='CAREER') — no bowler in extracted, tracker will bound values
[17:29:21 F27 TEST] INFO:   [E 720ms] visible_team=None score=None-None (None) target=None rr=None
[17:29:22 F27 SCORER] INFO: Scored in 0.7s (llama-4-scout-17b-16e-instruct)
[17:29:22 F27 TEST] INFO:   [S] Hint: Current batters: None. Bowler: None. Read their stats from the scoreboard.
[17:29:22 F27 TEST] INFO:   [S 665ms] Changes: ['FRAME_POISONED:None']
[17:29:22 F27 TEST] INFO:   Total: 2223ms (V:837 E:720 S:665)
[17:29:22 F27 TEST] INFO:   [THIS OVER] ['?', '?', '?', '?'] = 0 runs
[17:29:22 F27 TEST] INFO:   STATE: ? 6-0 (0.4) inn=1 RR=9.0 | Bat: None | Bowl: None
[17:29:22 F27 SCORE_MGR] INFO:   [SM-FEEDER-SYNC] field=score value=6 sb_accepted=true
[17:29:22 F27 SCORE_MGR] INFO:   [SM-FEEDER-SYNC] field=wickets value=0 sb_accepted=true
[17:29:22 F27 SCORE_MGR] INFO:   [SM-FEEDER-SYNC] field=bat1_runs note=read_only_now sb_value=None
[17:29:22 F27 SCORE_MGR] INFO:   [SM-FEEDER-SYNC] field=bat1_balls note=read_only_now sb_value=None
[17:29:22 F27 SCORE_MGR] INFO:   [SM-FEEDER-SYNC] field=bat2_runs note=read_only_now sb_value=None
[17:29:22 F27 SCORE_MGR] INFO:   [SM-FEEDER-SYNC] field=bat2_balls note=read_only_now sb_value=None
[17:29:22 F27 SCORE_MGR] INFO:   [SM-FEEDER-SYNC] field=bowler_wickets note=read_only_now sb_value=None
[17:29:22 F27 SCORE_MGR] INFO:   [SM-FEEDER-SYNC] field=bowler_runs note=read_only_now sb_value=None
[17:29:22 F27 SCORE_MGR] INFO:   [SM-FEEDER-SYNC] field=bowler_overs note=read_only_now sb_value=None
[17:29:22 F27 SCORE_MGR] INFO:   [SM-FEEDER-SYNC] field=batting_team value='KKR' sb_accepted=true
[17:29:22 F27 SCORE_MGR] INFO:   [SM-FEEDER-SYNC] field=run_rate value=9.0 sb_accepted=true
[17:29:22 F27 SCORE_MGR] INFO: [SM] COLD_START → WARM (consensus 3/3)  6/0 (0.4)
[17:29:22 F27 TEST] INFO:   [ACTION] The game is currently paused with players on the field.
[17:29:22 F27 FIELD] INFO: [F27] OC-deep_midwicket moved to OC-deep_midwicket_sq
[17:29:22 F27 FIELD] INFO: [F27] IC-midwicket moved to IC-mid_on
[17:29:22 F27 FIELD] INFO: [F27] OC-deep_midwicket_sq moved to OC-deep_midwicket
[17:29:22 F27 FIELD] INFO: [F27] IC-midwicket brought in — attacking
[17:29:22 F27 FIELD] INFO: [F27] IC-cover_point moved to IC-point
[17:29:22 F27 FIELD] INFO: [F27] OC-deep_backward_square moved to OC-deep_midwicket_sq
[17:29:22 F27 TEST] INFO: DETAIL|F27|GRAPHIC|tag=GRAPHIC|scout=STRIP: KKR 8-0 (1) | extras=null | this_over=null | RAHANE* 1(2) | ALLEN 7(5) | ABHISHEK 0-8 (1) INFO_PANEL: ABHISHEK SH|action=The game is currently paused with players on the field.|ext_score=None-None(None)|ext_bat=|ext_bowl=|scorer_changes=['FRAME_POISONED:None']|yolo=12|BEFORE_score=6-0(0.4)|BEFORE_bat1=—|BEFORE_bat2=—|BEFORE_bowl=— ?-? (?)|BEFORE_this_over=['?', '?', '?', '?']|AFTER_score=6-0(0.4)|AFTER_bat1=—|AFTER_bat2=—|AFTER_bowl=— ?-? (?)|AFTER_this_over=['?', '?', '?', '?']|AFTER_this_over_src=?(bcast),?(bcast),?(bcast),?(bcast)|AFTER_striker=—|AFTER_non=—|AFTER_run_rate=9.00|AFTER_target=—|AFTER_innings=1|AFTER_partnership=—|AFTER_fow_count=0|AFTER_field=pace_powerplay frozen=True fielders=['slip_1', 'gully', 'point', 'cover', 'mid_off', 'mid_on', 'midwicket', 'square_leg', 'fine_leg']|ball_event=—|ball_event_runs=—|ball_event_over=—|ball_event_extra=—|ball_event_free_hit=—|broadcast_extra=—|dismissal_mode=—|striker_this_ball=—|delivery_length=—|delivery_line=—|delivery_angle=—|delivery_shot=—|delivery_direction=—|delivery_elevation=—|delivery_bounce=—|delivery_dets=0|delivery_method=—|delivery_snap_dets=—|delivery_3layer_dets=—|delivery_det_rate=—|delivery_dir_zone=—|delivery_dir_conf=0|delivery_shot_action=—|delivery_shot_intent=—|delivery_swing=—|delivery_speed_vlm=—|delivery_vlm_conf=—|delivery_vlm_ms=—|speed_kph=—|venue=—|batting_team=—|match_info=—|completed_over=—|completed_over_runs=—|drs_state=NONE|corrections=none|lat_vision=837|lat_extract=720|lat_scorer=665|lat_field=97|lat_comm=0|lat_code=0|lat_total=2225|comm_bowler=—|comm_wire=—|comm_storyteller=—|comm_analyst=—|comm_colour=—|comm_wire_ms=0|comm_story_ms=0|comm_analyst_ms=0|comm_colour_ms=0
[17:29:24 F28 TEST] INFO: [F28] No-strip skip #1 (lifetime=7)
  [TAGS] tagged_buffer=7 bowlers_end=6 phases(action=3 post=0 other=4 none=0)
[17:29:29 F32 VISION] INFO: [SCOUT] ADVERTISEMENT 866ms strip=False overlay=False drs=False cam=ad phase=advertisement digits=False 154 chars
[17:29:29 F32 TEST] INFO: [F32] AD 870ms (#2)
[17:29:30 F32 ENRICH] INFO: Pass-2 (verify) complete in 121849ms (39/49 known)
[17:29:30 F32 ENRICH] INFO: Pass-2 corrected 10 players vs pass-1
[17:29:30 F32 ENRICH] INFO: Saved styles to player_styles_767a56745c60.json
[17:29:30 F32 ENRICH] INFO: [pass2-bg] Chennai Super Kings — styles:
[17:29:30 F32 ENRICH] INFO: [pass2-bg]   Sanju Samson             RHB  | None
[17:29:30 F32 ENRICH] INFO: [pass2-bg]   Ruturaj Gaikwad          RHB  | None
[17:29:30 F32 ENRICH] INFO: [pass2-bg]   Urvil Patel              unknown | unknown
[17:29:30 F32 ENRICH] INFO: [pass2-bg]   Dewald Brevis            RHB  | None
[17:29:30 F32 ENRICH] INFO: [pass2-bg]   Shivam Dube              LHB  | Right-arm medium-fast
[17:29:30 F32 ENRICH] INFO: [pass2-bg]   Jamie Overton            RHB  | Right-arm fast
[17:29:30 F32 ENRICH] INFO: [pass2-bg]   Ramakrishna Ghosh        unknown | unknown
[17:29:30 F32 ENRICH] INFO: [pass2-bg]   Prashant Veer            LHB  | unknown
[17:29:30 F32 ENRICH] INFO: [pass2-bg]   Noor Ahmad               RHB  | Left-arm wrist spin
[17:29:30 F32 ENRICH] INFO: [pass2-bg]   Anshul Kamboj            unknown | unknown
[17:29:30 F32 ENRICH] INFO: [pass2-bg]   Mukesh Choudhary         LHB  | Left-arm medium-fast
[17:29:30 F32 ENRICH] INFO: [pass2-bg] Mumbai Indians — styles:
[17:29:30 F32 ENRICH] INFO: [pass2-bg]   Will Jacks               RHB  | Right-arm off spin
[17:29:30 F32 ENRICH] INFO: [pass2-bg]   Ryan Rickelton           LHB  | None
[17:29:30 F32 ENRICH] INFO: [pass2-bg]   Suryakumar Yadav         RHB  | None
[17:29:30 F32 ENRICH] INFO: [pass2-bg]   Naman Dhir               RHB  | Right-arm off break
[17:29:30 F32 ENRICH] INFO: [pass2-bg]   Tilak Varma              LHB  | None
[17:29:30 F32 ENRICH] INFO: [pass2-bg]   Hardik Pandya            RHB  | Right-arm medium-fast
[17:29:30 F32 ENRICH] INFO: [pass2-bg]   Robin Minz               unknown | unknown
[17:29:30 F32 ENRICH] INFO: [pass2-bg]   Trent Boult              LHB  | Left-arm fast
[17:29:30 F32 ENRICH] INFO: [pass2-bg]   Krish Bhagat             RHB  | unknown
[17:29:30 F32 ENRICH] INFO: [pass2-bg]   Jasprit Bumrah           RHB  | Right-arm fast
[17:29:30 F32 ENRICH] INFO: [pass2-bg]   AM Ghazanfar             unknown | unknown
[17:29:30 F32 BOARD] INFO: [STYLES-PATCH] Updated 0 card slots from background Pass-2 enrichment (49 players)
[17:29:37 F33 TEST] INFO: [F33] No-strip skip #1 (lifetime=11)
[17:29:39 F34 VISION] INFO: [SCOUT] ADVERTISEMENT 693ms strip=False overlay=False drs=False cam=ad phase=advertisement digits=False 155 chars
[17:29:39 F34 TEST] INFO: [F34] AD 697ms (#3)
[17:29:47 F35 TEST] INFO: [F35] No-strip skip #1 (lifetime=12)
[17:29:50 F39 TEST] INFO: [F39] Pixel skip #4
[17:29:50 F39 TEST] INFO: [F39] Force-processing after 4 pixel skips
[17:29:52 F43 TEST] INFO: [F43] Pixel skip #4
[17:29:52 F43 TEST] INFO: [F43] Force-processing after 4 pixel skips
[17:29:56 F47 TEST] INFO: [F47] Pixel skip #4
[17:29:56 F47 TEST] INFO: [F47] Force-processing after 4 pixel skips
[17:29:58 F51 TEST] INFO: [F51] Pixel skip #4
[17:29:58 F51 TEST] INFO: [F51] Force-processing after 4 pixel skips
  [TAGS] tagged_buffer=7 bowlers_end=6 phases(action=3 post=0 other=4 none=0)
[17:30:02 F53 VISION] INFO: [SCOUT] SCOREBOARD 1205ms strip=True overlay=False drs=False cam=graphic phase=graphic digits=False 434 chars
[17:30:02 F53 VISION] INFO: [SCOUT] Preview: {"has_strip": true, "has_overlay_stats": false, "drs_review": false, "camera_view": "graphic", "frame_phase": "graphic", "ball_position": null}
STRIP: null null-null (null) | extras=null | this_over=n
[17:30:02 F53 TEST] INFO: [F53] SCOREBOARD cam=graphic → dead-time skip (#3)
[17:30:05 F54 VISION] INFO: [SCOUT] ADVERTISEMENT 678ms strip=False overlay=False drs=False cam=ad phase=advertisement digits=False 160 chars
[17:30:05 F54 TEST] INFO: [F54] AD 683ms (#4)
[17:30:15 F55 VISION] INFO: [SCOUT] SCOREBOARD 1263ms strip=True overlay=False drs=False cam=closeup phase=between_play digits=False 425 chars
[17:30:15 F55 VISION] INFO: [SCOUT] Preview: {"has_strip": true, "has_overlay_stats": false, "drs_review": false, "camera_view": "closeup", "frame_phase": "between_play", "ball_position": null}
STRIP: KKR 8-0 (1) | extras=null | this_over=null |
[17:30:15 F55 TEST] INFO: [F55] cam=closeup → resuming active play after dead-time gap (#3 skipped)
[17:30:15 F55 TEST] INFO: 
=======================================================
[17:30:15 F55 TEST] INFO: [F55] SCOREBOARD — #19
[17:30:15 F55 TEST] INFO:   [V 1267ms] STRIP: KKR 8-0 (1) | extras=null | this_over=null | Rahane 6(4) | Allen 2(2) | Cummins 0-0 (0)
INFO_PANEL: null
SPEED: null
EXTRA: null
THIS OVER: null
FULL SCORECARD: null
The player, likely a team member or bowler, appears to be reacting or prepari
[17:30:16 F55 EXTRACT] INFO: Extracted in 1.2s (llama-4-scout-17b-16e-instruct)
[17:30:16 F55 BOARD] INFO: [NAME] Exact miss for 'RAHANE', trying fuzzy (0 keys)...
[17:30:16 F55 BOARD] WARN: No match for 'RAHANE'. Closest: []
[17:30:16 F55 BOARD] INFO: [NAME] Exact miss for 'ALLEN', trying fuzzy (0 keys)...
[17:30:16 F55 BOARD] WARN: No match for 'ALLEN'. Closest: []
[17:30:16 F55 TEST] INFO:   [E 1168ms] visible_team=None score=None-None (None) target=None rr=None
[17:30:16 F55 TEST] INFO:     BAT: Rahane 6(4) 
[17:30:16 F55 TEST] INFO:     BAT: Allen 2(2) 
[17:30:16 F55 TEST] INFO:     BOWL: Cummins None-None (None)
[17:30:17 F55 SCORER] INFO: Scored in 0.9s (llama-4-scout-17b-16e-instruct)
[17:30:17 F55 TEST] INFO:   [S] Hint: Current batters: Rahane, Allen. Bowler: Cummins. Read their stats from the scoreboard.
[17:30:17 F55 TEST] INFO:   No batting team set — skipping all updates
[17:30:17 F55 TEST] INFO:   [S 877ms] Changes: none
[17:30:17 F55 TEST] INFO:   Total: 3312ms (V:1267 E:1168 S:877)
[17:30:17 F55 TEST] INFO:   [THIS OVER] ['?', '?', '?', '?'] = 0 runs
[17:30:17 F55 TEST] INFO:   STATE: KKR 6-0 (0.4) inn=1 RR=9.0 | Bat: None | Bowl: None
[17:30:17 F55 BOARD] INFO: [NAME] Exact miss for 'RAHANE', trying fuzzy (0 keys)...
[17:30:17 F55 BOARD] WARN: No match for 'RAHANE'. Closest: []
[17:30:17 F55 BOARD] INFO: [NAME] Exact miss for 'ALLEN', trying fuzzy (0 keys)...
[17:30:17 F55 BOARD] WARN: No match for 'ALLEN'. Closest: []
[17:30:17 F55 BOARD] INFO: [NAME] Exact miss for 'CUMMINS', trying fuzzy (0 keys)...
[17:30:17 F55 BOARD] WARN: No match for 'CUMMINS'. Closest: []
[17:30:17 F55 SCORE_MGR] INFO:   [SM-FEEDER-SYNC] field=bat1_runs note=read_only_now sb_value=None
[17:30:17 F55 SCORE_MGR] INFO:   [SM-FEEDER-SYNC] field=bat1_balls note=read_only_now sb_value=None
[17:30:17 F55 SCORE_MGR] INFO:   [SM-FEEDER-SYNC] field=bat2_runs note=read_only_now sb_value=None
[17:30:17 F55 SCORE_MGR] INFO:   [SM-FEEDER-SYNC] field=bat2_balls note=read_only_now sb_value=None
[17:30:17 F55 BOARD] INFO: [NAME] Exact miss for 'RAHANE', trying fuzzy (0 keys)...
[17:30:17 F55 BOARD] WARN: No match for 'RAHANE'. Closest: []
[17:30:17 F55 BOARD] INFO: [NAME] Exact miss for 'ALLEN', trying fuzzy (0 keys)...
[17:30:17 F55 BOARD] WARN: No match for 'ALLEN'. Closest: []
[17:30:17 F55 BOARD] INFO: [NAME] Exact miss for 'RAHANE', trying fuzzy (0 keys)...
[17:30:17 F55 BOARD] WARN: No match for 'RAHANE'. Closest: []
[17:30:17 F55 BOARD] INFO: [NAME] Exact miss for 'ALLEN', trying fuzzy (0 keys)...
[17:30:17 F55 BOARD] WARN: No match for 'ALLEN'. Closest: []
[17:30:17 F55 TEST] WARN:   [WS-SCRUB] striker='Rahane' rejected reason=not_in_card (#1) → fallback=None active=[]
[17:30:17 F55 TEST] WARN:   [WS-SCRUB] non='Allen' rejected reason=not_in_card (#1) → fallback=None active=[]
[17:30:17 F55 FIELD] INFO: [F55] IC-mid_on moved to IC-cover_point
[17:30:17 F55 FIELD] INFO: [F55] IC-point moved to IC-mid_off
[17:30:17 F55 FIELD] INFO: [F55] OC-deep_midwicket_sq moved to OC-deep_backward_square
[17:30:17 F55 FIELD] INFO: [F55] IC-backward_point pushed back — defensive
[17:30:17 F55 TEST] INFO:   [FIELD-MONITOR] Field unchanged for 54 frames (template=pace_powerplay, frozen=True, phase=powerplay). If a wicket / over / bowler change has happened in this window, the field-state updater is the bug.
[17:30:17 F55 TEST] INFO: DETAIL|F55|SCOREBOARD|tag=SCOREBOARD|scout=STRIP: KKR 8-0 (1) | extras=null | this_over=null | Rahane 6(4) | Allen 2(2) | Cummins 0-0 (0) INFO_PANEL: null SPEED: n|action=—|ext_score=None-None(None)|ext_bat=Rahane 6(4) | Allen 2(2)|ext_bowl=Cummins None-None (None)|scorer_changes=[]|yolo=4|BEFORE_score=6-0(0.4)|BEFORE_bat1=—|BEFORE_bat2=—|BEFORE_bowl=— ?-? (?)|BEFORE_this_over=['?', '?', '?', '?']|AFTER_score=6-0(0.4)|AFTER_bat1=—|AFTER_bat2=—|AFTER_bowl=— ?-? (?)|AFTER_this_over=['?', '?', '?', '?']|AFTER_this_over_src=?(bcast),?(bcast),?(bcast),?(bcast)|AFTER_striker=Rahane|AFTER_non=Allen|AFTER_run_rate=9.00|AFTER_target=—|AFTER_innings=1|AFTER_partnership=—|AFTER_fow_count=0|AFTER_field=pace_powerplay frozen=True fielders=['slip_1', 'gully', 'point', 'cover', 'mid_off', 'mid_on', 'midwicket', 'square_leg', 'fine_leg']|ball_event=—|ball_event_runs=—|ball_event_over=—|ball_event_extra=—|ball_event_free_hit=—|broadcast_extra=—|dismissal_mode=—|striker_this_ball=—|delivery_length=—|delivery_line=—|delivery_angle=—|delivery_shot=—|delivery_direction=—|delivery_elevation=—|delivery_bounce=—|delivery_dets=0|delivery_method=—|delivery_snap_dets=—|delivery_3layer_dets=—|delivery_det_rate=—|delivery_dir_zone=—|delivery_dir_conf=0|delivery_shot_action=—|delivery_shot_intent=—|delivery_swing=—|delivery_speed_vlm=—|delivery_vlm_conf=—|delivery_vlm_ms=—|speed_kph=—|venue=—|batting_team=—|match_info=—|completed_over=—|completed_over_runs=—|drs_state=NONE|corrections=none|lat_vision=1267|lat_extract=1168|lat_scorer=877|lat_field=128|lat_comm=0|lat_code=0|lat_total=3316|comm_bowler=—|comm_wire=—|comm_storyteller=—|comm_analyst=—|comm_colour=—|comm_wire_ms=0|comm_story_ms=0|comm_analyst_ms=0|comm_colour_ms=0
[17:30:20 F56 VISION] INFO: [SCOUT] SCOREBOARD 1207ms strip=True overlay=False drs=False cam=other phase=between_play digits=False 413 chars
[17:30:20 F56 VISION] INFO: [SCOUT] Preview: {"has_strip": true, "has_overlay_stats": false, "drs_review": false, "camera_view": "other", "frame_phase": "between_play", "ball_position": null}

STRIP: KKR 8-0 (1) | extras=null | this_over=null | 
[17:30:20 F56 TEST] INFO: [F56] SCOREBOARD cam=other → dead-time skip (#4)
[17:30:20 F56 BOARD] INFO: [NAME] Exact miss for 'RAHANE', trying fuzzy (0 keys)...
[17:30:20 F56 BOARD] WARN: No match for 'RAHANE'. Closest: []
[17:30:20 F56 BOARD] INFO: [NAME] Exact miss for 'ALLEN', trying fuzzy (0 keys)...
[17:30:20 F56 BOARD] WARN: No match for 'ALLEN'. Closest: []
[17:30:20 F56 TEST] WARN:   [WS-SCRUB] striker='Rahane' rejected reason=not_in_card (#2) → fallback=None active=[]
[17:30:20 F56 TEST] WARN:   [WS-SCRUB] non='Allen' rejected reason=not_in_card (#2) → fallback=None active=[]
[17:30:23 F57 VISION] INFO: [SCOUT] SCOREBOARD 774ms strip=True overlay=False drs=False cam=closeup phase=between_play digits=False 412 chars
[17:30:23 F57 VISION] INFO: [SCOUT] Preview: {"has_strip": true, "has_overlay_stats": false, "drs_review": false, "camera_view": "closeup", "frame_phase": "between_play", "ball_position": null}

STRIP: KKR 8-0 (1) | extras=null | this_over=null 
[17:30:23 F57 TEST] INFO: [F57] cam=closeup → resuming active play after dead-time gap (#4 skipped)
[17:30:23 F57 TEST] INFO: 
=======================================================
[17:30:23 F57 TEST] INFO: [F57] SCOREBOARD — #20
[17:30:23 F57 TEST] INFO:   [V 778ms] STRIP: KKR 8-0 (1) | extras=null | this_over=null | Rahane 6(4) | Allen 2(2) | Cummins 0-0 (0)

INFO_PANEL: null
SPEED: null
EXTRA: null
THIS OVER: null
FULL SCORECARD: null

The player, likely Cummins, appears to be preparing or reacting during a br
[17:30:25 F57 EXTRACT] INFO: Extracted in 1.6s (llama-4-scout-17b-16e-instruct)
[17:30:25 F57 BOARD] INFO: [NAME] Exact miss for 'RAHANE', trying fuzzy (0 keys)...
[17:30:25 F57 BOARD] WARN: No match for 'RAHANE'. Closest: []
[17:30:25 F57 BOARD] INFO: [NAME] Exact miss for 'ALLEN', trying fuzzy (0 keys)...
[17:30:25 F57 BOARD] WARN: No match for 'ALLEN'. Closest: []
[17:30:25 F57 TEST] INFO:   [E 1636ms] visible_team=None score=None-None (None) target=None rr=None
[17:30:25 F57 TEST] INFO:     BAT: Rahane 6(4) 
[17:30:25 F57 TEST] INFO:     BAT: Allen 2(2) 
[17:30:25 F57 TEST] INFO:     BOWL: Cummins None-None (None)
[17:30:26 F57 SCORER] INFO: Scored in 1.0s (llama-4-scout-17b-16e-instruct)
[17:30:26 F57 TEST] INFO:   [S] Hint: Current batters: RAHANE and ALLEN. Bowler: CUMMINS. Read their stats from the scoreboard.
[17:30:26 F57 TEST] INFO:   No batting team set — skipping all updates
[17:30:26 F57 BOARD] INFO: [NAME] Exact miss for 'RAHANE', trying fuzzy (0 keys)...
[17:30:26 F57 BOARD] WARN: No match for 'RAHANE'. Closest: []
[17:30:26 F57 BOARD] INFO: [NAME] Exact miss for 'ALLEN', trying fuzzy (0 keys)...
[17:30:26 F57 BOARD] WARN: No match for 'ALLEN'. Closest: []
[17:30:26 F57 TEST] INFO:   [S 994ms] Changes: none
[17:30:26 F57 TEST] INFO:   Total: 3408ms (V:778 E:1636 S:994)
[17:30:26 F57 TEST] INFO:   [THIS OVER] ['?', '?', '?', '?'] = 0 runs
[17:30:26 F57 BOARD] INFO: [NAME] Exact miss for 'RAHANE', trying fuzzy (0 keys)...
[17:30:26 F57 BOARD] WARN: No match for 'RAHANE'. Closest: []
[17:30:26 F57 TEST] INFO:   STATE: KKR 6-0 (0.4) inn=1 RR=9.0 | Bat: None | Bowl: None
[17:30:26 F57 BOARD] INFO: [NAME] Exact miss for 'RAHANE', trying fuzzy (0 keys)...
[17:30:26 F57 BOARD] WARN: No match for 'RAHANE'. Closest: []
[17:30:26 F57 BOARD] INFO: [NAME] Exact miss for 'ALLEN', trying fuzzy (0 keys)...
[17:30:26 F57 BOARD] WARN: No match for 'ALLEN'. Closest: []
[17:30:26 F57 BOARD] INFO: [NAME] Exact miss for 'RAHANE', trying fuzzy (0 keys)...
[17:30:26 F57 BOARD] WARN: No match for 'RAHANE'. Closest: []
[17:30:26 F57 BOARD] INFO: [NAME] Exact miss for 'ALLEN', trying fuzzy (0 keys)...
[17:30:26 F57 BOARD] WARN: No match for 'ALLEN'. Closest: []
[17:30:26 F57 BOARD] INFO: [NAME] Exact miss for 'CUMMINS', trying fuzzy (0 keys)...
[17:30:26 F57 BOARD] WARN: No match for 'CUMMINS'. Closest: []
[17:30:26 F57 SCORE_MGR] INFO:   [SM-FEEDER-SYNC] field=bat1_runs note=read_only_now sb_value=None
[17:30:26 F57 SCORE_MGR] INFO:   [SM-FEEDER-SYNC] field=bat1_balls note=read_only_now sb_value=None
[17:30:26 F57 SCORE_MGR] INFO:   [SM-FEEDER-SYNC] field=bat2_runs note=read_only_now sb_value=None
[17:30:26 F57 SCORE_MGR] INFO:   [SM-FEEDER-SYNC] field=bat2_balls note=read_only_now sb_value=None
[17:30:26 F57 BOARD] INFO: [NAME] Exact miss for 'RAHANE', trying fuzzy (0 keys)...
[17:30:26 F57 BOARD] WARN: No match for 'RAHANE'. Closest: []
[17:30:26 F57 BOARD] INFO: [NAME] Exact miss for 'ALLEN', trying fuzzy (0 keys)...
[17:30:26 F57 BOARD] WARN: No match for 'ALLEN'. Closest: []
[17:30:26 F57 TEST] WARN:   [WS-SCRUB] striker='Rahane' rejected reason=not_in_card (#3) → fallback=None active=[]
[17:30:26 F57 TEST] WARN:   [WS-SCRUB] non='Allen' rejected reason=not_in_card (#3) → fallback=None active=[]
[17:30:26 F57 TEST] WARN: [WS-COLD-START-GATE] OPEN (timeout) — 94s elapsed since first broadcast attempt without first committed non-zero state.  Releasing gate to avoid UI hang (Fix 17 Path D).
[17:30:26 F57 TEST] INFO: DETAIL|F57|SCOREBOARD|tag=SCOREBOARD|scout=STRIP: KKR 8-0 (1) | extras=null | this_over=null | Rahane 6(4) | Allen 2(2) | Cummins 0-0 (0)  INFO_PANEL: null SPEED: |action=—|ext_score=None-None(None)|ext_bat=Rahane 6(4) | Allen 2(2)|ext_bowl=Cummins None-None (None)|scorer_changes=[]|yolo=0|BEFORE_score=6-0(0.4)|BEFORE_bat1=—|BEFORE_bat2=—|BEFORE_bowl=— ?-? (?)|BEFORE_this_over=['?', '?', '?', '?']|AFTER_score=6-0(0.4)|AFTER_bat1=—|AFTER_bat2=—|AFTER_bowl=— ?-? (?)|AFTER_this_over=['?', '?', '?', '?']|AFTER_this_over_src=?(bcast),?(bcast),?(bcast),?(bcast)|AFTER_striker=Rahane|AFTER_non=Allen|AFTER_run_rate=9.00|AFTER_target=—|AFTER_innings=1|AFTER_partnership=—|AFTER_fow_count=0|AFTER_field=pace_powerplay frozen=True fielders=['slip_1', 'gully', 'point', 'cover', 'mid_off', 'mid_on', 'midwicket', 'square_leg', 'fine_leg']|ball_event=—|ball_event_runs=—|ball_event_over=—|ball_event_extra=—|ball_event_free_hit=—|broadcast_extra=—|dismissal_mode=—|striker_this_ball=—|delivery_length=—|delivery_line=—|delivery_angle=—|delivery_shot=—|delivery_direction=—|delivery_elevation=—|delivery_bounce=—|delivery_dets=0|delivery_method=—|delivery_snap_dets=—|delivery_3layer_dets=—|delivery_det_rate=—|delivery_dir_zone=—|delivery_dir_conf=0|delivery_shot_action=—|delivery_shot_intent=—|delivery_swing=—|delivery_speed_vlm=—|delivery_vlm_conf=—|delivery_vlm_ms=—|speed_kph=—|venue=—|batting_team=—|match_info=—|completed_over=—|completed_over_runs=—|drs_state=NONE|corrections=none|lat_vision=778|lat_extract=1636|lat_scorer=994|lat_field=173|lat_comm=0|lat_code=0|lat_total=3413|comm_bowler=—|comm_wire=—|comm_storyteller=—|comm_analyst=—|comm_colour=—|comm_wire_ms=0|comm_story_ms=0|comm_analyst_ms=0|comm_colour_ms=0
  [TAGS] tagged_buffer=7 bowlers_end=6 phases(action=3 post=0 other=4 none=0)
[17:30:29 F58 VISION] INFO: [SCOUT] SCOREBOARD 778ms strip=True overlay=False drs=False cam=bowlers_end phase=between_play digits=False 386 chars
[17:30:29 F58 VISION] INFO: [SCOUT] Preview: {"has_strip": true, "has_overlay_stats": false, "drs_review": false, "camera_view": "bowlers_end", "frame_phase": "between_play", "ball_position": null}

STRIP: KKR 8-0 (1) | extras=null | this_over=n
[17:30:29 F58 TEST] INFO: 
=======================================================
[17:30:29 F58 TEST] INFO: [F58] SCOREBOARD — #21
[17:30:29 F58 TEST] INFO:   [V 782ms] STRIP: KKR 8-0 (1) | extras=null | this_over=null | RAHANE 6(4) | ALLEN 2(2) | CUMMINS 0-0 (0)

INFO_PANEL: null
SPEED: null
EXTRA: null
THIS OVER: null
FULL SCORECARD: null

The action is between play with the players on the field.
[17:30:30 F58 EXTRACT] INFO: Extracted in 1.3s (llama-4-scout-17b-16e-instruct)
[17:30:30 F58 TEST] INFO:   [E 1311ms] visible_team=None score=None-None (None) target=None rr=None
[17:30:32 F58 SCORER] INFO: Scored in 1.4s (llama-4-scout-17b-16e-instruct)
[17:30:32 F58 TEST] INFO:   [S] Hint: Current batters: RAHANE and ALLEN. Bowler: CUMMINS. Read their stats from the scoreboard.
[17:30:32 F58 TEST] INFO:   No batting team set — skipping all updates
[17:30:32 F58 BOARD] INFO: [NAME] Exact miss for 'RAHANE', trying fuzzy (0 keys)...
[17:30:32 F58 BOARD] WARN: No match for 'RAHANE'. Closest: []
[17:30:32 F58 BOARD] INFO: [NAME] Exact miss for 'ALLEN', trying fuzzy (0 keys)...
[17:30:32 F58 BOARD] WARN: No match for 'ALLEN'. Closest: []
[17:30:32 F58 TEST] INFO:   [S 1429ms] Changes: none
[17:30:32 F58 TEST] INFO:   Total: 3522ms (V:782 E:1311 S:1429)
[17:30:32 F58 TEST] INFO:   [THIS OVER] ['?', '?', '?', '?'] = 0 runs
[17:30:32 F58 BOARD] INFO: [NAME] Exact miss for 'RAHANE', trying fuzzy (0 keys)...
[17:30:32 F58 BOARD] WARN: No match for 'RAHANE'. Closest: []
[17:30:32 F58 TEST] INFO:   STATE: KKR 6-0 (0.4) inn=1 RR=9.0 | Bat: None | Bowl: None
[17:30:32 F58 BOARD] INFO: [NAME] Exact miss for 'RAHANE', trying fuzzy (0 keys)...
[17:30:32 F58 BOARD] WARN: No match for 'RAHANE'. Closest: []
[17:30:32 F58 BOARD] INFO: [NAME] Exact miss for 'ALLEN', trying fuzzy (0 keys)...
[17:30:32 F58 BOARD] WARN: No match for 'ALLEN'. Closest: []
[17:30:32 F58 TEST] WARN:   [WS-SCRUB] striker='Rahane' rejected reason=not_in_card (#4) → fallback=None active=[]
[17:30:32 F58 TEST] WARN:   [WS-SCRUB] non='Allen' rejected reason=not_in_card (#4) → fallback=None active=[]
[17:30:32 F58 FIELD] INFO: [F58] IC-backward_square brought in — attacking
[17:30:32 F58 FIELD] INFO: [F58] IC-cover_point moved to IC-midwicket
[17:30:32 F58 FIELD] INFO: [F58] IC-mid_off pushed back — defensive
[17:30:32 F58 TEST] INFO: DETAIL|F58|SCOREBOARD|tag=SCOREBOARD|scout=STRIP: KKR 8-0 (1) | extras=null | this_over=null | RAHANE 6(4) | ALLEN 2(2) | CUMMINS 0-0 (0)  INFO_PANEL: null SPEED: |action=—|ext_score=None-None(None)|ext_bat=|ext_bowl=|scorer_changes=[]|yolo=6|BEFORE_score=6-0(0.4)|BEFORE_bat1=—|BEFORE_bat2=—|BEFORE_bowl=— ?-? (?)|BEFORE_this_over=['?', '?', '?', '?']|AFTER_score=6-0(0.4)|AFTER_bat1=—|AFTER_bat2=—|AFTER_bowl=— ?-? (?)|AFTER_this_over=['?', '?', '?', '?']|AFTER_this_over_src=?(bcast),?(bcast),?(bcast),?(bcast)|AFTER_striker=Rahane|AFTER_non=Allen|AFTER_run_rate=9.00|AFTER_target=—|AFTER_innings=1|AFTER_partnership=—|AFTER_fow_count=0|AFTER_field=pace_powerplay frozen=True fielders=['slip_1', 'gully', 'point', 'cover', 'mid_off', 'mid_on', 'midwicket', 'square_leg', 'fine_leg']|ball_event=—|ball_event_runs=—|ball_event_over=—|ball_event_extra=—|ball_event_free_hit=—|broadcast_extra=—|dismissal_mode=—|striker_this_ball=—|delivery_length=—|delivery_line=—|delivery_angle=—|delivery_shot=—|delivery_direction=—|delivery_elevation=—|delivery_bounce=—|delivery_dets=0|delivery_method=—|delivery_snap_dets=—|delivery_3layer_dets=—|delivery_det_rate=—|delivery_dir_zone=—|delivery_dir_conf=0|delivery_shot_action=—|delivery_shot_intent=—|delivery_swing=—|delivery_speed_vlm=—|delivery_vlm_conf=—|delivery_vlm_ms=—|speed_kph=—|venue=—|batting_team=—|match_info=—|completed_over=—|completed_over_runs=—|drs_state=NONE|corrections=none|lat_vision=782|lat_extract=1311|lat_scorer=1429|lat_field=121|lat_comm=0|lat_code=0|lat_total=3526|comm_bowler=—|comm_wire=—|comm_storyteller=—|comm_analyst=—|comm_colour=—|comm_wire_ms=0|comm_story_ms=0|comm_analyst_ms=0|comm_colour_ms=0
[17:30:34 F59 VISION] INFO: [SCOUT] SCOREBOARD 763ms strip=True overlay=False drs=False cam=bowlers_end phase=between_play digits=False 441 chars
[17:30:34 F59 VISION] INFO: [SCOUT] Preview: {"has_strip": true, "has_overlay_stats": false, "drs_review": false, "camera_view": "bowlers_end", "frame_phase": "between_play", "ball_position": null}

STRIP: KKR 8-0 (1) | extras=null | this_over=n
[17:30:34 F59 TEST] INFO: 
=======================================================
[17:30:34 F59 TEST] INFO: [F59] SCOREBOARD — #22
[17:30:34 F59 TEST] INFO:   [V 767ms] STRIP: KKR 8-0 (1) | extras=null | this_over=null | RAHANE 6(4) | ALLEN 2(2) | CUMMINS 0-0 (0)

INFO_PANEL: null
SPEED: null
EXTRA: null
THIS OVER: null
FULL SCORECARD: null

The action is currently between plays, with players on the field and no imm
[17:30:36 F59 EXTRACT] INFO: Extracted in 1.2s (llama-4-scout-17b-16e-instruct)
[17:30:36 F59 BOARD] INFO: [NAME] Exact miss for 'RAHANE', trying fuzzy (0 keys)...
[17:30:36 F59 BOARD] WARN: No match for 'RAHANE'. Closest: []
[17:30:36 F59 BOARD] INFO: [NAME] Exact miss for 'ALLEN', trying fuzzy (0 keys)...
[17:30:36 F59 BOARD] WARN: No match for 'ALLEN'. Closest: []
[17:30:36 F59 TEST] INFO:   [E 1202ms] visible_team=None score=None-None (None) target=None rr=None
[17:30:36 F59 TEST] INFO:     BAT: RAHANE 6(4) 
[17:30:36 F59 TEST] INFO:     BAT: ALLEN 2(2) 
[17:30:36 F59 TEST] INFO:     BOWL: CUMMINS 0-0 (0)
[17:30:37 F59 SCORER] INFO: Scored in 1.1s (llama-4-scout-17b-16e-instruct)
[17:30:37 F59 TEST] INFO:   [S] Hint: Current batters: RAHANE and ALLEN. Bowler: CUMMINS. Read their stats from the scoreboard.
[17:30:37 F59 TEST] INFO:   No batting team set — skipping all updates
[17:30:37 F59 BOARD] INFO: [NAME] Exact miss for 'RAHANE', trying fuzzy (0 keys)...
[17:30:37 F59 BOARD] WARN: No match for 'RAHANE'. Closest: []
[17:30:37 F59 BOARD] INFO: [NAME] Exact miss for 'ALLEN', trying fuzzy (0 keys)...
[17:30:37 F59 BOARD] WARN: No match for 'ALLEN'. Closest: []
[17:30:37 F59 TEST] INFO:   [S 1125ms] Changes: none
[17:30:37 F59 TEST] INFO:   Total: 3093ms (V:767 E:1202 S:1125)
[17:30:37 F59 TEST] INFO:   [THIS OVER] ['?', '?', '?', '?'] = 0 runs
[17:30:37 F59 BOARD] INFO: [NAME] Exact miss for 'RAHANE', trying fuzzy (0 keys)...
[17:30:37 F59 BOARD] WARN: No match for 'RAHANE'. Closest: []
[17:30:37 F59 TEST] INFO:   STATE: KKR 6-0 (0.4) inn=1 RR=9.0 | Bat: None | Bowl: None
[17:30:37 F59 BOARD] INFO: [NAME] Exact miss for 'RAHANE', trying fuzzy (0 keys)...
[17:30:37 F59 BOARD] WARN: No match for 'RAHANE'. Closest: []
[17:30:37 F59 BOARD] INFO: [NAME] Exact miss for 'ALLEN', trying fuzzy (0 keys)...
[17:30:37 F59 BOARD] WARN: No match for 'ALLEN'. Closest: []
[17:30:37 F59 BOARD] INFO: [NAME] Exact miss for 'RAHANE', trying fuzzy (0 keys)...
[17:30:37 F59 BOARD] WARN: No match for 'RAHANE'. Closest: []
[17:30:37 F59 BOARD] INFO: [NAME] Exact miss for 'ALLEN', trying fuzzy (0 keys)...
[17:30:37 F59 BOARD] WARN: No match for 'ALLEN'. Closest: []
[17:30:37 F59 BOARD] INFO: [NAME] Exact miss for 'CUMMINS', trying fuzzy (0 keys)...
[17:30:37 F59 BOARD] WARN: No match for 'CUMMINS'. Closest: []
[17:30:37 F59 SCORE_MGR] INFO:   [SM-FEEDER-SYNC] field=bat1_runs note=read_only_now sb_value=None
[17:30:37 F59 SCORE_MGR] INFO:   [SM-FEEDER-SYNC] field=bat1_balls note=read_only_now sb_value=None
[17:30:37 F59 SCORE_MGR] INFO:   [SM-FEEDER-SYNC] field=bat2_runs note=read_only_now sb_value=None
[17:30:37 F59 SCORE_MGR] INFO:   [SM-FEEDER-SYNC] field=bat2_balls note=read_only_now sb_value=None
[17:30:37 F59 BOARD] INFO: [NAME] Exact miss for 'RAHANE', trying fuzzy (0 keys)...
[17:30:37 F59 BOARD] WARN: No match for 'RAHANE'. Closest: []
[17:30:37 F59 BOARD] INFO: [NAME] Exact miss for 'ALLEN', trying fuzzy (0 keys)...
[17:30:37 F59 BOARD] WARN: No match for 'ALLEN'. Closest: []
[17:30:37 F59 TEST] WARN:   [WS-SCRUB] striker='Rahane' rejected reason=not_in_card (#5) → fallback=None active=[]
[17:30:37 F59 TEST] WARN:   [WS-SCRUB] non='Allen' rejected reason=not_in_card (#5) → fallback=None active=[]
[17:30:37 F59 FIELD] INFO: [F59] OC-deep_fine_leg moved to OC-deep_midwicket_sq
[17:30:37 F59 FIELD] INFO: [F59] IC-backward_square pushed back — defensive
[17:30:37 F59 FIELD] INFO: [F59] OC-wide_long_on moved to OC-deep_midwicket
[17:30:37 F59 FIELD] INFO: [F59] OC-long_on moved to OC-deep_midwicket
[17:30:37 F59 FIELD] INFO: [F59] OC-wide_long_on moved to OC-deep_midwicket
[17:30:37 F59 FIELD] INFO: [F59] IC-midwicket moved to IC-cover
[17:30:37 F59 TEST] INFO: DETAIL|F59|SCOREBOARD|tag=SCOREBOARD|scout=STRIP: KKR 8-0 (1) | extras=null | this_over=null | RAHANE 6(4) | ALLEN 2(2) | CUMMINS 0-0 (0)  INFO_PANEL: null SPEED: |action=—|ext_score=None-None(None)|ext_bat=RAHANE 6(4) | ALLEN 2(2)|ext_bowl=CUMMINS 0-0 (0)|scorer_changes=[]|yolo=9|BEFORE_score=6-0(0.4)|BEFORE_bat1=—|BEFORE_bat2=—|BEFORE_bowl=— ?-? (?)|BEFORE_this_over=['?', '?', '?', '?']|AFTER_score=6-0(0.4)|AFTER_bat1=—|AFTER_bat2=—|AFTER_bowl=— ?-? (?)|AFTER_this_over=['?', '?', '?', '?']|AFTER_this_over_src=?(bcast),?(bcast),?(bcast),?(bcast)|AFTER_striker=Rahane|AFTER_non=Allen|AFTER_run_rate=9.00|AFTER_target=—|AFTER_innings=1|AFTER_partnership=—|AFTER_fow_count=0|AFTER_field=pace_powerplay frozen=True fielders=['slip_1', 'gully', 'point', 'cover', 'mid_off', 'mid_on', 'midwicket', 'square_leg', 'fine_leg']|ball_event=—|ball_event_runs=—|ball_event_over=—|ball_event_extra=—|ball_event_free_hit=—|broadcast_extra=—|dismissal_mode=—|striker_this_ball=—|delivery_length=—|delivery_line=—|delivery_angle=—|delivery_shot=—|delivery_direction=—|delivery_elevation=—|delivery_bounce=—|delivery_dets=0|delivery_method=—|delivery_snap_dets=—|delivery_3layer_dets=—|delivery_det_rate=—|delivery_dir_zone=—|delivery_dir_conf=0|delivery_shot_action=—|delivery_shot_intent=—|delivery_swing=—|delivery_speed_vlm=—|delivery_vlm_conf=—|delivery_vlm_ms=—|speed_kph=—|venue=—|batting_team=—|match_info=—|completed_over=—|completed_over_runs=—|drs_state=NONE|corrections=none|lat_vision=767|lat_extract=1202|lat_scorer=1125|lat_field=106|lat_comm=0|lat_code=0|lat_total=3098|comm_bowler=—|comm_wire=—|comm_storyteller=—|comm_analyst=—|comm_colour=—|comm_wire_ms=0|comm_story_ms=0|comm_analyst_ms=0|comm_colour_ms=0
[17:30:40 F60 VISION] INFO: [SCOUT] SCOREBOARD 824ms strip=True overlay=False drs=False cam=closeup phase=between_play digits=False 418 chars
[17:30:40 F60 VISION] INFO: [SCOUT] Preview: {"has_strip": true, "has_overlay_stats": false, "drs_review": false, "camera_view": "closeup", "frame_phase": "between_play", "ball_position": null}

STRIP: KKR 9-0 (1.1) | extras=null | this_over=3.3
[17:30:40 F60 TEST] INFO: 
=======================================================
[17:30:40 F60 TEST] INFO: [F60] SCOREBOARD — #23
[17:30:40 F60 TEST] INFO:   [V 829ms] STRIP: KKR 9-0 (1.1) | extras=null | this_over=3.3 | RAHANE 6(4) | ALLEN 3(3) | CUMMINS 0-1 (0.1)

INFO_PANEL: null
SPEED: null
EXTRA: null
THIS OVER: null
FULL SCORECARD: null

The players are currently walking or standing on the field, likely durin
[17:30:41 F60 EXTRACT] INFO: Extracted in 1.1s (llama-4-scout-17b-16e-instruct)
[17:30:41 F60 TEST] INFO:   [E 1110ms] visible_team=None score=None-None (None) target=None rr=None
[17:30:42 F60 SCORER] INFO: Scored in 0.7s (llama-4-scout-17b-16e-instruct)
[17:30:42 F60 TEST] INFO:   [S] Hint: Current batters: None. Bowler: None. Read their stats from the scoreboard.
[17:30:42 F60 TEST] INFO:   No batting team set — skipping all updates
[17:30:42 F60 BOARD] INFO: [NAME] Exact miss for 'RAHANE', trying fuzzy (0 keys)...
[17:30:42 F60 BOARD] WARN: No match for 'RAHANE'. Closest: []
[17:30:42 F60 BOARD] INFO: [NAME] Exact miss for 'ALLEN', trying fuzzy (0 keys)...
[17:30:42 F60 BOARD] WARN: No match for 'ALLEN'. Closest: []
[17:30:42 F60 TEST] INFO:   [S 703ms] Changes: none
[17:30:42 F60 TEST] INFO:   Total: 2641ms (V:829 E:1110 S:703)
[17:30:42 F60 TEST] INFO:   [THIS OVER] ['?', '?', '?', '?'] = 0 runs
[17:30:42 F60 BOARD] INFO: [NAME] Exact miss for 'RAHANE', trying fuzzy (0 keys)...
[17:30:42 F60 BOARD] WARN: No match for 'RAHANE'. Closest: []
[17:30:42 F60 TEST] INFO:   STATE: KKR 6-0 (0.4) inn=1 RR=9.0 | Bat: None | Bowl: None
[17:30:42 F60 BOARD] INFO: [NAME] Exact miss for 'RAHANE', trying fuzzy (0 keys)...
[17:30:42 F60 BOARD] WARN: No match for 'RAHANE'. Closest: []
[17:30:42 F60 BOARD] INFO: [NAME] Exact miss for 'ALLEN', trying fuzzy (0 keys)...
[17:30:42 F60 BOARD] WARN: No match for 'ALLEN'. Closest: []
[17:30:42 F60 TEST] WARN:   [WS-SCRUB] striker='Rahane' rejected reason=not_in_card (#6) → fallback=None active=[]
[17:30:42 F60 TEST] WARN:   [WS-SCRUB] non='Allen' rejected reason=not_in_card (#6) → fallback=None active=[]
[17:30:42 F60 FIELD] INFO: [F60] IC-backward_square brought in — attacking
[17:30:42 F60 FIELD] INFO: [F60] slip added — expecting edge
[17:30:42 F60 FIELD] INFO: [F60] deep fine leg — protecting against top edges
[17:30:42 F60 FIELD] INFO: [F60] slip added — expecting edge
[17:30:42 F60 FIELD] INFO: [F60] balanced | total:4 (yolo:4 vis:0) | slips:2 in:3 out:1 | keeper:back | fresh:0 balls ago | conf:0.4 | 96ms
[17:30:42 F60 TEST] INFO: DETAIL|F60|SCOREBOARD|tag=SCOREBOARD|scout=STRIP: KKR 9-0 (1.1) | extras=null | this_over=3.3 | RAHANE 6(4) | ALLEN 3(3) | CUMMINS 0-1 (0.1)  INFO_PANEL: null SPEE|action=—|ext_score=None-None(None)|ext_bat=|ext_bowl=|scorer_changes=[]|yolo=4|BEFORE_score=6-0(0.4)|BEFORE_bat1=—|BEFORE_bat2=—|BEFORE_bowl=— ?-? (?)|BEFORE_this_over=['?', '?', '?', '?']|AFTER_score=6-0(0.4)|AFTER_bat1=—|AFTER_bat2=—|AFTER_bowl=— ?-? (?)|AFTER_this_over=['?', '?', '?', '?']|AFTER_this_over_src=?(bcast),?(bcast),?(bcast),?(bcast)|AFTER_striker=Rahane|AFTER_non=Allen|AFTER_run_rate=9.00|AFTER_target=—|AFTER_innings=1|AFTER_partnership=—|AFTER_fow_count=0|AFTER_field=pace_powerplay frozen=True fielders=['slip_1', 'gully', 'point', 'cover', 'mid_off', 'mid_on', 'midwicket', 'square_leg', 'fine_leg']|ball_event=—|ball_event_runs=—|ball_event_over=—|ball_event_extra=—|ball_event_free_hit=—|broadcast_extra=—|dismissal_mode=—|striker_this_ball=—|delivery_length=—|delivery_line=—|delivery_angle=—|delivery_shot=—|delivery_direction=—|delivery_elevation=—|delivery_bounce=—|delivery_dets=0|delivery_method=—|delivery_snap_dets=—|delivery_3layer_dets=—|delivery_det_rate=—|delivery_dir_zone=—|delivery_dir_conf=0|delivery_shot_action=—|delivery_shot_intent=—|delivery_swing=—|delivery_speed_vlm=—|delivery_vlm_conf=—|delivery_vlm_ms=—|speed_kph=—|venue=—|batting_team=—|match_info=—|completed_over=—|completed_over_runs=—|drs_state=NONE|corrections=none|lat_vision=829|lat_extract=1110|lat_scorer=703|lat_field=96|lat_comm=0|lat_code=0|lat_total=2646|comm_bowler=—|comm_wire=—|comm_storyteller=—|comm_analyst=—|comm_colour=—|comm_wire_ms=0|comm_story_ms=0|comm_analyst_ms=0|comm_colour_ms=0
[17:30:45 F61 VISION] INFO: [SCOUT] SCOREBOARD 1024ms strip=True overlay=False drs=False cam=closeup phase=between_play digits=True 409 chars
[17:30:45 F61 TEST] INFO: 
=======================================================
[17:30:45 F61 TEST] INFO: [F61] SCOREBOARD — #24
[17:30:45 F61 TEST] INFO:   [V 1028ms] STRIP: KKR 9-0 (1.1) | extras=null | this_over=null | Rahane 6(4) | Allen 3(3) | null null-null (null)

INFO_PANEL: null
SPEED: 134.7
EXTRA: null
THIS OVER: null
FULL SCORECARD: null

The player Rahane is standing still, looking ahead, during a break
[17:30:46 F61 EXTRACT] INFO: Extracted in 1.1s (llama-4-scout-17b-16e-instruct)
[17:30:46 F61 BOARD] INFO: [NAME] Exact miss for 'RAHANE', trying fuzzy (0 keys)...
[17:30:46 F61 BOARD] WARN: No match for 'RAHANE'. Closest: []
[17:30:46 F61 BOARD] INFO: [NAME] Exact miss for 'ALLEN', trying fuzzy (0 keys)...
[17:30:46 F61 BOARD] WARN: No match for 'ALLEN'. Closest: []
[17:30:46 F61 TEST] INFO:   [E 1059ms] visible_team=None score=None-None (None) target=None rr=None
[17:30:46 F61 TEST] INFO:     BAT: Rahane 6(4) 
[17:30:46 F61 TEST] INFO:     BAT: Allen 3(3) 
[17:30:47 F61 SCORER] INFO: Scored in 0.8s (llama-4-scout-17b-16e-instruct)
[17:30:47 F61 TEST] INFO:   [S] Hint: Current batters: Rahane and Allen. Bowler: None. Read their stats from the scoreboard.
[17:30:47 F61 TEST] INFO:   No batting team set — skipping all updates
[17:30:47 F61 BOARD] INFO: [NAME] Exact miss for 'RAHANE', trying fuzzy (0 keys)...
[17:30:47 F61 BOARD] WARN: No match for 'RAHANE'. Closest: []
[17:30:47 F61 BOARD] INFO: [NAME] Exact miss for 'ALLEN', trying fuzzy (0 keys)...
[17:30:47 F61 BOARD] WARN: No match for 'ALLEN'. Closest: []
[17:30:47 F61 TEST] INFO:   [S 763ms] Changes: none
[17:30:47 F61 TEST] INFO:   Total: 2850ms (V:1028 E:1059 S:763)
[17:30:47 F61 TEST] INFO:   [THIS OVER] ['?', '?', '?', '?'] = 0 runs
[17:30:47 F61 BOARD] INFO: [NAME] Exact miss for 'RAHANE', trying fuzzy (0 keys)...
[17:30:47 F61 BOARD] WARN: No match for 'RAHANE'. Closest: []
[17:30:47 F61 TEST] INFO:   STATE: KKR 6-0 (0.4) inn=1 RR=9.0 | Bat: None | Bowl: None
[17:30:47 F61 BOARD] INFO: [NAME] Exact miss for 'RAHANE', trying fuzzy (0 keys)...
[17:30:47 F61 BOARD] WARN: No match for 'RAHANE'. Closest: []
[17:30:47 F61 BOARD] INFO: [NAME] Exact miss for 'ALLEN', trying fuzzy (0 keys)...
[17:30:47 F61 BOARD] WARN: No match for 'ALLEN'. Closest: []
[17:30:47 F61 BOARD] INFO: [NAME] Exact miss for 'RAHANE', trying fuzzy (0 keys)...
[17:30:47 F61 BOARD] WARN: No match for 'RAHANE'. Closest: []
[17:30:47 F61 BOARD] INFO: [NAME] Exact miss for 'ALLEN', trying fuzzy (0 keys)...
[17:30:47 F61 BOARD] WARN: No match for 'ALLEN'. Closest: []
[17:30:47 F61 SCORE_MGR] INFO:   [SM-FEEDER-SYNC] field=bat1_runs note=read_only_now sb_value=None
[17:30:47 F61 SCORE_MGR] INFO:   [SM-FEEDER-SYNC] field=bat1_balls note=read_only_now sb_value=None
[17:30:47 F61 SCORE_MGR] INFO:   [SM-FEEDER-SYNC] field=bat2_runs note=read_only_now sb_value=None
[17:30:47 F61 SCORE_MGR] INFO:   [SM-FEEDER-SYNC] field=bat2_balls note=read_only_now sb_value=None
[17:30:47 F61 BOARD] INFO: [NAME] Exact miss for 'RAHANE', trying fuzzy (0 keys)...
[17:30:47 F61 BOARD] WARN: No match for 'RAHANE'. Closest: []
[17:30:47 F61 BOARD] INFO: [NAME] Exact miss for 'ALLEN', trying fuzzy (0 keys)...
[17:30:47 F61 BOARD] WARN: No match for 'ALLEN'. Closest: []
[17:30:47 F61 TEST] WARN:   [WS-SCRUB] striker='Rahane' rejected reason=not_in_card (#7) → fallback=None active=[]
[17:30:47 F61 TEST] WARN:   [WS-SCRUB] non='Allen' rejected reason=not_in_card (#7) → fallback=None active=[]
[17:30:47 F61 FIELD] INFO: [F61] slip removed — less catching pressure
[17:30:47 F61 FIELD] INFO: [F61] IC-backward_square pushed back — defensive
[17:30:47 F61 FIELD] INFO: [F61] slip removed — less catching pressure
[17:30:47 F61 TEST] INFO: DETAIL|F61|SCOREBOARD|tag=SCOREBOARD|scout=STRIP: KKR 9-0 (1.1) | extras=null | this_over=null | Rahane 6(4) | Allen 3(3) | null null-null (null)  INFO_PANEL: null|action=—|ext_score=None-None(None)|ext_bat=Rahane 6(4) | Allen 3(3)|ext_bowl=|scorer_changes=[]|yolo=4|BEFORE_score=6-0(0.4)|BEFORE_bat1=—|BEFORE_bat2=—|BEFORE_bowl=— ?-? (?)|BEFORE_this_over=['?', '?', '?', '?']|AFTER_score=6-0(0.4)|AFTER_bat1=—|AFTER_bat2=—|AFTER_bowl=— ?-? (?)|AFTER_this_over=['?', '?', '?', '?']|AFTER_this_over_src=?(bcast),?(bcast),?(bcast),?(bcast)|AFTER_striker=Rahane|AFTER_non=Allen|AFTER_run_rate=9.00|AFTER_target=—|AFTER_innings=1|AFTER_partnership=—|AFTER_fow_count=0|AFTER_field=pace_powerplay frozen=True fielders=['slip_1', 'gully', 'point', 'cover', 'mid_off', 'mid_on', 'midwicket', 'square_leg', 'fine_leg']|ball_event=—|ball_event_runs=—|ball_event_over=—|ball_event_extra=—|ball_event_free_hit=—|broadcast_extra=—|dismissal_mode=—|striker_this_ball=—|delivery_length=—|delivery_line=—|delivery_angle=—|delivery_shot=—|delivery_direction=—|delivery_elevation=—|delivery_bounce=—|delivery_dets=0|delivery_method=—|delivery_snap_dets=—|delivery_3layer_dets=—|delivery_det_rate=—|delivery_dir_zone=—|delivery_dir_conf=0|delivery_shot_action=—|delivery_shot_intent=—|delivery_swing=—|delivery_speed_vlm=—|delivery_vlm_conf=—|delivery_vlm_ms=—|speed_kph=—|venue=—|batting_team=—|match_info=—|completed_over=—|completed_over_runs=—|drs_state=NONE|corrections=none|lat_vision=1028|lat_extract=1059|lat_scorer=763|lat_field=130|lat_comm=0|lat_code=0|lat_total=2853|comm_bowler=—|comm_wire=—|comm_storyteller=—|comm_analyst=—|comm_colour=—|comm_wire_ms=0|comm_story_ms=0|comm_analyst_ms=0|comm_colour_ms=0
[17:30:50 F62 VISION] INFO: [SCOUT] SCOREBOARD 877ms strip=True overlay=False drs=False cam=closeup phase=between_play digits=False 500 chars
[17:30:50 F62 VISION] INFO: [SCOUT] Preview: {"has_strip": true, "has_overlay_stats": false, "drs_review": false, "camera_view": "closeup", "frame_phase": "between_play", "ball_position": null}
STRIP: KKR 9-0 (1.1) | extras=null | this_over=null
[17:30:50 F62 TEST] INFO: 
=======================================================
[17:30:50 F62 TEST] INFO: [F62] SCOREBOARD — #25
[17:30:50 F62 TEST] INFO:   [V 881ms] STRIP: KKR 9-0 (1.1) | extras=null | this_over=null | Rahane 6(4) | Allen 3(3) | Cummins 0-1 (0.1) 
INFO_PANEL: null
SPEED: null
EXTRA: null
THIS OVER: null
FULL SCORECARD: null
The camera shows a close-up of Allen, a Kolkata Knight Riders player, we
[17:30:51 F62 EXTRACT] INFO: Extracted in 1.1s (llama-4-scout-17b-16e-instruct)
[17:30:51 F62 BOARD] INFO: [NAME] Exact miss for 'RAHANE', trying fuzzy (0 keys)...
[17:30:51 F62 BOARD] WARN: No match for 'RAHANE'. Closest: []
[17:30:51 F62 BOARD] INFO: [NAME] Exact miss for 'ALLEN', trying fuzzy (0 keys)...
[17:30:51 F62 BOARD] WARN: No match for 'ALLEN'. Closest: []
[17:30:51 F62 TEST] INFO:   [E 1128ms] visible_team=None score=None-None (None) target=None rr=None
[17:30:51 F62 TEST] INFO:     BAT: Rahane 6(4) 
[17:30:51 F62 TEST] INFO:     BAT: Allen 3(3) 
[17:30:51 F62 TEST] INFO:     BOWL: Cummins 0-1 (0.1)
[17:30:51 F62 SCORER] INFO: Scored in 0.8s (llama-4-scout-17b-16e-instruct)
[17:30:51 F62 TEST] INFO:   [S] Hint: Current batters: RAHANE and ALLEN. Bowler: CUMMINS. Read their stats from the scoreboard.
[17:30:51 F62 TEST] INFO:   No batting team set — skipping all updates
[17:30:51 F62 BOARD] INFO: [NAME] Exact miss for 'RAHANE', trying fuzzy (0 keys)...
[17:30:51 F62 BOARD] WARN: No match for 'RAHANE'. Closest: []
[17:30:51 F62 BOARD] INFO: [NAME] Exact miss for 'ALLEN', trying fuzzy (0 keys)...
[17:30:51 F62 BOARD] WARN: No match for 'ALLEN'. Closest: []
[17:30:51 F62 TEST] INFO:   [S 812ms] Changes: none
[17:30:51 F62 TEST] INFO:   Total: 2821ms (V:881 E:1128 S:812)
[17:30:51 F62 TEST] INFO:   [THIS OVER] ['?', '?', '?', '?'] = 0 runs
[17:30:51 F62 BOARD] INFO: [NAME] Exact miss for 'RAHANE', trying fuzzy (0 keys)...
[17:30:51 F62 BOARD] WARN: No match for 'RAHANE'. Closest: []
[17:30:51 F62 TEST] INFO:   STATE: KKR 6-0 (0.4) inn=1 RR=9.0 | Bat: None | Bowl: None
[17:30:51 F62 BOARD] INFO: [NAME] Exact miss for 'RAHANE', trying fuzzy (0 keys)...
[17:30:51 F62 BOARD] WARN: No match for 'RAHANE'. Closest: []
[17:30:51 F62 BOARD] INFO: [NAME] Exact miss for 'ALLEN', trying fuzzy (0 keys)...
[17:30:51 F62 BOARD] WARN: No match for 'ALLEN'. Closest: []
[17:30:51 F62 BOARD] INFO: [NAME] Exact miss for 'RAHANE', trying fuzzy (0 keys)...
[17:30:51 F62 BOARD] WARN: No match for 'RAHANE'. Closest: []
[17:30:51 F62 BOARD] INFO: [NAME] Exact miss for 'ALLEN', trying fuzzy (0 keys)...
[17:30:51 F62 BOARD] WARN: No match for 'ALLEN'. Closest: []
[17:30:51 F62 BOARD] INFO: [NAME] Exact miss for 'CUMMINS', trying fuzzy (0 keys)...
[17:30:51 F62 BOARD] WARN: No match for 'CUMMINS'. Closest: []
[17:30:51 F62 SCORE_MGR] INFO:   [SM-FEEDER-SYNC] field=bat1_runs note=read_only_now sb_value=None
[17:30:51 F62 SCORE_MGR] INFO:   [SM-FEEDER-SYNC] field=bat1_balls note=read_only_now sb_value=None
[17:30:51 F62 SCORE_MGR] INFO:   [SM-FEEDER-SYNC] field=bat2_runs note=read_only_now sb_value=None
[17:30:51 F62 SCORE_MGR] INFO:   [SM-FEEDER-SYNC] field=bat2_balls note=read_only_now sb_value=None
[17:30:51 F62 BOARD] INFO: [NAME] Exact miss for 'RAHANE', trying fuzzy (0 keys)...
[17:30:51 F62 BOARD] WARN: No match for 'RAHANE'. Closest: []
[17:30:51 F62 BOARD] INFO: [NAME] Exact miss for 'ALLEN', trying fuzzy (0 keys)...
[17:30:51 F62 BOARD] WARN: No match for 'ALLEN'. Closest: []
[17:30:51 F62 TEST] WARN:   [WS-SCRUB] striker='Rahane' rejected reason=not_in_card (#8) → fallback=None active=[]
[17:30:51 F62 TEST] WARN:   [WS-SCRUB] non='Allen' rejected reason=not_in_card (#8) → fallback=None active=[]
[17:30:52 F62 FIELD] INFO: [F62] OC-deep_midwicket moved to OC-deep_square_leg
[17:30:52 F62 FIELD] INFO: [F62] OC-deep_fine_leg moved to OC-deep_third_man
[17:30:52 F62 TEST] INFO: DETAIL|F62|SCOREBOARD|tag=SCOREBOARD|scout=STRIP: KKR 9-0 (1.1) | extras=null | this_over=null | Rahane 6(4) | Allen 3(3) | Cummins 0-1 (0.1)  INFO_PANEL: null SPE|action=—|ext_score=None-None(None)|ext_bat=Rahane 6(4) | Allen 3(3)|ext_bowl=Cummins 0-1 (0.1)|scorer_changes=[]|yolo=3|BEFORE_score=6-0(0.4)|BEFORE_bat1=—|BEFORE_bat2=—|BEFORE_bowl=— ?-? (?)|BEFORE_this_over=['?', '?', '?', '?']|AFTER_score=6-0(0.4)|AFTER_bat1=—|AFTER_bat2=—|AFTER_bowl=— ?-? (?)|AFTER_this_over=['?', '?', '?', '?']|AFTER_this_over_src=?(bcast),?(bcast),?(bcast),?(bcast)|AFTER_striker=Rahane|AFTER_non=Allen|AFTER_run_rate=9.00|AFTER_target=—|AFTER_innings=1|AFTER_partnership=—|AFTER_fow_count=0|AFTER_field=pace_powerplay frozen=True fielders=['slip_1', 'gully', 'point', 'cover', 'mid_off', 'mid_on', 'midwicket', 'square_leg', 'fine_leg']|ball_event=—|ball_event_runs=—|ball_event_over=—|ball_event_extra=—|ball_event_free_hit=—|broadcast_extra=—|dismissal_mode=—|striker_this_ball=—|delivery_length=—|delivery_line=—|delivery_angle=—|delivery_shot=—|delivery_direction=—|delivery_elevation=—|delivery_bounce=—|delivery_dets=0|delivery_method=—|delivery_snap_dets=—|delivery_3layer_dets=—|delivery_det_rate=—|delivery_dir_zone=—|delivery_dir_conf=0|delivery_shot_action=—|delivery_shot_intent=—|delivery_swing=—|delivery_speed_vlm=—|delivery_vlm_conf=—|delivery_vlm_ms=—|speed_kph=—|venue=—|batting_team=—|match_info=—|completed_over=—|completed_over_runs=—|drs_state=NONE|corrections=none|lat_vision=881|lat_extract=1128|lat_scorer=812|lat_field=94|lat_comm=0|lat_code=0|lat_total=2827|comm_bowler=—|comm_wire=—|comm_storyteller=—|comm_analyst=—|comm_colour=—|comm_wire_ms=0|comm_story_ms=0|comm_analyst_ms=0|comm_colour_ms=0
[17:30:55 F63 VISION] INFO: [SCOUT] GRAPHIC 905ms strip=True overlay=True drs=False cam=graphic phase=graphic digits=False 400 chars
[17:30:55 F63 VISION] INFO: [SCOUT] Preview: {"has_strip": true, "has_overlay_stats": true, "drs_review": false, "camera_view": "graphic", "frame_phase": "graphic", "ball_position": null}
STRIP: KKR 9-0 (1.1) | extras=null | this_over=null | nul
[17:30:55 F63 TEST] INFO: [F63] GRAPHIC cam=graphic → dead-time skip (#5)
[17:30:55 F63 BOARD] INFO: [NAME] Exact miss for 'RAHANE', trying fuzzy (0 keys)...
[17:30:55 F63 BOARD] WARN: No match for 'RAHANE'. Closest: []
[17:30:55 F63 BOARD] INFO: [NAME] Exact miss for 'ALLEN', trying fuzzy (0 keys)...
[17:30:55 F63 BOARD] WARN: No match for 'ALLEN'. Closest: []
[17:30:55 F63 TEST] WARN:   [WS-SCRUB] striker='Rahane' rejected reason=not_in_card (#9) → fallback=None active=[]
[17:30:55 F63 TEST] WARN:   [WS-SCRUB] non='Allen' rejected reason=not_in_card (#9) → fallback=None active=[]
[17:30:58 F64 VISION] INFO: [SCOUT] GRAPHIC 771ms strip=True overlay=True drs=False cam=graphic phase=graphic digits=False 396 chars
[17:30:58 F64 VISION] INFO: [SCOUT] Preview: {"has_strip": true, "has_overlay_stats": true, "drs_review": false, "camera_view": "graphic", "frame_phase": "graphic", "ball_position": null}

STRIP: KKR 9-0 (1.1) | extras=null | this_over=null | nu
[17:30:58 F64 TEST] INFO: [F64] GRAPHIC cam=graphic → dead-time skip (#6)
[17:30:58 F64 BOARD] INFO: [NAME] Exact miss for 'RAHANE', trying fuzzy (0 keys)...
[17:30:58 F64 BOARD] WARN: No match for 'RAHANE'. Closest: []
[17:30:58 F64 BOARD] INFO: [NAME] Exact miss for 'ALLEN', trying fuzzy (0 keys)...
[17:30:58 F64 BOARD] WARN: No match for 'ALLEN'. Closest: []
[17:30:58 F64 TEST] WARN:   [WS-SCRUB] striker='Rahane' rejected reason=not_in_card (#10) → fallback=None active=[]
[17:30:58 F64 TEST] WARN:   [WS-SCRUB] non='Allen' rejected reason=not_in_card (#10) → fallback=None active=[]
  [TAGS] tagged_buffer=3 bowlers_end=3 phases(action=0 post=0 other=3 none=0)
[17:31:03 F65 VISION] INFO: [SCOUT] GRAPHIC 971ms strip=True overlay=True drs=False cam=graphic phase=graphic digits=False 346 chars
[17:31:03 F65 VISION] INFO: [SCOUT] Preview: {"has_strip": true, "has_overlay_stats": true, "drs_review": false, "camera_view": "graphic", "frame_phase": "graphic", "ball_position": null} 
STRIP: KKR 9-0 (1.1) | extras=null | this_over=null | nu
[17:31:03 F65 TEST] INFO: [F65] GRAPHIC cam=graphic → dead-time skip (#7)
[17:31:03 F65 BOARD] INFO: [NAME] Exact miss for 'RAHANE', trying fuzzy (0 keys)...
[17:31:03 F65 BOARD] WARN: No match for 'RAHANE'. Closest: []
[17:31:03 F65 BOARD] INFO: [NAME] Exact miss for 'ALLEN', trying fuzzy (0 keys)...
[17:31:03 F65 BOARD] WARN: No match for 'ALLEN'. Closest: []
[17:31:03 F65 TEST] WARN:   [WS-SCRUB] striker='Rahane' rejected reason=not_in_card (#11) → fallback=None active=[]
[17:31:03 F65 TEST] WARN:   [WS-SCRUB] non='Allen' rejected reason=not_in_card (#11) → fallback=None active=[]
[17:31:07 F66 VISION] INFO: [SCOUT] SCOREBOARD 780ms strip=True overlay=False drs=False cam=bowlers_end phase=between_play digits=False 374 chars
[17:31:07 F66 VISION] INFO: [SCOUT] Preview: {"has_strip": true, "has_overlay_stats": false, "drs_review": false, "camera_view": "bowlers_end", "frame_phase": "between_play", "ball_position": null}

STRIP: KKR 9-0 (1.1) | extras=null | this_over
[17:31:07 F66 TEST] INFO: [F66] cam=bowlers_end → resuming active play after dead-time gap (#7 skipped)
[17:31:07 F66 TEST] INFO: 
=======================================================
[17:31:07 F66 TEST] INFO: [F66] SCOREBOARD — #26
[17:31:07 F66 TEST] INFO:   [V 784ms] STRIP: KKR 9-0 (1.1) | extras=null | this_over=⊙⊙⊙⊙ | RAHANE* 6(4) | ALLEN 3(3) | CUMMINS 0-1 (0.1)
[17:31:08 F66 EXTRACT] INFO: Extracted in 1.3s (llama-4-scout-17b-16e-instruct)
[17:31:08 F66 BOARD] INFO: [NAME] Exact miss for 'RAHANE', trying fuzzy (0 keys)...
[17:31:08 F66 BOARD] WARN: No match for 'RAHANE'. Closest: []
[17:31:08 F66 BOARD] INFO: [NAME] Exact miss for 'ALLEN', trying fuzzy (0 keys)...
[17:31:08 F66 BOARD] WARN: No match for 'ALLEN'. Closest: []
[17:31:08 F66 TEST] INFO:   [GRAPHIC-FILTER] GRAPHIC→SCOREBOARD transition — poisoning strip read (lever-2 partial fade guard)
[17:31:08 F66 TEST] INFO:   [E 1343ms] visible_team=None score=None-None (None) target=None rr=None
[17:31:08 F66 TEST] INFO:     BAT: RAHANE 6(4) 
[17:31:08 F66 TEST] INFO:     BAT: ALLEN 3(3) 
[17:31:08 F66 TEST] INFO:     BOWL: CUMMINS 0-1 (0.1)
[17:31:09 F66 SCORER] INFO: Scored in 0.8s (llama-4-scout-17b-16e-instruct)
[17:31:09 F66 TEST] INFO:   [S] Hint: Current batters: RAHANE and ALLEN. Bowler: CUMMINS. Read their stats from the scoreboard.
[17:31:09 F66 TEST] INFO:   [S 836ms] Changes: ['FRAME_POISONED:None']
[17:31:09 F66 TEST] INFO:   Total: 2964ms (V:784 E:1343 S:836)
[17:31:09 F66 TEST] INFO:   [THIS OVER] ['?', '?', '?', '?'] = 0 runs
[17:31:09 F66 BOARD] INFO: [NAME] Exact miss for 'RAHANE', trying fuzzy (0 keys)...
[17:31:09 F66 BOARD] WARN: No match for 'RAHANE'. Closest: []
[17:31:09 F66 TEST] INFO:   STATE: KKR 6-0 (0.4) inn=1 RR=9.0 | Bat: None | Bowl: None
[17:31:09 F66 BOARD] INFO: [NAME] Exact miss for 'RAHANE', trying fuzzy (0 keys)...
[17:31:09 F66 BOARD] WARN: No match for 'RAHANE'. Closest: []
[17:31:09 F66 BOARD] INFO: [NAME] Exact miss for 'ALLEN', trying fuzzy (0 keys)...
[17:31:09 F66 BOARD] WARN: No match for 'ALLEN'. Closest: []
[17:31:09 F66 BOARD] INFO: [NAME] Exact miss for 'RAHANE', trying fuzzy (0 keys)...
[17:31:09 F66 BOARD] WARN: No match for 'RAHANE'. Closest: []
[17:31:09 F66 BOARD] INFO: [NAME] Exact miss for 'ALLEN', trying fuzzy (0 keys)...
[17:31:09 F66 BOARD] WARN: No match for 'ALLEN'. Closest: []
[17:31:09 F66 BOARD] INFO: [NAME] Exact miss for 'CUMMINS', trying fuzzy (0 keys)...
[17:31:09 F66 BOARD] WARN: No match for 'CUMMINS'. Closest: []
[17:31:09 F66 SCORE_MGR] INFO:   [SM-FEEDER-SYNC] field=bat1_runs note=read_only_now sb_value=None
[17:31:09 F66 SCORE_MGR] INFO:   [SM-FEEDER-SYNC] field=bat1_balls note=read_only_now sb_value=None
[17:31:09 F66 SCORE_MGR] INFO:   [SM-FEEDER-SYNC] field=bat2_runs note=read_only_now sb_value=None
[17:31:09 F66 SCORE_MGR] INFO:   [SM-FEEDER-SYNC] field=bat2_balls note=read_only_now sb_value=None
[17:31:09 F66 BOARD] INFO: [NAME] Exact miss for 'RAHANE', trying fuzzy (0 keys)...
[17:31:09 F66 BOARD] WARN: No match for 'RAHANE'. Closest: []
[17:31:09 F66 BOARD] INFO: [NAME] Exact miss for 'ALLEN', trying fuzzy (0 keys)...
[17:31:09 F66 BOARD] WARN: No match for 'ALLEN'. Closest: []
[17:31:09 F66 TEST] WARN:   [WS-SCRUB] striker='Rahane' rejected reason=not_in_card (#12) → fallback=None active=[]
[17:31:09 F66 TEST] WARN:   [WS-SCRUB] non='Allen' rejected reason=not_in_card (#12) → fallback=None active=[]
[17:31:09 F66 TEST] INFO:   [ACTION] The players are preparing for the next delivery, with the bowler and batters sta
[17:31:09 F66 FIELD] INFO: [F66] OC-deep_backward_square moved to OC-deep_square_leg
[17:31:09 F66 FIELD] INFO: [F66] IC-point brought in — attacking
[17:31:09 F66 TEST] INFO: DETAIL|F66|SCOREBOARD|tag=SCOREBOARD|scout=STRIP: KKR 9-0 (1.1) | extras=null | this_over=⊙⊙⊙⊙ | RAHANE* 6(4) | ALLEN 3(3) | CUMMINS 0-1 (0.1)|action=The players are preparing for the next delivery, with the bowler and batters standing at their respe|ext_score=None-None(None)|ext_bat=RAHANE 6(4) | ALLEN 3(3)|ext_bowl=CUMMINS 0-1 (0.1)|scorer_changes=['FRAME_POISONED:None']|yolo=11|BEFORE_score=6-0(0.4)|BEFORE_bat1=—|BEFORE_bat2=—|BEFORE_bowl=— ?-? (?)|BEFORE_this_over=['?', '?', '?', '?']|AFTER_score=6-0(0.4)|AFTER_bat1=—|AFTER_bat2=—|AFTER_bowl=— ?-? (?)|AFTER_this_over=['?', '?', '?', '?']|AFTER_this_over_src=?(bcast),?(bcast),?(bcast),?(bcast)|AFTER_striker=Rahane|AFTER_non=Allen|AFTER_run_rate=9.00|AFTER_target=—|AFTER_innings=1|AFTER_partnership=—|AFTER_fow_count=0|AFTER_field=pace_powerplay frozen=True fielders=['slip_1', 'gully', 'point', 'cover', 'mid_off', 'mid_on', 'midwicket', 'square_leg', 'fine_leg']|ball_event=—|ball_event_runs=—|ball_event_over=—|ball_event_extra=—|ball_event_free_hit=—|broadcast_extra=—|dismissal_mode=—|striker_this_ball=—|delivery_length=—|delivery_line=—|delivery_angle=—|delivery_shot=—|delivery_direction=—|delivery_elevation=—|delivery_bounce=—|delivery_dets=0|delivery_method=—|delivery_snap_dets=—|delivery_3layer_dets=—|delivery_det_rate=—|delivery_dir_zone=—|delivery_dir_conf=0|delivery_shot_action=—|delivery_shot_intent=—|delivery_swing=—|delivery_speed_vlm=—|delivery_vlm_conf=—|delivery_vlm_ms=—|speed_kph=—|venue=—|batting_team=—|match_info=—|completed_over=—|completed_over_runs=—|drs_state=NONE|corrections=none|lat_vision=784|lat_extract=1343|lat_scorer=836|lat_field=95|lat_comm=0|lat_code=0|lat_total=2967|comm_bowler=—|comm_wire=—|comm_storyteller=—|comm_analyst=—|comm_colour=—|comm_wire_ms=0|comm_story_ms=0|comm_analyst_ms=0|comm_colour_ms=0
[17:31:12 F67 VISION] INFO: [SCOUT] SCOREBOARD 821ms strip=True overlay=False drs=False cam=closeup phase=between_play digits=False 314 chars
[17:31:12 F67 VISION] INFO: [SCOUT] Preview: {"has_strip": true, "has_overlay_stats": false, "drs_review": false, "camera_view": "closeup", "frame_phase": "between_play", "ball_position": null}

STRIP: KKR 9-0 (1.1) | extras=null | this_over=nul
[17:31:12 F67 TEST] INFO: 
=======================================================
[17:31:12 F67 TEST] INFO: [F67] SCOREBOARD — #27
[17:31:12 F67 TEST] INFO:   [V 826ms] STRIP: KKR 9-0 (1.1) | extras=null | this_over=null | RAHANE 6(4) | ALLEN 3(3) | CUMMINS 0-1 (0.1)
[17:31:14 F67 EXTRACT] INFO: Extracted in 1.9s (llama-4-scout-17b-16e-instruct)
[17:31:14 F67 BOARD] INFO: [NAME] Exact miss for 'RAHANE', trying fuzzy (0 keys)...
[17:31:14 F67 BOARD] WARN: No match for 'RAHANE'. Closest: []
[17:31:14 F67 BOARD] INFO: [NAME] Exact miss for 'ALLEN', trying fuzzy (0 keys)...
[17:31:14 F67 BOARD] WARN: No match for 'ALLEN'. Closest: []
[17:31:14 F67 TEST] INFO:   [GRAPHIC-FILTER] overlay window active (remaining=4) — poisoning strip read
[17:31:14 F67 TEST] INFO:   [E 1917ms] visible_team=None score=None-None (None) target=None rr=None
[17:31:14 F67 TEST] INFO:     BAT: RAHANE 6(4) 
[17:31:14 F67 TEST] INFO:     BAT: ALLEN 3(3) 
[17:31:14 F67 TEST] INFO:     BOWL: CUMMINS 0-1 (0.1)
[17:31:15 F67 SCORER] INFO: Scored in 0.8s (llama-4-scout-17b-16e-instruct)
[17:31:15 F67 TEST] INFO:   [S] Hint: Current batters: RAHANE and ALLEN. Bowler: CUMMINS. Read their stats from the scoreboard.
[17:31:15 F67 TEST] INFO:   [S 823ms] Changes: ['FRAME_POISONED:None']
[17:31:15 F67 TEST] INFO:   Total: 3565ms (V:826 E:1917 S:823)
[17:31:15 F67 TEST] INFO:   [THIS OVER] ['?', '?', '?', '?'] = 0 runs
[17:31:15 F67 BOARD] INFO: [NAME] Exact miss for 'RAHANE', trying fuzzy (0 keys)...
[17:31:15 F67 BOARD] WARN: No match for 'RAHANE'. Closest: []
[17:31:15 F67 TEST] INFO:   STATE: KKR 6-0 (0.4) inn=1 RR=9.0 | Bat: None | Bowl: None
[17:31:15 F67 BOARD] INFO: [NAME] Exact miss for 'RAHANE', trying fuzzy (0 keys)...
[17:31:15 F67 BOARD] WARN: No match for 'RAHANE'. Closest: []
[17:31:15 F67 BOARD] INFO: [NAME] Exact miss for 'ALLEN', trying fuzzy (0 keys)...
[17:31:15 F67 BOARD] WARN: No match for 'ALLEN'. Closest: []
[17:31:15 F67 BOARD] INFO: [NAME] Exact miss for 'RAHANE', trying fuzzy (0 keys)...
[17:31:15 F67 BOARD] WARN: No match for 'RAHANE'. Closest: []
[17:31:15 F67 BOARD] INFO: [NAME] Exact miss for 'ALLEN', trying fuzzy (0 keys)...
[17:31:15 F67 BOARD] WARN: No match for 'ALLEN'. Closest: []
[17:31:15 F67 BOARD] INFO: [NAME] Exact miss for 'CUMMINS', trying fuzzy (0 keys)...
[17:31:15 F67 BOARD] WARN: No match for 'CUMMINS'. Closest: []
[17:31:15 F67 SCORE_MGR] INFO:   [SM-FEEDER-SYNC] field=bat1_runs note=read_only_now sb_value=None
[17:31:15 F67 SCORE_MGR] INFO:   [SM-FEEDER-SYNC] field=bat1_balls note=read_only_now sb_value=None
[17:31:15 F67 SCORE_MGR] INFO:   [SM-FEEDER-SYNC] field=bat2_runs note=read_only_now sb_value=None
[17:31:15 F67 SCORE_MGR] INFO:   [SM-FEEDER-SYNC] field=bat2_balls note=read_only_now sb_value=None
[17:31:15 F67 BOARD] INFO: [NAME] Exact miss for 'RAHANE', trying fuzzy (0 keys)...
[17:31:15 F67 BOARD] WARN: No match for 'RAHANE'. Closest: []
[17:31:15 F67 BOARD] INFO: [NAME] Exact miss for 'ALLEN', trying fuzzy (0 keys)...
[17:31:15 F67 BOARD] WARN: No match for 'ALLEN'. Closest: []
[17:31:15 F67 TEST] WARN:   [WS-SCRUB] striker='Rahane' rejected reason=not_in_card (#13) → fallback=None active=[]
[17:31:15 F67 TEST] WARN:   [WS-SCRUB] non='Allen' rejected reason=not_in_card (#13) → fallback=None active=[]
[17:31:15 F67 TEST] INFO:   [ACTION] The player in a maroon jersey is gesturing on the field.
[17:31:15 F67 FIELD] INFO: [F67] IC-mid_on brought in — attacking
[17:31:15 F67 FIELD] INFO: [F67] IC-point moved to IC-cover_point
[17:31:15 F67 FIELD] INFO: [F67] IC-extra_cover pushed back — defensive
[17:31:15 F67 FIELD] INFO: [F67] OC-deep_square_leg moved to OC-deep_backward_square
[17:31:15 F67 FIELD] INFO: [F67] OC-deep_square_leg moved to OC-deep_third_man
[17:31:15 F67 TEST] INFO: DETAIL|F67|SCOREBOARD|tag=SCOREBOARD|scout=STRIP: KKR 9-0 (1.1) | extras=null | this_over=null | RAHANE 6(4) | ALLEN 3(3) | CUMMINS 0-1 (0.1)|action=The player in a maroon jersey is gesturing on the field.|ext_score=None-None(None)|ext_bat=RAHANE 6(4) | ALLEN 3(3)|ext_bowl=CUMMINS 0-1 (0.1)|scorer_changes=['FRAME_POISONED:None']|yolo=5|BEFORE_score=6-0(0.4)|BEFORE_bat1=—|BEFORE_bat2=—|BEFORE_bowl=— ?-? (?)|BEFORE_this_over=['?', '?', '?', '?']|AFTER_score=6-0(0.4)|AFTER_bat1=—|AFTER_bat2=—|AFTER_bowl=— ?-? (?)|AFTER_this_over=['?', '?', '?', '?']|AFTER_this_over_src=?(bcast),?(bcast),?(bcast),?(bcast)|AFTER_striker=Rahane|AFTER_non=Allen|AFTER_run_rate=9.00|AFTER_target=—|AFTER_innings=1|AFTER_partnership=—|AFTER_fow_count=0|AFTER_field=pace_powerplay frozen=True fielders=['slip_1', 'gully', 'point', 'cover', 'mid_off', 'mid_on', 'midwicket', 'square_leg', 'fine_leg']|ball_event=—|ball_event_runs=—|ball_event_over=—|ball_event_extra=—|ball_event_free_hit=—|broadcast_extra=—|dismissal_mode=—|striker_this_ball=—|delivery_length=—|delivery_line=—|delivery_angle=—|delivery_shot=—|delivery_direction=—|delivery_elevation=—|delivery_bounce=—|delivery_dets=0|delivery_method=—|delivery_snap_dets=—|delivery_3layer_dets=—|delivery_det_rate=—|delivery_dir_zone=—|delivery_dir_conf=0|delivery_shot_action=—|delivery_shot_intent=—|delivery_swing=—|delivery_speed_vlm=—|delivery_vlm_conf=—|delivery_vlm_ms=—|speed_kph=—|venue=—|batting_team=—|match_info=—|completed_over=—|completed_over_runs=—|drs_state=NONE|corrections=none|lat_vision=826|lat_extract=1917|lat_scorer=823|lat_field=93|lat_comm=0|lat_code=0|lat_total=3568|comm_bowler=—|comm_wire=—|comm_storyteller=—|comm_analyst=—|comm_colour=—|comm_wire_ms=0|comm_story_ms=0|comm_analyst_ms=0|comm_colour_ms=0
[17:31:18 F68 VISION] INFO: [SCOUT] SCOREBOARD 976ms strip=True overlay=False drs=False cam=bowlers_end phase=between_play digits=False 407 chars
[17:31:18 F68 VISION] INFO: [SCOUT] Preview: {"has_strip": true, "has_overlay_stats": false, "drs_review": false, "camera_view": "bowlers_end", "frame_phase": "between_play", "ball_position": null}

STRIP: KKR 9-0 (1.1) | extras=null | this_over
[17:31:18 F68 TEST] INFO: 
=======================================================
[17:31:18 F68 TEST] INFO: [F68] SCOREBOARD — #28
[17:31:18 F68 TEST] INFO:   [V 980ms] STRIP: KKR 9-0 (1.1) | extras=null | this_over=null | null null(null) | null null(null) | null null(null)

INFO_PANEL: null
SPEED: null
EXTRA: null
THIS OVER: null
FULL SCORECARD: null

The players are on the field, and it appears to be a break in pl
[17:31:19 F68 EXTRACT] INFO: Extracted in 1.1s (llama-4-scout-17b-16e-instruct)
[17:31:19 F68 TEST] INFO:   [GRAPHIC-FILTER] overlay window active (remaining=3) — poisoning strip read
[17:31:19 F68 TEST] INFO:   [E 1106ms] visible_team=None score=None-None (None) target=None rr=None
[17:31:20 F68 SCORER] INFO: Scored in 0.9s (llama-4-scout-17b-16e-instruct)
[17:31:20 F68 TEST] INFO:   [S] Hint: Current batters: None. Bowler: None. Read their stats from the scoreboard.
[17:31:20 F68 TEST] INFO:   [S 852ms] Changes: ['FRAME_POISONED:None']
[17:31:20 F68 TEST] INFO:   Total: 2938ms (V:980 E:1106 S:852)
[17:31:20 F68 TEST] INFO:   [THIS OVER] ['?', '?', '?', '?'] = 0 runs
[17:31:20 F68 BOARD] INFO: [NAME] Exact miss for 'RAHANE', trying fuzzy (0 keys)...
[17:31:20 F68 BOARD] WARN: No match for 'RAHANE'. Closest: []
[17:31:20 F68 TEST] INFO:   STATE: KKR 6-0 (0.4) inn=1 RR=9.0 | Bat: None | Bowl: None
[17:31:20 F68 BOARD] INFO: [NAME] Exact miss for 'RAHANE', trying fuzzy (0 keys)...
[17:31:20 F68 BOARD] WARN: No match for 'RAHANE'. Closest: []
[17:31:20 F68 BOARD] INFO: [NAME] Exact miss for 'ALLEN', trying fuzzy (0 keys)...
[17:31:20 F68 BOARD] WARN: No match for 'ALLEN'. Closest: []
[17:31:20 F68 TEST] WARN:   [WS-SCRUB] striker='Rahane' rejected reason=not_in_card (#14) → fallback=None active=[]
[17:31:20 F68 TEST] WARN:   [WS-SCRUB] non='Allen' rejected reason=not_in_card (#14) → fallback=None active=[]
[17:31:20 F68 FIELD] INFO: [F68] IC-point brought in — attacking
[17:31:20 F68 FIELD] INFO: [F68] slip added — expecting edge
[17:31:20 F68 FIELD] INFO: [F68] IC-mid_on moved to IC-square_leg
[17:31:20 F68 FIELD] INFO: [F68] OC-deep_third_man moved to OC-deep_midwicket_sq
[17:31:20 F68 FIELD] INFO: [F68] OC-deep_backward_square moved to OC-deep_midwicket_sq
[17:31:20 F68 TEST] INFO: DETAIL|F68|SCOREBOARD|tag=SCOREBOARD|scout=STRIP: KKR 9-0 (1.1) | extras=null | this_over=null | null null(null) | null null(null) | null null(null)  INFO_PANEL: n|action=—|ext_score=None-None(None)|ext_bat=|ext_bowl=|scorer_changes=['FRAME_POISONED:None']|yolo=7|BEFORE_score=6-0(0.4)|BEFORE_bat1=—|BEFORE_bat2=—|BEFORE_bowl=— ?-? (?)|BEFORE_this_over=['?', '?', '?', '?']|AFTER_score=6-0(0.4)|AFTER_bat1=—|AFTER_bat2=—|AFTER_bowl=— ?-? (?)|AFTER_this_over=['?', '?', '?', '?']|AFTER_this_over_src=?(bcast),?(bcast),?(bcast),?(bcast)|AFTER_striker=Rahane|AFTER_non=Allen|AFTER_run_rate=9.00|AFTER_target=—|AFTER_innings=1|AFTER_partnership=—|AFTER_fow_count=0|AFTER_field=pace_powerplay frozen=True fielders=['slip_1', 'gully', 'point', 'cover', 'mid_off', 'mid_on', 'midwicket', 'square_leg', 'fine_leg']|ball_event=—|ball_event_runs=—|ball_event_over=—|ball_event_extra=—|ball_event_free_hit=—|broadcast_extra=—|dismissal_mode=—|striker_this_ball=—|delivery_length=—|delivery_line=—|delivery_angle=—|delivery_shot=—|delivery_direction=—|delivery_elevation=—|delivery_bounce=—|delivery_dets=0|delivery_method=—|delivery_snap_dets=—|delivery_3layer_dets=—|delivery_det_rate=—|delivery_dir_zone=—|delivery_dir_conf=0|delivery_shot_action=—|delivery_shot_intent=—|delivery_swing=—|delivery_speed_vlm=—|delivery_vlm_conf=—|delivery_vlm_ms=—|speed_kph=—|venue=—|batting_team=—|match_info=—|completed_over=—|completed_over_runs=—|drs_state=NONE|corrections=none|lat_vision=980|lat_extract=1106|lat_scorer=852|lat_field=223|lat_comm=0|lat_code=0|lat_total=2940|comm_bowler=—|comm_wire=—|comm_storyteller=—|comm_analyst=—|comm_colour=—|comm_wire_ms=0|comm_story_ms=0|comm_analyst_ms=0|comm_colour_ms=0
[17:31:23 F69 VISION] INFO: [SCOUT] SCOREBOARD 895ms strip=True overlay=False drs=False cam=bowlers_end phase=between_play digits=False 449 chars
[17:31:23 F69 VISION] INFO: [SCOUT] Preview: {"has_strip": true, "has_overlay_stats": false, "drs_review": false, "camera_view": "bowlers_end", "frame_phase": "between_play", "ball_position": null}

STRIP: KKR 9-0 (1.1) | extras=null | this_over
[17:31:23 F69 TEST] INFO: 
=======================================================
[17:31:23 F69 TEST] INFO: [F69] SCOREBOARD — #29
[17:31:23 F69 TEST] INFO:   [V 899ms] STRIP: KKR 9-0 (1.1) | extras=null | this_over=null | null null(null) | null null(null) | null null-null (null)

INFO_PANEL: null
SPEED: null
EXTRA: null
THIS OVER: null
FULL SCORECARD: null

The players are on the field, and it appears to be a break
[17:31:24 F69 EXTRACT] INFO: Extracted in 0.9s (llama-4-scout-17b-16e-instruct)
[17:31:24 F69 TEST] INFO:   [GRAPHIC-FILTER] overlay window active (remaining=2) — poisoning strip read
[17:31:24 F69 TEST] INFO:   [E 896ms] visible_team=None score=None-None (None) target=None rr=None
[17:31:25 F69 SCORER] INFO: Scored in 1.3s (llama-4-scout-17b-16e-instruct)
[17:31:25 F69 TEST] INFO:   [S] Hint: Current batters: None. Bowler: None. Read their stats from the scoreboard.
[17:31:25 F69 TEST] INFO:   [S 1277ms] Changes: ['FRAME_POISONED:None']
[17:31:25 F69 TEST] INFO:   Total: 3073ms (V:899 E:896 S:1277)
[17:31:25 F69 TEST] INFO:   [THIS OVER] ['?', '?', '?', '?'] = 0 runs
[17:31:25 F69 BOARD] INFO: [NAME] Exact miss for 'RAHANE', trying fuzzy (0 keys)...
[17:31:25 F69 BOARD] WARN: No match for 'RAHANE'. Closest: []
[17:31:25 F69 TEST] INFO:   STATE: KKR 6-0 (0.4) inn=1 RR=9.0 | Bat: None | Bowl: None
[17:31:25 F69 BOARD] INFO: [NAME] Exact miss for 'RAHANE', trying fuzzy (0 keys)...
[17:31:25 F69 BOARD] WARN: No match for 'RAHANE'. Closest: []
[17:31:25 F69 BOARD] INFO: [NAME] Exact miss for 'ALLEN', trying fuzzy (0 keys)...
[17:31:25 F69 BOARD] WARN: No match for 'ALLEN'. Closest: []
[17:31:25 F69 TEST] WARN:   [WS-SCRUB] striker='Rahane' rejected reason=not_in_card (#15) → fallback=None active=[]
[17:31:25 F69 TEST] WARN:   [WS-SCRUB] non='Allen' rejected reason=not_in_card (#15) → fallback=None active=[]
[17:31:25 F69 FIELD] INFO: [F69] IC-square_leg pushed back — defensive
[17:31:25 F69 FIELD] INFO: [F69] slip removed — less catching pressure
[17:31:25 F69 FIELD] INFO: [F69] OC-deep_midwicket_sq moved to OC-deep_midwicket
[17:31:25 F69 TEST] INFO: DETAIL|F69|SCOREBOARD|tag=SCOREBOARD|scout=STRIP: KKR 9-0 (1.1) | extras=null | this_over=null | null null(null) | null null(null) | null null-null (null)  INFO_PA|action=—|ext_score=None-None(None)|ext_bat=|ext_bowl=|scorer_changes=['FRAME_POISONED:None']|yolo=10|BEFORE_score=6-0(0.4)|BEFORE_bat1=—|BEFORE_bat2=—|BEFORE_bowl=— ?-? (?)|BEFORE_this_over=['?', '?', '?', '?']|AFTER_score=6-0(0.4)|AFTER_bat1=—|AFTER_bat2=—|AFTER_bowl=— ?-? (?)|AFTER_this_over=['?', '?', '?', '?']|AFTER_this_over_src=?(bcast),?(bcast),?(bcast),?(bcast)|AFTER_striker=Rahane|AFTER_non=Allen|AFTER_run_rate=9.00|AFTER_target=—|AFTER_innings=1|AFTER_partnership=—|AFTER_fow_count=0|AFTER_field=pace_powerplay frozen=True fielders=['slip_1', 'gully', 'point', 'cover', 'mid_off', 'mid_on', 'midwicket', 'square_leg', 'fine_leg']|ball_event=—|ball_event_runs=—|ball_event_over=—|ball_event_extra=—|ball_event_free_hit=—|broadcast_extra=—|dismissal_mode=—|striker_this_ball=—|delivery_length=—|delivery_line=—|delivery_angle=—|delivery_shot=—|delivery_direction=—|delivery_elevation=—|delivery_bounce=—|delivery_dets=0|delivery_method=—|delivery_snap_dets=—|delivery_3layer_dets=—|delivery_det_rate=—|delivery_dir_zone=—|delivery_dir_conf=0|delivery_shot_action=—|delivery_shot_intent=—|delivery_swing=—|delivery_speed_vlm=—|delivery_vlm_conf=—|delivery_vlm_ms=—|speed_kph=—|venue=—|batting_team=—|match_info=—|completed_over=—|completed_over_runs=—|drs_state=NONE|corrections=none|lat_vision=899|lat_extract=896|lat_scorer=1277|lat_field=118|lat_comm=0|lat_code=0|lat_total=3075|comm_bowler=—|comm_wire=—|comm_storyteller=—|comm_analyst=—|comm_colour=—|comm_wire_ms=0|comm_story_ms=0|comm_analyst_ms=0|comm_colour_ms=0
[17:31:28 F70 VISION] INFO: [SCOUT] SCOREBOARD 855ms strip=True overlay=False drs=False cam=bowlers_end phase=between_play digits=True 435 chars
[17:31:28 F70 TEST] INFO: 
=======================================================
[17:31:28 F70 TEST] INFO: [F70] SCOREBOARD — #30
[17:31:28 F70 TEST] INFO:   [V 859ms] STRIP: KKR 10-0 (1.2) | extras=null | this_over=⊙⊙ | Cummins 0(1) |  7(5) |  0-2 (0.2)
INFO_PANEL: null
SPEED: null
EXTRA: null
THIS OVER: null
FULL SCORECARD: null
  [TAGS] tagged_buffer=6 bowlers_end=6 phases(action=0 post=0 other=6 none=0)
[17:31:29 F70 EXTRACT] INFO: Extracted in 1.2s (llama-4-scout-17b-16e-instruct)
[17:31:29 F70 TEST] INFO:   [GRAPHIC-FILTER] overlay window active (remaining=1) — poisoning strip read
[17:31:29 F70 TEST] INFO:   [E 1194ms] visible_team=None score=None-None (None) target=None rr=None
[17:31:30 F70 SCORER] INFO: Scored in 0.8s (llama-4-scout-17b-16e-instruct)
[17:31:30 F70 TEST] INFO:   [S] Hint: Current batters: None. Bowler: None. Read their stats from the scoreboard.
[17:31:30 F70 TEST] INFO:   [S 822ms] Changes: ['FRAME_POISONED:None']
[17:31:30 F70 TEST] INFO:   Total: 2875ms (V:859 E:1194 S:822)
[17:31:30 F70 TEST] INFO:   [THIS OVER] ['?', '?', '?', '?'] = 0 runs
[17:31:30 F70 BOARD] INFO: [NAME] Exact miss for 'RAHANE', trying fuzzy (0 keys)...
[17:31:30 F70 BOARD] WARN: No match for 'RAHANE'. Closest: []
[17:31:30 F70 TEST] INFO:   STATE: KKR 6-0 (0.4) inn=1 RR=9.0 | Bat: None | Bowl: None
[17:31:30 F70 BOARD] INFO: [NAME] Exact miss for 'RAHANE', trying fuzzy (0 keys)...
[17:31:30 F70 BOARD] WARN: No match for 'RAHANE'. Closest: []
[17:31:30 F70 BOARD] INFO: [NAME] Exact miss for 'ALLEN', trying fuzzy (0 keys)...
[17:31:30 F70 BOARD] WARN: No match for 'ALLEN'. Closest: []
[17:31:30 F70 TEST] WARN:   [WS-SCRUB] striker='Rahane' rejected reason=not_in_card (#16) → fallback=None active=[]
[17:31:30 F70 TEST] WARN:   [WS-SCRUB] non='Allen' rejected reason=not_in_card (#16) → fallback=None active=[]
[17:31:30 F70 TEST] INFO:   [ACTION] The game is currently in progress, with players on the field and no specific act
[17:31:30 F70 FIELD] INFO: [F70] IC-backward_point brought in — attacking
[17:31:30 F70 FIELD] INFO: [F70] IC-point moved to IC-cover
[17:31:30 F70 FIELD] INFO: [F70] OC-deep_midwicket moved to OC-deep_midwicket_sq
[17:31:30 F70 FIELD] INFO: [F70] IC-square_leg brought in — attacking
[17:31:30 F70 FIELD] INFO: [F70] IC-midwicket brought in — attacking
[17:31:30 F70 FIELD] INFO: [F70] IC-short_leg_area brought in — attacking
[17:31:30 F70 TEST] INFO: DETAIL|F70|SCOREBOARD|tag=SCOREBOARD|scout=STRIP: KKR 10-0 (1.2) | extras=null | this_over=⊙⊙ | Cummins 0(1) |  7(5) |  0-2 (0.2) INFO_PANEL: null SPEED: null EXTR|action=The game is currently in progress, with players on the field and no specific action happening at thi|ext_score=None-None(None)|ext_bat=|ext_bowl=|scorer_changes=['FRAME_POISONED:None']|yolo=10|BEFORE_score=6-0(0.4)|BEFORE_bat1=—|BEFORE_bat2=—|BEFORE_bowl=— ?-? (?)|BEFORE_this_over=['?', '?', '?', '?']|AFTER_score=6-0(0.4)|AFTER_bat1=—|AFTER_bat2=—|AFTER_bowl=— ?-? (?)|AFTER_this_over=['?', '?', '?', '?']|AFTER_this_over_src=?(bcast),?(bcast),?(bcast),?(bcast)|AFTER_striker=Rahane|AFTER_non=Allen|AFTER_run_rate=9.00|AFTER_target=—|AFTER_innings=1|AFTER_partnership=—|AFTER_fow_count=0|AFTER_field=pace_powerplay frozen=True fielders=['slip_1', 'gully', 'point', 'cover', 'mid_off', 'mid_on', 'midwicket', 'square_leg', 'fine_leg']|ball_event=—|ball_event_runs=—|ball_event_over=—|ball_event_extra=—|ball_event_free_hit=—|broadcast_extra=—|dismissal_mode=—|striker_this_ball=—|delivery_length=—|delivery_line=—|delivery_angle=—|delivery_shot=—|delivery_direction=—|delivery_elevation=—|delivery_bounce=—|delivery_dets=0|delivery_method=—|delivery_snap_dets=—|delivery_3layer_dets=—|delivery_det_rate=—|delivery_dir_zone=—|delivery_dir_conf=0|delivery_shot_action=—|delivery_shot_intent=—|delivery_swing=—|delivery_speed_vlm=—|delivery_vlm_conf=—|delivery_vlm_ms=—|speed_kph=—|venue=—|batting_team=—|match_info=—|completed_over=—|completed_over_runs=—|drs_state=NONE|corrections=none|lat_vision=859|lat_extract=1194|lat_scorer=822|lat_field=109|lat_comm=0|lat_code=0|lat_total=2878|comm_bowler=—|comm_wire=—|comm_storyteller=—|comm_analyst=—|comm_colour=—|comm_wire_ms=0|comm_story_ms=0|comm_analyst_ms=0|comm_colour_ms=0
[17:31:33 F71 VISION] INFO: [SCOUT] SCOREBOARD 913ms strip=True overlay=False drs=False cam=closeup phase=between_play digits=True 410 chars
[17:31:33 F71 TEST] INFO: 
=======================================================
[17:31:33 F71 TEST] INFO: [F71] SCOREBOARD — #31
[17:31:33 F71 TEST] INFO:   [V 917ms] STRIP: KKR 10-0 (1.2) | extras=null | this_over=null | Rahane 7(5) | Allen 3(3) | null null-null (null)

INFO_PANEL: null
SPEED: 137.4
EXTRA: null
THIS OVER: null
FULL SCORECARD: null

The player Rahane is shown in a close-up, seemingly during a brea
[17:31:34 F71 EXTRACT] INFO: Extracted in 1.2s (llama-4-scout-17b-16e-instruct)
[17:31:34 F71 BOARD] INFO: [NAME] Exact miss for 'RAHANE', trying fuzzy (0 keys)...
[17:31:34 F71 BOARD] WARN: No match for 'RAHANE'. Closest: []
[17:31:34 F71 TEST] INFO:   [E 1219ms] visible_team=None score=None-None (None) target=None rr=None
[17:31:34 F71 TEST] INFO:     BAT: Rahane 7(5) 
[17:31:35 F71 SCORER] INFO: Scored in 0.9s (llama-4-scout-17b-16e-instruct)
[17:31:35 F71 TEST] INFO:   [S] Hint: Current batters: RAHANE. Bowler name. Read their stats from the scoreboard.
[17:31:35 F71 TEST] INFO:   No batting team set — skipping all updates
[17:31:35 F71 BOARD] INFO: [NAME] Exact miss for 'RAHANE', trying fuzzy (0 keys)...
[17:31:35 F71 BOARD] WARN: No match for 'RAHANE'. Closest: []
[17:31:35 F71 BOARD] INFO: [NAME] Exact miss for 'ALLEN', trying fuzzy (0 keys)...
[17:31:35 F71 BOARD] WARN: No match for 'ALLEN'. Closest: []
[17:31:35 F71 TEST] INFO:   [S 871ms] Changes: none
[17:31:35 F71 TEST] INFO:   Total: 3007ms (V:917 E:1219 S:871)
[17:31:35 F71 TEST] INFO:   [THIS OVER] ['?', '?', '?', '?'] = 0 runs
[17:31:35 F71 BOARD] INFO: [NAME] Exact miss for 'RAHANE', trying fuzzy (0 keys)...
[17:31:35 F71 BOARD] WARN: No match for 'RAHANE'. Closest: []
[17:31:35 F71 TEST] INFO:   STATE: KKR 6-0 (0.4) inn=1 RR=9.0 | Bat: None | Bowl: None
[17:31:35 F71 BOARD] INFO: [NAME] Exact miss for 'RAHANE', trying fuzzy (0 keys)...
[17:31:35 F71 BOARD] WARN: No match for 'RAHANE'. Closest: []
[17:31:35 F71 BOARD] INFO: [NAME] Exact miss for 'RAHANE', trying fuzzy (0 keys)...
[17:31:35 F71 BOARD] WARN: No match for 'RAHANE'. Closest: []
[17:31:35 F71 BOARD] INFO: [NAME] Exact miss for 'RAHANE', trying fuzzy (0 keys)...
[17:31:35 F71 BOARD] WARN: No match for 'RAHANE'. Closest: []
[17:31:35 F71 BOARD] INFO: [NAME] Exact miss for 'ALLEN', trying fuzzy (0 keys)...
[17:31:35 F71 BOARD] WARN: No match for 'ALLEN'. Closest: []
[17:31:35 F71 TEST] WARN:   [WS-SCRUB] striker='Rahane' rejected reason=not_in_card (#17) → fallback=None active=[]
[17:31:35 F71 TEST] WARN:   [WS-SCRUB] non='Allen' rejected reason=not_in_card (#17) → fallback=None active=[]
[17:31:35 F71 TEST] INFO: DETAIL|F71|SCOREBOARD|tag=SCOREBOARD|scout=STRIP: KKR 10-0 (1.2) | extras=null | this_over=null | Rahane 7(5) | Allen 3(3) | null null-null (null)  INFO_PANEL: nul|action=—|ext_score=None-None(None)|ext_bat=Rahane 7(5)|ext_bowl=|scorer_changes=[]|yolo=0|BEFORE_score=6-0(0.4)|BEFORE_bat1=—|BEFORE_bat2=—|BEFORE_bowl=— ?-? (?)|BEFORE_this_over=['?', '?', '?', '?']|AFTER_score=6-0(0.4)|AFTER_bat1=—|AFTER_bat2=—|AFTER_bowl=— ?-? (?)|AFTER_this_over=['?', '?', '?', '?']|AFTER_this_over_src=?(bcast),?(bcast),?(bcast),?(bcast)|AFTER_striker=Rahane|AFTER_non=Allen|AFTER_run_rate=9.00|AFTER_target=—|AFTER_innings=1|AFTER_partnership=—|AFTER_fow_count=0|AFTER_field=pace_powerplay frozen=True fielders=['slip_1', 'gully', 'point', 'cover', 'mid_off', 'mid_on', 'midwicket', 'square_leg', 'fine_leg']|ball_event=—|ball_event_runs=—|ball_event_over=—|ball_event_extra=—|ball_event_free_hit=—|broadcast_extra=—|dismissal_mode=—|striker_this_ball=—|delivery_length=—|delivery_line=—|delivery_angle=—|delivery_shot=—|delivery_direction=—|delivery_elevation=—|delivery_bounce=—|delivery_dets=0|delivery_method=—|delivery_snap_dets=—|delivery_3layer_dets=—|delivery_det_rate=—|delivery_dir_zone=—|delivery_dir_conf=0|delivery_shot_action=—|delivery_shot_intent=—|delivery_swing=—|delivery_speed_vlm=—|delivery_vlm_conf=—|delivery_vlm_ms=—|speed_kph=—|venue=—|batting_team=—|match_info=—|completed_over=—|completed_over_runs=—|drs_state=NONE|corrections=none|lat_vision=917|lat_extract=1219|lat_scorer=871|lat_field=144|lat_comm=0|lat_code=0|lat_total=3011|comm_bowler=—|comm_wire=—|comm_storyteller=—|comm_analyst=—|comm_colour=—|comm_wire_ms=0|comm_story_ms=0|comm_analyst_ms=0|comm_colour_ms=0
[17:31:38 F72 VISION] INFO: [SCOUT] SCOREBOARD 841ms strip=True overlay=False drs=False cam=closeup phase=between_play digits=True 431 chars
[17:31:38 F72 TEST] INFO: 
=======================================================
[17:31:38 F72 TEST] INFO: [F72] SCOREBOARD — #32
[17:31:38 F72 TEST] INFO:   [V 845ms] STRIP: KKR 10-0 (1.2) | extras=null | this_over=○○ | RAHANE 7(5) | ALLEN 3(3) | CUMMINS 0-2 (0.2)

INFO_PANEL: null
SPEED: null
EXTRA: null
THIS OVER: null
FULL SCORECARD: null

The player, likely bowler Cummmins, appears to be walking back to the te
[17:31:40 F72 EXTRACT] INFO: Extracted in 1.3s (llama-4-scout-17b-16e-instruct)
[17:31:40 F72 BOARD] INFO: [NAME] Exact miss for 'RAHANE', trying fuzzy (0 keys)...
[17:31:40 F72 BOARD] WARN: No match for 'RAHANE'. Closest: []
[17:31:40 F72 BOARD] INFO: [NAME] Exact miss for 'ALLEN', trying fuzzy (0 keys)...
[17:31:40 F72 BOARD] WARN: No match for 'ALLEN'. Closest: []
[17:31:40 F72 TEST] INFO:   [E 1297ms] visible_team=None score=10-0 (1.2) target=None rr=None
[17:31:40 F72 TEST] INFO:     BAT: RAHANE 7(5) 
[17:31:40 F72 TEST] INFO:     BAT: ALLEN 3(3) 
[17:31:40 F72 TEST] INFO:     BOWL: CUMMINS 0-2 (0.2)
[17:31:40 F72 BOARD] INFO: [NAME] Exact miss for 'RAHANE', trying fuzzy (0 keys)...
[17:31:40 F72 BOARD] WARN: No match for 'RAHANE'. Closest: []
[17:31:40 F72 BOARD] INFO: [NAME] Exact miss for 'ALLEN', trying fuzzy (0 keys)...
[17:31:40 F72 BOARD] WARN: No match for 'ALLEN'. Closest: []
[17:31:40 F72 TEST] INFO:   [DIRECT] wickets→0
[17:31:40 F72 SCORER] INFO: Scored in 0.8s (llama-4-scout-17b-16e-instruct)
[17:31:40 F72 TEST] INFO:   [S] Hint: Current batters: RAHANE and ALLEN. Bowler: CUMMINS. Read their stats from the scoreboard.
[17:31:40 F72 TEST] INFO:   No batting team set — skipping all updates
[17:31:40 F72 BOARD] INFO: [NAME] Exact miss for 'RAHANE', trying fuzzy (0 keys)...
[17:31:40 F72 BOARD] WARN: No match for 'RAHANE'. Closest: []
[17:31:40 F72 BOARD] INFO: [NAME] Exact miss for 'ALLEN', trying fuzzy (0 keys)...
[17:31:40 F72 BOARD] WARN: No match for 'ALLEN'. Closest: []
[17:31:40 F72 TEST] INFO:   [S 809ms] Changes: none
[17:31:40 F72 TEST] INFO:   Total: 2951ms (V:845 E:1297 S:809)
[17:31:40 F72 TEST] INFO:   [THIS OVER] ['?', '?', '?', '?'] = 0 runs
[17:31:40 F72 BOARD] INFO: [NAME] Exact miss for 'RAHANE', trying fuzzy (0 keys)...
[17:31:40 F72 BOARD] WARN: No match for 'RAHANE'. Closest: []
[17:31:40 F72 TEST] INFO:   STATE: KKR 6-0 (0.4) inn=1 RR=9.0 | Bat: None | Bowl: None
[17:31:40 F72 BOARD] INFO: [NAME] Exact miss for 'RAHANE', trying fuzzy (0 keys)...
[17:31:40 F72 BOARD] WARN: No match for 'RAHANE'. Closest: []
[17:31:40 F72 BOARD] INFO: [NAME] Exact miss for 'ALLEN', trying fuzzy (0 keys)...
[17:31:40 F72 BOARD] WARN: No match for 'ALLEN'. Closest: []
[17:31:40 F72 BOARD] INFO: [NAME] Exact miss for 'RAHANE', trying fuzzy (0 keys)...
[17:31:40 F72 BOARD] WARN: No match for 'RAHANE'. Closest: []
[17:31:40 F72 BOARD] INFO: [NAME] Exact miss for 'ALLEN', trying fuzzy (0 keys)...
[17:31:40 F72 BOARD] WARN: No match for 'ALLEN'. Closest: []
[17:31:40 F72 BOARD] INFO: [NAME] Exact miss for 'CUMMINS', trying fuzzy (0 keys)...
[17:31:40 F72 BOARD] WARN: No match for 'CUMMINS'. Closest: []
[17:31:40 F72 BOARD] INFO: [NAME] Exact miss for 'RAHANE', trying fuzzy (0 keys)...
[17:31:40 F72 BOARD] WARN: No match for 'RAHANE'. Closest: []
[17:31:40 F72 BOARD] INFO: [NAME] Exact miss for 'ALLEN', trying fuzzy (0 keys)...
[17:31:40 F72 BOARD] WARN: No match for 'ALLEN'. Closest: []
[17:31:40 F72 TEST] WARN:   [WS-SCRUB] striker='Rahane' rejected reason=not_in_card (#18) → fallback=None active=[]
[17:31:40 F72 TEST] WARN:   [WS-SCRUB] non='Allen' rejected reason=not_in_card (#18) → fallback=None active=[]
[17:31:40 F72 TEST] INFO: DETAIL|F72|SCOREBOARD|tag=SCOREBOARD|scout=STRIP: KKR 10-0 (1.2) | extras=null | this_over=○○ | RAHANE 7(5) | ALLEN 3(3) | CUMMINS 0-2 (0.2)  INFO_PANEL: null SPEE|action=—|ext_score=10-0(1.2)|ext_bat=RAHANE 7(5) | ALLEN 3(3)|ext_bowl=CUMMINS 0-2 (0.2)|scorer_changes=[]|yolo=0|BEFORE_score=6-0(0.4)|BEFORE_bat1=—|BEFORE_bat2=—|BEFORE_bowl=— ?-? (?)|BEFORE_this_over=['?', '?', '?', '?']|AFTER_score=6-0(0.4)|AFTER_bat1=—|AFTER_bat2=—|AFTER_bowl=— ?-? (?)|AFTER_this_over=['?', '?', '?', '?']|AFTER_this_over_src=?(bcast),?(bcast),?(bcast),?(bcast)|AFTER_striker=Rahane|AFTER_non=Allen|AFTER_run_rate=9.00|AFTER_target=—|AFTER_innings=1|AFTER_partnership=—|AFTER_fow_count=0|AFTER_field=pace_powerplay frozen=True fielders=['slip_1', 'gully', 'point', 'cover', 'mid_off', 'mid_on', 'midwicket', 'square_leg', 'fine_leg']|ball_event=—|ball_event_runs=—|ball_event_over=—|ball_event_extra=—|ball_event_free_hit=—|broadcast_extra=—|dismissal_mode=—|striker_this_ball=—|delivery_length=—|delivery_line=—|delivery_angle=—|delivery_shot=—|delivery_direction=—|delivery_elevation=—|delivery_bounce=—|delivery_dets=0|delivery_method=—|delivery_snap_dets=—|delivery_3layer_dets=—|delivery_det_rate=—|delivery_dir_zone=—|delivery_dir_conf=0|delivery_shot_action=—|delivery_shot_intent=—|delivery_swing=—|delivery_speed_vlm=—|delivery_vlm_conf=—|delivery_vlm_ms=—|speed_kph=—|venue=—|batting_team=—|match_info=—|completed_over=—|completed_over_runs=—|drs_state=NONE|corrections=none|lat_vision=845|lat_extract=1297|lat_scorer=809|lat_field=90|lat_comm=0|lat_code=0|lat_total=2956|comm_bowler=—|comm_wire=—|comm_storyteller=—|comm_analyst=—|comm_colour=—|comm_wire_ms=0|comm_story_ms=0|comm_analyst_ms=0|comm_colour_ms=0
[18:47:26 F0 SCORE_MGR] INFO: [SM-INNINGS-2-RESET] reason=test: resetting all per-innings cached scalars (archive already performed by caller).  target=160 new_batting_team=CSK.
[18:47:26 F0 SCORE_MGR] INFO:   [SM-FEEDER-SYNC] field=innings note=read_only_now sb_value=None sm_would_set=2
[18:47:26 F0 SCORE_MGR] INFO:   [SM-SHADOW-PARITY] field=target sm_would_accept=160 sb_value=None divergence=true
[18:47:26 F0 SCORE_MGR] INFO:   [SM-SHADOW-PARITY] field=batting_team sm_would_accept='CSK' sb_value=None divergence=true
[18:47:26 F0 SCORE_MGR] INFO: [SM-INNINGS-2-RESET] reason=test: resetting all per-innings cached scalars (archive already performed by caller).  target=160 new_batting_team=CSK.
[18:47:26 F0 SCORE_MGR] INFO:   [SM-FEEDER-SYNC] field=innings note=read_only_now sb_value=None sm_would_set=2
[18:47:26 F0 SCORE_MGR] INFO:   [SM-SHADOW-PARITY] field=target sm_would_accept=160 sb_value=None divergence=true
[18:47:26 F0 SCORE_MGR] INFO:   [SM-SHADOW-PARITY] field=batting_team sm_would_accept='CSK' sb_value=None divergence=true
[18:47:26 F0 SCORE_MGR] INFO: [SM-INNINGS-2-RESET] reason=test: resetting all per-innings cached scalars (archive already performed by caller).  target=160 new_batting_team=CSK.
[18:47:26 F0 SCORE_MGR] INFO:   [SM-FEEDER-SYNC] field=innings note=read_only_now sb_value=None sm_would_set=2
[18:47:26 F0 SCORE_MGR] INFO:   [SM-SHADOW-PARITY] field=target sm_would_accept=160 sb_value=None divergence=true
[18:47:26 F0 SCORE_MGR] INFO:   [SM-SHADOW-PARITY] field=batting_team sm_would_accept='CSK' sb_value=None divergence=true
[18:47:26 F0 SCORE_MGR] INFO: [SM-INNINGS-2-RESET] reason=test: resetting all per-innings cached scalars (archive already performed by caller).  target=160 new_batting_team=CSK.
[18:47:26 F0 SCORE_MGR] INFO:   [SM-FEEDER-SYNC] field=innings note=read_only_now sb_value=None sm_would_set=2
[18:47:26 F0 SCORE_MGR] INFO:   [SM-SHADOW-PARITY] field=target sm_would_accept=160 sb_value=None divergence=true
[18:47:26 F0 SCORE_MGR] INFO:   [SM-SHADOW-PARITY] field=batting_team sm_would_accept='CSK' sb_value=None divergence=true
[18:47:26 F0 SCORE_MGR] INFO: [SM-INNINGS-2-RESET] reason=test: resetting all per-innings cached scalars (archive already performed by caller).  target=160 new_batting_team=CSK.
[18:47:26 F0 SCORE_MGR] INFO:   [SM-FEEDER-SYNC] field=innings note=read_only_now sb_value=None sm_would_set=2
[18:47:26 F0 SCORE_MGR] INFO:   [SM-SHADOW-PARITY] field=target sm_would_accept=160 sb_value=None divergence=true
[18:47:26 F0 SCORE_MGR] INFO:   [SM-SHADOW-PARITY] field=batting_team sm_would_accept='CSK' sb_value=None divergence=true
[18:47:26 F0 SCORE_MGR] INFO: [SM-INNINGS-2-RESET] reason=test: resetting all per-innings cached scalars (archive already performed by caller).  target=160 new_batting_team=CSK.
[18:47:26 F0 SCORE_MGR] INFO:   [SM-FEEDER-SYNC] field=innings note=read_only_now sb_value=None sm_would_set=2
[18:47:26 F0 SCORE_MGR] INFO:   [SM-SHADOW-PARITY] field=target sm_would_accept=160 sb_value=None divergence=true
[18:47:26 F0 SCORE_MGR] INFO:   [SM-SHADOW-PARITY] field=batting_team sm_would_accept='CSK' sb_value=None divergence=true
[18:47:26 F0 SCORE_MGR] INFO: [SM-INNINGS-2-RESET] reason=test: resetting all per-innings cached scalars (archive already performed by caller).  target=160 new_batting_team=CSK.
[18:47:26 F0 SCORE_MGR] INFO:   [SM-FEEDER-SYNC] field=innings note=read_only_now sb_value=None sm_would_set=2
[18:47:26 F0 SCORE_MGR] INFO:   [SM-SHADOW-PARITY] field=target sm_would_accept=160 sb_value=None divergence=true
[18:47:26 F0 SCORE_MGR] INFO:   [SM-SHADOW-PARITY] field=batting_team sm_would_accept='CSK' sb_value=None divergence=true
[18:47:26 F0 SCORE_MGR] INFO: [SM-INNINGS-2-RESET] reason=test: resetting all per-innings cached scalars (archive already performed by caller).  target=160 new_batting_team=CSK.
[18:47:26 F0 SCORE_MGR] INFO:   [SM-FEEDER-SYNC] field=innings note=read_only_now sb_value=None sm_would_set=2
[18:47:26 F0 SCORE_MGR] INFO:   [SM-SHADOW-PARITY] field=target sm_would_accept=160 sb_value=None divergence=true
[18:47:26 F0 SCORE_MGR] INFO:   [SM-SHADOW-PARITY] field=batting_team sm_would_accept='CSK' sb_value=None divergence=true
[18:47:26 F0 TEST] INFO:   [INN2-TRANSITION-NULL-TEAM] frame=F700 score=10 requires 2-frame corroboration (advisory only)
[18:47:26 F0 SCORE_MGR] INFO: [SM-INNINGS-2-RESET] reason=test: resetting all per-innings cached scalars (archive already performed by caller).  target=160 new_batting_team=CSK.
[18:47:26 F0 SCORE_MGR] INFO:   [SM-FEEDER-SYNC] field=innings note=read_only_now sb_value=None sm_would_set=2
[18:47:26 F0 SCORE_MGR] INFO:   [SM-SHADOW-PARITY] field=target sm_would_accept=160 sb_value=None divergence=true
[18:47:26 F0 SCORE_MGR] INFO:   [SM-SHADOW-PARITY] field=batting_team sm_would_accept='CSK' sb_value=None divergence=true
[18:47:26 F0 SCORE_MGR] INFO: [SM-INNINGS-2-RESET] reason=test: resetting all per-innings cached scalars (archive already performed by caller).  target=160 new_batting_team=CSK.
[18:47:26 F0 SCORE_MGR] INFO:   [SM-FEEDER-SYNC] field=innings note=read_only_now sb_value=None sm_would_set=2
[18:47:26 F0 SCORE_MGR] INFO:   [SM-SHADOW-PARITY] field=target sm_would_accept=160 sb_value=None divergence=true
[18:47:26 F0 SCORE_MGR] INFO:   [SM-SHADOW-PARITY] field=batting_team sm_would_accept='CSK' sb_value=None divergence=true
[18:47:26 F0 SCORE_MGR] INFO: [SM-INNINGS-2-RESET] reason=test: resetting all per-innings cached scalars (archive already performed by caller).  target=160 new_batting_team=CSK.
[18:47:26 F0 SCORE_MGR] INFO:   [SM-FEEDER-SYNC] field=innings note=read_only_now sb_value=None sm_would_set=2
[18:47:26 F0 SCORE_MGR] INFO:   [SM-SHADOW-PARITY] field=target sm_would_accept=160 sb_value=None divergence=true
[18:47:26 F0 SCORE_MGR] INFO:   [SM-SHADOW-PARITY] field=batting_team sm_would_accept='CSK' sb_value=None divergence=true
[18:47:26 F0 SCORE_MGR] INFO: [SM-INNINGS-2-RESET] reason=test: resetting all per-innings cached scalars (archive already performed by caller).  target=160 new_batting_team=CSK.
[18:47:26 F0 SCORE_MGR] INFO:   [SM-FEEDER-SYNC] field=innings note=read_only_now sb_value=None sm_would_set=2
[18:47:26 F0 SCORE_MGR] INFO:   [SM-SHADOW-PARITY] field=target sm_would_accept=160 sb_value=None divergence=true
[18:47:26 F0 SCORE_MGR] INFO:   [SM-SHADOW-PARITY] field=batting_team sm_would_accept='CSK' sb_value=None divergence=true
[18:47:26 F0 TEST] INFO:   [INN2-TRANSITION-NULL-TEAM] frame=F700 score=10 requires 2-frame corroboration (advisory only)
[18:47:26 F0 SCORE_MGR] INFO: [SM-INNINGS-2-RESET] reason=test: resetting all per-innings cached scalars (archive already performed by caller).  target=160 new_batting_team=CSK.
[18:47:26 F0 SCORE_MGR] INFO:   [SM-FEEDER-SYNC] field=innings note=read_only_now sb_value=None sm_would_set=2
[18:47:26 F0 SCORE_MGR] INFO:   [SM-SHADOW-PARITY] field=target sm_would_accept=160 sb_value=None divergence=true
[18:47:26 F0 SCORE_MGR] INFO:   [SM-SHADOW-PARITY] field=batting_team sm_would_accept='CSK' sb_value=None divergence=true
[18:47:26 F0 SCORE_MGR] INFO: [SM-INNINGS-2-RESET] reason=test: resetting all per-innings cached scalars (archive already performed by caller).  target=160 new_batting_team=CSK.
[18:47:26 F0 SCORE_MGR] INFO:   [SM-FEEDER-SYNC] field=innings note=read_only_now sb_value=None sm_would_set=2
[18:47:26 F0 SCORE_MGR] INFO:   [SM-SHADOW-PARITY] field=target sm_would_accept=160 sb_value=None divergence=true
[18:47:26 F0 SCORE_MGR] INFO:   [SM-SHADOW-PARITY] field=batting_team sm_would_accept='CSK' sb_value=None divergence=true
[18:47:26 F0 TEST] INFO:   [INN2-TRANSITION-NULL-TEAM] frame=F700 score=10 requires 2-frame corroboration (advisory only)
[18:47:26 F0 SCORE_MGR] INFO: [SM-INNINGS-2-RESET] reason=test: resetting all per-innings cached scalars (archive already performed by caller).  target=160 new_batting_team=CSK.
[18:47:26 F0 SCORE_MGR] INFO:   [SM-FEEDER-SYNC] field=innings note=read_only_now sb_value=None sm_would_set=2
[18:47:26 F0 SCORE_MGR] INFO:   [SM-SHADOW-PARITY] field=target sm_would_accept=160 sb_value=None divergence=true
[18:47:26 F0 SCORE_MGR] INFO:   [SM-SHADOW-PARITY] field=batting_team sm_would_accept='CSK' sb_value=None divergence=true
[18:47:26 F0 SCORE_MGR] INFO: [SM-INNINGS-2-RESET] reason=test: resetting all per-innings cached scalars (archive already performed by caller).  target=160 new_batting_team=CSK.
[18:47:26 F0 SCORE_MGR] INFO:   [SM-FEEDER-SYNC] field=innings note=read_only_now sb_value=None sm_would_set=2
[18:47:26 F0 SCORE_MGR] INFO:   [SM-SHADOW-PARITY] field=target sm_would_accept=160 sb_value=None divergence=true
[18:47:26 F0 SCORE_MGR] INFO:   [SM-SHADOW-PARITY] field=batting_team sm_would_accept='CSK' sb_value=None divergence=true
[18:47:26 F0 SCORE_MGR] INFO: [SM-INNINGS-2-RESET] reason=test: resetting all per-innings cached scalars (archive already performed by caller).  target=160 new_batting_team=CSK.
[18:47:26 F0 SCORE_MGR] INFO:   [SM-FEEDER-SYNC] field=innings note=read_only_now sb_value=None sm_would_set=2
[18:47:26 F0 SCORE_MGR] INFO:   [SM-SHADOW-PARITY] field=target sm_would_accept=160 sb_value=None divergence=true
[18:47:26 F0 SCORE_MGR] INFO:   [SM-SHADOW-PARITY] field=batting_team sm_would_accept='CSK' sb_value=None divergence=true
[18:47:26 F0 SCORE_MGR] INFO: [SM-INNINGS-2-RESET] reason=warm_test: resetting all per-innings cached scalars (archive already performed by caller).  target=160 new_batting_team=CSK.
[18:47:26 F0 SCORE_MGR] INFO:   [SM-FEEDER-SYNC] field=innings note=read_only_now sb_value=None sm_would_set=2
[18:47:26 F0 SCORE_MGR] INFO:   [SM-SHADOW-PARITY] field=target sm_would_accept=160 sb_value=None divergence=true
[18:47:26 F0 SCORE_MGR] INFO:   [SM-SHADOW-PARITY] field=batting_team sm_would_accept='CSK' sb_value=None divergence=true
[18:47:26 F0 SCORE_MGR] INFO: [SM-INNINGS-2-RESET] reason=test: resetting all per-innings cached scalars (archive already performed by caller).  target=160 new_batting_team=CSK.
[18:47:26 F0 SCORE_MGR] INFO:   [SM-FEEDER-SYNC] field=innings note=read_only_now sb_value=None sm_would_set=2
[18:47:26 F0 SCORE_MGR] INFO:   [SM-SHADOW-PARITY] field=target sm_would_accept=160 sb_value=None divergence=true
[18:47:26 F0 SCORE_MGR] INFO:   [SM-SHADOW-PARITY] field=batting_team sm_would_accept='CSK' sb_value=None divergence=true
[18:47:26 F0 SCORE_MGR] INFO: [SM-INNINGS-2-RESET] reason=warm_test: resetting all per-innings cached scalars (archive already performed by caller).  target=160 new_batting_team=CSK.
[18:47:26 F0 SCORE_MGR] INFO:   [SM-FEEDER-SYNC] field=innings note=read_only_now sb_value=None sm_would_set=2
[18:47:26 F0 SCORE_MGR] INFO:   [SM-SHADOW-PARITY] field=target sm_would_accept=160 sb_value=None divergence=true
[18:47:26 F0 SCORE_MGR] INFO:   [SM-SHADOW-PARITY] field=batting_team sm_would_accept='CSK' sb_value=None divergence=true
[18:47:26 F0 SCORE_MGR] INFO: [SM-INNINGS-2-RESET] reason=warm_test: resetting all per-innings cached scalars (archive already performed by caller).  target=160 new_batting_team=CSK.
[18:47:26 F0 SCORE_MGR] INFO:   [SM-FEEDER-SYNC] field=innings note=read_only_now sb_value=None sm_would_set=2
[18:47:26 F0 SCORE_MGR] INFO:   [SM-SHADOW-PARITY] field=target sm_would_accept=160 sb_value=None divergence=true
[18:47:26 F0 SCORE_MGR] INFO:   [SM-SHADOW-PARITY] field=batting_team sm_would_accept='CSK' sb_value=None divergence=true
[18:47:26 F0 SCORE_MGR] INFO: [SM-INNINGS-2-RESET] reason=test: resetting all per-innings cached scalars (archive already performed by caller).  target=160 new_batting_team=CSK.
[18:47:26 F0 SCORE_MGR] INFO:   [SM-FEEDER-SYNC] field=innings note=read_only_now sb_value=None sm_would_set=2
[18:47:26 F0 SCORE_MGR] INFO:   [SM-SHADOW-PARITY] field=target sm_would_accept=160 sb_value=None divergence=true
[18:47:26 F0 SCORE_MGR] INFO:   [SM-SHADOW-PARITY] field=batting_team sm_would_accept='CSK' sb_value=None divergence=true
[18:47:26 F0 BOARD] INFO: Scorecards built: CSK (16 bat) vs MI (1 bowl)
[18:47:26 F0 BOARD] INFO: Batter activated: P0
[18:47:26 F0 BOARD] INFO: Scorecards built: CSK (16 bat) vs MI (1 bowl)
[18:47:26 F0 BOARD] INFO: Scorecards built: CSK (16 bat) vs MI (1 bowl)
[18:47:26 F0 BOARD] INFO: [XI-GATE] reject — Batter 'P0' is replaced_player — rejecting
[18:47:26 F0 BOARD] INFO: Scorecards built: CSK (16 bat) vs MI (1 bowl)
[18:47:26 F0 BOARD] INFO: [IMPACT-PLAYER-ACTIVATED] team CSK player S0 promoted from sub pool, impact_used=true
[18:47:26 F0 BOARD] INFO: Batter activated: S0
[18:47:26 F0 BOARD] INFO: Scorecards built: CSK (16 bat) vs MI (1 bowl)
[18:47:26 F0 BOARD] INFO: [IMPACT-PLAYER-ACTIVATED] team CSK player S0 promoted from sub pool, impact_used=true
[18:47:26 F0 BOARD] INFO: Batter activated: S0
[18:47:26 F0 BOARD] INFO: Scorecards built: CSK (16 bat) vs MI (1 bowl)
[18:47:26 F0 BOARD] INFO: [IMPACT-PLAYER-ACTIVATED] team CSK player S0 promoted from sub pool, impact_used=true
[18:47:26 F0 BOARD] INFO: Batter activated: S0
[18:47:26 F0 BOARD] INFO: [BATTER-CONSENSUS-RESET] S1 — clearing bat tracker streak
[18:47:26 F0 BOARD] INFO: [XI-GATE] reject — team already used impact player, 'S1' rejected as second activation
[18:47:26 F0 BOARD] INFO: Scorecards built: CSK (13 bat) vs MI (3 bowl)
[18:47:26 F0 BOARD] INFO: [IMPACT-PLAYER-ACTIVATED] team MI player bws0 promoted from sub pool, impact_used=true
[18:47:26 F0 BOARD] INFO: [BOWLER SEED] bws0 figures seeded from scout text to 0-0 (0.1) — mid-spell entry (impact sub / mid-match join)
[18:47:26 F0 BOARD] INFO: Scorecards built: CSK (16 bat) vs MI (1 bowl)
[18:47:26 F0 BOARD] INFO: [BATTER-CONSENSUS-RESET] P1 — clearing bat tracker streak
[18:47:26 F0 BOARD] WARN:   [STRIKER-COLLISION] Refusing striker=P1 — already non; would self-collide
[18:47:26 F0 BOARD] INFO: [BATTER-CONSENSUS-RESET] P0 — clearing bat tracker streak
[18:47:26 F0 BOARD] WARN:   [STRIKER-COLLISION] Refusing non=P0 — already striker; would self-collide
[18:47:26 F0 BOARD] INFO: Scorecards built: CSK (1 bat) vs MI (2 bowl)
[18:47:26 F0 OVER] INFO: [TIMEOUT-GAP-INFER] frame=10 prev_overs='16.0' new_overs='16.2' score 124→126 +2 inferred tokens → ['?', '2']
[18:50:32 F0 SCORE_MGR] INFO: [SM-INNINGS-2-RESET] reason=test: resetting all per-innings cached scalars (archive already performed by caller).  target=160 new_batting_team=CSK.
[18:50:32 F0 SCORE_MGR] INFO:   [SM-FEEDER-SYNC] field=innings note=read_only_now sb_value=None sm_would_set=2
[18:50:32 F0 SCORE_MGR] INFO:   [SM-SHADOW-PARITY] field=target sm_would_accept=160 sb_value=None divergence=true
[18:50:32 F0 SCORE_MGR] INFO:   [SM-SHADOW-PARITY] field=batting_team sm_would_accept='CSK' sb_value=None divergence=true
[18:50:32 F0 SCORE_MGR] INFO: [SM-INNINGS-2-RESET] reason=test: resetting all per-innings cached scalars (archive already performed by caller).  target=160 new_batting_team=CSK.
[18:50:32 F0 SCORE_MGR] INFO:   [SM-FEEDER-SYNC] field=innings note=read_only_now sb_value=None sm_would_set=2
[18:50:32 F0 SCORE_MGR] INFO:   [SM-SHADOW-PARITY] field=target sm_would_accept=160 sb_value=None divergence=true
[18:50:32 F0 SCORE_MGR] INFO:   [SM-SHADOW-PARITY] field=batting_team sm_would_accept='CSK' sb_value=None divergence=true
[18:50:32 F0 SCORE_MGR] INFO: [SM-INNINGS-2-RESET] reason=test: resetting all per-innings cached scalars (archive already performed by caller).  target=160 new_batting_team=CSK.
[18:50:32 F0 SCORE_MGR] INFO:   [SM-FEEDER-SYNC] field=innings note=read_only_now sb_value=None sm_would_set=2
[18:50:32 F0 SCORE_MGR] INFO:   [SM-SHADOW-PARITY] field=target sm_would_accept=160 sb_value=None divergence=true
[18:50:32 F0 SCORE_MGR] INFO:   [SM-SHADOW-PARITY] field=batting_team sm_would_accept='CSK' sb_value=None divergence=true
[18:50:32 F0 SCORE_MGR] INFO: [SM-INNINGS-2-RESET] reason=test: resetting all per-innings cached scalars (archive already performed by caller).  target=160 new_batting_team=CSK.
[18:50:32 F0 SCORE_MGR] INFO:   [SM-FEEDER-SYNC] field=innings note=read_only_now sb_value=None sm_would_set=2
[18:50:32 F0 SCORE_MGR] INFO:   [SM-SHADOW-PARITY] field=target sm_would_accept=160 sb_value=None divergence=true
[18:50:32 F0 SCORE_MGR] INFO:   [SM-SHADOW-PARITY] field=batting_team sm_would_accept='CSK' sb_value=None divergence=true
[18:50:32 F0 SCORE_MGR] INFO: [SM-INNINGS-2-RESET] reason=test: resetting all per-innings cached scalars (archive already performed by caller).  target=160 new_batting_team=CSK.
[18:50:32 F0 SCORE_MGR] INFO:   [SM-FEEDER-SYNC] field=innings note=read_only_now sb_value=None sm_would_set=2
[18:50:32 F0 SCORE_MGR] INFO:   [SM-SHADOW-PARITY] field=target sm_would_accept=160 sb_value=None divergence=true
[18:50:32 F0 SCORE_MGR] INFO:   [SM-SHADOW-PARITY] field=batting_team sm_would_accept='CSK' sb_value=None divergence=true
[18:50:32 F0 SCORE_MGR] INFO: [SM-INNINGS-2-RESET] reason=test: resetting all per-innings cached scalars (archive already performed by caller).  target=160 new_batting_team=CSK.
[18:50:32 F0 SCORE_MGR] INFO:   [SM-FEEDER-SYNC] field=innings note=read_only_now sb_value=None sm_would_set=2
[18:50:32 F0 SCORE_MGR] INFO:   [SM-SHADOW-PARITY] field=target sm_would_accept=160 sb_value=None divergence=true
[18:50:32 F0 SCORE_MGR] INFO:   [SM-SHADOW-PARITY] field=batting_team sm_would_accept='CSK' sb_value=None divergence=true
[18:50:32 F0 SCORE_MGR] INFO: [SM-INNINGS-2-RESET] reason=test: resetting all per-innings cached scalars (archive already performed by caller).  target=160 new_batting_team=CSK.
[18:50:32 F0 SCORE_MGR] INFO:   [SM-FEEDER-SYNC] field=innings note=read_only_now sb_value=None sm_would_set=2
[18:50:32 F0 SCORE_MGR] INFO:   [SM-SHADOW-PARITY] field=target sm_would_accept=160 sb_value=None divergence=true
[18:50:32 F0 SCORE_MGR] INFO:   [SM-SHADOW-PARITY] field=batting_team sm_would_accept='CSK' sb_value=None divergence=true
[18:50:32 F0 SCORE_MGR] INFO: [SM-INNINGS-2-RESET] reason=test: resetting all per-innings cached scalars (archive already performed by caller).  target=160 new_batting_team=CSK.
[18:50:32 F0 SCORE_MGR] INFO:   [SM-FEEDER-SYNC] field=innings note=read_only_now sb_value=None sm_would_set=2
[18:50:32 F0 SCORE_MGR] INFO:   [SM-SHADOW-PARITY] field=target sm_would_accept=160 sb_value=None divergence=true
[18:50:32 F0 SCORE_MGR] INFO:   [SM-SHADOW-PARITY] field=batting_team sm_would_accept='CSK' sb_value=None divergence=true
[18:50:32 F0 TEST] INFO:   [INN2-TRANSITION-NULL-TEAM] frame=F700 score=10 requires 2-frame corroboration (advisory only)
[18:50:32 F0 SCORE_MGR] INFO: [SM-INNINGS-2-RESET] reason=test: resetting all per-innings cached scalars (archive already performed by caller).  target=160 new_batting_team=CSK.
[18:50:32 F0 SCORE_MGR] INFO:   [SM-FEEDER-SYNC] field=innings note=read_only_now sb_value=None sm_would_set=2
[18:50:32 F0 SCORE_MGR] INFO:   [SM-SHADOW-PARITY] field=target sm_would_accept=160 sb_value=None divergence=true
[18:50:32 F0 SCORE_MGR] INFO:   [SM-SHADOW-PARITY] field=batting_team sm_would_accept='CSK' sb_value=None divergence=true
[18:50:32 F0 SCORE_MGR] INFO: [SM-INNINGS-2-RESET] reason=test: resetting all per-innings cached scalars (archive already performed by caller).  target=160 new_batting_team=CSK.
[18:50:32 F0 SCORE_MGR] INFO:   [SM-FEEDER-SYNC] field=innings note=read_only_now sb_value=None sm_would_set=2
[18:50:32 F0 SCORE_MGR] INFO:   [SM-SHADOW-PARITY] field=target sm_would_accept=160 sb_value=None divergence=true
[18:50:32 F0 SCORE_MGR] INFO:   [SM-SHADOW-PARITY] field=batting_team sm_would_accept='CSK' sb_value=None divergence=true
[18:50:32 F0 SCORE_MGR] INFO: [SM-INNINGS-2-RESET] reason=test: resetting all per-innings cached scalars (archive already performed by caller).  target=160 new_batting_team=CSK.
[18:50:32 F0 SCORE_MGR] INFO:   [SM-FEEDER-SYNC] field=innings note=read_only_now sb_value=None sm_would_set=2
[18:50:32 F0 SCORE_MGR] INFO:   [SM-SHADOW-PARITY] field=target sm_would_accept=160 sb_value=None divergence=true
[18:50:32 F0 SCORE_MGR] INFO:   [SM-SHADOW-PARITY] field=batting_team sm_would_accept='CSK' sb_value=None divergence=true
[18:50:32 F0 SCORE_MGR] INFO: [SM-INNINGS-2-RESET] reason=test: resetting all per-innings cached scalars (archive already performed by caller).  target=160 new_batting_team=CSK.
[18:50:32 F0 SCORE_MGR] INFO:   [SM-FEEDER-SYNC] field=innings note=read_only_now sb_value=None sm_would_set=2
[18:50:32 F0 SCORE_MGR] INFO:   [SM-SHADOW-PARITY] field=target sm_would_accept=160 sb_value=None divergence=true
[18:50:32 F0 SCORE_MGR] INFO:   [SM-SHADOW-PARITY] field=batting_team sm_would_accept='CSK' sb_value=None divergence=true
[18:50:32 F0 TEST] INFO:   [INN2-TRANSITION-NULL-TEAM] frame=F700 score=10 requires 2-frame corroboration (advisory only)
[18:50:32 F0 SCORE_MGR] INFO: [SM-INNINGS-2-RESET] reason=test: resetting all per-innings cached scalars (archive already performed by caller).  target=160 new_batting_team=CSK.
[18:50:32 F0 SCORE_MGR] INFO:   [SM-FEEDER-SYNC] field=innings note=read_only_now sb_value=None sm_would_set=2
[18:50:32 F0 SCORE_MGR] INFO:   [SM-SHADOW-PARITY] field=target sm_would_accept=160 sb_value=None divergence=true
[18:50:32 F0 SCORE_MGR] INFO:   [SM-SHADOW-PARITY] field=batting_team sm_would_accept='CSK' sb_value=None divergence=true
[18:50:32 F0 SCORE_MGR] INFO: [SM-INNINGS-2-RESET] reason=test: resetting all per-innings cached scalars (archive already performed by caller).  target=160 new_batting_team=CSK.
[18:50:32 F0 SCORE_MGR] INFO:   [SM-FEEDER-SYNC] field=innings note=read_only_now sb_value=None sm_would_set=2
[18:50:32 F0 SCORE_MGR] INFO:   [SM-SHADOW-PARITY] field=target sm_would_accept=160 sb_value=None divergence=true
[18:50:32 F0 SCORE_MGR] INFO:   [SM-SHADOW-PARITY] field=batting_team sm_would_accept='CSK' sb_value=None divergence=true
[18:50:32 F0 TEST] INFO:   [INN2-TRANSITION-NULL-TEAM] frame=F700 score=10 requires 2-frame corroboration (advisory only)
[18:50:32 F0 SCORE_MGR] INFO: [SM-INNINGS-2-RESET] reason=test: resetting all per-innings cached scalars (archive already performed by caller).  target=160 new_batting_team=CSK.
[18:50:32 F0 SCORE_MGR] INFO:   [SM-FEEDER-SYNC] field=innings note=read_only_now sb_value=None sm_would_set=2
[18:50:32 F0 SCORE_MGR] INFO:   [SM-SHADOW-PARITY] field=target sm_would_accept=160 sb_value=None divergence=true
[18:50:32 F0 SCORE_MGR] INFO:   [SM-SHADOW-PARITY] field=batting_team sm_would_accept='CSK' sb_value=None divergence=true
[18:50:32 F0 SCORE_MGR] INFO: [SM-INNINGS-2-RESET] reason=test: resetting all per-innings cached scalars (archive already performed by caller).  target=160 new_batting_team=CSK.
[18:50:32 F0 SCORE_MGR] INFO:   [SM-FEEDER-SYNC] field=innings note=read_only_now sb_value=None sm_would_set=2
[18:50:32 F0 SCORE_MGR] INFO:   [SM-SHADOW-PARITY] field=target sm_would_accept=160 sb_value=None divergence=true
[18:50:32 F0 SCORE_MGR] INFO:   [SM-SHADOW-PARITY] field=batting_team sm_would_accept='CSK' sb_value=None divergence=true
[18:50:32 F0 SCORE_MGR] INFO: [SM-INNINGS-2-RESET] reason=test: resetting all per-innings cached scalars (archive already performed by caller).  target=160 new_batting_team=CSK.
[18:50:32 F0 SCORE_MGR] INFO:   [SM-FEEDER-SYNC] field=innings note=read_only_now sb_value=None sm_would_set=2
[18:50:32 F0 SCORE_MGR] INFO:   [SM-SHADOW-PARITY] field=target sm_would_accept=160 sb_value=None divergence=true
[18:50:32 F0 SCORE_MGR] INFO:   [SM-SHADOW-PARITY] field=batting_team sm_would_accept='CSK' sb_value=None divergence=true
[18:50:32 F0 SCORE_MGR] INFO: [SM-INNINGS-2-RESET] reason=warm_test: resetting all per-innings cached scalars (archive already performed by caller).  target=160 new_batting_team=CSK.
[18:50:32 F0 SCORE_MGR] INFO:   [SM-FEEDER-SYNC] field=innings note=read_only_now sb_value=None sm_would_set=2
[18:50:32 F0 SCORE_MGR] INFO:   [SM-SHADOW-PARITY] field=target sm_would_accept=160 sb_value=None divergence=true
[18:50:32 F0 SCORE_MGR] INFO:   [SM-SHADOW-PARITY] field=batting_team sm_would_accept='CSK' sb_value=None divergence=true
[18:50:32 F0 SCORE_MGR] INFO: [SM-INNINGS-2-RESET] reason=test: resetting all per-innings cached scalars (archive already performed by caller).  target=160 new_batting_team=CSK.
[18:50:32 F0 SCORE_MGR] INFO:   [SM-FEEDER-SYNC] field=innings note=read_only_now sb_value=None sm_would_set=2
[18:50:32 F0 SCORE_MGR] INFO:   [SM-SHADOW-PARITY] field=target sm_would_accept=160 sb_value=None divergence=true
[18:50:32 F0 SCORE_MGR] INFO:   [SM-SHADOW-PARITY] field=batting_team sm_would_accept='CSK' sb_value=None divergence=true
[18:50:32 F0 SCORE_MGR] INFO: [SM-INNINGS-2-RESET] reason=warm_test: resetting all per-innings cached scalars (archive already performed by caller).  target=160 new_batting_team=CSK.
[18:50:32 F0 SCORE_MGR] INFO:   [SM-FEEDER-SYNC] field=innings note=read_only_now sb_value=None sm_would_set=2
[18:50:32 F0 SCORE_MGR] INFO:   [SM-SHADOW-PARITY] field=target sm_would_accept=160 sb_value=None divergence=true
[18:50:32 F0 SCORE_MGR] INFO:   [SM-SHADOW-PARITY] field=batting_team sm_would_accept='CSK' sb_value=None divergence=true
[18:50:32 F0 SCORE_MGR] INFO: [SM-INNINGS-2-RESET] reason=warm_test: resetting all per-innings cached scalars (archive already performed by caller).  target=160 new_batting_team=CSK.
[18:50:32 F0 SCORE_MGR] INFO:   [SM-FEEDER-SYNC] field=innings note=read_only_now sb_value=None sm_would_set=2
[18:50:32 F0 SCORE_MGR] INFO:   [SM-SHADOW-PARITY] field=target sm_would_accept=160 sb_value=None divergence=true
[18:50:32 F0 SCORE_MGR] INFO:   [SM-SHADOW-PARITY] field=batting_team sm_would_accept='CSK' sb_value=None divergence=true
[18:50:32 F0 SCORE_MGR] INFO: [SM-INNINGS-2-RESET] reason=test: resetting all per-innings cached scalars (archive already performed by caller).  target=160 new_batting_team=CSK.
[18:50:32 F0 SCORE_MGR] INFO:   [SM-FEEDER-SYNC] field=innings note=read_only_now sb_value=None sm_would_set=2
[18:50:32 F0 SCORE_MGR] INFO:   [SM-SHADOW-PARITY] field=target sm_would_accept=160 sb_value=None divergence=true
[18:50:32 F0 SCORE_MGR] INFO:   [SM-SHADOW-PARITY] field=batting_team sm_would_accept='CSK' sb_value=None divergence=true
[18:50:32 F0 BOARD] INFO: Scorecards built: CSK (16 bat) vs MI (1 bowl)
[18:50:32 F0 BOARD] INFO: Batter activated: P0
[18:50:32 F0 BOARD] INFO: Scorecards built: CSK (16 bat) vs MI (1 bowl)
[18:50:32 F0 BOARD] INFO: Scorecards built: CSK (16 bat) vs MI (1 bowl)
[18:50:32 F0 BOARD] INFO: [XI-GATE] reject — Batter 'P0' is replaced_player — rejecting
[18:50:32 F0 BOARD] INFO: Scorecards built: CSK (16 bat) vs MI (1 bowl)
[18:50:32 F0 BOARD] INFO: [IMPACT-PLAYER-ACTIVATED] team CSK player S0 promoted from sub pool, impact_used=true
[18:50:32 F0 BOARD] INFO: Batter activated: S0
[18:50:32 F0 BOARD] INFO: Scorecards built: CSK (16 bat) vs MI (1 bowl)
[18:50:32 F0 BOARD] INFO: [IMPACT-PLAYER-ACTIVATED] team CSK player S0 promoted from sub pool, impact_used=true
[18:50:32 F0 BOARD] INFO: Batter activated: S0
[18:50:32 F0 BOARD] INFO: Scorecards built: CSK (16 bat) vs MI (1 bowl)
[18:50:32 F0 BOARD] INFO: [IMPACT-PLAYER-ACTIVATED] team CSK player S0 promoted from sub pool, impact_used=true
[18:50:32 F0 BOARD] INFO: Batter activated: S0
[18:50:32 F0 BOARD] INFO: [BATTER-CONSENSUS-RESET] S1 — clearing bat tracker streak
[18:50:32 F0 BOARD] INFO: [XI-GATE] reject — team already used impact player, 'S1' rejected as second activation
[18:50:32 F0 BOARD] INFO: Scorecards built: CSK (13 bat) vs MI (3 bowl)
[18:50:32 F0 BOARD] INFO: [IMPACT-PLAYER-ACTIVATED] team MI player bws0 promoted from sub pool, impact_used=true
[18:50:32 F0 BOARD] INFO: [BOWLER SEED] bws0 figures seeded from scout text to 0-0 (0.1) — mid-spell entry (impact sub / mid-match join)
[18:50:32 F0 BOARD] INFO: Scorecards built: CSK (16 bat) vs MI (1 bowl)
[18:50:32 F0 BOARD] INFO: [BATTER-CONSENSUS-RESET] P1 — clearing bat tracker streak
[18:50:32 F0 BOARD] WARN:   [STRIKER-COLLISION] Refusing striker=P1 — already non; would self-collide
[18:50:32 F0 BOARD] INFO: [BATTER-CONSENSUS-RESET] P0 — clearing bat tracker streak
[18:50:32 F0 BOARD] WARN:   [STRIKER-COLLISION] Refusing non=P0 — already striker; would self-collide
[18:50:32 F0 BOARD] INFO: Scorecards built: CSK (1 bat) vs MI (2 bowl)
[18:50:32 F0 OVER] INFO: [TIMEOUT-GAP-INFER] frame=10 prev_overs='16.0' new_overs='16.2' score 124→126 +2 inferred tokens → ['?', '2']
[18:50:32 F0 OVER] INFO: [TIMEOUT-GAP-INFER] frame=10 prev_overs='16.0' new_overs='16.2' score 124→124 +2 inferred tokens → ['?', '?']
[18:50:32 F0 OVER] INFO: [TIMEOUT-GAP-INFER] frame=10 prev_overs='16.0' new_overs='16.2' score 124→132 +2 inferred tokens → ['?', '?']
[19:02:01 F0 SCORE_MGR] INFO: [SM-INNINGS-2-RESET] reason=test: resetting all per-innings cached scalars (archive already performed by caller).  target=160 new_batting_team=CSK.
[19:02:01 F0 SCORE_MGR] INFO:   [SM-FEEDER-SYNC] field=innings note=read_only_now sb_value=None sm_would_set=2
[19:02:01 F0 SCORE_MGR] INFO:   [SM-SHADOW-PARITY] field=target sm_would_accept=160 sb_value=None divergence=true
[19:02:01 F0 SCORE_MGR] INFO:   [SM-SHADOW-PARITY] field=batting_team sm_would_accept='CSK' sb_value=None divergence=true
[19:02:01 F0 SCORE_MGR] INFO: [SM-INNINGS-2-RESET] reason=test: resetting all per-innings cached scalars (archive already performed by caller).  target=160 new_batting_team=CSK.
[19:02:01 F0 SCORE_MGR] INFO:   [SM-FEEDER-SYNC] field=innings note=read_only_now sb_value=None sm_would_set=2
[19:02:01 F0 SCORE_MGR] INFO:   [SM-SHADOW-PARITY] field=target sm_would_accept=160 sb_value=None divergence=true
[19:02:01 F0 SCORE_MGR] INFO:   [SM-SHADOW-PARITY] field=batting_team sm_would_accept='CSK' sb_value=None divergence=true
[19:02:01 F0 SCORE_MGR] INFO: [SM-INNINGS-2-RESET] reason=test: resetting all per-innings cached scalars (archive already performed by caller).  target=160 new_batting_team=CSK.
[19:02:01 F0 SCORE_MGR] INFO:   [SM-FEEDER-SYNC] field=innings note=read_only_now sb_value=None sm_would_set=2
[19:02:01 F0 SCORE_MGR] INFO:   [SM-SHADOW-PARITY] field=target sm_would_accept=160 sb_value=None divergence=true
[19:02:01 F0 SCORE_MGR] INFO:   [SM-SHADOW-PARITY] field=batting_team sm_would_accept='CSK' sb_value=None divergence=true
[19:02:01 F0 SCORE_MGR] INFO: [SM-INNINGS-2-RESET] reason=test: resetting all per-innings cached scalars (archive already performed by caller).  target=160 new_batting_team=CSK.
[19:02:01 F0 SCORE_MGR] INFO:   [SM-FEEDER-SYNC] field=innings note=read_only_now sb_value=None sm_would_set=2
[19:02:01 F0 SCORE_MGR] INFO:   [SM-SHADOW-PARITY] field=target sm_would_accept=160 sb_value=None divergence=true
[19:02:01 F0 SCORE_MGR] INFO:   [SM-SHADOW-PARITY] field=batting_team sm_would_accept='CSK' sb_value=None divergence=true
[19:02:01 F0 SCORE_MGR] INFO: [SM-INNINGS-2-RESET] reason=test: resetting all per-innings cached scalars (archive already performed by caller).  target=160 new_batting_team=CSK.
[19:02:01 F0 SCORE_MGR] INFO:   [SM-FEEDER-SYNC] field=innings note=read_only_now sb_value=None sm_would_set=2
[19:02:01 F0 SCORE_MGR] INFO:   [SM-SHADOW-PARITY] field=target sm_would_accept=160 sb_value=None divergence=true
[19:02:01 F0 SCORE_MGR] INFO:   [SM-SHADOW-PARITY] field=batting_team sm_would_accept='CSK' sb_value=None divergence=true
[19:02:01 F0 SCORE_MGR] INFO: [SM-INNINGS-2-RESET] reason=test: resetting all per-innings cached scalars (archive already performed by caller).  target=160 new_batting_team=CSK.
[19:02:01 F0 SCORE_MGR] INFO:   [SM-FEEDER-SYNC] field=innings note=read_only_now sb_value=None sm_would_set=2
[19:02:01 F0 SCORE_MGR] INFO:   [SM-SHADOW-PARITY] field=target sm_would_accept=160 sb_value=None divergence=true
[19:02:01 F0 SCORE_MGR] INFO:   [SM-SHADOW-PARITY] field=batting_team sm_would_accept='CSK' sb_value=None divergence=true
[19:02:01 F0 SCORE_MGR] INFO: [SM-INNINGS-2-RESET] reason=test: resetting all per-innings cached scalars (archive already performed by caller).  target=160 new_batting_team=CSK.
[19:02:01 F0 SCORE_MGR] INFO:   [SM-FEEDER-SYNC] field=innings note=read_only_now sb_value=None sm_would_set=2
[19:02:01 F0 SCORE_MGR] INFO:   [SM-SHADOW-PARITY] field=target sm_would_accept=160 sb_value=None divergence=true
[19:02:01 F0 SCORE_MGR] INFO:   [SM-SHADOW-PARITY] field=batting_team sm_would_accept='CSK' sb_value=None divergence=true
[19:02:01 F0 SCORE_MGR] INFO: [SM-INNINGS-2-RESET] reason=test: resetting all per-innings cached scalars (archive already performed by caller).  target=160 new_batting_team=CSK.
[19:02:01 F0 SCORE_MGR] INFO:   [SM-FEEDER-SYNC] field=innings note=read_only_now sb_value=None sm_would_set=2
[19:02:01 F0 SCORE_MGR] INFO:   [SM-SHADOW-PARITY] field=target sm_would_accept=160 sb_value=None divergence=true
[19:02:01 F0 SCORE_MGR] INFO:   [SM-SHADOW-PARITY] field=batting_team sm_would_accept='CSK' sb_value=None divergence=true
[19:02:01 F0 TEST] INFO:   [INN2-TRANSITION-NULL-TEAM] frame=F700 score=10 requires 2-frame corroboration (advisory only)
[19:02:01 F0 SCORE_MGR] INFO: [SM-INNINGS-2-RESET] reason=test: resetting all per-innings cached scalars (archive already performed by caller).  target=160 new_batting_team=CSK.
[19:02:01 F0 SCORE_MGR] INFO:   [SM-FEEDER-SYNC] field=innings note=read_only_now sb_value=None sm_would_set=2
[19:02:01 F0 SCORE_MGR] INFO:   [SM-SHADOW-PARITY] field=target sm_would_accept=160 sb_value=None divergence=true
[19:02:01 F0 SCORE_MGR] INFO:   [SM-SHADOW-PARITY] field=batting_team sm_would_accept='CSK' sb_value=None divergence=true
[19:02:01 F0 SCORE_MGR] INFO: [SM-INNINGS-2-RESET] reason=test: resetting all per-innings cached scalars (archive already performed by caller).  target=160 new_batting_team=CSK.
[19:02:01 F0 SCORE_MGR] INFO:   [SM-FEEDER-SYNC] field=innings note=read_only_now sb_value=None sm_would_set=2
[19:02:01 F0 SCORE_MGR] INFO:   [SM-SHADOW-PARITY] field=target sm_would_accept=160 sb_value=None divergence=true
[19:02:01 F0 SCORE_MGR] INFO:   [SM-SHADOW-PARITY] field=batting_team sm_would_accept='CSK' sb_value=None divergence=true
[19:02:01 F0 SCORE_MGR] INFO: [SM-INNINGS-2-RESET] reason=test: resetting all per-innings cached scalars (archive already performed by caller).  target=160 new_batting_team=CSK.
[19:02:01 F0 SCORE_MGR] INFO:   [SM-FEEDER-SYNC] field=innings note=read_only_now sb_value=None sm_would_set=2
[19:02:01 F0 SCORE_MGR] INFO:   [SM-SHADOW-PARITY] field=target sm_would_accept=160 sb_value=None divergence=true
[19:02:01 F0 SCORE_MGR] INFO:   [SM-SHADOW-PARITY] field=batting_team sm_would_accept='CSK' sb_value=None divergence=true
[19:02:01 F0 SCORE_MGR] INFO: [SM-INNINGS-2-RESET] reason=test: resetting all per-innings cached scalars (archive already performed by caller).  target=160 new_batting_team=CSK.
[19:02:01 F0 SCORE_MGR] INFO:   [SM-FEEDER-SYNC] field=innings note=read_only_now sb_value=None sm_would_set=2
[19:02:01 F0 SCORE_MGR] INFO:   [SM-SHADOW-PARITY] field=target sm_would_accept=160 sb_value=None divergence=true
[19:02:01 F0 SCORE_MGR] INFO:   [SM-SHADOW-PARITY] field=batting_team sm_would_accept='CSK' sb_value=None divergence=true
[19:02:01 F0 TEST] INFO:   [INN2-TRANSITION-NULL-TEAM] frame=F700 score=10 requires 2-frame corroboration (advisory only)
[19:02:01 F0 SCORE_MGR] INFO: [SM-INNINGS-2-RESET] reason=test: resetting all per-innings cached scalars (archive already performed by caller).  target=160 new_batting_team=CSK.
[19:02:01 F0 SCORE_MGR] INFO:   [SM-FEEDER-SYNC] field=innings note=read_only_now sb_value=None sm_would_set=2
[19:02:01 F0 SCORE_MGR] INFO:   [SM-SHADOW-PARITY] field=target sm_would_accept=160 sb_value=None divergence=true
[19:02:01 F0 SCORE_MGR] INFO:   [SM-SHADOW-PARITY] field=batting_team sm_would_accept='CSK' sb_value=None divergence=true
[19:02:01 F0 SCORE_MGR] INFO: [SM-INNINGS-2-RESET] reason=test: resetting all per-innings cached scalars (archive already performed by caller).  target=160 new_batting_team=CSK.
[19:02:01 F0 SCORE_MGR] INFO:   [SM-FEEDER-SYNC] field=innings note=read_only_now sb_value=None sm_would_set=2
[19:02:01 F0 SCORE_MGR] INFO:   [SM-SHADOW-PARITY] field=target sm_would_accept=160 sb_value=None divergence=true
[19:02:01 F0 SCORE_MGR] INFO:   [SM-SHADOW-PARITY] field=batting_team sm_would_accept='CSK' sb_value=None divergence=true
[19:02:01 F0 TEST] INFO:   [INN2-TRANSITION-NULL-TEAM] frame=F700 score=10 requires 2-frame corroboration (advisory only)
[19:02:01 F0 SCORE_MGR] INFO: [SM-INNINGS-2-RESET] reason=test: resetting all per-innings cached scalars (archive already performed by caller).  target=160 new_batting_team=CSK.
[19:02:01 F0 SCORE_MGR] INFO:   [SM-FEEDER-SYNC] field=innings note=read_only_now sb_value=None sm_would_set=2
[19:02:01 F0 SCORE_MGR] INFO:   [SM-SHADOW-PARITY] field=target sm_would_accept=160 sb_value=None divergence=true
[19:02:01 F0 SCORE_MGR] INFO:   [SM-SHADOW-PARITY] field=batting_team sm_would_accept='CSK' sb_value=None divergence=true
[19:02:01 F0 SCORE_MGR] INFO: [SM-INNINGS-2-RESET] reason=test: resetting all per-innings cached scalars (archive already performed by caller).  target=160 new_batting_team=CSK.
[19:02:01 F0 SCORE_MGR] INFO:   [SM-FEEDER-SYNC] field=innings note=read_only_now sb_value=None sm_would_set=2
[19:02:01 F0 SCORE_MGR] INFO:   [SM-SHADOW-PARITY] field=target sm_would_accept=160 sb_value=None divergence=true
[19:02:01 F0 SCORE_MGR] INFO:   [SM-SHADOW-PARITY] field=batting_team sm_would_accept='CSK' sb_value=None divergence=true
[19:02:01 F0 SCORE_MGR] INFO: [SM-INNINGS-2-RESET] reason=test: resetting all per-innings cached scalars (archive already performed by caller).  target=160 new_batting_team=CSK.
[19:02:01 F0 SCORE_MGR] INFO:   [SM-FEEDER-SYNC] field=innings note=read_only_now sb_value=None sm_would_set=2
[19:02:01 F0 SCORE_MGR] INFO:   [SM-SHADOW-PARITY] field=target sm_would_accept=160 sb_value=None divergence=true
[19:02:01 F0 SCORE_MGR] INFO:   [SM-SHADOW-PARITY] field=batting_team sm_would_accept='CSK' sb_value=None divergence=true
[19:02:01 F0 SCORE_MGR] INFO: [SM-INNINGS-2-RESET] reason=warm_test: resetting all per-innings cached scalars (archive already performed by caller).  target=160 new_batting_team=CSK.
[19:02:01 F0 SCORE_MGR] INFO:   [SM-FEEDER-SYNC] field=innings note=read_only_now sb_value=None sm_would_set=2
[19:02:01 F0 SCORE_MGR] INFO:   [SM-SHADOW-PARITY] field=target sm_would_accept=160 sb_value=None divergence=true
[19:02:01 F0 SCORE_MGR] INFO:   [SM-SHADOW-PARITY] field=batting_team sm_would_accept='CSK' sb_value=None divergence=true
[19:02:01 F0 SCORE_MGR] INFO: [SM-INNINGS-2-RESET] reason=test: resetting all per-innings cached scalars (archive already performed by caller).  target=160 new_batting_team=CSK.
[19:02:01 F0 SCORE_MGR] INFO:   [SM-FEEDER-SYNC] field=innings note=read_only_now sb_value=None sm_would_set=2
[19:02:01 F0 SCORE_MGR] INFO:   [SM-SHADOW-PARITY] field=target sm_would_accept=160 sb_value=None divergence=true
[19:02:01 F0 SCORE_MGR] INFO:   [SM-SHADOW-PARITY] field=batting_team sm_would_accept='CSK' sb_value=None divergence=true
[19:02:01 F0 SCORE_MGR] INFO: [SM-INNINGS-2-RESET] reason=warm_test: resetting all per-innings cached scalars (archive already performed by caller).  target=160 new_batting_team=CSK.
[19:02:01 F0 SCORE_MGR] INFO:   [SM-FEEDER-SYNC] field=innings note=read_only_now sb_value=None sm_would_set=2
[19:02:01 F0 SCORE_MGR] INFO:   [SM-SHADOW-PARITY] field=target sm_would_accept=160 sb_value=None divergence=true
[19:02:01 F0 SCORE_MGR] INFO:   [SM-SHADOW-PARITY] field=batting_team sm_would_accept='CSK' sb_value=None divergence=true
[19:02:01 F0 SCORE_MGR] INFO: [SM-INNINGS-2-RESET] reason=warm_test: resetting all per-innings cached scalars (archive already performed by caller).  target=160 new_batting_team=CSK.
[19:02:01 F0 SCORE_MGR] INFO:   [SM-FEEDER-SYNC] field=innings note=read_only_now sb_value=None sm_would_set=2
[19:02:01 F0 SCORE_MGR] INFO:   [SM-SHADOW-PARITY] field=target sm_would_accept=160 sb_value=None divergence=true
[19:02:01 F0 SCORE_MGR] INFO:   [SM-SHADOW-PARITY] field=batting_team sm_would_accept='CSK' sb_value=None divergence=true
[19:02:01 F0 SCORE_MGR] INFO: [SM-INNINGS-2-RESET] reason=test: resetting all per-innings cached scalars (archive already performed by caller).  target=160 new_batting_team=CSK.
[19:02:01 F0 SCORE_MGR] INFO:   [SM-FEEDER-SYNC] field=innings note=read_only_now sb_value=None sm_would_set=2
[19:02:01 F0 SCORE_MGR] INFO:   [SM-SHADOW-PARITY] field=target sm_would_accept=160 sb_value=None divergence=true
[19:02:01 F0 SCORE_MGR] INFO:   [SM-SHADOW-PARITY] field=batting_team sm_would_accept='CSK' sb_value=None divergence=true
[19:02:01 F0 BOARD] INFO: Scorecards built: CSK (16 bat) vs MI (1 bowl)
[19:02:01 F0 BOARD] INFO: Batter activated: P0
[19:02:01 F0 BOARD] INFO: Scorecards built: CSK (16 bat) vs MI (1 bowl)
[19:02:01 F0 BOARD] INFO: Scorecards built: CSK (16 bat) vs MI (1 bowl)
[19:02:01 F0 BOARD] INFO: [XI-GATE] reject — Batter 'P0' is replaced_player — rejecting
[19:02:01 F0 BOARD] INFO: Scorecards built: CSK (16 bat) vs MI (1 bowl)
[19:02:01 F0 BOARD] INFO: [IMPACT-PLAYER-ACTIVATED] team CSK player S0 promoted from sub pool, impact_used=true
[19:02:01 F0 BOARD] INFO: Batter activated: S0
[19:02:01 F0 BOARD] INFO: Scorecards built: CSK (16 bat) vs MI (1 bowl)
[19:02:01 F0 BOARD] INFO: [IMPACT-PLAYER-ACTIVATED] team CSK player S0 promoted from sub pool, impact_used=true
[19:02:01 F0 BOARD] INFO: Batter activated: S0
[19:02:01 F0 BOARD] INFO: Scorecards built: CSK (16 bat) vs MI (1 bowl)
[19:02:01 F0 BOARD] INFO: [IMPACT-PLAYER-ACTIVATED] team CSK player S0 promoted from sub pool, impact_used=true
[19:02:01 F0 BOARD] INFO: Batter activated: S0
[19:02:01 F0 BOARD] INFO: [BATTER-CONSENSUS-RESET] S1 — clearing bat tracker streak
[19:02:01 F0 BOARD] INFO: [XI-GATE] reject — team already used impact player, 'S1' rejected as second activation
[19:02:01 F0 BOARD] INFO: Scorecards built: CSK (13 bat) vs MI (3 bowl)
[19:02:01 F0 BOARD] INFO: [IMPACT-PLAYER-ACTIVATED] team MI player bws0 promoted from sub pool, impact_used=true
[19:02:01 F0 BOARD] INFO: [BOWLER SEED] bws0 figures seeded from scout text to 0-0 (0.1) — mid-spell entry (impact sub / mid-match join)
[19:02:01 F0 BOARD] INFO: Scorecards built: CSK (16 bat) vs MI (1 bowl)
[19:02:01 F0 BOARD] INFO: [BATTER-CONSENSUS-RESET] P1 — clearing bat tracker streak
[19:02:01 F0 BOARD] WARN:   [STRIKER-COLLISION] Refusing striker=P1 — already non; would self-collide
[19:02:01 F0 BOARD] INFO: [BATTER-CONSENSUS-RESET] P0 — clearing bat tracker streak
[19:02:01 F0 BOARD] WARN:   [STRIKER-COLLISION] Refusing non=P0 — already striker; would self-collide
[19:02:01 F0 BOARD] INFO: Scorecards built: CSK (1 bat) vs MI (2 bowl)
[19:02:01 F0 OVER] INFO: [TIMEOUT-GAP-INFER] frame=10 prev_overs='16.0' new_overs='16.2' score 124→126 +2 inferred tokens → ['?', '2']
[19:02:01 F0 OVER] INFO: [TIMEOUT-GAP-INFER] frame=10 prev_overs='16.0' new_overs='16.2' score 124→124 +2 inferred tokens → ['?', '?']
[19:02:01 F0 OVER] INFO: [TIMEOUT-GAP-INFER] frame=10 prev_overs='16.0' new_overs='16.2' score 124→132 +2 inferred tokens → ['?', '?']
[OPEN-SCOUT-SELECT] no_candidates event_ts=1000.00 lo=975.00 hi=998.50 → no_match
[OPEN-SCOUT-SELECT] no_candidates event_ts=1000.00 lo=975.00 hi=998.50 → no_match
[OPEN-SCOUT-SELECT] single_candidate start=990.00 end=994.00 n=5 span_id=1 → open_scout_span
[OPEN-SCOUT-SELECT] no_candidates event_ts=1000.00 lo=975.00 hi=998.50 → no_match
[OPEN-SCOUT-SELECT] multi_candidate n=2 event_ts=1000.00 candidates=[(991.0, 994.0, 4, 1), (996.5, 998.5, 3, 3)] → defer_to_legacy
