=== PARITY MONITOR — pipeline UI vs cricbuzz ===
WS:  ws://localhost:8765
CB:  https://www.cricbuzz.com/live-cricket-scores/151913/csk-vs-gt-37th-match-indian-premier-league-2026

[15:30:30  iter#1]
  WS ERR: ''
  CB: None None-None (None)  crr=None  ps=None  recent=None
  ✓ score/wickets/overs match

[15:30:54  iter#2]
  UI:  None-None (None)  str=None nstr=None  bowl=None None-None (None)
  this_over=[]  fow=0 (unk=0)  last_fow=None
  delivery: (none yet on UI)
  extras: this_over=0 innings=0 [w0/nb0/b0/lb0]
  CB: None None-None (None)  crr=None  ps=None  recent=None
  ✓ score/wickets/overs match

[15:31:16  iter#3]
  UI:  None-None (None)  str=None nstr=None  bowl=None None-None (None)
  this_over=[]  fow=0 (unk=0)  last_fow=None
  delivery: (none yet on UI)
  extras: this_over=0 innings=0 [w0/nb0/b0/lb0]
  CB: None None-None (None)  crr=None  ps=None  recent=None
  ✓ score/wickets/overs match

[15:31:37  iter#4]
  UI:  None-None (None)  str=None nstr=None  bowl=None None-None (None)
  this_over=[]  fow=0 (unk=0)  last_fow=None
  delivery: (none yet on UI)
  extras: this_over=0 innings=0 [w0/nb0/b0/lb0]
  CB: None None-None (None)  crr=None  ps=None  recent=None
  ✓ score/wickets/overs match

[15:31:58  iter#5]
  UI:  None-None (None)  str=None nstr=None  bowl=None None-None (None)
  this_over=[]  fow=0 (unk=0)  last_fow=None
  delivery: (none yet on UI)
  extras: this_over=0 innings=0 [w0/nb0/b0/lb0]
  CB: CSK 0-0 (0)  crr=0.0  ps=0(0)  recent=None
  CB BAT: Sanju Samson* 0(0), Ruturaj Gaikwad 0(0)
  ⚠ DIVERGENCE: BATTERS_MISSING_IN_UI: {'samson', 'gaikwad'} (ui=set(), cb={'samson', 'gaikwad'})

[15:32:20  iter#6]
  UI:  None-None (None)  str=None nstr=None  bowl=None None-None (None)
  this_over=[]  fow=0 (unk=0)  last_fow=None
  delivery: (none yet on UI)
  extras: this_over=0 innings=0 [w0/nb0/b0/lb0]
  CB: CSK 0-0 (0.2)  crr=0.0  ps=0(2)  recent=0 0
  CB BAT: Sanju Samson* 0(2), Ruturaj Gaikwad 0(0)
  ⚠ DIVERGENCE: BATTERS_MISSING_IN_UI: {'samson', 'gaikwad'} (ui=set(), cb={'samson', 'gaikwad'})

[15:32:45  iter#7]
  WS ERR: ''
  CB: CSK 0-0 (0.2)  crr=0.0  ps=0(2)  recent=0 0
  CB BAT: Sanju Samson* 0(2), Ruturaj Gaikwad 0(0)
  ⚠ DIVERGENCE: BATTERS_MISSING_IN_UI: {'samson', 'gaikwad'} (ui=set(), cb={'samson', 'gaikwad'})

[15:33:07  iter#8]
  UI:  None-None (0.1)  str=None nstr=None  bowl=None None-None (None)
  this_over=['?']  fow=0 (unk=0)  last_fow=None
  delivery: (none yet on UI)
  extras: this_over=0 innings=0 [w0/nb0/b0/lb0]
  CB: CSK 0-0 (0.3)  crr=0.0  ps=0(3)  recent=0 0 0
  CB BAT: Sanju Samson* 0(3), Ruturaj Gaikwad 0(0)
  ⚠ DIVERGENCE: OVERS: ui=0.1 cb=0.3 | BATTERS_MISSING_IN_UI: {'samson', 'gaikwad'} (ui=set(), cb={'samson', 'gaikwad'})

[15:33:32  iter#9]
  WS ERR: ''
  CB: CSK 0-0 (0.3)  crr=0.0  ps=0(3)  recent=0 0 0
  CB BAT: Sanju Samson* 0(3), Ruturaj Gaikwad 0(0)
  ⚠ DIVERGENCE: BATTERS_MISSING_IN_UI: {'samson', 'gaikwad'} (ui=set(), cb={'samson', 'gaikwad'})

[15:33:56  iter#10]
  WS ERR: ''
  CB: CSK 0-0 (0.4)  crr=0.0  ps=0(4)  recent=0 0 0 0
  CB BAT: Sanju Samson* 0(4), Ruturaj Gaikwad 0(0)
  ⚠ DIVERGENCE: BATTERS_MISSING_IN_UI: {'samson', 'gaikwad'} (ui=set(), cb={'samson', 'gaikwad'})

[15:34:16  iter#11]
  WS ERR: "Multiple exceptions: [Errno 61] Connect call failed ('::1', 8765, 0, 0), [Errno 61] Connect call failed ('127.0.0.1', 8765)"
  CB: CSK 0-0 (0.4)  crr=0.0  ps=0(4)  recent=0 0 0 0
  CB BAT: Sanju Samson* 0(4), Ruturaj Gaikwad 0(0)
  ⚠ DIVERGENCE: BATTERS_MISSING_IN_UI: {'samson', 'gaikwad'} (ui=set(), cb={'samson', 'gaikwad'})

[15:34:39  iter#12]
  UI: Chennai Super Kings None-None (None)  str=None nstr=Ruturaj Gaikwad  bowl=Mohammed Siraj 0-0 (0.4)
  this_over=[]  fow=0 (unk=0)  last_fow=None
  delivery: (none yet on UI)
  extras: this_over=0 innings=0 [w0/nb0/b0/lb0]
  CB: CSK 0-0 (0.4)  crr=0.0  ps=0(4)  recent=0 0 0 0
  CB BAT: Sanju Samson* 0(4), Ruturaj Gaikwad 0(0)
  ⚠ DIVERGENCE: BATTERS_MISSING_IN_UI: {'samson'} (ui={'gaikwad'}, cb={'samson', 'gaikwad'}) | BAT_samson: ui=0(0) cb=0(4)

[15:34:59  iter#13]
  UI: Chennai Super Kings 0-0 (0.4)  str=Sanju Samson nstr=Ruturaj Gaikwad  bowl=Mohammed Siraj 0-0 (0.4)
  this_over=['?', '?', '?', '?']  fow=0 (unk=0)  last_fow=None
  delivery: (none yet on UI)
  extras: this_over=0 innings=0 [w0/nb0/b0/lb0]
  CB: CSK 0-0 (0.5)  crr=0.0  ps=0(5)  recent=0 0 0 0 0
  CB BAT: Sanju Samson* 0(5), Ruturaj Gaikwad 0(0)
  ⚠ DIVERGENCE: OVERS: ui=0.4 cb=0.5 | BAT_samson: ui=0(0) cb=0(5) | BAT_gaikwad: ui=0(4) cb=0(0)

[15:35:20  iter#14]
  UI: Chennai Super Kings 0-0 (0.4)  str=Sanju Samson nstr=Ruturaj Gaikwad  bowl=Mohammed Siraj 0-0 (0.4)
  this_over=['?', '?', '?', '?']  fow=0 (unk=0)  last_fow=None
  delivery: (none yet on UI)
  extras: this_over=0 innings=0 [w0/nb0/b0/lb0]
  CB: CSK 0-0 (0.5)  crr=0.0  ps=0(5)  recent=0 0 0 0 0
  CB BAT: Sanju Samson* 0(5), Ruturaj Gaikwad 0(0)
  ⚠ DIVERGENCE: OVERS: ui=0.4 cb=0.5 | BAT_samson: ui=0(0) cb=0(5) | BAT_gaikwad: ui=0(4) cb=0(0)

[15:35:42  iter#15]
  UI: Chennai Super Kings 0-0 (0.5)  str=Sanju Samson nstr=Ruturaj Gaikwad  bowl=Mohammed Siraj 0-0 (0.5)
  this_over=['?', '?', '?', '?', '.']  fow=0 (unk=0)  last_fow=None
  delivery: (none yet on UI)
  extras: this_over=0 innings=0 [w0/nb0/b0/lb0]
  CB: CSK 1-0 (1)  crr=1.0  ps=1(6)  recent=0 0 0 0 0 1
  CB BAT: Sanju Samson* 1(6), Ruturaj Gaikwad 0(0)
  ⚠ DIVERGENCE: SCORE: ui=0 cb=1 | OVERS: ui=0.5 cb=1 | BAT_samson: ui=0(0) cb=1(6) | BAT_gaikwad: ui=0(5) cb=0(0)

[15:36:05  iter#16]
  UI: Chennai Super Kings 0-0 (0.5)  str=Sanju Samson nstr=Ruturaj Gaikwad  bowl=Mohammed Siraj 0-0 (0.5)
  this_over=['?', '?', '?', '?', '.']  fow=0 (unk=0)  last_fow=None
  delivery: len=good_length line=leg_stump shot=in_the_air [layer2]
  extras: this_over=0 innings=0 [w0/nb0/b0/lb0]
  CB: CSK 1-0 (1)  crr=1.0  ps=1(6)  recent=0 0 0 0 0 1
  CB BAT: Sanju Samson* 1(6), Ruturaj Gaikwad 0(0)
  ⚠ DIVERGENCE: SCORE: ui=0 cb=1 | OVERS: ui=0.5 cb=1 | BAT_samson: ui=0(0) cb=1(6) | BAT_gaikwad: ui=0(5) cb=0(0)

[15:36:25  iter#17]
  UI: Chennai Super Kings 1-0 (0.5)  str=Sanju Samson nstr=Ruturaj Gaikwad  bowl=Mohammed Siraj 0-0 (0.5)
  this_over=['?', '?', '?', '?', '.', 'Wd']  fow=0 (unk=0)  last_fow=None
  delivery: len=good_length line=leg_stump shot=in_the_air [layer2]
  extras: this_over=1 innings=1 [w1/nb0/b0/lb0]
  extras_log: [{'over': '0.5', 'type': 'wide', 'runs': 1, 'this_over_after': []}]
  CB: CSK 1-0 (1)  crr=1.0  ps=1(6)  recent=0 0 0 0 0 1
  CB BAT: Sanju Samson* 1(6), Ruturaj Gaikwad 0(0)
  ⚠ DIVERGENCE: OVERS: ui=0.5 cb=1 | BAT_gaikwad: ui=0(5) cb=0(0)

[15:36:46  iter#18]
  UI: Chennai Super Kings 1-0 (0.5)  str=Sanju Samson nstr=Ruturaj Gaikwad  bowl=Mohammed Siraj 0-0 (0.5)
  this_over=['?', '?', '?', '?', '.', 'Wd']  fow=0 (unk=0)  last_fow=None
  delivery: len=good_length line=leg_stump shot=in_the_air [layer2]
  extras: this_over=1 innings=0 [w1/nb0/b0/lb0]
  extras_log: [{'over': '0.5', 'type': 'wide', 'runs': 1, 'this_over_after': []}]
  CB: CSK 1-0 (1.1)  crr=0.86  ps=1(7)  recent=0
  CB BAT: Sanju Samson* 1(7), Ruturaj Gaikwad 0(0)
  CB BOWL: Mohammed Siraj 0-1 (1)
  ⚠ DIVERGENCE: OVERS: ui=0.5 cb=1.1 | BAT_samson: ui=1(6) cb=1(7) | BAT_gaikwad: ui=0(5) cb=0(0) | BOWL_R: ui=0 cb=1 | BOWL_O: ui=0.5 cb=1

[15:37:07  iter#19]
  UI: Chennai Super Kings 5-0 (1.0)  str=Ruturaj Gaikwad nstr=Sanju Samson  bowl=Kagiso Rabada 0-0 (0)
  this_over=['?', '?', '?', '?', '.', '5']  fow=0 (unk=0)  last_fow=None
  delivery: len=short_of_length line=leg_stump shot=in_the_air [layer2]
  extras: this_over=1 innings=4 [w1/nb0/b0/lb0]
  extras_log: [{'over': '0.5', 'type': 'wide', 'runs': 1, 'this_over_after': []}]
  CB: CSK 1-0 (1.1)  crr=0.86  ps=1(7)  recent=0
  CB BAT: Sanju Samson* 1(7), Ruturaj Gaikwad 0(0)
  CB BOWL: Mohammed Siraj 0-1 (1)
  ⚠ DIVERGENCE: SCORE: ui=5 cb=1 | OVERS: ui=1.0 cb=1.1 | STRIKER: ui=Ruturaj Gaikwad cb=Sanju Samson | BAT_samson: ui=1(6) cb=1(7) | BAT_gaikwad: ui=0(5) cb=0(0) | BOWLER: ui=Kagiso Rabada cb=Mohammed Siraj

[15:37:28  iter#20]
  UI: Chennai Super Kings 5-0 (1.1)  str=Sanju Samson nstr=Ruturaj Gaikwad  bowl=Kagiso Rabada 0-0 (0.1)
  this_over=['.']  fow=0 (unk=0)  last_fow=None
  delivery: len=short_of_length line=leg_stump shot=in_the_air [layer2]
  extras: this_over=1 innings=4 [w1/nb0/b0/lb0]
  extras_log: [{'over': '0.5', 'type': 'wide', 'runs': 1, 'this_over_after': []}]
  CB: CSK 1-0 (1.1)  crr=0.86  ps=1(7)  recent=0
  CB BAT: Sanju Samson* 1(7), Ruturaj Gaikwad 0(0)
  CB BOWL: Mohammed Siraj 0-1 (1)
  ⚠ DIVERGENCE: SCORE: ui=5 cb=1 | BAT_gaikwad: ui=0(5) cb=0(0) | BOWLER: ui=Kagiso Rabada cb=Mohammed Siraj

[15:37:50  iter#21]
  UI: Chennai Super Kings 5-0 (1.1)  str=Sanju Samson nstr=Ruturaj Gaikwad  bowl=Kagiso Rabada 0-5 (0.1)
  this_over=['.']  fow=0 (unk=0)  last_fow=None
  delivery: len=short_of_length line=outside_off shot=in_the_air [layer2]
  extras: this_over=1 innings=4 [w1/nb0/b0/lb0]
  extras_log: [{'over': '0.5', 'type': 'wide', 'runs': 1, 'this_over_after': []}]
  CB: CSK 5-0 (1.2)  crr=3.75  ps=5(8)  recent=0 4
  CB BAT: Sanju Samson* 5(8), Ruturaj Gaikwad 0(0)
  CB BOWL: Mohammed Siraj 0-1 (1)
  ⚠ DIVERGENCE: OVERS: ui=1.1 cb=1.2 | BAT_samson: ui=1(7) cb=5(8) | BAT_gaikwad: ui=2(3) cb=0(0) | BOWLER: ui=Kagiso Rabada cb=Mohammed Siraj

[15:38:13  iter#22]
  UI: CSK 5-0 (1.2)  str=Sanju Samson nstr=Ruturaj Gaikwad  bowl=None None-None (None)
  this_over=['.', '.']  fow=0 (unk=0)  last_fow=None
  delivery: len=short_of_length line=outside_off shot=in_the_air [layer2]
  extras: this_over=0 innings=None [w0/nb0/b0/lb0]
  CB: CSK 5-0 (1.3)  crr=3.33  ps=5(9)  recent=0 4 0
  CB BAT: Sanju Samson* 5(9), Ruturaj Gaikwad 0(0)
  CB BOWL: Mohammed Siraj 0-1 (1)
  ⚠ DIVERGENCE: OVERS: ui=1.2 cb=1.3 | BOWLER: ui=None cb=Mohammed Siraj

[15:38:36  iter#23]
  UI: Chennai Super Kings 5-0 (1.2)  str=Sanju Samson nstr=Ruturaj Gaikwad  bowl=Kagiso Rabada 0-5 (1.2)
  this_over=['.', '.']  fow=0 (unk=0)  last_fow=None
  delivery: len=short_of_length line=outside_off shot=in_the_air [layer2]
  extras: this_over=1 innings=0 [w1/nb0/b0/lb0]
  extras_log: [{'over': '0.5', 'type': 'wide', 'runs': 1, 'this_over_after': []}]
  CB: CSK 5-0 (1.3)  crr=3.33  ps=5(9)  recent=0 4 0
  CB BAT: Sanju Samson* 5(9), Ruturaj Gaikwad 0(0)
  CB BOWL: Mohammed Siraj 0-1 (1)
  ⚠ DIVERGENCE: OVERS: ui=1.2 cb=1.3 | BAT_samson: ui=5(8) cb=5(9) | BOWLER: ui=Kagiso Rabada cb=Mohammed Siraj

[15:38:58  iter#24]
  UI: Chennai Super Kings 5-1 (1.3)  str=None nstr=Ruturaj Gaikwad  bowl=Kagiso Rabada 1-5 (1.3)
  this_over=['.', '.', 'W']  fow=1 (unk=1)  last_fow={'wicket': 1, 'batter': None, 'score': None, 'overs': None, 'bowler': None, 'how': None, '_unwitnessed': True}
  delivery: len=short_of_length line=outside_off shot=in_the_air [layer2]
  extras: this_over=1 innings=0 [w1/nb0/b0/lb0]
  extras_log: [{'over': '0.5', 'type': 'wide', 'runs': 1, 'this_over_after': []}]
  CB: CSK 7-0 (1.4)  crr=4.2  ps=7(10)  recent=0 4 0 2
  CB BAT: Sanju Samson* 7(10), Ruturaj Gaikwad 0(0)
  CB BOWL: Mohammed Siraj 0-1 (1)
  ⚠ DIVERGENCE: SCORE: ui=5 cb=7 | WICKETS: ui=1 cb=0 | OVERS: ui=1.3 cb=1.4 | BATTERS_MISSING_IN_UI: {'samson'} (ui={'gaikwad'}, cb={'samson', 'gaikwad'}) | BAT_samson: ui=5(9) cb=7(10) | FOW_UNKNOWN: 1 placeholder(s) awaiting broadcast upgrade | BOWLER: ui=Kagiso Rabada cb=Mohammed Siraj

[15:39:19  iter#25]
  UI: Chennai Super Kings 5-1 (1.3)  str=None nstr=Ruturaj Gaikwad  bowl=Kagiso Rabada 1-5 (1.3)
  this_over=['.', '.', 'W']  fow=1 (unk=1)  last_fow={'wicket': 1, 'batter': None, 'score': None, 'overs': None, 'bowler': None, 'how': None, '_unwitnessed': True}
  delivery: len=short_of_length line=outside_off shot=in_the_air [layer2]
  extras: this_over=1 innings=0 [w1/nb0/b0/lb0]
  extras_log: [{'over': '0.5', 'type': 'wide', 'runs': 1, 'this_over_after': []}]
  CB: CSK 7-0 (1.4)  crr=4.2  ps=7(10)  recent=0 4 0 2
  CB BAT: Sanju Samson* 7(10), Ruturaj Gaikwad 0(0)
  CB BOWL: Mohammed Siraj 0-1 (1)
  ⚠ DIVERGENCE: SCORE: ui=5 cb=7 | WICKETS: ui=1 cb=0 | OVERS: ui=1.3 cb=1.4 | BATTERS_MISSING_IN_UI: {'samson'} (ui={'gaikwad'}, cb={'samson', 'gaikwad'}) | BAT_samson: ui=5(9) cb=7(10) | FOW_UNKNOWN: 1 placeholder(s) awaiting broadcast upgrade | BOWLER: ui=Kagiso Rabada cb=Mohammed Siraj

[15:39:40  iter#26]
  UI: Chennai Super Kings 7-1 (1.4)  str=None nstr=Ruturaj Gaikwad  bowl=Kagiso Rabada 1-5 (1.3)
  this_over=['.', '.', 'W', '2']  fow=1 (unk=1)  last_fow={'wicket': 1, 'batter': None, 'score': None, 'overs': None, 'bowler': None, 'how': None, '_unwitnessed': True}
  delivery: len=short_of_length line=leg_stump shot=in_the_air [layer2]
  extras: this_over=1 innings=0 [w1/nb0/b0/lb0]
  extras_log: [{'over': '0.5', 'type': 'wide', 'runs': 1, 'this_over_after': []}]
  CB: CSK 11-0 (1.5)  crr=6.0  ps=11(11)  recent=0 4 0 2 4
  CB BAT: Sanju Samson* 11(11), Ruturaj Gaikwad 0(0)
  CB BOWL: Mohammed Siraj 0-1 (1)
  ⚠ DIVERGENCE: SCORE: ui=7 cb=11 | WICKETS: ui=1 cb=0 | OVERS: ui=1.4 cb=1.5 | BATTERS_MISSING_IN_UI: {'samson'} (ui={'gaikwad'}, cb={'samson', 'gaikwad'}) | BAT_samson: ui=7(10) cb=11(11) | FOW_UNKNOWN: 1 placeholder(s) awaiting broadcast upgrade | BOWLER: ui=Kagiso Rabada cb=Mohammed Siraj

[15:40:04  iter#27]
  UI: Chennai Super Kings 7-1 (1.4)  str=None nstr=Ruturaj Gaikwad  bowl=Kagiso Rabada 1-7 (1.4)
  this_over=['.', '.', 'W', '2']  fow=1 (unk=1)  last_fow={'wicket': 1, 'batter': None, 'score': None, 'overs': None, 'bowler': None, 'how': None, '_unwitnessed': True}
  delivery: len=short_of_length line=leg_stump shot=in_the_air [layer2]
  extras: this_over=1 innings=0 [w1/nb0/b0/lb0]
  extras_log: [{'over': '0.5', 'type': 'wide', 'runs': 1, 'this_over_after': []}]
  CB: CSK 11-0 (2)  crr=5.5  ps=11(12)  recent=0 4 0 2 4 0
  CB BAT: Ruturaj Gaikwad* 0(0), Sanju Samson 11(12)
  CB BOWL: Kagiso Rabada 0-10 (1)
  ⚠ DIVERGENCE: SCORE: ui=7 cb=11 | WICKETS: ui=1 cb=0 | OVERS: ui=1.4 cb=2 | BATTERS_MISSING_IN_UI: {'samson'} (ui={'gaikwad'}, cb={'samson', 'gaikwad'}) | BAT_samson: ui=7(10) cb=11(12) | FOW_UNKNOWN: 1 placeholder(s) awaiting broadcast upgrade | BOWL_W: ui=1 cb=0 | BOWL_R: ui=7 cb=10 | BOWL_O: ui=1.4 cb=1

[15:40:24  iter#28]
  UI: Chennai Super Kings 11-1 (1.5)  str=None nstr=Ruturaj Gaikwad  bowl=Kagiso Rabada 1-7 (1.4)
  this_over=['.', '.', 'W', '2', '4']  fow=1 (unk=1)  last_fow={'wicket': 1, 'batter': None, 'score': None, 'overs': None, 'bowler': None, 'how': None, '_unwitnessed': True}
  delivery: len=short_of_length line=leg_stump shot=in_the_air [layer2]
  extras: this_over=1 innings=0 [w1/nb0/b0/lb0]
  extras_log: [{'over': '0.5', 'type': 'wide', 'runs': 1, 'this_over_after': []}]
  CB: CSK 11-0 (2)  crr=5.5  ps=11(12)  recent=0 4 0 2 4 0
  CB BAT: Ruturaj Gaikwad* 0(0), Sanju Samson 11(12)
  CB BOWL: Kagiso Rabada 0-10 (1)
  ⚠ DIVERGENCE: WICKETS: ui=1 cb=0 | OVERS: ui=1.5 cb=2 | BATTERS_MISSING_IN_UI: {'samson'} (ui={'gaikwad'}, cb={'samson', 'gaikwad'}) | BAT_samson: ui=11(11) cb=11(12) | FOW_UNKNOWN: 1 placeholder(s) awaiting broadcast upgrade | BOWL_W: ui=1 cb=0 | BOWL_R: ui=7 cb=10 | BOWL_O: ui=1.4 cb=1

[15:40:46  iter#29]
  UI: Chennai Super Kings 11-1 (2.0)  str=Ruturaj Gaikwad nstr=None  bowl=Mohammed Siraj 0-0 (0.5)
  this_over=['.', '.', '.', 'W', '2', '4', '.']  fow=1 (unk=1)  last_fow={'wicket': 1, 'batter': None, 'score': None, 'overs': None, 'bowler': None, 'how': None, '_unwitnessed': True}
  delivery: len=good_length line=leg_stump shot=in_the_air [layer2]
  extras: this_over=1 innings=0 [w1/nb0/b0/lb0]
  extras_log: [{'over': '0.5', 'type': 'wide', 'runs': 1, 'this_over_after': []}]
  CB: CSK 11-0 (2)  crr=5.5  ps=11(12)  recent=0 4 0 2 4 0
  CB BAT: Ruturaj Gaikwad* 0(0), Sanju Samson 11(12)
  CB BOWL: Kagiso Rabada 0-10 (1)
  ⚠ DIVERGENCE: WICKETS: ui=1 cb=0 | OVERS: ui=2.0 cb=2 | BATTERS_MISSING_IN_UI: {'samson'} (ui={'gaikwad'}, cb={'samson', 'gaikwad'}) | BAT_gaikwad: ui=6(4) cb=0(0) | FOW_UNKNOWN: 1 placeholder(s) awaiting broadcast upgrade | BOWLER: ui=Mohammed Siraj cb=Kagiso Rabada

[15:41:12  iter#30]
  WS ERR: ''
  CB: CSK 11-0 (2)  crr=5.5  ps=11(12)  recent=0 4 0 2 4 0
  CB BAT: Ruturaj Gaikwad* 0(0), Sanju Samson 11(12)
  CB BOWL: Kagiso Rabada 0-10 (1)
  ⚠ DIVERGENCE: BATTERS_MISSING_IN_UI: {'samson', 'gaikwad'} (ui=set(), cb={'samson', 'gaikwad'}) | BOWLER: ui=None cb=Kagiso Rabada

[15:41:33  iter#31]
  UI: Chennai Super Kings 11-1 (2.0)  str=Ruturaj Gaikwad nstr=None  bowl=Mohammed Siraj 0-0 (0.5)
  this_over=['.', '.', '.', 'W', '2', '4', '.']  fow=1 (unk=1)  last_fow={'wicket': 1, 'batter': None, 'score': None, 'overs': None, 'bowler': None, 'how': None, '_unwitnessed': True}
  delivery: len=short_of_length line=leg_stump shot=in_the_air [layer2]
  extras: this_over=1 innings=0 [w1/nb0/b0/lb0]
  extras_log: [{'over': '0.5', 'type': 'wide', 'runs': 1, 'this_over_after': []}]
  CB: CSK 15-0 (2.1)  crr=6.92  ps=15(13)  recent=4
  CB BAT: Ruturaj Gaikwad* 4(1), Sanju Samson 11(12)
  CB BOWL: Kagiso Rabada 0-10 (1)
  ⚠ DIVERGENCE: SCORE: ui=11 cb=15 | WICKETS: ui=1 cb=0 | OVERS: ui=2.0 cb=2.1 | BATTERS_MISSING_IN_UI: {'samson'} (ui={'gaikwad'}, cb={'samson', 'gaikwad'}) | BAT_gaikwad: ui=7(4) cb=4(1) | FOW_UNKNOWN: 1 placeholder(s) awaiting broadcast upgrade | BOWLER: ui=Mohammed Siraj cb=Kagiso Rabada

[15:41:56  iter#32]
  UI: Chennai Super Kings 11-1 (2.0)  str=Ruturaj Gaikwad nstr=None  bowl=Mohammed Siraj 0-1 (1)
  this_over=['.', '.', '.', 'W', '2', '4', '.']  fow=1 (unk=1)  last_fow={'wicket': 1, 'batter': None, 'score': None, 'overs': None, 'bowler': None, 'how': None, '_unwitnessed': True}
  delivery: len=short_of_length line=leg_stump shot=in_the_air [layer2]
  extras: this_over=1 innings=0 [w1/nb0/b0/lb0]
  extras_log: [{'over': '0.5', 'type': 'wide', 'runs': 1, 'this_over_after': []}]
  CB: CSK 19-0 (2.2)  crr=8.14  ps=19(14)  recent=4 4
  CB BAT: Ruturaj Gaikwad* 8(2), Sanju Samson 11(12)
  CB BOWL: Kagiso Rabada 0-10 (1)
  ⚠ DIVERGENCE: SCORE: ui=11 cb=19 | WICKETS: ui=1 cb=0 | OVERS: ui=2.0 cb=2.2 | BATTERS_MISSING_IN_UI: {'samson'} (ui={'gaikwad'}, cb={'samson', 'gaikwad'}) | BAT_gaikwad: ui=7(4) cb=8(2) | FOW_UNKNOWN: 1 placeholder(s) awaiting broadcast upgrade | BOWLER: ui=Mohammed Siraj cb=Kagiso Rabada

[15:42:18  iter#33]
  UI: CSK 15-1 (2.1)  str=Ruturaj Gaikwad nstr=None  bowl=None None-None (None)
  this_over=['4']  fow=0 (unk=0)  last_fow=None
  delivery: len=short_of_length line=leg_stump shot=in_the_air [layer2]
  extras: this_over=0 innings=None [w0/nb0/b0/lb0]
  CB: CSK 19-0 (2.2)  crr=8.14  ps=19(14)  recent=4 4
  CB BAT: Ruturaj Gaikwad* 8(2), Sanju Samson 11(12)
  CB BOWL: Kagiso Rabada 0-10 (1)
  ⚠ DIVERGENCE: SCORE: ui=15 cb=19 | WICKETS: ui=1 cb=0 | OVERS: ui=2.1 cb=2.2 | BATTERS_MISSING_IN_UI: {'samson'} (ui={'gaikwad'}, cb={'samson', 'gaikwad'}) | FOW_COUNT: ui=0 vs wickets=1 | BOWLER: ui=None cb=Kagiso Rabada

[15:42:39  iter#34]
  UI: Chennai Super Kings 19-0 (2.2)  str=Ruturaj Gaikwad nstr=None  bowl=Mohammed Siraj 1-1 (2)
  this_over=['4', '4']  fow=1 (unk=1)  last_fow={'wicket': 1, 'batter': None, 'score': None, 'overs': None, 'bowler': None, 'how': None, '_unwitnessed': True}
  delivery: len=short_of_length line=outside_off shot=in_the_air [layer2]
  extras: this_over=1 innings=0 [w1/nb0/b0/lb0]
  extras_log: [{'over': '0.5', 'type': 'wide', 'runs': 1, 'this_over_after': []}]
  CB: CSK 19-0 (2.2)  crr=8.14  ps=19(14)  recent=4 4
  CB BAT: Ruturaj Gaikwad* 8(2), Sanju Samson 11(12)
  CB BOWL: Kagiso Rabada 0-10 (1)
  ⚠ DIVERGENCE: BATTERS_MISSING_IN_UI: {'samson'} (ui={'gaikwad'}, cb={'samson', 'gaikwad'}) | BAT_gaikwad: ui=14(7) cb=8(2) | FOW_COUNT: ui=1 vs wickets=0 | FOW_UNKNOWN: 1 placeholder(s) awaiting broadcast upgrade | BOWLER: ui=Mohammed Siraj cb=Kagiso Rabada

[15:43:02  iter#35]
  UI: Chennai Super Kings 19-0 (2.2)  str=Ruturaj Gaikwad nstr=None  bowl=Mohammed Siraj 1-1 (2)
  this_over=['4', '4']  fow=1 (unk=1)  last_fow={'wicket': 1, 'batter': None, 'score': None, 'overs': None, 'bowler': None, 'how': None, '_unwitnessed': True}
  delivery: len=short_of_length line=leg_stump shot=in_the_air [layer2]
  extras: this_over=1 innings=0 [w1/nb0/b0/lb0]
  extras_log: [{'over': '0.5', 'type': 'wide', 'runs': 1, 'this_over_after': []}]
  CB: CSK 19-0 (2.3)  crr=7.6  ps=19(15)  recent=4 4 0
  CB BAT: Ruturaj Gaikwad* 8(3), Sanju Samson 11(12)
  CB BOWL: Kagiso Rabada 0-10 (1)
  ⚠ DIVERGENCE: OVERS: ui=2.2 cb=2.3 | BATTERS_MISSING_IN_UI: {'samson'} (ui={'gaikwad'}, cb={'samson', 'gaikwad'}) | BAT_gaikwad: ui=14(6) cb=8(3) | FOW_COUNT: ui=1 vs wickets=0 | FOW_UNKNOWN: 1 placeholder(s) awaiting broadcast upgrade | BOWLER: ui=Mohammed Siraj cb=Kagiso Rabada

[15:43:22  iter#36]
  UI: Chennai Super Kings 19-0 (2.3)  str=Ruturaj Gaikwad nstr=None  bowl=Mohammed Siraj 1-1 (2)
  this_over=['4', '4', '.']  fow=1 (unk=1)  last_fow={'wicket': 1, 'batter': None, 'score': None, 'overs': None, 'bowler': None, 'how': None, '_unwitnessed': True}
  delivery: len=short_of_length line=leg_stump shot=in_the_air [layer2]
  extras: this_over=1 innings=0 [w1/nb0/b0/lb0]
  extras_log: [{'over': '0.5', 'type': 'wide', 'runs': 1, 'this_over_after': []}]
  CB: CSK 19-0 (2.4)  crr=7.12  ps=19(16)  recent=4 4 0 0
  CB BAT: Ruturaj Gaikwad* 8(4), Sanju Samson 11(12)
  CB BOWL: Kagiso Rabada 0-10 (1)
  ⚠ DIVERGENCE: OVERS: ui=2.3 cb=2.4 | BATTERS_MISSING_IN_UI: {'samson'} (ui={'gaikwad'}, cb={'samson', 'gaikwad'}) | BAT_gaikwad: ui=14(6) cb=8(4) | FOW_COUNT: ui=1 vs wickets=0 | FOW_UNKNOWN: 1 placeholder(s) awaiting broadcast upgrade | BOWLER: ui=Mohammed Siraj cb=Kagiso Rabada

[15:43:47  iter#37]
  WS ERR: ''
  CB: CSK 19-0 (2.4)  crr=7.12  ps=19(16)  recent=4 4 0 0
  CB BAT: Ruturaj Gaikwad* 8(4), Sanju Samson 11(12)
  CB BOWL: Kagiso Rabada 0-10 (1)
  ⚠ DIVERGENCE: BATTERS_MISSING_IN_UI: {'samson', 'gaikwad'} (ui=set(), cb={'samson', 'gaikwad'}) | BOWLER: ui=None cb=Kagiso Rabada

[15:44:07  iter#38]
  UI: Chennai Super Kings 19-0 (2.4)  str=Ruturaj Gaikwad nstr=None  bowl=Mohammed Siraj 0-9 (1.4)
  this_over=['4', '4', '.', '.']  fow=1 (unk=1)  last_fow={'wicket': 1, 'batter': None, 'score': None, 'overs': None, 'bowler': None, 'how': None, '_unwitnessed': True}
  delivery: len=short_of_length line=outside_off shot=in_the_air [layer2]
  extras: this_over=1 innings=0 [w1/nb0/b0/lb0]
  extras_log: [{'over': '0.5', 'type': 'wide', 'runs': 1, 'this_over_after': []}]
  CB: CSK 19-0 (2.4)  crr=7.12  ps=19(16)  recent=4 4 0 0
  CB BAT: Ruturaj Gaikwad* 8(4), Sanju Samson 11(12)
  CB BOWL: Kagiso Rabada 0-10 (1)
  ⚠ DIVERGENCE: BATTERS_MISSING_IN_UI: {'samson'} (ui={'gaikwad'}, cb={'samson', 'gaikwad'}) | BAT_gaikwad: ui=14(6) cb=8(4) | FOW_COUNT: ui=1 vs wickets=0 | FOW_UNKNOWN: 1 placeholder(s) awaiting broadcast upgrade | BOWLER: ui=Mohammed Siraj cb=Kagiso Rabada

[15:44:29  iter#39]
  UI: Chennai Super Kings 19-0 (2.4)  str=Ruturaj Gaikwad nstr=None  bowl=Mohammed Siraj 0-9 (1.4)
  this_over=['4', '4', '.', '.']  fow=1 (unk=1)  last_fow={'wicket': 1, 'batter': None, 'score': None, 'overs': None, 'bowler': None, 'how': None, '_unwitnessed': True}
  delivery: len=good_length line=outside_off shot=in_the_air [layer2]
  extras: this_over=1 innings=0 [w1/nb0/b0/lb0]
  extras_log: [{'over': '0.5', 'type': 'wide', 'runs': 1, 'this_over_after': []}]
  CB: CSK 19-0 (2.4)  crr=7.12  ps=19(16)  recent=4 4 0 0
  CB BAT: Ruturaj Gaikwad* 8(4), Sanju Samson 11(12)
  CB BOWL: Kagiso Rabada 0-10 (1)
  ⚠ DIVERGENCE: BATTERS_MISSING_IN_UI: {'samson'} (ui={'gaikwad'}, cb={'samson', 'gaikwad'}) | BAT_gaikwad: ui=14(6) cb=8(4) | FOW_COUNT: ui=1 vs wickets=0 | FOW_UNKNOWN: 1 placeholder(s) awaiting broadcast upgrade | BOWLER: ui=Mohammed Siraj cb=Kagiso Rabada

[15:44:51  iter#40]
  UI: Chennai Super Kings 19-0 (2.4)  str=Ruturaj Gaikwad nstr=None  bowl=Mohammed Siraj 0-13 (2)
  this_over=['4', '4', '.', '.']  fow=1 (unk=1)  last_fow={'wicket': 1, 'batter': None, 'score': None, 'overs': None, 'bowler': None, 'how': None, '_unwitnessed': True}
  delivery: len=good_length line=outside_off shot=in_the_air [layer2]
  extras: this_over=1 innings=0 [w1/nb0/b0/lb0]
  extras_log: [{'over': '0.5', 'type': 'wide', 'runs': 1, 'this_over_after': []}]
  CB: CSK 19-0 (2.5)  crr=6.71  ps=19(17)  recent=4 4 0 0 0
  CB BAT: Ruturaj Gaikwad* 8(5), Sanju Samson 11(12)
  CB BOWL: Kagiso Rabada 0-10 (1)
  ⚠ DIVERGENCE: OVERS: ui=2.4 cb=2.5 | BATTERS_MISSING_IN_UI: {'samson'} (ui={'gaikwad'}, cb={'samson', 'gaikwad'}) | BAT_gaikwad: ui=14(6) cb=8(5) | FOW_COUNT: ui=1 vs wickets=0 | FOW_UNKNOWN: 1 placeholder(s) awaiting broadcast upgrade | BOWLER: ui=Mohammed Siraj cb=Kagiso Rabada

[15:45:12  iter#41]
  UI: Chennai Super Kings 19-0 (2.4)  str=Ruturaj Gaikwad nstr=None  bowl=Mohammed Siraj 0-13 (2)
  this_over=['4', '4', '.', '.']  fow=1 (unk=1)  last_fow={'wicket': 1, 'batter': None, 'score': None, 'overs': None, 'bowler': None, 'how': None, '_unwitnessed': True}
  delivery: len=good_length line=outside_off shot=in_the_air [layer2]
  extras: this_over=1 innings=0 [w1/nb0/b0/lb0]
  extras_log: [{'over': '0.5', 'type': 'wide', 'runs': 1, 'this_over_after': []}]
  CB: CSK 21-0 (3)  crr=7.0  ps=21(18)  recent=4 4 0 0 0 2
  CB BAT: Sanju Samson* 11(12), Ruturaj Gaikwad 10(6)
  CB BOWL: Mohammed Siraj 0-11 (2)
  ⚠ DIVERGENCE: SCORE: ui=19 cb=21 | OVERS: ui=2.4 cb=3 | STRIKER: ui=Ruturaj Gaikwad cb=Sanju Samson | BATTERS_MISSING_IN_UI: {'samson'} (ui={'gaikwad'}, cb={'samson', 'gaikwad'}) | BAT_gaikwad: ui=14(6) cb=10(6) | FOW_COUNT: ui=1 vs wickets=0 | FOW_UNKNOWN: 1 placeholder(s) awaiting broadcast upgrade | BOWL_R: ui=13 cb=11

[15:45:32  iter#42]
  UI: Chennai Super Kings 19-0 (2.5)  str=Ruturaj Gaikwad nstr=None  bowl=Mohammed Siraj 0-13 (2)
  this_over=['4', '4', '.', '.', '.']  fow=1 (unk=1)  last_fow={'wicket': 1, 'batter': None, 'score': None, 'overs': None, 'bowler': None, 'how': None, '_unwitnessed': True}
  delivery: len=good_length line=outside_off shot=in_the_air [layer2]
  extras: this_over=1 innings=0 [w1/nb0/b0/lb0]
  extras_log: [{'over': '0.5', 'type': 'wide', 'runs': 1, 'this_over_after': []}]
  CB: CSK 21-0 (3)  crr=7.0  ps=21(18)  recent=4 4 0 0 0 2
  CB BAT: Sanju Samson* 11(12), Ruturaj Gaikwad 10(6)
  CB BOWL: Mohammed Siraj 0-11 (2)
  ⚠ DIVERGENCE: SCORE: ui=19 cb=21 | OVERS: ui=2.5 cb=3 | STRIKER: ui=Ruturaj Gaikwad cb=Sanju Samson | BATTERS_MISSING_IN_UI: {'samson'} (ui={'gaikwad'}, cb={'samson', 'gaikwad'}) | BAT_gaikwad: ui=14(6) cb=10(6) | FOW_COUNT: ui=1 vs wickets=0 | FOW_UNKNOWN: 1 placeholder(s) awaiting broadcast upgrade | BOWL_R: ui=13 cb=11

[15:45:54  iter#43]
  UI: Chennai Super Kings 21-0 (3.0)  str=Ruturaj Gaikwad nstr=Sanju Samson  bowl=Mohammed Siraj 0-13 (2)
  this_over=['.', '.', '.', 'W', '2', '4', '.']  fow=1 (unk=1)  last_fow={'wicket': 1, 'batter': None, 'score': None, 'overs': None, 'bowler': None, 'how': None, '_unwitnessed': True}
  delivery: len=short_of_length line=outside_off shot=in_the_air [layer2]
  extras: this_over=1 innings=0 [w1/nb0/b0/lb0]
  extras_log: [{'over': '0.5', 'type': 'wide', 'runs': 1, 'this_over_after': []}]
  CB: CSK 21-0 (3)  crr=7.0  ps=21(18)  recent=4 4 0 0 0 2
  CB BAT: Sanju Samson* 11(12), Ruturaj Gaikwad 10(6)
  CB BOWL: Mohammed Siraj 0-11 (2)
  ⚠ DIVERGENCE: OVERS: ui=3.0 cb=3 | STRIKER: ui=Ruturaj Gaikwad cb=Sanju Samson | BAT_gaikwad: ui=14(6) cb=10(6) | FOW_COUNT: ui=1 vs wickets=0 | FOW_UNKNOWN: 1 placeholder(s) awaiting broadcast upgrade | BOWL_R: ui=13 cb=11

[15:46:18  iter#44]
  WS ERR: ''
  CB: CSK 21-0 (3.1)  crr=6.63  ps=21(19)  recent=0
  CB BAT: Sanju Samson* 11(13), Ruturaj Gaikwad 10(6)
  CB BOWL: Mohammed Siraj 0-11 (2)
  ⚠ DIVERGENCE: BATTERS_MISSING_IN_UI: {'samson', 'gaikwad'} (ui=set(), cb={'samson', 'gaikwad'}) | BOWLER: ui=None cb=Mohammed Siraj

[15:46:42  iter#45]
  WS ERR: ''
  CB: CSK 21-0 (3.2)  crr=6.3  ps=21(20)  recent=0 0
  CB BAT: Sanju Samson* 11(14), Ruturaj Gaikwad 10(6)
  CB BOWL: Mohammed Siraj 0-11 (2)
  ⚠ DIVERGENCE: BATTERS_MISSING_IN_UI: {'samson', 'gaikwad'} (ui=set(), cb={'samson', 'gaikwad'}) | BOWLER: ui=None cb=Mohammed Siraj

[15:47:05  iter#46]
  UI: Chennai Super Kings 21-0 (3.1)  str=Ruturaj Gaikwad nstr=Sanju Samson  bowl=Kagiso Rabada 1-10 (1.4)
  this_over=['.']  fow=1 (unk=1)  last_fow={'wicket': 1, 'batter': None, 'score': None, 'overs': None, 'bowler': None, 'how': None, '_unwitnessed': True}
  delivery: len=short_of_length line=outside_off shot=in_the_air [layer2]
  extras: this_over=1 innings=0 [w1/nb0/b0/lb0]
  extras_log: [{'over': '0.5', 'type': 'wide', 'runs': 1, 'this_over_after': []}]
  CB: CSK 21-0 (3.2)  crr=6.3  ps=21(20)  recent=0 0
  CB BAT: Sanju Samson* 11(14), Ruturaj Gaikwad 10(6)
  CB BOWL: Mohammed Siraj 0-11 (2)
  ⚠ DIVERGENCE: OVERS: ui=3.1 cb=3.2 | STRIKER: ui=Ruturaj Gaikwad cb=Sanju Samson | BAT_samson: ui=11(13) cb=11(14) | BAT_gaikwad: ui=14(6) cb=10(6) | FOW_COUNT: ui=1 vs wickets=0 | FOW_UNKNOWN: 1 placeholder(s) awaiting broadcast upgrade | BOWLER: ui=Kagiso Rabada cb=Mohammed Siraj

[15:47:29  iter#47]
  WS ERR: ''
  CB: CSK 21-1 (3.3)  crr=6.0  ps=21(21)  recent=0 0 W
  CB BAT: Ruturaj Gaikwad* 10(6), Mohammed Siraj 2(0)
  CB BOWL: Mohammed Siraj 0-11 (2)
  LAST WKT: Sanju Samson  c Jos Buttler b Kagiso Rabada 11(15)  - 21/1 in 3.3 ov.
  ⚠ DIVERGENCE: BATTERS_MISSING_IN_UI: {'siraj', 'gaikwad'} (ui=set(), cb={'siraj', 'gaikwad'}) | BOWLER: ui=None cb=Mohammed Siraj

[15:47:51  iter#48]
  UI: Chennai Super Kings 21-0 (3.2)  str=Ruturaj Gaikwad nstr=Sanju Samson  bowl=Kagiso Rabada 1-10 (1.4)
  this_over=['.', '.']  fow=1 (unk=1)  last_fow={'wicket': 1, 'batter': None, 'score': None, 'overs': None, 'bowler': None, 'how': None, '_unwitnessed': True}
  delivery: len=short_of_length line=leg_stump shot=in_the_air [layer2]
  extras: this_over=1 innings=0 [w1/nb0/b0/lb0]
  extras_log: [{'over': '0.5', 'type': 'wide', 'runs': 1, 'this_over_after': []}]
  CB: CSK 21-1 (3.3)  crr=6.0  ps=21(21)  recent=0 0 W
  CB BAT: Ruturaj Gaikwad* 10(6), Mohammed Siraj 2(0)
  CB BOWL: Mohammed Siraj 0-11 (2)
  LAST WKT: Sanju Samson  c Jos Buttler b Kagiso Rabada 11(15)  - 21/1 in 3.3 ov.
  ⚠ DIVERGENCE: WICKETS: ui=0 cb=1 | OVERS: ui=3.2 cb=3.3 | BATTERS_MISSING_IN_UI: {'siraj'} (ui={'samson', 'gaikwad'}, cb={'siraj', 'gaikwad'}) | BAT_gaikwad: ui=14(6) cb=10(6) | FOW_COUNT: ui=1 vs wickets=0 | FOW_UNKNOWN: 1 placeholder(s) awaiting broadcast upgrade | BOWLER: ui=Kagiso Rabada cb=Mohammed Siraj

[15:48:14  iter#49]
  UI: Chennai Super Kings 21-1 (3.3)  str=Ruturaj Gaikwad nstr=Sanju Samson  bowl=Kagiso Rabada 1-10 (1.4)
  this_over=['.', '.', 'W']  fow=1 (unk=1)  last_fow={'wicket': 1, 'batter': None, 'score': None, 'overs': None, 'bowler': None, 'how': None, '_unwitnessed': True}
  delivery: len=short_of_length line=leg_stump shot=in_the_air [layer2]
  extras: this_over=1 innings=0 [w1/nb0/b0/lb0]
  extras_log: [{'over': '0.5', 'type': 'wide', 'runs': 1, 'this_over_after': []}]
  CB: CSK 21-1 (3.3)  crr=6.0  ps=21(21)  recent=0 0 W
  CB BAT: Ruturaj Gaikwad* 10(6), Mohammed Siraj 2(0)
  CB BOWL: Mohammed Siraj 0-11 (2)
  LAST WKT: Sanju Samson  c Jos Buttler b Kagiso Rabada 11(15)  - 21/1 in 3.3 ov.
  ⚠ DIVERGENCE: BATTERS_MISSING_IN_UI: {'siraj'} (ui={'samson', 'gaikwad'}, cb={'siraj', 'gaikwad'}) | BAT_gaikwad: ui=14(6) cb=10(6) | FOW_UNKNOWN: 1 placeholder(s) awaiting broadcast upgrade | BOWLER: ui=Kagiso Rabada cb=Mohammed Siraj

[15:48:38  iter#50]
  WS ERR: ''
  CB: CSK 21-1 (3.3)  crr=6.0  ps=21(21)  recent=0 0 W
  CB BAT: Ruturaj Gaikwad* 10(6), Mohammed Siraj 2(0)
  CB BOWL: Mohammed Siraj 0-11 (2)
  LAST WKT: Sanju Samson  c Jos Buttler b Kagiso Rabada 11(15)  - 21/1 in 3.3 ov.
  ⚠ DIVERGENCE: BATTERS_MISSING_IN_UI: {'siraj', 'gaikwad'} (ui=set(), cb={'siraj', 'gaikwad'}) | BOWLER: ui=None cb=Mohammed Siraj

[15:49:03  iter#51]
  WS ERR: ''
  CB: CSK 21-1 (3.3)  crr=6.0  ps=0(0)  recent=... 2 4 0
  CB BAT: Urvil Patel* 0(0), Ruturaj Gaikwad 10(6)
  CB BOWL: Mohammed Siraj 0-11 (2)
  LAST WKT: Sanju Samson  c Jos Buttler b Kagiso Rabada 11(15)  - 21/1 in 3.3 ov.
  ⚠ DIVERGENCE: BATTERS_MISSING_IN_UI: {'gaikwad', 'patel'} (ui=set(), cb={'gaikwad', 'patel'}) | BOWLER: ui=None cb=Mohammed Siraj

[15:49:23  iter#52]
  UI: Chennai Super Kings 21-1 (3.3)  str=Ruturaj Gaikwad nstr=Sanju Samson  bowl=Kagiso Rabada 1-10 (1.4)
  this_over=['.', '.', 'W']  fow=1 (unk=1)  last_fow={'wicket': 1, 'batter': None, 'score': None, 'overs': None, 'bowler': None, 'how': None, '_unwitnessed': True}
  delivery: len=good_length line=leg_stump shot=in_the_air [layer2]
  extras: this_over=1 innings=0 [w1/nb0/b0/lb0]
  extras_log: [{'over': '0.5', 'type': 'wide', 'runs': 1, 'this_over_after': []}]
  CB: CSK 21-1 (3.3)  crr=6.0  ps=0(0)  recent=... 2 4 0
  CB BAT: Urvil Patel* 0(0), Ruturaj Gaikwad 10(6)
  CB BOWL: Mohammed Siraj 0-11 (2)
  LAST WKT: Sanju Samson  c Jos Buttler b Kagiso Rabada 11(15)  - 21/1 in 3.3 ov.
  ⚠ DIVERGENCE: STRIKER: ui=Ruturaj Gaikwad cb=Urvil Patel | BATTERS_MISSING_IN_UI: {'patel'} (ui={'samson', 'gaikwad'}, cb={'gaikwad', 'patel'}) | BAT_gaikwad: ui=14(6) cb=10(6) | FOW_UNKNOWN: 1 placeholder(s) awaiting broadcast upgrade | BOWLER: ui=Kagiso Rabada cb=Mohammed Siraj

[15:49:45  iter#53]
  UI: Chennai Super Kings 21-1 (3.3)  str=Ruturaj Gaikwad nstr=Urvil Patel  bowl=Kagiso Rabada 1-10 (1.4)
  this_over=['.', '.', 'W']  fow=1 (unk=0)  last_fow={'wicket': 1, 'batter': 'Sanju Samson', 'score': 21, 'overs': '3.3', 'bowler': 'Kagiso Rabada', 'how': None, '_unwitnessed': False}
  delivery: len=good_length line=leg_stump shot=in_the_air [layer2]
  extras: this_over=1 innings=0 [w1/nb0/b0/lb0]
  extras_log: [{'over': '0.5', 'type': 'wide', 'runs': 1, 'this_over_after': []}]
  CB: CSK 21-1 (3.4)  crr=5.73  ps=0(1)  recent=0 0 W 0
  CB BAT: Urvil Patel* 0(1), Ruturaj Gaikwad 10(6)
  CB BOWL: Mohammed Siraj 0-11 (2)
  LAST WKT: Sanju Samson  c Jos Buttler b Kagiso Rabada 11(15)  - 21/1 in 3.3 ov.
  ⚠ DIVERGENCE: OVERS: ui=3.3 cb=3.4 | STRIKER: ui=Ruturaj Gaikwad cb=Urvil Patel | BAT_patel: ui=0(0) cb=0(1) | BAT_gaikwad: ui=14(6) cb=10(6) | BOWLER: ui=Kagiso Rabada cb=Mohammed Siraj

[15:50:06  iter#54]
  UI: Chennai Super Kings 21-1 (3.4)  str=Ruturaj Gaikwad nstr=Urvil Patel  bowl=Kagiso Rabada 1-10 (1.4)
  this_over=['.', '.', 'W', '.']  fow=1 (unk=0)  last_fow={'wicket': 1, 'batter': 'Sanju Samson', 'score': 21, 'overs': '3.3', 'bowler': 'Kagiso Rabada', 'how': None, '_unwitnessed': False}
  delivery: len=good_length line=leg_stump shot=in_the_air [layer2]
  extras: this_over=1 innings=0 [w1/nb0/b0/lb0]
  extras_log: [{'over': '0.5', 'type': 'wide', 'runs': 1, 'this_over_after': []}]
  CB: CSK 25-1 (3.5)  crr=6.52  ps=4(2)  recent=0 0 W 0 4
  CB BAT: Urvil Patel* 4(2), Ruturaj Gaikwad 10(6)
  CB BOWL: Mohammed Siraj 0-11 (2)
  LAST WKT: Sanju Samson  c Jos Buttler b Kagiso Rabada 11(15)  - 21/1 in 3.3 ov.
  ⚠ DIVERGENCE: SCORE: ui=21 cb=25 | OVERS: ui=3.4 cb=3.5 | STRIKER: ui=Ruturaj Gaikwad cb=Urvil Patel | BAT_patel: ui=0(0) cb=4(2) | BAT_gaikwad: ui=14(6) cb=10(6) | BOWLER: ui=Kagiso Rabada cb=Mohammed Siraj

[15:50:30  iter#55]
  WS ERR: ''
  CB: CSK 25-1 (3.5)  crr=6.52  ps=4(2)  recent=0 0 W 0 4
  CB BAT: Urvil Patel* 4(2), Ruturaj Gaikwad 10(6)
  CB BOWL: Mohammed Siraj 0-11 (2)
  LAST WKT: Sanju Samson  c Jos Buttler b Kagiso Rabada 11(15)  - 21/1 in 3.3 ov.
  ⚠ DIVERGENCE: BATTERS_MISSING_IN_UI: {'gaikwad', 'patel'} (ui=set(), cb={'gaikwad', 'patel'}) | BOWLER: ui=None cb=Mohammed Siraj

[15:50:54  iter#56]
  UI: Chennai Super Kings 25-1 (3.5)  str=Ruturaj Gaikwad nstr=Urvil Patel  bowl=Kagiso Rabada 1-14 (1.5)
  this_over=['.', '.', 'W', '.', '4']  fow=1 (unk=0)  last_fow={'wicket': 1, 'batter': 'Sanju Samson', 'score': 21, 'overs': '3.3', 'bowler': 'Kagiso Rabada', 'how': None, '_unwitnessed': False}
  delivery: len=short_of_length line=leg_stump shot=in_the_air [layer2]
  extras: this_over=1 innings=0 [w1/nb0/b0/lb0]
  extras_log: [{'over': '0.5', 'type': 'wide', 'runs': 1, 'this_over_after': []}]
  CB: CSK 25-2 (4)  crr=6.25  ps=4(3)  recent=0 0 W 0 4 W
  CB BAT: Ruturaj Gaikwad* 10(6), Mohammed Siraj 2(0)
  CB BOWL: Kagiso Rabada 2-14 (2)
  LAST WKT: Urvil Patel  c Jason Holder b Kagiso Rabada 4(3)  - 25/2 in 3.6 ov.
  ⚠ DIVERGENCE: WICKETS: ui=1 cb=2 | OVERS: ui=3.5 cb=4 | BATTERS_MISSING_IN_UI: {'siraj'} (ui={'gaikwad', 'patel'}, cb={'siraj', 'gaikwad'}) | BAT_gaikwad: ui=14(6) cb=10(6) | BOWL_W: ui=1 cb=2 | BOWL_O: ui=1.5 cb=2

[15:51:17  iter#57]
  UI: Chennai Super Kings 25-2 (4.0)  str=Ruturaj Gaikwad nstr=None  bowl=Mohammed Siraj 0-13 (2)
  this_over=['.', '.', 'W', '.', '4', 'W']  fow=1 (unk=0)  last_fow={'wicket': 1, 'batter': 'Sanju Samson', 'score': 21, 'overs': '3.3', 'bowler': 'Kagiso Rabada', 'how': None, '_unwitnessed': False}
  delivery: len=short_of_length line=leg_stump shot=in_the_air [layer2]
  extras: this_over=1 innings=0 [w1/nb0/b0/lb0]
  extras_log: [{'over': '0.5', 'type': 'wide', 'runs': 1, 'this_over_after': []}]
  CB: CSK 25-2 (4)  crr=6.25  ps=4(3)  recent=0 0 W 0 4 W
  CB BAT: Ruturaj Gaikwad* 10(6), Mohammed Siraj 2(0)
  CB BOWL: Kagiso Rabada 2-14 (2)
  LAST WKT: Urvil Patel  c Jason Holder b Kagiso Rabada 4(3)  - 25/2 in 3.6 ov.
  ⚠ DIVERGENCE: OVERS: ui=4.0 cb=4 | BATTERS_MISSING_IN_UI: {'siraj'} (ui={'gaikwad'}, cb={'siraj', 'gaikwad'}) | BAT_gaikwad: ui=14(6) cb=10(6) | FOW_COUNT: ui=1 vs wickets=2 | BOWLER: ui=Mohammed Siraj cb=Kagiso Rabada

[15:51:40  iter#58]
  UI: Chennai Super Kings 25-2 (4.0)  str=Ruturaj Gaikwad nstr=None  bowl=Kagiso Rabada 2-14 (2)
  this_over=['.', '.', '.', 'W', '2', '4', '.']  fow=2 (unk=1)  last_fow={'wicket': 2, 'batter': None, 'score': None, 'overs': None, 'bowler': None, 'how': None, '_unwitnessed': True}
  delivery: len=short_of_length line=leg_stump shot=in_the_air [layer2]
  extras: this_over=1 innings=0 [w1/nb0/b0/lb0]
  extras_log: [{'over': '0.5', 'type': 'wide', 'runs': 1, 'this_over_after': []}]
  CB: CSK 25-2 (4)  crr=6.25  ps=4(3)  recent=...
  CB BAT: Ruturaj Gaikwad* 10(6), Mohammed Siraj 2(0)
  CB BOWL: Kagiso Rabada 2-14 (2)
  LAST WKT: Urvil Patel  c Jason Holder b Kagiso Rabada 4(3)  - 25/2 in 3.6 ov.
  ⚠ DIVERGENCE: OVERS: ui=4.0 cb=4 | BATTERS_MISSING_IN_UI: {'siraj'} (ui={'gaikwad'}, cb={'siraj', 'gaikwad'}) | BAT_gaikwad: ui=14(6) cb=10(6) | FOW_UNKNOWN: 1 placeholder(s) awaiting broadcast upgrade

[15:52:00  iter#59]
  UI: Chennai Super Kings 25-2 (4.0)  str=Ruturaj Gaikwad nstr=None  bowl=Kagiso Rabada 2-14 (2)
  this_over=['.', '.', '.', 'W', '2', '4', '.']  fow=2 (unk=1)  last_fow={'wicket': 2, 'batter': None, 'score': None, 'overs': None, 'bowler': None, 'how': None, '_unwitnessed': True}
  delivery: len=short_of_length line=leg_stump shot=in_the_air [layer2]
  extras: this_over=1 innings=0 [w1/nb0/b0/lb0]
  extras_log: [{'over': '0.5', 'type': 'wide', 'runs': 1, 'this_over_after': []}]
  CB: CSK 25-2 (4)  crr=6.25  ps=4(3)  recent=...
  CB BAT: Ruturaj Gaikwad* 10(6), Mohammed Siraj 2(0)
  CB BOWL: Kagiso Rabada 2-14 (2)
  LAST WKT: Urvil Patel  c Jason Holder b Kagiso Rabada 4(3)  - 25/2 in 3.6 ov.
  ⚠ DIVERGENCE: OVERS: ui=4.0 cb=4 | BATTERS_MISSING_IN_UI: {'siraj'} (ui={'gaikwad'}, cb={'siraj', 'gaikwad'}) | BAT_gaikwad: ui=14(6) cb=10(6) | FOW_UNKNOWN: 1 placeholder(s) awaiting broadcast upgrade

[15:52:23  iter#60]
  UI: Chennai Super Kings 25-2 (4.0)  str=Ruturaj Gaikwad nstr=None  bowl=Kagiso Rabada 2-14 (2)
  this_over=['.', '.', '.', 'W', '2', '4', '.']  fow=2 (unk=1)  last_fow={'wicket': 2, 'batter': None, 'score': None, 'overs': None, 'bowler': None, 'how': None, '_unwitnessed': True}
  delivery: len=short_of_length line=leg_stump shot=in_the_air [layer2]
  extras: this_over=1 innings=0 [w1/nb0/b0/lb0]
  extras_log: [{'over': '0.5', 'type': 'wide', 'runs': 1, 'this_over_after': []}]
  CB: CSK 25-2 (4)  crr=6.25  ps=4(3)  recent=...
  CB BAT: Ruturaj Gaikwad* 10(6), Mohammed Siraj 2(0)
  CB BOWL: Kagiso Rabada 2-14 (2)
  LAST WKT: Urvil Patel  c Jason Holder b Kagiso Rabada 4(3)  - 25/2 in 3.6 ov.
  ⚠ DIVERGENCE: OVERS: ui=4.0 cb=4 | BATTERS_MISSING_IN_UI: {'siraj'} (ui={'gaikwad'}, cb={'siraj', 'gaikwad'}) | BAT_gaikwad: ui=14(6) cb=10(6) | FOW_UNKNOWN: 1 placeholder(s) awaiting broadcast upgrade

[15:52:44  iter#61]
  UI: Chennai Super Kings 25-2 (4.0)  str=Ruturaj Gaikwad nstr=None  bowl=Mohammed Siraj 0-13 (2)
  this_over=['.', '.', '.', 'W', '2', '4', '.']  fow=2 (unk=0)  last_fow={'wicket': 2, 'batter': 'Urvil Patel', 'score': 25, 'overs': '4.0', 'bowler': 'Kagiso Rabada', 'how': None, '_unwitnessed': False}
  delivery: len=short_of_length line=leg_stump shot=in_the_air [layer2]
  extras: this_over=1 innings=0 [w1/nb0/b0/lb0]
  extras_log: [{'over': '0.5', 'type': 'wide', 'runs': 1, 'this_over_after': []}]
  CB: CSK 25-2 (4)  crr=6.25  ps=0(0)  recent=...
  CB BAT: Ruturaj Gaikwad* 10(6), Sarfaraz Khan 0(0)
  CB BOWL: Kagiso Rabada 2-14 (2)
  LAST WKT: Urvil Patel  c Jason Holder b Kagiso Rabada 4(3)  - 25/2 in 3.6 ov.
  ⚠ DIVERGENCE: OVERS: ui=4.0 cb=4 | BATTERS_MISSING_IN_UI: {'khan'} (ui={'gaikwad'}, cb={'gaikwad', 'khan'}) | BAT_gaikwad: ui=14(6) cb=10(6) | BOWLER: ui=Mohammed Siraj cb=Kagiso Rabada

[15:53:07  iter#62]
  UI: Chennai Super Kings 25-2 (4.0)  str=Sarfaraz Khan nstr=Ruturaj Gaikwad  bowl=Mohammed Siraj 0-13 (2)
  this_over=['.', '.', '.', 'W', '2', '4', '.']  fow=2 (unk=0)  last_fow={'wicket': 2, 'batter': 'Urvil Patel', 'score': 25, 'overs': '4.0', 'bowler': 'Kagiso Rabada', 'how': None, '_unwitnessed': False}
  delivery: len=short_of_length line=leg_stump shot=in_the_air [layer2]
  extras: this_over=1 innings=0 [w1/nb0/b0/lb0]
  extras_log: [{'over': '0.5', 'type': 'wide', 'runs': 1, 'this_over_after': []}]
  CB: CSK 25-2 (4.1)  crr=6.0  ps=0(1)  recent=0
  CB BAT: Ruturaj Gaikwad* 10(7), Sarfaraz Khan 0(0)
  CB BOWL: Kagiso Rabada 2-14 (2)
  LAST WKT: Urvil Patel  c Jason Holder b Kagiso Rabada 4(3)  - 25/2 in 3.6 ov.
  ⚠ DIVERGENCE: OVERS: ui=4.0 cb=4.1 | STRIKER: ui=Sarfaraz Khan cb=Ruturaj Gaikwad | BAT_gaikwad: ui=14(6) cb=10(7) | BOWLER: ui=Mohammed Siraj cb=Kagiso Rabada

[15:53:30  iter#63]
  UI: Chennai Super Kings 25-2 (4.0)  str=Sarfaraz Khan nstr=Ruturaj Gaikwad  bowl=Mohammed Siraj 0-13 (2)
  this_over=['.', '.', '.', 'W', '2', '4', '.']  fow=2 (unk=0)  last_fow={'wicket': 2, 'batter': 'Urvil Patel', 'score': 25, 'overs': '4.0', 'bowler': 'Kagiso Rabada', 'how': None, '_unwitnessed': False}
  delivery: len=short_of_length line=leg_stump shot=in_the_air [layer2]
  extras: this_over=1 innings=0 [w1/nb0/b0/lb0]
  extras_log: [{'over': '0.5', 'type': 'wide', 'runs': 1, 'this_over_after': []}]
  CB: CSK 25-2 (4.2)  crr=5.77  ps=0(2)  recent=0 0
  CB BAT: Ruturaj Gaikwad* 10(8), Sarfaraz Khan 0(0)
  CB BOWL: Kagiso Rabada 2-14 (2)
  LAST WKT: Urvil Patel  c Jason Holder b Kagiso Rabada 4(3)  - 25/2 in 3.6 ov.
  ⚠ DIVERGENCE: OVERS: ui=4.0 cb=4.2 | STRIKER: ui=Sarfaraz Khan cb=Ruturaj Gaikwad | BAT_gaikwad: ui=14(6) cb=10(8) | BOWLER: ui=Mohammed Siraj cb=Kagiso Rabada

[15:53:54  iter#64]
  WS ERR: ''
  CB: CSK 25-2 (4.2)  crr=5.77  ps=0(2)  recent=0 0
  CB BAT: Ruturaj Gaikwad* 10(8), Sarfaraz Khan 0(0)
  CB BOWL: Kagiso Rabada 2-14 (2)
  LAST WKT: Urvil Patel  c Jason Holder b Kagiso Rabada 4(3)  - 25/2 in 3.6 ov.
  ⚠ DIVERGENCE: BATTERS_MISSING_IN_UI: {'gaikwad', 'khan'} (ui=set(), cb={'gaikwad', 'khan'}) | BOWLER: ui=None cb=Kagiso Rabada

[15:54:15  iter#65]
  UI: Chennai Super Kings 25-2 (4.1)  str=Ruturaj Gaikwad nstr=Sarfaraz Khan  bowl=Mohammed Siraj 0-13 (2.1)
  this_over=['.']  fow=2 (unk=0)  last_fow={'wicket': 2, 'batter': 'Urvil Patel', 'score': 25, 'overs': '4.0', 'bowler': 'Kagiso Rabada', 'how': None, '_unwitnessed': False}
  delivery: len=short_of_length line=leg_stump shot=in_the_air [layer2]
  extras: this_over=1 innings=0 [w1/nb0/b0/lb0]
  extras_log: [{'over': '0.5', 'type': 'wide', 'runs': 1, 'this_over_after': []}]
  CB: CSK 26-2 (4.3)  crr=5.78  ps=1(3)  recent=0 0 1
  CB BAT: Sarfaraz Khan* 0(0), Ruturaj Gaikwad 11(9)
  CB BOWL: Kagiso Rabada 2-14 (2)
  LAST WKT: Urvil Patel  c Jason Holder b Kagiso Rabada 4(3)  - 25/2 in 3.6 ov.
  ⚠ DIVERGENCE: SCORE: ui=25 cb=26 | OVERS: ui=4.1 cb=4.3 | STRIKER: ui=Ruturaj Gaikwad cb=Sarfaraz Khan | BAT_gaikwad: ui=14(7) cb=11(9) | BOWLER: ui=Mohammed Siraj cb=Kagiso Rabada

[15:54:40  iter#66]
  WS ERR: ''
  CB: CSK 26-2 (4.3)  crr=5.78  ps=1(3)  recent=0 0 1
  CB BAT: Sarfaraz Khan* 0(0), Ruturaj Gaikwad 11(9)
  CB BOWL: Kagiso Rabada 2-14 (2)
  LAST WKT: Urvil Patel  c Jason Holder b Kagiso Rabada 4(3)  - 25/2 in 3.6 ov.
  ⚠ DIVERGENCE: BATTERS_MISSING_IN_UI: {'gaikwad', 'khan'} (ui=set(), cb={'gaikwad', 'khan'}) | BOWLER: ui=None cb=Kagiso Rabada

[15:55:02  iter#67]
  UI: Chennai Super Kings 26-2 (4.3)  str=Sarfaraz Khan nstr=Ruturaj Gaikwad  bowl=Mohammed Siraj 0-13 (2.2)
  this_over=['.', '.', '1']  fow=2 (unk=0)  last_fow={'wicket': 2, 'batter': 'Urvil Patel', 'score': 25, 'overs': '4.0', 'bowler': 'Kagiso Rabada', 'how': None, '_unwitnessed': False}
  delivery: len=short_of_length line=outside_off shot=in_the_air [layer2]
  extras: this_over=1 innings=0 [w1/nb0/b0/lb0]
  extras_log: [{'over': '0.5', 'type': 'wide', 'runs': 1, 'this_over_after': []}]
  CB: CSK 26-2 (4.3)  crr=5.78  ps=1(3)  recent=... 0 0 2
  CB BAT: Sarfaraz Khan* 0(0), Ruturaj Gaikwad 11(9)
  CB BOWL: Kagiso Rabada 2-14 (2)
  LAST WKT: Urvil Patel  c Jason Holder b Kagiso Rabada 4(3)  - 25/2 in 3.6 ov.
  ⚠ DIVERGENCE: BAT_gaikwad: ui=14(9) cb=11(9) | BOWLER: ui=Mohammed Siraj cb=Kagiso Rabada

[15:55:24  iter#68]
  UI: Chennai Super Kings 26-2 (4.3)  str=Sarfaraz Khan nstr=Ruturaj Gaikwad  bowl=Mohammed Siraj 0-13 (2.3)
  this_over=['.', '.', '1']  fow=2 (unk=0)  last_fow={'wicket': 2, 'batter': 'Urvil Patel', 'score': 25, 'overs': '4.0', 'bowler': 'Kagiso Rabada', 'how': None, '_unwitnessed': False}
  delivery: len=short_of_length line=outside_off shot=in_the_air [layer2]
  extras: this_over=1 innings=0 [w1/nb0/b0/lb0]
  extras_log: [{'over': '0.5', 'type': 'wide', 'runs': 1, 'this_over_after': []}]
  CB: CSK 26-3 (4.4)  crr=5.57  ps=1(4)  recent=0 0 1 W
  CB BAT: Ruturaj Gaikwad* 11(9), Kagiso Rabada 2(0)
  CB BOWL: Kagiso Rabada 2-14 (2)
  LAST WKT: Sarfaraz Khan  c Jos Buttler b Mohammed Siraj 0(1)  - 26/3 in 4.4 ov.
  ⚠ DIVERGENCE: WICKETS: ui=2 cb=3 | OVERS: ui=4.3 cb=4.4 | STRIKER: ui=Sarfaraz Khan cb=Ruturaj Gaikwad | BATTERS_MISSING_IN_UI: {'rabada'} (ui={'gaikwad', 'khan'}, cb={'rabada', 'gaikwad'}) | BAT_gaikwad: ui=14(9) cb=11(9) | BOWLER: ui=Mohammed Siraj cb=Kagiso Rabada

[15:55:48  iter#69]
  UI: Chennai Super Kings 26-2 (4.3)  str=Sarfaraz Khan nstr=Ruturaj Gaikwad  bowl=Mohammed Siraj 0-13 (2.3)
  this_over=['.', '.', '1']  fow=2 (unk=0)  last_fow={'wicket': 2, 'batter': 'Urvil Patel', 'score': 25, 'overs': '4.0', 'bowler': 'Kagiso Rabada', 'how': None, '_unwitnessed': False}
  delivery: len=short_of_length line=outside_off shot=in_the_air [layer2]
  extras: this_over=1 innings=0 [w1/nb0/b0/lb0]
  extras_log: [{'over': '0.5', 'type': 'wide', 'runs': 1, 'this_over_after': []}]
  CB: CSK 26-3 (4.4)  crr=5.57  ps=1(4)  recent=0 0 1 W
  CB BAT: Ruturaj Gaikwad* 11(9), Kagiso Rabada 2(0)
  CB BOWL: Kagiso Rabada 2-14 (2)
  LAST WKT: Sarfaraz Khan  c Jos Buttler b Mohammed Siraj 0(1)  - 26/3 in 4.4 ov.
  ⚠ DIVERGENCE: WICKETS: ui=2 cb=3 | OVERS: ui=4.3 cb=4.4 | STRIKER: ui=Sarfaraz Khan cb=Ruturaj Gaikwad | BATTERS_MISSING_IN_UI: {'rabada'} (ui={'gaikwad', 'khan'}, cb={'rabada', 'gaikwad'}) | BAT_gaikwad: ui=14(9) cb=11(9) | BOWLER: ui=Mohammed Siraj cb=Kagiso Rabada

[15:56:10  iter#70]
  UI: Chennai Super Kings 26-2 (4.4)  str=Sarfaraz Khan nstr=Ruturaj Gaikwad  bowl=Mohammed Siraj 1-13 (2.4)
  this_over=['.', '.', '1', '.']  fow=2 (unk=0)  last_fow={'wicket': 2, 'batter': 'Urvil Patel', 'score': 25, 'overs': '4.0', 'bowler': 'Kagiso Rabada', 'how': None, '_unwitnessed': False}
  delivery: len=short_of_length line=outside_off shot=in_the_air [layer2]
  extras: this_over=1 innings=0 [w1/nb0/b0/lb0]
  extras_log: [{'over': '0.5', 'type': 'wide', 'runs': 1, 'this_over_after': []}]
  CB: CSK 26-3 (4.4)  crr=5.57  ps=0(0)  recent=... 0 2
  CB BAT: Dewald Brevis* 0(0), Ruturaj Gaikwad 11(9)
  CB BOWL: Kagiso Rabada 2-14 (2)
  LAST WKT: Sarfaraz Khan  c Jos Buttler b Mohammed Siraj 0(1)  - 26/3 in 4.4 ov.
  ⚠ DIVERGENCE: WICKETS: ui=2 cb=3 | STRIKER: ui=Sarfaraz Khan cb=Dewald Brevis | BATTERS_MISSING_IN_UI: {'brevis'} (ui={'gaikwad', 'khan'}, cb={'gaikwad', 'brevis'}) | BAT_gaikwad: ui=14(9) cb=11(9) | BOWLER: ui=Mohammed Siraj cb=Kagiso Rabada

[15:56:32  iter#71]
  UI: Chennai Super Kings 26-3 (4.4)  str=Sarfaraz Khan nstr=None  bowl=Mohammed Siraj 1-13 (2.4)
  this_over=['.', '.', '1', 'W']  fow=3 (unk=1)  last_fow={'wicket': 3, 'batter': None, 'score': None, 'overs': None, 'bowler': None, 'how': None, '_unwitnessed': True}
  delivery: len=good_length line=leg_stump shot=in_the_air [layer2]
  extras: this_over=1 innings=0 [w1/nb0/b0/lb0]
  extras_log: [{'over': '0.5', 'type': 'wide', 'runs': 1, 'this_over_after': []}]
  CB: CSK 26-3 (4.4)  crr=5.57  ps=0(0)  recent=... 0 2
  CB BAT: Dewald Brevis* 0(0), Ruturaj Gaikwad 11(9)
  CB BOWL: Kagiso Rabada 2-14 (2)
  LAST WKT: Sarfaraz Khan  c Jos Buttler b Mohammed Siraj 0(1)  - 26/3 in 4.4 ov.
  ⚠ DIVERGENCE: STRIKER: ui=Sarfaraz Khan cb=Dewald Brevis | BATTERS_MISSING_IN_UI: {'gaikwad', 'brevis'} (ui={'khan'}, cb={'gaikwad', 'brevis'}) | BAT_gaikwad: ui=14(9) cb=11(9) | FOW_UNKNOWN: 1 placeholder(s) awaiting broadcast upgrade | BOWLER: ui=Mohammed Siraj cb=Kagiso Rabada

[15:56:56  iter#72]
  WS ERR: ''
  CB: CSK 26-3 (4.4)  crr=5.57  ps=0(0)  recent=... 0 2
  CB BAT: Dewald Brevis* 0(0), Ruturaj Gaikwad 11(9)
  CB BOWL: Kagiso Rabada 2-14 (2)
  LAST WKT: Sarfaraz Khan  c Jos Buttler b Mohammed Siraj 0(1)  - 26/3 in 4.4 ov.
  ⚠ DIVERGENCE: BATTERS_MISSING_IN_UI: {'gaikwad', 'brevis'} (ui=set(), cb={'gaikwad', 'brevis'}) | BOWLER: ui=None cb=Kagiso Rabada

[15:57:17  iter#73]
  UI: Chennai Super Kings 26-3 (4.4)  str=Ruturaj Gaikwad nstr=Dewald Brevis  bowl=Mohammed Siraj 1-13 (2.4)
  this_over=['.', '.', '1', 'W']  fow=3 (unk=0)  last_fow={'wicket': 3, 'batter': 'Sarfaraz Khan', 'score': 26, 'overs': '4.4', 'bowler': 'Mohammed Siraj', 'how': 'bowled', '_unwitnessed': False}
  delivery: len=good_length line=leg_stump shot=in_the_air [layer2]
  extras: this_over=1 innings=0 [w1/nb0/b0/lb0]
  extras_log: [{'over': '0.5', 'type': 'wide', 'runs': 1, 'this_over_after': []}]
  CB: CSK 26-3 (4.5)  crr=5.38  ps=0(1)  recent=0 0 1 W 0
  CB BAT: Dewald Brevis* 0(1), Ruturaj Gaikwad 11(9)
  CB BOWL: Kagiso Rabada 2-14 (2)
  LAST WKT: Sarfaraz Khan  c Jos Buttler b Mohammed Siraj 0(1)  - 26/3 in 4.4 ov.
  ⚠ DIVERGENCE: OVERS: ui=4.4 cb=4.5 | STRIKER: ui=Ruturaj Gaikwad cb=Dewald Brevis | BAT_brevis: ui=0(0) cb=0(1) | BAT_gaikwad: ui=14(9) cb=11(9) | BOWLER: ui=Mohammed Siraj cb=Kagiso Rabada

[15:57:43  iter#74]
  UI: Chennai Super Kings 26-3 (4.4)  str=Ruturaj Gaikwad nstr=Dewald Brevis  bowl=Mohammed Siraj 1-13 (2.4)
  this_over=['.', '.', '1', 'W']  fow=3 (unk=0)  last_fow={'wicket': 3, 'batter': 'Sarfaraz Khan', 'score': 26, 'overs': '4.4', 'bowler': 'Mohammed Siraj', 'how': 'bowled', '_unwitnessed': False}
  delivery: len=good_length line=leg_stump shot=in_the_air [layer2]
  extras: this_over=1 innings=0 [w1/nb0/b0/lb0]
  extras_log: [{'over': '0.5', 'type': 'wide', 'runs': 1, 'this_over_after': []}]
  CB: CSK 26-3 (4.5)  crr=5.38  ps=0(1)  recent=0 0 1 W 0
  CB BAT: Dewald Brevis* 0(1), Ruturaj Gaikwad 11(9)
  CB BOWL: Kagiso Rabada 2-14 (2)
  LAST WKT: Sarfaraz Khan  c Jos Buttler b Mohammed Siraj 0(1)  - 26/3 in 4.4 ov.
  ⚠ DIVERGENCE: OVERS: ui=4.4 cb=4.5 | STRIKER: ui=Ruturaj Gaikwad cb=Dewald Brevis | BAT_brevis: ui=0(0) cb=0(1) | BAT_gaikwad: ui=14(9) cb=11(9) | BOWLER: ui=Mohammed Siraj cb=Kagiso Rabada

[15:58:05  iter#75]
  UI: Chennai Super Kings 26-3 (4.5)  str=Ruturaj Gaikwad nstr=Dewald Brevis  bowl=Mohammed Siraj 1-13 (2.4)
  this_over=['.', '.', '1', 'W', '.']  fow=3 (unk=0)  last_fow={'wicket': 3, 'batter': 'Sarfaraz Khan', 'score': 26, 'overs': '4.4', 'bowler': 'Mohammed Siraj', 'how': 'bowled', '_unwitnessed': False}
  delivery: len=good_length line=leg_stump shot=in_the_air [layer2]
  extras: this_over=1 innings=0 [w1/nb0/b0/lb0]
  extras_log: [{'over': '0.5', 'type': 'wide', 'runs': 1, 'this_over_after': []}]
  CB: CSK 26-3 (5)  crr=5.2  ps=0(2)  recent=0 0 1 W 0 0
  CB BAT: Ruturaj Gaikwad* 11(9), Dewald Brevis 0(2)
  CB BOWL: Mohammed Siraj 1-12 (3)
  LAST WKT: Sarfaraz Khan  c Jos Buttler b Mohammed Siraj 0(1)  - 26/3 in 4.4 ov.
  ⚠ DIVERGENCE: OVERS: ui=4.5 cb=5 | BAT_gaikwad: ui=14(9) cb=11(9) | BAT_brevis: ui=0(1) cb=0(2) | BOWL_R: ui=13 cb=12 | BOWL_O: ui=2.4 cb=3

[15:58:26  iter#76]
  UI: Chennai Super Kings 26-3 (4.5)  str=Ruturaj Gaikwad nstr=Dewald Brevis  bowl=Mohammed Siraj 1-13 (2.4)
  this_over=['.', '.', '1', 'W', '.']  fow=3 (unk=0)  last_fow={'wicket': 3, 'batter': 'Sarfaraz Khan', 'score': 26, 'overs': '4.4', 'bowler': 'Mohammed Siraj', 'how': 'bowled', '_unwitnessed': False}
  delivery: len=short_of_length line=outside_off shot=in_the_air [layer2]
  extras: this_over=1 innings=0 [w1/nb0/b0/lb0]
  extras_log: [{'over': '0.5', 'type': 'wide', 'runs': 1, 'this_over_after': []}]
  CB: CSK 26-3 (5)  crr=5.2  ps=0(2)  recent=0 0 1 W 0 0
  CB BAT: Ruturaj Gaikwad* 11(9), Dewald Brevis 0(2)
  CB BOWL: Mohammed Siraj 1-12 (3)
  LAST WKT: Sarfaraz Khan  c Jos Buttler b Mohammed Siraj 0(1)  - 26/3 in 4.4 ov.
  ⚠ DIVERGENCE: OVERS: ui=4.5 cb=5 | BAT_gaikwad: ui=14(9) cb=11(9) | BAT_brevis: ui=0(1) cb=0(2) | BOWL_R: ui=13 cb=12 | BOWL_O: ui=2.4 cb=3

[15:58:47  iter#77]
  UI: Chennai Super Kings 26-3 (4.5)  str=Ruturaj Gaikwad nstr=Dewald Brevis  bowl=Mohammed Siraj 1-13 (2.4)
  this_over=['.', '.', '1', 'W', '.']  fow=3 (unk=0)  last_fow={'wicket': 3, 'batter': 'Sarfaraz Khan', 'score': 26, 'overs': '4.4', 'bowler': 'Mohammed Siraj', 'how': 'bowled', '_unwitnessed': False}
  delivery: len=short_of_length line=outside_off shot=in_the_air [layer2]
  extras: this_over=1 innings=0 [w1/nb0/b0/lb0]
  extras_log: [{'over': '0.5', 'type': 'wide', 'runs': 1, 'this_over_after': []}]
  CB: CSK 26-3 (5)  crr=5.2  ps=0(2)  recent=0 0 1 W 0 0
  CB BAT: Ruturaj Gaikwad* 11(9), Dewald Brevis 0(2)
  CB BOWL: Mohammed Siraj 1-12 (3)
  LAST WKT: Sarfaraz Khan  c Jos Buttler b Mohammed Siraj 0(1)  - 26/3 in 4.4 ov.
  ⚠ DIVERGENCE: OVERS: ui=4.5 cb=5 | BAT_gaikwad: ui=14(9) cb=11(9) | BAT_brevis: ui=0(1) cb=0(2) | BOWL_R: ui=13 cb=12 | BOWL_O: ui=2.4 cb=3

[15:59:11  iter#78]
  UI: Chennai Super Kings 26-3 (4.5)  str=Ruturaj Gaikwad nstr=Dewald Brevis  bowl=Mohammed Siraj 1-13 (2.4)
  this_over=['.', '.', '1', 'W', '.']  fow=3 (unk=0)  last_fow={'wicket': 3, 'batter': 'Sarfaraz Khan', 'score': 26, 'overs': '4.4', 'bowler': 'Mohammed Siraj', 'how': 'bowled', '_unwitnessed': False}
  delivery: len=short_of_length line=outside_off shot=in_the_air [layer2]
  extras: this_over=1 innings=0 [w1/nb0/b0/lb0]
  extras_log: [{'over': '0.5', 'type': 'wide', 'runs': 1, 'this_over_after': []}]
  CB: CSK 26-3 (5.1)  crr=5.03  ps=0(3)  recent=0
  CB BAT: Ruturaj Gaikwad* 11(10), Dewald Brevis 0(2)
  CB BOWL: Mohammed Siraj 1-12 (3)
  LAST WKT: Sarfaraz Khan  c Jos Buttler b Mohammed Siraj 0(1)  - 26/3 in 4.4 ov.
  ⚠ DIVERGENCE: OVERS: ui=4.5 cb=5.1 | BAT_gaikwad: ui=14(9) cb=11(10) | BAT_brevis: ui=0(1) cb=0(2) | BOWL_R: ui=13 cb=12 | BOWL_O: ui=2.4 cb=3

[15:59:34  iter#79]
  UI: Chennai Super Kings 26-3 (5.0)  str=Dewald Brevis nstr=Ruturaj Gaikwad  bowl=Kagiso Rabada 2-14 (2)
  this_over=['4', '.', '.', '1', '.', 'W', '.', '.']  fow=3 (unk=0)  last_fow={'wicket': 3, 'batter': 'Sarfaraz Khan', 'score': 26, 'overs': '4.4', 'bowler': 'Mohammed Siraj', 'how': 'bowled', '_unwitnessed': False}
  delivery: len=short_of_length line=outside_off shot=in_the_air [layer2]
  extras: this_over=1 innings=0 [w1/nb0/b0/lb0]
  extras_log: [{'over': '0.5', 'type': 'wide', 'runs': 1, 'this_over_after': []}]
  CB: CSK 26-3 (5.2)  crr=4.88  ps=0(4)  recent=0 0
  CB BAT: Ruturaj Gaikwad* 11(11), Dewald Brevis 0(2)
  CB BOWL: Mohammed Siraj 1-12 (3)
  LAST WKT: Sarfaraz Khan  c Jos Buttler b Mohammed Siraj 0(1)  - 26/3 in 4.4 ov.
  ⚠ DIVERGENCE: OVERS: ui=5.0 cb=5.2 | STRIKER: ui=Dewald Brevis cb=Ruturaj Gaikwad | BAT_gaikwad: ui=14(9) cb=11(11) | BOWLER: ui=Kagiso Rabada cb=Mohammed Siraj

[15:59:56  iter#80]
  UI: Chennai Super Kings 26-3 (5.1)  str=Dewald Brevis nstr=Ruturaj Gaikwad  bowl=Kagiso Rabada 2-14 (2.1)
  this_over=['.']  fow=3 (unk=0)  last_fow={'wicket': 3, 'batter': 'Sarfaraz Khan', 'score': 26, 'overs': '4.4', 'bowler': 'Mohammed Siraj', 'how': 'bowled', '_unwitnessed': False}
  delivery: len=short_of_length line=leg_stump shot=in_the_air [layer2]
  extras: this_over=1 innings=0 [w1/nb0/b0/lb0]
  extras_log: [{'over': '0.5', 'type': 'wide', 'runs': 1, 'this_over_after': []}]
  CB: CSK 26-3 (5.2)  crr=4.88  ps=0(4)  recent=0 0
  CB BAT: Ruturaj Gaikwad* 11(11), Dewald Brevis 0(2)
  CB BOWL: Mohammed Siraj 1-12 (3)
  LAST WKT: Sarfaraz Khan  c Jos Buttler b Mohammed Siraj 0(1)  - 26/3 in 4.4 ov.
  ⚠ DIVERGENCE: OVERS: ui=5.1 cb=5.2 | STRIKER: ui=Dewald Brevis cb=Ruturaj Gaikwad | BAT_gaikwad: ui=14(10) cb=11(11) | BOWLER: ui=Kagiso Rabada cb=Mohammed Siraj

[16:00:18  iter#81]
  UI: Chennai Super Kings 26-3 (5.2)  str=Dewald Brevis nstr=Ruturaj Gaikwad  bowl=Kagiso Rabada 2-14 (2.2)
  this_over=['.', '.']  fow=3 (unk=0)  last_fow={'wicket': 3, 'batter': 'Sarfaraz Khan', 'score': 26, 'overs': '4.4', 'bowler': 'Mohammed Siraj', 'how': 'bowled', '_unwitnessed': False}
  delivery: len=short_of_length line=leg_stump shot=in_the_air [layer2]
  extras: this_over=1 innings=0 [w1/nb0/b0/lb0]
  extras_log: [{'over': '0.5', 'type': 'wide', 'runs': 1, 'this_over_after': []}]
  CB: CSK 27-3 (5.3)  crr=4.91  ps=1(5)  recent=0 0 1
  CB BAT: Dewald Brevis* 0(2), Ruturaj Gaikwad 12(12)
  CB BOWL: Mohammed Siraj 1-12 (3)
  LAST WKT: Sarfaraz Khan  c Jos Buttler b Mohammed Siraj 0(1)  - 26/3 in 4.4 ov.
  ⚠ DIVERGENCE: SCORE: ui=26 cb=27 | OVERS: ui=5.2 cb=5.3 | BAT_gaikwad: ui=14(11) cb=12(12) | BOWLER: ui=Kagiso Rabada cb=Mohammed Siraj

[16:00:41  iter#82]
  UI: Chennai Super Kings 26-3 (5.2)  str=Dewald Brevis nstr=Ruturaj Gaikwad  bowl=Kagiso Rabada 2-14 (2.2)
  this_over=['.', '.']  fow=3 (unk=0)  last_fow={'wicket': 3, 'batter': 'Sarfaraz Khan', 'score': 26, 'overs': '4.4', 'bowler': 'Mohammed Siraj', 'how': 'bowled', '_unwitnessed': False}
  delivery: len=short_of_length line=leg_stump shot=in_the_air [layer2]
  extras: this_over=1 innings=0 [w1/nb0/b0/lb0]
  extras_log: [{'over': '0.5', 'type': 'wide', 'runs': 1, 'this_over_after': []}]
  CB: CSK 27-3 (5.3)  crr=4.91  ps=1(5)  recent=0 0 1
  CB BAT: Dewald Brevis* 0(2), Ruturaj Gaikwad 12(12)
  CB BOWL: Mohammed Siraj 1-12 (3)
  LAST WKT: Sarfaraz Khan  c Jos Buttler b Mohammed Siraj 0(1)  - 26/3 in 4.4 ov.
  ⚠ DIVERGENCE: SCORE: ui=26 cb=27 | OVERS: ui=5.2 cb=5.3 | BAT_gaikwad: ui=14(11) cb=12(12) | BOWLER: ui=Kagiso Rabada cb=Mohammed Siraj

[16:01:03  iter#83]
  UI: Chennai Super Kings 27-3 (5.3)  str=Ruturaj Gaikwad nstr=Ruturaj Gaikwad  bowl=Kagiso Rabada 2-15 (2.3)
  this_over=['.', '.', '1']  fow=3 (unk=0)  last_fow={'wicket': 3, 'batter': 'Sarfaraz Khan', 'score': 26, 'overs': '4.4', 'bowler': 'Mohammed Siraj', 'how': 'bowled', '_unwitnessed': False}
  delivery: len=short_of_length line=leg_stump shot=in_the_air [layer2]
  extras: this_over=1 innings=0 [w1/nb0/b0/lb0]
  extras_log: [{'over': '0.5', 'type': 'wide', 'runs': 1, 'this_over_after': []}]
  CB: CSK 27-3 (5.4)  crr=4.76  ps=1(6)  recent=0 0 1 0
  CB BAT: Dewald Brevis* 0(3), Ruturaj Gaikwad 12(12)
  CB BOWL: Mohammed Siraj 1-12 (3)
  LAST WKT: Sarfaraz Khan  c Jos Buttler b Mohammed Siraj 0(1)  - 26/3 in 4.4 ov.
  ⚠ DIVERGENCE: OVERS: ui=5.3 cb=5.4 | STRIKER: ui=Ruturaj Gaikwad cb=Dewald Brevis | BATTERS_MISSING_IN_UI: {'brevis'} (ui={'gaikwad'}, cb={'gaikwad', 'brevis'}) | BAT_brevis: ui=0(2) cb=0(3) | BAT_gaikwad: ui=14(12) cb=12(12) | BOWLER: ui=Kagiso Rabada cb=Mohammed Siraj

[16:01:24  iter#84]
  UI: Chennai Super Kings 27-3 (5.3)  str=Ruturaj Gaikwad nstr=Ruturaj Gaikwad  bowl=Kagiso Rabada 2-15 (2.3)
  this_over=['.', '.', '1']  fow=3 (unk=0)  last_fow={'wicket': 3, 'batter': 'Sarfaraz Khan', 'score': 26, 'overs': '4.4', 'bowler': 'Mohammed Siraj', 'how': 'bowled', '_unwitnessed': False}
  delivery: len=short_of_length line=leg_stump shot=in_the_air [layer2]
  extras: this_over=1 innings=0 [w1/nb0/b0/lb0]
  extras_log: [{'over': '0.5', 'type': 'wide', 'runs': 1, 'this_over_after': []}]
  CB: CSK 27-3 (5.4)  crr=4.76  ps=1(6)  recent=0 0 1 0
  CB BAT: Dewald Brevis* 0(3), Ruturaj Gaikwad 12(12)
  CB BOWL: Mohammed Siraj 1-12 (3)
  LAST WKT: Sarfaraz Khan  c Jos Buttler b Mohammed Siraj 0(1)  - 26/3 in 4.4 ov.
  ⚠ DIVERGENCE: OVERS: ui=5.3 cb=5.4 | STRIKER: ui=Ruturaj Gaikwad cb=Dewald Brevis | BATTERS_MISSING_IN_UI: {'brevis'} (ui={'gaikwad'}, cb={'gaikwad', 'brevis'}) | BAT_brevis: ui=0(2) cb=0(3) | BAT_gaikwad: ui=14(12) cb=12(12) | BOWLER: ui=Kagiso Rabada cb=Mohammed Siraj

[16:01:48  iter#85]
  WS ERR: ''
  CB: CSK 28-3 (5.5)  crr=4.8  ps=2(7)  recent=0 0 1 0 1
  CB BAT: Ruturaj Gaikwad* 12(12), Dewald Brevis 1(4)
  CB BOWL: Mohammed Siraj 1-12 (3)
  LAST WKT: Sarfaraz Khan  c Jos Buttler b Mohammed Siraj 0(1)  - 26/3 in 4.4 ov.
  ⚠ DIVERGENCE: BATTERS_MISSING_IN_UI: {'gaikwad', 'brevis'} (ui=set(), cb={'gaikwad', 'brevis'}) | BOWLER: ui=None cb=Mohammed Siraj

[16:02:09  iter#86]
  UI: Chennai Super Kings 27-3 (5.4)  str=Ruturaj Gaikwad nstr=Ruturaj Gaikwad  bowl=Kagiso Rabada 2-15 (2.4)
  this_over=['.', '.', '1', '.']  fow=3 (unk=0)  last_fow={'wicket': 3, 'batter': 'Sarfaraz Khan', 'score': 26, 'overs': '4.4', 'bowler': 'Mohammed Siraj', 'how': 'bowled', '_unwitnessed': False}
  delivery: len=good_length line=leg_stump shot=in_the_air [layer2]
  extras: this_over=1 innings=0 [w1/nb0/b0/lb0]
  extras_log: [{'over': '0.5', 'type': 'wide', 'runs': 1, 'this_over_after': []}]
  CB: CSK 28-3 (5.5)  crr=4.8  ps=2(7)  recent=0 0 1 0 1
  CB BAT: Ruturaj Gaikwad* 12(12), Dewald Brevis 1(4)
  CB BOWL: Mohammed Siraj 1-12 (3)
  LAST WKT: Sarfaraz Khan  c Jos Buttler b Mohammed Siraj 0(1)  - 26/3 in 4.4 ov.
  ⚠ DIVERGENCE: SCORE: ui=27 cb=28 | OVERS: ui=5.4 cb=5.5 | BATTERS_MISSING_IN_UI: {'brevis'} (ui={'gaikwad'}, cb={'gaikwad', 'brevis'}) | BAT_gaikwad: ui=14(12) cb=12(12) | BAT_brevis: ui=0(3) cb=1(4) | BOWLER: ui=Kagiso Rabada cb=Mohammed Siraj

[16:02:32  iter#87]
  UI: Chennai Super Kings 28-3 (5.5)  str=Dewald Brevis nstr=Ruturaj Gaikwad  bowl=Kagiso Rabada 2-16 (2.5)
  this_over=['.', '.', '1', '.', '1']  fow=3 (unk=0)  last_fow={'wicket': 3, 'batter': 'Sarfaraz Khan', 'score': 26, 'overs': '4.4', 'bowler': 'Mohammed Siraj', 'how': 'bowled', '_unwitnessed': False}
  delivery: len=short_of_length line=outside_off shot=in_the_air [layer2]
  extras: this_over=1 innings=0 [w1/nb0/b0/lb0]
  extras_log: [{'over': '0.5', 'type': 'wide', 'runs': 1, 'this_over_after': []}]
  CB: CSK 28-3 (6)  crr=4.67  ps=2(8)  recent=0 0 1 0 1 0
  CB BAT: Dewald Brevis* 1(4), Ruturaj Gaikwad 12(13)
  CB BOWL: Kagiso Rabada 2-16 (3)
  LAST WKT: Sarfaraz Khan  c Jos Buttler b Mohammed Siraj 0(1)  - 26/3 in 4.4 ov.
  ⚠ DIVERGENCE: OVERS: ui=5.5 cb=6 | BAT_brevis: ui=1(12) cb=1(4) | BAT_gaikwad: ui=14(12) cb=12(13) | BOWL_O: ui=2.5 cb=3

[16:02:53  iter#88]
  UI: Chennai Super Kings 28-3 (5.5)  str=Dewald Brevis nstr=Ruturaj Gaikwad  bowl=Kagiso Rabada 2-16 (2.5)
  this_over=['.', '.', '1', '.', '1']  fow=3 (unk=0)  last_fow={'wicket': 3, 'batter': 'Sarfaraz Khan', 'score': 26, 'overs': '4.4', 'bowler': 'Mohammed Siraj', 'how': 'bowled', '_unwitnessed': False}
  delivery: len=short_of_length line=outside_off shot=in_the_air [layer2]
  extras: this_over=1 innings=0 [w1/nb0/b0/lb0]
  extras_log: [{'over': '0.5', 'type': 'wide', 'runs': 1, 'this_over_after': []}]
  CB: CSK 28-3 (6)  crr=4.67  ps=2(8)  recent=0 0 1 0 1 0
  CB BAT: Dewald Brevis* 1(4), Ruturaj Gaikwad 12(13)
  CB BOWL: Kagiso Rabada 2-16 (3)
  LAST WKT: Sarfaraz Khan  c Jos Buttler b Mohammed Siraj 0(1)  - 26/3 in 4.4 ov.
  ⚠ DIVERGENCE: OVERS: ui=5.5 cb=6 | BAT_brevis: ui=12(12) cb=1(4) | BAT_gaikwad: ui=14(12) cb=12(13) | BOWL_O: ui=2.5 cb=3

[16:03:15  iter#89]
  UI: Chennai Super Kings 28-3 (5.5)  str=Dewald Brevis nstr=Ruturaj Gaikwad  bowl=Kagiso Rabada 2-16 (2.5)
  this_over=['.', '.', '1', '.', '1']  fow=3 (unk=0)  last_fow={'wicket': 3, 'batter': 'Sarfaraz Khan', 'score': 26, 'overs': '4.4', 'bowler': 'Mohammed Siraj', 'how': 'bowled', '_unwitnessed': False}
  delivery: len=short_of_length line=outside_off shot=in_the_air [layer2]
  extras: this_over=1 innings=0 [w1/nb0/b0/lb0]
  extras_log: [{'over': '0.5', 'type': 'wide', 'runs': 1, 'this_over_after': []}]
  CB: CSK 28-3 (6)  crr=4.67  ps=2(8)  recent=...
  CB BAT: Dewald Brevis* 1(4), Ruturaj Gaikwad 12(13)
  CB BOWL: Kagiso Rabada 2-16 (3)
  LAST WKT: Sarfaraz Khan  c Jos Buttler b Mohammed Siraj 0(1)  - 26/3 in 4.4 ov.
  ⚠ DIVERGENCE: OVERS: ui=5.5 cb=6 | BAT_brevis: ui=12(12) cb=1(4) | BAT_gaikwad: ui=14(13) cb=12(13) | BOWL_O: ui=2.5 cb=3

[16:03:39  iter#90]
  WS ERR: ''
  CB: CSK 28-3 (6)  crr=4.67  ps=2(8)  recent=...
  CB BAT: Dewald Brevis* 1(4), Ruturaj Gaikwad 12(13)
  CB BOWL: Kagiso Rabada 2-16 (3)
  LAST WKT: Sarfaraz Khan  c Jos Buttler b Mohammed Siraj 0(1)  - 26/3 in 4.4 ov.
  ⚠ DIVERGENCE: BATTERS_MISSING_IN_UI: {'gaikwad', 'brevis'} (ui=set(), cb={'gaikwad', 'brevis'}) | BOWLER: ui=None cb=Kagiso Rabada

[16:04:02  iter#91]
  UI: Chennai Super Kings 28-3 (6.0)  str=Ruturaj Gaikwad nstr=Dewald Brevis  bowl=Manav Suthar 0-0 (0.0)
  this_over=['.', '.', '1', '.', '1', '.']  fow=3 (unk=0)  last_fow={'wicket': 3, 'batter': 'Sarfaraz Khan', 'score': 26, 'overs': '4.4', 'bowler': 'Mohammed Siraj', 'how': 'bowled', '_unwitnessed': False}
  delivery: len=short_of_length line=leg_stump shot=in_the_air [layer2]
  extras: this_over=1 innings=0 [w1/nb0/b0/lb0]
  extras_log: [{'over': '0.5', 'type': 'wide', 'runs': 1, 'this_over_after': []}]
  CB: CSK 29-3 (6.1)  crr=4.7  ps=3(9)  recent=1
  CB BAT: Ruturaj Gaikwad* 12(13), Dewald Brevis 2(5)
  CB BOWL: Kagiso Rabada 2-16 (3)
  LAST WKT: Sarfaraz Khan  c Jos Buttler b Mohammed Siraj 0(1)  - 26/3 in 4.4 ov.
  ⚠ DIVERGENCE: SCORE: ui=28 cb=29 | OVERS: ui=6.0 cb=6.1 | BAT_gaikwad: ui=14(13) cb=12(13) | BAT_brevis: ui=12(13) cb=2(5) | BOWLER: ui=Manav Suthar cb=Kagiso Rabada

[16:04:26  iter#92]
  UI: Chennai Super Kings 28-3 (6.0)  str=Ruturaj Gaikwad nstr=Dewald Brevis  bowl=Manav Suthar 0-0 (0)
  this_over=['.', '.', '1', '.', '1', '.']  fow=3 (unk=0)  last_fow={'wicket': 3, 'batter': 'Sarfaraz Khan', 'score': 26, 'overs': '4.4', 'bowler': 'Mohammed Siraj', 'how': 'bowled', '_unwitnessed': False}
  delivery: len=short_of_length line=leg_stump shot=in_the_air [layer2]
  extras: this_over=1 innings=0 [w1/nb0/b0/lb0]
  extras_log: [{'over': '0.5', 'type': 'wide', 'runs': 1, 'this_over_after': []}]
  CB: CSK 29-3 (6.2)  crr=4.58  ps=3(10)  recent=1 0
  CB BAT: Ruturaj Gaikwad* 12(14), Dewald Brevis 2(5)
  CB BOWL: Kagiso Rabada 2-16 (3)
  LAST WKT: Sarfaraz Khan  c Jos Buttler b Mohammed Siraj 0(1)  - 26/3 in 4.4 ov.
  ⚠ DIVERGENCE: SCORE: ui=28 cb=29 | OVERS: ui=6.0 cb=6.2 | BAT_gaikwad: ui=14(13) cb=12(14) | BAT_brevis: ui=12(13) cb=2(5) | BOWLER: ui=Manav Suthar cb=Kagiso Rabada

[16:04:48  iter#93]
  UI: Chennai Super Kings 29-3 (6.1)  str=Ruturaj Gaikwad nstr=Dewald Brevis  bowl=Manav Suthar 0-1 (0.1)
  this_over=['1']  fow=3 (unk=0)  last_fow={'wicket': 3, 'batter': 'Sarfaraz Khan', 'score': 26, 'overs': '4.4', 'bowler': 'Mohammed Siraj', 'how': 'bowled', '_unwitnessed': False}
  delivery: len=short_of_length line=outside_off shot=in_the_air [layer2]
  extras: this_over=1 innings=0 [w1/nb0/b0/lb0]
  extras_log: [{'over': '0.5', 'type': 'wide', 'runs': 1, 'this_over_after': []}]
  CB: CSK 30-3 (6.2)  crr=4.74  ps=4(10)  recent=1 0 W
  CB BAT: Ruturaj Gaikwad* 12(14), Dewald Brevis 2(5)
  CB BOWL: Kagiso Rabada 2-16 (3)
  LAST WKT: Sarfaraz Khan  c Jos Buttler b Mohammed Siraj 0(1)  - 26/3 in 4.4 ov.
  ⚠ DIVERGENCE: SCORE: ui=29 cb=30 | OVERS: ui=6.1 cb=6.2 | BAT_gaikwad: ui=14(13) cb=12(14) | BAT_brevis: ui=12(13) cb=2(5) | BOWLER: ui=Manav Suthar cb=Kagiso Rabada

[16:05:08  iter#94]
  UI: Chennai Super Kings 29-3 (6.2)  str=Ruturaj Gaikwad nstr=Dewald Brevis  bowl=Manav Suthar 0-1 (0.2)
  this_over=['1', '.']  fow=3 (unk=0)  last_fow={'wicket': 3, 'batter': 'Sarfaraz Khan', 'score': 26, 'overs': '4.4', 'bowler': 'Mohammed Siraj', 'how': 'bowled', '_unwitnessed': False}
  delivery: len=short_of_length line=outside_off shot=in_the_air [layer2]
  extras: this_over=1 innings=0 [w1/nb0/b0/lb0]
  extras_log: [{'over': '0.5', 'type': 'wide', 'runs': 1, 'this_over_after': []}]
  CB: CSK 30-3 (6.3)  crr=4.62  ps=4(11)  recent=1 0 W
  CB BAT: Ruturaj Gaikwad* 12(15), Dewald Brevis 2(5)
  CB BOWL: Kagiso Rabada 2-16 (3)
  LAST WKT: Sarfaraz Khan  c Jos Buttler b Mohammed Siraj 0(1)  - 26/3 in 4.4 ov.
  ⚠ DIVERGENCE: SCORE: ui=29 cb=30 | OVERS: ui=6.2 cb=6.3 | BAT_gaikwad: ui=14(14) cb=12(15) | BAT_brevis: ui=12(13) cb=2(5) | BOWLER: ui=Manav Suthar cb=Kagiso Rabada

[16:05:31  iter#95]
  UI: CSK 30-3 (6.3)  str=None nstr=Sarfaraz Khan  bowl=None None-None (None)
  this_over=['1', '.', '1', '.']  fow=0 (unk=0)  last_fow=None
  delivery: len=short_of_length line=leg_stump shot=in_the_air [layer2]
  extras: this_over=0 innings=None [w0/nb0/b0/lb0]
  CB: CSK 30-3 (6.4)  crr=4.5  ps=4(12)  recent=1 0 W
  CB BAT: Ruturaj Gaikwad* 12(16), Dewald Brevis 2(5)
  CB BOWL: Kagiso Rabada 2-16 (3)
  LAST WKT: Sarfaraz Khan  c Jos Buttler b Mohammed Siraj 0(1)  - 26/3 in 4.4 ov.
  ⚠ DIVERGENCE: OVERS: ui=6.3 cb=6.4 | BATTERS_MISSING_IN_UI: {'gaikwad', 'brevis'} (ui={'khan'}, cb={'gaikwad', 'brevis'}) | FOW_COUNT: ui=0 vs wickets=3 | BOWLER: ui=None cb=Kagiso Rabada

[16:05:53  iter#96]
  UI: Chennai Super Kings 30-3 (6.4)  str=Ruturaj Gaikwad nstr=Dewald Brevis  bowl=Manav Suthar 1-2 (0.4)
  this_over=['1', '.', 'Wd', '.', '.']  fow=3 (unk=0)  last_fow={'wicket': 3, 'batter': 'Sarfaraz Khan', 'score': 26, 'overs': '4.4', 'bowler': 'Mohammed Siraj', 'how': 'bowled', '_unwitnessed': False}
  delivery: len=short_of_length line=leg_stump shot=in_the_air [layer2]
  extras: this_over=2 innings=0 [w2/nb0/b0/lb0]
  extras_log: [{'over': '0.5', 'type': 'wide', 'runs': 1, 'this_over_after': []}, {'over': '6.2', 'type': 'wide', 'runs': 1, 'this_over_after': []}]
  CB: CSK 33-3 (7)  crr=4.71  ps=7(14)  recent=1 0 W
  CB BAT: Ruturaj Gaikwad* 15(18), Dewald Brevis 2(5)
  CB BOWL: Manav Suthar 0-5 (1)
  LAST WKT: Sarfaraz Khan  c Jos Buttler b Mohammed Siraj 0(1)  - 26/3 in 4.4 ov.
  ⚠ DIVERGENCE: SCORE: ui=30 cb=33 | OVERS: ui=6.4 cb=7 | BAT_gaikwad: ui=14(16) cb=15(18) | BAT_brevis: ui=12(13) cb=2(5) | BOWL_W: ui=1 cb=0 | BOWL_R: ui=2 cb=5 | BOWL_O: ui=0.4 cb=1

[16:06:16  iter#97]
  UI: CSK 32-3 (6.5)  str=None nstr=Sarfaraz Khan  bowl=None None-None (None)
  this_over=['1', '.', '1', 'Wd', '.', '2']  fow=0 (unk=0)  last_fow=None
  delivery: len=short_of_length line=outside_off shot=in_the_air [layer2]
  extras: this_over=0 innings=None [w0/nb0/b0/lb0]
  CB: CSK 32-3 (6.5)  crr=4.68  ps=6(13)  recent=1 0 W
  CB BAT: Ruturaj Gaikwad* 14(17), Dewald Brevis 2(5)
  CB BOWL: Kagiso Rabada 2-16 (3)
  LAST WKT: Sarfaraz Khan  c Jos Buttler b Mohammed Siraj 0(1)  - 26/3 in 4.4 ov.
  ⚠ DIVERGENCE: BATTERS_MISSING_IN_UI: {'gaikwad', 'brevis'} (ui={'khan'}, cb={'gaikwad', 'brevis'}) | FOW_COUNT: ui=0 vs wickets=3 | BOWLER: ui=None cb=Kagiso Rabada

[16:06:39  iter#98]
  UI: CSK 33-3 (7.0)  str=None nstr=Sarfaraz Khan  bowl=None None-None (None)
  this_over=['1', '.', '1', 'Wd', '.', '2', '1']  fow=0 (unk=0)  last_fow=None
  delivery: len=short_of_length line=leg_stump shot=in_the_air [layer2]
  extras: this_over=0 innings=None [w0/nb0/b0/lb0]
  CB: CSK 33-3 (7)  crr=4.71  ps=7(14)  recent=1 0 W
  CB BAT: Ruturaj Gaikwad* 15(18), Dewald Brevis 2(5)
  CB BOWL: Manav Suthar 0-5 (1)
  LAST WKT: Sarfaraz Khan  c Jos Buttler b Mohammed Siraj 0(1)  - 26/3 in 4.4 ov.
  ⚠ DIVERGENCE: OVERS: ui=7.0 cb=7 | BATTERS_MISSING_IN_UI: {'gaikwad', 'brevis'} (ui={'khan'}, cb={'gaikwad', 'brevis'}) | FOW_COUNT: ui=0 vs wickets=3 | BOWLER: ui=None cb=Manav Suthar

[16:07:03  iter#99]
  WS ERR: ''
  CB: CSK 33-3 (7)  crr=4.71  ps=7(14)  recent=...
  CB BAT: Ruturaj Gaikwad* 15(18), Dewald Brevis 2(5)
  CB BOWL: Manav Suthar 0-5 (1)
  LAST WKT: Sarfaraz Khan  c Jos Buttler b Mohammed Siraj 0(1)  - 26/3 in 4.4 ov.
  ⚠ DIVERGENCE: BATTERS_MISSING_IN_UI: {'gaikwad', 'brevis'} (ui=set(), cb={'gaikwad', 'brevis'}) | BOWLER: ui=None cb=Manav Suthar

[16:07:27  iter#100]
  UI: Chennai Super Kings 33-3 (7.0)  str=Dewald Brevis nstr=Ruturaj Gaikwad  bowl=Manav Suthar 1-5 (1)
  this_over=['1', '.', '1', 'Wd', '.', '2', '1']  fow=3 (unk=0)  last_fow={'wicket': 3, 'batter': 'Sarfaraz Khan', 'score': 26, 'overs': '4.4', 'bowler': 'Mohammed Siraj', 'how': 'bowled', '_unwitnessed': False}
  delivery: len=short_of_length line=leg_stump shot=in_the_air [layer2]
  extras: this_over=2 innings=0 [w2/nb0/b0/lb0]
  extras_log: [{'over': '0.5', 'type': 'wide', 'runs': 1, 'this_over_after': []}, {'over': '6.2', 'type': 'wide', 'runs': 1, 'this_over_after': []}]
  CB: CSK 33-3 (7)  crr=4.71  ps=7(14)  recent=...
  CB BAT: Ruturaj Gaikwad* 15(18), Dewald Brevis 2(5)
  CB BOWL: Manav Suthar 0-5 (1)
  LAST WKT: Sarfaraz Khan  c Jos Buttler b Mohammed Siraj 0(1)  - 26/3 in 4.4 ov.
  ⚠ DIVERGENCE: OVERS: ui=7.0 cb=7 | STRIKER: ui=Dewald Brevis cb=Ruturaj Gaikwad | BAT_brevis: ui=12(13) cb=2(5) | BOWL_W: ui=1 cb=0

[16:07:51  iter#101]
  UI: Chennai Super Kings 33-3 (7.0)  str=Dewald Brevis nstr=Ruturaj Gaikwad  bowl=Manav Suthar 1-5 (1)
  this_over=['1', '.', '1', 'Wd', '.', '2', '1']  fow=3 (unk=0)  last_fow={'wicket': 3, 'batter': 'Sarfaraz Khan', 'score': 26, 'overs': '4.4', 'bowler': 'Mohammed Siraj', 'how': 'bowled', '_unwitnessed': False}
  delivery: len=short_of_length line=leg_stump shot=in_the_air [layer2]
  extras: this_over=2 innings=0 [w2/nb0/b0/lb0]
  extras_log: [{'over': '0.5', 'type': 'wide', 'runs': 1, 'this_over_after': []}, {'over': '6.2', 'type': 'wide', 'runs': 1, 'this_over_after': []}]
  CB: CSK 33-3 (7)  crr=4.71  ps=7(14)  recent=...
  CB BAT: Ruturaj Gaikwad* 15(18), Dewald Brevis 2(5)
  CB BOWL: Manav Suthar 0-5 (1)
  LAST WKT: Sarfaraz Khan  c Jos Buttler b Mohammed Siraj 0(1)  - 26/3 in 4.4 ov.
  ⚠ DIVERGENCE: OVERS: ui=7.0 cb=7 | STRIKER: ui=Dewald Brevis cb=Ruturaj Gaikwad | BAT_brevis: ui=12(13) cb=2(5) | BOWL_W: ui=1 cb=0

[16:08:15  iter#102]
  UI: Chennai Super Kings 33-3 (7.0)  str=Dewald Brevis nstr=Ruturaj Gaikwad  bowl=Jason Holder 0-0 (0)
  this_over=['1', '.', '1', 'Wd', '.', '2', '1']  fow=3 (unk=0)  last_fow={'wicket': 3, 'batter': 'Sarfaraz Khan', 'score': 26, 'overs': '4.4', 'bowler': 'Mohammed Siraj', 'how': 'bowled', '_unwitnessed': False}
  delivery: len=short_of_length line=leg_stump shot=in_the_air [layer2]
  extras: this_over=2 innings=0 [w2/nb0/b0/lb0]
  extras_log: [{'over': '0.5', 'type': 'wide', 'runs': 1, 'this_over_after': []}, {'over': '6.2', 'type': 'wide', 'runs': 1, 'this_over_after': []}]
  CB: CSK 34-3 (7.1)  crr=4.74  ps=8(15)  recent=1
  CB BAT: Dewald Brevis* 2(5), Ruturaj Gaikwad 16(19)
  CB BOWL: Manav Suthar 0-5 (1)
  LAST WKT: Sarfaraz Khan  c Jos Buttler b Mohammed Siraj 0(1)  - 26/3 in 4.4 ov.
  ⚠ DIVERGENCE: SCORE: ui=33 cb=34 | OVERS: ui=7.0 cb=7.1 | BAT_brevis: ui=12(13) cb=2(5) | BAT_gaikwad: ui=15(18) cb=16(19) | BOWLER: ui=Jason Holder cb=Manav Suthar

[16:08:38  iter#103]
  UI: Chennai Super Kings 34-3 (7.1)  str=Ruturaj Gaikwad nstr=Ruturaj Gaikwad  bowl=Jason Holder 1-1 (0.1)
  this_over=['1']  fow=3 (unk=0)  last_fow={'wicket': 3, 'batter': 'Sarfaraz Khan', 'score': 26, 'overs': '4.4', 'bowler': 'Mohammed Siraj', 'how': 'bowled', '_unwitnessed': False}
  delivery: len=short_of_length line=leg_stump shot=in_the_air [layer2]
  extras: this_over=2 innings=0 [w2/nb0/b0/lb0]
  extras_log: [{'over': '0.5', 'type': 'wide', 'runs': 1, 'this_over_after': []}, {'over': '6.2', 'type': 'wide', 'runs': 1, 'this_over_after': []}]
  CB: CSK 34-3 (7.2)  crr=4.64  ps=8(16)  recent=1 0
  CB BAT: Dewald Brevis* 2(6), Ruturaj Gaikwad 16(19)
  CB BOWL: Manav Suthar 0-5 (1)
  LAST WKT: Sarfaraz Khan  c Jos Buttler b Mohammed Siraj 0(1)  - 26/3 in 4.4 ov.
  ⚠ DIVERGENCE: OVERS: ui=7.1 cb=7.2 | STRIKER: ui=Ruturaj Gaikwad cb=Dewald Brevis | BATTERS_MISSING_IN_UI: {'brevis'} (ui={'gaikwad'}, cb={'gaikwad', 'brevis'}) | BAT_brevis: ui=12(13) cb=2(6) | BOWLER: ui=Jason Holder cb=Manav Suthar

[16:08:59  iter#104]
  UI: Chennai Super Kings 34-3 (7.1)  str=Ruturaj Gaikwad nstr=Ruturaj Gaikwad  bowl=Jason Holder 1-1 (0.1)
  this_over=['1']  fow=3 (unk=0)  last_fow={'wicket': 3, 'batter': 'Sarfaraz Khan', 'score': 26, 'overs': '4.4', 'bowler': 'Mohammed Siraj', 'how': 'bowled', '_unwitnessed': False}
  delivery: len=short_of_length line=outside_off shot=in_the_air [layer2]
  extras: this_over=2 innings=0 [w2/nb0/b0/lb0]
  extras_log: [{'over': '0.5', 'type': 'wide', 'runs': 1, 'this_over_after': []}, {'over': '6.2', 'type': 'wide', 'runs': 1, 'this_over_after': []}]
  CB: CSK 34-3 (7.2)  crr=4.64  ps=8(16)  recent=1 0
  CB BAT: Dewald Brevis* 2(6), Ruturaj Gaikwad 16(19)
  CB BOWL: Manav Suthar 0-5 (1)
  LAST WKT: Sarfaraz Khan  c Jos Buttler b Mohammed Siraj 0(1)  - 26/3 in 4.4 ov.
  ⚠ DIVERGENCE: OVERS: ui=7.1 cb=7.2 | STRIKER: ui=Ruturaj Gaikwad cb=Dewald Brevis | BATTERS_MISSING_IN_UI: {'brevis'} (ui={'gaikwad'}, cb={'gaikwad', 'brevis'}) | BAT_brevis: ui=12(13) cb=2(6) | BOWLER: ui=Jason Holder cb=Manav Suthar

[16:09:21  iter#105]
  UI: Chennai Super Kings 34-3 (7.1)  str=Ruturaj Gaikwad nstr=Ruturaj Gaikwad  bowl=Jason Holder 1-1 (0.1)
  this_over=['1']  fow=3 (unk=0)  last_fow={'wicket': 3, 'batter': 'Sarfaraz Khan', 'score': 26, 'overs': '4.4', 'bowler': 'Mohammed Siraj', 'how': 'bowled', '_unwitnessed': False}
  delivery: len=short_of_length line=outside_off shot=in_the_air [layer2]
  extras: this_over=2 innings=0 [w2/nb0/b0/lb0]
  extras_log: [{'over': '0.5', 'type': 'wide', 'runs': 1, 'this_over_after': []}, {'over': '6.2', 'type': 'wide', 'runs': 1, 'this_over_after': []}]
  CB: CSK 34-3 (7.3)  crr=4.53  ps=8(17)  recent=1 0 0
  CB BAT: Dewald Brevis* 2(7), Ruturaj Gaikwad 16(19)
  CB BOWL: Manav Suthar 0-5 (1)
  LAST WKT: Sarfaraz Khan  c Jos Buttler b Mohammed Siraj 0(1)  - 26/3 in 4.4 ov.
  ⚠ DIVERGENCE: OVERS: ui=7.1 cb=7.3 | STRIKER: ui=Ruturaj Gaikwad cb=Dewald Brevis | BATTERS_MISSING_IN_UI: {'brevis'} (ui={'gaikwad'}, cb={'gaikwad', 'brevis'}) | BAT_brevis: ui=12(13) cb=2(7) | BOWLER: ui=Jason Holder cb=Manav Suthar

[16:09:43  iter#106]
  UI: Chennai Super Kings 34-3 (7.2)  str=Ruturaj Gaikwad nstr=Ruturaj Gaikwad  bowl=Jason Holder 1-6 (0.1)
  this_over=['1', '.']  fow=3 (unk=0)  last_fow={'wicket': 3, 'batter': 'Sarfaraz Khan', 'score': 26, 'overs': '4.4', 'bowler': 'Mohammed Siraj', 'how': 'bowled', '_unwitnessed': False}
  delivery: len=short_of_length line=outside_off shot=in_the_air [layer2]
  extras: this_over=2 innings=0 [w2/nb0/b0/lb0]
  extras_log: [{'over': '0.5', 'type': 'wide', 'runs': 1, 'this_over_after': []}, {'over': '6.2', 'type': 'wide', 'runs': 1, 'this_over_after': []}]
  CB: CSK 34-3 (7.3)  crr=4.53  ps=8(17)  recent=1 0 0
  CB BAT: Dewald Brevis* 2(7), Ruturaj Gaikwad 16(19)
  CB BOWL: Manav Suthar 0-5 (1)
  LAST WKT: Sarfaraz Khan  c Jos Buttler b Mohammed Siraj 0(1)  - 26/3 in 4.4 ov.
  ⚠ DIVERGENCE: OVERS: ui=7.2 cb=7.3 | STRIKER: ui=Ruturaj Gaikwad cb=Dewald Brevis | BATTERS_MISSING_IN_UI: {'brevis'} (ui={'gaikwad'}, cb={'gaikwad', 'brevis'}) | BAT_brevis: ui=12(13) cb=2(7) | BOWLER: ui=Jason Holder cb=Manav Suthar

[16:10:09  iter#107]
  WS ERR: ''
  CB: CSK 34-3 (7.3)  crr=4.53  ps=8(17)  recent=... 1 0
  CB BAT: Dewald Brevis* 2(7), Ruturaj Gaikwad 16(19)
  CB BOWL: Manav Suthar 0-5 (1)
  LAST WKT: Sarfaraz Khan  c Jos Buttler b Mohammed Siraj 0(1)  - 26/3 in 4.4 ov.
  ⚠ DIVERGENCE: BATTERS_MISSING_IN_UI: {'gaikwad', 'brevis'} (ui=set(), cb={'gaikwad', 'brevis'}) | BOWLER: ui=None cb=Manav Suthar

[16:10:31  iter#108]
  UI: Chennai Super Kings 34-3 (7.3)  str=Ruturaj Gaikwad nstr=Ruturaj Gaikwad  bowl=Jason Holder 1-6 (0.3)
  this_over=['1', '.', '.']  fow=3 (unk=0)  last_fow={'wicket': 3, 'batter': 'Sarfaraz Khan', 'score': 26, 'overs': '4.4', 'bowler': 'Mohammed Siraj', 'how': 'bowled', '_unwitnessed': False}
  delivery: len=short_of_length line=leg_stump shot=in_the_air [layer2]
  extras: this_over=2 innings=0 [w2/nb0/b0/lb0]
  extras_log: [{'over': '0.5', 'type': 'wide', 'runs': 1, 'this_over_after': []}, {'over': '6.2', 'type': 'wide', 'runs': 1, 'this_over_after': []}]
  CB: CSK 34-3 (7.3)  crr=4.53  ps=8(17)  recent=... 1 0
  CB BAT: Dewald Brevis* 2(7), Ruturaj Gaikwad 16(19)
  CB BOWL: Manav Suthar 0-5 (1)
  LAST WKT: Sarfaraz Khan  c Jos Buttler b Mohammed Siraj 0(1)  - 26/3 in 4.4 ov.
  ⚠ DIVERGENCE: STRIKER: ui=Ruturaj Gaikwad cb=Dewald Brevis | BATTERS_MISSING_IN_UI: {'brevis'} (ui={'gaikwad'}, cb={'gaikwad', 'brevis'}) | BAT_brevis: ui=12(13) cb=2(7) | BOWLER: ui=Jason Holder cb=Manav Suthar

[16:10:53  iter#109]
  UI: Chennai Super Kings 34-3 (7.3)  str=Ruturaj Gaikwad nstr=Ruturaj Gaikwad  bowl=Jason Holder 1-6 (0.3)
  this_over=['1', '.', '.']  fow=3 (unk=0)  last_fow={'wicket': 3, 'batter': 'Sarfaraz Khan', 'score': 26, 'overs': '4.4', 'bowler': 'Mohammed Siraj', 'how': 'bowled', '_unwitnessed': False}
  delivery: len=short_of_length line=leg_stump shot=in_the_air [layer2]
  extras: this_over=2 innings=0 [w2/nb0/b0/lb0]
  extras_log: [{'over': '0.5', 'type': 'wide', 'runs': 1, 'this_over_after': []}, {'over': '6.2', 'type': 'wide', 'runs': 1, 'this_over_after': []}]
  CB: CSK 34-3 (7.3)  crr=4.53  ps=8(17)  recent=... 1 0
  CB BAT: Dewald Brevis* 2(7), Ruturaj Gaikwad 16(19)
  CB BOWL: Manav Suthar 0-5 (1)
  LAST WKT: Sarfaraz Khan  c Jos Buttler b Mohammed Siraj 0(1)  - 26/3 in 4.4 ov.
  ⚠ DIVERGENCE: STRIKER: ui=Ruturaj Gaikwad cb=Dewald Brevis | BATTERS_MISSING_IN_UI: {'brevis'} (ui={'gaikwad'}, cb={'gaikwad', 'brevis'}) | BAT_brevis: ui=12(13) cb=2(7) | BOWLER: ui=Jason Holder cb=Manav Suthar

[16:11:15  iter#110]
  UI: Chennai Super Kings 34-3 (7.3)  str=Ruturaj Gaikwad nstr=Ruturaj Gaikwad  bowl=Jason Holder 1-6 (0.3)
  this_over=['1', '.', '.']  fow=3 (unk=0)  last_fow={'wicket': 3, 'batter': 'Sarfaraz Khan', 'score': 26, 'overs': '4.4', 'bowler': 'Mohammed Siraj', 'how': 'bowled', '_unwitnessed': False}
  delivery: len=short_of_length line=leg_stump shot=in_the_air [layer2]
  extras: this_over=2 innings=0 [w2/nb0/b0/lb0]
  extras_log: [{'over': '0.5', 'type': 'wide', 'runs': 1, 'this_over_after': []}, {'over': '6.2', 'type': 'wide', 'runs': 1, 'this_over_after': []}]
  CB: CSK 35-3 (7.5)  crr=4.47  ps=9(19)  recent=1 0 0
  CB BAT: Ruturaj Gaikwad* 16(20), Dewald Brevis 2(8)
  CB BOWL: Manav Suthar 0-5 (1)
  LAST WKT: Sarfaraz Khan  c Jos Buttler b Mohammed Siraj 0(1)  - 26/3 in 4.4 ov.
  ⚠ DIVERGENCE: SCORE: ui=34 cb=35 | OVERS: ui=7.3 cb=7.5 | BATTERS_MISSING_IN_UI: {'brevis'} (ui={'gaikwad'}, cb={'gaikwad', 'brevis'}) | BAT_gaikwad: ui=16(19) cb=16(20) | BAT_brevis: ui=12(13) cb=2(8) | BOWLER: ui=Jason Holder cb=Manav Suthar

[16:11:38  iter#111]
  UI: Chennai Super Kings 34-3 (7.3)  str=Ruturaj Gaikwad nstr=Ruturaj Gaikwad  bowl=Jason Holder 1-6 (0.3)
  this_over=['1', '.', '.']  fow=3 (unk=0)  last_fow={'wicket': 3, 'batter': 'Sarfaraz Khan', 'score': 26, 'overs': '4.4', 'bowler': 'Mohammed Siraj', 'how': 'bowled', '_unwitnessed': False}
  delivery: len=short_of_length line=leg_stump shot=in_the_air [layer2]
  extras: this_over=2 innings=0 [w2/nb0/b0/lb0]
  extras_log: [{'over': '0.5', 'type': 'wide', 'runs': 1, 'this_over_after': []}, {'over': '6.2', 'type': 'wide', 'runs': 1, 'this_over_after': []}]
  CB: CSK 35-3 (7.5)  crr=4.47  ps=9(19)  recent=1 0 0
  CB BAT: Ruturaj Gaikwad* 16(20), Dewald Brevis 2(8)
  CB BOWL: Manav Suthar 0-5 (1)
  LAST WKT: Sarfaraz Khan  c Jos Buttler b Mohammed Siraj 0(1)  - 26/3 in 4.4 ov.
  ⚠ DIVERGENCE: SCORE: ui=34 cb=35 | OVERS: ui=7.3 cb=7.5 | BATTERS_MISSING_IN_UI: {'brevis'} (ui={'gaikwad'}, cb={'gaikwad', 'brevis'}) | BAT_gaikwad: ui=16(19) cb=16(20) | BAT_brevis: ui=12(13) cb=2(8) | BOWLER: ui=Jason Holder cb=Manav Suthar

[16:12:01  iter#112]
  UI: Chennai Super Kings 35-3 (7.4)  str=Dewald Brevis nstr=Ruturaj Gaikwad  bowl=Jason Holder 1-6 (0.4)
  this_over=['1', '.', '.', '1']  fow=3 (unk=0)  last_fow={'wicket': 3, 'batter': 'Sarfaraz Khan', 'score': 26, 'overs': '4.4', 'bowler': 'Mohammed Siraj', 'how': 'bowled', '_unwitnessed': False}
  delivery: len=short_of_length line=leg_stump shot=in_the_air [layer2]
  extras: this_over=2 innings=0 [w2/nb0/b0/lb0]
  extras_log: [{'over': '0.5', 'type': 'wide', 'runs': 1, 'this_over_after': []}, {'over': '6.2', 'type': 'wide', 'runs': 1, 'this_over_after': []}]
  CB: CSK 36-3 (8)  crr=4.5  ps=10(20)  recent=1 0 0
  CB BAT: Ruturaj Gaikwad* 17(21), Dewald Brevis 2(8)
  CB BOWL: Jason Holder 0-2 (1)
  LAST WKT: Sarfaraz Khan  c Jos Buttler b Mohammed Siraj 0(1)  - 26/3 in 4.4 ov.
  ⚠ DIVERGENCE: SCORE: ui=35 cb=36 | OVERS: ui=7.4 cb=8 | STRIKER: ui=Dewald Brevis cb=Ruturaj Gaikwad | BAT_gaikwad: ui=16(19) cb=17(21) | BAT_brevis: ui=12(13) cb=2(8) | BOWL_W: ui=1 cb=0 | BOWL_R: ui=6 cb=2 | BOWL_O: ui=0.4 cb=1

[16:12:26  iter#113]
  WS ERR: ''
  CB: CSK 36-3 (8)  crr=4.5  ps=10(20)  recent=1 0 0
  CB BAT: Ruturaj Gaikwad* 17(21), Dewald Brevis 2(8)
  CB BOWL: Jason Holder 0-2 (1)
  LAST WKT: Sarfaraz Khan  c Jos Buttler b Mohammed Siraj 0(1)  - 26/3 in 4.4 ov.
  ⚠ DIVERGENCE: BATTERS_MISSING_IN_UI: {'gaikwad', 'brevis'} (ui=set(), cb={'gaikwad', 'brevis'}) | BOWLER: ui=None cb=Jason Holder

[16:12:54  iter#114]
  WS ERR: ''
  CB: CSK 36-3 (8)  crr=4.5  ps=10(20)  recent=1 0 0
  CB BAT: Ruturaj Gaikwad* 17(21), Dewald Brevis 2(8)
  CB BOWL: Jason Holder 0-2 (1)
  LAST WKT: Sarfaraz Khan  c Jos Buttler b Mohammed Siraj 0(1)  - 26/3 in 4.4 ov.
  ⚠ DIVERGENCE: BATTERS_MISSING_IN_UI: {'gaikwad', 'brevis'} (ui=set(), cb={'gaikwad', 'brevis'}) | BOWLER: ui=None cb=Jason Holder

[16:13:24  iter#115]
  WS ERR: ''
  CB: CSK 37-3 (8.1)  crr=4.53  ps=11(21)  recent=1
  CB BAT: Dewald Brevis* 2(8), Ruturaj Gaikwad 18(22)
  CB BOWL: Jason Holder 0-2 (1)
  LAST WKT: Sarfaraz Khan  c Jos Buttler b Mohammed Siraj 0(1)  - 26/3 in 4.4 ov.
  ⚠ DIVERGENCE: BATTERS_MISSING_IN_UI: {'gaikwad', 'brevis'} (ui=set(), cb={'gaikwad', 'brevis'}) | BOWLER: ui=None cb=Jason Holder

[16:13:52  iter#116]
  WS ERR: 'timed out during opening handshake'
  CB: CSK 37-3 (8.1)  crr=4.53  ps=11(21)  recent=1
  CB BAT: Dewald Brevis* 2(8), Ruturaj Gaikwad 18(22)
  CB BOWL: Jason Holder 0-2 (1)
  LAST WKT: Sarfaraz Khan  c Jos Buttler b Mohammed Siraj 0(1)  - 26/3 in 4.4 ov.
  ⚠ DIVERGENCE: BATTERS_MISSING_IN_UI: {'gaikwad', 'brevis'} (ui=set(), cb={'gaikwad', 'brevis'}) | BOWLER: ui=None cb=Jason Holder

[16:14:20  iter#117]
  WS ERR: 'timed out during opening handshake'
  CB: CSK 37-4 (8.2)  crr=4.44  ps=11(22)  recent=1 W
  CB BAT: Ruturaj Gaikwad* 18(22), Jason Holder 1(0)
  CB BOWL: Jason Holder 0-2 (1)
  LAST WKT: Dewald Brevis  c Shubman Gill b Manav Suthar 2(9)  - 37/4 in 8.2 ov.
  ⚠ DIVERGENCE: BATTERS_MISSING_IN_UI: {'gaikwad', 'holder'} (ui=set(), cb={'gaikwad', 'holder'}) | BOWLER: ui=None cb=Jason Holder

[16:14:48  iter#118]
  UI: CSK 37-4 (8.2)  str=Sarfaraz Khan nstr=None  bowl=None None-None (None)
  this_over=['1', 'W']  fow=0 (unk=0)  last_fow=None
  delivery: len=short_of_length line=outside_off shot=in_the_air [layer2]
  extras: this_over=0 innings=None [w0/nb0/b0/lb0]
  CB: CSK 37-4 (8.2)  crr=4.44  ps=11(22)  recent=1 W
  CB BAT: Ruturaj Gaikwad* 18(22), Jason Holder 1(0)
  CB BOWL: Jason Holder 0-2 (1)
  LAST WKT: Dewald Brevis  c Shubman Gill b Manav Suthar 2(9)  - 37/4 in 8.2 ov.
  ⚠ DIVERGENCE: STRIKER: ui=Sarfaraz Khan cb=Ruturaj Gaikwad | BATTERS_MISSING_IN_UI: {'gaikwad', 'holder'} (ui={'khan'}, cb={'gaikwad', 'holder'}) | FOW_COUNT: ui=0 vs wickets=4 | BOWLER: ui=None cb=Jason Holder

[16:15:28  iter#119]
  WS ERR: ''
  CB: CSK 37-4 (8.2)  crr=4.44  ps=11(22)  recent=1 W
  CB BAT: Ruturaj Gaikwad* 18(22), Jason Holder 1(0)
  CB BOWL: Jason Holder 0-2 (1)
  LAST WKT: Dewald Brevis  c Shubman Gill b Manav Suthar 2(9)  - 37/4 in 8.2 ov.
  ⚠ DIVERGENCE: BATTERS_MISSING_IN_UI: {'gaikwad', 'holder'} (ui=set(), cb={'gaikwad', 'holder'}) | BOWLER: ui=None cb=Jason Holder

[16:15:52  iter#120]
  UI: Chennai Super Kings 37-4 (8.2)  str=Ruturaj Gaikwad nstr=Dewald Brevis  bowl=Manav Suthar 1-6 (1.2)
  this_over=['1', 'W']  fow=4 (unk=1)  last_fow={'wicket': 4, 'batter': None, 'score': None, 'overs': None, 'bowler': None, 'how': None, '_unwitnessed': True}
  delivery: len=short_of_length line=outside_off shot=in_the_air [layer2]
  extras: this_over=2 innings=0 [w2/nb0/b0/lb0]
  extras_log: [{'over': '0.5', 'type': 'wide', 'runs': 1, 'this_over_after': []}, {'over': '6.2', 'type': 'wide', 'runs': 1, 'this_over_after': []}]
  CB: CSK 37-4 (8.2)  crr=4.44  ps=11(22)  recent=... 0 0 2 1
  CB BAT: Ruturaj Gaikwad* 18(22), Jason Holder 1(0)
  CB BOWL: Jason Holder 0-2 (1)
  LAST WKT: Dewald Brevis  c Shubman Gill b Manav Suthar 2(9)  - 37/4 in 8.2 ov.
  ⚠ DIVERGENCE: BATTERS_MISSING_IN_UI: {'holder'} (ui={'gaikwad', 'brevis'}, cb={'gaikwad', 'holder'}) | FOW_UNKNOWN: 1 placeholder(s) awaiting broadcast upgrade | BOWLER: ui=Manav Suthar cb=Jason Holder

[16:16:17  iter#121]
  WS ERR: ''
  CB: CSK 37-4 (8.2)  crr=4.44  ps=11(22)  recent=... 0 0 2 1
  CB BAT: Ruturaj Gaikwad* 18(22), Jason Holder 1(0)
  CB BOWL: Jason Holder 0-2 (1)
  LAST WKT: Dewald Brevis  c Shubman Gill b Manav Suthar 2(9)  - 37/4 in 8.2 ov.
  ⚠ DIVERGENCE: BATTERS_MISSING_IN_UI: {'gaikwad', 'holder'} (ui=set(), cb={'gaikwad', 'holder'}) | BOWLER: ui=None cb=Jason Holder

[16:16:39  iter#122]
  UI: Chennai Super Kings 37-4 (8.2)  str=Ruturaj Gaikwad nstr=Dewald Brevis  bowl=Manav Suthar 1-6 (1.2)
  this_over=['1', 'W']  fow=4 (unk=1)  last_fow={'wicket': 4, 'batter': None, 'score': None, 'overs': None, 'bowler': None, 'how': None, '_unwitnessed': True}
  delivery: len=short_of_length line=outside_off shot=in_the_air [layer2]
  extras: this_over=2 innings=0 [w2/nb0/b0/lb0]
  extras_log: [{'over': '0.5', 'type': 'wide', 'runs': 1, 'this_over_after': []}, {'over': '6.2', 'type': 'wide', 'runs': 1, 'this_over_after': []}]
  CB: CSK 37-4 (8.2)  crr=4.44  ps=11(22)  recent=... 0 0 2 1
  CB BAT: Ruturaj Gaikwad* 18(22), Jason Holder 1(0)
  CB BOWL: Jason Holder 0-2 (1)
  LAST WKT: Dewald Brevis  c Shubman Gill b Manav Suthar 2(9)  - 37/4 in 8.2 ov.
  ⚠ DIVERGENCE: BATTERS_MISSING_IN_UI: {'holder'} (ui={'gaikwad', 'brevis'}, cb={'gaikwad', 'holder'}) | FOW_UNKNOWN: 1 placeholder(s) awaiting broadcast upgrade | BOWLER: ui=Manav Suthar cb=Jason Holder

[16:17:03  iter#123]
  UI: Chennai Super Kings 37-4 (8.2)  str=Ruturaj Gaikwad nstr=Dewald Brevis  bowl=Manav Suthar 1-6 (1.2)
  this_over=['1', 'W']  fow=4 (unk=1)  last_fow={'wicket': 4, 'batter': None, 'score': None, 'overs': None, 'bowler': None, 'how': None, '_unwitnessed': True}
  delivery: len=short_of_length line=outside_off shot=in_the_air [layer2]
  extras: this_over=2 innings=0 [w2/nb0/b0/lb0]
  extras_log: [{'over': '0.5', 'type': 'wide', 'runs': 1, 'this_over_after': []}, {'over': '6.2', 'type': 'wide', 'runs': 1, 'this_over_after': []}]
  CB: CSK 37-4 (8.2)  crr=4.44  ps=0(0)  recent=... 0 0 2 1
  CB BAT: Shivam Dube* 0(0), Ruturaj Gaikwad 18(22)
  CB BOWL: Jason Holder 0-2 (1)
  LAST WKT: Dewald Brevis  c Shubman Gill b Manav Suthar 2(9)  - 37/4 in 8.2 ov.
  ⚠ DIVERGENCE: STRIKER: ui=Ruturaj Gaikwad cb=Shivam Dube | BATTERS_MISSING_IN_UI: {'dube'} (ui={'gaikwad', 'brevis'}, cb={'gaikwad', 'dube'}) | FOW_UNKNOWN: 1 placeholder(s) awaiting broadcast upgrade | BOWLER: ui=Manav Suthar cb=Jason Holder

[16:17:28  iter#124]
  WS ERR: ''
  CB: CSK 37-4 (8.2)  crr=4.44  ps=0(0)  recent=... 0 0 2 1
  CB BAT: Shivam Dube* 0(0), Ruturaj Gaikwad 18(22)
  CB BOWL: Jason Holder 0-2 (1)
  LAST WKT: Dewald Brevis  c Shubman Gill b Manav Suthar 2(9)  - 37/4 in 8.2 ov.
  ⚠ DIVERGENCE: BATTERS_MISSING_IN_UI: {'gaikwad', 'dube'} (ui=set(), cb={'gaikwad', 'dube'}) | BOWLER: ui=None cb=Jason Holder

[16:17:52  iter#125]
  UI: Chennai Super Kings 37-4 (8.2)  str=Ruturaj Gaikwad nstr=Dewald Brevis  bowl=Manav Suthar 1-6 (1.2)
  this_over=['1', 'W']  fow=4 (unk=1)  last_fow={'wicket': 4, 'batter': None, 'score': None, 'overs': None, 'bowler': None, 'how': None, '_unwitnessed': True}
  delivery: len=short_of_length line=outside_off shot=in_the_air [layer2]
  extras: this_over=2 innings=0 [w2/nb0/b0/lb0]
  extras_log: [{'over': '0.5', 'type': 'wide', 'runs': 1, 'this_over_after': []}, {'over': '6.2', 'type': 'wide', 'runs': 1, 'this_over_after': []}]
  CB: CSK 37-4 (8.3)  crr=4.35  ps=0(1)  recent=1 W 0
  CB BAT: Shivam Dube* 0(1), Ruturaj Gaikwad 18(22)
  CB BOWL: Jason Holder 0-2 (1)
  LAST WKT: Dewald Brevis  c Shubman Gill b Manav Suthar 2(9)  - 37/4 in 8.2 ov.
  ⚠ DIVERGENCE: OVERS: ui=8.2 cb=8.3 | STRIKER: ui=Ruturaj Gaikwad cb=Shivam Dube | BATTERS_MISSING_IN_UI: {'dube'} (ui={'gaikwad', 'brevis'}, cb={'gaikwad', 'dube'}) | FOW_UNKNOWN: 1 placeholder(s) awaiting broadcast upgrade | BOWLER: ui=Manav Suthar cb=Jason Holder

[16:18:18  iter#126]
  WS ERR: 'timed out during opening handshake'
  CB: CSK 38-4 (8.4)  crr=4.38  ps=1(2)  recent=1 W 0 1
  CB BAT: Ruturaj Gaikwad* 18(22), Shivam Dube 1(2)
  CB BOWL: Jason Holder 0-2 (1)
  LAST WKT: Dewald Brevis  c Shubman Gill b Manav Suthar 2(9)  - 37/4 in 8.2 ov.
  ⚠ DIVERGENCE: BATTERS_MISSING_IN_UI: {'gaikwad', 'dube'} (ui=set(), cb={'gaikwad', 'dube'}) | BOWLER: ui=None cb=Jason Holder

[16:18:46  iter#127]
  WS ERR: ''
  CB: CSK 38-4 (8.5)  crr=4.3  ps=1(3)  recent=1 W 0 1 0
  CB BAT: Ruturaj Gaikwad* 18(23), Shivam Dube 1(2)
  CB BOWL: Jason Holder 0-2 (1)
  LAST WKT: Dewald Brevis  c Shubman Gill b Manav Suthar 2(9)  - 37/4 in 8.2 ov.
  ⚠ DIVERGENCE: BATTERS_MISSING_IN_UI: {'gaikwad', 'dube'} (ui=set(), cb={'gaikwad', 'dube'}) | BOWLER: ui=None cb=Jason Holder

[16:19:11  iter#128]
  WS ERR: ''
  CB: CSK 38-4 (9)  crr=4.22  ps=1(4)  recent=1 W 0 1 0 0
  CB BAT: Shivam Dube* 1(2), Ruturaj Gaikwad 18(24)
  CB BOWL: Manav Suthar 1-7 (2)
  LAST WKT: Dewald Brevis  c Shubman Gill b Manav Suthar 2(9)  - 37/4 in 8.2 ov.
  ⚠ DIVERGENCE: BATTERS_MISSING_IN_UI: {'gaikwad', 'dube'} (ui=set(), cb={'gaikwad', 'dube'}) | BOWLER: ui=None cb=Manav Suthar

[16:19:39  iter#129]
  UI: Chennai Super Kings 38-4 (8.5)  str=Ruturaj Gaikwad nstr=Shivam Dube  bowl=Manav Suthar 1-7 (1.5)
  this_over=['1', 'W', '.', '1', '.']  fow=4 (unk=0)  last_fow={'wicket': 4, 'batter': 'Dewald Brevis', 'score': 37, 'overs': '8.2', 'bowler': 'Manav Suthar', 'how': None, '_unwitnessed': False}
  delivery: len=short_of_length line=outside_off shot=in_the_air [layer2]
  extras: this_over=2 innings=0 [w2/nb0/b0/lb0]
  extras_log: [{'over': '0.5', 'type': 'wide', 'runs': 1, 'this_over_after': []}, {'over': '6.2', 'type': 'wide', 'runs': 1, 'this_over_after': []}]
  CB: CSK 38-4 (9)  crr=4.22  ps=1(4)  recent=1 W 0 1 0 0
  CB BAT: Shivam Dube* 1(2), Ruturaj Gaikwad 18(24)
  CB BOWL: Manav Suthar 1-7 (2)
  LAST WKT: Dewald Brevis  c Shubman Gill b Manav Suthar 2(9)  - 37/4 in 8.2 ov.
  ⚠ DIVERGENCE: OVERS: ui=8.5 cb=9 | STRIKER: ui=Ruturaj Gaikwad cb=Shivam Dube | BAT_dube: ui=18(23) cb=1(2) | BAT_gaikwad: ui=18(22) cb=18(24) | BOWL_O: ui=1.5 cb=2

[16:20:02  iter#130]
  UI: Chennai Super Kings 38-4 (9.0)  str=Ruturaj Gaikwad nstr=Shivam Dube  bowl=Manav Suthar 1-7 (1.5)
  this_over=['1', 'W', '.', '1', '.', '.']  fow=4 (unk=0)  last_fow={'wicket': 4, 'batter': 'Dewald Brevis', 'score': 37, 'overs': '8.2', 'bowler': 'Manav Suthar', 'how': None, '_unwitnessed': False}
  delivery: len=short_of_length line=outside_off shot=in_the_air [layer2]
  extras: this_over=2 innings=0 [w2/nb0/b0/lb0]
  extras_log: [{'over': '0.5', 'type': 'wide', 'runs': 1, 'this_over_after': []}, {'over': '6.2', 'type': 'wide', 'runs': 1, 'this_over_after': []}]
  CB: CSK 38-4 (9)  crr=4.22  ps=1(4)  recent=1 W 0 1 0 0
  CB BAT: Shivam Dube* 1(2), Ruturaj Gaikwad 18(24)
  CB BOWL: Manav Suthar 1-7 (2)
  LAST WKT: Dewald Brevis  c Shubman Gill b Manav Suthar 2(9)  - 37/4 in 8.2 ov.
  ⚠ DIVERGENCE: OVERS: ui=9.0 cb=9 | STRIKER: ui=Ruturaj Gaikwad cb=Shivam Dube | BAT_dube: ui=18(24) cb=1(2) | BAT_gaikwad: ui=18(22) cb=18(24) | BOWL_O: ui=1.5 cb=2

[16:20:27  iter#131]
  WS ERR: ''
  CB: CSK 42-4 (9.1)  crr=4.58  ps=5(5)  recent=4
  CB BAT: Shivam Dube* 5(3), Ruturaj Gaikwad 18(24)
  CB BOWL: Manav Suthar 1-7 (2)
  LAST WKT: Dewald Brevis  c Shubman Gill b Manav Suthar 2(9)  - 37/4 in 8.2 ov.
  ⚠ DIVERGENCE: BATTERS_MISSING_IN_UI: {'gaikwad', 'dube'} (ui=set(), cb={'gaikwad', 'dube'}) | BOWLER: ui=None cb=Manav Suthar

[16:20:50  iter#132]
  UI: Chennai Super Kings 38-4 (9.0)  str=Ruturaj Gaikwad nstr=Shivam Dube  bowl=Manav Suthar 1-7 (1.5)
  this_over=['1', 'W', '.', '1', '.', '.']  fow=4 (unk=0)  last_fow={'wicket': 4, 'batter': 'Dewald Brevis', 'score': 37, 'overs': '8.2', 'bowler': 'Manav Suthar', 'how': None, '_unwitnessed': False}
  delivery: len=good_length line=leg_stump shot=in_the_air [layer2]
  extras: this_over=2 innings=0 [w2/nb0/b0/lb0]
  extras_log: [{'over': '0.5', 'type': 'wide', 'runs': 1, 'this_over_after': []}, {'over': '6.2', 'type': 'wide', 'runs': 1, 'this_over_after': []}]
  CB: CSK 42-4 (9.1)  crr=4.58  ps=5(5)  recent=4
  CB BAT: Shivam Dube* 5(3), Ruturaj Gaikwad 18(24)
  CB BOWL: Manav Suthar 1-7 (2)
  LAST WKT: Dewald Brevis  c Shubman Gill b Manav Suthar 2(9)  - 37/4 in 8.2 ov.
  ⚠ DIVERGENCE: SCORE: ui=38 cb=42 | OVERS: ui=9.0 cb=9.1 | STRIKER: ui=Ruturaj Gaikwad cb=Shivam Dube | BAT_dube: ui=18(24) cb=5(3) | BAT_gaikwad: ui=18(22) cb=18(24) | BOWL_O: ui=1.5 cb=2

[16:21:12  iter#133]
  UI: Chennai Super Kings 38-4 (9.0)  str=Ruturaj Gaikwad nstr=Shivam Dube  bowl=Jason Holder 1-6 (1)
  this_over=['1', 'W', '.', '1', '.', '.']  fow=4 (unk=0)  last_fow={'wicket': 4, 'batter': 'Dewald Brevis', 'score': 37, 'overs': '8.2', 'bowler': 'Manav Suthar', 'how': None, '_unwitnessed': False}
  delivery: len=good_length line=leg_stump shot=in_the_air [layer2]
  extras: this_over=2 innings=0 [w2/nb0/b0/lb0]
  extras_log: [{'over': '0.5', 'type': 'wide', 'runs': 1, 'this_over_after': []}, {'over': '6.2', 'type': 'wide', 'runs': 1, 'this_over_after': []}]
  CB: CSK 42-4 (9.2)  crr=4.5  ps=5(6)  recent=4 0
  CB BAT: Shivam Dube* 5(4), Ruturaj Gaikwad 18(24)
  CB BOWL: Manav Suthar 1-7 (2)
  LAST WKT: Dewald Brevis  c Shubman Gill b Manav Suthar 2(9)  - 37/4 in 8.2 ov.
  ⚠ DIVERGENCE: SCORE: ui=38 cb=42 | OVERS: ui=9.0 cb=9.2 | STRIKER: ui=Ruturaj Gaikwad cb=Shivam Dube | BAT_dube: ui=18(24) cb=5(4) | BAT_gaikwad: ui=18(22) cb=18(24) | BOWLER: ui=Jason Holder cb=Manav Suthar

[16:21:34  iter#134]
  UI: Chennai Super Kings 42-4 (9.2)  str=Ruturaj Gaikwad nstr=Shivam Dube  bowl=Jason Holder 1-6 (1)
  this_over=['?', '?']  fow=4 (unk=0)  last_fow={'wicket': 4, 'batter': 'Dewald Brevis', 'score': 37, 'overs': '8.2', 'bowler': 'Manav Suthar', 'how': None, '_unwitnessed': False}
  delivery: len=good_length line=leg_stump shot=in_the_air [layer2]
  extras: this_over=2 innings=0 [w2/nb0/b0/lb0]
  extras_log: [{'over': '0.5', 'type': 'wide', 'runs': 1, 'this_over_after': []}, {'over': '6.2', 'type': 'wide', 'runs': 1, 'this_over_after': []}]
  CB: CSK 43-4 (9.3)  crr=4.53  ps=6(7)  recent=4 0 1
  CB BAT: Ruturaj Gaikwad* 18(24), Shivam Dube 6(5)
  CB BOWL: Manav Suthar 1-7 (2)
  LAST WKT: Dewald Brevis  c Shubman Gill b Manav Suthar 2(9)  - 37/4 in 8.2 ov.
  ⚠ DIVERGENCE: SCORE: ui=42 cb=43 | OVERS: ui=9.2 cb=9.3 | BAT_gaikwad: ui=18(22) cb=18(24) | BAT_dube: ui=18(24) cb=6(5) | BOWLER: ui=Jason Holder cb=Manav Suthar

[16:21:56  iter#135]
  UI: Chennai Super Kings 43-4 (9.3)  str=Ruturaj Gaikwad nstr=Shivam Dube  bowl=Jason Holder 1-7 (1.3)
  this_over=['?', '?', '1']  fow=4 (unk=0)  last_fow={'wicket': 4, 'batter': 'Dewald Brevis', 'score': 37, 'overs': '8.2', 'bowler': 'Manav Suthar', 'how': None, '_unwitnessed': False}
  delivery: len=good_length line=leg_stump shot=in_the_air [layer2]
  extras: this_over=2 innings=0 [w2/nb0/b0/lb0]
  extras_log: [{'over': '0.5', 'type': 'wide', 'runs': 1, 'this_over_after': []}, {'over': '6.2', 'type': 'wide', 'runs': 1, 'this_over_after': []}]
  CB: CSK 43-4 (9.3)  crr=4.53  ps=6(7)  recent=4 0 1
  CB BAT: Ruturaj Gaikwad* 18(24), Shivam Dube 6(5)
  CB BOWL: Manav Suthar 1-7 (2)
  LAST WKT: Dewald Brevis  c Shubman Gill b Manav Suthar 2(9)  - 37/4 in 8.2 ov.
  ⚠ DIVERGENCE: BAT_gaikwad: ui=18(22) cb=18(24) | BAT_dube: ui=18(24) cb=6(5) | BOWLER: ui=Jason Holder cb=Manav Suthar

[16:22:18  iter#136]
  UI: Chennai Super Kings 43-4 (9.3)  str=Shivam Dube nstr=Ruturaj Gaikwad  bowl=Jason Holder 2-7 (1.3)
  this_over=['?', '?', '1']  fow=4 (unk=0)  last_fow={'wicket': 4, 'batter': 'Dewald Brevis', 'score': 37, 'overs': '8.2', 'bowler': 'Manav Suthar', 'how': None, '_unwitnessed': False}
  delivery: len=short_of_length line=outside_off shot=in_the_air [layer2]
  extras: this_over=2 innings=0 [w2/nb0/b0/lb0]
  extras_log: [{'over': '0.5', 'type': 'wide', 'runs': 1, 'this_over_after': []}, {'over': '6.2', 'type': 'wide', 'runs': 1, 'this_over_after': []}]
  CB: CSK 43-4 (9.4)  crr=4.45  ps=6(8)  recent=4 0 1 0
  CB BAT: Ruturaj Gaikwad* 18(25), Shivam Dube 6(5)
  CB BOWL: Manav Suthar 1-7 (2)
  LAST WKT: Dewald Brevis  c Shubman Gill b Manav Suthar 2(9)  - 37/4 in 8.2 ov.
  ⚠ DIVERGENCE: OVERS: ui=9.3 cb=9.4 | STRIKER: ui=Shivam Dube cb=Ruturaj Gaikwad | BAT_gaikwad: ui=18(22) cb=18(25) | BAT_dube: ui=18(24) cb=6(5) | BOWLER: ui=Jason Holder cb=Manav Suthar

[16:22:40  iter#137]
  UI: Chennai Super Kings 43-4 (9.3)  str=Shivam Dube nstr=Ruturaj Gaikwad  bowl=Jason Holder 2-7 (1.3)
  this_over=['?', '?', '1']  fow=4 (unk=0)  last_fow={'wicket': 4, 'batter': 'Dewald Brevis', 'score': 37, 'overs': '8.2', 'bowler': 'Manav Suthar', 'how': None, '_unwitnessed': False}
  delivery: len=short_of_length line=outside_off shot=in_the_air [layer2]
  extras: this_over=2 innings=0 [w2/nb0/b0/lb0]
  extras_log: [{'over': '0.5', 'type': 'wide', 'runs': 1, 'this_over_after': []}, {'over': '6.2', 'type': 'wide', 'runs': 1, 'this_over_after': []}]
  CB: CSK 43-4 (9.4)  crr=4.45  ps=6(8)  recent=4 0 1 0
  CB BAT: Ruturaj Gaikwad* 18(25), Shivam Dube 6(5)
  CB BOWL: Manav Suthar 1-7 (2)
  LAST WKT: Dewald Brevis  c Shubman Gill b Manav Suthar 2(9)  - 37/4 in 8.2 ov.
  ⚠ DIVERGENCE: OVERS: ui=9.3 cb=9.4 | STRIKER: ui=Shivam Dube cb=Ruturaj Gaikwad | BAT_gaikwad: ui=18(22) cb=18(25) | BAT_dube: ui=18(24) cb=6(5) | BOWLER: ui=Jason Holder cb=Manav Suthar

[16:23:03  iter#138]
  UI: Chennai Super Kings 43-4 (9.5)  str=Shivam Dube nstr=Ruturaj Gaikwad  bowl=Jason Holder 2-7 (2)
  this_over=['?', '?', '1', '.', '.']  fow=4 (unk=0)  last_fow={'wicket': 4, 'batter': 'Dewald Brevis', 'score': 37, 'overs': '8.2', 'bowler': 'Manav Suthar', 'how': None, '_unwitnessed': False}
  delivery: len=short_of_length line=leg_stump shot=in_the_air [layer2]
  extras: this_over=2 innings=0 [w2/nb0/b0/lb0]
  extras_log: [{'over': '0.5', 'type': 'wide', 'runs': 1, 'this_over_after': []}, {'over': '6.2', 'type': 'wide', 'runs': 1, 'this_over_after': []}]
  CB: CSK 43-4 (9.5)  crr=4.37  ps=6(9)  recent=4 0 1 0 0
  CB BAT: Ruturaj Gaikwad* 18(26), Shivam Dube 6(5)
  CB BOWL: Manav Suthar 1-7 (2)
  LAST WKT: Dewald Brevis  c Shubman Gill b Manav Suthar 2(9)  - 37/4 in 8.2 ov.
  ⚠ DIVERGENCE: STRIKER: ui=Shivam Dube cb=Ruturaj Gaikwad | BAT_gaikwad: ui=18(25) cb=18(26) | BAT_dube: ui=18(26) cb=6(5) | BOWLER: ui=Jason Holder cb=Manav Suthar

[16:23:24  iter#139]
  UI: Chennai Super Kings 43-4 (9.5)  str=Shivam Dube nstr=Ruturaj Gaikwad  bowl=Jason Holder 2-7 (2)
  this_over=['?', '?', '1', '.', '.']  fow=4 (unk=0)  last_fow={'wicket': 4, 'batter': 'Dewald Brevis', 'score': 37, 'overs': '8.2', 'bowler': 'Manav Suthar', 'how': None, '_unwitnessed': False}
  delivery: len=short_of_length line=leg_stump shot=in_the_air [layer2]
  extras: this_over=2 innings=0 [w2/nb0/b0/lb0]
  extras_log: [{'over': '0.5', 'type': 'wide', 'runs': 1, 'this_over_after': []}, {'over': '6.2', 'type': 'wide', 'runs': 1, 'this_over_after': []}]
  CB: CSK 43-4 (10)  crr=4.3  ps=6(10)  recent=4 0 1 0 0 0
  CB BAT: Shivam Dube* 6(5), Ruturaj Gaikwad 18(27)
  CB BOWL: Jason Holder 0-7 (2)
  LAST WKT: Dewald Brevis  c Shubman Gill b Manav Suthar 2(9)  - 37/4 in 8.2 ov.
  ⚠ DIVERGENCE: OVERS: ui=9.5 cb=10 | BAT_dube: ui=18(26) cb=6(5) | BAT_gaikwad: ui=18(25) cb=18(27) | BOWL_W: ui=2 cb=0

[16:23:46  iter#140]
  UI: Chennai Super Kings 43-4 (10.0)  str=Shivam Dube nstr=Ruturaj Gaikwad  bowl=Manav Suthar 1-7 (1.5)
  this_over=['1', '.', '.', '.']  fow=4 (unk=0)  last_fow={'wicket': 4, 'batter': 'Dewald Brevis', 'score': 37, 'overs': '8.2', 'bowler': 'Manav Suthar', 'how': None, '_unwitnessed': False}
  delivery: len=short_of_length line=leg_stump shot=in_the_air [layer2]
  extras: this_over=2 innings=0 [w2/nb0/b0/lb0]
  extras_log: [{'over': '0.5', 'type': 'wide', 'runs': 1, 'this_over_after': []}, {'over': '6.2', 'type': 'wide', 'runs': 1, 'this_over_after': []}]
  CB: CSK 43-4 (10)  crr=4.3  ps=6(10)  recent=4 0 1 0 0 0
  CB BAT: Shivam Dube* 6(5), Ruturaj Gaikwad 18(27)
  CB BOWL: Jason Holder 0-7 (2)
  LAST WKT: Dewald Brevis  c Shubman Gill b Manav Suthar 2(9)  - 37/4 in 8.2 ov.
  ⚠ DIVERGENCE: OVERS: ui=10.0 cb=10 | BAT_dube: ui=18(26) cb=6(5) | BOWLER: ui=Manav Suthar cb=Jason Holder

[16:24:06  iter#141]
  UI: Chennai Super Kings 43-4 (10.0)  str=Shivam Dube nstr=Ruturaj Gaikwad  bowl=Manav Suthar 1-7 (1.5)
  this_over=['1', '.', '.', '.']  fow=4 (unk=0)  last_fow={'wicket': 4, 'batter': 'Dewald Brevis', 'score': 37, 'overs': '8.2', 'bowler': 'Manav Suthar', 'how': None, '_unwitnessed': False}
  delivery: len=short_of_length line=outside_off shot=in_the_air [layer2]
  extras: this_over=2 innings=0 [w2/nb0/b0/lb0]
  extras_log: [{'over': '0.5', 'type': 'wide', 'runs': 1, 'this_over_after': []}, {'over': '6.2', 'type': 'wide', 'runs': 1, 'this_over_after': []}]
  CB: CSK 43-4 (10)  crr=4.3  ps=6(10)  recent=4 0 1 0 0 0
  CB BAT: Shivam Dube* 6(5), Ruturaj Gaikwad 18(27)
  CB BOWL: Jason Holder 0-7 (2)
  LAST WKT: Dewald Brevis  c Shubman Gill b Manav Suthar 2(9)  - 37/4 in 8.2 ov.
  ⚠ DIVERGENCE: OVERS: ui=10.0 cb=10 | BAT_dube: ui=18(26) cb=6(5) | BOWLER: ui=Manav Suthar cb=Jason Holder

[16:24:29  iter#142]
  UI: Chennai Super Kings 43-4 (10.0)  str=Ruturaj Gaikwad nstr=Shivam Dube  bowl=Manav Suthar 1-7 (1.5)
  this_over=['1', '.', '.', '.']  fow=4 (unk=0)  last_fow={'wicket': 4, 'batter': 'Dewald Brevis', 'score': 37, 'overs': '8.2', 'bowler': 'Manav Suthar', 'how': None, '_unwitnessed': False}
  delivery: len=short_of_length line=outside_off shot=in_the_air [layer2]
  extras: this_over=2 innings=0 [w2/nb0/b0/lb0]
  extras_log: [{'over': '0.5', 'type': 'wide', 'runs': 1, 'this_over_after': []}, {'over': '6.2', 'type': 'wide', 'runs': 1, 'this_over_after': []}]
  CB: CSK 43-4 (10)  crr=4.3  ps=6(10)  recent=...
  CB BAT: Shivam Dube* 6(5), Ruturaj Gaikwad 18(27)
  CB BOWL: Jason Holder 0-7 (2)
  LAST WKT: Dewald Brevis  c Shubman Gill b Manav Suthar 2(9)  - 37/4 in 8.2 ov.
  ⚠ DIVERGENCE: OVERS: ui=10.0 cb=10 | STRIKER: ui=Ruturaj Gaikwad cb=Shivam Dube | BAT_dube: ui=18(26) cb=6(5) | BOWLER: ui=Manav Suthar cb=Jason Holder

[16:24:53  iter#143]
  UI: Chennai Super Kings 44-4 (10.1)  str=Ruturaj Gaikwad nstr=Shivam Dube  bowl=Arshad Khan 0-0 (0.1)
  this_over=['1']  fow=4 (unk=0)  last_fow={'wicket': 4, 'batter': 'Dewald Brevis', 'score': 37, 'overs': '8.2', 'bowler': 'Manav Suthar', 'how': None, '_unwitnessed': False}
  delivery: len=short_of_length line=outside_off shot=in_the_air [layer2]
  extras: this_over=2 innings=0 [w2/nb0/b0/lb0]
  extras_log: [{'over': '0.5', 'type': 'wide', 'runs': 1, 'this_over_after': []}, {'over': '6.2', 'type': 'wide', 'runs': 1, 'this_over_after': []}]
  CB: CSK 44-4 (10.1)  crr=4.33  ps=7(11)  recent=1
  CB BAT: Ruturaj Gaikwad* 18(27), Shivam Dube 7(6)
  CB BOWL: Jason Holder 0-7 (2)
  LAST WKT: Dewald Brevis  c Shubman Gill b Manav Suthar 2(9)  - 37/4 in 8.2 ov.
  ⚠ DIVERGENCE: BAT_dube: ui=18(26) cb=7(6) | BOWLER: ui=Arshad Khan cb=Jason Holder

[16:25:16  iter#144]
  UI: Chennai Super Kings 44-4 (10.1)  str=Ruturaj Gaikwad nstr=Shivam Dube  bowl=Arshad Khan 0-0 (0.1)
  this_over=['1']  fow=4 (unk=0)  last_fow={'wicket': 4, 'batter': 'Dewald Brevis', 'score': 37, 'overs': '8.2', 'bowler': 'Manav Suthar', 'how': None, '_unwitnessed': False}
  delivery: len=short_of_length line=leg_stump shot=in_the_air [layer2]
  extras: this_over=2 innings=0 [w2/nb0/b0/lb0]
  extras_log: [{'over': '0.5', 'type': 'wide', 'runs': 1, 'this_over_after': []}, {'over': '6.2', 'type': 'wide', 'runs': 1, 'this_over_after': []}]
  CB: CSK 44-4 (10.2)  crr=4.26  ps=7(12)  recent=
  CB BAT: Ruturaj Gaikwad* 18(28), Shivam Dube 6(6)
  CB BOWL: Jason Holder 0-7 (2)
  LAST WKT: Dewald Brevis  c Shubman Gill b Manav Suthar 2(9)  - 37/4 in 8.2 ov.
  ⚠ DIVERGENCE: OVERS: ui=10.1 cb=10.2 | BAT_gaikwad: ui=18(27) cb=18(28) | BAT_dube: ui=18(26) cb=6(6) | BOWLER: ui=Arshad Khan cb=Jason Holder

[16:25:39  iter#145]
  UI: Chennai Super Kings 44-4 (10.2)  str=Ruturaj Gaikwad nstr=Shivam Dube  bowl=Arshad Khan 0-0 (0.2)
  this_over=['1', '.']  fow=4 (unk=0)  last_fow={'wicket': 4, 'batter': 'Dewald Brevis', 'score': 37, 'overs': '8.2', 'bowler': 'Manav Suthar', 'how': None, '_unwitnessed': False}
  delivery: len=short_of_length line=leg_stump shot=in_the_air [layer2]
  extras: this_over=2 innings=0 [w2/nb0/b0/lb0]
  extras_log: [{'over': '0.5', 'type': 'wide', 'runs': 1, 'this_over_after': []}, {'over': '6.2', 'type': 'wide', 'runs': 1, 'this_over_after': []}]
  CB: CSK 44-4 (10.3)  crr=4.19  ps=7(13)  recent=
  CB BAT: Ruturaj Gaikwad* 18(29), Shivam Dube 6(6)
  CB BOWL: Jason Holder 0-7 (2)
  LAST WKT: Dewald Brevis  c Shubman Gill b Manav Suthar 2(9)  - 37/4 in 8.2 ov.
  ⚠ DIVERGENCE: OVERS: ui=10.2 cb=10.3 | BAT_gaikwad: ui=18(28) cb=18(29) | BAT_dube: ui=18(26) cb=6(6) | BOWLER: ui=Arshad Khan cb=Jason Holder

[16:26:01  iter#146]
  UI: Chennai Super Kings 44-4 (10.2)  str=Ruturaj Gaikwad nstr=Shivam Dube  bowl=Arshad Khan 0-0 (0.2)
  this_over=['1', '.']  fow=4 (unk=0)  last_fow={'wicket': 4, 'batter': 'Dewald Brevis', 'score': 37, 'overs': '8.2', 'bowler': 'Manav Suthar', 'how': None, '_unwitnessed': False}
  delivery: len=good_length line=outside_off shot=in_the_air [layer2]
  extras: this_over=2 innings=0 [w2/nb0/b0/lb0]
  extras_log: [{'over': '0.5', 'type': 'wide', 'runs': 1, 'this_over_after': []}, {'over': '6.2', 'type': 'wide', 'runs': 1, 'this_over_after': []}]
  CB: CSK 44-4 (10.3)  crr=4.19  ps=7(13)  recent=
  CB BAT: Ruturaj Gaikwad* 18(29), Shivam Dube 6(6)
  CB BOWL: Jason Holder 0-7 (2)
  LAST WKT: Dewald Brevis  c Shubman Gill b Manav Suthar 2(9)  - 37/4 in 8.2 ov.
  ⚠ DIVERGENCE: OVERS: ui=10.2 cb=10.3 | BAT_gaikwad: ui=18(28) cb=18(29) | BAT_dube: ui=18(26) cb=6(6) | BOWLER: ui=Arshad Khan cb=Jason Holder

[16:26:25  iter#147]
  UI: Chennai Super Kings 44-4 (10.2)  str=Ruturaj Gaikwad nstr=Shivam Dube  bowl=Arshad Khan 0-0 (0.2)
  this_over=['1', '.']  fow=4 (unk=0)  last_fow={'wicket': 4, 'batter': 'Dewald Brevis', 'score': 37, 'overs': '8.2', 'bowler': 'Manav Suthar', 'how': None, '_unwitnessed': False}
  delivery: len=good_length line=outside_off shot=in_the_air [layer2]
  extras: this_over=2 innings=0 [w2/nb0/b0/lb0]
  extras_log: [{'over': '0.5', 'type': 'wide', 'runs': 1, 'this_over_after': []}, {'over': '6.2', 'type': 'wide', 'runs': 1, 'this_over_after': []}]
  CB: CSK 44-4 (10.3)  crr=4.19  ps=7(13)  recent=
  CB BAT: Ruturaj Gaikwad* 18(29), Shivam Dube 6(6)
  CB BOWL: Jason Holder 0-7 (2)
  LAST WKT: Dewald Brevis  c Shubman Gill b Manav Suthar 2(9)  - 37/4 in 8.2 ov.
  ⚠ DIVERGENCE: OVERS: ui=10.2 cb=10.3 | BAT_gaikwad: ui=18(28) cb=18(29) | BAT_dube: ui=18(26) cb=6(6) | BOWLER: ui=Arshad Khan cb=Jason Holder

[16:26:47  iter#148]
  UI: Chennai Super Kings 44-4 (10.4)  str=Ruturaj Gaikwad nstr=Shivam Dube  bowl=Arshad Khan 0-0 (0.4)
  this_over=['1', '.', '.', '.']  fow=4 (unk=0)  last_fow={'wicket': 4, 'batter': 'Dewald Brevis', 'score': 37, 'overs': '8.2', 'bowler': 'Manav Suthar', 'how': None, '_unwitnessed': False}
  delivery: len=good_length line=outside_off shot=in_the_air [layer2]
  extras: this_over=2 innings=0 [w2/nb0/b0/lb0]
  extras_log: [{'over': '0.5', 'type': 'wide', 'runs': 1, 'this_over_after': []}, {'over': '6.2', 'type': 'wide', 'runs': 1, 'this_over_after': []}]
  CB: CSK 44-4 (10.4)  crr=4.12  ps=7(14)  recent=
  CB BAT: Ruturaj Gaikwad* 18(30), Shivam Dube 6(6)
  CB BOWL: Jason Holder 0-7 (2)
  LAST WKT: Dewald Brevis  c Shubman Gill b Manav Suthar 2(9)  - 37/4 in 8.2 ov.
  ⚠ DIVERGENCE: BAT_dube: ui=18(29) cb=6(6) | BOWLER: ui=Arshad Khan cb=Jason Holder

[16:27:12  iter#149]
  WS ERR: ''
  CB: CSK 44-4 (10.5)  crr=4.06  ps=7(15)  recent=
  CB BAT: Ruturaj Gaikwad* 18(31), Shivam Dube 6(6)
  CB BOWL: Jason Holder 0-7 (2)
  LAST WKT: Dewald Brevis  c Shubman Gill b Manav Suthar 2(9)  - 37/4 in 8.2 ov.
  ⚠ DIVERGENCE: BATTERS_MISSING_IN_UI: {'gaikwad', 'dube'} (ui=set(), cb={'gaikwad', 'dube'}) | BOWLER: ui=None cb=Jason Holder

[16:27:35  iter#150]
  UI: Chennai Super Kings 44-4 (10.5)  str=Ruturaj Gaikwad nstr=Shivam Dube  bowl=Arshad Khan 0-0 (0.5)
  this_over=['1', '.', '.', '.', '.']  fow=4 (unk=0)  last_fow={'wicket': 4, 'batter': 'Dewald Brevis', 'score': 37, 'overs': '8.2', 'bowler': 'Manav Suthar', 'how': None, '_unwitnessed': False}
  delivery: len=good_length line=leg_stump shot=in_the_air [layer2]
  extras: this_over=2 innings=0 [w2/nb0/b0/lb0]
  extras_log: [{'over': '0.5', 'type': 'wide', 'runs': 1, 'this_over_after': []}, {'over': '6.2', 'type': 'wide', 'runs': 1, 'this_over_after': []}]
  CB: CSK 44-4 (10.5)  crr=4.06  ps=7(15)  recent=
  CB BAT: Ruturaj Gaikwad* 18(31), Shivam Dube 6(6)
  CB BOWL: Jason Holder 0-7 (2)
  LAST WKT: Dewald Brevis  c Shubman Gill b Manav Suthar 2(9)  - 37/4 in 8.2 ov.
  ⚠ DIVERGENCE: BAT_gaikwad: ui=18(30) cb=18(31) | BAT_dube: ui=18(31) cb=6(6) | BOWLER: ui=Arshad Khan cb=Jason Holder

[16:27:57  iter#151]
  UI: Chennai Super Kings 44-4 (10.5)  str=Ruturaj Gaikwad nstr=Shivam Dube  bowl=Arshad Khan 0-0 (0.5)
  this_over=['1', '.', '.', '.', '.']  fow=4 (unk=0)  last_fow={'wicket': 4, 'batter': 'Dewald Brevis', 'score': 37, 'overs': '8.2', 'bowler': 'Manav Suthar', 'how': None, '_unwitnessed': False}
  delivery: len=good_length line=leg_stump shot=in_the_air [layer2]
  extras: this_over=2 innings=0 [w2/nb0/b0/lb0]
  extras_log: [{'over': '0.5', 'type': 'wide', 'runs': 1, 'this_over_after': []}, {'over': '6.2', 'type': 'wide', 'runs': 1, 'this_over_after': []}]
  CB: CSK 45-4 (11)  crr=4.09  ps=8(16)  recent=
  CB BAT: Ruturaj Gaikwad* 19(32), Shivam Dube 6(6)
  CB BOWL: Arshad Khan 0-1 (1)
  LAST WKT: Dewald Brevis  c Shubman Gill b Manav Suthar 2(9)  - 37/4 in 8.2 ov.
  ⚠ DIVERGENCE: SCORE: ui=44 cb=45 | OVERS: ui=10.5 cb=11 | BAT_gaikwad: ui=18(30) cb=19(32) | BAT_dube: ui=18(31) cb=6(6) | BOWL_R: ui=0 cb=1 | BOWL_O: ui=0.5 cb=1

[16:28:21  iter#152]
  UI: Chennai Super Kings 44-4 (10.5)  str=Ruturaj Gaikwad nstr=Shivam Dube  bowl=Arshad Khan 0-0 (0.5)
  this_over=['1', '.', '.', '.', '.']  fow=4 (unk=0)  last_fow={'wicket': 4, 'batter': 'Dewald Brevis', 'score': 37, 'overs': '8.2', 'bowler': 'Manav Suthar', 'how': None, '_unwitnessed': False}
  delivery: len=good_length line=leg_stump shot=in_the_air [layer2]
  extras: this_over=2 innings=0 [w2/nb0/b0/lb0]
  extras_log: [{'over': '0.5', 'type': 'wide', 'runs': 1, 'this_over_after': []}, {'over': '6.2', 'type': 'wide', 'runs': 1, 'this_over_after': []}]
  CB: CSK 45-4 (11)  crr=4.09  ps=8(16)  recent=
  CB BAT: Ruturaj Gaikwad* 19(32), Shivam Dube 6(6)
  CB BOWL: Arshad Khan 0-1 (1)
  LAST WKT: Dewald Brevis  c Shubman Gill b Manav Suthar 2(9)  - 37/4 in 8.2 ov.
  ⚠ DIVERGENCE: SCORE: ui=44 cb=45 | OVERS: ui=10.5 cb=11 | BAT_gaikwad: ui=18(30) cb=19(32) | BAT_dube: ui=18(31) cb=6(6) | BOWL_R: ui=0 cb=1 | BOWL_O: ui=0.5 cb=1

[16:28:44  iter#153]
  UI: Chennai Super Kings 44-4 (10.5)  str=Ruturaj Gaikwad nstr=Shivam Dube  bowl=Arshad Khan 0-0 (0.5)
  this_over=['1', '.', '.', '.', '.']  fow=4 (unk=0)  last_fow={'wicket': 4, 'batter': 'Dewald Brevis', 'score': 37, 'overs': '8.2', 'bowler': 'Manav Suthar', 'how': None, '_unwitnessed': False}
  delivery: len=good_length line=leg_stump shot=in_the_air [layer2]
  extras: this_over=2 innings=0 [w2/nb0/b0/lb0]
  extras_log: [{'over': '0.5', 'type': 'wide', 'runs': 1, 'this_over_after': []}, {'over': '6.2', 'type': 'wide', 'runs': 1, 'this_over_after': []}]
  CB: CSK 45-4 (11)  crr=4.09  ps=8(16)  recent=
  CB BAT: Ruturaj Gaikwad* 19(32), Shivam Dube 6(6)
  CB BOWL: Arshad Khan 0-1 (1)
  LAST WKT: Dewald Brevis  c Shubman Gill b Manav Suthar 2(9)  - 37/4 in 8.2 ov.
  ⚠ DIVERGENCE: SCORE: ui=44 cb=45 | OVERS: ui=10.5 cb=11 | BAT_gaikwad: ui=18(30) cb=19(32) | BAT_dube: ui=18(31) cb=6(6) | BOWL_R: ui=0 cb=1 | BOWL_O: ui=0.5 cb=1

[16:29:05  iter#154]
  UI: Chennai Super Kings 45-4 (11.0)  str=Ruturaj Gaikwad nstr=Shivam Dube  bowl=Jason Holder 2-7 (2)
  this_over=['1', '.', '.', '.', '.', '1']  fow=4 (unk=0)  last_fow={'wicket': 4, 'batter': 'Dewald Brevis', 'score': 37, 'overs': '8.2', 'bowler': 'Manav Suthar', 'how': None, '_unwitnessed': False}
  delivery: len=short_of_length line=leg_stump shot=in_the_air [layer2]
  extras: this_over=2 innings=0 [w2/nb0/b0/lb0]
  extras_log: [{'over': '0.5', 'type': 'wide', 'runs': 1, 'this_over_after': []}, {'over': '6.2', 'type': 'wide', 'runs': 1, 'this_over_after': []}]
  CB: CSK 45-4 (11.1)  crr=4.03  ps=8(17)  recent=0
  CB BAT: Ruturaj Gaikwad* 19(33), Shivam Dube 6(6)
  CB BOWL: Arshad Khan 0-1 (1)
  LAST WKT: Dewald Brevis  c Shubman Gill b Manav Suthar 2(9)  - 37/4 in 8.2 ov.
  ⚠ DIVERGENCE: OVERS: ui=11.0 cb=11.1 | BAT_gaikwad: ui=19(32) cb=19(33) | BAT_dube: ui=18(31) cb=6(6) | BOWLER: ui=Jason Holder cb=Arshad Khan

[16:29:29  iter#155]
  UI: CSK 45-4 (11.1)  str=Ruturaj Gaikwad nstr=Shivam Dube  bowl=None None-None (None)
  this_over=['.']  fow=0 (unk=0)  last_fow=None
  delivery: len=short_of_length line=leg_stump shot=in_the_air [layer2]
  extras: this_over=0 innings=None [w0/nb0/b0/lb0]
  CB: CSK 45-4 (11.2)  crr=3.97  ps=8(18)  recent=0 0
  CB BAT: Ruturaj Gaikwad* 19(34), Shivam Dube 6(6)
  CB BOWL: Arshad Khan 0-1 (1)
  LAST WKT: Dewald Brevis  c Shubman Gill b Manav Suthar 2(9)  - 37/4 in 8.2 ov.
  ⚠ DIVERGENCE: OVERS: ui=11.1 cb=11.2 | FOW_COUNT: ui=0 vs wickets=4 | BOWLER: ui=None cb=Arshad Khan

[16:29:50  iter#156]
  UI: Chennai Super Kings 45-4 (11.2)  str=Ruturaj Gaikwad nstr=Shivam Dube  bowl=Jason Holder 2-7 (2.2)
  this_over=['.', '.']  fow=4 (unk=0)  last_fow={'wicket': 4, 'batter': 'Dewald Brevis', 'score': 37, 'overs': '8.2', 'bowler': 'Manav Suthar', 'how': None, '_unwitnessed': False}
  delivery: len=good_length line=leg_stump shot=in_the_air [layer2]
  extras: this_over=2 innings=0 [w2/nb0/b0/lb0]
  extras_log: [{'over': '0.5', 'type': 'wide', 'runs': 1, 'this_over_after': []}, {'over': '6.2', 'type': 'wide', 'runs': 1, 'this_over_after': []}]
  CB: CSK 45-4 (11.2)  crr=3.97  ps=8(18)  recent=0 0
  CB BAT: Ruturaj Gaikwad* 19(34), Shivam Dube 6(6)
  CB BOWL: Arshad Khan 0-1 (1)
  LAST WKT: Dewald Brevis  c Shubman Gill b Manav Suthar 2(9)  - 37/4 in 8.2 ov.
  ⚠ DIVERGENCE: BAT_gaikwad: ui=19(33) cb=19(34) | BAT_dube: ui=19(34) cb=6(6) | BOWLER: ui=Jason Holder cb=Arshad Khan

[16:30:12  iter#157]
  UI: CSK 45-4 (11.3)  str=Ruturaj Gaikwad nstr=Shivam Dube  bowl=None None-None (None)
  this_over=['.', '.', '.']  fow=0 (unk=0)  last_fow=None
  delivery: len=short_of_length line=leg_stump shot=in_the_air [layer2]
  extras: this_over=0 innings=None [w0/nb0/b0/lb0]
  CB: CSK 45-4 (11.3)  crr=3.91  ps=8(19)  recent=0 0 0
  CB BAT: Ruturaj Gaikwad* 19(35), Shivam Dube 6(6)
  CB BOWL: Arshad Khan 0-1 (1)
  LAST WKT: Dewald Brevis  c Shubman Gill b Manav Suthar 2(9)  - 37/4 in 8.2 ov.
  ⚠ DIVERGENCE: FOW_COUNT: ui=0 vs wickets=4 | BOWLER: ui=None cb=Arshad Khan

[16:30:35  iter#158]
  UI: Chennai Super Kings 45-4 (11.3)  str=Ruturaj Gaikwad nstr=Shivam Dube  bowl=Jason Holder 2-7 (2.3)
  this_over=['.', '.', '.']  fow=4 (unk=0)  last_fow={'wicket': 4, 'batter': 'Dewald Brevis', 'score': 37, 'overs': '8.2', 'bowler': 'Manav Suthar', 'how': None, '_unwitnessed': False}
  delivery: len=short_of_length line=outside_off shot=in_the_air [layer2]
  extras: this_over=2 innings=0 [w2/nb0/b0/lb0]
  extras_log: [{'over': '0.5', 'type': 'wide', 'runs': 1, 'this_over_after': []}, {'over': '6.2', 'type': 'wide', 'runs': 1, 'this_over_after': []}]
  CB: CSK 46-4 (11.3)  crr=4.0  ps=9(19)  recent=0 0 0 W
  CB BAT: Ruturaj Gaikwad* 19(35), Shivam Dube 6(6)
  CB BOWL: Arshad Khan 0-1 (1)
  LAST WKT: Dewald Brevis  c Shubman Gill b Manav Suthar 2(9)  - 37/4 in 8.2 ov.
  ⚠ DIVERGENCE: SCORE: ui=45 cb=46 | BAT_gaikwad: ui=19(33) cb=19(35) | BAT_dube: ui=19(35) cb=6(6) | BOWLER: ui=Jason Holder cb=Arshad Khan

[16:30:57  iter#159]
  UI: Chennai Super Kings 46-4 (11.3)  str=Ruturaj Gaikwad nstr=Shivam Dube  bowl=Jason Holder 2-8 (2.3)
  this_over=['.', '.', '.', 'Wd']  fow=4 (unk=0)  last_fow={'wicket': 4, 'batter': 'Dewald Brevis', 'score': 37, 'overs': '8.2', 'bowler': 'Manav Suthar', 'how': None, '_unwitnessed': False}
  delivery: len=short_of_length line=outside_off shot=in_the_air [layer2]
  extras: this_over=3 innings=0 [w3/nb0/b0/lb0]
  extras_log: [{'over': '0.5', 'type': 'wide', 'runs': 1, 'this_over_after': []}, {'over': '6.2', 'type': 'wide', 'runs': 1, 'this_over_after': []}, {'over': '11.3', 'type': 'wide', 'runs': 1, 'this_over_after': []}]
  CB: CSK 46-4 (11.3)  crr=4.0  ps=9(19)  recent=0 0 0 W
  CB BAT: Ruturaj Gaikwad* 19(35), Shivam Dube 6(6)
  CB BOWL: Arshad Khan 0-1 (1)
  LAST WKT: Dewald Brevis  c Shubman Gill b Manav Suthar 2(9)  - 37/4 in 8.2 ov.
  ⚠ DIVERGENCE: BAT_gaikwad: ui=19(33) cb=19(35) | BAT_dube: ui=19(35) cb=6(6) | BOWLER: ui=Jason Holder cb=Arshad Khan

[16:31:20  iter#160]
  UI: Chennai Super Kings 46-4 (11.3)  str=Ruturaj Gaikwad nstr=Shivam Dube  bowl=Jason Holder 2-8 (2.3)
  this_over=['.', '.', '.', 'Wd']  fow=4 (unk=0)  last_fow={'wicket': 4, 'batter': 'Dewald Brevis', 'score': 37, 'overs': '8.2', 'bowler': 'Manav Suthar', 'how': None, '_unwitnessed': False}
  delivery: len=good_length line=outside_off shot=in_the_air [layer2]
  extras: this_over=3 innings=0 [w3/nb0/b0/lb0]
  extras_log: [{'over': '0.5', 'type': 'wide', 'runs': 1, 'this_over_after': []}, {'over': '6.2', 'type': 'wide', 'runs': 1, 'this_over_after': []}, {'over': '11.3', 'type': 'wide', 'runs': 1, 'this_over_after': []}]
  CB: CSK 47-4 (11.4)  crr=4.03  ps=10(20)  recent=0 0 0 W
  CB BAT: Shivam Dube* 6(6), Ruturaj Gaikwad 20(36)
  CB BOWL: Arshad Khan 0-1 (1)
  LAST WKT: Dewald Brevis  c Shubman Gill b Manav Suthar 2(9)  - 37/4 in 8.2 ov.
  ⚠ DIVERGENCE: SCORE: ui=46 cb=47 | OVERS: ui=11.3 cb=11.4 | STRIKER: ui=Ruturaj Gaikwad cb=Shivam Dube | BAT_dube: ui=19(35) cb=6(6) | BAT_gaikwad: ui=19(33) cb=20(36) | BOWLER: ui=Jason Holder cb=Arshad Khan

[16:31:42  iter#161]
  UI: Chennai Super Kings 47-4 (11.4)  str=Shivam Dube nstr=Ruturaj Gaikwad  bowl=Jason Holder 2-9 (2.4)
  this_over=['.', '.', '.', 'Wd', '1']  fow=4 (unk=0)  last_fow={'wicket': 4, 'batter': 'Dewald Brevis', 'score': 37, 'overs': '8.2', 'bowler': 'Manav Suthar', 'how': None, '_unwitnessed': False}
  delivery: len=good_length line=outside_off shot=in_the_air [layer2]
  extras: this_over=3 innings=0 [w3/nb0/b0/lb0]
  extras_log: [{'over': '0.5', 'type': 'wide', 'runs': 1, 'this_over_after': []}, {'over': '6.2', 'type': 'wide', 'runs': 1, 'this_over_after': []}, {'over': '11.3', 'type': 'wide', 'runs': 1, 'this_over_after': []}]
  CB: CSK 47-4 (11.4)  crr=4.03  ps=10(20)  recent=0 0 0 W
  CB BAT: Shivam Dube* 6(6), Ruturaj Gaikwad 20(36)
  CB BOWL: Arshad Khan 0-1 (1)
  LAST WKT: Dewald Brevis  c Shubman Gill b Manav Suthar 2(9)  - 37/4 in 8.2 ov.
  ⚠ DIVERGENCE: BAT_dube: ui=19(35) cb=6(6) | BOWLER: ui=Jason Holder cb=Arshad Khan

[16:32:06  iter#162]
  WS ERR: ''
  CB: CSK 47-4 (11.5)  crr=3.97  ps=10(21)  recent=0 0 0 W
  CB BAT: Shivam Dube* 6(7), Ruturaj Gaikwad 20(36)
  CB BOWL: Arshad Khan 0-1 (1)
  LAST WKT: Dewald Brevis  c Shubman Gill b Manav Suthar 2(9)  - 37/4 in 8.2 ov.
  ⚠ DIVERGENCE: BATTERS_MISSING_IN_UI: {'gaikwad', 'dube'} (ui=set(), cb={'gaikwad', 'dube'}) | BOWLER: ui=None cb=Arshad Khan

[16:32:29  iter#163]
  UI: Chennai Super Kings 47-4 (11.4)  str=Shivam Dube nstr=Ruturaj Gaikwad  bowl=Jason Holder 2-9 (3.4)
  this_over=['.', '.', '.', 'Wd', '1']  fow=4 (unk=0)  last_fow={'wicket': 4, 'batter': 'Dewald Brevis', 'score': 37, 'overs': '8.2', 'bowler': 'Manav Suthar', 'how': None, '_unwitnessed': False}
  delivery: len=good_length line=outside_off shot=in_the_air [layer2]
  extras: this_over=3 innings=0 [w3/nb0/b0/lb0]
  extras_log: [{'over': '0.5', 'type': 'wide', 'runs': 1, 'this_over_after': []}, {'over': '6.2', 'type': 'wide', 'runs': 1, 'this_over_after': []}, {'over': '11.3', 'type': 'wide', 'runs': 1, 'this_over_after': []}]
  CB: CSK 47-4 (11.5)  crr=3.97  ps=10(21)  recent=0 0 0 W
  CB BAT: Shivam Dube* 6(7), Ruturaj Gaikwad 20(36)
  CB BOWL: Arshad Khan 0-1 (1)
  LAST WKT: Dewald Brevis  c Shubman Gill b Manav Suthar 2(9)  - 37/4 in 8.2 ov.
  ⚠ DIVERGENCE: OVERS: ui=11.4 cb=11.5 | BAT_dube: ui=19(35) cb=6(7) | BOWLER: ui=Jason Holder cb=Arshad Khan

[16:32:51  iter#164]
  UI: Chennai Super Kings 47-4 (11.5)  str=Shivam Dube nstr=Ruturaj Gaikwad  bowl=Jason Holder 2-9 (3.5)
  this_over=['.', '.', '.', 'Wd', '1', '.']  fow=4 (unk=0)  last_fow={'wicket': 4, 'batter': 'Dewald Brevis', 'score': 37, 'overs': '8.2', 'bowler': 'Manav Suthar', 'how': None, '_unwitnessed': False}
  delivery: len=good_length line=outside_off shot=in_the_air [layer2]
  extras: this_over=3 innings=0 [w3/nb0/b0/lb0]
  extras_log: [{'over': '0.5', 'type': 'wide', 'runs': 1, 'this_over_after': []}, {'over': '6.2', 'type': 'wide', 'runs': 1, 'this_over_after': []}, {'over': '11.3', 'type': 'wide', 'runs': 1, 'this_over_after': []}]
  CB: CSK 51-4 (12)  crr=4.25  ps=14(22)  recent=0 0 0 W
  CB BAT: Ruturaj Gaikwad* 20(36), Shivam Dube 10(8)
  CB BOWL: Jason Holder 0-13 (3)
  LAST WKT: Dewald Brevis  c Shubman Gill b Manav Suthar 2(9)  - 37/4 in 8.2 ov.
  ⚠ DIVERGENCE: SCORE: ui=47 cb=51 | OVERS: ui=11.5 cb=12 | STRIKER: ui=Shivam Dube cb=Ruturaj Gaikwad | BAT_dube: ui=19(35) cb=10(8) | BOWL_W: ui=2 cb=0 | BOWL_R: ui=9 cb=13 | BOWL_O: ui=3.5 cb=3

[16:33:12  iter#165]
  UI: Chennai Super Kings 47-4 (11.5)  str=Shivam Dube nstr=Ruturaj Gaikwad  bowl=Jason Holder 2-9 (3.5)
  this_over=['.', '.', '.', 'Wd', '1', '.']  fow=4 (unk=0)  last_fow={'wicket': 4, 'batter': 'Dewald Brevis', 'score': 37, 'overs': '8.2', 'bowler': 'Manav Suthar', 'how': None, '_unwitnessed': False}
  delivery: len=short_of_length line=outside_off shot=in_the_air [layer2]
  extras: this_over=3 innings=0 [w3/nb0/b0/lb0]
  extras_log: [{'over': '0.5', 'type': 'wide', 'runs': 1, 'this_over_after': []}, {'over': '6.2', 'type': 'wide', 'runs': 1, 'this_over_after': []}, {'over': '11.3', 'type': 'wide', 'runs': 1, 'this_over_after': []}]
  CB: CSK 51-4 (12)  crr=4.25  ps=14(22)  recent=0 0 0 W
  CB BAT: Ruturaj Gaikwad* 20(36), Shivam Dube 10(8)
  CB BOWL: Jason Holder 0-13 (3)
  LAST WKT: Dewald Brevis  c Shubman Gill b Manav Suthar 2(9)  - 37/4 in 8.2 ov.
  ⚠ DIVERGENCE: SCORE: ui=47 cb=51 | OVERS: ui=11.5 cb=12 | STRIKER: ui=Shivam Dube cb=Ruturaj Gaikwad | BAT_dube: ui=19(35) cb=10(8) | BOWL_W: ui=2 cb=0 | BOWL_R: ui=9 cb=13 | BOWL_O: ui=3.5 cb=3

[16:33:37  iter#166]
  WS ERR: ''
  CB: CSK 51-4 (12.1)  crr=4.19  ps=14(23)  recent=0
  CB BAT: Ruturaj Gaikwad* 20(37), Shivam Dube 10(8)
  CB BOWL: Jason Holder 0-13 (3)
  LAST WKT: Dewald Brevis  c Shubman Gill b Manav Suthar 2(9)  - 37/4 in 8.2 ov.
  ⚠ DIVERGENCE: BATTERS_MISSING_IN_UI: {'gaikwad', 'dube'} (ui=set(), cb={'gaikwad', 'dube'}) | BOWLER: ui=None cb=Jason Holder

[16:33:58  iter#167]
  UI: Chennai Super Kings 51-4 (12.1)  str=Ruturaj Gaikwad nstr=Shivam Dube  bowl=Arshad Khan 0-1 (1.1)
  this_over=['.']  fow=4 (unk=0)  last_fow={'wicket': 4, 'batter': 'Dewald Brevis', 'score': 37, 'overs': '8.2', 'bowler': 'Manav Suthar', 'how': None, '_unwitnessed': False}
  delivery: len=short_of_length line=outside_off shot=in_the_air [layer2]
  extras: this_over=3 innings=0 [w3/nb0/b0/lb0]
  extras_log: [{'over': '0.5', 'type': 'wide', 'runs': 1, 'this_over_after': []}, {'over': '6.2', 'type': 'wide', 'runs': 1, 'this_over_after': []}, {'over': '11.3', 'type': 'wide', 'runs': 1, 'this_over_after': []}]
  CB: CSK 51-4 (12.1)  crr=4.19  ps=14(23)  recent=0
  CB BAT: Ruturaj Gaikwad* 20(37), Shivam Dube 10(8)
  CB BOWL: Jason Holder 0-13 (3)
  LAST WKT: Dewald Brevis  c Shubman Gill b Manav Suthar 2(9)  - 37/4 in 8.2 ov.
  ⚠ DIVERGENCE: BAT_dube: ui=19(35) cb=10(8) | BOWLER: ui=Arshad Khan cb=Jason Holder

[16:34:19  iter#168]
  UI: Chennai Super Kings 51-4 (12.1)  str=Ruturaj Gaikwad nstr=Shivam Dube  bowl=Arshad Khan 0-1 (1.1)
  this_over=['.']  fow=4 (unk=0)  last_fow={'wicket': 4, 'batter': 'Dewald Brevis', 'score': 37, 'overs': '8.2', 'bowler': 'Manav Suthar', 'how': None, '_unwitnessed': False}
  delivery: len=good_length line=outside_off shot=in_the_air [layer2]
  extras: this_over=3 innings=0 [w3/nb0/b0/lb0]
  extras_log: [{'over': '0.5', 'type': 'wide', 'runs': 1, 'this_over_after': []}, {'over': '6.2', 'type': 'wide', 'runs': 1, 'this_over_after': []}, {'over': '11.3', 'type': 'wide', 'runs': 1, 'this_over_after': []}]
  CB: CSK 51-4 (12.1)  crr=4.19  ps=14(23)  recent=0
  CB BAT: Ruturaj Gaikwad* 20(37), Shivam Dube 10(8)
  CB BOWL: Jason Holder 0-13 (3)
  LAST WKT: Dewald Brevis  c Shubman Gill b Manav Suthar 2(9)  - 37/4 in 8.2 ov.
  ⚠ DIVERGENCE: BAT_dube: ui=19(35) cb=10(8) | BOWLER: ui=Arshad Khan cb=Jason Holder

[16:34:42  iter#169]
  UI: Chennai Super Kings 51-4 (12.1)  str=Ruturaj Gaikwad nstr=Shivam Dube  bowl=Arshad Khan 0-1 (1.1)
  this_over=['.']  fow=4 (unk=0)  last_fow={'wicket': 4, 'batter': 'Dewald Brevis', 'score': 37, 'overs': '8.2', 'bowler': 'Manav Suthar', 'how': None, '_unwitnessed': False}
  delivery: len=good_length line=outside_off shot=in_the_air [layer2]
  extras: this_over=3 innings=0 [w3/nb0/b0/lb0]
  extras_log: [{'over': '0.5', 'type': 'wide', 'runs': 1, 'this_over_after': []}, {'over': '6.2', 'type': 'wide', 'runs': 1, 'this_over_after': []}, {'over': '11.3', 'type': 'wide', 'runs': 1, 'this_over_after': []}]
  CB: CSK 51-4 (12.1)  crr=4.19  ps=14(23)  recent=0
  CB BAT: Ruturaj Gaikwad* 20(37), Shivam Dube 10(8)
  CB BOWL: Jason Holder 0-13 (3)
  LAST WKT: Dewald Brevis  c Shubman Gill b Manav Suthar 2(9)  - 37/4 in 8.2 ov.
  ⚠ DIVERGENCE: BAT_dube: ui=19(35) cb=10(8) | BOWLER: ui=Arshad Khan cb=Jason Holder

[16:35:04  iter#170]
  UI: Chennai Super Kings 51-4 (12.1)  str=Ruturaj Gaikwad nstr=Shivam Dube  bowl=Arshad Khan 0-1 (1.1)
  this_over=['.']  fow=4 (unk=0)  last_fow={'wicket': 4, 'batter': 'Dewald Brevis', 'score': 37, 'overs': '8.2', 'bowler': 'Manav Suthar', 'how': None, '_unwitnessed': False}
  delivery: len=good_length line=outside_off shot=in_the_air [layer2]
  extras: this_over=3 innings=0 [w3/nb0/b0/lb0]
  extras_log: [{'over': '0.5', 'type': 'wide', 'runs': 1, 'this_over_after': []}, {'over': '6.2', 'type': 'wide', 'runs': 1, 'this_over_after': []}, {'over': '11.3', 'type': 'wide', 'runs': 1, 'this_over_after': []}]
  CB: CSK 51-4 (12.1)  crr=4.19  ps=14(23)  recent=0
  CB BAT: Ruturaj Gaikwad* 20(37), Shivam Dube 10(8)
  CB BOWL: Jason Holder 0-13 (3)
  LAST WKT: Dewald Brevis  c Shubman Gill b Manav Suthar 2(9)  - 37/4 in 8.2 ov.
  ⚠ DIVERGENCE: BAT_dube: ui=19(35) cb=10(8) | BOWLER: ui=Arshad Khan cb=Jason Holder

[16:35:25  iter#171]
  UI: Chennai Super Kings 51-4 (12.1)  str=Ruturaj Gaikwad nstr=Shivam Dube  bowl=Arshad Khan 0-1 (1.1)
  this_over=['.']  fow=4 (unk=0)  last_fow={'wicket': 4, 'batter': 'Dewald Brevis', 'score': 37, 'overs': '8.2', 'bowler': 'Manav Suthar', 'how': None, '_unwitnessed': False}
  delivery: len=good_length line=outside_off shot=in_the_air [layer2]
  extras: this_over=3 innings=0 [w3/nb0/b0/lb0]
  extras_log: [{'over': '0.5', 'type': 'wide', 'runs': 1, 'this_over_after': []}, {'over': '6.2', 'type': 'wide', 'runs': 1, 'this_over_after': []}, {'over': '11.3', 'type': 'wide', 'runs': 1, 'this_over_after': []}]
  CB: CSK 51-4 (12.1)  crr=4.19  ps=14(23)  recent=0
  CB BAT: Ruturaj Gaikwad* 20(37), Shivam Dube 10(8)
  CB BOWL: Jason Holder 0-13 (3)
  LAST WKT: Dewald Brevis  c Shubman Gill b Manav Suthar 2(9)  - 37/4 in 8.2 ov.
  ⚠ DIVERGENCE: BAT_dube: ui=19(35) cb=10(8) | BOWLER: ui=Arshad Khan cb=Jason Holder

[16:35:49  iter#172]
  WS ERR: ''
  CB: CSK 51-4 (12.1)  crr=4.19  ps=14(23)  recent=0
  CB BAT: Ruturaj Gaikwad* 20(37), Shivam Dube 10(8)
  CB BOWL: Jason Holder 0-13 (3)
  LAST WKT: Dewald Brevis  c Shubman Gill b Manav Suthar 2(9)  - 37/4 in 8.2 ov.
  ⚠ DIVERGENCE: BATTERS_MISSING_IN_UI: {'gaikwad', 'dube'} (ui=set(), cb={'gaikwad', 'dube'}) | BOWLER: ui=None cb=Jason Holder

[16:36:10  iter#173]
  UI: Chennai Super Kings 51-4 (12.1)  str=Ruturaj Gaikwad nstr=Shivam Dube  bowl=Arshad Khan 0-1 (1.1)
  this_over=['.']  fow=4 (unk=0)  last_fow={'wicket': 4, 'batter': 'Dewald Brevis', 'score': 37, 'overs': '8.2', 'bowler': 'Manav Suthar', 'how': None, '_unwitnessed': False}
  delivery: len=good_length line=outside_off shot=in_the_air [layer2]
  extras: this_over=3 innings=0 [w3/nb0/b0/lb0]
  extras_log: [{'over': '0.5', 'type': 'wide', 'runs': 1, 'this_over_after': []}, {'over': '6.2', 'type': 'wide', 'runs': 1, 'this_over_after': []}, {'over': '11.3', 'type': 'wide', 'runs': 1, 'this_over_after': []}]
  CB: CSK 51-4 (12.1)  crr=4.19  ps=14(23)  recent=0
  CB BAT: Ruturaj Gaikwad* 20(37), Shivam Dube 10(8)
  CB BOWL: Jason Holder 0-13 (3)
  LAST WKT: Dewald Brevis  c Shubman Gill b Manav Suthar 2(9)  - 37/4 in 8.2 ov.
  ⚠ DIVERGENCE: BAT_dube: ui=19(35) cb=10(8) | BOWLER: ui=Arshad Khan cb=Jason Holder

[16:36:30  iter#174]
  UI: Chennai Super Kings 51-4 (12.1)  str=Ruturaj Gaikwad nstr=Shivam Dube  bowl=Arshad Khan 0-1 (1.1)
  this_over=['.']  fow=4 (unk=0)  last_fow={'wicket': 4, 'batter': 'Dewald Brevis', 'score': 37, 'overs': '8.2', 'bowler': 'Manav Suthar', 'how': None, '_unwitnessed': False}
  delivery: len=good_length line=outside_off shot=in_the_air [layer2]
  extras: this_over=3 innings=0 [w3/nb0/b0/lb0]
  extras_log: [{'over': '0.5', 'type': 'wide', 'runs': 1, 'this_over_after': []}, {'over': '6.2', 'type': 'wide', 'runs': 1, 'this_over_after': []}, {'over': '11.3', 'type': 'wide', 'runs': 1, 'this_over_after': []}]
  CB: CSK 57-4 (12.2)  crr=4.62  ps=20(24)  recent=... 0 0 1
  CB BAT: Ruturaj Gaikwad* 26(38), Shivam Dube 10(8)
  CB BOWL: Jason Holder 0-13 (3)
  LAST WKT: Dewald Brevis  c Shubman Gill b Manav Suthar 2(9)  - 37/4 in 8.2 ov.
  ⚠ DIVERGENCE: SCORE: ui=51 cb=57 | OVERS: ui=12.1 cb=12.2 | BAT_gaikwad: ui=20(37) cb=26(38) | BAT_dube: ui=19(35) cb=10(8) | BOWLER: ui=Arshad Khan cb=Jason Holder

[16:36:54  iter#175]
  WS ERR: ''
  CB: CSK 57-4 (12.3)  crr=4.56  ps=20(25)  recent=0 6 0
  CB BAT: Ruturaj Gaikwad* 26(39), Shivam Dube 10(8)
  CB BOWL: Jason Holder 0-13 (3)
  LAST WKT: Dewald Brevis  c Shubman Gill b Manav Suthar 2(9)  - 37/4 in 8.2 ov.
  ⚠ DIVERGENCE: BATTERS_MISSING_IN_UI: {'gaikwad', 'dube'} (ui=set(), cb={'gaikwad', 'dube'}) | BOWLER: ui=None cb=Jason Holder

[16:37:16  iter#176]
  UI: Chennai Super Kings 57-4 (12.3)  str=Ruturaj Gaikwad nstr=Shivam Dube  bowl=Arshad Khan 0-7 (1.2)
  this_over=['.', '6', '.']  fow=4 (unk=0)  last_fow={'wicket': 4, 'batter': 'Dewald Brevis', 'score': 37, 'overs': '8.2', 'bowler': 'Manav Suthar', 'how': None, '_unwitnessed': False}
  delivery: len=good_length line=leg_stump shot=in_the_air [layer2]
  extras: this_over=3 innings=0 [w3/nb0/b0/lb0]
  extras_log: [{'over': '0.5', 'type': 'wide', 'runs': 1, 'this_over_after': []}, {'over': '6.2', 'type': 'wide', 'runs': 1, 'this_over_after': []}, {'over': '11.3', 'type': 'wide', 'runs': 1, 'this_over_after': []}]
  CB: CSK 57-4 (12.3)  crr=4.56  ps=20(25)  recent=0 6 0
  CB BAT: Ruturaj Gaikwad* 26(39), Shivam Dube 10(8)
  CB BOWL: Jason Holder 0-13 (3)
  LAST WKT: Dewald Brevis  c Shubman Gill b Manav Suthar 2(9)  - 37/4 in 8.2 ov.
  ⚠ DIVERGENCE: BAT_gaikwad: ui=26(38) cb=26(39) | BAT_dube: ui=19(35) cb=10(8) | BOWLER: ui=Arshad Khan cb=Jason Holder

[16:37:38  iter#177]
  UI: Chennai Super Kings 57-4 (12.3)  str=Ruturaj Gaikwad nstr=Shivam Dube  bowl=Arshad Khan 0-7 (1.3)
  this_over=['.', '6', '.']  fow=4 (unk=0)  last_fow={'wicket': 4, 'batter': 'Dewald Brevis', 'score': 37, 'overs': '8.2', 'bowler': 'Manav Suthar', 'how': None, '_unwitnessed': False}
  delivery: len=good_length line=outside_off shot=in_the_air [layer2]
  extras: this_over=3 innings=0 [w3/nb0/b0/lb0]
  extras_log: [{'over': '0.5', 'type': 'wide', 'runs': 1, 'this_over_after': []}, {'over': '6.2', 'type': 'wide', 'runs': 1, 'this_over_after': []}, {'over': '11.3', 'type': 'wide', 'runs': 1, 'this_over_after': []}]
  CB: CSK 57-4 (12.3)  crr=4.56  ps=20(25)  recent=0 6 0
  CB BAT: Ruturaj Gaikwad* 26(39), Shivam Dube 10(8)
  CB BOWL: Jason Holder 0-13 (3)
  LAST WKT: Dewald Brevis  c Shubman Gill b Manav Suthar 2(9)  - 37/4 in 8.2 ov.
  ⚠ DIVERGENCE: BAT_dube: ui=19(35) cb=10(8) | BOWLER: ui=Arshad Khan cb=Jason Holder

[16:37:58  iter#178]
  UI: Chennai Super Kings 57-4 (12.3)  str=Ruturaj Gaikwad nstr=Shivam Dube  bowl=Arshad Khan 0-7 (1.3)
  this_over=['.', '6', '.']  fow=4 (unk=0)  last_fow={'wicket': 4, 'batter': 'Dewald Brevis', 'score': 37, 'overs': '8.2', 'bowler': 'Manav Suthar', 'how': None, '_unwitnessed': False}
  delivery: len=good_length line=outside_off shot=in_the_air [layer2]
  extras: this_over=3 innings=0 [w3/nb0/b0/lb0]
  extras_log: [{'over': '0.5', 'type': 'wide', 'runs': 1, 'this_over_after': []}, {'over': '6.2', 'type': 'wide', 'runs': 1, 'this_over_after': []}, {'over': '11.3', 'type': 'wide', 'runs': 1, 'this_over_after': []}]
  CB: CSK 63-4 (12.4)  crr=4.97  ps=26(26)  recent=0 6 0 6
  CB BAT: Ruturaj Gaikwad* 32(40), Shivam Dube 10(8)
  CB BOWL: Jason Holder 0-13 (3)
  LAST WKT: Dewald Brevis  c Shubman Gill b Manav Suthar 2(9)  - 37/4 in 8.2 ov.
  ⚠ DIVERGENCE: SCORE: ui=57 cb=63 | OVERS: ui=12.3 cb=12.4 | BAT_gaikwad: ui=26(39) cb=32(40) | BAT_dube: ui=19(35) cb=10(8) | BOWLER: ui=Arshad Khan cb=Jason Holder

[16:38:22  iter#179]
  UI: Chennai Super Kings 63-4 (12.4)  str=Ruturaj Gaikwad nstr=Shivam Dube  bowl=Arshad Khan 0-13 (1.4)
  this_over=['.', '6', '.', '6']  fow=4 (unk=0)  last_fow={'wicket': 4, 'batter': 'Dewald Brevis', 'score': 37, 'overs': '8.2', 'bowler': 'Manav Suthar', 'how': None, '_unwitnessed': False}
  delivery: len=good_length line=outside_off shot=in_the_air [layer2]
  extras: this_over=3 innings=0 [w3/nb0/b0/lb0]
  extras_log: [{'over': '0.5', 'type': 'wide', 'runs': 1, 'this_over_after': []}, {'over': '6.2', 'type': 'wide', 'runs': 1, 'this_over_after': []}, {'over': '11.3', 'type': 'wide', 'runs': 1, 'this_over_after': []}]
  CB: CSK 63-4 (12.5)  crr=4.91  ps=26(27)  recent=0 6 0 6 0
  CB BAT: Ruturaj Gaikwad* 32(41), Shivam Dube 10(8)
  CB BOWL: Jason Holder 0-13 (3)
  LAST WKT: Dewald Brevis  c Shubman Gill b Manav Suthar 2(9)  - 37/4 in 8.2 ov.
  ⚠ DIVERGENCE: OVERS: ui=12.4 cb=12.5 | BAT_gaikwad: ui=32(40) cb=32(41) | BAT_dube: ui=19(35) cb=10(8) | BOWLER: ui=Arshad Khan cb=Jason Holder

[16:38:45  iter#180]
  UI: Chennai Super Kings 63-4 (12.5)  str=Ruturaj Gaikwad nstr=Shivam Dube  bowl=Arshad Khan 0-13 (1.5)
  this_over=['.', '6', '.', '6', '.']  fow=4 (unk=0)  last_fow={'wicket': 4, 'batter': 'Dewald Brevis', 'score': 37, 'overs': '8.2', 'bowler': 'Manav Suthar', 'how': None, '_unwitnessed': False}
  delivery: len=good_length line=leg_stump shot=in_the_air [layer2]
  extras: this_over=3 innings=0 [w3/nb0/b0/lb0]
  extras_log: [{'over': '0.5', 'type': 'wide', 'runs': 1, 'this_over_after': []}, {'over': '6.2', 'type': 'wide', 'runs': 1, 'this_over_after': []}, {'over': '11.3', 'type': 'wide', 'runs': 1, 'this_over_after': []}]
  CB: CSK 63-4 (12.5)  crr=4.91  ps=26(27)  recent=0 6 0 6 0
  CB BAT: Ruturaj Gaikwad* 32(41), Shivam Dube 10(8)
  CB BOWL: Jason Holder 0-13 (3)
  LAST WKT: Dewald Brevis  c Shubman Gill b Manav Suthar 2(9)  - 37/4 in 8.2 ov.
  ⚠ DIVERGENCE: BAT_dube: ui=19(35) cb=10(8) | BOWLER: ui=Arshad Khan cb=Jason Holder

[16:39:06  iter#181]
  UI: Chennai Super Kings 63-4 (12.5)  str=Ruturaj Gaikwad nstr=Shivam Dube  bowl=Arshad Khan 0-13 (1.5)
  this_over=['.', '6', '.', '6', '.']  fow=4 (unk=0)  last_fow={'wicket': 4, 'batter': 'Dewald Brevis', 'score': 37, 'overs': '8.2', 'bowler': 'Manav Suthar', 'how': None, '_unwitnessed': False}
  delivery: len=good_length line=leg_stump shot=in_the_air [layer2]
  extras: this_over=3 innings=0 [w3/nb0/b0/lb0]
  extras_log: [{'over': '0.5', 'type': 'wide', 'runs': 1, 'this_over_after': []}, {'over': '6.2', 'type': 'wide', 'runs': 1, 'this_over_after': []}, {'over': '11.3', 'type': 'wide', 'runs': 1, 'this_over_after': []}]
  CB: CSK 63-4 (12.5)  crr=4.91  ps=26(27)  recent=0 6 0 6 0
  CB BAT: Ruturaj Gaikwad* 32(41), Shivam Dube 10(8)
  CB BOWL: Jason Holder 0-13 (3)
  LAST WKT: Dewald Brevis  c Shubman Gill b Manav Suthar 2(9)  - 37/4 in 8.2 ov.
  ⚠ DIVERGENCE: BAT_dube: ui=19(35) cb=10(8) | BOWLER: ui=Arshad Khan cb=Jason Holder

[16:39:28  iter#182]
  UI: Chennai Super Kings 63-4 (12.5)  str=Ruturaj Gaikwad nstr=Shivam Dube  bowl=Arshad Khan 0-13 (1.5)
  this_over=['.', '6', '.', '6', '.']  fow=4 (unk=0)  last_fow={'wicket': 4, 'batter': 'Dewald Brevis', 'score': 37, 'overs': '8.2', 'bowler': 'Manav Suthar', 'how': None, '_unwitnessed': False}
  delivery: len=good_length line=leg_stump shot=in_the_air [layer2]
  extras: this_over=3 innings=0 [w3/nb0/b0/lb0]
  extras_log: [{'over': '0.5', 'type': 'wide', 'runs': 1, 'this_over_after': []}, {'over': '6.2', 'type': 'wide', 'runs': 1, 'this_over_after': []}, {'over': '11.3', 'type': 'wide', 'runs': 1, 'this_over_after': []}]
  CB: CSK 66-4 (13)  crr=5.08  ps=29(28)  recent=0 6 0 6 0 3
  CB BAT: Ruturaj Gaikwad* 35(42), Shivam Dube 10(8)
  CB BOWL: Arshad Khan 0-16 (2)
  LAST WKT: Dewald Brevis  c Shubman Gill b Manav Suthar 2(9)  - 37/4 in 8.2 ov.
  ⚠ DIVERGENCE: SCORE: ui=63 cb=66 | OVERS: ui=12.5 cb=13 | BAT_gaikwad: ui=32(41) cb=35(42) | BAT_dube: ui=19(35) cb=10(8) | BOWL_R: ui=13 cb=16 | BOWL_O: ui=1.5 cb=2

[16:39:50  iter#183]
  UI: Chennai Super Kings 66-4 (13.0)  str=Ruturaj Gaikwad nstr=Shivam Dube  bowl=Manav Suthar 1-7 (1.5)
  this_over=['.', '6', '.', '6', '.', '3']  fow=4 (unk=0)  last_fow={'wicket': 4, 'batter': 'Dewald Brevis', 'score': 37, 'overs': '8.2', 'bowler': 'Manav Suthar', 'how': None, '_unwitnessed': False}
  delivery: len=short_of_length line=outside_off shot=in_the_air [layer2]
  extras: this_over=3 innings=0 [w3/nb0/b0/lb0]
  extras_log: [{'over': '0.5', 'type': 'wide', 'runs': 1, 'this_over_after': []}, {'over': '6.2', 'type': 'wide', 'runs': 1, 'this_over_after': []}, {'over': '11.3', 'type': 'wide', 'runs': 1, 'this_over_after': []}]
  CB: CSK 66-4 (13)  crr=5.08  ps=29(28)  recent=0 6 0 6 0 3
  CB BAT: Ruturaj Gaikwad* 35(42), Shivam Dube 10(8)
  CB BOWL: Arshad Khan 0-16 (2)
  LAST WKT: Dewald Brevis  c Shubman Gill b Manav Suthar 2(9)  - 37/4 in 8.2 ov.
  ⚠ DIVERGENCE: OVERS: ui=13.0 cb=13 | BAT_dube: ui=19(35) cb=10(8) | BOWLER: ui=Manav Suthar cb=Arshad Khan

[16:40:14  iter#184]
  WS ERR: ''
  CB: CSK 66-4 (13)  crr=5.08  ps=29(28)  recent=0 6 0 6 0 3
  CB BAT: Ruturaj Gaikwad* 35(42), Shivam Dube 10(8)
  CB BOWL: Arshad Khan 0-16 (2)
  LAST WKT: Dewald Brevis  c Shubman Gill b Manav Suthar 2(9)  - 37/4 in 8.2 ov.
  ⚠ DIVERGENCE: BATTERS_MISSING_IN_UI: {'gaikwad', 'dube'} (ui=set(), cb={'gaikwad', 'dube'}) | BOWLER: ui=None cb=Arshad Khan

[16:40:35  iter#185]
  UI: Chennai Super Kings 66-4 (13.0)  str=Ruturaj Gaikwad nstr=Shivam Dube  bowl=Manav Suthar 1-7 (1.5)
  this_over=['.', '6', '.', '6', '.', '3']  fow=4 (unk=0)  last_fow={'wicket': 4, 'batter': 'Dewald Brevis', 'score': 37, 'overs': '8.2', 'bowler': 'Manav Suthar', 'how': None, '_unwitnessed': False}
  delivery: len=short_of_length line=outside_off shot=in_the_air [layer2]
  extras: this_over=3 innings=0 [w3/nb0/b0/lb0]
  extras_log: [{'over': '0.5', 'type': 'wide', 'runs': 1, 'this_over_after': []}, {'over': '6.2', 'type': 'wide', 'runs': 1, 'this_over_after': []}, {'over': '11.3', 'type': 'wide', 'runs': 1, 'this_over_after': []}]
  CB: CSK 66-4 (13)  crr=5.08  ps=29(28)  recent=0 6 0 6 0 3
  CB BAT: Ruturaj Gaikwad* 35(42), Shivam Dube 10(8)
  CB BOWL: Arshad Khan 0-16 (2)
  LAST WKT: Dewald Brevis  c Shubman Gill b Manav Suthar 2(9)  - 37/4 in 8.2 ov.
  ⚠ DIVERGENCE: OVERS: ui=13.0 cb=13 | BAT_dube: ui=19(35) cb=10(8) | BOWLER: ui=Manav Suthar cb=Arshad Khan

[16:40:57  iter#186]
  UI: Chennai Super Kings 66-4 (13.0)  str=Ruturaj Gaikwad nstr=Shivam Dube  bowl=Manav Suthar 1-7 (1.5)
  this_over=['.', '6', '.', '6', '.', '3']  fow=4 (unk=0)  last_fow={'wicket': 4, 'batter': 'Dewald Brevis', 'score': 37, 'overs': '8.2', 'bowler': 'Manav Suthar', 'how': None, '_unwitnessed': False}
  delivery: len=short_of_length line=outside_off shot=in_the_air [layer2]
  extras: this_over=3 innings=0 [w3/nb0/b0/lb0]
  extras_log: [{'over': '0.5', 'type': 'wide', 'runs': 1, 'this_over_after': []}, {'over': '6.2', 'type': 'wide', 'runs': 1, 'this_over_after': []}, {'over': '11.3', 'type': 'wide', 'runs': 1, 'this_over_after': []}]
  CB: CSK 66-4 (13)  crr=5.08  ps=29(28)  recent=...
  CB BAT: Ruturaj Gaikwad* 35(42), Shivam Dube 10(8)
  CB BOWL: Arshad Khan 0-16 (2)
  LAST WKT: Dewald Brevis  c Shubman Gill b Manav Suthar 2(9)  - 37/4 in 8.2 ov.
  ⚠ DIVERGENCE: OVERS: ui=13.0 cb=13 | BAT_dube: ui=19(35) cb=10(8) | BOWLER: ui=Manav Suthar cb=Arshad Khan

[16:41:18  iter#187]
  UI: Chennai Super Kings 66-4 (13.0)  str=Ruturaj Gaikwad nstr=Shivam Dube  bowl=Manav Suthar 1-7 (1.5)
  this_over=['.', '6', '.', '6', '.', '3']  fow=4 (unk=0)  last_fow={'wicket': 4, 'batter': 'Dewald Brevis', 'score': 37, 'overs': '8.2', 'bowler': 'Manav Suthar', 'how': None, '_unwitnessed': False}
  delivery: len=short_of_length line=outside_off shot=in_the_air [layer2]
  extras: this_over=3 innings=0 [w3/nb0/b0/lb0]
  extras_log: [{'over': '0.5', 'type': 'wide', 'runs': 1, 'this_over_after': []}, {'over': '6.2', 'type': 'wide', 'runs': 1, 'this_over_after': []}, {'over': '11.3', 'type': 'wide', 'runs': 1, 'this_over_after': []}]
  CB: CSK 66-4 (13)  crr=5.08  ps=29(28)  recent=...
  CB BAT: Ruturaj Gaikwad* 35(42), Shivam Dube 10(8)
  CB BOWL: Arshad Khan 0-16 (2)
  LAST WKT: Dewald Brevis  c Shubman Gill b Manav Suthar 2(9)  - 37/4 in 8.2 ov.
  ⚠ DIVERGENCE: OVERS: ui=13.0 cb=13 | BAT_dube: ui=19(35) cb=10(8) | BOWLER: ui=Manav Suthar cb=Arshad Khan

[16:41:43  iter#188]
  UI: Chennai Super Kings 66-4 (13.0)  str=Ruturaj Gaikwad nstr=Shivam Dube  bowl=Manav Suthar 1-7 (1.5)
  this_over=['.', '6', '.', '6', '.', '3']  fow=4 (unk=0)  last_fow={'wicket': 4, 'batter': 'Dewald Brevis', 'score': 37, 'overs': '8.2', 'bowler': 'Manav Suthar', 'how': None, '_unwitnessed': False}
  delivery: len=short_of_length line=outside_off shot=in_the_air [layer2]
  extras: this_over=3 innings=0 [w3/nb0/b0/lb0]
  extras_log: [{'over': '0.5', 'type': 'wide', 'runs': 1, 'this_over_after': []}, {'over': '6.2', 'type': 'wide', 'runs': 1, 'this_over_after': []}, {'over': '11.3', 'type': 'wide', 'runs': 1, 'this_over_after': []}]
  CB: CSK 66-4 (13)  crr=5.08  ps=29(28)  recent=...
  CB BAT: Ruturaj Gaikwad* 35(42), Shivam Dube 10(8)
  CB BOWL: Arshad Khan 0-16 (2)
  LAST WKT: Dewald Brevis  c Shubman Gill b Manav Suthar 2(9)  - 37/4 in 8.2 ov.
  ⚠ DIVERGENCE: OVERS: ui=13.0 cb=13 | BAT_dube: ui=19(35) cb=10(8) | BOWLER: ui=Manav Suthar cb=Arshad Khan

[16:42:07  iter#189]
  UI: Chennai Super Kings 66-4 (13.0)  str=Ruturaj Gaikwad nstr=Shivam Dube  bowl=Manav Suthar 1-7 (1.5)
  this_over=['.', '6', '.', '6', '.', '3']  fow=4 (unk=0)  last_fow={'wicket': 4, 'batter': 'Dewald Brevis', 'score': 37, 'overs': '8.2', 'bowler': 'Manav Suthar', 'how': None, '_unwitnessed': False}
  delivery: len=short_of_length line=outside_off shot=in_the_air [layer2]
  extras: this_over=3 innings=0 [w3/nb0/b0/lb0]
  extras_log: [{'over': '0.5', 'type': 'wide', 'runs': 1, 'this_over_after': []}, {'over': '6.2', 'type': 'wide', 'runs': 1, 'this_over_after': []}, {'over': '11.3', 'type': 'wide', 'runs': 1, 'this_over_after': []}]
  CB: CSK 66-4 (13)  crr=5.08  ps=29(28)  recent=...
  CB BAT: Ruturaj Gaikwad* 35(42), Shivam Dube 10(8)
  CB BOWL: Arshad Khan 0-16 (2)
  LAST WKT: Dewald Brevis  c Shubman Gill b Manav Suthar 2(9)  - 37/4 in 8.2 ov.
  ⚠ DIVERGENCE: OVERS: ui=13.0 cb=13 | BAT_dube: ui=19(35) cb=10(8) | BOWLER: ui=Manav Suthar cb=Arshad Khan

[16:42:28  iter#190]
  UI: Chennai Super Kings 66-4 (13.0)  str=Ruturaj Gaikwad nstr=Shivam Dube  bowl=Manav Suthar 1-7 (1.5)
  this_over=['.', '6', '.', '6', '.', '3']  fow=4 (unk=0)  last_fow={'wicket': 4, 'batter': 'Dewald Brevis', 'score': 37, 'overs': '8.2', 'bowler': 'Manav Suthar', 'how': None, '_unwitnessed': False}
  delivery: len=short_of_length line=outside_off shot=in_the_air [layer2]
  extras: this_over=3 innings=0 [w3/nb0/b0/lb0]
  extras_log: [{'over': '0.5', 'type': 'wide', 'runs': 1, 'this_over_after': []}, {'over': '6.2', 'type': 'wide', 'runs': 1, 'this_over_after': []}, {'over': '11.3', 'type': 'wide', 'runs': 1, 'this_over_after': []}]
  CB: CSK 66-4 (13)  crr=5.08  ps=29(28)  recent=...
  CB BAT: Ruturaj Gaikwad* 35(42), Shivam Dube 10(8)
  CB BOWL: Arshad Khan 0-16 (2)
  LAST WKT: Dewald Brevis  c Shubman Gill b Manav Suthar 2(9)  - 37/4 in 8.2 ov.
  ⚠ DIVERGENCE: OVERS: ui=13.0 cb=13 | BAT_dube: ui=19(35) cb=10(8) | BOWLER: ui=Manav Suthar cb=Arshad Khan

[16:42:48  iter#191]
  UI: Chennai Super Kings 66-4 (13.0)  str=Ruturaj Gaikwad nstr=Shivam Dube  bowl=Manav Suthar 1-7 (1.5)
  this_over=['.', '6', '.', '6', '.', '3']  fow=4 (unk=0)  last_fow={'wicket': 4, 'batter': 'Dewald Brevis', 'score': 37, 'overs': '8.2', 'bowler': 'Manav Suthar', 'how': None, '_unwitnessed': False}
  delivery: len=short_of_length line=outside_off shot=in_the_air [layer2]
  extras: this_over=3 innings=0 [w3/nb0/b0/lb0]
  extras_log: [{'over': '0.5', 'type': 'wide', 'runs': 1, 'this_over_after': []}, {'over': '6.2', 'type': 'wide', 'runs': 1, 'this_over_after': []}, {'over': '11.3', 'type': 'wide', 'runs': 1, 'this_over_after': []}]
  CB: CSK 72-4 (13.1)  crr=5.47  ps=35(29)  recent=6
  CB BAT: Ruturaj Gaikwad* 41(43), Shivam Dube 10(8)
  CB BOWL: Arshad Khan 0-16 (2)
  LAST WKT: Dewald Brevis  c Shubman Gill b Manav Suthar 2(9)  - 37/4 in 8.2 ov.
  ⚠ DIVERGENCE: SCORE: ui=66 cb=72 | OVERS: ui=13.0 cb=13.1 | BAT_gaikwad: ui=35(42) cb=41(43) | BAT_dube: ui=19(35) cb=10(8) | BOWLER: ui=Manav Suthar cb=Arshad Khan

[16:43:12  iter#192]
  UI: CSK 72-4 (13.1)  str=Ruturaj Gaikwad nstr=Shivam Dube  bowl=None None-None (None)
  this_over=['6']  fow=0 (unk=0)  last_fow=None
  delivery: len=short_of_length line=outside_off shot=in_the_air [layer2]
  extras: this_over=0 innings=None [w0/nb0/b0/lb0]
  CB: CSK 72-4 (13.1)  crr=5.47  ps=35(29)  recent=6
  CB BAT: Ruturaj Gaikwad* 41(43), Shivam Dube 10(8)
  CB BOWL: Arshad Khan 0-16 (2)
  LAST WKT: Dewald Brevis  c Shubman Gill b Manav Suthar 2(9)  - 37/4 in 8.2 ov.
  ⚠ DIVERGENCE: FOW_COUNT: ui=0 vs wickets=4 | BOWLER: ui=None cb=Arshad Khan

[16:43:36  iter#193]
  WS ERR: ''
  CB: CSK 72-4 (13.1)  crr=5.47  ps=35(29)  recent=6
  CB BAT: Ruturaj Gaikwad* 41(43), Shivam Dube 10(8)
  CB BOWL: Arshad Khan 0-16 (2)
  LAST WKT: Dewald Brevis  c Shubman Gill b Manav Suthar 2(9)  - 37/4 in 8.2 ov.
  ⚠ DIVERGENCE: BATTERS_MISSING_IN_UI: {'gaikwad', 'dube'} (ui=set(), cb={'gaikwad', 'dube'}) | BOWLER: ui=None cb=Arshad Khan

[16:43:58  iter#194]
  UI: Chennai Super Kings 73-4 (13.2)  str=Shivam Dube nstr=Ruturaj Gaikwad  bowl=Jason Holder 2-13 (3.5)
  this_over=['6', '1']  fow=4 (unk=0)  last_fow={'wicket': 4, 'batter': 'Dewald Brevis', 'score': 37, 'overs': '8.2', 'bowler': 'Manav Suthar', 'how': None, '_unwitnessed': False}
  delivery: len=good_length line=outside_off shot=in_the_air [layer2]
  extras: this_over=3 innings=0 [w3/nb0/b0/lb0]
  extras_log: [{'over': '0.5', 'type': 'wide', 'runs': 1, 'this_over_after': []}, {'over': '6.2', 'type': 'wide', 'runs': 1, 'this_over_after': []}, {'over': '11.3', 'type': 'wide', 'runs': 1, 'this_over_after': []}]
  CB: CSK 73-4 (13.2)  crr=5.47  ps=36(30)  recent=6 1
  CB BAT: Shivam Dube* 10(8), Ruturaj Gaikwad 42(44)
  CB BOWL: Arshad Khan 0-16 (2)
  LAST WKT: Dewald Brevis  c Shubman Gill b Manav Suthar 2(9)  - 37/4 in 8.2 ov.
  ⚠ DIVERGENCE: BAT_dube: ui=19(35) cb=10(8) | BAT_gaikwad: ui=41(43) cb=42(44) | BOWLER: ui=Jason Holder cb=Arshad Khan

[16:44:19  iter#195]
  UI: Chennai Super Kings 73-4 (13.2)  str=Shivam Dube nstr=Ruturaj Gaikwad  bowl=Jason Holder 2-13 (3.5)
  this_over=['6', '1']  fow=4 (unk=0)  last_fow={'wicket': 4, 'batter': 'Dewald Brevis', 'score': 37, 'overs': '8.2', 'bowler': 'Manav Suthar', 'how': None, '_unwitnessed': False}
  delivery: len=short_of_length line=outside_off shot=in_the_air [layer2]
  extras: this_over=3 innings=0 [w3/nb0/b0/lb0]
  extras_log: [{'over': '0.5', 'type': 'wide', 'runs': 1, 'this_over_after': []}, {'over': '6.2', 'type': 'wide', 'runs': 1, 'this_over_after': []}, {'over': '11.3', 'type': 'wide', 'runs': 1, 'this_over_after': []}]
  CB: CSK 73-4 (13.3)  crr=5.41  ps=36(31)  recent=6 1 0
  CB BAT: Shivam Dube* 10(9), Ruturaj Gaikwad 42(44)
  CB BOWL: Arshad Khan 0-16 (2)
  LAST WKT: Dewald Brevis  c Shubman Gill b Manav Suthar 2(9)  - 37/4 in 8.2 ov.
  ⚠ DIVERGENCE: OVERS: ui=13.2 cb=13.3 | BAT_dube: ui=19(35) cb=10(9) | BAT_gaikwad: ui=41(43) cb=42(44) | BOWLER: ui=Jason Holder cb=Arshad Khan

[16:44:42  iter#196]
  UI: Chennai Super Kings 73-4 (13.3)  str=Shivam Dube nstr=Ruturaj Gaikwad  bowl=Jason Holder 2-13 (3.5)
  this_over=['6', '1', '.']  fow=4 (unk=0)  last_fow={'wicket': 4, 'batter': 'Dewald Brevis', 'score': 37, 'overs': '8.2', 'bowler': 'Manav Suthar', 'how': None, '_unwitnessed': False}
  delivery: len=short_of_length line=outside_off shot=in_the_air [layer2]
  extras: this_over=3 innings=0 [w3/nb0/b0/lb0]
  extras_log: [{'over': '0.5', 'type': 'wide', 'runs': 1, 'this_over_after': []}, {'over': '6.2', 'type': 'wide', 'runs': 1, 'this_over_after': []}, {'over': '11.3', 'type': 'wide', 'runs': 1, 'this_over_after': []}]
  CB: CSK 73-4 (13.3)  crr=5.41  ps=36(31)  recent=6 1 0
  CB BAT: Shivam Dube* 10(9), Ruturaj Gaikwad 42(44)
  CB BOWL: Arshad Khan 0-16 (2)
  LAST WKT: Dewald Brevis  c Shubman Gill b Manav Suthar 2(9)  - 37/4 in 8.2 ov.
  ⚠ DIVERGENCE: BAT_dube: ui=19(35) cb=10(9) | BOWLER: ui=Jason Holder cb=Arshad Khan

[16:45:06  iter#197]
  UI: Chennai Super Kings 73-4 (13.4)  str=Shivam Dube nstr=Ruturaj Gaikwad  bowl=Jason Holder 2-13 (3.5)
  this_over=['6', '1', '.', '.']  fow=4 (unk=0)  last_fow={'wicket': 4, 'batter': 'Dewald Brevis', 'score': 37, 'overs': '8.2', 'bowler': 'Manav Suthar', 'how': None, '_unwitnessed': False}
  delivery: len=short_of_length line=leg_stump shot=in_the_air [layer2]
  extras: this_over=3 innings=0 [w3/nb0/b0/lb0]
  extras_log: [{'over': '0.5', 'type': 'wide', 'runs': 1, 'this_over_after': []}, {'over': '6.2', 'type': 'wide', 'runs': 1, 'this_over_after': []}, {'over': '11.3', 'type': 'wide', 'runs': 1, 'this_over_after': []}]
  CB: CSK 73-4 (13.4)  crr=5.34  ps=36(32)  recent=6 1 0 0
  CB BAT: Shivam Dube* 10(10), Ruturaj Gaikwad 42(44)
  CB BOWL: Arshad Khan 0-16 (2)
  LAST WKT: Dewald Brevis  c Shubman Gill b Manav Suthar 2(9)  - 37/4 in 8.2 ov.
  ⚠ DIVERGENCE: BAT_dube: ui=19(35) cb=10(10) | BOWLER: ui=Jason Holder cb=Arshad Khan

[16:45:27  iter#198]
  UI: Chennai Super Kings 73-4 (13.4)  str=Shivam Dube nstr=Ruturaj Gaikwad  bowl=Jason Holder 2-13 (3.5)
  this_over=['6', '1', '.', '.']  fow=4 (unk=0)  last_fow={'wicket': 4, 'batter': 'Dewald Brevis', 'score': 37, 'overs': '8.2', 'bowler': 'Manav Suthar', 'how': None, '_unwitnessed': False}
  delivery: len=short_of_length line=leg_stump shot=in_the_air [layer2]
  extras: this_over=3 innings=0 [w3/nb0/b0/lb0]
  extras_log: [{'over': '0.5', 'type': 'wide', 'runs': 1, 'this_over_after': []}, {'over': '6.2', 'type': 'wide', 'runs': 1, 'this_over_after': []}, {'over': '11.3', 'type': 'wide', 'runs': 1, 'this_over_after': []}]
  CB: CSK 74-4 (13.5)  crr=5.35  ps=37(33)  recent=6 1 0 0 1
  CB BAT: Ruturaj Gaikwad* 42(44), Shivam Dube 11(11)
  CB BOWL: Arshad Khan 0-16 (2)
  LAST WKT: Dewald Brevis  c Shubman Gill b Manav Suthar 2(9)  - 37/4 in 8.2 ov.
  ⚠ DIVERGENCE: SCORE: ui=73 cb=74 | OVERS: ui=13.4 cb=13.5 | STRIKER: ui=Shivam Dube cb=Ruturaj Gaikwad | BAT_dube: ui=19(35) cb=11(11) | BOWLER: ui=Jason Holder cb=Arshad Khan

[16:45:51  iter#199]
  UI: Chennai Super Kings 74-4 (13.5)  str=Ruturaj Gaikwad nstr=Shivam Dube  bowl=Jason Holder 2-21 (3.5)
  this_over=['6', '1', '.', '.', '1']  fow=4 (unk=0)  last_fow={'wicket': 4, 'batter': 'Dewald Brevis', 'score': 37, 'overs': '8.2', 'bowler': 'Manav Suthar', 'how': None, '_unwitnessed': False}
  delivery: len=short_of_length line=outside_off shot=in_the_air [layer2]
  extras: this_over=3 innings=0 [w3/nb0/b0/lb0]
  extras_log: [{'over': '0.5', 'type': 'wide', 'runs': 1, 'this_over_after': []}, {'over': '6.2', 'type': 'wide', 'runs': 1, 'this_over_after': []}, {'over': '11.3', 'type': 'wide', 'runs': 1, 'this_over_after': []}]
  CB: CSK 74-4 (13.5)  crr=5.35  ps=37(33)  recent=6 1 0 0 1
  CB BAT: Ruturaj Gaikwad* 42(44), Shivam Dube 11(11)
  CB BOWL: Arshad Khan 0-16 (2)
  LAST WKT: Dewald Brevis  c Shubman Gill b Manav Suthar 2(9)  - 37/4 in 8.2 ov.
  ⚠ DIVERGENCE: BAT_dube: ui=19(35) cb=11(11) | BOWLER: ui=Jason Holder cb=Arshad Khan

[16:46:15  iter#200]
  UI: CSK 75-4 (14.0)  str=Ruturaj Gaikwad nstr=Shivam Dube  bowl=None None-None (None)
  this_over=['6', '1', '.', '.', '1', '1']  fow=0 (unk=0)  last_fow=None
  delivery: len=short_of_length line=outside_off shot=in_the_air [layer2]
  extras: this_over=0 innings=None [w0/nb0/b0/lb0]
  CB: CSK 75-4 (14)  crr=5.36  ps=38(34)  recent=6 1 0 0 1 1
  CB BAT: Ruturaj Gaikwad* 43(45), Shivam Dube 11(11)
  CB BOWL: Jason Holder 0-22 (4)
  LAST WKT: Dewald Brevis  c Shubman Gill b Manav Suthar 2(9)  - 37/4 in 8.2 ov.
  ⚠ DIVERGENCE: OVERS: ui=14.0 cb=14 | FOW_COUNT: ui=0 vs wickets=4 | BOWLER: ui=None cb=Jason Holder

[16:46:36  iter#201]
  UI: Chennai Super Kings 75-4 (14.0)  str=Ruturaj Gaikwad nstr=Shivam Dube  bowl=Manav Suthar 1-7 (1.5)
  this_over=['6', '1', '.', '.', '1', '1']  fow=4 (unk=0)  last_fow={'wicket': 4, 'batter': 'Dewald Brevis', 'score': 37, 'overs': '8.2', 'bowler': 'Manav Suthar', 'how': None, '_unwitnessed': False}
  delivery: len=short_of_length line=outside_off shot=in_the_air [layer2]
  extras: this_over=3 innings=0 [w3/nb0/b0/lb0]
  extras_log: [{'over': '0.5', 'type': 'wide', 'runs': 1, 'this_over_after': []}, {'over': '6.2', 'type': 'wide', 'runs': 1, 'this_over_after': []}, {'over': '11.3', 'type': 'wide', 'runs': 1, 'this_over_after': []}]
  CB: CSK 75-4 (14)  crr=5.36  ps=38(34)  recent=6 1 0 0 1 1
  CB BAT: Ruturaj Gaikwad* 43(45), Shivam Dube 11(11)
  CB BOWL: Jason Holder 0-22 (4)
  LAST WKT: Dewald Brevis  c Shubman Gill b Manav Suthar 2(9)  - 37/4 in 8.2 ov.
  ⚠ DIVERGENCE: OVERS: ui=14.0 cb=14 | BAT_dube: ui=19(35) cb=11(11) | BOWLER: ui=Manav Suthar cb=Jason Holder

[16:46:56  iter#202]
  UI: Chennai Super Kings 75-4 (14.0)  str=Ruturaj Gaikwad nstr=Shivam Dube  bowl=Manav Suthar 1-7 (1.5)
  this_over=['6', '1', '.', '.', '1', '1']  fow=4 (unk=0)  last_fow={'wicket': 4, 'batter': 'Dewald Brevis', 'score': 37, 'overs': '8.2', 'bowler': 'Manav Suthar', 'how': None, '_unwitnessed': False}
  delivery: len=short_of_length line=outside_off shot=in_the_air [layer2]
  extras: this_over=3 innings=0 [w3/nb0/b0/lb0]
  extras_log: [{'over': '0.5', 'type': 'wide', 'runs': 1, 'this_over_after': []}, {'over': '6.2', 'type': 'wide', 'runs': 1, 'this_over_after': []}, {'over': '11.3', 'type': 'wide', 'runs': 1, 'this_over_after': []}]
  CB: CSK 75-4 (14)  crr=5.36  ps=38(34)  recent=...
  CB BAT: Ruturaj Gaikwad* 43(45), Shivam Dube 11(11)
  CB BOWL: Jason Holder 0-22 (4)
  LAST WKT: Dewald Brevis  c Shubman Gill b Manav Suthar 2(9)  - 37/4 in 8.2 ov.
  ⚠ DIVERGENCE: OVERS: ui=14.0 cb=14 | BAT_dube: ui=19(35) cb=11(11) | BOWLER: ui=Manav Suthar cb=Jason Holder

[16:47:18  iter#203]
  UI: Chennai Super Kings 75-4 (14.0)  str=Ruturaj Gaikwad nstr=Shivam Dube  bowl=Manav Suthar 1-7 (1.5)
  this_over=['6', '1', '.', '.', '1', '1']  fow=4 (unk=0)  last_fow={'wicket': 4, 'batter': 'Dewald Brevis', 'score': 37, 'overs': '8.2', 'bowler': 'Manav Suthar', 'how': None, '_unwitnessed': False}
  delivery: len=short_of_length line=outside_off shot=in_the_air [layer2]
  extras: this_over=3 innings=0 [w3/nb0/b0/lb0]
  extras_log: [{'over': '0.5', 'type': 'wide', 'runs': 1, 'this_over_after': []}, {'over': '6.2', 'type': 'wide', 'runs': 1, 'this_over_after': []}, {'over': '11.3', 'type': 'wide', 'runs': 1, 'this_over_after': []}]
  CB: CSK 75-4 (14.1)  crr=5.29  ps=38(35)  recent=0
  CB BAT: Ruturaj Gaikwad* 43(46), Shivam Dube 11(11)
  CB BOWL: Jason Holder 0-22 (4)
  LAST WKT: Dewald Brevis  c Shubman Gill b Manav Suthar 2(9)  - 37/4 in 8.2 ov.
  ⚠ DIVERGENCE: OVERS: ui=14.0 cb=14.1 | BAT_gaikwad: ui=43(45) cb=43(46) | BAT_dube: ui=19(35) cb=11(11) | BOWLER: ui=Manav Suthar cb=Jason Holder

[16:47:43  iter#204]
  WS ERR: ''
  CB: CSK 75-4 (14.1)  crr=5.29  ps=38(35)  recent=0
  CB BAT: Ruturaj Gaikwad* 43(46), Shivam Dube 11(11)
  CB BOWL: Jason Holder 0-22 (4)
  LAST WKT: Dewald Brevis  c Shubman Gill b Manav Suthar 2(9)  - 37/4 in 8.2 ov.
  ⚠ DIVERGENCE: BATTERS_MISSING_IN_UI: {'gaikwad', 'dube'} (ui=set(), cb={'gaikwad', 'dube'}) | BOWLER: ui=None cb=Jason Holder

[16:48:03  iter#205]
  UI: CSK 76-4 (14.2)  str=Shivam Dube nstr=Ruturaj Gaikwad  bowl=None None-None (None)
  this_over=['.', '1']  fow=0 (unk=0)  last_fow=None
  delivery: len=short_of_length line=outside_off shot=in_the_air [layer2]
  extras: this_over=0 innings=None [w0/nb0/b0/lb0]
  CB: CSK 76-4 (14.2)  crr=5.3  ps=39(36)  recent=0 1
  CB BAT: Shivam Dube* 11(11), Ruturaj Gaikwad 44(47)
  CB BOWL: Jason Holder 0-22 (4)
  LAST WKT: Dewald Brevis  c Shubman Gill b Manav Suthar 2(9)  - 37/4 in 8.2 ov.
  ⚠ DIVERGENCE: FOW_COUNT: ui=0 vs wickets=4 | BOWLER: ui=None cb=Jason Holder

[16:48:26  iter#206]
  UI: Chennai Super Kings 76-4 (14.2)  str=Shivam Dube nstr=Ruturaj Gaikwad  bowl=Rashid Khan 0-17 (3.1)
  this_over=['.', '1']  fow=4 (unk=0)  last_fow={'wicket': 4, 'batter': 'Dewald Brevis', 'score': 37, 'overs': '8.2', 'bowler': 'Manav Suthar', 'how': None, '_unwitnessed': False}
  delivery: len=short_of_length line=outside_off shot=in_the_air [layer2]
  extras: this_over=3 innings=0 [w3/nb0/b0/lb0]
  extras_log: [{'over': '0.5', 'type': 'wide', 'runs': 1, 'this_over_after': []}, {'over': '6.2', 'type': 'wide', 'runs': 1, 'this_over_after': []}, {'over': '11.3', 'type': 'wide', 'runs': 1, 'this_over_after': []}]
  CB: CSK 76-4 (14.2)  crr=5.3  ps=39(36)  recent=0 1
  CB BAT: Shivam Dube* 11(11), Ruturaj Gaikwad 44(47)
  CB BOWL: Jason Holder 0-22 (4)
  LAST WKT: Dewald Brevis  c Shubman Gill b Manav Suthar 2(9)  - 37/4 in 8.2 ov.
  ⚠ DIVERGENCE: BAT_dube: ui=19(35) cb=11(11) | BOWLER: ui=Rashid Khan cb=Jason Holder

[16:48:47  iter#207]
  UI: Chennai Super Kings 81-4 (14.2)  str=Shivam Dube nstr=Ruturaj Gaikwad  bowl=Rashid Khan 0-17 (3.1)
  this_over=['.', '1', 'Wd+4']  fow=4 (unk=0)  last_fow={'wicket': 4, 'batter': 'Dewald Brevis', 'score': 37, 'overs': '8.2', 'bowler': 'Manav Suthar', 'how': None, '_unwitnessed': False}
  delivery: len=short_of_length line=leg_stump shot=in_the_air [layer2]
  extras: this_over=4 innings=0 [w8/nb0/b0/lb0]
  extras_log: [{'over': '6.2', 'type': 'wide', 'runs': 1, 'this_over_after': []}, {'over': '11.3', 'type': 'wide', 'runs': 1, 'this_over_after': []}, {'over': '14.2', 'type': 'wide', 'runs': 5, 'this_over_after': []}]
  CB: CSK 81-4 (14.2)  crr=5.65  ps=44(36)  recent=0 1 W
  CB BAT: Shivam Dube* 11(11), Ruturaj Gaikwad 44(47)
  CB BOWL: Jason Holder 0-22 (4)
  LAST WKT: Dewald Brevis  c Shubman Gill b Manav Suthar 2(9)  - 37/4 in 8.2 ov.
  ⚠ DIVERGENCE: BAT_dube: ui=19(35) cb=11(11) | BOWLER: ui=Rashid Khan cb=Jason Holder

[16:49:11  iter#208]
  WS ERR: ''
  CB: CSK 85-4 (14.3)  crr=5.86  ps=48(37)  recent=0 1 W
  CB BAT: Shivam Dube* 15(12), Ruturaj Gaikwad 44(47)
  CB BOWL: Jason Holder 0-22 (4)
  LAST WKT: Dewald Brevis  c Shubman Gill b Manav Suthar 2(9)  - 37/4 in 8.2 ov.
  ⚠ DIVERGENCE: BATTERS_MISSING_IN_UI: {'gaikwad', 'dube'} (ui=set(), cb={'gaikwad', 'dube'}) | BOWLER: ui=None cb=Jason Holder

[16:49:33  iter#209]
  UI: Chennai Super Kings 85-4 (14.3)  str=Shivam Dube nstr=Ruturaj Gaikwad  bowl=Rashid Khan 0-17 (3.2)
  this_over=['.', '1', 'Wd+4', '4']  fow=4 (unk=0)  last_fow={'wicket': 4, 'batter': 'Dewald Brevis', 'score': 37, 'overs': '8.2', 'bowler': 'Manav Suthar', 'how': None, '_unwitnessed': False}
  delivery: len=short_of_length line=leg_stump shot=in_the_air [layer2]
  extras: this_over=4 innings=0 [w8/nb0/b0/lb0]
  extras_log: [{'over': '6.2', 'type': 'wide', 'runs': 1, 'this_over_after': []}, {'over': '11.3', 'type': 'wide', 'runs': 1, 'this_over_after': []}, {'over': '14.2', 'type': 'wide', 'runs': 5, 'this_over_after': []}]
  CB: CSK 85-4 (14.3)  crr=5.86  ps=48(37)  recent=0 1 W
  CB BAT: Shivam Dube* 15(12), Ruturaj Gaikwad 44(47)
  CB BOWL: Jason Holder 0-22 (4)
  LAST WKT: Dewald Brevis  c Shubman Gill b Manav Suthar 2(9)  - 37/4 in 8.2 ov.
  ⚠ DIVERGENCE: BAT_dube: ui=19(35) cb=15(12) | BOWLER: ui=Rashid Khan cb=Jason Holder

[16:49:55  iter#210]
  UI: Chennai Super Kings 85-4 (14.3)  str=Shivam Dube nstr=Ruturaj Gaikwad  bowl=Rashid Khan 0-17 (3.2)
  this_over=['.', '1', 'Wd+4', '4']  fow=4 (unk=0)  last_fow={'wicket': 4, 'batter': 'Dewald Brevis', 'score': 37, 'overs': '8.2', 'bowler': 'Manav Suthar', 'how': None, '_unwitnessed': False}
  delivery: len=short_of_length line=leg_stump shot=in_the_air [layer2]
  extras: this_over=4 innings=0 [w8/nb0/b0/lb0]
  extras_log: [{'over': '6.2', 'type': 'wide', 'runs': 1, 'this_over_after': []}, {'over': '11.3', 'type': 'wide', 'runs': 1, 'this_over_after': []}, {'over': '14.2', 'type': 'wide', 'runs': 5, 'this_over_after': []}]
  CB: CSK 85-4 (14.3)  crr=5.86  ps=48(37)  recent=0 1 W
  CB BAT: Shivam Dube* 15(12), Ruturaj Gaikwad 44(47)
  CB BOWL: Jason Holder 0-22 (4)
  LAST WKT: Dewald Brevis  c Shubman Gill b Manav Suthar 2(9)  - 37/4 in 8.2 ov.
  ⚠ DIVERGENCE: BAT_dube: ui=19(35) cb=15(12) | BOWLER: ui=Rashid Khan cb=Jason Holder

[16:50:16  iter#211]
  UI: Chennai Super Kings 85-4 (14.3)  str=Shivam Dube nstr=Ruturaj Gaikwad  bowl=Rashid Khan 0-17 (3.2)
  this_over=['.', '1', 'Wd+4', '4']  fow=4 (unk=0)  last_fow={'wicket': 4, 'batter': 'Dewald Brevis', 'score': 37, 'overs': '8.2', 'bowler': 'Manav Suthar', 'how': None, '_unwitnessed': False}
  delivery: len=short_of_length line=leg_stump shot=in_the_air [layer2]
  extras: this_over=4 innings=0 [w8/nb0/b0/lb0]
  extras_log: [{'over': '6.2', 'type': 'wide', 'runs': 1, 'this_over_after': []}, {'over': '11.3', 'type': 'wide', 'runs': 1, 'this_over_after': []}, {'over': '14.2', 'type': 'wide', 'runs': 5, 'this_over_after': []}]
  CB: CSK 91-4 (14.4)  crr=6.2  ps=54(38)  recent=0 1 W
  CB BAT: Shivam Dube* 21(13), Ruturaj Gaikwad 44(47)
  CB BOWL: Jason Holder 0-22 (4)
  LAST WKT: Dewald Brevis  c Shubman Gill b Manav Suthar 2(9)  - 37/4 in 8.2 ov.
  ⚠ DIVERGENCE: SCORE: ui=85 cb=91 | OVERS: ui=14.3 cb=14.4 | BAT_dube: ui=19(35) cb=21(13) | BOWLER: ui=Rashid Khan cb=Jason Holder

[16:50:37  iter#212]
  UI: Chennai Super Kings 91-4 (14.4)  str=Shivam Dube nstr=Ruturaj Gaikwad  bowl=Rashid Khan 0-17 (4)
  this_over=['.', '1', 'Wd+4', '4', '6']  fow=4 (unk=0)  last_fow={'wicket': 4, 'batter': 'Dewald Brevis', 'score': 37, 'overs': '8.2', 'bowler': 'Manav Suthar', 'how': None, '_unwitnessed': False}
  delivery: len=short_of_length line=leg_stump shot=in_the_air [layer2]
  extras: this_over=4 innings=0 [w8/nb0/b0/lb0]
  extras_log: [{'over': '6.2', 'type': 'wide', 'runs': 1, 'this_over_after': []}, {'over': '11.3', 'type': 'wide', 'runs': 1, 'this_over_after': []}, {'over': '14.2', 'type': 'wide', 'runs': 5, 'this_over_after': []}]
  CB: CSK 92-4 (14.5)  crr=6.2  ps=55(39)  recent=0 1 W
  CB BAT: Ruturaj Gaikwad* 44(47), Shivam Dube 22(14)
  CB BOWL: Jason Holder 0-22 (4)
  LAST WKT: Dewald Brevis  c Shubman Gill b Manav Suthar 2(9)  - 37/4 in 8.2 ov.
  ⚠ DIVERGENCE: SCORE: ui=91 cb=92 | OVERS: ui=14.4 cb=14.5 | STRIKER: ui=Shivam Dube cb=Ruturaj Gaikwad | BAT_dube: ui=19(35) cb=22(14) | BOWLER: ui=Rashid Khan cb=Jason Holder

[16:50:59  iter#213]
  UI: CSK 92-4 (14.5)  str=Ruturaj Gaikwad nstr=Shivam Dube  bowl=None None-None (None)
  this_over=['.', '1', 'Wd', '4', '6', '1']  fow=0 (unk=0)  last_fow=None
  delivery: len=short_of_length line=leg_stump shot=in_the_air [layer2]
  extras: this_over=0 innings=None [w0/nb0/b0/lb0]
  CB: CSK 92-4 (14.5)  crr=6.2  ps=55(39)  recent=0 1 W
  CB BAT: Ruturaj Gaikwad* 44(47), Shivam Dube 22(14)
  CB BOWL: Jason Holder 0-22 (4)
  LAST WKT: Dewald Brevis  c Shubman Gill b Manav Suthar 2(9)  - 37/4 in 8.2 ov.
  ⚠ DIVERGENCE: FOW_COUNT: ui=0 vs wickets=4 | BOWLER: ui=None cb=Jason Holder

[16:51:20  iter#214]
  UI: Chennai Super Kings 92-4 (14.5)  str=Ruturaj Gaikwad nstr=Shivam Dube  bowl=Rashid Khan 0-17 (4)
  this_over=['.', '1', 'Wd+4', '4', '6', '1']  fow=4 (unk=0)  last_fow={'wicket': 4, 'batter': 'Dewald Brevis', 'score': 37, 'overs': '8.2', 'bowler': 'Manav Suthar', 'how': None, '_unwitnessed': False}
  delivery: len=short_of_length line=outside_off shot=in_the_air [layer2]
  extras: this_over=4 innings=0 [w8/nb0/b0/lb0]
  extras_log: [{'over': '6.2', 'type': 'wide', 'runs': 1, 'this_over_after': []}, {'over': '11.3', 'type': 'wide', 'runs': 1, 'this_over_after': []}, {'over': '14.2', 'type': 'wide', 'runs': 5, 'this_over_after': []}]
  CB: CSK 96-4 (15)  crr=6.4  ps=59(40)  recent=0 1 W
  CB BAT: Shivam Dube* 22(14), Ruturaj Gaikwad 48(48)
  CB BOWL: Rashid Khan 0-21 (1)
  LAST WKT: Dewald Brevis  c Shubman Gill b Manav Suthar 2(9)  - 37/4 in 8.2 ov.
  ⚠ DIVERGENCE: SCORE: ui=92 cb=96 | OVERS: ui=14.5 cb=15 | STRIKER: ui=Ruturaj Gaikwad cb=Shivam Dube | BAT_dube: ui=19(35) cb=22(14) | BAT_gaikwad: ui=44(47) cb=48(48) | BOWL_R: ui=17 cb=21 | BOWL_O: ui=4 cb=1

[16:51:43  iter#215]
  UI: Chennai Super Kings 92-4 (14.5)  str=Ruturaj Gaikwad nstr=Shivam Dube  bowl=Rashid Khan 0-17 (4)
  this_over=['.', '1', 'Wd+4', '4', '6', '1']  fow=4 (unk=0)  last_fow={'wicket': 4, 'batter': 'Dewald Brevis', 'score': 37, 'overs': '8.2', 'bowler': 'Manav Suthar', 'how': None, '_unwitnessed': False}
  delivery: len=short_of_length line=outside_off shot=in_the_air [layer2]
  extras: this_over=4 innings=0 [w8/nb0/b0/lb0]
  extras_log: [{'over': '6.2', 'type': 'wide', 'runs': 1, 'this_over_after': []}, {'over': '11.3', 'type': 'wide', 'runs': 1, 'this_over_after': []}, {'over': '14.2', 'type': 'wide', 'runs': 5, 'this_over_after': []}]
  CB: CSK 96-4 (15)  crr=6.4  ps=59(40)  recent=...
  CB BAT: Shivam Dube* 22(14), Ruturaj Gaikwad 48(48)
  CB BOWL: Rashid Khan 0-21 (1)
  LAST WKT: Dewald Brevis  c Shubman Gill b Manav Suthar 2(9)  - 37/4 in 8.2 ov.
  ⚠ DIVERGENCE: SCORE: ui=92 cb=96 | OVERS: ui=14.5 cb=15 | STRIKER: ui=Ruturaj Gaikwad cb=Shivam Dube | BAT_dube: ui=19(35) cb=22(14) | BAT_gaikwad: ui=44(47) cb=48(48) | BOWL_R: ui=17 cb=21 | BOWL_O: ui=4 cb=1

[16:52:05  iter#216]
  UI: CSK 96-4 (15.0)  str=Shivam Dube nstr=Ruturaj Gaikwad  bowl=None None-None (None)
  this_over=['.', '1', 'Wd', '4', '6', '1', '4']  fow=0 (unk=0)  last_fow=None
  delivery: len=short_of_length line=outside_off shot=in_the_air [layer2]
  extras: this_over=0 innings=None [w0/nb0/b0/lb0]
  CB: CSK 96-4 (15)  crr=6.4  ps=59(40)  recent=0 1 W
  CB BAT: Shivam Dube* 22(14), Ruturaj Gaikwad 48(48)
  CB BOWL: Rashid Khan 0-21 (1)
  LAST WKT: Dewald Brevis  c Shubman Gill b Manav Suthar 2(9)  - 37/4 in 8.2 ov.
  ⚠ DIVERGENCE: OVERS: ui=15.0 cb=15 | FOW_COUNT: ui=0 vs wickets=4 | BOWLER: ui=None cb=Rashid Khan

[16:52:27  iter#217]
  UI: Chennai Super Kings 96-4 (15.0)  str=Ruturaj Gaikwad nstr=Shivam Dube  bowl=Manav Suthar 1-7 (1.5)
  this_over=['.', '1', 'Wd', '4', '6', '1', '4']  fow=4 (unk=0)  last_fow={'wicket': 4, 'batter': 'Dewald Brevis', 'score': 37, 'overs': '8.2', 'bowler': 'Manav Suthar', 'how': None, '_unwitnessed': False}
  delivery: len=good_length line=leg_stump shot=in_the_air [layer2]
  extras: this_over=4 innings=0 [w8/nb0/b0/lb0]
  extras_log: [{'over': '6.2', 'type': 'wide', 'runs': 1, 'this_over_after': []}, {'over': '11.3', 'type': 'wide', 'runs': 1, 'this_over_after': []}, {'over': '14.2', 'type': 'wide', 'runs': 5, 'this_over_after': []}]
  CB: CSK 96-4 (15)  crr=6.4  ps=59(40)  recent=...
  CB BAT: Shivam Dube* 22(14), Ruturaj Gaikwad 48(48)
  CB BOWL: Rashid Khan 0-21 (1)
  LAST WKT: Dewald Brevis  c Shubman Gill b Manav Suthar 2(9)  - 37/4 in 8.2 ov.
  ⚠ DIVERGENCE: OVERS: ui=15.0 cb=15 | STRIKER: ui=Ruturaj Gaikwad cb=Shivam Dube | BAT_dube: ui=19(35) cb=22(14) | BOWLER: ui=Manav Suthar cb=Rashid Khan

[16:52:48  iter#218]
  UI: Chennai Super Kings 96-4 (15.1)  str=Shivam Dube nstr=Ruturaj Gaikwad  bowl=Arshad Khan 0-16 (2.1)
  this_over=['.']  fow=4 (unk=0)  last_fow={'wicket': 4, 'batter': 'Dewald Brevis', 'score': 37, 'overs': '8.2', 'bowler': 'Manav Suthar', 'how': None, '_unwitnessed': False}
  delivery: len=good_length line=leg_stump shot=in_the_air [layer2]
  extras: this_over=4 innings=0 [w8/nb0/b0/lb0]
  extras_log: [{'over': '6.2', 'type': 'wide', 'runs': 1, 'this_over_after': []}, {'over': '11.3', 'type': 'wide', 'runs': 1, 'this_over_after': []}, {'over': '14.2', 'type': 'wide', 'runs': 5, 'this_over_after': []}]
  CB: CSK 96-4 (15)  crr=6.4  ps=59(40)  recent=...
  CB BAT: Shivam Dube* 22(14), Ruturaj Gaikwad 48(48)
  CB BOWL: Rashid Khan 0-21 (1)
  LAST WKT: Dewald Brevis  c Shubman Gill b Manav Suthar 2(9)  - 37/4 in 8.2 ov.
  ⚠ DIVERGENCE: OVERS: ui=15.1 cb=15 | BAT_dube: ui=19(35) cb=22(14) | BOWL_R: ui=16 cb=21 | BOWL_O: ui=2.1 cb=1

[16:53:11  iter#219]
  UI: Chennai Super Kings 96-4 (15.1)  str=Shivam Dube nstr=Ruturaj Gaikwad  bowl=Arshad Khan 0-16 (2.1)
  this_over=['.']  fow=4 (unk=0)  last_fow={'wicket': 4, 'batter': 'Dewald Brevis', 'score': 37, 'overs': '8.2', 'bowler': 'Manav Suthar', 'how': None, '_unwitnessed': False}
  delivery: len=good_length line=leg_stump shot=in_the_air [layer2]
  extras: this_over=4 innings=0 [w8/nb0/b0/lb0]
  extras_log: [{'over': '6.2', 'type': 'wide', 'runs': 1, 'this_over_after': []}, {'over': '11.3', 'type': 'wide', 'runs': 1, 'this_over_after': []}, {'over': '14.2', 'type': 'wide', 'runs': 5, 'this_over_after': []}]
  CB: CSK 96-4 (15.1)  crr=6.33  ps=59(41)  recent=0
  CB BAT: Shivam Dube* 22(15), Ruturaj Gaikwad 48(48)
  CB BOWL: Rashid Khan 0-21 (1)
  LAST WKT: Dewald Brevis  c Shubman Gill b Manav Suthar 2(9)  - 37/4 in 8.2 ov.
  ⚠ DIVERGENCE: BAT_dube: ui=19(35) cb=22(15) | BOWL_R: ui=16 cb=21 | BOWL_O: ui=2.1 cb=1

[16:53:33  iter#220]
  UI: Chennai Super Kings 96-4 (15.1)  str=Shivam Dube nstr=Ruturaj Gaikwad  bowl=Arshad Khan 0-16 (2.1)
  this_over=['.']  fow=4 (unk=0)  last_fow={'wicket': 4, 'batter': 'Dewald Brevis', 'score': 37, 'overs': '8.2', 'bowler': 'Manav Suthar', 'how': None, '_unwitnessed': False}
  delivery: len=good_length line=outside_off shot=in_the_air [layer2]
  extras: this_over=4 innings=0 [w8/nb0/b0/lb0]
  extras_log: [{'over': '6.2', 'type': 'wide', 'runs': 1, 'this_over_after': []}, {'over': '11.3', 'type': 'wide', 'runs': 1, 'this_over_after': []}, {'over': '14.2', 'type': 'wide', 'runs': 5, 'this_over_after': []}]
  CB: CSK 96-4 (15.2)  crr=6.26  ps=59(42)  recent=0 0
  CB BAT: Shivam Dube* 22(16), Ruturaj Gaikwad 48(48)
  CB BOWL: Rashid Khan 0-21 (1)
  LAST WKT: Dewald Brevis  c Shubman Gill b Manav Suthar 2(9)  - 37/4 in 8.2 ov.
  ⚠ DIVERGENCE: OVERS: ui=15.1 cb=15.2 | BAT_dube: ui=19(35) cb=22(16) | BOWL_R: ui=16 cb=21 | BOWL_O: ui=2.1 cb=1

[16:53:54  iter#221]
  UI: Chennai Super Kings 96-4 (15.2)  str=Shivam Dube nstr=Ruturaj Gaikwad  bowl=Arshad Khan 0-16 (2.2)
  this_over=['.', '.']  fow=4 (unk=0)  last_fow={'wicket': 4, 'batter': 'Dewald Brevis', 'score': 37, 'overs': '8.2', 'bowler': 'Manav Suthar', 'how': None, '_unwitnessed': False}
  delivery: len=good_length line=outside_off shot=in_the_air [layer2]
  extras: this_over=4 innings=0 [w8/nb0/b0/lb0]
  extras_log: [{'over': '6.2', 'type': 'wide', 'runs': 1, 'this_over_after': []}, {'over': '11.3', 'type': 'wide', 'runs': 1, 'this_over_after': []}, {'over': '14.2', 'type': 'wide', 'runs': 5, 'this_over_after': []}]
  CB: CSK 96-4 (15.2)  crr=6.26  ps=59(42)  recent=0 0
  CB BAT: Shivam Dube* 22(16), Ruturaj Gaikwad 48(48)
  CB BOWL: Rashid Khan 0-21 (1)
  LAST WKT: Dewald Brevis  c Shubman Gill b Manav Suthar 2(9)  - 37/4 in 8.2 ov.
  ⚠ DIVERGENCE: BAT_dube: ui=19(35) cb=22(16) | BOWL_R: ui=16 cb=21 | BOWL_O: ui=2.2 cb=1

[16:54:17  iter#222]
  UI: Chennai Super Kings 96-5 (15.3)  str=Shivam Dube nstr=Ruturaj Gaikwad  bowl=Arshad Khan 1-16 (2.3)
  this_over=['.', '.', 'W']  fow=5 (unk=1)  last_fow={'wicket': 5, 'batter': None, 'score': None, 'overs': None, 'bowler': None, 'how': None, '_unwitnessed': True}
  delivery: len=short_of_length line=outside_off shot=in_the_air [layer2]
  extras: this_over=4 innings=0 [w8/nb0/b0/lb0]
  extras_log: [{'over': '6.2', 'type': 'wide', 'runs': 1, 'this_over_after': []}, {'over': '11.3', 'type': 'wide', 'runs': 1, 'this_over_after': []}, {'over': '14.2', 'type': 'wide', 'runs': 5, 'this_over_after': []}]
  CB: CSK 96-5 (15.3)  crr=6.19  ps=59(43)  recent=0 0 W
  CB BAT: Ruturaj Gaikwad* 48(48), Rashid Khan 1(0)
  CB BOWL: Rashid Khan 0-21 (1)
  LAST WKT: Shivam Dube   b Arshad Khan 22(17)  - 96/5 in 15.3 ov.
  ⚠ DIVERGENCE: STRIKER: ui=Shivam Dube cb=Ruturaj Gaikwad | BATTERS_MISSING_IN_UI: {'khan'} (ui={'gaikwad', 'dube'}, cb={'gaikwad', 'khan'}) | FOW_UNKNOWN: 1 placeholder(s) awaiting broadcast upgrade | BOWL_W: ui=1 cb=0 | BOWL_R: ui=16 cb=21 | BOWL_O: ui=2.3 cb=1

[16:54:38  iter#223]
  UI: Chennai Super Kings 99-5 (15.4)  str=Ruturaj Gaikwad nstr=None  bowl=Arshad Khan 1-19 (2.4)
  this_over=['.', '.', 'W', '3']  fow=5 (unk=1)  last_fow={'wicket': 5, 'batter': None, 'score': None, 'overs': None, 'bowler': None, 'how': None, '_unwitnessed': True}
  delivery: len=short_of_length line=outside_off shot=in_the_air [layer2]
  extras: this_over=4 innings=0 [w8/nb0/b0/lb0]
  extras_log: [{'over': '6.2', 'type': 'wide', 'runs': 1, 'this_over_after': []}, {'over': '11.3', 'type': 'wide', 'runs': 1, 'this_over_after': []}, {'over': '14.2', 'type': 'wide', 'runs': 5, 'this_over_after': []}]
  CB: CSK 96-5 (15.3)  crr=6.19  ps=59(43)  recent=0 0 W
  CB BAT: Ruturaj Gaikwad* 48(48), Rashid Khan 1(0)
  CB BOWL: Rashid Khan 0-21 (1)
  LAST WKT: Shivam Dube   b Arshad Khan 22(17)  - 96/5 in 15.3 ov.
  ⚠ DIVERGENCE: SCORE: ui=99 cb=96 | OVERS: ui=15.4 cb=15.3 | BATTERS_MISSING_IN_UI: {'khan'} (ui={'gaikwad'}, cb={'gaikwad', 'khan'}) | FOW_UNKNOWN: 1 placeholder(s) awaiting broadcast upgrade | BOWL_W: ui=1 cb=0 | BOWL_R: ui=19 cb=21 | BOWL_O: ui=2.4 cb=1

[16:54:59  iter#224]
  UI: Chennai Super Kings 99-5 (15.4)  str=Ruturaj Gaikwad nstr=None  bowl=Arshad Khan 1-19 (2.4)
  this_over=['.', '.', 'W', '3']  fow=5 (unk=1)  last_fow={'wicket': 5, 'batter': None, 'score': None, 'overs': None, 'bowler': None, 'how': None, '_unwitnessed': True}
  delivery: len=good_length line=outside_off shot=in_the_air [layer2]
  extras: this_over=4 innings=0 [w8/nb0/b0/lb0]
  extras_log: [{'over': '6.2', 'type': 'wide', 'runs': 1, 'this_over_after': []}, {'over': '11.3', 'type': 'wide', 'runs': 1, 'this_over_after': []}, {'over': '14.2', 'type': 'wide', 'runs': 5, 'this_over_after': []}]
  CB: CSK 96-5 (15.3)  crr=6.19  ps=0(0)  recent=... 1 1
  CB BAT: Kartik Sharma* 0(0), Ruturaj Gaikwad 48(48)
  CB BOWL: Rashid Khan 0-21 (1)
  LAST WKT: Shivam Dube   b Arshad Khan 22(17)  - 96/5 in 15.3 ov.
  ⚠ DIVERGENCE: SCORE: ui=99 cb=96 | OVERS: ui=15.4 cb=15.3 | STRIKER: ui=Ruturaj Gaikwad cb=Kartik Sharma | BATTERS_MISSING_IN_UI: {'sharma'} (ui={'gaikwad'}, cb={'gaikwad', 'sharma'}) | FOW_UNKNOWN: 1 placeholder(s) awaiting broadcast upgrade | BOWL_W: ui=1 cb=0 | BOWL_R: ui=19 cb=21 | BOWL_O: ui=2.4 cb=1

[16:55:23  iter#225]
  WS ERR: ''
  CB: CSK 96-5 (15.3)  crr=6.19  ps=0(0)  recent=... 1 1
  CB BAT: Kartik Sharma* 0(0), Ruturaj Gaikwad 48(48)
  CB BOWL: Rashid Khan 0-21 (1)
  LAST WKT: Shivam Dube   b Arshad Khan 22(17)  - 96/5 in 15.3 ov.
  ⚠ DIVERGENCE: BATTERS_MISSING_IN_UI: {'gaikwad', 'sharma'} (ui=set(), cb={'gaikwad', 'sharma'}) | BOWLER: ui=None cb=Rashid Khan

[16:55:44  iter#226]
  UI: Chennai Super Kings 96-5 (15.4)  str=Ruturaj Gaikwad nstr=None  bowl=Arshad Khan 1-19 (2.4)
  this_over=['.', '.', '3', 'W']  fow=5 (unk=0)  last_fow={'wicket': 5, 'batter': 'Shivam Dube', 'score': 99, 'overs': '15.4', 'bowler': 'Arshad Khan', 'how': None, '_unwitnessed': False}
  delivery: len=good_length line=outside_off shot=in_the_air [layer2]
  extras: this_over=4 innings=0 [w8/nb0/b0/lb0]
  extras_log: [{'over': '6.2', 'type': 'wide', 'runs': 1, 'this_over_after': []}, {'over': '11.3', 'type': 'wide', 'runs': 1, 'this_over_after': []}, {'over': '14.2', 'type': 'wide', 'runs': 5, 'this_over_after': []}]
  CB: CSK 100-5 (15.4)  crr=6.38  ps=4(1)  recent=0 0 W 4
  CB BAT: Kartik Sharma* 4(1), Ruturaj Gaikwad 48(48)
  CB BOWL: Rashid Khan 0-21 (1)
  LAST WKT: Shivam Dube   b Arshad Khan 22(17)  - 96/5 in 15.3 ov.
  ⚠ DIVERGENCE: SCORE: ui=96 cb=100 | STRIKER: ui=Ruturaj Gaikwad cb=Kartik Sharma | BATTERS_MISSING_IN_UI: {'sharma'} (ui={'gaikwad'}, cb={'gaikwad', 'sharma'}) | BAT_sharma: ui=0(0) cb=4(1) | BOWL_W: ui=1 cb=0 | BOWL_R: ui=19 cb=21 | BOWL_O: ui=2.4 cb=1

[16:56:08  iter#227]
  WS ERR: ''
  CB: CSK 100-5 (15.4)  crr=6.38  ps=4(1)  recent=0 0 W 4
  CB BAT: Kartik Sharma* 4(1), Ruturaj Gaikwad 48(48)
  CB BOWL: Rashid Khan 0-21 (1)
  LAST WKT: Shivam Dube   b Arshad Khan 22(17)  - 96/5 in 15.3 ov.
  ⚠ DIVERGENCE: BATTERS_MISSING_IN_UI: {'gaikwad', 'sharma'} (ui=set(), cb={'gaikwad', 'sharma'}) | BOWLER: ui=None cb=Rashid Khan

[16:56:33  iter#228]
  WS ERR: ''
  CB: CSK 100-5 (15.5)  crr=6.32  ps=4(2)  recent=0 0 W 4 0
  CB BAT: Kartik Sharma* 4(2), Ruturaj Gaikwad 48(48)
  CB BOWL: Rashid Khan 0-21 (1)
  LAST WKT: Shivam Dube   b Arshad Khan 22(17)  - 96/5 in 15.3 ov.
  ⚠ DIVERGENCE: BATTERS_MISSING_IN_UI: {'gaikwad', 'sharma'} (ui=set(), cb={'gaikwad', 'sharma'}) | BOWLER: ui=None cb=Rashid Khan

[16:56:54  iter#229]
  UI: Chennai Super Kings 100-5 (15.4)  str=Ruturaj Gaikwad nstr=None  bowl=Arshad Khan 1-23 (2.4)
  this_over=['.', '.', '3', 'W', 'Nb+3']  fow=5 (unk=0)  last_fow={'wicket': 5, 'batter': 'Shivam Dube', 'score': 99, 'overs': '15.4', 'bowler': 'Arshad Khan', 'how': None, '_unwitnessed': False}
  delivery: len=good_length line=unknown shot=in_the_air [layer2]
  extras: this_over=5 innings=0 [w8/nb1/b0/lb0]
  extras_log: [{'over': '11.3', 'type': 'wide', 'runs': 1, 'this_over_after': []}, {'over': '14.2', 'type': 'wide', 'runs': 5, 'this_over_after': []}, {'over': '15.4', 'type': 'no_ball', 'runs': 1, 'this_over_after': []}]
  CB: CSK 100-5 (15.5)  crr=6.32  ps=4(2)  recent=0 0 W 4 0
  CB BAT: Kartik Sharma* 4(2), Ruturaj Gaikwad 48(48)
  CB BOWL: Rashid Khan 0-21 (1)
  LAST WKT: Shivam Dube   b Arshad Khan 22(17)  - 96/5 in 15.3 ov.
  ⚠ DIVERGENCE: OVERS: ui=15.4 cb=15.5 | STRIKER: ui=Ruturaj Gaikwad cb=Kartik Sharma | BATTERS_MISSING_IN_UI: {'sharma'} (ui={'gaikwad'}, cb={'gaikwad', 'sharma'}) | BAT_sharma: ui=0(0) cb=4(2) | BOWL_W: ui=1 cb=0 | BOWL_R: ui=23 cb=21 | BOWL_O: ui=2.4 cb=1

[16:57:16  iter#230]
  UI: CSK 100-5 (15.5)  str=Ruturaj Gaikwad nstr=None  bowl=None None-None (None)
  this_over=['.', '.', 'W', '3', 'Wd', '.']  fow=0 (unk=0)  last_fow=None
  delivery: len=good_length line=unknown shot=in_the_air [layer2]
  extras: this_over=0 innings=None [w0/nb0/b0/lb0]
  CB: CSK 102-5 (16)  crr=6.38  ps=6(3)  recent=0 0 W 4 0 2
  CB BAT: Ruturaj Gaikwad* 48(48), Kartik Sharma 6(3)
  CB BOWL: Arshad Khan 1-22 (3)
  LAST WKT: Shivam Dube   b Arshad Khan 22(17)  - 96/5 in 15.3 ov.
  ⚠ DIVERGENCE: SCORE: ui=100 cb=102 | OVERS: ui=15.5 cb=16 | BATTERS_MISSING_IN_UI: {'sharma'} (ui={'gaikwad'}, cb={'gaikwad', 'sharma'}) | FOW_COUNT: ui=0 vs wickets=5 | BOWLER: ui=None cb=Arshad Khan

[16:57:37  iter#231]
  UI: Chennai Super Kings 102-5 (16.0)  str=None nstr=Ruturaj Gaikwad  bowl=Manav Suthar 1-7 (1.5)
  this_over=['.', '.', 'W', '3', 'Wd', '.', '2']  fow=5 (unk=0)  last_fow={'wicket': 5, 'batter': 'Shivam Dube', 'score': 99, 'overs': '15.4', 'bowler': 'Arshad Khan', 'how': None, '_unwitnessed': False}
  delivery: len=short_of_length line=unknown shot=in_the_air [layer2]
  extras: this_over=5 innings=0 [w8/nb1/b0/lb0]
  extras_log: [{'over': '11.3', 'type': 'wide', 'runs': 1, 'this_over_after': []}, {'over': '14.2', 'type': 'wide', 'runs': 5, 'this_over_after': []}, {'over': '15.4', 'type': 'no_ball', 'runs': 1, 'this_over_after': []}]
  CB: CSK 102-5 (16)  crr=6.38  ps=6(3)  recent=0 0 W 4 0 2
  CB BAT: Ruturaj Gaikwad* 48(48), Kartik Sharma 6(3)
  CB BOWL: Arshad Khan 1-22 (3)
  LAST WKT: Shivam Dube   b Arshad Khan 22(17)  - 96/5 in 15.3 ov.
  ⚠ DIVERGENCE: OVERS: ui=16.0 cb=16 | BATTERS_MISSING_IN_UI: {'sharma'} (ui={'gaikwad'}, cb={'gaikwad', 'sharma'}) | BOWLER: ui=Manav Suthar cb=Arshad Khan

[16:57:58  iter#232]
  UI: Chennai Super Kings 102-5 (16.0)  str=None nstr=Ruturaj Gaikwad  bowl=Manav Suthar 1-7 (1.5)
  this_over=['.', '.', 'W', '3', 'Wd', '.', '2']  fow=5 (unk=0)  last_fow={'wicket': 5, 'batter': 'Shivam Dube', 'score': 99, 'overs': '15.4', 'bowler': 'Arshad Khan', 'how': None, '_unwitnessed': False}
  delivery: len=short_of_length line=unknown shot=in_the_air [layer2]
  extras: this_over=5 innings=0 [w8/nb1/b0/lb0]
  extras_log: [{'over': '11.3', 'type': 'wide', 'runs': 1, 'this_over_after': []}, {'over': '14.2', 'type': 'wide', 'runs': 5, 'this_over_after': []}, {'over': '15.4', 'type': 'no_ball', 'runs': 1, 'this_over_after': []}]
  CB: CSK 102-5 (16)  crr=6.38  ps=6(3)  recent=0 0 W 4 0 2
  CB BAT: Ruturaj Gaikwad* 48(48), Kartik Sharma 6(3)
  CB BOWL: Arshad Khan 1-22 (3)
  LAST WKT: Shivam Dube   b Arshad Khan 22(17)  - 96/5 in 15.3 ov.
  ⚠ DIVERGENCE: OVERS: ui=16.0 cb=16 | BATTERS_MISSING_IN_UI: {'sharma'} (ui={'gaikwad'}, cb={'gaikwad', 'sharma'}) | BOWLER: ui=Manav Suthar cb=Arshad Khan

[16:58:20  iter#233]
  UI: Chennai Super Kings 102-5 (16.0)  str=None nstr=Ruturaj Gaikwad  bowl=Manav Suthar 1-7 (1.5)
  this_over=['.', '.', 'W', '3', 'Wd', '.', '2']  fow=5 (unk=0)  last_fow={'wicket': 5, 'batter': 'Shivam Dube', 'score': 99, 'overs': '15.4', 'bowler': 'Arshad Khan', 'how': None, '_unwitnessed': False}
  delivery: len=short_of_length line=unknown shot=in_the_air [layer2]
  extras: this_over=5 innings=0 [w8/nb1/b0/lb0]
  extras_log: [{'over': '11.3', 'type': 'wide', 'runs': 1, 'this_over_after': []}, {'over': '14.2', 'type': 'wide', 'runs': 5, 'this_over_after': []}, {'over': '15.4', 'type': 'no_ball', 'runs': 1, 'this_over_after': []}]
  CB: CSK 102-5 (16)  crr=6.38  ps=6(3)  recent=0 0 W 4 0 2
  CB BAT: Ruturaj Gaikwad* 48(48), Kartik Sharma 6(3)
  CB BOWL: Arshad Khan 1-22 (3)
  LAST WKT: Shivam Dube   b Arshad Khan 22(17)  - 96/5 in 15.3 ov.
  ⚠ DIVERGENCE: OVERS: ui=16.0 cb=16 | BATTERS_MISSING_IN_UI: {'sharma'} (ui={'gaikwad'}, cb={'gaikwad', 'sharma'}) | BOWLER: ui=Manav Suthar cb=Arshad Khan

[16:58:45  iter#234]
  UI: CSK 104-5 (16.1)  str=None nstr=Ruturaj Gaikwad  bowl=None None-None (None)
  this_over=['2']  fow=0 (unk=0)  last_fow=None
  delivery: len=short_of_length line=unknown shot=in_the_air [layer2]
  extras: this_over=0 innings=None [w0/nb0/b0/lb0]
  CB: CSK 104-5 (16.1)  crr=6.43  ps=8(4)  recent=2
  CB BAT: Ruturaj Gaikwad* 50(49), Kartik Sharma 6(3)
  CB BOWL: Arshad Khan 1-22 (3)
  LAST WKT: Shivam Dube   b Arshad Khan 22(17)  - 96/5 in 15.3 ov.
  ⚠ DIVERGENCE: BATTERS_MISSING_IN_UI: {'sharma'} (ui={'gaikwad'}, cb={'gaikwad', 'sharma'}) | FOW_COUNT: ui=0 vs wickets=5 | BOWLER: ui=None cb=Arshad Khan

[16:59:09  iter#235]
  WS ERR: ''
  CB: CSK 110-5 (16.2)  crr=6.73  ps=14(5)  recent=2 6
  CB BAT: Ruturaj Gaikwad* 56(50), Kartik Sharma 6(3)
  CB BOWL: Arshad Khan 1-22 (3)
  LAST WKT: Shivam Dube   b Arshad Khan 22(17)  - 96/5 in 15.3 ov.
  ⚠ DIVERGENCE: BATTERS_MISSING_IN_UI: {'gaikwad', 'sharma'} (ui=set(), cb={'gaikwad', 'sharma'}) | BOWLER: ui=None cb=Arshad Khan

[16:59:31  iter#236]
  UI: Chennai Super Kings 104-5 (16.1)  str=None nstr=Ruturaj Gaikwad  bowl=Mohammed Siraj 1-14 (3.1)
  this_over=['2']  fow=5 (unk=0)  last_fow={'wicket': 5, 'batter': 'Shivam Dube', 'score': 99, 'overs': '15.4', 'bowler': 'Arshad Khan', 'how': None, '_unwitnessed': False}
  delivery: len=short_of_length line=leg_stump shot=in_the_air [layer2]
  extras: this_over=5 innings=0 [w8/nb1/b0/lb0]
  extras_log: [{'over': '11.3', 'type': 'wide', 'runs': 1, 'this_over_after': []}, {'over': '14.2', 'type': 'wide', 'runs': 5, 'this_over_after': []}, {'over': '15.4', 'type': 'no_ball', 'runs': 1, 'this_over_after': []}]
  CB: CSK 110-5 (16.2)  crr=6.73  ps=14(5)  recent=2 6
  CB BAT: Ruturaj Gaikwad* 56(50), Kartik Sharma 6(3)
  CB BOWL: Arshad Khan 1-22 (3)
  LAST WKT: Shivam Dube   b Arshad Khan 22(17)  - 96/5 in 15.3 ov.
  ⚠ DIVERGENCE: SCORE: ui=104 cb=110 | OVERS: ui=16.1 cb=16.2 | BATTERS_MISSING_IN_UI: {'sharma'} (ui={'gaikwad'}, cb={'gaikwad', 'sharma'}) | BAT_gaikwad: ui=50(49) cb=56(50) | BOWLER: ui=Mohammed Siraj cb=Arshad Khan

[16:59:52  iter#237]
  UI: CSK 110-5 (16.2)  str=None nstr=Ruturaj Gaikwad  bowl=None None-None (None)
  this_over=['2', '6']  fow=0 (unk=0)  last_fow=None
  delivery: len=short_of_length line=leg_stump shot=in_the_air [layer2]
  extras: this_over=0 innings=None [w0/nb0/b0/lb0]
  CB: CSK 110-5 (16.2)  crr=6.73  ps=14(5)  recent=2 6
  CB BAT: Ruturaj Gaikwad* 56(50), Kartik Sharma 6(3)
  CB BOWL: Arshad Khan 1-22 (3)
  LAST WKT: Shivam Dube   b Arshad Khan 22(17)  - 96/5 in 15.3 ov.
  ⚠ DIVERGENCE: BATTERS_MISSING_IN_UI: {'sharma'} (ui={'gaikwad'}, cb={'gaikwad', 'sharma'}) | FOW_COUNT: ui=0 vs wickets=5 | BOWLER: ui=None cb=Arshad Khan

[17:00:12  iter#238]
  UI: CSK 111-5 (16.3)  str=Ruturaj Gaikwad nstr=None  bowl=None None-None (None)
  this_over=['2', '6', '1']  fow=0 (unk=0)  last_fow=None
  delivery: len=good_length line=leg_stump shot=in_the_air [layer2]
  extras: this_over=0 innings=None [w0/nb0/b0/lb0]
  CB: CSK 111-5 (16.3)  crr=6.73  ps=15(6)  recent=2 6 1
  CB BAT: Kartik Sharma* 6(3), Ruturaj Gaikwad 57(51)
  CB BOWL: Arshad Khan 1-22 (3)
  LAST WKT: Shivam Dube   b Arshad Khan 22(17)  - 96/5 in 15.3 ov.
  ⚠ DIVERGENCE: STRIKER: ui=Ruturaj Gaikwad cb=Kartik Sharma | BATTERS_MISSING_IN_UI: {'sharma'} (ui={'gaikwad'}, cb={'gaikwad', 'sharma'}) | FOW_COUNT: ui=0 vs wickets=5 | BOWLER: ui=None cb=Arshad Khan

[17:00:33  iter#239]
  UI: Chennai Super Kings 111-5 (16.3)  str=Ruturaj Gaikwad nstr=Kartik Sharma  bowl=Mohammed Siraj 1-21 (3.3)
  this_over=['2', '6', '1']  fow=5 (unk=0)  last_fow={'wicket': 5, 'batter': 'Shivam Dube', 'score': 99, 'overs': '15.4', 'bowler': 'Arshad Khan', 'how': None, '_unwitnessed': False}
  delivery: len=short_of_length line=outside_off shot=in_the_air [layer2]
  extras: this_over=5 innings=0 [w8/nb1/b0/lb0]
  extras_log: [{'over': '11.3', 'type': 'wide', 'runs': 1, 'this_over_after': []}, {'over': '14.2', 'type': 'wide', 'runs': 5, 'this_over_after': []}, {'over': '15.4', 'type': 'no_ball', 'runs': 1, 'this_over_after': []}]
  CB: CSK 111-5 (16.3)  crr=6.73  ps=15(6)  recent=2 6 1
  CB BAT: Kartik Sharma* 6(3), Ruturaj Gaikwad 57(51)
  CB BOWL: Arshad Khan 1-22 (3)
  LAST WKT: Shivam Dube   b Arshad Khan 22(17)  - 96/5 in 15.3 ov.
  ⚠ DIVERGENCE: STRIKER: ui=Ruturaj Gaikwad cb=Kartik Sharma | BOWLER: ui=Mohammed Siraj cb=Arshad Khan

[17:00:55  iter#240]
  UI: Chennai Super Kings 111-5 (16.3)  str=Ruturaj Gaikwad nstr=Kartik Sharma  bowl=Mohammed Siraj 1-21 (3.3)
  this_over=['2', '6', '1']  fow=5 (unk=0)  last_fow={'wicket': 5, 'batter': 'Shivam Dube', 'score': 99, 'overs': '15.4', 'bowler': 'Arshad Khan', 'how': None, '_unwitnessed': False}
  delivery: len=short_of_length line=outside_off shot=in_the_air [layer2]
  extras: this_over=5 innings=0 [w8/nb1/b0/lb0]
  extras_log: [{'over': '11.3', 'type': 'wide', 'runs': 1, 'this_over_after': []}, {'over': '14.2', 'type': 'wide', 'runs': 5, 'this_over_after': []}, {'over': '15.4', 'type': 'no_ball', 'runs': 1, 'this_over_after': []}]
  CB: CSK 111-5 (16.3)  crr=6.73  ps=15(6)  recent=2 6 1
  CB BAT: Kartik Sharma* 6(3), Ruturaj Gaikwad 57(51)
  CB BOWL: Arshad Khan 1-22 (3)
  LAST WKT: Shivam Dube   b Arshad Khan 22(17)  - 96/5 in 15.3 ov.
  ⚠ DIVERGENCE: STRIKER: ui=Ruturaj Gaikwad cb=Kartik Sharma | BOWLER: ui=Mohammed Siraj cb=Arshad Khan

[17:01:20  iter#241]
  WS ERR: ''
  CB: CSK 111-5 (16.4)  crr=6.66  ps=15(7)  recent=2 6 1 0
  CB BAT: Kartik Sharma* 6(4), Ruturaj Gaikwad 57(51)
  CB BOWL: Arshad Khan 1-22 (3)
  LAST WKT: Shivam Dube   b Arshad Khan 22(17)  - 96/5 in 15.3 ov.
  ⚠ DIVERGENCE: BATTERS_MISSING_IN_UI: {'gaikwad', 'sharma'} (ui=set(), cb={'gaikwad', 'sharma'}) | BOWLER: ui=None cb=Arshad Khan

[17:01:43  iter#242]
  UI: Chennai Super Kings 111-5 (16.4)  str=Ruturaj Gaikwad nstr=Kartik Sharma  bowl=Mohammed Siraj 1-21 (3.3)
  this_over=['2', '6', '1', '.']  fow=5 (unk=0)  last_fow={'wicket': 5, 'batter': 'Shivam Dube', 'score': 99, 'overs': '15.4', 'bowler': 'Arshad Khan', 'how': None, '_unwitnessed': False}
  delivery: len=short_of_length line=outside_off shot=in_the_air [layer2]
  extras: this_over=5 innings=0 [w8/nb1/b0/lb0]
  extras_log: [{'over': '11.3', 'type': 'wide', 'runs': 1, 'this_over_after': []}, {'over': '14.2', 'type': 'wide', 'runs': 5, 'this_over_after': []}, {'over': '15.4', 'type': 'no_ball', 'runs': 1, 'this_over_after': []}]
  CB: CSK 111-5 (16.4)  crr=6.66  ps=15(7)  recent=2 6 1 0
  CB BAT: Kartik Sharma* 6(4), Ruturaj Gaikwad 57(51)
  CB BOWL: Arshad Khan 1-22 (3)
  LAST WKT: Shivam Dube   b Arshad Khan 22(17)  - 96/5 in 15.3 ov.
  ⚠ DIVERGENCE: STRIKER: ui=Ruturaj Gaikwad cb=Kartik Sharma | BAT_sharma: ui=6(3) cb=6(4) | BOWLER: ui=Mohammed Siraj cb=Arshad Khan

[17:02:04  iter#243]
  UI: Chennai Super Kings 111-5 (16.4)  str=Ruturaj Gaikwad nstr=Kartik Sharma  bowl=Mohammed Siraj 1-21 (3.3)
  this_over=['2', '6', '1', '.']  fow=5 (unk=0)  last_fow={'wicket': 5, 'batter': 'Shivam Dube', 'score': 99, 'overs': '15.4', 'bowler': 'Arshad Khan', 'how': None, '_unwitnessed': False}
  delivery: len=short_of_length line=leg_stump shot=in_the_air [layer2]
  extras: this_over=5 innings=0 [w8/nb1/b0/lb0]
  extras_log: [{'over': '11.3', 'type': 'wide', 'runs': 1, 'this_over_after': []}, {'over': '14.2', 'type': 'wide', 'runs': 5, 'this_over_after': []}, {'over': '15.4', 'type': 'no_ball', 'runs': 1, 'this_over_after': []}]
  CB: CSK 112-5 (16.5)  crr=6.65  ps=16(8)  recent=2 6 1 0 1
  CB BAT: Ruturaj Gaikwad* 57(51), Kartik Sharma 7(5)
  CB BOWL: Arshad Khan 1-22 (3)
  LAST WKT: Shivam Dube   b Arshad Khan 22(17)  - 96/5 in 15.3 ov.
  ⚠ DIVERGENCE: SCORE: ui=111 cb=112 | OVERS: ui=16.4 cb=16.5 | BAT_sharma: ui=6(3) cb=7(5) | BOWLER: ui=Mohammed Siraj cb=Arshad Khan

[17:02:25  iter#244]
  UI: Chennai Super Kings 112-5 (16.5)  str=None nstr=Ruturaj Gaikwad  bowl=Mohammed Siraj 1-22 (3.5)
  this_over=['2', '6', '1', '.', '1']  fow=5 (unk=0)  last_fow={'wicket': 5, 'batter': 'Shivam Dube', 'score': 99, 'overs': '15.4', 'bowler': 'Arshad Khan', 'how': None, '_unwitnessed': False}
  delivery: len=short_of_length line=leg_stump shot=in_the_air [layer2]
  extras: this_over=5 innings=0 [w8/nb1/b0/lb0]
  extras_log: [{'over': '11.3', 'type': 'wide', 'runs': 1, 'this_over_after': []}, {'over': '14.2', 'type': 'wide', 'runs': 5, 'this_over_after': []}, {'over': '15.4', 'type': 'no_ball', 'runs': 1, 'this_over_after': []}]
  CB: CSK 112-5 (16.5)  crr=6.65  ps=16(8)  recent=2 6 1 0 1
  CB BAT: Ruturaj Gaikwad* 57(51), Kartik Sharma 7(5)
  CB BOWL: Arshad Khan 1-22 (3)
  LAST WKT: Shivam Dube   b Arshad Khan 22(17)  - 96/5 in 15.3 ov.
  ⚠ DIVERGENCE: BATTERS_MISSING_IN_UI: {'sharma'} (ui={'gaikwad'}, cb={'gaikwad', 'sharma'}) | BOWLER: ui=Mohammed Siraj cb=Arshad Khan

[17:02:47  iter#245]
  UI: Chennai Super Kings 112-5 (16.5)  str=None nstr=Ruturaj Gaikwad  bowl=Mohammed Siraj 1-22 (3.5)
  this_over=['2', '6', '1', '.', '1']  fow=5 (unk=0)  last_fow={'wicket': 5, 'batter': 'Shivam Dube', 'score': 99, 'overs': '15.4', 'bowler': 'Arshad Khan', 'how': None, '_unwitnessed': False}
  delivery: len=short_of_length line=leg_stump shot=in_the_air [layer2]
  extras: this_over=5 innings=0 [w8/nb1/b0/lb0]
  extras_log: [{'over': '11.3', 'type': 'wide', 'runs': 1, 'this_over_after': []}, {'over': '14.2', 'type': 'wide', 'runs': 5, 'this_over_after': []}, {'over': '15.4', 'type': 'no_ball', 'runs': 1, 'this_over_after': []}]
  CB: CSK 112-5 (16.5)  crr=6.65  ps=16(8)  recent=2 6 1 0 1
  CB BAT: Ruturaj Gaikwad* 57(51), Kartik Sharma 7(5)
  CB BOWL: Arshad Khan 1-22 (3)
  LAST WKT: Shivam Dube   b Arshad Khan 22(17)  - 96/5 in 15.3 ov.
  ⚠ DIVERGENCE: BATTERS_MISSING_IN_UI: {'sharma'} (ui={'gaikwad'}, cb={'gaikwad', 'sharma'}) | BOWLER: ui=Mohammed Siraj cb=Arshad Khan

[17:03:10  iter#246]
  UI: Chennai Super Kings 112-5 (16.5)  str=None nstr=Ruturaj Gaikwad  bowl=Mohammed Siraj 1-22 (3.5)
  this_over=['2', '6', '1', '.', '1']  fow=5 (unk=0)  last_fow={'wicket': 5, 'batter': 'Shivam Dube', 'score': 99, 'overs': '15.4', 'bowler': 'Arshad Khan', 'how': None, '_unwitnessed': False}
  delivery: len=short_of_length line=leg_stump shot=in_the_air [layer2]
  extras: this_over=5 innings=0 [w8/nb1/b0/lb0]
  extras_log: [{'over': '11.3', 'type': 'wide', 'runs': 1, 'this_over_after': []}, {'over': '14.2', 'type': 'wide', 'runs': 5, 'this_over_after': []}, {'over': '15.4', 'type': 'no_ball', 'runs': 1, 'this_over_after': []}]
  CB: CSK 113-5 (17)  crr=6.65  ps=17(9)  recent=2 6 1 0 1 1
  CB BAT: Ruturaj Gaikwad* 58(52), Kartik Sharma 7(5)
  CB BOWL: Mohammed Siraj 1-23 (4)
  LAST WKT: Shivam Dube   b Arshad Khan 22(17)  - 96/5 in 15.3 ov.
  ⚠ DIVERGENCE: SCORE: ui=112 cb=113 | OVERS: ui=16.5 cb=17 | BATTERS_MISSING_IN_UI: {'sharma'} (ui={'gaikwad'}, cb={'gaikwad', 'sharma'}) | BAT_gaikwad: ui=57(51) cb=58(52) | BOWL_R: ui=22 cb=23 | BOWL_O: ui=3.5 cb=4

[17:03:34  iter#247]
  UI: Chennai Super Kings 112-5 (16.5)  str=None nstr=Ruturaj Gaikwad  bowl=Mohammed Siraj 1-22 (3.5)
  this_over=['2', '6', '1', '.', '1']  fow=5 (unk=0)  last_fow={'wicket': 5, 'batter': 'Shivam Dube', 'score': 99, 'overs': '15.4', 'bowler': 'Arshad Khan', 'how': None, '_unwitnessed': False}
  delivery: len=short_of_length line=leg_stump shot=in_the_air [layer2]
  extras: this_over=5 innings=0 [w8/nb1/b0/lb0]
  extras_log: [{'over': '11.3', 'type': 'wide', 'runs': 1, 'this_over_after': []}, {'over': '14.2', 'type': 'wide', 'runs': 5, 'this_over_after': []}, {'over': '15.4', 'type': 'no_ball', 'runs': 1, 'this_over_after': []}]
  CB: CSK 113-5 (17)  crr=6.65  ps=17(9)  recent=...
  CB BAT: Ruturaj Gaikwad* 58(52), Kartik Sharma 7(5)
  CB BOWL: Mohammed Siraj 1-23 (4)
  LAST WKT: Shivam Dube   b Arshad Khan 22(17)  - 96/5 in 15.3 ov.
  ⚠ DIVERGENCE: SCORE: ui=112 cb=113 | OVERS: ui=16.5 cb=17 | BATTERS_MISSING_IN_UI: {'sharma'} (ui={'gaikwad'}, cb={'gaikwad', 'sharma'}) | BAT_gaikwad: ui=57(51) cb=58(52) | BOWL_R: ui=22 cb=23 | BOWL_O: ui=3.5 cb=4

[17:03:58  iter#248]
  UI: Chennai Super Kings 113-5 (17.0)  str=Kartik Sharma nstr=Ruturaj Gaikwad  bowl=Manav Suthar 1-7 (1.5)
  this_over=['2', '6', '1', '.', '1', '1']  fow=5 (unk=0)  last_fow={'wicket': 5, 'batter': 'Shivam Dube', 'score': 99, 'overs': '15.4', 'bowler': 'Arshad Khan', 'how': None, '_unwitnessed': False}
  delivery: len=short_of_length line=leg_stump shot=in_the_air [layer2]
  extras: this_over=5 innings=0 [w8/nb1/b0/lb0]
  extras_log: [{'over': '11.3', 'type': 'wide', 'runs': 1, 'this_over_after': []}, {'over': '14.2', 'type': 'wide', 'runs': 5, 'this_over_after': []}, {'over': '15.4', 'type': 'no_ball', 'runs': 1, 'this_over_after': []}]
  CB: CSK 113-5 (17)  crr=6.65  ps=17(9)  recent=...
  CB BAT: Ruturaj Gaikwad* 58(52), Kartik Sharma 7(5)
  CB BOWL: Mohammed Siraj 1-23 (4)
  LAST WKT: Shivam Dube   b Arshad Khan 22(17)  - 96/5 in 15.3 ov.
  ⚠ DIVERGENCE: OVERS: ui=17.0 cb=17 | STRIKER: ui=Kartik Sharma cb=Ruturaj Gaikwad | BAT_gaikwad: ui=57(51) cb=58(52) | BOWLER: ui=Manav Suthar cb=Mohammed Siraj

[17:04:18  iter#249]
  UI: CSK 114-5 (17.1)  str=Ruturaj Gaikwad nstr=None  bowl=None None-None (None)
  this_over=['1']  fow=0 (unk=0)  last_fow=None
  delivery: len=short_of_length line=leg_stump shot=in_the_air [layer2]
  extras: this_over=0 innings=None [w0/nb0/b0/lb0]
  CB: CSK 114-5 (17.1)  crr=6.64  ps=18(10)  recent=1
  CB BAT: Kartik Sharma* 7(5), Ruturaj Gaikwad 59(53)
  CB BOWL: Mohammed Siraj 1-23 (4)
  LAST WKT: Shivam Dube   b Arshad Khan 22(17)  - 96/5 in 15.3 ov.
  ⚠ DIVERGENCE: STRIKER: ui=Ruturaj Gaikwad cb=Kartik Sharma | BATTERS_MISSING_IN_UI: {'sharma'} (ui={'gaikwad'}, cb={'gaikwad', 'sharma'}) | FOW_COUNT: ui=0 vs wickets=5 | BOWLER: ui=None cb=Mohammed Siraj

[17:04:40  iter#250]
  UI: Chennai Super Kings 114-5 (17.1)  str=Ruturaj Gaikwad nstr=None  bowl=Manav Suthar 1-7 (1.5)
  this_over=['1']  fow=5 (unk=0)  last_fow={'wicket': 5, 'batter': 'Shivam Dube', 'score': 99, 'overs': '15.4', 'bowler': 'Arshad Khan', 'how': None, '_unwitnessed': False}
  delivery: len=short_of_length line=unknown shot=in_the_air [layer2]
  extras: this_over=5 innings=0 [w8/nb1/b0/lb0]
  extras_log: [{'over': '11.3', 'type': 'wide', 'runs': 1, 'this_over_after': []}, {'over': '14.2', 'type': 'wide', 'runs': 5, 'this_over_after': []}, {'over': '15.4', 'type': 'no_ball', 'runs': 1, 'this_over_after': []}]
  CB: CSK 114-5 (17.1)  crr=6.64  ps=18(10)  recent=1
  CB BAT: Kartik Sharma* 7(5), Ruturaj Gaikwad 59(53)
  CB BOWL: Mohammed Siraj 1-23 (4)
  LAST WKT: Shivam Dube   b Arshad Khan 22(17)  - 96/5 in 15.3 ov.
  ⚠ DIVERGENCE: STRIKER: ui=Ruturaj Gaikwad cb=Kartik Sharma | BATTERS_MISSING_IN_UI: {'sharma'} (ui={'gaikwad'}, cb={'gaikwad', 'sharma'}) | BAT_gaikwad: ui=57(51) cb=59(53) | BOWLER: ui=Manav Suthar cb=Mohammed Siraj

[17:05:04  iter#251]
  WS ERR: ''
  CB: CSK 118-5 (17.2)  crr=6.81  ps=22(11)  recent=1 4
  CB BAT: Kartik Sharma* 11(6), Ruturaj Gaikwad 59(53)
  CB BOWL: Mohammed Siraj 1-23 (4)
  LAST WKT: Shivam Dube   b Arshad Khan 22(17)  - 96/5 in 15.3 ov.
  ⚠ DIVERGENCE: BATTERS_MISSING_IN_UI: {'gaikwad', 'sharma'} (ui=set(), cb={'gaikwad', 'sharma'}) | BOWLER: ui=None cb=Mohammed Siraj

[17:05:28  iter#252]
  UI: Chennai Super Kings 118-5 (17.2)  str=Ruturaj Gaikwad nstr=None  bowl=Manav Suthar 1-7 (1.5)
  this_over=['1', '4']  fow=5 (unk=0)  last_fow={'wicket': 5, 'batter': 'Shivam Dube', 'score': 99, 'overs': '15.4', 'bowler': 'Arshad Khan', 'how': None, '_unwitnessed': False}
  delivery: len=good_length line=unknown shot=in_the_air [layer2]
  extras: this_over=5 innings=0 [w8/nb1/b0/lb0]
  extras_log: [{'over': '11.3', 'type': 'wide', 'runs': 1, 'this_over_after': []}, {'over': '14.2', 'type': 'wide', 'runs': 5, 'this_over_after': []}, {'over': '15.4', 'type': 'no_ball', 'runs': 1, 'this_over_after': []}]
  CB: CSK 118-5 (17.2)  crr=6.81  ps=22(11)  recent=1 4
  CB BAT: Kartik Sharma* 11(6), Ruturaj Gaikwad 59(53)
  CB BOWL: Mohammed Siraj 1-23 (4)
  LAST WKT: Shivam Dube   b Arshad Khan 22(17)  - 96/5 in 15.3 ov.
  ⚠ DIVERGENCE: STRIKER: ui=Ruturaj Gaikwad cb=Kartik Sharma | BATTERS_MISSING_IN_UI: {'sharma'} (ui={'gaikwad'}, cb={'gaikwad', 'sharma'}) | BOWLER: ui=Manav Suthar cb=Mohammed Siraj

[17:05:50  iter#253]
  UI: Chennai Super Kings 118-5 (17.2)  str=Ruturaj Gaikwad nstr=None  bowl=Manav Suthar 1-7 (1.5)
  this_over=['1', '4']  fow=5 (unk=0)  last_fow={'wicket': 5, 'batter': 'Shivam Dube', 'score': 99, 'overs': '15.4', 'bowler': 'Arshad Khan', 'how': None, '_unwitnessed': False}
  delivery: len=good_length line=unknown shot=in_the_air [layer2]
  extras: this_over=5 innings=0 [w8/nb1/b0/lb0]
  extras_log: [{'over': '11.3', 'type': 'wide', 'runs': 1, 'this_over_after': []}, {'over': '14.2', 'type': 'wide', 'runs': 5, 'this_over_after': []}, {'over': '15.4', 'type': 'no_ball', 'runs': 1, 'this_over_after': []}]
  CB: CSK 122-5 (17.3)  crr=6.97  ps=26(12)  recent=1 4 4
  CB BAT: Kartik Sharma* 15(7), Ruturaj Gaikwad 59(53)
  CB BOWL: Mohammed Siraj 1-23 (4)
  LAST WKT: Shivam Dube   b Arshad Khan 22(17)  - 96/5 in 15.3 ov.
  ⚠ DIVERGENCE: SCORE: ui=118 cb=122 | OVERS: ui=17.2 cb=17.3 | STRIKER: ui=Ruturaj Gaikwad cb=Kartik Sharma | BATTERS_MISSING_IN_UI: {'sharma'} (ui={'gaikwad'}, cb={'gaikwad', 'sharma'}) | BAT_sharma: ui=11(6) cb=15(7) | BOWLER: ui=Manav Suthar cb=Mohammed Siraj

[17:06:13  iter#254]
  UI: Chennai Super Kings 122-5 (17.3)  str=Ruturaj Gaikwad nstr=None  bowl=Manav Suthar 1-7 (1.5)
  this_over=['1', '4', '4']  fow=5 (unk=0)  last_fow={'wicket': 5, 'batter': 'Shivam Dube', 'score': 99, 'overs': '15.4', 'bowler': 'Arshad Khan', 'how': None, '_unwitnessed': False}
  delivery: len=good_length line=unknown shot=in_the_air [layer2]
  extras: this_over=5 innings=0 [w8/nb1/b0/lb0]
  extras_log: [{'over': '11.3', 'type': 'wide', 'runs': 1, 'this_over_after': []}, {'over': '14.2', 'type': 'wide', 'runs': 5, 'this_over_after': []}, {'over': '15.4', 'type': 'no_ball', 'runs': 1, 'this_over_after': []}]
  CB: CSK 122-5 (17.4)  crr=6.91  ps=26(13)  recent=1 4 4 0
  CB BAT: Kartik Sharma* 15(8), Ruturaj Gaikwad 59(53)
  CB BOWL: Mohammed Siraj 1-23 (4)
  LAST WKT: Shivam Dube   b Arshad Khan 22(17)  - 96/5 in 15.3 ov.
  ⚠ DIVERGENCE: OVERS: ui=17.3 cb=17.4 | STRIKER: ui=Ruturaj Gaikwad cb=Kartik Sharma | BATTERS_MISSING_IN_UI: {'sharma'} (ui={'gaikwad'}, cb={'gaikwad', 'sharma'}) | BAT_sharma: ui=15(7) cb=15(8) | BOWLER: ui=Manav Suthar cb=Mohammed Siraj

[17:06:35  iter#255]
  UI: Chennai Super Kings 122-5 (17.3)  str=Ruturaj Gaikwad nstr=None  bowl=Manav Suthar 1-7 (1.5)
  this_over=['1', '4', '4']  fow=5 (unk=0)  last_fow={'wicket': 5, 'batter': 'Shivam Dube', 'score': 99, 'overs': '15.4', 'bowler': 'Arshad Khan', 'how': None, '_unwitnessed': False}
  delivery: len=good_length line=unknown shot=in_the_air [layer2]
  extras: this_over=5 innings=0 [w8/nb1/b0/lb0]
  extras_log: [{'over': '11.3', 'type': 'wide', 'runs': 1, 'this_over_after': []}, {'over': '14.2', 'type': 'wide', 'runs': 5, 'this_over_after': []}, {'over': '15.4', 'type': 'no_ball', 'runs': 1, 'this_over_after': []}]
  CB: CSK 122-5 (17.4)  crr=6.91  ps=26(13)  recent=1 4 4 0
  CB BAT: Kartik Sharma* 15(8), Ruturaj Gaikwad 59(53)
  CB BOWL: Mohammed Siraj 1-23 (4)
  LAST WKT: Shivam Dube   b Arshad Khan 22(17)  - 96/5 in 15.3 ov.
  ⚠ DIVERGENCE: OVERS: ui=17.3 cb=17.4 | STRIKER: ui=Ruturaj Gaikwad cb=Kartik Sharma | BATTERS_MISSING_IN_UI: {'sharma'} (ui={'gaikwad'}, cb={'gaikwad', 'sharma'}) | BAT_sharma: ui=15(7) cb=15(8) | BOWLER: ui=Manav Suthar cb=Mohammed Siraj

[17:06:57  iter#256]
  UI: Chennai Super Kings 122-5 (17.3)  str=Ruturaj Gaikwad nstr=None  bowl=Manav Suthar 1-7 (1.5)
  this_over=['1', '4', '4']  fow=5 (unk=0)  last_fow={'wicket': 5, 'batter': 'Shivam Dube', 'score': 99, 'overs': '15.4', 'bowler': 'Arshad Khan', 'how': None, '_unwitnessed': False}
  delivery: len=good_length line=unknown shot=in_the_air [layer2]
  extras: this_over=5 innings=0 [w8/nb1/b0/lb0]
  extras_log: [{'over': '11.3', 'type': 'wide', 'runs': 1, 'this_over_after': []}, {'over': '14.2', 'type': 'wide', 'runs': 5, 'this_over_after': []}, {'over': '15.4', 'type': 'no_ball', 'runs': 1, 'this_over_after': []}]
  CB: CSK 122-6 (17.5)  crr=6.84  ps=26(14)  recent=1 4 4 0 W
  CB BAT: Ruturaj Gaikwad* 59(53), Mohammed Siraj 4(0)
  CB BOWL: Mohammed Siraj 1-23 (4)
  LAST WKT: Kartik Sharma  c Jason Holder b Kagiso Rabada 15(9)  - 122/6 in 17.5 ov.
  ⚠ DIVERGENCE: WICKETS: ui=5 cb=6 | OVERS: ui=17.3 cb=17.5 | BATTERS_MISSING_IN_UI: {'siraj'} (ui={'gaikwad'}, cb={'siraj', 'gaikwad'}) | BOWLER: ui=Manav Suthar cb=Mohammed Siraj

[17:07:22  iter#257]
  WS ERR: ''
  CB: CSK 122-6 (17.5)  crr=6.84  ps=26(14)  recent=1 4 4 0 W
  CB BAT: Ruturaj Gaikwad* 59(53), Mohammed Siraj 4(0)
  CB BOWL: Mohammed Siraj 1-23 (4)
  LAST WKT: Kartik Sharma  c Jason Holder b Kagiso Rabada 15(9)  - 122/6 in 17.5 ov.
  ⚠ DIVERGENCE: BATTERS_MISSING_IN_UI: {'siraj', 'gaikwad'} (ui=set(), cb={'siraj', 'gaikwad'}) | BOWLER: ui=None cb=Mohammed Siraj

[17:07:46  iter#258]
  WS ERR: ''
  CB: CSK 122-6 (17.5)  crr=6.84  ps=0(0)  recent=... 2
  CB BAT: Jamie Overton* 0(0), Ruturaj Gaikwad 59(53)
  CB BOWL: Mohammed Siraj 1-23 (4)
  LAST WKT: Kartik Sharma  c Jason Holder b Kagiso Rabada 15(9)  - 122/6 in 17.5 ov.
  ⚠ DIVERGENCE: BATTERS_MISSING_IN_UI: {'overton', 'gaikwad'} (ui=set(), cb={'overton', 'gaikwad'}) | BOWLER: ui=None cb=Mohammed Siraj

[17:08:10  iter#259]
  WS ERR: ''
  CB: CSK 122-6 (18)  crr=6.78  ps=0(1)  recent=1 4 4 0 W 0
  CB BAT: Ruturaj Gaikwad* 59(53), Jamie Overton 0(1)
  CB BOWL: Kagiso Rabada 3-25 (4)
  LAST WKT: Kartik Sharma  c Jason Holder b Kagiso Rabada 15(9)  - 122/6 in 17.5 ov.
  ⚠ DIVERGENCE: BATTERS_MISSING_IN_UI: {'overton', 'gaikwad'} (ui=set(), cb={'overton', 'gaikwad'}) | BOWLER: ui=None cb=Kagiso Rabada

[17:08:32  iter#260]
  UI: Chennai Super Kings 122-6 (18.0)  str=Ruturaj Gaikwad nstr=Jamie Overton  bowl=Manav Suthar 1-7 (1.5)
  this_over=['1', '4', '4', '.', 'W', '.']  fow=6 (unk=0)  last_fow={'wicket': 6, 'batter': 'Kartik Sharma', 'score': 122, 'overs': '17.5', 'bowler': 'Kagiso Rabada', 'how': 'bowled', '_unwitnessed': False}
  delivery: len=good_length line=unknown shot=in_the_air [layer2]
  extras: this_over=5 innings=0 [w8/nb1/b0/lb0]
  extras_log: [{'over': '11.3', 'type': 'wide', 'runs': 1, 'this_over_after': []}, {'over': '14.2', 'type': 'wide', 'runs': 5, 'this_over_after': []}, {'over': '15.4', 'type': 'no_ball', 'runs': 1, 'this_over_after': []}]
  CB: CSK 122-6 (18)  crr=6.78  ps=0(1)  recent=1 4 4 0 W 0
  CB BAT: Ruturaj Gaikwad* 59(53), Jamie Overton 0(1)
  CB BOWL: Kagiso Rabada 3-25 (4)
  LAST WKT: Kartik Sharma  c Jason Holder b Kagiso Rabada 15(9)  - 122/6 in 17.5 ov.
  ⚠ DIVERGENCE: OVERS: ui=18.0 cb=18 | BOWLER: ui=Manav Suthar cb=Kagiso Rabada

[17:08:53  iter#261]
  UI: Chennai Super Kings 122-6 (18.0)  str=Ruturaj Gaikwad nstr=Jamie Overton  bowl=Manav Suthar 1-7 (1.5)
  this_over=['1', '4', '4', '.', 'W', '.']  fow=6 (unk=0)  last_fow={'wicket': 6, 'batter': 'Kartik Sharma', 'score': 122, 'overs': '17.5', 'bowler': 'Kagiso Rabada', 'how': 'bowled', '_unwitnessed': False}
  delivery: len=good_length line=unknown shot=in_the_air [layer2]
  extras: this_over=5 innings=0 [w8/nb1/b0/lb0]
  extras_log: [{'over': '11.3', 'type': 'wide', 'runs': 1, 'this_over_after': []}, {'over': '14.2', 'type': 'wide', 'runs': 5, 'this_over_after': []}, {'over': '15.4', 'type': 'no_ball', 'runs': 1, 'this_over_after': []}]
  CB: CSK 122-6 (18)  crr=6.78  ps=0(1)  recent=...
  CB BAT: Ruturaj Gaikwad* 59(53), Jamie Overton 0(1)
  CB BOWL: Kagiso Rabada 3-25 (4)
  LAST WKT: Kartik Sharma  c Jason Holder b Kagiso Rabada 15(9)  - 122/6 in 17.5 ov.
  ⚠ DIVERGENCE: OVERS: ui=18.0 cb=18 | BOWLER: ui=Manav Suthar cb=Kagiso Rabada

[17:09:16  iter#262]
  UI: Chennai Super Kings 122-6 (18.0)  str=Ruturaj Gaikwad nstr=Jamie Overton  bowl=Kagiso Rabada 3-16 (4)
  this_over=['1', '4', '4', '.', 'W', '.']  fow=6 (unk=0)  last_fow={'wicket': 6, 'batter': 'Kartik Sharma', 'score': 122, 'overs': '17.5', 'bowler': 'Kagiso Rabada', 'how': 'bowled', '_unwitnessed': False}
  delivery: len=short_of_length line=outside_off shot=in_the_air [layer2]
  extras: this_over=5 innings=0 [w8/nb1/b0/lb0]
  extras_log: [{'over': '11.3', 'type': 'wide', 'runs': 1, 'this_over_after': []}, {'over': '14.2', 'type': 'wide', 'runs': 5, 'this_over_after': []}, {'over': '15.4', 'type': 'no_ball', 'runs': 1, 'this_over_after': []}]
  CB: CSK 122-6 (18)  crr=6.78  ps=0(1)  recent=...
  CB BAT: Ruturaj Gaikwad* 59(53), Jamie Overton 0(1)
  CB BOWL: Kagiso Rabada 3-25 (4)
  LAST WKT: Kartik Sharma  c Jason Holder b Kagiso Rabada 15(9)  - 122/6 in 17.5 ov.
  ⚠ DIVERGENCE: OVERS: ui=18.0 cb=18 | BOWL_R: ui=16 cb=25

[17:09:38  iter#263]
  UI: Chennai Super Kings 122-6 (18.0)  str=Ruturaj Gaikwad nstr=Jamie Overton  bowl=Kagiso Rabada 3-16 (4)
  this_over=['1', '4', '4', '.', 'W', '.']  fow=6 (unk=0)  last_fow={'wicket': 6, 'batter': 'Kartik Sharma', 'score': 122, 'overs': '17.5', 'bowler': 'Kagiso Rabada', 'how': 'bowled', '_unwitnessed': False}
  delivery: len=short_of_length line=outside_off shot=in_the_air [layer2]
  extras: this_over=5 innings=0 [w8/nb1/b0/lb0]
  extras_log: [{'over': '11.3', 'type': 'wide', 'runs': 1, 'this_over_after': []}, {'over': '14.2', 'type': 'wide', 'runs': 5, 'this_over_after': []}, {'over': '15.4', 'type': 'no_ball', 'runs': 1, 'this_over_after': []}]
  CB: CSK 123-6 (18.1)  crr=6.77  ps=1(2)  recent=1
  CB BAT: Jamie Overton* 0(1), Ruturaj Gaikwad 60(54)
  CB BOWL: Kagiso Rabada 3-25 (4)
  LAST WKT: Kartik Sharma  c Jason Holder b Kagiso Rabada 15(9)  - 122/6 in 17.5 ov.
  ⚠ DIVERGENCE: SCORE: ui=122 cb=123 | OVERS: ui=18.0 cb=18.1 | STRIKER: ui=Ruturaj Gaikwad cb=Jamie Overton | BAT_gaikwad: ui=59(53) cb=60(54) | BOWL_R: ui=16 cb=25

[17:10:00  iter#264]
  UI: Chennai Super Kings 122-6 (18.0)  str=Ruturaj Gaikwad nstr=Jamie Overton  bowl=Kagiso Rabada 3-16 (4)
  this_over=['1', '4', '4', '.', 'W', '.']  fow=6 (unk=0)  last_fow={'wicket': 6, 'batter': 'Kartik Sharma', 'score': 122, 'overs': '17.5', 'bowler': 'Kagiso Rabada', 'how': 'bowled', '_unwitnessed': False}
  delivery: len=short_of_length line=outside_off shot=in_the_air [layer2]
  extras: this_over=5 innings=0 [w8/nb1/b0/lb0]
  extras_log: [{'over': '11.3', 'type': 'wide', 'runs': 1, 'this_over_after': []}, {'over': '14.2', 'type': 'wide', 'runs': 5, 'this_over_after': []}, {'over': '15.4', 'type': 'no_ball', 'runs': 1, 'this_over_after': []}]
  CB: CSK 123-6 (18.1)  crr=6.77  ps=1(2)  recent=1
  CB BAT: Jamie Overton* 0(1), Ruturaj Gaikwad 60(54)
  CB BOWL: Kagiso Rabada 3-25 (4)
  LAST WKT: Kartik Sharma  c Jason Holder b Kagiso Rabada 15(9)  - 122/6 in 17.5 ov.
  ⚠ DIVERGENCE: SCORE: ui=122 cb=123 | OVERS: ui=18.0 cb=18.1 | STRIKER: ui=Ruturaj Gaikwad cb=Jamie Overton | BAT_gaikwad: ui=59(53) cb=60(54) | BOWL_R: ui=16 cb=25

[17:10:22  iter#265]
  UI: Chennai Super Kings 124-6 (18.1)  str=Jamie Overton nstr=Ruturaj Gaikwad  bowl=Kagiso Rabada 3-16 (4)
  this_over=['1']  fow=6 (unk=0)  last_fow={'wicket': 6, 'batter': 'Kartik Sharma', 'score': 122, 'overs': '17.5', 'bowler': 'Kagiso Rabada', 'how': 'bowled', '_unwitnessed': False}
  delivery: len=short_of_length line=outside_off shot=in_the_air [layer2]
  extras: this_over=5 innings=0 [w8/nb1/b0/lb0]
  extras_log: [{'over': '11.3', 'type': 'wide', 'runs': 1, 'this_over_after': []}, {'over': '14.2', 'type': 'wide', 'runs': 5, 'this_over_after': []}, {'over': '15.4', 'type': 'no_ball', 'runs': 1, 'this_over_after': []}]
  CB: CSK 124-6 (18.1)  crr=6.83  ps=2(2)  recent=1 W
  CB BAT: Jamie Overton* 0(1), Ruturaj Gaikwad 60(54)
  CB BOWL: Kagiso Rabada 3-25 (4)
  LAST WKT: Kartik Sharma  c Jason Holder b Kagiso Rabada 15(9)  - 122/6 in 17.5 ov.
  ⚠ DIVERGENCE: BOWL_R: ui=16 cb=25

[17:10:45  iter#266]
  UI: CSK 124-6 (18.1)  str=Jamie Overton nstr=Ruturaj Gaikwad  bowl=None None-None (None)
  this_over=['1', '1']  fow=0 (unk=0)  last_fow=None
  delivery: len=short_of_length line=outside_off shot=in_the_air [layer2]
  extras: this_over=0 innings=None [w0/nb0/b0/lb0]
  CB: CSK 124-6 (18.1)  crr=6.83  ps=2(2)  recent=1 W
  CB BAT: Jamie Overton* 0(1), Ruturaj Gaikwad 60(54)
  CB BOWL: Kagiso Rabada 3-25 (4)
  LAST WKT: Kartik Sharma  c Jason Holder b Kagiso Rabada 15(9)  - 122/6 in 17.5 ov.
  ⚠ DIVERGENCE: FOW_COUNT: ui=0 vs wickets=6 | BOWLER: ui=None cb=Kagiso Rabada

[17:11:09  iter#267]
  WS ERR: ''
  CB: CSK 125-6 (18.1)  crr=6.88  ps=3(2)  recent=1 W
  CB BAT: Jamie Overton* 0(1), Ruturaj Gaikwad 60(54)
  CB BOWL: Kagiso Rabada 3-25 (4)
  LAST WKT: Kartik Sharma  c Jason Holder b Kagiso Rabada 15(9)  - 122/6 in 17.5 ov.
  ⚠ DIVERGENCE: BATTERS_MISSING_IN_UI: {'overton', 'gaikwad'} (ui=set(), cb={'overton', 'gaikwad'}) | BOWLER: ui=None cb=Kagiso Rabada

[17:11:32  iter#268]
  UI: Chennai Super Kings 125-6 (18.1)  str=Jamie Overton nstr=Ruturaj Gaikwad  bowl=Manav Suthar 1-7 (1.5)
  this_over=['1', 'Wd', 'Wd']  fow=6 (unk=0)  last_fow={'wicket': 6, 'batter': 'Kartik Sharma', 'score': 122, 'overs': '17.5', 'bowler': 'Kagiso Rabada', 'how': 'bowled', '_unwitnessed': False}
  delivery: len=good_length line=leg_stump shot=in_the_air [layer2]
  extras: this_over=7 innings=0 [w10/nb1/b0/lb0]
  extras_log: [{'over': '15.4', 'type': 'no_ball', 'runs': 1, 'this_over_after': []}, {'over': '18.1', 'type': 'wide', 'runs': 1, 'this_over_after': []}, {'over': '18.1', 'type': 'wide', 'runs': 1, 'this_over_after': []}]
  CB: CSK 125-6 (18.1)  crr=6.88  ps=3(2)  recent=... 0 1 1
  CB BAT: Jamie Overton* 0(1), Ruturaj Gaikwad 60(54)
  CB BOWL: Kagiso Rabada 3-25 (4)
  LAST WKT: Kartik Sharma  c Jason Holder b Kagiso Rabada 15(9)  - 122/6 in 17.5 ov.
  ⚠ DIVERGENCE: BOWLER: ui=Manav Suthar cb=Kagiso Rabada

[17:11:56  iter#269]
  WS ERR: ''
  CB: CSK 125-6 (18.1)  crr=6.88  ps=3(2)  recent=... 0 1 1
  CB BAT: Jamie Overton* 0(1), Ruturaj Gaikwad 60(54)
  CB BOWL: Kagiso Rabada 3-25 (4)
  LAST WKT: Kartik Sharma  c Jason Holder b Kagiso Rabada 15(9)  - 122/6 in 17.5 ov.
  ⚠ DIVERGENCE: BATTERS_MISSING_IN_UI: {'overton', 'gaikwad'} (ui=set(), cb={'overton', 'gaikwad'}) | BOWLER: ui=None cb=Kagiso Rabada

[17:12:21  iter#270]
  WS ERR: ''
  CB: CSK 125-6 (18.1)  crr=6.88  ps=3(2)  recent=... 0 1 1
  CB BAT: Jamie Overton* 0(1), Ruturaj Gaikwad 60(54)
  CB BOWL: Kagiso Rabada 3-25 (4)
  LAST WKT: Kartik Sharma  c Jason Holder b Kagiso Rabada 15(9)  - 122/6 in 17.5 ov.
  ⚠ DIVERGENCE: BATTERS_MISSING_IN_UI: {'overton', 'gaikwad'} (ui=set(), cb={'overton', 'gaikwad'}) | BOWLER: ui=None cb=Kagiso Rabada

[17:12:42  iter#271]
  UI: Chennai Super Kings 125-6 (18.1)  str=Jamie Overton nstr=Ruturaj Gaikwad  bowl=Manav Suthar 1-7 (1.5)
  this_over=['1', 'Wd', 'Wd']  fow=6 (unk=0)  last_fow={'wicket': 6, 'batter': 'Kartik Sharma', 'score': 122, 'overs': '17.5', 'bowler': 'Kagiso Rabada', 'how': 'bowled', '_unwitnessed': False}
  delivery: len=good_length line=leg_stump shot=in_the_air [layer2]
  extras: this_over=7 innings=0 [w10/nb1/b0/lb0]
  extras_log: [{'over': '15.4', 'type': 'no_ball', 'runs': 1, 'this_over_after': []}, {'over': '18.1', 'type': 'wide', 'runs': 1, 'this_over_after': []}, {'over': '18.1', 'type': 'wide', 'runs': 1, 'this_over_after': []}]
  CB: CSK 129-6 (18.2)  crr=7.04  ps=7(3)  recent=1 W
  CB BAT: Jamie Overton* 4(2), Ruturaj Gaikwad 60(54)
  CB BOWL: Kagiso Rabada 3-25 (4)
  LAST WKT: Kartik Sharma  c Jason Holder b Kagiso Rabada 15(9)  - 122/6 in 17.5 ov.
  ⚠ DIVERGENCE: SCORE: ui=125 cb=129 | OVERS: ui=18.1 cb=18.2 | BAT_overton: ui=0(1) cb=4(2) | BOWLER: ui=Manav Suthar cb=Kagiso Rabada

[17:13:03  iter#272]
  UI: Chennai Super Kings 125-6 (18.1)  str=Jamie Overton nstr=Ruturaj Gaikwad  bowl=Manav Suthar 1-7 (1.5)
  this_over=['1', 'Wd', 'Wd']  fow=6 (unk=0)  last_fow={'wicket': 6, 'batter': 'Kartik Sharma', 'score': 122, 'overs': '17.5', 'bowler': 'Kagiso Rabada', 'how': 'bowled', '_unwitnessed': False}
  delivery: len=good_length line=leg_stump shot=in_the_air [layer2]
  extras: this_over=7 innings=0 [w10/nb1/b0/lb0]
  extras_log: [{'over': '15.4', 'type': 'no_ball', 'runs': 1, 'this_over_after': []}, {'over': '18.1', 'type': 'wide', 'runs': 1, 'this_over_after': []}, {'over': '18.1', 'type': 'wide', 'runs': 1, 'this_over_after': []}]
  CB: CSK 129-6 (18.2)  crr=7.04  ps=7(3)  recent=1 W
  CB BAT: Jamie Overton* 4(2), Ruturaj Gaikwad 60(54)
  CB BOWL: Kagiso Rabada 3-25 (4)
  LAST WKT: Kartik Sharma  c Jason Holder b Kagiso Rabada 15(9)  - 122/6 in 17.5 ov.
  ⚠ DIVERGENCE: SCORE: ui=125 cb=129 | OVERS: ui=18.1 cb=18.2 | BAT_overton: ui=0(1) cb=4(2) | BOWLER: ui=Manav Suthar cb=Kagiso Rabada

[17:13:26  iter#273]
  UI: Chennai Super Kings 125-6 (18.1)  str=Jamie Overton nstr=Ruturaj Gaikwad  bowl=Manav Suthar 1-7 (1.5)
  this_over=['1', 'Wd', 'Wd']  fow=6 (unk=0)  last_fow={'wicket': 6, 'batter': 'Kartik Sharma', 'score': 122, 'overs': '17.5', 'bowler': 'Kagiso Rabada', 'how': 'bowled', '_unwitnessed': False}
  delivery: len=good_length line=leg_stump shot=in_the_air [layer2]
  extras: this_over=7 innings=0 [w10/nb1/b0/lb0]
  extras_log: [{'over': '15.4', 'type': 'no_ball', 'runs': 1, 'this_over_after': []}, {'over': '18.1', 'type': 'wide', 'runs': 1, 'this_over_after': []}, {'over': '18.1', 'type': 'wide', 'runs': 1, 'this_over_after': []}]
  CB: CSK 135-6 (18.3)  crr=7.3  ps=13(4)  recent=1 W
  CB BAT: Jamie Overton* 10(3), Ruturaj Gaikwad 60(54)
  CB BOWL: Kagiso Rabada 3-25 (4)
  LAST WKT: Kartik Sharma  c Jason Holder b Kagiso Rabada 15(9)  - 122/6 in 17.5 ov.
  ⚠ DIVERGENCE: SCORE: ui=125 cb=135 | OVERS: ui=18.1 cb=18.3 | BAT_overton: ui=0(1) cb=10(3) | BOWLER: ui=Manav Suthar cb=Kagiso Rabada

[17:13:47  iter#274]
  UI: Chennai Super Kings 125-6 (18.1)  str=Jamie Overton nstr=Ruturaj Gaikwad  bowl=Manav Suthar 1-7 (1.5)
  this_over=['1', 'Wd', 'Wd']  fow=6 (unk=0)  last_fow={'wicket': 6, 'batter': 'Kartik Sharma', 'score': 122, 'overs': '17.5', 'bowler': 'Kagiso Rabada', 'how': 'bowled', '_unwitnessed': False}
  delivery: len=good_length line=leg_stump shot=in_the_air [layer2]
  extras: this_over=7 innings=0 [w10/nb1/b0/lb0]
  extras_log: [{'over': '15.4', 'type': 'no_ball', 'runs': 1, 'this_over_after': []}, {'over': '18.1', 'type': 'wide', 'runs': 1, 'this_over_after': []}, {'over': '18.1', 'type': 'wide', 'runs': 1, 'this_over_after': []}]
  CB: CSK 135-6 (18.3)  crr=7.3  ps=13(4)  recent=1 W
  CB BAT: Jamie Overton* 10(3), Ruturaj Gaikwad 60(54)
  CB BOWL: Kagiso Rabada 3-25 (4)
  LAST WKT: Kartik Sharma  c Jason Holder b Kagiso Rabada 15(9)  - 122/6 in 17.5 ov.
  ⚠ DIVERGENCE: SCORE: ui=125 cb=135 | OVERS: ui=18.1 cb=18.3 | BAT_overton: ui=0(1) cb=10(3) | BOWLER: ui=Manav Suthar cb=Kagiso Rabada

[17:14:09  iter#275]
  UI: Chennai Super Kings 125-6 (18.1)  str=Jamie Overton nstr=Ruturaj Gaikwad  bowl=Manav Suthar 1-7 (1.5)
  this_over=['1', 'Wd', 'Wd']  fow=6 (unk=0)  last_fow={'wicket': 6, 'batter': 'Kartik Sharma', 'score': 122, 'overs': '17.5', 'bowler': 'Kagiso Rabada', 'how': 'bowled', '_unwitnessed': False}
  delivery: len=good_length line=leg_stump shot=in_the_air [layer2]
  extras: this_over=7 innings=0 [w10/nb1/b0/lb0]
  extras_log: [{'over': '15.4', 'type': 'no_ball', 'runs': 1, 'this_over_after': []}, {'over': '18.1', 'type': 'wide', 'runs': 1, 'this_over_after': []}, {'over': '18.1', 'type': 'wide', 'runs': 1, 'this_over_after': []}]
  CB: CSK 135-6 (18.3)  crr=7.3  ps=13(4)  recent=1 W
  CB BAT: Jamie Overton* 10(3), Ruturaj Gaikwad 60(54)
  CB BOWL: Kagiso Rabada 3-25 (4)
  LAST WKT: Kartik Sharma  c Jason Holder b Kagiso Rabada 15(9)  - 122/6 in 17.5 ov.
  ⚠ DIVERGENCE: SCORE: ui=125 cb=135 | OVERS: ui=18.1 cb=18.3 | BAT_overton: ui=0(1) cb=10(3) | BOWLER: ui=Manav Suthar cb=Kagiso Rabada

[17:14:33  iter#276]
  UI: Chennai Super Kings 125-6 (18.1)  str=Jamie Overton nstr=Ruturaj Gaikwad  bowl=Manav Suthar 1-7 (1.5)
  this_over=['1', 'Wd', 'Wd']  fow=6 (unk=0)  last_fow={'wicket': 6, 'batter': 'Kartik Sharma', 'score': 122, 'overs': '17.5', 'bowler': 'Kagiso Rabada', 'how': 'bowled', '_unwitnessed': False}
  delivery: len=good_length line=leg_stump shot=in_the_air [layer2]
  extras: this_over=7 innings=0 [w10/nb1/b0/lb0]
  extras_log: [{'over': '15.4', 'type': 'no_ball', 'runs': 1, 'this_over_after': []}, {'over': '18.1', 'type': 'wide', 'runs': 1, 'this_over_after': []}, {'over': '18.1', 'type': 'wide', 'runs': 1, 'this_over_after': []}]
  CB: CSK 135-6 (18.3)  crr=7.3  ps=13(4)  recent=1 W
  CB BAT: Jamie Overton* 10(3), Ruturaj Gaikwad 60(54)
  CB BOWL: Kagiso Rabada 3-25 (4)
  LAST WKT: Kartik Sharma  c Jason Holder b Kagiso Rabada 15(9)  - 122/6 in 17.5 ov.
  ⚠ DIVERGENCE: SCORE: ui=125 cb=135 | OVERS: ui=18.1 cb=18.3 | BAT_overton: ui=0(1) cb=10(3) | BOWLER: ui=Manav Suthar cb=Kagiso Rabada

[17:14:55  iter#277]
  UI: Chennai Super Kings 125-6 (18.1)  str=Jamie Overton nstr=Ruturaj Gaikwad  bowl=Manav Suthar 1-7 (1.5)
  this_over=['1', 'Wd', 'Wd']  fow=6 (unk=0)  last_fow={'wicket': 6, 'batter': 'Kartik Sharma', 'score': 122, 'overs': '17.5', 'bowler': 'Kagiso Rabada', 'how': 'bowled', '_unwitnessed': False}
  delivery: len=good_length line=leg_stump shot=in_the_air [layer2]
  extras: this_over=7 innings=0 [w10/nb1/b0/lb0]
  extras_log: [{'over': '15.4', 'type': 'no_ball', 'runs': 1, 'this_over_after': []}, {'over': '18.1', 'type': 'wide', 'runs': 1, 'this_over_after': []}, {'over': '18.1', 'type': 'wide', 'runs': 1, 'this_over_after': []}]
  CB: CSK 135-6 (18.3)  crr=7.3  ps=13(4)  recent=... 1
  CB BAT: Jamie Overton* 10(3), Ruturaj Gaikwad 60(54)
  CB BOWL: Kagiso Rabada 3-25 (4)
  LAST WKT: Kartik Sharma  c Jason Holder b Kagiso Rabada 15(9)  - 122/6 in 17.5 ov.
  ⚠ DIVERGENCE: SCORE: ui=125 cb=135 | OVERS: ui=18.1 cb=18.3 | BAT_overton: ui=0(1) cb=10(3) | BOWLER: ui=Manav Suthar cb=Kagiso Rabada

[17:15:16  iter#278]
  UI: Chennai Super Kings 135-6 (18.3)  str=Jamie Overton nstr=Ruturaj Gaikwad  bowl=Manav Suthar 1-7 (1.5)
  this_over=['1', 'Wd', 'Wd', '?', '?']  fow=6 (unk=0)  last_fow={'wicket': 6, 'batter': 'Kartik Sharma', 'score': 122, 'overs': '17.5', 'bowler': 'Kagiso Rabada', 'how': 'bowled', '_unwitnessed': False}
  delivery: len=good_length line=leg_stump shot=in_the_air [layer2]
  extras: this_over=7 innings=0 [w10/nb1/b0/lb0]
  extras_log: [{'over': '15.4', 'type': 'no_ball', 'runs': 1, 'this_over_after': []}, {'over': '18.1', 'type': 'wide', 'runs': 1, 'this_over_after': []}, {'over': '18.1', 'type': 'wide', 'runs': 1, 'this_over_after': []}]
  CB: CSK 139-6 (18.4)  crr=7.45  ps=17(5)  recent=1 W
  CB BAT: Jamie Overton* 14(4), Ruturaj Gaikwad 60(54)
  CB BOWL: Kagiso Rabada 3-25 (4)
  LAST WKT: Kartik Sharma  c Jason Holder b Kagiso Rabada 15(9)  - 122/6 in 17.5 ov.
  ⚠ DIVERGENCE: SCORE: ui=135 cb=139 | OVERS: ui=18.3 cb=18.4 | BAT_overton: ui=0(1) cb=14(4) | BOWLER: ui=Manav Suthar cb=Kagiso Rabada

[17:15:40  iter#279]
  UI: Chennai Super Kings 139-6 (18.4)  str=Jamie Overton nstr=Ruturaj Gaikwad  bowl=Manav Suthar 1-7 (1.5)
  this_over=['1', 'Wd', 'Wd', '?', '?', '4']  fow=6 (unk=0)  last_fow={'wicket': 6, 'batter': 'Kartik Sharma', 'score': 122, 'overs': '17.5', 'bowler': 'Kagiso Rabada', 'how': 'bowled', '_unwitnessed': False}
  delivery: len=short_of_length line=leg_stump shot=in_the_air [layer2]
  extras: this_over=7 innings=12 [w10/nb1/b0/lb0]
  extras_log: [{'over': '15.4', 'type': 'no_ball', 'runs': 1, 'this_over_after': []}, {'over': '18.1', 'type': 'wide', 'runs': 1, 'this_over_after': []}, {'over': '18.1', 'type': 'wide', 'runs': 1, 'this_over_after': []}]
  CB: CSK 139-6 (18.4)  crr=7.45  ps=17(5)  recent=1 W
  CB BAT: Jamie Overton* 14(4), Ruturaj Gaikwad 60(54)
  CB BOWL: Kagiso Rabada 3-25 (4)
  LAST WKT: Kartik Sharma  c Jason Holder b Kagiso Rabada 15(9)  - 122/6 in 17.5 ov.
  ⚠ DIVERGENCE: BAT_overton: ui=0(1) cb=14(4) | BOWLER: ui=Manav Suthar cb=Kagiso Rabada

[17:16:03  iter#280]
  UI: Chennai Super Kings 139-6 (18.4)  str=Jamie Overton nstr=Ruturaj Gaikwad  bowl=Manav Suthar 1-7 (1.5)
  this_over=['1', 'Wd', 'Wd', '?', '?', '4']  fow=6 (unk=0)  last_fow={'wicket': 6, 'batter': 'Kartik Sharma', 'score': 122, 'overs': '17.5', 'bowler': 'Kagiso Rabada', 'how': 'bowled', '_unwitnessed': False}
  delivery: len=short_of_length line=leg_stump shot=in_the_air [layer2]
  extras: this_over=7 innings=0 [w10/nb1/b0/lb0]
  extras_log: [{'over': '15.4', 'type': 'no_ball', 'runs': 1, 'this_over_after': []}, {'over': '18.1', 'type': 'wide', 'runs': 1, 'this_over_after': []}, {'over': '18.1', 'type': 'wide', 'runs': 1, 'this_over_after': []}]
  CB: CSK 139-6 (18.4)  crr=7.45  ps=17(5)  recent=1 W
  CB BAT: Jamie Overton* 14(4), Ruturaj Gaikwad 60(54)
  CB BOWL: Kagiso Rabada 3-25 (4)
  LAST WKT: Kartik Sharma  c Jason Holder b Kagiso Rabada 15(9)  - 122/6 in 17.5 ov.
  ⚠ DIVERGENCE: BOWLER: ui=Manav Suthar cb=Kagiso Rabada

[17:16:26  iter#281]
  UI: Chennai Super Kings 139-6 (18.4)  str=Jamie Overton nstr=Ruturaj Gaikwad  bowl=Manav Suthar 1-7 (1.5)
  this_over=['1', 'Wd', 'Wd', '?', '?', '4']  fow=6 (unk=0)  last_fow={'wicket': 6, 'batter': 'Kartik Sharma', 'score': 122, 'overs': '17.5', 'bowler': 'Kagiso Rabada', 'how': 'bowled', '_unwitnessed': False}
  delivery: len=short_of_length line=leg_stump shot=in_the_air [layer2]
  extras: this_over=7 innings=0 [w10/nb1/b0/lb0]
  extras_log: [{'over': '15.4', 'type': 'no_ball', 'runs': 1, 'this_over_after': []}, {'over': '18.1', 'type': 'wide', 'runs': 1, 'this_over_after': []}, {'over': '18.1', 'type': 'wide', 'runs': 1, 'this_over_after': []}]
  CB: CSK 139-6 (18.4)  crr=7.45  ps=17(5)  recent=1 W
  CB BAT: Jamie Overton* 14(4), Ruturaj Gaikwad 60(54)
  CB BOWL: Kagiso Rabada 3-25 (4)
  LAST WKT: Kartik Sharma  c Jason Holder b Kagiso Rabada 15(9)  - 122/6 in 17.5 ov.
  ⚠ DIVERGENCE: BOWLER: ui=Manav Suthar cb=Kagiso Rabada

[17:16:49  iter#282]
  UI: Chennai Super Kings 143-6 (18.5)  str=Jamie Overton nstr=Ruturaj Gaikwad  bowl=Manav Suthar 1-7 (1.5)
  this_over=['1', 'Wd', 'Wd', '?', '?', '4', '4']  fow=6 (unk=0)  last_fow={'wicket': 6, 'batter': 'Kartik Sharma', 'score': 122, 'overs': '17.5', 'bowler': 'Kagiso Rabada', 'how': 'bowled', '_unwitnessed': False}
  delivery: len=short_of_length line=leg_stump shot=in_the_air [layer2]
  extras: this_over=7 innings=0 [w10/nb1/b0/lb0]
  extras_log: [{'over': '15.4', 'type': 'no_ball', 'runs': 1, 'this_over_after': []}, {'over': '18.1', 'type': 'wide', 'runs': 1, 'this_over_after': []}, {'over': '18.1', 'type': 'wide', 'runs': 1, 'this_over_after': []}]
  CB: CSK 143-6 (18.5)  crr=7.59  ps=21(6)  recent=1 W
  CB BAT: Jamie Overton* 18(5), Ruturaj Gaikwad 60(54)
  CB BOWL: Kagiso Rabada 3-25 (4)
  LAST WKT: Kartik Sharma  c Jason Holder b Kagiso Rabada 15(9)  - 122/6 in 17.5 ov.
  ⚠ DIVERGENCE: BOWLER: ui=Manav Suthar cb=Kagiso Rabada

[17:17:12  iter#283]
  UI: Chennai Super Kings 143-6 (18.5)  str=Jamie Overton nstr=Ruturaj Gaikwad  bowl=Manav Suthar 1-7 (1.5)
  this_over=['1', 'Wd', 'Wd', '?', '?', '4', '4']  fow=6 (unk=0)  last_fow={'wicket': 6, 'batter': 'Kartik Sharma', 'score': 122, 'overs': '17.5', 'bowler': 'Kagiso Rabada', 'how': 'bowled', '_unwitnessed': False}
  delivery: len=short_of_length line=leg_stump shot=in_the_air [layer2]
  extras: this_over=7 innings=0 [w10/nb1/b0/lb0]
  extras_log: [{'over': '15.4', 'type': 'no_ball', 'runs': 1, 'this_over_after': []}, {'over': '18.1', 'type': 'wide', 'runs': 1, 'this_over_after': []}, {'over': '18.1', 'type': 'wide', 'runs': 1, 'this_over_after': []}]
  CB: CSK 143-6 (18.5)  crr=7.59  ps=21(6)  recent=1 W
  CB BAT: Jamie Overton* 18(5), Ruturaj Gaikwad 60(54)
  CB BOWL: Kagiso Rabada 3-25 (4)
  LAST WKT: Kartik Sharma  c Jason Holder b Kagiso Rabada 15(9)  - 122/6 in 17.5 ov.
  ⚠ DIVERGENCE: BOWLER: ui=Manav Suthar cb=Kagiso Rabada

[17:17:33  iter#284]
  UI: Chennai Super Kings 143-6 (19.0)  str=Ruturaj Gaikwad nstr=Jamie Overton  bowl=Manav Suthar 1-7 (1.5)
  this_over=['1', 'Wd', 'Wd', '?', '4', '.']  fow=6 (unk=0)  last_fow={'wicket': 6, 'batter': 'Kartik Sharma', 'score': 122, 'overs': '17.5', 'bowler': 'Kagiso Rabada', 'how': 'bowled', '_unwitnessed': False}
  delivery: len=short_of_length line=leg_stump shot=in_the_air [layer2]
  extras: this_over=7 innings=0 [w10/nb1/b0/lb0]
  extras_log: [{'over': '15.4', 'type': 'no_ball', 'runs': 1, 'this_over_after': []}, {'over': '18.1', 'type': 'wide', 'runs': 1, 'this_over_after': []}, {'over': '18.1', 'type': 'wide', 'runs': 1, 'this_over_after': []}]
  CB: CSK 143-7 (19)  crr=7.53  ps=21(7)  recent=... 1 W
  CB BAT: Ruturaj Gaikwad* 60(54), Kagiso Rabada 4(0)
  CB BOWL: Arshad Khan 2-43 (4)
  LAST WKT: Jamie Overton  c Shahrukh Khan b Arshad Khan 18(6)  - 143/7 in 18.6 ov.
  ⚠ DIVERGENCE: WICKETS: ui=6 cb=7 | OVERS: ui=19.0 cb=19 | BATTERS_MISSING_IN_UI: {'rabada'} (ui={'overton', 'gaikwad'}, cb={'rabada', 'gaikwad'}) | BOWLER: ui=Manav Suthar cb=Arshad Khan

[17:17:56  iter#285]
  UI: Chennai Super Kings 143-6 (19.0)  str=Ruturaj Gaikwad nstr=Jamie Overton  bowl=Manav Suthar 1-7 (1.5)
  this_over=['W']  fow=6 (unk=0)  last_fow={'wicket': 6, 'batter': 'Kartik Sharma', 'score': 122, 'overs': '17.5', 'bowler': 'Kagiso Rabada', 'how': 'bowled', '_unwitnessed': False}
  delivery: len=short_of_length line=leg_stump shot=in_the_air [layer2]
  extras: this_over=7 innings=0 [w10/nb1/b0/lb0]
  extras_log: [{'over': '15.4', 'type': 'no_ball', 'runs': 1, 'this_over_after': []}, {'over': '18.1', 'type': 'wide', 'runs': 1, 'this_over_after': []}, {'over': '18.1', 'type': 'wide', 'runs': 1, 'this_over_after': []}]
  CB: CSK 143-7 (19)  crr=7.53  ps=21(7)  recent=... 1 W
  CB BAT: Ruturaj Gaikwad* 60(54), Kagiso Rabada 4(0)
  CB BOWL: Arshad Khan 2-43 (4)
  LAST WKT: Jamie Overton  c Shahrukh Khan b Arshad Khan 18(6)  - 143/7 in 18.6 ov.
  ⚠ DIVERGENCE: WICKETS: ui=6 cb=7 | OVERS: ui=19.0 cb=19 | BATTERS_MISSING_IN_UI: {'rabada'} (ui={'overton', 'gaikwad'}, cb={'rabada', 'gaikwad'}) | BOWLER: ui=Manav Suthar cb=Arshad Khan

[17:18:17  iter#286]
  UI: Chennai Super Kings 143-6 (19.0)  str=Ruturaj Gaikwad nstr=Jamie Overton  bowl=Manav Suthar 1-7 (1.5)
  this_over=['W']  fow=6 (unk=0)  last_fow={'wicket': 6, 'batter': 'Kartik Sharma', 'score': 122, 'overs': '17.5', 'bowler': 'Kagiso Rabada', 'how': 'bowled', '_unwitnessed': False}
  delivery: len=short_of_length line=leg_stump shot=in_the_air [layer2]
  extras: this_over=7 innings=0 [w10/nb1/b0/lb0]
  extras_log: [{'over': '15.4', 'type': 'no_ball', 'runs': 1, 'this_over_after': []}, {'over': '18.1', 'type': 'wide', 'runs': 1, 'this_over_after': []}, {'over': '18.1', 'type': 'wide', 'runs': 1, 'this_over_after': []}]
  CB: CSK 143-7 (19)  crr=7.53  ps=21(7)  recent=... 1 W
  CB BAT: Ruturaj Gaikwad* 60(54), Kagiso Rabada 4(0)
  CB BOWL: Arshad Khan 2-43 (4)
  LAST WKT: Jamie Overton  c Shahrukh Khan b Arshad Khan 18(6)  - 143/7 in 18.6 ov.
  ⚠ DIVERGENCE: WICKETS: ui=6 cb=7 | OVERS: ui=19.0 cb=19 | BATTERS_MISSING_IN_UI: {'rabada'} (ui={'overton', 'gaikwad'}, cb={'rabada', 'gaikwad'}) | BOWLER: ui=Manav Suthar cb=Arshad Khan

[17:18:41  iter#287]
  UI: Chennai Super Kings 143-6 (19.0)  str=Ruturaj Gaikwad nstr=Jamie Overton  bowl=Manav Suthar 1-7 (1.5)
  this_over=['W']  fow=6 (unk=0)  last_fow={'wicket': 6, 'batter': 'Kartik Sharma', 'score': 122, 'overs': '17.5', 'bowler': 'Kagiso Rabada', 'how': 'bowled', '_unwitnessed': False}
  delivery: len=good_length line=leg_stump shot=in_the_air [layer2]
  extras: this_over=7 innings=0 [w10/nb1/b0/lb0]
  extras_log: [{'over': '15.4', 'type': 'no_ball', 'runs': 1, 'this_over_after': []}, {'over': '18.1', 'type': 'wide', 'runs': 1, 'this_over_after': []}, {'over': '18.1', 'type': 'wide', 'runs': 1, 'this_over_after': []}]
  CB: CSK 143-7 (19)  crr=7.53  ps=0(0)  recent=... 1 4 4 0 W 0
  CB BAT: Ruturaj Gaikwad* 60(54), Akeal Hosein 0(0)
  CB BOWL: Arshad Khan 2-43 (4)
  LAST WKT: Jamie Overton  c Shahrukh Khan b Arshad Khan 18(6)  - 143/7 in 18.6 ov.
  ⚠ DIVERGENCE: WICKETS: ui=6 cb=7 | OVERS: ui=19.0 cb=19 | BATTERS_MISSING_IN_UI: {'hosein'} (ui={'overton', 'gaikwad'}, cb={'gaikwad', 'hosein'}) | BOWLER: ui=Manav Suthar cb=Arshad Khan

[17:19:03  iter#288]
  UI: Chennai Super Kings 143-6 (19.0)  str=Ruturaj Gaikwad nstr=Jamie Overton  bowl=Manav Suthar 1-7 (1.5)
  this_over=['W', 'W']  fow=6 (unk=0)  last_fow={'wicket': 6, 'batter': 'Kartik Sharma', 'score': 122, 'overs': '17.5', 'bowler': 'Kagiso Rabada', 'how': 'bowled', '_unwitnessed': False}
  delivery: len=good_length line=leg_stump shot=in_the_air [layer2]
  extras: this_over=7 innings=0 [w10/nb1/b0/lb0]
  extras_log: [{'over': '15.4', 'type': 'no_ball', 'runs': 1, 'this_over_after': []}, {'over': '18.1', 'type': 'wide', 'runs': 1, 'this_over_after': []}, {'over': '18.1', 'type': 'wide', 'runs': 1, 'this_over_after': []}]
  CB: CSK 147-7 (19.1)  crr=7.67  ps=4(1)  recent=4
  CB BAT: Ruturaj Gaikwad* 64(55), Akeal Hosein 0(0)
  CB BOWL: Arshad Khan 2-43 (4)
  LAST WKT: Jamie Overton  c Shahrukh Khan b Arshad Khan 18(6)  - 143/7 in 18.6 ov.
  ⚠ DIVERGENCE: SCORE: ui=143 cb=147 | WICKETS: ui=6 cb=7 | OVERS: ui=19.0 cb=19.1 | BATTERS_MISSING_IN_UI: {'hosein'} (ui={'overton', 'gaikwad'}, cb={'gaikwad', 'hosein'}) | BAT_gaikwad: ui=60(54) cb=64(55) | BOWLER: ui=Manav Suthar cb=Arshad Khan

[17:19:25  iter#289]
  UI: Chennai Super Kings 147-7 (19.1)  str=Ruturaj Gaikwad nstr=Akeal Hosein  bowl=Manav Suthar 1-7 (1.5)
  this_over=['W', 'W', '4']  fow=7 (unk=0)  last_fow={'wicket': 7, 'batter': 'Jamie Overton', 'score': 143, 'overs': '19.0', 'bowler': None, 'how': None, '_unwitnessed': False}
  delivery: len=good_length line=leg_stump shot=in_the_air [layer2]
  extras: this_over=7 innings=0 [w10/nb1/b0/lb0]
  extras_log: [{'over': '15.4', 'type': 'no_ball', 'runs': 1, 'this_over_after': []}, {'over': '18.1', 'type': 'wide', 'runs': 1, 'this_over_after': []}, {'over': '18.1', 'type': 'wide', 'runs': 1, 'this_over_after': []}]
  CB: CSK 147-7 (19.1)  crr=7.67  ps=4(1)  recent=4
  CB BAT: Ruturaj Gaikwad* 64(55), Akeal Hosein 0(0)
  CB BOWL: Arshad Khan 2-43 (4)
  LAST WKT: Jamie Overton  c Shahrukh Khan b Arshad Khan 18(6)  - 143/7 in 18.6 ov.
  ⚠ DIVERGENCE: BOWLER: ui=Manav Suthar cb=Arshad Khan

[17:19:49  iter#290]
  UI: CSK 147-7 (19.2)  str=None nstr=Jamie Overton  bowl=None None-None (None)
  this_over=['W', '4', '.']  fow=0 (unk=0)  last_fow=None
  delivery: len=short_of_length line=leg_stump shot=in_the_air [layer2]
  extras: this_over=0 innings=None [w0/nb0/b0/lb0]
  CB: CSK 147-7 (19.2)  crr=7.6  ps=4(2)  recent=4 0
  CB BAT: Ruturaj Gaikwad* 64(56), Akeal Hosein 0(0)
  CB BOWL: Arshad Khan 2-43 (4)
  LAST WKT: Jamie Overton  c Shahrukh Khan b Arshad Khan 18(6)  - 143/7 in 18.6 ov.
  ⚠ DIVERGENCE: BATTERS_MISSING_IN_UI: {'gaikwad', 'hosein'} (ui={'overton'}, cb={'gaikwad', 'hosein'}) | FOW_COUNT: ui=0 vs wickets=7 | BOWLER: ui=None cb=Arshad Khan

[17:20:11  iter#291]
  UI: Chennai Super Kings 147-7 (19.2)  str=Ruturaj Gaikwad nstr=Akeal Hosein  bowl=Manav Suthar 1-7 (1.5)
  this_over=['W', 'W', '4']  fow=7 (unk=0)  last_fow={'wicket': 7, 'batter': 'Jamie Overton', 'score': 143, 'overs': '19.0', 'bowler': None, 'how': None, '_unwitnessed': False}
  delivery: len=short_of_length line=leg_stump shot=in_the_air [layer2]
  extras: this_over=7 innings=0 [w10/nb1/b0/lb0]
  extras_log: [{'over': '15.4', 'type': 'no_ball', 'runs': 1, 'this_over_after': []}, {'over': '18.1', 'type': 'wide', 'runs': 1, 'this_over_after': []}, {'over': '18.1', 'type': 'wide', 'runs': 1, 'this_over_after': []}]
  CB: CSK 149-7 (19.3)  crr=7.64  ps=6(3)  recent=4 0 2
  CB BAT: Ruturaj Gaikwad* 66(57), Akeal Hosein 0(0)
  CB BOWL: Arshad Khan 2-43 (4)
  LAST WKT: Jamie Overton  c Shahrukh Khan b Arshad Khan 18(6)  - 143/7 in 18.6 ov.
  ⚠ DIVERGENCE: SCORE: ui=147 cb=149 | OVERS: ui=19.2 cb=19.3 | BAT_gaikwad: ui=64(56) cb=66(57) | BOWLER: ui=Manav Suthar cb=Arshad Khan

[17:20:35  iter#292]
  UI: Chennai Super Kings 149-7 (19.3)  str=Ruturaj Gaikwad nstr=Akeal Hosein  bowl=Manav Suthar 1-7 (1.5)
  this_over=['W', 'W', '4', '2']  fow=7 (unk=0)  last_fow={'wicket': 7, 'batter': 'Jamie Overton', 'score': 143, 'overs': '19.0', 'bowler': None, 'how': None, '_unwitnessed': False}
  delivery: len=short_of_length line=leg_stump shot=in_the_air [layer2]
  extras: this_over=7 innings=0 [w10/nb1/b0/lb0]
  extras_log: [{'over': '15.4', 'type': 'no_ball', 'runs': 1, 'this_over_after': []}, {'over': '18.1', 'type': 'wide', 'runs': 1, 'this_over_after': []}, {'over': '18.1', 'type': 'wide', 'runs': 1, 'this_over_after': []}]
  CB: CSK 153-7 (19.4)  crr=7.78  ps=10(4)  recent=4 0 2 4
  CB BAT: Ruturaj Gaikwad* 70(58), Akeal Hosein 0(0)
  CB BOWL: Arshad Khan 2-43 (4)
  LAST WKT: Jamie Overton  c Shahrukh Khan b Arshad Khan 18(6)  - 143/7 in 18.6 ov.
  ⚠ DIVERGENCE: SCORE: ui=149 cb=153 | OVERS: ui=19.3 cb=19.4 | BAT_gaikwad: ui=66(57) cb=70(58) | BOWLER: ui=Manav Suthar cb=Arshad Khan

[17:20:55  iter#293]
  UI: Chennai Super Kings 149-7 (19.3)  str=Ruturaj Gaikwad nstr=Akeal Hosein  bowl=Manav Suthar 1-7 (1.5)
  this_over=['W', 'W', '4', '2']  fow=7 (unk=0)  last_fow={'wicket': 7, 'batter': 'Jamie Overton', 'score': 143, 'overs': '19.0', 'bowler': None, 'how': None, '_unwitnessed': False}
  delivery: len=short_of_length line=leg_stump shot=in_the_air [layer2]
  extras: this_over=7 innings=0 [w10/nb1/b0/lb0]
  extras_log: [{'over': '15.4', 'type': 'no_ball', 'runs': 1, 'this_over_after': []}, {'over': '18.1', 'type': 'wide', 'runs': 1, 'this_over_after': []}, {'over': '18.1', 'type': 'wide', 'runs': 1, 'this_over_after': []}]
  CB: CSK 153-7 (19.4)  crr=7.78  ps=10(4)  recent=4 0 2 4
  CB BAT: Ruturaj Gaikwad* 70(58), Akeal Hosein 0(0)
  CB BOWL: Arshad Khan 2-43 (4)
  LAST WKT: Jamie Overton  c Shahrukh Khan b Arshad Khan 18(6)  - 143/7 in 18.6 ov.
  ⚠ DIVERGENCE: SCORE: ui=149 cb=153 | OVERS: ui=19.3 cb=19.4 | BAT_gaikwad: ui=66(57) cb=70(58) | BOWLER: ui=Manav Suthar cb=Arshad Khan

[17:21:17  iter#294]
  UI: CSK 153-7 (19.4)  str=None nstr=Jamie Overton  bowl=None None-None (None)
  this_over=['W', '4', '.', '2', '4']  fow=0 (unk=0)  last_fow=None
  delivery: len=short_of_length line=leg_stump shot=in_the_air [layer2]
  extras: this_over=0 innings=None [w0/nb0/b0/lb0]
  CB: CSK 154-7 (19.4)  crr=7.83  ps=11(4)  recent=4 0 2 4 W
  CB BAT: Ruturaj Gaikwad* 70(58), Akeal Hosein 0(0)
  CB BOWL: Arshad Khan 2-43 (4)
  LAST WKT: Jamie Overton  c Shahrukh Khan b Arshad Khan 18(6)  - 143/7 in 18.6 ov.
  ⚠ DIVERGENCE: SCORE: ui=153 cb=154 | BATTERS_MISSING_IN_UI: {'gaikwad', 'hosein'} (ui={'overton'}, cb={'gaikwad', 'hosein'}) | FOW_COUNT: ui=0 vs wickets=7 | BOWLER: ui=None cb=Arshad Khan

[17:21:38  iter#295]
  UI: Chennai Super Kings 154-7 (19.4)  str=Ruturaj Gaikwad nstr=Akeal Hosein  bowl=Manav Suthar 1-7 (1.5)
  this_over=['W', 'W', '4', '2', '4', 'Wd']  fow=7 (unk=0)  last_fow={'wicket': 7, 'batter': 'Jamie Overton', 'score': 143, 'overs': '19.0', 'bowler': None, 'how': None, '_unwitnessed': False}
  delivery: len=short_of_length line=outside_off shot=in_the_air [layer2]
  extras: this_over=8 innings=1 [w11/nb1/b0/lb0]
  extras_log: [{'over': '18.1', 'type': 'wide', 'runs': 1, 'this_over_after': []}, {'over': '18.1', 'type': 'wide', 'runs': 1, 'this_over_after': []}, {'over': '19.4', 'type': 'wide', 'runs': 1, 'this_over_after': []}]
  CB: CSK 154-7 (19.5)  crr=7.76  ps=11(5)  recent=4 0 2 4 W
  CB BAT: Ruturaj Gaikwad* 70(59), Akeal Hosein 0(0)
  CB BOWL: Arshad Khan 2-43 (4)
  LAST WKT: Jamie Overton  c Shahrukh Khan b Arshad Khan 18(6)  - 143/7 in 18.6 ov.
  ⚠ DIVERGENCE: OVERS: ui=19.4 cb=19.5 | BAT_gaikwad: ui=70(58) cb=70(59) | BOWLER: ui=Manav Suthar cb=Arshad Khan

[17:21:59  iter#296]
  UI: Chennai Super Kings 154-7 (19.5)  str=Ruturaj Gaikwad nstr=Akeal Hosein  bowl=Manav Suthar 1-18 (2.5)
  this_over=['W', 'W', '4', '2', '4', 'Wd', '.']  fow=7 (unk=0)  last_fow={'wicket': 7, 'batter': 'Jamie Overton', 'score': 143, 'overs': '19.0', 'bowler': None, 'how': None, '_unwitnessed': False}
  delivery: len=short_of_length line=leg_stump shot=in_the_air [layer2]
  extras: this_over=8 innings=0 [w11/nb1/b0/lb0]
  extras_log: [{'over': '18.1', 'type': 'wide', 'runs': 1, 'this_over_after': []}, {'over': '18.1', 'type': 'wide', 'runs': 1, 'this_over_after': []}, {'over': '19.4', 'type': 'wide', 'runs': 1, 'this_over_after': []}]
  CB: CSK 158-7 (20)  crr=7.9  ps=15(6)  recent=4 0 2 4 W
  CB BAT: Akeal Hosein* 0(0), Ruturaj Gaikwad 74(60)
  CB BOWL: Manav Suthar 1-22 (3)
  LAST WKT: Jamie Overton  c Shahrukh Khan b Arshad Khan 18(6)  - 143/7 in 18.6 ov.
  ⚠ DIVERGENCE: SCORE: ui=154 cb=158 | OVERS: ui=19.5 cb=20 | STRIKER: ui=Ruturaj Gaikwad cb=Akeal Hosein | BAT_hosein: ui=21(6) cb=0(0) | BAT_gaikwad: ui=70(59) cb=74(60) | BOWL_R: ui=18 cb=22 | BOWL_O: ui=2.5 cb=3

[17:22:20  iter#297]
  UI: Chennai Super Kings 158-7 (19.5)  str=Akeal Hosein nstr=Ruturaj Gaikwad  bowl=Manav Suthar 1-18 (2.5)
  this_over=['Wd+3', '?', '?', '?', '?', '?']  fow=7 (unk=0)  last_fow={'wicket': 7, 'batter': 'Jamie Overton', 'score': 143, 'overs': '19.0', 'bowler': None, 'how': None, '_unwitnessed': False}
  delivery: len=short_of_length line=outside_off shot=in_the_air [layer2]
  extras: this_over=9 innings=4 [w15/nb1/b0/lb0]
  extras_log: [{'over': '18.1', 'type': 'wide', 'runs': 1, 'this_over_after': []}, {'over': '19.4', 'type': 'wide', 'runs': 1, 'this_over_after': []}, {'over': '19.5', 'type': 'wide', 'runs': 4, 'this_over_after': []}]
  CB: CSK 158-7 (20)  crr=7.9  ps=15(6)  recent=4 0 2 4 W
  CB BAT: Akeal Hosein* 0(0), Ruturaj Gaikwad 74(60)
  CB BOWL: Manav Suthar 1-22 (3)
  LAST WKT: Jamie Overton  c Shahrukh Khan b Arshad Khan 18(6)  - 143/7 in 18.6 ov.
  ⚠ DIVERGENCE: OVERS: ui=19.5 cb=20 | BAT_hosein: ui=21(6) cb=0(0) | BOWL_R: ui=18 cb=22 | BOWL_O: ui=2.5 cb=3

[17:22:42  iter#298]
  UI: Chennai Super Kings 158-7 (20.0)  str=Ruturaj Gaikwad nstr=Ruturaj Gaikwad  bowl=Manav Suthar 1-22 (3)
  this_over=['W', '4', '.', '2', '4', '1', 'Wd', '4']  fow=7 (unk=0)  last_fow={'wicket': 7, 'batter': 'Jamie Overton', 'score': 143, 'overs': '19.0', 'bowler': None, 'how': None, '_unwitnessed': False}
  delivery: len=short_of_length line=outside_off shot=in_the_air [layer2]
  extras: this_over=9 innings=0 [w15/nb1/b0/lb0]
  extras_log: [{'over': '18.1', 'type': 'wide', 'runs': 1, 'this_over_after': []}, {'over': '19.4', 'type': 'wide', 'runs': 1, 'this_over_after': []}, {'over': '19.5', 'type': 'wide', 'runs': 4, 'this_over_after': []}]
  CB: CSK 158-7 (20)  crr=7.9  ps=15(6)  recent=... W
  CB BAT: Akeal Hosein* 0(0), Ruturaj Gaikwad 74(60)
  CB BOWL: Manav Suthar 1-22 (3)
  LAST WKT: Jamie Overton  c Shahrukh Khan b Arshad Khan 18(6)  - 143/7 in 18.6 ov.
  ⚠ DIVERGENCE: OVERS: ui=20.0 cb=20 | STRIKER: ui=Ruturaj Gaikwad cb=Akeal Hosein | BATTERS_MISSING_IN_UI: {'hosein'} (ui={'gaikwad'}, cb={'gaikwad', 'hosein'}) | BAT_hosein: ui=21(6) cb=0(0)

[17:23:06  iter#299]
  UI: Chennai Super Kings 158-7 (20.0)  str=Ruturaj Gaikwad nstr=Ruturaj Gaikwad  bowl=Manav Suthar 1-22 (3)
  this_over=['W', '4', '.', '2', '4', '1', 'Wd', '4']  fow=7 (unk=0)  last_fow={'wicket': 7, 'batter': 'Jamie Overton', 'score': 143, 'overs': '19.0', 'bowler': None, 'how': None, '_unwitnessed': False}
  delivery: len=short_of_length line=outside_off shot=in_the_air [layer2]
  extras: this_over=9 innings=0 [w15/nb1/b0/lb0]
  extras_log: [{'over': '18.1', 'type': 'wide', 'runs': 1, 'this_over_after': []}, {'over': '19.4', 'type': 'wide', 'runs': 1, 'this_over_after': []}, {'over': '19.5', 'type': 'wide', 'runs': 4, 'this_over_after': []}]
  CB: CSK 158-7 (20)  crr=7.9  ps=15(6)  recent=... W
  CB BAT: Akeal Hosein* 0(0), Ruturaj Gaikwad 74(60)
  CB BOWL: Manav Suthar 1-22 (3)
  LAST WKT: Jamie Overton  c Shahrukh Khan b Arshad Khan 18(6)  - 143/7 in 18.6 ov.
  ⚠ DIVERGENCE: OVERS: ui=20.0 cb=20 | STRIKER: ui=Ruturaj Gaikwad cb=Akeal Hosein | BATTERS_MISSING_IN_UI: {'hosein'} (ui={'gaikwad'}, cb={'gaikwad', 'hosein'}) | BAT_hosein: ui=21(6) cb=0(0)

[17:23:26  iter#300]
  UI: Chennai Super Kings 158-7 (20.0)  str=Ruturaj Gaikwad nstr=Ruturaj Gaikwad  bowl=Manav Suthar 1-22 (3)
  this_over=['W', '4', '.', '2', '4', '1', 'Wd', '4']  fow=7 (unk=0)  last_fow={'wicket': 7, 'batter': 'Jamie Overton', 'score': 143, 'overs': '19.0', 'bowler': None, 'how': None, '_unwitnessed': False}
  delivery: len=short_of_length line=outside_off shot=in_the_air [layer2]
  extras: this_over=9 innings=0 [w15/nb1/b0/lb0]
  extras_log: [{'over': '18.1', 'type': 'wide', 'runs': 1, 'this_over_after': []}, {'over': '19.4', 'type': 'wide', 'runs': 1, 'this_over_after': []}, {'over': '19.5', 'type': 'wide', 'runs': 4, 'this_over_after': []}]
  CB: CSK 158-7 (20)  crr=7.9  ps=15(6)  recent=... W
  CB BAT: Akeal Hosein* 0(0), Ruturaj Gaikwad 74(60)
  CB BOWL: Manav Suthar 1-22 (3)
  LAST WKT: Jamie Overton  c Shahrukh Khan b Arshad Khan 18(6)  - 143/7 in 18.6 ov.
  ⚠ DIVERGENCE: OVERS: ui=20.0 cb=20 | STRIKER: ui=Ruturaj Gaikwad cb=Akeal Hosein | BATTERS_MISSING_IN_UI: {'hosein'} (ui={'gaikwad'}, cb={'gaikwad', 'hosein'}) | BAT_hosein: ui=21(6) cb=0(0)

[17:23:51  iter#301]
  WS ERR: ''
  CB: CSK 158-7 (20)  crr=7.9  ps=15(6)  recent=... W
  CB BAT: Akeal Hosein* 0(0), Ruturaj Gaikwad 74(60)
  CB BOWL: Manav Suthar 1-22 (3)
  LAST WKT: Jamie Overton  c Shahrukh Khan b Arshad Khan 18(6)  - 143/7 in 18.6 ov.
  ⚠ DIVERGENCE: BATTERS_MISSING_IN_UI: {'gaikwad', 'hosein'} (ui=set(), cb={'gaikwad', 'hosein'}) | BOWLER: ui=None cb=Manav Suthar

[17:24:12  iter#302]
  UI: Chennai Super Kings 158-7 (20.0)  str=Ruturaj Gaikwad nstr=Ruturaj Gaikwad  bowl=Manav Suthar 1-22 (3)
  this_over=['W', '4', '.', '2', '4', '1', 'Wd', '4']  fow=7 (unk=0)  last_fow={'wicket': 7, 'batter': 'Jamie Overton', 'score': 143, 'overs': '19.0', 'bowler': None, 'how': None, '_unwitnessed': False}
  delivery: len=short_of_length line=outside_off shot=in_the_air [layer2]
  extras: this_over=9 innings=0 [w15/nb1/b0/lb0]
  extras_log: [{'over': '18.1', 'type': 'wide', 'runs': 1, 'this_over_after': []}, {'over': '19.4', 'type': 'wide', 'runs': 1, 'this_over_after': []}, {'over': '19.5', 'type': 'wide', 'runs': 4, 'this_over_after': []}]
  CB: CSK 158-7 (20)  crr=7.9  ps=15(6)  recent=... W
  CB BAT: Akeal Hosein* 0(0), Ruturaj Gaikwad 74(60)
  CB BOWL: Manav Suthar 1-22 (3)
  LAST WKT: Jamie Overton  c Shahrukh Khan b Arshad Khan 18(6)  - 143/7 in 18.6 ov.
  ⚠ DIVERGENCE: OVERS: ui=20.0 cb=20 | STRIKER: ui=Ruturaj Gaikwad cb=Akeal Hosein | BATTERS_MISSING_IN_UI: {'hosein'} (ui={'gaikwad'}, cb={'gaikwad', 'hosein'}) | BAT_hosein: ui=21(6) cb=0(0)

[17:24:34  iter#303]
  UI: Gujarat Titans None-None (None)  str=Sai Sudharsan nstr=Sai Sudharsan  bowl=None None-None (None)
  this_over=['W', '4', '.', '2', '4', '1', 'Wd', '4']  fow=7 (unk=0)  last_fow={'wicket': 7, 'batter': 'Jamie Overton', 'score': 143, 'overs': '19.0', 'bowler': None, 'how': None, '_unwitnessed': False}
  delivery: len=short_of_length line=outside_off shot=in_the_air [layer2]
  extras: this_over=9 innings=0 [w15/nb1/b0/lb0]
  extras_log: [{'over': '18.1', 'type': 'wide', 'runs': 1, 'this_over_after': []}, {'over': '19.4', 'type': 'wide', 'runs': 1, 'this_over_after': []}, {'over': '19.5', 'type': 'wide', 'runs': 4, 'this_over_after': []}]
  CB: CSK 158-7 (20)  crr=7.9  ps=15(6)  recent=... W
  CB BAT: Akeal Hosein* 0(0), Ruturaj Gaikwad 74(60)
  CB BOWL: Manav Suthar 1-22 (3)
  LAST WKT: Jamie Overton  c Shahrukh Khan b Arshad Khan 18(6)  - 143/7 in 18.6 ov.
  ⚠ DIVERGENCE: STRIKER: ui=Sai Sudharsan cb=Akeal Hosein | BATTERS_MISSING_IN_UI: {'gaikwad', 'hosein'} (ui={'sudharsan'}, cb={'gaikwad', 'hosein'}) | BOWLER: ui=None cb=Manav Suthar

[17:24:58  iter#304]
  WS ERR: ''
  CB: CSK 158-7 (20)  crr=7.9  ps=15(6)  recent=... W
  CB BAT: Akeal Hosein* 0(0), Ruturaj Gaikwad 74(60)
  CB BOWL: Manav Suthar 1-22 (3)
  LAST WKT: Jamie Overton  c Shahrukh Khan b Arshad Khan 18(6)  - 143/7 in 18.6 ov.
  ⚠ DIVERGENCE: BATTERS_MISSING_IN_UI: {'gaikwad', 'hosein'} (ui=set(), cb={'gaikwad', 'hosein'}) | BOWLER: ui=None cb=Manav Suthar

[17:25:22  iter#305]
  UI: Gujarat Titans None-None (None)  str=Sai Sudharsan nstr=Sai Sudharsan  bowl=None None-None (None)
  this_over=['W', '4', '.', '2', '4', '1', 'Wd', '4']  fow=7 (unk=0)  last_fow={'wicket': 7, 'batter': 'Jamie Overton', 'score': 143, 'overs': '19.0', 'bowler': None, 'how': None, '_unwitnessed': False}
  delivery: len=short_of_length line=outside_off shot=in_the_air [layer2]
  extras: this_over=9 innings=0 [w15/nb1/b0/lb0]
  extras_log: [{'over': '18.1', 'type': 'wide', 'runs': 1, 'this_over_after': []}, {'over': '19.4', 'type': 'wide', 'runs': 1, 'this_over_after': []}, {'over': '19.5', 'type': 'wide', 'runs': 4, 'this_over_after': []}]
  CB: CSK 158-7 (20)  crr=7.9  ps=15(6)  recent=... W
  CB BAT: Akeal Hosein* 0(0), Ruturaj Gaikwad 74(60)
  CB BOWL: Manav Suthar 1-22 (3)
  LAST WKT: Jamie Overton  c Shahrukh Khan b Arshad Khan 18(6)  - 143/7 in 18.6 ov.
  ⚠ DIVERGENCE: STRIKER: ui=Sai Sudharsan cb=Akeal Hosein | BATTERS_MISSING_IN_UI: {'gaikwad', 'hosein'} (ui={'sudharsan'}, cb={'gaikwad', 'hosein'}) | BOWLER: ui=None cb=Manav Suthar

[17:25:44  iter#306]
  UI: Gujarat Titans None-None (None)  str=Sai Sudharsan nstr=Sai Sudharsan  bowl=None None-None (None)
  this_over=['W', '4', '.', '2', '4', '1', 'Wd', '4']  fow=7 (unk=0)  last_fow={'wicket': 7, 'batter': 'Jamie Overton', 'score': 143, 'overs': '19.0', 'bowler': None, 'how': None, '_unwitnessed': False}
  delivery: len=short_of_length line=outside_off shot=in_the_air [layer2]
  extras: this_over=9 innings=0 [w15/nb1/b0/lb0]
  extras_log: [{'over': '18.1', 'type': 'wide', 'runs': 1, 'this_over_after': []}, {'over': '19.4', 'type': 'wide', 'runs': 1, 'this_over_after': []}, {'over': '19.5', 'type': 'wide', 'runs': 4, 'this_over_after': []}]
  CB: CSK 158-7 (20)  crr=7.9  ps=15(6)  recent=... W
  CB BAT: Akeal Hosein* 0(0), Ruturaj Gaikwad 74(60)
  CB BOWL: Manav Suthar 1-22 (3)
  LAST WKT: Jamie Overton  c Shahrukh Khan b Arshad Khan 18(6)  - 143/7 in 18.6 ov.
  ⚠ DIVERGENCE: STRIKER: ui=Sai Sudharsan cb=Akeal Hosein | BATTERS_MISSING_IN_UI: {'gaikwad', 'hosein'} (ui={'sudharsan'}, cb={'gaikwad', 'hosein'}) | BOWLER: ui=None cb=Manav Suthar

[17:26:09  iter#307]
  WS ERR: ''
  CB: CSK 158-7 (20)  crr=7.9  ps=15(6)  recent=... W
  CB BAT: Akeal Hosein* 0(0), Ruturaj Gaikwad 74(60)
  CB BOWL: Manav Suthar 1-22 (3)
  LAST WKT: Jamie Overton  c Shahrukh Khan b Arshad Khan 18(6)  - 143/7 in 18.6 ov.
  ⚠ DIVERGENCE: BATTERS_MISSING_IN_UI: {'gaikwad', 'hosein'} (ui=set(), cb={'gaikwad', 'hosein'}) | BOWLER: ui=None cb=Manav Suthar

[17:26:29  iter#308]
  UI: Gujarat Titans None-None (None)  str=Sai Sudharsan nstr=Sai Sudharsan  bowl=None None-None (None)
  this_over=['W', '4', '.', '2', '4', '1', 'Wd', '4']  fow=7 (unk=0)  last_fow={'wicket': 7, 'batter': 'Jamie Overton', 'score': 143, 'overs': '19.0', 'bowler': None, 'how': None, '_unwitnessed': False}
  delivery: len=short_of_length line=outside_off shot=in_the_air [layer2]
  extras: this_over=9 innings=0 [w15/nb1/b0/lb0]
  extras_log: [{'over': '18.1', 'type': 'wide', 'runs': 1, 'this_over_after': []}, {'over': '19.4', 'type': 'wide', 'runs': 1, 'this_over_after': []}, {'over': '19.5', 'type': 'wide', 'runs': 4, 'this_over_after': []}]
  CB: CSK 158-7 (20)  crr=7.9  ps=15(6)  recent=... W
  CB BAT: Akeal Hosein* 0(0), Ruturaj Gaikwad 74(60)
  CB BOWL: Manav Suthar 1-22 (3)
  LAST WKT: Jamie Overton  c Shahrukh Khan b Arshad Khan 18(6)  - 143/7 in 18.6 ov.
  ⚠ DIVERGENCE: STRIKER: ui=Sai Sudharsan cb=Akeal Hosein | BATTERS_MISSING_IN_UI: {'gaikwad', 'hosein'} (ui={'sudharsan'}, cb={'gaikwad', 'hosein'}) | BOWLER: ui=None cb=Manav Suthar

[17:26:50  iter#309]
  UI: Gujarat Titans None-None (None)  str=Sai Sudharsan nstr=Sai Sudharsan  bowl=None None-None (None)
  this_over=['W', '4', '.', '2', '4', '1', 'Wd', '4']  fow=7 (unk=0)  last_fow={'wicket': 7, 'batter': 'Jamie Overton', 'score': 143, 'overs': '19.0', 'bowler': None, 'how': None, '_unwitnessed': False}
  delivery: len=short_of_length line=outside_off shot=in_the_air [layer2]
  extras: this_over=9 innings=0 [w15/nb1/b0/lb0]
  extras_log: [{'over': '18.1', 'type': 'wide', 'runs': 1, 'this_over_after': []}, {'over': '19.4', 'type': 'wide', 'runs': 1, 'this_over_after': []}, {'over': '19.5', 'type': 'wide', 'runs': 4, 'this_over_after': []}]
  CB: CSK 158-7 (20)  crr=7.9  ps=15(6)  recent=... W
  CB BAT: Akeal Hosein* 0(0), Ruturaj Gaikwad 74(60)
  CB BOWL: Manav Suthar 1-22 (3)
  LAST WKT: Jamie Overton  c Shahrukh Khan b Arshad Khan 18(6)  - 143/7 in 18.6 ov.
  ⚠ DIVERGENCE: STRIKER: ui=Sai Sudharsan cb=Akeal Hosein | BATTERS_MISSING_IN_UI: {'gaikwad', 'hosein'} (ui={'sudharsan'}, cb={'gaikwad', 'hosein'}) | BOWLER: ui=None cb=Manav Suthar

[17:27:12  iter#310]
  UI: Gujarat Titans None-None (None)  str=Sai Sudharsan nstr=Sai Sudharsan  bowl=None None-None (None)
  this_over=['W', '4', '.', '2', '4', '1', 'Wd', '4']  fow=7 (unk=0)  last_fow={'wicket': 7, 'batter': 'Jamie Overton', 'score': 143, 'overs': '19.0', 'bowler': None, 'how': None, '_unwitnessed': False}
  delivery: len=short_of_length line=outside_off shot=in_the_air [layer2]
  extras: this_over=9 innings=0 [w15/nb1/b0/lb0]
  extras_log: [{'over': '18.1', 'type': 'wide', 'runs': 1, 'this_over_after': []}, {'over': '19.4', 'type': 'wide', 'runs': 1, 'this_over_after': []}, {'over': '19.5', 'type': 'wide', 'runs': 4, 'this_over_after': []}]
  CB: CSK 158-7 (20)  crr=7.9  ps=15(6)  recent=... W
  CB BAT: Akeal Hosein* 0(0), Ruturaj Gaikwad 74(60)
  CB BOWL: Manav Suthar 1-22 (3)
  LAST WKT: Jamie Overton  c Shahrukh Khan b Arshad Khan 18(6)  - 143/7 in 18.6 ov.
  ⚠ DIVERGENCE: STRIKER: ui=Sai Sudharsan cb=Akeal Hosein | BATTERS_MISSING_IN_UI: {'gaikwad', 'hosein'} (ui={'sudharsan'}, cb={'gaikwad', 'hosein'}) | BOWLER: ui=None cb=Manav Suthar

[17:27:36  iter#311]
  WS ERR: ''
  CB: CSK 158-7 (20)  crr=7.9  ps=15(6)  recent=... W
  CB BAT: Akeal Hosein* 0(0), Ruturaj Gaikwad 74(60)
  CB BOWL: Manav Suthar 1-22 (3)
  LAST WKT: Jamie Overton  c Shahrukh Khan b Arshad Khan 18(6)  - 143/7 in 18.6 ov.
  ⚠ DIVERGENCE: BATTERS_MISSING_IN_UI: {'gaikwad', 'hosein'} (ui=set(), cb={'gaikwad', 'hosein'}) | BOWLER: ui=None cb=Manav Suthar

[17:27:57  iter#312]
  UI: Gujarat Titans None-None (None)  str=Sai Sudharsan nstr=Sai Sudharsan  bowl=None None-None (None)
  this_over=['W', '4', '.', '2', '4', '1', 'Wd', '4']  fow=7 (unk=0)  last_fow={'wicket': 7, 'batter': 'Jamie Overton', 'score': 143, 'overs': '19.0', 'bowler': None, 'how': None, '_unwitnessed': False}
  delivery: len=short_of_length line=outside_off shot=in_the_air [layer2]
  extras: this_over=9 innings=0 [w15/nb1/b0/lb0]
  extras_log: [{'over': '18.1', 'type': 'wide', 'runs': 1, 'this_over_after': []}, {'over': '19.4', 'type': 'wide', 'runs': 1, 'this_over_after': []}, {'over': '19.5', 'type': 'wide', 'runs': 4, 'this_over_after': []}]
  CB: CSK 158-7 (20)  crr=7.9  ps=15(6)  recent=... W
  CB BAT: Akeal Hosein* 0(0), Ruturaj Gaikwad 74(60)
  CB BOWL: Manav Suthar 1-22 (3)
  LAST WKT: Jamie Overton  c Shahrukh Khan b Arshad Khan 18(6)  - 143/7 in 18.6 ov.
  ⚠ DIVERGENCE: STRIKER: ui=Sai Sudharsan cb=Akeal Hosein | BATTERS_MISSING_IN_UI: {'gaikwad', 'hosein'} (ui={'sudharsan'}, cb={'gaikwad', 'hosein'}) | BOWLER: ui=None cb=Manav Suthar

[17:28:21  iter#313]
  WS ERR: ''
  CB: CSK 158-7 (20)  crr=7.9  ps=15(6)  recent=... W
  CB BAT: Akeal Hosein* 0(0), Ruturaj Gaikwad 74(60)
  CB BOWL: Manav Suthar 1-22 (3)
  LAST WKT: Jamie Overton  c Shahrukh Khan b Arshad Khan 18(6)  - 143/7 in 18.6 ov.
  ⚠ DIVERGENCE: BATTERS_MISSING_IN_UI: {'gaikwad', 'hosein'} (ui=set(), cb={'gaikwad', 'hosein'}) | BOWLER: ui=None cb=Manav Suthar

[17:28:44  iter#314]
  UI: Gujarat Titans None-7 (None)  str=Sai Sudharsan nstr=Shubman Gill  bowl=None None-None (None)
  this_over=['W', '4', '.', '2', '4', '1', 'Wd', '4']  fow=7 (unk=0)  last_fow={'wicket': 7, 'batter': 'Jamie Overton', 'score': 143, 'overs': '19.0', 'bowler': None, 'how': None, '_unwitnessed': False}
  delivery: len=short_of_length line=outside_off shot=in_the_air [layer2]
  extras: this_over=9 innings=0 [w15/nb1/b0/lb0]
  extras_log: [{'over': '18.1', 'type': 'wide', 'runs': 1, 'this_over_after': []}, {'over': '19.4', 'type': 'wide', 'runs': 1, 'this_over_after': []}, {'over': '19.5', 'type': 'wide', 'runs': 4, 'this_over_after': []}]
  CB: CSK 158-7 (20)  crr=7.9  ps=15(6)  recent=... W
  CB BAT: Akeal Hosein* 0(0), Ruturaj Gaikwad 74(60)
  CB BOWL: Manav Suthar 1-22 (3)
  LAST WKT: Jamie Overton  c Shahrukh Khan b Arshad Khan 18(6)  - 143/7 in 18.6 ov.
  ⚠ DIVERGENCE: STRIKER: ui=Sai Sudharsan cb=Akeal Hosein | BATTERS_MISSING_IN_UI: {'gaikwad', 'hosein'} (ui={'sudharsan', 'gill'}, cb={'gaikwad', 'hosein'}) | BOWLER: ui=None cb=Manav Suthar

[17:29:05  iter#315]
  UI: Gujarat Titans None-7 (None)  str=Sai Sudharsan nstr=Shubman Gill  bowl=None None-None (None)
  this_over=['W', '4', '.', '2', '4', '1', 'Wd', '4']  fow=7 (unk=0)  last_fow={'wicket': 7, 'batter': 'Jamie Overton', 'score': 143, 'overs': '19.0', 'bowler': None, 'how': None, '_unwitnessed': False}
  delivery: len=short_of_length line=outside_off shot=in_the_air [layer2]
  extras: this_over=9 innings=0 [w15/nb1/b0/lb0]
  extras_log: [{'over': '18.1', 'type': 'wide', 'runs': 1, 'this_over_after': []}, {'over': '19.4', 'type': 'wide', 'runs': 1, 'this_over_after': []}, {'over': '19.5', 'type': 'wide', 'runs': 4, 'this_over_after': []}]
  CB: CSK 158-7 (20)  crr=7.9  ps=15(6)  recent=... W
  CB BAT: Akeal Hosein* 0(0), Ruturaj Gaikwad 74(60)
  CB BOWL: Manav Suthar 1-22 (3)
  LAST WKT: Jamie Overton  c Shahrukh Khan b Arshad Khan 18(6)  - 143/7 in 18.6 ov.
  ⚠ DIVERGENCE: STRIKER: ui=Sai Sudharsan cb=Akeal Hosein | BATTERS_MISSING_IN_UI: {'gaikwad', 'hosein'} (ui={'sudharsan', 'gill'}, cb={'gaikwad', 'hosein'}) | BOWLER: ui=None cb=Manav Suthar

[17:29:29  iter#316]
  WS ERR: ''
  CB: CSK 158-7 (20)  crr=7.9  ps=15(6)  recent=... W
  CB BAT: Akeal Hosein* 0(0), Ruturaj Gaikwad 74(60)
  CB BOWL: Manav Suthar 1-22 (3)
  LAST WKT: Jamie Overton  c Shahrukh Khan b Arshad Khan 18(6)  - 143/7 in 18.6 ov.
  ⚠ DIVERGENCE: BATTERS_MISSING_IN_UI: {'gaikwad', 'hosein'} (ui=set(), cb={'gaikwad', 'hosein'}) | BOWLER: ui=None cb=Manav Suthar

[17:29:50  iter#317]
  UI: Gujarat Titans None-7 (None)  str=Sai Sudharsan nstr=Shubman Gill  bowl=None None-None (None)
  this_over=['W', '4', '.', '2', '4', '1', 'Wd', '4']  fow=7 (unk=0)  last_fow={'wicket': 7, 'batter': 'Jamie Overton', 'score': 143, 'overs': '19.0', 'bowler': None, 'how': None, '_unwitnessed': False}
  delivery: len=short_of_length line=outside_off shot=in_the_air [layer2]
  extras: this_over=9 innings=0 [w15/nb1/b0/lb0]
  extras_log: [{'over': '18.1', 'type': 'wide', 'runs': 1, 'this_over_after': []}, {'over': '19.4', 'type': 'wide', 'runs': 1, 'this_over_after': []}, {'over': '19.5', 'type': 'wide', 'runs': 4, 'this_over_after': []}]
  CB: CSK 158-7 (20)  crr=7.9  ps=15(6)  recent=... W
  CB BAT: Akeal Hosein* 0(0), Ruturaj Gaikwad 74(60)
  CB BOWL: Manav Suthar 1-22 (3)
  LAST WKT: Jamie Overton  c Shahrukh Khan b Arshad Khan 18(6)  - 143/7 in 18.6 ov.
  ⚠ DIVERGENCE: STRIKER: ui=Sai Sudharsan cb=Akeal Hosein | BATTERS_MISSING_IN_UI: {'gaikwad', 'hosein'} (ui={'sudharsan', 'gill'}, cb={'gaikwad', 'hosein'}) | BOWLER: ui=None cb=Manav Suthar

[17:30:12  iter#318]
  UI: Gujarat Titans None-7 (None)  str=Sai Sudharsan nstr=Shubman Gill  bowl=None None-None (None)
  this_over=['W', '4', '.', '2', '4', '1', 'Wd', '4']  fow=7 (unk=0)  last_fow={'wicket': 7, 'batter': 'Jamie Overton', 'score': 143, 'overs': '19.0', 'bowler': None, 'how': None, '_unwitnessed': False}
  delivery: len=short_of_length line=outside_off shot=in_the_air [layer2]
  extras: this_over=9 innings=0 [w15/nb1/b0/lb0]
  extras_log: [{'over': '18.1', 'type': 'wide', 'runs': 1, 'this_over_after': []}, {'over': '19.4', 'type': 'wide', 'runs': 1, 'this_over_after': []}, {'over': '19.5', 'type': 'wide', 'runs': 4, 'this_over_after': []}]
  CB: CSK 158-7 (20)  crr=7.9  ps=15(6)  recent=... W
  CB BAT: Akeal Hosein* 0(0), Ruturaj Gaikwad 74(60)
  CB BOWL: Manav Suthar 1-22 (3)
  LAST WKT: Jamie Overton  c Shahrukh Khan b Arshad Khan 18(6)  - 143/7 in 18.6 ov.
  ⚠ DIVERGENCE: STRIKER: ui=Sai Sudharsan cb=Akeal Hosein | BATTERS_MISSING_IN_UI: {'gaikwad', 'hosein'} (ui={'sudharsan', 'gill'}, cb={'gaikwad', 'hosein'}) | BOWLER: ui=None cb=Manav Suthar

[17:30:34  iter#319]
  UI: Gujarat Titans None-7 (None)  str=Sai Sudharsan nstr=Shubman Gill  bowl=None None-None (None)
  this_over=['W', '4', '.', '2', '4', '1', 'Wd', '4']  fow=7 (unk=0)  last_fow={'wicket': 7, 'batter': 'Jamie Overton', 'score': 143, 'overs': '19.0', 'bowler': None, 'how': None, '_unwitnessed': False}
  delivery: len=short_of_length line=outside_off shot=in_the_air [layer2]
  extras: this_over=9 innings=0 [w15/nb1/b0/lb0]
  extras_log: [{'over': '18.1', 'type': 'wide', 'runs': 1, 'this_over_after': []}, {'over': '19.4', 'type': 'wide', 'runs': 1, 'this_over_after': []}, {'over': '19.5', 'type': 'wide', 'runs': 4, 'this_over_after': []}]
  CB: CSK 158-7 (20)  crr=7.9  ps=15(6)  recent=... W
  CB BAT: Akeal Hosein* 0(0), Ruturaj Gaikwad 74(60)
  CB BOWL: Manav Suthar 1-22 (3)
  LAST WKT: Jamie Overton  c Shahrukh Khan b Arshad Khan 18(6)  - 143/7 in 18.6 ov.
  ⚠ DIVERGENCE: STRIKER: ui=Sai Sudharsan cb=Akeal Hosein | BATTERS_MISSING_IN_UI: {'gaikwad', 'hosein'} (ui={'sudharsan', 'gill'}, cb={'gaikwad', 'hosein'}) | BOWLER: ui=None cb=Manav Suthar

[17:30:55  iter#320]
  UI: Gujarat Titans None-7 (None)  str=Sai Sudharsan nstr=Sai Sudharsan  bowl=None None-None (None)
  this_over=['W', '4', '.', '2', '4', '1', 'Wd', '4']  fow=7 (unk=0)  last_fow={'wicket': 7, 'batter': 'Jamie Overton', 'score': 143, 'overs': '19.0', 'bowler': None, 'how': None, '_unwitnessed': False}
  delivery: len=short_of_length line=outside_off shot=in_the_air [layer2]
  extras: this_over=9 innings=0 [w15/nb1/b0/lb0]
  extras_log: [{'over': '18.1', 'type': 'wide', 'runs': 1, 'this_over_after': []}, {'over': '19.4', 'type': 'wide', 'runs': 1, 'this_over_after': []}, {'over': '19.5', 'type': 'wide', 'runs': 4, 'this_over_after': []}]
  CB: CSK 158-7 (20)  crr=7.9  ps=15(6)  recent=... W
  CB BAT: Akeal Hosein* 0(0), Ruturaj Gaikwad 74(60)
  CB BOWL: Manav Suthar 1-22 (3)
  LAST WKT: Jamie Overton  c Shahrukh Khan b Arshad Khan 18(6)  - 143/7 in 18.6 ov.
  ⚠ DIVERGENCE: STRIKER: ui=Sai Sudharsan cb=Akeal Hosein | BATTERS_MISSING_IN_UI: {'gaikwad', 'hosein'} (ui={'sudharsan'}, cb={'gaikwad', 'hosein'}) | BOWLER: ui=None cb=Manav Suthar

[17:31:15  iter#321]
  UI: Gujarat Titans None-7 (None)  str=Sai Sudharsan nstr=Shubman Gill  bowl=None None-None (None)
  this_over=['W', '4', '.', '2', '4', '1', 'Wd', '4']  fow=7 (unk=0)  last_fow={'wicket': 7, 'batter': 'Jamie Overton', 'score': 143, 'overs': '19.0', 'bowler': None, 'how': None, '_unwitnessed': False}
  delivery: len=short_of_length line=outside_off shot=in_the_air [layer2]
  extras: this_over=9 innings=0 [w15/nb1/b0/lb0]
  extras_log: [{'over': '18.1', 'type': 'wide', 'runs': 1, 'this_over_after': []}, {'over': '19.4', 'type': 'wide', 'runs': 1, 'this_over_after': []}, {'over': '19.5', 'type': 'wide', 'runs': 4, 'this_over_after': []}]
  CB: CSK 158-7 (20)  crr=7.9  ps=15(6)  recent=... W
  CB BAT: Akeal Hosein* 0(0), Ruturaj Gaikwad 74(60)
  CB BOWL: Manav Suthar 1-22 (3)
  LAST WKT: Jamie Overton  c Shahrukh Khan b Arshad Khan 18(6)  - 143/7 in 18.6 ov.
  ⚠ DIVERGENCE: STRIKER: ui=Sai Sudharsan cb=Akeal Hosein | BATTERS_MISSING_IN_UI: {'gaikwad', 'hosein'} (ui={'sudharsan', 'gill'}, cb={'gaikwad', 'hosein'}) | BOWLER: ui=None cb=Manav Suthar

[17:31:36  iter#322]
  UI: Gujarat Titans None-7 (None)  str=Sai Sudharsan nstr=Shubman Gill  bowl=None None-None (None)
  this_over=['W', '4', '.', '2', '4', '1', 'Wd', '4']  fow=7 (unk=0)  last_fow={'wicket': 7, 'batter': 'Jamie Overton', 'score': 143, 'overs': '19.0', 'bowler': None, 'how': None, '_unwitnessed': False}
  delivery: len=short_of_length line=outside_off shot=in_the_air [layer2]
  extras: this_over=9 innings=0 [w15/nb1/b0/lb0]
  extras_log: [{'over': '18.1', 'type': 'wide', 'runs': 1, 'this_over_after': []}, {'over': '19.4', 'type': 'wide', 'runs': 1, 'this_over_after': []}, {'over': '19.5', 'type': 'wide', 'runs': 4, 'this_over_after': []}]
  CB: CSK 158-7 (20)  crr=7.9  ps=15(6)  recent=... W
  CB BAT: Akeal Hosein* 0(0), Ruturaj Gaikwad 74(60)
  CB BOWL: Manav Suthar 1-22 (3)
  LAST WKT: Jamie Overton  c Shahrukh Khan b Arshad Khan 18(6)  - 143/7 in 18.6 ov.
  ⚠ DIVERGENCE: STRIKER: ui=Sai Sudharsan cb=Akeal Hosein | BATTERS_MISSING_IN_UI: {'gaikwad', 'hosein'} (ui={'sudharsan', 'gill'}, cb={'gaikwad', 'hosein'}) | BOWLER: ui=None cb=Manav Suthar

[17:31:58  iter#323]
  UI: Gujarat Titans None-7 (None)  str=Sai Sudharsan nstr=Shubman Gill  bowl=None None-None (None)
  this_over=['W', '4', '.', '2', '4', '1', 'Wd', '4']  fow=7 (unk=0)  last_fow={'wicket': 7, 'batter': 'Jamie Overton', 'score': 143, 'overs': '19.0', 'bowler': None, 'how': None, '_unwitnessed': False}
  delivery: len=short_of_length line=outside_off shot=in_the_air [layer2]
  extras: this_over=9 innings=0 [w15/nb1/b0/lb0]
  extras_log: [{'over': '18.1', 'type': 'wide', 'runs': 1, 'this_over_after': []}, {'over': '19.4', 'type': 'wide', 'runs': 1, 'this_over_after': []}, {'over': '19.5', 'type': 'wide', 'runs': 4, 'this_over_after': []}]
  CB: CSK 158-7 (20)  crr=7.9  ps=15(6)  recent=... W
  CB BAT: Akeal Hosein* 0(0), Ruturaj Gaikwad 74(60)
  CB BOWL: Manav Suthar 1-22 (3)
  LAST WKT: Jamie Overton  c Shahrukh Khan b Arshad Khan 18(6)  - 143/7 in 18.6 ov.
  ⚠ DIVERGENCE: STRIKER: ui=Sai Sudharsan cb=Akeal Hosein | BATTERS_MISSING_IN_UI: {'gaikwad', 'hosein'} (ui={'sudharsan', 'gill'}, cb={'gaikwad', 'hosein'}) | BOWLER: ui=None cb=Manav Suthar

[17:32:20  iter#324]
  UI: Gujarat Titans None-7 (None)  str=Sai Sudharsan nstr=Shubman Gill  bowl=None None-None (None)
  this_over=['W', '4', '.', '2', '4', '1', 'Wd', '4']  fow=7 (unk=0)  last_fow={'wicket': 7, 'batter': 'Jamie Overton', 'score': 143, 'overs': '19.0', 'bowler': None, 'how': None, '_unwitnessed': False}
  delivery: len=short_of_length line=outside_off shot=in_the_air [layer2]
  extras: this_over=9 innings=0 [w15/nb1/b0/lb0]
  extras_log: [{'over': '18.1', 'type': 'wide', 'runs': 1, 'this_over_after': []}, {'over': '19.4', 'type': 'wide', 'runs': 1, 'this_over_after': []}, {'over': '19.5', 'type': 'wide', 'runs': 4, 'this_over_after': []}]
  CB: CSK 158-7 (20)  crr=7.9  ps=15(6)  recent=... W
  CB BAT: Akeal Hosein* 0(0), Ruturaj Gaikwad 74(60)
  CB BOWL: Manav Suthar 1-22 (3)
  LAST WKT: Jamie Overton  c Shahrukh Khan b Arshad Khan 18(6)  - 143/7 in 18.6 ov.
  ⚠ DIVERGENCE: STRIKER: ui=Sai Sudharsan cb=Akeal Hosein | BATTERS_MISSING_IN_UI: {'gaikwad', 'hosein'} (ui={'sudharsan', 'gill'}, cb={'gaikwad', 'hosein'}) | BOWLER: ui=None cb=Manav Suthar

[17:32:45  iter#325]
  WS ERR: ''
  CB: CSK 158-7 (20)  crr=7.9  ps=15(6)  recent=... W
  CB BAT: Akeal Hosein* 0(0), Ruturaj Gaikwad 74(60)
  CB BOWL: Manav Suthar 1-22 (3)
  LAST WKT: Jamie Overton  c Shahrukh Khan b Arshad Khan 18(6)  - 143/7 in 18.6 ov.
  ⚠ DIVERGENCE: BATTERS_MISSING_IN_UI: {'gaikwad', 'hosein'} (ui=set(), cb={'gaikwad', 'hosein'}) | BOWLER: ui=None cb=Manav Suthar

[17:33:09  iter#326]
  WS ERR: ''
  CB: CSK 158-7 (20)  crr=7.9  ps=15(6)  recent=... W
  CB BAT: Akeal Hosein* 0(0), Ruturaj Gaikwad 74(60)
  CB BOWL: Manav Suthar 1-22 (3)
  LAST WKT: Jamie Overton  c Shahrukh Khan b Arshad Khan 18(6)  - 143/7 in 18.6 ov.
  ⚠ DIVERGENCE: BATTERS_MISSING_IN_UI: {'gaikwad', 'hosein'} (ui=set(), cb={'gaikwad', 'hosein'}) | BOWLER: ui=None cb=Manav Suthar

[17:33:33  iter#327]
  WS ERR: ''
  CB: CSK 158-7 (20)  crr=7.9  ps=15(6)  recent=... W
  CB BAT: Akeal Hosein* 0(0), Ruturaj Gaikwad 74(60)
  CB BOWL: Manav Suthar 1-22 (3)
  LAST WKT: Jamie Overton  c Shahrukh Khan b Arshad Khan 18(6)  - 143/7 in 18.6 ov.
  ⚠ DIVERGENCE: BATTERS_MISSING_IN_UI: {'gaikwad', 'hosein'} (ui=set(), cb={'gaikwad', 'hosein'}) | BOWLER: ui=None cb=Manav Suthar

[17:33:54  iter#328]
  UI: Gujarat Titans None-7 (None)  str=Sai Sudharsan nstr=Sai Sudharsan  bowl=None None-None (None)
  this_over=['W', '4', '.', '2', '4', '1', 'Wd', '4']  fow=7 (unk=0)  last_fow={'wicket': 7, 'batter': 'Jamie Overton', 'score': 143, 'overs': '19.0', 'bowler': None, 'how': None, '_unwitnessed': False}
  delivery: len=short_of_length line=outside_off shot=in_the_air [layer2]
  extras: this_over=9 innings=0 [w15/nb1/b0/lb0]
  extras_log: [{'over': '18.1', 'type': 'wide', 'runs': 1, 'this_over_after': []}, {'over': '19.4', 'type': 'wide', 'runs': 1, 'this_over_after': []}, {'over': '19.5', 'type': 'wide', 'runs': 4, 'this_over_after': []}]
  CB: CSK 158-7 (20)  crr=7.9  ps=15(6)  recent=... W
  CB BAT: Akeal Hosein* 0(0), Ruturaj Gaikwad 74(60)
  CB BOWL: Manav Suthar 1-22 (3)
  LAST WKT: Jamie Overton  c Shahrukh Khan b Arshad Khan 18(6)  - 143/7 in 18.6 ov.
  ⚠ DIVERGENCE: STRIKER: ui=Sai Sudharsan cb=Akeal Hosein | BATTERS_MISSING_IN_UI: {'gaikwad', 'hosein'} (ui={'sudharsan'}, cb={'gaikwad', 'hosein'}) | BOWLER: ui=None cb=Manav Suthar

[17:34:15  iter#329]
  UI: Gujarat Titans None-7 (None)  str=Sai Sudharsan nstr=Sai Sudharsan  bowl=None None-None (None)
  this_over=['W', '4', '.', '2', '4', '1', 'Wd', '4']  fow=7 (unk=0)  last_fow={'wicket': 7, 'batter': 'Jamie Overton', 'score': 143, 'overs': '19.0', 'bowler': None, 'how': None, '_unwitnessed': False}
  delivery: len=short_of_length line=outside_off shot=in_the_air [layer2]
  extras: this_over=9 innings=0 [w15/nb1/b0/lb0]
  extras_log: [{'over': '18.1', 'type': 'wide', 'runs': 1, 'this_over_after': []}, {'over': '19.4', 'type': 'wide', 'runs': 1, 'this_over_after': []}, {'over': '19.5', 'type': 'wide', 'runs': 4, 'this_over_after': []}]
  CB: CSK 158-7 (20)  crr=7.9  ps=15(6)  recent=... W
  CB BAT: Akeal Hosein* 0(0), Ruturaj Gaikwad 74(60)
  CB BOWL: Manav Suthar 1-22 (3)
  LAST WKT: Jamie Overton  c Shahrukh Khan b Arshad Khan 18(6)  - 143/7 in 18.6 ov.
  ⚠ DIVERGENCE: STRIKER: ui=Sai Sudharsan cb=Akeal Hosein | BATTERS_MISSING_IN_UI: {'gaikwad', 'hosein'} (ui={'sudharsan'}, cb={'gaikwad', 'hosein'}) | BOWLER: ui=None cb=Manav Suthar

[17:34:36  iter#330]
  UI: Gujarat Titans 0-0 (None)  str=None nstr=Shubman Gill  bowl=None None-None (None)
  this_over=[]  fow=7 (unk=0)  last_fow={'wicket': 7, 'batter': 'Jamie Overton', 'score': 143, 'overs': '19.0', 'bowler': None, 'how': None, '_unwitnessed': False}
  delivery: len=short_of_length line=outside_off shot=in_the_air [layer2]
  extras: this_over=9 innings=0 [w15/nb1/b0/lb0]
  extras_log: [{'over': '18.1', 'type': 'wide', 'runs': 1, 'this_over_after': []}, {'over': '19.4', 'type': 'wide', 'runs': 1, 'this_over_after': []}, {'over': '19.5', 'type': 'wide', 'runs': 4, 'this_over_after': []}]
  CB: CSK 158-7 (20)  crr=7.9  ps=15(6)  recent=... W
  CB BAT: Akeal Hosein* 0(0), Ruturaj Gaikwad 74(60)
  CB BOWL: Manav Suthar 1-22 (3)
  LAST WKT: Jamie Overton  c Shahrukh Khan b Arshad Khan 18(6)  - 143/7 in 18.6 ov.
  ⚠ DIVERGENCE: SCORE: ui=0 cb=158 | WICKETS: ui=0 cb=7 | BATTERS_MISSING_IN_UI: {'gaikwad', 'hosein'} (ui={'gill'}, cb={'gaikwad', 'hosein'}) | FOW_COUNT: ui=7 vs wickets=0 | BOWLER: ui=None cb=Manav Suthar

[17:35:01  iter#331]
  WS ERR: ''
  CB: CSK 158-7 (20)  crr=7.9  ps=15(6)  recent=... W
  CB BAT: Akeal Hosein* 0(0), Ruturaj Gaikwad 74(60)
  CB BOWL: Manav Suthar 1-22 (3)
  LAST WKT: Jamie Overton  c Shahrukh Khan b Arshad Khan 18(6)  - 143/7 in 18.6 ov.
  ⚠ DIVERGENCE: BATTERS_MISSING_IN_UI: {'gaikwad', 'hosein'} (ui=set(), cb={'gaikwad', 'hosein'}) | BOWLER: ui=None cb=Manav Suthar

[17:35:25  iter#332]
  WS ERR: ''
  CB: CSK 158-7 (20)  crr=7.9  ps=15(6)  recent=... W
  CB BAT: Akeal Hosein* 0(0), Ruturaj Gaikwad 74(60)
  CB BOWL: Manav Suthar 1-22 (3)
  LAST WKT: Jamie Overton  c Shahrukh Khan b Arshad Khan 18(6)  - 143/7 in 18.6 ov.
  ⚠ DIVERGENCE: BATTERS_MISSING_IN_UI: {'gaikwad', 'hosein'} (ui=set(), cb={'gaikwad', 'hosein'}) | BOWLER: ui=None cb=Manav Suthar

[17:35:57  iter#333]
  WS ERR: ''
  CB ERR: 'cb fetch: ConnectTimeout: '
  ✓ score/wickets/overs match

[17:36:18  iter#334]
  UI: Gujarat Titans 0-0 (None)  str=None nstr=Shubman Gill  bowl=None None-None (None)
  this_over=[]  fow=7 (unk=0)  last_fow={'wicket': 7, 'batter': 'Jamie Overton', 'score': 143, 'overs': '19.0', 'bowler': None, 'how': None, '_unwitnessed': False}
  delivery: len=short_of_length line=outside_off shot=in_the_air [layer2]
  extras: this_over=9 innings=0 [w15/nb1/b0/lb0]
  extras_log: [{'over': '18.1', 'type': 'wide', 'runs': 1, 'this_over_after': []}, {'over': '19.4', 'type': 'wide', 'runs': 1, 'this_over_after': []}, {'over': '19.5', 'type': 'wide', 'runs': 4, 'this_over_after': []}]
  CB: CSK 158-7 (20)  crr=7.9  ps=15(6)  recent=... W
  CB BAT: Akeal Hosein* 0(0), Ruturaj Gaikwad 74(60)
  CB BOWL: Manav Suthar 1-22 (3)
  LAST WKT: Jamie Overton  c Shahrukh Khan b Arshad Khan 18(6)  - 143/7 in 18.6 ov.
  ⚠ DIVERGENCE: SCORE: ui=0 cb=158 | WICKETS: ui=0 cb=7 | BATTERS_MISSING_IN_UI: {'gaikwad', 'hosein'} (ui={'gill'}, cb={'gaikwad', 'hosein'}) | FOW_COUNT: ui=7 vs wickets=0 | BOWLER: ui=None cb=Manav Suthar

[17:36:43  iter#335]
  WS ERR: ''
  CB: CSK 158-7 (20)  crr=7.9  ps=15(6)  recent=... W
  CB BAT: Akeal Hosein* 0(0), Ruturaj Gaikwad 74(60)
  CB BOWL: Manav Suthar 1-22 (3)
  LAST WKT: Jamie Overton  c Shahrukh Khan b Arshad Khan 18(6)  - 143/7 in 18.6 ov.
  ⚠ DIVERGENCE: BATTERS_MISSING_IN_UI: {'gaikwad', 'hosein'} (ui=set(), cb={'gaikwad', 'hosein'}) | BOWLER: ui=None cb=Manav Suthar

[17:37:07  iter#336]
  WS ERR: ''
  CB: CSK 158-7 (20)  crr=7.9  ps=15(6)  recent=... W
  CB BAT: Akeal Hosein* 0(0), Ruturaj Gaikwad 74(60)
  CB BOWL: Manav Suthar 1-22 (3)
  LAST WKT: Jamie Overton  c Shahrukh Khan b Arshad Khan 18(6)  - 143/7 in 18.6 ov.
  ⚠ DIVERGENCE: BATTERS_MISSING_IN_UI: {'gaikwad', 'hosein'} (ui=set(), cb={'gaikwad', 'hosein'}) | BOWLER: ui=None cb=Manav Suthar

[17:37:29  iter#337]
  UI: Gujarat Titans 0-0 (None)  str=None nstr=Shubman Gill  bowl=None None-None (None)
  this_over=[]  fow=7 (unk=0)  last_fow={'wicket': 7, 'batter': 'Jamie Overton', 'score': 143, 'overs': '19.0', 'bowler': None, 'how': None, '_unwitnessed': False}
  delivery: len=short_of_length line=outside_off shot=in_the_air [layer2]
  extras: this_over=9 innings=0 [w15/nb1/b0/lb0]
  extras_log: [{'over': '18.1', 'type': 'wide', 'runs': 1, 'this_over_after': []}, {'over': '19.4', 'type': 'wide', 'runs': 1, 'this_over_after': []}, {'over': '19.5', 'type': 'wide', 'runs': 4, 'this_over_after': []}]
  CB: CSK 158-7 (20)  crr=7.9  ps=15(6)  recent=... W
  CB BAT: Akeal Hosein* 0(0), Ruturaj Gaikwad 74(60)
  CB BOWL: Manav Suthar 1-22 (3)
  LAST WKT: Jamie Overton  c Shahrukh Khan b Arshad Khan 18(6)  - 143/7 in 18.6 ov.
  ⚠ DIVERGENCE: SCORE: ui=0 cb=158 | WICKETS: ui=0 cb=7 | BATTERS_MISSING_IN_UI: {'gaikwad', 'hosein'} (ui={'gill'}, cb={'gaikwad', 'hosein'}) | FOW_COUNT: ui=7 vs wickets=0 | BOWLER: ui=None cb=Manav Suthar

[17:37:51  iter#338]
  UI: Gujarat Titans 0-0 (None)  str=None nstr=Shubman Gill  bowl=None None-None (None)
  this_over=[]  fow=7 (unk=0)  last_fow={'wicket': 7, 'batter': 'Jamie Overton', 'score': 143, 'overs': '19.0', 'bowler': None, 'how': None, '_unwitnessed': False}
  delivery: len=short_of_length line=outside_off shot=in_the_air [layer2]
  extras: this_over=9 innings=0 [w15/nb1/b0/lb0]
  extras_log: [{'over': '18.1', 'type': 'wide', 'runs': 1, 'this_over_after': []}, {'over': '19.4', 'type': 'wide', 'runs': 1, 'this_over_after': []}, {'over': '19.5', 'type': 'wide', 'runs': 4, 'this_over_after': []}]
  CB: CSK 158-7 (20)  crr=7.9  ps=15(6)  recent=... W
  CB BAT: Akeal Hosein* 0(0), Ruturaj Gaikwad 74(60)
  CB BOWL: Manav Suthar 1-22 (3)
  LAST WKT: Jamie Overton  c Shahrukh Khan b Arshad Khan 18(6)  - 143/7 in 18.6 ov.
  ⚠ DIVERGENCE: SCORE: ui=0 cb=158 | WICKETS: ui=0 cb=7 | BATTERS_MISSING_IN_UI: {'gaikwad', 'hosein'} (ui={'gill'}, cb={'gaikwad', 'hosein'}) | FOW_COUNT: ui=7 vs wickets=0 | BOWLER: ui=None cb=Manav Suthar

[17:38:14  iter#339]
  UI: Gujarat Titans 0-0 (None)  str=None nstr=Sai Sudharsan  bowl=None None-None (None)
  this_over=[]  fow=7 (unk=0)  last_fow={'wicket': 7, 'batter': 'Jamie Overton', 'score': 143, 'overs': '19.0', 'bowler': None, 'how': None, '_unwitnessed': False}
  delivery: len=short_of_length line=outside_off shot=in_the_air [layer2]
  extras: this_over=9 innings=0 [w15/nb1/b0/lb0]
  extras_log: [{'over': '18.1', 'type': 'wide', 'runs': 1, 'this_over_after': []}, {'over': '19.4', 'type': 'wide', 'runs': 1, 'this_over_after': []}, {'over': '19.5', 'type': 'wide', 'runs': 4, 'this_over_after': []}]
  CB: CSK 158-7 (20)  crr=7.9  ps=15(6)  recent=... W
  CB BAT: Akeal Hosein* 0(0), Ruturaj Gaikwad 74(60)
  CB BOWL: Manav Suthar 1-22 (3)
  LAST WKT: Jamie Overton  c Shahrukh Khan b Arshad Khan 18(6)  - 143/7 in 18.6 ov.
  ⚠ DIVERGENCE: SCORE: ui=0 cb=158 | WICKETS: ui=0 cb=7 | BATTERS_MISSING_IN_UI: {'gaikwad', 'hosein'} (ui={'sudharsan'}, cb={'gaikwad', 'hosein'}) | FOW_COUNT: ui=7 vs wickets=0 | BOWLER: ui=None cb=Manav Suthar

[17:38:38  iter#340]
  UI: Gujarat Titans 0-0 (None)  str=None nstr=Sai Sudharsan  bowl=None None-None (None)
  this_over=[]  fow=7 (unk=0)  last_fow={'wicket': 7, 'batter': 'Jamie Overton', 'score': 143, 'overs': '19.0', 'bowler': None, 'how': None, '_unwitnessed': False}
  delivery: len=short_of_length line=outside_off shot=in_the_air [layer2]
  extras: this_over=9 innings=0 [w15/nb1/b0/lb0]
  extras_log: [{'over': '18.1', 'type': 'wide', 'runs': 1, 'this_over_after': []}, {'over': '19.4', 'type': 'wide', 'runs': 1, 'this_over_after': []}, {'over': '19.5', 'type': 'wide', 'runs': 4, 'this_over_after': []}]
  CB: CSK 158-7 (20)  crr=7.9  ps=15(6)  recent=... W
  CB BAT: Akeal Hosein* 0(0), Ruturaj Gaikwad 74(60)
  CB BOWL: Manav Suthar 1-22 (3)
  LAST WKT: Jamie Overton  c Shahrukh Khan b Arshad Khan 18(6)  - 143/7 in 18.6 ov.
  ⚠ DIVERGENCE: SCORE: ui=0 cb=158 | WICKETS: ui=0 cb=7 | BATTERS_MISSING_IN_UI: {'gaikwad', 'hosein'} (ui={'sudharsan'}, cb={'gaikwad', 'hosein'}) | FOW_COUNT: ui=7 vs wickets=0 | BOWLER: ui=None cb=Manav Suthar

[17:38:59  iter#341]
  UI: Gujarat Titans 0-0 (None)  str=None nstr=Sai Sudharsan  bowl=None None-None (None)
  this_over=[]  fow=7 (unk=0)  last_fow={'wicket': 7, 'batter': 'Jamie Overton', 'score': 143, 'overs': '19.0', 'bowler': None, 'how': None, '_unwitnessed': False}
  delivery: len=short_of_length line=outside_off shot=in_the_air [layer2]
  extras: this_over=9 innings=0 [w15/nb1/b0/lb0]
  extras_log: [{'over': '18.1', 'type': 'wide', 'runs': 1, 'this_over_after': []}, {'over': '19.4', 'type': 'wide', 'runs': 1, 'this_over_after': []}, {'over': '19.5', 'type': 'wide', 'runs': 4, 'this_over_after': []}]
  CB: GT 0-0 (0)  crr=0.0  ps=0(0)  recent=None
  CB BAT: Sai Sudharsan* 0(0), Shubman Gill 0(0)
  ⚠ DIVERGENCE: BATTERS_MISSING_IN_UI: {'gill'} (ui={'sudharsan'}, cb={'sudharsan', 'gill'}) | BAT_sudharsan: ui=3(5) cb=0(0) | FOW_COUNT: ui=7 vs wickets=0

[17:39:20  iter#342]
  UI: Gujarat Titans 0-0 (None)  str=None nstr=Sai Sudharsan  bowl=None None-None (None)
  this_over=[]  fow=7 (unk=0)  last_fow={'wicket': 7, 'batter': 'Jamie Overton', 'score': 143, 'overs': '19.0', 'bowler': None, 'how': None, '_unwitnessed': False}
  delivery: len=short_of_length line=outside_off shot=in_the_air [layer2]
  extras: this_over=9 innings=0 [w15/nb1/b0/lb0]
  extras_log: [{'over': '18.1', 'type': 'wide', 'runs': 1, 'this_over_after': []}, {'over': '19.4', 'type': 'wide', 'runs': 1, 'this_over_after': []}, {'over': '19.5', 'type': 'wide', 'runs': 4, 'this_over_after': []}]
  CB: GT 0-0 (0)  crr=0.0  ps=0(0)  recent=None
  CB BAT: Sai Sudharsan* 0(0), Shubman Gill 0(0)
  ⚠ DIVERGENCE: BATTERS_MISSING_IN_UI: {'gill'} (ui={'sudharsan'}, cb={'sudharsan', 'gill'}) | BAT_sudharsan: ui=3(5) cb=0(0) | FOW_COUNT: ui=7 vs wickets=0

[17:39:42  iter#343]
  UI: Gujarat Titans 0-0 (None)  str=None nstr=Sai Sudharsan  bowl=None None-None (None)
  this_over=[]  fow=7 (unk=0)  last_fow={'wicket': 7, 'batter': 'Jamie Overton', 'score': 143, 'overs': '19.0', 'bowler': None, 'how': None, '_unwitnessed': False}
  delivery: len=short_of_length line=outside_off shot=in_the_air [layer2]
  extras: this_over=9 innings=0 [w15/nb1/b0/lb0]
  extras_log: [{'over': '18.1', 'type': 'wide', 'runs': 1, 'this_over_after': []}, {'over': '19.4', 'type': 'wide', 'runs': 1, 'this_over_after': []}, {'over': '19.5', 'type': 'wide', 'runs': 4, 'this_over_after': []}]
  CB: GT 1-0 (0.1)  crr=6.0  ps=1(1)  recent=1
  CB BAT: Shubman Gill* 0(0), Sai Sudharsan 1(1)
  ⚠ DIVERGENCE: SCORE: ui=0 cb=1 | BATTERS_MISSING_IN_UI: {'gill'} (ui={'sudharsan'}, cb={'sudharsan', 'gill'}) | BAT_sudharsan: ui=3(5) cb=1(1) | FOW_COUNT: ui=7 vs wickets=0

[17:40:04  iter#344]
  UI: Gujarat Titans 0-0 (None)  str=None nstr=Shubman Gill  bowl=None None-None (None)
  this_over=[]  fow=7 (unk=0)  last_fow={'wicket': 7, 'batter': 'Jamie Overton', 'score': 143, 'overs': '19.0', 'bowler': None, 'how': None, '_unwitnessed': False}
  delivery: len=short_of_length line=outside_off shot=in_the_air [layer2]
  extras: this_over=9 innings=0 [w15/nb1/b0/lb0]
  extras_log: [{'over': '18.1', 'type': 'wide', 'runs': 1, 'this_over_after': []}, {'over': '19.4', 'type': 'wide', 'runs': 1, 'this_over_after': []}, {'over': '19.5', 'type': 'wide', 'runs': 4, 'this_over_after': []}]
  CB: GT 1-0 (0.2)  crr=3.0  ps=1(2)  recent=1 0
  CB BAT: Shubman Gill* 0(1), Sai Sudharsan 1(1)
  ⚠ DIVERGENCE: SCORE: ui=0 cb=1 | BATTERS_MISSING_IN_UI: {'sudharsan'} (ui={'gill'}, cb={'sudharsan', 'gill'}) | BAT_gill: ui=0(0) cb=0(1) | BAT_sudharsan: ui=3(5) cb=1(1) | FOW_COUNT: ui=7 vs wickets=0

[17:40:37  iter#345]
  WS ERR: ''
  CB ERR: 'cb fetch: ConnectTimeout: '
  ✓ score/wickets/overs match

[17:40:57  iter#346]
  UI: Gujarat Titans 1-0 (None)  str=None nstr=Shubman Gill  bowl=Akeal Hosein 0-1 (0.1)
  this_over=['Wd']  fow=7 (unk=0)  last_fow={'wicket': 7, 'batter': 'Jamie Overton', 'score': 143, 'overs': '19.0', 'bowler': None, 'how': None, '_unwitnessed': False}
  delivery: len=short_of_length line=unknown shot=in_the_air [layer2]
  extras: this_over=10 innings=0 [w16/nb1/b0/lb0]
  extras_log: [{'over': '19.4', 'type': 'wide', 'runs': 1, 'this_over_after': []}, {'over': '19.5', 'type': 'wide', 'runs': 4, 'this_over_after': []}, {'over': None, 'type': 'wide', 'runs': 1, 'this_over_after': []}]
  CB: GT 5-0 (0.4)  crr=7.5  ps=5(4)  recent=1 0 0 4
  CB BAT: Shubman Gill* 4(3), Sai Sudharsan 1(1)
  ⚠ DIVERGENCE: SCORE: ui=1 cb=5 | BATTERS_MISSING_IN_UI: {'sudharsan'} (ui={'gill'}, cb={'sudharsan', 'gill'}) | BAT_gill: ui=0(0) cb=4(3) | BAT_sudharsan: ui=3(5) cb=1(1) | FOW_COUNT: ui=7 vs wickets=0

[17:41:20  iter#347]
  UI: Gujarat Titans 1-0 (None)  str=None nstr=Shubman Gill  bowl=Akeal Hosein 0-1 (0.1)
  this_over=['Wd']  fow=7 (unk=0)  last_fow={'wicket': 7, 'batter': 'Jamie Overton', 'score': 143, 'overs': '19.0', 'bowler': None, 'how': None, '_unwitnessed': False}
  delivery: len=short_of_length line=unknown shot=in_the_air [layer2]
  extras: this_over=10 innings=0 [w16/nb1/b0/lb0]
  extras_log: [{'over': '19.4', 'type': 'wide', 'runs': 1, 'this_over_after': []}, {'over': '19.5', 'type': 'wide', 'runs': 4, 'this_over_after': []}, {'over': None, 'type': 'wide', 'runs': 1, 'this_over_after': []}]
  CB: GT 5-0 (0.4)  crr=7.5  ps=5(4)  recent=1 0 0 4
  CB BAT: Shubman Gill* 4(3), Sai Sudharsan 1(1)
  ⚠ DIVERGENCE: SCORE: ui=1 cb=5 | BATTERS_MISSING_IN_UI: {'sudharsan'} (ui={'gill'}, cb={'sudharsan', 'gill'}) | BAT_gill: ui=0(1) cb=4(3) | BAT_sudharsan: ui=3(5) cb=1(1) | FOW_COUNT: ui=7 vs wickets=0

[17:41:42  iter#348]
  UI: Gujarat Titans 1-0 (None)  str=None nstr=Shubman Gill  bowl=Akeal Hosein 0-1 (0.3)
  this_over=['Wd']  fow=7 (unk=0)  last_fow={'wicket': 7, 'batter': 'Jamie Overton', 'score': 143, 'overs': '19.0', 'bowler': None, 'how': None, '_unwitnessed': False}
  delivery: len=short_of_length line=unknown shot=in_the_air [layer2]
  extras: this_over=10 innings=0 [w16/nb1/b0/lb0]
  extras_log: [{'over': '19.4', 'type': 'wide', 'runs': 1, 'this_over_after': []}, {'over': '19.5', 'type': 'wide', 'runs': 4, 'this_over_after': []}, {'over': None, 'type': 'wide', 'runs': 1, 'this_over_after': []}]
  CB: GT 11-0 (0.5)  crr=13.2  ps=11(5)  recent=1 0 0 4 6
  CB BAT: Shubman Gill* 10(4), Sai Sudharsan 1(1)
  ⚠ DIVERGENCE: SCORE: ui=1 cb=11 | BATTERS_MISSING_IN_UI: {'sudharsan'} (ui={'gill'}, cb={'sudharsan', 'gill'}) | BAT_gill: ui=1(5) cb=10(4) | BAT_sudharsan: ui=3(5) cb=1(1) | FOW_COUNT: ui=7 vs wickets=0

[17:42:05  iter#349]
  UI: Gujarat Titans 5-0 (None)  str=None nstr=Shubman Gill  bowl=Akeal Hosein 0-5 (0.4)
  this_over=['Wd', 'Nb+3']  fow=7 (unk=0)  last_fow={'wicket': 7, 'batter': 'Jamie Overton', 'score': 143, 'overs': '19.0', 'bowler': None, 'how': None, '_unwitnessed': False}
  delivery: len=short_of_length line=unknown shot=in_the_air [layer2]
  extras: this_over=11 innings=1 [w16/nb2/b0/lb0]
  extras_log: [{'over': '19.5', 'type': 'wide', 'runs': 4, 'this_over_after': []}, {'over': None, 'type': 'wide', 'runs': 1, 'this_over_after': []}, {'over': None, 'type': 'no_ball', 'runs': 1, 'this_over_after': []}]
  CB: GT 11-0 (0.5)  crr=13.2  ps=11(5)  recent=1 0 0 4 6
  CB BAT: Shubman Gill* 10(4), Sai Sudharsan 1(1)
  ⚠ DIVERGENCE: SCORE: ui=5 cb=11 | BATTERS_MISSING_IN_UI: {'sudharsan'} (ui={'gill'}, cb={'sudharsan', 'gill'}) | BAT_gill: ui=1(3) cb=10(4) | BAT_sudharsan: ui=3(4) cb=1(1) | FOW_COUNT: ui=7 vs wickets=0

[17:42:28  iter#350]
  UI: Gujarat Titans 5-0 (None)  str=None nstr=Shubman Gill  bowl=Akeal Hosein 0-5 (0.4)
  this_over=['Wd', 'Nb+3']  fow=7 (unk=0)  last_fow={'wicket': 7, 'batter': 'Jamie Overton', 'score': 143, 'overs': '19.0', 'bowler': None, 'how': None, '_unwitnessed': False}
  delivery: len=good_length line=unknown shot=in_the_air [layer2]
  extras: this_over=11 innings=1 [w16/nb2/b0/lb0]
  extras_log: [{'over': '19.5', 'type': 'wide', 'runs': 4, 'this_over_after': []}, {'over': None, 'type': 'wide', 'runs': 1, 'this_over_after': []}, {'over': None, 'type': 'no_ball', 'runs': 1, 'this_over_after': []}]
  CB: GT 11-0 (0.5)  crr=13.2  ps=11(5)  recent=1 0 0 4 6
  CB BAT: Shubman Gill* 10(4), Sai Sudharsan 1(1)
  ⚠ DIVERGENCE: SCORE: ui=5 cb=11 | BATTERS_MISSING_IN_UI: {'sudharsan'} (ui={'gill'}, cb={'sudharsan', 'gill'}) | BAT_gill: ui=1(3) cb=10(4) | BAT_sudharsan: ui=3(4) cb=1(1) | FOW_COUNT: ui=7 vs wickets=0

[17:42:51  iter#351]
  UI: Gujarat Titans 11-0 (None)  str=None nstr=Shubman Gill  bowl=Akeal Hosein 0-11 (1)
  this_over=['Wd', 'Nb+3', 'Nb+5']  fow=7 (unk=0)  last_fow={'wicket': 7, 'batter': 'Jamie Overton', 'score': 143, 'overs': '19.0', 'bowler': None, 'how': None, '_unwitnessed': False}
  delivery: len=good_length line=unknown shot=in_the_air [layer2]
  extras: this_over=12 innings=2 [w16/nb3/b0/lb0]
  extras_log: [{'over': None, 'type': 'wide', 'runs': 1, 'this_over_after': []}, {'over': None, 'type': 'no_ball', 'runs': 1, 'this_over_after': []}, {'over': None, 'type': 'no_ball', 'runs': 1, 'this_over_after': []}]
  CB: GT 11-0 (1)  crr=11.0  ps=11(6)  recent=1 0 0 4 6 0
  CB BAT: Sai Sudharsan* 1(1), Shubman Gill 10(5)
  ⚠ DIVERGENCE: BATTERS_MISSING_IN_UI: {'sudharsan'} (ui={'gill'}, cb={'sudharsan', 'gill'}) | BAT_sudharsan: ui=10(5) cb=1(1) | BAT_gill: ui=1(1) cb=10(5) | FOW_COUNT: ui=7 vs wickets=0

[17:43:14  iter#352]
  UI: Gujarat Titans 11-0 (None)  str=None nstr=Shubman Gill  bowl=Akeal Hosein 0-11 (1)
  this_over=['Wd', 'Nb+3', 'Nb+5']  fow=7 (unk=0)  last_fow={'wicket': 7, 'batter': 'Jamie Overton', 'score': 143, 'overs': '19.0', 'bowler': None, 'how': None, '_unwitnessed': False}
  delivery: len=good_length line=unknown shot=in_the_air [layer2]
  extras: this_over=12 innings=0 [w16/nb3/b0/lb0]
  extras_log: [{'over': None, 'type': 'wide', 'runs': 1, 'this_over_after': []}, {'over': None, 'type': 'no_ball', 'runs': 1, 'this_over_after': []}, {'over': None, 'type': 'no_ball', 'runs': 1, 'this_over_after': []}]
  CB: GT 11-0 (1)  crr=11.0  ps=11(6)  recent=1 0 0 4 6 0
  CB BAT: Sai Sudharsan* 1(1), Shubman Gill 10(5)
  CB BOWL: Akeal Hosein 0-11 (1)
  ⚠ DIVERGENCE: BATTERS_MISSING_IN_UI: {'sudharsan'} (ui={'gill'}, cb={'sudharsan', 'gill'}) | BAT_sudharsan: ui=10(5) cb=1(1) | BAT_gill: ui=1(1) cb=10(5) | FOW_COUNT: ui=7 vs wickets=0

[17:43:38  iter#353]
  UI: Gujarat Titans 11-0 (None)  str=None nstr=Shubman Gill  bowl=Anshul Kamboj 3-11 (4)
  this_over=['Wd', 'Nb+3', 'Nb+5']  fow=7 (unk=0)  last_fow={'wicket': 7, 'batter': 'Jamie Overton', 'score': 143, 'overs': '19.0', 'bowler': None, 'how': None, '_unwitnessed': False}
  delivery: len=short_of_length line=unknown shot=in_the_air [layer2]
  extras: this_over=12 innings=0 [w16/nb3/b0/lb0]
  extras_log: [{'over': None, 'type': 'wide', 'runs': 1, 'this_over_after': []}, {'over': None, 'type': 'no_ball', 'runs': 1, 'this_over_after': []}, {'over': None, 'type': 'no_ball', 'runs': 1, 'this_over_after': []}]
  CB: GT 11-0 (1.1)  crr=9.43  ps=11(7)  recent=0
  CB BAT: Sai Sudharsan* 1(2), Shubman Gill 10(5)
  CB BOWL: Akeal Hosein 0-11 (1)
  ⚠ DIVERGENCE: BATTERS_MISSING_IN_UI: {'sudharsan'} (ui={'gill'}, cb={'sudharsan', 'gill'}) | BAT_sudharsan: ui=10(5) cb=1(2) | BAT_gill: ui=1(1) cb=10(5) | FOW_COUNT: ui=7 vs wickets=0 | BOWLER: ui=Anshul Kamboj cb=Akeal Hosein

[17:44:00  iter#354]
  UI: Gujarat Titans 11-0 (None)  str=None nstr=Shubman Gill  bowl=Anshul Kamboj 3-11 (4)
  this_over=['Wd', 'Nb+3', 'Nb+5']  fow=7 (unk=0)  last_fow={'wicket': 7, 'batter': 'Jamie Overton', 'score': 143, 'overs': '19.0', 'bowler': None, 'how': None, '_unwitnessed': False}
  delivery: len=short_of_length line=unknown shot=in_the_air [layer2]
  extras: this_over=12 innings=0 [w16/nb3/b0/lb0]
  extras_log: [{'over': None, 'type': 'wide', 'runs': 1, 'this_over_after': []}, {'over': None, 'type': 'no_ball', 'runs': 1, 'this_over_after': []}, {'over': None, 'type': 'no_ball', 'runs': 1, 'this_over_after': []}]
  CB: GT 11-0 (1.1)  crr=9.43  ps=11(7)  recent=0
  CB BAT: Sai Sudharsan* 1(2), Shubman Gill 10(5)
  CB BOWL: Akeal Hosein 0-11 (1)
  ⚠ DIVERGENCE: BATTERS_MISSING_IN_UI: {'sudharsan'} (ui={'gill'}, cb={'sudharsan', 'gill'}) | BAT_sudharsan: ui=10(5) cb=1(2) | BAT_gill: ui=1(2) cb=10(5) | FOW_COUNT: ui=7 vs wickets=0 | BOWLER: ui=Anshul Kamboj cb=Akeal Hosein

[17:44:21  iter#355]
  UI: Gujarat Titans 11-0 (None)  str=None nstr=Shubman Gill  bowl=Anshul Kamboj 0-0 (1.1)
  this_over=['Wd', 'Nb+3', 'Nb+5']  fow=7 (unk=0)  last_fow={'wicket': 7, 'batter': 'Jamie Overton', 'score': 143, 'overs': '19.0', 'bowler': None, 'how': None, '_unwitnessed': False}
  delivery: len=short_of_length line=unknown shot=in_the_air [layer2]
  extras: this_over=12 innings=0 [w16/nb3/b0/lb0]
  extras_log: [{'over': None, 'type': 'wide', 'runs': 1, 'this_over_after': []}, {'over': None, 'type': 'no_ball', 'runs': 1, 'this_over_after': []}, {'over': None, 'type': 'no_ball', 'runs': 1, 'this_over_after': []}]
  CB: GT 11-0 (1.2)  crr=8.25  ps=11(8)  recent=0 0
  CB BAT: Sai Sudharsan* 1(3), Shubman Gill 10(5)
  CB BOWL: Akeal Hosein 0-11 (1)
  ⚠ DIVERGENCE: BATTERS_MISSING_IN_UI: {'sudharsan'} (ui={'gill'}, cb={'sudharsan', 'gill'}) | BAT_sudharsan: ui=10(5) cb=1(3) | BAT_gill: ui=1(2) cb=10(5) | FOW_COUNT: ui=7 vs wickets=0 | BOWLER: ui=Anshul Kamboj cb=Akeal Hosein

[17:44:45  iter#356]
  UI: Gujarat Titans 11-0 (None)  str=None nstr=Shubman Gill  bowl=Anshul Kamboj 0-0 (1.1)
  this_over=['Wd', 'Nb+3', 'Nb+5']  fow=7 (unk=0)  last_fow={'wicket': 7, 'batter': 'Jamie Overton', 'score': 143, 'overs': '19.0', 'bowler': None, 'how': None, '_unwitnessed': False}
  delivery: len=short_of_length line=unknown shot=in_the_air [layer2]
  extras: this_over=12 innings=0 [w16/nb3/b0/lb0]
  extras_log: [{'over': None, 'type': 'wide', 'runs': 1, 'this_over_after': []}, {'over': None, 'type': 'no_ball', 'runs': 1, 'this_over_after': []}, {'over': None, 'type': 'no_ball', 'runs': 1, 'this_over_after': []}]
  CB: GT 11-0 (1.2)  crr=8.25  ps=11(8)  recent=0 0
  CB BAT: Sai Sudharsan* 1(3), Shubman Gill 10(5)
  CB BOWL: Akeal Hosein 0-11 (1)
  ⚠ DIVERGENCE: BATTERS_MISSING_IN_UI: {'sudharsan'} (ui={'gill'}, cb={'sudharsan', 'gill'}) | BAT_sudharsan: ui=10(5) cb=1(3) | BAT_gill: ui=1(3) cb=10(5) | FOW_COUNT: ui=7 vs wickets=0 | BOWLER: ui=Anshul Kamboj cb=Akeal Hosein

[17:45:05  iter#357]
  UI: Gujarat Titans 11-0 (None)  str=None nstr=Shubman Gill  bowl=Anshul Kamboj 0-0 (1.1)
  this_over=['Wd', 'Nb+3', 'Nb+5']  fow=7 (unk=0)  last_fow={'wicket': 7, 'batter': 'Jamie Overton', 'score': 143, 'overs': '19.0', 'bowler': None, 'how': None, '_unwitnessed': False}
  delivery: len=short_of_length line=unknown shot=in_the_air [layer2]
  extras: this_over=12 innings=0 [w16/nb3/b0/lb0]
  extras_log: [{'over': None, 'type': 'wide', 'runs': 1, 'this_over_after': []}, {'over': None, 'type': 'no_ball', 'runs': 1, 'this_over_after': []}, {'over': None, 'type': 'no_ball', 'runs': 1, 'this_over_after': []}]
  CB: GT 11-0 (1.2)  crr=8.25  ps=11(8)  recent=0 0
  CB BAT: Sai Sudharsan* 1(3), Shubman Gill 10(5)
  CB BOWL: Akeal Hosein 0-11 (1)
  ⚠ DIVERGENCE: BATTERS_MISSING_IN_UI: {'sudharsan'} (ui={'gill'}, cb={'sudharsan', 'gill'}) | BAT_sudharsan: ui=10(5) cb=1(3) | BAT_gill: ui=1(3) cb=10(5) | FOW_COUNT: ui=7 vs wickets=0 | BOWLER: ui=Anshul Kamboj cb=Akeal Hosein

[17:45:28  iter#358]
  UI: Gujarat Titans 12-0 (None)  str=None nstr=Shubman Gill  bowl=Anshul Kamboj 0-1 (0.3)
  this_over=['Wd', 'Nb+3', 'Nb+5', 'Wd']  fow=7 (unk=0)  last_fow={'wicket': 7, 'batter': 'Jamie Overton', 'score': 143, 'overs': '19.0', 'bowler': None, 'how': None, '_unwitnessed': False}
  delivery: len=short_of_length line=unknown shot=in_the_air [layer2]
  extras: this_over=13 innings=1 [w17/nb3/b0/lb0]
  extras_log: [{'over': None, 'type': 'no_ball', 'runs': 1, 'this_over_after': []}, {'over': None, 'type': 'no_ball', 'runs': 1, 'this_over_after': []}, {'over': None, 'type': 'wide', 'runs': 1, 'this_over_after': []}]
  CB: GT 12-0 (1.3)  crr=8.0  ps=12(9)  recent=0 0 1
  CB BAT: Shubman Gill* 10(5), Sai Sudharsan 2(4)
  CB BOWL: Akeal Hosein 0-11 (1)
  ⚠ DIVERGENCE: BATTERS_MISSING_IN_UI: {'sudharsan'} (ui={'gill'}, cb={'sudharsan', 'gill'}) | BAT_gill: ui=1(3) cb=10(5) | BAT_sudharsan: ui=10(5) cb=2(4) | FOW_COUNT: ui=7 vs wickets=0 | BOWLER: ui=Anshul Kamboj cb=Akeal Hosein

[17:45:53  iter#359]
  UI: Gujarat Titans 12-0 (None)  str=Shubman Gill nstr=Sai Sudharsan  bowl=Anshul Kamboj 0-1 (0.3)
  this_over=['Wd', 'Nb+3', 'Nb+5', 'Wd']  fow=7 (unk=0)  last_fow={'wicket': 7, 'batter': 'Jamie Overton', 'score': 143, 'overs': '19.0', 'bowler': None, 'how': None, '_unwitnessed': False}
  delivery: len=short_of_length line=unknown shot=in_the_air [layer2]
  extras: this_over=13 innings=1 [w17/nb3/b0/lb0]
  extras_log: [{'over': None, 'type': 'no_ball', 'runs': 1, 'this_over_after': []}, {'over': None, 'type': 'no_ball', 'runs': 1, 'this_over_after': []}, {'over': None, 'type': 'wide', 'runs': 1, 'this_over_after': []}]
  CB: GT 12-0 (1.4)  crr=7.2  ps=12(10)  recent=0 0 1 0
  CB BAT: Shubman Gill* 10(6), Sai Sudharsan 2(4)
  CB BOWL: Akeal Hosein 0-11 (1)
  ⚠ DIVERGENCE: BAT_gill: ui=1(6) cb=10(6) | BAT_sudharsan: ui=10(5) cb=2(4) | FOW_COUNT: ui=7 vs wickets=0 | BOWLER: ui=Anshul Kamboj cb=Akeal Hosein

[17:46:14  iter#360]
  UI: Gujarat Titans 12-0 (None)  str=Shubman Gill nstr=Sai Sudharsan  bowl=Anshul Kamboj 0-1 (0.4)
  this_over=['Wd', 'Nb+3', 'Nb+5', 'Wd']  fow=7 (unk=0)  last_fow={'wicket': 7, 'batter': 'Jamie Overton', 'score': 143, 'overs': '19.0', 'bowler': None, 'how': None, '_unwitnessed': False}
  delivery: len=short_of_length line=unknown shot=in_the_air [layer2]
  extras: this_over=13 innings=1 [w17/nb3/b0/lb0]
  extras_log: [{'over': None, 'type': 'no_ball', 'runs': 1, 'this_over_after': []}, {'over': None, 'type': 'no_ball', 'runs': 1, 'this_over_after': []}, {'over': None, 'type': 'wide', 'runs': 1, 'this_over_after': []}]
  CB: GT 12-0 (1.5)  crr=6.55  ps=12(11)  recent=0 0 1 0 0
  CB BAT: Shubman Gill* 10(7), Sai Sudharsan 2(4)
  CB BOWL: Akeal Hosein 0-11 (1)
  ⚠ DIVERGENCE: BAT_gill: ui=1(6) cb=10(7) | BAT_sudharsan: ui=10(5) cb=2(4) | FOW_COUNT: ui=7 vs wickets=0 | BOWLER: ui=Anshul Kamboj cb=Akeal Hosein

[17:46:37  iter#361]
  UI: Gujarat Titans 12-0 (None)  str=Shubman Gill nstr=Sai Sudharsan  bowl=Anshul Kamboj 0-1 (0.5)
  this_over=['Wd', 'Nb+3', 'Nb+5', 'Wd']  fow=7 (unk=0)  last_fow={'wicket': 7, 'batter': 'Jamie Overton', 'score': 143, 'overs': '19.0', 'bowler': None, 'how': None, '_unwitnessed': False}
  delivery: len=short_of_length line=unknown shot=in_the_air [layer2]
  extras: this_over=13 innings=0 [w17/nb3/b0/lb0]
  extras_log: [{'over': None, 'type': 'no_ball', 'runs': 1, 'this_over_after': []}, {'over': None, 'type': 'no_ball', 'runs': 1, 'this_over_after': []}, {'over': None, 'type': 'wide', 'runs': 1, 'this_over_after': []}]
  CB: GT 12-0 (1.5)  crr=6.55  ps=12(11)  recent=... 1 0 0 4 6 0
  CB BAT: Shubman Gill* 10(7), Sai Sudharsan 2(4)
  CB BOWL: Akeal Hosein 0-11 (1)
  ⚠ DIVERGENCE: BAT_sudharsan: ui=10(5) cb=2(4) | FOW_COUNT: ui=7 vs wickets=0 | BOWLER: ui=Anshul Kamboj cb=Akeal Hosein

[17:46:58  iter#362]
  UI: Gujarat Titans 12-0 (None)  str=Shubman Gill nstr=Sai Sudharsan  bowl=Anshul Kamboj 0-1 (0.5)
  this_over=['Wd', 'Nb+3', 'Nb+5', 'Wd']  fow=7 (unk=0)  last_fow={'wicket': 7, 'batter': 'Jamie Overton', 'score': 143, 'overs': '19.0', 'bowler': None, 'how': None, '_unwitnessed': False}
  delivery: len=short_of_length line=unknown shot=in_the_air [layer2]
  extras: this_over=13 innings=0 [w17/nb3/b0/lb0]
  extras_log: [{'over': None, 'type': 'no_ball', 'runs': 1, 'this_over_after': []}, {'over': None, 'type': 'no_ball', 'runs': 1, 'this_over_after': []}, {'over': None, 'type': 'wide', 'runs': 1, 'this_over_after': []}]
  CB: GT 12-0 (1.5)  crr=6.55  ps=12(11)  recent=0 0 1 0 0
  CB BAT: Shubman Gill* 10(7), Sai Sudharsan 2(4)
  CB BOWL: Akeal Hosein 0-11 (1)
  ⚠ DIVERGENCE: BAT_sudharsan: ui=10(5) cb=2(4) | FOW_COUNT: ui=7 vs wickets=0 | BOWLER: ui=Anshul Kamboj cb=Akeal Hosein

[17:47:22  iter#363]
  UI: Gujarat Titans 12-0 (None)  str=Shubman Gill nstr=Sai Sudharsan  bowl=Anshul Kamboj 0-1 (0.5)
  this_over=['Wd', 'Nb+3', 'Nb+5', 'Wd']  fow=7 (unk=0)  last_fow={'wicket': 7, 'batter': 'Jamie Overton', 'score': 143, 'overs': '19.0', 'bowler': None, 'how': None, '_unwitnessed': False}
  delivery: len=short_of_length line=unknown shot=in_the_air [layer2]
  extras: this_over=13 innings=0 [w17/nb3/b0/lb0]
  extras_log: [{'over': None, 'type': 'no_ball', 'runs': 1, 'this_over_after': []}, {'over': None, 'type': 'no_ball', 'runs': 1, 'this_over_after': []}, {'over': None, 'type': 'wide', 'runs': 1, 'this_over_after': []}]
  CB: GT 13-0 (2)  crr=6.5  ps=13(12)  recent=0 0 1 0 0 1
  CB BAT: Shubman Gill* 11(8), Sai Sudharsan 2(4)
  CB BOWL: Anshul Kamboj 0-2 (1)
  ⚠ DIVERGENCE: SCORE: ui=12 cb=13 | BAT_gill: ui=10(7) cb=11(8) | BAT_sudharsan: ui=10(5) cb=2(4) | FOW_COUNT: ui=7 vs wickets=0 | BOWL_R: ui=1 cb=2 | BOWL_O: ui=0.5 cb=1

[17:47:46  iter#364]
  UI: Gujarat Titans 13-0 (None)  str=Shubman Gill nstr=Sai Sudharsan  bowl=Anshul Kamboj 0-2 (1)
  this_over=['Wd', 'Nb+3', 'Nb+5', 'Wd', 'Wd']  fow=7 (unk=0)  last_fow={'wicket': 7, 'batter': 'Jamie Overton', 'score': 143, 'overs': '19.0', 'bowler': None, 'how': None, '_unwitnessed': False}
  delivery: len=short_of_length line=unknown shot=in_the_air [layer2]
  extras: this_over=14 innings=1 [w18/nb3/b0/lb0]
  extras_log: [{'over': None, 'type': 'no_ball', 'runs': 1, 'this_over_after': []}, {'over': None, 'type': 'wide', 'runs': 1, 'this_over_after': []}, {'over': None, 'type': 'wide', 'runs': 1, 'this_over_after': []}]
  CB: GT 13-0 (2)  crr=6.5  ps=13(12)  recent=0 0 1 0 0 1
  CB BAT: Shubman Gill* 11(8), Sai Sudharsan 2(4)
  CB BOWL: Anshul Kamboj 0-2 (1)
  ⚠ DIVERGENCE: BAT_gill: ui=10(7) cb=11(8) | BAT_sudharsan: ui=11(8) cb=2(4) | FOW_COUNT: ui=7 vs wickets=0

[17:48:07  iter#365]
  UI: Gujarat Titans 13-0 (None)  str=Shubman Gill nstr=Sai Sudharsan  bowl=Anshul Kamboj 0-2 (1)
  this_over=['Wd', 'Nb+3', 'Nb+5', 'Wd', 'Wd']  fow=7 (unk=0)  last_fow={'wicket': 7, 'batter': 'Jamie Overton', 'score': 143, 'overs': '19.0', 'bowler': None, 'how': None, '_unwitnessed': False}
  delivery: len=short_of_length line=unknown shot=in_the_air [layer2]
  extras: this_over=14 innings=0 [w18/nb3/b0/lb0]
  extras_log: [{'over': None, 'type': 'no_ball', 'runs': 1, 'this_over_after': []}, {'over': None, 'type': 'wide', 'runs': 1, 'this_over_after': []}, {'over': None, 'type': 'wide', 'runs': 1, 'this_over_after': []}]
  CB: GT 13-0 (2)  crr=6.5  ps=13(12)  recent=... 1 0 0 4 6 0
  CB BAT: Shubman Gill* 11(8), Sai Sudharsan 2(4)
  CB BOWL: Anshul Kamboj 0-2 (1)
  ⚠ DIVERGENCE: BAT_gill: ui=10(7) cb=11(8) | BAT_sudharsan: ui=11(8) cb=2(4) | FOW_COUNT: ui=7 vs wickets=0

[17:48:31  iter#366]
  UI: Gujarat Titans 13-0 (None)  str=Shubman Gill nstr=Sai Sudharsan  bowl=Anshul Kamboj 0-2 (1)
  this_over=['Wd', 'Nb+3', 'Nb+5', 'Wd', 'Wd']  fow=7 (unk=0)  last_fow={'wicket': 7, 'batter': 'Jamie Overton', 'score': 143, 'overs': '19.0', 'bowler': None, 'how': None, '_unwitnessed': False}
  delivery: len=short_of_length line=leg_stump shot=in_the_air [layer2]
  extras: this_over=14 innings=0 [w18/nb3/b0/lb0]
  extras_log: [{'over': None, 'type': 'no_ball', 'runs': 1, 'this_over_after': []}, {'over': None, 'type': 'wide', 'runs': 1, 'this_over_after': []}, {'over': None, 'type': 'wide', 'runs': 1, 'this_over_after': []}]
  CB: GT 15-0 (2.1)  crr=6.92  ps=15(13)  recent=2
  CB BAT: Shubman Gill* 13(9), Sai Sudharsan 2(4)
  CB BOWL: Anshul Kamboj 0-2 (1)
  ⚠ DIVERGENCE: SCORE: ui=13 cb=15 | BAT_gill: ui=10(7) cb=13(9) | BAT_sudharsan: ui=11(8) cb=2(4) | FOW_COUNT: ui=7 vs wickets=0

[17:48:53  iter#367]
  UI: Gujarat Titans 13-0 (None)  str=Shubman Gill nstr=Sai Sudharsan  bowl=Anshul Kamboj 0-2 (1)
  this_over=['Wd', 'Nb+3', 'Nb+5', 'Wd', 'Wd']  fow=7 (unk=0)  last_fow={'wicket': 7, 'batter': 'Jamie Overton', 'score': 143, 'overs': '19.0', 'bowler': None, 'how': None, '_unwitnessed': False}
  delivery: len=short_of_length line=leg_stump shot=in_the_air [layer2]
  extras: this_over=14 innings=0 [w18/nb3/b0/lb0]
  extras_log: [{'over': None, 'type': 'no_ball', 'runs': 1, 'this_over_after': []}, {'over': None, 'type': 'wide', 'runs': 1, 'this_over_after': []}, {'over': None, 'type': 'wide', 'runs': 1, 'this_over_after': []}]
  CB: GT 15-0 (2.1)  crr=6.92  ps=15(13)  recent=2
  CB BAT: Shubman Gill* 13(9), Sai Sudharsan 2(4)
  CB BOWL: Anshul Kamboj 0-2 (1)
  ⚠ DIVERGENCE: SCORE: ui=13 cb=15 | BAT_gill: ui=10(7) cb=13(9) | BAT_sudharsan: ui=11(8) cb=2(4) | FOW_COUNT: ui=7 vs wickets=0

[17:49:16  iter#368]
  UI: Gujarat Titans 15-0 (None)  str=Shubman Gill nstr=Sai Sudharsan  bowl=Anshul Kamboj 0-2 (1)
  this_over=['Wd', 'Nb+3', 'Nb+5', 'Wd', 'Wd', 'Wd+1']  fow=7 (unk=0)  last_fow={'wicket': 7, 'batter': 'Jamie Overton', 'score': 143, 'overs': '19.0', 'bowler': None, 'how': None, '_unwitnessed': False}
  delivery: len=short_of_length line=leg_stump shot=in_the_air [layer2]
  extras: this_over=15 innings=0 [w20/nb3/b0/lb0]
  extras_log: [{'over': None, 'type': 'wide', 'runs': 1, 'this_over_after': []}, {'over': None, 'type': 'wide', 'runs': 1, 'this_over_after': []}, {'over': None, 'type': 'wide', 'runs': 2, 'this_over_after': []}]
  CB: GT 21-0 (2.2)  crr=9.0  ps=21(14)  recent=2 6
  CB BAT: Shubman Gill* 19(10), Sai Sudharsan 2(4)
  CB BOWL: Anshul Kamboj 0-2 (1)
  ⚠ DIVERGENCE: SCORE: ui=15 cb=21 | BAT_gill: ui=13(9) cb=19(10) | BAT_sudharsan: ui=11(8) cb=2(4) | FOW_COUNT: ui=7 vs wickets=0

[17:49:37  iter#369]
  UI: Gujarat Titans 21-0 (None)  str=Shubman Gill nstr=Sai Sudharsan  bowl=Jamie Overton 0-8 (0.2)
  this_over=['Wd', 'Nb+3', 'Nb+5', 'Wd', 'Wd', 'Wd+1', 'Wd+5']  fow=7 (unk=0)  last_fow={'wicket': 7, 'batter': 'Jamie Overton', 'score': 143, 'overs': '19.0', 'bowler': None, 'how': None, '_unwitnessed': False}
  delivery: len=short_of_length line=leg_stump shot=in_the_air [layer2]
  extras: this_over=16 innings=6 [w26/nb3/b0/lb0]
  extras_log: [{'over': None, 'type': 'wide', 'runs': 1, 'this_over_after': []}, {'over': None, 'type': 'wide', 'runs': 2, 'this_over_after': []}, {'over': None, 'type': 'wide', 'runs': 6, 'this_over_after': []}]
  CB: GT 21-0 (2.2)  crr=9.0  ps=21(14)  recent=2 6
  CB BAT: Shubman Gill* 19(10), Sai Sudharsan 2(4)
  CB BOWL: Anshul Kamboj 0-2 (1)
  ⚠ DIVERGENCE: BAT_gill: ui=13(9) cb=19(10) | BAT_sudharsan: ui=11(10) cb=2(4) | FOW_COUNT: ui=7 vs wickets=0 | BOWLER: ui=Jamie Overton cb=Anshul Kamboj

[17:49:58  iter#370]
  UI: Gujarat Titans 21-0 (None)  str=Shubman Gill nstr=Sai Sudharsan  bowl=Jamie Overton 0-11 (1.2)
  this_over=['Wd', 'Nb+3', 'Nb+5', 'Wd', 'Wd', 'Wd+1', 'Wd+5']  fow=7 (unk=0)  last_fow={'wicket': 7, 'batter': 'Jamie Overton', 'score': 143, 'overs': '19.0', 'bowler': None, 'how': None, '_unwitnessed': False}
  delivery: len=short_of_length line=leg_stump shot=in_the_air [layer2]
  extras: this_over=16 innings=0 [w26/nb3/b0/lb0]
  extras_log: [{'over': None, 'type': 'wide', 'runs': 1, 'this_over_after': []}, {'over': None, 'type': 'wide', 'runs': 2, 'this_over_after': []}, {'over': None, 'type': 'wide', 'runs': 6, 'this_over_after': []}]
  CB: GT 21-0 (2.2)  crr=9.0  ps=21(14)  recent=2 6
  CB BAT: Shubman Gill* 19(10), Sai Sudharsan 2(4)
  CB BOWL: Anshul Kamboj 0-2 (1)
  ⚠ DIVERGENCE: BAT_gill: ui=17(25) cb=19(10) | BAT_sudharsan: ui=11(10) cb=2(4) | FOW_COUNT: ui=7 vs wickets=0 | BOWLER: ui=Jamie Overton cb=Anshul Kamboj

[17:50:19  iter#371]
  UI: Gujarat Titans 22-0 (None)  str=Shubman Gill nstr=Sai Sudharsan  bowl=Jamie Overton 0-11 (1.2)
  this_over=['Wd', 'Nb+3', 'Nb+5', 'Wd', 'Wd', 'Wd+1', 'Wd+5', 'Wd']  fow=7 (unk=0)  last_fow={'wicket': 7, 'batter': 'Jamie Overton', 'score': 143, 'overs': '19.0', 'bowler': None, 'how': None, '_unwitnessed': False}
  delivery: len=short_of_length line=leg_stump shot=in_the_air [layer2]
  extras: this_over=17 innings=0 [w27/nb3/b0/lb0]
  extras_log: [{'over': None, 'type': 'wide', 'runs': 2, 'this_over_after': []}, {'over': None, 'type': 'wide', 'runs': 6, 'this_over_after': []}, {'over': None, 'type': 'wide', 'runs': 1, 'this_over_after': []}]
  CB: GT 22-0 (2.3)  crr=8.8  ps=22(15)  recent=2 6 1
  CB BAT: Sai Sudharsan* 2(4), Shubman Gill 20(11)
  CB BOWL: Anshul Kamboj 0-2 (1)
  ⚠ DIVERGENCE: STRIKER: ui=Shubman Gill cb=Sai Sudharsan | BAT_sudharsan: ui=20(11) cb=2(4) | BAT_gill: ui=17(25) cb=20(11) | FOW_COUNT: ui=7 vs wickets=0 | BOWLER: ui=Jamie Overton cb=Anshul Kamboj

[17:50:43  iter#372]
  UI: Gujarat Titans 22-0 (None)  str=Shubman Gill nstr=Sai Sudharsan  bowl=Jamie Overton 0-9 (0.3)
  this_over=['Wd', 'Nb+3', 'Nb+5', 'Wd', 'Wd', 'Wd+1', 'Wd+5', 'Wd']  fow=7 (unk=0)  last_fow={'wicket': 7, 'batter': 'Jamie Overton', 'score': 143, 'overs': '19.0', 'bowler': None, 'how': None, '_unwitnessed': False}
  delivery: len=short_of_length line=leg_stump shot=in_the_air [layer2]
  extras: this_over=17 innings=0 [w27/nb3/b0/lb0]
  extras_log: [{'over': None, 'type': 'wide', 'runs': 2, 'this_over_after': []}, {'over': None, 'type': 'wide', 'runs': 6, 'this_over_after': []}, {'over': None, 'type': 'wide', 'runs': 1, 'this_over_after': []}]
  CB: GT 28-0 (2.4)  crr=10.5  ps=28(16)  recent=2 6 1 6
  CB BAT: Sai Sudharsan* 8(5), Shubman Gill 20(11)
  CB BOWL: Anshul Kamboj 0-2 (1)
  ⚠ DIVERGENCE: SCORE: ui=22 cb=28 | STRIKER: ui=Shubman Gill cb=Sai Sudharsan | BAT_sudharsan: ui=20(11) cb=8(5) | BAT_gill: ui=17(25) cb=20(11) | FOW_COUNT: ui=7 vs wickets=0 | BOWLER: ui=Jamie Overton cb=Anshul Kamboj

[17:51:04  iter#373]
  UI: Gujarat Titans 28-0 (None)  str=Shubman Gill nstr=Sai Sudharsan  bowl=Jamie Overton 0-9 (0.3)
  this_over=['Wd', 'Nb+3', 'Nb+5', 'Wd', 'Wd', 'Wd+1', 'Wd+5', 'Wd', 'Wd+5']  fow=7 (unk=0)  last_fow={'wicket': 7, 'batter': 'Jamie Overton', 'score': 143, 'overs': '19.0', 'bowler': None, 'how': None, '_unwitnessed': False}
  delivery: len=short_of_length line=leg_stump shot=in_the_air [layer2]
  extras: this_over=18 innings=0 [w33/nb3/b0/lb0]
  extras_log: [{'over': None, 'type': 'wide', 'runs': 6, 'this_over_after': []}, {'over': None, 'type': 'wide', 'runs': 1, 'this_over_after': []}, {'over': None, 'type': 'wide', 'runs': 6, 'this_over_after': []}]
  CB: GT 28-0 (2.4)  crr=10.5  ps=28(16)  recent=2 6 1 6
  CB BAT: Sai Sudharsan* 8(5), Shubman Gill 20(11)
  CB BOWL: Anshul Kamboj 0-2 (1)
  ⚠ DIVERGENCE: STRIKER: ui=Shubman Gill cb=Sai Sudharsan | BAT_sudharsan: ui=20(11) cb=8(5) | BAT_gill: ui=17(25) cb=20(11) | FOW_COUNT: ui=7 vs wickets=0 | BOWLER: ui=Jamie Overton cb=Anshul Kamboj

[17:51:29  iter#374]
  UI: Gujarat Titans 28-0 (None)  str=Shubman Gill nstr=Sai Sudharsan  bowl=Jamie Overton 0-14 (0.3)
  this_over=['Wd', 'Nb+3', 'Nb+5', 'Wd', 'Wd', 'Wd+1', 'Wd+5', 'Wd', 'Wd+5']  fow=7 (unk=0)  last_fow={'wicket': 7, 'batter': 'Jamie Overton', 'score': 143, 'overs': '19.0', 'bowler': None, 'how': None, '_unwitnessed': False}
  delivery: len=short_of_length line=leg_stump shot=in_the_air [layer2]
  extras: this_over=18 innings=0 [w33/nb3/b0/lb0]
  extras_log: [{'over': None, 'type': 'wide', 'runs': 6, 'this_over_after': []}, {'over': None, 'type': 'wide', 'runs': 1, 'this_over_after': []}, {'over': None, 'type': 'wide', 'runs': 6, 'this_over_after': []}]
  CB: GT 29-0 (2.5)  crr=10.24  ps=29(17)  recent=2 6 1 6 1
  CB BAT: Shubman Gill* 20(11), Sai Sudharsan 9(6)
  CB BOWL: Anshul Kamboj 0-2 (1)
  ⚠ DIVERGENCE: SCORE: ui=28 cb=29 | BAT_gill: ui=17(25) cb=20(11) | BAT_sudharsan: ui=20(11) cb=9(6) | FOW_COUNT: ui=7 vs wickets=0 | BOWLER: ui=Jamie Overton cb=Anshul Kamboj

[17:51:51  iter#375]
  UI: Gujarat Titans 28-0 (None)  str=Shubman Gill nstr=Sai Sudharsan  bowl=Jamie Overton 0-14 (0.3)
  this_over=['Wd', 'Nb+3', 'Nb+5', 'Wd', 'Wd', 'Wd+1', 'Wd+5', 'Wd', 'Wd+5']  fow=7 (unk=0)  last_fow={'wicket': 7, 'batter': 'Jamie Overton', 'score': 143, 'overs': '19.0', 'bowler': None, 'how': None, '_unwitnessed': False}
  delivery: len=short_of_length line=leg_stump shot=in_the_air [layer2]
  extras: this_over=18 innings=0 [w33/nb3/b0/lb0]
  extras_log: [{'over': None, 'type': 'wide', 'runs': 6, 'this_over_after': []}, {'over': None, 'type': 'wide', 'runs': 1, 'this_over_after': []}, {'over': None, 'type': 'wide', 'runs': 6, 'this_over_after': []}]
  CB: GT 29-0 (2.5)  crr=10.24  ps=29(17)  recent=2 6 1 6 1
  CB BAT: Shubman Gill* 20(11), Sai Sudharsan 9(6)
  CB BOWL: Anshul Kamboj 0-2 (1)
  ⚠ DIVERGENCE: SCORE: ui=28 cb=29 | BAT_gill: ui=17(25) cb=20(11) | BAT_sudharsan: ui=20(11) cb=9(6) | FOW_COUNT: ui=7 vs wickets=0 | BOWLER: ui=Jamie Overton cb=Anshul Kamboj

[17:52:12  iter#376]
  UI: Gujarat Titans 29-0 (None)  str=Shubman Gill nstr=Sai Sudharsan  bowl=Jamie Overton 0-14 (0.3)
  this_over=['Wd', 'Nb+3', 'Nb+5', 'Wd', 'Wd', 'Wd+1', 'Wd+5', 'Wd', 'Wd+5', 'Wd']  fow=7 (unk=0)  last_fow={'wicket': 7, 'batter': 'Jamie Overton', 'score': 143, 'overs': '19.0', 'bowler': None, 'how': None, '_unwitnessed': False}
  delivery: len=short_of_length line=leg_stump shot=in_the_air [layer2]
  extras: this_over=19 innings=1 [w34/nb3/b0/lb0]
  extras_log: [{'over': None, 'type': 'wide', 'runs': 1, 'this_over_after': []}, {'over': None, 'type': 'wide', 'runs': 6, 'this_over_after': []}, {'over': None, 'type': 'wide', 'runs': 1, 'this_over_after': []}]
  CB: GT 30-0 (3)  crr=10.0  ps=30(18)  recent=2 6 1 6 1 1
  CB BAT: Shubman Gill* 21(12), Sai Sudharsan 9(6)
  CB BOWL: Jamie Overton 0-17 (1)
  ⚠ DIVERGENCE: SCORE: ui=29 cb=30 | BAT_gill: ui=17(25) cb=21(12) | BAT_sudharsan: ui=20(11) cb=9(6) | FOW_COUNT: ui=7 vs wickets=0 | BOWL_R: ui=14 cb=17 | BOWL_O: ui=0.3 cb=1

[17:52:33  iter#377]
  UI: Gujarat Titans 30-0 (None)  str=Shubman Gill nstr=Sai Sudharsan  bowl=Jamie Overton 0-14 (0.3)
  this_over=['Wd', 'Nb+3', 'Nb+5', 'Wd', 'Wd', 'Wd+1', 'Wd+5', 'Wd', 'Wd+5', 'Wd']  fow=7 (unk=0)  last_fow={'wicket': 7, 'batter': 'Jamie Overton', 'score': 143, 'overs': '19.0', 'bowler': None, 'how': None, '_unwitnessed': False}
  delivery: len=short_of_length line=leg_stump shot=in_the_air [layer2]
  extras: this_over=19 innings=0 [w34/nb3/b0/lb0]
  extras_log: [{'over': None, 'type': 'wide', 'runs': 1, 'this_over_after': []}, {'over': None, 'type': 'wide', 'runs': 6, 'this_over_after': []}, {'over': None, 'type': 'wide', 'runs': 1, 'this_over_after': []}]
  CB: GT 30-0 (3)  crr=10.0  ps=30(18)  recent=2 6 1 6 1 1
  CB BAT: Shubman Gill* 21(12), Sai Sudharsan 9(6)
  CB BOWL: Jamie Overton 0-17 (1)
  ⚠ DIVERGENCE: BAT_gill: ui=17(25) cb=21(12) | BAT_sudharsan: ui=20(11) cb=9(6) | FOW_COUNT: ui=7 vs wickets=0 | BOWL_R: ui=14 cb=17 | BOWL_O: ui=0.3 cb=1

[17:52:57  iter#378]
  UI: Gujarat Titans 30-0 (None)  str=Shubman Gill nstr=Sai Sudharsan  bowl=Jamie Overton 0-14 (0.3)
  this_over=['Wd', 'Nb+3', 'Nb+5', 'Wd', 'Wd', 'Wd+1', 'Wd+5', 'Wd', 'Wd+5', 'Wd']  fow=7 (unk=0)  last_fow={'wicket': 7, 'batter': 'Jamie Overton', 'score': 143, 'overs': '19.0', 'bowler': None, 'how': None, '_unwitnessed': False}
  delivery: len=short_of_length line=leg_stump shot=in_the_air [layer2]
  extras: this_over=19 innings=0 [w34/nb3/b0/lb0]
  extras_log: [{'over': None, 'type': 'wide', 'runs': 1, 'this_over_after': []}, {'over': None, 'type': 'wide', 'runs': 6, 'this_over_after': []}, {'over': None, 'type': 'wide', 'runs': 1, 'this_over_after': []}]
  CB: GT 30-0 (3)  crr=10.0  ps=30(18)  recent=2 6 1 6 1 1
  CB BAT: Shubman Gill* 21(12), Sai Sudharsan 9(6)
  CB BOWL: Jamie Overton 0-17 (1)
  ⚠ DIVERGENCE: BAT_gill: ui=17(25) cb=21(12) | BAT_sudharsan: ui=20(11) cb=9(6) | FOW_COUNT: ui=7 vs wickets=0 | BOWL_R: ui=14 cb=17 | BOWL_O: ui=0.3 cb=1

[17:53:21  iter#379]
  UI: Gujarat Titans 30-0 (None)  str=Shubman Gill nstr=Sai Sudharsan  bowl=Jamie Overton 0-14 (0.3)
  this_over=['Wd', 'Nb+3', 'Nb+5', 'Wd', 'Wd', 'Wd+1', 'Wd+5', 'Wd', 'Wd+5', 'Wd', 'Wd']  fow=7 (unk=0)  last_fow={'wicket': 7, 'batter': 'Jamie Overton', 'score': 143, 'overs': '19.0', 'bowler': None, 'how': None, '_unwitnessed': False}
  delivery: len=short_of_length line=outside_off shot=in_the_air [layer2]
  extras: this_over=20 innings=0 [w35/nb3/b0/lb0]
  extras_log: [{'over': None, 'type': 'wide', 'runs': 6, 'this_over_after': []}, {'over': None, 'type': 'wide', 'runs': 1, 'this_over_after': []}, {'over': None, 'type': 'wide', 'runs': 1, 'this_over_after': []}]
  CB: GT 30-0 (3.1)  crr=9.47  ps=30(19)  recent=0
  CB BAT: Shubman Gill* 21(13), Sai Sudharsan 9(6)
  CB BOWL: Jamie Overton 0-17 (1)
  ⚠ DIVERGENCE: BAT_gill: ui=17(25) cb=21(13) | BAT_sudharsan: ui=20(11) cb=9(6) | FOW_COUNT: ui=7 vs wickets=0 | BOWL_R: ui=14 cb=17 | BOWL_O: ui=0.3 cb=1

[17:53:42  iter#380]
  UI: Gujarat Titans 30-0 (None)  str=Shubman Gill nstr=Sai Sudharsan  bowl=Jamie Overton 0-14 (0.3)
  this_over=['Wd', 'Nb+3', 'Nb+5', 'Wd', 'Wd', 'Wd+1', 'Wd+5', 'Wd', 'Wd+5', 'Wd', 'Wd']  fow=7 (unk=0)  last_fow={'wicket': 7, 'batter': 'Jamie Overton', 'score': 143, 'overs': '19.0', 'bowler': None, 'how': None, '_unwitnessed': False}
  delivery: len=short_of_length line=outside_off shot=in_the_air [layer2]
  extras: this_over=20 innings=0 [w35/nb3/b0/lb0]
  extras_log: [{'over': None, 'type': 'wide', 'runs': 6, 'this_over_after': []}, {'over': None, 'type': 'wide', 'runs': 1, 'this_over_after': []}, {'over': None, 'type': 'wide', 'runs': 1, 'this_over_after': []}]
  CB: GT 30-0 (3.1)  crr=9.47  ps=30(19)  recent=0
  CB BAT: Shubman Gill* 21(13), Sai Sudharsan 9(6)
  CB BOWL: Jamie Overton 0-17 (1)
  ⚠ DIVERGENCE: BAT_gill: ui=17(25) cb=21(13) | BAT_sudharsan: ui=20(11) cb=9(6) | FOW_COUNT: ui=7 vs wickets=0 | BOWL_R: ui=14 cb=17 | BOWL_O: ui=0.3 cb=1

[17:54:06  iter#381]
  UI: Gujarat Titans 30-0 (None)  str=Shubman Gill nstr=Sai Sudharsan  bowl=Jamie Overton 0-14 (0.3)
  this_over=['Wd', 'Nb+3', 'Nb+5', 'Wd', 'Wd', 'Wd+1', 'Wd+5', 'Wd', 'Wd+5', 'Wd', 'Wd']  fow=7 (unk=0)  last_fow={'wicket': 7, 'batter': 'Jamie Overton', 'score': 143, 'overs': '19.0', 'bowler': None, 'how': None, '_unwitnessed': False}
  delivery: len=good_length line=outside_off shot=in_the_air [layer2]
  extras: this_over=20 innings=0 [w35/nb3/b0/lb0]
  extras_log: [{'over': None, 'type': 'wide', 'runs': 6, 'this_over_after': []}, {'over': None, 'type': 'wide', 'runs': 1, 'this_over_after': []}, {'over': None, 'type': 'wide', 'runs': 1, 'this_over_after': []}]
  CB: GT 30-0 (3.2)  crr=9.0  ps=30(20)  recent=0 0
  CB BAT: Shubman Gill* 21(14), Sai Sudharsan 9(6)
  CB BOWL: Jamie Overton 0-17 (1)
  ⚠ DIVERGENCE: BAT_gill: ui=17(25) cb=21(14) | BAT_sudharsan: ui=20(11) cb=9(6) | FOW_COUNT: ui=7 vs wickets=0 | BOWL_R: ui=14 cb=17 | BOWL_O: ui=0.3 cb=1

[17:54:28  iter#382]
  UI: Gujarat Titans 30-0 (None)  str=Shubman Gill nstr=Sai Sudharsan  bowl=Jamie Overton 0-14 (0.3)
  this_over=['Wd', 'Nb+3', 'Nb+5', 'Wd', 'Wd', 'Wd+1', 'Wd+5', 'Wd', 'Wd+5', 'Wd', 'Wd']  fow=7 (unk=0)  last_fow={'wicket': 7, 'batter': 'Jamie Overton', 'score': 143, 'overs': '19.0', 'bowler': None, 'how': None, '_unwitnessed': False}
  delivery: len=good_length line=outside_off shot=in_the_air [layer2]
  extras: this_over=20 innings=0 [w35/nb3/b0/lb0]
  extras_log: [{'over': None, 'type': 'wide', 'runs': 6, 'this_over_after': []}, {'over': None, 'type': 'wide', 'runs': 1, 'this_over_after': []}, {'over': None, 'type': 'wide', 'runs': 1, 'this_over_after': []}]
  CB: GT 31-0 (3.3)  crr=8.86  ps=31(21)  recent=0 0 1
  CB BAT: Sai Sudharsan* 9(6), Shubman Gill 22(15)
  CB BOWL: Jamie Overton 0-17 (1)
  ⚠ DIVERGENCE: SCORE: ui=30 cb=31 | STRIKER: ui=Shubman Gill cb=Sai Sudharsan | BAT_sudharsan: ui=20(11) cb=9(6) | BAT_gill: ui=17(25) cb=22(15) | FOW_COUNT: ui=7 vs wickets=0 | BOWL_R: ui=14 cb=17 | BOWL_O: ui=0.3 cb=1

[17:54:49  iter#383]
  UI: Gujarat Titans 31-0 (None)  str=Shubman Gill nstr=Sai Sudharsan  bowl=Anshul Kamboj 0-3 (1.3)
  this_over=['Wd', 'Nb+3', 'Nb+5', 'Wd', 'Wd', 'Wd+1', 'Wd+5', 'Wd', 'Wd+5', 'Wd', 'Wd', 'Wd']  fow=7 (unk=0)  last_fow={'wicket': 7, 'batter': 'Jamie Overton', 'score': 143, 'overs': '19.0', 'bowler': None, 'how': None, '_unwitnessed': False}
  delivery: len=good_length line=outside_off shot=in_the_air [layer2]
  extras: this_over=21 innings=1 [w36/nb3/b0/lb0]
  extras_log: [{'over': None, 'type': 'wide', 'runs': 1, 'this_over_after': []}, {'over': None, 'type': 'wide', 'runs': 1, 'this_over_after': []}, {'over': None, 'type': 'wide', 'runs': 1, 'this_over_after': []}]
  CB: GT 31-0 (3.3)  crr=8.86  ps=31(21)  recent=0 0 1
  CB BAT: Sai Sudharsan* 9(6), Shubman Gill 22(15)
  CB BOWL: Jamie Overton 0-17 (1)
  ⚠ DIVERGENCE: STRIKER: ui=Shubman Gill cb=Sai Sudharsan | BAT_sudharsan: ui=20(11) cb=9(6) | BAT_gill: ui=17(25) cb=22(15) | FOW_COUNT: ui=7 vs wickets=0 | BOWLER: ui=Anshul Kamboj cb=Jamie Overton

[17:55:13  iter#384]
  UI: Gujarat Titans 31-0 (None)  str=Shubman Gill nstr=Sai Sudharsan  bowl=Anshul Kamboj 0-3 (1.3)
  this_over=['Wd', 'Nb+3', 'Nb+5', 'Wd', 'Wd', 'Wd+1', 'Wd+5', 'Wd', 'Wd+5', 'Wd', 'Wd', 'Wd']  fow=7 (unk=0)  last_fow={'wicket': 7, 'batter': 'Jamie Overton', 'score': 143, 'overs': '19.0', 'bowler': None, 'how': None, '_unwitnessed': False}
  delivery: len=good_length line=leg_stump shot=in_the_air [layer2]
  extras: this_over=21 innings=0 [w36/nb3/b0/lb0]
  extras_log: [{'over': None, 'type': 'wide', 'runs': 1, 'this_over_after': []}, {'over': None, 'type': 'wide', 'runs': 1, 'this_over_after': []}, {'over': None, 'type': 'wide', 'runs': 1, 'this_over_after': []}]
  CB: GT 31-0 (3.3)  crr=8.86  ps=31(21)  recent=0 0 1
  CB BAT: Sai Sudharsan* 9(6), Shubman Gill 22(15)
  CB BOWL: Jamie Overton 0-17 (1)
  ⚠ DIVERGENCE: STRIKER: ui=Shubman Gill cb=Sai Sudharsan | BAT_sudharsan: ui=20(11) cb=9(6) | BAT_gill: ui=17(25) cb=22(15) | FOW_COUNT: ui=7 vs wickets=0 | BOWLER: ui=Anshul Kamboj cb=Jamie Overton

[17:55:34  iter#385]
  UI: Gujarat Titans 31-0 (None)  str=Shubman Gill nstr=Sai Sudharsan  bowl=Anshul Kamboj 0-3 (3.4)
  this_over=['Wd', 'Nb+3', 'Nb+5', 'Wd', 'Wd', 'Wd+1', 'Wd+5', 'Wd', 'Wd+5', 'Wd', 'Wd', 'Wd']  fow=7 (unk=0)  last_fow={'wicket': 7, 'batter': 'Jamie Overton', 'score': 143, 'overs': '19.0', 'bowler': None, 'how': None, '_unwitnessed': False}
  delivery: len=good_length line=leg_stump shot=in_the_air [layer2]
  extras: this_over=21 innings=0 [w36/nb3/b0/lb0]
  extras_log: [{'over': None, 'type': 'wide', 'runs': 1, 'this_over_after': []}, {'over': None, 'type': 'wide', 'runs': 1, 'this_over_after': []}, {'over': None, 'type': 'wide', 'runs': 1, 'this_over_after': []}]
  CB: GT 31-0 (3.4)  crr=8.45  ps=31(22)  recent=0 0 1 0
  CB BAT: Sai Sudharsan* 9(7), Shubman Gill 22(15)
  CB BOWL: Jamie Overton 0-17 (1)
  ⚠ DIVERGENCE: STRIKER: ui=Shubman Gill cb=Sai Sudharsan | BAT_sudharsan: ui=20(11) cb=9(7) | BAT_gill: ui=17(25) cb=22(15) | FOW_COUNT: ui=7 vs wickets=0 | BOWLER: ui=Anshul Kamboj cb=Jamie Overton

[17:55:57  iter#386]
  UI: Gujarat Titans 31-0 (None)  str=Shubman Gill nstr=Sai Sudharsan  bowl=Anshul Kamboj 0-3 (1.4)
  this_over=['Wd', 'Nb+3', 'Nb+5', 'Wd', 'Wd', 'Wd+1', 'Wd+5', 'Wd', 'Wd+5', 'Wd', 'Wd', 'Wd']  fow=7 (unk=0)  last_fow={'wicket': 7, 'batter': 'Jamie Overton', 'score': 143, 'overs': '19.0', 'bowler': None, 'how': None, '_unwitnessed': False}
  delivery: len=good_length line=leg_stump shot=in_the_air [layer2]
  extras: this_over=21 innings=0 [w36/nb3/b0/lb0]
  extras_log: [{'over': None, 'type': 'wide', 'runs': 1, 'this_over_after': []}, {'over': None, 'type': 'wide', 'runs': 1, 'this_over_after': []}, {'over': None, 'type': 'wide', 'runs': 1, 'this_over_after': []}]
  CB: GT 31-0 (3.5)  crr=8.09  ps=31(23)  recent=0 0 1 0 0
  CB BAT: Sai Sudharsan* 9(8), Shubman Gill 22(15)
  CB BOWL: Jamie Overton 0-17 (1)
  ⚠ DIVERGENCE: STRIKER: ui=Shubman Gill cb=Sai Sudharsan | BAT_sudharsan: ui=20(11) cb=9(8) | BAT_gill: ui=17(25) cb=22(15) | FOW_COUNT: ui=7 vs wickets=0 | BOWLER: ui=Anshul Kamboj cb=Jamie Overton

[17:56:18  iter#387]
  UI: Gujarat Titans 31-0 (None)  str=Shubman Gill nstr=Sai Sudharsan  bowl=Anshul Kamboj 0-3 (1.4)
  this_over=['Wd', 'Nb+3', 'Nb+5', 'Wd', 'Wd', 'Wd+1', 'Wd+5', 'Wd', 'Wd+5', 'Wd', 'Wd', 'Wd']  fow=7 (unk=0)  last_fow={'wicket': 7, 'batter': 'Jamie Overton', 'score': 143, 'overs': '19.0', 'bowler': None, 'how': None, '_unwitnessed': False}
  delivery: len=good_length line=leg_stump shot=in_the_air [layer2]
  extras: this_over=21 innings=0 [w36/nb3/b0/lb0]
  extras_log: [{'over': None, 'type': 'wide', 'runs': 1, 'this_over_after': []}, {'over': None, 'type': 'wide', 'runs': 1, 'this_over_after': []}, {'over': None, 'type': 'wide', 'runs': 1, 'this_over_after': []}]
  CB: GT 31-0 (3.5)  crr=8.09  ps=31(23)  recent=0 0 1 0 0
  CB BAT: Sai Sudharsan* 9(8), Shubman Gill 22(15)
  CB BOWL: Jamie Overton 0-17 (1)
  ⚠ DIVERGENCE: STRIKER: ui=Shubman Gill cb=Sai Sudharsan | BAT_sudharsan: ui=20(11) cb=9(8) | BAT_gill: ui=17(25) cb=22(15) | FOW_COUNT: ui=7 vs wickets=0 | BOWLER: ui=Anshul Kamboj cb=Jamie Overton

[17:56:43  iter#388]
  WS ERR: ''
  CB: GT 31-0 (3.5)  crr=8.09  ps=31(23)  recent=0 0 1 0 0
  CB BAT: Sai Sudharsan* 9(8), Shubman Gill 22(15)
  CB BOWL: Jamie Overton 0-17 (1)
  ⚠ DIVERGENCE: BATTERS_MISSING_IN_UI: {'sudharsan', 'gill'} (ui=set(), cb={'sudharsan', 'gill'}) | BOWLER: ui=None cb=Jamie Overton

[17:57:04  iter#389]
  UI: Gujarat Titans 31-0 (None)  str=Shubman Gill nstr=Sai Sudharsan  bowl=Anshul Kamboj 0-3 (1.5)
  this_over=['Wd', 'Nb+3', 'Nb+5', 'Wd', 'Wd', 'Wd+1', 'Wd+5', 'Wd', 'Wd+5', 'Wd', 'Wd', 'Wd']  fow=7 (unk=0)  last_fow={'wicket': 7, 'batter': 'Jamie Overton', 'score': 143, 'overs': '19.0', 'bowler': None, 'how': None, '_unwitnessed': False}
  delivery: len=good_length line=leg_stump shot=in_the_air [layer2]
  extras: this_over=21 innings=0 [w36/nb3/b0/lb0]
  extras_log: [{'over': None, 'type': 'wide', 'runs': 1, 'this_over_after': []}, {'over': None, 'type': 'wide', 'runs': 1, 'this_over_after': []}, {'over': None, 'type': 'wide', 'runs': 1, 'this_over_after': []}]
  CB: GT 31-0 (4)  crr=7.75  ps=31(24)  recent=0 0 1 0 0 0
  CB BAT: Shubman Gill* 22(15), Sai Sudharsan 9(9)
  CB BOWL: Anshul Kamboj 0-3 (2)
  ⚠ DIVERGENCE: BAT_gill: ui=17(25) cb=22(15) | BAT_sudharsan: ui=20(11) cb=9(9) | FOW_COUNT: ui=7 vs wickets=0 | BOWL_O: ui=1.5 cb=2

[17:57:28  iter#390]
  WS ERR: ''
  CB: GT 31-0 (4)  crr=7.75  ps=31(24)  recent=0 0 1 0 0 0
  CB BAT: Shubman Gill* 22(15), Sai Sudharsan 9(9)
  CB BOWL: Anshul Kamboj 0-3 (2)
  ⚠ DIVERGENCE: BATTERS_MISSING_IN_UI: {'sudharsan', 'gill'} (ui=set(), cb={'sudharsan', 'gill'}) | BOWLER: ui=None cb=Anshul Kamboj

[17:57:51  iter#391]
  UI: Gujarat Titans 31-0 (None)  str=Shubman Gill nstr=Sai Sudharsan  bowl=Anshul Kamboj 0-3 (1.5)
  this_over=['Wd', 'Nb+3', 'Nb+5', 'Wd', 'Wd', 'Wd+1', 'Wd+5', 'Wd', 'Wd+5', 'Wd', 'Wd', 'Wd']  fow=7 (unk=0)  last_fow={'wicket': 7, 'batter': 'Jamie Overton', 'score': 143, 'overs': '19.0', 'bowler': None, 'how': None, '_unwitnessed': False}
  delivery: len=good_length line=leg_stump shot=in_the_air [layer2]
  extras: this_over=21 innings=0 [w36/nb3/b0/lb0]
  extras_log: [{'over': None, 'type': 'wide', 'runs': 1, 'this_over_after': []}, {'over': None, 'type': 'wide', 'runs': 1, 'this_over_after': []}, {'over': None, 'type': 'wide', 'runs': 1, 'this_over_after': []}]
  CB: GT 31-0 (4)  crr=7.75  ps=31(24)  recent=...
  CB BAT: Shubman Gill* 22(15), Sai Sudharsan 9(9)
  CB BOWL: Anshul Kamboj 0-3 (2)
  ⚠ DIVERGENCE: BAT_gill: ui=17(25) cb=22(15) | BAT_sudharsan: ui=20(11) cb=9(9) | FOW_COUNT: ui=7 vs wickets=0 | BOWL_O: ui=1.5 cb=2

[17:58:15  iter#392]
  WS ERR: ''
  CB: GT 32-0 (4.1)  crr=7.68  ps=32(25)  recent=1
  CB BAT: Sai Sudharsan* 9(9), Shubman Gill 23(16)
  CB BOWL: Anshul Kamboj 0-3 (2)
  ⚠ DIVERGENCE: BATTERS_MISSING_IN_UI: {'sudharsan', 'gill'} (ui=set(), cb={'sudharsan', 'gill'}) | BOWLER: ui=None cb=Anshul Kamboj

[17:58:39  iter#393]
  UI: Gujarat Titans 32-0 (None)  str=Shubman Gill nstr=Sai Sudharsan  bowl=Gurjapneet Singh 0-1 (0.1)
  this_over=['Wd', 'Nb+3', 'Nb+5', 'Wd', 'Wd', 'Wd+1', 'Wd+5', 'Wd', 'Wd+5', 'Wd', 'Wd', 'Wd']  fow=7 (unk=0)  last_fow={'wicket': 7, 'batter': 'Jamie Overton', 'score': 143, 'overs': '19.0', 'bowler': None, 'how': None, '_unwitnessed': False}
  delivery: len=short_of_length line=leg_stump shot=in_the_air [layer2]
  extras: this_over=22 innings=0 [w37/nb3/b0/lb0]
  extras_log: [{'over': None, 'type': 'wide', 'runs': 1, 'this_over_after': []}, {'over': None, 'type': 'wide', 'runs': 1, 'this_over_after': []}, {'over': None, 'type': 'wide', 'runs': 1, 'this_over_after': []}]
  CB: GT 32-0 (4.1)  crr=7.68  ps=32(25)  recent=1
  CB BAT: Sai Sudharsan* 9(9), Shubman Gill 23(16)
  CB BOWL: Anshul Kamboj 0-3 (2)
  ⚠ DIVERGENCE: STRIKER: ui=Shubman Gill cb=Sai Sudharsan | BAT_sudharsan: ui=20(11) cb=9(9) | BAT_gill: ui=17(25) cb=23(16) | FOW_COUNT: ui=7 vs wickets=0 | BOWLER: ui=Gurjapneet Singh cb=Anshul Kamboj

[17:59:00  iter#394]
  UI: Gujarat Titans 32-0 (None)  str=Shubman Gill nstr=Sai Sudharsan  bowl=Gurjapneet Singh 0-1 (0.1)
  this_over=['Wd', 'Nb+3', 'Nb+5', 'Wd', 'Wd', 'Wd+1', 'Wd+5', 'Wd', 'Wd+5', 'Wd', 'Wd', 'Wd']  fow=7 (unk=0)  last_fow={'wicket': 7, 'batter': 'Jamie Overton', 'score': 143, 'overs': '19.0', 'bowler': None, 'how': None, '_unwitnessed': False}
  delivery: len=short_of_length line=leg_stump shot=in_the_air [layer2]
  extras: this_over=22 innings=0 [w37/nb3/b0/lb0]
  extras_log: [{'over': None, 'type': 'wide', 'runs': 1, 'this_over_after': []}, {'over': None, 'type': 'wide', 'runs': 1, 'this_over_after': []}, {'over': None, 'type': 'wide', 'runs': 1, 'this_over_after': []}]
  CB: GT 33-0 (4.2)  crr=7.62  ps=33(26)  recent=1 1
  CB BAT: Shubman Gill* 23(16), Sai Sudharsan 10(10)
  CB BOWL: Anshul Kamboj 0-3 (2)
  ⚠ DIVERGENCE: SCORE: ui=32 cb=33 | BAT_gill: ui=17(25) cb=23(16) | BAT_sudharsan: ui=20(11) cb=10(10) | FOW_COUNT: ui=7 vs wickets=0 | BOWLER: ui=Gurjapneet Singh cb=Anshul Kamboj

[17:59:23  iter#395]
  UI: Gujarat Titans 33-0 (None)  str=Shubman Gill nstr=Sai Sudharsan  bowl=Gurjapneet Singh 0-2 (0.2)
  this_over=['Wd', 'Nb+3', 'Nb+5', 'Wd', 'Wd', 'Wd+1', 'Wd+5', 'Wd', 'Wd+5', 'Wd', 'Wd', 'Wd']  fow=7 (unk=0)  last_fow={'wicket': 7, 'batter': 'Jamie Overton', 'score': 143, 'overs': '19.0', 'bowler': None, 'how': None, '_unwitnessed': False}
  delivery: len=short_of_length line=leg_stump shot=in_the_air [layer2]
  extras: this_over=22 innings=0 [w37/nb3/b0/lb0]
  extras_log: [{'over': None, 'type': 'wide', 'runs': 1, 'this_over_after': []}, {'over': None, 'type': 'wide', 'runs': 1, 'this_over_after': []}, {'over': None, 'type': 'wide', 'runs': 1, 'this_over_after': []}]
  CB: GT 33-0 (4.3)  crr=7.33  ps=33(27)  recent=1 1 0
  CB BAT: Shubman Gill* 23(17), Sai Sudharsan 10(10)
  CB BOWL: Anshul Kamboj 0-3 (2)
  ⚠ DIVERGENCE: BAT_gill: ui=17(25) cb=23(17) | BAT_sudharsan: ui=20(11) cb=10(10) | FOW_COUNT: ui=7 vs wickets=0 | BOWLER: ui=Gurjapneet Singh cb=Anshul Kamboj

[17:59:45  iter#396]
  UI: Gujarat Titans 33-0 (None)  str=Shubman Gill nstr=Sai Sudharsan  bowl=Gurjapneet Singh 0-2 (0.3)
  this_over=['Wd', 'Nb+3', 'Nb+5', 'Wd', 'Wd', 'Wd+1', 'Wd+5', 'Wd', 'Wd+5', 'Wd', 'Wd', 'Wd']  fow=7 (unk=0)  last_fow={'wicket': 7, 'batter': 'Jamie Overton', 'score': 143, 'overs': '19.0', 'bowler': None, 'how': None, '_unwitnessed': False}
  delivery: len=short_of_length line=leg_stump shot=in_the_air [layer2]
  extras: this_over=23 innings=0 [w38/nb3/b0/lb0]
  extras_log: [{'over': None, 'type': 'wide', 'runs': 1, 'this_over_after': []}, {'over': None, 'type': 'wide', 'runs': 1, 'this_over_after': []}, {'over': None, 'type': 'wide', 'runs': 1, 'this_over_after': []}]
  CB: GT 33-0 (4.3)  crr=7.33  ps=33(27)  recent=1 1 0
  CB BAT: Shubman Gill* 23(17), Sai Sudharsan 10(10)
  CB BOWL: Anshul Kamboj 0-3 (2)
  ⚠ DIVERGENCE: BAT_gill: ui=17(25) cb=23(17) | BAT_sudharsan: ui=20(11) cb=10(10) | FOW_COUNT: ui=7 vs wickets=0 | BOWLER: ui=Gurjapneet Singh cb=Anshul Kamboj

[18:00:08  iter#397]
  UI: Gujarat Titans 33-0 (None)  str=Shubman Gill nstr=Sai Sudharsan  bowl=Gurjapneet Singh 0-2 (0.3)
  this_over=['Wd', 'Nb+3', 'Nb+5', 'Wd', 'Wd', 'Wd+1', 'Wd+5', 'Wd', 'Wd+5', 'Wd', 'Wd', 'Wd']  fow=7 (unk=0)  last_fow={'wicket': 7, 'batter': 'Jamie Overton', 'score': 143, 'overs': '19.0', 'bowler': None, 'how': None, '_unwitnessed': False}
  delivery: len=short_of_length line=outside_off shot=in_the_air [layer2]
  extras: this_over=23 innings=0 [w38/nb3/b0/lb0]
  extras_log: [{'over': None, 'type': 'wide', 'runs': 1, 'this_over_after': []}, {'over': None, 'type': 'wide', 'runs': 1, 'this_over_after': []}, {'over': None, 'type': 'wide', 'runs': 1, 'this_over_after': []}]
  CB: GT 34-0 (4.4)  crr=7.29  ps=34(28)  recent=1 1 0 1
  CB BAT: Sai Sudharsan* 10(10), Shubman Gill 24(18)
  CB BOWL: Anshul Kamboj 0-3 (2)
  ⚠ DIVERGENCE: SCORE: ui=33 cb=34 | STRIKER: ui=Shubman Gill cb=Sai Sudharsan | BAT_sudharsan: ui=20(11) cb=10(10) | BAT_gill: ui=17(25) cb=24(18) | FOW_COUNT: ui=7 vs wickets=0 | BOWLER: ui=Gurjapneet Singh cb=Anshul Kamboj

[18:00:33  iter#398]
  WS ERR: ''
  CB: GT 34-0 (4.4)  crr=7.29  ps=34(28)  recent=1 1 0 1
  CB BAT: Sai Sudharsan* 10(10), Shubman Gill 24(18)
  CB BOWL: Anshul Kamboj 0-3 (2)
  ⚠ DIVERGENCE: BATTERS_MISSING_IN_UI: {'sudharsan', 'gill'} (ui=set(), cb={'sudharsan', 'gill'}) | BOWLER: ui=None cb=Anshul Kamboj

[18:00:56  iter#399]
  UI: Gujarat Titans 38-0 (None)  str=Shubman Gill nstr=Sai Sudharsan  bowl=Gurjapneet Singh 0-3 (0.4)
  this_over=['Wd', 'Nb+3', 'Nb+5', 'Wd', 'Wd', 'Wd+1', 'Wd+5', 'Wd', 'Wd+5', 'Wd', 'Wd', 'Wd']  fow=7 (unk=0)  last_fow={'wicket': 7, 'batter': 'Jamie Overton', 'score': 143, 'overs': '19.0', 'bowler': None, 'how': None, '_unwitnessed': False}
  delivery: len=good_length line=leg_stump shot=in_the_air [layer2]
  extras: this_over=25 innings=4 [w43/nb3/b0/lb0]
  extras_log: [{'over': None, 'type': 'wide', 'runs': 1, 'this_over_after': []}, {'over': None, 'type': 'wide', 'runs': 1, 'this_over_after': []}, {'over': None, 'type': 'wide', 'runs': 4, 'this_over_after': []}]
  CB: GT 38-0 (4.5)  crr=7.86  ps=38(29)  recent=1 1 0 1 4
  CB BAT: Sai Sudharsan* 14(11), Shubman Gill 24(18)
  CB BOWL: Anshul Kamboj 0-3 (2)
  ⚠ DIVERGENCE: STRIKER: ui=Shubman Gill cb=Sai Sudharsan | BAT_sudharsan: ui=20(11) cb=14(11) | BAT_gill: ui=17(25) cb=24(18) | FOW_COUNT: ui=7 vs wickets=0 | BOWLER: ui=Gurjapneet Singh cb=Anshul Kamboj

[18:01:23  iter#400]
  UI: Gujarat Titans 38-0 (None)  str=Shubman Gill nstr=Sai Sudharsan  bowl=Gurjapneet Singh 0-3 (0.4)
  this_over=['Wd', 'Nb+3', 'Nb+5', 'Wd', 'Wd', 'Wd+1', 'Wd+5', 'Wd', 'Wd+5', 'Wd', 'Wd', 'Wd']  fow=7 (unk=0)  last_fow={'wicket': 7, 'batter': 'Jamie Overton', 'score': 143, 'overs': '19.0', 'bowler': None, 'how': None, '_unwitnessed': False}
  delivery: len=good_length line=leg_stump shot=in_the_air [layer2]
  extras: this_over=25 innings=1 [w43/nb3/b0/lb0]
  extras_log: [{'over': None, 'type': 'wide', 'runs': 1, 'this_over_after': []}, {'over': None, 'type': 'wide', 'runs': 1, 'this_over_after': []}, {'over': None, 'type': 'wide', 'runs': 4, 'this_over_after': []}]
  CB: GT 42-0 (5)  crr=8.4  ps=42(30)  recent=1 1 0 1 4 4
  CB BAT: Shubman Gill* 24(18), Sai Sudharsan 18(12)
  CB BOWL: Gurjapneet Singh 0-11 (1)
  ⚠ DIVERGENCE: SCORE: ui=38 cb=42 | BAT_gill: ui=17(25) cb=24(18) | BAT_sudharsan: ui=20(11) cb=18(12) | FOW_COUNT: ui=7 vs wickets=0 | BOWL_R: ui=3 cb=11 | BOWL_O: ui=0.4 cb=1

[18:01:49  iter#401]
  WS ERR: ''
  CB: GT 42-0 (5)  crr=8.4  ps=42(30)  recent=1 1 0 1 4 4
  CB BAT: Shubman Gill* 24(18), Sai Sudharsan 18(12)
  CB BOWL: Gurjapneet Singh 0-11 (1)
  ⚠ DIVERGENCE: BATTERS_MISSING_IN_UI: {'sudharsan', 'gill'} (ui=set(), cb={'sudharsan', 'gill'}) | BOWLER: ui=None cb=Gurjapneet Singh

[18:02:18  iter#402]
  WS ERR: ''
  CB: GT 48-0 (5.1)  crr=9.29  ps=48(31)  recent=6
  CB BAT: Shubman Gill* 30(19), Sai Sudharsan 18(12)
  CB BOWL: Gurjapneet Singh 0-11 (1)
  ⚠ DIVERGENCE: BATTERS_MISSING_IN_UI: {'sudharsan', 'gill'} (ui=set(), cb={'sudharsan', 'gill'}) | BOWLER: ui=None cb=Gurjapneet Singh

[18:02:44  iter#403]
  UI: Gujarat Titans 48-0 (None)  str=Shubman Gill nstr=Sai Sudharsan  bowl=Anshul Kamboj 0-9 (2.1)
  this_over=['Wd', 'Nb+3', 'Nb+5', 'Wd', 'Wd', 'Wd+1', 'Wd+5', 'Wd', 'Wd+5', 'Wd', 'Wd', 'Wd']  fow=7 (unk=0)  last_fow={'wicket': 7, 'batter': 'Jamie Overton', 'score': 143, 'overs': '19.0', 'bowler': None, 'how': None, '_unwitnessed': False}
  delivery: len=short_of_length line=leg_stump shot=in_the_air [layer2]
  extras: this_over=27 innings=6 [w47/nb4/b0/lb0]
  extras_log: [{'over': None, 'type': 'wide', 'runs': 4, 'this_over_after': []}, {'over': None, 'type': 'wide', 'runs': 4, 'this_over_after': []}, {'over': None, 'type': 'no_ball', 'runs': 1, 'this_over_after': []}]
  CB: GT 48-0 (5.1)  crr=9.29  ps=48(31)  recent=6
  CB BAT: Shubman Gill* 30(19), Sai Sudharsan 18(12)
  CB BOWL: Gurjapneet Singh 0-11 (1)
  ⚠ DIVERGENCE: BAT_gill: ui=17(25) cb=30(19) | BAT_sudharsan: ui=20(12) cb=18(12) | FOW_COUNT: ui=7 vs wickets=0 | BOWLER: ui=Anshul Kamboj cb=Gurjapneet Singh

[18:03:10  iter#404]
  UI: Gujarat Titans 48-0 (None)  str=Shubman Gill nstr=Sai Sudharsan  bowl=Anshul Kamboj 0-9 (2.1)
  this_over=['Wd', 'Nb+3', 'Nb+5', 'Wd', 'Wd', 'Wd+1', 'Wd+5', 'Wd', 'Wd+5', 'Wd', 'Wd', 'Wd']  fow=7 (unk=0)  last_fow={'wicket': 7, 'batter': 'Jamie Overton', 'score': 143, 'overs': '19.0', 'bowler': None, 'how': None, '_unwitnessed': False}
  delivery: len=short_of_length line=leg_stump shot=in_the_air [layer2]
  extras: this_over=27 innings=4 [w47/nb4/b0/lb0]
  extras_log: [{'over': None, 'type': 'wide', 'runs': 4, 'this_over_after': []}, {'over': None, 'type': 'wide', 'runs': 4, 'this_over_after': []}, {'over': None, 'type': 'no_ball', 'runs': 1, 'this_over_after': []}]
  CB: GT 48-0 (5.1)  crr=9.29  ps=48(31)  recent=6
  CB BAT: Shubman Gill* 30(19), Sai Sudharsan 18(12)
  CB BOWL: Gurjapneet Singh 0-11 (1)
  ⚠ DIVERGENCE: BAT_gill: ui=17(25) cb=30(19) | BAT_sudharsan: ui=27(30) cb=18(12) | FOW_COUNT: ui=7 vs wickets=0 | BOWLER: ui=Anshul Kamboj cb=Gurjapneet Singh

[18:03:37  iter#405]
  WS ERR: ''
  CB: GT 49-0 (5.2)  crr=9.19  ps=49(32)  recent=6 1
  CB BAT: Sai Sudharsan* 18(12), Shubman Gill 31(20)
  CB BOWL: Gurjapneet Singh 0-11 (1)
  ⚠ DIVERGENCE: BATTERS_MISSING_IN_UI: {'sudharsan', 'gill'} (ui=set(), cb={'sudharsan', 'gill'}) | BOWLER: ui=None cb=Gurjapneet Singh

[18:04:01  iter#406]
  UI: Gujarat Titans 49-0 (None)  str=Shubman Gill nstr=Sai Sudharsan  bowl=Anshul Kamboj 0-10 (2.2)
  this_over=['Wd', 'Nb+3', 'Nb+5', 'Wd', 'Wd', 'Wd+1', 'Wd+5', 'Wd', 'Wd+5', 'Wd', 'Wd', 'Wd']  fow=7 (unk=0)  last_fow={'wicket': 7, 'batter': 'Jamie Overton', 'score': 143, 'overs': '19.0', 'bowler': None, 'how': None, '_unwitnessed': False}
  delivery: len=short_of_length line=leg_stump shot=in_the_air [layer2]
  extras: this_over=28 innings=5 [w48/nb4/b0/lb0]
  extras_log: [{'over': None, 'type': 'wide', 'runs': 4, 'this_over_after': []}, {'over': None, 'type': 'no_ball', 'runs': 1, 'this_over_after': []}, {'over': None, 'type': 'wide', 'runs': 1, 'this_over_after': []}]
  CB: GT 49-0 (5.2)  crr=9.19  ps=49(32)  recent=6 1
  CB BAT: Sai Sudharsan* 18(12), Shubman Gill 31(20)
  CB BOWL: Gurjapneet Singh 0-11 (1)
  ⚠ DIVERGENCE: STRIKER: ui=Shubman Gill cb=Sai Sudharsan | BAT_sudharsan: ui=27(30) cb=18(12) | BAT_gill: ui=17(25) cb=31(20) | FOW_COUNT: ui=7 vs wickets=0 | BOWLER: ui=Anshul Kamboj cb=Gurjapneet Singh

[18:04:27  iter#407]
  UI: Gujarat Titans 49-0 (None)  str=Shubman Gill nstr=Sai Sudharsan  bowl=Anshul Kamboj 0-10 (2.2)
  this_over=['Wd', 'Nb+3', 'Nb+5', 'Wd', 'Wd', 'Wd+1', 'Wd+5', 'Wd', 'Wd+5', 'Wd', 'Wd', 'Wd']  fow=7 (unk=0)  last_fow={'wicket': 7, 'batter': 'Jamie Overton', 'score': 143, 'overs': '19.0', 'bowler': None, 'how': None, '_unwitnessed': False}
  delivery: len=short_of_length line=outside_off shot=in_the_air [layer2]
  extras: this_over=28 innings=5 [w48/nb4/b0/lb0]
  extras_log: [{'over': None, 'type': 'wide', 'runs': 4, 'this_over_after': []}, {'over': None, 'type': 'no_ball', 'runs': 1, 'this_over_after': []}, {'over': None, 'type': 'wide', 'runs': 1, 'this_over_after': []}]
  CB: GT 49-0 (5.2)  crr=9.19  ps=49(32)  recent=6 1
  CB BAT: Sai Sudharsan* 18(12), Shubman Gill 31(20)
  CB BOWL: Gurjapneet Singh 0-11 (1)
  ⚠ DIVERGENCE: STRIKER: ui=Shubman Gill cb=Sai Sudharsan | BAT_sudharsan: ui=27(30) cb=18(12) | BAT_gill: ui=17(25) cb=31(20) | FOW_COUNT: ui=7 vs wickets=0 | BOWLER: ui=Anshul Kamboj cb=Gurjapneet Singh

[18:04:54  iter#408]
  UI: Gujarat Titans 49-0 (None)  str=Shubman Gill nstr=Sai Sudharsan  bowl=Anshul Kamboj 0-10 (2.2)
  this_over=['Wd', 'Nb+3', 'Nb+5', 'Wd', 'Wd', 'Wd+1', 'Wd+5', 'Wd', 'Wd+5', 'Wd', 'Wd', 'Wd']  fow=7 (unk=0)  last_fow={'wicket': 7, 'batter': 'Jamie Overton', 'score': 143, 'overs': '19.0', 'bowler': None, 'how': None, '_unwitnessed': False}
  delivery: len=short_of_length line=outside_off shot=in_the_air [layer2]
  extras: this_over=28 innings=5 [w48/nb4/b0/lb0]
  extras_log: [{'over': None, 'type': 'wide', 'runs': 4, 'this_over_after': []}, {'over': None, 'type': 'no_ball', 'runs': 1, 'this_over_after': []}, {'over': None, 'type': 'wide', 'runs': 1, 'this_over_after': []}]
  CB: GT 49-0 (5.2)  crr=9.19  ps=49(32)  recent=6 1
  CB BAT: Sai Sudharsan* 18(12), Shubman Gill 31(20)
  CB BOWL: Gurjapneet Singh 0-11 (1)
  ⚠ DIVERGENCE: STRIKER: ui=Shubman Gill cb=Sai Sudharsan | BAT_sudharsan: ui=27(30) cb=18(12) | BAT_gill: ui=17(25) cb=31(20) | FOW_COUNT: ui=7 vs wickets=0 | BOWLER: ui=Anshul Kamboj cb=Gurjapneet Singh

[18:05:22  iter#409]
  UI: Gujarat Titans 49-0 (None)  str=Shubman Gill nstr=Sai Sudharsan  bowl=Anshul Kamboj 0-10 (2.2)
  this_over=['Wd', 'Nb+3', 'Nb+5', 'Wd', 'Wd', 'Wd+1', 'Wd+5', 'Wd', 'Wd+5', 'Wd', 'Wd', 'Wd']  fow=7 (unk=0)  last_fow={'wicket': 7, 'batter': 'Jamie Overton', 'score': 143, 'overs': '19.0', 'bowler': None, 'how': None, '_unwitnessed': False}
  delivery: len=short_of_length line=outside_off shot=in_the_air [layer2]
  extras: this_over=28 innings=5 [w48/nb4/b0/lb0]
  extras_log: [{'over': None, 'type': 'wide', 'runs': 4, 'this_over_after': []}, {'over': None, 'type': 'no_ball', 'runs': 1, 'this_over_after': []}, {'over': None, 'type': 'wide', 'runs': 1, 'this_over_after': []}]
  CB: GT 49-0 (5.2)  crr=9.19  ps=49(32)  recent=6 1
  CB BAT: Sai Sudharsan* 18(12), Shubman Gill 31(20)
  CB BOWL: Gurjapneet Singh 0-11 (1)
  ⚠ DIVERGENCE: STRIKER: ui=Shubman Gill cb=Sai Sudharsan | BAT_sudharsan: ui=27(30) cb=18(12) | BAT_gill: ui=17(25) cb=31(20) | FOW_COUNT: ui=7 vs wickets=0 | BOWLER: ui=Anshul Kamboj cb=Gurjapneet Singh

[18:05:48  iter#410]
  UI: Gujarat Titans 49-0 (None)  str=Shubman Gill nstr=Sai Sudharsan  bowl=Anshul Kamboj 0-10 (2.2)
  this_over=['Wd', 'Nb+3', 'Nb+5', 'Wd', 'Wd', 'Wd+1', 'Wd+5', 'Wd', 'Wd+5', 'Wd', 'Wd', 'Wd']  fow=7 (unk=0)  last_fow={'wicket': 7, 'batter': 'Jamie Overton', 'score': 143, 'overs': '19.0', 'bowler': None, 'how': None, '_unwitnessed': False}
  delivery: len=short_of_length line=outside_off shot=in_the_air [layer2]
  extras: this_over=28 innings=5 [w48/nb4/b0/lb0]
  extras_log: [{'over': None, 'type': 'wide', 'runs': 4, 'this_over_after': []}, {'over': None, 'type': 'no_ball', 'runs': 1, 'this_over_after': []}, {'over': None, 'type': 'wide', 'runs': 1, 'this_over_after': []}]
  CB: GT 49-0 (5.2)  crr=9.19  ps=49(32)  recent=6 1
  CB BAT: Sai Sudharsan* 18(12), Shubman Gill 31(20)
  CB BOWL: Gurjapneet Singh 0-11 (1)
  ⚠ DIVERGENCE: STRIKER: ui=Shubman Gill cb=Sai Sudharsan | BAT_sudharsan: ui=27(30) cb=18(12) | BAT_gill: ui=17(25) cb=31(20) | FOW_COUNT: ui=7 vs wickets=0 | BOWLER: ui=Anshul Kamboj cb=Gurjapneet Singh

[18:06:14  iter#411]
  UI: Gujarat Titans 49-0 (None)  str=Shubman Gill nstr=Sai Sudharsan  bowl=Anshul Kamboj 0-10 (2.2)
  this_over=['Wd', 'Nb+3', 'Nb+5', 'Wd', 'Wd', 'Wd+1', 'Wd+5', 'Wd', 'Wd+5', 'Wd', 'Wd', 'Wd']  fow=7 (unk=0)  last_fow={'wicket': 7, 'batter': 'Jamie Overton', 'score': 143, 'overs': '19.0', 'bowler': None, 'how': None, '_unwitnessed': False}
  delivery: len=short_of_length line=outside_off shot=in_the_air [layer2]
  extras: this_over=28 innings=5 [w48/nb4/b0/lb0]
  extras_log: [{'over': None, 'type': 'wide', 'runs': 4, 'this_over_after': []}, {'over': None, 'type': 'no_ball', 'runs': 1, 'this_over_after': []}, {'over': None, 'type': 'wide', 'runs': 1, 'this_over_after': []}]
  CB: GT 49-0 (5.2)  crr=9.19  ps=49(32)  recent=... 1 0 0 0
  CB BAT: Sai Sudharsan* 18(12), Shubman Gill 31(20)
  CB BOWL: Gurjapneet Singh 0-11 (1)
  ⚠ DIVERGENCE: STRIKER: ui=Shubman Gill cb=Sai Sudharsan | BAT_sudharsan: ui=27(30) cb=18(12) | BAT_gill: ui=17(25) cb=31(20) | FOW_COUNT: ui=7 vs wickets=0 | BOWLER: ui=Anshul Kamboj cb=Gurjapneet Singh

[18:06:38  iter#412]
  UI: Gujarat Titans 49-0 (None)  str=Shubman Gill nstr=Sai Sudharsan  bowl=Anshul Kamboj 0-10 (2.2)
  this_over=['Wd', 'Nb+3', 'Nb+5', 'Wd', 'Wd', 'Wd+1', 'Wd+5', 'Wd', 'Wd+5', 'Wd', 'Wd', 'Wd']  fow=7 (unk=0)  last_fow={'wicket': 7, 'batter': 'Jamie Overton', 'score': 143, 'overs': '19.0', 'bowler': None, 'how': None, '_unwitnessed': False}
  delivery: len=short_of_length line=outside_off shot=in_the_air [layer2]
  extras: this_over=28 innings=5 [w48/nb4/b0/lb0]
  extras_log: [{'over': None, 'type': 'wide', 'runs': 4, 'this_over_after': []}, {'over': None, 'type': 'no_ball', 'runs': 1, 'this_over_after': []}, {'over': None, 'type': 'wide', 'runs': 1, 'this_over_after': []}]
  CB: GT 49-0 (5.2)  crr=9.19  ps=49(32)  recent=... 1 0 0 0
  CB BAT: Sai Sudharsan* 18(12), Shubman Gill 31(20)
  CB BOWL: Gurjapneet Singh 0-11 (1)
  ⚠ DIVERGENCE: STRIKER: ui=Shubman Gill cb=Sai Sudharsan | BAT_sudharsan: ui=27(30) cb=18(12) | BAT_gill: ui=17(25) cb=31(20) | FOW_COUNT: ui=7 vs wickets=0 | BOWLER: ui=Anshul Kamboj cb=Gurjapneet Singh

[18:07:03  iter#413]
  WS ERR: ''
  CB: GT 49-0 (5.2)  crr=9.19  ps=49(32)  recent=... 1 0 0 0
  CB BAT: Sai Sudharsan* 18(12), Shubman Gill 31(20)
  CB BOWL: Gurjapneet Singh 0-11 (1)
  ⚠ DIVERGENCE: BATTERS_MISSING_IN_UI: {'sudharsan', 'gill'} (ui=set(), cb={'sudharsan', 'gill'}) | BOWLER: ui=None cb=Gurjapneet Singh

[18:07:25  iter#414]
  UI: Gujarat Titans 49-0 (None)  str=Shubman Gill nstr=Sai Sudharsan  bowl=Anshul Kamboj 0-10 (2.2)
  this_over=['Wd', 'Nb+3', 'Nb+5', 'Wd', 'Wd', 'Wd+1', 'Wd+5', 'Wd', 'Wd+5', 'Wd', 'Wd', 'Wd']  fow=7 (unk=0)  last_fow={'wicket': 7, 'batter': 'Jamie Overton', 'score': 143, 'overs': '19.0', 'bowler': None, 'how': None, '_unwitnessed': False}
  delivery: len=short_of_length line=outside_off shot=in_the_air [layer2]
  extras: this_over=28 innings=5 [w48/nb4/b0/lb0]
  extras_log: [{'over': None, 'type': 'wide', 'runs': 4, 'this_over_after': []}, {'over': None, 'type': 'no_ball', 'runs': 1, 'this_over_after': []}, {'over': None, 'type': 'wide', 'runs': 1, 'this_over_after': []}]
  CB: GT 53-0 (5.3)  crr=9.64  ps=53(33)  recent=6 1 4
  CB BAT: Sai Sudharsan* 22(13), Shubman Gill 31(20)
  CB BOWL: Gurjapneet Singh 0-11 (1)
  ⚠ DIVERGENCE: SCORE: ui=49 cb=53 | STRIKER: ui=Shubman Gill cb=Sai Sudharsan | BAT_sudharsan: ui=27(30) cb=22(13) | BAT_gill: ui=17(25) cb=31(20) | FOW_COUNT: ui=7 vs wickets=0 | BOWLER: ui=Anshul Kamboj cb=Gurjapneet Singh

[18:07:49  iter#415]
  WS ERR: ''
  CB: GT 54-0 (5.4)  crr=9.53  ps=54(34)  recent=6 1 4 1
  CB BAT: Shubman Gill* 31(20), Sai Sudharsan 23(14)
  CB BOWL: Gurjapneet Singh 0-11 (1)
  ⚠ DIVERGENCE: BATTERS_MISSING_IN_UI: {'sudharsan', 'gill'} (ui=set(), cb={'sudharsan', 'gill'}) | BOWLER: ui=None cb=Gurjapneet Singh

[18:08:12  iter#416]
  UI: Gujarat Titans 53-0 (None)  str=Shubman Gill nstr=Sai Sudharsan  bowl=Anshul Kamboj 0-14 (2.3)
  this_over=['Wd', 'Nb+3', 'Nb+5', 'Wd', 'Wd', 'Wd+1', 'Wd+5', 'Wd', 'Wd+5', 'Wd', 'Wd', 'Wd']  fow=7 (unk=0)  last_fow={'wicket': 7, 'batter': 'Jamie Overton', 'score': 143, 'overs': '19.0', 'bowler': None, 'how': None, '_unwitnessed': False}
  delivery: len=short_of_length line=outside_off shot=in_the_air [layer2]
  extras: this_over=29 innings=9 [w52/nb4/b0/lb0]
  extras_log: [{'over': None, 'type': 'no_ball', 'runs': 1, 'this_over_after': []}, {'over': None, 'type': 'wide', 'runs': 1, 'this_over_after': []}, {'over': None, 'type': 'wide', 'runs': 4, 'this_over_after': []}]
  CB: GT 54-0 (5.4)  crr=9.53  ps=54(34)  recent=6 1 4 1
  CB BAT: Shubman Gill* 31(20), Sai Sudharsan 23(14)
  CB BOWL: Gurjapneet Singh 0-11 (1)
  ⚠ DIVERGENCE: SCORE: ui=53 cb=54 | BAT_gill: ui=17(25) cb=31(20) | BAT_sudharsan: ui=27(30) cb=23(14) | FOW_COUNT: ui=7 vs wickets=0 | BOWLER: ui=Anshul Kamboj cb=Gurjapneet Singh

[18:08:33  iter#417]
  UI: Gujarat Titans 54-0 (None)  str=Shubman Gill nstr=Sai Sudharsan  bowl=Anshul Kamboj 0-15 (2.4)
  this_over=['Wd', 'Nb+3', 'Nb+5', 'Wd', 'Wd', 'Wd+1', 'Wd+5', 'Wd', 'Wd+5', 'Wd', 'Wd', 'Wd']  fow=7 (unk=0)  last_fow={'wicket': 7, 'batter': 'Jamie Overton', 'score': 143, 'overs': '19.0', 'bowler': None, 'how': None, '_unwitnessed': False}
  delivery: len=short_of_length line=outside_off shot=in_the_air [layer2]
  extras: this_over=30 innings=10 [w53/nb4/b0/lb0]
  extras_log: [{'over': None, 'type': 'wide', 'runs': 1, 'this_over_after': []}, {'over': None, 'type': 'wide', 'runs': 4, 'this_over_after': []}, {'over': None, 'type': 'wide', 'runs': 1, 'this_over_after': []}]
  CB: GT 54-0 (5.5)  crr=9.26  ps=54(35)  recent=6 1 4 1 0
  CB BAT: Shubman Gill* 31(21), Sai Sudharsan 23(14)
  CB BOWL: Gurjapneet Singh 0-11 (1)
  ⚠ DIVERGENCE: BAT_gill: ui=17(25) cb=31(21) | BAT_sudharsan: ui=27(30) cb=23(14) | FOW_COUNT: ui=7 vs wickets=0 | BOWLER: ui=Anshul Kamboj cb=Gurjapneet Singh

[18:08:53  iter#418]
  UI: Gujarat Titans 54-0 (None)  str=Shubman Gill nstr=Sai Sudharsan  bowl=Anshul Kamboj 0-15 (2.5)
  this_over=['Wd', 'Nb+3', 'Nb+5', 'Wd', 'Wd', 'Wd+1', 'Wd+5', 'Wd', 'Wd+5', 'Wd', 'Wd', 'Wd']  fow=7 (unk=0)  last_fow={'wicket': 7, 'batter': 'Jamie Overton', 'score': 143, 'overs': '19.0', 'bowler': None, 'how': None, '_unwitnessed': False}
  delivery: len=good_length line=leg_stump shot=in_the_air [layer2]
  extras: this_over=30 innings=10 [w53/nb4/b0/lb0]
  extras_log: [{'over': None, 'type': 'wide', 'runs': 1, 'this_over_after': []}, {'over': None, 'type': 'wide', 'runs': 4, 'this_over_after': []}, {'over': None, 'type': 'wide', 'runs': 1, 'this_over_after': []}]
  CB: GT 54-0 (5.5)  crr=9.26  ps=54(35)  recent=6 1 4 1 0
  CB BAT: Shubman Gill* 31(21), Sai Sudharsan 23(14)
  CB BOWL: Gurjapneet Singh 0-11 (1)
  ⚠ DIVERGENCE: BAT_gill: ui=17(25) cb=31(21) | BAT_sudharsan: ui=27(30) cb=23(14) | FOW_COUNT: ui=7 vs wickets=0 | BOWLER: ui=Anshul Kamboj cb=Gurjapneet Singh

[18:09:16  iter#419]
  UI: Gujarat Titans 54-0 (None)  str=Shubman Gill nstr=Sai Sudharsan  bowl=Anshul Kamboj 0-15 (2.5)
  this_over=['Wd', 'Nb+3', 'Nb+5', 'Wd', 'Wd', 'Wd+1', 'Wd+5', 'Wd', 'Wd+5', 'Wd', 'Wd', 'Wd']  fow=7 (unk=0)  last_fow={'wicket': 7, 'batter': 'Jamie Overton', 'score': 143, 'overs': '19.0', 'bowler': None, 'how': None, '_unwitnessed': False}
  delivery: len=good_length line=leg_stump shot=in_the_air [layer2]
  extras: this_over=30 innings=10 [w53/nb4/b0/lb0]
  extras_log: [{'over': None, 'type': 'wide', 'runs': 1, 'this_over_after': []}, {'over': None, 'type': 'wide', 'runs': 4, 'this_over_after': []}, {'over': None, 'type': 'wide', 'runs': 1, 'this_over_after': []}]
  CB: GT 55-0 (6)  crr=9.17  ps=55(36)  recent=6 1 4 1 0 1
  CB BAT: Shubman Gill* 32(22), Sai Sudharsan 23(14)
  CB BOWL: Anshul Kamboj 0-16 (3)
  ⚠ DIVERGENCE: SCORE: ui=54 cb=55 | BAT_gill: ui=17(25) cb=32(22) | BAT_sudharsan: ui=27(30) cb=23(14) | FOW_COUNT: ui=7 vs wickets=0 | BOWL_R: ui=15 cb=16 | BOWL_O: ui=2.5 cb=3

[18:09:38  iter#420]
  UI: Gujarat Titans 54-0 (None)  str=Shubman Gill nstr=Sai Sudharsan  bowl=Anshul Kamboj 0-15 (2.5)
  this_over=['Wd', 'Nb+3', 'Nb+5', 'Wd', 'Wd', 'Wd+1', 'Wd+5', 'Wd', 'Wd+5', 'Wd', 'Wd', 'Wd']  fow=7 (unk=0)  last_fow={'wicket': 7, 'batter': 'Jamie Overton', 'score': 143, 'overs': '19.0', 'bowler': None, 'how': None, '_unwitnessed': False}
  delivery: len=good_length line=leg_stump shot=in_the_air [layer2]
  extras: this_over=30 innings=10 [w53/nb4/b0/lb0]
  extras_log: [{'over': None, 'type': 'wide', 'runs': 1, 'this_over_after': []}, {'over': None, 'type': 'wide', 'runs': 4, 'this_over_after': []}, {'over': None, 'type': 'wide', 'runs': 1, 'this_over_after': []}]
  CB: GT 55-0 (6)  crr=9.17  ps=55(36)  recent=6 1 4 1 0 1
  CB BAT: Shubman Gill* 32(22), Sai Sudharsan 23(14)
  CB BOWL: Anshul Kamboj 0-16 (3)
  ⚠ DIVERGENCE: SCORE: ui=54 cb=55 | BAT_gill: ui=17(25) cb=32(22) | BAT_sudharsan: ui=27(30) cb=23(14) | FOW_COUNT: ui=7 vs wickets=0 | BOWL_R: ui=15 cb=16 | BOWL_O: ui=2.5 cb=3

[18:10:00  iter#421]
  UI: Gujarat Titans 54-0 (None)  str=Shubman Gill nstr=Sai Sudharsan  bowl=Anshul Kamboj 0-15 (2.5)
  this_over=['Wd', 'Nb+3', 'Nb+5', 'Wd', 'Wd', 'Wd+1', 'Wd+5', 'Wd', 'Wd+5', 'Wd', 'Wd', 'Wd']  fow=7 (unk=0)  last_fow={'wicket': 7, 'batter': 'Jamie Overton', 'score': 143, 'overs': '19.0', 'bowler': None, 'how': None, '_unwitnessed': False}
  delivery: len=good_length line=leg_stump shot=in_the_air [layer2]
  extras: this_over=30 innings=10 [w53/nb4/b0/lb0]
  extras_log: [{'over': None, 'type': 'wide', 'runs': 1, 'this_over_after': []}, {'over': None, 'type': 'wide', 'runs': 4, 'this_over_after': []}, {'over': None, 'type': 'wide', 'runs': 1, 'this_over_after': []}]
  CB: GT 55-0 (6)  crr=9.17  ps=55(36)  recent=6 1 4 1 0 1
  CB BAT: Shubman Gill* 32(22), Sai Sudharsan 23(14)
  CB BOWL: Anshul Kamboj 0-16 (3)
  ⚠ DIVERGENCE: SCORE: ui=54 cb=55 | BAT_gill: ui=17(25) cb=32(22) | BAT_sudharsan: ui=27(30) cb=23(14) | FOW_COUNT: ui=7 vs wickets=0 | BOWL_R: ui=15 cb=16 | BOWL_O: ui=2.5 cb=3

[18:10:23  iter#422]
  UI: Gujarat Titans 55-0 (None)  str=Shubman Gill nstr=Sai Sudharsan  bowl=Anshul Kamboj 0-15 (2.5)
  this_over=['Wd', 'Nb+3', 'Nb+5', 'Wd', 'Wd', 'Wd+1', 'Wd+5', 'Wd', 'Wd+5', 'Wd', 'Wd', 'Wd']  fow=7 (unk=0)  last_fow={'wicket': 7, 'batter': 'Jamie Overton', 'score': 143, 'overs': '19.0', 'bowler': None, 'how': None, '_unwitnessed': False}
  delivery: len=good_length line=leg_stump shot=in_the_air [layer2]
  extras: this_over=30 innings=11 [w53/nb4/b0/lb0]
  extras_log: [{'over': None, 'type': 'wide', 'runs': 1, 'this_over_after': []}, {'over': None, 'type': 'wide', 'runs': 4, 'this_over_after': []}, {'over': None, 'type': 'wide', 'runs': 1, 'this_over_after': []}]
  CB: GT 56-0 (6.1)  crr=9.08  ps=56(37)  recent=1
  CB BAT: Sai Sudharsan* 23(14), Shubman Gill 33(23)
  CB BOWL: Anshul Kamboj 0-16 (3)
  ⚠ DIVERGENCE: SCORE: ui=55 cb=56 | STRIKER: ui=Shubman Gill cb=Sai Sudharsan | BAT_sudharsan: ui=27(30) cb=23(14) | BAT_gill: ui=17(25) cb=33(23) | FOW_COUNT: ui=7 vs wickets=0 | BOWL_R: ui=15 cb=16 | BOWL_O: ui=2.5 cb=3

[18:10:44  iter#423]
  UI: Gujarat Titans 55-0 (None)  str=Shubman Gill nstr=Sai Sudharsan  bowl=Noor Ahmad 0-0 (0)
  this_over=['Wd', 'Nb+3', 'Nb+5', 'Wd', 'Wd', 'Wd+1', 'Wd+5', 'Wd', 'Wd+5', 'Wd', 'Wd', 'Wd']  fow=7 (unk=0)  last_fow={'wicket': 7, 'batter': 'Jamie Overton', 'score': 143, 'overs': '19.0', 'bowler': None, 'how': None, '_unwitnessed': False}
  delivery: len=good_length line=leg_stump shot=in_the_air [layer2]
  extras: this_over=31 innings=11 [w54/nb4/b0/lb0]
  extras_log: [{'over': None, 'type': 'wide', 'runs': 4, 'this_over_after': []}, {'over': None, 'type': 'wide', 'runs': 1, 'this_over_after': []}, {'over': None, 'type': 'wide', 'runs': 1, 'this_over_after': []}]
  CB: GT 56-0 (6.1)  crr=9.08  ps=56(37)  recent=1
  CB BAT: Sai Sudharsan* 23(14), Shubman Gill 33(23)
  CB BOWL: Anshul Kamboj 0-16 (3)
  ⚠ DIVERGENCE: SCORE: ui=55 cb=56 | STRIKER: ui=Shubman Gill cb=Sai Sudharsan | BAT_sudharsan: ui=27(30) cb=23(14) | BAT_gill: ui=17(25) cb=33(23) | FOW_COUNT: ui=7 vs wickets=0 | BOWLER: ui=Noor Ahmad cb=Anshul Kamboj

[18:11:06  iter#424]
  UI: Gujarat Titans 55-0 (None)  str=Shubman Gill nstr=Sai Sudharsan  bowl=Noor Ahmad 0-0 (0)
  this_over=['Wd', 'Nb+3', 'Nb+5', 'Wd', 'Wd', 'Wd+1', 'Wd+5', 'Wd', 'Wd+5', 'Wd', 'Wd', 'Wd']  fow=7 (unk=0)  last_fow={'wicket': 7, 'batter': 'Jamie Overton', 'score': 143, 'overs': '19.0', 'bowler': None, 'how': None, '_unwitnessed': False}
  delivery: len=good_length line=leg_stump shot=in_the_air [layer2]
  extras: this_over=31 innings=11 [w54/nb4/b0/lb0]
  extras_log: [{'over': None, 'type': 'wide', 'runs': 4, 'this_over_after': []}, {'over': None, 'type': 'wide', 'runs': 1, 'this_over_after': []}, {'over': None, 'type': 'wide', 'runs': 1, 'this_over_after': []}]
  CB: GT 56-0 (6.1)  crr=9.08  ps=56(37)  recent=... 1 0 1 4 4
  CB BAT: Sai Sudharsan* 23(14), Shubman Gill 33(23)
  CB BOWL: Anshul Kamboj 0-16 (3)
  ⚠ DIVERGENCE: SCORE: ui=55 cb=56 | STRIKER: ui=Shubman Gill cb=Sai Sudharsan | BAT_sudharsan: ui=27(30) cb=23(14) | BAT_gill: ui=17(25) cb=33(23) | FOW_COUNT: ui=7 vs wickets=0 | BOWLER: ui=Noor Ahmad cb=Anshul Kamboj

[18:11:30  iter#425]
  WS ERR: ''
  CB: GT 57-0 (6.2)  crr=9.0  ps=57(38)  recent=1 1
  CB BAT: Shubman Gill* 33(23), Sai Sudharsan 24(15)
  CB BOWL: Anshul Kamboj 0-16 (3)
  ⚠ DIVERGENCE: BATTERS_MISSING_IN_UI: {'sudharsan', 'gill'} (ui=set(), cb={'sudharsan', 'gill'}) | BOWLER: ui=None cb=Anshul Kamboj

[18:11:53  iter#426]
  UI: Gujarat Titans 57-0 (None)  str=Shubman Gill nstr=Sai Sudharsan  bowl=Noor Ahmad 0-2 (0.2)
  this_over=['Wd', 'Nb+3', 'Nb+5', 'Wd', 'Wd', 'Wd+1', 'Wd+5', 'Wd', 'Wd+5', 'Wd', 'Wd', 'Wd']  fow=7 (unk=0)  last_fow={'wicket': 7, 'batter': 'Jamie Overton', 'score': 143, 'overs': '19.0', 'bowler': None, 'how': None, '_unwitnessed': False}
  delivery: len=good_length line=outside_off shot=in_the_air [layer2]
  extras: this_over=33 innings=0 [w56/nb4/b0/lb0]
  extras_log: [{'over': None, 'type': 'wide', 'runs': 1, 'this_over_after': []}, {'over': None, 'type': 'wide', 'runs': 1, 'this_over_after': []}, {'over': None, 'type': 'wide', 'runs': 1, 'this_over_after': []}]
  CB: GT 57-0 (6.2)  crr=9.0  ps=57(38)  recent=1 1
  CB BAT: Shubman Gill* 33(23), Sai Sudharsan 24(15)
  CB BOWL: Anshul Kamboj 0-16 (3)
  ⚠ DIVERGENCE: BAT_sudharsan: ui=27(30) cb=24(15) | FOW_COUNT: ui=7 vs wickets=0 | BOWLER: ui=Noor Ahmad cb=Anshul Kamboj

[18:12:15  iter#427]
  UI: Gujarat Titans 57-0 (None)  str=Shubman Gill nstr=Sai Sudharsan  bowl=Noor Ahmad 0-2 (0.2)
  this_over=['Wd', 'Nb+3', 'Nb+5', 'Wd', 'Wd', 'Wd+1', 'Wd+5', 'Wd', 'Wd+5', 'Wd', 'Wd', 'Wd']  fow=7 (unk=0)  last_fow={'wicket': 7, 'batter': 'Jamie Overton', 'score': 143, 'overs': '19.0', 'bowler': None, 'how': None, '_unwitnessed': False}
  delivery: len=good_length line=outside_off shot=in_the_air [layer2]
  extras: this_over=33 innings=0 [w56/nb4/b0/lb0]
  extras_log: [{'over': None, 'type': 'wide', 'runs': 1, 'this_over_after': []}, {'over': None, 'type': 'wide', 'runs': 1, 'this_over_after': []}, {'over': None, 'type': 'wide', 'runs': 1, 'this_over_after': []}]
  CB: GT 57-0 (6.2)  crr=9.0  ps=57(38)  recent=... 0 1 4 4
  CB BAT: Shubman Gill* 33(23), Sai Sudharsan 24(15)
  CB BOWL: Anshul Kamboj 0-16 (3)
  ⚠ DIVERGENCE: BAT_sudharsan: ui=27(30) cb=24(15) | FOW_COUNT: ui=7 vs wickets=0 | BOWLER: ui=Noor Ahmad cb=Anshul Kamboj

[18:12:36  iter#428]
  UI: Gujarat Titans 57-0 (None)  str=Shubman Gill nstr=Sai Sudharsan  bowl=Noor Ahmad 0-2 (0.2)
  this_over=['Wd', 'Nb+3', 'Nb+5', 'Wd', 'Wd', 'Wd+1', 'Wd+5', 'Wd', 'Wd+5', 'Wd', 'Wd', 'Wd']  fow=7 (unk=0)  last_fow={'wicket': 7, 'batter': 'Jamie Overton', 'score': 143, 'overs': '19.0', 'bowler': None, 'how': None, '_unwitnessed': False}
  delivery: len=good_length line=outside_off shot=in_the_air [layer2]
  extras: this_over=33 innings=0 [w56/nb4/b0/lb0]
  extras_log: [{'over': None, 'type': 'wide', 'runs': 1, 'this_over_after': []}, {'over': None, 'type': 'wide', 'runs': 1, 'this_over_after': []}, {'over': None, 'type': 'wide', 'runs': 1, 'this_over_after': []}]
  CB: GT 57-0 (6.2)  crr=9.0  ps=57(38)  recent=... 0 1 4 4
  CB BAT: Shubman Gill* 33(23), Sai Sudharsan 24(15)
  CB BOWL: Anshul Kamboj 0-16 (3)
  ⚠ DIVERGENCE: BAT_sudharsan: ui=27(30) cb=24(15) | FOW_COUNT: ui=7 vs wickets=0 | BOWLER: ui=Noor Ahmad cb=Anshul Kamboj

[18:12:58  iter#429]
  UI: Gujarat Titans 57-0 (None)  str=Shubman Gill nstr=Sai Sudharsan  bowl=Noor Ahmad 0-2 (0.2)
  this_over=['Wd', 'Nb+3', 'Nb+5', 'Wd', 'Wd', 'Wd+1', 'Wd+5', 'Wd', 'Wd+5', 'Wd', 'Wd', 'Wd']  fow=7 (unk=0)  last_fow={'wicket': 7, 'batter': 'Jamie Overton', 'score': 143, 'overs': '19.0', 'bowler': None, 'how': None, '_unwitnessed': False}
  delivery: len=good_length line=outside_off shot=in_the_air [layer2]
  extras: this_over=33 innings=0 [w56/nb4/b0/lb0]
  extras_log: [{'over': None, 'type': 'wide', 'runs': 1, 'this_over_after': []}, {'over': None, 'type': 'wide', 'runs': 1, 'this_over_after': []}, {'over': None, 'type': 'wide', 'runs': 1, 'this_over_after': []}]
  CB: GT 58-1 (6.2)  crr=9.16  ps=58(39)  recent=1 1 WW
  CB BAT: Sai Sudharsan* 24(15), Shubman Gill 33(23)
  CB BOWL: Anshul Kamboj 0-16 (3)
  LAST WKT: Shubman Gill  st Sanju Samson b Noor Ahmad 33(23)  - 58/1 in 6.2 ov.
  ⚠ DIVERGENCE: SCORE: ui=57 cb=58 | WICKETS: ui=0 cb=1 | STRIKER: ui=Shubman Gill cb=Sai Sudharsan | BAT_sudharsan: ui=27(30) cb=24(15) | FOW_COUNT: ui=7 vs wickets=0 | BOWLER: ui=Noor Ahmad cb=Anshul Kamboj

[18:13:19  iter#430]
  UI: Gujarat Titans 58-1 (None)  str=None nstr=Shubman Gill  bowl=Noor Ahmad 1-3 (0.2)
  this_over=['Wd', 'Nb+3', 'Nb+5', 'Wd', 'Wd', 'Wd+1', 'Wd+5', 'Wd', 'Wd+5', 'Wd', 'Wd', 'Wd']  fow=7 (unk=0)  last_fow={'wicket': 7, 'batter': 'Jamie Overton', 'score': 143, 'overs': '19.0', 'bowler': None, 'how': None, '_unwitnessed': False}
  delivery: len=good_length line=outside_off shot=in_the_air [layer2]
  extras: this_over=33 innings=0 [w56/nb4/b0/lb0]
  extras_log: [{'over': None, 'type': 'wide', 'runs': 1, 'this_over_after': []}, {'over': None, 'type': 'wide', 'runs': 1, 'this_over_after': []}, {'over': None, 'type': 'wide', 'runs': 1, 'this_over_after': []}]
  CB: GT 58-1 (6.2)  crr=9.16  ps=58(39)  recent=1 1 WW
  CB BAT: Sai Sudharsan* 24(15), Shubman Gill 33(23)
  CB BOWL: Anshul Kamboj 0-16 (3)
  LAST WKT: Shubman Gill  st Sanju Samson b Noor Ahmad 33(23)  - 58/1 in 6.2 ov.
  ⚠ DIVERGENCE: BATTERS_MISSING_IN_UI: {'sudharsan'} (ui={'gill'}, cb={'sudharsan', 'gill'}) | BAT_sudharsan: ui=27(30) cb=24(15) | FOW_COUNT: ui=7 vs wickets=1 | BOWLER: ui=Noor Ahmad cb=Anshul Kamboj

[18:13:41  iter#431]
  UI: Gujarat Titans 58-1 (None)  str=None nstr=Shubman Gill  bowl=Noor Ahmad 1-6 (2)
  this_over=['Wd', 'Nb+3', 'Nb+5', 'Wd', 'Wd', 'Wd+1', 'Wd+5', 'Wd', 'Wd+5', 'Wd', 'Wd', 'Wd']  fow=7 (unk=0)  last_fow={'wicket': 7, 'batter': 'Jamie Overton', 'score': 143, 'overs': '19.0', 'bowler': None, 'how': None, '_unwitnessed': False}
  delivery: len=good_length line=unknown shot=in_the_air [layer2]
  extras: this_over=33 innings=0 [w56/nb4/b0/lb0]
  extras_log: [{'over': None, 'type': 'wide', 'runs': 1, 'this_over_after': []}, {'over': None, 'type': 'wide', 'runs': 1, 'this_over_after': []}, {'over': None, 'type': 'wide', 'runs': 1, 'this_over_after': []}]
  CB: GT 58-1 (6.2)  crr=9.16  ps=58(39)  recent=1 1 WW
  CB BAT: Sai Sudharsan* 24(15), Shubman Gill 33(23)
  CB BOWL: Anshul Kamboj 0-16 (3)
  LAST WKT: Shubman Gill  st Sanju Samson b Noor Ahmad 33(23)  - 58/1 in 6.2 ov.
  ⚠ DIVERGENCE: BATTERS_MISSING_IN_UI: {'sudharsan'} (ui={'gill'}, cb={'sudharsan', 'gill'}) | BAT_sudharsan: ui=27(30) cb=24(15) | FOW_COUNT: ui=7 vs wickets=1 | BOWLER: ui=Noor Ahmad cb=Anshul Kamboj

[18:14:03  iter#432]
  UI: Gujarat Titans 58-1 (None)  str=None nstr=Shubman Gill  bowl=Noor Ahmad 1-6 (2)
  this_over=['Wd', 'Nb+3', 'Nb+5', 'Wd', 'Wd', 'Wd+1', 'Wd+5', 'Wd', 'Wd+5', 'Wd', 'Wd', 'Wd']  fow=7 (unk=0)  last_fow={'wicket': 7, 'batter': 'Jamie Overton', 'score': 143, 'overs': '19.0', 'bowler': None, 'how': None, '_unwitnessed': False}
  delivery: len=good_length line=unknown shot=in_the_air [layer2]
  extras: this_over=33 innings=0 [w56/nb4/b0/lb0]
  extras_log: [{'over': None, 'type': 'wide', 'runs': 1, 'this_over_after': []}, {'over': None, 'type': 'wide', 'runs': 1, 'this_over_after': []}, {'over': None, 'type': 'wide', 'runs': 1, 'this_over_after': []}]
  CB: GT 58-1 (6.2)  crr=9.16  ps=58(39)  recent=... 1 4 4
  CB BAT: Sai Sudharsan* 24(15), Shubman Gill 33(23)
  CB BOWL: Anshul Kamboj 0-16 (3)
  LAST WKT: Shubman Gill  st Sanju Samson b Noor Ahmad 33(23)  - 58/1 in 6.2 ov.
  ⚠ DIVERGENCE: BATTERS_MISSING_IN_UI: {'sudharsan'} (ui={'gill'}, cb={'sudharsan', 'gill'}) | BAT_sudharsan: ui=27(30) cb=24(15) | FOW_COUNT: ui=7 vs wickets=1 | BOWLER: ui=Noor Ahmad cb=Anshul Kamboj

[18:14:26  iter#433]
  UI: Gujarat Titans 58-1 (None)  str=None nstr=Sai Sudharsan  bowl=Noor Ahmad 1-6 (2)
  this_over=['Wd', 'Nb+3', 'Nb+5', 'Wd', 'Wd', 'Wd+1', 'Wd+5', 'Wd', 'Wd+5', 'Wd', 'Wd', 'Wd']  fow=7 (unk=0)  last_fow={'wicket': 7, 'batter': 'Jamie Overton', 'score': 143, 'overs': '19.0', 'bowler': None, 'how': None, '_unwitnessed': False}
  delivery: len=good_length line=unknown shot=in_the_air [layer2]
  extras: this_over=33 innings=0 [w56/nb4/b0/lb0]
  extras_log: [{'over': None, 'type': 'wide', 'runs': 1, 'this_over_after': []}, {'over': None, 'type': 'wide', 'runs': 1, 'this_over_after': []}, {'over': None, 'type': 'wide', 'runs': 1, 'this_over_after': []}]
  CB: GT 58-1 (6.2)  crr=9.16  ps=58(39)  recent=... 1 4 4
  CB BAT: Sai Sudharsan* 24(15), Shubman Gill 33(23)
  CB BOWL: Anshul Kamboj 0-16 (3)
  LAST WKT: Shubman Gill  st Sanju Samson b Noor Ahmad 33(23)  - 58/1 in 6.2 ov.
  ⚠ DIVERGENCE: BATTERS_MISSING_IN_UI: {'gill'} (ui={'sudharsan'}, cb={'sudharsan', 'gill'}) | BAT_sudharsan: ui=27(30) cb=24(15) | FOW_COUNT: ui=7 vs wickets=1 | BOWLER: ui=Noor Ahmad cb=Anshul Kamboj

[18:14:49  iter#434]
  UI: Gujarat Titans 58-1 (None)  str=None nstr=Sai Sudharsan  bowl=Noor Ahmad 1-6 (2)
  this_over=['Wd', 'Nb+3', 'Nb+5', 'Wd', 'Wd', 'Wd+1', 'Wd+5', 'Wd', 'Wd+5', 'Wd', 'Wd', 'Wd']  fow=7 (unk=0)  last_fow={'wicket': 7, 'batter': 'Jamie Overton', 'score': 143, 'overs': '19.0', 'bowler': None, 'how': None, '_unwitnessed': False}
  delivery: len=good_length line=unknown shot=in_the_air [layer2]
  extras: this_over=33 innings=0 [w56/nb4/b0/lb0]
  extras_log: [{'over': None, 'type': 'wide', 'runs': 1, 'this_over_after': []}, {'over': None, 'type': 'wide', 'runs': 1, 'this_over_after': []}, {'over': None, 'type': 'wide', 'runs': 1, 'this_over_after': []}]
  CB: GT 58-1 (6.2)  crr=9.16  ps=58(39)  recent=... 1 4 4
  CB BAT: Sai Sudharsan* 24(15), Shubman Gill 33(23)
  CB BOWL: Anshul Kamboj 0-16 (3)
  LAST WKT: Shubman Gill  st Sanju Samson b Noor Ahmad 33(23)  - 58/1 in 6.2 ov.
  ⚠ DIVERGENCE: BATTERS_MISSING_IN_UI: {'gill'} (ui={'sudharsan'}, cb={'sudharsan', 'gill'}) | BAT_sudharsan: ui=27(30) cb=24(15) | FOW_COUNT: ui=7 vs wickets=1 | BOWLER: ui=Noor Ahmad cb=Anshul Kamboj

[18:15:13  iter#435]
  UI: Gujarat Titans 59-1 (None)  str=None nstr=Sai Sudharsan  bowl=Noor Ahmad 1-6 (2)
  this_over=['Wd', 'Nb+3', 'Nb+5', 'Wd', 'Wd', 'Wd+1', 'Wd+5', 'Wd', 'Wd+5', 'Wd', 'Wd', 'Wd']  fow=7 (unk=0)  last_fow={'wicket': 7, 'batter': 'Jamie Overton', 'score': 143, 'overs': '19.0', 'bowler': None, 'how': None, '_unwitnessed': False}
  delivery: len=good_length line=unknown shot=in_the_air [layer2]
  extras: this_over=34 innings=1 [w57/nb4/b0/lb0]
  extras_log: [{'over': None, 'type': 'wide', 'runs': 1, 'this_over_after': []}, {'over': None, 'type': 'wide', 'runs': 1, 'this_over_after': []}, {'over': None, 'type': 'wide', 'runs': 1, 'this_over_after': []}]
  CB: GT 59-1 (6.3)  crr=9.08  ps=1(1)  recent=1 1 WW
  CB BAT: Sai Sudharsan* 24(15), Jos Buttler 1(1)
  CB BOWL: Anshul Kamboj 0-16 (3)
  LAST WKT: Shubman Gill  st Sanju Samson b Noor Ahmad 33(23)  - 58/1 in 6.2 ov.
  ⚠ DIVERGENCE: BATTERS_MISSING_IN_UI: {'buttler'} (ui={'sudharsan'}, cb={'buttler', 'sudharsan'}) | BAT_sudharsan: ui=27(30) cb=24(15) | FOW_COUNT: ui=7 vs wickets=1 | BOWLER: ui=Noor Ahmad cb=Anshul Kamboj

[18:15:38  iter#436]
  WS ERR: ''
  CB: GT 59-1 (6.4)  crr=8.85  ps=1(2)  recent=1 1 WW
  CB BAT: Sai Sudharsan* 24(16), Jos Buttler 1(1)
  CB BOWL: Anshul Kamboj 0-16 (3)
  LAST WKT: Shubman Gill  st Sanju Samson b Noor Ahmad 33(23)  - 58/1 in 6.2 ov.
  ⚠ DIVERGENCE: BATTERS_MISSING_IN_UI: {'buttler', 'sudharsan'} (ui=set(), cb={'buttler', 'sudharsan'}) | BOWLER: ui=None cb=Anshul Kamboj

[18:15:59  iter#437]
  UI: Gujarat Titans 59-1 (None)  str=None nstr=Sai Sudharsan  bowl=Noor Ahmad 1-6 (2)
  this_over=['Wd', 'Nb+3', 'Nb+5', 'Wd', 'Wd', 'Wd+1', 'Wd+5', 'Wd', 'Wd+5', 'Wd', 'Wd', 'Wd']  fow=7 (unk=0)  last_fow={'wicket': 7, 'batter': 'Jamie Overton', 'score': 143, 'overs': '19.0', 'bowler': None, 'how': None, '_unwitnessed': False}
  delivery: len=short_of_length line=unknown shot=in_the_air [layer2]
  extras: this_over=34 innings=1 [w57/nb4/b0/lb0]
  extras_log: [{'over': None, 'type': 'wide', 'runs': 1, 'this_over_after': []}, {'over': None, 'type': 'wide', 'runs': 1, 'this_over_after': []}, {'over': None, 'type': 'wide', 'runs': 1, 'this_over_after': []}]
  CB: GT 60-1 (6.5)  crr=8.78  ps=2(3)  recent=1 1 WW
  CB BAT: Jos Buttler* 1(1), Sai Sudharsan 25(17)
  CB BOWL: Anshul Kamboj 0-16 (3)
  LAST WKT: Shubman Gill  st Sanju Samson b Noor Ahmad 33(23)  - 58/1 in 6.2 ov.
  ⚠ DIVERGENCE: SCORE: ui=59 cb=60 | BATTERS_MISSING_IN_UI: {'buttler'} (ui={'sudharsan'}, cb={'buttler', 'sudharsan'}) | BAT_sudharsan: ui=27(30) cb=25(17) | FOW_COUNT: ui=7 vs wickets=1 | BOWLER: ui=Noor Ahmad cb=Anshul Kamboj

[18:16:19  iter#438]
  WS ERR: "Multiple exceptions: [Errno 61] Connect call failed ('::1', 8765, 0, 0), [Errno 61] Connect call failed ('127.0.0.1', 8765)"
  CB: GT 60-1 (7)  crr=8.57  ps=2(4)  recent=1 1 WW
  CB BAT: Sai Sudharsan* 25(17), Jos Buttler 1(2)
  CB BOWL: Noor Ahmad 1-5 (1)
  LAST WKT: Shubman Gill  st Sanju Samson b Noor Ahmad 33(23)  - 58/1 in 6.2 ov.
  ⚠ DIVERGENCE: BATTERS_MISSING_IN_UI: {'buttler', 'sudharsan'} (ui=set(), cb={'buttler', 'sudharsan'}) | BOWLER: ui=None cb=Noor Ahmad

[18:16:43  iter#439]
  UI: Gujarat Titans None-None (None)  str=None nstr=Jos Buttler  bowl=Noor Ahmad 1-5 (0.5)
  this_over=[]  fow=0 (unk=0)  last_fow=None
  delivery: (none yet on UI)
  extras: this_over=0 innings=0 [w0/nb0/b0/lb0]
  CB: GT 60-1 (7)  crr=8.57  ps=2(4)  recent=1 1 WW
  CB BAT: Sai Sudharsan* 25(17), Jos Buttler 1(2)
  CB BOWL: Noor Ahmad 1-5 (1)
  LAST WKT: Shubman Gill  st Sanju Samson b Noor Ahmad 33(23)  - 58/1 in 6.2 ov.
  ⚠ DIVERGENCE: BATTERS_MISSING_IN_UI: {'sudharsan'} (ui={'buttler'}, cb={'buttler', 'sudharsan'}) | BAT_sudharsan: ui=0(0) cb=25(17) | BAT_buttler: ui=0(0) cb=1(2) | BOWL_O: ui=0.5 cb=1

[18:17:04  iter#440]
  UI: Gujarat Titans 60-1 (None)  str=Jos Buttler nstr=Sai Sudharsan  bowl=Noor Ahmad 1-5 (1)
  this_over=[]  fow=1 (unk=1)  last_fow={'wicket': 1, 'batter': None, 'score': None, 'overs': None, 'bowler': None, 'how': None, '_unwitnessed': True}
  delivery: (none yet on UI)
  extras: this_over=0 innings=0 [w0/nb0/b0/lb0]
  CB: GT 60-1 (7)  crr=8.57  ps=2(4)  recent=1 1 WW
  CB BAT: Sai Sudharsan* 25(17), Jos Buttler 1(2)
  CB BOWL: Noor Ahmad 1-5 (1)
  LAST WKT: Shubman Gill  st Sanju Samson b Noor Ahmad 33(23)  - 58/1 in 6.2 ov.
  ⚠ DIVERGENCE: STRIKER: ui=Jos Buttler cb=Sai Sudharsan | BAT_buttler: ui=1(0) cb=1(2) | FOW_UNKNOWN: 1 placeholder(s) awaiting broadcast upgrade

[18:17:29  iter#441]
  WS ERR: ''
  CB: GT 60-1 (7)  crr=8.57  ps=2(4)  recent=...
  CB BAT: Sai Sudharsan* 25(17), Jos Buttler 1(2)
  CB BOWL: Noor Ahmad 1-5 (1)
  LAST WKT: Shubman Gill  st Sanju Samson b Noor Ahmad 33(23)  - 58/1 in 6.2 ov.
  ⚠ DIVERGENCE: BATTERS_MISSING_IN_UI: {'buttler', 'sudharsan'} (ui=set(), cb={'buttler', 'sudharsan'}) | BOWLER: ui=None cb=Noor Ahmad

[18:17:50  iter#442]
  UI: GT 60-1 (7.0)  str=Sai Sudharsan nstr=Jos Buttler  bowl=None None-None (None)
  this_over=[]  fow=0 (unk=0)  last_fow=None
  delivery: (none yet on UI)
  extras: this_over=0 innings=None [w0/nb0/b0/lb0]
  CB: GT 61-1 (7.1)  crr=8.51  ps=3(5)  recent=1
  CB BAT: Jos Buttler* 1(2), Sai Sudharsan 26(18)
  CB BOWL: Noor Ahmad 1-5 (1)
  LAST WKT: Shubman Gill  st Sanju Samson b Noor Ahmad 33(23)  - 58/1 in 6.2 ov.
  ⚠ DIVERGENCE: SCORE: ui=60 cb=61 | OVERS: ui=7.0 cb=7.1 | STRIKER: ui=Sai Sudharsan cb=Jos Buttler | FOW_COUNT: ui=0 vs wickets=1 | BOWLER: ui=None cb=Noor Ahmad

[18:18:11  iter#443]
  UI: Gujarat Titans 61-1 (7.1)  str=Jos Buttler nstr=Sai Sudharsan  bowl=Gurjapneet Singh 0-12 (1.1)
  this_over=['1']  fow=1 (unk=1)  last_fow={'wicket': 1, 'batter': None, 'score': None, 'overs': None, 'bowler': None, 'how': None, '_unwitnessed': True}
  delivery: len=short_of_length line=leg_stump shot=in_the_air [layer2]
  extras: this_over=0 innings=0 [w0/nb0/b0/lb0]
  CB: GT 61-1 (7.1)  crr=8.51  ps=3(5)  recent=1
  CB BAT: Jos Buttler* 1(2), Sai Sudharsan 26(18)
  CB BOWL: Noor Ahmad 1-5 (1)
  LAST WKT: Shubman Gill  st Sanju Samson b Noor Ahmad 33(23)  - 58/1 in 6.2 ov.
  ⚠ DIVERGENCE: FOW_UNKNOWN: 1 placeholder(s) awaiting broadcast upgrade | BOWLER: ui=Gurjapneet Singh cb=Noor Ahmad

[18:18:32  iter#444]
  UI: Gujarat Titans 61-1 (7.1)  str=Jos Buttler nstr=Sai Sudharsan  bowl=Gurjapneet Singh 0-12 (1.1)
  this_over=['1']  fow=1 (unk=1)  last_fow={'wicket': 1, 'batter': None, 'score': None, 'overs': None, 'bowler': None, 'how': None, '_unwitnessed': True}
  delivery: len=short_of_length line=leg_stump shot=in_the_air [layer2]
  extras: this_over=0 innings=0 [w0/nb0/b0/lb0]
  CB: GT 61-1 (7.1)  crr=8.51  ps=3(5)  recent=1
  CB BAT: Jos Buttler* 1(2), Sai Sudharsan 26(18)
  CB BOWL: Noor Ahmad 1-5 (1)
  LAST WKT: Shubman Gill  st Sanju Samson b Noor Ahmad 33(23)  - 58/1 in 6.2 ov.
  ⚠ DIVERGENCE: FOW_UNKNOWN: 1 placeholder(s) awaiting broadcast upgrade | BOWLER: ui=Gurjapneet Singh cb=Noor Ahmad

[18:18:52  iter#445]
  UI: Gujarat Titans 62-1 (7.2)  str=Sai Sudharsan nstr=Jos Buttler  bowl=Gurjapneet Singh 0-13 (1.2)
  this_over=['1', '1']  fow=1 (unk=1)  last_fow={'wicket': 1, 'batter': None, 'score': None, 'overs': None, 'bowler': None, 'how': None, '_unwitnessed': True}
  delivery: len=short_of_length line=leg_stump shot=in_the_air [layer2]
  extras: this_over=0 innings=0 [w0/nb0/b0/lb0]
  CB: GT 62-1 (7.2)  crr=8.45  ps=4(6)  recent=1 1
  CB BAT: Sai Sudharsan* 26(18), Jos Buttler 2(3)
  CB BOWL: Noor Ahmad 1-5 (1)
  LAST WKT: Shubman Gill  st Sanju Samson b Noor Ahmad 33(23)  - 58/1 in 6.2 ov.
  ⚠ DIVERGENCE: FOW_UNKNOWN: 1 placeholder(s) awaiting broadcast upgrade | BOWLER: ui=Gurjapneet Singh cb=Noor Ahmad

[18:19:16  iter#446]
  WS ERR: ''
  CB: GT 63-1 (7.3)  crr=8.4  ps=5(7)  recent=1 1 1
  CB BAT: Jos Buttler* 2(3), Sai Sudharsan 27(19)
  CB BOWL: Noor Ahmad 1-5 (1)
  LAST WKT: Shubman Gill  st Sanju Samson b Noor Ahmad 33(23)  - 58/1 in 6.2 ov.
  ⚠ DIVERGENCE: BATTERS_MISSING_IN_UI: {'buttler', 'sudharsan'} (ui=set(), cb={'buttler', 'sudharsan'}) | BOWLER: ui=None cb=Noor Ahmad

[18:19:39  iter#447]
  UI: Gujarat Titans 63-1 (7.3)  str=Jos Buttler nstr=Sai Sudharsan  bowl=Gurjapneet Singh 0-14 (1.3)
  this_over=['1', '1', '1']  fow=1 (unk=1)  last_fow={'wicket': 1, 'batter': None, 'score': None, 'overs': None, 'bowler': None, 'how': None, '_unwitnessed': True}
  delivery: len=short_of_length line=leg_stump shot=in_the_air [layer2]
  extras: this_over=0 innings=0 [w0/nb0/b0/lb0]
  CB: GT 63-1 (7.3)  crr=8.4  ps=5(7)  recent=1 1 1
  CB BAT: Jos Buttler* 2(3), Sai Sudharsan 27(19)
  CB BOWL: Noor Ahmad 1-5 (1)
  LAST WKT: Shubman Gill  st Sanju Samson b Noor Ahmad 33(23)  - 58/1 in 6.2 ov.
  ⚠ DIVERGENCE: FOW_UNKNOWN: 1 placeholder(s) awaiting broadcast upgrade | BOWLER: ui=Gurjapneet Singh cb=Noor Ahmad

[18:20:00  iter#448]
  UI: GT 64-1 (7.4)  str=Sai Sudharsan nstr=Jos Buttler  bowl=None None-None (None)
  this_over=['1', '1', '1', '1']  fow=0 (unk=0)  last_fow=None
  delivery: len=short_of_length line=leg_stump shot=in_the_air [layer2]
  extras: this_over=0 innings=None [w0/nb0/b0/lb0]
  CB: GT 64-1 (7.4)  crr=8.35  ps=6(8)  recent=1 1 1 1
  CB BAT: Sai Sudharsan* 27(19), Jos Buttler 3(4)
  CB BOWL: Noor Ahmad 1-5 (1)
  LAST WKT: Shubman Gill  st Sanju Samson b Noor Ahmad 33(23)  - 58/1 in 6.2 ov.
  ⚠ DIVERGENCE: FOW_COUNT: ui=0 vs wickets=1 | BOWLER: ui=None cb=Noor Ahmad

[18:20:21  iter#449]
  UI: Gujarat Titans 64-1 (7.4)  str=Jos Buttler nstr=Sai Sudharsan  bowl=Gurjapneet Singh 0-15 (1.4)
  this_over=['?', '?', '?', '1']  fow=1 (unk=1)  last_fow={'wicket': 1, 'batter': None, 'score': None, 'overs': None, 'bowler': None, 'how': None, '_unwitnessed': True}
  delivery: len=short_of_length line=outside_off shot=in_the_air [layer2]
  extras: this_over=0 innings=0 [w0/nb0/b0/lb0]
  CB: GT 64-1 (7.4)  crr=8.35  ps=6(8)  recent=1 1 1 1
  CB BAT: Sai Sudharsan* 27(19), Jos Buttler 3(4)
  CB BOWL: Noor Ahmad 1-5 (1)
  LAST WKT: Shubman Gill  st Sanju Samson b Noor Ahmad 33(23)  - 58/1 in 6.2 ov.
  ⚠ DIVERGENCE: STRIKER: ui=Jos Buttler cb=Sai Sudharsan | FOW_UNKNOWN: 1 placeholder(s) awaiting broadcast upgrade | BOWLER: ui=Gurjapneet Singh cb=Noor Ahmad

[18:20:43  iter#450]
  UI: Gujarat Titans 68-1 (7.5)  str=Sai Sudharsan nstr=Jos Buttler  bowl=Gurjapneet Singh 0-19 (1.5)
  this_over=['?', '?', '?', '1', '4']  fow=1 (unk=1)  last_fow={'wicket': 1, 'batter': None, 'score': None, 'overs': None, 'bowler': None, 'how': None, '_unwitnessed': True}
  delivery: len=short_of_length line=outside_off shot=in_the_air [layer2]
  extras: this_over=0 innings=0 [w0/nb0/b0/lb0]
  CB: GT 68-1 (7.5)  crr=8.68  ps=10(9)  recent=1 1 1 1 4
  CB BAT: Sai Sudharsan* 31(20), Jos Buttler 3(4)
  CB BOWL: Noor Ahmad 1-5 (1)
  LAST WKT: Shubman Gill  st Sanju Samson b Noor Ahmad 33(23)  - 58/1 in 6.2 ov.
  ⚠ DIVERGENCE: FOW_UNKNOWN: 1 placeholder(s) awaiting broadcast upgrade | BOWLER: ui=Gurjapneet Singh cb=Noor Ahmad

[18:21:07  iter#451]
  UI: Gujarat Titans 68-1 (7.5)  str=Sai Sudharsan nstr=Jos Buttler  bowl=Gurjapneet Singh 0-19 (1.5)
  this_over=['?', '?', '?', '1', '4']  fow=1 (unk=1)  last_fow={'wicket': 1, 'batter': None, 'score': None, 'overs': None, 'bowler': None, 'how': None, '_unwitnessed': True}
  delivery: len=short_of_length line=leg_stump shot=in_the_air [layer2]
  extras: this_over=0 innings=0 [w0/nb0/b0/lb0]
  CB: GT 68-1 (7.5)  crr=8.68  ps=10(9)  recent=1 1 1 1 4
  CB BAT: Sai Sudharsan* 31(20), Jos Buttler 3(4)
  CB BOWL: Noor Ahmad 1-5 (1)
  LAST WKT: Shubman Gill  st Sanju Samson b Noor Ahmad 33(23)  - 58/1 in 6.2 ov.
  ⚠ DIVERGENCE: FOW_UNKNOWN: 1 placeholder(s) awaiting broadcast upgrade | BOWLER: ui=Gurjapneet Singh cb=Noor Ahmad

[18:21:29  iter#452]
  UI: Gujarat Titans 69-1 (8.0)  str=Sai Sudharsan nstr=Jos Buttler  bowl=Gurjapneet Singh 0-20 (2.0)
  this_over=['1', '1', '1', '1', '4', '1']  fow=1 (unk=1)  last_fow={'wicket': 1, 'batter': None, 'score': None, 'overs': None, 'bowler': None, 'how': None, '_unwitnessed': True}
  delivery: len=short_of_length line=leg_stump shot=in_the_air [layer2]
  extras: this_over=0 innings=0 [w0/nb0/b0/lb0]
  CB: GT 69-1 (8)  crr=8.62  ps=11(10)  recent=1 1 1 1 4 1
  CB BAT: Sai Sudharsan* 32(21), Jos Buttler 3(4)
  CB BOWL: Gurjapneet Singh 0-20 (2)
  LAST WKT: Shubman Gill  st Sanju Samson b Noor Ahmad 33(23)  - 58/1 in 6.2 ov.
  ⚠ DIVERGENCE: OVERS: ui=8.0 cb=8 | FOW_UNKNOWN: 1 placeholder(s) awaiting broadcast upgrade | BOWL_O: ui=2.0 cb=2

[18:21:50  iter#453]
  UI: Gujarat Titans 69-1 (8.0)  str=Sai Sudharsan nstr=Jos Buttler  bowl=Gurjapneet Singh 0-20 (2.0)
  this_over=['1', '1', '1', '1', '4', '1']  fow=1 (unk=1)  last_fow={'wicket': 1, 'batter': None, 'score': None, 'overs': None, 'bowler': None, 'how': None, '_unwitnessed': True}
  delivery: len=short_of_length line=leg_stump shot=in_the_air [layer2]
  extras: this_over=0 innings=0 [w0/nb0/b0/lb0]
  CB: GT 69-1 (8)  crr=8.62  ps=11(10)  recent=1 1 1 1 4 1
  CB BAT: Sai Sudharsan* 32(21), Jos Buttler 3(4)
  CB BOWL: Gurjapneet Singh 0-20 (2)
  LAST WKT: Shubman Gill  st Sanju Samson b Noor Ahmad 33(23)  - 58/1 in 6.2 ov.
  ⚠ DIVERGENCE: OVERS: ui=8.0 cb=8 | FOW_UNKNOWN: 1 placeholder(s) awaiting broadcast upgrade | BOWL_O: ui=2.0 cb=2

[18:22:13  iter#454]
  UI: Gujarat Titans 69-1 (8.0)  str=Sai Sudharsan nstr=Jos Buttler  bowl=Gurjapneet Singh 0-20 (2.0)
  this_over=['1', '1', '1', '1', '4', '1']  fow=1 (unk=1)  last_fow={'wicket': 1, 'batter': None, 'score': None, 'overs': None, 'bowler': None, 'how': None, '_unwitnessed': True}
  delivery: len=short_of_length line=leg_stump shot=in_the_air [layer2]
  extras: this_over=0 innings=0 [w0/nb0/b0/lb0]
  CB: GT 69-1 (8)  crr=8.62  ps=11(10)  recent=1 1 1 1 4 1
  CB BAT: Sai Sudharsan* 32(21), Jos Buttler 3(4)
  CB BOWL: Gurjapneet Singh 0-20 (2)
  LAST WKT: Shubman Gill  st Sanju Samson b Noor Ahmad 33(23)  - 58/1 in 6.2 ov.
  ⚠ DIVERGENCE: OVERS: ui=8.0 cb=8 | FOW_UNKNOWN: 1 placeholder(s) awaiting broadcast upgrade | BOWL_O: ui=2.0 cb=2

[18:22:35  iter#455]
  UI: Gujarat Titans 69-1 (8.1)  str=Sai Sudharsan nstr=Jos Buttler  bowl=Noor Ahmad 1-5 (1.1)
  this_over=['.']  fow=1 (unk=1)  last_fow={'wicket': 1, 'batter': None, 'score': None, 'overs': None, 'bowler': None, 'how': None, '_unwitnessed': True}
  delivery: len=short_of_length line=leg_stump shot=in_the_air [layer2]
  extras: this_over=0 innings=0 [w0/nb0/b0/lb0]
  CB: GT 70-1 (8.2)  crr=8.4  ps=12(12)  recent=0 1
  CB BAT: Jos Buttler* 3(4), Sai Sudharsan 33(23)
  CB BOWL: Gurjapneet Singh 0-20 (2)
  LAST WKT: Shubman Gill  st Sanju Samson b Noor Ahmad 33(23)  - 58/1 in 6.2 ov.
  ⚠ DIVERGENCE: SCORE: ui=69 cb=70 | OVERS: ui=8.1 cb=8.2 | STRIKER: ui=Sai Sudharsan cb=Jos Buttler | BAT_sudharsan: ui=32(22) cb=33(23) | FOW_UNKNOWN: 1 placeholder(s) awaiting broadcast upgrade | BOWLER: ui=Noor Ahmad cb=Gurjapneet Singh

[18:22:57  iter#456]
  UI: Gujarat Titans 70-1 (8.2)  str=Jos Buttler nstr=Sai Sudharsan  bowl=Noor Ahmad 1-6 (1.2)
  this_over=['.', '1']  fow=1 (unk=1)  last_fow={'wicket': 1, 'batter': None, 'score': None, 'overs': None, 'bowler': None, 'how': None, '_unwitnessed': True}
  delivery: len=short_of_length line=leg_stump shot=in_the_air [layer2]
  extras: this_over=0 innings=0 [w0/nb0/b0/lb0]
  CB: GT 70-1 (8.2)  crr=8.4  ps=12(12)  recent=0 1
  CB BAT: Jos Buttler* 3(4), Sai Sudharsan 33(23)
  CB BOWL: Gurjapneet Singh 0-20 (2)
  LAST WKT: Shubman Gill  st Sanju Samson b Noor Ahmad 33(23)  - 58/1 in 6.2 ov.
  ⚠ DIVERGENCE: FOW_UNKNOWN: 1 placeholder(s) awaiting broadcast upgrade | BOWLER: ui=Noor Ahmad cb=Gurjapneet Singh

[18:23:20  iter#457]
  UI: GT 71-1 (8.3)  str=Sai Sudharsan nstr=Jos Buttler  bowl=None None-None (None)
  this_over=['.', '1', '1']  fow=0 (unk=0)  last_fow=None
  delivery: len=short_of_length line=outside_off shot=in_the_air [layer2]
  extras: this_over=0 innings=None [w0/nb0/b0/lb0]
  CB: GT 71-1 (8.3)  crr=8.35  ps=13(13)  recent=0 1 1
  CB BAT: Sai Sudharsan* 33(23), Jos Buttler 4(5)
  CB BOWL: Gurjapneet Singh 0-20 (2)
  LAST WKT: Shubman Gill  st Sanju Samson b Noor Ahmad 33(23)  - 58/1 in 6.2 ov.
  ⚠ DIVERGENCE: FOW_COUNT: ui=0 vs wickets=1 | BOWLER: ui=None cb=Gurjapneet Singh

[18:23:40  iter#458]
  UI: Gujarat Titans 71-1 (8.3)  str=Sai Sudharsan nstr=Jos Buttler  bowl=Noor Ahmad 1-7 (1.3)
  this_over=['.', '1', '1']  fow=1 (unk=1)  last_fow={'wicket': 1, 'batter': None, 'score': None, 'overs': None, 'bowler': None, 'how': None, '_unwitnessed': True}
  delivery: len=short_of_length line=outside_off shot=in_the_air [layer2]
  extras: this_over=0 innings=0 [w0/nb0/b0/lb0]
  CB: GT 71-1 (8.3)  crr=8.35  ps=13(13)  recent=0 1 1
  CB BAT: Sai Sudharsan* 33(23), Jos Buttler 4(5)
  CB BOWL: Gurjapneet Singh 0-20 (2)
  LAST WKT: Shubman Gill  st Sanju Samson b Noor Ahmad 33(23)  - 58/1 in 6.2 ov.
  ⚠ DIVERGENCE: FOW_UNKNOWN: 1 placeholder(s) awaiting broadcast upgrade | BOWLER: ui=Noor Ahmad cb=Gurjapneet Singh

[18:24:02  iter#459]
  UI: Gujarat Titans 73-1 (8.4)  str=Sai Sudharsan nstr=Jos Buttler  bowl=Gurjapneet Singh 0-20 (2.0)
  this_over=['.', '1', '1', '2']  fow=1 (unk=1)  last_fow={'wicket': 1, 'batter': None, 'score': None, 'overs': None, 'bowler': None, 'how': None, '_unwitnessed': True}
  delivery: len=short_of_length line=outside_off shot=in_the_air [layer2]
  extras: this_over=0 innings=0 [w0/nb0/b0/lb0]
  CB: GT 73-1 (8.4)  crr=8.42  ps=15(14)  recent=0 1 1 2
  CB BAT: Sai Sudharsan* 35(24), Jos Buttler 4(5)
  CB BOWL: Gurjapneet Singh 0-20 (2)
  LAST WKT: Shubman Gill  st Sanju Samson b Noor Ahmad 33(23)  - 58/1 in 6.2 ov.
  ⚠ DIVERGENCE: BAT_sudharsan: ui=36(29) cb=35(24) | BAT_buttler: ui=10(13) cb=4(5) | FOW_UNKNOWN: 1 placeholder(s) awaiting broadcast upgrade | BOWL_O: ui=2.0 cb=2

[18:24:33  iter#460]
  UI: Gujarat Titans 73-1 (8.4)  str=Sai Sudharsan nstr=Jos Buttler  bowl=Gurjapneet Singh 0-20 (2.0)
  this_over=['.', '1', '1', '2']  fow=1 (unk=1)  last_fow={'wicket': 1, 'batter': None, 'score': None, 'overs': None, 'bowler': None, 'how': None, '_unwitnessed': True}
  delivery: len=short_of_length line=outside_off shot=in_the_air [layer2]
  extras: this_over=0 innings=0 [w0/nb0/b0/lb0]
  CB: GT 75-1 (8.5)  crr=8.49  ps=17(15)  recent=0 1 1 2 2
  CB BAT: Sai Sudharsan* 37(25), Jos Buttler 4(5)
  CB BOWL: Gurjapneet Singh 0-20 (2)
  LAST WKT: Shubman Gill  st Sanju Samson b Noor Ahmad 33(23)  - 58/1 in 6.2 ov.
  ⚠ DIVERGENCE: SCORE: ui=73 cb=75 | OVERS: ui=8.4 cb=8.5 | BAT_sudharsan: ui=36(29) cb=37(25) | BAT_buttler: ui=10(13) cb=4(5) | FOW_UNKNOWN: 1 placeholder(s) awaiting broadcast upgrade | BOWL_O: ui=2.0 cb=2

[18:24:56  iter#461]
  UI: Gujarat Titans 75-1 (8.5)  str=Sai Sudharsan nstr=Jos Buttler  bowl=Gurjapneet Singh 0-20 (2.0)
  this_over=['.', '1', '1', '2', '2']  fow=1 (unk=1)  last_fow={'wicket': 1, 'batter': None, 'score': None, 'overs': None, 'bowler': None, 'how': None, '_unwitnessed': True}
  delivery: len=short_of_length line=leg_stump shot=in_the_air [layer2]
  extras: this_over=0 innings=0 [w0/nb0/b0/lb0]
  CB: GT 75-1 (8.5)  crr=8.49  ps=17(15)  recent=0 1 1 2 2
  CB BAT: Sai Sudharsan* 37(25), Jos Buttler 4(5)
  CB BOWL: Gurjapneet Singh 0-20 (2)
  LAST WKT: Shubman Gill  st Sanju Samson b Noor Ahmad 33(23)  - 58/1 in 6.2 ov.
  ⚠ DIVERGENCE: BAT_sudharsan: ui=36(29) cb=37(25) | BAT_buttler: ui=10(13) cb=4(5) | FOW_UNKNOWN: 1 placeholder(s) awaiting broadcast upgrade | BOWL_O: ui=2.0 cb=2

[18:25:17  iter#462]
  UI: Gujarat Titans 75-1 (8.5)  str=Sai Sudharsan nstr=Jos Buttler  bowl=Gurjapneet Singh 0-20 (2.0)
  this_over=['.', '1', '1', '2', '2']  fow=1 (unk=1)  last_fow={'wicket': 1, 'batter': None, 'score': None, 'overs': None, 'bowler': None, 'how': None, '_unwitnessed': True}
  delivery: len=short_of_length line=leg_stump shot=in_the_air [layer2]
  extras: this_over=0 innings=0 [w0/nb0/b0/lb0]
  CB: GT 74-1 (8.5)  crr=8.38  ps=16(15)  recent=0 1 1 2 1
  CB BAT: Sai Sudharsan* 36(25), Jos Buttler 4(5)
  CB BOWL: Gurjapneet Singh 0-20 (2)
  LAST WKT: Shubman Gill  st Sanju Samson b Noor Ahmad 33(23)  - 58/1 in 6.2 ov.
  ⚠ DIVERGENCE: SCORE: ui=75 cb=74 | BAT_sudharsan: ui=36(29) cb=36(25) | BAT_buttler: ui=10(13) cb=4(5) | FOW_UNKNOWN: 1 placeholder(s) awaiting broadcast upgrade | BOWL_O: ui=2.0 cb=2

[18:25:39  iter#463]
  UI: Gujarat Titans 75-1 (9.0)  str=Jos Buttler nstr=Sai Sudharsan  bowl=Gurjapneet Singh 0-20 (2.0)
  this_over=['.', '1', '1', '2', '2', '.']  fow=1 (unk=1)  last_fow={'wicket': 1, 'batter': None, 'score': None, 'overs': None, 'bowler': None, 'how': None, '_unwitnessed': True}
  delivery: len=short_of_length line=leg_stump shot=in_the_air [layer2]
  extras: this_over=0 innings=0 [w0/nb0/b0/lb0]
  CB: GT 75-1 (9)  crr=8.33  ps=17(16)  recent=0 1 1 2 1 1
  CB BAT: Sai Sudharsan* 37(26), Jos Buttler 4(5)
  CB BOWL: Noor Ahmad 1-11 (2)
  LAST WKT: Shubman Gill  st Sanju Samson b Noor Ahmad 33(23)  - 58/1 in 6.2 ov.
  ⚠ DIVERGENCE: OVERS: ui=9.0 cb=9 | STRIKER: ui=Jos Buttler cb=Sai Sudharsan | BAT_sudharsan: ui=36(29) cb=37(26) | BAT_buttler: ui=10(13) cb=4(5) | FOW_UNKNOWN: 1 placeholder(s) awaiting broadcast upgrade | BOWLER: ui=Gurjapneet Singh cb=Noor Ahmad

[18:26:03  iter#464]
  WS ERR: ''
  CB: GT 75-1 (9)  crr=8.33  ps=17(16)  recent=0 1 1 2 1 1
  CB BAT: Sai Sudharsan* 37(26), Jos Buttler 4(5)
  CB BOWL: Noor Ahmad 1-11 (2)
  LAST WKT: Shubman Gill  st Sanju Samson b Noor Ahmad 33(23)  - 58/1 in 6.2 ov.
  ⚠ DIVERGENCE: BATTERS_MISSING_IN_UI: {'buttler', 'sudharsan'} (ui=set(), cb={'buttler', 'sudharsan'}) | BOWLER: ui=None cb=Noor Ahmad

[18:26:26  iter#465]
  UI: Gujarat Titans 75-1 (9.0)  str=Jos Buttler nstr=Sai Sudharsan  bowl=Gurjapneet Singh 0-20 (2.0)
  this_over=['.', '1', '1', '2', '2', '.']  fow=1 (unk=1)  last_fow={'wicket': 1, 'batter': None, 'score': None, 'overs': None, 'bowler': None, 'how': None, '_unwitnessed': True}
  delivery: len=short_of_length line=leg_stump shot=in_the_air [layer2]
  extras: this_over=0 innings=0 [w0/nb0/b0/lb0]
  CB: GT 75-1 (9)  crr=8.33  ps=17(16)  recent=0 1 1 2 1 1
  CB BAT: Sai Sudharsan* 37(26), Jos Buttler 4(5)
  CB BOWL: Noor Ahmad 1-11 (2)
  LAST WKT: Shubman Gill  st Sanju Samson b Noor Ahmad 33(23)  - 58/1 in 6.2 ov.
  ⚠ DIVERGENCE: OVERS: ui=9.0 cb=9 | STRIKER: ui=Jos Buttler cb=Sai Sudharsan | BAT_sudharsan: ui=36(29) cb=37(26) | BAT_buttler: ui=10(13) cb=4(5) | FOW_UNKNOWN: 1 placeholder(s) awaiting broadcast upgrade | BOWLER: ui=Gurjapneet Singh cb=Noor Ahmad

[18:26:51  iter#466]
  WS ERR: ''
  CB: GT 75-1 (9)  crr=8.33  ps=17(16)  recent=...
  CB BAT: Sai Sudharsan* 37(26), Jos Buttler 4(5)
  CB BOWL: Noor Ahmad 1-11 (2)
  LAST WKT: Shubman Gill  st Sanju Samson b Noor Ahmad 33(23)  - 58/1 in 6.2 ov.
  ⚠ DIVERGENCE: BATTERS_MISSING_IN_UI: {'buttler', 'sudharsan'} (ui=set(), cb={'buttler', 'sudharsan'}) | BOWLER: ui=None cb=Noor Ahmad

[18:27:13  iter#467]
  UI: Gujarat Titans 75-1 (9.0)  str=Jos Buttler nstr=Sai Sudharsan  bowl=Gurjapneet Singh 0-20 (2.0)
  this_over=['.', '1', '1', '2', '2', '.']  fow=1 (unk=1)  last_fow={'wicket': 1, 'batter': None, 'score': None, 'overs': None, 'bowler': None, 'how': None, '_unwitnessed': True}
  delivery: len=short_of_length line=leg_stump shot=in_the_air [layer2]
  extras: this_over=0 innings=0 [w0/nb0/b0/lb0]
  CB: GT 75-1 (9)  crr=8.33  ps=17(16)  recent=...
  CB BAT: Sai Sudharsan* 37(26), Jos Buttler 4(5)
  CB BOWL: Noor Ahmad 1-11 (2)
  LAST WKT: Shubman Gill  st Sanju Samson b Noor Ahmad 33(23)  - 58/1 in 6.2 ov.
  ⚠ DIVERGENCE: OVERS: ui=9.0 cb=9 | STRIKER: ui=Jos Buttler cb=Sai Sudharsan | BAT_sudharsan: ui=36(29) cb=37(26) | BAT_buttler: ui=10(13) cb=4(5) | FOW_UNKNOWN: 1 placeholder(s) awaiting broadcast upgrade | BOWLER: ui=Gurjapneet Singh cb=Noor Ahmad

[18:27:37  iter#468]
  WS ERR: ''
  CB: GT 75-1 (9)  crr=8.33  ps=17(16)  recent=...
  CB BAT: Sai Sudharsan* 37(26), Jos Buttler 4(5)
  CB BOWL: Noor Ahmad 1-11 (2)
  LAST WKT: Shubman Gill  st Sanju Samson b Noor Ahmad 33(23)  - 58/1 in 6.2 ov.
  ⚠ DIVERGENCE: BATTERS_MISSING_IN_UI: {'buttler', 'sudharsan'} (ui=set(), cb={'buttler', 'sudharsan'}) | BOWLER: ui=None cb=Noor Ahmad

[18:27:58  iter#469]
  UI: Gujarat Titans 75-1 (9.0)  str=Jos Buttler nstr=Sai Sudharsan  bowl=Gurjapneet Singh 0-20 (2.0)
  this_over=['.', '1', '1', '2', '2', '.']  fow=1 (unk=1)  last_fow={'wicket': 1, 'batter': None, 'score': None, 'overs': None, 'bowler': None, 'how': None, '_unwitnessed': True}
  delivery: len=short_of_length line=leg_stump shot=in_the_air [layer2]
  extras: this_over=0 innings=0 [w0/nb0/b0/lb0]
  CB: GT 75-1 (9)  crr=8.33  ps=17(16)  recent=...
  CB BAT: Sai Sudharsan* 37(26), Jos Buttler 4(5)
  CB BOWL: Noor Ahmad 1-11 (2)
  LAST WKT: Shubman Gill  st Sanju Samson b Noor Ahmad 33(23)  - 58/1 in 6.2 ov.
  ⚠ DIVERGENCE: OVERS: ui=9.0 cb=9 | STRIKER: ui=Jos Buttler cb=Sai Sudharsan | BAT_sudharsan: ui=36(29) cb=37(26) | BAT_buttler: ui=10(13) cb=4(5) | FOW_UNKNOWN: 1 placeholder(s) awaiting broadcast upgrade | BOWLER: ui=Gurjapneet Singh cb=Noor Ahmad

[18:28:18  iter#470]
  UI: Gujarat Titans 75-1 (9.0)  str=Jos Buttler nstr=Sai Sudharsan  bowl=Gurjapneet Singh 0-20 (2.0)
  this_over=['.', '1', '1', '2', '2', '.']  fow=1 (unk=1)  last_fow={'wicket': 1, 'batter': None, 'score': None, 'overs': None, 'bowler': None, 'how': None, '_unwitnessed': True}
  delivery: len=short_of_length line=leg_stump shot=in_the_air [layer2]
  extras: this_over=0 innings=0 [w0/nb0/b0/lb0]
  CB: GT 75-1 (9)  crr=8.33  ps=17(16)  recent=...
  CB BAT: Sai Sudharsan* 37(26), Jos Buttler 4(5)
  CB BOWL: Noor Ahmad 1-11 (2)
  LAST WKT: Shubman Gill  st Sanju Samson b Noor Ahmad 33(23)  - 58/1 in 6.2 ov.
  ⚠ DIVERGENCE: OVERS: ui=9.0 cb=9 | STRIKER: ui=Jos Buttler cb=Sai Sudharsan | BAT_sudharsan: ui=36(29) cb=37(26) | BAT_buttler: ui=10(13) cb=4(5) | FOW_UNKNOWN: 1 placeholder(s) awaiting broadcast upgrade | BOWLER: ui=Gurjapneet Singh cb=Noor Ahmad

[18:28:41  iter#471]
  UI: Gujarat Titans 75-1 (9.0)  str=Jos Buttler nstr=Sai Sudharsan  bowl=Gurjapneet Singh 0-20 (2.0)
  this_over=['.', '1', '1', '2', '2', '.']  fow=1 (unk=1)  last_fow={'wicket': 1, 'batter': None, 'score': None, 'overs': None, 'bowler': None, 'how': None, '_unwitnessed': True}
  delivery: len=short_of_length line=leg_stump shot=in_the_air [layer2]
  extras: this_over=0 innings=0 [w0/nb0/b0/lb0]
  CB: GT 75-1 (9)  crr=8.33  ps=17(16)  recent=...
  CB BAT: Sai Sudharsan* 37(26), Jos Buttler 4(5)
  CB BOWL: Noor Ahmad 1-11 (2)
  LAST WKT: Shubman Gill  st Sanju Samson b Noor Ahmad 33(23)  - 58/1 in 6.2 ov.
  ⚠ DIVERGENCE: OVERS: ui=9.0 cb=9 | STRIKER: ui=Jos Buttler cb=Sai Sudharsan | BAT_sudharsan: ui=36(29) cb=37(26) | BAT_buttler: ui=10(13) cb=4(5) | FOW_UNKNOWN: 1 placeholder(s) awaiting broadcast upgrade | BOWLER: ui=Gurjapneet Singh cb=Noor Ahmad

[18:29:02  iter#472]
  UI: Gujarat Titans 75-1 (9.0)  str=Jos Buttler nstr=Sai Sudharsan  bowl=Gurjapneet Singh 0-20 (2.0)
  this_over=['.', '1', '1', '2', '2', '.']  fow=1 (unk=1)  last_fow={'wicket': 1, 'batter': None, 'score': None, 'overs': None, 'bowler': None, 'how': None, '_unwitnessed': True}
  delivery: len=short_of_length line=leg_stump shot=in_the_air [layer2]
  extras: this_over=0 innings=0 [w0/nb0/b0/lb0]
  CB: GT 75-1 (9)  crr=8.33  ps=17(16)  recent=...
  CB BAT: Sai Sudharsan* 37(26), Jos Buttler 4(5)
  CB BOWL: Noor Ahmad 1-11 (2)
  LAST WKT: Shubman Gill  st Sanju Samson b Noor Ahmad 33(23)  - 58/1 in 6.2 ov.
  ⚠ DIVERGENCE: OVERS: ui=9.0 cb=9 | STRIKER: ui=Jos Buttler cb=Sai Sudharsan | BAT_sudharsan: ui=36(29) cb=37(26) | BAT_buttler: ui=10(13) cb=4(5) | FOW_UNKNOWN: 1 placeholder(s) awaiting broadcast upgrade | BOWLER: ui=Gurjapneet Singh cb=Noor Ahmad

[18:29:26  iter#473]
  UI: Gujarat Titans 75-1 (9.0)  str=Jos Buttler nstr=Sai Sudharsan  bowl=Shivam Dube 0-0 (0)
  this_over=['.', '1', '1', '2', '2', '.']  fow=1 (unk=1)  last_fow={'wicket': 1, 'batter': None, 'score': None, 'overs': None, 'bowler': None, 'how': None, '_unwitnessed': True}
  delivery: len=short_of_length line=leg_stump shot=in_the_air [layer2]
  extras: this_over=0 innings=0 [w0/nb0/b0/lb0]
  CB: GT 75-1 (9)  crr=8.33  ps=17(16)  recent=...
  CB BAT: Sai Sudharsan* 37(26), Jos Buttler 4(5)
  CB BOWL: Noor Ahmad 1-11 (2)
  LAST WKT: Shubman Gill  st Sanju Samson b Noor Ahmad 33(23)  - 58/1 in 6.2 ov.
  ⚠ DIVERGENCE: OVERS: ui=9.0 cb=9 | STRIKER: ui=Jos Buttler cb=Sai Sudharsan | BAT_sudharsan: ui=36(29) cb=37(26) | BAT_buttler: ui=10(13) cb=4(5) | FOW_UNKNOWN: 1 placeholder(s) awaiting broadcast upgrade | BOWLER: ui=Shivam Dube cb=Noor Ahmad

[18:29:48  iter#474]
  UI: Gujarat Titans 76-1 (9.1)  str=Jos Buttler nstr=Sai Sudharsan  bowl=Shivam Dube 0-1 (0.1)
  this_over=['1']  fow=1 (unk=1)  last_fow={'wicket': 1, 'batter': None, 'score': None, 'overs': None, 'bowler': None, 'how': None, '_unwitnessed': True}
  delivery: len=short_of_length line=leg_stump shot=in_the_air [layer2]
  extras: this_over=0 innings=0 [w0/nb0/b0/lb0]
  CB: GT 76-1 (9.1)  crr=8.29  ps=18(17)  recent=1
  CB BAT: Jos Buttler* 4(5), Sai Sudharsan 38(27)
  CB BOWL: Noor Ahmad 1-11 (2)
  LAST WKT: Shubman Gill  st Sanju Samson b Noor Ahmad 33(23)  - 58/1 in 6.2 ov.
  ⚠ DIVERGENCE: BAT_buttler: ui=10(13) cb=4(5) | FOW_UNKNOWN: 1 placeholder(s) awaiting broadcast upgrade | BOWLER: ui=Shivam Dube cb=Noor Ahmad

[18:30:12  iter#475]
  UI: Gujarat Titans 76-1 (9.1)  str=Jos Buttler nstr=Sai Sudharsan  bowl=Shivam Dube 0-1 (0.1)
  this_over=['1']  fow=1 (unk=1)  last_fow={'wicket': 1, 'batter': None, 'score': None, 'overs': None, 'bowler': None, 'how': None, '_unwitnessed': True}
  delivery: len=good_length line=leg_stump shot=in_the_air [layer2]
  extras: this_over=0 innings=0 [w0/nb0/b0/lb0]
  CB: GT 76-1 (9.1)  crr=8.29  ps=18(17)  recent=1
  CB BAT: Jos Buttler* 4(5), Sai Sudharsan 38(27)
  CB BOWL: Noor Ahmad 1-11 (2)
  LAST WKT: Shubman Gill  st Sanju Samson b Noor Ahmad 33(23)  - 58/1 in 6.2 ov.
  ⚠ DIVERGENCE: BAT_buttler: ui=10(13) cb=4(5) | FOW_UNKNOWN: 1 placeholder(s) awaiting broadcast upgrade | BOWLER: ui=Shivam Dube cb=Noor Ahmad

[18:30:36  iter#476]
  UI: Gujarat Titans 76-1 (9.1)  str=Jos Buttler nstr=Sai Sudharsan  bowl=Shivam Dube 0-1 (0.1)
  this_over=['1']  fow=1 (unk=1)  last_fow={'wicket': 1, 'batter': None, 'score': None, 'overs': None, 'bowler': None, 'how': None, '_unwitnessed': True}
  delivery: len=good_length line=leg_stump shot=in_the_air [layer2]
  extras: this_over=0 innings=0 [w0/nb0/b0/lb0]
  CB: GT 76-1 (9.2)  crr=8.14  ps=18(18)  recent=1 0
  CB BAT: Jos Buttler* 4(6), Sai Sudharsan 38(27)
  CB BOWL: Noor Ahmad 1-11 (2)
  LAST WKT: Shubman Gill  st Sanju Samson b Noor Ahmad 33(23)  - 58/1 in 6.2 ov.
  ⚠ DIVERGENCE: OVERS: ui=9.1 cb=9.2 | BAT_buttler: ui=10(13) cb=4(6) | FOW_UNKNOWN: 1 placeholder(s) awaiting broadcast upgrade | BOWLER: ui=Shivam Dube cb=Noor Ahmad

[18:30:58  iter#477]
  UI: Gujarat Titans 76-1 (9.2)  str=Jos Buttler nstr=Sai Sudharsan  bowl=Shivam Dube 0-1 (0.2)
  this_over=['1', '.']  fow=1 (unk=1)  last_fow={'wicket': 1, 'batter': None, 'score': None, 'overs': None, 'bowler': None, 'how': None, '_unwitnessed': True}
  delivery: len=good_length line=leg_stump shot=in_the_air [layer2]
  extras: this_over=0 innings=0 [w0/nb0/b0/lb0]
  CB: GT 76-1 (9.2)  crr=8.14  ps=18(18)  recent=1 0
  CB BAT: Jos Buttler* 4(6), Sai Sudharsan 38(27)
  CB BOWL: Noor Ahmad 1-11 (2)
  LAST WKT: Shubman Gill  st Sanju Samson b Noor Ahmad 33(23)  - 58/1 in 6.2 ov.
  ⚠ DIVERGENCE: BAT_buttler: ui=10(13) cb=4(6) | FOW_UNKNOWN: 1 placeholder(s) awaiting broadcast upgrade | BOWLER: ui=Shivam Dube cb=Noor Ahmad

[18:31:22  iter#478]
  WS ERR: ''
  CB: GT 77-1 (9.3)  crr=8.11  ps=19(19)  recent=1 0 1
  CB BAT: Sai Sudharsan* 38(27), Jos Buttler 5(7)
  CB BOWL: Noor Ahmad 1-11 (2)
  LAST WKT: Shubman Gill  st Sanju Samson b Noor Ahmad 33(23)  - 58/1 in 6.2 ov.
  ⚠ DIVERGENCE: BATTERS_MISSING_IN_UI: {'buttler', 'sudharsan'} (ui=set(), cb={'buttler', 'sudharsan'}) | BOWLER: ui=None cb=Noor Ahmad

[18:31:45  iter#479]
  UI: Gujarat Titans 77-1 (9.3)  str=Sai Sudharsan nstr=Jos Buttler  bowl=Shivam Dube 0-2 (0.3)
  this_over=['1', '.', '1']  fow=1 (unk=1)  last_fow={'wicket': 1, 'batter': None, 'score': None, 'overs': None, 'bowler': None, 'how': None, '_unwitnessed': True}
  delivery: len=short_of_length line=outside_off shot=in_the_air [layer2]
  extras: this_over=0 innings=0 [w0/nb0/b0/lb0]
  CB: GT 78-1 (9.4)  crr=8.07  ps=20(20)  recent=1 0 1 1
  CB BAT: Jos Buttler* 5(7), Sai Sudharsan 39(28)
  CB BOWL: Noor Ahmad 1-11 (2)
  LAST WKT: Shubman Gill  st Sanju Samson b Noor Ahmad 33(23)  - 58/1 in 6.2 ov.
  ⚠ DIVERGENCE: SCORE: ui=77 cb=78 | OVERS: ui=9.3 cb=9.4 | STRIKER: ui=Sai Sudharsan cb=Jos Buttler | BAT_buttler: ui=10(13) cb=5(7) | BAT_sudharsan: ui=38(27) cb=39(28) | FOW_UNKNOWN: 1 placeholder(s) awaiting broadcast upgrade | BOWLER: ui=Shivam Dube cb=Noor Ahmad

[18:32:09  iter#480]
  WS ERR: ''
  CB: GT 78-1 (9.4)  crr=8.07  ps=20(20)  recent=1 0 1 1
  CB BAT: Jos Buttler* 5(7), Sai Sudharsan 39(28)
  CB BOWL: Noor Ahmad 1-11 (2)
  LAST WKT: Shubman Gill  st Sanju Samson b Noor Ahmad 33(23)  - 58/1 in 6.2 ov.
  ⚠ DIVERGENCE: BATTERS_MISSING_IN_UI: {'buttler', 'sudharsan'} (ui=set(), cb={'buttler', 'sudharsan'}) | BOWLER: ui=None cb=Noor Ahmad

[18:32:31  iter#481]
  UI: Gujarat Titans 78-1 (9.4)  str=Jos Buttler nstr=Sai Sudharsan  bowl=Shivam Dube 0-3 (0.4)
  this_over=['1', '.', '1', '1']  fow=1 (unk=1)  last_fow={'wicket': 1, 'batter': None, 'score': None, 'overs': None, 'bowler': None, 'how': None, '_unwitnessed': True}
  delivery: len=short_of_length line=outside_off shot=in_the_air [layer2]
  extras: this_over=0 innings=0 [w0/nb0/b0/lb0]
  CB: GT 78-1 (9.5)  crr=7.93  ps=20(21)  recent=1 0 1 1 0
  CB BAT: Jos Buttler* 5(8), Sai Sudharsan 39(28)
  CB BOWL: Noor Ahmad 1-11 (2)
  LAST WKT: Shubman Gill  st Sanju Samson b Noor Ahmad 33(23)  - 58/1 in 6.2 ov.
  ⚠ DIVERGENCE: OVERS: ui=9.4 cb=9.5 | BAT_buttler: ui=10(13) cb=5(8) | FOW_UNKNOWN: 1 placeholder(s) awaiting broadcast upgrade | BOWLER: ui=Shivam Dube cb=Noor Ahmad

[18:32:52  iter#482]
  UI: Gujarat Titans 78-1 (9.5)  str=Jos Buttler nstr=Sai Sudharsan  bowl=Shivam Dube 0-3 (0.4)
  this_over=['1', '.', '1', '1', '.']  fow=1 (unk=1)  last_fow={'wicket': 1, 'batter': None, 'score': None, 'overs': None, 'bowler': None, 'how': None, '_unwitnessed': True}
  delivery: len=short_of_length line=outside_off shot=in_the_air [layer2]
  extras: this_over=0 innings=0 [w0/nb0/b0/lb0]
  CB: GT 78-1 (9.5)  crr=7.93  ps=20(21)  recent=1 0 1 1 0
  CB BAT: Jos Buttler* 5(8), Sai Sudharsan 39(28)
  CB BOWL: Noor Ahmad 1-11 (2)
  LAST WKT: Shubman Gill  st Sanju Samson b Noor Ahmad 33(23)  - 58/1 in 6.2 ov.
  ⚠ DIVERGENCE: BAT_buttler: ui=10(13) cb=5(8) | FOW_UNKNOWN: 1 placeholder(s) awaiting broadcast upgrade | BOWLER: ui=Shivam Dube cb=Noor Ahmad

[18:33:12  iter#483]
  UI: Gujarat Titans 78-1 (9.5)  str=Jos Buttler nstr=Sai Sudharsan  bowl=Shivam Dube 0-3 (0.5)
  this_over=['1', '.', '1', '1', '.']  fow=1 (unk=1)  last_fow={'wicket': 1, 'batter': None, 'score': None, 'overs': None, 'bowler': None, 'how': None, '_unwitnessed': True}
  delivery: len=short_of_length line=outside_off shot=in_the_air [layer2]
  extras: this_over=0 innings=0 [w0/nb0/b0/lb0]
  CB: GT 82-1 (10)  crr=8.2  ps=24(22)  recent=1 0 1 1 0 4
  CB BAT: Sai Sudharsan* 39(28), Jos Buttler 9(9)
  CB BOWL: Shivam Dube 0-7 (1)
  LAST WKT: Shubman Gill  st Sanju Samson b Noor Ahmad 33(23)  - 58/1 in 6.2 ov.
  ⚠ DIVERGENCE: SCORE: ui=78 cb=82 | OVERS: ui=9.5 cb=10 | STRIKER: ui=Jos Buttler cb=Sai Sudharsan | BAT_buttler: ui=10(13) cb=9(9) | FOW_UNKNOWN: 1 placeholder(s) awaiting broadcast upgrade | BOWL_R: ui=3 cb=7 | BOWL_O: ui=0.5 cb=1

[18:33:33  iter#484]
  UI: Gujarat Titans 82-1 (10.0)  str=Sai Sudharsan nstr=Jos Buttler  bowl=Gurjapneet Singh 0-20 (2.0)
  this_over=['1', '.', '1', '1', '.', '4']  fow=1 (unk=1)  last_fow={'wicket': 1, 'batter': None, 'score': None, 'overs': None, 'bowler': None, 'how': None, '_unwitnessed': True}
  delivery: len=short_of_length line=outside_off shot=in_the_air [layer2]
  extras: this_over=0 innings=0 [w0/nb0/b0/lb0]
  CB: GT 82-1 (10)  crr=8.2  ps=24(22)  recent=1 0 1 1 0 4
  CB BAT: Sai Sudharsan* 39(28), Jos Buttler 9(9)
  CB BOWL: Shivam Dube 0-7 (1)
  LAST WKT: Shubman Gill  st Sanju Samson b Noor Ahmad 33(23)  - 58/1 in 6.2 ov.
  ⚠ DIVERGENCE: OVERS: ui=10.0 cb=10 | BAT_buttler: ui=10(13) cb=9(9) | FOW_UNKNOWN: 1 placeholder(s) awaiting broadcast upgrade | BOWLER: ui=Gurjapneet Singh cb=Shivam Dube

[18:33:58  iter#485]
  WS ERR: ''
  CB: GT 82-1 (10)  crr=8.2  ps=24(22)  recent=...
  CB BAT: Sai Sudharsan* 39(28), Jos Buttler 9(9)
  CB BOWL: Shivam Dube 0-7 (1)
  LAST WKT: Shubman Gill  st Sanju Samson b Noor Ahmad 33(23)  - 58/1 in 6.2 ov.
  ⚠ DIVERGENCE: BATTERS_MISSING_IN_UI: {'buttler', 'sudharsan'} (ui=set(), cb={'buttler', 'sudharsan'}) | BOWLER: ui=None cb=Shivam Dube

[18:34:22  iter#486]
  UI: Gujarat Titans 82-1 (10.0)  str=Sai Sudharsan nstr=Jos Buttler  bowl=Akeal Hosein 0-11 (1)
  this_over=['1', '.', '1', '1', '.', '4']  fow=1 (unk=1)  last_fow={'wicket': 1, 'batter': None, 'score': None, 'overs': None, 'bowler': None, 'how': None, '_unwitnessed': True}
  delivery: len=short_of_length line=leg_stump shot=in_the_air [layer2]
  extras: this_over=0 innings=0 [w0/nb0/b0/lb0]
  CB: GT 83-1 (10.1)  crr=8.16  ps=25(23)  recent=1
  CB BAT: Jos Buttler* 9(9), Sai Sudharsan 40(29)
  CB BOWL: Shivam Dube 0-7 (1)
  LAST WKT: Shubman Gill  st Sanju Samson b Noor Ahmad 33(23)  - 58/1 in 6.2 ov.
  ⚠ DIVERGENCE: SCORE: ui=82 cb=83 | OVERS: ui=10.0 cb=10.1 | STRIKER: ui=Sai Sudharsan cb=Jos Buttler | BAT_buttler: ui=10(13) cb=9(9) | BAT_sudharsan: ui=39(28) cb=40(29) | FOW_UNKNOWN: 1 placeholder(s) awaiting broadcast upgrade | BOWLER: ui=Akeal Hosein cb=Shivam Dube

[18:34:44  iter#487]
  UI: Gujarat Titans 83-1 (10.1)  str=Jos Buttler nstr=Sai Sudharsan  bowl=Akeal Hosein 0-12 (1.1)
  this_over=['1']  fow=1 (unk=1)  last_fow={'wicket': 1, 'batter': None, 'score': None, 'overs': None, 'bowler': None, 'how': None, '_unwitnessed': True}
  delivery: len=good_length line=outside_off shot=in_the_air [layer2]
  extras: this_over=0 innings=0 [w0/nb0/b0/lb0]
  CB: GT 83-1 (10.1)  crr=8.16  ps=25(23)  recent=1
  CB BAT: Jos Buttler* 9(9), Sai Sudharsan 40(29)
  CB BOWL: Shivam Dube 0-7 (1)
  LAST WKT: Shubman Gill  st Sanju Samson b Noor Ahmad 33(23)  - 58/1 in 6.2 ov.
  ⚠ DIVERGENCE: BAT_buttler: ui=10(13) cb=9(9) | FOW_UNKNOWN: 1 placeholder(s) awaiting broadcast upgrade | BOWLER: ui=Akeal Hosein cb=Shivam Dube

[18:35:06  iter#488]
  UI: Gujarat Titans 83-1 (10.2)  str=Jos Buttler nstr=Sai Sudharsan  bowl=Akeal Hosein 0-12 (1.2)
  this_over=['1', '.']  fow=1 (unk=1)  last_fow={'wicket': 1, 'batter': None, 'score': None, 'overs': None, 'bowler': None, 'how': None, '_unwitnessed': True}
  delivery: len=good_length line=outside_off shot=in_the_air [layer2]
  extras: this_over=0 innings=0 [w0/nb0/b0/lb0]
  CB: GT 83-1 (10.2)  crr=8.03  ps=25(24)  recent=1 0
  CB BAT: Jos Buttler* 9(10), Sai Sudharsan 40(29)
  CB BOWL: Shivam Dube 0-7 (1)
  LAST WKT: Shubman Gill  st Sanju Samson b Noor Ahmad 33(23)  - 58/1 in 6.2 ov.
  ⚠ DIVERGENCE: BAT_buttler: ui=10(13) cb=9(10) | FOW_UNKNOWN: 1 placeholder(s) awaiting broadcast upgrade | BOWLER: ui=Akeal Hosein cb=Shivam Dube

[18:35:28  iter#489]
  UI: Gujarat Titans 83-1 (10.2)  str=Jos Buttler nstr=Sai Sudharsan  bowl=Akeal Hosein 0-12 (1.2)
  this_over=['1', '.']  fow=1 (unk=1)  last_fow={'wicket': 1, 'batter': None, 'score': None, 'overs': None, 'bowler': None, 'how': None, '_unwitnessed': True}
  delivery: len=good_length line=outside_off shot=in_the_air [layer2]
  extras: this_over=0 innings=0 [w0/nb0/b0/lb0]
  CB: GT 84-1 (10.3)  crr=8.0  ps=26(25)  recent=1 0 1
  CB BAT: Sai Sudharsan* 40(29), Jos Buttler 10(11)
  CB BOWL: Shivam Dube 0-7 (1)
  LAST WKT: Shubman Gill  st Sanju Samson b Noor Ahmad 33(23)  - 58/1 in 6.2 ov.
  ⚠ DIVERGENCE: SCORE: ui=83 cb=84 | OVERS: ui=10.2 cb=10.3 | STRIKER: ui=Jos Buttler cb=Sai Sudharsan | BAT_buttler: ui=10(13) cb=10(11) | FOW_UNKNOWN: 1 placeholder(s) awaiting broadcast upgrade | BOWLER: ui=Akeal Hosein cb=Shivam Dube

[18:35:49  iter#490]
  UI: Gujarat Titans 84-1 (10.3)  str=Sai Sudharsan nstr=Jos Buttler  bowl=Akeal Hosein 0-12 (1.2)
  this_over=['1', '.', '1']  fow=1 (unk=1)  last_fow={'wicket': 1, 'batter': None, 'score': None, 'overs': None, 'bowler': None, 'how': None, '_unwitnessed': True}
  delivery: len=good_length line=outside_off shot=in_the_air [layer2]
  extras: this_over=0 innings=0 [w0/nb0/b0/lb0]
  CB: GT 84-1 (10.3)  crr=8.0  ps=26(25)  recent=1 0 1
  CB BAT: Sai Sudharsan* 40(29), Jos Buttler 10(11)
  CB BOWL: Shivam Dube 0-7 (1)
  LAST WKT: Shubman Gill  st Sanju Samson b Noor Ahmad 33(23)  - 58/1 in 6.2 ov.
  ⚠ DIVERGENCE: FOW_UNKNOWN: 1 placeholder(s) awaiting broadcast upgrade | BOWLER: ui=Akeal Hosein cb=Shivam Dube

[18:36:14  iter#491]
  WS ERR: ''
  CB: GT 84-1 (10.3)  crr=8.0  ps=26(25)  recent=1 0 1
  CB BAT: Sai Sudharsan* 40(29), Jos Buttler 10(11)
  CB BOWL: Shivam Dube 0-7 (1)
  LAST WKT: Shubman Gill  st Sanju Samson b Noor Ahmad 33(23)  - 58/1 in 6.2 ov.
  ⚠ DIVERGENCE: BATTERS_MISSING_IN_UI: {'buttler', 'sudharsan'} (ui=set(), cb={'buttler', 'sudharsan'}) | BOWLER: ui=None cb=Shivam Dube

[18:36:39  iter#492]
  WS ERR: ''
  CB: GT 90-1 (10.4)  crr=8.44  ps=32(26)  recent=1 0 1 6
  CB BAT: Sai Sudharsan* 46(30), Jos Buttler 10(11)
  CB BOWL: Shivam Dube 0-7 (1)
  LAST WKT: Shubman Gill  st Sanju Samson b Noor Ahmad 33(23)  - 58/1 in 6.2 ov.
  ⚠ DIVERGENCE: BATTERS_MISSING_IN_UI: {'buttler', 'sudharsan'} (ui=set(), cb={'buttler', 'sudharsan'}) | BOWLER: ui=None cb=Shivam Dube

[18:37:03  iter#493]
  WS ERR: ''
  CB: GT 90-1 (10.4)  crr=8.44  ps=32(26)  recent=1 0 1 6
  CB BAT: Sai Sudharsan* 46(30), Jos Buttler 10(11)
  CB BOWL: Shivam Dube 0-7 (1)
  LAST WKT: Shubman Gill  st Sanju Samson b Noor Ahmad 33(23)  - 58/1 in 6.2 ov.
  ⚠ DIVERGENCE: BATTERS_MISSING_IN_UI: {'buttler', 'sudharsan'} (ui=set(), cb={'buttler', 'sudharsan'}) | BOWLER: ui=None cb=Shivam Dube

[18:37:23  iter#494]
  UI: Gujarat Titans 84-1 (10.3)  str=Sai Sudharsan nstr=Jos Buttler  bowl=Akeal Hosein 0-13 (1.3)
  this_over=['1', '.', '1']  fow=1 (unk=1)  last_fow={'wicket': 1, 'batter': None, 'score': None, 'overs': None, 'bowler': None, 'how': None, '_unwitnessed': True}
  delivery: len=short_of_length line=outside_off shot=in_the_air [layer2]
  extras: this_over=0 innings=0 [w0/nb0/b0/lb0]
  CB: GT 90-1 (10.4)  crr=8.44  ps=32(26)  recent=1 0 1 6
  CB BAT: Sai Sudharsan* 46(30), Jos Buttler 10(11)
  CB BOWL: Shivam Dube 0-7 (1)
  LAST WKT: Shubman Gill  st Sanju Samson b Noor Ahmad 33(23)  - 58/1 in 6.2 ov.
  ⚠ DIVERGENCE: SCORE: ui=84 cb=90 | OVERS: ui=10.3 cb=10.4 | BAT_sudharsan: ui=40(29) cb=46(30) | FOW_UNKNOWN: 1 placeholder(s) awaiting broadcast upgrade | BOWLER: ui=Akeal Hosein cb=Shivam Dube

[18:37:46  iter#495]
  UI: Gujarat Titans 90-1 (10.4)  str=Sai Sudharsan nstr=Jos Buttler  bowl=Akeal Hosein 0-19 (1.4)
  this_over=['1', '.', '1', '6']  fow=1 (unk=1)  last_fow={'wicket': 1, 'batter': None, 'score': None, 'overs': None, 'bowler': None, 'how': None, '_unwitnessed': True}
  delivery: len=short_of_length line=outside_off shot=in_the_air [layer2]
  extras: this_over=0 innings=0 [w0/nb0/b0/lb0]
  CB: GT 92-1 (10.5)  crr=8.49  ps=34(27)  recent=1 0 1 6 2
  CB BAT: Sai Sudharsan* 48(31), Jos Buttler 10(11)
  CB BOWL: Shivam Dube 0-7 (1)
  LAST WKT: Shubman Gill  st Sanju Samson b Noor Ahmad 33(23)  - 58/1 in 6.2 ov.
  ⚠ DIVERGENCE: SCORE: ui=90 cb=92 | OVERS: ui=10.4 cb=10.5 | BAT_sudharsan: ui=46(30) cb=48(31) | FOW_UNKNOWN: 1 placeholder(s) awaiting broadcast upgrade | BOWLER: ui=Akeal Hosein cb=Shivam Dube

[18:38:07  iter#496]
  UI: Gujarat Titans 90-1 (10.4)  str=Sai Sudharsan nstr=Jos Buttler  bowl=Akeal Hosein 0-19 (1.4)
  this_over=['1', '.', '1', '6']  fow=1 (unk=1)  last_fow={'wicket': 1, 'batter': None, 'score': None, 'overs': None, 'bowler': None, 'how': None, '_unwitnessed': True}
  delivery: len=short_of_length line=leg_stump shot=in_the_air [layer2]
  extras: this_over=0 innings=0 [w0/nb0/b0/lb0]
  CB: GT 92-1 (10.5)  crr=8.49  ps=34(27)  recent=1 0 1 6 2
  CB BAT: Sai Sudharsan* 48(31), Jos Buttler 10(11)
  CB BOWL: Shivam Dube 0-7 (1)
  LAST WKT: Shubman Gill  st Sanju Samson b Noor Ahmad 33(23)  - 58/1 in 6.2 ov.
  ⚠ DIVERGENCE: SCORE: ui=90 cb=92 | OVERS: ui=10.4 cb=10.5 | BAT_sudharsan: ui=46(30) cb=48(31) | FOW_UNKNOWN: 1 placeholder(s) awaiting broadcast upgrade | BOWLER: ui=Akeal Hosein cb=Shivam Dube

[18:38:29  iter#497]
  UI: GT 92-1 (10.5)  str=Sai Sudharsan nstr=Jos Buttler  bowl=None None-None (None)
  this_over=['1', '.', '1', '6', '2']  fow=0 (unk=0)  last_fow=None
  delivery: len=short_of_length line=leg_stump shot=in_the_air [layer2]
  extras: this_over=0 innings=None [w0/nb0/b0/lb0]
  CB: GT 93-1 (11)  crr=8.45  ps=35(28)  recent=1 0 1 6 2 1
  CB BAT: Sai Sudharsan* 49(32), Jos Buttler 10(11)
  CB BOWL: Akeal Hosein 0-22 (2)
  LAST WKT: Shubman Gill  st Sanju Samson b Noor Ahmad 33(23)  - 58/1 in 6.2 ov.
  ⚠ DIVERGENCE: SCORE: ui=92 cb=93 | OVERS: ui=10.5 cb=11 | FOW_COUNT: ui=0 vs wickets=1 | BOWLER: ui=None cb=Akeal Hosein

[18:38:50  iter#498]
  UI: Gujarat Titans 93-1 (11.0)  str=Sai Sudharsan nstr=Jos Buttler  bowl=Gurjapneet Singh 0-20 (2.0)
  this_over=['1', '.', '1', '6', '2', '1']  fow=1 (unk=1)  last_fow={'wicket': 1, 'batter': None, 'score': None, 'overs': None, 'bowler': None, 'how': None, '_unwitnessed': True}
  delivery: len=good_length line=leg_stump shot=in_the_air [layer2]
  extras: this_over=0 innings=0 [w0/nb0/b0/lb0]
  CB: GT 93-1 (11)  crr=8.45  ps=35(28)  recent=1 0 1 6 2 1
  CB BAT: Sai Sudharsan* 49(32), Jos Buttler 10(11)
  CB BOWL: Akeal Hosein 0-22 (2)
  LAST WKT: Shubman Gill  st Sanju Samson b Noor Ahmad 33(23)  - 58/1 in 6.2 ov.
  ⚠ DIVERGENCE: OVERS: ui=11.0 cb=11 | FOW_UNKNOWN: 1 placeholder(s) awaiting broadcast upgrade | BOWLER: ui=Gurjapneet Singh cb=Akeal Hosein

[18:39:12  iter#499]
  UI: Gujarat Titans 93-1 (11.0)  str=Sai Sudharsan nstr=Jos Buttler  bowl=Gurjapneet Singh 0-20 (2.0)
  this_over=['1', '.', '1', '6', '2', '1']  fow=1 (unk=1)  last_fow={'wicket': 1, 'batter': None, 'score': None, 'overs': None, 'bowler': None, 'how': None, '_unwitnessed': True}
  delivery: len=good_length line=leg_stump shot=in_the_air [layer2]
  extras: this_over=0 innings=0 [w0/nb0/b0/lb0]
  CB: GT 93-1 (11)  crr=8.45  ps=35(28)  recent=...
  CB BAT: Sai Sudharsan* 49(32), Jos Buttler 10(11)
  CB BOWL: Akeal Hosein 0-22 (2)
  LAST WKT: Shubman Gill  st Sanju Samson b Noor Ahmad 33(23)  - 58/1 in 6.2 ov.
  ⚠ DIVERGENCE: OVERS: ui=11.0 cb=11 | FOW_UNKNOWN: 1 placeholder(s) awaiting broadcast upgrade | BOWLER: ui=Gurjapneet Singh cb=Akeal Hosein

[18:39:33  iter#500]
  UI: Gujarat Titans 93-1 (11.0)  str=Sai Sudharsan nstr=Jos Buttler  bowl=Gurjapneet Singh 0-20 (2.0)
  this_over=['1', '.', '1', '6', '2', '1']  fow=1 (unk=1)  last_fow={'wicket': 1, 'batter': None, 'score': None, 'overs': None, 'bowler': None, 'how': None, '_unwitnessed': True}
  delivery: len=good_length line=leg_stump shot=in_the_air [layer2]
  extras: this_over=0 innings=0 [w0/nb0/b0/lb0]
  CB: GT 93-1 (11)  crr=8.45  ps=35(28)  recent=1 0 1 6 2 1
  CB BAT: Sai Sudharsan* 49(32), Jos Buttler 10(11)
  CB BOWL: Akeal Hosein 0-22 (2)
  LAST WKT: Shubman Gill  st Sanju Samson b Noor Ahmad 33(23)  - 58/1 in 6.2 ov.
  ⚠ DIVERGENCE: OVERS: ui=11.0 cb=11 | FOW_UNKNOWN: 1 placeholder(s) awaiting broadcast upgrade | BOWLER: ui=Gurjapneet Singh cb=Akeal Hosein

[18:39:58  iter#501]
  WS ERR: ''
  CB: GT 94-1 (11.1)  crr=8.42  ps=36(29)  recent=1
  CB BAT: Jos Buttler* 10(11), Sai Sudharsan 50(33)
  CB BOWL: Akeal Hosein 0-22 (2)
  LAST WKT: Shubman Gill  st Sanju Samson b Noor Ahmad 33(23)  - 58/1 in 6.2 ov.
  ⚠ DIVERGENCE: BATTERS_MISSING_IN_UI: {'buttler', 'sudharsan'} (ui=set(), cb={'buttler', 'sudharsan'}) | BOWLER: ui=None cb=Akeal Hosein

[18:40:19  iter#502]
  UI: Gujarat Titans 94-1 (11.1)  str=Jos Buttler nstr=Sai Sudharsan  bowl=Noor Ahmad 1-12 (2.1)
  this_over=['1']  fow=1 (unk=1)  last_fow={'wicket': 1, 'batter': None, 'score': None, 'overs': None, 'bowler': None, 'how': None, '_unwitnessed': True}
  delivery: len=short_of_length line=outside_off shot=in_the_air [layer2]
  extras: this_over=0 innings=0 [w0/nb0/b0/lb0]
  CB: GT 94-1 (11.1)  crr=8.42  ps=36(29)  recent=1
  CB BAT: Jos Buttler* 10(11), Sai Sudharsan 50(33)
  CB BOWL: Akeal Hosein 0-22 (2)
  LAST WKT: Shubman Gill  st Sanju Samson b Noor Ahmad 33(23)  - 58/1 in 6.2 ov.
  ⚠ DIVERGENCE: FOW_UNKNOWN: 1 placeholder(s) awaiting broadcast upgrade | BOWLER: ui=Noor Ahmad cb=Akeal Hosein

[18:40:43  iter#503]
  WS ERR: ''
  CB: GT 98-1 (11.2)  crr=8.65  ps=40(30)  recent=1 4
  CB BAT: Jos Buttler* 14(12), Sai Sudharsan 50(33)
  CB BOWL: Akeal Hosein 0-22 (2)
  LAST WKT: Shubman Gill  st Sanju Samson b Noor Ahmad 33(23)  - 58/1 in 6.2 ov.
  ⚠ DIVERGENCE: BATTERS_MISSING_IN_UI: {'buttler', 'sudharsan'} (ui=set(), cb={'buttler', 'sudharsan'}) | BOWLER: ui=None cb=Akeal Hosein

[18:41:05  iter#504]
  UI: GT 98-1 (11.2)  str=Jos Buttler nstr=Sai Sudharsan  bowl=None None-None (None)
  this_over=['1', '4']  fow=0 (unk=0)  last_fow=None
  delivery: len=short_of_length line=outside_off shot=in_the_air [layer2]
  extras: this_over=0 innings=None [w0/nb0/b0/lb0]
  CB: GT 98-1 (11.2)  crr=8.65  ps=40(30)  recent=1 4
  CB BAT: Jos Buttler* 14(12), Sai Sudharsan 50(33)
  CB BOWL: Akeal Hosein 0-22 (2)
  LAST WKT: Shubman Gill  st Sanju Samson b Noor Ahmad 33(23)  - 58/1 in 6.2 ov.
  ⚠ DIVERGENCE: FOW_COUNT: ui=0 vs wickets=1 | BOWLER: ui=None cb=Akeal Hosein

[18:41:26  iter#505]
  UI: Gujarat Titans 98-1 (11.2)  str=Jos Buttler nstr=Sai Sudharsan  bowl=Noor Ahmad 1-16 (2.2)
  this_over=['1', '4']  fow=1 (unk=1)  last_fow={'wicket': 1, 'batter': None, 'score': None, 'overs': None, 'bowler': None, 'how': None, '_unwitnessed': True}
  delivery: len=short_of_length line=leg_stump shot=in_the_air [layer2]
  extras: this_over=0 innings=0 [w0/nb0/b0/lb0]
  CB: GT 98-1 (11.3)  crr=8.52  ps=40(31)  recent=1 4 0
  CB BAT: Jos Buttler* 14(13), Sai Sudharsan 50(33)
  CB BOWL: Akeal Hosein 0-22 (2)
  LAST WKT: Shubman Gill  st Sanju Samson b Noor Ahmad 33(23)  - 58/1 in 6.2 ov.
  ⚠ DIVERGENCE: OVERS: ui=11.2 cb=11.3 | BAT_buttler: ui=14(12) cb=14(13) | FOW_UNKNOWN: 1 placeholder(s) awaiting broadcast upgrade | BOWLER: ui=Noor Ahmad cb=Akeal Hosein

[18:41:51  iter#506]
  UI: Gujarat Titans 98-1 (11.3)  str=Jos Buttler nstr=Sai Sudharsan  bowl=Noor Ahmad 1-16 (2.3)
  this_over=['1', '4', '.']  fow=1 (unk=1)  last_fow={'wicket': 1, 'batter': None, 'score': None, 'overs': None, 'bowler': None, 'how': None, '_unwitnessed': True}
  delivery: len=short_of_length line=leg_stump shot=in_the_air [layer2]
  extras: this_over=0 innings=0 [w0/nb0/b0/lb0]
  CB: GT 98-1 (11.3)  crr=8.52  ps=40(31)  recent=1 4 0
  CB BAT: Jos Buttler* 14(13), Sai Sudharsan 50(33)
  CB BOWL: Akeal Hosein 0-22 (2)
  LAST WKT: Shubman Gill  st Sanju Samson b Noor Ahmad 33(23)  - 58/1 in 6.2 ov.
  ⚠ DIVERGENCE: FOW_UNKNOWN: 1 placeholder(s) awaiting broadcast upgrade | BOWLER: ui=Noor Ahmad cb=Akeal Hosein

[18:42:11  iter#507]
  UI: Gujarat Titans 98-1 (11.3)  str=Jos Buttler nstr=Sai Sudharsan  bowl=Noor Ahmad 1-16 (2.3)
  this_over=['1', '4', '.']  fow=1 (unk=1)  last_fow={'wicket': 1, 'batter': None, 'score': None, 'overs': None, 'bowler': None, 'how': None, '_unwitnessed': True}
  delivery: len=short_of_length line=leg_stump shot=in_the_air [layer2]
  extras: this_over=0 innings=0 [w0/nb0/b0/lb0]
  CB: GT 100-1 (11.4)  crr=8.57  ps=42(32)  recent=1 4 0 2
  CB BAT: Jos Buttler* 16(14), Sai Sudharsan 50(33)
  CB BOWL: Akeal Hosein 0-22 (2)
  LAST WKT: Shubman Gill  st Sanju Samson b Noor Ahmad 33(23)  - 58/1 in 6.2 ov.
  ⚠ DIVERGENCE: SCORE: ui=98 cb=100 | OVERS: ui=11.3 cb=11.4 | BAT_buttler: ui=14(13) cb=16(14) | FOW_UNKNOWN: 1 placeholder(s) awaiting broadcast upgrade | BOWLER: ui=Noor Ahmad cb=Akeal Hosein

[18:42:34  iter#508]
  UI: Gujarat Titans 98-1 (11.3)  str=Jos Buttler nstr=Sai Sudharsan  bowl=Noor Ahmad 1-16 (2.3)
  this_over=['1', '4', '.']  fow=1 (unk=1)  last_fow={'wicket': 1, 'batter': None, 'score': None, 'overs': None, 'bowler': None, 'how': None, '_unwitnessed': True}
  delivery: len=short_of_length line=leg_stump shot=in_the_air [layer2]
  extras: this_over=0 innings=0 [w0/nb0/b0/lb0]
  CB: GT 101-1 (11.5)  crr=8.54  ps=43(33)  recent=1 4 0 2 1
  CB BAT: Sai Sudharsan* 50(33), Jos Buttler 17(15)
  CB BOWL: Akeal Hosein 0-22 (2)
  LAST WKT: Shubman Gill  st Sanju Samson b Noor Ahmad 33(23)  - 58/1 in 6.2 ov.
  ⚠ DIVERGENCE: SCORE: ui=98 cb=101 | OVERS: ui=11.3 cb=11.5 | STRIKER: ui=Jos Buttler cb=Sai Sudharsan | BAT_buttler: ui=14(13) cb=17(15) | FOW_UNKNOWN: 1 placeholder(s) awaiting broadcast upgrade | BOWLER: ui=Noor Ahmad cb=Akeal Hosein

[18:42:54  iter#509]
  UI: Gujarat Titans 101-1 (11.5)  str=Sai Sudharsan nstr=Jos Buttler  bowl=Noor Ahmad 1-19 (2.5)
  this_over=['1', '4', '.', '?', '?']  fow=1 (unk=1)  last_fow={'wicket': 1, 'batter': None, 'score': None, 'overs': None, 'bowler': None, 'how': None, '_unwitnessed': True}
  delivery: len=short_of_length line=leg_stump shot=in_the_air [layer2]
  extras: this_over=0 innings=0 [w0/nb0/b0/lb0]
  CB: GT 101-1 (11.5)  crr=8.54  ps=43(33)  recent=1 4 0 2 1
  CB BAT: Sai Sudharsan* 50(33), Jos Buttler 17(15)
  CB BOWL: Akeal Hosein 0-22 (2)
  LAST WKT: Shubman Gill  st Sanju Samson b Noor Ahmad 33(23)  - 58/1 in 6.2 ov.
  ⚠ DIVERGENCE: FOW_UNKNOWN: 1 placeholder(s) awaiting broadcast upgrade | BOWLER: ui=Noor Ahmad cb=Akeal Hosein

[18:43:19  iter#510]
  WS ERR: ''
  CB: GT 102-1 (12)  crr=8.5  ps=44(34)  recent=1 4 0 2 1 1
  CB BAT: Sai Sudharsan* 51(34), Jos Buttler 17(15)
  CB BOWL: Noor Ahmad 1-20 (3)
  LAST WKT: Shubman Gill  st Sanju Samson b Noor Ahmad 33(23)  - 58/1 in 6.2 ov.
  ⚠ DIVERGENCE: BATTERS_MISSING_IN_UI: {'buttler', 'sudharsan'} (ui=set(), cb={'buttler', 'sudharsan'}) | BOWLER: ui=None cb=Noor Ahmad

[18:43:40  iter#511]
  UI: Gujarat Titans 101-1 (11.5)  str=Sai Sudharsan nstr=Jos Buttler  bowl=Noor Ahmad 1-19 (2.5)
  this_over=['1', '4', '.', '?', '?']  fow=1 (unk=1)  last_fow={'wicket': 1, 'batter': None, 'score': None, 'overs': None, 'bowler': None, 'how': None, '_unwitnessed': True}
  delivery: len=short_of_length line=leg_stump shot=in_the_air [layer2]
  extras: this_over=0 innings=0 [w0/nb0/b0/lb0]
  CB: GT 102-1 (12)  crr=8.5  ps=44(34)  recent=1 4 0 2 1 1
  CB BAT: Sai Sudharsan* 51(34), Jos Buttler 17(15)
  CB BOWL: Noor Ahmad 1-20 (3)
  LAST WKT: Shubman Gill  st Sanju Samson b Noor Ahmad 33(23)  - 58/1 in 6.2 ov.
  ⚠ DIVERGENCE: SCORE: ui=101 cb=102 | OVERS: ui=11.5 cb=12 | BAT_sudharsan: ui=50(33) cb=51(34) | FOW_UNKNOWN: 1 placeholder(s) awaiting broadcast upgrade | BOWL_R: ui=19 cb=20 | BOWL_O: ui=2.5 cb=3

[18:44:01  iter#512]
  UI: Gujarat Titans 101-1 (11.5)  str=Sai Sudharsan nstr=Jos Buttler  bowl=Noor Ahmad 1-19 (2.5)
  this_over=['1', '4', '.', '?', '?']  fow=1 (unk=1)  last_fow={'wicket': 1, 'batter': None, 'score': None, 'overs': None, 'bowler': None, 'how': None, '_unwitnessed': True}
  delivery: len=short_of_length line=leg_stump shot=in_the_air [layer2]
  extras: this_over=0 innings=0 [w0/nb0/b0/lb0]
  CB: GT 102-1 (12)  crr=8.5  ps=44(34)  recent=1 4 0 2 1 1
  CB BAT: Sai Sudharsan* 51(34), Jos Buttler 17(15)
  CB BOWL: Noor Ahmad 1-20 (3)
  LAST WKT: Shubman Gill  st Sanju Samson b Noor Ahmad 33(23)  - 58/1 in 6.2 ov.
  ⚠ DIVERGENCE: SCORE: ui=101 cb=102 | OVERS: ui=11.5 cb=12 | BAT_sudharsan: ui=50(33) cb=51(34) | FOW_UNKNOWN: 1 placeholder(s) awaiting broadcast upgrade | BOWL_R: ui=19 cb=20 | BOWL_O: ui=2.5 cb=3

[18:44:24  iter#513]
  UI: Gujarat Titans 102-1 (12.0)  str=Sai Sudharsan nstr=Jos Buttler  bowl=Akeal Hosein 0-22 (2)
  this_over=['1']  fow=1 (unk=1)  last_fow={'wicket': 1, 'batter': None, 'score': None, 'overs': None, 'bowler': None, 'how': None, '_unwitnessed': True}
  delivery: len=short_of_length line=leg_stump shot=in_the_air [layer2]
  extras: this_over=0 innings=0 [w0/nb0/b0/lb0]
  CB: GT 102-1 (12)  crr=8.5  ps=44(34)  recent=1 4 0 2 1 1
  CB BAT: Sai Sudharsan* 51(34), Jos Buttler 17(15)
  CB BOWL: Noor Ahmad 1-20 (3)
  LAST WKT: Shubman Gill  st Sanju Samson b Noor Ahmad 33(23)  - 58/1 in 6.2 ov.
  ⚠ DIVERGENCE: OVERS: ui=12.0 cb=12 | FOW_UNKNOWN: 1 placeholder(s) awaiting broadcast upgrade | BOWLER: ui=Akeal Hosein cb=Noor Ahmad

[18:44:48  iter#514]
  WS ERR: ''
  CB: GT 102-1 (12)  crr=8.5  ps=44(34)  recent=1 4 0 2 1 1
  CB BAT: Sai Sudharsan* 51(34), Jos Buttler 17(15)
  CB BOWL: Noor Ahmad 1-20 (3)
  LAST WKT: Shubman Gill  st Sanju Samson b Noor Ahmad 33(23)  - 58/1 in 6.2 ov.
  ⚠ DIVERGENCE: BATTERS_MISSING_IN_UI: {'buttler', 'sudharsan'} (ui=set(), cb={'buttler', 'sudharsan'}) | BOWLER: ui=None cb=Noor Ahmad

[18:45:10  iter#515]
  UI: Gujarat Titans 102-1 (12.0)  str=Sai Sudharsan nstr=Jos Buttler  bowl=Akeal Hosein 0-22 (2)
  this_over=['1']  fow=1 (unk=1)  last_fow={'wicket': 1, 'batter': None, 'score': None, 'overs': None, 'bowler': None, 'how': None, '_unwitnessed': True}
  delivery: len=short_of_length line=leg_stump shot=in_the_air [layer2]
  extras: this_over=0 innings=0 [w0/nb0/b0/lb0]
  CB: GT 108-1 (12.1)  crr=8.88  ps=50(35)  recent=6
  CB BAT: Sai Sudharsan* 57(35), Jos Buttler 17(15)
  CB BOWL: Noor Ahmad 1-20 (3)
  LAST WKT: Shubman Gill  st Sanju Samson b Noor Ahmad 33(23)  - 58/1 in 6.2 ov.
  ⚠ DIVERGENCE: SCORE: ui=102 cb=108 | OVERS: ui=12.0 cb=12.1 | BAT_sudharsan: ui=51(34) cb=57(35) | FOW_UNKNOWN: 1 placeholder(s) awaiting broadcast upgrade | BOWLER: ui=Akeal Hosein cb=Noor Ahmad

[18:45:35  iter#516]
  UI: GT 108-1 (12.1)  str=Sai Sudharsan nstr=Jos Buttler  bowl=None None-None (None)
  this_over=['6']  fow=0 (unk=0)  last_fow=None
  delivery: len=short_of_length line=leg_stump shot=in_the_air [layer2]
  extras: this_over=0 innings=None [w0/nb0/b0/lb0]
  CB: GT 109-1 (12.2)  crr=8.84  ps=51(36)  recent=6 1
  CB BAT: Jos Buttler* 17(15), Sai Sudharsan 58(36)
  CB BOWL: Noor Ahmad 1-20 (3)
  LAST WKT: Shubman Gill  st Sanju Samson b Noor Ahmad 33(23)  - 58/1 in 6.2 ov.
  ⚠ DIVERGENCE: SCORE: ui=108 cb=109 | OVERS: ui=12.1 cb=12.2 | STRIKER: ui=Sai Sudharsan cb=Jos Buttler | FOW_COUNT: ui=0 vs wickets=1 | BOWLER: ui=None cb=Noor Ahmad

[18:45:56  iter#517]
  UI: Gujarat Titans 108-1 (12.1)  str=Sai Sudharsan nstr=Jos Buttler  bowl=Akeal Hosein 0-28 (2.1)
  this_over=['6']  fow=1 (unk=1)  last_fow={'wicket': 1, 'batter': None, 'score': None, 'overs': None, 'bowler': None, 'how': None, '_unwitnessed': True}
  delivery: len=short_of_length line=leg_stump shot=in_the_air [layer2]
  extras: this_over=0 innings=0 [w0/nb0/b0/lb0]
  CB: GT 109-1 (12.2)  crr=8.84  ps=51(36)  recent=6 1
  CB BAT: Jos Buttler* 17(15), Sai Sudharsan 58(36)
  CB BOWL: Noor Ahmad 1-20 (3)
  LAST WKT: Shubman Gill  st Sanju Samson b Noor Ahmad 33(23)  - 58/1 in 6.2 ov.
  ⚠ DIVERGENCE: SCORE: ui=108 cb=109 | OVERS: ui=12.1 cb=12.2 | STRIKER: ui=Sai Sudharsan cb=Jos Buttler | BAT_sudharsan: ui=57(35) cb=58(36) | FOW_UNKNOWN: 1 placeholder(s) awaiting broadcast upgrade | BOWLER: ui=Akeal Hosein cb=Noor Ahmad

[18:46:20  iter#518]
  WS ERR: ''
  CB: GT 109-1 (12.3)  crr=8.72  ps=51(37)  recent=6 1 0
  CB BAT: Jos Buttler* 17(16), Sai Sudharsan 58(36)
  CB BOWL: Noor Ahmad 1-20 (3)
  LAST WKT: Shubman Gill  st Sanju Samson b Noor Ahmad 33(23)  - 58/1 in 6.2 ov.
  ⚠ DIVERGENCE: BATTERS_MISSING_IN_UI: {'buttler', 'sudharsan'} (ui=set(), cb={'buttler', 'sudharsan'}) | BOWLER: ui=None cb=Noor Ahmad

[18:46:41  iter#519]
  UI: Gujarat Titans 109-1 (12.3)  str=Jos Buttler nstr=Sai Sudharsan  bowl=Akeal Hosein 0-29 (2.3)
  this_over=['6', '1', '.']  fow=1 (unk=1)  last_fow={'wicket': 1, 'batter': None, 'score': None, 'overs': None, 'bowler': None, 'how': None, '_unwitnessed': True}
  delivery: len=short_of_length line=outside_off shot=in_the_air [layer2]
  extras: this_over=0 innings=0 [w0/nb0/b0/lb0]
  CB: GT 111-1 (12.4)  crr=8.76  ps=53(38)  recent=6 1 0 2
  CB BAT: Jos Buttler* 19(17), Sai Sudharsan 58(36)
  CB BOWL: Noor Ahmad 1-20 (3)
  LAST WKT: Shubman Gill  st Sanju Samson b Noor Ahmad 33(23)  - 58/1 in 6.2 ov.
  ⚠ DIVERGENCE: SCORE: ui=109 cb=111 | OVERS: ui=12.3 cb=12.4 | BAT_buttler: ui=17(16) cb=19(17) | FOW_UNKNOWN: 1 placeholder(s) awaiting broadcast upgrade | BOWLER: ui=Akeal Hosein cb=Noor Ahmad

[18:47:04  iter#520]
  UI: Gujarat Titans 111-1 (12.4)  str=Jos Buttler nstr=Sai Sudharsan  bowl=Akeal Hosein 0-31 (2.4)
  this_over=['6', '1', '.', '2']  fow=1 (unk=1)  last_fow={'wicket': 1, 'batter': None, 'score': None, 'overs': None, 'bowler': None, 'how': None, '_unwitnessed': True}
  delivery: len=short_of_length line=outside_off shot=in_the_air [layer2]
  extras: this_over=0 innings=0 [w0/nb0/b0/lb0]
  CB: GT 112-1 (12.5)  crr=8.73  ps=54(39)  recent=6 1 0 2 1
  CB BAT: Sai Sudharsan* 58(36), Jos Buttler 20(18)
  CB BOWL: Noor Ahmad 1-20 (3)
  LAST WKT: Shubman Gill  st Sanju Samson b Noor Ahmad 33(23)  - 58/1 in 6.2 ov.
  ⚠ DIVERGENCE: SCORE: ui=111 cb=112 | OVERS: ui=12.4 cb=12.5 | STRIKER: ui=Jos Buttler cb=Sai Sudharsan | BAT_buttler: ui=19(17) cb=20(18) | FOW_UNKNOWN: 1 placeholder(s) awaiting broadcast upgrade | BOWLER: ui=Akeal Hosein cb=Noor Ahmad

[18:47:27  iter#521]
  UI: Gujarat Titans 111-1 (12.4)  str=Jos Buttler nstr=Sai Sudharsan  bowl=Akeal Hosein 0-31 (2.4)
  this_over=['6', '1', '.', '2']  fow=1 (unk=1)  last_fow={'wicket': 1, 'batter': None, 'score': None, 'overs': None, 'bowler': None, 'how': None, '_unwitnessed': True}
  delivery: len=short_of_length line=outside_off shot=in_the_air [layer2]
  extras: this_over=0 innings=0 [w0/nb0/b0/lb0]
  CB: GT 112-1 (12.5)  crr=8.73  ps=54(39)  recent=6 1 0 2 1
  CB BAT: Sai Sudharsan* 58(36), Jos Buttler 20(18)
  CB BOWL: Noor Ahmad 1-20 (3)
  LAST WKT: Shubman Gill  st Sanju Samson b Noor Ahmad 33(23)  - 58/1 in 6.2 ov.
  ⚠ DIVERGENCE: SCORE: ui=111 cb=112 | OVERS: ui=12.4 cb=12.5 | STRIKER: ui=Jos Buttler cb=Sai Sudharsan | BAT_buttler: ui=19(17) cb=20(18) | FOW_UNKNOWN: 1 placeholder(s) awaiting broadcast upgrade | BOWLER: ui=Akeal Hosein cb=Noor Ahmad

[18:47:49  iter#522]
  UI: Gujarat Titans 112-1 (12.5)  str=Sai Sudharsan nstr=Jos Buttler  bowl=Akeal Hosein 0-32 (2.5)
  this_over=['6', '1', '.', '2', '1']  fow=1 (unk=1)  last_fow={'wicket': 1, 'batter': None, 'score': None, 'overs': None, 'bowler': None, 'how': None, '_unwitnessed': True}
  delivery: len=short_of_length line=outside_off shot=in_the_air [layer2]
  extras: this_over=0 innings=0 [w0/nb0/b0/lb0]
  CB: GT 118-1 (13)  crr=9.08  ps=60(40)  recent=6 1 0 2 1 6
  CB BAT: Jos Buttler* 20(18), Sai Sudharsan 64(37)
  CB BOWL: Akeal Hosein 0-38 (3)
  LAST WKT: Shubman Gill  st Sanju Samson b Noor Ahmad 33(23)  - 58/1 in 6.2 ov.
  ⚠ DIVERGENCE: SCORE: ui=112 cb=118 | OVERS: ui=12.5 cb=13 | STRIKER: ui=Sai Sudharsan cb=Jos Buttler | BAT_sudharsan: ui=58(36) cb=64(37) | FOW_UNKNOWN: 1 placeholder(s) awaiting broadcast upgrade | BOWL_R: ui=32 cb=38 | BOWL_O: ui=2.5 cb=3

[18:48:10  iter#523]
  UI: Gujarat Titans 118-1 (13.0)  str=Jos Buttler nstr=Sai Sudharsan  bowl=Gurjapneet Singh 0-20 (2.0)
  this_over=['6', '1', '.', '2', '1', '6']  fow=1 (unk=1)  last_fow={'wicket': 1, 'batter': None, 'score': None, 'overs': None, 'bowler': None, 'how': None, '_unwitnessed': True}
  delivery: len=good_length line=outside_off shot=in_the_air [layer2]
  extras: this_over=0 innings=0 [w0/nb0/b0/lb0]
  CB: GT 118-1 (13)  crr=9.08  ps=60(40)  recent=6 1 0 2 1 6
  CB BAT: Jos Buttler* 20(18), Sai Sudharsan 64(37)
  CB BOWL: Akeal Hosein 0-38 (3)
  LAST WKT: Shubman Gill  st Sanju Samson b Noor Ahmad 33(23)  - 58/1 in 6.2 ov.
  ⚠ DIVERGENCE: OVERS: ui=13.0 cb=13 | FOW_UNKNOWN: 1 placeholder(s) awaiting broadcast upgrade | BOWLER: ui=Gurjapneet Singh cb=Akeal Hosein

[18:48:31  iter#524]
  UI: Gujarat Titans 118-1 (13.0)  str=Jos Buttler nstr=Sai Sudharsan  bowl=Gurjapneet Singh 0-20 (2.0)
  this_over=['6', '1', '.', '2', '1', '6']  fow=1 (unk=1)  last_fow={'wicket': 1, 'batter': None, 'score': None, 'overs': None, 'bowler': None, 'how': None, '_unwitnessed': True}
  delivery: len=good_length line=outside_off shot=in_the_air [layer2]
  extras: this_over=0 innings=0 [w0/nb0/b0/lb0]
  CB: GT 118-1 (13)  crr=9.08  ps=60(40)  recent=6 1 0 2 1 6
  CB BAT: Jos Buttler* 20(18), Sai Sudharsan 64(37)
  CB BOWL: Akeal Hosein 0-38 (3)
  LAST WKT: Shubman Gill  st Sanju Samson b Noor Ahmad 33(23)  - 58/1 in 6.2 ov.
  ⚠ DIVERGENCE: OVERS: ui=13.0 cb=13 | FOW_UNKNOWN: 1 placeholder(s) awaiting broadcast upgrade | BOWLER: ui=Gurjapneet Singh cb=Akeal Hosein

[18:48:56  iter#525]
  WS ERR: ''
  CB: GT 118-1 (13)  crr=9.08  ps=60(40)  recent=...
  CB BAT: Jos Buttler* 20(18), Sai Sudharsan 64(37)
  CB BOWL: Akeal Hosein 0-38 (3)
  LAST WKT: Shubman Gill  st Sanju Samson b Noor Ahmad 33(23)  - 58/1 in 6.2 ov.
  ⚠ DIVERGENCE: BATTERS_MISSING_IN_UI: {'buttler', 'sudharsan'} (ui=set(), cb={'buttler', 'sudharsan'}) | BOWLER: ui=None cb=Akeal Hosein

[18:49:19  iter#526]
  UI: Gujarat Titans 118-1 (13.0)  str=Jos Buttler nstr=Sai Sudharsan  bowl=Jamie Overton 0-17 (1)
  this_over=['6', '1', '.', '2', '1', '6']  fow=1 (unk=1)  last_fow={'wicket': 1, 'batter': None, 'score': None, 'overs': None, 'bowler': None, 'how': None, '_unwitnessed': True}
  delivery: len=short_of_length line=outside_off shot=in_the_air [layer2]
  extras: this_over=0 innings=0 [w0/nb0/b0/lb0]
  CB: GT 118-1 (13)  crr=9.08  ps=60(40)  recent=...
  CB BAT: Jos Buttler* 20(18), Sai Sudharsan 64(37)
  CB BOWL: Akeal Hosein 0-38 (3)
  LAST WKT: Shubman Gill  st Sanju Samson b Noor Ahmad 33(23)  - 58/1 in 6.2 ov.
  ⚠ DIVERGENCE: OVERS: ui=13.0 cb=13 | FOW_UNKNOWN: 1 placeholder(s) awaiting broadcast upgrade | BOWLER: ui=Jamie Overton cb=Akeal Hosein

[18:49:42  iter#527]
  UI: Gujarat Titans 118-1 (13.0)  str=Jos Buttler nstr=Sai Sudharsan  bowl=Jamie Overton 0-17 (1)
  this_over=['6', '1', '.', '2', '1', '6']  fow=1 (unk=1)  last_fow={'wicket': 1, 'batter': None, 'score': None, 'overs': None, 'bowler': None, 'how': None, '_unwitnessed': True}
  delivery: len=short_of_length line=outside_off shot=in_the_air [layer2]
  extras: this_over=0 innings=0 [w0/nb0/b0/lb0]
  CB: GT 118-1 (13)  crr=9.08  ps=60(40)  recent=...
  CB BAT: Jos Buttler* 20(18), Sai Sudharsan 64(37)
  CB BOWL: Akeal Hosein 0-38 (3)
  LAST WKT: Shubman Gill  st Sanju Samson b Noor Ahmad 33(23)  - 58/1 in 6.2 ov.
  ⚠ DIVERGENCE: OVERS: ui=13.0 cb=13 | FOW_UNKNOWN: 1 placeholder(s) awaiting broadcast upgrade | BOWLER: ui=Jamie Overton cb=Akeal Hosein

[18:50:05  iter#528]
  UI: Gujarat Titans 118-1 (13.0)  str=Jos Buttler nstr=Sai Sudharsan  bowl=Jamie Overton 0-17 (1)
  this_over=['6', '1', '.', '2', '1', '6']  fow=1 (unk=1)  last_fow={'wicket': 1, 'batter': None, 'score': None, 'overs': None, 'bowler': None, 'how': None, '_unwitnessed': True}
  delivery: len=short_of_length line=outside_off shot=in_the_air [layer2]
  extras: this_over=0 innings=0 [w0/nb0/b0/lb0]
  CB: GT 118-1 (13.1)  crr=8.96  ps=60(41)  recent=0
  CB BAT: Jos Buttler* 20(19), Sai Sudharsan 64(37)
  CB BOWL: Akeal Hosein 0-38 (3)
  LAST WKT: Shubman Gill  st Sanju Samson b Noor Ahmad 33(23)  - 58/1 in 6.2 ov.
  ⚠ DIVERGENCE: OVERS: ui=13.0 cb=13.1 | BAT_buttler: ui=20(18) cb=20(19) | FOW_UNKNOWN: 1 placeholder(s) awaiting broadcast upgrade | BOWLER: ui=Jamie Overton cb=Akeal Hosein

[18:50:27  iter#529]
  UI: Gujarat Titans 118-1 (13.0)  str=Jos Buttler nstr=Sai Sudharsan  bowl=Jamie Overton 0-17 (1)
  this_over=['6', '1', '.', '2', '1', '6']  fow=1 (unk=1)  last_fow={'wicket': 1, 'batter': None, 'score': None, 'overs': None, 'bowler': None, 'how': None, '_unwitnessed': True}
  delivery: len=short_of_length line=outside_off shot=in_the_air [layer2]
  extras: this_over=0 innings=0 [w0/nb0/b0/lb0]
  CB: GT 118-1 (13.1)  crr=8.96  ps=60(41)  recent=0
  CB BAT: Jos Buttler* 20(19), Sai Sudharsan 64(37)
  CB BOWL: Akeal Hosein 0-38 (3)
  LAST WKT: Shubman Gill  st Sanju Samson b Noor Ahmad 33(23)  - 58/1 in 6.2 ov.
  ⚠ DIVERGENCE: OVERS: ui=13.0 cb=13.1 | BAT_buttler: ui=20(18) cb=20(19) | FOW_UNKNOWN: 1 placeholder(s) awaiting broadcast upgrade | BOWLER: ui=Jamie Overton cb=Akeal Hosein

[18:50:51  iter#530]
  WS ERR: ''
  CB: GT 119-1 (13.2)  crr=8.93  ps=61(42)  recent=0 1
  CB BAT: Sai Sudharsan* 64(37), Jos Buttler 21(20)
  CB BOWL: Akeal Hosein 0-38 (3)
  LAST WKT: Shubman Gill  st Sanju Samson b Noor Ahmad 33(23)  - 58/1 in 6.2 ov.
  ⚠ DIVERGENCE: BATTERS_MISSING_IN_UI: {'buttler', 'sudharsan'} (ui=set(), cb={'buttler', 'sudharsan'}) | BOWLER: ui=None cb=Akeal Hosein

[18:51:16  iter#531]
  WS ERR: ''
  CB: GT 119-1 (13.2)  crr=8.93  ps=61(42)  recent=0 1
  CB BAT: Sai Sudharsan* 64(37), Jos Buttler 21(20)
  CB BOWL: Akeal Hosein 0-38 (3)
  LAST WKT: Shubman Gill  st Sanju Samson b Noor Ahmad 33(23)  - 58/1 in 6.2 ov.
  ⚠ DIVERGENCE: BATTERS_MISSING_IN_UI: {'buttler', 'sudharsan'} (ui=set(), cb={'buttler', 'sudharsan'}) | BOWLER: ui=None cb=Akeal Hosein

[18:51:38  iter#532]
  UI: GT 120-1 (13.3)  str=Jos Buttler nstr=Sai Sudharsan  bowl=None None-None (None)
  this_over=['.', '1', '1']  fow=0 (unk=0)  last_fow=None
  delivery: len=short_of_length line=leg_stump shot=in_the_air [layer2]
  extras: this_over=0 innings=None [w0/nb0/b0/lb0]
  CB: GT 119-1 (13.2)  crr=8.93  ps=61(42)  recent=0 1
  CB BAT: Sai Sudharsan* 64(37), Jos Buttler 21(20)
  CB BOWL: Akeal Hosein 0-38 (3)
  LAST WKT: Shubman Gill  st Sanju Samson b Noor Ahmad 33(23)  - 58/1 in 6.2 ov.
  ⚠ DIVERGENCE: SCORE: ui=120 cb=119 | OVERS: ui=13.3 cb=13.2 | STRIKER: ui=Jos Buttler cb=Sai Sudharsan | FOW_COUNT: ui=0 vs wickets=1 | BOWLER: ui=None cb=Akeal Hosein

[18:52:01  iter#533]
  UI: Gujarat Titans 120-1 (13.3)  str=Jos Buttler nstr=Sai Sudharsan  bowl=Jamie Overton 0-19 (1.3)
  this_over=['.', '1', '1']  fow=1 (unk=1)  last_fow={'wicket': 1, 'batter': None, 'score': None, 'overs': None, 'bowler': None, 'how': None, '_unwitnessed': True}
  delivery: len=short_of_length line=leg_stump shot=in_the_air [layer2]
  extras: this_over=0 innings=0 [w0/nb0/b0/lb0]
  CB: GT 121-1 (13.3)  crr=8.96  ps=63(43)  recent=0 1 1 W
  CB BAT: Jos Buttler* 21(20), Sai Sudharsan 65(38)
  CB BOWL: Akeal Hosein 0-38 (3)
  LAST WKT: Shubman Gill  st Sanju Samson b Noor Ahmad 33(23)  - 58/1 in 6.2 ov.
  ⚠ DIVERGENCE: SCORE: ui=120 cb=121 | FOW_UNKNOWN: 1 placeholder(s) awaiting broadcast upgrade | BOWLER: ui=Jamie Overton cb=Akeal Hosein

[18:52:23  iter#534]
  UI: Gujarat Titans 121-1 (13.3)  str=Jos Buttler nstr=Sai Sudharsan  bowl=Jamie Overton 0-19 (1.3)
  this_over=['.', '1', '1', 'Wd']  fow=1 (unk=1)  last_fow={'wicket': 1, 'batter': None, 'score': None, 'overs': None, 'bowler': None, 'how': None, '_unwitnessed': True}
  delivery: len=good_length line=leg_stump shot=in_the_air [layer2]
  extras: this_over=1 innings=1 [w1/nb0/b0/lb0]
  extras_log: [{'over': '13.3', 'type': 'wide', 'runs': 1, 'this_over_after': []}]
  CB: GT 121-1 (13.3)  crr=8.96  ps=63(43)  recent=0 1 1 W
  CB BAT: Jos Buttler* 21(20), Sai Sudharsan 65(38)
  CB BOWL: Akeal Hosein 0-38 (3)
  LAST WKT: Shubman Gill  st Sanju Samson b Noor Ahmad 33(23)  - 58/1 in 6.2 ov.
  ⚠ DIVERGENCE: FOW_UNKNOWN: 1 placeholder(s) awaiting broadcast upgrade | BOWLER: ui=Jamie Overton cb=Akeal Hosein

[18:52:47  iter#535]
  UI: GT 121-1 (13.4)  str=Jos Buttler nstr=Sai Sudharsan  bowl=None None-None (None)
  this_over=['.', '1', '1', 'Wd', '.']  fow=0 (unk=0)  last_fow=None
  delivery: len=good_length line=leg_stump shot=in_the_air [layer2]
  extras: this_over=0 innings=None [w0/nb0/b0/lb0]
  CB: GT 121-1 (13.4)  crr=8.85  ps=63(44)  recent=0 1 1 W
  CB BAT: Jos Buttler* 21(21), Sai Sudharsan 65(38)
  CB BOWL: Akeal Hosein 0-38 (3)
  LAST WKT: Shubman Gill  st Sanju Samson b Noor Ahmad 33(23)  - 58/1 in 6.2 ov.
  ⚠ DIVERGENCE: FOW_COUNT: ui=0 vs wickets=1 | BOWLER: ui=None cb=Akeal Hosein

[18:53:09  iter#536]
  UI: Gujarat Titans 121-1 (13.4)  str=Jos Buttler nstr=Sai Sudharsan  bowl=Jamie Overton 0-20 (1.4)
  this_over=['.', '1', '1', 'Wd', '.']  fow=1 (unk=1)  last_fow={'wicket': 1, 'batter': None, 'score': None, 'overs': None, 'bowler': None, 'how': None, '_unwitnessed': True}
  delivery: len=good_length line=leg_stump shot=in_the_air [layer2]
  extras: this_over=1 innings=1 [w1/nb0/b0/lb0]
  extras_log: [{'over': '13.3', 'type': 'wide', 'runs': 1, 'this_over_after': []}]
  CB: GT 121-1 (13.4)  crr=8.85  ps=63(44)  recent=0 1 1 W
  CB BAT: Jos Buttler* 21(21), Sai Sudharsan 65(38)
  CB BOWL: Akeal Hosein 0-38 (3)
  LAST WKT: Shubman Gill  st Sanju Samson b Noor Ahmad 33(23)  - 58/1 in 6.2 ov.
  ⚠ DIVERGENCE: FOW_UNKNOWN: 1 placeholder(s) awaiting broadcast upgrade | BOWLER: ui=Jamie Overton cb=Akeal Hosein

[18:53:31  iter#537]
  UI: Gujarat Titans 121-1 (13.4)  str=Jos Buttler nstr=Sai Sudharsan  bowl=Jamie Overton 0-20 (1.4)
  this_over=['.', '1', '1', 'Wd', '.']  fow=1 (unk=1)  last_fow={'wicket': 1, 'batter': None, 'score': None, 'overs': None, 'bowler': None, 'how': None, '_unwitnessed': True}
  delivery: len=short_of_length line=leg_stump shot=in_the_air [layer2]
  extras: this_over=1 innings=1 [w1/nb0/b0/lb0]
  extras_log: [{'over': '13.3', 'type': 'wide', 'runs': 1, 'this_over_after': []}]
  CB: GT 125-1 (13.5)  crr=9.04  ps=67(45)  recent=0 1 1 W
  CB BAT: Jos Buttler* 25(22), Sai Sudharsan 65(38)
  CB BOWL: Akeal Hosein 0-38 (3)
  LAST WKT: Shubman Gill  st Sanju Samson b Noor Ahmad 33(23)  - 58/1 in 6.2 ov.
  ⚠ DIVERGENCE: SCORE: ui=121 cb=125 | OVERS: ui=13.4 cb=13.5 | BAT_buttler: ui=21(21) cb=25(22) | FOW_UNKNOWN: 1 placeholder(s) awaiting broadcast upgrade | BOWLER: ui=Jamie Overton cb=Akeal Hosein

[18:53:52  iter#538]
  UI: Gujarat Titans 121-1 (13.4)  str=Jos Buttler nstr=Sai Sudharsan  bowl=Jamie Overton 0-20 (1.4)
  this_over=['.', '1', '1', 'Wd', '.']  fow=1 (unk=1)  last_fow={'wicket': 1, 'batter': None, 'score': None, 'overs': None, 'bowler': None, 'how': None, '_unwitnessed': True}
  delivery: len=short_of_length line=leg_stump shot=in_the_air [layer2]
  extras: this_over=1 innings=1 [w1/nb0/b0/lb0]
  extras_log: [{'over': '13.3', 'type': 'wide', 'runs': 1, 'this_over_after': []}]
  CB: GT 129-1 (14)  crr=9.21  ps=71(46)  recent=0 1 1 W
  CB BAT: Sai Sudharsan* 65(38), Jos Buttler 29(23)
  CB BOWL: Jamie Overton 0-28 (2)
  LAST WKT: Shubman Gill  st Sanju Samson b Noor Ahmad 33(23)  - 58/1 in 6.2 ov.
  ⚠ DIVERGENCE: SCORE: ui=121 cb=129 | OVERS: ui=13.4 cb=14 | STRIKER: ui=Jos Buttler cb=Sai Sudharsan | BAT_buttler: ui=21(21) cb=29(23) | FOW_UNKNOWN: 1 placeholder(s) awaiting broadcast upgrade | BOWL_R: ui=20 cb=28 | BOWL_O: ui=1.4 cb=2

[18:54:15  iter#539]
  UI: Gujarat Titans 129-1 (14.0)  str=Sai Sudharsan nstr=Jos Buttler  bowl=Gurjapneet Singh 0-20 (2.0)
  this_over=['.', '1', '1', 'Wd', '.', '4', '4']  fow=1 (unk=1)  last_fow={'wicket': 1, 'batter': None, 'score': None, 'overs': None, 'bowler': None, 'how': None, '_unwitnessed': True}
  delivery: len=short_of_length line=leg_stump shot=in_the_air [layer2]
  extras: this_over=1 innings=1 [w1/nb0/b0/lb0]
  extras_log: [{'over': '13.3', 'type': 'wide', 'runs': 1, 'this_over_after': []}]
  CB: GT 129-1 (14)  crr=9.21  ps=71(46)  recent=0 1 1 W
  CB BAT: Sai Sudharsan* 65(38), Jos Buttler 29(23)
  CB BOWL: Jamie Overton 0-28 (2)
  LAST WKT: Shubman Gill  st Sanju Samson b Noor Ahmad 33(23)  - 58/1 in 6.2 ov.
  ⚠ DIVERGENCE: OVERS: ui=14.0 cb=14 | FOW_UNKNOWN: 1 placeholder(s) awaiting broadcast upgrade | BOWLER: ui=Gurjapneet Singh cb=Jamie Overton

[18:54:35  iter#540]
  UI: Gujarat Titans 129-1 (14.0)  str=Sai Sudharsan nstr=Jos Buttler  bowl=Gurjapneet Singh 0-20 (2.0)
  this_over=['.', '1', '1', 'Wd', '.', '4', '4']  fow=1 (unk=1)  last_fow={'wicket': 1, 'batter': None, 'score': None, 'overs': None, 'bowler': None, 'how': None, '_unwitnessed': True}
  delivery: len=short_of_length line=leg_stump shot=in_the_air [layer2]
  extras: this_over=1 innings=1 [w1/nb0/b0/lb0]
  extras_log: [{'over': '13.3', 'type': 'wide', 'runs': 1, 'this_over_after': []}]
  CB: GT 129-1 (14)  crr=9.21  ps=71(46)  recent=0 1 1 W
  CB BAT: Sai Sudharsan* 65(38), Jos Buttler 29(23)
  CB BOWL: Jamie Overton 0-28 (2)
  LAST WKT: Shubman Gill  st Sanju Samson b Noor Ahmad 33(23)  - 58/1 in 6.2 ov.
  ⚠ DIVERGENCE: OVERS: ui=14.0 cb=14 | FOW_UNKNOWN: 1 placeholder(s) awaiting broadcast upgrade | BOWLER: ui=Gurjapneet Singh cb=Jamie Overton

[18:54:57  iter#541]
  UI: Gujarat Titans 129-1 (14.0)  str=Sai Sudharsan nstr=Jos Buttler  bowl=Noor Ahmad 1-20 (3)
  this_over=['.', '1', '1', 'Wd', '.', '4', '4']  fow=1 (unk=1)  last_fow={'wicket': 1, 'batter': None, 'score': None, 'overs': None, 'bowler': None, 'how': None, '_unwitnessed': True}
  delivery: len=short_of_length line=leg_stump shot=in_the_air [layer2]
  extras: this_over=1 innings=1 [w1/nb0/b0/lb0]
  extras_log: [{'over': '13.3', 'type': 'wide', 'runs': 1, 'this_over_after': []}]
  CB: GT 129-1 (14)  crr=9.21  ps=71(46)  recent=0 1 1 W
  CB BAT: Sai Sudharsan* 65(38), Jos Buttler 29(23)
  CB BOWL: Jamie Overton 0-28 (2)
  LAST WKT: Shubman Gill  st Sanju Samson b Noor Ahmad 33(23)  - 58/1 in 6.2 ov.
  ⚠ DIVERGENCE: OVERS: ui=14.0 cb=14 | FOW_UNKNOWN: 1 placeholder(s) awaiting broadcast upgrade | BOWLER: ui=Noor Ahmad cb=Jamie Overton

[18:55:17  iter#542]
  UI: Gujarat Titans 135-1 (14.1)  str=Sai Sudharsan nstr=Jos Buttler  bowl=Noor Ahmad 1-26 (3.1)
  this_over=['6']  fow=1 (unk=1)  last_fow={'wicket': 1, 'batter': None, 'score': None, 'overs': None, 'bowler': None, 'how': None, '_unwitnessed': True}
  delivery: len=short_of_length line=leg_stump shot=in_the_air [layer2]
  extras: this_over=1 innings=1 [w1/nb0/b0/lb0]
  extras_log: [{'over': '13.3', 'type': 'wide', 'runs': 1, 'this_over_after': []}]
  CB: GT 135-1 (14.1)  crr=9.53  ps=77(47)  recent=6
  CB BAT: Sai Sudharsan* 71(39), Jos Buttler 29(23)
  CB BOWL: Jamie Overton 0-28 (2)
  LAST WKT: Shubman Gill  st Sanju Samson b Noor Ahmad 33(23)  - 58/1 in 6.2 ov.
  ⚠ DIVERGENCE: FOW_UNKNOWN: 1 placeholder(s) awaiting broadcast upgrade | BOWLER: ui=Noor Ahmad cb=Jamie Overton

[18:55:38  iter#543]
  UI: GT 136-1 (14.2)  str=Jos Buttler nstr=Sai Sudharsan  bowl=None None-None (None)
  this_over=['6', '1']  fow=0 (unk=0)  last_fow=None
  delivery: len=good_length line=leg_stump shot=in_the_air [layer2]
  extras: this_over=0 innings=None [w0/nb0/b0/lb0]
  CB: GT 135-1 (14.1)  crr=9.53  ps=77(47)  recent=6
  CB BAT: Sai Sudharsan* 71(39), Jos Buttler 29(23)
  CB BOWL: Jamie Overton 0-28 (2)
  LAST WKT: Shubman Gill  st Sanju Samson b Noor Ahmad 33(23)  - 58/1 in 6.2 ov.
  ⚠ DIVERGENCE: SCORE: ui=136 cb=135 | OVERS: ui=14.2 cb=14.1 | STRIKER: ui=Jos Buttler cb=Sai Sudharsan | FOW_COUNT: ui=0 vs wickets=1 | BOWLER: ui=None cb=Jamie Overton

[18:56:01  iter#544]
  UI: Gujarat Titans 136-1 (14.2)  str=Jos Buttler nstr=Sai Sudharsan  bowl=Noor Ahmad 1-27 (3.2)
  this_over=['6', '1']  fow=1 (unk=1)  last_fow={'wicket': 1, 'batter': None, 'score': None, 'overs': None, 'bowler': None, 'how': None, '_unwitnessed': True}
  delivery: len=good_length line=leg_stump shot=in_the_air [layer2]
  extras: this_over=1 innings=1 [w1/nb0/b0/lb0]
  extras_log: [{'over': '13.3', 'type': 'wide', 'runs': 1, 'this_over_after': []}]
  CB: GT 136-1 (14.2)  crr=9.49  ps=78(48)  recent=6 1
  CB BAT: Jos Buttler* 29(23), Sai Sudharsan 72(40)
  CB BOWL: Jamie Overton 0-28 (2)
  LAST WKT: Shubman Gill  st Sanju Samson b Noor Ahmad 33(23)  - 58/1 in 6.2 ov.
  ⚠ DIVERGENCE: FOW_UNKNOWN: 1 placeholder(s) awaiting broadcast upgrade | BOWLER: ui=Noor Ahmad cb=Jamie Overton

[18:56:23  iter#545]
  UI: Gujarat Titans 136-1 (14.2)  str=Jos Buttler nstr=Sai Sudharsan  bowl=Noor Ahmad 1-27 (3.2)
  this_over=['6', '1']  fow=1 (unk=1)  last_fow={'wicket': 1, 'batter': None, 'score': None, 'overs': None, 'bowler': None, 'how': None, '_unwitnessed': True}
  delivery: len=good_length line=leg_stump shot=in_the_air [layer2]
  extras: this_over=1 innings=1 [w1/nb0/b0/lb0]
  extras_log: [{'over': '13.3', 'type': 'wide', 'runs': 1, 'this_over_after': []}]
  CB: GT 136-1 (14.3)  crr=9.38  ps=78(49)  recent=6 1 0
  CB BAT: Jos Buttler* 29(24), Sai Sudharsan 72(40)
  CB BOWL: Jamie Overton 0-28 (2)
  LAST WKT: Shubman Gill  st Sanju Samson b Noor Ahmad 33(23)  - 58/1 in 6.2 ov.
  ⚠ DIVERGENCE: OVERS: ui=14.2 cb=14.3 | BAT_buttler: ui=29(23) cb=29(24) | FOW_UNKNOWN: 1 placeholder(s) awaiting broadcast upgrade | BOWLER: ui=Noor Ahmad cb=Jamie Overton

[18:56:47  iter#546]
  UI: Gujarat Titans 136-1 (14.4)  str=Jos Buttler nstr=Sai Sudharsan  bowl=Noor Ahmad 1-27 (3.4)
  this_over=['6', '1', '.', '.']  fow=1 (unk=1)  last_fow={'wicket': 1, 'batter': None, 'score': None, 'overs': None, 'bowler': None, 'how': None, '_unwitnessed': True}
  delivery: len=short_of_length line=leg_stump shot=in_the_air [layer2]
  extras: this_over=1 innings=1 [w1/nb0/b0/lb0]
  extras_log: [{'over': '13.3', 'type': 'wide', 'runs': 1, 'this_over_after': []}]
  CB: GT 136-1 (14.4)  crr=9.27  ps=78(50)  recent=6 1 0 0
  CB BAT: Jos Buttler* 29(25), Sai Sudharsan 72(40)
  CB BOWL: Jamie Overton 0-28 (2)
  LAST WKT: Shubman Gill  st Sanju Samson b Noor Ahmad 33(23)  - 58/1 in 6.2 ov.
  ⚠ DIVERGENCE: FOW_UNKNOWN: 1 placeholder(s) awaiting broadcast upgrade | BOWLER: ui=Noor Ahmad cb=Jamie Overton

[18:57:08  iter#547]
  UI: Gujarat Titans 136-1 (14.4)  str=Jos Buttler nstr=Sai Sudharsan  bowl=Noor Ahmad 1-27 (3.4)
  this_over=['6', '1', '.', '.']  fow=1 (unk=1)  last_fow={'wicket': 1, 'batter': None, 'score': None, 'overs': None, 'bowler': None, 'how': None, '_unwitnessed': True}
  delivery: len=short_of_length line=leg_stump shot=in_the_air [layer2]
  extras: this_over=1 innings=1 [w1/nb0/b0/lb0]
  extras_log: [{'over': '13.3', 'type': 'wide', 'runs': 1, 'this_over_after': []}]
  CB: GT 137-1 (14.5)  crr=9.24  ps=79(51)  recent=6 1 0 0 1
  CB BAT: Sai Sudharsan* 72(40), Jos Buttler 30(26)
  CB BOWL: Jamie Overton 0-28 (2)
  LAST WKT: Shubman Gill  st Sanju Samson b Noor Ahmad 33(23)  - 58/1 in 6.2 ov.
  ⚠ DIVERGENCE: SCORE: ui=136 cb=137 | OVERS: ui=14.4 cb=14.5 | STRIKER: ui=Jos Buttler cb=Sai Sudharsan | BAT_buttler: ui=29(25) cb=30(26) | FOW_UNKNOWN: 1 placeholder(s) awaiting broadcast upgrade | BOWLER: ui=Noor Ahmad cb=Jamie Overton

[18:57:33  iter#548]
  WS ERR: ''
  CB: GT 138-1 (15)  crr=9.2  ps=80(52)  recent=6 1 0 0 1 1
  CB BAT: Sai Sudharsan* 73(41), Jos Buttler 30(26)
  CB BOWL: Noor Ahmad 1-29 (4)
  LAST WKT: Shubman Gill  st Sanju Samson b Noor Ahmad 33(23)  - 58/1 in 6.2 ov.
  ⚠ DIVERGENCE: BATTERS_MISSING_IN_UI: {'buttler', 'sudharsan'} (ui=set(), cb={'buttler', 'sudharsan'}) | BOWLER: ui=None cb=Noor Ahmad

[18:57:53  iter#549]
  UI: Gujarat Titans 138-1 (15.0)  str=Sai Sudharsan nstr=Jos Buttler  bowl=Gurjapneet Singh 0-20 (2.0)
  this_over=['6', '1', '.', '.', '1', '1']  fow=1 (unk=1)  last_fow={'wicket': 1, 'batter': None, 'score': None, 'overs': None, 'bowler': None, 'how': None, '_unwitnessed': True}
  delivery: len=short_of_length line=outside_off shot=in_the_air [layer2]
  extras: this_over=1 innings=1 [w1/nb0/b0/lb0]
  extras_log: [{'over': '13.3', 'type': 'wide', 'runs': 1, 'this_over_after': []}]
  CB: GT 138-1 (15)  crr=9.2  ps=80(52)  recent=6 1 0 0 1 1
  CB BAT: Sai Sudharsan* 73(41), Jos Buttler 30(26)
  CB BOWL: Noor Ahmad 1-29 (4)
  LAST WKT: Shubman Gill  st Sanju Samson b Noor Ahmad 33(23)  - 58/1 in 6.2 ov.
  ⚠ DIVERGENCE: OVERS: ui=15.0 cb=15 | FOW_UNKNOWN: 1 placeholder(s) awaiting broadcast upgrade | BOWLER: ui=Gurjapneet Singh cb=Noor Ahmad

[18:58:17  iter#550]
  WS ERR: ''
  CB: GT 138-1 (15)  crr=9.2  ps=80(52)  recent=6 1 0 0 1 1
  CB BAT: Sai Sudharsan* 73(41), Jos Buttler 30(26)
  CB BOWL: Noor Ahmad 1-29 (4)
  LAST WKT: Shubman Gill  st Sanju Samson b Noor Ahmad 33(23)  - 58/1 in 6.2 ov.
  ⚠ DIVERGENCE: BATTERS_MISSING_IN_UI: {'buttler', 'sudharsan'} (ui=set(), cb={'buttler', 'sudharsan'}) | BOWLER: ui=None cb=Noor Ahmad

[18:58:38  iter#551]
  UI: Gujarat Titans 138-1 (15.0)  str=Sai Sudharsan nstr=Jos Buttler  bowl=Gurjapneet Singh 0-20 (2)
  this_over=['6', '1', '.', '.', '1', '1']  fow=1 (unk=1)  last_fow={'wicket': 1, 'batter': None, 'score': None, 'overs': None, 'bowler': None, 'how': None, '_unwitnessed': True}
  delivery: len=short_of_length line=outside_off shot=in_the_air [layer2]
  extras: this_over=1 innings=1 [w1/nb0/b0/lb0]
  extras_log: [{'over': '13.3', 'type': 'wide', 'runs': 1, 'this_over_after': []}]
  CB: GT 138-1 (15)  crr=9.2  ps=80(52)  recent=...
  CB BAT: Sai Sudharsan* 73(41), Jos Buttler 30(26)
  CB BOWL: Noor Ahmad 1-29 (4)
  LAST WKT: Shubman Gill  st Sanju Samson b Noor Ahmad 33(23)  - 58/1 in 6.2 ov.
  ⚠ DIVERGENCE: OVERS: ui=15.0 cb=15 | FOW_UNKNOWN: 1 placeholder(s) awaiting broadcast upgrade | BOWLER: ui=Gurjapneet Singh cb=Noor Ahmad

[18:59:01  iter#552]
  UI: Gujarat Titans 138-1 (15.0)  str=Sai Sudharsan nstr=Jos Buttler  bowl=Gurjapneet Singh 0-20 (2)
  this_over=['6', '1', '.', '.', '1', '1']  fow=1 (unk=1)  last_fow={'wicket': 1, 'batter': None, 'score': None, 'overs': None, 'bowler': None, 'how': None, '_unwitnessed': True}
  delivery: len=short_of_length line=outside_off shot=in_the_air [layer2]
  extras: this_over=1 innings=1 [w1/nb0/b0/lb0]
  extras_log: [{'over': '13.3', 'type': 'wide', 'runs': 1, 'this_over_after': []}]
  CB: GT 144-1 (15.1)  crr=9.49  ps=86(53)  recent=6
  CB BAT: Sai Sudharsan* 79(42), Jos Buttler 30(26)
  CB BOWL: Noor Ahmad 1-29 (4)
  LAST WKT: Shubman Gill  st Sanju Samson b Noor Ahmad 33(23)  - 58/1 in 6.2 ov.
  ⚠ DIVERGENCE: SCORE: ui=138 cb=144 | OVERS: ui=15.0 cb=15.1 | BAT_sudharsan: ui=73(41) cb=79(42) | FOW_UNKNOWN: 1 placeholder(s) awaiting broadcast upgrade | BOWLER: ui=Gurjapneet Singh cb=Noor Ahmad

[18:59:24  iter#553]
  UI: Gujarat Titans 138-1 (15.0)  str=Sai Sudharsan nstr=Jos Buttler  bowl=Gurjapneet Singh 0-20 (2)
  this_over=['6', '1', '.', '.', '1', '1']  fow=1 (unk=1)  last_fow={'wicket': 1, 'batter': None, 'score': None, 'overs': None, 'bowler': None, 'how': None, '_unwitnessed': True}
  delivery: len=short_of_length line=outside_off shot=in_the_air [layer2]
  extras: this_over=1 innings=1 [w1/nb0/b0/lb0]
  extras_log: [{'over': '13.3', 'type': 'wide', 'runs': 1, 'this_over_after': []}]
  CB: GT 144-1 (15.1)  crr=9.49  ps=86(53)  recent=6
  CB BAT: Sai Sudharsan* 79(42), Jos Buttler 30(26)
  CB BOWL: Noor Ahmad 1-29 (4)
  LAST WKT: Shubman Gill  st Sanju Samson b Noor Ahmad 33(23)  - 58/1 in 6.2 ov.
  ⚠ DIVERGENCE: SCORE: ui=138 cb=144 | OVERS: ui=15.0 cb=15.1 | BAT_sudharsan: ui=73(41) cb=79(42) | FOW_UNKNOWN: 1 placeholder(s) awaiting broadcast upgrade | BOWLER: ui=Gurjapneet Singh cb=Noor Ahmad

[18:59:49  iter#554]
  WS ERR: ''
  CB: GT 145-1 (15.2)  crr=9.46  ps=87(54)  recent=6 1
  CB BAT: Jos Buttler* 30(26), Sai Sudharsan 80(43)
  CB BOWL: Noor Ahmad 1-29 (4)
  LAST WKT: Shubman Gill  st Sanju Samson b Noor Ahmad 33(23)  - 58/1 in 6.2 ov.
  ⚠ DIVERGENCE: BATTERS_MISSING_IN_UI: {'buttler', 'sudharsan'} (ui=set(), cb={'buttler', 'sudharsan'}) | BOWLER: ui=None cb=Noor Ahmad

[19:00:13  iter#555]
  WS ERR: ''
  CB: GT 145-1 (15.2)  crr=9.46  ps=87(54)  recent=6 1
  CB BAT: Jos Buttler* 30(26), Sai Sudharsan 80(43)
  CB BOWL: Noor Ahmad 1-29 (4)
  LAST WKT: Shubman Gill  st Sanju Samson b Noor Ahmad 33(23)  - 58/1 in 6.2 ov.
  ⚠ DIVERGENCE: BATTERS_MISSING_IN_UI: {'buttler', 'sudharsan'} (ui=set(), cb={'buttler', 'sudharsan'}) | BOWLER: ui=None cb=Noor Ahmad

[19:00:34  iter#556]
  UI: Gujarat Titans 145-1 (15.2)  str=Jos Buttler nstr=Sai Sudharsan  bowl=Gurjapneet Singh 0-27 (2.2)
  this_over=['6', '1']  fow=1 (unk=1)  last_fow={'wicket': 1, 'batter': None, 'score': None, 'overs': None, 'bowler': None, 'how': None, '_unwitnessed': True}
  delivery: len=short_of_length line=leg_stump shot=in_the_air [layer2]
  extras: this_over=1 innings=1 [w1/nb0/b0/lb0]
  extras_log: [{'over': '13.3', 'type': 'wide', 'runs': 1, 'this_over_after': []}]
  CB: GT 146-1 (15.3)  crr=9.42  ps=88(55)  recent=6 1 1
  CB BAT: Sai Sudharsan* 80(43), Jos Buttler 31(27)
  CB BOWL: Noor Ahmad 1-29 (4)
  LAST WKT: Shubman Gill  st Sanju Samson b Noor Ahmad 33(23)  - 58/1 in 6.2 ov.
  ⚠ DIVERGENCE: SCORE: ui=145 cb=146 | OVERS: ui=15.2 cb=15.3 | STRIKER: ui=Jos Buttler cb=Sai Sudharsan | BAT_buttler: ui=30(26) cb=31(27) | FOW_UNKNOWN: 1 placeholder(s) awaiting broadcast upgrade | BOWLER: ui=Gurjapneet Singh cb=Noor Ahmad

[19:00:58  iter#557]
  WS ERR: ''
  CB: GT 146-1 (15.3)  crr=9.42  ps=88(55)  recent=6 1 1
  CB BAT: Sai Sudharsan* 80(43), Jos Buttler 31(27)
  CB BOWL: Noor Ahmad 1-29 (4)
  LAST WKT: Shubman Gill  st Sanju Samson b Noor Ahmad 33(23)  - 58/1 in 6.2 ov.
  ⚠ DIVERGENCE: BATTERS_MISSING_IN_UI: {'buttler', 'sudharsan'} (ui=set(), cb={'buttler', 'sudharsan'}) | BOWLER: ui=None cb=Noor Ahmad

[19:01:23  iter#558]
  WS ERR: ''
  CB: GT 147-1 (15.4)  crr=9.38  ps=89(56)  recent=6 1 1 1
  CB BAT: Jos Buttler* 31(27), Sai Sudharsan 81(44)
  CB BOWL: Noor Ahmad 1-29 (4)
  LAST WKT: Shubman Gill  st Sanju Samson b Noor Ahmad 33(23)  - 58/1 in 6.2 ov.
  ⚠ DIVERGENCE: BATTERS_MISSING_IN_UI: {'buttler', 'sudharsan'} (ui=set(), cb={'buttler', 'sudharsan'}) | BOWLER: ui=None cb=Noor Ahmad

[19:01:44  iter#559]
  UI: Gujarat Titans 147-1 (15.4)  str=Jos Buttler nstr=Sai Sudharsan  bowl=Gurjapneet Singh 0-29 (2.4)
  this_over=['6', '1', '1', '1']  fow=1 (unk=1)  last_fow={'wicket': 1, 'batter': None, 'score': None, 'overs': None, 'bowler': None, 'how': None, '_unwitnessed': True}
  delivery: len=short_of_length line=leg_stump shot=in_the_air [layer2]
  extras: this_over=1 innings=1 [w1/nb0/b0/lb0]
  extras_log: [{'over': '13.3', 'type': 'wide', 'runs': 1, 'this_over_after': []}]
  CB: GT 147-1 (15.4)  crr=9.38  ps=89(56)  recent=6 1 1 1
  CB BAT: Jos Buttler* 31(27), Sai Sudharsan 81(44)
  CB BOWL: Noor Ahmad 1-29 (4)
  LAST WKT: Shubman Gill  st Sanju Samson b Noor Ahmad 33(23)  - 58/1 in 6.2 ov.
  ⚠ DIVERGENCE: FOW_UNKNOWN: 1 placeholder(s) awaiting broadcast upgrade | BOWLER: ui=Gurjapneet Singh cb=Noor Ahmad

[19:02:07  iter#560]
  UI: GT 148-1 (15.5)  str=Sai Sudharsan nstr=Jos Buttler  bowl=None None-None (None)
  this_over=['6', '1', '1', '1', '1']  fow=0 (unk=0)  last_fow=None
  delivery: len=short_of_length line=leg_stump shot=in_the_air [layer2]
  extras: this_over=0 innings=None [w0/nb0/b0/lb0]
  CB: GT 148-1 (15.5)  crr=9.35  ps=90(57)  recent=6 1 1 1 1
  CB BAT: Sai Sudharsan* 81(44), Jos Buttler 32(28)
  CB BOWL: Noor Ahmad 1-29 (4)
  LAST WKT: Shubman Gill  st Sanju Samson b Noor Ahmad 33(23)  - 58/1 in 6.2 ov.
  ⚠ DIVERGENCE: FOW_COUNT: ui=0 vs wickets=1 | BOWLER: ui=None cb=Noor Ahmad

[19:02:29  iter#561]
  UI: Gujarat Titans 148-1 (15.5)  str=Sai Sudharsan nstr=Jos Buttler  bowl=Gurjapneet Singh 0-30 (2.5)
  this_over=['6', '1', '1', '1', '1']  fow=1 (unk=1)  last_fow={'wicket': 1, 'batter': None, 'score': None, 'overs': None, 'bowler': None, 'how': None, '_unwitnessed': True}
  delivery: len=short_of_length line=outside_off shot=in_the_air [layer2]
  extras: this_over=1 innings=1 [w1/nb0/b0/lb0]
  extras_log: [{'over': '13.3', 'type': 'wide', 'runs': 1, 'this_over_after': []}]
  CB: GT 154-1 (16)  crr=9.62  ps=96(58)  recent=6 1 1 1 1 6
  CB BAT: Jos Buttler* 32(28), Sai Sudharsan 87(45)
  CB BOWL: Gurjapneet Singh 0-36 (3)
  LAST WKT: Shubman Gill  st Sanju Samson b Noor Ahmad 33(23)  - 58/1 in 6.2 ov.
  ⚠ DIVERGENCE: SCORE: ui=148 cb=154 | OVERS: ui=15.5 cb=16 | STRIKER: ui=Sai Sudharsan cb=Jos Buttler | BAT_sudharsan: ui=81(44) cb=87(45) | FOW_UNKNOWN: 1 placeholder(s) awaiting broadcast upgrade | BOWL_R: ui=30 cb=36 | BOWL_O: ui=2.5 cb=3

[19:02:50  iter#562]
  UI: Gujarat Titans 154-1 (16.0)  str=Jos Buttler nstr=Sai Sudharsan  bowl=Gurjapneet Singh 0-36 (3)
  this_over=['6', '1', '1', '1', '1', '6']  fow=1 (unk=1)  last_fow={'wicket': 1, 'batter': None, 'score': None, 'overs': None, 'bowler': None, 'how': None, '_unwitnessed': True}
  delivery: len=short_of_length line=outside_off shot=in_the_air [layer2]
  extras: this_over=1 innings=1 [w1/nb0/b0/lb0]
  extras_log: [{'over': '13.3', 'type': 'wide', 'runs': 1, 'this_over_after': []}]
  CB: GT 154-1 (16)  crr=9.62  ps=96(58)  recent=6 1 1 1 1 6
  CB BAT: Jos Buttler* 32(28), Sai Sudharsan 87(45)
  CB BOWL: Gurjapneet Singh 0-36 (3)
  LAST WKT: Shubman Gill  st Sanju Samson b Noor Ahmad 33(23)  - 58/1 in 6.2 ov.
  ⚠ DIVERGENCE: OVERS: ui=16.0 cb=16 | FOW_UNKNOWN: 1 placeholder(s) awaiting broadcast upgrade

[19:03:11  iter#563]
  UI: Gujarat Titans 154-1 (16.0)  str=Jos Buttler nstr=Sai Sudharsan  bowl=Gurjapneet Singh 0-36 (3)
  this_over=['6', '1', '1', '1', '1', '6']  fow=1 (unk=1)  last_fow={'wicket': 1, 'batter': None, 'score': None, 'overs': None, 'bowler': None, 'how': None, '_unwitnessed': True}
  delivery: len=short_of_length line=outside_off shot=in_the_air [layer2]
  extras: this_over=1 innings=1 [w1/nb0/b0/lb0]
  extras_log: [{'over': '13.3', 'type': 'wide', 'runs': 1, 'this_over_after': []}]
  CB: GT 154-1 (16)  crr=9.62  ps=96(58)  recent=6 1 1 1 1 6
  CB BAT: Jos Buttler* 32(28), Sai Sudharsan 87(45)
  CB BOWL: Gurjapneet Singh 0-36 (3)
  LAST WKT: Shubman Gill  st Sanju Samson b Noor Ahmad 33(23)  - 58/1 in 6.2 ov.
  ⚠ DIVERGENCE: OVERS: ui=16.0 cb=16 | FOW_UNKNOWN: 1 placeholder(s) awaiting broadcast upgrade

[19:03:35  iter#564]
  WS ERR: ''
  CB: GT 154-1 (16)  crr=9.62  ps=96(58)  recent=6 1 1 1 1 6
  CB BAT: Jos Buttler* 32(28), Sai Sudharsan 87(45)
  CB BOWL: Gurjapneet Singh 0-36 (3)
  LAST WKT: Shubman Gill  st Sanju Samson b Noor Ahmad 33(23)  - 58/1 in 6.2 ov.
  ⚠ DIVERGENCE: BATTERS_MISSING_IN_UI: {'buttler', 'sudharsan'} (ui=set(), cb={'buttler', 'sudharsan'}) | BOWLER: ui=None cb=Gurjapneet Singh

[19:03:59  iter#565]
  UI: Gujarat Titans 154-1 (16.0)  str=Jos Buttler nstr=Sai Sudharsan  bowl=Gurjapneet Singh 0-36 (3)
  this_over=['6', '1', '1', '1', '1', '6']  fow=1 (unk=1)  last_fow={'wicket': 1, 'batter': None, 'score': None, 'overs': None, 'bowler': None, 'how': None, '_unwitnessed': True}
  delivery: len=short_of_length line=outside_off shot=in_the_air [layer2]
  extras: this_over=1 innings=1 [w1/nb0/b0/lb0]
  extras_log: [{'over': '13.3', 'type': 'wide', 'runs': 1, 'this_over_after': []}]
  CB: GT 154-1 (16)  crr=9.62  ps=96(58)  recent=...
  CB BAT: Jos Buttler* 32(28), Sai Sudharsan 87(45)
  CB BOWL: Gurjapneet Singh 0-36 (3)
  LAST WKT: Shubman Gill  st Sanju Samson b Noor Ahmad 33(23)  - 58/1 in 6.2 ov.
  ⚠ DIVERGENCE: OVERS: ui=16.0 cb=16 | FOW_UNKNOWN: 1 placeholder(s) awaiting broadcast upgrade

[19:04:20  iter#566]
  UI: Gujarat Titans 154-1 (16.0)  str=Jos Buttler nstr=Sai Sudharsan  bowl=Gurjapneet Singh 0-36 (3)
  this_over=['6', '1', '1', '1', '1', '6']  fow=1 (unk=1)  last_fow={'wicket': 1, 'batter': None, 'score': None, 'overs': None, 'bowler': None, 'how': None, '_unwitnessed': True}
  delivery: len=short_of_length line=outside_off shot=in_the_air [layer2]
  extras: this_over=1 innings=1 [w1/nb0/b0/lb0]
  extras_log: [{'over': '13.3', 'type': 'wide', 'runs': 1, 'this_over_after': []}]
  CB: GT 154-1 (16)  crr=9.62  ps=96(58)  recent=...
  CB BAT: Jos Buttler* 32(28), Sai Sudharsan 87(45)
  CB BOWL: Gurjapneet Singh 0-36 (3)
  LAST WKT: Shubman Gill  st Sanju Samson b Noor Ahmad 33(23)  - 58/1 in 6.2 ov.
  ⚠ DIVERGENCE: OVERS: ui=16.0 cb=16 | FOW_UNKNOWN: 1 placeholder(s) awaiting broadcast upgrade

[19:04:44  iter#567]
  WS ERR: ''
  CB: GT 154-1 (16)  crr=9.62  ps=96(58)  recent=...
  CB BAT: Jos Buttler* 32(28), Sai Sudharsan 87(45)
  CB BOWL: Gurjapneet Singh 0-36 (3)
  LAST WKT: Shubman Gill  st Sanju Samson b Noor Ahmad 33(23)  - 58/1 in 6.2 ov.
  ⚠ DIVERGENCE: BATTERS_MISSING_IN_UI: {'buttler', 'sudharsan'} (ui=set(), cb={'buttler', 'sudharsan'}) | BOWLER: ui=None cb=Gurjapneet Singh

[19:05:05  iter#568]
  UI: Gujarat Titans 154-1 (16.0)  str=Jos Buttler nstr=Sai Sudharsan  bowl=Gurjapneet Singh 0-36 (3)
  this_over=['6', '1', '1', '1', '1', '6']  fow=1 (unk=1)  last_fow={'wicket': 1, 'batter': None, 'score': None, 'overs': None, 'bowler': None, 'how': None, '_unwitnessed': True}
  delivery: len=short_of_length line=outside_off shot=in_the_air [layer2]
  extras: this_over=1 innings=1 [w1/nb0/b0/lb0]
  extras_log: [{'over': '13.3', 'type': 'wide', 'runs': 1, 'this_over_after': []}]
  CB: GT 154-1 (16)  crr=9.62  ps=96(58)  recent=...
  CB BAT: Jos Buttler* 32(28), Sai Sudharsan 87(45)
  CB BOWL: Gurjapneet Singh 0-36 (3)
  LAST WKT: Shubman Gill  st Sanju Samson b Noor Ahmad 33(23)  - 58/1 in 6.2 ov.
  ⚠ DIVERGENCE: OVERS: ui=16.0 cb=16 | FOW_UNKNOWN: 1 placeholder(s) awaiting broadcast upgrade

[19:05:28  iter#569]
  UI: Gujarat Titans 154-1 (16.0)  str=Jos Buttler nstr=Sai Sudharsan  bowl=Gurjapneet Singh 0-36 (3)
  this_over=['6', '1', '1', '1', '1', '6']  fow=1 (unk=1)  last_fow={'wicket': 1, 'batter': None, 'score': None, 'overs': None, 'bowler': None, 'how': None, '_unwitnessed': True}
  delivery: len=good_length line=leg_stump shot=in_the_air [layer2]
  extras: this_over=1 innings=1 [w1/nb0/b0/lb0]
  extras_log: [{'over': '13.3', 'type': 'wide', 'runs': 1, 'this_over_after': []}]
  CB: GT 154-1 (16)  crr=9.62  ps=96(58)  recent=...
  CB BAT: Jos Buttler* 32(28), Sai Sudharsan 87(45)
  CB BOWL: Gurjapneet Singh 0-36 (3)
  LAST WKT: Shubman Gill  st Sanju Samson b Noor Ahmad 33(23)  - 58/1 in 6.2 ov.
  ⚠ DIVERGENCE: OVERS: ui=16.0 cb=16 | FOW_UNKNOWN: 1 placeholder(s) awaiting broadcast upgrade

[19:05:52  iter#570]
  WS ERR: ''
  CB: GT 154-1 (16)  crr=9.62  ps=96(58)  recent=...
  CB BAT: Jos Buttler* 32(28), Sai Sudharsan 87(45)
  CB BOWL: Gurjapneet Singh 0-36 (3)
  LAST WKT: Shubman Gill  st Sanju Samson b Noor Ahmad 33(23)  - 58/1 in 6.2 ov.
  ⚠ DIVERGENCE: BATTERS_MISSING_IN_UI: {'buttler', 'sudharsan'} (ui=set(), cb={'buttler', 'sudharsan'}) | BOWLER: ui=None cb=Gurjapneet Singh

[19:06:16  iter#571]
  UI: Gujarat Titans 154-1 (16.0)  str=Jos Buttler nstr=Sai Sudharsan  bowl=Gurjapneet Singh 0-36 (3)
  this_over=['6', '1', '1', '1', '1', '6']  fow=1 (unk=1)  last_fow={'wicket': 1, 'batter': None, 'score': None, 'overs': None, 'bowler': None, 'how': None, '_unwitnessed': True}
  delivery: len=good_length line=leg_stump shot=in_the_air [layer2]
  extras: this_over=1 innings=1 [w1/nb0/b0/lb0]
  extras_log: [{'over': '13.3', 'type': 'wide', 'runs': 1, 'this_over_after': []}]
  CB: GT 155-1 (16.1)  crr=9.59  ps=97(59)  recent=1
  CB BAT: Sai Sudharsan* 87(45), Jos Buttler 33(29)
  CB BOWL: Gurjapneet Singh 0-36 (3)
  LAST WKT: Shubman Gill  st Sanju Samson b Noor Ahmad 33(23)  - 58/1 in 6.2 ov.
  ⚠ DIVERGENCE: SCORE: ui=154 cb=155 | OVERS: ui=16.0 cb=16.1 | STRIKER: ui=Jos Buttler cb=Sai Sudharsan | BAT_buttler: ui=32(28) cb=33(29) | FOW_UNKNOWN: 1 placeholder(s) awaiting broadcast upgrade

[19:06:40  iter#572]
  WS ERR: ''
  CB: GT 155-1 (16.1)  crr=9.59  ps=97(59)  recent=1
  CB BAT: Sai Sudharsan* 87(45), Jos Buttler 33(29)
  CB BOWL: Gurjapneet Singh 0-36 (3)
  LAST WKT: Shubman Gill  st Sanju Samson b Noor Ahmad 33(23)  - 58/1 in 6.2 ov.
  ⚠ DIVERGENCE: BATTERS_MISSING_IN_UI: {'buttler', 'sudharsan'} (ui=set(), cb={'buttler', 'sudharsan'}) | BOWLER: ui=None cb=Gurjapneet Singh

[19:07:02  iter#573]
  UI: Gujarat Titans 155-1 (16.1)  str=Sai Sudharsan nstr=Jos Buttler  bowl=Akeal Hosein 0-39 (3.1)
  this_over=['1']  fow=1 (unk=1)  last_fow={'wicket': 1, 'batter': None, 'score': None, 'overs': None, 'bowler': None, 'how': None, '_unwitnessed': True}
  delivery: len=good_length line=leg_stump shot=in_the_air [layer2]
  extras: this_over=1 innings=1 [w1/nb0/b0/lb0]
  extras_log: [{'over': '13.3', 'type': 'wide', 'runs': 1, 'this_over_after': []}]
  CB: GT 155-2 (16.2)  crr=9.49  ps=97(60)  recent=1 W
  CB BAT: Jos Buttler* 33(29), Gurjapneet Singh 3(0)
  CB BOWL: Gurjapneet Singh 0-36 (3)
  LAST WKT: Sai Sudharsan  c Dewald Brevis b Akeal Hosein 87(46)  - 155/2 in 16.2 ov.
  ⚠ DIVERGENCE: WICKETS: ui=1 cb=2 | OVERS: ui=16.1 cb=16.2 | STRIKER: ui=Sai Sudharsan cb=Jos Buttler | BATTERS_MISSING_IN_UI: {'singh'} (ui={'buttler', 'sudharsan'}, cb={'buttler', 'singh'}) | FOW_UNKNOWN: 1 placeholder(s) awaiting broadcast upgrade | BOWLER: ui=Akeal Hosein cb=Gurjapneet Singh

[19:07:26  iter#574]
  UI: Gujarat Titans 155-2 (16.2)  str=None nstr=Jos Buttler  bowl=Akeal Hosein 1-39 (3.2)
  this_over=['1', 'W']  fow=2 (unk=2)  last_fow={'wicket': 2, 'batter': None, 'score': None, 'overs': None, 'bowler': None, 'how': None, '_unwitnessed': True}
  delivery: len=short_of_length line=leg_stump shot=in_the_air [layer2]
  extras: this_over=1 innings=1 [w1/nb0/b0/lb0]
  extras_log: [{'over': '13.3', 'type': 'wide', 'runs': 1, 'this_over_after': []}]
  CB: GT 155-2 (16.2)  crr=9.49  ps=97(60)  recent=1 W
  CB BAT: Jos Buttler* 33(29), Gurjapneet Singh 3(0)
  CB BOWL: Gurjapneet Singh 0-36 (3)
  LAST WKT: Sai Sudharsan  c Dewald Brevis b Akeal Hosein 87(46)  - 155/2 in 16.2 ov.
  ⚠ DIVERGENCE: BATTERS_MISSING_IN_UI: {'singh'} (ui={'buttler'}, cb={'buttler', 'singh'}) | FOW_UNKNOWN: 2 placeholder(s) awaiting broadcast upgrade | BOWLER: ui=Akeal Hosein cb=Gurjapneet Singh

[19:07:47  iter#575]
  UI: Gujarat Titans 155-2 (16.2)  str=None nstr=Jos Buttler  bowl=Akeal Hosein 1-39 (3.2)
  this_over=['1', 'W']  fow=2 (unk=2)  last_fow={'wicket': 2, 'batter': None, 'score': None, 'overs': None, 'bowler': None, 'how': None, '_unwitnessed': True}
  delivery: len=short_of_length line=leg_stump shot=in_the_air [layer2]
  extras: this_over=1 innings=1 [w1/nb0/b0/lb0]
  extras_log: [{'over': '13.3', 'type': 'wide', 'runs': 1, 'this_over_after': []}]
  CB: GT 155-2 (16.2)  crr=9.49  ps=97(60)  recent=1 W
  CB BAT: Jos Buttler* 33(29), Gurjapneet Singh 3(0)
  CB BOWL: Gurjapneet Singh 0-36 (3)
  LAST WKT: Sai Sudharsan  c Dewald Brevis b Akeal Hosein 87(46)  - 155/2 in 16.2 ov.
  ⚠ DIVERGENCE: BATTERS_MISSING_IN_UI: {'singh'} (ui={'buttler'}, cb={'buttler', 'singh'}) | FOW_UNKNOWN: 2 placeholder(s) awaiting broadcast upgrade | BOWLER: ui=Akeal Hosein cb=Gurjapneet Singh

[19:08:11  iter#576]
  WS ERR: ''
  CB: GT 155-2 (16.2)  crr=9.49  ps=0(0)  recent=... 0 0 1 1
  CB BAT: Washington Sundar* 0(0), Jos Buttler 33(29)
  CB BOWL: Gurjapneet Singh 0-36 (3)
  LAST WKT: Sai Sudharsan  c Dewald Brevis b Akeal Hosein 87(46)  - 155/2 in 16.2 ov.
  ⚠ DIVERGENCE: BATTERS_MISSING_IN_UI: {'buttler', 'sundar'} (ui=set(), cb={'buttler', 'sundar'}) | BOWLER: ui=None cb=Gurjapneet Singh

[19:08:32  iter#577]
  UI: Gujarat Titans 155-2 (16.2)  str=None nstr=Jos Buttler  bowl=Akeal Hosein 1-39 (3.2)
  this_over=['1', 'W']  fow=2 (unk=2)  last_fow={'wicket': 2, 'batter': None, 'score': None, 'overs': None, 'bowler': None, 'how': None, '_unwitnessed': True}
  delivery: len=good_length line=leg_stump shot=in_the_air [layer2]
  extras: this_over=1 innings=1 [w1/nb0/b0/lb0]
  extras_log: [{'over': '13.3', 'type': 'wide', 'runs': 1, 'this_over_after': []}]
  CB: GT 156-2 (16.3)  crr=9.45  ps=1(1)  recent=1 W 1
  CB BAT: Jos Buttler* 33(29), Washington Sundar 1(1)
  CB BOWL: Gurjapneet Singh 0-36 (3)
  LAST WKT: Sai Sudharsan  c Dewald Brevis b Akeal Hosein 87(46)  - 155/2 in 16.2 ov.
  ⚠ DIVERGENCE: SCORE: ui=155 cb=156 | OVERS: ui=16.2 cb=16.3 | BATTERS_MISSING_IN_UI: {'sundar'} (ui={'buttler'}, cb={'buttler', 'sundar'}) | FOW_UNKNOWN: 2 placeholder(s) awaiting broadcast upgrade | BOWLER: ui=Akeal Hosein cb=Gurjapneet Singh

[19:08:53  iter#578]
  UI: Gujarat Titans 155-2 (16.2)  str=None nstr=Jos Buttler  bowl=Akeal Hosein 1-39 (3.2)
  this_over=['1', 'W']  fow=2 (unk=2)  last_fow={'wicket': 2, 'batter': None, 'score': None, 'overs': None, 'bowler': None, 'how': None, '_unwitnessed': True}
  delivery: len=good_length line=leg_stump shot=in_the_air [layer2]
  extras: this_over=1 innings=1 [w1/nb0/b0/lb0]
  extras_log: [{'over': '13.3', 'type': 'wide', 'runs': 1, 'this_over_after': []}]
  CB: GT 156-2 (16.3)  crr=9.45  ps=1(1)  recent=1 W 1
  CB BAT: Jos Buttler* 33(29), Washington Sundar 1(1)
  CB BOWL: Gurjapneet Singh 0-36 (3)
  LAST WKT: Sai Sudharsan  c Dewald Brevis b Akeal Hosein 87(46)  - 155/2 in 16.2 ov.
  ⚠ DIVERGENCE: SCORE: ui=155 cb=156 | OVERS: ui=16.2 cb=16.3 | BATTERS_MISSING_IN_UI: {'sundar'} (ui={'buttler'}, cb={'buttler', 'sundar'}) | FOW_UNKNOWN: 2 placeholder(s) awaiting broadcast upgrade | BOWLER: ui=Akeal Hosein cb=Gurjapneet Singh

[19:09:17  iter#579]
  WS ERR: ''
  CB: None None-None (None)  crr=None  ps=None  recent=None
  ✓ score/wickets/overs match

[19:09:40  iter#580]
  UI: Gujarat Titans 155-2 (16.2)  str=None nstr=Jos Buttler  bowl=Akeal Hosein 1-39 (3.2)
  this_over=['1', 'W']  fow=2 (unk=2)  last_fow={'wicket': 2, 'batter': None, 'score': None, 'overs': None, 'bowler': None, 'how': None, '_unwitnessed': True}
  delivery: len=good_length line=leg_stump shot=in_the_air [layer2]
  extras: this_over=1 innings=1 [w1/nb0/b0/lb0]
  extras_log: [{'over': '13.3', 'type': 'wide', 'runs': 1, 'this_over_after': []}]
  CB: None None-None (None)  crr=None  ps=None  recent=None
  ⚠ DIVERGENCE: FOW_UNKNOWN: 2 placeholder(s) awaiting broadcast upgrade

[19:10:04  iter#581]
  WS ERR: ''
  CB: None None-None (None)  crr=None  ps=None  recent=None
  ✓ score/wickets/overs match

[19:10:26  iter#582]
  UI: Gujarat Titans 155-2 (16.2)  str=None nstr=Jos Buttler  bowl=Akeal Hosein 1-39 (3.2)
  this_over=['1', 'W']  fow=2 (unk=2)  last_fow={'wicket': 2, 'batter': None, 'score': None, 'overs': None, 'bowler': None, 'how': None, '_unwitnessed': True}
  delivery: len=good_length line=leg_stump shot=in_the_air [layer2]
  extras: this_over=1 innings=1 [w1/nb0/b0/lb0]
  extras_log: [{'over': '13.3', 'type': 'wide', 'runs': 1, 'this_over_after': []}]
  CB: None None-None (None)  crr=None  ps=None  recent=None
  ⚠ DIVERGENCE: FOW_UNKNOWN: 2 placeholder(s) awaiting broadcast upgrade

[19:10:47  iter#583]
  UI: Gujarat Titans 155-2 (16.2)  str=None nstr=Jos Buttler  bowl=Akeal Hosein 1-39 (3.2)
  this_over=['1', 'W']  fow=2 (unk=2)  last_fow={'wicket': 2, 'batter': None, 'score': None, 'overs': None, 'bowler': None, 'how': None, '_unwitnessed': True}
  delivery: len=good_length line=leg_stump shot=in_the_air [layer2]
  extras: this_over=1 innings=1 [w1/nb0/b0/lb0]
  extras_log: [{'over': '13.3', 'type': 'wide', 'runs': 1, 'this_over_after': []}]
  CB: None None-None (None)  crr=None  ps=None  recent=None
  ⚠ DIVERGENCE: FOW_UNKNOWN: 2 placeholder(s) awaiting broadcast upgrade

[19:11:09  iter#584]
  UI: Gujarat Titans 155-2 (16.2)  str=None nstr=Jos Buttler  bowl=Akeal Hosein 1-39 (3.2)
  this_over=['1', 'W']  fow=2 (unk=2)  last_fow={'wicket': 2, 'batter': None, 'score': None, 'overs': None, 'bowler': None, 'how': None, '_unwitnessed': True}
  delivery: len=good_length line=leg_stump shot=in_the_air [layer2]
  extras: this_over=1 innings=1 [w1/nb0/b0/lb0]
  extras_log: [{'over': '13.3', 'type': 'wide', 'runs': 1, 'this_over_after': []}]
  CB: None None-None (None)  crr=None  ps=None  recent=None
  ⚠ DIVERGENCE: FOW_UNKNOWN: 2 placeholder(s) awaiting broadcast upgrade

[19:11:30  iter#585]
  UI: Gujarat Titans 155-2 (16.2)  str=None nstr=Jos Buttler  bowl=Akeal Hosein 1-39 (3.2)
  this_over=['1', 'W']  fow=2 (unk=2)  last_fow={'wicket': 2, 'batter': None, 'score': None, 'overs': None, 'bowler': None, 'how': None, '_unwitnessed': True}
  delivery: len=good_length line=leg_stump shot=in_the_air [layer2]
  extras: this_over=1 innings=1 [w1/nb0/b0/lb0]
  extras_log: [{'over': '13.3', 'type': 'wide', 'runs': 1, 'this_over_after': []}]
  CB: None None-None (None)  crr=None  ps=None  recent=None
  ⚠ DIVERGENCE: FOW_UNKNOWN: 2 placeholder(s) awaiting broadcast upgrade

[19:11:52  iter#586]
  UI: Gujarat Titans 155-2 (16.2)  str=None nstr=Jos Buttler  bowl=Akeal Hosein 1-39 (3.2)
  this_over=['1', 'W']  fow=2 (unk=2)  last_fow={'wicket': 2, 'batter': None, 'score': None, 'overs': None, 'bowler': None, 'how': None, '_unwitnessed': True}
  delivery: len=good_length line=leg_stump shot=in_the_air [layer2]
  extras: this_over=1 innings=1 [w1/nb0/b0/lb0]
  extras_log: [{'over': '13.3', 'type': 'wide', 'runs': 1, 'this_over_after': []}]
  CB: None None-None (None)  crr=None  ps=None  recent=None
  ⚠ DIVERGENCE: FOW_UNKNOWN: 2 placeholder(s) awaiting broadcast upgrade

[19:12:16  iter#587]
  WS ERR: ''
  CB: None None-None (None)  crr=None  ps=None  recent=None
  ✓ score/wickets/overs match

[19:12:40  iter#588]
  WS ERR: ''
  CB: None None-None (None)  crr=None  ps=None  recent=None
  ✓ score/wickets/overs match

[19:13:03  iter#589]
  UI: Gujarat Titans 155-2 (16.2)  str=None nstr=Jos Buttler  bowl=Akeal Hosein 1-39 (3.2)
  this_over=['1', 'W']  fow=2 (unk=2)  last_fow={'wicket': 2, 'batter': None, 'score': None, 'overs': None, 'bowler': None, 'how': None, '_unwitnessed': True}
  delivery: len=good_length line=leg_stump shot=in_the_air [layer2]
  extras: this_over=1 innings=1 [w1/nb0/b0/lb0]
  extras_log: [{'over': '13.3', 'type': 'wide', 'runs': 1, 'this_over_after': []}]
  CB: None None-None (None)  crr=None  ps=None  recent=None
  ⚠ DIVERGENCE: FOW_UNKNOWN: 2 placeholder(s) awaiting broadcast upgrade

[19:13:25  iter#590]
  UI: Gujarat Titans 155-2 (16.2)  str=None nstr=Jos Buttler  bowl=Akeal Hosein 1-39 (3.2)
  this_over=['1', 'W']  fow=2 (unk=2)  last_fow={'wicket': 2, 'batter': None, 'score': None, 'overs': None, 'bowler': None, 'how': None, '_unwitnessed': True}
  delivery: len=good_length line=leg_stump shot=in_the_air [layer2]
  extras: this_over=1 innings=1 [w1/nb0/b0/lb0]
  extras_log: [{'over': '13.3', 'type': 'wide', 'runs': 1, 'this_over_after': []}]
  CB: None None-None (None)  crr=None  ps=None  recent=None
  ⚠ DIVERGENCE: FOW_UNKNOWN: 2 placeholder(s) awaiting broadcast upgrade

[19:13:49  iter#591]
  WS ERR: ''
  CB: None None-None (None)  crr=None  ps=None  recent=None
  ✓ score/wickets/overs match

[19:14:12  iter#592]
  UI: Gujarat Titans 155-2 (16.2)  str=None nstr=Jos Buttler  bowl=Akeal Hosein 1-39 (3.2)
  this_over=['1', 'W']  fow=2 (unk=2)  last_fow={'wicket': 2, 'batter': None, 'score': None, 'overs': None, 'bowler': None, 'how': None, '_unwitnessed': True}
  delivery: len=good_length line=leg_stump shot=in_the_air [layer2]
  extras: this_over=1 innings=1 [w1/nb0/b0/lb0]
  extras_log: [{'over': '13.3', 'type': 'wide', 'runs': 1, 'this_over_after': []}]
  CB: None None-None (None)  crr=None  ps=None  recent=None
  ⚠ DIVERGENCE: FOW_UNKNOWN: 2 placeholder(s) awaiting broadcast upgrade

[19:14:36  iter#593]
  WS ERR: ''
  CB: None None-None (None)  crr=None  ps=None  recent=None
  ✓ score/wickets/overs match

[19:14:57  iter#594]
  UI: Gujarat Titans 155-2 (16.2)  str=None nstr=Jos Buttler  bowl=Akeal Hosein 1-39 (3.2)
  this_over=['1', 'W']  fow=2 (unk=2)  last_fow={'wicket': 2, 'batter': None, 'score': None, 'overs': None, 'bowler': None, 'how': None, '_unwitnessed': True}
  delivery: len=good_length line=leg_stump shot=in_the_air [layer2]
  extras: this_over=1 innings=1 [w1/nb0/b0/lb0]
  extras_log: [{'over': '13.3', 'type': 'wide', 'runs': 1, 'this_over_after': []}]
  CB: None None-None (None)  crr=None  ps=None  recent=None
  ⚠ DIVERGENCE: FOW_UNKNOWN: 2 placeholder(s) awaiting broadcast upgrade

[19:15:21  iter#595]
  UI: Gujarat Titans 155-2 (16.2)  str=None nstr=Jos Buttler  bowl=Akeal Hosein 1-39 (3.2)
  this_over=['1', 'W']  fow=2 (unk=2)  last_fow={'wicket': 2, 'batter': None, 'score': None, 'overs': None, 'bowler': None, 'how': None, '_unwitnessed': True}
  delivery: len=good_length line=leg_stump shot=in_the_air [layer2]
  extras: this_over=1 innings=1 [w1/nb0/b0/lb0]
  extras_log: [{'over': '13.3', 'type': 'wide', 'runs': 1, 'this_over_after': []}]
  CB: None None-None (None)  crr=None  ps=None  recent=None
  ⚠ DIVERGENCE: FOW_UNKNOWN: 2 placeholder(s) awaiting broadcast upgrade

[19:15:44  iter#596]
  UI: Gujarat Titans 155-2 (16.2)  str=None nstr=Jos Buttler  bowl=Akeal Hosein 1-39 (3.2)
  this_over=['1', 'W']  fow=2 (unk=2)  last_fow={'wicket': 2, 'batter': None, 'score': None, 'overs': None, 'bowler': None, 'how': None, '_unwitnessed': True}
  delivery: len=good_length line=leg_stump shot=in_the_air [layer2]
  extras: this_over=1 innings=1 [w1/nb0/b0/lb0]
  extras_log: [{'over': '13.3', 'type': 'wide', 'runs': 1, 'this_over_after': []}]
  CB: None None-None (None)  crr=None  ps=None  recent=None
  ⚠ DIVERGENCE: FOW_UNKNOWN: 2 placeholder(s) awaiting broadcast upgrade

[19:16:05  iter#597]
  UI: Gujarat Titans 155-2 (16.2)  str=None nstr=Jos Buttler  bowl=Akeal Hosein 1-39 (3.2)
  this_over=['1', 'W']  fow=2 (unk=2)  last_fow={'wicket': 2, 'batter': None, 'score': None, 'overs': None, 'bowler': None, 'how': None, '_unwitnessed': True}
  delivery: len=good_length line=leg_stump shot=in_the_air [layer2]
  extras: this_over=1 innings=1 [w1/nb0/b0/lb0]
  extras_log: [{'over': '13.3', 'type': 'wide', 'runs': 1, 'this_over_after': []}]
  CB: None None-None (None)  crr=None  ps=None  recent=None
  ⚠ DIVERGENCE: FOW_UNKNOWN: 2 placeholder(s) awaiting broadcast upgrade

[19:16:28  iter#598]
  UI: Gujarat Titans 155-2 (16.2)  str=None nstr=Jos Buttler  bowl=Akeal Hosein 1-39 (3.2)
  this_over=['1', 'W']  fow=2 (unk=2)  last_fow={'wicket': 2, 'batter': None, 'score': None, 'overs': None, 'bowler': None, 'how': None, '_unwitnessed': True}
  delivery: len=good_length line=leg_stump shot=in_the_air [layer2]
  extras: this_over=1 innings=1 [w1/nb0/b0/lb0]
  extras_log: [{'over': '13.3', 'type': 'wide', 'runs': 1, 'this_over_after': []}]
  CB: None None-None (None)  crr=None  ps=None  recent=None
  ⚠ DIVERGENCE: FOW_UNKNOWN: 2 placeholder(s) awaiting broadcast upgrade

[19:16:48  iter#599]
  UI: Gujarat Titans 155-2 (16.2)  str=None nstr=Jos Buttler  bowl=Akeal Hosein 1-39 (3.2)
  this_over=['1', 'W']  fow=2 (unk=2)  last_fow={'wicket': 2, 'batter': None, 'score': None, 'overs': None, 'bowler': None, 'how': None, '_unwitnessed': True}
  delivery: len=good_length line=leg_stump shot=in_the_air [layer2]
  extras: this_over=1 innings=1 [w1/nb0/b0/lb0]
  extras_log: [{'over': '13.3', 'type': 'wide', 'runs': 1, 'this_over_after': []}]
  CB: None None-None (None)  crr=None  ps=None  recent=None
  ⚠ DIVERGENCE: FOW_UNKNOWN: 2 placeholder(s) awaiting broadcast upgrade

[19:17:11  iter#600]
  UI: Gujarat Titans 155-2 (16.2)  str=None nstr=Jos Buttler  bowl=Akeal Hosein 1-39 (3.2)
  this_over=['1', 'W']  fow=2 (unk=2)  last_fow={'wicket': 2, 'batter': None, 'score': None, 'overs': None, 'bowler': None, 'how': None, '_unwitnessed': True}
  delivery: len=good_length line=leg_stump shot=in_the_air [layer2]
  extras: this_over=1 innings=1 [w1/nb0/b0/lb0]
  extras_log: [{'over': '13.3', 'type': 'wide', 'runs': 1, 'this_over_after': []}]
  CB: None None-None (None)  crr=None  ps=None  recent=None
  ⚠ DIVERGENCE: FOW_UNKNOWN: 2 placeholder(s) awaiting broadcast upgrade

[19:17:32  iter#601]
  UI: Gujarat Titans 155-2 (16.2)  str=None nstr=Jos Buttler  bowl=Akeal Hosein 1-39 (3.2)
  this_over=['1', 'W']  fow=2 (unk=2)  last_fow={'wicket': 2, 'batter': None, 'score': None, 'overs': None, 'bowler': None, 'how': None, '_unwitnessed': True}
  delivery: len=good_length line=leg_stump shot=in_the_air [layer2]
  extras: this_over=1 innings=1 [w1/nb0/b0/lb0]
  extras_log: [{'over': '13.3', 'type': 'wide', 'runs': 1, 'this_over_after': []}]
  CB: None None-None (None)  crr=None  ps=None  recent=None
  ⚠ DIVERGENCE: FOW_UNKNOWN: 2 placeholder(s) awaiting broadcast upgrade

[19:17:56  iter#602]
  WS ERR: ''
  CB: None None-None (None)  crr=None  ps=None  recent=None
  ✓ score/wickets/overs match

[19:18:18  iter#603]
  UI: Gujarat Titans 155-2 (16.2)  str=None nstr=Jos Buttler  bowl=Akeal Hosein 1-39 (3.2)
  this_over=['1', 'W']  fow=2 (unk=2)  last_fow={'wicket': 2, 'batter': None, 'score': None, 'overs': None, 'bowler': None, 'how': None, '_unwitnessed': True}
  delivery: len=good_length line=leg_stump shot=in_the_air [layer2]
  extras: this_over=1 innings=1 [w1/nb0/b0/lb0]
  extras_log: [{'over': '13.3', 'type': 'wide', 'runs': 1, 'this_over_after': []}]
  CB: None None-None (None)  crr=None  ps=None  recent=None
  ⚠ DIVERGENCE: FOW_UNKNOWN: 2 placeholder(s) awaiting broadcast upgrade

[19:18:42  iter#604]
  WS ERR: ''
  CB: None None-None (None)  crr=None  ps=None  recent=None
  ✓ score/wickets/overs match

[19:19:03  iter#605]
  UI: Gujarat Titans 155-2 (16.2)  str=None nstr=Jos Buttler  bowl=Akeal Hosein 1-39 (3.2)
  this_over=['1', 'W']  fow=2 (unk=2)  last_fow={'wicket': 2, 'batter': None, 'score': None, 'overs': None, 'bowler': None, 'how': None, '_unwitnessed': True}
  delivery: len=good_length line=leg_stump shot=in_the_air [layer2]
  extras: this_over=1 innings=1 [w1/nb0/b0/lb0]
  extras_log: [{'over': '13.3', 'type': 'wide', 'runs': 1, 'this_over_after': []}]
  CB: None None-None (None)  crr=None  ps=None  recent=None
  ⚠ DIVERGENCE: FOW_UNKNOWN: 2 placeholder(s) awaiting broadcast upgrade

[19:19:26  iter#606]
  UI: Gujarat Titans 155-2 (16.2)  str=None nstr=Jos Buttler  bowl=Akeal Hosein 1-39 (3.2)
  this_over=['1', 'W']  fow=2 (unk=2)  last_fow={'wicket': 2, 'batter': None, 'score': None, 'overs': None, 'bowler': None, 'how': None, '_unwitnessed': True}
  delivery: len=good_length line=leg_stump shot=in_the_air [layer2]
  extras: this_over=1 innings=1 [w1/nb0/b0/lb0]
  extras_log: [{'over': '13.3', 'type': 'wide', 'runs': 1, 'this_over_after': []}]
  CB: None None-None (None)  crr=None  ps=None  recent=None
  ⚠ DIVERGENCE: FOW_UNKNOWN: 2 placeholder(s) awaiting broadcast upgrade

[19:19:51  iter#607]
  WS ERR: ''
  CB: None None-None (None)  crr=None  ps=None  recent=None
  ✓ score/wickets/overs match

[19:20:14  iter#608]
  UI: Gujarat Titans 155-2 (16.2)  str=None nstr=Jos Buttler  bowl=Akeal Hosein 1-39 (3.2)
  this_over=['1', 'W']  fow=2 (unk=2)  last_fow={'wicket': 2, 'batter': None, 'score': None, 'overs': None, 'bowler': None, 'how': None, '_unwitnessed': True}
  delivery: len=good_length line=leg_stump shot=in_the_air [layer2]
  extras: this_over=1 innings=1 [w1/nb0/b0/lb0]
  extras_log: [{'over': '13.3', 'type': 'wide', 'runs': 1, 'this_over_after': []}]
  CB: None None-None (None)  crr=None  ps=None  recent=None
  ⚠ DIVERGENCE: FOW_UNKNOWN: 2 placeholder(s) awaiting broadcast upgrade

[19:20:36  iter#609]
  UI: Gujarat Titans 155-2 (16.2)  str=None nstr=Jos Buttler  bowl=Akeal Hosein 1-39 (3.2)
  this_over=['1', 'W']  fow=2 (unk=2)  last_fow={'wicket': 2, 'batter': None, 'score': None, 'overs': None, 'bowler': None, 'how': None, '_unwitnessed': True}
  delivery: len=good_length line=leg_stump shot=in_the_air [layer2]
  extras: this_over=1 innings=1 [w1/nb0/b0/lb0]
  extras_log: [{'over': '13.3', 'type': 'wide', 'runs': 1, 'this_over_after': []}]
  CB: None None-None (None)  crr=None  ps=None  recent=None
  ⚠ DIVERGENCE: FOW_UNKNOWN: 2 placeholder(s) awaiting broadcast upgrade

[19:20:59  iter#610]
  UI: Gujarat Titans 155-2 (16.2)  str=None nstr=Jos Buttler  bowl=Akeal Hosein 1-39 (3.2)
  this_over=['1', 'W']  fow=2 (unk=2)  last_fow={'wicket': 2, 'batter': None, 'score': None, 'overs': None, 'bowler': None, 'how': None, '_unwitnessed': True}
  delivery: len=good_length line=leg_stump shot=in_the_air [layer2]
  extras: this_over=1 innings=1 [w1/nb0/b0/lb0]
  extras_log: [{'over': '13.3', 'type': 'wide', 'runs': 1, 'this_over_after': []}]
  CB: None None-None (None)  crr=None  ps=None  recent=None
  ⚠ DIVERGENCE: FOW_UNKNOWN: 2 placeholder(s) awaiting broadcast upgrade

[19:21:20  iter#611]
  UI: Gujarat Titans 155-2 (16.2)  str=None nstr=Jos Buttler  bowl=Akeal Hosein 1-39 (3.2)
  this_over=['1', 'W']  fow=2 (unk=2)  last_fow={'wicket': 2, 'batter': None, 'score': None, 'overs': None, 'bowler': None, 'how': None, '_unwitnessed': True}
  delivery: len=good_length line=leg_stump shot=in_the_air [layer2]
  extras: this_over=1 innings=1 [w1/nb0/b0/lb0]
  extras_log: [{'over': '13.3', 'type': 'wide', 'runs': 1, 'this_over_after': []}]
  CB: None None-None (None)  crr=None  ps=None  recent=None
  ⚠ DIVERGENCE: FOW_UNKNOWN: 2 placeholder(s) awaiting broadcast upgrade

[19:21:41  iter#612]
  UI: Gujarat Titans 155-2 (16.2)  str=None nstr=Jos Buttler  bowl=Akeal Hosein 1-39 (3.2)
  this_over=['1', 'W']  fow=2 (unk=2)  last_fow={'wicket': 2, 'batter': None, 'score': None, 'overs': None, 'bowler': None, 'how': None, '_unwitnessed': True}
  delivery: len=good_length line=leg_stump shot=in_the_air [layer2]
  extras: this_over=1 innings=1 [w1/nb0/b0/lb0]
  extras_log: [{'over': '13.3', 'type': 'wide', 'runs': 1, 'this_over_after': []}]
  CB: None None-None (None)  crr=None  ps=None  recent=None
  ⚠ DIVERGENCE: FOW_UNKNOWN: 2 placeholder(s) awaiting broadcast upgrade

[19:22:02  iter#613]
  UI: Gujarat Titans 155-2 (16.2)  str=None nstr=Jos Buttler  bowl=Akeal Hosein 1-39 (3.2)
  this_over=['1', 'W']  fow=2 (unk=2)  last_fow={'wicket': 2, 'batter': None, 'score': None, 'overs': None, 'bowler': None, 'how': None, '_unwitnessed': True}
  delivery: len=good_length line=leg_stump shot=in_the_air [layer2]
  extras: this_over=1 innings=1 [w1/nb0/b0/lb0]
  extras_log: [{'over': '13.3', 'type': 'wide', 'runs': 1, 'this_over_after': []}]
  CB: None None-None (None)  crr=None  ps=None  recent=None
  ⚠ DIVERGENCE: FOW_UNKNOWN: 2 placeholder(s) awaiting broadcast upgrade

[19:22:26  iter#614]
  UI: Gujarat Titans 155-2 (16.2)  str=None nstr=Jos Buttler  bowl=Akeal Hosein 1-39 (3.2)
  this_over=['1', 'W']  fow=2 (unk=2)  last_fow={'wicket': 2, 'batter': None, 'score': None, 'overs': None, 'bowler': None, 'how': None, '_unwitnessed': True}
  delivery: len=good_length line=leg_stump shot=in_the_air [layer2]
  extras: this_over=1 innings=1 [w1/nb0/b0/lb0]
  extras_log: [{'over': '13.3', 'type': 'wide', 'runs': 1, 'this_over_after': []}]
  CB: None None-None (None)  crr=None  ps=None  recent=None
  ⚠ DIVERGENCE: FOW_UNKNOWN: 2 placeholder(s) awaiting broadcast upgrade

[19:22:47  iter#615]
  UI: Gujarat Titans 155-2 (16.2)  str=None nstr=Jos Buttler  bowl=Akeal Hosein 1-39 (3.2)
  this_over=['1', 'W']  fow=2 (unk=2)  last_fow={'wicket': 2, 'batter': None, 'score': None, 'overs': None, 'bowler': None, 'how': None, '_unwitnessed': True}
  delivery: len=good_length line=leg_stump shot=in_the_air [layer2]
  extras: this_over=1 innings=1 [w1/nb0/b0/lb0]
  extras_log: [{'over': '13.3', 'type': 'wide', 'runs': 1, 'this_over_after': []}]
  CB: None None-None (None)  crr=None  ps=None  recent=None
  ⚠ DIVERGENCE: FOW_UNKNOWN: 2 placeholder(s) awaiting broadcast upgrade

[19:23:11  iter#616]
  WS ERR: ''
  CB: None None-None (None)  crr=None  ps=None  recent=None
  ✓ score/wickets/overs match

[19:23:35  iter#617]
  UI: Gujarat Titans 155-2 (16.2)  str=None nstr=Jos Buttler  bowl=Akeal Hosein 1-39 (3.2)
  this_over=['1', 'W']  fow=2 (unk=2)  last_fow={'wicket': 2, 'batter': None, 'score': None, 'overs': None, 'bowler': None, 'how': None, '_unwitnessed': True}
  delivery: len=good_length line=leg_stump shot=in_the_air [layer2]
  extras: this_over=1 innings=1 [w1/nb0/b0/lb0]
  extras_log: [{'over': '13.3', 'type': 'wide', 'runs': 1, 'this_over_after': []}]
  CB: None None-None (None)  crr=None  ps=None  recent=None
  ⚠ DIVERGENCE: FOW_UNKNOWN: 2 placeholder(s) awaiting broadcast upgrade

[19:23:59  iter#618]
  WS ERR: ''
  CB: None None-None (None)  crr=None  ps=None  recent=None
  ✓ score/wickets/overs match

[19:24:22  iter#619]
  UI: None None-None (None)  str=None nstr=None  bowl=None None-None (None)
  this_over=[]  fow=0 (unk=0)  last_fow=None
  delivery: len=good_length line=leg_stump shot=in_the_air [layer2]
  extras: this_over=0 innings=None [w0/nb0/b0/lb0]
  CB: None None-None (None)  crr=None  ps=None  recent=None
  ✓ score/wickets/overs match

[19:24:44  iter#620]
  UI: Gujarat Titans 155-2 (16.2)  str=Jos Buttler nstr=Sai Sudharsan  bowl=Akeal Hosein 1-39 (3.2)
  this_over=['1', 'W']  fow=2 (unk=2)  last_fow={'wicket': 2, 'batter': None, 'score': None, 'overs': None, 'bowler': None, 'how': None, '_unwitnessed': True}
  delivery: len=good_length line=leg_stump shot=in_the_air [layer2]
  extras: this_over=1 innings=1 [w1/nb0/b0/lb0]
  extras_log: [{'over': '13.3', 'type': 'wide', 'runs': 1, 'this_over_after': []}]
  CB: None None-None (None)  crr=None  ps=None  recent=None
  ⚠ DIVERGENCE: FOW_UNKNOWN: 2 placeholder(s) awaiting broadcast upgrade

[19:25:08  iter#621]
  WS ERR: ''
  CB: None None-None (None)  crr=None  ps=None  recent=None
  ✓ score/wickets/overs match

[19:25:29  iter#622]
  UI: Gujarat Titans 155-2 (16.2)  str=Jos Buttler nstr=Sai Sudharsan  bowl=Akeal Hosein 1-39 (3.2)
  this_over=['1', 'W']  fow=2 (unk=2)  last_fow={'wicket': 2, 'batter': None, 'score': None, 'overs': None, 'bowler': None, 'how': None, '_unwitnessed': True}
  delivery: len=good_length line=leg_stump shot=in_the_air [layer2]
  extras: this_over=1 innings=1 [w1/nb0/b0/lb0]
  extras_log: [{'over': '13.3', 'type': 'wide', 'runs': 1, 'this_over_after': []}]
  CB: None None-None (None)  crr=None  ps=None  recent=None
  ⚠ DIVERGENCE: FOW_UNKNOWN: 2 placeholder(s) awaiting broadcast upgrade

[19:25:50  iter#623]
  UI: Gujarat Titans 155-2 (16.2)  str=Jos Buttler nstr=Sai Sudharsan  bowl=Akeal Hosein 1-39 (3.2)
  this_over=['1', 'W']  fow=2 (unk=2)  last_fow={'wicket': 2, 'batter': None, 'score': None, 'overs': None, 'bowler': None, 'how': None, '_unwitnessed': True}
  delivery: len=good_length line=leg_stump shot=in_the_air [layer2]
  extras: this_over=1 innings=1 [w1/nb0/b0/lb0]
  extras_log: [{'over': '13.3', 'type': 'wide', 'runs': 1, 'this_over_after': []}]
  CB: None None-None (None)  crr=None  ps=None  recent=None
  ⚠ DIVERGENCE: FOW_UNKNOWN: 2 placeholder(s) awaiting broadcast upgrade

[19:26:15  iter#624]
  WS ERR: ''
  CB: None None-None (None)  crr=None  ps=None  recent=None
  ✓ score/wickets/overs match

[19:26:39  iter#625]
  WS ERR: ''
  CB: None None-None (None)  crr=None  ps=None  recent=None
  ✓ score/wickets/overs match

[19:27:03  iter#626]
  UI: Gujarat Titans None-None (None)  str=Jos Buttler nstr=Sai Sudharsan  bowl=Akeal Hosein 1-39 (3.2)
  this_over=['1', 'W']  fow=2 (unk=2)  last_fow={'wicket': 2, 'batter': None, 'score': None, 'overs': None, 'bowler': None, 'how': None, '_unwitnessed': True}
  delivery: len=good_length line=leg_stump shot=in_the_air [layer2]
  extras: this_over=1 innings=1 [w1/nb0/b0/lb0]
  extras_log: [{'over': '13.3', 'type': 'wide', 'runs': 1, 'this_over_after': []}]
  CB: None None-None (None)  crr=None  ps=None  recent=None
  ⚠ DIVERGENCE: FOW_UNKNOWN: 2 placeholder(s) awaiting broadcast upgrade

[19:27:27  iter#627]
  WS ERR: ''
  CB: None None-None (None)  crr=None  ps=None  recent=None
  ✓ score/wickets/overs match

[19:27:51  iter#628]
  WS ERR: ''
  CB: None None-None (None)  crr=None  ps=None  recent=None
  ✓ score/wickets/overs match

[19:28:13  iter#629]
  UI: Gujarat Titans None-2 (None)  str=Jos Buttler nstr=Sai Sudharsan  bowl=Akeal Hosein 1-39 (3.2)
  this_over=['1', 'W']  fow=2 (unk=2)  last_fow={'wicket': 2, 'batter': None, 'score': None, 'overs': None, 'bowler': None, 'how': None, '_unwitnessed': True}
  delivery: len=good_length line=leg_stump shot=in_the_air [layer2]
  extras: this_over=1 innings=1 [w1/nb0/b0/lb0]
  extras_log: [{'over': '13.3', 'type': 'wide', 'runs': 1, 'this_over_after': []}]
  CB: None None-None (None)  crr=None  ps=None  recent=None
  ⚠ DIVERGENCE: FOW_UNKNOWN: 2 placeholder(s) awaiting broadcast upgrade

[19:28:34  iter#630]
  UI: Gujarat Titans None-2 (None)  str=Jos Buttler nstr=Sai Sudharsan  bowl=Akeal Hosein 1-39 (3.2)
  this_over=['1', 'W']  fow=2 (unk=2)  last_fow={'wicket': 2, 'batter': None, 'score': None, 'overs': None, 'bowler': None, 'how': None, '_unwitnessed': True}
  delivery: len=good_length line=leg_stump shot=in_the_air [layer2]
  extras: this_over=1 innings=1 [w1/nb0/b0/lb0]
  extras_log: [{'over': '13.3', 'type': 'wide', 'runs': 1, 'this_over_after': []}]
  CB: None None-None (None)  crr=None  ps=None  recent=None
  ⚠ DIVERGENCE: FOW_UNKNOWN: 2 placeholder(s) awaiting broadcast upgrade

[19:28:56  iter#631]
  UI: Gujarat Titans None-2 (None)  str=Jos Buttler nstr=Sai Sudharsan  bowl=Akeal Hosein 1-39 (3.2)
  this_over=['1', 'W']  fow=2 (unk=2)  last_fow={'wicket': 2, 'batter': None, 'score': None, 'overs': None, 'bowler': None, 'how': None, '_unwitnessed': True}
  delivery: len=good_length line=leg_stump shot=in_the_air [layer2]
  extras: this_over=1 innings=1 [w1/nb0/b0/lb0]
  extras_log: [{'over': '13.3', 'type': 'wide', 'runs': 1, 'this_over_after': []}]
  CB: None None-None (None)  crr=None  ps=None  recent=None
  ⚠ DIVERGENCE: FOW_UNKNOWN: 2 placeholder(s) awaiting broadcast upgrade

[19:29:20  iter#632]
  WS ERR: ''
  CB: None None-None (None)  crr=None  ps=None  recent=None
  ✓ score/wickets/overs match

[19:29:45  iter#633]
  WS ERR: ''
  CB: None None-None (None)  crr=None  ps=None  recent=None
  ✓ score/wickets/overs match

[19:30:10  iter#634]
  UI: Gujarat Titans None-2 (None)  str=Jos Buttler nstr=Sai Sudharsan  bowl=Akeal Hosein 1-39 (3.2)
  this_over=['1', 'W']  fow=2 (unk=2)  last_fow={'wicket': 2, 'batter': None, 'score': None, 'overs': None, 'bowler': None, 'how': None, '_unwitnessed': True}
  delivery: len=good_length line=leg_stump shot=in_the_air [layer2]
  extras: this_over=1 innings=1 [w1/nb0/b0/lb0]
  extras_log: [{'over': '13.3', 'type': 'wide', 'runs': 1, 'this_over_after': []}]
  CB: None None-None (None)  crr=None  ps=None  recent=None
  ⚠ DIVERGENCE: FOW_UNKNOWN: 2 placeholder(s) awaiting broadcast upgrade

[19:30:30  iter#635]
  UI: Gujarat Titans None-2 (None)  str=Jos Buttler nstr=Sai Sudharsan  bowl=Akeal Hosein 1-39 (3.2)
  this_over=['1', 'W']  fow=2 (unk=2)  last_fow={'wicket': 2, 'batter': None, 'score': None, 'overs': None, 'bowler': None, 'how': None, '_unwitnessed': True}
  delivery: len=good_length line=leg_stump shot=in_the_air [layer2]
  extras: this_over=1 innings=1 [w1/nb0/b0/lb0]
  extras_log: [{'over': '13.3', 'type': 'wide', 'runs': 1, 'this_over_after': []}]
  CB: None None-None (None)  crr=None  ps=None  recent=None
  ⚠ DIVERGENCE: FOW_UNKNOWN: 2 placeholder(s) awaiting broadcast upgrade

[19:30:54  iter#636]
  WS ERR: ''
  CB: None None-None (None)  crr=None  ps=None  recent=None
  ✓ score/wickets/overs match

[19:31:18  iter#637]
  UI: Gujarat Titans None-2 (None)  str=Jos Buttler nstr=Sai Sudharsan  bowl=Akeal Hosein 1-39 (3.2)
  this_over=['1', 'W']  fow=2 (unk=2)  last_fow={'wicket': 2, 'batter': None, 'score': None, 'overs': None, 'bowler': None, 'how': None, '_unwitnessed': True}
  delivery: len=good_length line=leg_stump shot=in_the_air [layer2]
  extras: this_over=1 innings=1 [w1/nb0/b0/lb0]
  extras_log: [{'over': '13.3', 'type': 'wide', 'runs': 1, 'this_over_after': []}]
  CB: None None-None (None)  crr=None  ps=None  recent=None
  ⚠ DIVERGENCE: FOW_UNKNOWN: 2 placeholder(s) awaiting broadcast upgrade

[19:31:43  iter#638]
  WS ERR: ''
  CB: None None-None (None)  crr=None  ps=None  recent=None
  ✓ score/wickets/overs match

[19:32:06  iter#639]
  UI: Gujarat Titans None-2 (None)  str=Jos Buttler nstr=Sai Sudharsan  bowl=Akeal Hosein 1-39 (3.2)
  this_over=['1', 'W']  fow=2 (unk=2)  last_fow={'wicket': 2, 'batter': None, 'score': None, 'overs': None, 'bowler': None, 'how': None, '_unwitnessed': True}
  delivery: len=good_length line=leg_stump shot=in_the_air [layer2]
  extras: this_over=1 innings=1 [w1/nb0/b0/lb0]
  extras_log: [{'over': '13.3', 'type': 'wide', 'runs': 1, 'this_over_after': []}]
  CB: None None-None (None)  crr=None  ps=None  recent=None
  ⚠ DIVERGENCE: FOW_UNKNOWN: 2 placeholder(s) awaiting broadcast upgrade

[19:32:27  iter#640]
  UI: Gujarat Titans None-2 (None)  str=Jos Buttler nstr=Sai Sudharsan  bowl=Akeal Hosein 1-39 (3.2)
  this_over=['1', 'W']  fow=2 (unk=2)  last_fow={'wicket': 2, 'batter': None, 'score': None, 'overs': None, 'bowler': None, 'how': None, '_unwitnessed': True}
  delivery: len=good_length line=leg_stump shot=in_the_air [layer2]
  extras: this_over=1 innings=1 [w1/nb0/b0/lb0]
  extras_log: [{'over': '13.3', 'type': 'wide', 'runs': 1, 'this_over_after': []}]
  CB: None None-None (None)  crr=None  ps=None  recent=None
  ⚠ DIVERGENCE: FOW_UNKNOWN: 2 placeholder(s) awaiting broadcast upgrade

[19:32:52  iter#641]
  WS ERR: ''
  CB: None None-None (None)  crr=None  ps=None  recent=None
  ✓ score/wickets/overs match

[19:33:14  iter#642]
  UI: Gujarat Titans None-2 (None)  str=Jos Buttler nstr=Sai Sudharsan  bowl=Akeal Hosein 1-39 (3.2)
  this_over=['1', 'W']  fow=2 (unk=2)  last_fow={'wicket': 2, 'batter': None, 'score': None, 'overs': None, 'bowler': None, 'how': None, '_unwitnessed': True}
  delivery: len=good_length line=leg_stump shot=in_the_air [layer2]
  extras: this_over=1 innings=1 [w1/nb0/b0/lb0]
  extras_log: [{'over': '13.3', 'type': 'wide', 'runs': 1, 'this_over_after': []}]
  CB: None None-None (None)  crr=None  ps=None  recent=None
  ⚠ DIVERGENCE: FOW_UNKNOWN: 2 placeholder(s) awaiting broadcast upgrade

[19:33:36  iter#643]
  UI: Gujarat Titans 162-2 (16.4)  str=Jos Buttler nstr=Sai Sudharsan  bowl=Akeal Hosein 1-39 (3.2)
  this_over=['1', 'W', '?', '?']  fow=2 (unk=2)  last_fow={'wicket': 2, 'batter': None, 'score': None, 'overs': None, 'bowler': None, 'how': None, '_unwitnessed': True}
  delivery: len=good_length line=leg_stump shot=in_the_air [layer2]
  extras: this_over=1 innings=1 [w1/nb0/b0/lb0]
  extras_log: [{'over': '13.3', 'type': 'wide', 'runs': 1, 'this_over_after': []}]
  CB: None None-None (None)  crr=None  ps=None  recent=None
  ⚠ DIVERGENCE: FOW_UNKNOWN: 2 placeholder(s) awaiting broadcast upgrade

[19:33:59  iter#644]
  UI: Gujarat Titans 162-2 (16.4)  str=Jos Buttler nstr=Sai Sudharsan  bowl=Akeal Hosein 1-39 (3.2)
  this_over=['1', 'W', '?', '?']  fow=2 (unk=2)  last_fow={'wicket': 2, 'batter': None, 'score': None, 'overs': None, 'bowler': None, 'how': None, '_unwitnessed': True}
  delivery: len=good_length line=leg_stump shot=in_the_air [layer2]
  extras: this_over=1 innings=1 [w1/nb0/b0/lb0]
  extras_log: [{'over': '13.3', 'type': 'wide', 'runs': 1, 'this_over_after': []}]
  CB: None None-None (None)  crr=None  ps=None  recent=None
  ⚠ DIVERGENCE: FOW_UNKNOWN: 2 placeholder(s) awaiting broadcast upgrade

[19:34:23  iter#645]
  WS ERR: ''
  CB: None None-None (None)  crr=None  ps=None  recent=None
  ✓ score/wickets/overs match

[19:34:44  iter#646]
  UI: Gujarat Titans 162-2 (16.4)  str=Jos Buttler nstr=Sai Sudharsan  bowl=Akeal Hosein 1-39 (3.2)
  this_over=['1', 'W', '?', '?']  fow=2 (unk=2)  last_fow={'wicket': 2, 'batter': None, 'score': None, 'overs': None, 'bowler': None, 'how': None, '_unwitnessed': True}
  delivery: len=good_length line=leg_stump shot=in_the_air [layer2]
  extras: this_over=1 innings=1 [w1/nb0/b0/lb0]
  extras_log: [{'over': '13.3', 'type': 'wide', 'runs': 1, 'this_over_after': []}]
  CB: None None-None (None)  crr=None  ps=None  recent=None
  ⚠ DIVERGENCE: FOW_UNKNOWN: 2 placeholder(s) awaiting broadcast upgrade

[19:35:08  iter#647]
  WS ERR: ''
  CB: None None-None (None)  crr=None  ps=None  recent=None
  ✓ score/wickets/overs match

[19:35:29  iter#648]
  UI: Gujarat Titans 162-2 (16.4)  str=Jos Buttler nstr=Sai Sudharsan  bowl=Akeal Hosein 1-39 (3.2)
  this_over=['1', 'W', '?', '?']  fow=2 (unk=2)  last_fow={'wicket': 2, 'batter': None, 'score': None, 'overs': None, 'bowler': None, 'how': None, '_unwitnessed': True}
  delivery: len=good_length line=leg_stump shot=in_the_air [layer2]
  extras: this_over=1 innings=1 [w1/nb0/b0/lb0]
  extras_log: [{'over': '13.3', 'type': 'wide', 'runs': 1, 'this_over_after': []}]
  CB: None None-None (None)  crr=None  ps=None  recent=None
  ⚠ DIVERGENCE: FOW_UNKNOWN: 2 placeholder(s) awaiting broadcast upgrade

[19:35:51  iter#649]
  UI: Gujarat Titans 162-2 (16.4)  str=Jos Buttler nstr=Sai Sudharsan  bowl=Akeal Hosein 1-39 (3.2)
  this_over=['1', 'W', '?', '?']  fow=2 (unk=2)  last_fow={'wicket': 2, 'batter': None, 'score': None, 'overs': None, 'bowler': None, 'how': None, '_unwitnessed': True}
  delivery: len=good_length line=leg_stump shot=in_the_air [layer2]
  extras: this_over=1 innings=1 [w1/nb0/b0/lb0]
  extras_log: [{'over': '13.3', 'type': 'wide', 'runs': 1, 'this_over_after': []}]
  CB: None None-None (None)  crr=None  ps=None  recent=None
  ⚠ DIVERGENCE: FOW_UNKNOWN: 2 placeholder(s) awaiting broadcast upgrade

[19:36:12  iter#650]
  UI: Gujarat Titans 162-2 (16.4)  str=Jos Buttler nstr=Sai Sudharsan  bowl=Akeal Hosein 1-39 (3.2)
  this_over=['1', 'W', '?', '?']  fow=2 (unk=2)  last_fow={'wicket': 2, 'batter': None, 'score': None, 'overs': None, 'bowler': None, 'how': None, '_unwitnessed': True}
  delivery: len=good_length line=leg_stump shot=in_the_air [layer2]
  extras: this_over=1 innings=1 [w1/nb0/b0/lb0]
  extras_log: [{'over': '13.3', 'type': 'wide', 'runs': 1, 'this_over_after': []}]
  CB: None None-None (None)  crr=None  ps=None  recent=None
  ⚠ DIVERGENCE: FOW_UNKNOWN: 2 placeholder(s) awaiting broadcast upgrade

[19:36:34  iter#651]
  UI: Gujarat Titans 162-2 (16.4)  str=Jos Buttler nstr=Sai Sudharsan  bowl=Akeal Hosein 1-39 (3.2)
  this_over=['1', 'W', '?', '?']  fow=2 (unk=2)  last_fow={'wicket': 2, 'batter': None, 'score': None, 'overs': None, 'bowler': None, 'how': None, '_unwitnessed': True}
  delivery: len=good_length line=leg_stump shot=in_the_air [layer2]
  extras: this_over=1 innings=1 [w1/nb0/b0/lb0]
  extras_log: [{'over': '13.3', 'type': 'wide', 'runs': 1, 'this_over_after': []}]
  CB: None None-None (None)  crr=None  ps=None  recent=None
  ⚠ DIVERGENCE: FOW_UNKNOWN: 2 placeholder(s) awaiting broadcast upgrade

[19:36:58  iter#652]
  WS ERR: ''
  CB: None None-None (None)  crr=None  ps=None  recent=None
  ✓ score/wickets/overs match

[19:37:19  iter#653]
  UI: Gujarat Titans 162-2 (16.4)  str=Jos Buttler nstr=Sai Sudharsan  bowl=Akeal Hosein 1-39 (3.2)
  this_over=['1', 'W', '?', '?']  fow=2 (unk=2)  last_fow={'wicket': 2, 'batter': None, 'score': None, 'overs': None, 'bowler': None, 'how': None, '_unwitnessed': True}
  delivery: len=good_length line=leg_stump shot=in_the_air [layer2]
  extras: this_over=1 innings=1 [w1/nb0/b0/lb0]
  extras_log: [{'over': '13.3', 'type': 'wide', 'runs': 1, 'this_over_after': []}]
  CB: None None-None (None)  crr=None  ps=None  recent=None
  ⚠ DIVERGENCE: FOW_UNKNOWN: 2 placeholder(s) awaiting broadcast upgrade

[19:37:43  iter#654]
  WS ERR: ''
  CB: None None-None (None)  crr=None  ps=None  recent=None
  ✓ score/wickets/overs match

[19:38:08  iter#655]
  UI: Gujarat Titans 162-2 (16.4)  str=Sai Sudharsan nstr=Jos Buttler  bowl=Akeal Hosein 1-39 (3.2)
  this_over=['1', 'W', '?', '?']  fow=2 (unk=2)  last_fow={'wicket': 2, 'batter': None, 'score': None, 'overs': None, 'bowler': None, 'how': None, '_unwitnessed': True}
  delivery: len=good_length line=leg_stump shot=in_the_air [layer2]
  extras: this_over=1 innings=1 [w1/nb0/b0/lb0]
  extras_log: [{'over': '13.3', 'type': 'wide', 'runs': 1, 'this_over_after': []}]
  CB: None None-None (None)  crr=None  ps=None  recent=None
  ⚠ DIVERGENCE: FOW_UNKNOWN: 2 placeholder(s) awaiting broadcast upgrade

[19:38:31  iter#656]
  UI: Gujarat Titans 162-2 (16.4)  str=Sai Sudharsan nstr=Jos Buttler  bowl=Akeal Hosein 1-39 (3.2)
  this_over=['1', 'W', '?', '?']  fow=2 (unk=2)  last_fow={'wicket': 2, 'batter': None, 'score': None, 'overs': None, 'bowler': None, 'how': None, '_unwitnessed': True}
  delivery: len=good_length line=leg_stump shot=in_the_air [layer2]
  extras: this_over=1 innings=1 [w1/nb0/b0/lb0]
  extras_log: [{'over': '13.3', 'type': 'wide', 'runs': 1, 'this_over_after': []}]
  CB: None None-None (None)  crr=None  ps=None  recent=None
  ⚠ DIVERGENCE: FOW_UNKNOWN: 2 placeholder(s) awaiting broadcast upgrade

[19:38:53  iter#657]
  UI: Gujarat Titans 162-2 (16.4)  str=Sai Sudharsan nstr=Jos Buttler  bowl=Akeal Hosein 1-39 (3.2)
  this_over=['1', 'W', '?', '?']  fow=2 (unk=2)  last_fow={'wicket': 2, 'batter': None, 'score': None, 'overs': None, 'bowler': None, 'how': None, '_unwitnessed': True}
  delivery: len=good_length line=leg_stump shot=in_the_air [layer2]
  extras: this_over=1 innings=1 [w1/nb0/b0/lb0]
  extras_log: [{'over': '13.3', 'type': 'wide', 'runs': 1, 'this_over_after': []}]
  CB: None None-None (None)  crr=None  ps=None  recent=None
  ⚠ DIVERGENCE: FOW_UNKNOWN: 2 placeholder(s) awaiting broadcast upgrade

[19:39:14  iter#658]
  UI: Gujarat Titans 162-2 (16.4)  str=Sai Sudharsan nstr=Jos Buttler  bowl=Akeal Hosein 1-39 (3.2)
  this_over=['1', 'W', '?', '?']  fow=2 (unk=2)  last_fow={'wicket': 2, 'batter': None, 'score': None, 'overs': None, 'bowler': None, 'how': None, '_unwitnessed': True}
  delivery: len=good_length line=leg_stump shot=in_the_air [layer2]
  extras: this_over=1 innings=1 [w1/nb0/b0/lb0]
  extras_log: [{'over': '13.3', 'type': 'wide', 'runs': 1, 'this_over_after': []}]
  CB: None None-None (None)  crr=None  ps=None  recent=None
  ⚠ DIVERGENCE: FOW_UNKNOWN: 2 placeholder(s) awaiting broadcast upgrade

[19:39:35  iter#659]
  UI: Gujarat Titans 162-2 (16.4)  str=Sai Sudharsan nstr=Jos Buttler  bowl=Akeal Hosein 1-39 (3.2)
  this_over=['1', 'W', '?', '?']  fow=2 (unk=2)  last_fow={'wicket': 2, 'batter': None, 'score': None, 'overs': None, 'bowler': None, 'how': None, '_unwitnessed': True}
  delivery: len=good_length line=leg_stump shot=in_the_air [layer2]
  extras: this_over=1 innings=1 [w1/nb0/b0/lb0]
  extras_log: [{'over': '13.3', 'type': 'wide', 'runs': 1, 'this_over_after': []}]
  CB: None None-None (None)  crr=None  ps=None  recent=None
  ⚠ DIVERGENCE: FOW_UNKNOWN: 2 placeholder(s) awaiting broadcast upgrade

[19:39:58  iter#660]
  UI: Gujarat Titans 162-2 (16.4)  str=Sai Sudharsan nstr=Jos Buttler  bowl=Akeal Hosein 1-39 (3.2)
  this_over=['1', 'W', '?', '?']  fow=2 (unk=2)  last_fow={'wicket': 2, 'batter': None, 'score': None, 'overs': None, 'bowler': None, 'how': None, '_unwitnessed': True}
  delivery: len=good_length line=leg_stump shot=in_the_air [layer2]
  extras: this_over=1 innings=1 [w1/nb0/b0/lb0]
  extras_log: [{'over': '13.3', 'type': 'wide', 'runs': 1, 'this_over_after': []}]
  CB: None None-None (None)  crr=None  ps=None  recent=None
  ⚠ DIVERGENCE: FOW_UNKNOWN: 2 placeholder(s) awaiting broadcast upgrade

[19:40:20  iter#661]
  UI: Gujarat Titans 162-2 (16.4)  str=Sai Sudharsan nstr=Jos Buttler  bowl=Akeal Hosein 1-39 (3.2)
  this_over=['1', 'W', '?', '?']  fow=2 (unk=2)  last_fow={'wicket': 2, 'batter': None, 'score': None, 'overs': None, 'bowler': None, 'how': None, '_unwitnessed': True}
  delivery: len=good_length line=leg_stump shot=in_the_air [layer2]
  extras: this_over=1 innings=1 [w1/nb0/b0/lb0]
  extras_log: [{'over': '13.3', 'type': 'wide', 'runs': 1, 'this_over_after': []}]
  CB: None None-None (None)  crr=None  ps=None  recent=None
  ⚠ DIVERGENCE: FOW_UNKNOWN: 2 placeholder(s) awaiting broadcast upgrade

[19:40:42  iter#662]
  UI: Gujarat Titans 162-2 (16.4)  str=Sai Sudharsan nstr=Jos Buttler  bowl=Akeal Hosein 1-39 (3.2)
  this_over=['1', 'W', '?', '?']  fow=2 (unk=2)  last_fow={'wicket': 2, 'batter': None, 'score': None, 'overs': None, 'bowler': None, 'how': None, '_unwitnessed': True}
  delivery: len=good_length line=leg_stump shot=in_the_air [layer2]
  extras: this_over=1 innings=1 [w1/nb0/b0/lb0]
  extras_log: [{'over': '13.3', 'type': 'wide', 'runs': 1, 'this_over_after': []}]
  CB: None None-None (None)  crr=None  ps=None  recent=None
  ⚠ DIVERGENCE: FOW_UNKNOWN: 2 placeholder(s) awaiting broadcast upgrade

[19:41:07  iter#663]
  WS ERR: ''
  CB: None None-None (None)  crr=None  ps=None  recent=None
  ✓ score/wickets/overs match

[19:41:30  iter#664]
  UI: Gujarat Titans 162-2 (16.4)  str=Sai Sudharsan nstr=Jos Buttler  bowl=Akeal Hosein 1-39 (3.2)
  this_over=['1', 'W', '?', '?']  fow=2 (unk=2)  last_fow={'wicket': 2, 'batter': None, 'score': None, 'overs': None, 'bowler': None, 'how': None, '_unwitnessed': True}
  delivery: len=good_length line=leg_stump shot=in_the_air [layer2]
  extras: this_over=1 innings=1 [w1/nb0/b0/lb0]
  extras_log: [{'over': '13.3', 'type': 'wide', 'runs': 1, 'this_over_after': []}]
  CB: None None-None (None)  crr=None  ps=None  recent=None
  ⚠ DIVERGENCE: FOW_UNKNOWN: 2 placeholder(s) awaiting broadcast upgrade

[19:41:51  iter#665]
  UI: Gujarat Titans 162-2 (16.4)  str=Sai Sudharsan nstr=Jos Buttler  bowl=Akeal Hosein 1-39 (3.2)
  this_over=['1', 'W', '?', '?']  fow=2 (unk=2)  last_fow={'wicket': 2, 'batter': None, 'score': None, 'overs': None, 'bowler': None, 'how': None, '_unwitnessed': True}
  delivery: len=good_length line=leg_stump shot=in_the_air [layer2]
  extras: this_over=1 innings=1 [w1/nb0/b0/lb0]
  extras_log: [{'over': '13.3', 'type': 'wide', 'runs': 1, 'this_over_after': []}]
  CB: None None-None (None)  crr=None  ps=None  recent=None
  ⚠ DIVERGENCE: FOW_UNKNOWN: 2 placeholder(s) awaiting broadcast upgrade

[19:42:15  iter#666]
  WS ERR: ''
  CB: None None-None (None)  crr=None  ps=None  recent=None
  ✓ score/wickets/overs match

[19:42:37  iter#667]
  UI: Gujarat Titans 162-2 (16.4)  str=Sai Sudharsan nstr=Jos Buttler  bowl=Akeal Hosein 1-39 (3.2)
  this_over=['1', 'W', '?', '?']  fow=2 (unk=2)  last_fow={'wicket': 2, 'batter': None, 'score': None, 'overs': None, 'bowler': None, 'how': None, '_unwitnessed': True}
  delivery: len=good_length line=leg_stump shot=in_the_air [layer2]
  extras: this_over=1 innings=1 [w1/nb0/b0/lb0]
  extras_log: [{'over': '13.3', 'type': 'wide', 'runs': 1, 'this_over_after': []}]
  CB: None None-None (None)  crr=None  ps=None  recent=None
  ⚠ DIVERGENCE: FOW_UNKNOWN: 2 placeholder(s) awaiting broadcast upgrade

[19:42:57  iter#668]
  UI: Gujarat Titans 162-2 (16.4)  str=Sai Sudharsan nstr=Jos Buttler  bowl=Akeal Hosein 1-39 (3.2)
  this_over=['1', 'W', '?', '?']  fow=2 (unk=2)  last_fow={'wicket': 2, 'batter': None, 'score': None, 'overs': None, 'bowler': None, 'how': None, '_unwitnessed': True}
  delivery: len=good_length line=leg_stump shot=in_the_air [layer2]
  extras: this_over=1 innings=1 [w1/nb0/b0/lb0]
  extras_log: [{'over': '13.3', 'type': 'wide', 'runs': 1, 'this_over_after': []}]
  CB: None None-None (None)  crr=None  ps=None  recent=None
  ⚠ DIVERGENCE: FOW_UNKNOWN: 2 placeholder(s) awaiting broadcast upgrade

[19:43:20  iter#669]
  UI: Gujarat Titans 162-2 (16.4)  str=Sai Sudharsan nstr=Jos Buttler  bowl=Akeal Hosein 1-39 (3.2)
  this_over=['1', 'W', '?', '?']  fow=2 (unk=2)  last_fow={'wicket': 2, 'batter': None, 'score': None, 'overs': None, 'bowler': None, 'how': None, '_unwitnessed': True}
  delivery: len=good_length line=leg_stump shot=in_the_air [layer2]
  extras: this_over=1 innings=1 [w1/nb0/b0/lb0]
  extras_log: [{'over': '13.3', 'type': 'wide', 'runs': 1, 'this_over_after': []}]
  CB: None None-None (None)  crr=None  ps=None  recent=None
  ⚠ DIVERGENCE: FOW_UNKNOWN: 2 placeholder(s) awaiting broadcast upgrade

[19:43:44  iter#670]
  WS ERR: ''
  CB: None None-None (None)  crr=None  ps=None  recent=None
  ✓ score/wickets/overs match

[19:44:07  iter#671]
  UI: Gujarat Titans 162-2 (16.4)  str=Sai Sudharsan nstr=Jos Buttler  bowl=Akeal Hosein 1-39 (3.2)
  this_over=['1', 'W', '?', '?']  fow=2 (unk=2)  last_fow={'wicket': 2, 'batter': None, 'score': None, 'overs': None, 'bowler': None, 'how': None, '_unwitnessed': True}
  delivery: len=good_length line=leg_stump shot=in_the_air [layer2]
  extras: this_over=1 innings=1 [w1/nb0/b0/lb0]
  extras_log: [{'over': '13.3', 'type': 'wide', 'runs': 1, 'this_over_after': []}]
  CB: None None-None (None)  crr=None  ps=None  recent=None
  ⚠ DIVERGENCE: FOW_UNKNOWN: 2 placeholder(s) awaiting broadcast upgrade

[19:44:29  iter#672]
  UI: Gujarat Titans 162-2 (16.4)  str=Sai Sudharsan nstr=Jos Buttler  bowl=Akeal Hosein 1-39 (3.2)
  this_over=['1', 'W', '?', '?']  fow=2 (unk=2)  last_fow={'wicket': 2, 'batter': None, 'score': None, 'overs': None, 'bowler': None, 'how': None, '_unwitnessed': True}
  delivery: len=good_length line=leg_stump shot=in_the_air [layer2]
  extras: this_over=1 innings=1 [w1/nb0/b0/lb0]
  extras_log: [{'over': '13.3', 'type': 'wide', 'runs': 1, 'this_over_after': []}]
  CB: None None-None (None)  crr=None  ps=None  recent=None
  ⚠ DIVERGENCE: FOW_UNKNOWN: 2 placeholder(s) awaiting broadcast upgrade

[19:44:49  iter#673]
  UI: Gujarat Titans 162-2 (16.4)  str=Sai Sudharsan nstr=Jos Buttler  bowl=Akeal Hosein 1-39 (3.2)
  this_over=['1', 'W', '?', '?']  fow=2 (unk=2)  last_fow={'wicket': 2, 'batter': None, 'score': None, 'overs': None, 'bowler': None, 'how': None, '_unwitnessed': True}
  delivery: len=good_length line=leg_stump shot=in_the_air [layer2]
  extras: this_over=1 innings=1 [w1/nb0/b0/lb0]
  extras_log: [{'over': '13.3', 'type': 'wide', 'runs': 1, 'this_over_after': []}]
  CB: None None-None (None)  crr=None  ps=None  recent=None
  ⚠ DIVERGENCE: FOW_UNKNOWN: 2 placeholder(s) awaiting broadcast upgrade

[19:45:18  iter#674]
  UI: Gujarat Titans 162-2 (16.4)  str=Sai Sudharsan nstr=Jos Buttler  bowl=Akeal Hosein 1-39 (3.2)
  this_over=['1', 'W', '?', '?']  fow=2 (unk=2)  last_fow={'wicket': 2, 'batter': None, 'score': None, 'overs': None, 'bowler': None, 'how': None, '_unwitnessed': True}
  delivery: len=good_length line=leg_stump shot=in_the_air [layer2]
  extras: this_over=1 innings=1 [w1/nb0/b0/lb0]
  extras_log: [{'over': '13.3', 'type': 'wide', 'runs': 1, 'this_over_after': []}]
  CB: None None-None (None)  crr=None  ps=None  recent=None
  ⚠ DIVERGENCE: FOW_UNKNOWN: 2 placeholder(s) awaiting broadcast upgrade

[19:45:42  iter#675]
  UI: Gujarat Titans 162-2 (16.4)  str=Sai Sudharsan nstr=Jos Buttler  bowl=Akeal Hosein 1-39 (3.2)
  this_over=['1', 'W', '?', '?']  fow=2 (unk=2)  last_fow={'wicket': 2, 'batter': None, 'score': None, 'overs': None, 'bowler': None, 'how': None, '_unwitnessed': True}
  delivery: len=good_length line=leg_stump shot=in_the_air [layer2]
  extras: this_over=1 innings=1 [w1/nb0/b0/lb0]
  extras_log: [{'over': '13.3', 'type': 'wide', 'runs': 1, 'this_over_after': []}]
  CB: None None-None (None)  crr=None  ps=None  recent=None
  ⚠ DIVERGENCE: FOW_UNKNOWN: 2 placeholder(s) awaiting broadcast upgrade

[19:46:06  iter#676]
  UI: Gujarat Titans 162-2 (16.4)  str=Sai Sudharsan nstr=Jos Buttler  bowl=Akeal Hosein 1-39 (3.2)
  this_over=['1', 'W', '?', '?']  fow=2 (unk=2)  last_fow={'wicket': 2, 'batter': None, 'score': None, 'overs': None, 'bowler': None, 'how': None, '_unwitnessed': True}
  delivery: len=good_length line=leg_stump shot=in_the_air [layer2]
  extras: this_over=1 innings=1 [w1/nb0/b0/lb0]
  extras_log: [{'over': '13.3', 'type': 'wide', 'runs': 1, 'this_over_after': []}]
  CB: None None-None (None)  crr=None  ps=None  recent=None
  ⚠ DIVERGENCE: FOW_UNKNOWN: 2 placeholder(s) awaiting broadcast upgrade

[19:46:27  iter#677]
  UI: Gujarat Titans 162-2 (16.4)  str=Sai Sudharsan nstr=Jos Buttler  bowl=Akeal Hosein 1-39 (3.2)
  this_over=['1', 'W', '?', '?']  fow=2 (unk=2)  last_fow={'wicket': 2, 'batter': None, 'score': None, 'overs': None, 'bowler': None, 'how': None, '_unwitnessed': True}
  delivery: len=good_length line=leg_stump shot=in_the_air [layer2]
  extras: this_over=1 innings=1 [w1/nb0/b0/lb0]
  extras_log: [{'over': '13.3', 'type': 'wide', 'runs': 1, 'this_over_after': []}]
  CB: None None-None (None)  crr=None  ps=None  recent=None
  ⚠ DIVERGENCE: FOW_UNKNOWN: 2 placeholder(s) awaiting broadcast upgrade

[19:46:48  iter#678]
  UI: Gujarat Titans 162-2 (16.4)  str=Sai Sudharsan nstr=Jos Buttler  bowl=Akeal Hosein 1-39 (3.2)
  this_over=['1', 'W', '?', '?']  fow=2 (unk=2)  last_fow={'wicket': 2, 'batter': None, 'score': None, 'overs': None, 'bowler': None, 'how': None, '_unwitnessed': True}
  delivery: len=good_length line=leg_stump shot=in_the_air [layer2]
  extras: this_over=1 innings=1 [w1/nb0/b0/lb0]
  extras_log: [{'over': '13.3', 'type': 'wide', 'runs': 1, 'this_over_after': []}]
  CB: None None-None (None)  crr=None  ps=None  recent=None
  ⚠ DIVERGENCE: FOW_UNKNOWN: 2 placeholder(s) awaiting broadcast upgrade

[19:47:10  iter#679]
  UI: Gujarat Titans 162-2 (16.4)  str=Sai Sudharsan nstr=Jos Buttler  bowl=Akeal Hosein 1-39 (3.2)
  this_over=['1', 'W', '?', '?']  fow=2 (unk=2)  last_fow={'wicket': 2, 'batter': None, 'score': None, 'overs': None, 'bowler': None, 'how': None, '_unwitnessed': True}
  delivery: len=good_length line=leg_stump shot=in_the_air [layer2]
  extras: this_over=1 innings=1 [w1/nb0/b0/lb0]
  extras_log: [{'over': '13.3', 'type': 'wide', 'runs': 1, 'this_over_after': []}]
  CB: None None-None (None)  crr=None  ps=None  recent=None
  ⚠ DIVERGENCE: FOW_UNKNOWN: 2 placeholder(s) awaiting broadcast upgrade

[19:47:35  iter#680]
  WS ERR: ''
  CB: None None-None (None)  crr=None  ps=None  recent=None
  ✓ score/wickets/overs match

[19:47:56  iter#681]
  UI: Gujarat Titans 162-2 (16.4)  str=Sai Sudharsan nstr=Jos Buttler  bowl=Akeal Hosein 1-39 (3.2)
  this_over=['1', 'W', '?', '?']  fow=2 (unk=2)  last_fow={'wicket': 2, 'batter': None, 'score': None, 'overs': None, 'bowler': None, 'how': None, '_unwitnessed': True}
  delivery: len=good_length line=leg_stump shot=in_the_air [layer2]
  extras: this_over=1 innings=1 [w1/nb0/b0/lb0]
  extras_log: [{'over': '13.3', 'type': 'wide', 'runs': 1, 'this_over_after': []}]
  CB: None None-None (None)  crr=None  ps=None  recent=None
  ⚠ DIVERGENCE: FOW_UNKNOWN: 2 placeholder(s) awaiting broadcast upgrade

[19:48:17  iter#682]
  UI: Gujarat Titans 162-2 (16.4)  str=Sai Sudharsan nstr=Jos Buttler  bowl=Akeal Hosein 1-39 (3.2)
  this_over=['1', 'W', '?', '?']  fow=2 (unk=2)  last_fow={'wicket': 2, 'batter': None, 'score': None, 'overs': None, 'bowler': None, 'how': None, '_unwitnessed': True}
  delivery: len=good_length line=leg_stump shot=in_the_air [layer2]
  extras: this_over=1 innings=1 [w1/nb0/b0/lb0]
  extras_log: [{'over': '13.3', 'type': 'wide', 'runs': 1, 'this_over_after': []}]
  CB: None None-None (None)  crr=None  ps=None  recent=None
  ⚠ DIVERGENCE: FOW_UNKNOWN: 2 placeholder(s) awaiting broadcast upgrade

[19:48:40  iter#683]
  UI: Gujarat Titans 162-2 (16.4)  str=Sai Sudharsan nstr=Jos Buttler  bowl=Akeal Hosein 1-39 (3.2)
  this_over=['1', 'W', '?', '?']  fow=2 (unk=2)  last_fow={'wicket': 2, 'batter': None, 'score': None, 'overs': None, 'bowler': None, 'how': None, '_unwitnessed': True}
  delivery: len=good_length line=leg_stump shot=in_the_air [layer2]
  extras: this_over=1 innings=1 [w1/nb0/b0/lb0]
  extras_log: [{'over': '13.3', 'type': 'wide', 'runs': 1, 'this_over_after': []}]
  CB: None None-None (None)  crr=None  ps=None  recent=None
  ⚠ DIVERGENCE: FOW_UNKNOWN: 2 placeholder(s) awaiting broadcast upgrade

[19:49:05  iter#684]
  WS ERR: ''
  CB: None None-None (None)  crr=None  ps=None  recent=None
  ✓ score/wickets/overs match

[19:49:28  iter#685]
  UI: Gujarat Titans 162-2 (16.4)  str=Sai Sudharsan nstr=Jos Buttler  bowl=Akeal Hosein 1-39 (3.2)
  this_over=['1', 'W', '?', '?']  fow=2 (unk=2)  last_fow={'wicket': 2, 'batter': None, 'score': None, 'overs': None, 'bowler': None, 'how': None, '_unwitnessed': True}
  delivery: len=good_length line=leg_stump shot=in_the_air [layer2]
  extras: this_over=1 innings=1 [w1/nb0/b0/lb0]
  extras_log: [{'over': '13.3', 'type': 'wide', 'runs': 1, 'this_over_after': []}]
  CB: None None-None (None)  crr=None  ps=None  recent=None
  ⚠ DIVERGENCE: FOW_UNKNOWN: 2 placeholder(s) awaiting broadcast upgrade

[19:49:51  iter#686]
  UI: Gujarat Titans 162-2 (16.4)  str=Sai Sudharsan nstr=Jos Buttler  bowl=Akeal Hosein 1-39 (3.2)
  this_over=['1', 'W', '?', '?']  fow=2 (unk=2)  last_fow={'wicket': 2, 'batter': None, 'score': None, 'overs': None, 'bowler': None, 'how': None, '_unwitnessed': True}
  delivery: len=good_length line=leg_stump shot=in_the_air [layer2]
  extras: this_over=1 innings=1 [w1/nb0/b0/lb0]
  extras_log: [{'over': '13.3', 'type': 'wide', 'runs': 1, 'this_over_after': []}]
  CB: None None-None (None)  crr=None  ps=None  recent=None
  ⚠ DIVERGENCE: FOW_UNKNOWN: 2 placeholder(s) awaiting broadcast upgrade

[19:50:12  iter#687]
  UI: Gujarat Titans 162-2 (16.4)  str=Sai Sudharsan nstr=Jos Buttler  bowl=Akeal Hosein 1-39 (3.2)
  this_over=['1', 'W', '?', '?']  fow=2 (unk=2)  last_fow={'wicket': 2, 'batter': None, 'score': None, 'overs': None, 'bowler': None, 'how': None, '_unwitnessed': True}
  delivery: len=good_length line=leg_stump shot=in_the_air [layer2]
  extras: this_over=1 innings=1 [w1/nb0/b0/lb0]
  extras_log: [{'over': '13.3', 'type': 'wide', 'runs': 1, 'this_over_after': []}]
  CB: None None-None (None)  crr=None  ps=None  recent=None
  ⚠ DIVERGENCE: FOW_UNKNOWN: 2 placeholder(s) awaiting broadcast upgrade

[19:50:33  iter#688]
  UI: Gujarat Titans 162-2 (16.4)  str=Sai Sudharsan nstr=Jos Buttler  bowl=Akeal Hosein 1-39 (3.2)
  this_over=['1', 'W', '?', '?']  fow=2 (unk=2)  last_fow={'wicket': 2, 'batter': None, 'score': None, 'overs': None, 'bowler': None, 'how': None, '_unwitnessed': True}
  delivery: len=good_length line=leg_stump shot=in_the_air [layer2]
  extras: this_over=1 innings=1 [w1/nb0/b0/lb0]
  extras_log: [{'over': '13.3', 'type': 'wide', 'runs': 1, 'this_over_after': []}]
  CB: None None-None (None)  crr=None  ps=None  recent=None
  ⚠ DIVERGENCE: FOW_UNKNOWN: 2 placeholder(s) awaiting broadcast upgrade

[19:50:56  iter#689]
  UI: Gujarat Titans 162-2 (16.4)  str=Sai Sudharsan nstr=Jos Buttler  bowl=Akeal Hosein 1-39 (3.2)
  this_over=['1', 'W', '?', '?']  fow=2 (unk=2)  last_fow={'wicket': 2, 'batter': None, 'score': None, 'overs': None, 'bowler': None, 'how': None, '_unwitnessed': True}
  delivery: len=good_length line=leg_stump shot=in_the_air [layer2]
  extras: this_over=1 innings=1 [w1/nb0/b0/lb0]
  extras_log: [{'over': '13.3', 'type': 'wide', 'runs': 1, 'this_over_after': []}]
  CB: None None-None (None)  crr=None  ps=None  recent=None
  ⚠ DIVERGENCE: FOW_UNKNOWN: 2 placeholder(s) awaiting broadcast upgrade

[19:51:19  iter#690]
  UI: Gujarat Titans 162-2 (16.4)  str=Sai Sudharsan nstr=Jos Buttler  bowl=Akeal Hosein 1-39 (3.2)
  this_over=['1', 'W', '?', '?']  fow=2 (unk=2)  last_fow={'wicket': 2, 'batter': None, 'score': None, 'overs': None, 'bowler': None, 'how': None, '_unwitnessed': True}
  delivery: len=good_length line=leg_stump shot=in_the_air [layer2]
  extras: this_over=1 innings=1 [w1/nb0/b0/lb0]
  extras_log: [{'over': '13.3', 'type': 'wide', 'runs': 1, 'this_over_after': []}]
  CB: None None-None (None)  crr=None  ps=None  recent=None
  ⚠ DIVERGENCE: FOW_UNKNOWN: 2 placeholder(s) awaiting broadcast upgrade

[19:51:41  iter#691]
  UI: Gujarat Titans 162-2 (16.4)  str=Sai Sudharsan nstr=Jos Buttler  bowl=Akeal Hosein 1-39 (3.2)
  this_over=['1', 'W', '?', '?']  fow=2 (unk=2)  last_fow={'wicket': 2, 'batter': None, 'score': None, 'overs': None, 'bowler': None, 'how': None, '_unwitnessed': True}
  delivery: len=good_length line=leg_stump shot=in_the_air [layer2]
  extras: this_over=1 innings=1 [w1/nb0/b0/lb0]
  extras_log: [{'over': '13.3', 'type': 'wide', 'runs': 1, 'this_over_after': []}]
  CB: None None-None (None)  crr=None  ps=None  recent=None
  ⚠ DIVERGENCE: FOW_UNKNOWN: 2 placeholder(s) awaiting broadcast upgrade

[19:52:02  iter#692]
  UI: Gujarat Titans 162-2 (16.4)  str=Sai Sudharsan nstr=Jos Buttler  bowl=Akeal Hosein 1-39 (3.2)
  this_over=['1', 'W', '?', '?']  fow=2 (unk=2)  last_fow={'wicket': 2, 'batter': None, 'score': None, 'overs': None, 'bowler': None, 'how': None, '_unwitnessed': True}
  delivery: len=good_length line=leg_stump shot=in_the_air [layer2]
  extras: this_over=1 innings=1 [w1/nb0/b0/lb0]
  extras_log: [{'over': '13.3', 'type': 'wide', 'runs': 1, 'this_over_after': []}]
  CB: None None-None (None)  crr=None  ps=None  recent=None
  ⚠ DIVERGENCE: FOW_UNKNOWN: 2 placeholder(s) awaiting broadcast upgrade

[19:52:26  iter#693]
  WS ERR: ''
  CB: None None-None (None)  crr=None  ps=None  recent=None
  ✓ score/wickets/overs match

[19:52:51  iter#694]
  WS ERR: ''
  CB: None None-None (None)  crr=None  ps=None  recent=None
  ✓ score/wickets/overs match

[19:53:12  iter#695]
  UI: Gujarat Titans 162-2 (16.4)  str=Sai Sudharsan nstr=Jos Buttler  bowl=Akeal Hosein 1-39 (3.2)
  this_over=['1', 'W', '?', '?']  fow=2 (unk=2)  last_fow={'wicket': 2, 'batter': None, 'score': None, 'overs': None, 'bowler': None, 'how': None, '_unwitnessed': True}
  delivery: len=good_length line=leg_stump shot=in_the_air [layer2]
  extras: this_over=1 innings=1 [w1/nb0/b0/lb0]
  extras_log: [{'over': '13.3', 'type': 'wide', 'runs': 1, 'this_over_after': []}]
  CB: None None-None (None)  crr=None  ps=None  recent=None
  ⚠ DIVERGENCE: FOW_UNKNOWN: 2 placeholder(s) awaiting broadcast upgrade

[19:53:33  iter#696]
  UI: Gujarat Titans 162-2 (16.4)  str=Sai Sudharsan nstr=Jos Buttler  bowl=Akeal Hosein 1-39 (3.2)
  this_over=['1', 'W', '?', '?']  fow=2 (unk=2)  last_fow={'wicket': 2, 'batter': None, 'score': None, 'overs': None, 'bowler': None, 'how': None, '_unwitnessed': True}
  delivery: len=good_length line=leg_stump shot=in_the_air [layer2]
  extras: this_over=1 innings=1 [w1/nb0/b0/lb0]
  extras_log: [{'over': '13.3', 'type': 'wide', 'runs': 1, 'this_over_after': []}]
  CB: None None-None (None)  crr=None  ps=None  recent=None
  ⚠ DIVERGENCE: FOW_UNKNOWN: 2 placeholder(s) awaiting broadcast upgrade

[19:53:58  iter#697]
  WS ERR: ''
  CB: None None-None (None)  crr=None  ps=None  recent=None
  ✓ score/wickets/overs match

[19:54:20  iter#698]
  UI: Gujarat Titans 162-2 (16.4)  str=Sai Sudharsan nstr=Jos Buttler  bowl=Akeal Hosein 1-39 (3.2)
  this_over=['1', 'W', '?', '?']  fow=2 (unk=2)  last_fow={'wicket': 2, 'batter': None, 'score': None, 'overs': None, 'bowler': None, 'how': None, '_unwitnessed': True}
  delivery: len=good_length line=leg_stump shot=in_the_air [layer2]
  extras: this_over=1 innings=1 [w1/nb0/b0/lb0]
  extras_log: [{'over': '13.3', 'type': 'wide', 'runs': 1, 'this_over_after': []}]
  CB: None None-None (None)  crr=None  ps=None  recent=None
  ⚠ DIVERGENCE: FOW_UNKNOWN: 2 placeholder(s) awaiting broadcast upgrade

[19:54:44  iter#699]
  WS ERR: ''
  CB: None None-None (None)  crr=None  ps=None  recent=None
  ✓ score/wickets/overs match

[19:55:08  iter#700]
  WS ERR: ''
  CB: None None-None (None)  crr=None  ps=None  recent=None
  ✓ score/wickets/overs match

[19:55:30  iter#701]
  UI: Gujarat Titans 162-2 (16.4)  str=Sai Sudharsan nstr=Jos Buttler  bowl=Akeal Hosein 1-39 (3.2)
  this_over=['1', 'W', '?', '?']  fow=2 (unk=2)  last_fow={'wicket': 2, 'batter': None, 'score': None, 'overs': None, 'bowler': None, 'how': None, '_unwitnessed': True}
  delivery: len=good_length line=leg_stump shot=in_the_air [layer2]
  extras: this_over=1 innings=1 [w1/nb0/b0/lb0]
  extras_log: [{'over': '13.3', 'type': 'wide', 'runs': 1, 'this_over_after': []}]
  CB: None None-None (None)  crr=None  ps=None  recent=None
  ⚠ DIVERGENCE: FOW_UNKNOWN: 2 placeholder(s) awaiting broadcast upgrade

[19:55:53  iter#702]
  UI: Gujarat Titans 162-2 (16.4)  str=Sai Sudharsan nstr=Jos Buttler  bowl=Akeal Hosein 1-39 (3.2)
  this_over=['1', 'W', '?', '?']  fow=2 (unk=2)  last_fow={'wicket': 2, 'batter': None, 'score': None, 'overs': None, 'bowler': None, 'how': None, '_unwitnessed': True}
  delivery: len=good_length line=leg_stump shot=in_the_air [layer2]
  extras: this_over=1 innings=1 [w1/nb0/b0/lb0]
  extras_log: [{'over': '13.3', 'type': 'wide', 'runs': 1, 'this_over_after': []}]
  CB: None None-None (None)  crr=None  ps=None  recent=None
  ⚠ DIVERGENCE: FOW_UNKNOWN: 2 placeholder(s) awaiting broadcast upgrade

[19:56:15  iter#703]
  UI: Gujarat Titans 162-2 (16.4)  str=Sai Sudharsan nstr=Jos Buttler  bowl=Akeal Hosein 1-39 (3.2)
  this_over=['1', 'W', '?', '?']  fow=2 (unk=2)  last_fow={'wicket': 2, 'batter': None, 'score': None, 'overs': None, 'bowler': None, 'how': None, '_unwitnessed': True}
  delivery: len=good_length line=leg_stump shot=in_the_air [layer2]
  extras: this_over=1 innings=1 [w1/nb0/b0/lb0]
  extras_log: [{'over': '13.3', 'type': 'wide', 'runs': 1, 'this_over_after': []}]
  CB: None None-None (None)  crr=None  ps=None  recent=None
  ⚠ DIVERGENCE: FOW_UNKNOWN: 2 placeholder(s) awaiting broadcast upgrade

[19:56:36  iter#704]
  UI: Gujarat Titans None-None (None)  str=Sai Sudharsan nstr=Jos Buttler  bowl=Akeal Hosein 1-39 (3.2)
  this_over=['1', 'W', '?', '?']  fow=2 (unk=2)  last_fow={'wicket': 2, 'batter': None, 'score': None, 'overs': None, 'bowler': None, 'how': None, '_unwitnessed': True}
  delivery: len=good_length line=leg_stump shot=in_the_air [layer2]
  extras: this_over=1 innings=1 [w1/nb0/b0/lb0]
  extras_log: [{'over': '13.3', 'type': 'wide', 'runs': 1, 'this_over_after': []}]
  CB: None None-None (None)  crr=None  ps=None  recent=None
  ⚠ DIVERGENCE: FOW_UNKNOWN: 2 placeholder(s) awaiting broadcast upgrade

[19:56:56  iter#705]
  UI: Gujarat Titans None-None (None)  str=Sai Sudharsan nstr=Jos Buttler  bowl=Akeal Hosein 1-39 (3.2)
  this_over=['1', 'W', '?', '?']  fow=2 (unk=2)  last_fow={'wicket': 2, 'batter': None, 'score': None, 'overs': None, 'bowler': None, 'how': None, '_unwitnessed': True}
  delivery: len=good_length line=leg_stump shot=in_the_air [layer2]
  extras: this_over=1 innings=1 [w1/nb0/b0/lb0]
  extras_log: [{'over': '13.3', 'type': 'wide', 'runs': 1, 'this_over_after': []}]
  CB: None None-None (None)  crr=None  ps=None  recent=None
  ⚠ DIVERGENCE: FOW_UNKNOWN: 2 placeholder(s) awaiting broadcast upgrade

[19:57:17  iter#706]
  UI: Gujarat Titans None-None (None)  str=Sai Sudharsan nstr=Jos Buttler  bowl=Akeal Hosein 1-39 (3.2)
  this_over=['1', 'W', '?', '?']  fow=2 (unk=2)  last_fow={'wicket': 2, 'batter': None, 'score': None, 'overs': None, 'bowler': None, 'how': None, '_unwitnessed': True}
  delivery: len=good_length line=leg_stump shot=in_the_air [layer2]
  extras: this_over=1 innings=1 [w1/nb0/b0/lb0]
  extras_log: [{'over': '13.3', 'type': 'wide', 'runs': 1, 'this_over_after': []}]
  CB: None None-None (None)  crr=None  ps=None  recent=None
  ⚠ DIVERGENCE: FOW_UNKNOWN: 2 placeholder(s) awaiting broadcast upgrade

[19:57:42  iter#707]
  WS ERR: ''
  CB: None None-None (None)  crr=None  ps=None  recent=None
  ✓ score/wickets/overs match

[19:58:05  iter#708]
  UI: Gujarat Titans None-None (None)  str=Sai Sudharsan nstr=Jos Buttler  bowl=Akeal Hosein 1-39 (3.2)
  this_over=['1', 'W', '?', '?']  fow=2 (unk=2)  last_fow={'wicket': 2, 'batter': None, 'score': None, 'overs': None, 'bowler': None, 'how': None, '_unwitnessed': True}
  delivery: len=good_length line=leg_stump shot=in_the_air [layer2]
  extras: this_over=1 innings=1 [w1/nb0/b0/lb0]
  extras_log: [{'over': '13.3', 'type': 'wide', 'runs': 1, 'this_over_after': []}]
  CB: None None-None (None)  crr=None  ps=None  recent=None
  ⚠ DIVERGENCE: FOW_UNKNOWN: 2 placeholder(s) awaiting broadcast upgrade

[19:58:26  iter#709]
  UI: Gujarat Titans None-None (None)  str=Sai Sudharsan nstr=Jos Buttler  bowl=Akeal Hosein 1-39 (3.2)
  this_over=['1', 'W', '?', '?']  fow=2 (unk=2)  last_fow={'wicket': 2, 'batter': None, 'score': None, 'overs': None, 'bowler': None, 'how': None, '_unwitnessed': True}
  delivery: len=good_length line=leg_stump shot=in_the_air [layer2]
  extras: this_over=1 innings=1 [w1/nb0/b0/lb0]
  extras_log: [{'over': '13.3', 'type': 'wide', 'runs': 1, 'this_over_after': []}]
  CB: None None-None (None)  crr=None  ps=None  recent=None
  ⚠ DIVERGENCE: FOW_UNKNOWN: 2 placeholder(s) awaiting broadcast upgrade

[19:58:47  iter#710]
  UI: Gujarat Titans None-None (None)  str=Sai Sudharsan nstr=Jos Buttler  bowl=Akeal Hosein 1-39 (3.2)
  this_over=['1', 'W', '?', '?']  fow=2 (unk=2)  last_fow={'wicket': 2, 'batter': None, 'score': None, 'overs': None, 'bowler': None, 'how': None, '_unwitnessed': True}
  delivery: len=good_length line=leg_stump shot=in_the_air [layer2]
  extras: this_over=1 innings=1 [w1/nb0/b0/lb0]
  extras_log: [{'over': '13.3', 'type': 'wide', 'runs': 1, 'this_over_after': []}]
  CB: None None-None (None)  crr=None  ps=None  recent=None
  ⚠ DIVERGENCE: FOW_UNKNOWN: 2 placeholder(s) awaiting broadcast upgrade
