=== PARITY MONITOR — pipeline UI vs cricbuzz ===
WS:  ws://localhost:8765
CB:  https://www.cricbuzz.com/live-cricket-scores/151943/pbks-vs-rr-40th-match-indian-premier-league-2026

[19:30:47  iter#1]
  WS ERR: ''
  CB: None None-None (None)  crr=None  ps=None  recent=None
  ✓ score/wickets/overs match

[19:31:08  iter#2]
  UI:  None-None (None)  str=None nstr=None  bowl=None None-None (None)
  this_over=[]  fow=0 (unk=0)  last_fow=None
  delivery: (none yet on UI)
  extras: this_over=0 innings=0 [w0/nb0/b0/lb0]
  CB: None None-None (None)  crr=None  ps=None  recent=None
  ✓ score/wickets/overs match

[19:31:30  iter#3]
  UI: Punjab Kings None-None (None)  str=Prabhsimran Singh nstr=Priyansh Arya  bowl=None None-None (None)
  this_over=[]  fow=0 (unk=0)  last_fow=None
  delivery: (none yet on UI)
  extras: this_over=0 innings=0 [w0/nb0/b0/lb0]
  CB: PBKS 0-0 (0.1)  crr=0.0  ps=0(1)  recent=0
  CB BAT: Prabhsimran Singh* 0(1), Priyansh Arya 0(0)
  ⚠ DIVERGENCE: BAT_singh: ui=0(0) cb=0(1)

[19:31:55  iter#4]
  WS ERR: ''
  CB: PBKS 4-0 (0.2)  crr=12.0  ps=4(2)  recent=0 4
  CB BAT: Prabhsimran Singh* 4(2), Priyansh Arya 0(0)
  ⚠ DIVERGENCE: BATTERS_MISSING_IN_UI: {'singh', 'arya'} (ui=set(), cb={'singh', 'arya'})

[19:32:19  iter#5]
  WS ERR: ''
  CB: PBKS 4-0 (0.2)  crr=12.0  ps=4(2)  recent=0 4
  CB BAT: Prabhsimran Singh* 4(2), Priyansh Arya 0(0)
  ⚠ DIVERGENCE: BATTERS_MISSING_IN_UI: {'singh', 'arya'} (ui=set(), cb={'singh', 'arya'})

[19:32:41  iter#6]
  UI: Punjab Kings 4-0 (0.2)  str=Prabhsimran Singh nstr=Priyansh Arya  bowl=Jofra Archer 0-4 (0.2)
  this_over=['?', '4']  fow=0 (unk=0)  last_fow=None
  delivery: len=good_length line=leg_stump shot=in_the_air [layer2]
  extras: this_over=0 innings=0 [w0/nb0/b0/lb0]
  CB: PBKS 4-0 (0.2)  crr=12.0  ps=4(2)  recent=0 4
  CB BAT: Prabhsimran Singh* 4(2), Priyansh Arya 0(0)
  ✓ score/wickets/overs match

[19:33:05  iter#7]
  WS ERR: ''
  CB: PBKS 8-0 (0.4)  crr=12.0  ps=8(4)  recent=0 4
  CB BAT: Prabhsimran Singh* 4(4), Priyansh Arya 0(0)
  ⚠ DIVERGENCE: BATTERS_MISSING_IN_UI: {'singh', 'arya'} (ui=set(), cb={'singh', 'arya'})

[19:33:29  iter#8]
  UI: Punjab Kings 8-0 (0.4)  str=Prabhsimran Singh nstr=Priyansh Arya  bowl=Jofra Archer 0-4 (0.4)
  this_over=['?', '4', '4', '.']  fow=0 (unk=0)  last_fow=None
  delivery: len=short_of_length line=outside_off shot=in_the_air [layer2]
  extras: this_over=0 innings=4 [w0/nb0/b0/lb0]
  CB: PBKS 8-0 (0.4)  crr=12.0  ps=8(4)  recent=0 4
  CB BAT: Prabhsimran Singh* 4(4), Priyansh Arya 0(0)
  ✓ score/wickets/overs match

[19:33:52  iter#9]
  UI: Punjab Kings 8-0 (0.4)  str=Prabhsimran Singh nstr=Priyansh Arya  bowl=Jofra Archer 0-4 (0.4)
  this_over=['?', '4', '4', '.']  fow=0 (unk=0)  last_fow=None
  delivery: len=short_of_length line=leg_stump shot=in_the_air [layer2]
  extras: this_over=0 innings=4 [w0/nb0/b0/lb0]
  CB: PBKS 8-0 (0.4)  crr=12.0  ps=8(4)  recent=0 4
  CB BAT: Prabhsimran Singh* 4(4), Priyansh Arya 0(0)
  ✓ score/wickets/overs match

[19:34:14  iter#10]
  UI: Punjab Kings 8-0 (0.5)  str=Prabhsimran Singh nstr=Priyansh Arya  bowl=Jofra Archer 0-4 (0.5)
  this_over=['?', '4', '4', '.', '.']  fow=0 (unk=0)  last_fow=None
  delivery: len=short_of_length line=outside_off shot=in_the_air [layer2]
  extras: this_over=0 innings=4 [w0/nb0/b0/lb0]
  CB: PBKS 8-0 (0.5)  crr=9.6  ps=8(5)  recent=0 4
  CB BAT: Prabhsimran Singh* 4(5), Priyansh Arya 0(0)
  ✓ score/wickets/overs match

[19:34:34  iter#11]
  UI: Punjab Kings 8-0 (0.5)  str=Prabhsimran Singh nstr=Priyansh Arya  bowl=Jofra Archer 0-4 (0.5)
  this_over=['?', '4', '4', '.', '.']  fow=0 (unk=0)  last_fow=None
  delivery: len=short_of_length line=outside_off shot=in_the_air [layer2]
  extras: this_over=0 innings=4 [w0/nb0/b0/lb0]
  CB: PBKS 8-0 (0.5)  crr=9.6  ps=8(5)  recent=0 4
  CB BAT: Prabhsimran Singh* 4(5), Priyansh Arya 0(0)
  ✓ score/wickets/overs match

[19:34:58  iter#12]
  WS ERR: ''
  CB: PBKS 8-0 (1)  crr=8.0  ps=8(6)  recent=0 4
  CB BAT: Priyansh Arya* 0(0), Prabhsimran Singh 4(6)
  ⚠ DIVERGENCE: BATTERS_MISSING_IN_UI: {'arya', 'singh'} (ui=set(), cb={'arya', 'singh'})

[19:35:21  iter#13]
  UI: Punjab Kings 8-0 (1.0)  str=Priyansh Arya nstr=Prabhsimran Singh  bowl=Jofra Archer 0-4 (1.0)
  this_over=['?', '4', '4', '.', '.', '.']  fow=0 (unk=0)  last_fow=None
  delivery: len=short_of_length line=outside_off shot=in_the_air [layer2]
  extras: this_over=0 innings=4 [w0/nb0/b0/lb0]
  CB: PBKS 8-0 (1)  crr=8.0  ps=8(6)  recent=0 4
  CB BAT: Priyansh Arya* 0(0), Prabhsimran Singh 4(6)
  CB BOWL: Jofra Archer 0-4 (1)
  ⚠ DIVERGENCE: OVERS: ui=1.0 cb=1 | BOWL_O: ui=1.0 cb=1

[19:35:43  iter#14]
  UI: Punjab Kings 8-0 (1.0)  str=Priyansh Arya nstr=Prabhsimran Singh  bowl=Nandre Burger 0-4 (1.0)
  this_over=['?', '4', '4', '.', '.', '.']  fow=0 (unk=0)  last_fow=None
  delivery: len=short_of_length line=outside_off shot=in_the_air [layer2]
  extras: this_over=0 innings=4 [w0/nb0/b0/lb0]
  CB: PBKS 8-0 (1)  crr=8.0  ps=8(6)  recent=0 4
  CB BAT: Priyansh Arya* 0(0), Prabhsimran Singh 4(6)
  CB BOWL: Jofra Archer 0-4 (1)
  ⚠ DIVERGENCE: OVERS: ui=1.0 cb=1 | BOWLER: ui=Nandre Burger cb=Jofra Archer

[19:36:04  iter#15]
  UI: Punjab Kings 10-0 (1.1)  str=Priyansh Arya nstr=Prabhsimran Singh  bowl=Nandre Burger 0-4 (1.0)
  this_over=['2']  fow=0 (unk=0)  last_fow=None
  delivery: len=short_of_length line=outside_off shot=in_the_air [layer2]
  extras: this_over=0 innings=4 [w0/nb0/b0/lb0]
  CB: PBKS 10-0 (1.1)  crr=8.57  ps=10(7)  recent=2
  CB BAT: Priyansh Arya* 2(1), Prabhsimran Singh 4(6)
  CB BOWL: Jofra Archer 0-4 (1)
  ⚠ DIVERGENCE: BOWLER: ui=Nandre Burger cb=Jofra Archer

[19:36:26  iter#16]
  UI: Punjab Kings 10-0 (1.1)  str=Priyansh Arya nstr=Prabhsimran Singh  bowl=Nandre Burger 0-4 (1.1)
  this_over=['2']  fow=0 (unk=0)  last_fow=None
  delivery: len=short_of_length line=leg_stump shot=in_the_air [layer2]
  extras: this_over=0 innings=4 [w0/nb0/b0/lb0]
  CB: PBKS 14-0 (1.2)  crr=10.5  ps=14(8)  recent=2 4
  CB BAT: Priyansh Arya* 6(2), Prabhsimran Singh 4(6)
  CB BOWL: Jofra Archer 0-4 (1)
  ⚠ DIVERGENCE: SCORE: ui=10 cb=14 | OVERS: ui=1.1 cb=1.2 | BAT_arya: ui=2(1) cb=6(2) | BOWLER: ui=Nandre Burger cb=Jofra Archer

[19:36:48  iter#17]
  UI: Punjab Kings 14-0 (1.2)  str=Priyansh Arya nstr=Prabhsimran Singh  bowl=Nandre Burger 0-4 (1.1)
  this_over=['2', '4']  fow=0 (unk=0)  last_fow=None
  delivery: len=short_of_length line=leg_stump shot=in_the_air [layer2]
  extras: this_over=0 innings=4 [w0/nb0/b0/lb0]
  CB: PBKS 14-0 (1.2)  crr=10.5  ps=14(8)  recent=2 4
  CB BAT: Priyansh Arya* 6(2), Prabhsimran Singh 4(6)
  CB BOWL: Jofra Archer 0-4 (1)
  ⚠ DIVERGENCE: BOWLER: ui=Nandre Burger cb=Jofra Archer

[19:37:10  iter#18]
  UI: Punjab Kings 14-0 (1.2)  str=Priyansh Arya nstr=Prabhsimran Singh  bowl=Nandre Burger 0-4 (1.2)
  this_over=['2', '4']  fow=0 (unk=0)  last_fow=None
  delivery: len=short_of_length line=leg_stump shot=in_the_air [layer2]
  extras: this_over=0 innings=4 [w0/nb0/b0/lb0]
  CB: PBKS 14-0 (1.2)  crr=10.5  ps=14(8)  recent=2 4
  CB BAT: Priyansh Arya* 6(2), Prabhsimran Singh 4(6)
  CB BOWL: Jofra Archer 0-4 (1)
  ⚠ DIVERGENCE: BOWLER: ui=Nandre Burger cb=Jofra Archer

[19:37:31  iter#19]
  UI: Punjab Kings 14-0 (1.2)  str=Priyansh Arya nstr=Prabhsimran Singh  bowl=Nandre Burger 0-4 (1.2)
  this_over=['2', '4']  fow=0 (unk=0)  last_fow=None
  delivery: len=short_of_length line=leg_stump shot=in_the_air [layer2]
  extras: this_over=0 innings=4 [w0/nb0/b0/lb0]
  CB: PBKS 20-0 (1.3)  crr=13.33  ps=20(9)  recent=2 4 6
  CB BAT: Priyansh Arya* 12(3), Prabhsimran Singh 4(6)
  CB BOWL: Jofra Archer 0-4 (1)
  ⚠ DIVERGENCE: SCORE: ui=14 cb=20 | OVERS: ui=1.2 cb=1.3 | BAT_arya: ui=6(2) cb=12(3) | BOWLER: ui=Nandre Burger cb=Jofra Archer

[19:37:56  iter#20]
  UI: Punjab Kings 20-0 (1.3)  str=Priyansh Arya nstr=Prabhsimran Singh  bowl=Nandre Burger 0-10 (1.3)
  this_over=['2', '4', '6']  fow=0 (unk=0)  last_fow=None
  delivery: len=short_of_length line=leg_stump shot=in_the_air [layer2]
  extras: this_over=0 innings=4 [w0/nb0/b0/lb0]
  CB: PBKS 24-0 (1.4)  crr=14.4  ps=24(10)  recent=2 4 6 4
  CB BAT: Priyansh Arya* 16(4), Prabhsimran Singh 4(6)
  CB BOWL: Jofra Archer 0-4 (1)
  ⚠ DIVERGENCE: SCORE: ui=20 cb=24 | OVERS: ui=1.3 cb=1.4 | BAT_arya: ui=6(6) cb=16(4) | BOWLER: ui=Nandre Burger cb=Jofra Archer

[19:38:20  iter#21]
  WS ERR: ''
  CB: PBKS 24-0 (1.4)  crr=14.4  ps=24(10)  recent=2 4 6 4
  CB BAT: Priyansh Arya* 16(4), Prabhsimran Singh 4(6)
  CB BOWL: Jofra Archer 0-4 (1)
  ⚠ DIVERGENCE: BATTERS_MISSING_IN_UI: {'arya', 'singh'} (ui=set(), cb={'arya', 'singh'}) | BOWLER: ui=None cb=Jofra Archer

[19:38:44  iter#22]
  WS ERR: ''
  CB: PBKS 28-0 (1.5)  crr=15.27  ps=28(11)  recent=2 4 6 4 4
  CB BAT: Priyansh Arya* 20(5), Prabhsimran Singh 4(6)
  CB BOWL: Jofra Archer 0-4 (1)
  ⚠ DIVERGENCE: BATTERS_MISSING_IN_UI: {'arya', 'singh'} (ui=set(), cb={'arya', 'singh'}) | BOWLER: ui=None cb=Jofra Archer

[19:39:06  iter#23]
  UI: Punjab Kings 28-0 (1.5)  str=Prabhsimran Singh nstr=Priyansh Arya  bowl=Nandre Burger 0-16 (1.5)
  this_over=['2', '4', '6', '4', '4']  fow=0 (unk=0)  last_fow=None
  delivery: len=short_of_length line=leg_stump shot=in_the_air [layer2]
  extras: this_over=0 innings=0 [w0/nb0/b0/lb0]
  CB: PBKS 28-0 (1.5)  crr=15.27  ps=28(11)  recent=2 4 6 4 4
  CB BAT: Priyansh Arya* 20(5), Prabhsimran Singh 4(6)
  CB BOWL: Jofra Archer 0-4 (1)
  ⚠ DIVERGENCE: STRIKER: ui=Prabhsimran Singh cb=Priyansh Arya | BAT_arya: ui=4(6) cb=20(5) | BAT_singh: ui=20(5) cb=4(6) | BOWLER: ui=Nandre Burger cb=Jofra Archer

[19:39:30  iter#24]
  WS ERR: ''
  CB: PBKS 29-0 (2)  crr=14.5  ps=29(12)  recent=2 4 6 4 4 1
  CB BAT: Priyansh Arya* 21(6), Prabhsimran Singh 4(6)
  CB BOWL: Nandre Burger 0-21 (1)
  ⚠ DIVERGENCE: BATTERS_MISSING_IN_UI: {'arya', 'singh'} (ui=set(), cb={'arya', 'singh'}) | BOWLER: ui=None cb=Nandre Burger

[19:39:50  iter#25]
  UI: Punjab Kings 29-0 (2.0)  str=Prabhsimran Singh nstr=Priyansh Arya  bowl=Nandre Burger 0-16 (1.5)
  this_over=['2', '4', '6', '4', '4', '1']  fow=0 (unk=0)  last_fow=None
  delivery: len=short_of_length line=leg_stump shot=in_the_air [layer2]
  extras: this_over=0 innings=4 [w0/nb0/b0/lb0]
  CB: PBKS 29-0 (2)  crr=14.5  ps=29(12)  recent=2 4 6 4 4 1
  CB BAT: Priyansh Arya* 21(6), Prabhsimran Singh 4(6)
  CB BOWL: Nandre Burger 0-21 (1)
  ⚠ DIVERGENCE: OVERS: ui=2.0 cb=2 | STRIKER: ui=Prabhsimran Singh cb=Priyansh Arya | BAT_arya: ui=4(6) cb=21(6) | BAT_singh: ui=21(6) cb=4(6) | BOWL_R: ui=16 cb=21 | BOWL_O: ui=1.5 cb=1

[19:40:15  iter#26]
  WS ERR: ''
  CB: PBKS 29-0 (2)  crr=14.5  ps=29(12)  recent=2 4 6 4 4 1
  CB BAT: Priyansh Arya* 21(6), Prabhsimran Singh 4(6)
  CB BOWL: Nandre Burger 0-21 (1)
  ⚠ DIVERGENCE: BATTERS_MISSING_IN_UI: {'arya', 'singh'} (ui=set(), cb={'arya', 'singh'}) | BOWLER: ui=None cb=Nandre Burger

[19:40:39  iter#27]
  WS ERR: ''
  CB: PBKS 33-0 (2.1)  crr=15.23  ps=33(13)  recent=4
  CB BAT: Priyansh Arya* 25(7), Prabhsimran Singh 4(6)
  CB BOWL: Nandre Burger 0-21 (1)
  ⚠ DIVERGENCE: BATTERS_MISSING_IN_UI: {'arya', 'singh'} (ui=set(), cb={'arya', 'singh'}) | BOWLER: ui=None cb=Nandre Burger

[19:41:01  iter#28]
  UI: Punjab Kings 33-0 (2.1)  str=Priyansh Arya nstr=Prabhsimran Singh  bowl=Jofra Archer 0-8 (1.1)
  this_over=['4']  fow=0 (unk=0)  last_fow=None
  delivery: len=short_of_length line=leg_stump shot=in_the_air [layer2]
  extras: this_over=0 innings=4 [w0/nb0/b0/lb0]
  CB: PBKS 33-0 (2.1)  crr=15.23  ps=33(13)  recent=4
  CB BAT: Priyansh Arya* 25(7), Prabhsimran Singh 4(6)
  CB BOWL: Nandre Burger 0-21 (1)
  ⚠ DIVERGENCE: BAT_arya: ui=4(6) cb=25(7) | BAT_singh: ui=25(7) cb=4(6) | BOWLER: ui=Jofra Archer cb=Nandre Burger

[19:41:26  iter#29]
  WS ERR: ''
  CB: PBKS 33-0 (2.2)  crr=14.14  ps=33(14)  recent=4 0
  CB BAT: Priyansh Arya* 25(8), Prabhsimran Singh 4(6)
  CB BOWL: Nandre Burger 0-21 (1)
  ⚠ DIVERGENCE: BATTERS_MISSING_IN_UI: {'arya', 'singh'} (ui=set(), cb={'arya', 'singh'}) | BOWLER: ui=None cb=Nandre Burger

[19:41:48  iter#30]
  UI: Punjab Kings 33-0 (2.2)  str=Prabhsimran Singh nstr=Priyansh Arya  bowl=Jofra Archer 0-8 (1.2)
  this_over=['4', '.']  fow=0 (unk=0)  last_fow=None
  delivery: len=short_of_length line=leg_stump shot=in_the_air [layer2]
  extras: this_over=0 innings=4 [w0/nb0/b0/lb0]
  CB: PBKS 33-0 (2.2)  crr=14.14  ps=33(14)  recent=4 0
  CB BAT: Priyansh Arya* 25(8), Prabhsimran Singh 4(6)
  CB BOWL: Nandre Burger 0-21 (1)
  ⚠ DIVERGENCE: STRIKER: ui=Prabhsimran Singh cb=Priyansh Arya | BAT_arya: ui=4(6) cb=25(8) | BAT_singh: ui=25(8) cb=4(6) | BOWLER: ui=Jofra Archer cb=Nandre Burger

[19:42:12  iter#31]
  WS ERR: ''
  CB: PBKS 33-0 (2.2)  crr=14.14  ps=33(14)  recent=4 0
  CB BAT: Priyansh Arya* 25(8), Prabhsimran Singh 4(6)
  CB BOWL: Nandre Burger 0-21 (1)
  ⚠ DIVERGENCE: BATTERS_MISSING_IN_UI: {'arya', 'singh'} (ui=set(), cb={'arya', 'singh'}) | BOWLER: ui=None cb=Nandre Burger

[19:42:33  iter#32]
  UI: Punjab Kings 33-0 (2.2)  str=Priyansh Arya nstr=Prabhsimran Singh  bowl=Jofra Archer 0-8 (1.2)
  this_over=['4', '.']  fow=0 (unk=0)  last_fow=None
  delivery: len=short_of_length line=outside_off shot=in_the_air [layer2]
  extras: this_over=0 innings=0 [w0/nb0/b0/lb0]
  CB: PBKS 33-0 (2.2)  crr=14.14  ps=33(14)  recent=4 0
  CB BAT: Priyansh Arya* 25(8), Prabhsimran Singh 4(6)
  CB BOWL: Nandre Burger 0-21 (1)
  ⚠ DIVERGENCE: BAT_arya: ui=8(6) cb=25(8) | BAT_singh: ui=25(8) cb=4(6) | BOWLER: ui=Jofra Archer cb=Nandre Burger

[19:42:54  iter#33]
  UI: Punjab Kings 33-0 (2.3)  str=Prabhsimran Singh nstr=Priyansh Arya  bowl=Jofra Archer 0-8 (1.3)
  this_over=['4', '.', '.']  fow=0 (unk=0)  last_fow=None
  delivery: len=short_of_length line=outside_off shot=in_the_air [layer2]
  extras: this_over=0 innings=0 [w0/nb0/b0/lb0]
  CB: PBKS 33-0 (2.3)  crr=13.2  ps=33(15)  recent=4 0 0
  CB BAT: Priyansh Arya* 25(9), Prabhsimran Singh 4(6)
  CB BOWL: Nandre Burger 0-21 (1)
  ⚠ DIVERGENCE: STRIKER: ui=Prabhsimran Singh cb=Priyansh Arya | BAT_arya: ui=8(6) cb=25(9) | BAT_singh: ui=25(9) cb=4(6) | BOWLER: ui=Jofra Archer cb=Nandre Burger

[19:43:18  iter#34]
  UI: Punjab Kings 33-0 (2.3)  str=Prabhsimran Singh nstr=Priyansh Arya  bowl=Jofra Archer 0-8 (1.3)
  this_over=['4', '.', '.']  fow=0 (unk=0)  last_fow=None
  delivery: len=short_of_length line=outside_off shot=in_the_air [layer2]
  extras: this_over=0 innings=0 [w0/nb0/b0/lb0]
  CB: PBKS 33-0 (2.3)  crr=13.2  ps=33(15)  recent=4 0 0
  CB BAT: Priyansh Arya* 25(9), Prabhsimran Singh 4(6)
  CB BOWL: Nandre Burger 0-21 (1)
  ⚠ DIVERGENCE: STRIKER: ui=Prabhsimran Singh cb=Priyansh Arya | BAT_arya: ui=8(6) cb=25(9) | BAT_singh: ui=25(9) cb=4(6) | BOWLER: ui=Jofra Archer cb=Nandre Burger

[19:43:40  iter#35]
  UI: Punjab Kings 33-0 (2.3)  str=Prabhsimran Singh nstr=Priyansh Arya  bowl=Jofra Archer 0-8 (1.3)
  this_over=['4', '.', '.']  fow=0 (unk=0)  last_fow=None
  delivery: len=short_of_length line=outside_off shot=in_the_air [layer2]
  extras: this_over=0 innings=0 [w0/nb0/b0/lb0]
  CB: PBKS 33-0 (2.3)  crr=13.2  ps=33(15)  recent=4 0 0
  CB BAT: Priyansh Arya* 25(9), Prabhsimran Singh 4(6)
  CB BOWL: Nandre Burger 0-21 (1)
  ⚠ DIVERGENCE: STRIKER: ui=Prabhsimran Singh cb=Priyansh Arya | BAT_arya: ui=8(6) cb=25(9) | BAT_singh: ui=25(9) cb=4(6) | BOWLER: ui=Jofra Archer cb=Nandre Burger

[19:44:02  iter#36]
  UI: Punjab Kings 33-0 (2.3)  str=Prabhsimran Singh nstr=Priyansh Arya  bowl=Jofra Archer 0-8 (1.3)
  this_over=['4', '.', '.']  fow=0 (unk=0)  last_fow=None
  delivery: len=short_of_length line=outside_off shot=in_the_air [layer2]
  extras: this_over=0 innings=0 [w0/nb0/b0/lb0]
  CB: PBKS 33-0 (2.3)  crr=13.2  ps=33(15)  recent=4 0 0
  CB BAT: Priyansh Arya* 25(9), Prabhsimran Singh 4(6)
  CB BOWL: Nandre Burger 0-21 (1)
  ⚠ DIVERGENCE: STRIKER: ui=Prabhsimran Singh cb=Priyansh Arya | BAT_arya: ui=8(6) cb=25(9) | BAT_singh: ui=25(9) cb=4(6) | BOWLER: ui=Jofra Archer cb=Nandre Burger

[19:44:22  iter#37]
  UI: Punjab Kings 33-0 (2.3)  str=Priyansh Arya nstr=Prabhsimran Singh  bowl=Jofra Archer 0-8 (1.3)
  this_over=['4', '.', '.']  fow=0 (unk=0)  last_fow=None
  delivery: len=short_of_length line=outside_off shot=in_the_air [layer2]
  extras: this_over=0 innings=0 [w0/nb0/b0/lb0]
  CB: PBKS 33-0 (2.3)  crr=13.2  ps=33(15)  recent=4 0 0
  CB BAT: Priyansh Arya* 25(9), Prabhsimran Singh 4(6)
  CB BOWL: Nandre Burger 0-21 (1)
  ⚠ DIVERGENCE: BAT_arya: ui=8(6) cb=25(9) | BAT_singh: ui=25(9) cb=4(6) | BOWLER: ui=Jofra Archer cb=Nandre Burger

[19:44:44  iter#38]
  UI: Punjab Kings 33-0 (2.3)  str=Priyansh Arya nstr=Prabhsimran Singh  bowl=Jofra Archer 0-8 (1.3)
  this_over=['4', '.', '.']  fow=0 (unk=0)  last_fow=None
  delivery: len=short_of_length line=outside_off shot=in_the_air [layer2]
  extras: this_over=0 innings=0 [w0/nb0/b0/lb0]
  CB: PBKS 33-0 (2.3)  crr=13.2  ps=33(15)  recent=4 0 0
  CB BAT: Priyansh Arya* 25(9), Prabhsimran Singh 4(6)
  CB BOWL: Nandre Burger 0-21 (1)
  ⚠ DIVERGENCE: BAT_arya: ui=8(6) cb=25(9) | BAT_singh: ui=25(9) cb=4(6) | BOWLER: ui=Jofra Archer cb=Nandre Burger

[19:45:08  iter#39]
  UI: Punjab Kings 33-0 (2.3)  str=Priyansh Arya nstr=Prabhsimran Singh  bowl=Jofra Archer 0-8 (1.3)
  this_over=['4', '.', '.']  fow=0 (unk=0)  last_fow=None
  delivery: len=short_of_length line=outside_off shot=in_the_air [layer2]
  extras: this_over=0 innings=0 [w0/nb0/b0/lb0]
  CB: PBKS 33-0 (2.3)  crr=13.2  ps=33(15)  recent=4 0 0
  CB BAT: Priyansh Arya* 25(9), Prabhsimran Singh 4(6)
  CB BOWL: Nandre Burger 0-21 (1)
  ⚠ DIVERGENCE: BAT_arya: ui=8(6) cb=25(9) | BAT_singh: ui=25(9) cb=4(6) | BOWLER: ui=Jofra Archer cb=Nandre Burger

[19:45:29  iter#40]
  UI: Punjab Kings 37-1 (2.5)  str=None nstr=Priyansh Arya  bowl=Jofra Archer 1-12 (1.5)
  this_over=['4', '.', '.', '4', 'W']  fow=0 (unk=0)  last_fow=None
  delivery: len=short_of_length line=outside_off shot=in_the_air [layer2]
  extras: this_over=0 innings=0 [w0/nb0/b0/lb0]
  CB: PBKS 33-0 (2.3)  crr=13.2  ps=33(15)  recent=4 0 0
  CB BAT: Priyansh Arya* 25(9), Prabhsimran Singh 4(6)
  CB BOWL: Nandre Burger 0-21 (1)
  ⚠ DIVERGENCE: SCORE: ui=37 cb=33 | WICKETS: ui=1 cb=0 | OVERS: ui=2.5 cb=2.3 | BATTERS_MISSING_IN_UI: {'singh'} (ui={'arya'}, cb={'arya', 'singh'}) | BAT_arya: ui=8(6) cb=25(9) | FOW_COUNT: ui=0 vs wickets=1 | BOWLER: ui=Jofra Archer cb=Nandre Burger

[19:45:50  iter#41]
  UI: Punjab Kings 37-1 (2.5)  str=None nstr=Priyansh Arya  bowl=Jofra Archer 1-12 (1.5)
  this_over=['4', '.', '.', '4', 'W']  fow=0 (unk=0)  last_fow=None
  delivery: len=good_length line=outside_off shot=in_the_air [layer2]
  extras: this_over=0 innings=0 [w0/nb0/b0/lb0]
  CB: PBKS 37-1 (2.5)  crr=13.06  ps=37(17)  recent=4 0 0 4 W
  CB BAT: Prabhsimran Singh* 4(6), Nandre Burger 1(0)
  CB BOWL: Nandre Burger 0-21 (1)
  LAST WKT: Priyansh Arya  c Nandre Burger b Jofra Archer 29(11)  - 37/1 in 2.5 ov.
  ⚠ DIVERGENCE: BATTERS_MISSING_IN_UI: {'singh', 'burger'} (ui={'arya'}, cb={'singh', 'burger'}) | FOW_COUNT: ui=0 vs wickets=1 | BOWLER: ui=Jofra Archer cb=Nandre Burger

[19:46:12  iter#42]
  UI: Punjab Kings 37-1 (2.5)  str=None nstr=Priyansh Arya  bowl=Jofra Archer 1-12 (1.5)
  this_over=['4', '.', '.', '4', 'W']  fow=0 (unk=0)  last_fow=None
  delivery: len=good_length line=outside_off shot=in_the_air [layer2]
  extras: this_over=0 innings=0 [w0/nb0/b0/lb0]
  CB: PBKS 37-1 (2.5)  crr=13.06  ps=37(17)  recent=4 0 0 4 W
  CB BAT: Prabhsimran Singh* 4(6), Nandre Burger 1(0)
  CB BOWL: Nandre Burger 0-21 (1)
  LAST WKT: Priyansh Arya  c Nandre Burger b Jofra Archer 29(11)  - 37/1 in 2.5 ov.
  ⚠ DIVERGENCE: BATTERS_MISSING_IN_UI: {'singh', 'burger'} (ui={'arya'}, cb={'singh', 'burger'}) | FOW_COUNT: ui=0 vs wickets=1 | BOWLER: ui=Jofra Archer cb=Nandre Burger

[19:46:36  iter#43]
  WS ERR: ''
  CB: PBKS 37-1 (2.5)  crr=13.06  ps=0(0)  recent=... 0
  CB BAT: Cooper Connolly* 0(0), Prabhsimran Singh 4(6)
  CB BOWL: Nandre Burger 0-21 (1)
  LAST WKT: Priyansh Arya  c Nandre Burger b Jofra Archer 29(11)  - 37/1 in 2.5 ov.
  ⚠ DIVERGENCE: BATTERS_MISSING_IN_UI: {'connolly', 'singh'} (ui=set(), cb={'connolly', 'singh'}) | BOWLER: ui=None cb=Nandre Burger

[19:46:59  iter#44]
  UI: Punjab Kings 37-1 (2.5)  str=None nstr=Priyansh Arya  bowl=Jofra Archer 1-12 (1.5)
  this_over=['4', '.', '.', '4', 'W']  fow=0 (unk=0)  last_fow=None
  delivery: len=good_length line=outside_off shot=in_the_air [layer2]
  extras: this_over=0 innings=0 [w0/nb0/b0/lb0]
  CB: PBKS 37-1 (3)  crr=12.33  ps=0(1)  recent=4 0 0 4 W 0
  CB BAT: Prabhsimran Singh* 4(6), Cooper Connolly 0(1)
  CB BOWL: Jofra Archer 1-12 (2)
  LAST WKT: Priyansh Arya  c Nandre Burger b Jofra Archer 29(11)  - 37/1 in 2.5 ov.
  ⚠ DIVERGENCE: OVERS: ui=2.5 cb=3 | BATTERS_MISSING_IN_UI: {'singh', 'connolly'} (ui={'arya'}, cb={'singh', 'connolly'}) | FOW_COUNT: ui=0 vs wickets=1 | BOWL_O: ui=1.5 cb=2

[19:47:21  iter#45]
  UI: Punjab Kings 37-1 (2.5)  str=None nstr=Priyansh Arya  bowl=Jofra Archer 1-12 (1.5)
  this_over=['4', '.', '.', '4', 'W']  fow=0 (unk=0)  last_fow=None
  delivery: len=good_length line=outside_off shot=in_the_air [layer2]
  extras: this_over=0 innings=0 [w0/nb0/b0/lb0]
  CB: PBKS 37-1 (3)  crr=12.33  ps=0(1)  recent=4 0 0 4 W 0
  CB BAT: Prabhsimran Singh* 4(6), Cooper Connolly 0(1)
  CB BOWL: Jofra Archer 1-12 (2)
  LAST WKT: Priyansh Arya  c Nandre Burger b Jofra Archer 29(11)  - 37/1 in 2.5 ov.
  ⚠ DIVERGENCE: OVERS: ui=2.5 cb=3 | BATTERS_MISSING_IN_UI: {'singh', 'connolly'} (ui={'arya'}, cb={'singh', 'connolly'}) | FOW_COUNT: ui=0 vs wickets=1 | BOWL_O: ui=1.5 cb=2

[19:47:41  iter#46]
  UI: Punjab Kings 37-1 (2.5)  str=None nstr=Priyansh Arya  bowl=Jofra Archer 1-12 (1.5)
  this_over=['4', '.', '.', '4', 'W']  fow=0 (unk=0)  last_fow=None
  delivery: len=good_length line=outside_off shot=in_the_air [layer2]
  extras: this_over=0 innings=0 [w0/nb0/b0/lb0]
  CB: PBKS 37-1 (3)  crr=12.33  ps=0(1)  recent=4 0 0 4 W 0
  CB BAT: Prabhsimran Singh* 4(6), Cooper Connolly 0(1)
  CB BOWL: Jofra Archer 1-12 (2)
  LAST WKT: Priyansh Arya  c Nandre Burger b Jofra Archer 29(11)  - 37/1 in 2.5 ov.
  ⚠ DIVERGENCE: OVERS: ui=2.5 cb=3 | BATTERS_MISSING_IN_UI: {'singh', 'connolly'} (ui={'arya'}, cb={'singh', 'connolly'}) | FOW_COUNT: ui=0 vs wickets=1 | BOWL_O: ui=1.5 cb=2

[19:48:02  iter#47]
  UI: Punjab Kings 37-1 (2.5)  str=None nstr=Priyansh Arya  bowl=Jofra Archer 1-12 (1.5)
  this_over=['4', '.', '.', '4', 'W']  fow=0 (unk=0)  last_fow=None
  delivery: len=good_length line=outside_off shot=in_the_air [layer2]
  extras: this_over=0 innings=0 [w0/nb0/b0/lb0]
  CB: PBKS 37-1 (3.1)  crr=11.68  ps=0(2)  recent=0
  CB BAT: Prabhsimran Singh* 4(7), Cooper Connolly 0(1)
  CB BOWL: Jofra Archer 1-12 (2)
  LAST WKT: Priyansh Arya  c Nandre Burger b Jofra Archer 29(11)  - 37/1 in 2.5 ov.
  ⚠ DIVERGENCE: OVERS: ui=2.5 cb=3.1 | BATTERS_MISSING_IN_UI: {'singh', 'connolly'} (ui={'arya'}, cb={'singh', 'connolly'}) | FOW_COUNT: ui=0 vs wickets=1 | BOWL_O: ui=1.5 cb=2

[19:48:23  iter#48]
  UI: Punjab Kings 37-1 (2.5)  str=None nstr=Priyansh Arya  bowl=Jofra Archer 1-12 (1.5)
  this_over=['4', '.', '.', '4', 'W']  fow=0 (unk=0)  last_fow=None
  delivery: len=good_length line=outside_off shot=in_the_air [layer2]
  extras: this_over=0 innings=0 [w0/nb0/b0/lb0]
  CB: PBKS 37-1 (3.1)  crr=11.68  ps=0(2)  recent=0
  CB BAT: Prabhsimran Singh* 4(7), Cooper Connolly 0(1)
  CB BOWL: Jofra Archer 1-12 (2)
  LAST WKT: Priyansh Arya  c Nandre Burger b Jofra Archer 29(11)  - 37/1 in 2.5 ov.
  ⚠ DIVERGENCE: OVERS: ui=2.5 cb=3.1 | BATTERS_MISSING_IN_UI: {'singh', 'connolly'} (ui={'arya'}, cb={'singh', 'connolly'}) | FOW_COUNT: ui=0 vs wickets=1 | BOWL_O: ui=1.5 cb=2

[19:48:47  iter#49]
  UI: Punjab Kings 37-1 (2.5)  str=None nstr=Priyansh Arya  bowl=Jofra Archer 1-12 (1.5)
  this_over=['4', '.', '.', '4', 'W']  fow=0 (unk=0)  last_fow=None
  delivery: len=good_length line=outside_off shot=in_the_air [layer2]
  extras: this_over=0 innings=0 [w0/nb0/b0/lb0]
  CB: PBKS 39-1 (3.2)  crr=11.7  ps=2(3)  recent=0 2
  CB BAT: Prabhsimran Singh* 6(8), Cooper Connolly 0(1)
  CB BOWL: Jofra Archer 1-12 (2)
  LAST WKT: Priyansh Arya  c Nandre Burger b Jofra Archer 29(11)  - 37/1 in 2.5 ov.
  ⚠ DIVERGENCE: SCORE: ui=37 cb=39 | OVERS: ui=2.5 cb=3.2 | BATTERS_MISSING_IN_UI: {'singh', 'connolly'} (ui={'arya'}, cb={'singh', 'connolly'}) | FOW_COUNT: ui=0 vs wickets=1 | BOWL_O: ui=1.5 cb=2

[19:49:11  iter#50]
  UI: Punjab Kings 37-1 (2.5)  str=None nstr=Priyansh Arya  bowl=Jofra Archer 1-12 (1.5)
  this_over=['4', '.', '.', '4', 'W']  fow=0 (unk=0)  last_fow=None
  delivery: len=good_length line=outside_off shot=in_the_air [layer2]
  extras: this_over=0 innings=0 [w0/nb0/b0/lb0]
  CB: PBKS 39-1 (3.3)  crr=11.14  ps=2(4)  recent=0 2 0
  CB BAT: Prabhsimran Singh* 6(9), Cooper Connolly 0(1)
  CB BOWL: Jofra Archer 1-12 (2)
  LAST WKT: Priyansh Arya  c Nandre Burger b Jofra Archer 29(11)  - 37/1 in 2.5 ov.
  ⚠ DIVERGENCE: SCORE: ui=37 cb=39 | OVERS: ui=2.5 cb=3.3 | BATTERS_MISSING_IN_UI: {'singh', 'connolly'} (ui={'arya'}, cb={'singh', 'connolly'}) | FOW_COUNT: ui=0 vs wickets=1 | BOWL_O: ui=1.5 cb=2

[19:49:33  iter#51]
  UI: Punjab Kings 37-1 (2.5)  str=None nstr=Priyansh Arya  bowl=Jofra Archer 1-12 (1.5)
  this_over=['4', '.', '.', '4', 'W']  fow=0 (unk=0)  last_fow=None
  delivery: len=good_length line=outside_off shot=in_the_air [layer2]
  extras: this_over=0 innings=0 [w0/nb0/b0/lb0]
  CB: PBKS 39-1 (3.3)  crr=11.14  ps=2(4)  recent=0 2 0
  CB BAT: Prabhsimran Singh* 6(9), Cooper Connolly 0(1)
  CB BOWL: Jofra Archer 1-12 (2)
  LAST WKT: Priyansh Arya  c Nandre Burger b Jofra Archer 29(11)  - 37/1 in 2.5 ov.
  ⚠ DIVERGENCE: SCORE: ui=37 cb=39 | OVERS: ui=2.5 cb=3.3 | BATTERS_MISSING_IN_UI: {'singh', 'connolly'} (ui={'arya'}, cb={'singh', 'connolly'}) | FOW_COUNT: ui=0 vs wickets=1 | BOWL_O: ui=1.5 cb=2

[19:49:54  iter#52]
  UI: Punjab Kings 43-1 (3.4)  str=Prabhsimran Singh nstr=None  bowl=Nandre Burger 0-16 (1.5)
  this_over=['4', '.', '.', 'W', '4']  fow=1 (unk=0)  last_fow={'wicket': 1, 'batter': 'Priyansh Arya', 'score': 43, 'overs': '3.4', 'bowler': 'Jofra Archer', 'how': None, '_unwitnessed': False}
  delivery: len=good_length line=outside_off shot=in_the_air [layer2]
  extras: this_over=0 innings=0 [w0/nb0/b0/lb0]
  CB: PBKS 43-1 (3.4)  crr=11.73  ps=6(5)  recent=0 2 0 4
  CB BAT: Prabhsimran Singh* 10(10), Cooper Connolly 0(1)
  CB BOWL: Jofra Archer 1-12 (2)
  LAST WKT: Priyansh Arya  c Nandre Burger b Jofra Archer 29(11)  - 37/1 in 2.5 ov.
  ⚠ DIVERGENCE: BATTERS_MISSING_IN_UI: {'connolly'} (ui={'singh'}, cb={'singh', 'connolly'}) | BAT_singh: ui=29(11) cb=10(10) | BAT_connolly: ui=0(0) cb=0(1) | BOWLER: ui=Nandre Burger cb=Jofra Archer

[19:50:15  iter#53]
  UI: Punjab Kings 43-1 (3.4)  str=Prabhsimran Singh nstr=Cooper Connolly  bowl=Nandre Burger 0-16 (1.5)
  this_over=['?', '?', '?', '?']  fow=1 (unk=0)  last_fow={'wicket': 1, 'batter': 'Priyansh Arya', 'score': 43, 'overs': '3.4', 'bowler': 'Jofra Archer', 'how': None, '_unwitnessed': False}
  delivery: len=good_length line=outside_off shot=in_the_air [layer2]
  extras: this_over=0 innings=6 [w0/nb0/b0/lb0]
  CB: PBKS 43-1 (3.4)  crr=11.73  ps=6(5)  recent=0 2 0 4
  CB BAT: Prabhsimran Singh* 10(10), Cooper Connolly 0(1)
  CB BOWL: Jofra Archer 1-12 (2)
  LAST WKT: Priyansh Arya  c Nandre Burger b Jofra Archer 29(11)  - 37/1 in 2.5 ov.
  ⚠ DIVERGENCE: BAT_singh: ui=29(11) cb=10(10) | BOWLER: ui=Nandre Burger cb=Jofra Archer

[19:50:36  iter#54]
  UI: Punjab Kings 47-1 (3.5)  str=Prabhsimran Singh nstr=Cooper Connolly  bowl=Nandre Burger 0-16 (1.5)
  this_over=['?', '?', '?', '?', '4']  fow=1 (unk=0)  last_fow={'wicket': 1, 'batter': 'Priyansh Arya', 'score': 43, 'overs': '3.4', 'bowler': 'Jofra Archer', 'how': None, '_unwitnessed': False}
  delivery: len=good_length line=outside_off shot=in_the_air [layer2]
  extras: this_over=0 innings=25 [w0/nb0/b0/lb0]
  CB: PBKS 47-1 (3.5)  crr=12.26  ps=10(6)  recent=0 2 0 4 4
  CB BAT: Prabhsimran Singh* 14(11), Cooper Connolly 0(1)
  CB BOWL: Jofra Archer 1-12 (2)
  LAST WKT: Priyansh Arya  c Nandre Burger b Jofra Archer 29(11)  - 37/1 in 2.5 ov.
  ⚠ DIVERGENCE: BOWLER: ui=Nandre Burger cb=Jofra Archer

[19:50:57  iter#55]
  UI: Punjab Kings 47-1 (3.5)  str=Prabhsimran Singh nstr=Cooper Connolly  bowl=Nandre Burger 0-16 (1.5)
  this_over=['?', '?', '?', '?', '4']  fow=1 (unk=0)  last_fow={'wicket': 1, 'batter': 'Priyansh Arya', 'score': 43, 'overs': '3.4', 'bowler': 'Jofra Archer', 'how': None, '_unwitnessed': False}
  delivery: len=short_of_length line=leg_stump shot=in_the_air [layer2]
  extras: this_over=0 innings=25 [w0/nb0/b0/lb0]
  CB: PBKS 47-1 (3.5)  crr=12.26  ps=10(6)  recent=0 2 0 4 4
  CB BAT: Prabhsimran Singh* 14(11), Cooper Connolly 0(1)
  CB BOWL: Jofra Archer 1-12 (2)
  LAST WKT: Priyansh Arya  c Nandre Burger b Jofra Archer 29(11)  - 37/1 in 2.5 ov.
  ⚠ DIVERGENCE: BOWLER: ui=Nandre Burger cb=Jofra Archer

[19:51:20  iter#56]
  UI: Punjab Kings 48-1 (4.0)  str=Prabhsimran Singh nstr=Cooper Connolly  bowl=Nandre Burger 0-16 (2)
  this_over=['4', '1']  fow=1 (unk=0)  last_fow={'wicket': 1, 'batter': 'Priyansh Arya', 'score': 43, 'overs': '3.4', 'bowler': 'Jofra Archer', 'how': None, '_unwitnessed': False}
  delivery: len=short_of_length line=leg_stump shot=in_the_air [layer2]
  extras: this_over=0 innings=25 [w0/nb0/b0/lb0]
  CB: PBKS 48-1 (4)  crr=12.0  ps=11(7)  recent=0 2 0 4 4 1
  CB BAT: Prabhsimran Singh* 15(12), Cooper Connolly 0(1)
  CB BOWL: Nandre Burger 0-32 (2)
  LAST WKT: Priyansh Arya  c Nandre Burger b Jofra Archer 29(11)  - 37/1 in 2.5 ov.
  ⚠ DIVERGENCE: OVERS: ui=4.0 cb=4 | BOWL_R: ui=16 cb=32

[19:51:43  iter#57]
  UI: Punjab Kings 48-1 (4.0)  str=Prabhsimran Singh nstr=Cooper Connolly  bowl=Nandre Burger 0-16 (2)
  this_over=['4', '1']  fow=1 (unk=0)  last_fow={'wicket': 1, 'batter': 'Priyansh Arya', 'score': 43, 'overs': '3.4', 'bowler': 'Jofra Archer', 'how': None, '_unwitnessed': False}
  delivery: len=short_of_length line=leg_stump shot=in_the_air [layer2]
  extras: this_over=0 innings=25 [w0/nb0/b0/lb0]
  CB: PBKS 48-1 (4)  crr=12.0  ps=11(7)  recent=0 2 0 4 4 1
  CB BAT: Prabhsimran Singh* 15(12), Cooper Connolly 0(1)
  CB BOWL: Nandre Burger 0-32 (2)
  LAST WKT: Priyansh Arya  c Nandre Burger b Jofra Archer 29(11)  - 37/1 in 2.5 ov.
  ⚠ DIVERGENCE: OVERS: ui=4.0 cb=4 | BOWL_R: ui=16 cb=32

[19:52:04  iter#58]
  UI: Punjab Kings 48-1 (4.0)  str=Prabhsimran Singh nstr=Cooper Connolly  bowl=Nandre Burger 0-16 (2)
  this_over=['4', '1']  fow=1 (unk=0)  last_fow={'wicket': 1, 'batter': 'Priyansh Arya', 'score': 43, 'overs': '3.4', 'bowler': 'Jofra Archer', 'how': None, '_unwitnessed': False}
  delivery: len=good_length line=leg_stump shot=in_the_air [layer2]
  extras: this_over=0 innings=25 [w0/nb0/b0/lb0]
  CB: PBKS 48-1 (4)  crr=12.0  ps=11(7)  recent=...
  CB BAT: Prabhsimran Singh* 15(12), Cooper Connolly 0(1)
  CB BOWL: Nandre Burger 0-32 (2)
  LAST WKT: Priyansh Arya  c Nandre Burger b Jofra Archer 29(11)  - 37/1 in 2.5 ov.
  ⚠ DIVERGENCE: OVERS: ui=4.0 cb=4 | BOWL_R: ui=16 cb=32

[19:52:29  iter#59]
  UI: Punjab Kings 48-1 (4.0)  str=Prabhsimran Singh nstr=Cooper Connolly  bowl=Brijesh Sharma 0-0 (0)
  this_over=['4', '1']  fow=1 (unk=0)  last_fow={'wicket': 1, 'batter': 'Priyansh Arya', 'score': 43, 'overs': '3.4', 'bowler': 'Jofra Archer', 'how': None, '_unwitnessed': False}
  delivery: len=good_length line=leg_stump shot=in_the_air [layer2]
  extras: this_over=0 innings=25 [w0/nb0/b0/lb0]
  CB: PBKS 48-1 (4.1)  crr=11.52  ps=11(8)  recent=0
  CB BAT: Prabhsimran Singh* 15(13), Cooper Connolly 0(1)
  CB BOWL: Nandre Burger 0-32 (2)
  LAST WKT: Priyansh Arya  c Nandre Burger b Jofra Archer 29(11)  - 37/1 in 2.5 ov.
  ⚠ DIVERGENCE: OVERS: ui=4.0 cb=4.1 | BAT_singh: ui=15(12) cb=15(13) | BOWLER: ui=Brijesh Sharma cb=Nandre Burger

[19:52:51  iter#60]
  UI: Punjab Kings 48-1 (4.1)  str=Prabhsimran Singh nstr=Cooper Connolly  bowl=Brijesh Sharma 0-0 (0.1)
  this_over=['.']  fow=1 (unk=0)  last_fow={'wicket': 1, 'batter': 'Priyansh Arya', 'score': 43, 'overs': '3.4', 'bowler': 'Jofra Archer', 'how': None, '_unwitnessed': False}
  delivery: len=good_length line=leg_stump shot=in_the_air [layer2]
  extras: this_over=0 innings=25 [w0/nb0/b0/lb0]
  CB: PBKS 48-1 (4.1)  crr=11.52  ps=11(8)  recent=0
  CB BAT: Prabhsimran Singh* 15(13), Cooper Connolly 0(1)
  CB BOWL: Nandre Burger 0-32 (2)
  LAST WKT: Priyansh Arya  c Nandre Burger b Jofra Archer 29(11)  - 37/1 in 2.5 ov.
  ⚠ DIVERGENCE: BOWLER: ui=Brijesh Sharma cb=Nandre Burger

[19:53:11  iter#61]
  UI: Punjab Kings 49-1 (4.2)  str=Prabhsimran Singh nstr=Cooper Connolly  bowl=Brijesh Sharma 0-0 (0.2)
  this_over=['.', '1']  fow=1 (unk=0)  last_fow={'wicket': 1, 'batter': 'Priyansh Arya', 'score': 43, 'overs': '3.4', 'bowler': 'Jofra Archer', 'how': None, '_unwitnessed': False}
  delivery: len=short_of_length line=leg_stump shot=in_the_air [layer2]
  extras: this_over=0 innings=25 [w0/nb0/b0/lb0]
  CB: PBKS 49-1 (4.2)  crr=11.31  ps=12(9)  recent=0 1
  CB BAT: Cooper Connolly* 0(1), Prabhsimran Singh 16(14)
  CB BOWL: Nandre Burger 0-32 (2)
  LAST WKT: Priyansh Arya  c Nandre Burger b Jofra Archer 29(11)  - 37/1 in 2.5 ov.
  ⚠ DIVERGENCE: STRIKER: ui=Prabhsimran Singh cb=Cooper Connolly | BOWLER: ui=Brijesh Sharma cb=Nandre Burger

[19:53:33  iter#62]
  UI: Punjab Kings 49-1 (4.2)  str=Prabhsimran Singh nstr=Cooper Connolly  bowl=Brijesh Sharma 1-1 (0.2)
  this_over=['.', '1']  fow=1 (unk=0)  last_fow={'wicket': 1, 'batter': 'Priyansh Arya', 'score': 43, 'overs': '3.4', 'bowler': 'Jofra Archer', 'how': None, '_unwitnessed': False}
  delivery: len=short_of_length line=leg_stump shot=in_the_air [layer2]
  extras: this_over=0 innings=25 [w0/nb0/b0/lb0]
  CB: PBKS 49-1 (4.3)  crr=10.89  ps=12(10)  recent=0 1 0
  CB BAT: Cooper Connolly* 0(2), Prabhsimran Singh 16(14)
  CB BOWL: Nandre Burger 0-32 (2)
  LAST WKT: Priyansh Arya  c Nandre Burger b Jofra Archer 29(11)  - 37/1 in 2.5 ov.
  ⚠ DIVERGENCE: OVERS: ui=4.2 cb=4.3 | STRIKER: ui=Prabhsimran Singh cb=Cooper Connolly | BAT_connolly: ui=0(1) cb=0(2) | BOWLER: ui=Brijesh Sharma cb=Nandre Burger

[19:53:58  iter#63]
  WS ERR: ''
  CB: PBKS 49-1 (4.3)  crr=10.89  ps=12(10)  recent=0 1 0
  CB BAT: Cooper Connolly* 0(2), Prabhsimran Singh 16(14)
  CB BOWL: Nandre Burger 0-32 (2)
  LAST WKT: Priyansh Arya  c Nandre Burger b Jofra Archer 29(11)  - 37/1 in 2.5 ov.
  ⚠ DIVERGENCE: BATTERS_MISSING_IN_UI: {'connolly', 'singh'} (ui=set(), cb={'connolly', 'singh'}) | BOWLER: ui=None cb=Nandre Burger

[19:54:19  iter#64]
  UI: Punjab Kings 49-1 (4.3)  str=Prabhsimran Singh nstr=Cooper Connolly  bowl=Brijesh Sharma 1-1 (0.3)
  this_over=['.', '1', '.']  fow=1 (unk=0)  last_fow={'wicket': 1, 'batter': 'Priyansh Arya', 'score': 43, 'overs': '3.4', 'bowler': 'Jofra Archer', 'how': None, '_unwitnessed': False}
  delivery: len=short_of_length line=leg_stump shot=in_the_air [layer2]
  extras: this_over=0 innings=25 [w0/nb0/b0/lb0]
  CB: PBKS 49-1 (4.4)  crr=10.5  ps=12(11)  recent=0 1 0 0
  CB BAT: Cooper Connolly* 0(3), Prabhsimran Singh 16(14)
  CB BOWL: Nandre Burger 0-32 (2)
  LAST WKT: Priyansh Arya  c Nandre Burger b Jofra Archer 29(11)  - 37/1 in 2.5 ov.
  ⚠ DIVERGENCE: OVERS: ui=4.3 cb=4.4 | STRIKER: ui=Prabhsimran Singh cb=Cooper Connolly | BAT_connolly: ui=0(2) cb=0(3) | BOWLER: ui=Brijesh Sharma cb=Nandre Burger

[19:54:39  iter#65]
  UI: Punjab Kings 49-1 (4.3)  str=Prabhsimran Singh nstr=Cooper Connolly  bowl=Brijesh Sharma 1-1 (0.3)
  this_over=['.', '1', '.']  fow=1 (unk=0)  last_fow={'wicket': 1, 'batter': 'Priyansh Arya', 'score': 43, 'overs': '3.4', 'bowler': 'Jofra Archer', 'how': None, '_unwitnessed': False}
  delivery: len=short_of_length line=leg_stump shot=in_the_air [layer2]
  extras: this_over=0 innings=25 [w0/nb0/b0/lb0]
  CB: PBKS 49-1 (4.4)  crr=10.5  ps=12(11)  recent=0 1 0 0
  CB BAT: Cooper Connolly* 0(3), Prabhsimran Singh 16(14)
  CB BOWL: Nandre Burger 0-32 (2)
  LAST WKT: Priyansh Arya  c Nandre Burger b Jofra Archer 29(11)  - 37/1 in 2.5 ov.
  ⚠ DIVERGENCE: OVERS: ui=4.3 cb=4.4 | STRIKER: ui=Prabhsimran Singh cb=Cooper Connolly | BAT_connolly: ui=0(2) cb=0(3) | BOWLER: ui=Brijesh Sharma cb=Nandre Burger

[19:55:01  iter#66]
  UI: Punjab Kings 49-1 (4.4)  str=Prabhsimran Singh nstr=Cooper Connolly  bowl=Brijesh Sharma 1-1 (0.4)
  this_over=['.', '1', '.', '.']  fow=1 (unk=0)  last_fow={'wicket': 1, 'batter': 'Priyansh Arya', 'score': 43, 'overs': '3.4', 'bowler': 'Jofra Archer', 'how': None, '_unwitnessed': False}
  delivery: len=short_of_length line=leg_stump shot=in_the_air [layer2]
  extras: this_over=0 innings=25 [w0/nb0/b0/lb0]
  CB: PBKS 49-1 (4.4)  crr=10.5  ps=12(11)  recent=0 1 0 0
  CB BAT: Cooper Connolly* 0(3), Prabhsimran Singh 16(14)
  CB BOWL: Nandre Burger 0-32 (2)
  LAST WKT: Priyansh Arya  c Nandre Burger b Jofra Archer 29(11)  - 37/1 in 2.5 ov.
  ⚠ DIVERGENCE: STRIKER: ui=Prabhsimran Singh cb=Cooper Connolly | BOWLER: ui=Brijesh Sharma cb=Nandre Burger

[19:55:24  iter#67]
  UI: Punjab Kings 50-1 (4.4)  str=Prabhsimran Singh nstr=Cooper Connolly  bowl=Brijesh Sharma 1-2 (1)
  this_over=['.', '1', '.', '.', 'Wd']  fow=1 (unk=0)  last_fow={'wicket': 1, 'batter': 'Priyansh Arya', 'score': 43, 'overs': '3.4', 'bowler': 'Jofra Archer', 'how': None, '_unwitnessed': False}
  delivery: len=short_of_length line=leg_stump shot=in_the_air [layer2]
  extras: this_over=1 innings=26 [w1/nb0/b0/lb0]
  extras_log: [{'over': '4.4', 'type': 'wide', 'runs': 1, 'this_over_after': []}]
  CB: PBKS 50-1 (4.4)  crr=10.71  ps=13(11)  recent=0 1 0 0 W
  CB BAT: Cooper Connolly* 0(3), Prabhsimran Singh 16(14)
  CB BOWL: Nandre Burger 0-32 (2)
  LAST WKT: Priyansh Arya  c Nandre Burger b Jofra Archer 29(11)  - 37/1 in 2.5 ov.
  ⚠ DIVERGENCE: STRIKER: ui=Prabhsimran Singh cb=Cooper Connolly | BOWLER: ui=Brijesh Sharma cb=Nandre Burger

[19:55:45  iter#68]
  UI: Punjab Kings 50-1 (4.4)  str=Prabhsimran Singh nstr=Cooper Connolly  bowl=Brijesh Sharma 1-2 (1)
  this_over=['.', '1', '.', '.', 'Wd']  fow=1 (unk=0)  last_fow={'wicket': 1, 'batter': 'Priyansh Arya', 'score': 43, 'overs': '3.4', 'bowler': 'Jofra Archer', 'how': None, '_unwitnessed': False}
  delivery: len=short_of_length line=leg_stump shot=in_the_air [layer2]
  extras: this_over=1 innings=26 [w1/nb0/b0/lb0]
  extras_log: [{'over': '4.4', 'type': 'wide', 'runs': 1, 'this_over_after': []}]
  CB: PBKS 51-1 (4.5)  crr=10.55  ps=14(12)  recent=0 1 0 0 W
  CB BAT: Prabhsimran Singh* 16(14), Cooper Connolly 1(4)
  CB BOWL: Nandre Burger 0-32 (2)
  LAST WKT: Priyansh Arya  c Nandre Burger b Jofra Archer 29(11)  - 37/1 in 2.5 ov.
  ⚠ DIVERGENCE: SCORE: ui=50 cb=51 | OVERS: ui=4.4 cb=4.5 | BAT_connolly: ui=0(3) cb=1(4) | BOWLER: ui=Brijesh Sharma cb=Nandre Burger

[19:56:06  iter#69]
  UI: Punjab Kings 50-1 (4.4)  str=Prabhsimran Singh nstr=Cooper Connolly  bowl=Brijesh Sharma 1-2 (1)
  this_over=['.', '1', '.', '.', 'Wd']  fow=1 (unk=0)  last_fow={'wicket': 1, 'batter': 'Priyansh Arya', 'score': 43, 'overs': '3.4', 'bowler': 'Jofra Archer', 'how': None, '_unwitnessed': False}
  delivery: len=short_of_length line=leg_stump shot=in_the_air [layer2]
  extras: this_over=1 innings=26 [w1/nb0/b0/lb0]
  extras_log: [{'over': '4.4', 'type': 'wide', 'runs': 1, 'this_over_after': []}]
  CB: PBKS 51-1 (4.5)  crr=10.55  ps=14(12)  recent=0 1 0 0 W
  CB BAT: Prabhsimran Singh* 16(14), Cooper Connolly 1(4)
  CB BOWL: Nandre Burger 0-32 (2)
  LAST WKT: Priyansh Arya  c Nandre Burger b Jofra Archer 29(11)  - 37/1 in 2.5 ov.
  ⚠ DIVERGENCE: SCORE: ui=50 cb=51 | OVERS: ui=4.4 cb=4.5 | BAT_connolly: ui=0(3) cb=1(4) | BOWLER: ui=Brijesh Sharma cb=Nandre Burger

[19:56:29  iter#70]
  UI: Punjab Kings 52-1 (5.0)  str=Prabhsimran Singh nstr=Cooper Connolly  bowl=Brijesh Sharma 1-3 (1.1)
  this_over=['.', '1', '.', '.', 'Wd', '1', '1']  fow=1 (unk=0)  last_fow={'wicket': 1, 'batter': 'Priyansh Arya', 'score': 43, 'overs': '3.4', 'bowler': 'Jofra Archer', 'how': None, '_unwitnessed': False}
  delivery: len=short_of_length line=leg_stump shot=in_the_air [layer2]
  extras: this_over=1 innings=26 [w1/nb0/b0/lb0]
  extras_log: [{'over': '4.4', 'type': 'wide', 'runs': 1, 'this_over_after': []}]
  CB: PBKS 52-1 (5)  crr=10.4  ps=15(13)  recent=0 1 0 0 W
  CB BAT: Prabhsimran Singh* 17(15), Cooper Connolly 1(4)
  CB BOWL: Brijesh Sharma 0-4 (1)
  LAST WKT: Priyansh Arya  c Nandre Burger b Jofra Archer 29(11)  - 37/1 in 2.5 ov.
  ⚠ DIVERGENCE: OVERS: ui=5.0 cb=5 | BOWL_W: ui=1 cb=0 | BOWL_R: ui=3 cb=4 | BOWL_O: ui=1.1 cb=1

[19:56:53  iter#71]
  WS ERR: ''
  CB: PBKS 52-1 (5)  crr=10.4  ps=15(13)  recent=0 1 0 0 W
  CB BAT: Prabhsimran Singh* 17(15), Cooper Connolly 1(4)
  CB BOWL: Brijesh Sharma 0-4 (1)
  LAST WKT: Priyansh Arya  c Nandre Burger b Jofra Archer 29(11)  - 37/1 in 2.5 ov.
  ⚠ DIVERGENCE: BATTERS_MISSING_IN_UI: {'singh', 'connolly'} (ui=set(), cb={'singh', 'connolly'}) | BOWLER: ui=None cb=Brijesh Sharma

[19:57:16  iter#72]
  UI: Punjab Kings 52-1 (5.0)  str=Prabhsimran Singh nstr=Cooper Connolly  bowl=Nandre Burger 0-32 (2)
  this_over=['.', '1', '.', '.', 'Wd', '1', '1']  fow=1 (unk=0)  last_fow={'wicket': 1, 'batter': 'Priyansh Arya', 'score': 43, 'overs': '3.4', 'bowler': 'Jofra Archer', 'how': None, '_unwitnessed': False}
  delivery: len=short_of_length line=outside_off shot=in_the_air [layer2]
  extras: this_over=1 innings=26 [w1/nb0/b0/lb0]
  extras_log: [{'over': '4.4', 'type': 'wide', 'runs': 1, 'this_over_after': []}]
  CB: PBKS 52-1 (5)  crr=10.4  ps=15(13)  recent=0 1 0 0 W
  CB BAT: Prabhsimran Singh* 17(15), Cooper Connolly 1(4)
  CB BOWL: Brijesh Sharma 0-4 (1)
  LAST WKT: Priyansh Arya  c Nandre Burger b Jofra Archer 29(11)  - 37/1 in 2.5 ov.
  ⚠ DIVERGENCE: OVERS: ui=5.0 cb=5 | BOWLER: ui=Nandre Burger cb=Brijesh Sharma

[19:57:36  iter#73]
  UI: Punjab Kings 58-1 (5.1)  str=Prabhsimran Singh nstr=Cooper Connolly  bowl=Nandre Burger 0-38 (2.1)
  this_over=['6']  fow=1 (unk=0)  last_fow={'wicket': 1, 'batter': 'Priyansh Arya', 'score': 43, 'overs': '3.4', 'bowler': 'Jofra Archer', 'how': None, '_unwitnessed': False}
  delivery: len=short_of_length line=outside_off shot=in_the_air [layer2]
  extras: this_over=1 innings=26 [w1/nb0/b0/lb0]
  extras_log: [{'over': '4.4', 'type': 'wide', 'runs': 1, 'this_over_after': []}]
  CB: PBKS 52-1 (5)  crr=10.4  ps=15(13)  recent=...
  CB BAT: Prabhsimran Singh* 17(15), Cooper Connolly 1(4)
  CB BOWL: Brijesh Sharma 0-4 (1)
  LAST WKT: Priyansh Arya  c Nandre Burger b Jofra Archer 29(11)  - 37/1 in 2.5 ov.
  ⚠ DIVERGENCE: SCORE: ui=58 cb=52 | OVERS: ui=5.1 cb=5 | BAT_singh: ui=23(16) cb=17(15) | BOWLER: ui=Nandre Burger cb=Brijesh Sharma

[19:58:00  iter#74]
  UI: Punjab Kings 58-1 (5.1)  str=Prabhsimran Singh nstr=Cooper Connolly  bowl=Nandre Burger 0-38 (2.1)
  this_over=['6']  fow=1 (unk=0)  last_fow={'wicket': 1, 'batter': 'Priyansh Arya', 'score': 43, 'overs': '3.4', 'bowler': 'Jofra Archer', 'how': None, '_unwitnessed': False}
  delivery: len=good_length line=leg_stump shot=in_the_air [layer2]
  extras: this_over=1 innings=26 [w1/nb0/b0/lb0]
  extras_log: [{'over': '4.4', 'type': 'wide', 'runs': 1, 'this_over_after': []}]
  CB: PBKS 52-1 (5)  crr=10.4  ps=15(13)  recent=...
  CB BAT: Prabhsimran Singh* 17(15), Cooper Connolly 1(4)
  CB BOWL: Brijesh Sharma 0-4 (1)
  LAST WKT: Priyansh Arya  c Nandre Burger b Jofra Archer 29(11)  - 37/1 in 2.5 ov.
  ⚠ DIVERGENCE: SCORE: ui=58 cb=52 | OVERS: ui=5.1 cb=5 | BAT_singh: ui=23(16) cb=17(15) | BOWLER: ui=Nandre Burger cb=Brijesh Sharma

[19:58:21  iter#75]
  UI: Punjab Kings 59-1 (5.2)  str=Prabhsimran Singh nstr=Cooper Connolly  bowl=Nandre Burger 0-38 (2.1)
  this_over=['6', '1']  fow=1 (unk=0)  last_fow={'wicket': 1, 'batter': 'Priyansh Arya', 'score': 43, 'overs': '3.4', 'bowler': 'Jofra Archer', 'how': None, '_unwitnessed': False}
  delivery: len=good_length line=leg_stump shot=in_the_air [layer2]
  extras: this_over=1 innings=26 [w1/nb0/b0/lb0]
  extras_log: [{'over': '4.4', 'type': 'wide', 'runs': 1, 'this_over_after': []}]
  CB: PBKS 52-1 (5)  crr=10.4  ps=15(13)  recent=...
  CB BAT: Prabhsimran Singh* 17(15), Cooper Connolly 1(4)
  CB BOWL: Brijesh Sharma 0-4 (1)
  LAST WKT: Priyansh Arya  c Nandre Burger b Jofra Archer 29(11)  - 37/1 in 2.5 ov.
  ⚠ DIVERGENCE: SCORE: ui=59 cb=52 | OVERS: ui=5.2 cb=5 | BAT_singh: ui=24(17) cb=17(15) | BOWLER: ui=Nandre Burger cb=Brijesh Sharma

[19:58:41  iter#76]
  UI: Punjab Kings 59-1 (5.2)  str=Prabhsimran Singh nstr=Cooper Connolly  bowl=Nandre Burger 0-39 (2.2)
  this_over=['6', '1']  fow=1 (unk=0)  last_fow={'wicket': 1, 'batter': 'Priyansh Arya', 'score': 43, 'overs': '3.4', 'bowler': 'Jofra Archer', 'how': None, '_unwitnessed': False}
  delivery: len=short_of_length line=leg_stump shot=in_the_air [layer2]
  extras: this_over=1 innings=26 [w1/nb0/b0/lb0]
  extras_log: [{'over': '4.4', 'type': 'wide', 'runs': 1, 'this_over_after': []}]
  CB: PBKS 52-1 (5)  crr=10.4  ps=15(13)  recent=...
  CB BAT: Prabhsimran Singh* 17(15), Cooper Connolly 1(4)
  CB BOWL: Brijesh Sharma 0-4 (1)
  LAST WKT: Priyansh Arya  c Nandre Burger b Jofra Archer 29(11)  - 37/1 in 2.5 ov.
  ⚠ DIVERGENCE: SCORE: ui=59 cb=52 | OVERS: ui=5.2 cb=5 | BAT_singh: ui=24(17) cb=17(15) | BOWLER: ui=Nandre Burger cb=Brijesh Sharma

[19:59:03  iter#77]
  UI: Punjab Kings 60-1 (5.3)  str=Prabhsimran Singh nstr=Cooper Connolly  bowl=Nandre Burger 0-40 (2.3)
  this_over=['6', '1', '1']  fow=1 (unk=0)  last_fow={'wicket': 1, 'batter': 'Priyansh Arya', 'score': 43, 'overs': '3.4', 'bowler': 'Jofra Archer', 'how': None, '_unwitnessed': False}
  delivery: len=short_of_length line=leg_stump shot=in_the_air [layer2]
  extras: this_over=1 innings=26 [w1/nb0/b0/lb0]
  extras_log: [{'over': '4.4', 'type': 'wide', 'runs': 1, 'this_over_after': []}]
  CB: PBKS 52-1 (5)  crr=10.4  ps=15(13)  recent=0 1 0 0 W
  CB BAT: Prabhsimran Singh* 17(15), Cooper Connolly 1(4)
  CB BOWL: Brijesh Sharma 0-4 (1)
  LAST WKT: Priyansh Arya  c Nandre Burger b Jofra Archer 29(11)  - 37/1 in 2.5 ov.
  ⚠ DIVERGENCE: SCORE: ui=60 cb=52 | OVERS: ui=5.3 cb=5 | BAT_singh: ui=24(17) cb=17(15) | BAT_connolly: ui=2(5) cb=1(4) | BOWLER: ui=Nandre Burger cb=Brijesh Sharma

[19:59:27  iter#78]
  WS ERR: ''
  CB: PBKS 60-1 (5.4)  crr=10.59  ps=23(17)  recent=6 1 1 0
  CB BAT: Prabhsimran Singh* 24(18), Cooper Connolly 2(5)
  CB BOWL: Brijesh Sharma 0-4 (1)
  LAST WKT: Priyansh Arya  c Nandre Burger b Jofra Archer 29(11)  - 37/1 in 2.5 ov.
  ⚠ DIVERGENCE: BATTERS_MISSING_IN_UI: {'singh', 'connolly'} (ui=set(), cb={'singh', 'connolly'}) | BOWLER: ui=None cb=Brijesh Sharma

[19:59:47  iter#79]
  UI: Punjab Kings 60-1 (5.4)  str=Prabhsimran Singh nstr=Cooper Connolly  bowl=Nandre Burger 0-40 (2.4)
  this_over=['6', '1', '1', '.']  fow=1 (unk=0)  last_fow={'wicket': 1, 'batter': 'Priyansh Arya', 'score': 43, 'overs': '3.4', 'bowler': 'Jofra Archer', 'how': None, '_unwitnessed': False}
  delivery: len=short_of_length line=leg_stump shot=in_the_air [layer2]
  extras: this_over=1 innings=26 [w1/nb0/b0/lb0]
  extras_log: [{'over': '4.4', 'type': 'wide', 'runs': 1, 'this_over_after': []}]
  CB: PBKS 61-1 (5.5)  crr=10.46  ps=24(18)  recent=6 1 1 0 1
  CB BAT: Cooper Connolly* 2(5), Prabhsimran Singh 25(19)
  CB BOWL: Brijesh Sharma 0-4 (1)
  LAST WKT: Priyansh Arya  c Nandre Burger b Jofra Archer 29(11)  - 37/1 in 2.5 ov.
  ⚠ DIVERGENCE: SCORE: ui=60 cb=61 | OVERS: ui=5.4 cb=5.5 | STRIKER: ui=Prabhsimran Singh cb=Cooper Connolly | BAT_singh: ui=24(18) cb=25(19) | BOWLER: ui=Nandre Burger cb=Brijesh Sharma

[20:00:10  iter#80]
  UI: Punjab Kings 61-1 (5.5)  str=Prabhsimran Singh nstr=Cooper Connolly  bowl=Nandre Burger 0-41 (2.5)
  this_over=['6', '1', '1', '.', '1']  fow=1 (unk=0)  last_fow={'wicket': 1, 'batter': 'Priyansh Arya', 'score': 43, 'overs': '3.4', 'bowler': 'Jofra Archer', 'how': None, '_unwitnessed': False}
  delivery: len=short_of_length line=leg_stump shot=in_the_air [layer2]
  extras: this_over=1 innings=26 [w1/nb0/b0/lb0]
  extras_log: [{'over': '4.4', 'type': 'wide', 'runs': 1, 'this_over_after': []}]
  CB: PBKS 61-1 (5.5)  crr=10.46  ps=24(18)  recent=6 1 1 0 1
  CB BAT: Cooper Connolly* 2(5), Prabhsimran Singh 25(19)
  CB BOWL: Brijesh Sharma 0-4 (1)
  LAST WKT: Priyansh Arya  c Nandre Burger b Jofra Archer 29(11)  - 37/1 in 2.5 ov.
  ⚠ DIVERGENCE: STRIKER: ui=Prabhsimran Singh cb=Cooper Connolly | BOWLER: ui=Nandre Burger cb=Brijesh Sharma

[20:00:32  iter#81]
  UI: Punjab Kings 61-1 (5.5)  str=Prabhsimran Singh nstr=Cooper Connolly  bowl=Nandre Burger 0-41 (2.5)
  this_over=['6', '1', '1', '.', '1']  fow=1 (unk=0)  last_fow={'wicket': 1, 'batter': 'Priyansh Arya', 'score': 43, 'overs': '3.4', 'bowler': 'Jofra Archer', 'how': None, '_unwitnessed': False}
  delivery: len=short_of_length line=outside_off shot=in_the_air [layer2]
  extras: this_over=1 innings=26 [w1/nb0/b0/lb0]
  extras_log: [{'over': '4.4', 'type': 'wide', 'runs': 1, 'this_over_after': []}]
  CB: PBKS 65-1 (6)  crr=10.83  ps=28(19)  recent=6 1 1 0 1 4
  CB BAT: Prabhsimran Singh* 25(19), Cooper Connolly 6(6)
  CB BOWL: Nandre Burger 0-45 (3)
  LAST WKT: Priyansh Arya  c Nandre Burger b Jofra Archer 29(11)  - 37/1 in 2.5 ov.
  ⚠ DIVERGENCE: SCORE: ui=61 cb=65 | OVERS: ui=5.5 cb=6 | BAT_connolly: ui=2(5) cb=6(6) | BOWL_R: ui=41 cb=45 | BOWL_O: ui=2.5 cb=3

[20:00:53  iter#82]
  UI: Punjab Kings 61-1 (5.5)  str=Prabhsimran Singh nstr=Cooper Connolly  bowl=Nandre Burger 0-41 (2.5)
  this_over=['6', '1', '1', '.', '1']  fow=1 (unk=0)  last_fow={'wicket': 1, 'batter': 'Priyansh Arya', 'score': 43, 'overs': '3.4', 'bowler': 'Jofra Archer', 'how': None, '_unwitnessed': False}
  delivery: len=short_of_length line=outside_off shot=in_the_air [layer2]
  extras: this_over=1 innings=26 [w1/nb0/b0/lb0]
  extras_log: [{'over': '4.4', 'type': 'wide', 'runs': 1, 'this_over_after': []}]
  CB: PBKS 65-1 (6)  crr=10.83  ps=28(19)  recent=6 1 1 0 1 4
  CB BAT: Prabhsimran Singh* 25(19), Cooper Connolly 6(6)
  CB BOWL: Nandre Burger 0-45 (3)
  LAST WKT: Priyansh Arya  c Nandre Burger b Jofra Archer 29(11)  - 37/1 in 2.5 ov.
  ⚠ DIVERGENCE: SCORE: ui=61 cb=65 | OVERS: ui=5.5 cb=6 | BAT_connolly: ui=2(5) cb=6(6) | BOWL_R: ui=41 cb=45 | BOWL_O: ui=2.5 cb=3

[20:01:16  iter#83]
  UI: Punjab Kings 61-1 (5.5)  str=Prabhsimran Singh nstr=Cooper Connolly  bowl=Nandre Burger 0-41 (2.5)
  this_over=['6', '1', '1', '.', '1']  fow=1 (unk=0)  last_fow={'wicket': 1, 'batter': 'Priyansh Arya', 'score': 43, 'overs': '3.4', 'bowler': 'Jofra Archer', 'how': None, '_unwitnessed': False}
  delivery: len=short_of_length line=outside_off shot=in_the_air [layer2]
  extras: this_over=1 innings=26 [w1/nb0/b0/lb0]
  extras_log: [{'over': '4.4', 'type': 'wide', 'runs': 1, 'this_over_after': []}]
  CB: PBKS 65-1 (6)  crr=10.83  ps=28(19)  recent=6 1 1 0 1 4
  CB BAT: Prabhsimran Singh* 25(19), Cooper Connolly 6(6)
  CB BOWL: Nandre Burger 0-45 (3)
  LAST WKT: Priyansh Arya  c Nandre Burger b Jofra Archer 29(11)  - 37/1 in 2.5 ov.
  ⚠ DIVERGENCE: SCORE: ui=61 cb=65 | OVERS: ui=5.5 cb=6 | BAT_connolly: ui=2(5) cb=6(6) | BOWL_R: ui=41 cb=45 | BOWL_O: ui=2.5 cb=3

[20:01:36  iter#84]
  UI: Punjab Kings 65-1 (6.0)  str=Prabhsimran Singh nstr=Cooper Connolly  bowl=Brijesh Sharma 1-3 (1.1)
  this_over=['6', '1', '1', '.', '1', '4']  fow=1 (unk=0)  last_fow={'wicket': 1, 'batter': 'Priyansh Arya', 'score': 43, 'overs': '3.4', 'bowler': 'Jofra Archer', 'how': None, '_unwitnessed': False}
  delivery: len=short_of_length line=outside_off shot=in_the_air [layer2]
  extras: this_over=1 innings=26 [w1/nb0/b0/lb0]
  extras_log: [{'over': '4.4', 'type': 'wide', 'runs': 1, 'this_over_after': []}]
  CB: PBKS 65-1 (6)  crr=10.83  ps=28(19)  recent=...
  CB BAT: Prabhsimran Singh* 25(19), Cooper Connolly 6(6)
  CB BOWL: Nandre Burger 0-45 (3)
  LAST WKT: Priyansh Arya  c Nandre Burger b Jofra Archer 29(11)  - 37/1 in 2.5 ov.
  ⚠ DIVERGENCE: OVERS: ui=6.0 cb=6 | BOWLER: ui=Brijesh Sharma cb=Nandre Burger

[20:01:57  iter#85]
  UI: Punjab Kings 65-1 (6.0)  str=Prabhsimran Singh nstr=Cooper Connolly  bowl=Brijesh Sharma 1-3 (1.1)
  this_over=['6', '1', '1', '.', '1', '4']  fow=1 (unk=0)  last_fow={'wicket': 1, 'batter': 'Priyansh Arya', 'score': 43, 'overs': '3.4', 'bowler': 'Jofra Archer', 'how': None, '_unwitnessed': False}
  delivery: len=good_length line=leg_stump shot=in_the_air [layer2]
  extras: this_over=1 innings=26 [w1/nb0/b0/lb0]
  extras_log: [{'over': '4.4', 'type': 'wide', 'runs': 1, 'this_over_after': []}]
  CB: PBKS 66-1 (6.1)  crr=10.7  ps=29(20)  recent=1
  CB BAT: Cooper Connolly* 6(6), Prabhsimran Singh 26(20)
  CB BOWL: Nandre Burger 0-45 (3)
  LAST WKT: Priyansh Arya  c Nandre Burger b Jofra Archer 29(11)  - 37/1 in 2.5 ov.
  ⚠ DIVERGENCE: SCORE: ui=65 cb=66 | OVERS: ui=6.0 cb=6.1 | STRIKER: ui=Prabhsimran Singh cb=Cooper Connolly | BAT_singh: ui=25(19) cb=26(20) | BOWLER: ui=Brijesh Sharma cb=Nandre Burger

[20:02:21  iter#86]
  WS ERR: ''
  CB: PBKS 72-1 (6.2)  crr=11.37  ps=35(21)  recent=1 6
  CB BAT: Cooper Connolly* 12(7), Prabhsimran Singh 26(20)
  CB BOWL: Nandre Burger 0-45 (3)
  LAST WKT: Priyansh Arya  c Nandre Burger b Jofra Archer 29(11)  - 37/1 in 2.5 ov.
  ⚠ DIVERGENCE: BATTERS_MISSING_IN_UI: {'connolly', 'singh'} (ui=set(), cb={'connolly', 'singh'}) | BOWLER: ui=None cb=Nandre Burger

[20:02:45  iter#87]
  UI: Punjab Kings 72-1 (6.2)  str=Prabhsimran Singh nstr=Cooper Connolly  bowl=Yash Raj Punja 0-7 (0.2)
  this_over=['1', '6']  fow=1 (unk=0)  last_fow={'wicket': 1, 'batter': 'Priyansh Arya', 'score': 43, 'overs': '3.4', 'bowler': 'Jofra Archer', 'how': None, '_unwitnessed': False}
  delivery: len=short_of_length line=leg_stump shot=in_the_air [layer2]
  extras: this_over=1 innings=26 [w1/nb0/b0/lb0]
  extras_log: [{'over': '4.4', 'type': 'wide', 'runs': 1, 'this_over_after': []}]
  CB: PBKS 72-1 (6.2)  crr=11.37  ps=35(21)  recent=1 6
  CB BAT: Cooper Connolly* 12(7), Prabhsimran Singh 26(20)
  CB BOWL: Nandre Burger 0-45 (3)
  LAST WKT: Priyansh Arya  c Nandre Burger b Jofra Archer 29(11)  - 37/1 in 2.5 ov.
  ⚠ DIVERGENCE: STRIKER: ui=Prabhsimran Singh cb=Cooper Connolly | BOWLER: ui=Yash Raj Punja cb=Nandre Burger

[20:03:08  iter#88]
  UI: Punjab Kings 78-1 (6.3)  str=Prabhsimran Singh nstr=Cooper Connolly  bowl=Yash Raj Punja 0-13 (0.3)
  this_over=['1', '6', '6']  fow=1 (unk=0)  last_fow={'wicket': 1, 'batter': 'Priyansh Arya', 'score': 43, 'overs': '3.4', 'bowler': 'Jofra Archer', 'how': None, '_unwitnessed': False}
  delivery: len=short_of_length line=leg_stump shot=in_the_air [layer2]
  extras: this_over=1 innings=26 [w1/nb0/b0/lb0]
  extras_log: [{'over': '4.4', 'type': 'wide', 'runs': 1, 'this_over_after': []}]
  CB: PBKS 78-1 (6.3)  crr=12.0  ps=41(22)  recent=1 6 6
  CB BAT: Cooper Connolly* 18(8), Prabhsimran Singh 26(20)
  CB BOWL: Nandre Burger 0-45 (3)
  LAST WKT: Priyansh Arya  c Nandre Burger b Jofra Archer 29(11)  - 37/1 in 2.5 ov.
  ⚠ DIVERGENCE: STRIKER: ui=Prabhsimran Singh cb=Cooper Connolly | BOWLER: ui=Yash Raj Punja cb=Nandre Burger

[20:03:32  iter#89]
  WS ERR: ''
  CB: PBKS 79-1 (6.4)  crr=11.85  ps=42(23)  recent=1 6 6 1
  CB BAT: Prabhsimran Singh* 26(20), Cooper Connolly 19(9)
  CB BOWL: Nandre Burger 0-45 (3)
  LAST WKT: Priyansh Arya  c Nandre Burger b Jofra Archer 29(11)  - 37/1 in 2.5 ov.
  ⚠ DIVERGENCE: BATTERS_MISSING_IN_UI: {'singh', 'connolly'} (ui=set(), cb={'singh', 'connolly'}) | BOWLER: ui=None cb=Nandre Burger

[20:03:56  iter#90]
  WS ERR: ''
  CB: PBKS 80-1 (6.5)  crr=11.71  ps=43(24)  recent=1 6 6 1 1
  CB BAT: Cooper Connolly* 19(9), Prabhsimran Singh 27(21)
  CB BOWL: Nandre Burger 0-45 (3)
  LAST WKT: Priyansh Arya  c Nandre Burger b Jofra Archer 29(11)  - 37/1 in 2.5 ov.
  ⚠ DIVERGENCE: BATTERS_MISSING_IN_UI: {'connolly', 'singh'} (ui=set(), cb={'connolly', 'singh'}) | BOWLER: ui=None cb=Nandre Burger

[20:04:20  iter#91]
  WS ERR: ''
  CB: PBKS 80-1 (7)  crr=11.43  ps=43(25)  recent=1 6 6 1 1 0
  CB BAT: Prabhsimran Singh* 27(21), Cooper Connolly 19(10)
  CB BOWL: Yash Raj Punja 0-15 (1)
  LAST WKT: Priyansh Arya  c Nandre Burger b Jofra Archer 29(11)  - 37/1 in 2.5 ov.
  ⚠ DIVERGENCE: BATTERS_MISSING_IN_UI: {'singh', 'connolly'} (ui=set(), cb={'singh', 'connolly'}) | BOWLER: ui=None cb=Yash Raj Punja

[20:04:45  iter#92]
  WS ERR: ''
  CB: PBKS 80-1 (7)  crr=11.43  ps=43(25)  recent=1 6 6 1 1 0
  CB BAT: Prabhsimran Singh* 27(21), Cooper Connolly 19(10)
  CB BOWL: Yash Raj Punja 0-15 (1)
  LAST WKT: Priyansh Arya  c Nandre Burger b Jofra Archer 29(11)  - 37/1 in 2.5 ov.
  ⚠ DIVERGENCE: BATTERS_MISSING_IN_UI: {'singh', 'connolly'} (ui=set(), cb={'singh', 'connolly'}) | BOWLER: ui=None cb=Yash Raj Punja

[20:05:08  iter#93]
  UI: Punjab Kings 80-1 (7.0)  str=Prabhsimran Singh nstr=Cooper Connolly  bowl=Yash Raj Punja 0-14 (0.5)
  this_over=['1', '6', '6', '1', '1', '.']  fow=1 (unk=0)  last_fow={'wicket': 1, 'batter': 'Priyansh Arya', 'score': 43, 'overs': '3.4', 'bowler': 'Jofra Archer', 'how': None, '_unwitnessed': False}
  delivery: len=good_length line=leg_stump shot=in_the_air [layer2]
  extras: this_over=1 innings=26 [w1/nb0/b0/lb0]
  extras_log: [{'over': '4.4', 'type': 'wide', 'runs': 1, 'this_over_after': []}]
  CB: PBKS 80-1 (7)  crr=11.43  ps=43(25)  recent=1 6 6 1 1 0
  CB BAT: Prabhsimran Singh* 27(21), Cooper Connolly 19(10)
  CB BOWL: Yash Raj Punja 0-15 (1)
  LAST WKT: Priyansh Arya  c Nandre Burger b Jofra Archer 29(11)  - 37/1 in 2.5 ov.
  ⚠ DIVERGENCE: OVERS: ui=7.0 cb=7 | BOWL_R: ui=14 cb=15 | BOWL_O: ui=0.5 cb=1

[20:05:31  iter#94]
  UI: Punjab Kings 80-1 (7.0)  str=Prabhsimran Singh nstr=Cooper Connolly  bowl=Yash Raj Punja 0-14 (0.5)
  this_over=['1', '6', '6', '1', '1', '.']  fow=1 (unk=0)  last_fow={'wicket': 1, 'batter': 'Priyansh Arya', 'score': 43, 'overs': '3.4', 'bowler': 'Jofra Archer', 'how': None, '_unwitnessed': False}
  delivery: len=good_length line=leg_stump shot=in_the_air [layer2]
  extras: this_over=1 innings=26 [w1/nb0/b0/lb0]
  extras_log: [{'over': '4.4', 'type': 'wide', 'runs': 1, 'this_over_after': []}]
  CB: PBKS 80-1 (7)  crr=11.43  ps=43(25)  recent=...
  CB BAT: Prabhsimran Singh* 27(21), Cooper Connolly 19(10)
  CB BOWL: Yash Raj Punja 0-15 (1)
  LAST WKT: Priyansh Arya  c Nandre Burger b Jofra Archer 29(11)  - 37/1 in 2.5 ov.
  ⚠ DIVERGENCE: OVERS: ui=7.0 cb=7 | BOWL_R: ui=14 cb=15 | BOWL_O: ui=0.5 cb=1

[20:05:55  iter#95]
  WS ERR: ''
  CB: PBKS 80-1 (7)  crr=11.43  ps=43(25)  recent=...
  CB BAT: Prabhsimran Singh* 27(21), Cooper Connolly 19(10)
  CB BOWL: Yash Raj Punja 0-15 (1)
  LAST WKT: Priyansh Arya  c Nandre Burger b Jofra Archer 29(11)  - 37/1 in 2.5 ov.
  ⚠ DIVERGENCE: BATTERS_MISSING_IN_UI: {'singh', 'connolly'} (ui=set(), cb={'singh', 'connolly'}) | BOWLER: ui=None cb=Yash Raj Punja

[20:06:18  iter#96]
  UI: Punjab Kings 80-1 (7.0)  str=Prabhsimran Singh nstr=Cooper Connolly  bowl=Jofra Archer 1-14 (3)
  this_over=['1', '6', '6', '1', '1', '.']  fow=1 (unk=0)  last_fow={'wicket': 1, 'batter': 'Priyansh Arya', 'score': 43, 'overs': '3.4', 'bowler': 'Jofra Archer', 'how': None, '_unwitnessed': False}
  delivery: len=good_length line=leg_stump shot=in_the_air [layer2]
  extras: this_over=1 innings=26 [w1/nb0/b0/lb0]
  extras_log: [{'over': '4.4', 'type': 'wide', 'runs': 1, 'this_over_after': []}]
  CB: PBKS 80-1 (7)  crr=11.43  ps=43(25)  recent=...
  CB BAT: Prabhsimran Singh* 27(21), Cooper Connolly 19(10)
  CB BOWL: Yash Raj Punja 0-15 (1)
  LAST WKT: Priyansh Arya  c Nandre Burger b Jofra Archer 29(11)  - 37/1 in 2.5 ov.
  ⚠ DIVERGENCE: OVERS: ui=7.0 cb=7 | BOWLER: ui=Jofra Archer cb=Yash Raj Punja

[20:06:38  iter#97]
  UI: Punjab Kings 80-1 (7.0)  str=Prabhsimran Singh nstr=Cooper Connolly  bowl=Jofra Archer 1-14 (3)
  this_over=['1', '6', '6', '1', '1', '.']  fow=1 (unk=0)  last_fow={'wicket': 1, 'batter': 'Priyansh Arya', 'score': 43, 'overs': '3.4', 'bowler': 'Jofra Archer', 'how': None, '_unwitnessed': False}
  delivery: len=good_length line=leg_stump shot=in_the_air [layer2]
  extras: this_over=1 innings=26 [w1/nb0/b0/lb0]
  extras_log: [{'over': '4.4', 'type': 'wide', 'runs': 1, 'this_over_after': []}]
  CB: PBKS 80-1 (7)  crr=11.43  ps=43(25)  recent=...
  CB BAT: Prabhsimran Singh* 27(21), Cooper Connolly 19(10)
  CB BOWL: Yash Raj Punja 0-15 (1)
  LAST WKT: Priyansh Arya  c Nandre Burger b Jofra Archer 29(11)  - 37/1 in 2.5 ov.
  ⚠ DIVERGENCE: OVERS: ui=7.0 cb=7 | BOWLER: ui=Jofra Archer cb=Yash Raj Punja

[20:06:59  iter#98]
  UI: Punjab Kings 80-1 (7.0)  str=Prabhsimran Singh nstr=Cooper Connolly  bowl=Jofra Archer 1-14 (3)
  this_over=['1', '6', '6', '1', '1', '.']  fow=1 (unk=0)  last_fow={'wicket': 1, 'batter': 'Priyansh Arya', 'score': 43, 'overs': '3.4', 'bowler': 'Jofra Archer', 'how': None, '_unwitnessed': False}
  delivery: len=good_length line=leg_stump shot=in_the_air [layer2]
  extras: this_over=1 innings=26 [w1/nb0/b0/lb0]
  extras_log: [{'over': '4.4', 'type': 'wide', 'runs': 1, 'this_over_after': []}]
  CB: PBKS 80-1 (7)  crr=11.43  ps=43(25)  recent=...
  CB BAT: Prabhsimran Singh* 27(21), Cooper Connolly 19(10)
  CB BOWL: Yash Raj Punja 0-15 (1)
  LAST WKT: Priyansh Arya  c Nandre Burger b Jofra Archer 29(11)  - 37/1 in 2.5 ov.
  ⚠ DIVERGENCE: OVERS: ui=7.0 cb=7 | BOWLER: ui=Jofra Archer cb=Yash Raj Punja

[20:07:21  iter#99]
  UI: Punjab Kings 80-1 (7.0)  str=Prabhsimran Singh nstr=Cooper Connolly  bowl=Jofra Archer 1-14 (3)
  this_over=['1', '6', '6', '1', '1', '.']  fow=1 (unk=0)  last_fow={'wicket': 1, 'batter': 'Priyansh Arya', 'score': 43, 'overs': '3.4', 'bowler': 'Jofra Archer', 'how': None, '_unwitnessed': False}
  delivery: len=good_length line=leg_stump shot=in_the_air [layer2]
  extras: this_over=1 innings=26 [w1/nb0/b0/lb0]
  extras_log: [{'over': '4.4', 'type': 'wide', 'runs': 1, 'this_over_after': []}]
  CB: PBKS 80-1 (7)  crr=11.43  ps=43(25)  recent=...
  CB BAT: Prabhsimran Singh* 27(21), Cooper Connolly 19(10)
  CB BOWL: Yash Raj Punja 0-15 (1)
  LAST WKT: Priyansh Arya  c Nandre Burger b Jofra Archer 29(11)  - 37/1 in 2.5 ov.
  ⚠ DIVERGENCE: OVERS: ui=7.0 cb=7 | BOWLER: ui=Jofra Archer cb=Yash Raj Punja

[20:07:45  iter#100]
  UI: Punjab Kings 80-1 (7.0)  str=Prabhsimran Singh nstr=Cooper Connolly  bowl=Jofra Archer 1-14 (3)
  this_over=['1', '6', '6', '1', '1', '.']  fow=1 (unk=0)  last_fow={'wicket': 1, 'batter': 'Priyansh Arya', 'score': 43, 'overs': '3.4', 'bowler': 'Jofra Archer', 'how': None, '_unwitnessed': False}
  delivery: len=good_length line=leg_stump shot=in_the_air [layer2]
  extras: this_over=1 innings=26 [w1/nb0/b0/lb0]
  extras_log: [{'over': '4.4', 'type': 'wide', 'runs': 1, 'this_over_after': []}]
  CB: PBKS 81-1 (7.1)  crr=11.3  ps=44(26)  recent=1
  CB BAT: Cooper Connolly* 19(10), Prabhsimran Singh 28(22)
  CB BOWL: Yash Raj Punja 0-15 (1)
  LAST WKT: Priyansh Arya  c Nandre Burger b Jofra Archer 29(11)  - 37/1 in 2.5 ov.
  ⚠ DIVERGENCE: SCORE: ui=80 cb=81 | OVERS: ui=7.0 cb=7.1 | STRIKER: ui=Prabhsimran Singh cb=Cooper Connolly | BAT_singh: ui=27(21) cb=28(22) | BOWLER: ui=Jofra Archer cb=Yash Raj Punja

[20:08:09  iter#101]
  UI: Punjab Kings 80-1 (7.0)  str=Prabhsimran Singh nstr=Cooper Connolly  bowl=Jofra Archer 1-14 (3)
  this_over=['1', '6', '6', '1', '1', '.']  fow=1 (unk=0)  last_fow={'wicket': 1, 'batter': 'Priyansh Arya', 'score': 43, 'overs': '3.4', 'bowler': 'Jofra Archer', 'how': None, '_unwitnessed': False}
  delivery: len=good_length line=leg_stump shot=in_the_air [layer2]
  extras: this_over=1 innings=26 [w1/nb0/b0/lb0]
  extras_log: [{'over': '4.4', 'type': 'wide', 'runs': 1, 'this_over_after': []}]
  CB: PBKS 81-1 (7.1)  crr=11.3  ps=44(26)  recent=1
  CB BAT: Cooper Connolly* 19(10), Prabhsimran Singh 28(22)
  CB BOWL: Yash Raj Punja 0-15 (1)
  LAST WKT: Priyansh Arya  c Nandre Burger b Jofra Archer 29(11)  - 37/1 in 2.5 ov.
  ⚠ DIVERGENCE: SCORE: ui=80 cb=81 | OVERS: ui=7.0 cb=7.1 | STRIKER: ui=Prabhsimran Singh cb=Cooper Connolly | BAT_singh: ui=27(21) cb=28(22) | BOWLER: ui=Jofra Archer cb=Yash Raj Punja

[20:08:32  iter#102]
  UI: Punjab Kings 82-1 (7.2)  str=Prabhsimran Singh nstr=Cooper Connolly  bowl=Ravindra Jadeja 0-2 (0.2)
  this_over=['1', '1']  fow=1 (unk=0)  last_fow={'wicket': 1, 'batter': 'Priyansh Arya', 'score': 43, 'overs': '3.4', 'bowler': 'Jofra Archer', 'how': None, '_unwitnessed': False}
  delivery: len=short_of_length line=outside_off shot=in_the_air [layer2]
  extras: this_over=1 innings=26 [w1/nb0/b0/lb0]
  extras_log: [{'over': '4.4', 'type': 'wide', 'runs': 1, 'this_over_after': []}]
  CB: PBKS 82-1 (7.2)  crr=11.18  ps=45(27)  recent=1 1
  CB BAT: Prabhsimran Singh* 28(22), Cooper Connolly 20(11)
  CB BOWL: Yash Raj Punja 0-15 (1)
  LAST WKT: Priyansh Arya  c Nandre Burger b Jofra Archer 29(11)  - 37/1 in 2.5 ov.
  ⚠ DIVERGENCE: BOWLER: ui=Ravindra Jadeja cb=Yash Raj Punja

[20:08:56  iter#103]
  UI: Punjab Kings 82-1 (7.2)  str=Prabhsimran Singh nstr=Cooper Connolly  bowl=Ravindra Jadeja 0-2 (0.2)
  this_over=['1', '1']  fow=1 (unk=0)  last_fow={'wicket': 1, 'batter': 'Priyansh Arya', 'score': 43, 'overs': '3.4', 'bowler': 'Jofra Archer', 'how': None, '_unwitnessed': False}
  delivery: len=short_of_length line=leg_stump shot=in_the_air [layer2]
  extras: this_over=1 innings=26 [w1/nb0/b0/lb0]
  extras_log: [{'over': '4.4', 'type': 'wide', 'runs': 1, 'this_over_after': []}]
  CB: PBKS 84-1 (7.3)  crr=11.2  ps=47(28)  recent=1 1 2
  CB BAT: Prabhsimran Singh* 30(23), Cooper Connolly 20(11)
  CB BOWL: Yash Raj Punja 0-15 (1)
  LAST WKT: Priyansh Arya  c Nandre Burger b Jofra Archer 29(11)  - 37/1 in 2.5 ov.
  ⚠ DIVERGENCE: SCORE: ui=82 cb=84 | OVERS: ui=7.2 cb=7.3 | BAT_singh: ui=28(22) cb=30(23) | BOWLER: ui=Ravindra Jadeja cb=Yash Raj Punja

[20:09:17  iter#104]
  UI: Punjab Kings 84-1 (7.3)  str=Prabhsimran Singh nstr=Cooper Connolly  bowl=Ravindra Jadeja 0-4 (0.3)
  this_over=['1', '1', '2']  fow=1 (unk=0)  last_fow={'wicket': 1, 'batter': 'Priyansh Arya', 'score': 43, 'overs': '3.4', 'bowler': 'Jofra Archer', 'how': None, '_unwitnessed': False}
  delivery: len=short_of_length line=leg_stump shot=in_the_air [layer2]
  extras: this_over=1 innings=26 [w1/nb0/b0/lb0]
  extras_log: [{'over': '4.4', 'type': 'wide', 'runs': 1, 'this_over_after': []}]
  CB: PBKS 85-1 (7.4)  crr=11.09  ps=48(29)  recent=1 1 2 1
  CB BAT: Cooper Connolly* 20(11), Prabhsimran Singh 31(24)
  CB BOWL: Yash Raj Punja 0-15 (1)
  LAST WKT: Priyansh Arya  c Nandre Burger b Jofra Archer 29(11)  - 37/1 in 2.5 ov.
  ⚠ DIVERGENCE: SCORE: ui=84 cb=85 | OVERS: ui=7.3 cb=7.4 | STRIKER: ui=Prabhsimran Singh cb=Cooper Connolly | BAT_singh: ui=30(23) cb=31(24) | BOWLER: ui=Ravindra Jadeja cb=Yash Raj Punja

[20:09:38  iter#105]
  UI: Punjab Kings 85-1 (7.4)  str=Prabhsimran Singh nstr=Cooper Connolly  bowl=Ravindra Jadeja 0-5 (0.4)
  this_over=['1', '1', '2', '1']  fow=1 (unk=0)  last_fow={'wicket': 1, 'batter': 'Priyansh Arya', 'score': 43, 'overs': '3.4', 'bowler': 'Jofra Archer', 'how': None, '_unwitnessed': False}
  delivery: len=good_length line=leg_stump shot=in_the_air [layer2]
  extras: this_over=1 innings=26 [w1/nb0/b0/lb0]
  extras_log: [{'over': '4.4', 'type': 'wide', 'runs': 1, 'this_over_after': []}]
  CB: PBKS 85-1 (7.4)  crr=11.09  ps=48(29)  recent=1 1 2 1
  CB BAT: Cooper Connolly* 20(11), Prabhsimran Singh 31(24)
  CB BOWL: Yash Raj Punja 0-15 (1)
  LAST WKT: Priyansh Arya  c Nandre Burger b Jofra Archer 29(11)  - 37/1 in 2.5 ov.
  ⚠ DIVERGENCE: STRIKER: ui=Prabhsimran Singh cb=Cooper Connolly | BOWLER: ui=Ravindra Jadeja cb=Yash Raj Punja

[20:10:00  iter#106]
  UI: Punjab Kings 85-1 (7.4)  str=Prabhsimran Singh nstr=Cooper Connolly  bowl=Ravindra Jadeja 0-5 (0.4)
  this_over=['1', '1', '2', '1']  fow=1 (unk=0)  last_fow={'wicket': 1, 'batter': 'Priyansh Arya', 'score': 43, 'overs': '3.4', 'bowler': 'Jofra Archer', 'how': None, '_unwitnessed': False}
  delivery: len=short_of_length line=leg_stump shot=in_the_air [layer2]
  extras: this_over=1 innings=26 [w1/nb0/b0/lb0]
  extras_log: [{'over': '4.4', 'type': 'wide', 'runs': 1, 'this_over_after': []}]
  CB: PBKS 91-1 (7.5)  crr=11.62  ps=54(30)  recent=1 1 2 1 6
  CB BAT: Cooper Connolly* 26(12), Prabhsimran Singh 31(24)
  CB BOWL: Yash Raj Punja 0-15 (1)
  LAST WKT: Priyansh Arya  c Nandre Burger b Jofra Archer 29(11)  - 37/1 in 2.5 ov.
  ⚠ DIVERGENCE: SCORE: ui=85 cb=91 | OVERS: ui=7.4 cb=7.5 | STRIKER: ui=Prabhsimran Singh cb=Cooper Connolly | BAT_connolly: ui=20(11) cb=26(12) | BOWLER: ui=Ravindra Jadeja cb=Yash Raj Punja

[20:10:24  iter#107]
  UI: Punjab Kings 91-1 (7.5)  str=Prabhsimran Singh nstr=Cooper Connolly  bowl=Ravindra Jadeja 0-11 (0.5)
  this_over=['1', '1', '2', '1', '6']  fow=1 (unk=0)  last_fow={'wicket': 1, 'batter': 'Priyansh Arya', 'score': 43, 'overs': '3.4', 'bowler': 'Jofra Archer', 'how': None, '_unwitnessed': False}
  delivery: len=good_length line=leg_stump shot=in_the_air [layer2]
  extras: this_over=1 innings=26 [w1/nb0/b0/lb0]
  extras_log: [{'over': '4.4', 'type': 'wide', 'runs': 1, 'this_over_after': []}]
  CB: PBKS 91-1 (7.5)  crr=11.62  ps=54(30)  recent=1 1 2 1 6
  CB BAT: Cooper Connolly* 26(12), Prabhsimran Singh 31(24)
  CB BOWL: Yash Raj Punja 0-15 (1)
  LAST WKT: Priyansh Arya  c Nandre Burger b Jofra Archer 29(11)  - 37/1 in 2.5 ov.
  ⚠ DIVERGENCE: STRIKER: ui=Prabhsimran Singh cb=Cooper Connolly | BOWLER: ui=Ravindra Jadeja cb=Yash Raj Punja

[20:10:45  iter#108]
  UI: Punjab Kings 91-1 (7.5)  str=Prabhsimran Singh nstr=Cooper Connolly  bowl=Ravindra Jadeja 0-11 (0.5)
  this_over=['1', '1', '2', '1', '6']  fow=1 (unk=0)  last_fow={'wicket': 1, 'batter': 'Priyansh Arya', 'score': 43, 'overs': '3.4', 'bowler': 'Jofra Archer', 'how': None, '_unwitnessed': False}
  delivery: len=good_length line=leg_stump shot=in_the_air [layer2]
  extras: this_over=1 innings=26 [w1/nb0/b0/lb0]
  extras_log: [{'over': '4.4', 'type': 'wide', 'runs': 1, 'this_over_after': []}]
  CB: PBKS 91-1 (7.5)  crr=11.62  ps=54(30)  recent=1 1 2 1 6
  CB BAT: Cooper Connolly* 26(12), Prabhsimran Singh 31(24)
  CB BOWL: Yash Raj Punja 0-15 (1)
  LAST WKT: Priyansh Arya  c Nandre Burger b Jofra Archer 29(11)  - 37/1 in 2.5 ov.
  ⚠ DIVERGENCE: STRIKER: ui=Prabhsimran Singh cb=Cooper Connolly | BOWLER: ui=Ravindra Jadeja cb=Yash Raj Punja

[20:11:07  iter#109]
  UI: Punjab Kings 91-1 (7.5)  str=Prabhsimran Singh nstr=Cooper Connolly  bowl=Ravindra Jadeja 0-11 (0.5)
  this_over=['1', '1', '2', '1', '6']  fow=1 (unk=0)  last_fow={'wicket': 1, 'batter': 'Priyansh Arya', 'score': 43, 'overs': '3.4', 'bowler': 'Jofra Archer', 'how': None, '_unwitnessed': False}
  delivery: len=good_length line=leg_stump shot=in_the_air [layer2]
  extras: this_over=1 innings=26 [w1/nb0/b0/lb0]
  extras_log: [{'over': '4.4', 'type': 'wide', 'runs': 1, 'this_over_after': []}]
  CB: PBKS 95-1 (8)  crr=11.88  ps=58(31)  recent=1 1 2 1 6 4
  CB BAT: Prabhsimran Singh* 31(24), Cooper Connolly 30(13)
  CB BOWL: Ravindra Jadeja 0-15 (1)
  LAST WKT: Priyansh Arya  c Nandre Burger b Jofra Archer 29(11)  - 37/1 in 2.5 ov.
  ⚠ DIVERGENCE: SCORE: ui=91 cb=95 | OVERS: ui=7.5 cb=8 | BAT_connolly: ui=26(12) cb=30(13) | BOWL_R: ui=11 cb=15 | BOWL_O: ui=0.5 cb=1

[20:11:31  iter#110]
  WS ERR: ''
  CB: PBKS 95-1 (8)  crr=11.88  ps=58(31)  recent=1 1 2 1 6 4
  CB BAT: Prabhsimran Singh* 31(24), Cooper Connolly 30(13)
  CB BOWL: Ravindra Jadeja 0-15 (1)
  LAST WKT: Priyansh Arya  c Nandre Burger b Jofra Archer 29(11)  - 37/1 in 2.5 ov.
  ⚠ DIVERGENCE: BATTERS_MISSING_IN_UI: {'singh', 'connolly'} (ui=set(), cb={'singh', 'connolly'}) | BOWLER: ui=None cb=Ravindra Jadeja

[20:11:54  iter#111]
  UI: Punjab Kings 95-1 (8.0)  str=Prabhsimran Singh nstr=Cooper Connolly  bowl=Yash Raj Punja 0-14 (0.5)
  this_over=['1', '1', '2', '1', '6', '4']  fow=1 (unk=0)  last_fow={'wicket': 1, 'batter': 'Priyansh Arya', 'score': 43, 'overs': '3.4', 'bowler': 'Jofra Archer', 'how': None, '_unwitnessed': False}
  delivery: len=short_of_length line=leg_stump shot=in_the_air [layer2]
  extras: this_over=1 innings=26 [w1/nb0/b0/lb0]
  extras_log: [{'over': '4.4', 'type': 'wide', 'runs': 1, 'this_over_after': []}]
  CB: PBKS 95-1 (8)  crr=11.88  ps=58(31)  recent=1 1 2 1 6 4
  CB BAT: Prabhsimran Singh* 31(24), Cooper Connolly 30(13)
  CB BOWL: Ravindra Jadeja 0-15 (1)
  LAST WKT: Priyansh Arya  c Nandre Burger b Jofra Archer 29(11)  - 37/1 in 2.5 ov.
  ⚠ DIVERGENCE: OVERS: ui=8.0 cb=8 | BOWLER: ui=Yash Raj Punja cb=Ravindra Jadeja

[20:12:15  iter#112]
  UI: Punjab Kings 95-1 (8.0)  str=Prabhsimran Singh nstr=Cooper Connolly  bowl=Yash Raj Punja 0-14 (0.5)
  this_over=['1', '1', '2', '1', '6', '4']  fow=1 (unk=0)  last_fow={'wicket': 1, 'batter': 'Priyansh Arya', 'score': 43, 'overs': '3.4', 'bowler': 'Jofra Archer', 'how': None, '_unwitnessed': False}
  delivery: len=short_of_length line=leg_stump shot=in_the_air [layer2]
  extras: this_over=1 innings=26 [w1/nb0/b0/lb0]
  extras_log: [{'over': '4.4', 'type': 'wide', 'runs': 1, 'this_over_after': []}]
  CB: PBKS 95-1 (8)  crr=11.88  ps=58(31)  recent=1 1 2 1 6 4
  CB BAT: Prabhsimran Singh* 31(24), Cooper Connolly 30(13)
  CB BOWL: Ravindra Jadeja 0-15 (1)
  LAST WKT: Priyansh Arya  c Nandre Burger b Jofra Archer 29(11)  - 37/1 in 2.5 ov.
  ⚠ DIVERGENCE: OVERS: ui=8.0 cb=8 | BOWLER: ui=Yash Raj Punja cb=Ravindra Jadeja

[20:12:39  iter#113]
  WS ERR: ''
  CB: PBKS 96-1 (8.1)  crr=11.76  ps=59(32)  recent=1
  CB BAT: Cooper Connolly* 30(13), Prabhsimran Singh 32(25)
  CB BOWL: Ravindra Jadeja 0-15 (1)
  LAST WKT: Priyansh Arya  c Nandre Burger b Jofra Archer 29(11)  - 37/1 in 2.5 ov.
  ⚠ DIVERGENCE: BATTERS_MISSING_IN_UI: {'connolly', 'singh'} (ui=set(), cb={'connolly', 'singh'}) | BOWLER: ui=None cb=Ravindra Jadeja

[20:13:01  iter#114]
  UI: Punjab Kings 96-1 (8.2)  str=Prabhsimran Singh nstr=Cooper Connolly  bowl=Yash Raj Punja 1-16 (1.2)
  this_over=['1', '.']  fow=1 (unk=0)  last_fow={'wicket': 1, 'batter': 'Priyansh Arya', 'score': 43, 'overs': '3.4', 'bowler': 'Jofra Archer', 'how': None, '_unwitnessed': False}
  delivery: len=short_of_length line=leg_stump shot=in_the_air [layer2]
  extras: this_over=1 innings=26 [w1/nb0/b0/lb0]
  extras_log: [{'over': '4.4', 'type': 'wide', 'runs': 1, 'this_over_after': []}]
  CB: PBKS 96-2 (8.2)  crr=11.52  ps=59(33)  recent=1 W
  CB BAT: Prabhsimran Singh* 32(25), Ravindra Jadeja 1(0)
  CB BOWL: Ravindra Jadeja 0-15 (1)
  LAST WKT: Cooper Connolly  c Donovan Ferreira b Yash Raj Punja 30(14)  - 96/2 in 8.2 ov.
  ⚠ DIVERGENCE: WICKETS: ui=1 cb=2 | BATTERS_MISSING_IN_UI: {'jadeja'} (ui={'singh', 'connolly'}, cb={'singh', 'jadeja'}) | BOWLER: ui=Yash Raj Punja cb=Ravindra Jadeja

[20:13:25  iter#115]
  UI: Punjab Kings 96-1 (8.2)  str=Prabhsimran Singh nstr=Cooper Connolly  bowl=Yash Raj Punja 1-16 (1.2)
  this_over=['1', '.']  fow=1 (unk=0)  last_fow={'wicket': 1, 'batter': 'Priyansh Arya', 'score': 43, 'overs': '3.4', 'bowler': 'Jofra Archer', 'how': None, '_unwitnessed': False}
  delivery: len=short_of_length line=outside_off shot=in_the_air [layer2]
  extras: this_over=1 innings=26 [w1/nb0/b0/lb0]
  extras_log: [{'over': '4.4', 'type': 'wide', 'runs': 1, 'this_over_after': []}]
  CB: PBKS 96-2 (8.2)  crr=11.52  ps=59(33)  recent=1 W
  CB BAT: Prabhsimran Singh* 32(25), Ravindra Jadeja 1(0)
  CB BOWL: Ravindra Jadeja 0-15 (1)
  LAST WKT: Cooper Connolly  c Donovan Ferreira b Yash Raj Punja 30(14)  - 96/2 in 8.2 ov.
  ⚠ DIVERGENCE: WICKETS: ui=1 cb=2 | BATTERS_MISSING_IN_UI: {'jadeja'} (ui={'singh', 'connolly'}, cb={'singh', 'jadeja'}) | BOWLER: ui=Yash Raj Punja cb=Ravindra Jadeja

[20:13:50  iter#116]
  WS ERR: ''
  CB: PBKS 96-2 (8.2)  crr=11.52  ps=0(0)  recent=... 6 1 1 0
  CB BAT: Shreyas Iyer* 0(0), Prabhsimran Singh 32(25)
  CB BOWL: Ravindra Jadeja 0-15 (1)
  LAST WKT: Cooper Connolly  c Donovan Ferreira b Yash Raj Punja 30(14)  - 96/2 in 8.2 ov.
  ⚠ DIVERGENCE: BATTERS_MISSING_IN_UI: {'singh', 'iyer'} (ui=set(), cb={'singh', 'iyer'}) | BOWLER: ui=None cb=Ravindra Jadeja

[20:14:12  iter#117]
  UI: Punjab Kings 96-2 (8.2)  str=Cooper Connolly nstr=None  bowl=Yash Raj Punja 1-16 (1.2)
  this_over=['1', 'W']  fow=1 (unk=0)  last_fow={'wicket': 1, 'batter': 'Priyansh Arya', 'score': 43, 'overs': '3.4', 'bowler': 'Jofra Archer', 'how': None, '_unwitnessed': False}
  delivery: len=good_length line=outside_off shot=in_the_air [layer2]
  extras: this_over=1 innings=26 [w1/nb0/b0/lb0]
  extras_log: [{'over': '4.4', 'type': 'wide', 'runs': 1, 'this_over_after': []}]
  CB: PBKS 96-2 (8.2)  crr=11.52  ps=0(0)  recent=... 6 1 1 0
  CB BAT: Shreyas Iyer* 0(0), Prabhsimran Singh 32(25)
  CB BOWL: Ravindra Jadeja 0-15 (1)
  LAST WKT: Cooper Connolly  c Donovan Ferreira b Yash Raj Punja 30(14)  - 96/2 in 8.2 ov.
  ⚠ DIVERGENCE: STRIKER: ui=Cooper Connolly cb=Shreyas Iyer | BATTERS_MISSING_IN_UI: {'singh', 'iyer'} (ui={'connolly'}, cb={'singh', 'iyer'}) | FOW_COUNT: ui=1 vs wickets=2 | BOWLER: ui=Yash Raj Punja cb=Ravindra Jadeja

[20:14:33  iter#118]
  UI: Punjab Kings 96-2 (8.2)  str=Prabhsimran Singh nstr=Shreyas Iyer  bowl=Yash Raj Punja 1-16 (1.2)
  this_over=['1', 'W']  fow=2 (unk=0)  last_fow={'wicket': 2, 'batter': 'Cooper Connolly', 'score': 96, 'overs': '8.2', 'bowler': 'Yash Raj Punja', 'how': None, '_unwitnessed': False}
  delivery: len=good_length line=outside_off shot=in_the_air [layer2]
  extras: this_over=1 innings=26 [w1/nb0/b0/lb0]
  extras_log: [{'over': '4.4', 'type': 'wide', 'runs': 1, 'this_over_after': []}]
  CB: PBKS 96-2 (8.2)  crr=11.52  ps=0(0)  recent=... 6 1 1 0
  CB BAT: Shreyas Iyer* 0(0), Prabhsimran Singh 32(25)
  CB BOWL: Ravindra Jadeja 0-15 (1)
  LAST WKT: Cooper Connolly  c Donovan Ferreira b Yash Raj Punja 30(14)  - 96/2 in 8.2 ov.
  ⚠ DIVERGENCE: STRIKER: ui=Prabhsimran Singh cb=Shreyas Iyer | BOWLER: ui=Yash Raj Punja cb=Ravindra Jadeja

[20:14:57  iter#119]
  WS ERR: ''
  CB: PBKS 96-2 (8.2)  crr=11.52  ps=0(0)  recent=... 6 1 1 0
  CB BAT: Shreyas Iyer* 0(0), Prabhsimran Singh 32(25)
  CB BOWL: Ravindra Jadeja 0-15 (1)
  LAST WKT: Cooper Connolly  c Donovan Ferreira b Yash Raj Punja 30(14)  - 96/2 in 8.2 ov.
  ⚠ DIVERGENCE: BATTERS_MISSING_IN_UI: {'singh', 'iyer'} (ui=set(), cb={'singh', 'iyer'}) | BOWLER: ui=None cb=Ravindra Jadeja

[20:15:20  iter#120]
  UI: Punjab Kings 96-2 (8.2)  str=Prabhsimran Singh nstr=Shreyas Iyer  bowl=Yash Raj Punja 1-16 (1.2)
  this_over=['1', 'W']  fow=2 (unk=0)  last_fow={'wicket': 2, 'batter': 'Cooper Connolly', 'score': 96, 'overs': '8.2', 'bowler': 'Yash Raj Punja', 'how': None, '_unwitnessed': False}
  delivery: len=good_length line=outside_off shot=in_the_air [layer2]
  extras: this_over=1 innings=26 [w1/nb0/b0/lb0]
  extras_log: [{'over': '4.4', 'type': 'wide', 'runs': 1, 'this_over_after': []}]
  CB: PBKS 96-2 (8.2)  crr=11.52  ps=0(0)  recent=... 6 1 1 0
  CB BAT: Shreyas Iyer* 0(0), Prabhsimran Singh 32(25)
  CB BOWL: Ravindra Jadeja 0-15 (1)
  LAST WKT: Cooper Connolly  c Donovan Ferreira b Yash Raj Punja 30(14)  - 96/2 in 8.2 ov.
  ⚠ DIVERGENCE: STRIKER: ui=Prabhsimran Singh cb=Shreyas Iyer | BOWLER: ui=Yash Raj Punja cb=Ravindra Jadeja

[20:15:45  iter#121]
  WS ERR: ''
  CB: PBKS 96-2 (8.2)  crr=11.52  ps=0(0)  recent=... 6 1 1 0
  CB BAT: Shreyas Iyer* 0(0), Prabhsimran Singh 32(25)
  CB BOWL: Ravindra Jadeja 0-15 (1)
  LAST WKT: Cooper Connolly  c Donovan Ferreira b Yash Raj Punja 30(14)  - 96/2 in 8.2 ov.
  ⚠ DIVERGENCE: BATTERS_MISSING_IN_UI: {'singh', 'iyer'} (ui=set(), cb={'singh', 'iyer'}) | BOWLER: ui=None cb=Ravindra Jadeja

[20:16:06  iter#122]
  UI: Punjab Kings 96-2 (8.2)  str=Prabhsimran Singh nstr=Shreyas Iyer  bowl=Yash Raj Punja 1-16 (1.2)
  this_over=['1', 'W']  fow=2 (unk=0)  last_fow={'wicket': 2, 'batter': 'Cooper Connolly', 'score': 96, 'overs': '8.2', 'bowler': 'Yash Raj Punja', 'how': None, '_unwitnessed': False}
  delivery: len=good_length line=outside_off shot=in_the_air [layer2]
  extras: this_over=1 innings=26 [w1/nb0/b0/lb0]
  extras_log: [{'over': '4.4', 'type': 'wide', 'runs': 1, 'this_over_after': []}]
  CB: PBKS 96-2 (8.3)  crr=11.29  ps=0(1)  recent=1 W 0
  CB BAT: Shreyas Iyer* 0(1), Prabhsimran Singh 32(25)
  CB BOWL: Ravindra Jadeja 0-15 (1)
  LAST WKT: Cooper Connolly  c Donovan Ferreira b Yash Raj Punja 30(14)  - 96/2 in 8.2 ov.
  ⚠ DIVERGENCE: OVERS: ui=8.2 cb=8.3 | STRIKER: ui=Prabhsimran Singh cb=Shreyas Iyer | BAT_iyer: ui=0(0) cb=0(1) | BOWLER: ui=Yash Raj Punja cb=Ravindra Jadeja

[20:16:30  iter#123]
  WS ERR: ''
  CB: PBKS 96-2 (8.3)  crr=11.29  ps=0(1)  recent=1 W 0
  CB BAT: Shreyas Iyer* 0(1), Prabhsimran Singh 32(25)
  CB BOWL: Ravindra Jadeja 0-15 (1)
  LAST WKT: Cooper Connolly  c Donovan Ferreira b Yash Raj Punja 30(14)  - 96/2 in 8.2 ov.
  ⚠ DIVERGENCE: BATTERS_MISSING_IN_UI: {'singh', 'iyer'} (ui=set(), cb={'singh', 'iyer'}) | BOWLER: ui=None cb=Ravindra Jadeja

[20:16:53  iter#124]
  UI: Punjab Kings 96-2 (8.4)  str=Prabhsimran Singh nstr=Shreyas Iyer  bowl=Yash Raj Punja 1-16 (1.3)
  this_over=['1', 'W', '.', '.']  fow=2 (unk=0)  last_fow={'wicket': 2, 'batter': 'Cooper Connolly', 'score': 96, 'overs': '8.2', 'bowler': 'Yash Raj Punja', 'how': None, '_unwitnessed': False}
  delivery: len=good_length line=outside_off shot=in_the_air [layer2]
  extras: this_over=1 innings=26 [w1/nb0/b0/lb0]
  extras_log: [{'over': '4.4', 'type': 'wide', 'runs': 1, 'this_over_after': []}]
  CB: PBKS 97-2 (8.5)  crr=10.98  ps=1(3)  recent=1 W 0 0 1
  CB BAT: Prabhsimran Singh* 32(25), Shreyas Iyer 1(3)
  CB BOWL: Ravindra Jadeja 0-15 (1)
  LAST WKT: Cooper Connolly  c Donovan Ferreira b Yash Raj Punja 30(14)  - 96/2 in 8.2 ov.
  ⚠ DIVERGENCE: SCORE: ui=96 cb=97 | OVERS: ui=8.4 cb=8.5 | BAT_iyer: ui=0(2) cb=1(3) | BOWLER: ui=Yash Raj Punja cb=Ravindra Jadeja

[20:17:15  iter#125]
  UI: Punjab Kings 97-2 (8.5)  str=Prabhsimran Singh nstr=Shreyas Iyer  bowl=Yash Raj Punja 1-16 (1.5)
  this_over=['1', 'W', '.', '.', '1']  fow=2 (unk=0)  last_fow={'wicket': 2, 'batter': 'Cooper Connolly', 'score': 96, 'overs': '8.2', 'bowler': 'Yash Raj Punja', 'how': None, '_unwitnessed': False}
  delivery: len=good_length line=outside_off shot=in_the_air [layer2]
  extras: this_over=1 innings=26 [w1/nb0/b0/lb0]
  extras_log: [{'over': '4.4', 'type': 'wide', 'runs': 1, 'this_over_after': []}]
  CB: PBKS 101-2 (9)  crr=11.22  ps=5(4)  recent=1 W 0 0 1 4
  CB BAT: Shreyas Iyer* 1(3), Prabhsimran Singh 36(26)
  CB BOWL: Yash Raj Punja 1-21 (2)
  LAST WKT: Cooper Connolly  c Donovan Ferreira b Yash Raj Punja 30(14)  - 96/2 in 8.2 ov.
  ⚠ DIVERGENCE: SCORE: ui=97 cb=101 | OVERS: ui=8.5 cb=9 | STRIKER: ui=Prabhsimran Singh cb=Shreyas Iyer | BAT_singh: ui=32(25) cb=36(26) | BOWL_R: ui=16 cb=21 | BOWL_O: ui=1.5 cb=2

[20:17:40  iter#126]
  UI: Punjab Kings 97-2 (8.5)  str=Prabhsimran Singh nstr=Shreyas Iyer  bowl=Yash Raj Punja 1-16 (1.5)
  this_over=['1', 'W', '.', '.', '1']  fow=2 (unk=0)  last_fow={'wicket': 2, 'batter': 'Cooper Connolly', 'score': 96, 'overs': '8.2', 'bowler': 'Yash Raj Punja', 'how': None, '_unwitnessed': False}
  delivery: len=short_of_length line=leg_stump shot=in_the_air [layer2]
  extras: this_over=1 innings=26 [w1/nb0/b0/lb0]
  extras_log: [{'over': '4.4', 'type': 'wide', 'runs': 1, 'this_over_after': []}]
  CB: PBKS 101-2 (9)  crr=11.22  ps=5(4)  recent=1 W 0 0 1 4
  CB BAT: Shreyas Iyer* 1(3), Prabhsimran Singh 36(26)
  CB BOWL: Yash Raj Punja 1-21 (2)
  LAST WKT: Cooper Connolly  c Donovan Ferreira b Yash Raj Punja 30(14)  - 96/2 in 8.2 ov.
  ⚠ DIVERGENCE: SCORE: ui=97 cb=101 | OVERS: ui=8.5 cb=9 | STRIKER: ui=Prabhsimran Singh cb=Shreyas Iyer | BAT_singh: ui=32(25) cb=36(26) | BOWL_R: ui=16 cb=21 | BOWL_O: ui=1.5 cb=2

[20:18:02  iter#127]
  UI: Punjab Kings 97-2 (8.5)  str=Prabhsimran Singh nstr=Shreyas Iyer  bowl=Yash Raj Punja 1-16 (1.5)
  this_over=['1', 'W', '.', '.', '1']  fow=2 (unk=0)  last_fow={'wicket': 2, 'batter': 'Cooper Connolly', 'score': 96, 'overs': '8.2', 'bowler': 'Yash Raj Punja', 'how': None, '_unwitnessed': False}
  delivery: len=short_of_length line=leg_stump shot=in_the_air [layer2]
  extras: this_over=1 innings=26 [w1/nb0/b0/lb0]
  extras_log: [{'over': '4.4', 'type': 'wide', 'runs': 1, 'this_over_after': []}]
  CB: PBKS 101-2 (9)  crr=11.22  ps=5(4)  recent=1 W 0 0 1 4
  CB BAT: Shreyas Iyer* 1(3), Prabhsimran Singh 36(26)
  CB BOWL: Yash Raj Punja 1-21 (2)
  LAST WKT: Cooper Connolly  c Donovan Ferreira b Yash Raj Punja 30(14)  - 96/2 in 8.2 ov.
  ⚠ DIVERGENCE: SCORE: ui=97 cb=101 | OVERS: ui=8.5 cb=9 | STRIKER: ui=Prabhsimran Singh cb=Shreyas Iyer | BAT_singh: ui=32(25) cb=36(26) | BOWL_R: ui=16 cb=21 | BOWL_O: ui=1.5 cb=2

[20:18:27  iter#128]
  WS ERR: ''
  CB: PBKS 101-2 (9.1)  crr=11.02  ps=5(5)  recent=0
  CB BAT: Shreyas Iyer* 1(4), Prabhsimran Singh 36(26)
  CB BOWL: Yash Raj Punja 1-21 (2)
  LAST WKT: Cooper Connolly  c Donovan Ferreira b Yash Raj Punja 30(14)  - 96/2 in 8.2 ov.
  ⚠ DIVERGENCE: BATTERS_MISSING_IN_UI: {'singh', 'iyer'} (ui=set(), cb={'singh', 'iyer'}) | BOWLER: ui=None cb=Yash Raj Punja

[20:18:47  iter#129]
  UI: Punjab Kings 101-2 (9.1)  str=Prabhsimran Singh nstr=Shreyas Iyer  bowl=Ravindra Jadeja 1-16 (1)
  this_over=['.']  fow=2 (unk=0)  last_fow={'wicket': 2, 'batter': 'Cooper Connolly', 'score': 96, 'overs': '8.2', 'bowler': 'Yash Raj Punja', 'how': None, '_unwitnessed': False}
  delivery: len=short_of_length line=leg_stump shot=in_the_air [layer2]
  extras: this_over=1 innings=26 [w1/nb0/b0/lb0]
  extras_log: [{'over': '4.4', 'type': 'wide', 'runs': 1, 'this_over_after': []}]
  CB: PBKS 102-2 (9.2)  crr=10.93  ps=6(6)  recent=0 1
  CB BAT: Prabhsimran Singh* 36(26), Shreyas Iyer 2(5)
  CB BOWL: Yash Raj Punja 1-21 (2)
  LAST WKT: Cooper Connolly  c Donovan Ferreira b Yash Raj Punja 30(14)  - 96/2 in 8.2 ov.
  ⚠ DIVERGENCE: SCORE: ui=101 cb=102 | OVERS: ui=9.1 cb=9.2 | BAT_iyer: ui=1(3) cb=2(5) | BOWLER: ui=Ravindra Jadeja cb=Yash Raj Punja

[20:19:08  iter#130]
  UI: Punjab Kings 103-2 (9.3)  str=Prabhsimran Singh nstr=Shreyas Iyer  bowl=Ravindra Jadeja 1-17 (1.3)
  this_over=['.', '1', '1']  fow=2 (unk=0)  last_fow={'wicket': 2, 'batter': 'Cooper Connolly', 'score': 96, 'overs': '8.2', 'bowler': 'Yash Raj Punja', 'how': None, '_unwitnessed': False}
  delivery: len=short_of_length line=outside_off shot=in_the_air [layer2]
  extras: this_over=1 innings=26 [w1/nb0/b0/lb0]
  extras_log: [{'over': '4.4', 'type': 'wide', 'runs': 1, 'this_over_after': []}]
  CB: PBKS 105-2 (9.4)  crr=10.86  ps=9(8)  recent=0 1 1 2
  CB BAT: Shreyas Iyer* 4(6), Prabhsimran Singh 37(27)
  CB BOWL: Yash Raj Punja 1-21 (2)
  LAST WKT: Cooper Connolly  c Donovan Ferreira b Yash Raj Punja 30(14)  - 96/2 in 8.2 ov.
  ⚠ DIVERGENCE: SCORE: ui=103 cb=105 | OVERS: ui=9.3 cb=9.4 | STRIKER: ui=Prabhsimran Singh cb=Shreyas Iyer | BAT_iyer: ui=2(5) cb=4(6) | BOWLER: ui=Ravindra Jadeja cb=Yash Raj Punja

[20:19:29  iter#131]
  UI: Punjab Kings 103-2 (9.3)  str=Prabhsimran Singh nstr=Shreyas Iyer  bowl=Ravindra Jadeja 1-17 (1.3)
  this_over=['.', '1', '1']  fow=2 (unk=0)  last_fow={'wicket': 2, 'batter': 'Cooper Connolly', 'score': 96, 'overs': '8.2', 'bowler': 'Yash Raj Punja', 'how': None, '_unwitnessed': False}
  delivery: len=short_of_length line=leg_stump shot=in_the_air [layer2]
  extras: this_over=1 innings=26 [w1/nb0/b0/lb0]
  extras_log: [{'over': '4.4', 'type': 'wide', 'runs': 1, 'this_over_after': []}]
  CB: PBKS 105-2 (9.4)  crr=10.86  ps=9(8)  recent=0 1 1 2
  CB BAT: Shreyas Iyer* 4(6), Prabhsimran Singh 37(27)
  CB BOWL: Yash Raj Punja 1-21 (2)
  LAST WKT: Cooper Connolly  c Donovan Ferreira b Yash Raj Punja 30(14)  - 96/2 in 8.2 ov.
  ⚠ DIVERGENCE: SCORE: ui=103 cb=105 | OVERS: ui=9.3 cb=9.4 | STRIKER: ui=Prabhsimran Singh cb=Shreyas Iyer | BAT_iyer: ui=2(5) cb=4(6) | BOWLER: ui=Ravindra Jadeja cb=Yash Raj Punja

[20:19:54  iter#132]
  WS ERR: ''
  CB: PBKS 106-2 (9.5)  crr=10.78  ps=10(9)  recent=0 1 1 2 1
  CB BAT: Prabhsimran Singh* 37(27), Shreyas Iyer 5(7)
  CB BOWL: Yash Raj Punja 1-21 (2)
  LAST WKT: Cooper Connolly  c Donovan Ferreira b Yash Raj Punja 30(14)  - 96/2 in 8.2 ov.
  ⚠ DIVERGENCE: BATTERS_MISSING_IN_UI: {'singh', 'iyer'} (ui=set(), cb={'singh', 'iyer'}) | BOWLER: ui=None cb=Yash Raj Punja

[20:20:16  iter#133]
  UI: Punjab Kings 107-2 (10.0)  str=Prabhsimran Singh nstr=Shreyas Iyer  bowl=Yash Raj Punja 1-16 (1.5)
  this_over=['.', '1', '1', '2', '1', '1']  fow=2 (unk=0)  last_fow={'wicket': 2, 'batter': 'Cooper Connolly', 'score': 96, 'overs': '8.2', 'bowler': 'Yash Raj Punja', 'how': None, '_unwitnessed': False}
  delivery: len=short_of_length line=leg_stump shot=in_the_air [layer2]
  extras: this_over=1 innings=26 [w1/nb0/b0/lb0]
  extras_log: [{'over': '4.4', 'type': 'wide', 'runs': 1, 'this_over_after': []}]
  CB: PBKS 107-2 (10)  crr=10.7  ps=11(10)  recent=...
  CB BAT: Prabhsimran Singh* 38(28), Shreyas Iyer 5(7)
  CB BOWL: Ravindra Jadeja 0-21 (2)
  LAST WKT: Cooper Connolly  c Donovan Ferreira b Yash Raj Punja 30(14)  - 96/2 in 8.2 ov.
  ⚠ DIVERGENCE: OVERS: ui=10.0 cb=10 | BOWLER: ui=Yash Raj Punja cb=Ravindra Jadeja

[20:20:37  iter#134]
  UI: Punjab Kings 107-2 (10.0)  str=Prabhsimran Singh nstr=Shreyas Iyer  bowl=Yash Raj Punja 1-16 (1.5)
  this_over=['.', '1', '1', '2', '1', '1']  fow=2 (unk=0)  last_fow={'wicket': 2, 'batter': 'Cooper Connolly', 'score': 96, 'overs': '8.2', 'bowler': 'Yash Raj Punja', 'how': None, '_unwitnessed': False}
  delivery: len=short_of_length line=leg_stump shot=in_the_air [layer2]
  extras: this_over=1 innings=26 [w1/nb0/b0/lb0]
  extras_log: [{'over': '4.4', 'type': 'wide', 'runs': 1, 'this_over_after': []}]
  CB: PBKS 107-2 (10)  crr=10.7  ps=11(10)  recent=...
  CB BAT: Prabhsimran Singh* 38(28), Shreyas Iyer 5(7)
  CB BOWL: Ravindra Jadeja 0-21 (2)
  LAST WKT: Cooper Connolly  c Donovan Ferreira b Yash Raj Punja 30(14)  - 96/2 in 8.2 ov.
  ⚠ DIVERGENCE: OVERS: ui=10.0 cb=10 | BOWLER: ui=Yash Raj Punja cb=Ravindra Jadeja

[20:21:01  iter#135]
  UI: Punjab Kings 107-2 (10.0)  str=Prabhsimran Singh nstr=Shreyas Iyer  bowl=Jofra Archer 1-14 (3)
  this_over=['.', '1', '1', '2', '1', '1']  fow=2 (unk=0)  last_fow={'wicket': 2, 'batter': 'Cooper Connolly', 'score': 96, 'overs': '8.2', 'bowler': 'Yash Raj Punja', 'how': None, '_unwitnessed': False}
  delivery: len=short_of_length line=leg_stump shot=in_the_air [layer2]
  extras: this_over=1 innings=26 [w1/nb0/b0/lb0]
  extras_log: [{'over': '4.4', 'type': 'wide', 'runs': 1, 'this_over_after': []}]
  CB: PBKS 107-2 (10)  crr=10.7  ps=11(10)  recent=...
  CB BAT: Prabhsimran Singh* 38(28), Shreyas Iyer 5(7)
  CB BOWL: Ravindra Jadeja 0-21 (2)
  LAST WKT: Cooper Connolly  c Donovan Ferreira b Yash Raj Punja 30(14)  - 96/2 in 8.2 ov.
  ⚠ DIVERGENCE: OVERS: ui=10.0 cb=10 | BOWLER: ui=Jofra Archer cb=Ravindra Jadeja

[20:21:21  iter#136]
  UI: Punjab Kings 107-2 (10.0)  str=Prabhsimran Singh nstr=Shreyas Iyer  bowl=Jofra Archer 1-14 (3)
  this_over=['.', '1', '1', '2', '1', '1']  fow=2 (unk=0)  last_fow={'wicket': 2, 'batter': 'Cooper Connolly', 'score': 96, 'overs': '8.2', 'bowler': 'Yash Raj Punja', 'how': None, '_unwitnessed': False}
  delivery: len=short_of_length line=leg_stump shot=in_the_air [layer2]
  extras: this_over=1 innings=26 [w1/nb0/b0/lb0]
  extras_log: [{'over': '4.4', 'type': 'wide', 'runs': 1, 'this_over_after': []}]
  CB: PBKS 107-2 (10.1)  crr=10.52  ps=11(11)  recent=0
  CB BAT: Prabhsimran Singh* 38(29), Shreyas Iyer 5(7)
  CB BOWL: Ravindra Jadeja 0-21 (2)
  LAST WKT: Cooper Connolly  c Donovan Ferreira b Yash Raj Punja 30(14)  - 96/2 in 8.2 ov.
  ⚠ DIVERGENCE: OVERS: ui=10.0 cb=10.1 | BAT_singh: ui=38(28) cb=38(29) | BOWLER: ui=Jofra Archer cb=Ravindra Jadeja

[20:21:45  iter#137]
  UI: Punjab Kings 107-2 (10.1)  str=Prabhsimran Singh nstr=Shreyas Iyer  bowl=Jofra Archer 1-14 (3)
  this_over=['.']  fow=2 (unk=0)  last_fow={'wicket': 2, 'batter': 'Cooper Connolly', 'score': 96, 'overs': '8.2', 'bowler': 'Yash Raj Punja', 'how': None, '_unwitnessed': False}
  delivery: len=good_length line=leg_stump shot=in_the_air [layer2]
  extras: this_over=1 innings=26 [w1/nb0/b0/lb0]
  extras_log: [{'over': '4.4', 'type': 'wide', 'runs': 1, 'this_over_after': []}]
  CB: PBKS 107-2 (10.1)  crr=10.52  ps=11(11)  recent=0
  CB BAT: Prabhsimran Singh* 38(29), Shreyas Iyer 5(7)
  CB BOWL: Ravindra Jadeja 0-21 (2)
  LAST WKT: Cooper Connolly  c Donovan Ferreira b Yash Raj Punja 30(14)  - 96/2 in 8.2 ov.
  ⚠ DIVERGENCE: BOWLER: ui=Jofra Archer cb=Ravindra Jadeja

[20:22:06  iter#138]
  UI: Punjab Kings 107-2 (10.1)  str=Prabhsimran Singh nstr=Shreyas Iyer  bowl=Jofra Archer 1-14 (3)
  this_over=['.']  fow=2 (unk=0)  last_fow={'wicket': 2, 'batter': 'Cooper Connolly', 'score': 96, 'overs': '8.2', 'bowler': 'Yash Raj Punja', 'how': None, '_unwitnessed': False}
  delivery: len=good_length line=leg_stump shot=in_the_air [layer2]
  extras: this_over=1 innings=26 [w1/nb0/b0/lb0]
  extras_log: [{'over': '4.4', 'type': 'wide', 'runs': 1, 'this_over_after': []}]
  CB: PBKS 111-2 (10.2)  crr=10.74  ps=15(12)  recent=0 4
  CB BAT: Prabhsimran Singh* 42(30), Shreyas Iyer 5(7)
  CB BOWL: Ravindra Jadeja 0-21 (2)
  LAST WKT: Cooper Connolly  c Donovan Ferreira b Yash Raj Punja 30(14)  - 96/2 in 8.2 ov.
  ⚠ DIVERGENCE: SCORE: ui=107 cb=111 | OVERS: ui=10.1 cb=10.2 | BAT_singh: ui=38(29) cb=42(30) | BOWLER: ui=Jofra Archer cb=Ravindra Jadeja

[20:22:29  iter#139]
  UI: Punjab Kings 107-2 (10.1)  str=Prabhsimran Singh nstr=Shreyas Iyer  bowl=Jofra Archer 1-14 (3)
  this_over=['.']  fow=2 (unk=0)  last_fow={'wicket': 2, 'batter': 'Cooper Connolly', 'score': 96, 'overs': '8.2', 'bowler': 'Yash Raj Punja', 'how': None, '_unwitnessed': False}
  delivery: len=good_length line=leg_stump shot=in_the_air [layer2]
  extras: this_over=1 innings=26 [w1/nb0/b0/lb0]
  extras_log: [{'over': '4.4', 'type': 'wide', 'runs': 1, 'this_over_after': []}]
  CB: PBKS 111-2 (10.2)  crr=10.74  ps=15(12)  recent=0 4
  CB BAT: Prabhsimran Singh* 42(30), Shreyas Iyer 5(7)
  CB BOWL: Ravindra Jadeja 0-21 (2)
  LAST WKT: Cooper Connolly  c Donovan Ferreira b Yash Raj Punja 30(14)  - 96/2 in 8.2 ov.
  ⚠ DIVERGENCE: SCORE: ui=107 cb=111 | OVERS: ui=10.1 cb=10.2 | BAT_singh: ui=38(29) cb=42(30) | BOWLER: ui=Jofra Archer cb=Ravindra Jadeja

[20:22:53  iter#140]
  WS ERR: ''
  CB: PBKS 111-2 (10.2)  crr=10.74  ps=15(12)  recent=0 4
  CB BAT: Prabhsimran Singh* 42(30), Shreyas Iyer 5(7)
  CB BOWL: Ravindra Jadeja 0-21 (2)
  LAST WKT: Cooper Connolly  c Donovan Ferreira b Yash Raj Punja 30(14)  - 96/2 in 8.2 ov.
  ⚠ DIVERGENCE: BATTERS_MISSING_IN_UI: {'singh', 'iyer'} (ui=set(), cb={'singh', 'iyer'}) | BOWLER: ui=None cb=Ravindra Jadeja

[20:23:14  iter#141]
  UI: Punjab Kings 115-2 (10.3)  str=Prabhsimran Singh nstr=Shreyas Iyer  bowl=Jofra Archer 1-22 (3.2)
  this_over=['.', '4', '4']  fow=2 (unk=0)  last_fow={'wicket': 2, 'batter': 'Cooper Connolly', 'score': 96, 'overs': '8.2', 'bowler': 'Yash Raj Punja', 'how': None, '_unwitnessed': False}
  delivery: len=short_of_length line=leg_stump shot=in_the_air [layer2]
  extras: this_over=1 innings=26 [w1/nb0/b0/lb0]
  extras_log: [{'over': '4.4', 'type': 'wide', 'runs': 1, 'this_over_after': []}]
  CB: PBKS 115-2 (10.3)  crr=10.95  ps=19(13)  recent=0 4 4
  CB BAT: Prabhsimran Singh* 46(31), Shreyas Iyer 5(7)
  CB BOWL: Ravindra Jadeja 0-21 (2)
  LAST WKT: Cooper Connolly  c Donovan Ferreira b Yash Raj Punja 30(14)  - 96/2 in 8.2 ov.
  ⚠ DIVERGENCE: BOWLER: ui=Jofra Archer cb=Ravindra Jadeja

[20:23:38  iter#142]
  WS ERR: ''
  CB: PBKS 116-2 (10.4)  crr=10.88  ps=20(14)  recent=0 4 4 1
  CB BAT: Shreyas Iyer* 5(7), Prabhsimran Singh 47(32)
  CB BOWL: Ravindra Jadeja 0-21 (2)
  LAST WKT: Cooper Connolly  c Donovan Ferreira b Yash Raj Punja 30(14)  - 96/2 in 8.2 ov.
  ⚠ DIVERGENCE: BATTERS_MISSING_IN_UI: {'singh', 'iyer'} (ui=set(), cb={'singh', 'iyer'}) | BOWLER: ui=None cb=Ravindra Jadeja

[20:24:01  iter#143]
  UI: Punjab Kings 116-2 (10.4)  str=Prabhsimran Singh nstr=Shreyas Iyer  bowl=Jofra Archer 1-22 (3.2)
  this_over=['.', '4', '4', '1']  fow=2 (unk=0)  last_fow={'wicket': 2, 'batter': 'Cooper Connolly', 'score': 96, 'overs': '8.2', 'bowler': 'Yash Raj Punja', 'how': None, '_unwitnessed': False}
  delivery: len=short_of_length line=leg_stump shot=in_the_air [layer2]
  extras: this_over=1 innings=26 [w1/nb0/b0/lb0]
  extras_log: [{'over': '4.4', 'type': 'wide', 'runs': 1, 'this_over_after': []}]
  CB: PBKS 116-2 (10.4)  crr=10.88  ps=20(14)  recent=0 4 4 1
  CB BAT: Shreyas Iyer* 5(7), Prabhsimran Singh 47(32)
  CB BOWL: Ravindra Jadeja 0-21 (2)
  LAST WKT: Cooper Connolly  c Donovan Ferreira b Yash Raj Punja 30(14)  - 96/2 in 8.2 ov.
  ⚠ DIVERGENCE: STRIKER: ui=Prabhsimran Singh cb=Shreyas Iyer | BOWLER: ui=Jofra Archer cb=Ravindra Jadeja

[20:24:25  iter#144]
  UI: Punjab Kings 116-2 (10.4)  str=Prabhsimran Singh nstr=Shreyas Iyer  bowl=Jofra Archer 1-22 (3.2)
  this_over=['.', '4', '4', '1']  fow=2 (unk=0)  last_fow={'wicket': 2, 'batter': 'Cooper Connolly', 'score': 96, 'overs': '8.2', 'bowler': 'Yash Raj Punja', 'how': None, '_unwitnessed': False}
  delivery: len=short_of_length line=leg_stump shot=in_the_air [layer2]
  extras: this_over=1 innings=26 [w1/nb0/b0/lb0]
  extras_log: [{'over': '4.4', 'type': 'wide', 'runs': 1, 'this_over_after': []}]
  CB: PBKS 117-2 (10.5)  crr=10.8  ps=21(15)  recent=0 4 4 1 1
  CB BAT: Prabhsimran Singh* 47(32), Shreyas Iyer 6(8)
  CB BOWL: Ravindra Jadeja 0-21 (2)
  LAST WKT: Cooper Connolly  c Donovan Ferreira b Yash Raj Punja 30(14)  - 96/2 in 8.2 ov.
  ⚠ DIVERGENCE: SCORE: ui=116 cb=117 | OVERS: ui=10.4 cb=10.5 | BAT_iyer: ui=5(7) cb=6(8) | BOWLER: ui=Jofra Archer cb=Ravindra Jadeja

[20:24:48  iter#145]
  UI: Punjab Kings 117-2 (10.5)  str=Prabhsimran Singh nstr=Shreyas Iyer  bowl=Jofra Archer 1-22 (3.2)
  this_over=['.', '4', '4', '1', '1']  fow=2 (unk=0)  last_fow={'wicket': 2, 'batter': 'Cooper Connolly', 'score': 96, 'overs': '8.2', 'bowler': 'Yash Raj Punja', 'how': None, '_unwitnessed': False}
  delivery: len=short_of_length line=leg_stump shot=in_the_air [layer2]
  extras: this_over=1 innings=26 [w1/nb0/b0/lb0]
  extras_log: [{'over': '4.4', 'type': 'wide', 'runs': 1, 'this_over_after': []}]
  CB: PBKS 118-2 (11)  crr=10.73  ps=22(16)  recent=0 4 4 1 1 1
  CB BAT: Prabhsimran Singh* 48(33), Shreyas Iyer 6(8)
  CB BOWL: Jofra Archer 1-23 (3)
  LAST WKT: Cooper Connolly  c Donovan Ferreira b Yash Raj Punja 30(14)  - 96/2 in 8.2 ov.
  ⚠ DIVERGENCE: SCORE: ui=117 cb=118 | OVERS: ui=10.5 cb=11 | BAT_singh: ui=47(32) cb=48(33) | BOWL_R: ui=22 cb=23 | BOWL_O: ui=3.2 cb=3

[20:25:12  iter#146]
  WS ERR: ''
  CB: PBKS 118-2 (11)  crr=10.73  ps=22(16)  recent=0 4 4 1 1 1
  CB BAT: Prabhsimran Singh* 48(33), Shreyas Iyer 6(8)
  CB BOWL: Jofra Archer 1-23 (3)
  LAST WKT: Cooper Connolly  c Donovan Ferreira b Yash Raj Punja 30(14)  - 96/2 in 8.2 ov.
  ⚠ DIVERGENCE: BATTERS_MISSING_IN_UI: {'singh', 'iyer'} (ui=set(), cb={'singh', 'iyer'}) | BOWLER: ui=None cb=Jofra Archer

[20:25:36  iter#147]
  WS ERR: ''
  CB: PBKS 118-2 (11)  crr=10.73  ps=22(16)  recent=0 4 4 1 1 1
  CB BAT: Prabhsimran Singh* 48(33), Shreyas Iyer 6(8)
  CB BOWL: Jofra Archer 1-23 (3)
  LAST WKT: Cooper Connolly  c Donovan Ferreira b Yash Raj Punja 30(14)  - 96/2 in 8.2 ov.
  ⚠ DIVERGENCE: BATTERS_MISSING_IN_UI: {'singh', 'iyer'} (ui=set(), cb={'singh', 'iyer'}) | BOWLER: ui=None cb=Jofra Archer

[20:25:58  iter#148]
  UI: Punjab Kings 118-2 (11.0)  str=Prabhsimran Singh nstr=Shreyas Iyer  bowl=Ravindra Jadeja 1-21 (2)
  this_over=['.', '4', '4', '1', '1', '1']  fow=2 (unk=0)  last_fow={'wicket': 2, 'batter': 'Cooper Connolly', 'score': 96, 'overs': '8.2', 'bowler': 'Yash Raj Punja', 'how': None, '_unwitnessed': False}
  delivery: len=short_of_length line=leg_stump shot=in_the_air [layer2]
  extras: this_over=1 innings=26 [w1/nb0/b0/lb0]
  extras_log: [{'over': '4.4', 'type': 'wide', 'runs': 1, 'this_over_after': []}]
  CB: PBKS 119-2 (11.1)  crr=10.66  ps=23(17)  recent=1
  CB BAT: Shreyas Iyer* 6(8), Prabhsimran Singh 49(34)
  CB BOWL: Jofra Archer 1-23 (3)
  LAST WKT: Cooper Connolly  c Donovan Ferreira b Yash Raj Punja 30(14)  - 96/2 in 8.2 ov.
  ⚠ DIVERGENCE: SCORE: ui=118 cb=119 | OVERS: ui=11.0 cb=11.1 | STRIKER: ui=Prabhsimran Singh cb=Shreyas Iyer | BAT_singh: ui=48(33) cb=49(34) | BOWLER: ui=Ravindra Jadeja cb=Jofra Archer

[20:26:23  iter#149]
  UI: Punjab Kings 119-2 (11.1)  str=Prabhsimran Singh nstr=Shreyas Iyer  bowl=Ravindra Jadeja 1-21 (2)
  this_over=['1']  fow=2 (unk=0)  last_fow={'wicket': 2, 'batter': 'Cooper Connolly', 'score': 96, 'overs': '8.2', 'bowler': 'Yash Raj Punja', 'how': None, '_unwitnessed': False}
  delivery: len=short_of_length line=leg_stump shot=in_the_air [layer2]
  extras: this_over=1 innings=27 [w1/nb0/b0/lb0]
  extras_log: [{'over': '4.4', 'type': 'wide', 'runs': 1, 'this_over_after': []}]
  CB: PBKS 120-2 (11.2)  crr=10.59  ps=24(18)  recent=1 1
  CB BAT: Prabhsimran Singh* 49(34), Shreyas Iyer 7(9)
  CB BOWL: Jofra Archer 1-23 (3)
  LAST WKT: Cooper Connolly  c Donovan Ferreira b Yash Raj Punja 30(14)  - 96/2 in 8.2 ov.
  ⚠ DIVERGENCE: SCORE: ui=119 cb=120 | OVERS: ui=11.1 cb=11.2 | BAT_iyer: ui=6(8) cb=7(9) | BOWLER: ui=Ravindra Jadeja cb=Jofra Archer

[20:26:46  iter#150]
  UI: Punjab Kings 120-2 (11.2)  str=Prabhsimran Singh nstr=Shreyas Iyer  bowl=Ravindra Jadeja 1-23 (2.2)
  this_over=['1', '1']  fow=2 (unk=0)  last_fow={'wicket': 2, 'batter': 'Cooper Connolly', 'score': 96, 'overs': '8.2', 'bowler': 'Yash Raj Punja', 'how': None, '_unwitnessed': False}
  delivery: len=short_of_length line=leg_stump shot=in_the_air [layer2]
  extras: this_over=1 innings=26 [w1/nb0/b0/lb0]
  extras_log: [{'over': '4.4', 'type': 'wide', 'runs': 1, 'this_over_after': []}]
  CB: PBKS 121-2 (11.3)  crr=10.52  ps=25(19)  recent=1 1 1
  CB BAT: Shreyas Iyer* 7(9), Prabhsimran Singh 50(35)
  CB BOWL: Jofra Archer 1-23 (3)
  LAST WKT: Cooper Connolly  c Donovan Ferreira b Yash Raj Punja 30(14)  - 96/2 in 8.2 ov.
  ⚠ DIVERGENCE: SCORE: ui=120 cb=121 | OVERS: ui=11.2 cb=11.3 | STRIKER: ui=Prabhsimran Singh cb=Shreyas Iyer | BAT_singh: ui=49(34) cb=50(35) | BOWLER: ui=Ravindra Jadeja cb=Jofra Archer

[20:27:08  iter#151]
  UI: Punjab Kings 121-2 (11.3)  str=Prabhsimran Singh nstr=Shreyas Iyer  bowl=Ravindra Jadeja 1-24 (2.3)
  this_over=['1', '1', '1']  fow=2 (unk=0)  last_fow={'wicket': 2, 'batter': 'Cooper Connolly', 'score': 96, 'overs': '8.2', 'bowler': 'Yash Raj Punja', 'how': None, '_unwitnessed': False}
  delivery: len=short_of_length line=leg_stump shot=in_the_air [layer2]
  extras: this_over=1 innings=26 [w1/nb0/b0/lb0]
  extras_log: [{'over': '4.4', 'type': 'wide', 'runs': 1, 'this_over_after': []}]
  CB: PBKS 125-2 (11.4)  crr=10.71  ps=29(20)  recent=1 1 1
  CB BAT: Shreyas Iyer* 7(10), Prabhsimran Singh 50(35)
  CB BOWL: Jofra Archer 1-23 (3)
  LAST WKT: Cooper Connolly  c Donovan Ferreira b Yash Raj Punja 30(14)  - 96/2 in 8.2 ov.
  ⚠ DIVERGENCE: SCORE: ui=121 cb=125 | OVERS: ui=11.3 cb=11.4 | STRIKER: ui=Prabhsimran Singh cb=Shreyas Iyer | BAT_iyer: ui=7(9) cb=7(10) | BOWLER: ui=Ravindra Jadeja cb=Jofra Archer

[20:27:29  iter#152]
  UI: Punjab Kings 125-2 (11.4)  str=Prabhsimran Singh nstr=Shreyas Iyer  bowl=Ravindra Jadeja 1-24 (2.4)
  this_over=['1', '1', '1', '4']  fow=2 (unk=0)  last_fow={'wicket': 2, 'batter': 'Cooper Connolly', 'score': 96, 'overs': '8.2', 'bowler': 'Yash Raj Punja', 'how': None, '_unwitnessed': False}
  delivery: len=short_of_length line=leg_stump shot=in_the_air [layer2]
  extras: this_over=1 innings=26 [w1/nb0/b0/lb0]
  extras_log: [{'over': '4.4', 'type': 'wide', 'runs': 1, 'this_over_after': []}]
  CB: PBKS 125-2 (11.4)  crr=10.71  ps=29(20)  recent=1 1 1
  CB BAT: Shreyas Iyer* 7(10), Prabhsimran Singh 50(35)
  CB BOWL: Jofra Archer 1-23 (3)
  LAST WKT: Cooper Connolly  c Donovan Ferreira b Yash Raj Punja 30(14)  - 96/2 in 8.2 ov.
  ⚠ DIVERGENCE: STRIKER: ui=Prabhsimran Singh cb=Shreyas Iyer | BOWLER: ui=Ravindra Jadeja cb=Jofra Archer

[20:27:51  iter#153]
  UI: Punjab Kings 126-2 (11.5)  str=Prabhsimran Singh nstr=Shreyas Iyer  bowl=Ravindra Jadeja 1-25 (2.5)
  this_over=['1', '1', '1', '4', '1']  fow=2 (unk=0)  last_fow={'wicket': 2, 'batter': 'Cooper Connolly', 'score': 96, 'overs': '8.2', 'bowler': 'Yash Raj Punja', 'how': None, '_unwitnessed': False}
  delivery: len=short_of_length line=outside_off shot=in_the_air [layer2]
  extras: this_over=1 innings=30 [w1/nb0/b0/lb0]
  extras_log: [{'over': '4.4', 'type': 'wide', 'runs': 1, 'this_over_after': []}]
  CB: PBKS 127-2 (12)  crr=10.58  ps=31(22)  recent=1 1 1
  CB BAT: Prabhsimran Singh* 51(36), Shreyas Iyer 8(11)
  CB BOWL: Ravindra Jadeja 0-26 (3)
  LAST WKT: Cooper Connolly  c Donovan Ferreira b Yash Raj Punja 30(14)  - 96/2 in 8.2 ov.
  ⚠ DIVERGENCE: SCORE: ui=126 cb=127 | OVERS: ui=11.5 cb=12 | BAT_singh: ui=50(35) cb=51(36) | BOWL_W: ui=1 cb=0 | BOWL_R: ui=25 cb=26 | BOWL_O: ui=2.5 cb=3

[20:28:15  iter#154]
  WS ERR: ''
  CB: PBKS 127-2 (12)  crr=10.58  ps=31(22)  recent=1 1 1
  CB BAT: Prabhsimran Singh* 51(36), Shreyas Iyer 8(11)
  CB BOWL: Ravindra Jadeja 0-26 (3)
  LAST WKT: Cooper Connolly  c Donovan Ferreira b Yash Raj Punja 30(14)  - 96/2 in 8.2 ov.
  ⚠ DIVERGENCE: BATTERS_MISSING_IN_UI: {'singh', 'iyer'} (ui=set(), cb={'singh', 'iyer'}) | BOWLER: ui=None cb=Ravindra Jadeja

[20:28:36  iter#155]
  UI: Punjab Kings 127-2 (12.0)  str=Prabhsimran Singh nstr=Shreyas Iyer  bowl=Yash Raj Punja 1-16 (1.5)
  this_over=['1', '1', '1', '4', '1', '1']  fow=2 (unk=0)  last_fow={'wicket': 2, 'batter': 'Cooper Connolly', 'score': 96, 'overs': '8.2', 'bowler': 'Yash Raj Punja', 'how': None, '_unwitnessed': False}
  delivery: len=short_of_length line=outside_off shot=in_the_air [layer2]
  extras: this_over=1 innings=30 [w1/nb0/b0/lb0]
  extras_log: [{'over': '4.4', 'type': 'wide', 'runs': 1, 'this_over_after': []}]
  CB: PBKS 127-2 (12)  crr=10.58  ps=31(22)  recent=1 1 1
  CB BAT: Prabhsimran Singh* 51(36), Shreyas Iyer 8(11)
  CB BOWL: Ravindra Jadeja 0-26 (3)
  LAST WKT: Cooper Connolly  c Donovan Ferreira b Yash Raj Punja 30(14)  - 96/2 in 8.2 ov.
  ⚠ DIVERGENCE: OVERS: ui=12.0 cb=12 | BOWLER: ui=Yash Raj Punja cb=Ravindra Jadeja

[20:28:58  iter#156]
  UI: Punjab Kings 127-2 (12.0)  str=Prabhsimran Singh nstr=Shreyas Iyer  bowl=Yash Raj Punja 1-16 (1.5)
  this_over=['1', '1', '1', '4', '1', '1']  fow=2 (unk=0)  last_fow={'wicket': 2, 'batter': 'Cooper Connolly', 'score': 96, 'overs': '8.2', 'bowler': 'Yash Raj Punja', 'how': None, '_unwitnessed': False}
  delivery: len=good_length line=leg_stump shot=in_the_air [layer2]
  extras: this_over=1 innings=30 [w1/nb0/b0/lb0]
  extras_log: [{'over': '4.4', 'type': 'wide', 'runs': 1, 'this_over_after': []}]
  CB: PBKS 127-2 (12)  crr=10.58  ps=31(22)  recent=...
  CB BAT: Prabhsimran Singh* 51(36), Shreyas Iyer 8(11)
  CB BOWL: Ravindra Jadeja 0-26 (3)
  LAST WKT: Cooper Connolly  c Donovan Ferreira b Yash Raj Punja 30(14)  - 96/2 in 8.2 ov.
  ⚠ DIVERGENCE: OVERS: ui=12.0 cb=12 | BOWLER: ui=Yash Raj Punja cb=Ravindra Jadeja

[20:29:20  iter#157]
  UI: Punjab Kings 129-2 (12.1)  str=Prabhsimran Singh nstr=Shreyas Iyer  bowl=Brijesh Sharma 1-6 (1.1)
  this_over=['2']  fow=2 (unk=0)  last_fow={'wicket': 2, 'batter': 'Cooper Connolly', 'score': 96, 'overs': '8.2', 'bowler': 'Yash Raj Punja', 'how': None, '_unwitnessed': False}
  delivery: len=good_length line=leg_stump shot=in_the_air [layer2]
  extras: this_over=1 innings=30 [w1/nb0/b0/lb0]
  extras_log: [{'over': '4.4', 'type': 'wide', 'runs': 1, 'this_over_after': []}]
  CB: PBKS 129-2 (12.1)  crr=10.6  ps=33(23)  recent=2
  CB BAT: Prabhsimran Singh* 53(37), Shreyas Iyer 8(11)
  CB BOWL: Ravindra Jadeja 0-26 (3)
  LAST WKT: Cooper Connolly  c Donovan Ferreira b Yash Raj Punja 30(14)  - 96/2 in 8.2 ov.
  ⚠ DIVERGENCE: BOWLER: ui=Brijesh Sharma cb=Ravindra Jadeja

[20:29:44  iter#158]
  WS ERR: ''
  CB: PBKS 129-2 (12.2)  crr=10.46  ps=33(24)  recent=2 0
  CB BAT: Prabhsimran Singh* 53(38), Shreyas Iyer 8(11)
  CB BOWL: Ravindra Jadeja 0-26 (3)
  LAST WKT: Cooper Connolly  c Donovan Ferreira b Yash Raj Punja 30(14)  - 96/2 in 8.2 ov.
  ⚠ DIVERGENCE: BATTERS_MISSING_IN_UI: {'singh', 'iyer'} (ui=set(), cb={'singh', 'iyer'}) | BOWLER: ui=None cb=Ravindra Jadeja

[20:30:04  iter#159]
  UI: Punjab Kings 129-2 (12.2)  str=Prabhsimran Singh nstr=Shreyas Iyer  bowl=Brijesh Sharma 1-6 (1.2)
  this_over=['2', '.']  fow=2 (unk=0)  last_fow={'wicket': 2, 'batter': 'Cooper Connolly', 'score': 96, 'overs': '8.2', 'bowler': 'Yash Raj Punja', 'how': None, '_unwitnessed': False}
  delivery: len=short_of_length line=leg_stump shot=in_the_air [layer2]
  extras: this_over=1 innings=30 [w1/nb0/b0/lb0]
  extras_log: [{'over': '4.4', 'type': 'wide', 'runs': 1, 'this_over_after': []}]
  CB: PBKS 129-2 (12.2)  crr=10.46  ps=33(24)  recent=2 0
  CB BAT: Prabhsimran Singh* 53(38), Shreyas Iyer 8(11)
  CB BOWL: Ravindra Jadeja 0-26 (3)
  LAST WKT: Cooper Connolly  c Donovan Ferreira b Yash Raj Punja 30(14)  - 96/2 in 8.2 ov.
  ⚠ DIVERGENCE: BOWLER: ui=Brijesh Sharma cb=Ravindra Jadeja

[20:30:29  iter#160]
  WS ERR: ''
  CB: PBKS 131-2 (12.3)  crr=10.48  ps=35(25)  recent=2 0 2
  CB BAT: Prabhsimran Singh* 55(39), Shreyas Iyer 8(11)
  CB BOWL: Ravindra Jadeja 0-26 (3)
  LAST WKT: Cooper Connolly  c Donovan Ferreira b Yash Raj Punja 30(14)  - 96/2 in 8.2 ov.
  ⚠ DIVERGENCE: BATTERS_MISSING_IN_UI: {'singh', 'iyer'} (ui=set(), cb={'singh', 'iyer'}) | BOWLER: ui=None cb=Ravindra Jadeja

[20:30:49  iter#161]
  UI: Punjab Kings 129-2 (12.2)  str=Prabhsimran Singh nstr=Shreyas Iyer  bowl=Brijesh Sharma 1-6 (1.2)
  this_over=['2', '.']  fow=2 (unk=0)  last_fow={'wicket': 2, 'batter': 'Cooper Connolly', 'score': 96, 'overs': '8.2', 'bowler': 'Yash Raj Punja', 'how': None, '_unwitnessed': False}
  delivery: len=short_of_length line=leg_stump shot=in_the_air [layer2]
  extras: this_over=1 innings=28 [w1/nb0/b0/lb0]
  extras_log: [{'over': '4.4', 'type': 'wide', 'runs': 1, 'this_over_after': []}]
  CB: PBKS 132-2 (12.4)  crr=10.42  ps=36(26)  recent=2 0 2 1
  CB BAT: Shreyas Iyer* 8(11), Prabhsimran Singh 56(40)
  CB BOWL: Ravindra Jadeja 0-26 (3)
  LAST WKT: Cooper Connolly  c Donovan Ferreira b Yash Raj Punja 30(14)  - 96/2 in 8.2 ov.
  ⚠ DIVERGENCE: SCORE: ui=129 cb=132 | OVERS: ui=12.2 cb=12.4 | STRIKER: ui=Prabhsimran Singh cb=Shreyas Iyer | BAT_singh: ui=55(39) cb=56(40) | BOWLER: ui=Brijesh Sharma cb=Ravindra Jadeja

[20:31:13  iter#162]
  UI: Punjab Kings 132-2 (12.4)  str=Prabhsimran Singh nstr=Shreyas Iyer  bowl=Brijesh Sharma 2-9 (1.4)
  this_over=['2', '.', '?', '?']  fow=2 (unk=0)  last_fow={'wicket': 2, 'batter': 'Cooper Connolly', 'score': 96, 'overs': '8.2', 'bowler': 'Yash Raj Punja', 'how': None, '_unwitnessed': False}
  delivery: len=short_of_length line=leg_stump shot=in_the_air [layer2]
  extras: this_over=1 innings=30 [w1/nb0/b0/lb0]
  extras_log: [{'over': '4.4', 'type': 'wide', 'runs': 1, 'this_over_after': []}]
  CB: PBKS 133-2 (12.5)  crr=10.36  ps=37(27)  recent=2 0 2 1 1
  CB BAT: Prabhsimran Singh* 56(40), Shreyas Iyer 9(12)
  CB BOWL: Ravindra Jadeja 0-26 (3)
  LAST WKT: Cooper Connolly  c Donovan Ferreira b Yash Raj Punja 30(14)  - 96/2 in 8.2 ov.
  ⚠ DIVERGENCE: SCORE: ui=132 cb=133 | OVERS: ui=12.4 cb=12.5 | BAT_iyer: ui=8(11) cb=9(12) | BOWLER: ui=Brijesh Sharma cb=Ravindra Jadeja

[20:31:37  iter#163]
  WS ERR: ''
  CB: PBKS 133-2 (12.5)  crr=10.36  ps=37(27)  recent=2 0 2 1 1
  CB BAT: Prabhsimran Singh* 56(40), Shreyas Iyer 9(12)
  CB BOWL: Ravindra Jadeja 0-26 (3)
  LAST WKT: Cooper Connolly  c Donovan Ferreira b Yash Raj Punja 30(14)  - 96/2 in 8.2 ov.
  ⚠ DIVERGENCE: BATTERS_MISSING_IN_UI: {'singh', 'iyer'} (ui=set(), cb={'singh', 'iyer'}) | BOWLER: ui=None cb=Ravindra Jadeja

[20:32:00  iter#164]
  UI: Punjab Kings 134-2 (13.0)  str=Prabhsimran Singh nstr=Shreyas Iyer  bowl=Yash Raj Punja 1-16 (1.5)
  this_over=['2', '.', '?', '?', '1', '1']  fow=2 (unk=0)  last_fow={'wicket': 2, 'batter': 'Cooper Connolly', 'score': 96, 'overs': '8.2', 'bowler': 'Yash Raj Punja', 'how': None, '_unwitnessed': False}
  delivery: len=short_of_length line=leg_stump shot=in_the_air [layer2]
  extras: this_over=1 innings=30 [w1/nb0/b0/lb0]
  extras_log: [{'over': '4.4', 'type': 'wide', 'runs': 1, 'this_over_after': []}]
  CB: PBKS 134-2 (13)  crr=10.31  ps=38(28)  recent=2 0 2 1 1 1
  CB BAT: Prabhsimran Singh* 57(41), Shreyas Iyer 9(12)
  CB BOWL: Brijesh Sharma 0-11 (2)
  LAST WKT: Cooper Connolly  c Donovan Ferreira b Yash Raj Punja 30(14)  - 96/2 in 8.2 ov.
  ⚠ DIVERGENCE: OVERS: ui=13.0 cb=13 | BAT_singh: ui=56(40) cb=57(41) | BOWLER: ui=Yash Raj Punja cb=Brijesh Sharma

[20:32:24  iter#165]
  WS ERR: ''
  CB: PBKS 134-2 (13)  crr=10.31  ps=38(28)  recent=2 0 2 1 1 1
  CB BAT: Prabhsimran Singh* 57(41), Shreyas Iyer 9(12)
  CB BOWL: Brijesh Sharma 0-11 (2)
  LAST WKT: Cooper Connolly  c Donovan Ferreira b Yash Raj Punja 30(14)  - 96/2 in 8.2 ov.
  ⚠ DIVERGENCE: BATTERS_MISSING_IN_UI: {'singh', 'iyer'} (ui=set(), cb={'singh', 'iyer'}) | BOWLER: ui=None cb=Brijesh Sharma

[20:32:48  iter#166]
  WS ERR: ''
  CB: PBKS 134-2 (13)  crr=10.31  ps=38(28)  recent=2 0 2 1 1 1
  CB BAT: Prabhsimran Singh* 57(41), Shreyas Iyer 9(12)
  CB BOWL: Brijesh Sharma 0-11 (2)
  LAST WKT: Cooper Connolly  c Donovan Ferreira b Yash Raj Punja 30(14)  - 96/2 in 8.2 ov.
  ⚠ DIVERGENCE: BATTERS_MISSING_IN_UI: {'singh', 'iyer'} (ui=set(), cb={'singh', 'iyer'}) | BOWLER: ui=None cb=Brijesh Sharma

[20:33:10  iter#167]
  UI: Punjab Kings 134-2 (13.0)  str=Prabhsimran Singh nstr=Shreyas Iyer  bowl=Yash Raj Punja 1-16 (1.5)
  this_over=['1', '1']  fow=2 (unk=0)  last_fow={'wicket': 2, 'batter': 'Cooper Connolly', 'score': 96, 'overs': '8.2', 'bowler': 'Yash Raj Punja', 'how': None, '_unwitnessed': False}
  delivery: len=good_length line=leg_stump shot=in_the_air [layer2]
  extras: this_over=1 innings=31 [w1/nb0/b0/lb0]
  extras_log: [{'over': '4.4', 'type': 'wide', 'runs': 1, 'this_over_after': []}]
  CB: PBKS 135-2 (13.1)  crr=10.25  ps=39(29)  recent=1
  CB BAT: Shreyas Iyer* 9(12), Prabhsimran Singh 58(42)
  CB BOWL: Brijesh Sharma 0-11 (2)
  LAST WKT: Cooper Connolly  c Donovan Ferreira b Yash Raj Punja 30(14)  - 96/2 in 8.2 ov.
  ⚠ DIVERGENCE: SCORE: ui=134 cb=135 | OVERS: ui=13.0 cb=13.1 | STRIKER: ui=Prabhsimran Singh cb=Shreyas Iyer | BAT_singh: ui=57(41) cb=58(42) | BOWLER: ui=Yash Raj Punja cb=Brijesh Sharma

[20:33:32  iter#168]
  UI: Punjab Kings 135-2 (13.1)  str=Prabhsimran Singh nstr=Shreyas Iyer  bowl=Yash Raj Punja 1-16 (1.5)
  this_over=['1']  fow=2 (unk=0)  last_fow={'wicket': 2, 'batter': 'Cooper Connolly', 'score': 96, 'overs': '8.2', 'bowler': 'Yash Raj Punja', 'how': None, '_unwitnessed': False}
  delivery: len=good_length line=leg_stump shot=in_the_air [layer2]
  extras: this_over=1 innings=30 [w1/nb0/b0/lb0]
  extras_log: [{'over': '4.4', 'type': 'wide', 'runs': 1, 'this_over_after': []}]
  CB: PBKS 135-2 (13.1)  crr=10.25  ps=39(29)  recent=1
  CB BAT: Shreyas Iyer* 9(12), Prabhsimran Singh 58(42)
  CB BOWL: Brijesh Sharma 0-11 (2)
  LAST WKT: Cooper Connolly  c Donovan Ferreira b Yash Raj Punja 30(14)  - 96/2 in 8.2 ov.
  ⚠ DIVERGENCE: STRIKER: ui=Prabhsimran Singh cb=Shreyas Iyer | BOWLER: ui=Yash Raj Punja cb=Brijesh Sharma

[20:33:56  iter#169]
  UI: Punjab Kings 135-2 (13.1)  str=Prabhsimran Singh nstr=Shreyas Iyer  bowl=Yash Raj Punja 1-22 (2.1)
  this_over=['1']  fow=2 (unk=0)  last_fow={'wicket': 2, 'batter': 'Cooper Connolly', 'score': 96, 'overs': '8.2', 'bowler': 'Yash Raj Punja', 'how': None, '_unwitnessed': False}
  delivery: len=short_of_length line=leg_stump shot=in_the_air [layer2]
  extras: this_over=1 innings=30 [w1/nb0/b0/lb0]
  extras_log: [{'over': '4.4', 'type': 'wide', 'runs': 1, 'this_over_after': []}]
  CB: PBKS 136-2 (13.2)  crr=10.2  ps=40(30)  recent=1 1
  CB BAT: Prabhsimran Singh* 58(42), Shreyas Iyer 10(13)
  CB BOWL: Brijesh Sharma 0-11 (2)
  LAST WKT: Cooper Connolly  c Donovan Ferreira b Yash Raj Punja 30(14)  - 96/2 in 8.2 ov.
  ⚠ DIVERGENCE: SCORE: ui=135 cb=136 | OVERS: ui=13.1 cb=13.2 | BAT_iyer: ui=9(12) cb=10(13) | BOWLER: ui=Yash Raj Punja cb=Brijesh Sharma

[20:34:21  iter#170]
  WS ERR: ''
  CB: PBKS 137-2 (13.3)  crr=10.15  ps=41(31)  recent=1 1 1
  CB BAT: Shreyas Iyer* 10(13), Prabhsimran Singh 59(43)
  CB BOWL: Brijesh Sharma 0-11 (2)
  LAST WKT: Cooper Connolly  c Donovan Ferreira b Yash Raj Punja 30(14)  - 96/2 in 8.2 ov.
  ⚠ DIVERGENCE: BATTERS_MISSING_IN_UI: {'singh', 'iyer'} (ui=set(), cb={'singh', 'iyer'}) | BOWLER: ui=None cb=Brijesh Sharma

[20:34:44  iter#171]
  UI: Punjab Kings 137-2 (13.3)  str=Prabhsimran Singh nstr=Shreyas Iyer  bowl=Yash Raj Punja 1-22 (2.1)
  this_over=['1', '1', '1']  fow=2 (unk=0)  last_fow={'wicket': 2, 'batter': 'Cooper Connolly', 'score': 96, 'overs': '8.2', 'bowler': 'Yash Raj Punja', 'how': None, '_unwitnessed': False}
  delivery: len=short_of_length line=leg_stump shot=in_the_air [layer2]
  extras: this_over=1 innings=30 [w1/nb0/b0/lb0]
  extras_log: [{'over': '4.4', 'type': 'wide', 'runs': 1, 'this_over_after': []}]
  CB: PBKS 137-2 (13.3)  crr=10.15  ps=41(31)  recent=...
  CB BAT: Shreyas Iyer* 10(13), Prabhsimran Singh 59(43)
  CB BOWL: Brijesh Sharma 0-11 (2)
  LAST WKT: Cooper Connolly  c Donovan Ferreira b Yash Raj Punja 30(14)  - 96/2 in 8.2 ov.
  ⚠ DIVERGENCE: STRIKER: ui=Prabhsimran Singh cb=Shreyas Iyer | BOWLER: ui=Yash Raj Punja cb=Brijesh Sharma

[20:35:04  iter#172]
  UI: Punjab Kings 143-2 (13.4)  str=Prabhsimran Singh nstr=Shreyas Iyer  bowl=Yash Raj Punja 1-30 (2.4)
  this_over=['1', '1', '1', '6']  fow=2 (unk=0)  last_fow={'wicket': 2, 'batter': 'Cooper Connolly', 'score': 96, 'overs': '8.2', 'bowler': 'Yash Raj Punja', 'how': None, '_unwitnessed': False}
  delivery: len=short_of_length line=leg_stump shot=in_the_air [layer2]
  extras: this_over=1 innings=36 [w1/nb0/b0/lb0]
  extras_log: [{'over': '4.4', 'type': 'wide', 'runs': 1, 'this_over_after': []}]
  CB: PBKS 143-2 (13.4)  crr=10.46  ps=47(32)  recent=1 1 1 6
  CB BAT: Shreyas Iyer* 16(14), Prabhsimran Singh 59(43)
  CB BOWL: Brijesh Sharma 0-11 (2)
  LAST WKT: Cooper Connolly  c Donovan Ferreira b Yash Raj Punja 30(14)  - 96/2 in 8.2 ov.
  ⚠ DIVERGENCE: STRIKER: ui=Prabhsimran Singh cb=Shreyas Iyer | BAT_iyer: ui=10(13) cb=16(14) | BOWLER: ui=Yash Raj Punja cb=Brijesh Sharma

[20:35:25  iter#173]
  UI: Punjab Kings 143-2 (13.4)  str=Prabhsimran Singh nstr=Shreyas Iyer  bowl=Yash Raj Punja 1-30 (2.4)
  this_over=['1', '1', '1', '6']  fow=2 (unk=0)  last_fow={'wicket': 2, 'batter': 'Cooper Connolly', 'score': 96, 'overs': '8.2', 'bowler': 'Yash Raj Punja', 'how': None, '_unwitnessed': False}
  delivery: len=good_length line=leg_stump shot=in_the_air [layer2]
  extras: this_over=1 innings=36 [w1/nb0/b0/lb0]
  extras_log: [{'over': '4.4', 'type': 'wide', 'runs': 1, 'this_over_after': []}]
  CB: PBKS 143-2 (13.4)  crr=10.46  ps=47(32)  recent=1 1 1 6
  CB BAT: Shreyas Iyer* 16(14), Prabhsimran Singh 59(43)
  CB BOWL: Brijesh Sharma 0-11 (2)
  LAST WKT: Cooper Connolly  c Donovan Ferreira b Yash Raj Punja 30(14)  - 96/2 in 8.2 ov.
  ⚠ DIVERGENCE: STRIKER: ui=Prabhsimran Singh cb=Shreyas Iyer | BAT_iyer: ui=10(13) cb=16(14) | BOWLER: ui=Yash Raj Punja cb=Brijesh Sharma

[20:35:46  iter#174]
  UI: Punjab Kings 143-2 (13.4)  str=Prabhsimran Singh nstr=Shreyas Iyer  bowl=Yash Raj Punja 1-30 (2.4)
  this_over=['1', '1', '1', '6']  fow=2 (unk=0)  last_fow={'wicket': 2, 'batter': 'Cooper Connolly', 'score': 96, 'overs': '8.2', 'bowler': 'Yash Raj Punja', 'how': None, '_unwitnessed': False}
  delivery: len=good_length line=leg_stump shot=in_the_air [layer2]
  extras: this_over=1 innings=30 [w1/nb0/b0/lb0]
  extras_log: [{'over': '4.4', 'type': 'wide', 'runs': 1, 'this_over_after': []}]
  CB: PBKS 144-3 (14)  crr=10.29  ps=48(34)  recent=1 1 1 6 1 W
  CB BAT: Shreyas Iyer* 17(15), Brijesh Sharma 2(0)
  CB BOWL: Yash Raj Punja 2-31 (3)
  LAST WKT: Prabhsimran Singh  c Riyan Parag b Yash Raj Punja 59(44)  - 144/3 in 13.6 ov.
  ⚠ DIVERGENCE: SCORE: ui=143 cb=144 | WICKETS: ui=2 cb=3 | OVERS: ui=13.4 cb=14 | STRIKER: ui=Prabhsimran Singh cb=Shreyas Iyer | BATTERS_MISSING_IN_UI: {'sharma'} (ui={'singh', 'iyer'}, cb={'sharma', 'iyer'}) | BAT_iyer: ui=16(14) cb=17(15) | BOWL_W: ui=1 cb=2 | BOWL_R: ui=30 cb=31 | BOWL_O: ui=2.4 cb=3

[20:36:07  iter#175]
  UI: Punjab Kings 144-2 (13.5)  str=Prabhsimran Singh nstr=Shreyas Iyer  bowl=Yash Raj Punja 1-31 (2.5)
  this_over=['1', '1', '1', '6', '1']  fow=2 (unk=0)  last_fow={'wicket': 2, 'batter': 'Cooper Connolly', 'score': 96, 'overs': '8.2', 'bowler': 'Yash Raj Punja', 'how': None, '_unwitnessed': False}
  delivery: len=good_length line=leg_stump shot=in_the_air [layer2]
  extras: this_over=1 innings=30 [w1/nb0/b0/lb0]
  extras_log: [{'over': '4.4', 'type': 'wide', 'runs': 1, 'this_over_after': []}]
  CB: PBKS 144-3 (14)  crr=10.29  ps=48(34)  recent=1 1 1 6 1 W
  CB BAT: Shreyas Iyer* 17(15), Brijesh Sharma 2(0)
  CB BOWL: Yash Raj Punja 2-31 (3)
  LAST WKT: Prabhsimran Singh  c Riyan Parag b Yash Raj Punja 59(44)  - 144/3 in 13.6 ov.
  ⚠ DIVERGENCE: WICKETS: ui=2 cb=3 | OVERS: ui=13.5 cb=14 | STRIKER: ui=Prabhsimran Singh cb=Shreyas Iyer | BATTERS_MISSING_IN_UI: {'sharma'} (ui={'singh', 'iyer'}, cb={'sharma', 'iyer'}) | BOWL_W: ui=1 cb=2 | BOWL_O: ui=2.5 cb=3

[20:36:30  iter#176]
  UI: Punjab Kings 144-3 (14.0)  str=Shreyas Iyer nstr=None  bowl=Yash Raj Punja 1-31 (2.5)
  this_over=['1', '1', '1', '6', '1', 'W']  fow=2 (unk=0)  last_fow={'wicket': 2, 'batter': 'Cooper Connolly', 'score': 96, 'overs': '8.2', 'bowler': 'Yash Raj Punja', 'how': None, '_unwitnessed': False}
  delivery: len=short_of_length line=leg_stump shot=in_the_air [layer2]
  extras: this_over=1 innings=30 [w1/nb0/b0/lb0]
  extras_log: [{'over': '4.4', 'type': 'wide', 'runs': 1, 'this_over_after': []}]
  CB: PBKS 144-3 (14)  crr=10.29  ps=48(34)  recent=1 1 1 6 1 W
  CB BAT: Shreyas Iyer* 17(15), Brijesh Sharma 2(0)
  CB BOWL: Yash Raj Punja 2-31 (3)
  LAST WKT: Prabhsimran Singh  c Riyan Parag b Yash Raj Punja 59(44)  - 144/3 in 13.6 ov.
  ⚠ DIVERGENCE: OVERS: ui=14.0 cb=14 | BATTERS_MISSING_IN_UI: {'sharma'} (ui={'iyer'}, cb={'sharma', 'iyer'}) | FOW_COUNT: ui=2 vs wickets=3 | BOWL_W: ui=1 cb=2 | BOWL_O: ui=2.5 cb=3

[20:36:54  iter#177]
  WS ERR: ''
  CB: PBKS 144-3 (14)  crr=10.29  ps=0(0)  recent=...
  CB BAT: Shreyas Iyer* 17(15), Marcus Stoinis 0(0)
  CB BOWL: Yash Raj Punja 2-31 (3)
  LAST WKT: Prabhsimran Singh  c Riyan Parag b Yash Raj Punja 59(44)  - 144/3 in 13.6 ov.
  ⚠ DIVERGENCE: BATTERS_MISSING_IN_UI: {'iyer', 'stoinis'} (ui=set(), cb={'stoinis', 'iyer'}) | BOWLER: ui=None cb=Yash Raj Punja

[20:37:15  iter#178]
  UI: Punjab Kings 144-3 (14.0)  str=Prabhsimran Singh nstr=Shreyas Iyer  bowl=Yash Raj Punja 1-31 (2.5)
  this_over=['1', '1', '1', '6', '1', 'W']  fow=2 (unk=0)  last_fow={'wicket': 2, 'batter': 'Cooper Connolly', 'score': 96, 'overs': '8.2', 'bowler': 'Yash Raj Punja', 'how': None, '_unwitnessed': False}
  delivery: len=short_of_length line=leg_stump shot=in_the_air [layer2]
  extras: this_over=1 innings=30 [w1/nb0/b0/lb0]
  extras_log: [{'over': '4.4', 'type': 'wide', 'runs': 1, 'this_over_after': []}]
  CB: PBKS 144-3 (14)  crr=10.29  ps=0(0)  recent=...
  CB BAT: Shreyas Iyer* 17(15), Marcus Stoinis 0(0)
  CB BOWL: Yash Raj Punja 2-31 (3)
  LAST WKT: Prabhsimran Singh  c Riyan Parag b Yash Raj Punja 59(44)  - 144/3 in 13.6 ov.
  ⚠ DIVERGENCE: OVERS: ui=14.0 cb=14 | STRIKER: ui=Prabhsimran Singh cb=Shreyas Iyer | BATTERS_MISSING_IN_UI: {'stoinis'} (ui={'singh', 'iyer'}, cb={'stoinis', 'iyer'}) | FOW_COUNT: ui=2 vs wickets=3 | BOWL_W: ui=1 cb=2 | BOWL_O: ui=2.5 cb=3

[20:37:39  iter#179]
  UI: Punjab Kings 144-3 (14.0)  str=Prabhsimran Singh nstr=Shreyas Iyer  bowl=Ravindra Jadeja 1-26 (3)
  this_over=['1', '1', '1', '6', '1', 'W']  fow=2 (unk=0)  last_fow={'wicket': 2, 'batter': 'Cooper Connolly', 'score': 96, 'overs': '8.2', 'bowler': 'Yash Raj Punja', 'how': None, '_unwitnessed': False}
  delivery: len=short_of_length line=leg_stump shot=in_the_air [layer2]
  extras: this_over=1 innings=30 [w1/nb0/b0/lb0]
  extras_log: [{'over': '4.4', 'type': 'wide', 'runs': 1, 'this_over_after': []}]
  CB: PBKS 145-3 (14.1)  crr=10.24  ps=1(1)  recent=1
  CB BAT: Marcus Stoinis* 0(0), Shreyas Iyer 18(16)
  CB BOWL: Yash Raj Punja 2-31 (3)
  LAST WKT: Prabhsimran Singh  c Riyan Parag b Yash Raj Punja 59(44)  - 144/3 in 13.6 ov.
  ⚠ DIVERGENCE: SCORE: ui=144 cb=145 | OVERS: ui=14.0 cb=14.1 | STRIKER: ui=Prabhsimran Singh cb=Marcus Stoinis | BATTERS_MISSING_IN_UI: {'stoinis'} (ui={'singh', 'iyer'}, cb={'iyer', 'stoinis'}) | BAT_iyer: ui=17(15) cb=18(16) | FOW_COUNT: ui=2 vs wickets=3 | BOWLER: ui=Ravindra Jadeja cb=Yash Raj Punja

[20:38:03  iter#180]
  WS ERR: ''
  CB: PBKS 145-3 (14.1)  crr=10.24  ps=1(1)  recent=1
  CB BAT: Marcus Stoinis* 0(0), Shreyas Iyer 18(16)
  CB BOWL: Yash Raj Punja 2-31 (3)
  LAST WKT: Prabhsimran Singh  c Riyan Parag b Yash Raj Punja 59(44)  - 144/3 in 13.6 ov.
  ⚠ DIVERGENCE: BATTERS_MISSING_IN_UI: {'stoinis', 'iyer'} (ui=set(), cb={'iyer', 'stoinis'}) | BOWLER: ui=None cb=Yash Raj Punja

[20:38:25  iter#181]
  UI: Punjab Kings 145-3 (14.1)  str=Shreyas Iyer nstr=Marcus Stoinis  bowl=Ravindra Jadeja 1-26 (3)
  this_over=['1']  fow=3 (unk=0)  last_fow={'wicket': 3, 'batter': 'Prabhsimran Singh', 'score': 144, 'overs': '14.0', 'bowler': 'Ravindra Jadeja', 'how': None, '_unwitnessed': False}
  delivery: len=short_of_length line=outside_off shot=in_the_air [layer2]
  extras: this_over=1 innings=30 [w1/nb0/b0/lb0]
  extras_log: [{'over': '4.4', 'type': 'wide', 'runs': 1, 'this_over_after': []}]
  CB: PBKS 145-3 (14.1)  crr=10.24  ps=1(1)  recent=1
  CB BAT: Marcus Stoinis* 0(0), Shreyas Iyer 18(16)
  CB BOWL: Yash Raj Punja 2-31 (3)
  LAST WKT: Prabhsimran Singh  c Riyan Parag b Yash Raj Punja 59(44)  - 144/3 in 13.6 ov.
  ⚠ DIVERGENCE: STRIKER: ui=Shreyas Iyer cb=Marcus Stoinis | BOWLER: ui=Ravindra Jadeja cb=Yash Raj Punja

[20:38:49  iter#182]
  WS ERR: ''
  CB: PBKS 147-3 (14.3)  crr=10.14  ps=3(3)  recent=1 1 1
  CB BAT: Marcus Stoinis* 1(1), Shreyas Iyer 19(17)
  CB BOWL: Yash Raj Punja 2-31 (3)
  LAST WKT: Prabhsimran Singh  c Riyan Parag b Yash Raj Punja 59(44)  - 144/3 in 13.6 ov.
  ⚠ DIVERGENCE: BATTERS_MISSING_IN_UI: {'stoinis', 'iyer'} (ui=set(), cb={'iyer', 'stoinis'}) | BOWLER: ui=None cb=Yash Raj Punja

[20:39:13  iter#183]
  WS ERR: ''
  CB: PBKS 148-3 (14.5)  crr=9.98  ps=4(5)  recent=1 1 1 0 1
  CB BAT: Shreyas Iyer* 19(17), Marcus Stoinis 2(3)
  CB BOWL: Yash Raj Punja 2-31 (3)
  LAST WKT: Prabhsimran Singh  c Riyan Parag b Yash Raj Punja 59(44)  - 144/3 in 13.6 ov.
  ⚠ DIVERGENCE: BATTERS_MISSING_IN_UI: {'iyer', 'stoinis'} (ui=set(), cb={'stoinis', 'iyer'}) | BOWLER: ui=None cb=Yash Raj Punja

[20:39:37  iter#184]
  UI: Punjab Kings 147-3 (14.4)  str=Shreyas Iyer nstr=Marcus Stoinis  bowl=Ravindra Jadeja 1-28 (3.2)
  this_over=['1', '1', '1', '.']  fow=3 (unk=0)  last_fow={'wicket': 3, 'batter': 'Prabhsimran Singh', 'score': 144, 'overs': '14.0', 'bowler': 'Ravindra Jadeja', 'how': None, '_unwitnessed': False}
  delivery: len=short_of_length line=outside_off shot=in_the_air [layer2]
  extras: this_over=1 innings=31 [w1/nb0/b0/lb0]
  extras_log: [{'over': '4.4', 'type': 'wide', 'runs': 1, 'this_over_after': []}]
  CB: PBKS 150-3 (15)  crr=10.0  ps=6(6)  recent=1 1 1 0 1 2
  CB BAT: Marcus Stoinis* 2(3), Shreyas Iyer 21(18)
  CB BOWL: Ravindra Jadeja 0-32 (4)
  LAST WKT: Prabhsimran Singh  c Riyan Parag b Yash Raj Punja 59(44)  - 144/3 in 13.6 ov.
  ⚠ DIVERGENCE: SCORE: ui=147 cb=150 | OVERS: ui=14.4 cb=15 | STRIKER: ui=Shreyas Iyer cb=Marcus Stoinis | BAT_stoinis: ui=1(1) cb=2(3) | BAT_iyer: ui=18(19) cb=21(18) | BOWL_W: ui=1 cb=0 | BOWL_R: ui=28 cb=32 | BOWL_O: ui=3.2 cb=4

[20:40:01  iter#185]
  WS ERR: ''
  CB: PBKS 150-3 (15)  crr=10.0  ps=6(6)  recent=...
  CB BAT: Marcus Stoinis* 2(3), Shreyas Iyer 21(18)
  CB BOWL: Ravindra Jadeja 0-32 (4)
  LAST WKT: Prabhsimran Singh  c Riyan Parag b Yash Raj Punja 59(44)  - 144/3 in 13.6 ov.
  ⚠ DIVERGENCE: BATTERS_MISSING_IN_UI: {'stoinis', 'iyer'} (ui=set(), cb={'iyer', 'stoinis'}) | BOWLER: ui=None cb=Ravindra Jadeja

[20:40:24  iter#186]
  UI: Punjab Kings 150-3 (15.0)  str=Shreyas Iyer nstr=Marcus Stoinis  bowl=Yash Raj Punja 1-31 (2.5)
  this_over=['1', '1', '1', '.', '1', '2']  fow=3 (unk=0)  last_fow={'wicket': 3, 'batter': 'Prabhsimran Singh', 'score': 144, 'overs': '14.0', 'bowler': 'Ravindra Jadeja', 'how': None, '_unwitnessed': False}
  delivery: len=short_of_length line=leg_stump shot=in_the_air [layer2]
  extras: this_over=1 innings=34 [w1/nb0/b0/lb0]
  extras_log: [{'over': '4.4', 'type': 'wide', 'runs': 1, 'this_over_after': []}]
  CB: PBKS 150-3 (15)  crr=10.0  ps=6(6)  recent=...
  CB BAT: Marcus Stoinis* 2(3), Shreyas Iyer 21(18)
  CB BOWL: Ravindra Jadeja 0-32 (4)
  LAST WKT: Prabhsimran Singh  c Riyan Parag b Yash Raj Punja 59(44)  - 144/3 in 13.6 ov.
  ⚠ DIVERGENCE: OVERS: ui=15.0 cb=15 | STRIKER: ui=Shreyas Iyer cb=Marcus Stoinis | BAT_stoinis: ui=1(1) cb=2(3) | BAT_iyer: ui=18(19) cb=21(18) | BOWLER: ui=Yash Raj Punja cb=Ravindra Jadeja

[20:40:49  iter#187]
  WS ERR: ''
  CB: PBKS 150-3 (15)  crr=10.0  ps=6(6)  recent=1 1 1 0 1 2
  CB BAT: Marcus Stoinis* 2(3), Shreyas Iyer 21(18)
  CB BOWL: Ravindra Jadeja 0-32 (4)
  LAST WKT: Prabhsimran Singh  c Riyan Parag b Yash Raj Punja 59(44)  - 144/3 in 13.6 ov.
  ⚠ DIVERGENCE: BATTERS_MISSING_IN_UI: {'stoinis', 'iyer'} (ui=set(), cb={'iyer', 'stoinis'}) | BOWLER: ui=None cb=Ravindra Jadeja

[20:41:10  iter#188]
  UI: Punjab Kings 150-3 (15.0)  str=Shreyas Iyer nstr=Marcus Stoinis  bowl=Yash Raj Punja 1-31 (2.5)
  this_over=['1', '1', '1', '.', '1', '2']  fow=3 (unk=0)  last_fow={'wicket': 3, 'batter': 'Prabhsimran Singh', 'score': 144, 'overs': '14.0', 'bowler': 'Ravindra Jadeja', 'how': None, '_unwitnessed': False}
  delivery: len=short_of_length line=leg_stump shot=in_the_air [layer2]
  extras: this_over=1 innings=34 [w1/nb0/b0/lb0]
  extras_log: [{'over': '4.4', 'type': 'wide', 'runs': 1, 'this_over_after': []}]
  CB: PBKS 150-3 (15)  crr=10.0  ps=6(6)  recent=1 1 1 0 1 2
  CB BAT: Marcus Stoinis* 2(3), Shreyas Iyer 21(18)
  CB BOWL: Ravindra Jadeja 0-32 (4)
  LAST WKT: Prabhsimran Singh  c Riyan Parag b Yash Raj Punja 59(44)  - 144/3 in 13.6 ov.
  ⚠ DIVERGENCE: OVERS: ui=15.0 cb=15 | STRIKER: ui=Shreyas Iyer cb=Marcus Stoinis | BOWLER: ui=Yash Raj Punja cb=Ravindra Jadeja

[20:41:31  iter#189]
  UI: Punjab Kings 150-3 (15.0)  str=Shreyas Iyer nstr=Marcus Stoinis  bowl=Yash Raj Punja 1-31 (2.5)
  this_over=['1', '1', '1', '.', '1', '2']  fow=3 (unk=0)  last_fow={'wicket': 3, 'batter': 'Prabhsimran Singh', 'score': 144, 'overs': '14.0', 'bowler': 'Ravindra Jadeja', 'how': None, '_unwitnessed': False}
  delivery: len=short_of_length line=leg_stump shot=in_the_air [layer2]
  extras: this_over=1 innings=30 [w1/nb0/b0/lb0]
  extras_log: [{'over': '4.4', 'type': 'wide', 'runs': 1, 'this_over_after': []}]
  CB: PBKS 151-3 (15.1)  crr=9.96  ps=7(7)  recent=1
  CB BAT: Shreyas Iyer* 21(18), Marcus Stoinis 3(4)
  CB BOWL: Ravindra Jadeja 0-32 (4)
  LAST WKT: Prabhsimran Singh  c Riyan Parag b Yash Raj Punja 59(44)  - 144/3 in 13.6 ov.
  ⚠ DIVERGENCE: SCORE: ui=150 cb=151 | OVERS: ui=15.0 cb=15.1 | BAT_stoinis: ui=2(3) cb=3(4) | BOWLER: ui=Yash Raj Punja cb=Ravindra Jadeja

[20:41:55  iter#190]
  WS ERR: ''
  CB: PBKS 152-3 (15.2)  crr=9.91  ps=8(8)  recent=1 1
  CB BAT: Marcus Stoinis* 3(4), Shreyas Iyer 22(19)
  CB BOWL: Ravindra Jadeja 0-32 (4)
  LAST WKT: Prabhsimran Singh  c Riyan Parag b Yash Raj Punja 59(44)  - 144/3 in 13.6 ov.
  ⚠ DIVERGENCE: BATTERS_MISSING_IN_UI: {'stoinis', 'iyer'} (ui=set(), cb={'iyer', 'stoinis'}) | BOWLER: ui=None cb=Ravindra Jadeja

[20:42:17  iter#191]
  UI: Punjab Kings 152-3 (15.2)  str=Shreyas Iyer nstr=Marcus Stoinis  bowl=Yash Raj Punja 2-33 (3.2)
  this_over=['1', '1']  fow=3 (unk=0)  last_fow={'wicket': 3, 'batter': 'Prabhsimran Singh', 'score': 144, 'overs': '14.0', 'bowler': 'Ravindra Jadeja', 'how': None, '_unwitnessed': False}
  delivery: len=short_of_length line=outside_off shot=in_the_air [layer2]
  extras: this_over=1 innings=12 [w1/nb0/b0/lb0]
  extras_log: [{'over': '4.4', 'type': 'wide', 'runs': 1, 'this_over_after': []}]
  CB: PBKS 153-3 (15.3)  crr=9.87  ps=9(9)  recent=1 1 1
  CB BAT: Shreyas Iyer* 22(19), Marcus Stoinis 4(5)
  CB BOWL: Ravindra Jadeja 0-32 (4)
  LAST WKT: Prabhsimran Singh  c Riyan Parag b Yash Raj Punja 59(44)  - 144/3 in 13.6 ov.
  ⚠ DIVERGENCE: SCORE: ui=152 cb=153 | OVERS: ui=15.2 cb=15.3 | BAT_iyer: ui=21(18) cb=22(19) | BAT_stoinis: ui=22(19) cb=4(5) | BOWLER: ui=Yash Raj Punja cb=Ravindra Jadeja

[20:42:43  iter#192]
  WS ERR: ''
  CB: PBKS 154-3 (15.4)  crr=9.83  ps=10(10)  recent=1 1 1 1
  CB BAT: Marcus Stoinis* 4(5), Shreyas Iyer 23(20)
  CB BOWL: Ravindra Jadeja 0-32 (4)
  LAST WKT: Prabhsimran Singh  c Riyan Parag b Yash Raj Punja 59(44)  - 144/3 in 13.6 ov.
  ⚠ DIVERGENCE: BATTERS_MISSING_IN_UI: {'stoinis', 'iyer'} (ui=set(), cb={'iyer', 'stoinis'}) | BOWLER: ui=None cb=Ravindra Jadeja

[20:43:07  iter#193]
  WS ERR: ''
  CB: PBKS 154-3 (15.5)  crr=9.73  ps=10(11)  recent=1 1 1 1 0
  CB BAT: Marcus Stoinis* 4(6), Shreyas Iyer 23(20)
  CB BOWL: Ravindra Jadeja 0-32 (4)
  LAST WKT: Prabhsimran Singh  c Riyan Parag b Yash Raj Punja 59(44)  - 144/3 in 13.6 ov.
  ⚠ DIVERGENCE: BATTERS_MISSING_IN_UI: {'stoinis', 'iyer'} (ui=set(), cb={'iyer', 'stoinis'}) | BOWLER: ui=None cb=Ravindra Jadeja

[20:43:29  iter#194]
  UI: Punjab Kings 154-3 (15.5)  str=Shreyas Iyer nstr=Marcus Stoinis  bowl=Yash Raj Punja 2-35 (3.4)
  this_over=['1', '1', '1', '1', '.']  fow=3 (unk=0)  last_fow={'wicket': 3, 'batter': 'Prabhsimran Singh', 'score': 144, 'overs': '14.0', 'bowler': 'Ravindra Jadeja', 'how': None, '_unwitnessed': False}
  delivery: len=short_of_length line=leg_stump shot=in_the_air [layer2]
  extras: this_over=1 innings=30 [w1/nb0/b0/lb0]
  extras_log: [{'over': '4.4', 'type': 'wide', 'runs': 1, 'this_over_after': []}]
  CB: PBKS 160-3 (16)  crr=10.0  ps=16(12)  recent=1 1 1 1 0 6
  CB BAT: Shreyas Iyer* 23(20), Marcus Stoinis 10(7)
  CB BOWL: Yash Raj Punja 2-41 (4)
  LAST WKT: Prabhsimran Singh  c Riyan Parag b Yash Raj Punja 59(44)  - 144/3 in 13.6 ov.
  ⚠ DIVERGENCE: SCORE: ui=154 cb=160 | OVERS: ui=15.5 cb=16 | BAT_iyer: ui=4(6) cb=23(20) | BAT_stoinis: ui=23(20) cb=10(7) | BOWL_R: ui=35 cb=41 | BOWL_O: ui=3.4 cb=4

[20:43:54  iter#195]
  WS ERR: ''
  CB: PBKS 160-3 (16)  crr=10.0  ps=16(12)  recent=1 1 1 1 0 6
  CB BAT: Shreyas Iyer* 23(20), Marcus Stoinis 10(7)
  CB BOWL: Yash Raj Punja 2-41 (4)
  LAST WKT: Prabhsimran Singh  c Riyan Parag b Yash Raj Punja 59(44)  - 144/3 in 13.6 ov.
  ⚠ DIVERGENCE: BATTERS_MISSING_IN_UI: {'iyer', 'stoinis'} (ui=set(), cb={'stoinis', 'iyer'}) | BOWLER: ui=None cb=Yash Raj Punja

[20:44:15  iter#196]
  UI: Punjab Kings 160-3 (16.0)  str=Shreyas Iyer nstr=Marcus Stoinis  bowl=Yash Raj Punja 2-41 (4)
  this_over=['1', '1', '1', '1', '.', '6']  fow=3 (unk=0)  last_fow={'wicket': 3, 'batter': 'Prabhsimran Singh', 'score': 144, 'overs': '14.0', 'bowler': 'Ravindra Jadeja', 'how': None, '_unwitnessed': False}
  delivery: len=short_of_length line=leg_stump shot=in_the_air [layer2]
  extras: this_over=1 innings=30 [w1/nb0/b0/lb0]
  extras_log: [{'over': '4.4', 'type': 'wide', 'runs': 1, 'this_over_after': []}]
  CB: PBKS 160-3 (16)  crr=10.0  ps=16(12)  recent=1 1 1 1 0 6
  CB BAT: Shreyas Iyer* 23(20), Marcus Stoinis 10(7)
  CB BOWL: Yash Raj Punja 2-41 (4)
  LAST WKT: Prabhsimran Singh  c Riyan Parag b Yash Raj Punja 59(44)  - 144/3 in 13.6 ov.
  ⚠ DIVERGENCE: OVERS: ui=16.0 cb=16

[20:44:37  iter#197]
  UI: Punjab Kings 160-3 (16.0)  str=Shreyas Iyer nstr=Marcus Stoinis  bowl=Yash Raj Punja 2-41 (4)
  this_over=['1', '1', '1', '1', '.', '6']  fow=3 (unk=0)  last_fow={'wicket': 3, 'batter': 'Prabhsimran Singh', 'score': 144, 'overs': '14.0', 'bowler': 'Ravindra Jadeja', 'how': None, '_unwitnessed': False}
  delivery: len=short_of_length line=leg_stump shot=in_the_air [layer2]
  extras: this_over=1 innings=30 [w1/nb0/b0/lb0]
  extras_log: [{'over': '4.4', 'type': 'wide', 'runs': 1, 'this_over_after': []}]
  CB: PBKS 160-3 (16)  crr=10.0  ps=16(12)  recent=...
  CB BAT: Shreyas Iyer* 23(20), Marcus Stoinis 10(7)
  CB BOWL: Yash Raj Punja 2-41 (4)
  LAST WKT: Prabhsimran Singh  c Riyan Parag b Yash Raj Punja 59(44)  - 144/3 in 13.6 ov.
  ⚠ DIVERGENCE: OVERS: ui=16.0 cb=16

[20:44:58  iter#198]
  UI: Punjab Kings 160-3 (16.0)  str=Shreyas Iyer nstr=Marcus Stoinis  bowl=Yash Raj Punja 2-41 (4)
  this_over=['1', '1', '1', '1', '.', '6']  fow=3 (unk=0)  last_fow={'wicket': 3, 'batter': 'Prabhsimran Singh', 'score': 144, 'overs': '14.0', 'bowler': 'Ravindra Jadeja', 'how': None, '_unwitnessed': False}
  delivery: len=short_of_length line=leg_stump shot=in_the_air [layer2]
  extras: this_over=1 innings=30 [w1/nb0/b0/lb0]
  extras_log: [{'over': '4.4', 'type': 'wide', 'runs': 1, 'this_over_after': []}]
  CB: PBKS 160-3 (16)  crr=10.0  ps=16(12)  recent=...
  CB BAT: Shreyas Iyer* 23(20), Marcus Stoinis 10(7)
  CB BOWL: Yash Raj Punja 2-41 (4)
  LAST WKT: Prabhsimran Singh  c Riyan Parag b Yash Raj Punja 59(44)  - 144/3 in 13.6 ov.
  ⚠ DIVERGENCE: OVERS: ui=16.0 cb=16

[20:45:22  iter#199]
  UI: Punjab Kings 160-3 (16.0)  str=Shreyas Iyer nstr=Marcus Stoinis  bowl=Yash Raj Punja 2-41 (4)
  this_over=['1', '1', '1', '1', '.', '6']  fow=3 (unk=0)  last_fow={'wicket': 3, 'batter': 'Prabhsimran Singh', 'score': 144, 'overs': '14.0', 'bowler': 'Ravindra Jadeja', 'how': None, '_unwitnessed': False}
  delivery: len=short_of_length line=leg_stump shot=in_the_air [layer2]
  extras: this_over=1 innings=30 [w1/nb0/b0/lb0]
  extras_log: [{'over': '4.4', 'type': 'wide', 'runs': 1, 'this_over_after': []}]
  CB: PBKS 160-3 (16)  crr=10.0  ps=16(12)  recent=...
  CB BAT: Shreyas Iyer* 23(20), Marcus Stoinis 10(7)
  CB BOWL: Yash Raj Punja 2-41 (4)
  LAST WKT: Prabhsimran Singh  c Riyan Parag b Yash Raj Punja 59(44)  - 144/3 in 13.6 ov.
  ⚠ DIVERGENCE: OVERS: ui=16.0 cb=16

[20:45:46  iter#200]
  WS ERR: ''
  CB: PBKS 160-3 (16)  crr=10.0  ps=16(12)  recent=...
  CB BAT: Shreyas Iyer* 23(20), Marcus Stoinis 10(7)
  CB BOWL: Yash Raj Punja 2-41 (4)
  LAST WKT: Prabhsimran Singh  c Riyan Parag b Yash Raj Punja 59(44)  - 144/3 in 13.6 ov.
  ⚠ DIVERGENCE: BATTERS_MISSING_IN_UI: {'iyer', 'stoinis'} (ui=set(), cb={'stoinis', 'iyer'}) | BOWLER: ui=None cb=Yash Raj Punja

[20:46:07  iter#201]
  UI: Punjab Kings 160-3 (16.0)  str=Shreyas Iyer nstr=Marcus Stoinis  bowl=Yash Raj Punja 2-41 (4)
  this_over=['1', '1', '1', '1', '.', '6']  fow=3 (unk=0)  last_fow={'wicket': 3, 'batter': 'Prabhsimran Singh', 'score': 144, 'overs': '14.0', 'bowler': 'Ravindra Jadeja', 'how': None, '_unwitnessed': False}
  delivery: len=short_of_length line=leg_stump shot=in_the_air [layer2]
  extras: this_over=1 innings=30 [w1/nb0/b0/lb0]
  extras_log: [{'over': '4.4', 'type': 'wide', 'runs': 1, 'this_over_after': []}]
  CB: PBKS 160-3 (16)  crr=10.0  ps=16(12)  recent=...
  CB BAT: Shreyas Iyer* 23(20), Marcus Stoinis 10(7)
  CB BOWL: Yash Raj Punja 2-41 (4)
  LAST WKT: Prabhsimran Singh  c Riyan Parag b Yash Raj Punja 59(44)  - 144/3 in 13.6 ov.
  ⚠ DIVERGENCE: OVERS: ui=16.0 cb=16

[20:46:30  iter#202]
  UI: Punjab Kings 160-3 (16.0)  str=Shreyas Iyer nstr=Marcus Stoinis  bowl=Yash Raj Punja 2-41 (4)
  this_over=['1', '1', '1', '1', '.', '6']  fow=3 (unk=0)  last_fow={'wicket': 3, 'batter': 'Prabhsimran Singh', 'score': 144, 'overs': '14.0', 'bowler': 'Ravindra Jadeja', 'how': None, '_unwitnessed': False}
  delivery: len=short_of_length line=leg_stump shot=in_the_air [layer2]
  extras: this_over=1 innings=30 [w1/nb0/b0/lb0]
  extras_log: [{'over': '4.4', 'type': 'wide', 'runs': 1, 'this_over_after': []}]
  CB: PBKS 160-3 (16)  crr=10.0  ps=16(12)  recent=...
  CB BAT: Shreyas Iyer* 23(20), Marcus Stoinis 10(7)
  CB BOWL: Yash Raj Punja 2-41 (4)
  LAST WKT: Prabhsimran Singh  c Riyan Parag b Yash Raj Punja 59(44)  - 144/3 in 13.6 ov.
  ⚠ DIVERGENCE: OVERS: ui=16.0 cb=16

[20:46:52  iter#203]
  UI: Punjab Kings 160-3 (16.0)  str=Shreyas Iyer nstr=Marcus Stoinis  bowl=Yash Raj Punja 2-41 (4)
  this_over=['1', '1', '1', '1', '.', '6']  fow=3 (unk=0)  last_fow={'wicket': 3, 'batter': 'Prabhsimran Singh', 'score': 144, 'overs': '14.0', 'bowler': 'Ravindra Jadeja', 'how': None, '_unwitnessed': False}
  delivery: len=short_of_length line=leg_stump shot=in_the_air [layer2]
  extras: this_over=1 innings=30 [w1/nb0/b0/lb0]
  extras_log: [{'over': '4.4', 'type': 'wide', 'runs': 1, 'this_over_after': []}]
  CB: PBKS 160-3 (16)  crr=10.0  ps=16(12)  recent=...
  CB BAT: Shreyas Iyer* 23(20), Marcus Stoinis 10(7)
  CB BOWL: Yash Raj Punja 2-41 (4)
  LAST WKT: Prabhsimran Singh  c Riyan Parag b Yash Raj Punja 59(44)  - 144/3 in 13.6 ov.
  ⚠ DIVERGENCE: OVERS: ui=16.0 cb=16

[20:47:13  iter#204]
  UI: Punjab Kings 160-3 (16.0)  str=Shreyas Iyer nstr=Marcus Stoinis  bowl=Yash Raj Punja 2-41 (4)
  this_over=['1', '1', '1', '1', '.', '6']  fow=3 (unk=0)  last_fow={'wicket': 3, 'batter': 'Prabhsimran Singh', 'score': 144, 'overs': '14.0', 'bowler': 'Ravindra Jadeja', 'how': None, '_unwitnessed': False}
  delivery: len=short_of_length line=leg_stump shot=in_the_air [layer2]
  extras: this_over=1 innings=30 [w1/nb0/b0/lb0]
  extras_log: [{'over': '4.4', 'type': 'wide', 'runs': 1, 'this_over_after': []}]
  CB: PBKS 161-3 (16.1)  crr=9.96  ps=17(13)  recent=1
  CB BAT: Marcus Stoinis* 10(7), Shreyas Iyer 24(21)
  CB BOWL: Yash Raj Punja 2-41 (4)
  LAST WKT: Prabhsimran Singh  c Riyan Parag b Yash Raj Punja 59(44)  - 144/3 in 13.6 ov.
  ⚠ DIVERGENCE: SCORE: ui=160 cb=161 | OVERS: ui=16.0 cb=16.1 | STRIKER: ui=Shreyas Iyer cb=Marcus Stoinis | BAT_iyer: ui=23(20) cb=24(21)

[20:47:37  iter#205]
  WS ERR: ''
  CB: PBKS 161-3 (16.1)  crr=9.96  ps=17(13)  recent=1
  CB BAT: Marcus Stoinis* 10(7), Shreyas Iyer 24(21)
  CB BOWL: Yash Raj Punja 2-41 (4)
  LAST WKT: Prabhsimran Singh  c Riyan Parag b Yash Raj Punja 59(44)  - 144/3 in 13.6 ov.
  ⚠ DIVERGENCE: BATTERS_MISSING_IN_UI: {'stoinis', 'iyer'} (ui=set(), cb={'iyer', 'stoinis'}) | BOWLER: ui=None cb=Yash Raj Punja

[20:48:01  iter#206]
  UI: Punjab Kings 161-3 (16.1)  str=Shreyas Iyer nstr=Marcus Stoinis  bowl=Brijesh Sharma 2-12 (2.1)
  this_over=['1']  fow=3 (unk=0)  last_fow={'wicket': 3, 'batter': 'Prabhsimran Singh', 'score': 144, 'overs': '14.0', 'bowler': 'Ravindra Jadeja', 'how': None, '_unwitnessed': False}
  delivery: len=short_of_length line=outside_off shot=in_the_air [layer2]
  extras: this_over=1 innings=30 [w1/nb0/b0/lb0]
  extras_log: [{'over': '4.4', 'type': 'wide', 'runs': 1, 'this_over_after': []}]
  CB: PBKS 162-3 (16.2)  crr=9.92  ps=18(14)  recent=1 1
  CB BAT: Shreyas Iyer* 24(21), Marcus Stoinis 11(8)
  CB BOWL: Yash Raj Punja 2-41 (4)
  LAST WKT: Prabhsimran Singh  c Riyan Parag b Yash Raj Punja 59(44)  - 144/3 in 13.6 ov.
  ⚠ DIVERGENCE: SCORE: ui=161 cb=162 | OVERS: ui=16.1 cb=16.2 | BAT_stoinis: ui=10(7) cb=11(8) | BOWLER: ui=Brijesh Sharma cb=Yash Raj Punja

[20:48:22  iter#207]
  UI: Punjab Kings 162-3 (16.2)  str=Shreyas Iyer nstr=Marcus Stoinis  bowl=Brijesh Sharma 2-13 (2.2)
  this_over=['1', '1']  fow=3 (unk=0)  last_fow={'wicket': 3, 'batter': 'Prabhsimran Singh', 'score': 144, 'overs': '14.0', 'bowler': 'Ravindra Jadeja', 'how': None, '_unwitnessed': False}
  delivery: len=short_of_length line=outside_off shot=in_the_air [layer2]
  extras: this_over=1 innings=30 [w1/nb0/b0/lb0]
  extras_log: [{'over': '4.4', 'type': 'wide', 'runs': 1, 'this_over_after': []}]
  CB: PBKS 162-3 (16.2)  crr=9.92  ps=18(14)  recent=1 1
  CB BAT: Shreyas Iyer* 24(21), Marcus Stoinis 11(8)
  CB BOWL: Yash Raj Punja 2-41 (4)
  LAST WKT: Prabhsimran Singh  c Riyan Parag b Yash Raj Punja 59(44)  - 144/3 in 13.6 ov.
  ⚠ DIVERGENCE: BOWLER: ui=Brijesh Sharma cb=Yash Raj Punja

[20:48:44  iter#208]
  UI: Punjab Kings 162-3 (16.3)  str=Shreyas Iyer nstr=Marcus Stoinis  bowl=Brijesh Sharma 2-13 (2.2)
  this_over=['1', '1', '.']  fow=3 (unk=0)  last_fow={'wicket': 3, 'batter': 'Prabhsimran Singh', 'score': 144, 'overs': '14.0', 'bowler': 'Ravindra Jadeja', 'how': None, '_unwitnessed': False}
  delivery: len=short_of_length line=leg_stump shot=in_the_air [layer2]
  extras: this_over=1 innings=30 [w1/nb0/b0/lb0]
  extras_log: [{'over': '4.4', 'type': 'wide', 'runs': 1, 'this_over_after': []}]
  CB: PBKS 162-3 (16.3)  crr=9.82  ps=18(15)  recent=1 1 0
  CB BAT: Shreyas Iyer* 24(22), Marcus Stoinis 11(8)
  CB BOWL: Yash Raj Punja 2-41 (4)
  LAST WKT: Prabhsimran Singh  c Riyan Parag b Yash Raj Punja 59(44)  - 144/3 in 13.6 ov.
  ⚠ DIVERGENCE: BOWLER: ui=Brijesh Sharma cb=Yash Raj Punja

[20:49:09  iter#209]
  WS ERR: ''
  CB: PBKS 162-3 (16.4)  crr=9.72  ps=18(16)  recent=1 1 0 0
  CB BAT: Shreyas Iyer* 24(23), Marcus Stoinis 11(8)
  CB BOWL: Yash Raj Punja 2-41 (4)
  LAST WKT: Prabhsimran Singh  c Riyan Parag b Yash Raj Punja 59(44)  - 144/3 in 13.6 ov.
  ⚠ DIVERGENCE: BATTERS_MISSING_IN_UI: {'iyer', 'stoinis'} (ui=set(), cb={'stoinis', 'iyer'}) | BOWLER: ui=None cb=Yash Raj Punja

[20:49:29  iter#210]
  UI: Punjab Kings 162-3 (16.3)  str=Shreyas Iyer nstr=Marcus Stoinis  bowl=Brijesh Sharma 2-13 (2.2)
  this_over=['1', '1', '.']  fow=3 (unk=0)  last_fow={'wicket': 3, 'batter': 'Prabhsimran Singh', 'score': 144, 'overs': '14.0', 'bowler': 'Ravindra Jadeja', 'how': None, '_unwitnessed': False}
  delivery: len=good_length line=leg_stump shot=in_the_air [layer2]
  extras: this_over=1 innings=30 [w1/nb0/b0/lb0]
  extras_log: [{'over': '4.4', 'type': 'wide', 'runs': 1, 'this_over_after': []}]
  CB: PBKS 162-3 (16.4)  crr=9.72  ps=18(16)  recent=1 1 0 0
  CB BAT: Shreyas Iyer* 24(23), Marcus Stoinis 11(8)
  CB BOWL: Yash Raj Punja 2-41 (4)
  LAST WKT: Prabhsimran Singh  c Riyan Parag b Yash Raj Punja 59(44)  - 144/3 in 13.6 ov.
  ⚠ DIVERGENCE: OVERS: ui=16.3 cb=16.4 | BAT_iyer: ui=24(22) cb=24(23) | BOWLER: ui=Brijesh Sharma cb=Yash Raj Punja

[20:49:53  iter#211]
  WS ERR: ''
  CB: PBKS 166-3 (16.5)  crr=9.86  ps=22(17)  recent=1 1 0 0 4
  CB BAT: Shreyas Iyer* 28(24), Marcus Stoinis 11(8)
  CB BOWL: Yash Raj Punja 2-41 (4)
  LAST WKT: Prabhsimran Singh  c Riyan Parag b Yash Raj Punja 59(44)  - 144/3 in 13.6 ov.
  ⚠ DIVERGENCE: BATTERS_MISSING_IN_UI: {'iyer', 'stoinis'} (ui=set(), cb={'stoinis', 'iyer'}) | BOWLER: ui=None cb=Yash Raj Punja

[20:50:16  iter#212]
  UI: Punjab Kings 166-3 (16.5)  str=Shreyas Iyer nstr=Marcus Stoinis  bowl=Brijesh Sharma 2-17 (2.5)
  this_over=['1', '1', '.', '.', '4']  fow=3 (unk=0)  last_fow={'wicket': 3, 'batter': 'Prabhsimran Singh', 'score': 144, 'overs': '14.0', 'bowler': 'Ravindra Jadeja', 'how': None, '_unwitnessed': False}
  delivery: len=short_of_length line=leg_stump shot=in_the_air [layer2]
  extras: this_over=1 innings=30 [w1/nb0/b0/lb0]
  extras_log: [{'over': '4.4', 'type': 'wide', 'runs': 1, 'this_over_after': []}]
  CB: PBKS 166-3 (16.5)  crr=9.86  ps=22(17)  recent=1 1 0 0 4
  CB BAT: Shreyas Iyer* 28(24), Marcus Stoinis 11(8)
  CB BOWL: Yash Raj Punja 2-41 (4)
  LAST WKT: Prabhsimran Singh  c Riyan Parag b Yash Raj Punja 59(44)  - 144/3 in 13.6 ov.
  ⚠ DIVERGENCE: BOWLER: ui=Brijesh Sharma cb=Yash Raj Punja

[20:50:37  iter#213]
  UI: Punjab Kings 167-3 (17.0)  str=Shreyas Iyer nstr=Marcus Stoinis  bowl=Yash Raj Punja 2-41 (4)
  this_over=['1', '1', '.', '.', '4', '1']  fow=3 (unk=0)  last_fow={'wicket': 3, 'batter': 'Prabhsimran Singh', 'score': 144, 'overs': '14.0', 'bowler': 'Ravindra Jadeja', 'how': None, '_unwitnessed': False}
  delivery: len=short_of_length line=leg_stump shot=in_the_air [layer2]
  extras: this_over=1 innings=30 [w1/nb0/b0/lb0]
  extras_log: [{'over': '4.4', 'type': 'wide', 'runs': 1, 'this_over_after': []}]
  CB: PBKS 167-3 (17)  crr=9.82  ps=23(18)  recent=1 1 0 0 4 1
  CB BAT: Shreyas Iyer* 29(25), Marcus Stoinis 11(8)
  CB BOWL: Brijesh Sharma 0-18 (3)
  LAST WKT: Prabhsimran Singh  c Riyan Parag b Yash Raj Punja 59(44)  - 144/3 in 13.6 ov.
  ⚠ DIVERGENCE: OVERS: ui=17.0 cb=17 | BOWLER: ui=Yash Raj Punja cb=Brijesh Sharma

[20:50:58  iter#214]
  UI: Punjab Kings 167-3 (17.0)  str=Shreyas Iyer nstr=Marcus Stoinis  bowl=Yash Raj Punja 2-41 (4)
  this_over=['1', '1', '.', '.', '4', '1']  fow=3 (unk=0)  last_fow={'wicket': 3, 'batter': 'Prabhsimran Singh', 'score': 144, 'overs': '14.0', 'bowler': 'Ravindra Jadeja', 'how': None, '_unwitnessed': False}
  delivery: len=short_of_length line=leg_stump shot=in_the_air [layer2]
  extras: this_over=1 innings=30 [w1/nb0/b0/lb0]
  extras_log: [{'over': '4.4', 'type': 'wide', 'runs': 1, 'this_over_after': []}]
  CB: PBKS 167-3 (17)  crr=9.82  ps=23(18)  recent=1 1 0 0 4 1
  CB BAT: Shreyas Iyer* 29(25), Marcus Stoinis 11(8)
  CB BOWL: Brijesh Sharma 0-18 (3)
  LAST WKT: Prabhsimran Singh  c Riyan Parag b Yash Raj Punja 59(44)  - 144/3 in 13.6 ov.
  ⚠ DIVERGENCE: OVERS: ui=17.0 cb=17 | BOWLER: ui=Yash Raj Punja cb=Brijesh Sharma

[20:51:20  iter#215]
  UI: Punjab Kings 167-3 (17.0)  str=Shreyas Iyer nstr=Marcus Stoinis  bowl=Yash Raj Punja 2-41 (4)
  this_over=['1', '1', '.', '.', '4', '1']  fow=3 (unk=0)  last_fow={'wicket': 3, 'batter': 'Prabhsimran Singh', 'score': 144, 'overs': '14.0', 'bowler': 'Ravindra Jadeja', 'how': None, '_unwitnessed': False}
  delivery: len=short_of_length line=leg_stump shot=in_the_air [layer2]
  extras: this_over=1 innings=30 [w1/nb0/b0/lb0]
  extras_log: [{'over': '4.4', 'type': 'wide', 'runs': 1, 'this_over_after': []}]
  CB: PBKS 167-3 (17)  crr=9.82  ps=23(18)  recent=...
  CB BAT: Shreyas Iyer* 29(25), Marcus Stoinis 11(8)
  CB BOWL: Brijesh Sharma 0-18 (3)
  LAST WKT: Prabhsimran Singh  c Riyan Parag b Yash Raj Punja 59(44)  - 144/3 in 13.6 ov.
  ⚠ DIVERGENCE: OVERS: ui=17.0 cb=17 | BOWLER: ui=Yash Raj Punja cb=Brijesh Sharma

[20:51:41  iter#216]
  UI: Punjab Kings 167-3 (17.0)  str=Shreyas Iyer nstr=Marcus Stoinis  bowl=Yash Raj Punja 2-41 (4)
  this_over=['1', '1', '.', '.', '4', '1']  fow=3 (unk=0)  last_fow={'wicket': 3, 'batter': 'Prabhsimran Singh', 'score': 144, 'overs': '14.0', 'bowler': 'Ravindra Jadeja', 'how': None, '_unwitnessed': False}
  delivery: len=short_of_length line=leg_stump shot=in_the_air [layer2]
  extras: this_over=1 innings=30 [w1/nb0/b0/lb0]
  extras_log: [{'over': '4.4', 'type': 'wide', 'runs': 1, 'this_over_after': []}]
  CB: PBKS 168-3 (17.1)  crr=9.79  ps=24(19)  recent=1
  CB BAT: Marcus Stoinis* 11(8), Shreyas Iyer 30(26)
  CB BOWL: Brijesh Sharma 0-18 (3)
  LAST WKT: Prabhsimran Singh  c Riyan Parag b Yash Raj Punja 59(44)  - 144/3 in 13.6 ov.
  ⚠ DIVERGENCE: SCORE: ui=167 cb=168 | OVERS: ui=17.0 cb=17.1 | STRIKER: ui=Shreyas Iyer cb=Marcus Stoinis | BAT_iyer: ui=29(25) cb=30(26) | BOWLER: ui=Yash Raj Punja cb=Brijesh Sharma

[20:52:05  iter#217]
  UI: Punjab Kings 167-3 (17.0)  str=Shreyas Iyer nstr=Marcus Stoinis  bowl=Nandre Burger 0-45 (3)
  this_over=['1', '1', '.', '.', '4', '1']  fow=3 (unk=0)  last_fow={'wicket': 3, 'batter': 'Prabhsimran Singh', 'score': 144, 'overs': '14.0', 'bowler': 'Ravindra Jadeja', 'how': None, '_unwitnessed': False}
  delivery: len=short_of_length line=leg_stump shot=in_the_air [layer2]
  extras: this_over=1 innings=30 [w1/nb0/b0/lb0]
  extras_log: [{'over': '4.4', 'type': 'wide', 'runs': 1, 'this_over_after': []}]
  CB: PBKS 168-3 (17.1)  crr=9.79  ps=24(19)  recent=1
  CB BAT: Marcus Stoinis* 11(8), Shreyas Iyer 30(26)
  CB BOWL: Brijesh Sharma 0-18 (3)
  LAST WKT: Prabhsimran Singh  c Riyan Parag b Yash Raj Punja 59(44)  - 144/3 in 13.6 ov.
  ⚠ DIVERGENCE: SCORE: ui=167 cb=168 | OVERS: ui=17.0 cb=17.1 | STRIKER: ui=Shreyas Iyer cb=Marcus Stoinis | BAT_iyer: ui=29(25) cb=30(26) | BOWLER: ui=Nandre Burger cb=Brijesh Sharma

[20:52:29  iter#218]
  UI: Punjab Kings 168-3 (17.1)  str=Shreyas Iyer nstr=Marcus Stoinis  bowl=Nandre Burger 0-46 (3.1)
  this_over=['1']  fow=3 (unk=0)  last_fow={'wicket': 3, 'batter': 'Prabhsimran Singh', 'score': 144, 'overs': '14.0', 'bowler': 'Ravindra Jadeja', 'how': None, '_unwitnessed': False}
  delivery: len=short_of_length line=leg_stump shot=in_the_air [layer2]
  extras: this_over=1 innings=30 [w1/nb0/b0/lb0]
  extras_log: [{'over': '4.4', 'type': 'wide', 'runs': 1, 'this_over_after': []}]
  CB: PBKS 168-3 (17.1)  crr=9.79  ps=24(19)  recent=1
  CB BAT: Marcus Stoinis* 11(8), Shreyas Iyer 30(26)
  CB BOWL: Brijesh Sharma 0-18 (3)
  LAST WKT: Prabhsimran Singh  c Riyan Parag b Yash Raj Punja 59(44)  - 144/3 in 13.6 ov.
  ⚠ DIVERGENCE: STRIKER: ui=Shreyas Iyer cb=Marcus Stoinis | BOWLER: ui=Nandre Burger cb=Brijesh Sharma

[20:52:50  iter#219]
  UI: Punjab Kings 168-3 (17.1)  str=Shreyas Iyer nstr=Marcus Stoinis  bowl=Nandre Burger 0-46 (3.1)
  this_over=['1']  fow=3 (unk=0)  last_fow={'wicket': 3, 'batter': 'Prabhsimran Singh', 'score': 144, 'overs': '14.0', 'bowler': 'Ravindra Jadeja', 'how': None, '_unwitnessed': False}
  delivery: len=short_of_length line=outside_off shot=in_the_air [layer2]
  extras: this_over=1 innings=30 [w1/nb0/b0/lb0]
  extras_log: [{'over': '4.4', 'type': 'wide', 'runs': 1, 'this_over_after': []}]
  CB: PBKS 174-3 (17.2)  crr=10.04  ps=30(20)  recent=1 6
  CB BAT: Marcus Stoinis* 17(9), Shreyas Iyer 30(26)
  CB BOWL: Brijesh Sharma 0-18 (3)
  LAST WKT: Prabhsimran Singh  c Riyan Parag b Yash Raj Punja 59(44)  - 144/3 in 13.6 ov.
  ⚠ DIVERGENCE: SCORE: ui=168 cb=174 | OVERS: ui=17.1 cb=17.2 | STRIKER: ui=Shreyas Iyer cb=Marcus Stoinis | BAT_stoinis: ui=11(8) cb=17(9) | BOWLER: ui=Nandre Burger cb=Brijesh Sharma

[20:53:13  iter#220]
  UI: Punjab Kings 174-3 (17.2)  str=Shreyas Iyer nstr=Marcus Stoinis  bowl=Nandre Burger 0-52 (3.2)
  this_over=['1', '6']  fow=3 (unk=0)  last_fow={'wicket': 3, 'batter': 'Prabhsimran Singh', 'score': 144, 'overs': '14.0', 'bowler': 'Ravindra Jadeja', 'how': None, '_unwitnessed': False}
  delivery: len=short_of_length line=outside_off shot=in_the_air [layer2]
  extras: this_over=1 innings=30 [w1/nb0/b0/lb0]
  extras_log: [{'over': '4.4', 'type': 'wide', 'runs': 1, 'this_over_after': []}]
  CB: PBKS 174-3 (17.2)  crr=10.04  ps=30(20)  recent=1 6
  CB BAT: Marcus Stoinis* 17(9), Shreyas Iyer 30(26)
  CB BOWL: Brijesh Sharma 0-18 (3)
  LAST WKT: Prabhsimran Singh  c Riyan Parag b Yash Raj Punja 59(44)  - 144/3 in 13.6 ov.
  ⚠ DIVERGENCE: STRIKER: ui=Shreyas Iyer cb=Marcus Stoinis | BOWLER: ui=Nandre Burger cb=Brijesh Sharma

[20:53:36  iter#221]
  UI: Punjab Kings 174-3 (17.2)  str=Shreyas Iyer nstr=Marcus Stoinis  bowl=Nandre Burger 0-52 (3.2)
  this_over=['1', '6']  fow=3 (unk=0)  last_fow={'wicket': 3, 'batter': 'Prabhsimran Singh', 'score': 144, 'overs': '14.0', 'bowler': 'Ravindra Jadeja', 'how': None, '_unwitnessed': False}
  delivery: len=short_of_length line=leg_stump shot=in_the_air [layer2]
  extras: this_over=1 innings=30 [w1/nb0/b0/lb0]
  extras_log: [{'over': '4.4', 'type': 'wide', 'runs': 1, 'this_over_after': []}]
  CB: PBKS 178-3 (17.3)  crr=10.17  ps=34(21)  recent=1 6 4
  CB BAT: Marcus Stoinis* 21(10), Shreyas Iyer 30(26)
  CB BOWL: Brijesh Sharma 0-18 (3)
  LAST WKT: Prabhsimran Singh  c Riyan Parag b Yash Raj Punja 59(44)  - 144/3 in 13.6 ov.
  ⚠ DIVERGENCE: SCORE: ui=174 cb=178 | OVERS: ui=17.2 cb=17.3 | STRIKER: ui=Shreyas Iyer cb=Marcus Stoinis | BAT_stoinis: ui=17(9) cb=21(10) | BOWLER: ui=Nandre Burger cb=Brijesh Sharma

[20:53:58  iter#222]
  UI: Punjab Kings 178-3 (17.3)  str=Shreyas Iyer nstr=Marcus Stoinis  bowl=Nandre Burger 0-56 (3.3)
  this_over=['1', '6', '4']  fow=3 (unk=0)  last_fow={'wicket': 3, 'batter': 'Prabhsimran Singh', 'score': 144, 'overs': '14.0', 'bowler': 'Ravindra Jadeja', 'how': None, '_unwitnessed': False}
  delivery: len=short_of_length line=leg_stump shot=in_the_air [layer2]
  extras: this_over=1 innings=30 [w1/nb0/b0/lb0]
  extras_log: [{'over': '4.4', 'type': 'wide', 'runs': 1, 'this_over_after': []}]
  CB: PBKS 178-3 (17.3)  crr=10.17  ps=34(21)  recent=1 6 4
  CB BAT: Marcus Stoinis* 21(10), Shreyas Iyer 30(26)
  CB BOWL: Brijesh Sharma 0-18 (3)
  LAST WKT: Prabhsimran Singh  c Riyan Parag b Yash Raj Punja 59(44)  - 144/3 in 13.6 ov.
  ⚠ DIVERGENCE: STRIKER: ui=Shreyas Iyer cb=Marcus Stoinis | BOWLER: ui=Nandre Burger cb=Brijesh Sharma

[20:54:21  iter#223]
  UI: Punjab Kings 178-3 (17.3)  str=Shreyas Iyer nstr=Marcus Stoinis  bowl=Nandre Burger 0-56 (3.3)
  this_over=['1', '6', '4']  fow=3 (unk=0)  last_fow={'wicket': 3, 'batter': 'Prabhsimran Singh', 'score': 144, 'overs': '14.0', 'bowler': 'Ravindra Jadeja', 'how': None, '_unwitnessed': False}
  delivery: len=short_of_length line=leg_stump shot=in_the_air [layer2]
  extras: this_over=1 innings=30 [w1/nb0/b0/lb0]
  extras_log: [{'over': '4.4', 'type': 'wide', 'runs': 1, 'this_over_after': []}]
  CB: PBKS 178-3 (17.3)  crr=10.17  ps=34(21)  recent=1 6 4
  CB BAT: Marcus Stoinis* 21(10), Shreyas Iyer 30(26)
  CB BOWL: Brijesh Sharma 0-18 (3)
  LAST WKT: Prabhsimran Singh  c Riyan Parag b Yash Raj Punja 59(44)  - 144/3 in 13.6 ov.
  ⚠ DIVERGENCE: STRIKER: ui=Shreyas Iyer cb=Marcus Stoinis | BOWLER: ui=Nandre Burger cb=Brijesh Sharma

[20:54:45  iter#224]
  UI: Punjab Kings 180-3 (17.4)  str=Shreyas Iyer nstr=Marcus Stoinis  bowl=Nandre Burger 0-58 (3.4)
  this_over=['1', '6', '4', '2']  fow=3 (unk=0)  last_fow={'wicket': 3, 'batter': 'Prabhsimran Singh', 'score': 144, 'overs': '14.0', 'bowler': 'Ravindra Jadeja', 'how': None, '_unwitnessed': False}
  delivery: len=short_of_length line=leg_stump shot=in_the_air [layer2]
  extras: this_over=1 innings=30 [w1/nb0/b0/lb0]
  extras_log: [{'over': '4.4', 'type': 'wide', 'runs': 1, 'this_over_after': []}]
  CB: PBKS 181-3 (17.5)  crr=10.15  ps=37(23)  recent=1 6 4 2 1
  CB BAT: Shreyas Iyer* 30(26), Marcus Stoinis 24(12)
  CB BOWL: Brijesh Sharma 0-18 (3)
  LAST WKT: Prabhsimran Singh  c Riyan Parag b Yash Raj Punja 59(44)  - 144/3 in 13.6 ov.
  ⚠ DIVERGENCE: SCORE: ui=180 cb=181 | OVERS: ui=17.4 cb=17.5 | BAT_stoinis: ui=23(11) cb=24(12) | BOWLER: ui=Nandre Burger cb=Brijesh Sharma

[20:55:11  iter#225]
  WS ERR: ''
  CB: PBKS 181-3 (17.5)  crr=10.15  ps=37(23)  recent=1 6 4 2 1
  CB BAT: Shreyas Iyer* 30(26), Marcus Stoinis 24(12)
  CB BOWL: Brijesh Sharma 0-18 (3)
  LAST WKT: Prabhsimran Singh  c Riyan Parag b Yash Raj Punja 59(44)  - 144/3 in 13.6 ov.
  ⚠ DIVERGENCE: BATTERS_MISSING_IN_UI: {'iyer', 'stoinis'} (ui=set(), cb={'stoinis', 'iyer'}) | BOWLER: ui=None cb=Brijesh Sharma

[20:55:31  iter#226]
  UI: Punjab Kings 181-3 (17.5)  str=Shreyas Iyer nstr=Marcus Stoinis  bowl=Nandre Burger 0-59 (3.5)
  this_over=['1', '6', '4', '2', '1']  fow=3 (unk=0)  last_fow={'wicket': 3, 'batter': 'Prabhsimran Singh', 'score': 144, 'overs': '14.0', 'bowler': 'Ravindra Jadeja', 'how': None, '_unwitnessed': False}
  delivery: len=short_of_length line=leg_stump shot=in_the_air [layer2]
  extras: this_over=1 innings=30 [w1/nb0/b0/lb0]
  extras_log: [{'over': '4.4', 'type': 'wide', 'runs': 1, 'this_over_after': []}]
  CB: PBKS 181-3 (17.5)  crr=10.15  ps=37(23)  recent=... 6
  CB BAT: Shreyas Iyer* 30(26), Marcus Stoinis 24(12)
  CB BOWL: Brijesh Sharma 0-18 (3)
  LAST WKT: Prabhsimran Singh  c Riyan Parag b Yash Raj Punja 59(44)  - 144/3 in 13.6 ov.
  ⚠ DIVERGENCE: BOWLER: ui=Nandre Burger cb=Brijesh Sharma

[20:55:54  iter#227]
  UI: Punjab Kings 181-3 (18.0)  str=Shreyas Iyer nstr=Marcus Stoinis  bowl=Yash Raj Punja 2-41 (4)
  this_over=['1', '6', '4', '2', '1', '.']  fow=3 (unk=0)  last_fow={'wicket': 3, 'batter': 'Prabhsimran Singh', 'score': 144, 'overs': '14.0', 'bowler': 'Ravindra Jadeja', 'how': None, '_unwitnessed': False}
  delivery: len=short_of_length line=leg_stump shot=in_the_air [layer2]
  extras: this_over=1 innings=30 [w1/nb0/b0/lb0]
  extras_log: [{'over': '4.4', 'type': 'wide', 'runs': 1, 'this_over_after': []}]
  CB: PBKS 181-4 (18)  crr=10.06  ps=37(24)  recent=1 6 4 2 1 W
  CB BAT: Marcus Stoinis* 24(12), Brijesh Sharma 3(0)
  CB BOWL: Nandre Burger 1-59 (4)
  LAST WKT: Shreyas Iyer  c Dhruv Jurel b Nandre Burger 30(27)  - 181/4 in 17.6 ov.
  ⚠ DIVERGENCE: WICKETS: ui=3 cb=4 | OVERS: ui=18.0 cb=18 | STRIKER: ui=Shreyas Iyer cb=Marcus Stoinis | BATTERS_MISSING_IN_UI: {'sharma'} (ui={'iyer', 'stoinis'}, cb={'sharma', 'stoinis'}) | BOWLER: ui=Yash Raj Punja cb=Nandre Burger

[20:56:16  iter#228]
  UI: Punjab Kings 181-4 (18.0)  str=Marcus Stoinis nstr=None  bowl=Yash Raj Punja 2-41 (4)
  this_over=['W']  fow=3 (unk=0)  last_fow={'wicket': 3, 'batter': 'Prabhsimran Singh', 'score': 144, 'overs': '14.0', 'bowler': 'Ravindra Jadeja', 'how': None, '_unwitnessed': False}
  delivery: len=good_length line=leg_stump shot=in_the_air [layer2]
  extras: this_over=1 innings=30 [w1/nb0/b0/lb0]
  extras_log: [{'over': '4.4', 'type': 'wide', 'runs': 1, 'this_over_after': []}]
  CB: PBKS 181-4 (18)  crr=10.06  ps=0(0)  recent=...
  CB BAT: Marcus Stoinis* 24(12), Suryansh Shedge 0(0)
  CB BOWL: Nandre Burger 1-59 (4)
  LAST WKT: Shreyas Iyer  c Dhruv Jurel b Nandre Burger 30(27)  - 181/4 in 17.6 ov.
  ⚠ DIVERGENCE: OVERS: ui=18.0 cb=18 | BATTERS_MISSING_IN_UI: {'shedge'} (ui={'stoinis'}, cb={'shedge', 'stoinis'}) | FOW_COUNT: ui=3 vs wickets=4 | BOWLER: ui=Yash Raj Punja cb=Nandre Burger

[20:56:37  iter#229]
  UI: Punjab Kings 181-4 (18.0)  str=Marcus Stoinis nstr=None  bowl=Yash Raj Punja 2-41 (4)
  this_over=['W']  fow=3 (unk=0)  last_fow={'wicket': 3, 'batter': 'Prabhsimran Singh', 'score': 144, 'overs': '14.0', 'bowler': 'Ravindra Jadeja', 'how': None, '_unwitnessed': False}
  delivery: len=good_length line=leg_stump shot=in_the_air [layer2]
  extras: this_over=1 innings=30 [w1/nb0/b0/lb0]
  extras_log: [{'over': '4.4', 'type': 'wide', 'runs': 1, 'this_over_after': []}]
  CB: PBKS 181-4 (18)  crr=10.06  ps=0(0)  recent=...
  CB BAT: Marcus Stoinis* 24(12), Suryansh Shedge 0(0)
  CB BOWL: Nandre Burger 1-59 (4)
  LAST WKT: Shreyas Iyer  c Dhruv Jurel b Nandre Burger 30(27)  - 181/4 in 17.6 ov.
  ⚠ DIVERGENCE: OVERS: ui=18.0 cb=18 | BATTERS_MISSING_IN_UI: {'shedge'} (ui={'stoinis'}, cb={'shedge', 'stoinis'}) | FOW_COUNT: ui=3 vs wickets=4 | BOWLER: ui=Yash Raj Punja cb=Nandre Burger

[20:56:58  iter#230]
  UI: Punjab Kings 181-4 (18.0)  str=Marcus Stoinis nstr=None  bowl=Yash Raj Punja 2-41 (4)
  this_over=['W']  fow=3 (unk=0)  last_fow={'wicket': 3, 'batter': 'Prabhsimran Singh', 'score': 144, 'overs': '14.0', 'bowler': 'Ravindra Jadeja', 'how': None, '_unwitnessed': False}
  delivery: len=good_length line=leg_stump shot=in_the_air [layer2]
  extras: this_over=1 innings=30 [w1/nb0/b0/lb0]
  extras_log: [{'over': '4.4', 'type': 'wide', 'runs': 1, 'this_over_after': []}]
  CB: PBKS 181-4 (18)  crr=10.06  ps=0(0)  recent=...
  CB BAT: Marcus Stoinis* 24(12), Suryansh Shedge 0(0)
  CB BOWL: Nandre Burger 1-59 (4)
  LAST WKT: Shreyas Iyer  c Dhruv Jurel b Nandre Burger 30(27)  - 181/4 in 17.6 ov.
  ⚠ DIVERGENCE: OVERS: ui=18.0 cb=18 | BATTERS_MISSING_IN_UI: {'shedge'} (ui={'stoinis'}, cb={'shedge', 'stoinis'}) | FOW_COUNT: ui=3 vs wickets=4 | BOWLER: ui=Yash Raj Punja cb=Nandre Burger

[20:57:22  iter#231]
  UI: Punjab Kings 181-4 (18.0)  str=Marcus Stoinis nstr=Suryansh Shedge  bowl=Jofra Archer 1-23 (4.0)
  this_over=['W']  fow=3 (unk=0)  last_fow={'wicket': 3, 'batter': 'Prabhsimran Singh', 'score': 144, 'overs': '14.0', 'bowler': 'Ravindra Jadeja', 'how': None, '_unwitnessed': False}
  delivery: len=good_length line=leg_stump shot=in_the_air [layer2]
  extras: this_over=1 innings=30 [w1/nb0/b0/lb0]
  extras_log: [{'over': '4.4', 'type': 'wide', 'runs': 1, 'this_over_after': []}]
  CB: PBKS 187-4 (18.1)  crr=10.29  ps=6(1)  recent=6
  CB BAT: Marcus Stoinis* 30(13), Suryansh Shedge 0(0)
  CB BOWL: Nandre Burger 1-59 (4)
  LAST WKT: Shreyas Iyer  c Dhruv Jurel b Nandre Burger 30(27)  - 181/4 in 17.6 ov.
  ⚠ DIVERGENCE: SCORE: ui=181 cb=187 | OVERS: ui=18.0 cb=18.1 | BAT_stoinis: ui=24(12) cb=30(13) | FOW_COUNT: ui=3 vs wickets=4 | BOWLER: ui=Jofra Archer cb=Nandre Burger

[20:57:46  iter#232]
  WS ERR: ''
  CB: PBKS 187-4 (18.1)  crr=10.29  ps=6(1)  recent=6
  CB BAT: Marcus Stoinis* 30(13), Suryansh Shedge 0(0)
  CB BOWL: Nandre Burger 1-59 (4)
  LAST WKT: Shreyas Iyer  c Dhruv Jurel b Nandre Burger 30(27)  - 181/4 in 17.6 ov.
  ⚠ DIVERGENCE: BATTERS_MISSING_IN_UI: {'shedge', 'stoinis'} (ui=set(), cb={'shedge', 'stoinis'}) | BOWLER: ui=None cb=Nandre Burger

[20:58:08  iter#233]
  UI: Punjab Kings 187-4 (18.1)  str=Marcus Stoinis nstr=Suryansh Shedge  bowl=Jofra Archer 1-23 (3.3)
  this_over=['W', '6']  fow=3 (unk=0)  last_fow={'wicket': 3, 'batter': 'Prabhsimran Singh', 'score': 144, 'overs': '14.0', 'bowler': 'Ravindra Jadeja', 'how': None, '_unwitnessed': False}
  delivery: len=short_of_length line=leg_stump shot=in_the_air [layer2]
  extras: this_over=1 innings=30 [w1/nb0/b0/lb0]
  extras_log: [{'over': '4.4', 'type': 'wide', 'runs': 1, 'this_over_after': []}]
  CB: PBKS 187-4 (18.1)  crr=10.29  ps=6(1)  recent=6
  CB BAT: Marcus Stoinis* 30(13), Suryansh Shedge 0(0)
  CB BOWL: Nandre Burger 1-59 (4)
  LAST WKT: Shreyas Iyer  c Dhruv Jurel b Nandre Burger 30(27)  - 181/4 in 17.6 ov.
  ⚠ DIVERGENCE: FOW_COUNT: ui=3 vs wickets=4 | BOWLER: ui=Jofra Archer cb=Nandre Burger

[20:58:29  iter#234]
  UI: Punjab Kings 187-4 (18.1)  str=Marcus Stoinis nstr=Suryansh Shedge  bowl=Jofra Archer 1-23 (3.3)
  this_over=['W', '6']  fow=3 (unk=0)  last_fow={'wicket': 3, 'batter': 'Prabhsimran Singh', 'score': 144, 'overs': '14.0', 'bowler': 'Ravindra Jadeja', 'how': None, '_unwitnessed': False}
  delivery: len=short_of_length line=leg_stump shot=in_the_air [layer2]
  extras: this_over=1 innings=30 [w1/nb0/b0/lb0]
  extras_log: [{'over': '4.4', 'type': 'wide', 'runs': 1, 'this_over_after': []}]
  CB: PBKS 193-4 (18.2)  crr=10.53  ps=12(2)  recent=6 6
  CB BAT: Marcus Stoinis* 36(14), Suryansh Shedge 0(0)
  CB BOWL: Nandre Burger 1-59 (4)
  LAST WKT: Shreyas Iyer  c Dhruv Jurel b Nandre Burger 30(27)  - 181/4 in 17.6 ov.
  ⚠ DIVERGENCE: SCORE: ui=187 cb=193 | OVERS: ui=18.1 cb=18.2 | BAT_stoinis: ui=30(13) cb=36(14) | FOW_COUNT: ui=3 vs wickets=4 | BOWLER: ui=Jofra Archer cb=Nandre Burger

[20:58:50  iter#235]
  UI: Punjab Kings 193-4 (18.2)  str=Marcus Stoinis nstr=Suryansh Shedge  bowl=Jofra Archer 1-29 (3.4)
  this_over=['W', '6', '6']  fow=3 (unk=0)  last_fow={'wicket': 3, 'batter': 'Prabhsimran Singh', 'score': 144, 'overs': '14.0', 'bowler': 'Ravindra Jadeja', 'how': None, '_unwitnessed': False}
  delivery: len=short_of_length line=leg_stump shot=in_the_air [layer2]
  extras: this_over=1 innings=30 [w1/nb0/b0/lb0]
  extras_log: [{'over': '4.4', 'type': 'wide', 'runs': 1, 'this_over_after': []}]
  CB: PBKS 194-4 (18.3)  crr=10.49  ps=13(3)  recent=6 6 1
  CB BAT: Suryansh Shedge* 0(0), Marcus Stoinis 37(15)
  CB BOWL: Nandre Burger 1-59 (4)
  LAST WKT: Shreyas Iyer  c Dhruv Jurel b Nandre Burger 30(27)  - 181/4 in 17.6 ov.
  ⚠ DIVERGENCE: SCORE: ui=193 cb=194 | OVERS: ui=18.2 cb=18.3 | STRIKER: ui=Marcus Stoinis cb=Suryansh Shedge | BAT_stoinis: ui=36(14) cb=37(15) | FOW_COUNT: ui=3 vs wickets=4 | BOWLER: ui=Jofra Archer cb=Nandre Burger

[20:59:14  iter#236]
  UI: Punjab Kings 194-4 (18.3)  str=Suryansh Shedge nstr=Marcus Stoinis  bowl=Jofra Archer 1-29 (3.4)
  this_over=['W', '6', '6', '1']  fow=3 (unk=0)  last_fow={'wicket': 3, 'batter': 'Prabhsimran Singh', 'score': 144, 'overs': '14.0', 'bowler': 'Ravindra Jadeja', 'how': None, '_unwitnessed': False}
  delivery: len=good_length line=leg_stump shot=in_the_air [layer2]
  extras: this_over=1 innings=30 [w1/nb0/b0/lb0]
  extras_log: [{'over': '4.4', 'type': 'wide', 'runs': 1, 'this_over_after': []}]
  CB: PBKS 194-4 (18.3)  crr=10.49  ps=13(3)  recent=6 6 1
  CB BAT: Suryansh Shedge* 0(0), Marcus Stoinis 37(15)
  CB BOWL: Nandre Burger 1-59 (4)
  LAST WKT: Shreyas Iyer  c Dhruv Jurel b Nandre Burger 30(27)  - 181/4 in 17.6 ov.
  ⚠ DIVERGENCE: FOW_COUNT: ui=3 vs wickets=4 | BOWLER: ui=Jofra Archer cb=Nandre Burger

[20:59:38  iter#237]
  UI: Punjab Kings 196-4 (18.4)  str=Suryansh Shedge nstr=Marcus Stoinis  bowl=Jofra Archer 1-29 (3.4)
  this_over=['W', '6', '6', '1', '2']  fow=3 (unk=0)  last_fow={'wicket': 3, 'batter': 'Prabhsimran Singh', 'score': 144, 'overs': '14.0', 'bowler': 'Ravindra Jadeja', 'how': None, '_unwitnessed': False}
  delivery: len=good_length line=leg_stump shot=in_the_air [layer2]
  extras: this_over=1 innings=30 [w1/nb0/b0/lb0]
  extras_log: [{'over': '4.4', 'type': 'wide', 'runs': 1, 'this_over_after': []}]
  CB: PBKS 196-4 (18.4)  crr=10.5  ps=15(4)  recent=6 6 1 2
  CB BAT: Suryansh Shedge* 2(1), Marcus Stoinis 37(15)
  CB BOWL: Nandre Burger 1-59 (4)
  LAST WKT: Shreyas Iyer  c Dhruv Jurel b Nandre Burger 30(27)  - 181/4 in 17.6 ov.
  ⚠ DIVERGENCE: FOW_COUNT: ui=3 vs wickets=4 | BOWLER: ui=Jofra Archer cb=Nandre Burger

[21:00:00  iter#238]
  UI: Punjab Kings 196-4 (18.4)  str=Suryansh Shedge nstr=Marcus Stoinis  bowl=Jofra Archer 1-38 (3.4)
  this_over=['W', '6', '6', '1', '2']  fow=3 (unk=0)  last_fow={'wicket': 3, 'batter': 'Prabhsimran Singh', 'score': 144, 'overs': '14.0', 'bowler': 'Ravindra Jadeja', 'how': None, '_unwitnessed': False}
  delivery: len=short_of_length line=outside_off shot=in_the_air [layer2]
  extras: this_over=1 innings=30 [w1/nb0/b0/lb0]
  extras_log: [{'over': '4.4', 'type': 'wide', 'runs': 1, 'this_over_after': []}]
  CB: PBKS 196-4 (18.4)  crr=10.5  ps=15(4)  recent=6 6 1 2
  CB BAT: Suryansh Shedge* 2(1), Marcus Stoinis 37(15)
  CB BOWL: Nandre Burger 1-59 (4)
  LAST WKT: Shreyas Iyer  c Dhruv Jurel b Nandre Burger 30(27)  - 181/4 in 17.6 ov.
  ⚠ DIVERGENCE: FOW_COUNT: ui=3 vs wickets=4 | BOWLER: ui=Jofra Archer cb=Nandre Burger

[21:00:22  iter#239]
  UI: Punjab Kings 196-4 (18.4)  str=Suryansh Shedge nstr=Marcus Stoinis  bowl=Jofra Archer 1-38 (3.4)
  this_over=['W', '6', '6', '1', '2']  fow=3 (unk=0)  last_fow={'wicket': 3, 'batter': 'Prabhsimran Singh', 'score': 144, 'overs': '14.0', 'bowler': 'Ravindra Jadeja', 'how': None, '_unwitnessed': False}
  delivery: len=short_of_length line=outside_off shot=in_the_air [layer2]
  extras: this_over=1 innings=30 [w1/nb0/b0/lb0]
  extras_log: [{'over': '4.4', 'type': 'wide', 'runs': 1, 'this_over_after': []}]
  CB: PBKS 197-4 (18.5)  crr=10.46  ps=16(5)  recent=6 6 1 2 1
  CB BAT: Marcus Stoinis* 37(15), Suryansh Shedge 3(2)
  CB BOWL: Nandre Burger 1-59 (4)
  LAST WKT: Shreyas Iyer  c Dhruv Jurel b Nandre Burger 30(27)  - 181/4 in 17.6 ov.
  ⚠ DIVERGENCE: SCORE: ui=196 cb=197 | OVERS: ui=18.4 cb=18.5 | STRIKER: ui=Suryansh Shedge cb=Marcus Stoinis | BAT_shedge: ui=2(1) cb=3(2) | FOW_COUNT: ui=3 vs wickets=4 | BOWLER: ui=Jofra Archer cb=Nandre Burger

[21:00:45  iter#240]
  UI: Punjab Kings 197-4 (18.5)  str=Suryansh Shedge nstr=Marcus Stoinis  bowl=Jofra Archer 1-39 (3.5)
  this_over=['W', '6', '6', '1', '2', '1']  fow=3 (unk=0)  last_fow={'wicket': 3, 'batter': 'Prabhsimran Singh', 'score': 144, 'overs': '14.0', 'bowler': 'Ravindra Jadeja', 'how': None, '_unwitnessed': False}
  delivery: len=short_of_length line=outside_off shot=in_the_air [layer2]
  extras: this_over=1 innings=30 [w1/nb0/b0/lb0]
  extras_log: [{'over': '4.4', 'type': 'wide', 'runs': 1, 'this_over_after': []}]
  CB: PBKS 197-4 (18.5)  crr=10.46  ps=16(5)  recent=6 6 1 2 1
  CB BAT: Marcus Stoinis* 37(15), Suryansh Shedge 3(2)
  CB BOWL: Nandre Burger 1-59 (4)
  LAST WKT: Shreyas Iyer  c Dhruv Jurel b Nandre Burger 30(27)  - 181/4 in 17.6 ov.
  ⚠ DIVERGENCE: STRIKER: ui=Suryansh Shedge cb=Marcus Stoinis | FOW_COUNT: ui=3 vs wickets=4 | BOWLER: ui=Jofra Archer cb=Nandre Burger

[21:01:06  iter#241]
  UI: Punjab Kings 198-4 (19.0)  str=Marcus Stoinis nstr=Suryansh Shedge  bowl=Yash Raj Punja 2-41 (4)
  this_over=['W', '6', '6', '1', '2', '1', '1']  fow=3 (unk=0)  last_fow={'wicket': 3, 'batter': 'Prabhsimran Singh', 'score': 144, 'overs': '14.0', 'bowler': 'Ravindra Jadeja', 'how': None, '_unwitnessed': False}
  delivery: len=good_length line=outside_off shot=in_the_air [layer2]
  extras: this_over=1 innings=30 [w1/nb0/b0/lb0]
  extras_log: [{'over': '4.4', 'type': 'wide', 'runs': 1, 'this_over_after': []}]
  CB: PBKS 198-4 (19)  crr=10.42  ps=17(6)  recent=6 6 1 2 1 1
  CB BAT: Marcus Stoinis* 38(16), Suryansh Shedge 3(2)
  CB BOWL: Jofra Archer 1-40 (4)
  LAST WKT: Shreyas Iyer  c Dhruv Jurel b Nandre Burger 30(27)  - 181/4 in 17.6 ov.
  ⚠ DIVERGENCE: OVERS: ui=19.0 cb=19 | FOW_COUNT: ui=3 vs wickets=4 | BOWLER: ui=Yash Raj Punja cb=Jofra Archer

[21:01:29  iter#242]
  UI: Punjab Kings 198-4 (19.0)  str=Marcus Stoinis nstr=Suryansh Shedge  bowl=Yash Raj Punja 2-41 (4)
  this_over=['W', '6', '6', '1', '2', '1', '1']  fow=3 (unk=0)  last_fow={'wicket': 3, 'batter': 'Prabhsimran Singh', 'score': 144, 'overs': '14.0', 'bowler': 'Ravindra Jadeja', 'how': None, '_unwitnessed': False}
  delivery: len=short_of_length line=leg_stump shot=in_the_air [layer2]
  extras: this_over=1 innings=30 [w1/nb0/b0/lb0]
  extras_log: [{'over': '4.4', 'type': 'wide', 'runs': 1, 'this_over_after': []}]
  CB: PBKS 198-4 (19)  crr=10.42  ps=17(6)  recent=6 6 1 2 1 1
  CB BAT: Marcus Stoinis* 38(16), Suryansh Shedge 3(2)
  CB BOWL: Jofra Archer 1-40 (4)
  LAST WKT: Shreyas Iyer  c Dhruv Jurel b Nandre Burger 30(27)  - 181/4 in 17.6 ov.
  ⚠ DIVERGENCE: OVERS: ui=19.0 cb=19 | FOW_COUNT: ui=3 vs wickets=4 | BOWLER: ui=Yash Raj Punja cb=Jofra Archer

[21:01:53  iter#243]
  UI: Punjab Kings 198-4 (19.0)  str=Marcus Stoinis nstr=Suryansh Shedge  bowl=Brijesh Sharma 2-18 (3)
  this_over=['W', '6', '6', '1', '2', '1', '1']  fow=3 (unk=0)  last_fow={'wicket': 3, 'batter': 'Prabhsimran Singh', 'score': 144, 'overs': '14.0', 'bowler': 'Ravindra Jadeja', 'how': None, '_unwitnessed': False}
  delivery: len=short_of_length line=leg_stump shot=in_the_air [layer2]
  extras: this_over=1 innings=30 [w1/nb0/b0/lb0]
  extras_log: [{'over': '4.4', 'type': 'wide', 'runs': 1, 'this_over_after': []}]
  CB: PBKS 198-4 (19)  crr=10.42  ps=17(6)  recent=...
  CB BAT: Marcus Stoinis* 38(16), Suryansh Shedge 3(2)
  CB BOWL: Jofra Archer 1-40 (4)
  LAST WKT: Shreyas Iyer  c Dhruv Jurel b Nandre Burger 30(27)  - 181/4 in 17.6 ov.
  ⚠ DIVERGENCE: OVERS: ui=19.0 cb=19 | FOW_COUNT: ui=3 vs wickets=4 | BOWLER: ui=Brijesh Sharma cb=Jofra Archer

[21:02:14  iter#244]
  UI: Punjab Kings 198-4 (19.0)  str=Marcus Stoinis nstr=Suryansh Shedge  bowl=Brijesh Sharma 2-18 (3)
  this_over=['W', '6', '6', '1', '2', '1', '1']  fow=3 (unk=0)  last_fow={'wicket': 3, 'batter': 'Prabhsimran Singh', 'score': 144, 'overs': '14.0', 'bowler': 'Ravindra Jadeja', 'how': None, '_unwitnessed': False}
  delivery: len=short_of_length line=leg_stump shot=in_the_air [layer2]
  extras: this_over=1 innings=30 [w1/nb0/b0/lb0]
  extras_log: [{'over': '4.4', 'type': 'wide', 'runs': 1, 'this_over_after': []}]
  CB: PBKS 198-4 (19.1)  crr=10.33  ps=17(7)  recent=0
  CB BAT: Marcus Stoinis* 38(17), Suryansh Shedge 3(2)
  CB BOWL: Jofra Archer 1-40 (4)
  LAST WKT: Shreyas Iyer  c Dhruv Jurel b Nandre Burger 30(27)  - 181/4 in 17.6 ov.
  ⚠ DIVERGENCE: OVERS: ui=19.0 cb=19.1 | BAT_stoinis: ui=38(16) cb=38(17) | FOW_COUNT: ui=3 vs wickets=4 | BOWLER: ui=Brijesh Sharma cb=Jofra Archer

[21:02:36  iter#245]
  UI: Punjab Kings 198-4 (19.1)  str=Marcus Stoinis nstr=Suryansh Shedge  bowl=Brijesh Sharma 2-18 (3)
  this_over=['.']  fow=3 (unk=0)  last_fow={'wicket': 3, 'batter': 'Prabhsimran Singh', 'score': 144, 'overs': '14.0', 'bowler': 'Ravindra Jadeja', 'how': None, '_unwitnessed': False}
  delivery: len=short_of_length line=leg_stump shot=in_the_air [layer2]
  extras: this_over=1 innings=30 [w1/nb0/b0/lb0]
  extras_log: [{'over': '4.4', 'type': 'wide', 'runs': 1, 'this_over_after': []}]
  CB: PBKS 198-4 (19.1)  crr=10.33  ps=17(7)  recent=0
  CB BAT: Marcus Stoinis* 38(17), Suryansh Shedge 3(2)
  CB BOWL: Jofra Archer 1-40 (4)
  LAST WKT: Shreyas Iyer  c Dhruv Jurel b Nandre Burger 30(27)  - 181/4 in 17.6 ov.
  ⚠ DIVERGENCE: FOW_COUNT: ui=3 vs wickets=4 | BOWLER: ui=Brijesh Sharma cb=Jofra Archer

[21:03:01  iter#246]
  WS ERR: ''
  CB: PBKS 198-4 (19.1)  crr=10.33  ps=17(7)  recent=0
  CB BAT: Marcus Stoinis* 38(17), Suryansh Shedge 3(2)
  CB BOWL: Jofra Archer 1-40 (4)
  LAST WKT: Shreyas Iyer  c Dhruv Jurel b Nandre Burger 30(27)  - 181/4 in 17.6 ov.
  ⚠ DIVERGENCE: BATTERS_MISSING_IN_UI: {'shedge', 'stoinis'} (ui=set(), cb={'shedge', 'stoinis'}) | BOWLER: ui=None cb=Jofra Archer

[21:03:22  iter#247]
  UI: Punjab Kings 198-4 (19.1)  str=Marcus Stoinis nstr=Suryansh Shedge  bowl=Brijesh Sharma 2-18 (3.1)
  this_over=['.']  fow=3 (unk=0)  last_fow={'wicket': 3, 'batter': 'Prabhsimran Singh', 'score': 144, 'overs': '14.0', 'bowler': 'Ravindra Jadeja', 'how': None, '_unwitnessed': False}
  delivery: len=short_of_length line=leg_stump shot=in_the_air [layer2]
  extras: this_over=1 innings=30 [w1/nb0/b0/lb0]
  extras_log: [{'over': '4.4', 'type': 'wide', 'runs': 1, 'this_over_after': []}]
  CB: PBKS 202-4 (19.2)  crr=10.45  ps=21(8)  recent=0 4
  CB BAT: Marcus Stoinis* 42(18), Suryansh Shedge 3(2)
  CB BOWL: Jofra Archer 1-40 (4)
  LAST WKT: Shreyas Iyer  c Dhruv Jurel b Nandre Burger 30(27)  - 181/4 in 17.6 ov.
  ⚠ DIVERGENCE: SCORE: ui=198 cb=202 | OVERS: ui=19.1 cb=19.2 | BAT_stoinis: ui=38(17) cb=42(18) | FOW_COUNT: ui=3 vs wickets=4 | BOWLER: ui=Brijesh Sharma cb=Jofra Archer

[21:03:46  iter#248]
  UI: Punjab Kings 208-4 (19.3)  str=Marcus Stoinis nstr=Suryansh Shedge  bowl=Brijesh Sharma 2-28 (3.3)
  this_over=['.', '4', '6']  fow=3 (unk=0)  last_fow={'wicket': 3, 'batter': 'Prabhsimran Singh', 'score': 144, 'overs': '14.0', 'bowler': 'Ravindra Jadeja', 'how': None, '_unwitnessed': False}
  delivery: len=short_of_length line=leg_stump shot=in_the_air [layer2]
  extras: this_over=1 innings=30 [w1/nb0/b0/lb0]
  extras_log: [{'over': '4.4', 'type': 'wide', 'runs': 1, 'this_over_after': []}]
  CB: PBKS 208-4 (19.3)  crr=10.67  ps=27(9)  recent=0 4 6
  CB BAT: Marcus Stoinis* 48(19), Suryansh Shedge 3(2)
  CB BOWL: Jofra Archer 1-40 (4)
  LAST WKT: Shreyas Iyer  c Dhruv Jurel b Nandre Burger 30(27)  - 181/4 in 17.6 ov.
  ⚠ DIVERGENCE: FOW_COUNT: ui=3 vs wickets=4 | BOWLER: ui=Brijesh Sharma cb=Jofra Archer

[21:04:07  iter#249]
  UI: Punjab Kings 208-4 (19.3)  str=Marcus Stoinis nstr=Suryansh Shedge  bowl=Brijesh Sharma 2-28 (3.3)
  this_over=['.', '4', '6']  fow=3 (unk=0)  last_fow={'wicket': 3, 'batter': 'Prabhsimran Singh', 'score': 144, 'overs': '14.0', 'bowler': 'Ravindra Jadeja', 'how': None, '_unwitnessed': False}
  delivery: len=good_length line=leg_stump shot=in_the_air [layer2]
  extras: this_over=1 innings=30 [w1/nb0/b0/lb0]
  extras_log: [{'over': '4.4', 'type': 'wide', 'runs': 1, 'this_over_after': []}]
  CB: PBKS 208-4 (19.3)  crr=10.67  ps=27(9)  recent=0 4 6
  CB BAT: Marcus Stoinis* 48(19), Suryansh Shedge 3(2)
  CB BOWL: Jofra Archer 1-40 (4)
  LAST WKT: Shreyas Iyer  c Dhruv Jurel b Nandre Burger 30(27)  - 181/4 in 17.6 ov.
  ⚠ DIVERGENCE: FOW_COUNT: ui=3 vs wickets=4 | BOWLER: ui=Brijesh Sharma cb=Jofra Archer

[21:04:31  iter#250]
  UI: Punjab Kings 208-4 (19.3)  str=Marcus Stoinis nstr=Suryansh Shedge  bowl=Brijesh Sharma 2-28 (3.3)
  this_over=['.', '4', '6']  fow=3 (unk=0)  last_fow={'wicket': 3, 'batter': 'Prabhsimran Singh', 'score': 144, 'overs': '14.0', 'bowler': 'Ravindra Jadeja', 'how': None, '_unwitnessed': False}
  delivery: len=good_length line=leg_stump shot=in_the_air [layer2]
  extras: this_over=1 innings=30 [w1/nb0/b0/lb0]
  extras_log: [{'over': '4.4', 'type': 'wide', 'runs': 1, 'this_over_after': []}]
  CB: PBKS 214-4 (19.4)  crr=10.88  ps=33(10)  recent=0 4 6 6
  CB BAT: Marcus Stoinis* 54(20), Suryansh Shedge 3(2)
  CB BOWL: Jofra Archer 1-40 (4)
  LAST WKT: Shreyas Iyer  c Dhruv Jurel b Nandre Burger 30(27)  - 181/4 in 17.6 ov.
  ⚠ DIVERGENCE: SCORE: ui=208 cb=214 | OVERS: ui=19.3 cb=19.4 | BAT_stoinis: ui=48(19) cb=54(20) | FOW_COUNT: ui=3 vs wickets=4 | BOWLER: ui=Brijesh Sharma cb=Jofra Archer

[21:04:53  iter#251]
  UI: Punjab Kings 214-4 (19.4)  str=Marcus Stoinis nstr=Suryansh Shedge  bowl=Brijesh Sharma 2-34 (3.4)
  this_over=['.', '4', '6', '6']  fow=3 (unk=0)  last_fow={'wicket': 3, 'batter': 'Prabhsimran Singh', 'score': 144, 'overs': '14.0', 'bowler': 'Ravindra Jadeja', 'how': None, '_unwitnessed': False}
  delivery: len=good_length line=leg_stump shot=in_the_air [layer2]
  extras: this_over=1 innings=36 [w1/nb0/b0/lb0]
  extras_log: [{'over': '4.4', 'type': 'wide', 'runs': 1, 'this_over_after': []}]
  CB: PBKS 214-4 (19.4)  crr=10.88  ps=33(10)  recent=0 4 6 6
  CB BAT: Marcus Stoinis* 54(20), Suryansh Shedge 3(2)
  CB BOWL: Jofra Archer 1-40 (4)
  LAST WKT: Shreyas Iyer  c Dhruv Jurel b Nandre Burger 30(27)  - 181/4 in 17.6 ov.
  ⚠ DIVERGENCE: FOW_COUNT: ui=3 vs wickets=4 | BOWLER: ui=Brijesh Sharma cb=Jofra Archer

[21:05:15  iter#252]
  UI: Punjab Kings 214-4 (19.4)  str=Marcus Stoinis nstr=Suryansh Shedge  bowl=Brijesh Sharma 2-34 (3.4)
  this_over=['.', '4', '6', '6']  fow=3 (unk=0)  last_fow={'wicket': 3, 'batter': 'Prabhsimran Singh', 'score': 144, 'overs': '14.0', 'bowler': 'Ravindra Jadeja', 'how': None, '_unwitnessed': False}
  delivery: len=good_length line=leg_stump shot=in_the_air [layer2]
  extras: this_over=1 innings=30 [w1/nb0/b0/lb0]
  extras_log: [{'over': '4.4', 'type': 'wide', 'runs': 1, 'this_over_after': []}]
  CB: PBKS 214-4 (19.4)  crr=10.88  ps=33(10)  recent=0 4 6 6
  CB BAT: Marcus Stoinis* 54(20), Suryansh Shedge 3(2)
  CB BOWL: Jofra Archer 1-40 (4)
  LAST WKT: Shreyas Iyer  c Dhruv Jurel b Nandre Burger 30(27)  - 181/4 in 17.6 ov.
  ⚠ DIVERGENCE: FOW_COUNT: ui=3 vs wickets=4 | BOWLER: ui=Brijesh Sharma cb=Jofra Archer

[21:05:40  iter#253]
  WS ERR: ''
  CB: PBKS 214-4 (19.4)  crr=10.88  ps=33(10)  recent=0 4 6 6
  CB BAT: Marcus Stoinis* 54(20), Suryansh Shedge 3(2)
  CB BOWL: Jofra Archer 1-40 (4)
  LAST WKT: Shreyas Iyer  c Dhruv Jurel b Nandre Burger 30(27)  - 181/4 in 17.6 ov.
  ⚠ DIVERGENCE: BATTERS_MISSING_IN_UI: {'shedge', 'stoinis'} (ui=set(), cb={'shedge', 'stoinis'}) | BOWLER: ui=None cb=Jofra Archer

[21:06:01  iter#254]
  UI: Punjab Kings 214-4 (19.4)  str=Marcus Stoinis nstr=Suryansh Shedge  bowl=Brijesh Sharma 2-34 (3.4)
  this_over=['.', '4', '6', '6']  fow=3 (unk=0)  last_fow={'wicket': 3, 'batter': 'Prabhsimran Singh', 'score': 144, 'overs': '14.0', 'bowler': 'Ravindra Jadeja', 'how': None, '_unwitnessed': False}
  delivery: len=good_length line=leg_stump shot=in_the_air [layer2]
  extras: this_over=1 innings=30 [w1/nb0/b0/lb0]
  extras_log: [{'over': '4.4', 'type': 'wide', 'runs': 1, 'this_over_after': []}]
  CB: PBKS 214-4 (19.4)  crr=10.88  ps=33(10)  recent=0 4 6 6
  CB BAT: Marcus Stoinis* 54(20), Suryansh Shedge 3(2)
  CB BOWL: Jofra Archer 1-40 (4)
  LAST WKT: Shreyas Iyer  c Dhruv Jurel b Nandre Burger 30(27)  - 181/4 in 17.6 ov.
  ⚠ DIVERGENCE: FOW_COUNT: ui=3 vs wickets=4 | BOWLER: ui=Brijesh Sharma cb=Jofra Archer

[21:06:23  iter#255]
  UI: Punjab Kings 214-4 (19.4)  str=Marcus Stoinis nstr=Suryansh Shedge  bowl=Brijesh Sharma 2-34 (3.4)
  this_over=['.', '4', '6', '6']  fow=3 (unk=0)  last_fow={'wicket': 3, 'batter': 'Prabhsimran Singh', 'score': 144, 'overs': '14.0', 'bowler': 'Ravindra Jadeja', 'how': None, '_unwitnessed': False}
  delivery: len=good_length line=leg_stump shot=in_the_air [layer2]
  extras: this_over=1 innings=30 [w1/nb0/b0/lb0]
  extras_log: [{'over': '4.4', 'type': 'wide', 'runs': 1, 'this_over_after': []}]
  CB: PBKS 218-4 (19.5)  crr=10.99  ps=37(11)  recent=0 4 6 6 4
  CB BAT: Marcus Stoinis* 58(21), Suryansh Shedge 3(2)
  CB BOWL: Jofra Archer 1-40 (4)
  LAST WKT: Shreyas Iyer  c Dhruv Jurel b Nandre Burger 30(27)  - 181/4 in 17.6 ov.
  ⚠ DIVERGENCE: SCORE: ui=214 cb=218 | OVERS: ui=19.4 cb=19.5 | BAT_stoinis: ui=54(20) cb=58(21) | FOW_COUNT: ui=3 vs wickets=4 | BOWLER: ui=Brijesh Sharma cb=Jofra Archer

[21:06:47  iter#256]
  WS ERR: ''
  CB: PBKS 218-4 (19.5)  crr=10.99  ps=37(11)  recent=0 4 6 6 4
  CB BAT: Marcus Stoinis* 58(21), Suryansh Shedge 3(2)
  CB BOWL: Jofra Archer 1-40 (4)
  LAST WKT: Shreyas Iyer  c Dhruv Jurel b Nandre Burger 30(27)  - 181/4 in 17.6 ov.
  ⚠ DIVERGENCE: BATTERS_MISSING_IN_UI: {'shedge', 'stoinis'} (ui=set(), cb={'shedge', 'stoinis'}) | BOWLER: ui=None cb=Jofra Archer

[21:07:21  iter#257]
  WS ERR: ''
  CB: PBKS 222-4 (20)  crr=11.1  ps=41(12)  recent=0 4 6 6 4 4
  CB BAT: Suryansh Shedge* 3(2), Marcus Stoinis 62(22)
  CB BOWL: Brijesh Sharma 0-42 (4)
  LAST WKT: Shreyas Iyer  c Dhruv Jurel b Nandre Burger 30(27)  - 181/4 in 17.6 ov.
  ⚠ DIVERGENCE: BATTERS_MISSING_IN_UI: {'shedge', 'stoinis'} (ui=set(), cb={'shedge', 'stoinis'}) | BOWLER: ui=None cb=Brijesh Sharma

[21:07:42  iter#258]
  UI: Punjab Kings 222-4 (20.0)  str=Suryansh Shedge nstr=Marcus Stoinis  bowl=Yash Raj Punja 2-41 (4)
  this_over=['.']  fow=3 (unk=0)  last_fow={'wicket': 3, 'batter': 'Prabhsimran Singh', 'score': 144, 'overs': '14.0', 'bowler': 'Ravindra Jadeja', 'how': None, '_unwitnessed': False}
  delivery: len=short_of_length line=leg_stump shot=in_the_air [layer2]
  extras: this_over=2 innings=38 [w1/nb1/b0/lb0]
  extras_log: [{'over': '4.4', 'type': 'wide', 'runs': 1, 'this_over_after': []}, {'over': '19.5', 'type': 'no_ball', 'runs': 1, 'this_over_after': []}]
  CB: PBKS 222-4 (20)  crr=11.1  ps=41(12)  recent=0 4 6 6 4 4
  CB BAT: Suryansh Shedge* 3(2), Marcus Stoinis 62(22)
  CB BOWL: Brijesh Sharma 0-42 (4)
  LAST WKT: Shreyas Iyer  c Dhruv Jurel b Nandre Burger 30(27)  - 181/4 in 17.6 ov.
  ⚠ DIVERGENCE: OVERS: ui=20.0 cb=20 | FOW_COUNT: ui=3 vs wickets=4 | BOWLER: ui=Yash Raj Punja cb=Brijesh Sharma

[21:08:06  iter#259]
  WS ERR: ''
  CB: PBKS 222-4 (20)  crr=11.1  ps=41(12)  recent=0 4 6 6 4 4
  CB BAT: Suryansh Shedge* 3(2), Marcus Stoinis 62(22)
  CB BOWL: Brijesh Sharma 0-42 (4)
  LAST WKT: Shreyas Iyer  c Dhruv Jurel b Nandre Burger 30(27)  - 181/4 in 17.6 ov.
  ⚠ DIVERGENCE: BATTERS_MISSING_IN_UI: {'shedge', 'stoinis'} (ui=set(), cb={'shedge', 'stoinis'}) | BOWLER: ui=None cb=Brijesh Sharma

[21:08:27  iter#260]
  UI: Punjab Kings 222-4 (20.0)  str=Suryansh Shedge nstr=Marcus Stoinis  bowl=Yash Raj Punja 2-41 (4)
  this_over=['.', '4', '6', '6', '4', '4']  fow=3 (unk=0)  last_fow={'wicket': 3, 'batter': 'Prabhsimran Singh', 'score': 144, 'overs': '14.0', 'bowler': 'Ravindra Jadeja', 'how': None, '_unwitnessed': False}
  delivery: len=good_length line=leg_stump shot=in_the_air [layer2]
  extras: this_over=2 innings=30 [w1/nb1/b0/lb0]
  extras_log: [{'over': '4.4', 'type': 'wide', 'runs': 1, 'this_over_after': []}, {'over': '19.5', 'type': 'no_ball', 'runs': 1, 'this_over_after': []}]
  CB: PBKS 222-4 (20)  crr=11.1  ps=41(12)  recent=0 4 6 6 4 4
  CB BAT: Suryansh Shedge* 3(2), Marcus Stoinis 62(22)
  CB BOWL: Brijesh Sharma 0-42 (4)
  LAST WKT: Shreyas Iyer  c Dhruv Jurel b Nandre Burger 30(27)  - 181/4 in 17.6 ov.
  ⚠ DIVERGENCE: OVERS: ui=20.0 cb=20 | FOW_COUNT: ui=3 vs wickets=4 | BOWLER: ui=Yash Raj Punja cb=Brijesh Sharma

[21:08:51  iter#261]
  WS ERR: ''
  CB: PBKS 222-4 (20)  crr=11.1  ps=41(12)  recent=...
  CB BAT: Suryansh Shedge* 3(2), Marcus Stoinis 62(22)
  CB BOWL: Brijesh Sharma 0-42 (4)
  LAST WKT: Shreyas Iyer  c Dhruv Jurel b Nandre Burger 30(27)  - 181/4 in 17.6 ov.
  ⚠ DIVERGENCE: BATTERS_MISSING_IN_UI: {'shedge', 'stoinis'} (ui=set(), cb={'shedge', 'stoinis'}) | BOWLER: ui=None cb=Brijesh Sharma

[21:09:13  iter#262]
  UI: Punjab Kings 222-4 (20.0)  str=Suryansh Shedge nstr=Marcus Stoinis  bowl=Yash Raj Punja 2-41 (4)
  this_over=['.', '4', '6', '6', '4', '4']  fow=3 (unk=0)  last_fow={'wicket': 3, 'batter': 'Prabhsimran Singh', 'score': 144, 'overs': '14.0', 'bowler': 'Ravindra Jadeja', 'how': None, '_unwitnessed': False}
  delivery: len=good_length line=leg_stump shot=in_the_air [layer2]
  extras: this_over=2 innings=30 [w1/nb1/b0/lb0]
  extras_log: [{'over': '4.4', 'type': 'wide', 'runs': 1, 'this_over_after': []}, {'over': '19.5', 'type': 'no_ball', 'runs': 1, 'this_over_after': []}]
  CB: PBKS 222-4 (20)  crr=11.1  ps=41(12)  recent=...
  CB BAT: Suryansh Shedge* 3(2), Marcus Stoinis 62(22)
  CB BOWL: Brijesh Sharma 0-42 (4)
  LAST WKT: Shreyas Iyer  c Dhruv Jurel b Nandre Burger 30(27)  - 181/4 in 17.6 ov.
  ⚠ DIVERGENCE: OVERS: ui=20.0 cb=20 | FOW_COUNT: ui=3 vs wickets=4 | BOWLER: ui=Yash Raj Punja cb=Brijesh Sharma

[21:09:39  iter#263]
  WS ERR: ''
  CB: PBKS 222-4 (20)  crr=11.1  ps=41(12)  recent=...
  CB BAT: Suryansh Shedge* 3(2), Marcus Stoinis 62(22)
  CB BOWL: Brijesh Sharma 0-42 (4)
  LAST WKT: Shreyas Iyer  c Dhruv Jurel b Nandre Burger 30(27)  - 181/4 in 17.6 ov.
  ⚠ DIVERGENCE: BATTERS_MISSING_IN_UI: {'shedge', 'stoinis'} (ui=set(), cb={'shedge', 'stoinis'}) | BOWLER: ui=None cb=Brijesh Sharma

[21:10:03  iter#264]
  WS ERR: ''
  CB: PBKS 222-4 (20)  crr=11.1  ps=41(12)  recent=...
  CB BAT: Suryansh Shedge* 3(2), Marcus Stoinis 62(22)
  CB BOWL: Brijesh Sharma 0-42 (4)
  LAST WKT: Shreyas Iyer  c Dhruv Jurel b Nandre Burger 30(27)  - 181/4 in 17.6 ov.
  ⚠ DIVERGENCE: BATTERS_MISSING_IN_UI: {'shedge', 'stoinis'} (ui=set(), cb={'shedge', 'stoinis'}) | BOWLER: ui=None cb=Brijesh Sharma

[21:10:26  iter#265]
  UI: Punjab Kings None-None (None)  str=Suryansh Shedge nstr=Marcus Stoinis  bowl=Yash Raj Punja 2-41 (4)
  this_over=['.', '4', '6', '6', '4', '4']  fow=3 (unk=0)  last_fow={'wicket': 3, 'batter': 'Prabhsimran Singh', 'score': 144, 'overs': '14.0', 'bowler': 'Ravindra Jadeja', 'how': None, '_unwitnessed': False}
  delivery: len=good_length line=leg_stump shot=in_the_air [layer2]
  extras: this_over=2 innings=30 [w1/nb1/b0/lb0]
  extras_log: [{'over': '4.4', 'type': 'wide', 'runs': 1, 'this_over_after': []}, {'over': '19.5', 'type': 'no_ball', 'runs': 1, 'this_over_after': []}]
  CB: PBKS 222-4 (20)  crr=11.1  ps=41(12)  recent=...
  CB BAT: Suryansh Shedge* 3(2), Marcus Stoinis 62(22)
  CB BOWL: Brijesh Sharma 0-42 (4)
  LAST WKT: Shreyas Iyer  c Dhruv Jurel b Nandre Burger 30(27)  - 181/4 in 17.6 ov.
  ⚠ DIVERGENCE: BOWLER: ui=Yash Raj Punja cb=Brijesh Sharma

[21:10:50  iter#266]
  WS ERR: ''
  CB: PBKS 222-4 (20)  crr=11.1  ps=41(12)  recent=...
  CB BAT: Suryansh Shedge* 3(2), Marcus Stoinis 62(22)
  CB BOWL: Brijesh Sharma 0-42 (4)
  LAST WKT: Shreyas Iyer  c Dhruv Jurel b Nandre Burger 30(27)  - 181/4 in 17.6 ov.
  ⚠ DIVERGENCE: BATTERS_MISSING_IN_UI: {'shedge', 'stoinis'} (ui=set(), cb={'shedge', 'stoinis'}) | BOWLER: ui=None cb=Brijesh Sharma

[21:11:11  iter#267]
  UI: Punjab Kings None-None (None)  str=Suryansh Shedge nstr=Marcus Stoinis  bowl=Yash Raj Punja 2-41 (4)
  this_over=['.', '4', '6', '6', '4', '4']  fow=3 (unk=0)  last_fow={'wicket': 3, 'batter': 'Prabhsimran Singh', 'score': 144, 'overs': '14.0', 'bowler': 'Ravindra Jadeja', 'how': None, '_unwitnessed': False}
  delivery: len=good_length line=leg_stump shot=in_the_air [layer2]
  extras: this_over=2 innings=30 [w1/nb1/b0/lb0]
  extras_log: [{'over': '4.4', 'type': 'wide', 'runs': 1, 'this_over_after': []}, {'over': '19.5', 'type': 'no_ball', 'runs': 1, 'this_over_after': []}]
  CB: PBKS 222-4 (20)  crr=11.1  ps=41(12)  recent=...
  CB BAT: Suryansh Shedge* 3(2), Marcus Stoinis 62(22)
  CB BOWL: Brijesh Sharma 0-42 (4)
  LAST WKT: Shreyas Iyer  c Dhruv Jurel b Nandre Burger 30(27)  - 181/4 in 17.6 ov.
  ⚠ DIVERGENCE: BOWLER: ui=Yash Raj Punja cb=Brijesh Sharma

[21:11:36  iter#268]
  WS ERR: ''
  CB: PBKS 222-4 (20)  crr=11.1  ps=41(12)  recent=...
  CB BAT: Suryansh Shedge* 3(2), Marcus Stoinis 62(22)
  CB BOWL: Brijesh Sharma 0-42 (4)
  LAST WKT: Shreyas Iyer  c Dhruv Jurel b Nandre Burger 30(27)  - 181/4 in 17.6 ov.
  ⚠ DIVERGENCE: BATTERS_MISSING_IN_UI: {'shedge', 'stoinis'} (ui=set(), cb={'shedge', 'stoinis'}) | BOWLER: ui=None cb=Brijesh Sharma

[21:11:57  iter#269]
  UI: Punjab Kings None-None (None)  str=Suryansh Shedge nstr=Marcus Stoinis  bowl=Yash Raj Punja 2-41 (4)
  this_over=['.', '4', '6', '6', '4', '4']  fow=3 (unk=0)  last_fow={'wicket': 3, 'batter': 'Prabhsimran Singh', 'score': 144, 'overs': '14.0', 'bowler': 'Ravindra Jadeja', 'how': None, '_unwitnessed': False}
  delivery: len=good_length line=leg_stump shot=in_the_air [layer2]
  extras: this_over=2 innings=30 [w1/nb1/b0/lb0]
  extras_log: [{'over': '4.4', 'type': 'wide', 'runs': 1, 'this_over_after': []}, {'over': '19.5', 'type': 'no_ball', 'runs': 1, 'this_over_after': []}]
  CB: PBKS 222-4 (20)  crr=11.1  ps=41(12)  recent=...
  CB BAT: Suryansh Shedge* 3(2), Marcus Stoinis 62(22)
  CB BOWL: Brijesh Sharma 0-42 (4)
  LAST WKT: Shreyas Iyer  c Dhruv Jurel b Nandre Burger 30(27)  - 181/4 in 17.6 ov.
  ⚠ DIVERGENCE: BOWLER: ui=Yash Raj Punja cb=Brijesh Sharma

[21:12:18  iter#270]
  UI: Punjab Kings None-None (None)  str=Suryansh Shedge nstr=Marcus Stoinis  bowl=Yash Raj Punja 2-41 (4)
  this_over=['.', '4', '6', '6', '4', '4']  fow=3 (unk=0)  last_fow={'wicket': 3, 'batter': 'Prabhsimran Singh', 'score': 144, 'overs': '14.0', 'bowler': 'Ravindra Jadeja', 'how': None, '_unwitnessed': False}
  delivery: len=good_length line=leg_stump shot=in_the_air [layer2]
  extras: this_over=2 innings=30 [w1/nb1/b0/lb0]
  extras_log: [{'over': '4.4', 'type': 'wide', 'runs': 1, 'this_over_after': []}, {'over': '19.5', 'type': 'no_ball', 'runs': 1, 'this_over_after': []}]
  CB: PBKS 222-4 (20)  crr=11.1  ps=41(12)  recent=...
  CB BAT: Suryansh Shedge* 3(2), Marcus Stoinis 62(22)
  CB BOWL: Brijesh Sharma 0-42 (4)
  LAST WKT: Shreyas Iyer  c Dhruv Jurel b Nandre Burger 30(27)  - 181/4 in 17.6 ov.
  ⚠ DIVERGENCE: BOWLER: ui=Yash Raj Punja cb=Brijesh Sharma

[21:12:40  iter#271]
  UI: Punjab Kings None-None (None)  str=Suryansh Shedge nstr=Marcus Stoinis  bowl=Yash Raj Punja 2-41 (4)
  this_over=['.', '4', '6', '6', '4', '4']  fow=3 (unk=0)  last_fow={'wicket': 3, 'batter': 'Prabhsimran Singh', 'score': 144, 'overs': '14.0', 'bowler': 'Ravindra Jadeja', 'how': None, '_unwitnessed': False}
  delivery: len=good_length line=leg_stump shot=in_the_air [layer2]
  extras: this_over=2 innings=30 [w1/nb1/b0/lb0]
  extras_log: [{'over': '4.4', 'type': 'wide', 'runs': 1, 'this_over_after': []}, {'over': '19.5', 'type': 'no_ball', 'runs': 1, 'this_over_after': []}]
  CB: PBKS 222-4 (20)  crr=11.1  ps=41(12)  recent=...
  CB BAT: Suryansh Shedge* 3(2), Marcus Stoinis 62(22)
  CB BOWL: Brijesh Sharma 0-42 (4)
  LAST WKT: Shreyas Iyer  c Dhruv Jurel b Nandre Burger 30(27)  - 181/4 in 17.6 ov.
  ⚠ DIVERGENCE: BOWLER: ui=Yash Raj Punja cb=Brijesh Sharma

[21:13:02  iter#272]
  UI: Punjab Kings None-None (None)  str=Suryansh Shedge nstr=Marcus Stoinis  bowl=Yash Raj Punja 2-41 (4)
  this_over=['.', '4', '6', '6', '4', '4']  fow=3 (unk=0)  last_fow={'wicket': 3, 'batter': 'Prabhsimran Singh', 'score': 144, 'overs': '14.0', 'bowler': 'Ravindra Jadeja', 'how': None, '_unwitnessed': False}
  delivery: len=good_length line=leg_stump shot=in_the_air [layer2]
  extras: this_over=2 innings=30 [w1/nb1/b0/lb0]
  extras_log: [{'over': '4.4', 'type': 'wide', 'runs': 1, 'this_over_after': []}, {'over': '19.5', 'type': 'no_ball', 'runs': 1, 'this_over_after': []}]
  CB: PBKS 222-4 (20)  crr=11.1  ps=41(12)  recent=...
  CB BAT: Suryansh Shedge* 3(2), Marcus Stoinis 62(22)
  CB BOWL: Brijesh Sharma 0-42 (4)
  LAST WKT: Shreyas Iyer  c Dhruv Jurel b Nandre Burger 30(27)  - 181/4 in 17.6 ov.
  ⚠ DIVERGENCE: BOWLER: ui=Yash Raj Punja cb=Brijesh Sharma

[21:13:25  iter#273]
  UI: Punjab Kings 222-4 (None)  str=Suryansh Shedge nstr=Marcus Stoinis  bowl=Yash Raj Punja 2-41 (4)
  this_over=['.', '4', '6', '6', '4', '4']  fow=3 (unk=0)  last_fow={'wicket': 3, 'batter': 'Prabhsimran Singh', 'score': 144, 'overs': '14.0', 'bowler': 'Ravindra Jadeja', 'how': None, '_unwitnessed': False}
  delivery: len=good_length line=leg_stump shot=in_the_air [layer2]
  extras: this_over=2 innings=30 [w1/nb1/b0/lb0]
  extras_log: [{'over': '4.4', 'type': 'wide', 'runs': 1, 'this_over_after': []}, {'over': '19.5', 'type': 'no_ball', 'runs': 1, 'this_over_after': []}]
  CB: PBKS 222-4 (20)  crr=11.1  ps=41(12)  recent=...
  CB BAT: Suryansh Shedge* 3(2), Marcus Stoinis 62(22)
  CB BOWL: Brijesh Sharma 0-42 (4)
  LAST WKT: Shreyas Iyer  c Dhruv Jurel b Nandre Burger 30(27)  - 181/4 in 17.6 ov.
  ⚠ DIVERGENCE: FOW_COUNT: ui=3 vs wickets=4 | BOWLER: ui=Yash Raj Punja cb=Brijesh Sharma

[21:13:46  iter#274]
  UI: Punjab Kings 222-4 (None)  str=Suryansh Shedge nstr=Marcus Stoinis  bowl=Yash Raj Punja 2-41 (4)
  this_over=['.', '4', '6', '6', '4', '4']  fow=3 (unk=0)  last_fow={'wicket': 3, 'batter': 'Prabhsimran Singh', 'score': 144, 'overs': '14.0', 'bowler': 'Ravindra Jadeja', 'how': None, '_unwitnessed': False}
  delivery: len=good_length line=leg_stump shot=in_the_air [layer2]
  extras: this_over=2 innings=30 [w1/nb1/b0/lb0]
  extras_log: [{'over': '4.4', 'type': 'wide', 'runs': 1, 'this_over_after': []}, {'over': '19.5', 'type': 'no_ball', 'runs': 1, 'this_over_after': []}]
  CB: PBKS 222-4 (20)  crr=11.1  ps=41(12)  recent=...
  CB BAT: Suryansh Shedge* 3(2), Marcus Stoinis 62(22)
  CB BOWL: Brijesh Sharma 0-42 (4)
  LAST WKT: Shreyas Iyer  c Dhruv Jurel b Nandre Burger 30(27)  - 181/4 in 17.6 ov.
  ⚠ DIVERGENCE: FOW_COUNT: ui=3 vs wickets=4 | BOWLER: ui=Yash Raj Punja cb=Brijesh Sharma

[21:14:07  iter#275]
  UI: Punjab Kings 222-4 (None)  str=Suryansh Shedge nstr=Marcus Stoinis  bowl=Yash Raj Punja 2-41 (4)
  this_over=['.', '4', '6', '6', '4', '4']  fow=3 (unk=0)  last_fow={'wicket': 3, 'batter': 'Prabhsimran Singh', 'score': 144, 'overs': '14.0', 'bowler': 'Ravindra Jadeja', 'how': None, '_unwitnessed': False}
  delivery: len=good_length line=leg_stump shot=in_the_air [layer2]
  extras: this_over=2 innings=30 [w1/nb1/b0/lb0]
  extras_log: [{'over': '4.4', 'type': 'wide', 'runs': 1, 'this_over_after': []}, {'over': '19.5', 'type': 'no_ball', 'runs': 1, 'this_over_after': []}]
  CB: PBKS 222-4 (20)  crr=11.1  ps=41(12)  recent=...
  CB BAT: Suryansh Shedge* 3(2), Marcus Stoinis 62(22)
  CB BOWL: Brijesh Sharma 0-42 (4)
  LAST WKT: Shreyas Iyer  c Dhruv Jurel b Nandre Burger 30(27)  - 181/4 in 17.6 ov.
  ⚠ DIVERGENCE: FOW_COUNT: ui=3 vs wickets=4 | BOWLER: ui=Yash Raj Punja cb=Brijesh Sharma

[21:14:28  iter#276]
  UI: Punjab Kings 222-4 (None)  str=Suryansh Shedge nstr=Marcus Stoinis  bowl=Yash Raj Punja 2-41 (4)
  this_over=['.', '4', '6', '6', '4', '4']  fow=3 (unk=0)  last_fow={'wicket': 3, 'batter': 'Prabhsimran Singh', 'score': 144, 'overs': '14.0', 'bowler': 'Ravindra Jadeja', 'how': None, '_unwitnessed': False}
  delivery: len=good_length line=leg_stump shot=in_the_air [layer2]
  extras: this_over=2 innings=30 [w1/nb1/b0/lb0]
  extras_log: [{'over': '4.4', 'type': 'wide', 'runs': 1, 'this_over_after': []}, {'over': '19.5', 'type': 'no_ball', 'runs': 1, 'this_over_after': []}]
  CB: PBKS 222-4 (20)  crr=11.1  ps=41(12)  recent=...
  CB BAT: Suryansh Shedge* 3(2), Marcus Stoinis 62(22)
  CB BOWL: Brijesh Sharma 0-42 (4)
  LAST WKT: Shreyas Iyer  c Dhruv Jurel b Nandre Burger 30(27)  - 181/4 in 17.6 ov.
  ⚠ DIVERGENCE: FOW_COUNT: ui=3 vs wickets=4 | BOWLER: ui=Yash Raj Punja cb=Brijesh Sharma

[21:14:52  iter#277]
  UI: Punjab Kings 222-4 (None)  str=Suryansh Shedge nstr=Marcus Stoinis  bowl=Yash Raj Punja 2-41 (4)
  this_over=['.', '4', '6', '6', '4', '4']  fow=3 (unk=0)  last_fow={'wicket': 3, 'batter': 'Prabhsimran Singh', 'score': 144, 'overs': '14.0', 'bowler': 'Ravindra Jadeja', 'how': None, '_unwitnessed': False}
  delivery: len=good_length line=leg_stump shot=in_the_air [layer2]
  extras: this_over=2 innings=30 [w1/nb1/b0/lb0]
  extras_log: [{'over': '4.4', 'type': 'wide', 'runs': 1, 'this_over_after': []}, {'over': '19.5', 'type': 'no_ball', 'runs': 1, 'this_over_after': []}]
  CB: PBKS 222-4 (20)  crr=11.1  ps=41(12)  recent=...
  CB BAT: Suryansh Shedge* 3(2), Marcus Stoinis 62(22)
  CB BOWL: Brijesh Sharma 0-42 (4)
  LAST WKT: Shreyas Iyer  c Dhruv Jurel b Nandre Burger 30(27)  - 181/4 in 17.6 ov.
  ⚠ DIVERGENCE: FOW_COUNT: ui=3 vs wickets=4 | BOWLER: ui=Yash Raj Punja cb=Brijesh Sharma

[21:15:14  iter#278]
  UI: Punjab Kings 222-4 (None)  str=Suryansh Shedge nstr=Marcus Stoinis  bowl=Yash Raj Punja 2-41 (4)
  this_over=['.', '4', '6', '6', '4', '4']  fow=3 (unk=0)  last_fow={'wicket': 3, 'batter': 'Prabhsimran Singh', 'score': 144, 'overs': '14.0', 'bowler': 'Ravindra Jadeja', 'how': None, '_unwitnessed': False}
  delivery: len=good_length line=leg_stump shot=in_the_air [layer2]
  extras: this_over=2 innings=30 [w1/nb1/b0/lb0]
  extras_log: [{'over': '4.4', 'type': 'wide', 'runs': 1, 'this_over_after': []}, {'over': '19.5', 'type': 'no_ball', 'runs': 1, 'this_over_after': []}]
  CB: PBKS 222-4 (20)  crr=11.1  ps=41(12)  recent=...
  CB BAT: Suryansh Shedge* 3(2), Marcus Stoinis 62(22)
  CB BOWL: Brijesh Sharma 0-42 (4)
  LAST WKT: Shreyas Iyer  c Dhruv Jurel b Nandre Burger 30(27)  - 181/4 in 17.6 ov.
  ⚠ DIVERGENCE: FOW_COUNT: ui=3 vs wickets=4 | BOWLER: ui=Yash Raj Punja cb=Brijesh Sharma

[21:15:36  iter#279]
  UI: Punjab Kings 222-4 (None)  str=Suryansh Shedge nstr=Marcus Stoinis  bowl=Yash Raj Punja 2-41 (4)
  this_over=['.', '4', '6', '6', '4', '4']  fow=3 (unk=0)  last_fow={'wicket': 3, 'batter': 'Prabhsimran Singh', 'score': 144, 'overs': '14.0', 'bowler': 'Ravindra Jadeja', 'how': None, '_unwitnessed': False}
  delivery: len=good_length line=leg_stump shot=in_the_air [layer2]
  extras: this_over=2 innings=30 [w1/nb1/b0/lb0]
  extras_log: [{'over': '4.4', 'type': 'wide', 'runs': 1, 'this_over_after': []}, {'over': '19.5', 'type': 'no_ball', 'runs': 1, 'this_over_after': []}]
  CB: PBKS 222-4 (20)  crr=11.1  ps=41(12)  recent=...
  CB BAT: Suryansh Shedge* 3(2), Marcus Stoinis 62(22)
  CB BOWL: Brijesh Sharma 0-42 (4)
  LAST WKT: Shreyas Iyer  c Dhruv Jurel b Nandre Burger 30(27)  - 181/4 in 17.6 ov.
  ⚠ DIVERGENCE: FOW_COUNT: ui=3 vs wickets=4 | BOWLER: ui=Yash Raj Punja cb=Brijesh Sharma

[21:16:01  iter#280]
  WS ERR: ''
  CB: PBKS 222-4 (20)  crr=11.1  ps=41(12)  recent=...
  CB BAT: Suryansh Shedge* 3(2), Marcus Stoinis 62(22)
  CB BOWL: Brijesh Sharma 0-42 (4)
  LAST WKT: Shreyas Iyer  c Dhruv Jurel b Nandre Burger 30(27)  - 181/4 in 17.6 ov.
  ⚠ DIVERGENCE: BATTERS_MISSING_IN_UI: {'shedge', 'stoinis'} (ui=set(), cb={'shedge', 'stoinis'}) | BOWLER: ui=None cb=Brijesh Sharma

[21:16:25  iter#281]
  WS ERR: ''
  CB: PBKS 222-4 (20)  crr=11.1  ps=41(12)  recent=...
  CB BAT: Suryansh Shedge* 3(2), Marcus Stoinis 62(22)
  CB BOWL: Brijesh Sharma 0-42 (4)
  LAST WKT: Shreyas Iyer  c Dhruv Jurel b Nandre Burger 30(27)  - 181/4 in 17.6 ov.
  ⚠ DIVERGENCE: BATTERS_MISSING_IN_UI: {'shedge', 'stoinis'} (ui=set(), cb={'shedge', 'stoinis'}) | BOWLER: ui=None cb=Brijesh Sharma

[21:16:47  iter#282]
  UI: Punjab Kings 222-5 (None)  str=Marcus Stoinis nstr=None  bowl=Yash Raj Punja 2-41 (4)
  this_over=['W']  fow=3 (unk=0)  last_fow={'wicket': 3, 'batter': 'Prabhsimran Singh', 'score': 144, 'overs': '14.0', 'bowler': 'Ravindra Jadeja', 'how': None, '_unwitnessed': False}
  delivery: len=good_length line=outside_off shot=in_the_air [layer2]
  extras: this_over=2 innings=30 [w1/nb1/b0/lb0]
  extras_log: [{'over': '4.4', 'type': 'wide', 'runs': 1, 'this_over_after': []}, {'over': '19.5', 'type': 'no_ball', 'runs': 1, 'this_over_after': []}]
  CB: PBKS 222-4 (20)  crr=11.1  ps=41(12)  recent=...
  CB BAT: Suryansh Shedge* 3(2), Marcus Stoinis 62(22)
  CB BOWL: Brijesh Sharma 0-42 (4)
  LAST WKT: Shreyas Iyer  c Dhruv Jurel b Nandre Burger 30(27)  - 181/4 in 17.6 ov.
  ⚠ DIVERGENCE: WICKETS: ui=5 cb=4 | STRIKER: ui=Marcus Stoinis cb=Suryansh Shedge | BATTERS_MISSING_IN_UI: {'shedge'} (ui={'stoinis'}, cb={'shedge', 'stoinis'}) | BAT_stoinis: ui=62(41) cb=62(22) | FOW_COUNT: ui=3 vs wickets=5 | BOWLER: ui=Yash Raj Punja cb=Brijesh Sharma

[21:17:08  iter#283]
  UI: Punjab Kings 222-5 (None)  str=Marcus Stoinis nstr=None  bowl=Yash Raj Punja 2-41 (4)
  this_over=['W']  fow=3 (unk=0)  last_fow={'wicket': 3, 'batter': 'Prabhsimran Singh', 'score': 144, 'overs': '14.0', 'bowler': 'Ravindra Jadeja', 'how': None, '_unwitnessed': False}
  delivery: len=good_length line=outside_off shot=in_the_air [layer2]
  extras: this_over=2 innings=30 [w1/nb1/b0/lb0]
  extras_log: [{'over': '4.4', 'type': 'wide', 'runs': 1, 'this_over_after': []}, {'over': '19.5', 'type': 'no_ball', 'runs': 1, 'this_over_after': []}]
  CB: PBKS 222-4 (20)  crr=11.1  ps=41(12)  recent=...
  CB BAT: Suryansh Shedge* 3(2), Marcus Stoinis 62(22)
  CB BOWL: Brijesh Sharma 0-42 (4)
  LAST WKT: Shreyas Iyer  c Dhruv Jurel b Nandre Burger 30(27)  - 181/4 in 17.6 ov.
  ⚠ DIVERGENCE: WICKETS: ui=5 cb=4 | STRIKER: ui=Marcus Stoinis cb=Suryansh Shedge | BATTERS_MISSING_IN_UI: {'shedge'} (ui={'stoinis'}, cb={'shedge', 'stoinis'}) | BAT_stoinis: ui=62(41) cb=62(22) | FOW_COUNT: ui=3 vs wickets=5 | BOWLER: ui=Yash Raj Punja cb=Brijesh Sharma

[21:17:31  iter#284]
  UI: Punjab Kings 222-5 (None)  str=Marcus Stoinis nstr=None  bowl=Yash Raj Punja 2-41 (4)
  this_over=['W']  fow=3 (unk=0)  last_fow={'wicket': 3, 'batter': 'Prabhsimran Singh', 'score': 144, 'overs': '14.0', 'bowler': 'Ravindra Jadeja', 'how': None, '_unwitnessed': False}
  delivery: len=good_length line=outside_off shot=in_the_air [layer2]
  extras: this_over=2 innings=30 [w1/nb1/b0/lb0]
  extras_log: [{'over': '4.4', 'type': 'wide', 'runs': 1, 'this_over_after': []}, {'over': '19.5', 'type': 'no_ball', 'runs': 1, 'this_over_after': []}]
  CB: PBKS 222-4 (20)  crr=11.1  ps=41(12)  recent=...
  CB BAT: Suryansh Shedge* 3(2), Marcus Stoinis 62(22)
  CB BOWL: Brijesh Sharma 0-42 (4)
  LAST WKT: Shreyas Iyer  c Dhruv Jurel b Nandre Burger 30(27)  - 181/4 in 17.6 ov.
  ⚠ DIVERGENCE: WICKETS: ui=5 cb=4 | STRIKER: ui=Marcus Stoinis cb=Suryansh Shedge | BATTERS_MISSING_IN_UI: {'shedge'} (ui={'stoinis'}, cb={'shedge', 'stoinis'}) | BAT_stoinis: ui=62(41) cb=62(22) | FOW_COUNT: ui=3 vs wickets=5 | BOWLER: ui=Yash Raj Punja cb=Brijesh Sharma

[21:17:52  iter#285]
  UI: Punjab Kings 222-5 (None)  str=Marcus Stoinis nstr=None  bowl=Yash Raj Punja 2-41 (4)
  this_over=['W']  fow=3 (unk=0)  last_fow={'wicket': 3, 'batter': 'Prabhsimran Singh', 'score': 144, 'overs': '14.0', 'bowler': 'Ravindra Jadeja', 'how': None, '_unwitnessed': False}
  delivery: len=good_length line=outside_off shot=in_the_air [layer2]
  extras: this_over=2 innings=30 [w1/nb1/b0/lb0]
  extras_log: [{'over': '4.4', 'type': 'wide', 'runs': 1, 'this_over_after': []}, {'over': '19.5', 'type': 'no_ball', 'runs': 1, 'this_over_after': []}]
  CB: PBKS 222-4 (20)  crr=11.1  ps=41(12)  recent=...
  CB BAT: Suryansh Shedge* 3(2), Marcus Stoinis 62(22)
  CB BOWL: Brijesh Sharma 0-42 (4)
  LAST WKT: Shreyas Iyer  c Dhruv Jurel b Nandre Burger 30(27)  - 181/4 in 17.6 ov.
  ⚠ DIVERGENCE: WICKETS: ui=5 cb=4 | STRIKER: ui=Marcus Stoinis cb=Suryansh Shedge | BATTERS_MISSING_IN_UI: {'shedge'} (ui={'stoinis'}, cb={'shedge', 'stoinis'}) | BAT_stoinis: ui=62(41) cb=62(22) | FOW_COUNT: ui=3 vs wickets=5 | BOWLER: ui=Yash Raj Punja cb=Brijesh Sharma

[21:18:14  iter#286]
  UI: Punjab Kings 222-5 (None)  str=Marcus Stoinis nstr=None  bowl=Yash Raj Punja 2-41 (4)
  this_over=['W']  fow=3 (unk=0)  last_fow={'wicket': 3, 'batter': 'Prabhsimran Singh', 'score': 144, 'overs': '14.0', 'bowler': 'Ravindra Jadeja', 'how': None, '_unwitnessed': False}
  delivery: len=good_length line=outside_off shot=in_the_air [layer2]
  extras: this_over=2 innings=30 [w1/nb1/b0/lb0]
  extras_log: [{'over': '4.4', 'type': 'wide', 'runs': 1, 'this_over_after': []}, {'over': '19.5', 'type': 'no_ball', 'runs': 1, 'this_over_after': []}]
  CB: PBKS 222-4 (20)  crr=11.1  ps=41(12)  recent=...
  CB BAT: Suryansh Shedge* 3(2), Marcus Stoinis 62(22)
  CB BOWL: Brijesh Sharma 0-42 (4)
  LAST WKT: Shreyas Iyer  c Dhruv Jurel b Nandre Burger 30(27)  - 181/4 in 17.6 ov.
  ⚠ DIVERGENCE: WICKETS: ui=5 cb=4 | STRIKER: ui=Marcus Stoinis cb=Suryansh Shedge | BATTERS_MISSING_IN_UI: {'shedge'} (ui={'stoinis'}, cb={'shedge', 'stoinis'}) | BAT_stoinis: ui=62(41) cb=62(22) | FOW_COUNT: ui=3 vs wickets=5 | BOWLER: ui=Yash Raj Punja cb=Brijesh Sharma

[21:18:35  iter#287]
  UI: Punjab Kings 222-5 (None)  str=Marcus Stoinis nstr=None  bowl=Yash Raj Punja 2-41 (4)
  this_over=['.', '4', '6', '6', '4', '4']  fow=3 (unk=0)  last_fow={'wicket': 3, 'batter': 'Prabhsimran Singh', 'score': 144, 'overs': '14.0', 'bowler': 'Ravindra Jadeja', 'how': None, '_unwitnessed': False}
  delivery: len=good_length line=outside_off shot=in_the_air [layer2]
  extras: this_over=2 innings=30 [w1/nb1/b0/lb0]
  extras_log: [{'over': '4.4', 'type': 'wide', 'runs': 1, 'this_over_after': []}, {'over': '19.5', 'type': 'no_ball', 'runs': 1, 'this_over_after': []}]
  CB: PBKS 222-4 (20)  crr=11.1  ps=41(12)  recent=...
  CB BAT: Suryansh Shedge* 3(2), Marcus Stoinis 62(22)
  CB BOWL: Brijesh Sharma 0-42 (4)
  LAST WKT: Shreyas Iyer  c Dhruv Jurel b Nandre Burger 30(27)  - 181/4 in 17.6 ov.
  ⚠ DIVERGENCE: WICKETS: ui=5 cb=4 | STRIKER: ui=Marcus Stoinis cb=Suryansh Shedge | BATTERS_MISSING_IN_UI: {'shedge'} (ui={'stoinis'}, cb={'shedge', 'stoinis'}) | BAT_stoinis: ui=62(41) cb=62(22) | FOW_COUNT: ui=3 vs wickets=5 | BOWLER: ui=Yash Raj Punja cb=Brijesh Sharma

[21:18:57  iter#288]
  UI: Punjab Kings 222-5 (None)  str=Marcus Stoinis nstr=None  bowl=Yash Raj Punja 2-41 (4)
  this_over=['.', '4', '6', '6', '4', '4']  fow=3 (unk=0)  last_fow={'wicket': 3, 'batter': 'Prabhsimran Singh', 'score': 144, 'overs': '14.0', 'bowler': 'Ravindra Jadeja', 'how': None, '_unwitnessed': False}
  delivery: len=good_length line=outside_off shot=in_the_air [layer2]
  extras: this_over=2 innings=30 [w1/nb1/b0/lb0]
  extras_log: [{'over': '4.4', 'type': 'wide', 'runs': 1, 'this_over_after': []}, {'over': '19.5', 'type': 'no_ball', 'runs': 1, 'this_over_after': []}]
  CB: PBKS 222-4 (20)  crr=11.1  ps=41(12)  recent=...
  CB BAT: Suryansh Shedge* 3(2), Marcus Stoinis 62(22)
  CB BOWL: Brijesh Sharma 0-42 (4)
  LAST WKT: Shreyas Iyer  c Dhruv Jurel b Nandre Burger 30(27)  - 181/4 in 17.6 ov.
  ⚠ DIVERGENCE: WICKETS: ui=5 cb=4 | STRIKER: ui=Marcus Stoinis cb=Suryansh Shedge | BATTERS_MISSING_IN_UI: {'shedge'} (ui={'stoinis'}, cb={'shedge', 'stoinis'}) | BAT_stoinis: ui=62(41) cb=62(22) | FOW_COUNT: ui=3 vs wickets=5 | BOWLER: ui=Yash Raj Punja cb=Brijesh Sharma

[21:19:19  iter#289]
  UI: Punjab Kings 222-5 (None)  str=Marcus Stoinis nstr=None  bowl=Yash Raj Punja 2-41 (4)
  this_over=['.', '4', '6', '6', '4', '4']  fow=3 (unk=0)  last_fow={'wicket': 3, 'batter': 'Prabhsimran Singh', 'score': 144, 'overs': '14.0', 'bowler': 'Ravindra Jadeja', 'how': None, '_unwitnessed': False}
  delivery: len=good_length line=outside_off shot=in_the_air [layer2]
  extras: this_over=2 innings=30 [w1/nb1/b0/lb0]
  extras_log: [{'over': '4.4', 'type': 'wide', 'runs': 1, 'this_over_after': []}, {'over': '19.5', 'type': 'no_ball', 'runs': 1, 'this_over_after': []}]
  CB: PBKS 222-4 (20)  crr=11.1  ps=41(12)  recent=...
  CB BAT: Suryansh Shedge* 3(2), Marcus Stoinis 62(22)
  CB BOWL: Brijesh Sharma 0-42 (4)
  LAST WKT: Shreyas Iyer  c Dhruv Jurel b Nandre Burger 30(27)  - 181/4 in 17.6 ov.
  ⚠ DIVERGENCE: WICKETS: ui=5 cb=4 | STRIKER: ui=Marcus Stoinis cb=Suryansh Shedge | BATTERS_MISSING_IN_UI: {'shedge'} (ui={'stoinis'}, cb={'shedge', 'stoinis'}) | BAT_stoinis: ui=62(41) cb=62(22) | FOW_COUNT: ui=3 vs wickets=5 | BOWLER: ui=Yash Raj Punja cb=Brijesh Sharma

[21:19:42  iter#290]
  UI: Punjab Kings 222-5 (None)  str=Marcus Stoinis nstr=None  bowl=Yash Raj Punja 2-41 (4)
  this_over=['.', '4', '6', '6', '4', '4']  fow=3 (unk=0)  last_fow={'wicket': 3, 'batter': 'Prabhsimran Singh', 'score': 144, 'overs': '14.0', 'bowler': 'Ravindra Jadeja', 'how': None, '_unwitnessed': False}
  delivery: len=good_length line=outside_off shot=in_the_air [layer2]
  extras: this_over=2 innings=30 [w1/nb1/b0/lb0]
  extras_log: [{'over': '4.4', 'type': 'wide', 'runs': 1, 'this_over_after': []}, {'over': '19.5', 'type': 'no_ball', 'runs': 1, 'this_over_after': []}]
  CB: PBKS 222-4 (20)  crr=11.1  ps=41(12)  recent=...
  CB BAT: Suryansh Shedge* 3(2), Marcus Stoinis 62(22)
  CB BOWL: Brijesh Sharma 0-42 (4)
  LAST WKT: Shreyas Iyer  c Dhruv Jurel b Nandre Burger 30(27)  - 181/4 in 17.6 ov.
  ⚠ DIVERGENCE: WICKETS: ui=5 cb=4 | STRIKER: ui=Marcus Stoinis cb=Suryansh Shedge | BATTERS_MISSING_IN_UI: {'shedge'} (ui={'stoinis'}, cb={'shedge', 'stoinis'}) | BAT_stoinis: ui=62(41) cb=62(22) | FOW_COUNT: ui=3 vs wickets=5 | BOWLER: ui=Yash Raj Punja cb=Brijesh Sharma

[21:20:06  iter#291]
  UI: Punjab Kings 222-5 (None)  str=Marcus Stoinis nstr=None  bowl=Yash Raj Punja 2-41 (4)
  this_over=['.', '4', '6', '6', '4', '4']  fow=3 (unk=0)  last_fow={'wicket': 3, 'batter': 'Prabhsimran Singh', 'score': 144, 'overs': '14.0', 'bowler': 'Ravindra Jadeja', 'how': None, '_unwitnessed': False}
  delivery: len=good_length line=outside_off shot=in_the_air [layer2]
  extras: this_over=2 innings=30 [w1/nb1/b0/lb0]
  extras_log: [{'over': '4.4', 'type': 'wide', 'runs': 1, 'this_over_after': []}, {'over': '19.5', 'type': 'no_ball', 'runs': 1, 'this_over_after': []}]
  CB: PBKS 222-4 (20)  crr=11.1  ps=41(12)  recent=...
  CB BAT: Suryansh Shedge* 3(2), Marcus Stoinis 62(22)
  CB BOWL: Brijesh Sharma 0-42 (4)
  LAST WKT: Shreyas Iyer  c Dhruv Jurel b Nandre Burger 30(27)  - 181/4 in 17.6 ov.
  ⚠ DIVERGENCE: WICKETS: ui=5 cb=4 | STRIKER: ui=Marcus Stoinis cb=Suryansh Shedge | BATTERS_MISSING_IN_UI: {'shedge'} (ui={'stoinis'}, cb={'shedge', 'stoinis'}) | BAT_stoinis: ui=62(41) cb=62(22) | FOW_COUNT: ui=3 vs wickets=5 | BOWLER: ui=Yash Raj Punja cb=Brijesh Sharma

[21:20:27  iter#292]
  UI: Punjab Kings 222-5 (None)  str=Marcus Stoinis nstr=None  bowl=Yash Raj Punja 2-41 (4)
  this_over=['.', '4', '6', '6', '4', '4']  fow=3 (unk=0)  last_fow={'wicket': 3, 'batter': 'Prabhsimran Singh', 'score': 144, 'overs': '14.0', 'bowler': 'Ravindra Jadeja', 'how': None, '_unwitnessed': False}
  delivery: len=good_length line=outside_off shot=in_the_air [layer2]
  extras: this_over=2 innings=30 [w1/nb1/b0/lb0]
  extras_log: [{'over': '4.4', 'type': 'wide', 'runs': 1, 'this_over_after': []}, {'over': '19.5', 'type': 'no_ball', 'runs': 1, 'this_over_after': []}]
  CB: PBKS 222-4 (20)  crr=11.1  ps=41(12)  recent=...
  CB BAT: Suryansh Shedge* 3(2), Marcus Stoinis 62(22)
  CB BOWL: Brijesh Sharma 0-42 (4)
  LAST WKT: Shreyas Iyer  c Dhruv Jurel b Nandre Burger 30(27)  - 181/4 in 17.6 ov.
  ⚠ DIVERGENCE: WICKETS: ui=5 cb=4 | STRIKER: ui=Marcus Stoinis cb=Suryansh Shedge | BATTERS_MISSING_IN_UI: {'shedge'} (ui={'stoinis'}, cb={'shedge', 'stoinis'}) | BAT_stoinis: ui=62(41) cb=62(22) | FOW_COUNT: ui=3 vs wickets=5 | BOWLER: ui=Yash Raj Punja cb=Brijesh Sharma

[21:20:49  iter#293]
  UI: Punjab Kings 222-5 (None)  str=Marcus Stoinis nstr=None  bowl=Yash Raj Punja 2-41 (4)
  this_over=['.', '4', '6', '6', '4', '4']  fow=3 (unk=0)  last_fow={'wicket': 3, 'batter': 'Prabhsimran Singh', 'score': 144, 'overs': '14.0', 'bowler': 'Ravindra Jadeja', 'how': None, '_unwitnessed': False}
  delivery: len=good_length line=outside_off shot=in_the_air [layer2]
  extras: this_over=2 innings=30 [w1/nb1/b0/lb0]
  extras_log: [{'over': '4.4', 'type': 'wide', 'runs': 1, 'this_over_after': []}, {'over': '19.5', 'type': 'no_ball', 'runs': 1, 'this_over_after': []}]
  CB: PBKS 222-4 (20)  crr=11.1  ps=41(12)  recent=...
  CB BAT: Suryansh Shedge* 3(2), Marcus Stoinis 62(22)
  CB BOWL: Brijesh Sharma 0-42 (4)
  LAST WKT: Shreyas Iyer  c Dhruv Jurel b Nandre Burger 30(27)  - 181/4 in 17.6 ov.
  ⚠ DIVERGENCE: WICKETS: ui=5 cb=4 | STRIKER: ui=Marcus Stoinis cb=Suryansh Shedge | BATTERS_MISSING_IN_UI: {'shedge'} (ui={'stoinis'}, cb={'shedge', 'stoinis'}) | BAT_stoinis: ui=62(41) cb=62(22) | FOW_COUNT: ui=3 vs wickets=5 | BOWLER: ui=Yash Raj Punja cb=Brijesh Sharma

[21:21:13  iter#294]
  WS ERR: ''
  CB: PBKS 222-4 (20)  crr=11.1  ps=41(12)  recent=...
  CB BAT: Suryansh Shedge* 3(2), Marcus Stoinis 62(22)
  CB BOWL: Brijesh Sharma 0-42 (4)
  LAST WKT: Shreyas Iyer  c Dhruv Jurel b Nandre Burger 30(27)  - 181/4 in 17.6 ov.
  ⚠ DIVERGENCE: BATTERS_MISSING_IN_UI: {'shedge', 'stoinis'} (ui=set(), cb={'shedge', 'stoinis'}) | BOWLER: ui=None cb=Brijesh Sharma

[21:21:34  iter#295]
  UI: Punjab Kings 222-5 (None)  str=Marcus Stoinis nstr=None  bowl=Yash Raj Punja 2-41 (4)
  this_over=['.', '4', '6', '6', '4', '4']  fow=3 (unk=0)  last_fow={'wicket': 3, 'batter': 'Prabhsimran Singh', 'score': 144, 'overs': '14.0', 'bowler': 'Ravindra Jadeja', 'how': None, '_unwitnessed': False}
  delivery: len=good_length line=outside_off shot=in_the_air [layer2]
  extras: this_over=2 innings=30 [w1/nb1/b0/lb0]
  extras_log: [{'over': '4.4', 'type': 'wide', 'runs': 1, 'this_over_after': []}, {'over': '19.5', 'type': 'no_ball', 'runs': 1, 'this_over_after': []}]
  CB: PBKS 222-4 (20)  crr=11.1  ps=41(12)  recent=...
  CB BAT: Suryansh Shedge* 3(2), Marcus Stoinis 62(22)
  CB BOWL: Brijesh Sharma 0-42 (4)
  LAST WKT: Shreyas Iyer  c Dhruv Jurel b Nandre Burger 30(27)  - 181/4 in 17.6 ov.
  ⚠ DIVERGENCE: WICKETS: ui=5 cb=4 | STRIKER: ui=Marcus Stoinis cb=Suryansh Shedge | BATTERS_MISSING_IN_UI: {'shedge'} (ui={'stoinis'}, cb={'shedge', 'stoinis'}) | BAT_stoinis: ui=62(41) cb=62(22) | FOW_COUNT: ui=3 vs wickets=5 | BOWLER: ui=Yash Raj Punja cb=Brijesh Sharma

[21:21:55  iter#296]
  UI: Punjab Kings 222-5 (None)  str=Marcus Stoinis nstr=None  bowl=Yash Raj Punja 2-41 (4)
  this_over=['.', '4', '6', '6', '4', '4']  fow=3 (unk=0)  last_fow={'wicket': 3, 'batter': 'Prabhsimran Singh', 'score': 144, 'overs': '14.0', 'bowler': 'Ravindra Jadeja', 'how': None, '_unwitnessed': False}
  delivery: len=good_length line=outside_off shot=in_the_air [layer2]
  extras: this_over=2 innings=30 [w1/nb1/b0/lb0]
  extras_log: [{'over': '4.4', 'type': 'wide', 'runs': 1, 'this_over_after': []}, {'over': '19.5', 'type': 'no_ball', 'runs': 1, 'this_over_after': []}]
  CB: PBKS 222-4 (20)  crr=11.1  ps=41(12)  recent=...
  CB BAT: Suryansh Shedge* 3(2), Marcus Stoinis 62(22)
  CB BOWL: Brijesh Sharma 0-42 (4)
  LAST WKT: Shreyas Iyer  c Dhruv Jurel b Nandre Burger 30(27)  - 181/4 in 17.6 ov.
  ⚠ DIVERGENCE: WICKETS: ui=5 cb=4 | STRIKER: ui=Marcus Stoinis cb=Suryansh Shedge | BATTERS_MISSING_IN_UI: {'shedge'} (ui={'stoinis'}, cb={'shedge', 'stoinis'}) | BAT_stoinis: ui=62(41) cb=62(22) | FOW_COUNT: ui=3 vs wickets=5 | BOWLER: ui=Yash Raj Punja cb=Brijesh Sharma

[21:22:16  iter#297]
  UI: Punjab Kings 222-5 (None)  str=Marcus Stoinis nstr=None  bowl=Yash Raj Punja 2-41 (4)
  this_over=['.', '4', '6', '6', '4', '4']  fow=3 (unk=0)  last_fow={'wicket': 3, 'batter': 'Prabhsimran Singh', 'score': 144, 'overs': '14.0', 'bowler': 'Ravindra Jadeja', 'how': None, '_unwitnessed': False}
  delivery: len=good_length line=outside_off shot=in_the_air [layer2]
  extras: this_over=2 innings=30 [w1/nb1/b0/lb0]
  extras_log: [{'over': '4.4', 'type': 'wide', 'runs': 1, 'this_over_after': []}, {'over': '19.5', 'type': 'no_ball', 'runs': 1, 'this_over_after': []}]
  CB: PBKS 222-4 (20)  crr=11.1  ps=41(12)  recent=...
  CB BAT: Suryansh Shedge* 3(2), Marcus Stoinis 62(22)
  CB BOWL: Brijesh Sharma 0-42 (4)
  LAST WKT: Shreyas Iyer  c Dhruv Jurel b Nandre Burger 30(27)  - 181/4 in 17.6 ov.
  ⚠ DIVERGENCE: WICKETS: ui=5 cb=4 | STRIKER: ui=Marcus Stoinis cb=Suryansh Shedge | BATTERS_MISSING_IN_UI: {'shedge'} (ui={'stoinis'}, cb={'shedge', 'stoinis'}) | BAT_stoinis: ui=62(41) cb=62(22) | FOW_COUNT: ui=3 vs wickets=5 | BOWLER: ui=Yash Raj Punja cb=Brijesh Sharma

[21:22:38  iter#298]
  UI: Punjab Kings 222-5 (None)  str=Marcus Stoinis nstr=None  bowl=Yash Raj Punja 2-41 (4)
  this_over=['.', '4', '6', '6', '4', '4']  fow=3 (unk=0)  last_fow={'wicket': 3, 'batter': 'Prabhsimran Singh', 'score': 144, 'overs': '14.0', 'bowler': 'Ravindra Jadeja', 'how': None, '_unwitnessed': False}
  delivery: len=good_length line=outside_off shot=in_the_air [layer2]
  extras: this_over=2 innings=30 [w1/nb1/b0/lb0]
  extras_log: [{'over': '4.4', 'type': 'wide', 'runs': 1, 'this_over_after': []}, {'over': '19.5', 'type': 'no_ball', 'runs': 1, 'this_over_after': []}]
  CB: PBKS 222-4 (20)  crr=11.1  ps=41(12)  recent=...
  CB BAT: Suryansh Shedge* 3(2), Marcus Stoinis 62(22)
  CB BOWL: Brijesh Sharma 0-42 (4)
  LAST WKT: Shreyas Iyer  c Dhruv Jurel b Nandre Burger 30(27)  - 181/4 in 17.6 ov.
  ⚠ DIVERGENCE: WICKETS: ui=5 cb=4 | STRIKER: ui=Marcus Stoinis cb=Suryansh Shedge | BATTERS_MISSING_IN_UI: {'shedge'} (ui={'stoinis'}, cb={'shedge', 'stoinis'}) | BAT_stoinis: ui=62(41) cb=62(22) | FOW_COUNT: ui=3 vs wickets=5 | BOWLER: ui=Yash Raj Punja cb=Brijesh Sharma

[21:23:00  iter#299]
  UI: Punjab Kings 222-5 (None)  str=Marcus Stoinis nstr=None  bowl=Yash Raj Punja 2-41 (4)
  this_over=['.', '4', '6', '6', '4', '4']  fow=3 (unk=0)  last_fow={'wicket': 3, 'batter': 'Prabhsimran Singh', 'score': 144, 'overs': '14.0', 'bowler': 'Ravindra Jadeja', 'how': None, '_unwitnessed': False}
  delivery: len=good_length line=outside_off shot=in_the_air [layer2]
  extras: this_over=2 innings=30 [w1/nb1/b0/lb0]
  extras_log: [{'over': '4.4', 'type': 'wide', 'runs': 1, 'this_over_after': []}, {'over': '19.5', 'type': 'no_ball', 'runs': 1, 'this_over_after': []}]
  CB: PBKS 222-4 (20)  crr=11.1  ps=41(12)  recent=...
  CB BAT: Suryansh Shedge* 3(2), Marcus Stoinis 62(22)
  CB BOWL: Brijesh Sharma 0-42 (4)
  LAST WKT: Shreyas Iyer  c Dhruv Jurel b Nandre Burger 30(27)  - 181/4 in 17.6 ov.
  ⚠ DIVERGENCE: WICKETS: ui=5 cb=4 | STRIKER: ui=Marcus Stoinis cb=Suryansh Shedge | BATTERS_MISSING_IN_UI: {'shedge'} (ui={'stoinis'}, cb={'shedge', 'stoinis'}) | BAT_stoinis: ui=62(41) cb=62(22) | FOW_COUNT: ui=3 vs wickets=5 | BOWLER: ui=Yash Raj Punja cb=Brijesh Sharma

[21:23:24  iter#300]
  UI: Punjab Kings None-None (None)  str=Marcus Stoinis nstr=None  bowl=Yash Raj Punja 2-41 (4)
  this_over=['.', '4', '6', '6', '4', '4']  fow=3 (unk=0)  last_fow={'wicket': 3, 'batter': 'Prabhsimran Singh', 'score': 144, 'overs': '14.0', 'bowler': 'Ravindra Jadeja', 'how': None, '_unwitnessed': False}
  delivery: len=good_length line=outside_off shot=in_the_air [layer2]
  extras: this_over=2 innings=30 [w1/nb1/b0/lb0]
  extras_log: [{'over': '4.4', 'type': 'wide', 'runs': 1, 'this_over_after': []}, {'over': '19.5', 'type': 'no_ball', 'runs': 1, 'this_over_after': []}]
  CB: PBKS 222-4 (20)  crr=6.0  ps=1(1)  recent=1
  CB BAT: Vaibhav Sooryavanshi* 0(0), Yashasvi Jaiswal 1(1)
  ⚠ DIVERGENCE: STRIKER: ui=Marcus Stoinis cb=Vaibhav Sooryavanshi | BATTERS_MISSING_IN_UI: {'sooryavanshi', 'jaiswal'} (ui={'stoinis'}, cb={'sooryavanshi', 'jaiswal'})

[21:23:45  iter#301]
  UI: Punjab Kings None-None (None)  str=Marcus Stoinis nstr=None  bowl=Yash Raj Punja 2-41 (4)
  this_over=['.', '4', '6', '6', '4', '4']  fow=3 (unk=0)  last_fow={'wicket': 3, 'batter': 'Prabhsimran Singh', 'score': 144, 'overs': '14.0', 'bowler': 'Ravindra Jadeja', 'how': None, '_unwitnessed': False}
  delivery: len=good_length line=outside_off shot=in_the_air [layer2]
  extras: this_over=2 innings=30 [w1/nb1/b0/lb0]
  extras_log: [{'over': '4.4', 'type': 'wide', 'runs': 1, 'this_over_after': []}, {'over': '19.5', 'type': 'no_ball', 'runs': 1, 'this_over_after': []}]
  CB: PBKS 222-4 (20)  crr=6.0  ps=1(1)  recent=1
  CB BAT: Vaibhav Sooryavanshi* 0(0), Yashasvi Jaiswal 1(1)
  ⚠ DIVERGENCE: STRIKER: ui=Marcus Stoinis cb=Vaibhav Sooryavanshi | BATTERS_MISSING_IN_UI: {'sooryavanshi', 'jaiswal'} (ui={'stoinis'}, cb={'sooryavanshi', 'jaiswal'})

[21:24:05  iter#302]
  UI: Punjab Kings None-None (None)  str=Marcus Stoinis nstr=None  bowl=Yash Raj Punja 2-41 (4)
  this_over=['.', '4', '6', '6', '4', '4']  fow=3 (unk=0)  last_fow={'wicket': 3, 'batter': 'Prabhsimran Singh', 'score': 144, 'overs': '14.0', 'bowler': 'Ravindra Jadeja', 'how': None, '_unwitnessed': False}
  delivery: len=good_length line=outside_off shot=in_the_air [layer2]
  extras: this_over=2 innings=30 [w1/nb1/b0/lb0]
  extras_log: [{'over': '4.4', 'type': 'wide', 'runs': 1, 'this_over_after': []}, {'over': '19.5', 'type': 'no_ball', 'runs': 1, 'this_over_after': []}]
  CB: PBKS 222-4 (20)  crr=3.0  ps=1(2)  recent=1 0
  CB BAT: Vaibhav Sooryavanshi* 0(1), Yashasvi Jaiswal 1(1)
  ⚠ DIVERGENCE: STRIKER: ui=Marcus Stoinis cb=Vaibhav Sooryavanshi | BATTERS_MISSING_IN_UI: {'sooryavanshi', 'jaiswal'} (ui={'stoinis'}, cb={'sooryavanshi', 'jaiswal'})

[21:24:30  iter#303]
  UI: Punjab Kings None-None (None)  str=Marcus Stoinis nstr=None  bowl=Yash Raj Punja 2-41 (4)
  this_over=['.', '4', '6', '6', '4', '4']  fow=3 (unk=0)  last_fow={'wicket': 3, 'batter': 'Prabhsimran Singh', 'score': 144, 'overs': '14.0', 'bowler': 'Ravindra Jadeja', 'how': None, '_unwitnessed': False}
  delivery: len=good_length line=outside_off shot=in_the_air [layer2]
  extras: this_over=2 innings=30 [w1/nb1/b0/lb0]
  extras_log: [{'over': '4.4', 'type': 'wide', 'runs': 1, 'this_over_after': []}, {'over': '19.5', 'type': 'no_ball', 'runs': 1, 'this_over_after': []}]
  CB: PBKS 222-4 (20)  crr=3.0  ps=1(2)  recent=1 0
  CB BAT: Vaibhav Sooryavanshi* 0(1), Yashasvi Jaiswal 1(1)
  ⚠ DIVERGENCE: STRIKER: ui=Marcus Stoinis cb=Vaibhav Sooryavanshi | BATTERS_MISSING_IN_UI: {'sooryavanshi', 'jaiswal'} (ui={'stoinis'}, cb={'sooryavanshi', 'jaiswal'})

[21:24:53  iter#304]
  UI: Punjab Kings None-None (None)  str=Marcus Stoinis nstr=None  bowl=Yash Raj Punja 2-41 (4)
  this_over=['.', '4', '6', '6', '4', '4']  fow=3 (unk=0)  last_fow={'wicket': 3, 'batter': 'Prabhsimran Singh', 'score': 144, 'overs': '14.0', 'bowler': 'Ravindra Jadeja', 'how': None, '_unwitnessed': False}
  delivery: len=good_length line=outside_off shot=in_the_air [layer2]
  extras: this_over=2 innings=30 [w1/nb1/b0/lb0]
  extras_log: [{'over': '4.4', 'type': 'wide', 'runs': 1, 'this_over_after': []}, {'over': '19.5', 'type': 'no_ball', 'runs': 1, 'this_over_after': []}]
  CB: PBKS 222-4 (20)  crr=2.0  ps=1(3)  recent=1 0 0
  CB BAT: Vaibhav Sooryavanshi* 0(2), Yashasvi Jaiswal 1(1)
  ⚠ DIVERGENCE: STRIKER: ui=Marcus Stoinis cb=Vaibhav Sooryavanshi | BATTERS_MISSING_IN_UI: {'sooryavanshi', 'jaiswal'} (ui={'stoinis'}, cb={'sooryavanshi', 'jaiswal'})

[21:25:15  iter#305]
  UI: Punjab Kings None-None (None)  str=Marcus Stoinis nstr=None  bowl=Yash Raj Punja 2-41 (4)
  this_over=['.', '4', '6', '6', '4', '4']  fow=3 (unk=0)  last_fow={'wicket': 3, 'batter': 'Prabhsimran Singh', 'score': 144, 'overs': '14.0', 'bowler': 'Ravindra Jadeja', 'how': None, '_unwitnessed': False}
  delivery: len=good_length line=outside_off shot=in_the_air [layer2]
  extras: this_over=2 innings=30 [w1/nb1/b0/lb0]
  extras_log: [{'over': '4.4', 'type': 'wide', 'runs': 1, 'this_over_after': []}, {'over': '19.5', 'type': 'no_ball', 'runs': 1, 'this_over_after': []}]
  CB: PBKS 222-4 (20)  crr=10.5  ps=7(4)  recent=1 0 0 6
  CB BAT: Vaibhav Sooryavanshi* 6(3), Yashasvi Jaiswal 1(1)
  ⚠ DIVERGENCE: STRIKER: ui=Marcus Stoinis cb=Vaibhav Sooryavanshi | BATTERS_MISSING_IN_UI: {'sooryavanshi', 'jaiswal'} (ui={'stoinis'}, cb={'sooryavanshi', 'jaiswal'})

[21:25:37  iter#306]
  UI: Punjab Kings None-None (None)  str=Marcus Stoinis nstr=None  bowl=Yash Raj Punja 2-41 (4)
  this_over=['.', '4', '6', '6', '4', '4']  fow=3 (unk=0)  last_fow={'wicket': 3, 'batter': 'Prabhsimran Singh', 'score': 144, 'overs': '14.0', 'bowler': 'Ravindra Jadeja', 'how': None, '_unwitnessed': False}
  delivery: len=good_length line=outside_off shot=in_the_air [layer2]
  extras: this_over=2 innings=30 [w1/nb1/b0/lb0]
  extras_log: [{'over': '4.4', 'type': 'wide', 'runs': 1, 'this_over_after': []}, {'over': '19.5', 'type': 'no_ball', 'runs': 1, 'this_over_after': []}]
  CB: PBKS 222-4 (20)  crr=10.5  ps=7(4)  recent=1 0 0 6
  CB BAT: Vaibhav Sooryavanshi* 6(3), Yashasvi Jaiswal 1(1)
  ⚠ DIVERGENCE: STRIKER: ui=Marcus Stoinis cb=Vaibhav Sooryavanshi | BATTERS_MISSING_IN_UI: {'sooryavanshi', 'jaiswal'} (ui={'stoinis'}, cb={'sooryavanshi', 'jaiswal'})

[21:25:59  iter#307]
  UI: Punjab Kings None-None (None)  str=Marcus Stoinis nstr=None  bowl=Yash Raj Punja 2-41 (4)
  this_over=['.', '4', '6', '6', '4', '4']  fow=3 (unk=0)  last_fow={'wicket': 3, 'batter': 'Prabhsimran Singh', 'score': 144, 'overs': '14.0', 'bowler': 'Ravindra Jadeja', 'how': None, '_unwitnessed': False}
  delivery: len=good_length line=outside_off shot=in_the_air [layer2]
  extras: this_over=2 innings=30 [w1/nb1/b0/lb0]
  extras_log: [{'over': '4.4', 'type': 'wide', 'runs': 1, 'this_over_after': []}, {'over': '19.5', 'type': 'no_ball', 'runs': 1, 'this_over_after': []}]
  CB: PBKS 222-4 (20)  crr=10.5  ps=7(4)  recent=1 0 0 6
  CB BAT: Vaibhav Sooryavanshi* 6(3), Yashasvi Jaiswal 1(1)
  ⚠ DIVERGENCE: STRIKER: ui=Marcus Stoinis cb=Vaibhav Sooryavanshi | BATTERS_MISSING_IN_UI: {'sooryavanshi', 'jaiswal'} (ui={'stoinis'}, cb={'sooryavanshi', 'jaiswal'})

[21:26:23  iter#308]
  WS ERR: ''
  CB: RR 11-0 (0.5)  crr=13.2  ps=11(5)  recent=1 0 0 6 4
  CB BAT: Vaibhav Sooryavanshi* 10(4), Yashasvi Jaiswal 1(1)
  ⚠ DIVERGENCE: BATTERS_MISSING_IN_UI: {'sooryavanshi', 'jaiswal'} (ui=set(), cb={'sooryavanshi', 'jaiswal'})

[21:26:44  iter#309]
  UI: Punjab Kings None-None (None)  str=Marcus Stoinis nstr=None  bowl=Yash Raj Punja 2-41 (4)
  this_over=['.', '4', '6', '6', '4', '4']  fow=3 (unk=0)  last_fow={'wicket': 3, 'batter': 'Prabhsimran Singh', 'score': 144, 'overs': '14.0', 'bowler': 'Ravindra Jadeja', 'how': None, '_unwitnessed': False}
  delivery: len=good_length line=outside_off shot=in_the_air [layer2]
  extras: this_over=2 innings=30 [w1/nb1/b0/lb0]
  extras_log: [{'over': '4.4', 'type': 'wide', 'runs': 1, 'this_over_after': []}, {'over': '19.5', 'type': 'no_ball', 'runs': 1, 'this_over_after': []}]
  CB: PBKS 222-4 (20)  crr=13.2  ps=11(5)  recent=1 0 0 6 4
  CB BAT: Vaibhav Sooryavanshi* 10(4), Yashasvi Jaiswal 1(1)
  ⚠ DIVERGENCE: STRIKER: ui=Marcus Stoinis cb=Vaibhav Sooryavanshi | BATTERS_MISSING_IN_UI: {'sooryavanshi', 'jaiswal'} (ui={'stoinis'}, cb={'sooryavanshi', 'jaiswal'})

[21:27:07  iter#310]
  UI: Punjab Kings None-None (None)  str=Marcus Stoinis nstr=None  bowl=Yash Raj Punja 2-41 (4)
  this_over=['.', '4', '6', '6', '4', '4']  fow=3 (unk=0)  last_fow={'wicket': 3, 'batter': 'Prabhsimran Singh', 'score': 144, 'overs': '14.0', 'bowler': 'Ravindra Jadeja', 'how': None, '_unwitnessed': False}
  delivery: len=good_length line=outside_off shot=in_the_air [layer2]
  extras: this_over=2 innings=30 [w1/nb1/b0/lb0]
  extras_log: [{'over': '4.4', 'type': 'wide', 'runs': 1, 'this_over_after': []}, {'over': '19.5', 'type': 'no_ball', 'runs': 1, 'this_over_after': []}]
  CB: PBKS 222-4 (20)  crr=15.0  ps=15(6)  recent=1 0 0 6 4 4
  CB BAT: Yashasvi Jaiswal* 1(1), Vaibhav Sooryavanshi 14(5)
  ⚠ DIVERGENCE: STRIKER: ui=Marcus Stoinis cb=Yashasvi Jaiswal | BATTERS_MISSING_IN_UI: {'sooryavanshi', 'jaiswal'} (ui={'stoinis'}, cb={'sooryavanshi', 'jaiswal'})

[21:27:31  iter#311]
  WS ERR: ''
  CB: RR 15-0 (1)  crr=15.0  ps=15(6)  recent=1 0 0 6 4 4
  CB BAT: Yashasvi Jaiswal* 1(1), Vaibhav Sooryavanshi 14(5)
  ⚠ DIVERGENCE: BATTERS_MISSING_IN_UI: {'sooryavanshi', 'jaiswal'} (ui=set(), cb={'sooryavanshi', 'jaiswal'})

[21:27:55  iter#312]
  WS ERR: ''
  CB: RR 15-0 (1)  crr=15.0  ps=15(6)  recent=1 0 0 6 4 4
  CB BAT: Yashasvi Jaiswal* 1(1), Vaibhav Sooryavanshi 14(5)
  ⚠ DIVERGENCE: BATTERS_MISSING_IN_UI: {'sooryavanshi', 'jaiswal'} (ui=set(), cb={'sooryavanshi', 'jaiswal'})

[21:28:17  iter#313]
  UI: Punjab Kings None-None (None)  str=Marcus Stoinis nstr=None  bowl=Yash Raj Punja 2-41 (4)
  this_over=['.', '4', '6', '6', '4', '4']  fow=3 (unk=0)  last_fow={'wicket': 3, 'batter': 'Prabhsimran Singh', 'score': 144, 'overs': '14.0', 'bowler': 'Ravindra Jadeja', 'how': None, '_unwitnessed': False}
  delivery: len=good_length line=outside_off shot=in_the_air [layer2]
  extras: this_over=2 innings=30 [w1/nb1/b0/lb0]
  extras_log: [{'over': '4.4', 'type': 'wide', 'runs': 1, 'this_over_after': []}, {'over': '19.5', 'type': 'no_ball', 'runs': 1, 'this_over_after': []}]
  CB: PBKS 222-4 (20)  crr=15.0  ps=15(6)  recent=1 0 0 6 4 4
  CB BAT: Yashasvi Jaiswal* 1(1), Vaibhav Sooryavanshi 14(5)
  CB BOWL: Arshdeep Singh 0-15 (1)
  ⚠ DIVERGENCE: STRIKER: ui=Marcus Stoinis cb=Yashasvi Jaiswal | BATTERS_MISSING_IN_UI: {'sooryavanshi', 'jaiswal'} (ui={'stoinis'}, cb={'sooryavanshi', 'jaiswal'}) | BOWLER: ui=Yash Raj Punja cb=Arshdeep Singh

[21:28:40  iter#314]
  UI: Punjab Kings None-None (None)  str=Marcus Stoinis nstr=None  bowl=Yash Raj Punja 2-41 (4)
  this_over=['.', '4', '6', '6', '4', '4']  fow=3 (unk=0)  last_fow={'wicket': 3, 'batter': 'Prabhsimran Singh', 'score': 144, 'overs': '14.0', 'bowler': 'Ravindra Jadeja', 'how': None, '_unwitnessed': False}
  delivery: len=good_length line=outside_off shot=in_the_air [layer2]
  extras: this_over=2 innings=30 [w1/nb1/b0/lb0]
  extras_log: [{'over': '4.4', 'type': 'wide', 'runs': 1, 'this_over_after': []}, {'over': '19.5', 'type': 'no_ball', 'runs': 1, 'this_over_after': []}]
  CB: PBKS 222-4 (20)  crr=13.71  ps=16(7)  recent=1
  CB BAT: Vaibhav Sooryavanshi* 14(5), Yashasvi Jaiswal 2(2)
  CB BOWL: Arshdeep Singh 0-15 (1)
  ⚠ DIVERGENCE: STRIKER: ui=Marcus Stoinis cb=Vaibhav Sooryavanshi | BATTERS_MISSING_IN_UI: {'sooryavanshi', 'jaiswal'} (ui={'stoinis'}, cb={'sooryavanshi', 'jaiswal'}) | BOWLER: ui=Yash Raj Punja cb=Arshdeep Singh

[21:29:04  iter#315]
  WS ERR: ''
  CB: RR 16-0 (1.2)  crr=12.0  ps=16(8)  recent=1 0
  CB BAT: Vaibhav Sooryavanshi* 14(6), Yashasvi Jaiswal 2(2)
  CB BOWL: Arshdeep Singh 0-15 (1)
  ⚠ DIVERGENCE: BATTERS_MISSING_IN_UI: {'sooryavanshi', 'jaiswal'} (ui=set(), cb={'sooryavanshi', 'jaiswal'}) | BOWLER: ui=None cb=Arshdeep Singh

[21:29:25  iter#316]
  UI: Punjab Kings None-None (None)  str=Marcus Stoinis nstr=None  bowl=Yash Raj Punja 2-41 (4)
  this_over=['.', '4', '6', '6', '4', '4']  fow=3 (unk=0)  last_fow={'wicket': 3, 'batter': 'Prabhsimran Singh', 'score': 144, 'overs': '14.0', 'bowler': 'Ravindra Jadeja', 'how': None, '_unwitnessed': False}
  delivery: len=good_length line=outside_off shot=in_the_air [layer2]
  extras: this_over=2 innings=30 [w1/nb1/b0/lb0]
  extras_log: [{'over': '4.4', 'type': 'wide', 'runs': 1, 'this_over_after': []}, {'over': '19.5', 'type': 'no_ball', 'runs': 1, 'this_over_after': []}]
  CB: PBKS 222-4 (20)  crr=12.0  ps=16(8)  recent=1 0
  CB BAT: Vaibhav Sooryavanshi* 14(6), Yashasvi Jaiswal 2(2)
  CB BOWL: Arshdeep Singh 0-15 (1)
  ⚠ DIVERGENCE: STRIKER: ui=Marcus Stoinis cb=Vaibhav Sooryavanshi | BATTERS_MISSING_IN_UI: {'sooryavanshi', 'jaiswal'} (ui={'stoinis'}, cb={'sooryavanshi', 'jaiswal'}) | BOWLER: ui=Yash Raj Punja cb=Arshdeep Singh

[21:29:48  iter#317]
  UI: Punjab Kings None-None (None)  str=Marcus Stoinis nstr=None  bowl=Yash Raj Punja 2-41 (4)
  this_over=['.', '4', '6', '6', '4', '4']  fow=3 (unk=0)  last_fow={'wicket': 3, 'batter': 'Prabhsimran Singh', 'score': 144, 'overs': '14.0', 'bowler': 'Ravindra Jadeja', 'how': None, '_unwitnessed': False}
  delivery: len=good_length line=outside_off shot=in_the_air [layer2]
  extras: this_over=2 innings=30 [w1/nb1/b0/lb0]
  extras_log: [{'over': '4.4', 'type': 'wide', 'runs': 1, 'this_over_after': []}, {'over': '19.5', 'type': 'no_ball', 'runs': 1, 'this_over_after': []}]
  CB: PBKS 222-4 (20)  crr=10.67  ps=16(9)  recent=1 0 0
  CB BAT: Vaibhav Sooryavanshi* 14(7), Yashasvi Jaiswal 2(2)
  CB BOWL: Arshdeep Singh 0-15 (1)
  ⚠ DIVERGENCE: STRIKER: ui=Marcus Stoinis cb=Vaibhav Sooryavanshi | BATTERS_MISSING_IN_UI: {'sooryavanshi', 'jaiswal'} (ui={'stoinis'}, cb={'sooryavanshi', 'jaiswal'}) | BOWLER: ui=Yash Raj Punja cb=Arshdeep Singh

[21:30:13  iter#318]
  WS ERR: ''
  CB: RR 20-0 (1.4)  crr=12.0  ps=20(10)  recent=1 0 0 4
  CB BAT: Vaibhav Sooryavanshi* 18(8), Yashasvi Jaiswal 2(2)
  CB BOWL: Arshdeep Singh 0-15 (1)
  ⚠ DIVERGENCE: BATTERS_MISSING_IN_UI: {'sooryavanshi', 'jaiswal'} (ui=set(), cb={'sooryavanshi', 'jaiswal'}) | BOWLER: ui=None cb=Arshdeep Singh

[21:30:33  iter#319]
  UI: Punjab Kings None-None (None)  str=Marcus Stoinis nstr=None  bowl=Yash Raj Punja 2-41 (4)
  this_over=['.', '4', '6', '6', '4', '4']  fow=3 (unk=0)  last_fow={'wicket': 3, 'batter': 'Prabhsimran Singh', 'score': 144, 'overs': '14.0', 'bowler': 'Ravindra Jadeja', 'how': None, '_unwitnessed': False}
  delivery: len=good_length line=outside_off shot=in_the_air [layer2]
  extras: this_over=2 innings=30 [w1/nb1/b0/lb0]
  extras_log: [{'over': '4.4', 'type': 'wide', 'runs': 1, 'this_over_after': []}, {'over': '19.5', 'type': 'no_ball', 'runs': 1, 'this_over_after': []}]
  CB: PBKS 222-4 (20)  crr=12.0  ps=20(10)  recent=1 0 0 4
  CB BAT: Vaibhav Sooryavanshi* 18(8), Yashasvi Jaiswal 2(2)
  CB BOWL: Arshdeep Singh 0-15 (1)
  ⚠ DIVERGENCE: STRIKER: ui=Marcus Stoinis cb=Vaibhav Sooryavanshi | BATTERS_MISSING_IN_UI: {'sooryavanshi', 'jaiswal'} (ui={'stoinis'}, cb={'sooryavanshi', 'jaiswal'}) | BOWLER: ui=Yash Raj Punja cb=Arshdeep Singh

[21:30:57  iter#320]
  UI: Punjab Kings 0-0 (None)  str=Marcus Stoinis nstr=None  bowl=Yash Raj Punja 2-41 (4)
  this_over=['.', '4', '6', '6', '4', '4']  fow=3 (unk=0)  last_fow={'wicket': 3, 'batter': 'Prabhsimran Singh', 'score': 144, 'overs': '14.0', 'bowler': 'Ravindra Jadeja', 'how': None, '_unwitnessed': False}
  delivery: len=good_length line=outside_off shot=in_the_air [layer2]
  extras: this_over=2 innings=30 [w1/nb1/b0/lb0]
  extras_log: [{'over': '4.4', 'type': 'wide', 'runs': 1, 'this_over_after': []}, {'over': '19.5', 'type': 'no_ball', 'runs': 1, 'this_over_after': []}]
  CB: PBKS 222-4 (20)  crr=14.18  ps=26(11)  recent=1 0 0 4 6
  CB BAT: Vaibhav Sooryavanshi* 24(9), Yashasvi Jaiswal 2(2)
  CB BOWL: Arshdeep Singh 0-15 (1)
  ⚠ DIVERGENCE: SCORE: ui=0 cb=222 | WICKETS: ui=0 cb=4 | STRIKER: ui=Marcus Stoinis cb=Vaibhav Sooryavanshi | BATTERS_MISSING_IN_UI: {'sooryavanshi', 'jaiswal'} (ui={'stoinis'}, cb={'sooryavanshi', 'jaiswal'}) | FOW_COUNT: ui=3 vs wickets=0 | BOWLER: ui=Yash Raj Punja cb=Arshdeep Singh

[21:31:20  iter#321]
  UI: Punjab Kings 0-0 (None)  str=Marcus Stoinis nstr=None  bowl=Yash Raj Punja 2-41 (4)
  this_over=['.', '4', '6', '6', '4', '4']  fow=3 (unk=0)  last_fow={'wicket': 3, 'batter': 'Prabhsimran Singh', 'score': 144, 'overs': '14.0', 'bowler': 'Ravindra Jadeja', 'how': None, '_unwitnessed': False}
  delivery: len=good_length line=outside_off shot=in_the_air [layer2]
  extras: this_over=2 innings=30 [w1/nb1/b0/lb0]
  extras_log: [{'over': '4.4', 'type': 'wide', 'runs': 1, 'this_over_after': []}, {'over': '19.5', 'type': 'no_ball', 'runs': 1, 'this_over_after': []}]
  CB: PBKS 222-4 (20)  crr=14.18  ps=26(11)  recent=1 0 0 4 6
  CB BAT: Vaibhav Sooryavanshi* 24(9), Yashasvi Jaiswal 2(2)
  CB BOWL: Arshdeep Singh 0-15 (1)
  ⚠ DIVERGENCE: SCORE: ui=0 cb=222 | WICKETS: ui=0 cb=4 | STRIKER: ui=Marcus Stoinis cb=Vaibhav Sooryavanshi | BATTERS_MISSING_IN_UI: {'sooryavanshi', 'jaiswal'} (ui={'stoinis'}, cb={'sooryavanshi', 'jaiswal'}) | FOW_COUNT: ui=3 vs wickets=0 | BOWLER: ui=Yash Raj Punja cb=Arshdeep Singh

[21:31:43  iter#322]
  UI: Punjab Kings 0-0 (None)  str=Marcus Stoinis nstr=None  bowl=Yash Raj Punja 2-41 (4)
  this_over=['.', '4', '6', '6', '4', '4']  fow=3 (unk=0)  last_fow={'wicket': 3, 'batter': 'Prabhsimran Singh', 'score': 144, 'overs': '14.0', 'bowler': 'Ravindra Jadeja', 'how': None, '_unwitnessed': False}
  delivery: len=good_length line=outside_off shot=in_the_air [layer2]
  extras: this_over=2 innings=30 [w1/nb1/b0/lb0]
  extras_log: [{'over': '4.4', 'type': 'wide', 'runs': 1, 'this_over_after': []}, {'over': '19.5', 'type': 'no_ball', 'runs': 1, 'this_over_after': []}]
  CB: PBKS 222-4 (20)  crr=16.0  ps=32(12)  recent=1 0 0 4 6 6
  CB BAT: Yashasvi Jaiswal* 2(2), Vaibhav Sooryavanshi 30(10)
  CB BOWL: Lockie Ferguson 0-17 (1)
  ⚠ DIVERGENCE: SCORE: ui=0 cb=222 | WICKETS: ui=0 cb=4 | STRIKER: ui=Marcus Stoinis cb=Yashasvi Jaiswal | BATTERS_MISSING_IN_UI: {'sooryavanshi', 'jaiswal'} (ui={'stoinis'}, cb={'sooryavanshi', 'jaiswal'}) | FOW_COUNT: ui=3 vs wickets=0 | BOWLER: ui=Yash Raj Punja cb=Lockie Ferguson

[21:32:06  iter#323]
  UI: Punjab Kings 0-0 (None)  str=Marcus Stoinis nstr=None  bowl=Yash Raj Punja 2-41 (4)
  this_over=['.', '4', '6', '6', '4', '4']  fow=3 (unk=0)  last_fow={'wicket': 3, 'batter': 'Prabhsimran Singh', 'score': 144, 'overs': '14.0', 'bowler': 'Ravindra Jadeja', 'how': None, '_unwitnessed': False}
  delivery: len=good_length line=outside_off shot=in_the_air [layer2]
  extras: this_over=2 innings=30 [w1/nb1/b0/lb0]
  extras_log: [{'over': '4.4', 'type': 'wide', 'runs': 1, 'this_over_after': []}, {'over': '19.5', 'type': 'no_ball', 'runs': 1, 'this_over_after': []}]
  CB: PBKS 222-4 (20)  crr=16.0  ps=32(12)  recent=1 0 0 4 6 6
  CB BAT: Yashasvi Jaiswal* 2(2), Vaibhav Sooryavanshi 30(10)
  CB BOWL: Lockie Ferguson 0-17 (1)
  ⚠ DIVERGENCE: SCORE: ui=0 cb=222 | WICKETS: ui=0 cb=4 | STRIKER: ui=Marcus Stoinis cb=Yashasvi Jaiswal | BATTERS_MISSING_IN_UI: {'sooryavanshi', 'jaiswal'} (ui={'stoinis'}, cb={'sooryavanshi', 'jaiswal'}) | FOW_COUNT: ui=3 vs wickets=0 | BOWLER: ui=Yash Raj Punja cb=Lockie Ferguson

[21:32:31  iter#324]
  WS ERR: ''
  CB: RR 32-0 (2)  crr=16.0  ps=32(12)  recent=1 0 0 4 6 6
  CB BAT: Yashasvi Jaiswal* 2(2), Vaibhav Sooryavanshi 30(10)
  CB BOWL: Lockie Ferguson 0-17 (1)
  ⚠ DIVERGENCE: BATTERS_MISSING_IN_UI: {'sooryavanshi', 'jaiswal'} (ui=set(), cb={'sooryavanshi', 'jaiswal'}) | BOWLER: ui=None cb=Lockie Ferguson

[21:32:56  iter#325]
  WS ERR: ''
  CB: RR 36-0 (2.1)  crr=16.62  ps=36(13)  recent=4
  CB BAT: Yashasvi Jaiswal* 6(3), Vaibhav Sooryavanshi 30(10)
  CB BOWL: Lockie Ferguson 0-17 (1)
  ⚠ DIVERGENCE: BATTERS_MISSING_IN_UI: {'sooryavanshi', 'jaiswal'} (ui=set(), cb={'sooryavanshi', 'jaiswal'}) | BOWLER: ui=None cb=Lockie Ferguson

[21:33:17  iter#326]
  UI: Punjab Kings 0-0 (None)  str=Marcus Stoinis nstr=None  bowl=Yash Raj Punja 2-41 (4)
  this_over=['.', '4', '6', '6', '4', '4']  fow=3 (unk=0)  last_fow={'wicket': 3, 'batter': 'Prabhsimran Singh', 'score': 144, 'overs': '14.0', 'bowler': 'Ravindra Jadeja', 'how': None, '_unwitnessed': False}
  delivery: len=good_length line=outside_off shot=in_the_air [layer2]
  extras: this_over=2 innings=30 [w1/nb1/b0/lb0]
  extras_log: [{'over': '4.4', 'type': 'wide', 'runs': 1, 'this_over_after': []}, {'over': '19.5', 'type': 'no_ball', 'runs': 1, 'this_over_after': []}]
  CB: PBKS 222-4 (20)  crr=16.62  ps=36(13)  recent=4
  CB BAT: Yashasvi Jaiswal* 6(3), Vaibhav Sooryavanshi 30(10)
  CB BOWL: Lockie Ferguson 0-17 (1)
  ⚠ DIVERGENCE: SCORE: ui=0 cb=222 | WICKETS: ui=0 cb=4 | STRIKER: ui=Marcus Stoinis cb=Yashasvi Jaiswal | BATTERS_MISSING_IN_UI: {'sooryavanshi', 'jaiswal'} (ui={'stoinis'}, cb={'sooryavanshi', 'jaiswal'}) | FOW_COUNT: ui=3 vs wickets=0 | BOWLER: ui=Yash Raj Punja cb=Lockie Ferguson

[21:33:38  iter#327]
  UI: Punjab Kings 0-0 (None)  str=Marcus Stoinis nstr=None  bowl=Yash Raj Punja 2-41 (4)
  this_over=['.', '4', '6', '6', '4', '4']  fow=3 (unk=0)  last_fow={'wicket': 3, 'batter': 'Prabhsimran Singh', 'score': 144, 'overs': '14.0', 'bowler': 'Ravindra Jadeja', 'how': None, '_unwitnessed': False}
  delivery: len=good_length line=outside_off shot=in_the_air [layer2]
  extras: this_over=2 innings=30 [w1/nb1/b0/lb0]
  extras_log: [{'over': '4.4', 'type': 'wide', 'runs': 1, 'this_over_after': []}, {'over': '19.5', 'type': 'no_ball', 'runs': 1, 'this_over_after': []}]
  CB: PBKS 222-4 (20)  crr=15.86  ps=37(14)  recent=4 1
  CB BAT: Vaibhav Sooryavanshi* 30(10), Yashasvi Jaiswal 7(4)
  CB BOWL: Lockie Ferguson 0-17 (1)
  ⚠ DIVERGENCE: SCORE: ui=0 cb=222 | WICKETS: ui=0 cb=4 | STRIKER: ui=Marcus Stoinis cb=Vaibhav Sooryavanshi | BATTERS_MISSING_IN_UI: {'sooryavanshi', 'jaiswal'} (ui={'stoinis'}, cb={'sooryavanshi', 'jaiswal'}) | FOW_COUNT: ui=3 vs wickets=0 | BOWLER: ui=Yash Raj Punja cb=Lockie Ferguson

[21:34:01  iter#328]
  UI: Punjab Kings 0-0 (None)  str=Nehal Wadhera nstr=Marcus Stoinis  bowl=Yash Raj Punja 2-41 (4)
  this_over=['.', '4', '6', '6', '4', '4']  fow=3 (unk=0)  last_fow={'wicket': 3, 'batter': 'Prabhsimran Singh', 'score': 144, 'overs': '14.0', 'bowler': 'Ravindra Jadeja', 'how': None, '_unwitnessed': False}
  delivery: len=good_length line=outside_off shot=in_the_air [layer2]
  extras: this_over=2 innings=30 [w1/nb1/b0/lb0]
  extras_log: [{'over': '4.4', 'type': 'wide', 'runs': 1, 'this_over_after': []}, {'over': '19.5', 'type': 'no_ball', 'runs': 1, 'this_over_after': []}]
  CB: PBKS 222-4 (20)  crr=15.86  ps=37(14)  recent=4 1
  CB BAT: Vaibhav Sooryavanshi* 30(10), Yashasvi Jaiswal 7(4)
  CB BOWL: Lockie Ferguson 0-17 (1)
  ⚠ DIVERGENCE: SCORE: ui=0 cb=222 | WICKETS: ui=0 cb=4 | STRIKER: ui=Nehal Wadhera cb=Vaibhav Sooryavanshi | BATTERS_MISSING_IN_UI: {'sooryavanshi', 'jaiswal'} (ui={'wadhera', 'stoinis'}, cb={'sooryavanshi', 'jaiswal'}) | FOW_COUNT: ui=3 vs wickets=0 | BOWLER: ui=Yash Raj Punja cb=Lockie Ferguson

[21:34:23  iter#329]
  UI: Punjab Kings 0-0 (None)  str=Nehal Wadhera nstr=Marcus Stoinis  bowl=Yash Raj Punja 2-41 (4)
  this_over=['.', '4', '6', '6', '4', '4']  fow=3 (unk=0)  last_fow={'wicket': 3, 'batter': 'Prabhsimran Singh', 'score': 144, 'overs': '14.0', 'bowler': 'Ravindra Jadeja', 'how': None, '_unwitnessed': False}
  delivery: len=good_length line=outside_off shot=in_the_air [layer2]
  extras: this_over=2 innings=30 [w1/nb1/b0/lb0]
  extras_log: [{'over': '4.4', 'type': 'wide', 'runs': 1, 'this_over_after': []}, {'over': '19.5', 'type': 'no_ball', 'runs': 1, 'this_over_after': []}]
  CB: PBKS 222-4 (20)  crr=14.8  ps=37(15)  recent=4 1 0
  CB BAT: Vaibhav Sooryavanshi* 30(11), Yashasvi Jaiswal 7(4)
  CB BOWL: Lockie Ferguson 0-17 (1)
  ⚠ DIVERGENCE: SCORE: ui=0 cb=222 | WICKETS: ui=0 cb=4 | STRIKER: ui=Nehal Wadhera cb=Vaibhav Sooryavanshi | BATTERS_MISSING_IN_UI: {'sooryavanshi', 'jaiswal'} (ui={'wadhera', 'stoinis'}, cb={'sooryavanshi', 'jaiswal'}) | FOW_COUNT: ui=3 vs wickets=0 | BOWLER: ui=Yash Raj Punja cb=Lockie Ferguson

[21:34:46  iter#330]
  UI: Punjab Kings None-None (None)  str=Nehal Wadhera nstr=Marcus Stoinis  bowl=Yash Raj Punja 2-41 (4)
  this_over=['.', '4', '6', '6', '4', '4']  fow=3 (unk=0)  last_fow={'wicket': 3, 'batter': 'Prabhsimran Singh', 'score': 144, 'overs': '14.0', 'bowler': 'Ravindra Jadeja', 'how': None, '_unwitnessed': False}
  delivery: len=good_length line=outside_off shot=in_the_air [layer2]
  extras: this_over=2 innings=30 [w1/nb1/b0/lb0]
  extras_log: [{'over': '4.4', 'type': 'wide', 'runs': 1, 'this_over_after': []}, {'over': '19.5', 'type': 'no_ball', 'runs': 1, 'this_over_after': []}]
  CB: PBKS 222-4 (20)  crr=14.8  ps=37(15)  recent=4 1 0
  CB BAT: Vaibhav Sooryavanshi* 30(11), Yashasvi Jaiswal 7(4)
  CB BOWL: Lockie Ferguson 0-17 (1)
  ⚠ DIVERGENCE: STRIKER: ui=Nehal Wadhera cb=Vaibhav Sooryavanshi | BATTERS_MISSING_IN_UI: {'sooryavanshi', 'jaiswal'} (ui={'wadhera', 'stoinis'}, cb={'sooryavanshi', 'jaiswal'}) | BOWLER: ui=Yash Raj Punja cb=Lockie Ferguson

[21:35:07  iter#331]
  UI: Punjab Kings None-None (None)  str=Nehal Wadhera nstr=Marcus Stoinis  bowl=Yash Raj Punja 2-41 (4)
  this_over=['.', '4', '6', '6', '4', '4']  fow=3 (unk=0)  last_fow={'wicket': 3, 'batter': 'Prabhsimran Singh', 'score': 144, 'overs': '14.0', 'bowler': 'Ravindra Jadeja', 'how': None, '_unwitnessed': False}
  delivery: len=good_length line=outside_off shot=in_the_air [layer2]
  extras: this_over=2 innings=30 [w1/nb1/b0/lb0]
  extras_log: [{'over': '4.4', 'type': 'wide', 'runs': 1, 'this_over_after': []}, {'over': '19.5', 'type': 'no_ball', 'runs': 1, 'this_over_after': []}]
  CB: PBKS 222-4 (20)  crr=16.12  ps=43(16)  recent=4 1 0 6
  CB BAT: Vaibhav Sooryavanshi* 36(12), Yashasvi Jaiswal 7(4)
  CB BOWL: Lockie Ferguson 0-17 (1)
  ⚠ DIVERGENCE: STRIKER: ui=Nehal Wadhera cb=Vaibhav Sooryavanshi | BATTERS_MISSING_IN_UI: {'sooryavanshi', 'jaiswal'} (ui={'wadhera', 'stoinis'}, cb={'sooryavanshi', 'jaiswal'}) | BOWLER: ui=Yash Raj Punja cb=Lockie Ferguson

[21:35:31  iter#332]
  WS ERR: ''
  CB: RR 43-0 (2.4)  crr=16.12  ps=43(16)  recent=4 1 0 6
  CB BAT: Vaibhav Sooryavanshi* 36(12), Yashasvi Jaiswal 7(4)
  CB BOWL: Lockie Ferguson 0-17 (1)
  ⚠ DIVERGENCE: BATTERS_MISSING_IN_UI: {'sooryavanshi', 'jaiswal'} (ui=set(), cb={'sooryavanshi', 'jaiswal'}) | BOWLER: ui=None cb=Lockie Ferguson

[21:35:55  iter#333]
  UI: Punjab Kings None-None (None)  str=Nehal Wadhera nstr=Marcus Stoinis  bowl=Yash Raj Punja 2-41 (4)
  this_over=['.', '4', '6', '6', '4', '4']  fow=3 (unk=0)  last_fow={'wicket': 3, 'batter': 'Prabhsimran Singh', 'score': 144, 'overs': '14.0', 'bowler': 'Ravindra Jadeja', 'how': None, '_unwitnessed': False}
  delivery: len=good_length line=outside_off shot=in_the_air [layer2]
  extras: this_over=2 innings=30 [w1/nb1/b0/lb0]
  extras_log: [{'over': '4.4', 'type': 'wide', 'runs': 1, 'this_over_after': []}, {'over': '19.5', 'type': 'no_ball', 'runs': 1, 'this_over_after': []}]
  CB: PBKS 222-4 (20)  crr=15.18  ps=43(17)  recent=4 1 0 6 0
  CB BAT: Vaibhav Sooryavanshi* 36(13), Yashasvi Jaiswal 7(4)
  CB BOWL: Lockie Ferguson 0-17 (1)
  ⚠ DIVERGENCE: STRIKER: ui=Nehal Wadhera cb=Vaibhav Sooryavanshi | BATTERS_MISSING_IN_UI: {'sooryavanshi', 'jaiswal'} (ui={'wadhera', 'stoinis'}, cb={'sooryavanshi', 'jaiswal'}) | BOWLER: ui=Yash Raj Punja cb=Lockie Ferguson

[21:36:19  iter#334]
  WS ERR: ''
  CB: RR 43-0 (2.5)  crr=15.18  ps=43(17)  recent=4 1 0 6 0
  CB BAT: Vaibhav Sooryavanshi* 36(13), Yashasvi Jaiswal 7(4)
  CB BOWL: Lockie Ferguson 0-17 (1)
  ⚠ DIVERGENCE: BATTERS_MISSING_IN_UI: {'sooryavanshi', 'jaiswal'} (ui=set(), cb={'sooryavanshi', 'jaiswal'}) | BOWLER: ui=None cb=Lockie Ferguson

[21:36:40  iter#335]
  UI: Punjab Kings None-None (None)  str=Nehal Wadhera nstr=Marcus Stoinis  bowl=Yash Raj Punja 2-41 (4)
  this_over=['.', '4', '6', '6', '4', '4']  fow=3 (unk=0)  last_fow={'wicket': 3, 'batter': 'Prabhsimran Singh', 'score': 144, 'overs': '14.0', 'bowler': 'Ravindra Jadeja', 'how': None, '_unwitnessed': False}
  delivery: len=good_length line=outside_off shot=in_the_air [layer2]
  extras: this_over=2 innings=30 [w1/nb1/b0/lb0]
  extras_log: [{'over': '4.4', 'type': 'wide', 'runs': 1, 'this_over_after': []}, {'over': '19.5', 'type': 'no_ball', 'runs': 1, 'this_over_after': []}]
  CB: PBKS 222-4 (20)  crr=14.67  ps=44(18)  recent=4 1 0 6 0 1
  CB BAT: Vaibhav Sooryavanshi* 37(14), Yashasvi Jaiswal 7(4)
  CB BOWL: Marco Jansen 0-12 (1)
  ⚠ DIVERGENCE: STRIKER: ui=Nehal Wadhera cb=Vaibhav Sooryavanshi | BATTERS_MISSING_IN_UI: {'sooryavanshi', 'jaiswal'} (ui={'wadhera', 'stoinis'}, cb={'sooryavanshi', 'jaiswal'}) | BOWLER: ui=Yash Raj Punja cb=Marco Jansen

[21:37:00  iter#336]
  UI: Punjab Kings None-None (None)  str=Nehal Wadhera nstr=Marcus Stoinis  bowl=Yash Raj Punja 2-41 (4)
  this_over=['.', '4', '6', '6', '4', '4']  fow=3 (unk=0)  last_fow={'wicket': 3, 'batter': 'Prabhsimran Singh', 'score': 144, 'overs': '14.0', 'bowler': 'Ravindra Jadeja', 'how': None, '_unwitnessed': False}
  delivery: len=good_length line=outside_off shot=in_the_air [layer2]
  extras: this_over=2 innings=30 [w1/nb1/b0/lb0]
  extras_log: [{'over': '4.4', 'type': 'wide', 'runs': 1, 'this_over_after': []}, {'over': '19.5', 'type': 'no_ball', 'runs': 1, 'this_over_after': []}]
  CB: PBKS 222-4 (20)  crr=14.67  ps=44(18)  recent=4 1 0 6 0 1
  CB BAT: Vaibhav Sooryavanshi* 37(14), Yashasvi Jaiswal 7(4)
  CB BOWL: Marco Jansen 0-12 (1)
  ⚠ DIVERGENCE: STRIKER: ui=Nehal Wadhera cb=Vaibhav Sooryavanshi | BATTERS_MISSING_IN_UI: {'sooryavanshi', 'jaiswal'} (ui={'wadhera', 'stoinis'}, cb={'sooryavanshi', 'jaiswal'}) | BOWLER: ui=Yash Raj Punja cb=Marco Jansen

[21:37:24  iter#337]
  WS ERR: ''
  CB: RR 44-0 (3)  crr=14.67  ps=44(18)  recent=4 1 0 6 0 1
  CB BAT: Vaibhav Sooryavanshi* 37(14), Yashasvi Jaiswal 7(4)
  CB BOWL: Marco Jansen 0-12 (1)
  ⚠ DIVERGENCE: BATTERS_MISSING_IN_UI: {'sooryavanshi', 'jaiswal'} (ui=set(), cb={'sooryavanshi', 'jaiswal'}) | BOWLER: ui=None cb=Marco Jansen

[21:37:45  iter#338]
  UI: Punjab Kings None-None (None)  str=Nehal Wadhera nstr=Marcus Stoinis  bowl=Yash Raj Punja 2-41 (4)
  this_over=['.', '4', '6', '6', '4', '4']  fow=3 (unk=0)  last_fow={'wicket': 3, 'batter': 'Prabhsimran Singh', 'score': 144, 'overs': '14.0', 'bowler': 'Ravindra Jadeja', 'how': None, '_unwitnessed': False}
  delivery: len=good_length line=outside_off shot=in_the_air [layer2]
  extras: this_over=2 innings=30 [w1/nb1/b0/lb0]
  extras_log: [{'over': '4.4', 'type': 'wide', 'runs': 1, 'this_over_after': []}, {'over': '19.5', 'type': 'no_ball', 'runs': 1, 'this_over_after': []}]
  CB: PBKS 222-4 (20)  crr=15.0  ps=45(18)  recent=W
  CB BAT: Vaibhav Sooryavanshi* 37(14), Yashasvi Jaiswal 7(4)
  CB BOWL: Marco Jansen 0-12 (1)
  ⚠ DIVERGENCE: STRIKER: ui=Nehal Wadhera cb=Vaibhav Sooryavanshi | BATTERS_MISSING_IN_UI: {'sooryavanshi', 'jaiswal'} (ui={'wadhera', 'stoinis'}, cb={'sooryavanshi', 'jaiswal'}) | BOWLER: ui=Yash Raj Punja cb=Marco Jansen

[21:38:06  iter#339]
  UI: Punjab Kings None-None (None)  str=Nehal Wadhera nstr=Marcus Stoinis  bowl=Yash Raj Punja 2-41 (4)
  this_over=['.', '4', '6', '6', '4', '4']  fow=3 (unk=0)  last_fow={'wicket': 3, 'batter': 'Prabhsimran Singh', 'score': 144, 'overs': '14.0', 'bowler': 'Ravindra Jadeja', 'how': None, '_unwitnessed': False}
  delivery: len=good_length line=outside_off shot=in_the_air [layer2]
  extras: this_over=2 innings=30 [w1/nb1/b0/lb0]
  extras_log: [{'over': '4.4', 'type': 'wide', 'runs': 1, 'this_over_after': []}, {'over': '19.5', 'type': 'no_ball', 'runs': 1, 'this_over_after': []}]
  CB: PBKS 222-4 (20)  crr=15.0  ps=45(18)  recent=W
  CB BAT: Vaibhav Sooryavanshi* 37(14), Yashasvi Jaiswal 7(4)
  CB BOWL: Marco Jansen 0-12 (1)
  ⚠ DIVERGENCE: STRIKER: ui=Nehal Wadhera cb=Vaibhav Sooryavanshi | BATTERS_MISSING_IN_UI: {'sooryavanshi', 'jaiswal'} (ui={'wadhera', 'stoinis'}, cb={'sooryavanshi', 'jaiswal'}) | BOWLER: ui=Yash Raj Punja cb=Marco Jansen

[21:38:26  iter#340]
  UI: Punjab Kings 0-0 (None)  str=Nehal Wadhera nstr=Marcus Stoinis  bowl=Yash Raj Punja 2-41 (4)
  this_over=['.', '4', '6', '6', '4', '4']  fow=3 (unk=0)  last_fow={'wicket': 3, 'batter': 'Prabhsimran Singh', 'score': 144, 'overs': '14.0', 'bowler': 'Ravindra Jadeja', 'how': None, '_unwitnessed': False}
  delivery: len=good_length line=outside_off shot=in_the_air [layer2]
  extras: this_over=2 innings=30 [w1/nb1/b0/lb0]
  extras_log: [{'over': '4.4', 'type': 'wide', 'runs': 1, 'this_over_after': []}, {'over': '19.5', 'type': 'no_ball', 'runs': 1, 'this_over_after': []}]
  CB: PBKS 222-4 (20)  crr=16.11  ps=51(19)  recent=W
  CB BAT: Vaibhav Sooryavanshi* 43(15), Yashasvi Jaiswal 7(4)
  CB BOWL: Marco Jansen 0-12 (1)
  ⚠ DIVERGENCE: SCORE: ui=0 cb=222 | WICKETS: ui=0 cb=4 | STRIKER: ui=Nehal Wadhera cb=Vaibhav Sooryavanshi | BATTERS_MISSING_IN_UI: {'sooryavanshi', 'jaiswal'} (ui={'wadhera', 'stoinis'}, cb={'sooryavanshi', 'jaiswal'}) | FOW_COUNT: ui=3 vs wickets=0 | BOWLER: ui=Yash Raj Punja cb=Marco Jansen

[21:38:48  iter#341]
  UI: Punjab Kings 0-0 (None)  str=Nehal Wadhera nstr=Marcus Stoinis  bowl=Yash Raj Punja 2-41 (4)
  this_over=['.', '4', '6', '6', '4', '4']  fow=3 (unk=0)  last_fow={'wicket': 3, 'batter': 'Prabhsimran Singh', 'score': 144, 'overs': '14.0', 'bowler': 'Ravindra Jadeja', 'how': None, '_unwitnessed': False}
  delivery: len=good_length line=outside_off shot=in_the_air [layer2]
  extras: this_over=2 innings=30 [w1/nb1/b0/lb0]
  extras_log: [{'over': '4.4', 'type': 'wide', 'runs': 1, 'this_over_after': []}, {'over': '19.5', 'type': 'no_ball', 'runs': 1, 'this_over_after': []}]
  CB: PBKS 222-4 (20)  crr=16.11  ps=51(19)  recent=W
  CB BAT: Vaibhav Sooryavanshi* 43(15), Yashasvi Jaiswal 7(4)
  CB BOWL: Marco Jansen 0-12 (1)
  ⚠ DIVERGENCE: SCORE: ui=0 cb=222 | WICKETS: ui=0 cb=4 | STRIKER: ui=Nehal Wadhera cb=Vaibhav Sooryavanshi | BATTERS_MISSING_IN_UI: {'sooryavanshi', 'jaiswal'} (ui={'wadhera', 'stoinis'}, cb={'sooryavanshi', 'jaiswal'}) | FOW_COUNT: ui=3 vs wickets=0 | BOWLER: ui=Yash Raj Punja cb=Marco Jansen

[21:39:09  iter#342]
  UI: Punjab Kings 0-0 (None)  str=Nehal Wadhera nstr=Marcus Stoinis  bowl=Yash Raj Punja 2-41 (4)
  this_over=['.', '4', '6', '6', '4', '4']  fow=3 (unk=0)  last_fow={'wicket': 3, 'batter': 'Prabhsimran Singh', 'score': 144, 'overs': '14.0', 'bowler': 'Ravindra Jadeja', 'how': None, '_unwitnessed': False}
  delivery: len=good_length line=outside_off shot=in_the_air [layer2]
  extras: this_over=2 innings=30 [w1/nb1/b0/lb0]
  extras_log: [{'over': '4.4', 'type': 'wide', 'runs': 1, 'this_over_after': []}, {'over': '19.5', 'type': 'no_ball', 'runs': 1, 'this_over_after': []}]
  CB: PBKS 222-4 (20)  crr=16.11  ps=51(19)  recent=W
  CB BAT: Vaibhav Sooryavanshi* 43(15), Yashasvi Jaiswal 7(4)
  CB BOWL: Marco Jansen 0-12 (1)
  ⚠ DIVERGENCE: SCORE: ui=0 cb=222 | WICKETS: ui=0 cb=4 | STRIKER: ui=Nehal Wadhera cb=Vaibhav Sooryavanshi | BATTERS_MISSING_IN_UI: {'sooryavanshi', 'jaiswal'} (ui={'wadhera', 'stoinis'}, cb={'sooryavanshi', 'jaiswal'}) | FOW_COUNT: ui=3 vs wickets=0 | BOWLER: ui=Yash Raj Punja cb=Marco Jansen

[21:39:30  iter#343]
  UI: Punjab Kings 0-0 (None)  str=Nehal Wadhera nstr=Marcus Stoinis  bowl=Yash Raj Punja 2-41 (4)
  this_over=['.', '4', '6', '6', '4', '4']  fow=3 (unk=0)  last_fow={'wicket': 3, 'batter': 'Prabhsimran Singh', 'score': 144, 'overs': '14.0', 'bowler': 'Ravindra Jadeja', 'how': None, '_unwitnessed': False}
  delivery: len=good_length line=outside_off shot=in_the_air [layer2]
  extras: this_over=2 innings=30 [w1/nb1/b0/lb0]
  extras_log: [{'over': '4.4', 'type': 'wide', 'runs': 1, 'this_over_after': []}, {'over': '19.5', 'type': 'no_ball', 'runs': 1, 'this_over_after': []}]
  CB: PBKS 222-4 (20)  crr=15.3  ps=51(20)  recent=W
  CB BAT: Yashasvi Jaiswal* 7(4), Marco Jansen 1(0)
  CB BOWL: Marco Jansen 0-12 (1)
  LAST WKT: Vaibhav Sooryavanshi  c Shreyas Iyer b Arshdeep Singh 43(16)  - 51/1 in 3.2 ov.
  ⚠ DIVERGENCE: SCORE: ui=0 cb=222 | WICKETS: ui=0 cb=4 | STRIKER: ui=Nehal Wadhera cb=Yashasvi Jaiswal | BATTERS_MISSING_IN_UI: {'jaiswal', 'jansen'} (ui={'wadhera', 'stoinis'}, cb={'jaiswal', 'jansen'}) | FOW_COUNT: ui=3 vs wickets=0 | BOWLER: ui=Yash Raj Punja cb=Marco Jansen

[21:39:53  iter#344]
  UI: Punjab Kings 0-0 (None)  str=Nehal Wadhera nstr=Marcus Stoinis  bowl=Yash Raj Punja 2-41 (4)
  this_over=['.', '4', '6', '6', '4', '4']  fow=3 (unk=0)  last_fow={'wicket': 3, 'batter': 'Prabhsimran Singh', 'score': 144, 'overs': '14.0', 'bowler': 'Ravindra Jadeja', 'how': None, '_unwitnessed': False}
  delivery: len=good_length line=outside_off shot=in_the_air [layer2]
  extras: this_over=2 innings=30 [w1/nb1/b0/lb0]
  extras_log: [{'over': '4.4', 'type': 'wide', 'runs': 1, 'this_over_after': []}, {'over': '19.5', 'type': 'no_ball', 'runs': 1, 'this_over_after': []}]
  CB: PBKS 222-4 (20)  crr=15.3  ps=51(20)  recent=W
  CB BAT: Yashasvi Jaiswal* 7(4), Marco Jansen 1(0)
  CB BOWL: Marco Jansen 0-12 (1)
  LAST WKT: Vaibhav Sooryavanshi  c Shreyas Iyer b Arshdeep Singh 43(16)  - 51/1 in 3.2 ov.
  ⚠ DIVERGENCE: SCORE: ui=0 cb=222 | WICKETS: ui=0 cb=4 | STRIKER: ui=Nehal Wadhera cb=Yashasvi Jaiswal | BATTERS_MISSING_IN_UI: {'jaiswal', 'jansen'} (ui={'wadhera', 'stoinis'}, cb={'jaiswal', 'jansen'}) | FOW_COUNT: ui=3 vs wickets=0 | BOWLER: ui=Yash Raj Punja cb=Marco Jansen

[21:40:18  iter#345]
  WS ERR: ''
  CB: RR 51-1 (3.2)  crr=15.3  ps=51(20)  recent=W
  CB BAT: Yashasvi Jaiswal* 7(4), Marco Jansen 1(0)
  CB BOWL: Marco Jansen 0-12 (1)
  LAST WKT: Vaibhav Sooryavanshi  c Shreyas Iyer b Arshdeep Singh 43(16)  - 51/1 in 3.2 ov.
  ⚠ DIVERGENCE: BATTERS_MISSING_IN_UI: {'jaiswal', 'jansen'} (ui=set(), cb={'jaiswal', 'jansen'}) | BOWLER: ui=None cb=Marco Jansen

[21:40:38  iter#346]
  UI: Punjab Kings 0-0 (None)  str=Nehal Wadhera nstr=Marcus Stoinis  bowl=Yash Raj Punja 2-41 (4)
  this_over=['.', '4', '6', '6', '4', '4']  fow=3 (unk=0)  last_fow={'wicket': 3, 'batter': 'Prabhsimran Singh', 'score': 144, 'overs': '14.0', 'bowler': 'Ravindra Jadeja', 'how': None, '_unwitnessed': False}
  delivery: len=good_length line=outside_off shot=in_the_air [layer2]
  extras: this_over=2 innings=30 [w1/nb1/b0/lb0]
  extras_log: [{'over': '4.4', 'type': 'wide', 'runs': 1, 'this_over_after': []}, {'over': '19.5', 'type': 'no_ball', 'runs': 1, 'this_over_after': []}]
  CB: PBKS 222-4 (20)  crr=15.3  ps=0(0)  recent=... 4 6 6
  CB BAT: Dhruv Jurel* 0(0), Yashasvi Jaiswal 7(4)
  CB BOWL: Marco Jansen 0-12 (1)
  LAST WKT: Vaibhav Sooryavanshi  c Shreyas Iyer b Arshdeep Singh 43(16)  - 51/1 in 3.2 ov.
  ⚠ DIVERGENCE: SCORE: ui=0 cb=222 | WICKETS: ui=0 cb=4 | STRIKER: ui=Nehal Wadhera cb=Dhruv Jurel | BATTERS_MISSING_IN_UI: {'jaiswal', 'jurel'} (ui={'wadhera', 'stoinis'}, cb={'jaiswal', 'jurel'}) | FOW_COUNT: ui=3 vs wickets=0 | BOWLER: ui=Yash Raj Punja cb=Marco Jansen

[21:40:59  iter#347]
  UI: Punjab Kings 0-0 (None)  str=Nehal Wadhera nstr=Marcus Stoinis  bowl=Yash Raj Punja 2-41 (4)
  this_over=['.', '4', '6', '6', '4', '4']  fow=3 (unk=0)  last_fow={'wicket': 3, 'batter': 'Prabhsimran Singh', 'score': 144, 'overs': '14.0', 'bowler': 'Ravindra Jadeja', 'how': None, '_unwitnessed': False}
  delivery: len=good_length line=outside_off shot=in_the_air [layer2]
  extras: this_over=2 innings=30 [w1/nb1/b0/lb0]
  extras_log: [{'over': '4.4', 'type': 'wide', 'runs': 1, 'this_over_after': []}, {'over': '19.5', 'type': 'no_ball', 'runs': 1, 'this_over_after': []}]
  CB: PBKS 222-4 (20)  crr=15.3  ps=0(0)  recent=... 4 6 6
  CB BAT: Dhruv Jurel* 0(0), Yashasvi Jaiswal 7(4)
  CB BOWL: Marco Jansen 0-12 (1)
  LAST WKT: Vaibhav Sooryavanshi  c Shreyas Iyer b Arshdeep Singh 43(16)  - 51/1 in 3.2 ov.
  ⚠ DIVERGENCE: SCORE: ui=0 cb=222 | WICKETS: ui=0 cb=4 | STRIKER: ui=Nehal Wadhera cb=Dhruv Jurel | BATTERS_MISSING_IN_UI: {'jaiswal', 'jurel'} (ui={'wadhera', 'stoinis'}, cb={'jaiswal', 'jurel'}) | FOW_COUNT: ui=3 vs wickets=0 | BOWLER: ui=Yash Raj Punja cb=Marco Jansen

[21:41:23  iter#348]
  WS ERR: ''
  CB: RR 52-1 (3.3)  crr=14.86  ps=1(1)  recent=W
  CB BAT: Yashasvi Jaiswal* 7(4), Dhruv Jurel 1(1)
  CB BOWL: Marco Jansen 0-12 (1)
  LAST WKT: Vaibhav Sooryavanshi  c Shreyas Iyer b Arshdeep Singh 43(16)  - 51/1 in 3.2 ov.
  ⚠ DIVERGENCE: BATTERS_MISSING_IN_UI: {'jaiswal', 'jurel'} (ui=set(), cb={'jaiswal', 'jurel'}) | BOWLER: ui=None cb=Marco Jansen

[21:41:45  iter#349]
  UI: Punjab Kings 0-0 (None)  str=Nehal Wadhera nstr=Marcus Stoinis  bowl=Yash Raj Punja 2-41 (4)
  this_over=['.', '4', '6', '6', '4', '4']  fow=3 (unk=0)  last_fow={'wicket': 3, 'batter': 'Prabhsimran Singh', 'score': 144, 'overs': '14.0', 'bowler': 'Ravindra Jadeja', 'how': None, '_unwitnessed': False}
  delivery: len=good_length line=outside_off shot=in_the_air [layer2]
  extras: this_over=2 innings=30 [w1/nb1/b0/lb0]
  extras_log: [{'over': '4.4', 'type': 'wide', 'runs': 1, 'this_over_after': []}, {'over': '19.5', 'type': 'no_ball', 'runs': 1, 'this_over_after': []}]
  CB: PBKS 222-4 (20)  crr=14.86  ps=1(1)  recent=W
  CB BAT: Yashasvi Jaiswal* 7(4), Dhruv Jurel 1(1)
  CB BOWL: Marco Jansen 0-12 (1)
  LAST WKT: Vaibhav Sooryavanshi  c Shreyas Iyer b Arshdeep Singh 43(16)  - 51/1 in 3.2 ov.
  ⚠ DIVERGENCE: SCORE: ui=0 cb=222 | WICKETS: ui=0 cb=4 | STRIKER: ui=Nehal Wadhera cb=Yashasvi Jaiswal | BATTERS_MISSING_IN_UI: {'jaiswal', 'jurel'} (ui={'wadhera', 'stoinis'}, cb={'jaiswal', 'jurel'}) | FOW_COUNT: ui=3 vs wickets=0 | BOWLER: ui=Yash Raj Punja cb=Marco Jansen

[21:42:06  iter#350]
  UI: Punjab Kings 0-0 (None)  str=Nehal Wadhera nstr=Marcus Stoinis  bowl=Yash Raj Punja 2-41 (4)
  this_over=['.', '4', '6', '6', '4', '4']  fow=3 (unk=0)  last_fow={'wicket': 3, 'batter': 'Prabhsimran Singh', 'score': 144, 'overs': '14.0', 'bowler': 'Ravindra Jadeja', 'how': None, '_unwitnessed': False}
  delivery: len=good_length line=outside_off shot=in_the_air [layer2]
  extras: this_over=2 innings=30 [w1/nb1/b0/lb0]
  extras_log: [{'over': '4.4', 'type': 'wide', 'runs': 1, 'this_over_after': []}, {'over': '19.5', 'type': 'no_ball', 'runs': 1, 'this_over_after': []}]
  CB: PBKS 222-4 (20)  crr=15.27  ps=5(2)  recent=W
  CB BAT: Yashasvi Jaiswal* 11(5), Dhruv Jurel 1(1)
  CB BOWL: Marco Jansen 0-12 (1)
  LAST WKT: Vaibhav Sooryavanshi  c Shreyas Iyer b Arshdeep Singh 43(16)  - 51/1 in 3.2 ov.
  ⚠ DIVERGENCE: SCORE: ui=0 cb=222 | WICKETS: ui=0 cb=4 | STRIKER: ui=Nehal Wadhera cb=Yashasvi Jaiswal | BATTERS_MISSING_IN_UI: {'jaiswal', 'jurel'} (ui={'wadhera', 'stoinis'}, cb={'jaiswal', 'jurel'}) | FOW_COUNT: ui=3 vs wickets=0 | BOWLER: ui=Yash Raj Punja cb=Marco Jansen

[21:42:28  iter#351]
  UI: Punjab Kings 0-0 (None)  str=Nehal Wadhera nstr=Marcus Stoinis  bowl=Yash Raj Punja 2-41 (4)
  this_over=['.', '4', '6', '6', '4', '4']  fow=3 (unk=0)  last_fow={'wicket': 3, 'batter': 'Prabhsimran Singh', 'score': 144, 'overs': '14.0', 'bowler': 'Ravindra Jadeja', 'how': None, '_unwitnessed': False}
  delivery: len=good_length line=outside_off shot=in_the_air [layer2]
  extras: this_over=2 innings=30 [w1/nb1/b0/lb0]
  extras_log: [{'over': '4.4', 'type': 'wide', 'runs': 1, 'this_over_after': []}, {'over': '19.5', 'type': 'no_ball', 'runs': 1, 'this_over_after': []}]
  CB: PBKS 222-4 (20)  crr=15.27  ps=5(2)  recent=W
  CB BAT: Yashasvi Jaiswal* 11(5), Dhruv Jurel 1(1)
  CB BOWL: Marco Jansen 0-12 (1)
  LAST WKT: Vaibhav Sooryavanshi  c Shreyas Iyer b Arshdeep Singh 43(16)  - 51/1 in 3.2 ov.
  ⚠ DIVERGENCE: SCORE: ui=0 cb=222 | WICKETS: ui=0 cb=4 | STRIKER: ui=Nehal Wadhera cb=Yashasvi Jaiswal | BATTERS_MISSING_IN_UI: {'jaiswal', 'jurel'} (ui={'wadhera', 'stoinis'}, cb={'jaiswal', 'jurel'}) | FOW_COUNT: ui=3 vs wickets=0 | BOWLER: ui=Yash Raj Punja cb=Marco Jansen

[21:42:49  iter#352]
  UI: Punjab Kings 0-0 (None)  str=Nehal Wadhera nstr=Marcus Stoinis  bowl=Yash Raj Punja 2-41 (4)
  this_over=['.', '4', '6', '6', '4', '4']  fow=3 (unk=0)  last_fow={'wicket': 3, 'batter': 'Prabhsimran Singh', 'score': 144, 'overs': '14.0', 'bowler': 'Ravindra Jadeja', 'how': None, '_unwitnessed': False}
  delivery: len=good_length line=outside_off shot=in_the_air [layer2]
  extras: this_over=2 innings=30 [w1/nb1/b0/lb0]
  extras_log: [{'over': '4.4', 'type': 'wide', 'runs': 1, 'this_over_after': []}, {'over': '19.5', 'type': 'no_ball', 'runs': 1, 'this_over_after': []}]
  CB: PBKS 222-4 (20)  crr=16.17  ps=11(3)  recent=W
  CB BAT: Yashasvi Jaiswal* 17(6), Dhruv Jurel 1(1)
  CB BOWL: Marco Jansen 0-12 (1)
  LAST WKT: Vaibhav Sooryavanshi  c Shreyas Iyer b Arshdeep Singh 43(16)  - 51/1 in 3.2 ov.
  ⚠ DIVERGENCE: SCORE: ui=0 cb=222 | WICKETS: ui=0 cb=4 | STRIKER: ui=Nehal Wadhera cb=Yashasvi Jaiswal | BATTERS_MISSING_IN_UI: {'jaiswal', 'jurel'} (ui={'wadhera', 'stoinis'}, cb={'jaiswal', 'jurel'}) | FOW_COUNT: ui=3 vs wickets=0 | BOWLER: ui=Yash Raj Punja cb=Marco Jansen

[21:43:13  iter#353]
  UI: Punjab Kings 0-0 (None)  str=Nehal Wadhera nstr=Marcus Stoinis  bowl=Yash Raj Punja 2-41 (4)
  this_over=['.', '4', '6', '6', '4', '4']  fow=3 (unk=0)  last_fow={'wicket': 3, 'batter': 'Prabhsimran Singh', 'score': 144, 'overs': '14.0', 'bowler': 'Ravindra Jadeja', 'how': None, '_unwitnessed': False}
  delivery: len=good_length line=outside_off shot=in_the_air [layer2]
  extras: this_over=2 innings=30 [w1/nb1/b0/lb0]
  extras_log: [{'over': '4.4', 'type': 'wide', 'runs': 1, 'this_over_after': []}, {'over': '19.5', 'type': 'no_ball', 'runs': 1, 'this_over_after': []}]
  CB: PBKS 222-4 (20)  crr=16.17  ps=11(3)  recent=W
  CB BAT: Yashasvi Jaiswal* 17(6), Dhruv Jurel 1(1)
  CB BOWL: Marco Jansen 0-12 (1)
  LAST WKT: Vaibhav Sooryavanshi  c Shreyas Iyer b Arshdeep Singh 43(16)  - 51/1 in 3.2 ov.
  ⚠ DIVERGENCE: SCORE: ui=0 cb=222 | WICKETS: ui=0 cb=4 | STRIKER: ui=Nehal Wadhera cb=Yashasvi Jaiswal | BATTERS_MISSING_IN_UI: {'jaiswal', 'jurel'} (ui={'wadhera', 'stoinis'}, cb={'jaiswal', 'jurel'}) | FOW_COUNT: ui=3 vs wickets=0 | BOWLER: ui=Yash Raj Punja cb=Marco Jansen

[21:43:34  iter#354]
  UI: Punjab Kings 0-0 (None)  str=Nehal Wadhera nstr=Marcus Stoinis  bowl=Yash Raj Punja 2-41 (4)
  this_over=['.', '4', '6', '6', '4', '4']  fow=3 (unk=0)  last_fow={'wicket': 3, 'batter': 'Prabhsimran Singh', 'score': 144, 'overs': '14.0', 'bowler': 'Ravindra Jadeja', 'how': None, '_unwitnessed': False}
  delivery: len=good_length line=outside_off shot=in_the_air [layer2]
  extras: this_over=2 innings=30 [w1/nb1/b0/lb0]
  extras_log: [{'over': '4.4', 'type': 'wide', 'runs': 1, 'this_over_after': []}, {'over': '19.5', 'type': 'no_ball', 'runs': 1, 'this_over_after': []}]
  CB: PBKS 222-4 (20)  crr=16.5  ps=15(4)  recent=W
  CB BAT: Dhruv Jurel* 1(1), Yashasvi Jaiswal 21(7)
  CB BOWL: Arshdeep Singh 1-37 (2)
  LAST WKT: Vaibhav Sooryavanshi  c Shreyas Iyer b Arshdeep Singh 43(16)  - 51/1 in 3.2 ov.
  ⚠ DIVERGENCE: SCORE: ui=0 cb=222 | WICKETS: ui=0 cb=4 | STRIKER: ui=Nehal Wadhera cb=Dhruv Jurel | BATTERS_MISSING_IN_UI: {'jaiswal', 'jurel'} (ui={'wadhera', 'stoinis'}, cb={'jaiswal', 'jurel'}) | FOW_COUNT: ui=3 vs wickets=0 | BOWLER: ui=Yash Raj Punja cb=Arshdeep Singh

[21:43:55  iter#355]
  UI: Punjab Kings 0-0 (None)  str=Nehal Wadhera nstr=Marcus Stoinis  bowl=Yash Raj Punja 2-41 (4)
  this_over=['.', '4', '6', '6', '4', '4']  fow=3 (unk=0)  last_fow={'wicket': 3, 'batter': 'Prabhsimran Singh', 'score': 144, 'overs': '14.0', 'bowler': 'Ravindra Jadeja', 'how': None, '_unwitnessed': False}
  delivery: len=good_length line=outside_off shot=in_the_air [layer2]
  extras: this_over=2 innings=30 [w1/nb1/b0/lb0]
  extras_log: [{'over': '4.4', 'type': 'wide', 'runs': 1, 'this_over_after': []}, {'over': '19.5', 'type': 'no_ball', 'runs': 1, 'this_over_after': []}]
  CB: PBKS 222-4 (20)  crr=16.5  ps=15(4)  recent=W
  CB BAT: Dhruv Jurel* 1(1), Yashasvi Jaiswal 21(7)
  CB BOWL: Arshdeep Singh 1-37 (2)
  LAST WKT: Vaibhav Sooryavanshi  c Shreyas Iyer b Arshdeep Singh 43(16)  - 51/1 in 3.2 ov.
  ⚠ DIVERGENCE: SCORE: ui=0 cb=222 | WICKETS: ui=0 cb=4 | STRIKER: ui=Nehal Wadhera cb=Dhruv Jurel | BATTERS_MISSING_IN_UI: {'jaiswal', 'jurel'} (ui={'wadhera', 'stoinis'}, cb={'jaiswal', 'jurel'}) | FOW_COUNT: ui=3 vs wickets=0 | BOWLER: ui=Yash Raj Punja cb=Arshdeep Singh

[21:44:16  iter#356]
  UI: Punjab Kings 0-0 (None)  str=Nehal Wadhera nstr=Marcus Stoinis  bowl=Yash Raj Punja 2-41 (4)
  this_over=['.', '4', '6', '6', '4', '4']  fow=3 (unk=0)  last_fow={'wicket': 3, 'batter': 'Prabhsimran Singh', 'score': 144, 'overs': '14.0', 'bowler': 'Ravindra Jadeja', 'how': None, '_unwitnessed': False}
  delivery: len=good_length line=outside_off shot=in_the_air [layer2]
  extras: this_over=2 innings=30 [w1/nb1/b0/lb0]
  extras_log: [{'over': '4.4', 'type': 'wide', 'runs': 1, 'this_over_after': []}, {'over': '19.5', 'type': 'no_ball', 'runs': 1, 'this_over_after': []}]
  CB: PBKS 222-4 (20)  crr=16.5  ps=15(4)  recent=W
  CB BAT: Dhruv Jurel* 1(1), Yashasvi Jaiswal 21(7)
  CB BOWL: Arshdeep Singh 1-37 (2)
  LAST WKT: Vaibhav Sooryavanshi  c Shreyas Iyer b Arshdeep Singh 43(16)  - 51/1 in 3.2 ov.
  ⚠ DIVERGENCE: SCORE: ui=0 cb=222 | WICKETS: ui=0 cb=4 | STRIKER: ui=Nehal Wadhera cb=Dhruv Jurel | BATTERS_MISSING_IN_UI: {'jaiswal', 'jurel'} (ui={'wadhera', 'stoinis'}, cb={'jaiswal', 'jurel'}) | FOW_COUNT: ui=3 vs wickets=0 | BOWLER: ui=Yash Raj Punja cb=Arshdeep Singh

[21:44:40  iter#357]
  WS ERR: ''
  CB: RR 66-1 (4)  crr=16.5  ps=15(4)  recent=...
  CB BAT: Dhruv Jurel* 1(1), Yashasvi Jaiswal 21(7)
  CB BOWL: Arshdeep Singh 1-37 (2)
  LAST WKT: Vaibhav Sooryavanshi  c Shreyas Iyer b Arshdeep Singh 43(16)  - 51/1 in 3.2 ov.
  ⚠ DIVERGENCE: BATTERS_MISSING_IN_UI: {'jaiswal', 'jurel'} (ui=set(), cb={'jaiswal', 'jurel'}) | BOWLER: ui=None cb=Arshdeep Singh

[21:45:04  iter#358]
  WS ERR: ''
  CB: RR 66-1 (4.2)  crr=15.23  ps=15(6)  recent=0 0
  CB BAT: Dhruv Jurel* 1(3), Yashasvi Jaiswal 21(7)
  CB BOWL: Arshdeep Singh 1-37 (2)
  LAST WKT: Vaibhav Sooryavanshi  c Shreyas Iyer b Arshdeep Singh 43(16)  - 51/1 in 3.2 ov.
  ⚠ DIVERGENCE: BATTERS_MISSING_IN_UI: {'jaiswal', 'jurel'} (ui=set(), cb={'jaiswal', 'jurel'}) | BOWLER: ui=None cb=Arshdeep Singh

[21:45:25  iter#359]
  UI: Punjab Kings None-None (None)  str=Nehal Wadhera nstr=Marcus Stoinis  bowl=Yash Raj Punja 2-41 (4)
  this_over=['.', '4', '6', '6', '4', '4']  fow=3 (unk=0)  last_fow={'wicket': 3, 'batter': 'Prabhsimran Singh', 'score': 144, 'overs': '14.0', 'bowler': 'Ravindra Jadeja', 'how': None, '_unwitnessed': False}
  delivery: len=good_length line=outside_off shot=in_the_air [layer2]
  extras: this_over=2 innings=30 [w1/nb1/b0/lb0]
  extras_log: [{'over': '4.4', 'type': 'wide', 'runs': 1, 'this_over_after': []}, {'over': '19.5', 'type': 'no_ball', 'runs': 1, 'this_over_after': []}]
  CB: PBKS 222-4 (20)  crr=14.89  ps=16(7)  recent=0 0 1
  CB BAT: Yashasvi Jaiswal* 21(7), Dhruv Jurel 2(4)
  CB BOWL: Arshdeep Singh 1-37 (2)
  LAST WKT: Vaibhav Sooryavanshi  c Shreyas Iyer b Arshdeep Singh 43(16)  - 51/1 in 3.2 ov.
  ⚠ DIVERGENCE: STRIKER: ui=Nehal Wadhera cb=Yashasvi Jaiswal | BATTERS_MISSING_IN_UI: {'jaiswal', 'jurel'} (ui={'wadhera', 'stoinis'}, cb={'jaiswal', 'jurel'}) | BOWLER: ui=Yash Raj Punja cb=Arshdeep Singh

[21:45:48  iter#360]
  UI: Punjab Kings None-None (None)  str=Nehal Wadhera nstr=Marcus Stoinis  bowl=Yash Raj Punja 2-41 (4)
  this_over=['.', '4', '6', '6', '4', '4']  fow=3 (unk=0)  last_fow={'wicket': 3, 'batter': 'Prabhsimran Singh', 'score': 144, 'overs': '14.0', 'bowler': 'Ravindra Jadeja', 'how': None, '_unwitnessed': False}
  delivery: len=good_length line=outside_off shot=in_the_air [layer2]
  extras: this_over=2 innings=30 [w1/nb1/b0/lb0]
  extras_log: [{'over': '4.4', 'type': 'wide', 'runs': 1, 'this_over_after': []}, {'over': '19.5', 'type': 'no_ball', 'runs': 1, 'this_over_after': []}]
  CB: PBKS 222-4 (20)  crr=14.36  ps=16(8)  recent=0 0 1 0
  CB BAT: Yashasvi Jaiswal* 21(8), Dhruv Jurel 2(4)
  CB BOWL: Arshdeep Singh 1-37 (2)
  LAST WKT: Vaibhav Sooryavanshi  c Shreyas Iyer b Arshdeep Singh 43(16)  - 51/1 in 3.2 ov.
  ⚠ DIVERGENCE: STRIKER: ui=Nehal Wadhera cb=Yashasvi Jaiswal | BATTERS_MISSING_IN_UI: {'jaiswal', 'jurel'} (ui={'wadhera', 'stoinis'}, cb={'jaiswal', 'jurel'}) | BOWLER: ui=Yash Raj Punja cb=Arshdeep Singh

[21:46:12  iter#361]
  UI: Punjab Kings None-None (None)  str=Nehal Wadhera nstr=Marcus Stoinis  bowl=Yash Raj Punja 2-41 (4)
  this_over=['.', '4', '6', '6', '4', '4']  fow=3 (unk=0)  last_fow={'wicket': 3, 'batter': 'Prabhsimran Singh', 'score': 144, 'overs': '14.0', 'bowler': 'Ravindra Jadeja', 'how': None, '_unwitnessed': False}
  delivery: len=good_length line=outside_off shot=in_the_air [layer2]
  extras: this_over=2 innings=30 [w1/nb1/b0/lb0]
  extras_log: [{'over': '4.4', 'type': 'wide', 'runs': 1, 'this_over_after': []}, {'over': '19.5', 'type': 'no_ball', 'runs': 1, 'this_over_after': []}]
  CB: PBKS 222-4 (20)  crr=14.07  ps=17(9)  recent=0 0 1 0 1
  CB BAT: Dhruv Jurel* 2(4), Yashasvi Jaiswal 22(9)
  CB BOWL: Arshdeep Singh 1-37 (2)
  LAST WKT: Vaibhav Sooryavanshi  c Shreyas Iyer b Arshdeep Singh 43(16)  - 51/1 in 3.2 ov.
  ⚠ DIVERGENCE: STRIKER: ui=Nehal Wadhera cb=Dhruv Jurel | BATTERS_MISSING_IN_UI: {'jaiswal', 'jurel'} (ui={'wadhera', 'stoinis'}, cb={'jaiswal', 'jurel'}) | BOWLER: ui=Yash Raj Punja cb=Arshdeep Singh

[21:46:36  iter#362]
  UI: Punjab Kings None-None (None)  str=Nehal Wadhera nstr=Marcus Stoinis  bowl=Yash Raj Punja 2-41 (4)
  this_over=['.', '4', '6', '6', '4', '4']  fow=3 (unk=0)  last_fow={'wicket': 3, 'batter': 'Prabhsimran Singh', 'score': 144, 'overs': '14.0', 'bowler': 'Ravindra Jadeja', 'how': None, '_unwitnessed': False}
  delivery: len=good_length line=outside_off shot=in_the_air [layer2]
  extras: this_over=2 innings=30 [w1/nb1/b0/lb0]
  extras_log: [{'over': '4.4', 'type': 'wide', 'runs': 1, 'this_over_after': []}, {'over': '19.5', 'type': 'no_ball', 'runs': 1, 'this_over_after': []}]
  CB: PBKS 222-4 (20)  crr=13.6  ps=17(10)  recent=0 0 1 0 1 0
  CB BAT: Yashasvi Jaiswal* 22(9), Dhruv Jurel 2(5)
  CB BOWL: Harpreet Brar 0-2 (1)
  LAST WKT: Vaibhav Sooryavanshi  c Shreyas Iyer b Arshdeep Singh 43(16)  - 51/1 in 3.2 ov.
  ⚠ DIVERGENCE: STRIKER: ui=Nehal Wadhera cb=Yashasvi Jaiswal | BATTERS_MISSING_IN_UI: {'jaiswal', 'jurel'} (ui={'wadhera', 'stoinis'}, cb={'jaiswal', 'jurel'}) | BOWLER: ui=Yash Raj Punja cb=Harpreet Brar

[21:46:59  iter#363]
  UI: Punjab Kings None-None (None)  str=Nehal Wadhera nstr=Marcus Stoinis  bowl=Yash Raj Punja 2-41 (4)
  this_over=['.', '4', '6', '6', '4', '4']  fow=3 (unk=0)  last_fow={'wicket': 3, 'batter': 'Prabhsimran Singh', 'score': 144, 'overs': '14.0', 'bowler': 'Ravindra Jadeja', 'how': None, '_unwitnessed': False}
  delivery: len=good_length line=outside_off shot=in_the_air [layer2]
  extras: this_over=2 innings=30 [w1/nb1/b0/lb0]
  extras_log: [{'over': '4.4', 'type': 'wide', 'runs': 1, 'this_over_after': []}, {'over': '19.5', 'type': 'no_ball', 'runs': 1, 'this_over_after': []}]
  CB: PBKS 222-4 (20)  crr=13.6  ps=17(10)  recent=...
  CB BAT: Yashasvi Jaiswal* 22(9), Dhruv Jurel 2(5)
  CB BOWL: Harpreet Brar 0-2 (1)
  LAST WKT: Vaibhav Sooryavanshi  c Shreyas Iyer b Arshdeep Singh 43(16)  - 51/1 in 3.2 ov.
  ⚠ DIVERGENCE: STRIKER: ui=Nehal Wadhera cb=Yashasvi Jaiswal | BATTERS_MISSING_IN_UI: {'jaiswal', 'jurel'} (ui={'wadhera', 'stoinis'}, cb={'jaiswal', 'jurel'}) | BOWLER: ui=Yash Raj Punja cb=Harpreet Brar

[21:47:23  iter#364]
  WS ERR: ''
  CB: RR 68-1 (5)  crr=13.6  ps=17(10)  recent=...
  CB BAT: Yashasvi Jaiswal* 22(9), Dhruv Jurel 2(5)
  CB BOWL: Harpreet Brar 0-2 (1)
  LAST WKT: Vaibhav Sooryavanshi  c Shreyas Iyer b Arshdeep Singh 43(16)  - 51/1 in 3.2 ov.
  ⚠ DIVERGENCE: BATTERS_MISSING_IN_UI: {'jaiswal', 'jurel'} (ui=set(), cb={'jaiswal', 'jurel'}) | BOWLER: ui=None cb=Harpreet Brar

[21:47:44  iter#365]
  UI: Punjab Kings 0-0 (None)  str=Nehal Wadhera nstr=Marcus Stoinis  bowl=Yash Raj Punja 2-41 (4)
  this_over=['.', '4', '6', '6', '4', '4']  fow=3 (unk=0)  last_fow={'wicket': 3, 'batter': 'Prabhsimran Singh', 'score': 144, 'overs': '14.0', 'bowler': 'Ravindra Jadeja', 'how': None, '_unwitnessed': False}
  delivery: len=good_length line=outside_off shot=in_the_air [layer2]
  extras: this_over=2 innings=30 [w1/nb1/b0/lb0]
  extras_log: [{'over': '4.4', 'type': 'wide', 'runs': 1, 'this_over_after': []}, {'over': '19.5', 'type': 'no_ball', 'runs': 1, 'this_over_after': []}]
  CB: PBKS 222-4 (20)  crr=13.6  ps=17(10)  recent=...
  CB BAT: Yashasvi Jaiswal* 22(9), Dhruv Jurel 2(5)
  CB BOWL: Harpreet Brar 0-2 (1)
  LAST WKT: Vaibhav Sooryavanshi  c Shreyas Iyer b Arshdeep Singh 43(16)  - 51/1 in 3.2 ov.
  ⚠ DIVERGENCE: SCORE: ui=0 cb=222 | WICKETS: ui=0 cb=4 | STRIKER: ui=Nehal Wadhera cb=Yashasvi Jaiswal | BATTERS_MISSING_IN_UI: {'jaiswal', 'jurel'} (ui={'wadhera', 'stoinis'}, cb={'jaiswal', 'jurel'}) | FOW_COUNT: ui=3 vs wickets=0 | BOWLER: ui=Yash Raj Punja cb=Harpreet Brar

[21:48:05  iter#366]
  UI: Punjab Kings 0-0 (None)  str=Nehal Wadhera nstr=Marcus Stoinis  bowl=Yash Raj Punja 2-41 (4)
  this_over=['.', '4', '6', '6', '4', '4']  fow=3 (unk=0)  last_fow={'wicket': 3, 'batter': 'Prabhsimran Singh', 'score': 144, 'overs': '14.0', 'bowler': 'Ravindra Jadeja', 'how': None, '_unwitnessed': False}
  delivery: len=good_length line=outside_off shot=in_the_air [layer2]
  extras: this_over=2 innings=30 [w1/nb1/b0/lb0]
  extras_log: [{'over': '4.4', 'type': 'wide', 'runs': 1, 'this_over_after': []}, {'over': '19.5', 'type': 'no_ball', 'runs': 1, 'this_over_after': []}]
  CB: PBKS 222-4 (20)  crr=13.69  ps=22(12)  recent=4 1
  CB BAT: Dhruv Jurel* 2(5), Yashasvi Jaiswal 27(11)
  CB BOWL: Harpreet Brar 0-2 (1)
  LAST WKT: Vaibhav Sooryavanshi  c Shreyas Iyer b Arshdeep Singh 43(16)  - 51/1 in 3.2 ov.
  ⚠ DIVERGENCE: SCORE: ui=0 cb=222 | WICKETS: ui=0 cb=4 | STRIKER: ui=Nehal Wadhera cb=Dhruv Jurel | BATTERS_MISSING_IN_UI: {'jaiswal', 'jurel'} (ui={'wadhera', 'stoinis'}, cb={'jaiswal', 'jurel'}) | FOW_COUNT: ui=3 vs wickets=0 | BOWLER: ui=Yash Raj Punja cb=Harpreet Brar

[21:48:27  iter#367]
  UI: Punjab Kings 0-0 (None)  str=Nehal Wadhera nstr=Marcus Stoinis  bowl=Yash Raj Punja 2-41 (4)
  this_over=['.', '4', '6', '6', '4', '4']  fow=3 (unk=0)  last_fow={'wicket': 3, 'batter': 'Prabhsimran Singh', 'score': 144, 'overs': '14.0', 'bowler': 'Ravindra Jadeja', 'how': None, '_unwitnessed': False}
  delivery: len=good_length line=outside_off shot=in_the_air [layer2]
  extras: this_over=2 innings=30 [w1/nb1/b0/lb0]
  extras_log: [{'over': '4.4', 'type': 'wide', 'runs': 1, 'this_over_after': []}, {'over': '19.5', 'type': 'no_ball', 'runs': 1, 'this_over_after': []}]
  CB: PBKS 222-4 (20)  crr=13.69  ps=22(12)  recent=4 1
  CB BAT: Dhruv Jurel* 2(5), Yashasvi Jaiswal 27(11)
  CB BOWL: Harpreet Brar 0-2 (1)
  LAST WKT: Vaibhav Sooryavanshi  c Shreyas Iyer b Arshdeep Singh 43(16)  - 51/1 in 3.2 ov.
  ⚠ DIVERGENCE: SCORE: ui=0 cb=222 | WICKETS: ui=0 cb=4 | STRIKER: ui=Nehal Wadhera cb=Dhruv Jurel | BATTERS_MISSING_IN_UI: {'jaiswal', 'jurel'} (ui={'wadhera', 'stoinis'}, cb={'jaiswal', 'jurel'}) | FOW_COUNT: ui=3 vs wickets=0 | BOWLER: ui=Yash Raj Punja cb=Harpreet Brar

[21:48:49  iter#368]
  UI: Punjab Kings 0-0 (None)  str=Nehal Wadhera nstr=Marcus Stoinis  bowl=Yash Raj Punja 2-41 (4)
  this_over=['.', '4', '6', '6', '4', '4']  fow=3 (unk=0)  last_fow={'wicket': 3, 'batter': 'Prabhsimran Singh', 'score': 144, 'overs': '14.0', 'bowler': 'Ravindra Jadeja', 'how': None, '_unwitnessed': False}
  delivery: len=good_length line=outside_off shot=in_the_air [layer2]
  extras: this_over=2 innings=30 [w1/nb1/b0/lb0]
  extras_log: [{'over': '4.4', 'type': 'wide', 'runs': 1, 'this_over_after': []}, {'over': '19.5', 'type': 'no_ball', 'runs': 1, 'this_over_after': []}]
  CB: PBKS 222-4 (20)  crr=13.27  ps=22(13)  recent=4 1 0
  CB BAT: Dhruv Jurel* 2(6), Yashasvi Jaiswal 27(11)
  CB BOWL: Harpreet Brar 0-2 (1)
  LAST WKT: Vaibhav Sooryavanshi  c Shreyas Iyer b Arshdeep Singh 43(16)  - 51/1 in 3.2 ov.
  ⚠ DIVERGENCE: SCORE: ui=0 cb=222 | WICKETS: ui=0 cb=4 | STRIKER: ui=Nehal Wadhera cb=Dhruv Jurel | BATTERS_MISSING_IN_UI: {'jaiswal', 'jurel'} (ui={'wadhera', 'stoinis'}, cb={'jaiswal', 'jurel'}) | FOW_COUNT: ui=3 vs wickets=0 | BOWLER: ui=Yash Raj Punja cb=Harpreet Brar

[21:49:10  iter#369]
  UI: Punjab Kings 0-0 (None)  str=Nehal Wadhera nstr=Marcus Stoinis  bowl=Yash Raj Punja 2-41 (4)
  this_over=['.', '4', '6', '6', '4', '4']  fow=3 (unk=0)  last_fow={'wicket': 3, 'batter': 'Prabhsimran Singh', 'score': 144, 'overs': '14.0', 'bowler': 'Ravindra Jadeja', 'how': None, '_unwitnessed': False}
  delivery: len=good_length line=outside_off shot=in_the_air [layer2]
  extras: this_over=2 innings=30 [w1/nb1/b0/lb0]
  extras_log: [{'over': '4.4', 'type': 'wide', 'runs': 1, 'this_over_after': []}, {'over': '19.5', 'type': 'no_ball', 'runs': 1, 'this_over_after': []}]
  CB: PBKS 222-4 (20)  crr=13.27  ps=22(13)  recent=4 1 0
  CB BAT: Dhruv Jurel* 2(6), Yashasvi Jaiswal 27(11)
  CB BOWL: Harpreet Brar 0-2 (1)
  LAST WKT: Vaibhav Sooryavanshi  c Shreyas Iyer b Arshdeep Singh 43(16)  - 51/1 in 3.2 ov.
  ⚠ DIVERGENCE: SCORE: ui=0 cb=222 | WICKETS: ui=0 cb=4 | STRIKER: ui=Nehal Wadhera cb=Dhruv Jurel | BATTERS_MISSING_IN_UI: {'jaiswal', 'jurel'} (ui={'wadhera', 'stoinis'}, cb={'jaiswal', 'jurel'}) | FOW_COUNT: ui=3 vs wickets=0 | BOWLER: ui=Yash Raj Punja cb=Harpreet Brar

[21:49:33  iter#370]
  UI: Punjab Kings 0-0 (None)  str=Nehal Wadhera nstr=Marcus Stoinis  bowl=Yash Raj Punja 2-41 (4)
  this_over=['.', '4', '6', '6', '4', '4']  fow=3 (unk=0)  last_fow={'wicket': 3, 'batter': 'Prabhsimran Singh', 'score': 144, 'overs': '14.0', 'bowler': 'Ravindra Jadeja', 'how': None, '_unwitnessed': False}
  delivery: len=good_length line=outside_off shot=in_the_air [layer2]
  extras: this_over=2 innings=30 [w1/nb1/b0/lb0]
  extras_log: [{'over': '4.4', 'type': 'wide', 'runs': 1, 'this_over_after': []}, {'over': '19.5', 'type': 'no_ball', 'runs': 1, 'this_over_after': []}]
  CB: PBKS 222-4 (20)  crr=13.94  ps=28(14)  recent=4 1 0 6
  CB BAT: Dhruv Jurel* 8(7), Yashasvi Jaiswal 27(11)
  CB BOWL: Harpreet Brar 0-2 (1)
  LAST WKT: Vaibhav Sooryavanshi  c Shreyas Iyer b Arshdeep Singh 43(16)  - 51/1 in 3.2 ov.
  ⚠ DIVERGENCE: SCORE: ui=0 cb=222 | WICKETS: ui=0 cb=4 | STRIKER: ui=Nehal Wadhera cb=Dhruv Jurel | BATTERS_MISSING_IN_UI: {'jaiswal', 'jurel'} (ui={'wadhera', 'stoinis'}, cb={'jaiswal', 'jurel'}) | FOW_COUNT: ui=3 vs wickets=0 | BOWLER: ui=Yash Raj Punja cb=Harpreet Brar

[21:49:54  iter#371]
  UI: Punjab Kings 0-0 (None)  str=Nehal Wadhera nstr=Marcus Stoinis  bowl=Yash Raj Punja 2-41 (4)
  this_over=['.', '4', '6', '6', '4', '4']  fow=3 (unk=0)  last_fow={'wicket': 3, 'batter': 'Prabhsimran Singh', 'score': 144, 'overs': '14.0', 'bowler': 'Ravindra Jadeja', 'how': None, '_unwitnessed': False}
  delivery: len=good_length line=outside_off shot=in_the_air [layer2]
  extras: this_over=2 innings=30 [w1/nb1/b0/lb0]
  extras_log: [{'over': '4.4', 'type': 'wide', 'runs': 1, 'this_over_after': []}, {'over': '19.5', 'type': 'no_ball', 'runs': 1, 'this_over_after': []}]
  CB: PBKS 222-4 (20)  crr=13.94  ps=28(14)  recent=4 1 0 6
  CB BAT: Dhruv Jurel* 8(7), Yashasvi Jaiswal 27(11)
  CB BOWL: Harpreet Brar 0-2 (1)
  LAST WKT: Vaibhav Sooryavanshi  c Shreyas Iyer b Arshdeep Singh 43(16)  - 51/1 in 3.2 ov.
  ⚠ DIVERGENCE: SCORE: ui=0 cb=222 | WICKETS: ui=0 cb=4 | STRIKER: ui=Nehal Wadhera cb=Dhruv Jurel | BATTERS_MISSING_IN_UI: {'jaiswal', 'jurel'} (ui={'wadhera', 'stoinis'}, cb={'jaiswal', 'jurel'}) | FOW_COUNT: ui=3 vs wickets=0 | BOWLER: ui=Yash Raj Punja cb=Harpreet Brar

[21:50:14  iter#372]
  UI: Punjab Kings 0-0 (None)  str=Nehal Wadhera nstr=Marcus Stoinis  bowl=Yash Raj Punja 2-41 (4)
  this_over=['.', '4', '6', '6', '4', '4']  fow=3 (unk=0)  last_fow={'wicket': 3, 'batter': 'Prabhsimran Singh', 'score': 144, 'overs': '14.0', 'bowler': 'Ravindra Jadeja', 'how': None, '_unwitnessed': False}
  delivery: len=good_length line=outside_off shot=in_the_air [layer2]
  extras: this_over=2 innings=30 [w1/nb1/b0/lb0]
  extras_log: [{'over': '4.4', 'type': 'wide', 'runs': 1, 'this_over_after': []}, {'over': '19.5', 'type': 'no_ball', 'runs': 1, 'this_over_after': []}]
  CB: PBKS 222-4 (20)  crr=13.71  ps=29(15)  recent=4 1 0 6 1
  CB BAT: Yashasvi Jaiswal* 27(11), Dhruv Jurel 9(8)
  CB BOWL: Harpreet Brar 0-2 (1)
  LAST WKT: Vaibhav Sooryavanshi  c Shreyas Iyer b Arshdeep Singh 43(16)  - 51/1 in 3.2 ov.
  ⚠ DIVERGENCE: SCORE: ui=0 cb=222 | WICKETS: ui=0 cb=4 | STRIKER: ui=Nehal Wadhera cb=Yashasvi Jaiswal | BATTERS_MISSING_IN_UI: {'jaiswal', 'jurel'} (ui={'wadhera', 'stoinis'}, cb={'jaiswal', 'jurel'}) | FOW_COUNT: ui=3 vs wickets=0 | BOWLER: ui=Yash Raj Punja cb=Harpreet Brar

[21:50:39  iter#373]
  WS ERR: ''
  CB: RR 84-1 (6)  crr=14.0  ps=33(16)  recent=4 1 0 6 1 4
  CB BAT: Dhruv Jurel* 9(8), Yashasvi Jaiswal 31(12)
  CB BOWL: Lockie Ferguson 0-33 (2)
  LAST WKT: Vaibhav Sooryavanshi  c Shreyas Iyer b Arshdeep Singh 43(16)  - 51/1 in 3.2 ov.
  ⚠ DIVERGENCE: BATTERS_MISSING_IN_UI: {'jaiswal', 'jurel'} (ui=set(), cb={'jaiswal', 'jurel'}) | BOWLER: ui=None cb=Lockie Ferguson

[21:51:03  iter#374]
  WS ERR: ''
  CB: RR 84-1 (6)  crr=14.0  ps=33(16)  recent=...
  CB BAT: Dhruv Jurel* 9(8), Yashasvi Jaiswal 31(12)
  CB BOWL: Lockie Ferguson 0-33 (2)
  LAST WKT: Vaibhav Sooryavanshi  c Shreyas Iyer b Arshdeep Singh 43(16)  - 51/1 in 3.2 ov.
  ⚠ DIVERGENCE: BATTERS_MISSING_IN_UI: {'jaiswal', 'jurel'} (ui=set(), cb={'jaiswal', 'jurel'}) | BOWLER: ui=None cb=Lockie Ferguson

[21:51:27  iter#375]
  UI: Punjab Kings 0-0 (None)  str=Nehal Wadhera nstr=Marcus Stoinis  bowl=Yash Raj Punja 2-41 (4)
  this_over=['.', '4', '6', '6', '4', '4']  fow=3 (unk=0)  last_fow={'wicket': 3, 'batter': 'Prabhsimran Singh', 'score': 144, 'overs': '14.0', 'bowler': 'Ravindra Jadeja', 'how': None, '_unwitnessed': False}
  delivery: len=good_length line=outside_off shot=in_the_air [layer2]
  extras: this_over=2 innings=30 [w1/nb1/b0/lb0]
  extras_log: [{'over': '4.4', 'type': 'wide', 'runs': 1, 'this_over_after': []}, {'over': '19.5', 'type': 'no_ball', 'runs': 1, 'this_over_after': []}]
  CB: PBKS 222-4 (20)  crr=14.0  ps=33(16)  recent=...
  CB BAT: Dhruv Jurel* 9(8), Yashasvi Jaiswal 31(12)
  CB BOWL: Lockie Ferguson 0-33 (2)
  LAST WKT: Vaibhav Sooryavanshi  c Shreyas Iyer b Arshdeep Singh 43(16)  - 51/1 in 3.2 ov.
  ⚠ DIVERGENCE: SCORE: ui=0 cb=222 | WICKETS: ui=0 cb=4 | STRIKER: ui=Nehal Wadhera cb=Dhruv Jurel | BATTERS_MISSING_IN_UI: {'jaiswal', 'jurel'} (ui={'wadhera', 'stoinis'}, cb={'jaiswal', 'jurel'}) | FOW_COUNT: ui=3 vs wickets=0 | BOWLER: ui=Yash Raj Punja cb=Lockie Ferguson

[21:51:49  iter#376]
  UI: Punjab Kings 0-0 (None)  str=Nehal Wadhera nstr=Marcus Stoinis  bowl=Yash Raj Punja 2-41 (4)
  this_over=['.', '4', '6', '6', '4', '4']  fow=3 (unk=0)  last_fow={'wicket': 3, 'batter': 'Prabhsimran Singh', 'score': 144, 'overs': '14.0', 'bowler': 'Ravindra Jadeja', 'how': None, '_unwitnessed': False}
  delivery: len=good_length line=outside_off shot=in_the_air [layer2]
  extras: this_over=2 innings=30 [w1/nb1/b0/lb0]
  extras_log: [{'over': '4.4', 'type': 'wide', 'runs': 1, 'this_over_after': []}, {'over': '19.5', 'type': 'no_ball', 'runs': 1, 'this_over_after': []}]
  CB: PBKS 222-4 (20)  crr=14.0  ps=33(16)  recent=...
  CB BAT: Dhruv Jurel* 9(8), Yashasvi Jaiswal 31(12)
  CB BOWL: Lockie Ferguson 0-33 (2)
  LAST WKT: Vaibhav Sooryavanshi  c Shreyas Iyer b Arshdeep Singh 43(16)  - 51/1 in 3.2 ov.
  ⚠ DIVERGENCE: SCORE: ui=0 cb=222 | WICKETS: ui=0 cb=4 | STRIKER: ui=Nehal Wadhera cb=Dhruv Jurel | BATTERS_MISSING_IN_UI: {'jaiswal', 'jurel'} (ui={'wadhera', 'stoinis'}, cb={'jaiswal', 'jurel'}) | FOW_COUNT: ui=3 vs wickets=0 | BOWLER: ui=Yash Raj Punja cb=Lockie Ferguson

[21:52:14  iter#377]
  WS ERR: ''
  CB: RR 84-1 (6)  crr=14.0  ps=33(16)  recent=...
  CB BAT: Dhruv Jurel* 9(8), Yashasvi Jaiswal 31(12)
  CB BOWL: Lockie Ferguson 0-33 (2)
  LAST WKT: Vaibhav Sooryavanshi  c Shreyas Iyer b Arshdeep Singh 43(16)  - 51/1 in 3.2 ov.
  ⚠ DIVERGENCE: BATTERS_MISSING_IN_UI: {'jaiswal', 'jurel'} (ui=set(), cb={'jaiswal', 'jurel'}) | BOWLER: ui=None cb=Lockie Ferguson

[21:52:35  iter#378]
  UI: Punjab Kings 0-0 (None)  str=Nehal Wadhera nstr=Marcus Stoinis  bowl=Yash Raj Punja 2-41 (4)
  this_over=['.', '4', '6', '6', '4', '4']  fow=3 (unk=0)  last_fow={'wicket': 3, 'batter': 'Prabhsimran Singh', 'score': 144, 'overs': '14.0', 'bowler': 'Ravindra Jadeja', 'how': None, '_unwitnessed': False}
  delivery: len=good_length line=outside_off shot=in_the_air [layer2]
  extras: this_over=2 innings=30 [w1/nb1/b0/lb0]
  extras_log: [{'over': '4.4', 'type': 'wide', 'runs': 1, 'this_over_after': []}, {'over': '19.5', 'type': 'no_ball', 'runs': 1, 'this_over_after': []}]
  CB: PBKS 222-4 (20)  crr=14.0  ps=33(16)  recent=...
  CB BAT: Dhruv Jurel* 9(8), Yashasvi Jaiswal 31(12)
  CB BOWL: Lockie Ferguson 0-33 (2)
  LAST WKT: Vaibhav Sooryavanshi  c Shreyas Iyer b Arshdeep Singh 43(16)  - 51/1 in 3.2 ov.
  ⚠ DIVERGENCE: SCORE: ui=0 cb=222 | WICKETS: ui=0 cb=4 | STRIKER: ui=Nehal Wadhera cb=Dhruv Jurel | BATTERS_MISSING_IN_UI: {'jaiswal', 'jurel'} (ui={'wadhera', 'stoinis'}, cb={'jaiswal', 'jurel'}) | FOW_COUNT: ui=3 vs wickets=0 | BOWLER: ui=Yash Raj Punja cb=Lockie Ferguson

[21:52:56  iter#379]
  UI: Punjab Kings 0-0 (None)  str=Nehal Wadhera nstr=Marcus Stoinis  bowl=Yash Raj Punja 2-41 (4)
  this_over=['.', '4', '6', '6', '4', '4']  fow=3 (unk=0)  last_fow={'wicket': 3, 'batter': 'Prabhsimran Singh', 'score': 144, 'overs': '14.0', 'bowler': 'Ravindra Jadeja', 'how': None, '_unwitnessed': False}
  delivery: len=good_length line=outside_off shot=in_the_air [layer2]
  extras: this_over=2 innings=30 [w1/nb1/b0/lb0]
  extras_log: [{'over': '4.4', 'type': 'wide', 'runs': 1, 'this_over_after': []}, {'over': '19.5', 'type': 'no_ball', 'runs': 1, 'this_over_after': []}]
  CB: PBKS 222-4 (20)  crr=14.0  ps=33(16)  recent=...
  CB BAT: Dhruv Jurel* 9(8), Yashasvi Jaiswal 31(12)
  CB BOWL: Lockie Ferguson 0-33 (2)
  LAST WKT: Vaibhav Sooryavanshi  c Shreyas Iyer b Arshdeep Singh 43(16)  - 51/1 in 3.2 ov.
  ⚠ DIVERGENCE: SCORE: ui=0 cb=222 | WICKETS: ui=0 cb=4 | STRIKER: ui=Nehal Wadhera cb=Dhruv Jurel | BATTERS_MISSING_IN_UI: {'jaiswal', 'jurel'} (ui={'wadhera', 'stoinis'}, cb={'jaiswal', 'jurel'}) | FOW_COUNT: ui=3 vs wickets=0 | BOWLER: ui=Yash Raj Punja cb=Lockie Ferguson

[21:53:18  iter#380]
  UI: Punjab Kings 0-0 (None)  str=Nehal Wadhera nstr=Marcus Stoinis  bowl=Yash Raj Punja 2-41 (4)
  this_over=['.', '4', '6', '6', '4', '4']  fow=3 (unk=0)  last_fow={'wicket': 3, 'batter': 'Prabhsimran Singh', 'score': 144, 'overs': '14.0', 'bowler': 'Ravindra Jadeja', 'how': None, '_unwitnessed': False}
  delivery: len=good_length line=outside_off shot=in_the_air [layer2]
  extras: this_over=2 innings=30 [w1/nb1/b0/lb0]
  extras_log: [{'over': '4.4', 'type': 'wide', 'runs': 1, 'this_over_after': []}, {'over': '19.5', 'type': 'no_ball', 'runs': 1, 'this_over_after': []}]
  CB: PBKS 222-4 (20)  crr=14.0  ps=33(16)  recent=...
  CB BAT: Dhruv Jurel* 9(8), Yashasvi Jaiswal 31(12)
  CB BOWL: Lockie Ferguson 0-33 (2)
  LAST WKT: Vaibhav Sooryavanshi  c Shreyas Iyer b Arshdeep Singh 43(16)  - 51/1 in 3.2 ov.
  ⚠ DIVERGENCE: SCORE: ui=0 cb=222 | WICKETS: ui=0 cb=4 | STRIKER: ui=Nehal Wadhera cb=Dhruv Jurel | BATTERS_MISSING_IN_UI: {'jaiswal', 'jurel'} (ui={'wadhera', 'stoinis'}, cb={'jaiswal', 'jurel'}) | FOW_COUNT: ui=3 vs wickets=0 | BOWLER: ui=Yash Raj Punja cb=Lockie Ferguson

[21:53:40  iter#381]
  UI: Punjab Kings 0-0 (None)  str=Nehal Wadhera nstr=Marcus Stoinis  bowl=Yash Raj Punja 2-41 (4)
  this_over=['.', '4', '6', '6', '4', '4']  fow=3 (unk=0)  last_fow={'wicket': 3, 'batter': 'Prabhsimran Singh', 'score': 144, 'overs': '14.0', 'bowler': 'Ravindra Jadeja', 'how': None, '_unwitnessed': False}
  delivery: len=good_length line=outside_off shot=in_the_air [layer2]
  extras: this_over=2 innings=30 [w1/nb1/b0/lb0]
  extras_log: [{'over': '4.4', 'type': 'wide', 'runs': 1, 'this_over_after': []}, {'over': '19.5', 'type': 'no_ball', 'runs': 1, 'this_over_after': []}]
  CB: PBKS 222-4 (20)  crr=14.0  ps=33(16)  recent=...
  CB BAT: Dhruv Jurel* 9(8), Yashasvi Jaiswal 31(12)
  CB BOWL: Lockie Ferguson 0-33 (2)
  LAST WKT: Vaibhav Sooryavanshi  c Shreyas Iyer b Arshdeep Singh 43(16)  - 51/1 in 3.2 ov.
  ⚠ DIVERGENCE: SCORE: ui=0 cb=222 | WICKETS: ui=0 cb=4 | STRIKER: ui=Nehal Wadhera cb=Dhruv Jurel | BATTERS_MISSING_IN_UI: {'jaiswal', 'jurel'} (ui={'wadhera', 'stoinis'}, cb={'jaiswal', 'jurel'}) | FOW_COUNT: ui=3 vs wickets=0 | BOWLER: ui=Yash Raj Punja cb=Lockie Ferguson

[21:54:04  iter#382]
  UI: Punjab Kings None-None (None)  str=Nehal Wadhera nstr=Marcus Stoinis  bowl=Yash Raj Punja 2-41 (4)
  this_over=['.', '4', '6', '6', '4', '4']  fow=3 (unk=0)  last_fow={'wicket': 3, 'batter': 'Prabhsimran Singh', 'score': 144, 'overs': '14.0', 'bowler': 'Ravindra Jadeja', 'how': None, '_unwitnessed': False}
  delivery: len=good_length line=outside_off shot=in_the_air [layer2]
  extras: this_over=2 innings=30 [w1/nb1/b0/lb0]
  extras_log: [{'over': '4.4', 'type': 'wide', 'runs': 1, 'this_over_after': []}, {'over': '19.5', 'type': 'no_ball', 'runs': 1, 'this_over_after': []}]
  CB: PBKS 222-4 (20)  crr=13.42  ps=34(18)  recent=0 1
  CB BAT: Yashasvi Jaiswal* 31(12), Dhruv Jurel 10(10)
  CB BOWL: Lockie Ferguson 0-33 (2)
  LAST WKT: Vaibhav Sooryavanshi  c Shreyas Iyer b Arshdeep Singh 43(16)  - 51/1 in 3.2 ov.
  ⚠ DIVERGENCE: STRIKER: ui=Nehal Wadhera cb=Yashasvi Jaiswal | BATTERS_MISSING_IN_UI: {'jaiswal', 'jurel'} (ui={'wadhera', 'stoinis'}, cb={'jaiswal', 'jurel'}) | BOWLER: ui=Yash Raj Punja cb=Lockie Ferguson

[21:54:28  iter#383]
  UI: Punjab Kings 0-0 (None)  str=Nehal Wadhera nstr=Marcus Stoinis  bowl=Yash Raj Punja 2-41 (4)
  this_over=['.', '4', '6', '6', '4', '4']  fow=3 (unk=0)  last_fow={'wicket': 3, 'batter': 'Prabhsimran Singh', 'score': 144, 'overs': '14.0', 'bowler': 'Ravindra Jadeja', 'how': None, '_unwitnessed': False}
  delivery: len=good_length line=outside_off shot=in_the_air [layer2]
  extras: this_over=2 innings=30 [w1/nb1/b0/lb0]
  extras_log: [{'over': '4.4', 'type': 'wide', 'runs': 1, 'this_over_after': []}, {'over': '19.5', 'type': 'no_ball', 'runs': 1, 'this_over_after': []}]
  CB: PBKS 222-4 (20)  crr=13.42  ps=34(18)  recent=0 1
  CB BAT: Yashasvi Jaiswal* 31(12), Dhruv Jurel 10(10)
  CB BOWL: Lockie Ferguson 0-33 (2)
  LAST WKT: Vaibhav Sooryavanshi  c Shreyas Iyer b Arshdeep Singh 43(16)  - 51/1 in 3.2 ov.
  ⚠ DIVERGENCE: SCORE: ui=0 cb=222 | WICKETS: ui=0 cb=4 | STRIKER: ui=Nehal Wadhera cb=Yashasvi Jaiswal | BATTERS_MISSING_IN_UI: {'jaiswal', 'jurel'} (ui={'wadhera', 'stoinis'}, cb={'jaiswal', 'jurel'}) | FOW_COUNT: ui=3 vs wickets=0 | BOWLER: ui=Yash Raj Punja cb=Lockie Ferguson

[21:54:49  iter#384]
  UI: Punjab Kings 0-0 (None)  str=Nehal Wadhera nstr=Marcus Stoinis  bowl=Yash Raj Punja 2-41 (4)
  this_over=['.', '4', '6', '6', '4', '4']  fow=3 (unk=0)  last_fow={'wicket': 3, 'batter': 'Prabhsimran Singh', 'score': 144, 'overs': '14.0', 'bowler': 'Ravindra Jadeja', 'how': None, '_unwitnessed': False}
  delivery: len=good_length line=outside_off shot=in_the_air [layer2]
  extras: this_over=2 innings=30 [w1/nb1/b0/lb0]
  extras_log: [{'over': '4.4', 'type': 'wide', 'runs': 1, 'this_over_after': []}, {'over': '19.5', 'type': 'no_ball', 'runs': 1, 'this_over_after': []}]
  CB: PBKS 222-4 (20)  crr=13.05  ps=36(20)  recent=0 1 1 1
  CB BAT: Yashasvi Jaiswal* 32(13), Dhruv Jurel 11(11)
  CB BOWL: Lockie Ferguson 0-33 (2)
  LAST WKT: Vaibhav Sooryavanshi  c Shreyas Iyer b Arshdeep Singh 43(16)  - 51/1 in 3.2 ov.
  ⚠ DIVERGENCE: SCORE: ui=0 cb=222 | WICKETS: ui=0 cb=4 | STRIKER: ui=Nehal Wadhera cb=Yashasvi Jaiswal | BATTERS_MISSING_IN_UI: {'jaiswal', 'jurel'} (ui={'wadhera', 'stoinis'}, cb={'jaiswal', 'jurel'}) | FOW_COUNT: ui=3 vs wickets=0 | BOWLER: ui=Yash Raj Punja cb=Lockie Ferguson

[21:55:13  iter#385]
  WS ERR: ''
  CB: RR 87-1 (6.4)  crr=13.05  ps=36(20)  recent=0 1 1 1
  CB BAT: Yashasvi Jaiswal* 32(13), Dhruv Jurel 11(11)
  CB BOWL: Lockie Ferguson 0-33 (2)
  LAST WKT: Vaibhav Sooryavanshi  c Shreyas Iyer b Arshdeep Singh 43(16)  - 51/1 in 3.2 ov.
  ⚠ DIVERGENCE: BATTERS_MISSING_IN_UI: {'jaiswal', 'jurel'} (ui=set(), cb={'jaiswal', 'jurel'}) | BOWLER: ui=None cb=Lockie Ferguson

[21:55:36  iter#386]
  UI: Punjab Kings 0-0 (None)  str=Nehal Wadhera nstr=Marcus Stoinis  bowl=Yash Raj Punja 2-41 (4)
  this_over=['.', '4', '6', '6', '4', '4']  fow=3 (unk=0)  last_fow={'wicket': 3, 'batter': 'Prabhsimran Singh', 'score': 144, 'overs': '14.0', 'bowler': 'Ravindra Jadeja', 'how': None, '_unwitnessed': False}
  delivery: len=good_length line=outside_off shot=in_the_air [layer2]
  extras: this_over=2 innings=30 [w1/nb1/b0/lb0]
  extras_log: [{'over': '4.4', 'type': 'wide', 'runs': 1, 'this_over_after': []}, {'over': '19.5', 'type': 'no_ball', 'runs': 1, 'this_over_after': []}]
  CB: PBKS 222-4 (20)  crr=13.02  ps=38(21)  recent=0 1 1 1 2
  CB BAT: Yashasvi Jaiswal* 34(14), Dhruv Jurel 11(11)
  CB BOWL: Lockie Ferguson 0-33 (2)
  LAST WKT: Vaibhav Sooryavanshi  c Shreyas Iyer b Arshdeep Singh 43(16)  - 51/1 in 3.2 ov.
  ⚠ DIVERGENCE: SCORE: ui=0 cb=222 | WICKETS: ui=0 cb=4 | STRIKER: ui=Nehal Wadhera cb=Yashasvi Jaiswal | BATTERS_MISSING_IN_UI: {'jaiswal', 'jurel'} (ui={'wadhera', 'stoinis'}, cb={'jaiswal', 'jurel'}) | FOW_COUNT: ui=3 vs wickets=0 | BOWLER: ui=Yash Raj Punja cb=Lockie Ferguson

[21:55:58  iter#387]
  UI: Punjab Kings 0-0 (None)  str=Nehal Wadhera nstr=Marcus Stoinis  bowl=Yash Raj Punja 2-41 (4)
  this_over=['.', '4', '6', '6', '4', '4']  fow=3 (unk=0)  last_fow={'wicket': 3, 'batter': 'Prabhsimran Singh', 'score': 144, 'overs': '14.0', 'bowler': 'Ravindra Jadeja', 'how': None, '_unwitnessed': False}
  delivery: len=good_length line=outside_off shot=in_the_air [layer2]
  extras: this_over=2 innings=30 [w1/nb1/b0/lb0]
  extras_log: [{'over': '4.4', 'type': 'wide', 'runs': 1, 'this_over_after': []}, {'over': '19.5', 'type': 'no_ball', 'runs': 1, 'this_over_after': []}]
  CB: PBKS 222-4 (20)  crr=12.86  ps=39(22)  recent=0 1 1 1 2 1
  CB BAT: Yashasvi Jaiswal* 35(15), Dhruv Jurel 11(11)
  CB BOWL: Harpreet Brar 0-8 (2)
  LAST WKT: Vaibhav Sooryavanshi  c Shreyas Iyer b Arshdeep Singh 43(16)  - 51/1 in 3.2 ov.
  ⚠ DIVERGENCE: SCORE: ui=0 cb=222 | WICKETS: ui=0 cb=4 | STRIKER: ui=Nehal Wadhera cb=Yashasvi Jaiswal | BATTERS_MISSING_IN_UI: {'jaiswal', 'jurel'} (ui={'wadhera', 'stoinis'}, cb={'jaiswal', 'jurel'}) | FOW_COUNT: ui=3 vs wickets=0 | BOWLER: ui=Yash Raj Punja cb=Harpreet Brar

[21:56:22  iter#388]
  WS ERR: ''
  CB: RR 90-1 (7)  crr=12.86  ps=39(22)  recent=0 1 1 1 2 1
  CB BAT: Yashasvi Jaiswal* 35(15), Dhruv Jurel 11(11)
  CB BOWL: Harpreet Brar 0-8 (2)
  LAST WKT: Vaibhav Sooryavanshi  c Shreyas Iyer b Arshdeep Singh 43(16)  - 51/1 in 3.2 ov.
  ⚠ DIVERGENCE: BATTERS_MISSING_IN_UI: {'jaiswal', 'jurel'} (ui=set(), cb={'jaiswal', 'jurel'}) | BOWLER: ui=None cb=Harpreet Brar

[21:56:47  iter#389]
  WS ERR: ''
  CB: RR 91-1 (7.1)  crr=12.7  ps=40(23)  recent=1
  CB BAT: Dhruv Jurel* 11(11), Yashasvi Jaiswal 36(16)
  CB BOWL: Harpreet Brar 0-8 (2)
  LAST WKT: Vaibhav Sooryavanshi  c Shreyas Iyer b Arshdeep Singh 43(16)  - 51/1 in 3.2 ov.
  ⚠ DIVERGENCE: BATTERS_MISSING_IN_UI: {'jaiswal', 'jurel'} (ui=set(), cb={'jaiswal', 'jurel'}) | BOWLER: ui=None cb=Harpreet Brar

[21:57:11  iter#390]
  WS ERR: ''
  CB: RR 92-1 (7.2)  crr=12.55  ps=41(24)  recent=1 1
  CB BAT: Yashasvi Jaiswal* 36(16), Dhruv Jurel 12(12)
  CB BOWL: Harpreet Brar 0-8 (2)
  LAST WKT: Vaibhav Sooryavanshi  c Shreyas Iyer b Arshdeep Singh 43(16)  - 51/1 in 3.2 ov.
  ⚠ DIVERGENCE: BATTERS_MISSING_IN_UI: {'jaiswal', 'jurel'} (ui=set(), cb={'jaiswal', 'jurel'}) | BOWLER: ui=None cb=Harpreet Brar

[21:57:34  iter#391]
  UI: Punjab Kings 0-0 (None)  str=Nehal Wadhera nstr=Marcus Stoinis  bowl=Yash Raj Punja 2-41 (4)
  this_over=['.', '4', '6', '6', '4', '4']  fow=3 (unk=0)  last_fow={'wicket': 3, 'batter': 'Prabhsimran Singh', 'score': 144, 'overs': '14.0', 'bowler': 'Ravindra Jadeja', 'how': None, '_unwitnessed': False}
  delivery: len=good_length line=outside_off shot=in_the_air [layer2]
  extras: this_over=2 innings=30 [w1/nb1/b0/lb0]
  extras_log: [{'over': '4.4', 'type': 'wide', 'runs': 1, 'this_over_after': []}, {'over': '19.5', 'type': 'no_ball', 'runs': 1, 'this_over_after': []}]
  CB: PBKS 222-4 (20)  crr=12.4  ps=42(25)  recent=1 1 1
  CB BAT: Dhruv Jurel* 12(12), Yashasvi Jaiswal 37(17)
  CB BOWL: Harpreet Brar 0-8 (2)
  LAST WKT: Vaibhav Sooryavanshi  c Shreyas Iyer b Arshdeep Singh 43(16)  - 51/1 in 3.2 ov.
  ⚠ DIVERGENCE: SCORE: ui=0 cb=222 | WICKETS: ui=0 cb=4 | STRIKER: ui=Nehal Wadhera cb=Dhruv Jurel | BATTERS_MISSING_IN_UI: {'jaiswal', 'jurel'} (ui={'wadhera', 'stoinis'}, cb={'jaiswal', 'jurel'}) | FOW_COUNT: ui=3 vs wickets=0 | BOWLER: ui=Yash Raj Punja cb=Harpreet Brar

[21:57:59  iter#392]
  WS ERR: ''
  CB: RR 93-1 (7.4)  crr=12.13  ps=42(26)  recent=1 1 1 0
  CB BAT: Dhruv Jurel* 12(13), Yashasvi Jaiswal 37(17)
  CB BOWL: Harpreet Brar 0-8 (2)
  LAST WKT: Vaibhav Sooryavanshi  c Shreyas Iyer b Arshdeep Singh 43(16)  - 51/1 in 3.2 ov.
  ⚠ DIVERGENCE: BATTERS_MISSING_IN_UI: {'jaiswal', 'jurel'} (ui=set(), cb={'jaiswal', 'jurel'}) | BOWLER: ui=None cb=Harpreet Brar

[21:58:21  iter#393]
  UI: Rajasthan Royals None-1 (None)  str=Yashasvi Jaiswal nstr=Dhruv Jurel  bowl=Yuzvendra Chahal 0-3 (0.4)
  this_over=['W']  fow=3 (unk=0)  last_fow={'wicket': 3, 'batter': 'Prabhsimran Singh', 'score': 144, 'overs': '14.0', 'bowler': 'Ravindra Jadeja', 'how': None, '_unwitnessed': False}
  delivery: len=good_length line=outside_off shot=in_the_air [layer2]
  extras: this_over=2 innings=30 [w1/nb1/b0/lb0]
  extras_log: [{'over': '4.4', 'type': 'wide', 'runs': 1, 'this_over_after': []}, {'over': '19.5', 'type': 'no_ball', 'runs': 1, 'this_over_after': []}]
  CB: RR 93-1 (7.4)  crr=12.13  ps=42(26)  recent=1 1 1 0
  CB BAT: Dhruv Jurel* 12(13), Yashasvi Jaiswal 37(17)
  CB BOWL: Harpreet Brar 0-8 (2)
  LAST WKT: Vaibhav Sooryavanshi  c Shreyas Iyer b Arshdeep Singh 43(16)  - 51/1 in 3.2 ov.
  ⚠ DIVERGENCE: STRIKER: ui=Yashasvi Jaiswal cb=Dhruv Jurel | BAT_jurel: ui=0(0) cb=12(13) | BAT_jaiswal: ui=0(0) cb=37(17) | FOW_COUNT: ui=3 vs wickets=1 | BOWLER: ui=Yuzvendra Chahal cb=Harpreet Brar

[21:58:44  iter#394]
  UI: Rajasthan Royals 93-1 (None)  str=Yashasvi Jaiswal nstr=Dhruv Jurel  bowl=Yuzvendra Chahal 0-3 (0.4)
  this_over=['W']  fow=3 (unk=0)  last_fow={'wicket': 3, 'batter': 'Prabhsimran Singh', 'score': 144, 'overs': '14.0', 'bowler': 'Ravindra Jadeja', 'how': None, '_unwitnessed': False}
  delivery: len=short_of_length line=outside_off shot=in_the_air [layer2]
  extras: this_over=2 innings=30 [w1/nb1/b0/lb0]
  extras_log: [{'over': '4.4', 'type': 'wide', 'runs': 1, 'this_over_after': []}, {'over': '19.5', 'type': 'no_ball', 'runs': 1, 'this_over_after': []}]
  CB: RR 95-1 (8)  crr=11.88  ps=44(28)  recent=1 1 1 0 1 1
  CB BAT: Yashasvi Jaiswal* 38(18), Dhruv Jurel 13(14)
  CB BOWL: Yuzvendra Chahal 0-5 (1)
  LAST WKT: Vaibhav Sooryavanshi  c Shreyas Iyer b Arshdeep Singh 43(16)  - 51/1 in 3.2 ov.
  ⚠ DIVERGENCE: SCORE: ui=93 cb=95 | BAT_jaiswal: ui=37(17) cb=38(18) | BAT_jurel: ui=12(13) cb=13(14) | FOW_COUNT: ui=3 vs wickets=1 | BOWL_R: ui=3 cb=5 | BOWL_O: ui=0.4 cb=1

[21:59:08  iter#395]
  UI: Rajasthan Royals 94-1 (None)  str=Yashasvi Jaiswal nstr=Dhruv Jurel  bowl=Yuzvendra Chahal 0-4 (0.5)
  this_over=['W', 'Wd']  fow=3 (unk=0)  last_fow={'wicket': 3, 'batter': 'Prabhsimran Singh', 'score': 144, 'overs': '14.0', 'bowler': 'Ravindra Jadeja', 'how': None, '_unwitnessed': False}
  delivery: len=short_of_length line=outside_off shot=in_the_air [layer2]
  extras: this_over=3 innings=31 [w2/nb1/b0/lb0]
  extras_log: [{'over': '4.4', 'type': 'wide', 'runs': 1, 'this_over_after': []}, {'over': '19.5', 'type': 'no_ball', 'runs': 1, 'this_over_after': []}, {'over': None, 'type': 'wide', 'runs': 1, 'this_over_after': []}]
  CB: RR 95-1 (8)  crr=11.88  ps=44(28)  recent=1 1 1 0 1 1
  CB BAT: Yashasvi Jaiswal* 38(18), Dhruv Jurel 13(14)
  CB BOWL: Yuzvendra Chahal 0-5 (1)
  LAST WKT: Vaibhav Sooryavanshi  c Shreyas Iyer b Arshdeep Singh 43(16)  - 51/1 in 3.2 ov.
  ⚠ DIVERGENCE: SCORE: ui=94 cb=95 | BAT_jaiswal: ui=37(17) cb=38(18) | FOW_COUNT: ui=3 vs wickets=1 | BOWL_R: ui=4 cb=5 | BOWL_O: ui=0.5 cb=1

[21:59:32  iter#396]
  WS ERR: ''
  CB: RR 95-1 (8)  crr=11.88  ps=44(28)  recent=1 1 1 0 1 1
  CB BAT: Yashasvi Jaiswal* 38(18), Dhruv Jurel 13(14)
  CB BOWL: Yuzvendra Chahal 0-5 (1)
  LAST WKT: Vaibhav Sooryavanshi  c Shreyas Iyer b Arshdeep Singh 43(16)  - 51/1 in 3.2 ov.
  ⚠ DIVERGENCE: BATTERS_MISSING_IN_UI: {'jaiswal', 'jurel'} (ui=set(), cb={'jaiswal', 'jurel'}) | BOWLER: ui=None cb=Yuzvendra Chahal

[21:59:52  iter#397]
  UI: Rajasthan Royals 95-1 (None)  str=Yashasvi Jaiswal nstr=Dhruv Jurel  bowl=Yuzvendra Chahal 0-5 (1)
  this_over=['W', 'Wd', 'Wd']  fow=3 (unk=0)  last_fow={'wicket': 3, 'batter': 'Prabhsimran Singh', 'score': 144, 'overs': '14.0', 'bowler': 'Ravindra Jadeja', 'how': None, '_unwitnessed': False}
  delivery: len=short_of_length line=outside_off shot=in_the_air [layer2]
  extras: this_over=4 innings=32 [w3/nb1/b0/lb0]
  extras_log: [{'over': '19.5', 'type': 'no_ball', 'runs': 1, 'this_over_after': []}, {'over': None, 'type': 'wide', 'runs': 1, 'this_over_after': []}, {'over': None, 'type': 'wide', 'runs': 1, 'this_over_after': []}]
  CB: RR 97-1 (8.2)  crr=11.64  ps=46(30)  recent=1 1
  CB BAT: Yashasvi Jaiswal* 39(19), Dhruv Jurel 14(15)
  CB BOWL: Yuzvendra Chahal 0-5 (1)
  LAST WKT: Vaibhav Sooryavanshi  c Shreyas Iyer b Arshdeep Singh 43(16)  - 51/1 in 3.2 ov.
  ⚠ DIVERGENCE: SCORE: ui=95 cb=97 | BAT_jaiswal: ui=38(18) cb=39(19) | BAT_jurel: ui=13(14) cb=14(15) | FOW_COUNT: ui=3 vs wickets=1

[22:00:15  iter#398]
  UI: Rajasthan Royals 96-1 (None)  str=Yashasvi Jaiswal nstr=Dhruv Jurel  bowl=Yuzvendra Chahal 0-5 (1)
  this_over=['W', 'Wd', 'Wd']  fow=3 (unk=0)  last_fow={'wicket': 3, 'batter': 'Prabhsimran Singh', 'score': 144, 'overs': '14.0', 'bowler': 'Ravindra Jadeja', 'how': None, '_unwitnessed': False}
  delivery: len=short_of_length line=outside_off shot=in_the_air [layer2]
  extras: this_over=4 innings=32 [w3/nb1/b0/lb0]
  extras_log: [{'over': '19.5', 'type': 'no_ball', 'runs': 1, 'this_over_after': []}, {'over': None, 'type': 'wide', 'runs': 1, 'this_over_after': []}, {'over': None, 'type': 'wide', 'runs': 1, 'this_over_after': []}]
  CB: RR 97-1 (8.2)  crr=11.64  ps=46(30)  recent=1 1
  CB BAT: Yashasvi Jaiswal* 39(19), Dhruv Jurel 14(15)
  CB BOWL: Yuzvendra Chahal 0-5 (1)
  LAST WKT: Vaibhav Sooryavanshi  c Shreyas Iyer b Arshdeep Singh 43(16)  - 51/1 in 3.2 ov.
  ⚠ DIVERGENCE: SCORE: ui=96 cb=97 | BAT_jurel: ui=13(14) cb=14(15) | FOW_COUNT: ui=3 vs wickets=1

[22:00:39  iter#399]
  UI: Rajasthan Royals 97-1 (None)  str=Yashasvi Jaiswal nstr=Dhruv Jurel  bowl=Yuzvendra Chahal 0-5 (1)
  this_over=['W', 'Wd', 'Wd', 'Wd+1']  fow=3 (unk=0)  last_fow={'wicket': 3, 'batter': 'Prabhsimran Singh', 'score': 144, 'overs': '14.0', 'bowler': 'Ravindra Jadeja', 'how': None, '_unwitnessed': False}
  delivery: len=good_length line=leg_stump shot=in_the_air [layer2]
  extras: this_over=5 innings=34 [w5/nb1/b0/lb0]
  extras_log: [{'over': None, 'type': 'wide', 'runs': 1, 'this_over_after': []}, {'over': None, 'type': 'wide', 'runs': 1, 'this_over_after': []}, {'over': None, 'type': 'wide', 'runs': 2, 'this_over_after': []}]
  CB: RR 98-1 (8.4)  crr=11.31  ps=47(32)  recent=1 1 1 0
  CB BAT: Dhruv Jurel* 14(16), Yashasvi Jaiswal 40(20)
  CB BOWL: Yuzvendra Chahal 0-5 (1)
  LAST WKT: Vaibhav Sooryavanshi  c Shreyas Iyer b Arshdeep Singh 43(16)  - 51/1 in 3.2 ov.
  ⚠ DIVERGENCE: SCORE: ui=97 cb=98 | STRIKER: ui=Yashasvi Jaiswal cb=Dhruv Jurel | BAT_jurel: ui=14(15) cb=14(16) | BAT_jaiswal: ui=39(19) cb=40(20) | FOW_COUNT: ui=3 vs wickets=1

[22:01:01  iter#400]
  UI: Rajasthan Royals 98-1 (None)  str=Yashasvi Jaiswal nstr=Dhruv Jurel  bowl=Yuzvendra Chahal 0-5 (1)
  this_over=['W', 'Wd', 'Wd', 'Wd+1', 'Wd']  fow=3 (unk=0)  last_fow={'wicket': 3, 'batter': 'Prabhsimran Singh', 'score': 144, 'overs': '14.0', 'bowler': 'Ravindra Jadeja', 'how': None, '_unwitnessed': False}
  delivery: len=good_length line=leg_stump shot=in_the_air [layer2]
  extras: this_over=6 innings=35 [w6/nb1/b0/lb0]
  extras_log: [{'over': None, 'type': 'wide', 'runs': 1, 'this_over_after': []}, {'over': None, 'type': 'wide', 'runs': 2, 'this_over_after': []}, {'over': None, 'type': 'wide', 'runs': 1, 'this_over_after': []}]
  CB: RR 99-1 (8.5)  crr=11.21  ps=48(33)  recent=1 1 1 0 1
  CB BAT: Yashasvi Jaiswal* 40(20), Dhruv Jurel 15(17)
  CB BOWL: Yuzvendra Chahal 0-5 (1)
  LAST WKT: Vaibhav Sooryavanshi  c Shreyas Iyer b Arshdeep Singh 43(16)  - 51/1 in 3.2 ov.
  ⚠ DIVERGENCE: SCORE: ui=98 cb=99 | BAT_jurel: ui=14(15) cb=15(17) | FOW_COUNT: ui=3 vs wickets=1

[22:01:24  iter#401]
  UI: Rajasthan Royals 99-1 (None)  str=Yashasvi Jaiswal nstr=Dhruv Jurel  bowl=Yuzvendra Chahal 0-5 (1)
  this_over=['W', 'Wd', 'Wd', 'Wd+1', 'Wd', 'Wd']  fow=3 (unk=0)  last_fow={'wicket': 3, 'batter': 'Prabhsimran Singh', 'score': 144, 'overs': '14.0', 'bowler': 'Ravindra Jadeja', 'how': None, '_unwitnessed': False}
  delivery: len=good_length line=outside_off shot=in_the_air [layer2]
  extras: this_over=7 innings=36 [w7/nb1/b0/lb0]
  extras_log: [{'over': None, 'type': 'wide', 'runs': 2, 'this_over_after': []}, {'over': None, 'type': 'wide', 'runs': 1, 'this_over_after': []}, {'over': None, 'type': 'wide', 'runs': 1, 'this_over_after': []}]
  CB: RR 99-1 (8.5)  crr=11.21  ps=48(33)  recent=1 1 1 0 1
  CB BAT: Yashasvi Jaiswal* 40(20), Dhruv Jurel 15(17)
  CB BOWL: Yuzvendra Chahal 0-5 (1)
  LAST WKT: Vaibhav Sooryavanshi  c Shreyas Iyer b Arshdeep Singh 43(16)  - 51/1 in 3.2 ov.
  ⚠ DIVERGENCE: FOW_COUNT: ui=3 vs wickets=1

[22:01:49  iter#402]
  WS ERR: ''
  CB: RR 103-1 (9)  crr=11.44  ps=52(34)  recent=1 1 1 0 1 4
  CB BAT: Dhruv Jurel* 15(17), Yashasvi Jaiswal 44(21)
  CB BOWL: Harpreet Brar 0-16 (3)
  LAST WKT: Vaibhav Sooryavanshi  c Shreyas Iyer b Arshdeep Singh 43(16)  - 51/1 in 3.2 ov.
  ⚠ DIVERGENCE: BATTERS_MISSING_IN_UI: {'jaiswal', 'jurel'} (ui=set(), cb={'jaiswal', 'jurel'}) | BOWLER: ui=None cb=Harpreet Brar

[22:02:12  iter#403]
  UI: Rajasthan Royals 103-1 (None)  str=Yashasvi Jaiswal nstr=Dhruv Jurel  bowl=Yuzvendra Chahal 0-5 (1)
  this_over=['W', 'Wd', 'Wd', 'Wd+1', 'Wd', 'Wd', 'Wd+3']  fow=3 (unk=0)  last_fow={'wicket': 3, 'batter': 'Prabhsimran Singh', 'score': 144, 'overs': '14.0', 'bowler': 'Ravindra Jadeja', 'how': None, '_unwitnessed': False}
  delivery: len=short_of_length line=outside_off shot=in_the_air [layer2]
  extras: this_over=8 innings=40 [w11/nb1/b0/lb0]
  extras_log: [{'over': None, 'type': 'wide', 'runs': 1, 'this_over_after': []}, {'over': None, 'type': 'wide', 'runs': 1, 'this_over_after': []}, {'over': None, 'type': 'wide', 'runs': 4, 'this_over_after': []}]
  CB: RR 103-1 (9.1)  crr=11.24  ps=52(35)  recent=0
  CB BAT: Dhruv Jurel* 15(18), Yashasvi Jaiswal 44(21)
  CB BOWL: Harpreet Brar 0-16 (3)
  LAST WKT: Vaibhav Sooryavanshi  c Shreyas Iyer b Arshdeep Singh 43(16)  - 51/1 in 3.2 ov.
  ⚠ DIVERGENCE: STRIKER: ui=Yashasvi Jaiswal cb=Dhruv Jurel | BAT_jurel: ui=15(17) cb=15(18) | FOW_COUNT: ui=3 vs wickets=1 | BOWLER: ui=Yuzvendra Chahal cb=Harpreet Brar

[22:02:33  iter#404]
  UI: Rajasthan Royals 103-1 (None)  str=Yashasvi Jaiswal nstr=Dhruv Jurel  bowl=Yuzvendra Chahal 0-5 (1)
  this_over=['W', 'Wd', 'Wd', 'Wd+1', 'Wd', 'Wd', 'Wd+3']  fow=3 (unk=0)  last_fow={'wicket': 3, 'batter': 'Prabhsimran Singh', 'score': 144, 'overs': '14.0', 'bowler': 'Ravindra Jadeja', 'how': None, '_unwitnessed': False}
  delivery: len=short_of_length line=leg_stump shot=in_the_air [layer2]
  extras: this_over=8 innings=40 [w11/nb1/b0/lb0]
  extras_log: [{'over': None, 'type': 'wide', 'runs': 1, 'this_over_after': []}, {'over': None, 'type': 'wide', 'runs': 1, 'this_over_after': []}, {'over': None, 'type': 'wide', 'runs': 4, 'this_over_after': []}]
  CB: RR 104-1 (9.2)  crr=11.14  ps=53(36)  recent=0 1
  CB BAT: Yashasvi Jaiswal* 44(21), Dhruv Jurel 16(19)
  CB BOWL: Harpreet Brar 0-16 (3)
  LAST WKT: Vaibhav Sooryavanshi  c Shreyas Iyer b Arshdeep Singh 43(16)  - 51/1 in 3.2 ov.
  ⚠ DIVERGENCE: SCORE: ui=103 cb=104 | BAT_jurel: ui=15(17) cb=16(19) | FOW_COUNT: ui=3 vs wickets=1 | BOWLER: ui=Yuzvendra Chahal cb=Harpreet Brar

[22:02:55  iter#405]
  UI: Rajasthan Royals 103-1 (None)  str=Yashasvi Jaiswal nstr=Dhruv Jurel  bowl=Yuzvendra Chahal 0-5 (1)
  this_over=['W', 'Wd', 'Wd', 'Wd+1', 'Wd', 'Wd', 'Wd+3']  fow=3 (unk=0)  last_fow={'wicket': 3, 'batter': 'Prabhsimran Singh', 'score': 144, 'overs': '14.0', 'bowler': 'Ravindra Jadeja', 'how': None, '_unwitnessed': False}
  delivery: len=short_of_length line=leg_stump shot=in_the_air [layer2]
  extras: this_over=8 innings=40 [w11/nb1/b0/lb0]
  extras_log: [{'over': None, 'type': 'wide', 'runs': 1, 'this_over_after': []}, {'over': None, 'type': 'wide', 'runs': 1, 'this_over_after': []}, {'over': None, 'type': 'wide', 'runs': 4, 'this_over_after': []}]
  CB: RR 104-1 (9.2)  crr=11.14  ps=53(36)  recent=0 1
  CB BAT: Yashasvi Jaiswal* 44(21), Dhruv Jurel 16(19)
  CB BOWL: Harpreet Brar 0-16 (3)
  LAST WKT: Vaibhav Sooryavanshi  c Shreyas Iyer b Arshdeep Singh 43(16)  - 51/1 in 3.2 ov.
  ⚠ DIVERGENCE: SCORE: ui=103 cb=104 | BAT_jurel: ui=15(18) cb=16(19) | FOW_COUNT: ui=3 vs wickets=1 | BOWLER: ui=Yuzvendra Chahal cb=Harpreet Brar

[22:03:16  iter#406]
  UI: Rajasthan Royals 104-1 (None)  str=Yashasvi Jaiswal nstr=Dhruv Jurel  bowl=Yuzvendra Chahal 0-5 (1)
  this_over=['W', 'Wd', 'Wd', 'Wd+1', 'Wd', 'Wd', 'Wd+3', 'Wd']  fow=3 (unk=0)  last_fow={'wicket': 3, 'batter': 'Prabhsimran Singh', 'score': 144, 'overs': '14.0', 'bowler': 'Ravindra Jadeja', 'how': None, '_unwitnessed': False}
  delivery: len=short_of_length line=leg_stump shot=in_the_air [layer2]
  extras: this_over=9 innings=41 [w12/nb1/b0/lb0]
  extras_log: [{'over': None, 'type': 'wide', 'runs': 1, 'this_over_after': []}, {'over': None, 'type': 'wide', 'runs': 4, 'this_over_after': []}, {'over': None, 'type': 'wide', 'runs': 1, 'this_over_after': []}]
  CB: RR 104-1 (9.2)  crr=11.14  ps=53(36)  recent=0 1
  CB BAT: Yashasvi Jaiswal* 44(21), Dhruv Jurel 16(19)
  CB BOWL: Harpreet Brar 0-16 (3)
  LAST WKT: Vaibhav Sooryavanshi  c Shreyas Iyer b Arshdeep Singh 43(16)  - 51/1 in 3.2 ov.
  ⚠ DIVERGENCE: FOW_COUNT: ui=3 vs wickets=1 | BOWLER: ui=Yuzvendra Chahal cb=Harpreet Brar

[22:03:38  iter#407]
  UI: Rajasthan Royals 105-1 (None)  str=Yashasvi Jaiswal nstr=Dhruv Jurel  bowl=Yuzvendra Chahal 0-7 (1.3)
  this_over=['W', 'Wd', 'Wd', 'Wd+1', 'Wd', 'Wd', 'Wd+3', 'Wd', 'Wd']  fow=3 (unk=0)  last_fow={'wicket': 3, 'batter': 'Prabhsimran Singh', 'score': 144, 'overs': '14.0', 'bowler': 'Ravindra Jadeja', 'how': None, '_unwitnessed': False}
  delivery: len=good_length line=outside_off shot=in_the_air [layer2]
  extras: this_over=10 innings=42 [w13/nb1/b0/lb0]
  extras_log: [{'over': None, 'type': 'wide', 'runs': 4, 'this_over_after': []}, {'over': None, 'type': 'wide', 'runs': 1, 'this_over_after': []}, {'over': None, 'type': 'wide', 'runs': 1, 'this_over_after': []}]
  CB: RR 105-1 (9.3)  crr=11.05  ps=54(37)  recent=0 1 1
  CB BAT: Dhruv Jurel* 16(19), Yashasvi Jaiswal 45(22)
  CB BOWL: Harpreet Brar 0-16 (3)
  LAST WKT: Vaibhav Sooryavanshi  c Shreyas Iyer b Arshdeep Singh 43(16)  - 51/1 in 3.2 ov.
  ⚠ DIVERGENCE: STRIKER: ui=Yashasvi Jaiswal cb=Dhruv Jurel | FOW_COUNT: ui=3 vs wickets=1 | BOWLER: ui=Yuzvendra Chahal cb=Harpreet Brar

[22:04:01  iter#408]
  UI: Rajasthan Royals 105-1 (None)  str=Yashasvi Jaiswal nstr=Dhruv Jurel  bowl=Yuzvendra Chahal 0-7 (1.3)
  this_over=['W', 'Wd', 'Wd', 'Wd+1', 'Wd', 'Wd', 'Wd+3', 'Wd', 'Wd']  fow=3 (unk=0)  last_fow={'wicket': 3, 'batter': 'Prabhsimran Singh', 'score': 144, 'overs': '14.0', 'bowler': 'Ravindra Jadeja', 'how': None, '_unwitnessed': False}
  delivery: len=good_length line=leg_stump shot=in_the_air [layer2]
  extras: this_over=10 innings=42 [w13/nb1/b0/lb0]
  extras_log: [{'over': None, 'type': 'wide', 'runs': 4, 'this_over_after': []}, {'over': None, 'type': 'wide', 'runs': 1, 'this_over_after': []}, {'over': None, 'type': 'wide', 'runs': 1, 'this_over_after': []}]
  CB: RR 105-2 (9.4)  crr=10.86  ps=54(38)  recent=0 1 1 W
  CB BAT: Yashasvi Jaiswal* 45(22), Harpreet Brar 3(0)
  CB BOWL: Harpreet Brar 0-16 (3)
  LAST WKT: Dhruv Jurel  c Marco Jansen b Yuzvendra Chahal 16(20)  - 105/2 in 9.4 ov.
  ⚠ DIVERGENCE: WICKETS: ui=1 cb=2 | BATTERS_MISSING_IN_UI: {'brar'} (ui={'jaiswal', 'jurel'}, cb={'jaiswal', 'brar'}) | FOW_COUNT: ui=3 vs wickets=1 | BOWLER: ui=Yuzvendra Chahal cb=Harpreet Brar

[22:04:25  iter#409]
  WS ERR: ''
  CB: RR 105-2 (9.4)  crr=10.86  ps=54(38)  recent=0 1 1 W
  CB BAT: Yashasvi Jaiswal* 45(22), Harpreet Brar 3(0)
  CB BOWL: Harpreet Brar 0-16 (3)
  LAST WKT: Dhruv Jurel  c Marco Jansen b Yuzvendra Chahal 16(20)  - 105/2 in 9.4 ov.
  ⚠ DIVERGENCE: BATTERS_MISSING_IN_UI: {'jaiswal', 'brar'} (ui=set(), cb={'jaiswal', 'brar'}) | BOWLER: ui=None cb=Harpreet Brar

[22:04:47  iter#410]
  UI: Rajasthan Royals 105-1 (None)  str=Yashasvi Jaiswal nstr=Dhruv Jurel  bowl=Yuzvendra Chahal 0-7 (1.3)
  this_over=['W', 'Wd', 'Wd', 'Wd+1', 'Wd', 'Wd', 'Wd+3', 'Wd', 'Wd']  fow=3 (unk=0)  last_fow={'wicket': 3, 'batter': 'Prabhsimran Singh', 'score': 144, 'overs': '14.0', 'bowler': 'Ravindra Jadeja', 'how': None, '_unwitnessed': False}
  delivery: len=good_length line=leg_stump shot=in_the_air [layer2]
  extras: this_over=10 innings=42 [w13/nb1/b0/lb0]
  extras_log: [{'over': None, 'type': 'wide', 'runs': 4, 'this_over_after': []}, {'over': None, 'type': 'wide', 'runs': 1, 'this_over_after': []}, {'over': None, 'type': 'wide', 'runs': 1, 'this_over_after': []}]
  CB: RR 105-2 (9.4)  crr=10.86  ps=54(38)  recent=0 1 1 W
  CB BAT: Yashasvi Jaiswal* 45(22), Harpreet Brar 3(0)
  CB BOWL: Harpreet Brar 0-16 (3)
  LAST WKT: Dhruv Jurel  c Marco Jansen b Yuzvendra Chahal 16(20)  - 105/2 in 9.4 ov.
  ⚠ DIVERGENCE: WICKETS: ui=1 cb=2 | BATTERS_MISSING_IN_UI: {'brar'} (ui={'jaiswal', 'jurel'}, cb={'jaiswal', 'brar'}) | FOW_COUNT: ui=3 vs wickets=1 | BOWLER: ui=Yuzvendra Chahal cb=Harpreet Brar

[22:05:09  iter#411]
  UI: Rajasthan Royals 105-1 (None)  str=Yashasvi Jaiswal nstr=Dhruv Jurel  bowl=Yuzvendra Chahal 0-7 (1.3)
  this_over=['W', 'Wd', 'Wd', 'Wd+1', 'Wd', 'Wd', 'Wd+3', 'Wd', 'Wd']  fow=3 (unk=0)  last_fow={'wicket': 3, 'batter': 'Prabhsimran Singh', 'score': 144, 'overs': '14.0', 'bowler': 'Ravindra Jadeja', 'how': None, '_unwitnessed': False}
  delivery: len=good_length line=leg_stump shot=in_the_air [layer2]
  extras: this_over=10 innings=42 [w13/nb1/b0/lb0]
  extras_log: [{'over': None, 'type': 'wide', 'runs': 4, 'this_over_after': []}, {'over': None, 'type': 'wide', 'runs': 1, 'this_over_after': []}, {'over': None, 'type': 'wide', 'runs': 1, 'this_over_after': []}]
  CB: RR 105-2 (9.4)  crr=10.86  ps=54(38)  recent=0 1 1 W
  CB BAT: Yashasvi Jaiswal* 45(22), Harpreet Brar 3(0)
  CB BOWL: Harpreet Brar 0-16 (3)
  LAST WKT: Dhruv Jurel  c Marco Jansen b Yuzvendra Chahal 16(20)  - 105/2 in 9.4 ov.
  ⚠ DIVERGENCE: WICKETS: ui=1 cb=2 | BATTERS_MISSING_IN_UI: {'brar'} (ui={'jaiswal', 'jurel'}, cb={'jaiswal', 'brar'}) | FOW_COUNT: ui=3 vs wickets=1 | BOWLER: ui=Yuzvendra Chahal cb=Harpreet Brar

[22:05:30  iter#412]
  UI: Rajasthan Royals 105-1 (None)  str=Yashasvi Jaiswal nstr=Dhruv Jurel  bowl=Yuzvendra Chahal 0-7 (1.3)
  this_over=['W', 'Wd', 'Wd', 'Wd+1', 'Wd', 'Wd', 'Wd+3', 'Wd', 'Wd']  fow=3 (unk=0)  last_fow={'wicket': 3, 'batter': 'Prabhsimran Singh', 'score': 144, 'overs': '14.0', 'bowler': 'Ravindra Jadeja', 'how': None, '_unwitnessed': False}
  delivery: len=good_length line=leg_stump shot=in_the_air [layer2]
  extras: this_over=10 innings=42 [w13/nb1/b0/lb0]
  extras_log: [{'over': None, 'type': 'wide', 'runs': 4, 'this_over_after': []}, {'over': None, 'type': 'wide', 'runs': 1, 'this_over_after': []}, {'over': None, 'type': 'wide', 'runs': 1, 'this_over_after': []}]
  CB: RR 105-2 (9.4)  crr=10.86  ps=54(38)  recent=0 1 1 W
  CB BAT: Yashasvi Jaiswal* 45(22), Harpreet Brar 3(0)
  CB BOWL: Harpreet Brar 0-16 (3)
  LAST WKT: Dhruv Jurel  c Marco Jansen b Yuzvendra Chahal 16(20)  - 105/2 in 9.4 ov.
  ⚠ DIVERGENCE: WICKETS: ui=1 cb=2 | BATTERS_MISSING_IN_UI: {'brar'} (ui={'jaiswal', 'jurel'}, cb={'jaiswal', 'brar'}) | FOW_COUNT: ui=3 vs wickets=1 | BOWLER: ui=Yuzvendra Chahal cb=Harpreet Brar

[22:05:54  iter#413]
  UI: Rajasthan Royals 105-2 (None)  str=Dhruv Jurel nstr=None  bowl=Yuzvendra Chahal 0-7 (1.3)
  this_over=['W', 'Wd', 'Wd', 'Wd+1', 'Wd', 'Wd', 'Wd+3', 'Wd', 'Wd', 'W']  fow=3 (unk=0)  last_fow={'wicket': 3, 'batter': 'Prabhsimran Singh', 'score': 144, 'overs': '14.0', 'bowler': 'Ravindra Jadeja', 'how': None, '_unwitnessed': False}
  delivery: len=good_length line=leg_stump shot=in_the_air [layer2]
  extras: this_over=10 innings=42 [w13/nb1/b0/lb0]
  extras_log: [{'over': None, 'type': 'wide', 'runs': 4, 'this_over_after': []}, {'over': None, 'type': 'wide', 'runs': 1, 'this_over_after': []}, {'over': None, 'type': 'wide', 'runs': 1, 'this_over_after': []}]
  CB: RR 105-2 (9.4)  crr=10.86  ps=54(38)  recent=0 1 1 W
  CB BAT: Yashasvi Jaiswal* 45(22), Harpreet Brar 3(0)
  CB BOWL: Harpreet Brar 0-16 (3)
  LAST WKT: Dhruv Jurel  c Marco Jansen b Yuzvendra Chahal 16(20)  - 105/2 in 9.4 ov.
  ⚠ DIVERGENCE: STRIKER: ui=Dhruv Jurel cb=Yashasvi Jaiswal | BATTERS_MISSING_IN_UI: {'jaiswal', 'brar'} (ui={'jurel'}, cb={'jaiswal', 'brar'}) | FOW_COUNT: ui=3 vs wickets=2 | BOWLER: ui=Yuzvendra Chahal cb=Harpreet Brar

[22:06:16  iter#414]
  UI: Rajasthan Royals 105-2 (None)  str=Dhruv Jurel nstr=None  bowl=Yuzvendra Chahal 0-7 (1.3)
  this_over=['W', 'Wd', 'Wd', 'Wd+1', 'Wd', 'Wd', 'Wd+3', 'Wd', 'Wd', 'W']  fow=3 (unk=0)  last_fow={'wicket': 3, 'batter': 'Prabhsimran Singh', 'score': 144, 'overs': '14.0', 'bowler': 'Ravindra Jadeja', 'how': None, '_unwitnessed': False}
  delivery: len=short_of_length line=leg_stump shot=in_the_air [layer2]
  extras: this_over=10 innings=42 [w13/nb1/b0/lb0]
  extras_log: [{'over': None, 'type': 'wide', 'runs': 4, 'this_over_after': []}, {'over': None, 'type': 'wide', 'runs': 1, 'this_over_after': []}, {'over': None, 'type': 'wide', 'runs': 1, 'this_over_after': []}]
  CB: RR 105-2 (9.4)  crr=10.86  ps=0(0)  recent=... 1 1
  CB BAT: Riyan Parag* 0(0), Yashasvi Jaiswal 45(22)
  CB BOWL: Harpreet Brar 0-16 (3)
  LAST WKT: Dhruv Jurel  c Marco Jansen b Yuzvendra Chahal 16(20)  - 105/2 in 9.4 ov.
  ⚠ DIVERGENCE: STRIKER: ui=Dhruv Jurel cb=Riyan Parag | BATTERS_MISSING_IN_UI: {'jaiswal', 'parag'} (ui={'jurel'}, cb={'jaiswal', 'parag'}) | FOW_COUNT: ui=3 vs wickets=2 | BOWLER: ui=Yuzvendra Chahal cb=Harpreet Brar

[22:06:40  iter#415]
  WS ERR: ''
  CB: RR 105-2 (9.4)  crr=10.86  ps=0(0)  recent=... 1 1
  CB BAT: Riyan Parag* 0(0), Yashasvi Jaiswal 45(22)
  CB BOWL: Harpreet Brar 0-16 (3)
  LAST WKT: Dhruv Jurel  c Marco Jansen b Yuzvendra Chahal 16(20)  - 105/2 in 9.4 ov.
  ⚠ DIVERGENCE: BATTERS_MISSING_IN_UI: {'jaiswal', 'parag'} (ui=set(), cb={'jaiswal', 'parag'}) | BOWLER: ui=None cb=Harpreet Brar

[22:07:03  iter#416]
  UI: Rajasthan Royals 105-2 (None)  str=Yashasvi Jaiswal nstr=Dhruv Jurel  bowl=Yuzvendra Chahal 1-7 (1.5)
  this_over=['W', 'Wd', 'Wd', 'Wd+1', 'Wd', 'Wd', 'Wd+3', 'Wd', 'Wd', 'W']  fow=3 (unk=0)  last_fow={'wicket': 3, 'batter': 'Prabhsimran Singh', 'score': 144, 'overs': '14.0', 'bowler': 'Ravindra Jadeja', 'how': None, '_unwitnessed': False}
  delivery: len=short_of_length line=leg_stump shot=in_the_air [layer2]
  extras: this_over=10 innings=42 [w13/nb1/b0/lb0]
  extras_log: [{'over': None, 'type': 'wide', 'runs': 4, 'this_over_after': []}, {'over': None, 'type': 'wide', 'runs': 1, 'this_over_after': []}, {'over': None, 'type': 'wide', 'runs': 1, 'this_over_after': []}]
  CB: RR 109-2 (10)  crr=10.9  ps=4(2)  recent=0 1 1 W 0 4
  CB BAT: Yashasvi Jaiswal* 45(22), Riyan Parag 4(2)
  CB BOWL: Yuzvendra Chahal 1-11 (2)
  LAST WKT: Dhruv Jurel  c Marco Jansen b Yuzvendra Chahal 16(20)  - 105/2 in 9.4 ov.
  ⚠ DIVERGENCE: SCORE: ui=105 cb=109 | BATTERS_MISSING_IN_UI: {'parag'} (ui={'jaiswal', 'jurel'}, cb={'jaiswal', 'parag'}) | FOW_COUNT: ui=3 vs wickets=2 | BOWL_R: ui=7 cb=11 | BOWL_O: ui=1.5 cb=2

[22:07:28  iter#417]
  WS ERR: ''
  CB: RR 109-2 (10)  crr=10.9  ps=4(2)  recent=0 1 1 W 0 4
  CB BAT: Yashasvi Jaiswal* 45(22), Riyan Parag 4(2)
  CB BOWL: Yuzvendra Chahal 1-11 (2)
  LAST WKT: Dhruv Jurel  c Marco Jansen b Yuzvendra Chahal 16(20)  - 105/2 in 9.4 ov.
  ⚠ DIVERGENCE: BATTERS_MISSING_IN_UI: {'jaiswal', 'parag'} (ui=set(), cb={'jaiswal', 'parag'}) | BOWLER: ui=None cb=Yuzvendra Chahal

[22:07:52  iter#418]
  WS ERR: ''
  CB: RR 110-2 (10.1)  crr=10.82  ps=5(3)  recent=1
  CB BAT: Riyan Parag* 4(2), Yashasvi Jaiswal 46(23)
  CB BOWL: Yuzvendra Chahal 1-11 (2)
  LAST WKT: Dhruv Jurel  c Marco Jansen b Yuzvendra Chahal 16(20)  - 105/2 in 9.4 ov.
  ⚠ DIVERGENCE: BATTERS_MISSING_IN_UI: {'jaiswal', 'parag'} (ui=set(), cb={'jaiswal', 'parag'}) | BOWLER: ui=None cb=Yuzvendra Chahal

[22:08:17  iter#419]
  WS ERR: ''
  CB: RR 111-2 (10.2)  crr=10.74  ps=6(4)  recent=1 1
  CB BAT: Yashasvi Jaiswal* 46(23), Riyan Parag 5(3)
  CB BOWL: Yuzvendra Chahal 1-11 (2)
  LAST WKT: Dhruv Jurel  c Marco Jansen b Yuzvendra Chahal 16(20)  - 105/2 in 9.4 ov.
  ⚠ DIVERGENCE: BATTERS_MISSING_IN_UI: {'jaiswal', 'parag'} (ui=set(), cb={'jaiswal', 'parag'}) | BOWLER: ui=None cb=Yuzvendra Chahal

[22:08:41  iter#420]
  WS ERR: ''
  CB: RR 111-2 (10.3)  crr=10.57  ps=6(5)  recent=1 1 0
  CB BAT: Yashasvi Jaiswal* 46(24), Riyan Parag 5(3)
  CB BOWL: Yuzvendra Chahal 1-11 (2)
  LAST WKT: Dhruv Jurel  c Marco Jansen b Yuzvendra Chahal 16(20)  - 105/2 in 9.4 ov.
  ⚠ DIVERGENCE: BATTERS_MISSING_IN_UI: {'jaiswal', 'parag'} (ui=set(), cb={'jaiswal', 'parag'}) | BOWLER: ui=None cb=Yuzvendra Chahal

[22:09:03  iter#421]
  UI: Rajasthan Royals 111-2 (None)  str=Yashasvi Jaiswal nstr=Dhruv Jurel  bowl=Harpreet Brar 0-17 (3.1)
  this_over=['W', 'Wd', 'Wd', 'Wd+1', 'Wd', 'Wd', 'Wd+3', 'Wd', 'Wd', 'W', 'Nb+3', 'Wd']  fow=3 (unk=0)  last_fow={'wicket': 3, 'batter': 'Prabhsimran Singh', 'score': 144, 'overs': '14.0', 'bowler': 'Ravindra Jadeja', 'how': None, '_unwitnessed': False}
  delivery: len=short_of_length line=leg_stump shot=in_the_air [layer2]
  extras: this_over=13 innings=45 [w15/nb2/b0/lb0]
  extras_log: [{'over': None, 'type': 'no_ball', 'runs': 1, 'this_over_after': []}, {'over': None, 'type': 'wide', 'runs': 1, 'this_over_after': []}, {'over': None, 'type': 'wide', 'runs': 1, 'this_over_after': []}]
  CB: RR 112-2 (10.4)  crr=10.5  ps=7(6)  recent=1 1 0 1
  CB BAT: Riyan Parag* 5(3), Yashasvi Jaiswal 47(25)
  CB BOWL: Yuzvendra Chahal 1-11 (2)
  LAST WKT: Dhruv Jurel  c Marco Jansen b Yuzvendra Chahal 16(20)  - 105/2 in 9.4 ov.
  ⚠ DIVERGENCE: SCORE: ui=111 cb=112 | STRIKER: ui=Yashasvi Jaiswal cb=Riyan Parag | BATTERS_MISSING_IN_UI: {'parag'} (ui={'jaiswal', 'jurel'}, cb={'jaiswal', 'parag'}) | BAT_jaiswal: ui=46(24) cb=47(25) | FOW_COUNT: ui=3 vs wickets=2 | BOWLER: ui=Harpreet Brar cb=Yuzvendra Chahal

[22:09:28  iter#422]
  WS ERR: ''
  CB: RR 116-2 (10.5)  crr=10.71  ps=11(7)  recent=1 1 0 1 4
  CB BAT: Riyan Parag* 9(4), Yashasvi Jaiswal 47(25)
  CB BOWL: Yuzvendra Chahal 1-11 (2)
  LAST WKT: Dhruv Jurel  c Marco Jansen b Yuzvendra Chahal 16(20)  - 105/2 in 9.4 ov.
  ⚠ DIVERGENCE: BATTERS_MISSING_IN_UI: {'jaiswal', 'parag'} (ui=set(), cb={'jaiswal', 'parag'}) | BOWLER: ui=None cb=Yuzvendra Chahal

[22:09:52  iter#423]
  WS ERR: ''
  CB: RR 118-2 (11)  crr=10.73  ps=13(8)  recent=1 1 0 1 6 0
  CB BAT: Yashasvi Jaiswal* 47(25), Riyan Parag 11(5)
  CB BOWL: Harpreet Brar 0-25 (4)
  LAST WKT: Dhruv Jurel  c Marco Jansen b Yuzvendra Chahal 16(20)  - 105/2 in 9.4 ov.
  ⚠ DIVERGENCE: BATTERS_MISSING_IN_UI: {'jaiswal', 'parag'} (ui=set(), cb={'jaiswal', 'parag'}) | BOWLER: ui=None cb=Harpreet Brar

[22:10:12  iter#424]
  UI: Rajasthan Royals 118-2 (None)  str=Yashasvi Jaiswal nstr=Dhruv Jurel  bowl=Harpreet Brar 0-17 (3.1)
  this_over=['W', 'Wd', 'Wd', 'Wd+1', 'Wd', 'Wd', 'Wd+3', 'Wd', 'Wd', 'W', 'Nb+3', 'Wd']  fow=3 (unk=0)  last_fow={'wicket': 3, 'batter': 'Prabhsimran Singh', 'score': 144, 'overs': '14.0', 'bowler': 'Ravindra Jadeja', 'how': None, '_unwitnessed': False}
  delivery: len=short_of_length line=outside_off shot=in_the_air [layer2]
  extras: this_over=15 innings=52 [w22/nb2/b0/lb0]
  extras_log: [{'over': None, 'type': 'wide', 'runs': 1, 'this_over_after': []}, {'over': None, 'type': 'wide', 'runs': 1, 'this_over_after': []}, {'over': None, 'type': 'wide', 'runs': 6, 'this_over_after': []}]
  CB: RR 118-2 (11)  crr=10.73  ps=13(8)  recent=1 1 0 1 6 0
  CB BAT: Yashasvi Jaiswal* 47(25), Riyan Parag 11(5)
  CB BOWL: Harpreet Brar 0-25 (4)
  LAST WKT: Dhruv Jurel  c Marco Jansen b Yuzvendra Chahal 16(20)  - 105/2 in 9.4 ov.
  ⚠ DIVERGENCE: BATTERS_MISSING_IN_UI: {'parag'} (ui={'jaiswal', 'jurel'}, cb={'jaiswal', 'parag'}) | FOW_COUNT: ui=3 vs wickets=2 | BOWL_R: ui=17 cb=25 | BOWL_O: ui=3.1 cb=4

[22:10:35  iter#425]
  UI: Rajasthan Royals 118-2 (None)  str=Yashasvi Jaiswal nstr=Dhruv Jurel  bowl=Harpreet Brar 0-17 (3.1)
  this_over=['W', 'Wd', 'Wd', 'Wd+1', 'Wd', 'Wd', 'Wd+3', 'Wd', 'Wd', 'W', 'Nb+3', 'Wd']  fow=3 (unk=0)  last_fow={'wicket': 3, 'batter': 'Prabhsimran Singh', 'score': 144, 'overs': '14.0', 'bowler': 'Ravindra Jadeja', 'how': None, '_unwitnessed': False}
  delivery: len=short_of_length line=leg_stump shot=in_the_air [layer2]
  extras: this_over=15 innings=52 [w22/nb2/b0/lb0]
  extras_log: [{'over': None, 'type': 'wide', 'runs': 1, 'this_over_after': []}, {'over': None, 'type': 'wide', 'runs': 1, 'this_over_after': []}, {'over': None, 'type': 'wide', 'runs': 6, 'this_over_after': []}]
  CB: RR 118-2 (11)  crr=10.73  ps=13(8)  recent=1 1 0 1 6 0
  CB BAT: Yashasvi Jaiswal* 47(25), Riyan Parag 11(5)
  CB BOWL: Harpreet Brar 0-25 (4)
  LAST WKT: Dhruv Jurel  c Marco Jansen b Yuzvendra Chahal 16(20)  - 105/2 in 9.4 ov.
  ⚠ DIVERGENCE: BATTERS_MISSING_IN_UI: {'parag'} (ui={'jaiswal', 'jurel'}, cb={'jaiswal', 'parag'}) | FOW_COUNT: ui=3 vs wickets=2 | BOWL_R: ui=17 cb=25 | BOWL_O: ui=3.1 cb=4

[22:10:56  iter#426]
  UI: Rajasthan Royals 122-2 (None)  str=Yashasvi Jaiswal nstr=Dhruv Jurel  bowl=Harpreet Brar 0-17 (3.1)
  this_over=['W', 'Wd', 'Wd', 'Wd+1', 'Wd', 'Wd', 'Wd+3', 'Wd', 'Wd', 'W', 'Nb+3', 'Wd']  fow=3 (unk=0)  last_fow={'wicket': 3, 'batter': 'Prabhsimran Singh', 'score': 144, 'overs': '14.0', 'bowler': 'Ravindra Jadeja', 'how': None, '_unwitnessed': False}
  delivery: len=short_of_length line=leg_stump shot=in_the_air [layer2]
  extras: this_over=16 innings=56 [w26/nb2/b0/lb0]
  extras_log: [{'over': None, 'type': 'wide', 'runs': 1, 'this_over_after': []}, {'over': None, 'type': 'wide', 'runs': 6, 'this_over_after': []}, {'over': None, 'type': 'wide', 'runs': 4, 'this_over_after': []}]
  CB: RR 123-2 (11.1)  crr=11.01  ps=18(9)  recent=4 W
  CB BAT: Yashasvi Jaiswal* 51(26), Riyan Parag 11(5)
  CB BOWL: Harpreet Brar 0-25 (4)
  LAST WKT: Dhruv Jurel  c Marco Jansen b Yuzvendra Chahal 16(20)  - 105/2 in 9.4 ov.
  ⚠ DIVERGENCE: SCORE: ui=122 cb=123 | BATTERS_MISSING_IN_UI: {'parag'} (ui={'jaiswal', 'jurel'}, cb={'jaiswal', 'parag'}) | FOW_COUNT: ui=3 vs wickets=2 | BOWL_R: ui=17 cb=25 | BOWL_O: ui=3.1 cb=4

[22:11:18  iter#427]
  UI: Rajasthan Royals 122-2 (None)  str=Yashasvi Jaiswal nstr=Dhruv Jurel  bowl=Yuzvendra Chahal 1-15 (2.1)
  this_over=['W', 'Wd', 'Wd', 'Wd+1', 'Wd', 'Wd', 'Wd+3', 'Wd', 'Wd', 'W', 'Nb+3', 'Wd']  fow=3 (unk=0)  last_fow={'wicket': 3, 'batter': 'Prabhsimran Singh', 'score': 144, 'overs': '14.0', 'bowler': 'Ravindra Jadeja', 'how': None, '_unwitnessed': False}
  delivery: len=short_of_length line=leg_stump shot=in_the_air [layer2]
  extras: this_over=16 innings=56 [w26/nb2/b0/lb0]
  extras_log: [{'over': None, 'type': 'wide', 'runs': 1, 'this_over_after': []}, {'over': None, 'type': 'wide', 'runs': 6, 'this_over_after': []}, {'over': None, 'type': 'wide', 'runs': 4, 'this_over_after': []}]
  CB: RR 123-2 (11.1)  crr=11.01  ps=18(9)  recent=4 W
  CB BAT: Yashasvi Jaiswal* 51(26), Riyan Parag 11(5)
  CB BOWL: Harpreet Brar 0-25 (4)
  LAST WKT: Dhruv Jurel  c Marco Jansen b Yuzvendra Chahal 16(20)  - 105/2 in 9.4 ov.
  ⚠ DIVERGENCE: SCORE: ui=122 cb=123 | BATTERS_MISSING_IN_UI: {'parag'} (ui={'jaiswal', 'jurel'}, cb={'jaiswal', 'parag'}) | FOW_COUNT: ui=3 vs wickets=2 | BOWLER: ui=Yuzvendra Chahal cb=Harpreet Brar

[22:11:42  iter#428]
  WS ERR: ''
  CB: RR 123-3 (11.2)  crr=10.85  ps=18(10)  recent=4 W
  CB BAT: Riyan Parag* 11(5), Harpreet Brar 4(0)
  CB BOWL: Harpreet Brar 0-25 (4)
  LAST WKT: Yashasvi Jaiswal  c Suryansh Shedge b Yuzvendra Chahal 51(27)  - 123/3 in 11.2 ov.
  ⚠ DIVERGENCE: BATTERS_MISSING_IN_UI: {'parag', 'brar'} (ui=set(), cb={'parag', 'brar'}) | BOWLER: ui=None cb=Harpreet Brar

[22:12:05  iter#429]
  UI: Rajasthan Royals 123-2 (None)  str=Yashasvi Jaiswal nstr=Dhruv Jurel  bowl=Yuzvendra Chahal 1-16 (2.1)
  this_over=['W', 'Wd', 'Wd', 'Wd+1', 'Wd', 'Wd', 'Wd+3', 'Wd', 'Wd', 'W', 'Nb+3', 'Wd']  fow=3 (unk=0)  last_fow={'wicket': 3, 'batter': 'Prabhsimran Singh', 'score': 144, 'overs': '14.0', 'bowler': 'Ravindra Jadeja', 'how': None, '_unwitnessed': False}
  delivery: len=short_of_length line=outside_off shot=in_the_air [layer2]
  extras: this_over=17 innings=57 [w27/nb2/b0/lb0]
  extras_log: [{'over': None, 'type': 'wide', 'runs': 6, 'this_over_after': []}, {'over': None, 'type': 'wide', 'runs': 4, 'this_over_after': []}, {'over': None, 'type': 'wide', 'runs': 1, 'this_over_after': []}]
  CB: RR 123-3 (11.2)  crr=10.85  ps=18(10)  recent=4 W
  CB BAT: Riyan Parag* 11(5), Harpreet Brar 4(0)
  CB BOWL: Harpreet Brar 0-25 (4)
  LAST WKT: Yashasvi Jaiswal  c Suryansh Shedge b Yuzvendra Chahal 51(27)  - 123/3 in 11.2 ov.
  ⚠ DIVERGENCE: WICKETS: ui=2 cb=3 | STRIKER: ui=Yashasvi Jaiswal cb=Riyan Parag | BATTERS_MISSING_IN_UI: {'parag', 'brar'} (ui={'jaiswal', 'jurel'}, cb={'parag', 'brar'}) | FOW_COUNT: ui=3 vs wickets=2 | BOWLER: ui=Yuzvendra Chahal cb=Harpreet Brar

[22:12:27  iter#430]
  UI: Rajasthan Royals 123-3 (None)  str=Yashasvi Jaiswal nstr=None  bowl=Yuzvendra Chahal 1-16 (2.1)
  this_over=['W', 'Wd', 'Wd', 'Wd+1', 'Wd', 'Wd', 'Wd+3', 'Wd', 'Wd', 'W', 'Nb+3', 'Wd']  fow=3 (unk=0)  last_fow={'wicket': 3, 'batter': 'Prabhsimran Singh', 'score': 144, 'overs': '14.0', 'bowler': 'Ravindra Jadeja', 'how': None, '_unwitnessed': False}
  delivery: len=short_of_length line=outside_off shot=in_the_air [layer2]
  extras: this_over=17 innings=57 [w27/nb2/b0/lb0]
  extras_log: [{'over': None, 'type': 'wide', 'runs': 6, 'this_over_after': []}, {'over': None, 'type': 'wide', 'runs': 4, 'this_over_after': []}, {'over': None, 'type': 'wide', 'runs': 1, 'this_over_after': []}]
  CB: RR 123-3 (11.2)  crr=10.85  ps=18(10)  recent=4 W
  CB BAT: Riyan Parag* 11(5), Harpreet Brar 4(0)
  CB BOWL: Harpreet Brar 0-25 (4)
  LAST WKT: Yashasvi Jaiswal  c Suryansh Shedge b Yuzvendra Chahal 51(27)  - 123/3 in 11.2 ov.
  ⚠ DIVERGENCE: STRIKER: ui=Yashasvi Jaiswal cb=Riyan Parag | BATTERS_MISSING_IN_UI: {'parag', 'brar'} (ui={'jaiswal'}, cb={'parag', 'brar'}) | BOWLER: ui=Yuzvendra Chahal cb=Harpreet Brar

[22:12:47  iter#431]
  UI: Rajasthan Royals 123-3 (None)  str=Yashasvi Jaiswal nstr=None  bowl=Yuzvendra Chahal 1-16 (2.1)
  this_over=['W', 'Wd', 'Wd', 'Wd+1', 'Wd', 'Wd', 'Wd+3', 'Wd', 'Wd', 'W', 'Nb+3', 'Wd']  fow=3 (unk=0)  last_fow={'wicket': 3, 'batter': 'Prabhsimran Singh', 'score': 144, 'overs': '14.0', 'bowler': 'Ravindra Jadeja', 'how': None, '_unwitnessed': False}
  delivery: len=good_length line=outside_off shot=in_the_air [layer2]
  extras: this_over=17 innings=57 [w27/nb2/b0/lb0]
  extras_log: [{'over': None, 'type': 'wide', 'runs': 6, 'this_over_after': []}, {'over': None, 'type': 'wide', 'runs': 4, 'this_over_after': []}, {'over': None, 'type': 'wide', 'runs': 1, 'this_over_after': []}]
  CB: RR 123-3 (11.2)  crr=10.85  ps=0(0)  recent=... W 0 4
  CB BAT: Donovan Ferreira* 0(0), Riyan Parag 11(5)
  CB BOWL: Harpreet Brar 0-25 (4)
  LAST WKT: Yashasvi Jaiswal  c Suryansh Shedge b Yuzvendra Chahal 51(27)  - 123/3 in 11.2 ov.
  ⚠ DIVERGENCE: STRIKER: ui=Yashasvi Jaiswal cb=Donovan Ferreira | BATTERS_MISSING_IN_UI: {'parag', 'ferreira'} (ui={'jaiswal'}, cb={'parag', 'ferreira'}) | BOWLER: ui=Yuzvendra Chahal cb=Harpreet Brar

[22:13:11  iter#432]
  WS ERR: ''
  CB: RR 124-3 (11.3)  crr=10.78  ps=1(1)  recent=4 W
  CB BAT: Riyan Parag* 11(5), Donovan Ferreira 1(1)
  CB BOWL: Harpreet Brar 0-25 (4)
  LAST WKT: Yashasvi Jaiswal  c Suryansh Shedge b Yuzvendra Chahal 51(27)  - 123/3 in 11.2 ov.
  ⚠ DIVERGENCE: BATTERS_MISSING_IN_UI: {'parag', 'ferreira'} (ui=set(), cb={'parag', 'ferreira'}) | BOWLER: ui=None cb=Harpreet Brar

[22:13:32  iter#433]
  UI: Rajasthan Royals 124-3 (None)  str=Yashasvi Jaiswal nstr=Donovan Ferreira  bowl=Yuzvendra Chahal 2-17 (2.3)
  this_over=['W', 'Wd', 'Wd', 'Wd+1', 'Wd', 'Wd', 'Wd+3', 'Wd', 'Wd', 'W', 'Nb+3', 'Wd']  fow=3 (unk=0)  last_fow={'wicket': 3, 'batter': 'Prabhsimran Singh', 'score': 144, 'overs': '14.0', 'bowler': 'Ravindra Jadeja', 'how': None, '_unwitnessed': False}
  delivery: len=good_length line=outside_off shot=in_the_air [layer2]
  extras: this_over=18 innings=58 [w28/nb2/b0/lb0]
  extras_log: [{'over': None, 'type': 'wide', 'runs': 4, 'this_over_after': []}, {'over': None, 'type': 'wide', 'runs': 1, 'this_over_after': []}, {'over': None, 'type': 'wide', 'runs': 1, 'this_over_after': []}]
  CB: RR 124-3 (11.3)  crr=10.78  ps=1(1)  recent=4 W
  CB BAT: Riyan Parag* 11(5), Donovan Ferreira 1(1)
  CB BOWL: Harpreet Brar 0-25 (4)
  LAST WKT: Yashasvi Jaiswal  c Suryansh Shedge b Yuzvendra Chahal 51(27)  - 123/3 in 11.2 ov.
  ⚠ DIVERGENCE: STRIKER: ui=Yashasvi Jaiswal cb=Riyan Parag | BATTERS_MISSING_IN_UI: {'parag'} (ui={'jaiswal', 'ferreira'}, cb={'parag', 'ferreira'}) | BOWLER: ui=Yuzvendra Chahal cb=Harpreet Brar

[22:13:55  iter#434]
  UI: Rajasthan Royals 124-3 (None)  str=Yashasvi Jaiswal nstr=Donovan Ferreira  bowl=Yuzvendra Chahal 2-17 (2.3)
  this_over=['W', 'Wd', 'Wd', 'Wd+1', 'Wd', 'Wd', 'Wd+3', 'Wd', 'Wd', 'W', 'Nb+3', 'Wd']  fow=3 (unk=0)  last_fow={'wicket': 3, 'batter': 'Prabhsimran Singh', 'score': 144, 'overs': '14.0', 'bowler': 'Ravindra Jadeja', 'how': None, '_unwitnessed': False}
  delivery: len=short_of_length line=leg_stump shot=in_the_air [layer2]
  extras: this_over=18 innings=58 [w28/nb2/b0/lb0]
  extras_log: [{'over': None, 'type': 'wide', 'runs': 4, 'this_over_after': []}, {'over': None, 'type': 'wide', 'runs': 1, 'this_over_after': []}, {'over': None, 'type': 'wide', 'runs': 1, 'this_over_after': []}]
  CB: RR 126-3 (11.4)  crr=10.8  ps=3(2)  recent=4 W
  CB BAT: Riyan Parag* 13(6), Donovan Ferreira 1(1)
  CB BOWL: Harpreet Brar 0-25 (4)
  LAST WKT: Yashasvi Jaiswal  c Suryansh Shedge b Yuzvendra Chahal 51(27)  - 123/3 in 11.2 ov.
  ⚠ DIVERGENCE: SCORE: ui=124 cb=126 | STRIKER: ui=Yashasvi Jaiswal cb=Riyan Parag | BATTERS_MISSING_IN_UI: {'parag'} (ui={'jaiswal', 'ferreira'}, cb={'parag', 'ferreira'}) | BOWLER: ui=Yuzvendra Chahal cb=Harpreet Brar

[22:14:20  iter#435]
  WS ERR: ''
  CB: RR 126-3 (11.4)  crr=10.8  ps=3(2)  recent=4 W
  CB BAT: Riyan Parag* 13(6), Donovan Ferreira 1(1)
  CB BOWL: Harpreet Brar 0-25 (4)
  LAST WKT: Yashasvi Jaiswal  c Suryansh Shedge b Yuzvendra Chahal 51(27)  - 123/3 in 11.2 ov.
  ⚠ DIVERGENCE: BATTERS_MISSING_IN_UI: {'parag', 'ferreira'} (ui=set(), cb={'parag', 'ferreira'}) | BOWLER: ui=None cb=Harpreet Brar

[22:14:41  iter#436]
  UI: Rajasthan Royals 126-3 (None)  str=Yashasvi Jaiswal nstr=Donovan Ferreira  bowl=Yuzvendra Chahal 2-19 (2.4)
  this_over=['W', 'Wd', 'Wd', 'Wd+1', 'Wd', 'Wd', 'Wd+3', 'Wd', 'Wd', 'W', 'Nb+3', 'Wd']  fow=3 (unk=0)  last_fow={'wicket': 3, 'batter': 'Prabhsimran Singh', 'score': 144, 'overs': '14.0', 'bowler': 'Ravindra Jadeja', 'how': None, '_unwitnessed': False}
  delivery: len=short_of_length line=outside_off shot=in_the_air [layer2]
  extras: this_over=19 innings=60 [w30/nb2/b0/lb0]
  extras_log: [{'over': None, 'type': 'wide', 'runs': 1, 'this_over_after': []}, {'over': None, 'type': 'wide', 'runs': 1, 'this_over_after': []}, {'over': None, 'type': 'wide', 'runs': 2, 'this_over_after': []}]
  CB: RR 127-3 (11.5)  crr=10.73  ps=4(3)  recent=4 W
  CB BAT: Donovan Ferreira* 1(1), Riyan Parag 14(7)
  CB BOWL: Harpreet Brar 0-25 (4)
  LAST WKT: Yashasvi Jaiswal  c Suryansh Shedge b Yuzvendra Chahal 51(27)  - 123/3 in 11.2 ov.
  ⚠ DIVERGENCE: SCORE: ui=126 cb=127 | STRIKER: ui=Yashasvi Jaiswal cb=Donovan Ferreira | BATTERS_MISSING_IN_UI: {'parag'} (ui={'jaiswal', 'ferreira'}, cb={'parag', 'ferreira'}) | BOWLER: ui=Yuzvendra Chahal cb=Harpreet Brar

[22:15:03  iter#437]
  UI: Rajasthan Royals 127-3 (None)  str=Yashasvi Jaiswal nstr=Donovan Ferreira  bowl=Yuzvendra Chahal 2-20 (2.5)
  this_over=['W', 'Wd', 'Wd', 'Wd+1', 'Wd', 'Wd', 'Wd+3', 'Wd', 'Wd', 'W', 'Nb+3', 'Wd']  fow=3 (unk=0)  last_fow={'wicket': 3, 'batter': 'Prabhsimran Singh', 'score': 144, 'overs': '14.0', 'bowler': 'Ravindra Jadeja', 'how': None, '_unwitnessed': False}
  delivery: len=short_of_length line=outside_off shot=in_the_air [layer2]
  extras: this_over=20 innings=61 [w31/nb2/b0/lb0]
  extras_log: [{'over': None, 'type': 'wide', 'runs': 1, 'this_over_after': []}, {'over': None, 'type': 'wide', 'runs': 2, 'this_over_after': []}, {'over': None, 'type': 'wide', 'runs': 1, 'this_over_after': []}]
  CB: RR 128-3 (11.4)  crr=10.97  ps=5(2)  recent=4 W
  CB BAT: Donovan Ferreira* 1(1), Riyan Parag 14(7)
  CB BOWL: Harpreet Brar 0-25 (4)
  LAST WKT: Yashasvi Jaiswal  c Suryansh Shedge b Yuzvendra Chahal 51(27)  - 123/3 in 11.2 ov.
  ⚠ DIVERGENCE: SCORE: ui=127 cb=128 | STRIKER: ui=Yashasvi Jaiswal cb=Donovan Ferreira | BATTERS_MISSING_IN_UI: {'parag'} (ui={'jaiswal', 'ferreira'}, cb={'parag', 'ferreira'}) | BOWLER: ui=Yuzvendra Chahal cb=Harpreet Brar

[22:15:26  iter#438]
  UI: Rajasthan Royals 128-3 (None)  str=Yashasvi Jaiswal nstr=Donovan Ferreira  bowl=Yuzvendra Chahal 2-20 (2.5)
  this_over=['W', 'Wd', 'Wd', 'Wd+1', 'Wd', 'Wd', 'Wd+3', 'Wd', 'Wd', 'W', 'Nb+3', 'Wd']  fow=3 (unk=0)  last_fow={'wicket': 3, 'batter': 'Prabhsimran Singh', 'score': 144, 'overs': '14.0', 'bowler': 'Ravindra Jadeja', 'how': None, '_unwitnessed': False}
  delivery: len=short_of_length line=outside_off shot=in_the_air [layer2]
  extras: this_over=21 innings=62 [w32/nb2/b0/lb0]
  extras_log: [{'over': None, 'type': 'wide', 'runs': 2, 'this_over_after': []}, {'over': None, 'type': 'wide', 'runs': 1, 'this_over_after': []}, {'over': None, 'type': 'wide', 'runs': 1, 'this_over_after': []}]
  CB: RR 129-3 (11.5)  crr=10.9  ps=6(3)  recent=4 W
  CB BAT: Riyan Parag* 14(7), Donovan Ferreira 2(2)
  CB BOWL: Harpreet Brar 0-25 (4)
  LAST WKT: Yashasvi Jaiswal  c Suryansh Shedge b Yuzvendra Chahal 51(27)  - 123/3 in 11.2 ov.
  ⚠ DIVERGENCE: SCORE: ui=128 cb=129 | STRIKER: ui=Yashasvi Jaiswal cb=Riyan Parag | BATTERS_MISSING_IN_UI: {'parag'} (ui={'jaiswal', 'ferreira'}, cb={'parag', 'ferreira'}) | BAT_ferreira: ui=1(1) cb=2(2) | BOWLER: ui=Yuzvendra Chahal cb=Harpreet Brar

[22:15:47  iter#439]
  UI: Rajasthan Royals 129-3 (None)  str=Yashasvi Jaiswal nstr=Donovan Ferreira  bowl=Yuzvendra Chahal 2-22 (2.5)
  this_over=['W', 'Wd', 'Wd', 'Wd+1', 'Wd', 'Wd', 'Wd+3', 'Wd', 'Wd', 'W', 'Nb+3', 'Wd']  fow=3 (unk=0)  last_fow={'wicket': 3, 'batter': 'Prabhsimran Singh', 'score': 144, 'overs': '14.0', 'bowler': 'Ravindra Jadeja', 'how': None, '_unwitnessed': False}
  delivery: len=short_of_length line=leg_stump shot=in_the_air [layer2]
  extras: this_over=22 innings=63 [w33/nb2/b0/lb0]
  extras_log: [{'over': None, 'type': 'wide', 'runs': 1, 'this_over_after': []}, {'over': None, 'type': 'wide', 'runs': 1, 'this_over_after': []}, {'over': None, 'type': 'wide', 'runs': 1, 'this_over_after': []}]
  CB: RR 131-3 (12)  crr=10.92  ps=8(4)  recent=... 4 W
  CB BAT: Donovan Ferreira* 2(2), Riyan Parag 16(8)
  CB BOWL: Yuzvendra Chahal 2-24 (3)
  LAST WKT: Yashasvi Jaiswal  c Suryansh Shedge b Yuzvendra Chahal 51(27)  - 123/3 in 11.2 ov.
  ⚠ DIVERGENCE: SCORE: ui=129 cb=131 | STRIKER: ui=Yashasvi Jaiswal cb=Donovan Ferreira | BATTERS_MISSING_IN_UI: {'parag'} (ui={'jaiswal', 'ferreira'}, cb={'parag', 'ferreira'}) | BOWL_R: ui=22 cb=24 | BOWL_O: ui=2.5 cb=3

[22:16:21  iter#440]
  WS ERR: ''
  CB ERR: 'cb fetch: ConnectTimeout: '
  ✓ score/wickets/overs match

[22:16:44  iter#441]
  UI: Rajasthan Royals 131-3 (None)  str=Yashasvi Jaiswal nstr=Donovan Ferreira  bowl=Yuzvendra Chahal 2-24 (3)
  this_over=['W', 'Wd', 'Wd', 'Wd+1', 'Wd', 'Wd', 'Wd+3', 'Wd', 'Wd', 'W', 'Nb+3', 'Wd']  fow=3 (unk=0)  last_fow={'wicket': 3, 'batter': 'Prabhsimran Singh', 'score': 144, 'overs': '14.0', 'bowler': 'Ravindra Jadeja', 'how': None, '_unwitnessed': False}
  delivery: len=short_of_length line=outside_off shot=in_the_air [layer2]
  extras: this_over=23 innings=65 [w35/nb2/b0/lb0]
  extras_log: [{'over': None, 'type': 'wide', 'runs': 1, 'this_over_after': []}, {'over': None, 'type': 'wide', 'runs': 1, 'this_over_after': []}, {'over': None, 'type': 'wide', 'runs': 2, 'this_over_after': []}]
  CB: RR 131-3 (12)  crr=10.92  ps=8(4)  recent=... 1 1 0 1 6 0
  CB BAT: Donovan Ferreira* 2(2), Riyan Parag 16(8)
  CB BOWL: Yuzvendra Chahal 2-24 (3)
  LAST WKT: Yashasvi Jaiswal  c Suryansh Shedge b Yuzvendra Chahal 51(27)  - 123/3 in 11.2 ov.
  ⚠ DIVERGENCE: STRIKER: ui=Yashasvi Jaiswal cb=Donovan Ferreira | BATTERS_MISSING_IN_UI: {'parag'} (ui={'jaiswal', 'ferreira'}, cb={'parag', 'ferreira'})

[22:17:08  iter#442]
  UI: Rajasthan Royals 131-3 (None)  str=Yashasvi Jaiswal nstr=Donovan Ferreira  bowl=Marco Jansen 0-12 (1)
  this_over=['W', 'Wd', 'Wd', 'Wd+1', 'Wd', 'Wd', 'Wd+3', 'Wd', 'Wd', 'W', 'Nb+3', 'Wd']  fow=3 (unk=0)  last_fow={'wicket': 3, 'batter': 'Prabhsimran Singh', 'score': 144, 'overs': '14.0', 'bowler': 'Ravindra Jadeja', 'how': None, '_unwitnessed': False}
  delivery: len=short_of_length line=outside_off shot=in_the_air [layer2]
  extras: this_over=23 innings=65 [w35/nb2/b0/lb0]
  extras_log: [{'over': None, 'type': 'wide', 'runs': 1, 'this_over_after': []}, {'over': None, 'type': 'wide', 'runs': 1, 'this_over_after': []}, {'over': None, 'type': 'wide', 'runs': 2, 'this_over_after': []}]
  CB: RR 132-3 (12.1)  crr=10.85  ps=9(5)  recent=1
  CB BAT: Riyan Parag* 16(8), Donovan Ferreira 3(3)
  CB BOWL: Yuzvendra Chahal 2-24 (3)
  LAST WKT: Yashasvi Jaiswal  c Suryansh Shedge b Yuzvendra Chahal 51(27)  - 123/3 in 11.2 ov.
  ⚠ DIVERGENCE: SCORE: ui=131 cb=132 | STRIKER: ui=Yashasvi Jaiswal cb=Riyan Parag | BATTERS_MISSING_IN_UI: {'parag'} (ui={'jaiswal', 'ferreira'}, cb={'parag', 'ferreira'}) | BAT_ferreira: ui=2(2) cb=3(3) | BOWLER: ui=Marco Jansen cb=Yuzvendra Chahal

[22:17:30  iter#443]
  UI: Rajasthan Royals 131-3 (None)  str=Yashasvi Jaiswal nstr=Donovan Ferreira  bowl=Marco Jansen 0-12 (1)
  this_over=['W', 'Wd', 'Wd', 'Wd+1', 'Wd', 'Wd', 'Wd+3', 'Wd', 'Wd', 'W', 'Nb+3', 'Wd']  fow=3 (unk=0)  last_fow={'wicket': 3, 'batter': 'Prabhsimran Singh', 'score': 144, 'overs': '14.0', 'bowler': 'Ravindra Jadeja', 'how': None, '_unwitnessed': False}
  delivery: len=short_of_length line=outside_off shot=in_the_air [layer2]
  extras: this_over=23 innings=65 [w35/nb2/b0/lb0]
  extras_log: [{'over': None, 'type': 'wide', 'runs': 1, 'this_over_after': []}, {'over': None, 'type': 'wide', 'runs': 1, 'this_over_after': []}, {'over': None, 'type': 'wide', 'runs': 2, 'this_over_after': []}]
  CB: RR 132-3 (12.2)  crr=10.7  ps=9(6)  recent=1 0
  CB BAT: Riyan Parag* 16(9), Donovan Ferreira 3(3)
  CB BOWL: Yuzvendra Chahal 2-24 (3)
  LAST WKT: Yashasvi Jaiswal  c Suryansh Shedge b Yuzvendra Chahal 51(27)  - 123/3 in 11.2 ov.
  ⚠ DIVERGENCE: SCORE: ui=131 cb=132 | STRIKER: ui=Yashasvi Jaiswal cb=Riyan Parag | BATTERS_MISSING_IN_UI: {'parag'} (ui={'jaiswal', 'ferreira'}, cb={'parag', 'ferreira'}) | BAT_ferreira: ui=2(2) cb=3(3) | BOWLER: ui=Marco Jansen cb=Yuzvendra Chahal

[22:17:51  iter#444]
  UI: Rajasthan Royals 132-3 (None)  str=Yashasvi Jaiswal nstr=Donovan Ferreira  bowl=Marco Jansen 0-12 (1)
  this_over=['W', 'Wd', 'Wd', 'Wd+1', 'Wd', 'Wd', 'Wd+3', 'Wd', 'Wd', 'W', 'Nb+3', 'Wd']  fow=3 (unk=0)  last_fow={'wicket': 3, 'batter': 'Prabhsimran Singh', 'score': 144, 'overs': '14.0', 'bowler': 'Ravindra Jadeja', 'how': None, '_unwitnessed': False}
  delivery: len=short_of_length line=outside_off shot=in_the_air [layer2]
  extras: this_over=24 innings=66 [w36/nb2/b0/lb0]
  extras_log: [{'over': None, 'type': 'wide', 'runs': 1, 'this_over_after': []}, {'over': None, 'type': 'wide', 'runs': 2, 'this_over_after': []}, {'over': None, 'type': 'wide', 'runs': 1, 'this_over_after': []}]
  CB: RR 133-3 (12.3)  crr=10.64  ps=10(7)  recent=1 0 1
  CB BAT: Donovan Ferreira* 3(3), Riyan Parag 17(10)
  CB BOWL: Yuzvendra Chahal 2-24 (3)
  LAST WKT: Yashasvi Jaiswal  c Suryansh Shedge b Yuzvendra Chahal 51(27)  - 123/3 in 11.2 ov.
  ⚠ DIVERGENCE: SCORE: ui=132 cb=133 | STRIKER: ui=Yashasvi Jaiswal cb=Donovan Ferreira | BATTERS_MISSING_IN_UI: {'parag'} (ui={'jaiswal', 'ferreira'}, cb={'parag', 'ferreira'}) | BOWLER: ui=Marco Jansen cb=Yuzvendra Chahal

[22:18:15  iter#445]
  WS ERR: ''
  CB: RR 133-3 (12.3)  crr=10.64  ps=10(7)  recent=1 0 1
  CB BAT: Donovan Ferreira* 3(3), Riyan Parag 17(10)
  CB BOWL: Yuzvendra Chahal 2-24 (3)
  LAST WKT: Yashasvi Jaiswal  c Suryansh Shedge b Yuzvendra Chahal 51(27)  - 123/3 in 11.2 ov.
  ⚠ DIVERGENCE: BATTERS_MISSING_IN_UI: {'parag', 'ferreira'} (ui=set(), cb={'parag', 'ferreira'}) | BOWLER: ui=None cb=Yuzvendra Chahal

[22:18:35  iter#446]
  WS ERR: "Multiple exceptions: [Errno 61] Connect call failed ('::1', 8765, 0, 0), [Errno 61] Connect call failed ('127.0.0.1', 8765)"
  CB: RR 137-3 (12.4)  crr=10.82  ps=14(8)  recent=1 0 1 4
  CB BAT: Donovan Ferreira* 7(4), Riyan Parag 17(10)
  CB BOWL: Yuzvendra Chahal 2-24 (3)
  LAST WKT: Yashasvi Jaiswal  c Suryansh Shedge b Yuzvendra Chahal 51(27)  - 123/3 in 11.2 ov.
  ⚠ DIVERGENCE: BATTERS_MISSING_IN_UI: {'parag', 'ferreira'} (ui=set(), cb={'parag', 'ferreira'}) | BOWLER: ui=None cb=Yuzvendra Chahal

[22:18:58  iter#447]
  UI: Rajasthan Royals None-None (None)  str=None nstr=Riyan Parag  bowl=None None-None (None)
  this_over=[]  fow=0 (unk=0)  last_fow=None
  delivery: (none yet on UI)
  extras: this_over=0 innings=0 [w0/nb0/b0/lb0]
  CB: RR 137-3 (12.4)  crr=10.82  ps=14(8)  recent=1 0 1 4
  CB BAT: Donovan Ferreira* 7(4), Riyan Parag 17(10)
  CB BOWL: Yuzvendra Chahal 2-24 (3)
  LAST WKT: Yashasvi Jaiswal  c Suryansh Shedge b Yuzvendra Chahal 51(27)  - 123/3 in 11.2 ov.
  ⚠ DIVERGENCE: BATTERS_MISSING_IN_UI: {'ferreira'} (ui={'parag'}, cb={'parag', 'ferreira'}) | BAT_ferreira: ui=0(0) cb=7(4) | BAT_parag: ui=0(0) cb=17(10) | BOWLER: ui=None cb=Yuzvendra Chahal

[22:19:23  iter#448]
  WS ERR: ''
  CB: RR 138-3 (12.5)  crr=10.75  ps=15(9)  recent=1 0 1 4
  CB BAT: Riyan Parag* 17(10), Donovan Ferreira 7(5)
  CB BOWL: Yuzvendra Chahal 2-24 (3)
  LAST WKT: Yashasvi Jaiswal  c Suryansh Shedge b Yuzvendra Chahal 51(27)  - 123/3 in 11.2 ov.
  ⚠ DIVERGENCE: BATTERS_MISSING_IN_UI: {'parag', 'ferreira'} (ui=set(), cb={'parag', 'ferreira'}) | BOWLER: ui=None cb=Yuzvendra Chahal

[22:19:44  iter#449]
  UI: Rajasthan Royals 137-3 (12.4)  str=Donovan Ferreira nstr=Riyan Parag  bowl=Marco Jansen 0-18 (1.4)
  this_over=['?', '?', '?', '?']  fow=0 (unk=0)  last_fow=None
  delivery: (none yet on UI)
  extras: this_over=0 innings=0 [w0/nb0/b0/lb0]
  CB: RR 139-3 (13)  crr=10.69  ps=16(10)  recent=1 0 1 4
  CB BAT: Riyan Parag* 18(11), Donovan Ferreira 7(5)
  CB BOWL: Marco Jansen 0-19 (2)
  LAST WKT: Yashasvi Jaiswal  c Suryansh Shedge b Yuzvendra Chahal 51(27)  - 123/3 in 11.2 ov.
  ⚠ DIVERGENCE: SCORE: ui=137 cb=139 | OVERS: ui=12.4 cb=13 | STRIKER: ui=Donovan Ferreira cb=Riyan Parag | BAT_parag: ui=17(10) cb=18(11) | BAT_ferreira: ui=7(4) cb=7(5) | FOW_COUNT: ui=0 vs wickets=3 | BOWL_R: ui=18 cb=19 | BOWL_O: ui=1.4 cb=2

[22:20:07  iter#450]
  UI: Rajasthan Royals 139-3 (13.0)  str=Riyan Parag nstr=Donovan Ferreira  bowl=Marco Jansen 0-18 (1.5)
  this_over=['1', '1']  fow=0 (unk=0)  last_fow=None
  delivery: (none yet on UI)
  extras: this_over=0 innings=0 [w0/nb0/b0/lb0]
  CB: RR 139-3 (13)  crr=10.69  ps=16(10)  recent=1 0 1 4
  CB BAT: Riyan Parag* 18(11), Donovan Ferreira 7(5)
  CB BOWL: Marco Jansen 0-19 (2)
  LAST WKT: Yashasvi Jaiswal  c Suryansh Shedge b Yuzvendra Chahal 51(27)  - 123/3 in 11.2 ov.
  ⚠ DIVERGENCE: OVERS: ui=13.0 cb=13 | FOW_COUNT: ui=0 vs wickets=3 | BOWL_R: ui=18 cb=19 | BOWL_O: ui=1.5 cb=2

[22:20:34  iter#451]
  WS ERR: ''
  CB: RR 139-3 (13)  crr=10.69  ps=16(10)  recent=1 0 1 4
  CB BAT: Riyan Parag* 18(11), Donovan Ferreira 7(5)
  CB BOWL: Marco Jansen 0-19 (2)
  LAST WKT: Yashasvi Jaiswal  c Suryansh Shedge b Yuzvendra Chahal 51(27)  - 123/3 in 11.2 ov.
  ⚠ DIVERGENCE: BATTERS_MISSING_IN_UI: {'parag', 'ferreira'} (ui=set(), cb={'parag', 'ferreira'}) | BOWLER: ui=None cb=Marco Jansen

[22:20:57  iter#452]
  UI: Rajasthan Royals 139-3 (13.0)  str=Riyan Parag nstr=Donovan Ferreira  bowl=Yuzvendra Chahal 2-24 (3)
  this_over=['1', '1']  fow=0 (unk=0)  last_fow=None
  delivery: (none yet on UI)
  extras: this_over=0 innings=0 [w0/nb0/b0/lb0]
  CB: RR 145-3 (13.1)  crr=11.01  ps=22(11)  recent=6
  CB BAT: Riyan Parag* 24(12), Donovan Ferreira 7(5)
  CB BOWL: Marco Jansen 0-19 (2)
  LAST WKT: Yashasvi Jaiswal  c Suryansh Shedge b Yuzvendra Chahal 51(27)  - 123/3 in 11.2 ov.
  ⚠ DIVERGENCE: SCORE: ui=139 cb=145 | OVERS: ui=13.0 cb=13.1 | BAT_parag: ui=18(11) cb=24(12) | FOW_COUNT: ui=0 vs wickets=3 | BOWLER: ui=Yuzvendra Chahal cb=Marco Jansen

[22:21:19  iter#453]
  UI: Rajasthan Royals 145-3 (13.1)  str=Riyan Parag nstr=Donovan Ferreira  bowl=Yuzvendra Chahal 2-30 (3.1)
  this_over=['6']  fow=0 (unk=0)  last_fow=None
  delivery: (none yet on UI)
  extras: this_over=0 innings=0 [w0/nb0/b0/lb0]
  CB: RR 149-3 (13.2)  crr=11.18  ps=26(12)  recent=6 4
  CB BAT: Riyan Parag* 28(13), Donovan Ferreira 7(5)
  CB BOWL: Marco Jansen 0-19 (2)
  LAST WKT: Yashasvi Jaiswal  c Suryansh Shedge b Yuzvendra Chahal 51(27)  - 123/3 in 11.2 ov.
  ⚠ DIVERGENCE: SCORE: ui=145 cb=149 | OVERS: ui=13.1 cb=13.2 | BAT_parag: ui=24(12) cb=28(13) | FOW_COUNT: ui=0 vs wickets=3 | BOWLER: ui=Yuzvendra Chahal cb=Marco Jansen

[22:21:44  iter#454]
  UI: Rajasthan Royals 149-3 (13.2)  str=Riyan Parag nstr=Donovan Ferreira  bowl=Yuzvendra Chahal 2-30 (3.1)
  this_over=['6', '4']  fow=0 (unk=0)  last_fow=None
  delivery: (none yet on UI)
  extras: this_over=0 innings=0 [w0/nb0/b0/lb0]
  CB: RR 149-3 (13.2)  crr=11.18  ps=26(12)  recent=6 4
  CB BAT: Riyan Parag* 28(13), Donovan Ferreira 7(5)
  CB BOWL: Marco Jansen 0-19 (2)
  LAST WKT: Yashasvi Jaiswal  c Suryansh Shedge b Yuzvendra Chahal 51(27)  - 123/3 in 11.2 ov.
  ⚠ DIVERGENCE: BAT_parag: ui=24(12) cb=28(13) | FOW_COUNT: ui=0 vs wickets=3 | BOWLER: ui=Yuzvendra Chahal cb=Marco Jansen

[22:22:05  iter#455]
  UI: Rajasthan Royals 149-3 (13.2)  str=Riyan Parag nstr=Donovan Ferreira  bowl=Yuzvendra Chahal 2-30 (3.1)
  this_over=['6', '4']  fow=0 (unk=0)  last_fow=None
  delivery: (none yet on UI)
  extras: this_over=0 innings=0 [w0/nb0/b0/lb0]
  CB: RR 149-3 (13.3)  crr=11.04  ps=26(13)  recent=6 4 0
  CB BAT: Riyan Parag* 28(14), Donovan Ferreira 7(5)
  CB BOWL: Marco Jansen 0-19 (2)
  LAST WKT: Yashasvi Jaiswal  c Suryansh Shedge b Yuzvendra Chahal 51(27)  - 123/3 in 11.2 ov.
  ⚠ DIVERGENCE: OVERS: ui=13.2 cb=13.3 | BAT_parag: ui=28(13) cb=28(14) | FOW_COUNT: ui=0 vs wickets=3 | BOWLER: ui=Yuzvendra Chahal cb=Marco Jansen

[22:22:30  iter#456]
  WS ERR: ''
  CB: RR 150-3 (13.4)  crr=10.98  ps=27(14)  recent=6 4 0 1
  CB BAT: Donovan Ferreira* 7(5), Riyan Parag 29(15)
  CB BOWL: Marco Jansen 0-19 (2)
  LAST WKT: Yashasvi Jaiswal  c Suryansh Shedge b Yuzvendra Chahal 51(27)  - 123/3 in 11.2 ov.
  ⚠ DIVERGENCE: BATTERS_MISSING_IN_UI: {'parag', 'ferreira'} (ui=set(), cb={'parag', 'ferreira'}) | BOWLER: ui=None cb=Marco Jansen

[22:22:53  iter#457]
  UI: Rajasthan Royals 150-3 (13.4)  str=Donovan Ferreira nstr=Riyan Parag  bowl=Yuzvendra Chahal 2-35 (3.4)
  this_over=['6', '4', '.', '1']  fow=0 (unk=0)  last_fow=None
  delivery: (none yet on UI)
  extras: this_over=0 innings=0 [w0/nb0/b0/lb0]
  CB: RR 150-3 (13.4)  crr=10.98  ps=27(14)  recent=6 4 0 1
  CB BAT: Donovan Ferreira* 7(5), Riyan Parag 29(15)
  CB BOWL: Marco Jansen 0-19 (2)
  LAST WKT: Yashasvi Jaiswal  c Suryansh Shedge b Yuzvendra Chahal 51(27)  - 123/3 in 11.2 ov.
  ⚠ DIVERGENCE: FOW_COUNT: ui=0 vs wickets=3 | BOWLER: ui=Yuzvendra Chahal cb=Marco Jansen

[22:23:14  iter#458]
  UI: Rajasthan Royals 150-3 (13.4)  str=Donovan Ferreira nstr=Riyan Parag  bowl=Yuzvendra Chahal 2-35 (3.4)
  this_over=['6', '4', '.', '1']  fow=0 (unk=0)  last_fow=None
  delivery: (none yet on UI)
  extras: this_over=0 innings=0 [w0/nb0/b0/lb0]
  CB: RR 151-3 (13.5)  crr=10.92  ps=28(15)  recent=6 4 0 1 1
  CB BAT: Riyan Parag* 29(15), Donovan Ferreira 8(6)
  CB BOWL: Marco Jansen 0-19 (2)
  LAST WKT: Yashasvi Jaiswal  c Suryansh Shedge b Yuzvendra Chahal 51(27)  - 123/3 in 11.2 ov.
  ⚠ DIVERGENCE: SCORE: ui=150 cb=151 | OVERS: ui=13.4 cb=13.5 | STRIKER: ui=Donovan Ferreira cb=Riyan Parag | BAT_ferreira: ui=7(5) cb=8(6) | FOW_COUNT: ui=0 vs wickets=3 | BOWLER: ui=Yuzvendra Chahal cb=Marco Jansen

[22:23:35  iter#459]
  UI: Rajasthan Royals 151-3 (13.5)  str=Riyan Parag nstr=Donovan Ferreira  bowl=Yuzvendra Chahal 2-36 (3.5)
  this_over=['6', '4', '.', '1', '1']  fow=0 (unk=0)  last_fow=None
  delivery: (none yet on UI)
  extras: this_over=0 innings=0 [w0/nb0/b0/lb0]
  CB: RR 151-4 (14)  crr=10.79  ps=28(16)  recent=6 4 0 1 1 W
  CB BAT: Donovan Ferreira* 8(6), Marco Jansen 2(0)
  CB BOWL: Yuzvendra Chahal 3-36 (4)
  LAST WKT: Riyan Parag  c Suryansh Shedge b Yuzvendra Chahal 29(16)  - 151/4 in 13.6 ov.
  ⚠ DIVERGENCE: WICKETS: ui=3 cb=4 | OVERS: ui=13.5 cb=14 | STRIKER: ui=Riyan Parag cb=Donovan Ferreira | BATTERS_MISSING_IN_UI: {'jansen'} (ui={'parag', 'ferreira'}, cb={'jansen', 'ferreira'}) | FOW_COUNT: ui=0 vs wickets=3 | BOWL_W: ui=2 cb=3 | BOWL_O: ui=3.5 cb=4

[22:23:56  iter#460]
  UI: Rajasthan Royals 151-4 (14.0)  str=None nstr=None  bowl=Yuzvendra Chahal 3-36 (4)
  this_over=['6', '4', '.', '1', '1', 'W']  fow=1 (unk=0)  last_fow={'wicket': 4, 'batter': 'Riyan Parag', 'score': 151, 'overs': '14.0', 'bowler': None, 'how': 'auto-inferred (striker on wicket)', '_unwitnessed': False}
  delivery: (none yet on UI)
  extras: this_over=0 innings=0 [w0/nb0/b0/lb0]
  CB: RR 151-4 (14)  crr=10.79  ps=28(16)  recent=6 4 0 1 1 W
  CB BAT: Donovan Ferreira* 8(6), Marco Jansen 2(0)
  CB BOWL: Yuzvendra Chahal 3-36 (4)
  LAST WKT: Riyan Parag  c Suryansh Shedge b Yuzvendra Chahal 29(16)  - 151/4 in 13.6 ov.
  ⚠ DIVERGENCE: OVERS: ui=14.0 cb=14 | BATTERS_MISSING_IN_UI: {'jansen', 'ferreira'} (ui=set(), cb={'jansen', 'ferreira'}) | FOW_COUNT: ui=1 vs wickets=4

[22:24:17  iter#461]
  UI: Rajasthan Royals 151-4 (14.0)  str=None nstr=None  bowl=Yuzvendra Chahal 3-36 (4)
  this_over=['6', '4', '.', '1', '1', 'W']  fow=1 (unk=0)  last_fow={'wicket': 4, 'batter': 'Riyan Parag', 'score': 151, 'overs': '14.0', 'bowler': None, 'how': 'auto-inferred (striker on wicket)', '_unwitnessed': False}
  delivery: (none yet on UI)
  extras: this_over=0 innings=0 [w0/nb0/b0/lb0]
  CB: RR 151-4 (14)  crr=10.79  ps=28(16)  recent=6 4 0 1 1 W
  CB BAT: Donovan Ferreira* 8(6), Marco Jansen 2(0)
  CB BOWL: Yuzvendra Chahal 3-36 (4)
  LAST WKT: Riyan Parag  c Suryansh Shedge b Yuzvendra Chahal 29(16)  - 151/4 in 13.6 ov.
  ⚠ DIVERGENCE: OVERS: ui=14.0 cb=14 | BATTERS_MISSING_IN_UI: {'jansen', 'ferreira'} (ui=set(), cb={'jansen', 'ferreira'}) | FOW_COUNT: ui=1 vs wickets=4

[22:24:41  iter#462]
  UI: Rajasthan Royals 151-4 (14.0)  str=None nstr=None  bowl=Yuzvendra Chahal 3-36 (4)
  this_over=['6', '4', '.', '1', '1', 'W']  fow=1 (unk=0)  last_fow={'wicket': 4, 'batter': 'Riyan Parag', 'score': 151, 'overs': '14.0', 'bowler': None, 'how': 'auto-inferred (striker on wicket)', '_unwitnessed': False}
  delivery: (none yet on UI)
  extras: this_over=0 innings=0 [w0/nb0/b0/lb0]
  CB: RR 151-4 (14)  crr=10.79  ps=28(16)  recent=6 4 0 1 1 W
  CB BAT: Donovan Ferreira* 8(6), Marco Jansen 2(0)
  CB BOWL: Yuzvendra Chahal 3-36 (4)
  LAST WKT: Riyan Parag  c Suryansh Shedge b Yuzvendra Chahal 29(16)  - 151/4 in 13.6 ov.
  ⚠ DIVERGENCE: OVERS: ui=14.0 cb=14 | BATTERS_MISSING_IN_UI: {'jansen', 'ferreira'} (ui=set(), cb={'jansen', 'ferreira'}) | FOW_COUNT: ui=1 vs wickets=4

[22:25:03  iter#463]
  UI: Rajasthan Royals 151-4 (14.0)  str=Donovan Ferreira nstr=None  bowl=Yuzvendra Chahal 3-36 (4)
  this_over=['6', '4', '.', '1', '1', 'W']  fow=1 (unk=0)  last_fow={'wicket': 4, 'batter': 'Riyan Parag', 'score': 151, 'overs': '14.0', 'bowler': None, 'how': 'auto-inferred (striker on wicket)', '_unwitnessed': False}
  delivery: (none yet on UI)
  extras: this_over=0 innings=0 [w0/nb0/b0/lb0]
  CB: RR 151-4 (14)  crr=10.79  ps=28(16)  recent=6 4 0 1 1 W
  CB BAT: Donovan Ferreira* 8(6), Marco Jansen 2(0)
  CB BOWL: Yuzvendra Chahal 3-36 (4)
  LAST WKT: Riyan Parag  c Suryansh Shedge b Yuzvendra Chahal 29(16)  - 151/4 in 13.6 ov.
  ⚠ DIVERGENCE: OVERS: ui=14.0 cb=14 | BATTERS_MISSING_IN_UI: {'jansen'} (ui={'ferreira'}, cb={'jansen', 'ferreira'}) | FOW_COUNT: ui=1 vs wickets=4

[22:25:26  iter#464]
  UI: Rajasthan Royals 151-4 (14.0)  str=Donovan Ferreira nstr=None  bowl=Yuzvendra Chahal 3-36 (4)
  this_over=['6', '4', '.', '1', '1', 'W']  fow=1 (unk=0)  last_fow={'wicket': 4, 'batter': 'Riyan Parag', 'score': 151, 'overs': '14.0', 'bowler': None, 'how': 'auto-inferred (striker on wicket)', '_unwitnessed': False}
  delivery: (none yet on UI)
  extras: this_over=0 innings=0 [w0/nb0/b0/lb0]
  CB: RR 151-4 (14)  crr=10.79  ps=28(16)  recent=6 4 0 1 1 W
  CB BAT: Donovan Ferreira* 8(6), Marco Jansen 2(0)
  CB BOWL: Yuzvendra Chahal 3-36 (4)
  LAST WKT: Riyan Parag  c Suryansh Shedge b Yuzvendra Chahal 29(16)  - 151/4 in 13.6 ov.
  ⚠ DIVERGENCE: OVERS: ui=14.0 cb=14 | BATTERS_MISSING_IN_UI: {'jansen'} (ui={'ferreira'}, cb={'jansen', 'ferreira'}) | FOW_COUNT: ui=1 vs wickets=4

[22:25:50  iter#465]
  WS ERR: ''
  CB: RR 151-4 (14)  crr=10.79  ps=28(16)  recent=...
  CB BAT: Donovan Ferreira* 8(6), Marco Jansen 2(0)
  CB BOWL: Yuzvendra Chahal 3-36 (4)
  LAST WKT: Riyan Parag  c Suryansh Shedge b Yuzvendra Chahal 29(16)  - 151/4 in 13.6 ov.
  ⚠ DIVERGENCE: BATTERS_MISSING_IN_UI: {'jansen', 'ferreira'} (ui=set(), cb={'jansen', 'ferreira'}) | BOWLER: ui=None cb=Yuzvendra Chahal

[22:26:14  iter#466]
  WS ERR: ''
  CB: RR 151-4 (14)  crr=10.79  ps=28(16)  recent=...
  CB BAT: Donovan Ferreira* 8(6), Marco Jansen 2(0)
  CB BOWL: Yuzvendra Chahal 3-36 (4)
  LAST WKT: Riyan Parag  c Suryansh Shedge b Yuzvendra Chahal 29(16)  - 151/4 in 13.6 ov.
  ⚠ DIVERGENCE: BATTERS_MISSING_IN_UI: {'jansen', 'ferreira'} (ui=set(), cb={'jansen', 'ferreira'}) | BOWLER: ui=None cb=Yuzvendra Chahal

[22:26:37  iter#467]
  UI: Rajasthan Royals 151-4 (14.0)  str=Donovan Ferreira nstr=Vaibhav Sooryavanshi  bowl=Yuzvendra Chahal 3-36 (4)
  this_over=['6', '4', '.', '1', '1', 'W']  fow=1 (unk=0)  last_fow={'wicket': 4, 'batter': 'Riyan Parag', 'score': 151, 'overs': '14.0', 'bowler': None, 'how': 'auto-inferred (striker on wicket)', '_unwitnessed': False}
  delivery: (none yet on UI)
  extras: this_over=0 innings=0 [w0/nb0/b0/lb0]
  CB: RR 151-4 (14)  crr=10.79  ps=28(16)  recent=...
  CB BAT: Donovan Ferreira* 8(6), Marco Jansen 2(0)
  CB BOWL: Yuzvendra Chahal 3-36 (4)
  LAST WKT: Riyan Parag  c Suryansh Shedge b Yuzvendra Chahal 29(16)  - 151/4 in 13.6 ov.
  ⚠ DIVERGENCE: OVERS: ui=14.0 cb=14 | BATTERS_MISSING_IN_UI: {'jansen'} (ui={'sooryavanshi', 'ferreira'}, cb={'jansen', 'ferreira'}) | BAT_ferreira: ui=8(15) cb=8(6) | FOW_COUNT: ui=1 vs wickets=4

[22:27:00  iter#468]
  UI: Rajasthan Royals 151-4 (14.0)  str=Donovan Ferreira nstr=Vaibhav Sooryavanshi  bowl=Yuzvendra Chahal 3-36 (4)
  this_over=['6', '4', '.', '1', '1', 'W']  fow=1 (unk=0)  last_fow={'wicket': 4, 'batter': 'Riyan Parag', 'score': 151, 'overs': '14.0', 'bowler': None, 'how': 'auto-inferred (striker on wicket)', '_unwitnessed': False}
  delivery: (none yet on UI)
  extras: this_over=0 innings=0 [w0/nb0/b0/lb0]
  CB: RR 151-4 (14)  crr=10.79  ps=28(16)  recent=...
  CB BAT: Donovan Ferreira* 8(6), Marco Jansen 2(0)
  CB BOWL: Yuzvendra Chahal 3-36 (4)
  LAST WKT: Riyan Parag  c Suryansh Shedge b Yuzvendra Chahal 29(16)  - 151/4 in 13.6 ov.
  ⚠ DIVERGENCE: OVERS: ui=14.0 cb=14 | BATTERS_MISSING_IN_UI: {'jansen'} (ui={'sooryavanshi', 'ferreira'}, cb={'jansen', 'ferreira'}) | BAT_ferreira: ui=23(16) cb=8(6) | FOW_COUNT: ui=1 vs wickets=4

[22:27:25  iter#469]
  WS ERR: ''
  CB: RR 151-4 (14)  crr=10.79  ps=0(0)  recent=...
  CB BAT: Donovan Ferreira* 8(6), Shubham Dubey 0(0)
  CB BOWL: Yuzvendra Chahal 3-36 (4)
  LAST WKT: Riyan Parag  c Suryansh Shedge b Yuzvendra Chahal 29(16)  - 151/4 in 13.6 ov.
  ⚠ DIVERGENCE: BATTERS_MISSING_IN_UI: {'ferreira', 'dubey'} (ui=set(), cb={'ferreira', 'dubey'}) | BOWLER: ui=None cb=Yuzvendra Chahal

[22:27:45  iter#470]
  UI: Rajasthan Royals None-None (None)  str=Donovan Ferreira nstr=Vaibhav Sooryavanshi  bowl=Yuzvendra Chahal 3-36 (4)
  this_over=[]  fow=1 (unk=0)  last_fow={'wicket': 4, 'batter': 'Riyan Parag', 'score': 151, 'overs': '14.0', 'bowler': None, 'how': 'auto-inferred (striker on wicket)', '_unwitnessed': False}
  delivery: (none yet on UI)
  extras: this_over=0 innings=0 [w0/nb0/b0/lb0]
  CB: RR 151-4 (14)  crr=10.79  ps=0(0)  recent=...
  CB BAT: Donovan Ferreira* 8(6), Shubham Dubey 0(0)
  CB BOWL: Yuzvendra Chahal 3-36 (4)
  LAST WKT: Riyan Parag  c Suryansh Shedge b Yuzvendra Chahal 29(16)  - 151/4 in 13.6 ov.
  ⚠ DIVERGENCE: BATTERS_MISSING_IN_UI: {'dubey'} (ui={'sooryavanshi', 'ferreira'}, cb={'ferreira', 'dubey'}) | BAT_ferreira: ui=23(16) cb=8(6)

[22:28:09  iter#471]
  WS ERR: ''
  CB: RR 151-4 (14.1)  crr=10.66  ps=0(1)  recent=0
  CB BAT: Donovan Ferreira* 8(7), Shubham Dubey 0(0)
  CB BOWL: Yuzvendra Chahal 3-36 (4)
  LAST WKT: Riyan Parag  c Suryansh Shedge b Yuzvendra Chahal 29(16)  - 151/4 in 13.6 ov.
  ⚠ DIVERGENCE: BATTERS_MISSING_IN_UI: {'ferreira', 'dubey'} (ui=set(), cb={'ferreira', 'dubey'}) | BOWLER: ui=None cb=Yuzvendra Chahal

[22:28:33  iter#472]
  UI: Rajasthan Royals 151-4 (14.0)  str=Donovan Ferreira nstr=Shubham Dubey  bowl=Yuzvendra Chahal 3-40 (4)
  this_over=[]  fow=1 (unk=0)  last_fow={'wicket': 4, 'batter': 'Riyan Parag', 'score': 151, 'overs': '14.0', 'bowler': None, 'how': 'auto-inferred (striker on wicket)', '_unwitnessed': False}
  delivery: (none yet on UI)
  extras: this_over=0 innings=0 [w0/nb0/b0/lb0]
  CB: RR 155-4 (14.2)  crr=10.81  ps=4(2)  recent=0 4
  CB BAT: Donovan Ferreira* 12(8), Shubham Dubey 0(0)
  CB BOWL: Yuzvendra Chahal 3-36 (4)
  LAST WKT: Riyan Parag  c Suryansh Shedge b Yuzvendra Chahal 29(16)  - 151/4 in 13.6 ov.
  ⚠ DIVERGENCE: SCORE: ui=151 cb=155 | OVERS: ui=14.0 cb=14.2 | BAT_ferreira: ui=23(16) cb=12(8) | FOW_COUNT: ui=1 vs wickets=4 | BOWL_R: ui=40 cb=36

[22:28:53  iter#473]
  UI: Rajasthan Royals 151-4 (14.0)  str=Donovan Ferreira nstr=Shubham Dubey  bowl=Yuzvendra Chahal 3-40 (4)
  this_over=[]  fow=1 (unk=0)  last_fow={'wicket': 4, 'batter': 'Riyan Parag', 'score': 151, 'overs': '14.0', 'bowler': None, 'how': 'auto-inferred (striker on wicket)', '_unwitnessed': False}
  delivery: (none yet on UI)
  extras: this_over=0 innings=0 [w0/nb0/b0/lb0]
  CB: RR 155-4 (14.2)  crr=10.81  ps=4(2)  recent=0 4
  CB BAT: Donovan Ferreira* 12(8), Shubham Dubey 0(0)
  CB BOWL: Yuzvendra Chahal 3-36 (4)
  LAST WKT: Riyan Parag  c Suryansh Shedge b Yuzvendra Chahal 29(16)  - 151/4 in 13.6 ov.
  ⚠ DIVERGENCE: SCORE: ui=151 cb=155 | OVERS: ui=14.0 cb=14.2 | BAT_ferreira: ui=23(16) cb=12(8) | FOW_COUNT: ui=1 vs wickets=4 | BOWL_R: ui=40 cb=36

[22:29:17  iter#474]
  WS ERR: ''
  CB: RR 156-4 (14.3)  crr=10.76  ps=5(3)  recent=0 4 1
  CB BAT: Shubham Dubey* 0(0), Donovan Ferreira 13(9)
  CB BOWL: Yuzvendra Chahal 3-36 (4)
  LAST WKT: Riyan Parag  c Suryansh Shedge b Yuzvendra Chahal 29(16)  - 151/4 in 13.6 ov.
  ⚠ DIVERGENCE: BATTERS_MISSING_IN_UI: {'ferreira', 'dubey'} (ui=set(), cb={'ferreira', 'dubey'}) | BOWLER: ui=None cb=Yuzvendra Chahal

[22:29:41  iter#475]
  UI: Rajasthan Royals 156-4 (14.3)  str=Donovan Ferreira nstr=Shubham Dubey  bowl=Yuzvendra Chahal 3-40 (4)
  this_over=['?', '?', '?']  fow=1 (unk=0)  last_fow={'wicket': 4, 'batter': 'Riyan Parag', 'score': 151, 'overs': '14.0', 'bowler': None, 'how': 'auto-inferred (striker on wicket)', '_unwitnessed': False}
  delivery: (none yet on UI)
  extras: this_over=0 innings=0 [w0/nb0/b0/lb0]
  CB: RR 156-4 (14.3)  crr=10.76  ps=5(3)  recent=0 4 1
  CB BAT: Shubham Dubey* 0(0), Donovan Ferreira 13(9)
  CB BOWL: Yuzvendra Chahal 3-36 (4)
  LAST WKT: Riyan Parag  c Suryansh Shedge b Yuzvendra Chahal 29(16)  - 151/4 in 13.6 ov.
  ⚠ DIVERGENCE: STRIKER: ui=Donovan Ferreira cb=Shubham Dubey | BAT_ferreira: ui=23(16) cb=13(9) | FOW_COUNT: ui=1 vs wickets=4 | BOWL_R: ui=40 cb=36

[22:30:05  iter#476]
  WS ERR: ''
  CB: RR 156-4 (14.3)  crr=10.76  ps=5(3)  recent=0 4 1
  CB BAT: Shubham Dubey* 0(0), Donovan Ferreira 13(9)
  CB BOWL: Yuzvendra Chahal 3-36 (4)
  LAST WKT: Riyan Parag  c Suryansh Shedge b Yuzvendra Chahal 29(16)  - 151/4 in 13.6 ov.
  ⚠ DIVERGENCE: BATTERS_MISSING_IN_UI: {'ferreira', 'dubey'} (ui=set(), cb={'ferreira', 'dubey'}) | BOWLER: ui=None cb=Yuzvendra Chahal

[22:30:29  iter#477]
  WS ERR: ''
  CB: RR 160-4 (14.4)  crr=10.91  ps=9(4)  recent=0 4 1 4
  CB BAT: Shubham Dubey* 4(1), Donovan Ferreira 13(9)
  CB BOWL: Yuzvendra Chahal 3-36 (4)
  LAST WKT: Riyan Parag  c Suryansh Shedge b Yuzvendra Chahal 29(16)  - 151/4 in 13.6 ov.
  ⚠ DIVERGENCE: BATTERS_MISSING_IN_UI: {'ferreira', 'dubey'} (ui=set(), cb={'ferreira', 'dubey'}) | BOWLER: ui=None cb=Yuzvendra Chahal

[22:30:58  iter#478]
  UI: Rajasthan Royals 156-6 (14.3)  str=Shubham Dubey nstr=None  bowl=Arshdeep Singh 1-42 (2.3)
  this_over=['?', '?', '?']  fow=1 (unk=0)  last_fow={'wicket': 4, 'batter': 'Riyan Parag', 'score': 151, 'overs': '14.0', 'bowler': None, 'how': 'auto-inferred (striker on wicket)', '_unwitnessed': False}
  delivery: (none yet on UI)
  extras: this_over=0 innings=0 [w0/nb0/b0/lb0]
  CB ERR: 'cb fetch: ConnectTimeout: '
  ⚠ DIVERGENCE: FOW_COUNT: ui=1 vs wickets=6

[22:31:22  iter#479]
  UI: Rajasthan Royals 160-6 (14.4)  str=Donovan Ferreira nstr=Shubham Dubey  bowl=Arshdeep Singh 1-46 (2.4)
  this_over=['?', '?', '?', '4']  fow=1 (unk=0)  last_fow={'wicket': 4, 'batter': 'Riyan Parag', 'score': 151, 'overs': '14.0', 'bowler': None, 'how': 'auto-inferred (striker on wicket)', '_unwitnessed': False}
  delivery: (none yet on UI)
  extras: this_over=0 innings=0 [w0/nb0/b0/lb0]
  CB: RR 161-4 (14.5)  crr=10.85  ps=10(5)  recent=0 4 1 4 1
  CB BAT: Donovan Ferreira* 13(9), Shubham Dubey 5(2)
  CB BOWL: Yuzvendra Chahal 3-36 (4)
  LAST WKT: Riyan Parag  c Suryansh Shedge b Yuzvendra Chahal 29(16)  - 151/4 in 13.6 ov.
  ⚠ DIVERGENCE: SCORE: ui=160 cb=161 | WICKETS: ui=6 cb=4 | OVERS: ui=14.4 cb=14.5 | BAT_dubey: ui=4(1) cb=5(2) | FOW_COUNT: ui=1 vs wickets=6 | BOWLER: ui=Arshdeep Singh cb=Yuzvendra Chahal

[22:31:45  iter#480]
  UI: Rajasthan Royals 160-6 (14.4)  str=Donovan Ferreira nstr=Shubham Dubey  bowl=Arshdeep Singh 1-46 (2.4)
  this_over=['?', '?', '?', '4']  fow=1 (unk=0)  last_fow={'wicket': 4, 'batter': 'Riyan Parag', 'score': 151, 'overs': '14.0', 'bowler': None, 'how': 'auto-inferred (striker on wicket)', '_unwitnessed': False}
  delivery: (none yet on UI)
  extras: this_over=0 innings=0 [w0/nb0/b0/lb0]
  CB: RR 165-4 (15)  crr=11.0  ps=14(6)  recent=0 4 1 4 1 4
  CB BAT: Shubham Dubey* 5(2), Donovan Ferreira 17(10)
  CB BOWL: Arshdeep Singh 1-51 (3)
  LAST WKT: Riyan Parag  c Suryansh Shedge b Yuzvendra Chahal 29(16)  - 151/4 in 13.6 ov.
  ⚠ DIVERGENCE: SCORE: ui=160 cb=165 | WICKETS: ui=6 cb=4 | OVERS: ui=14.4 cb=15 | STRIKER: ui=Donovan Ferreira cb=Shubham Dubey | BAT_dubey: ui=4(1) cb=5(2) | BAT_ferreira: ui=13(9) cb=17(10) | FOW_COUNT: ui=1 vs wickets=6 | BOWL_R: ui=46 cb=51 | BOWL_O: ui=2.4 cb=3

[22:32:09  iter#481]
  UI: Rajasthan Royals 160-6 (14.4)  str=Donovan Ferreira nstr=Shubham Dubey  bowl=Arshdeep Singh 1-47 (2.5)
  this_over=['?', '?', '?', '4']  fow=1 (unk=0)  last_fow={'wicket': 4, 'batter': 'Riyan Parag', 'score': 151, 'overs': '14.0', 'bowler': None, 'how': 'auto-inferred (striker on wicket)', '_unwitnessed': False}
  delivery: (none yet on UI)
  extras: this_over=0 innings=0 [w0/nb0/b0/lb0]
  CB: RR 165-4 (15)  crr=11.0  ps=14(6)  recent=...
  CB BAT: Shubham Dubey* 5(2), Donovan Ferreira 17(10)
  CB BOWL: Arshdeep Singh 1-51 (3)
  LAST WKT: Riyan Parag  c Suryansh Shedge b Yuzvendra Chahal 29(16)  - 151/4 in 13.6 ov.
  ⚠ DIVERGENCE: SCORE: ui=160 cb=165 | WICKETS: ui=6 cb=4 | OVERS: ui=14.4 cb=15 | STRIKER: ui=Donovan Ferreira cb=Shubham Dubey | BAT_dubey: ui=4(1) cb=5(2) | BAT_ferreira: ui=13(9) cb=17(10) | FOW_COUNT: ui=1 vs wickets=6 | BOWL_R: ui=47 cb=51 | BOWL_O: ui=2.5 cb=3

[22:32:33  iter#482]
  WS ERR: ''
  CB: RR 165-4 (15)  crr=11.0  ps=14(6)  recent=...
  CB BAT: Shubham Dubey* 5(2), Donovan Ferreira 17(10)
  CB BOWL: Arshdeep Singh 1-51 (3)
  LAST WKT: Riyan Parag  c Suryansh Shedge b Yuzvendra Chahal 29(16)  - 151/4 in 13.6 ov.
  ⚠ DIVERGENCE: BATTERS_MISSING_IN_UI: {'ferreira', 'dubey'} (ui=set(), cb={'ferreira', 'dubey'}) | BOWLER: ui=None cb=Arshdeep Singh

[22:32:54  iter#483]
  UI: Rajasthan Royals 160-6 (14.4)  str=Donovan Ferreira nstr=Shubham Dubey  bowl=Arshdeep Singh 1-47 (2.5)
  this_over=['?', '?', '?', '4']  fow=1 (unk=0)  last_fow={'wicket': 4, 'batter': 'Riyan Parag', 'score': 151, 'overs': '14.0', 'bowler': None, 'how': 'auto-inferred (striker on wicket)', '_unwitnessed': False}
  delivery: (none yet on UI)
  extras: this_over=0 innings=0 [w0/nb0/b0/lb0]
  CB: RR 166-4 (15.1)  crr=10.95  ps=15(7)  recent=1
  CB BAT: Donovan Ferreira* 17(10), Shubham Dubey 6(3)
  CB BOWL: Arshdeep Singh 1-51 (3)
  LAST WKT: Riyan Parag  c Suryansh Shedge b Yuzvendra Chahal 29(16)  - 151/4 in 13.6 ov.
  ⚠ DIVERGENCE: SCORE: ui=160 cb=166 | WICKETS: ui=6 cb=4 | OVERS: ui=14.4 cb=15.1 | BAT_ferreira: ui=13(9) cb=17(10) | BAT_dubey: ui=4(1) cb=6(3) | FOW_COUNT: ui=1 vs wickets=6 | BOWL_R: ui=47 cb=51 | BOWL_O: ui=2.5 cb=3

[22:33:16  iter#484]
  UI: Rajasthan Royals 160-6 (14.4)  str=Donovan Ferreira nstr=Shubham Dubey  bowl=Arshdeep Singh 1-47 (2.5)
  this_over=['?', '?', '?', '4']  fow=1 (unk=0)  last_fow={'wicket': 4, 'batter': 'Riyan Parag', 'score': 151, 'overs': '14.0', 'bowler': None, 'how': 'auto-inferred (striker on wicket)', '_unwitnessed': False}
  delivery: (none yet on UI)
  extras: this_over=0 innings=0 [w0/nb0/b0/lb0]
  CB: RR 166-4 (15.1)  crr=10.95  ps=15(7)  recent=1
  CB BAT: Donovan Ferreira* 17(10), Shubham Dubey 6(3)
  CB BOWL: Arshdeep Singh 1-51 (3)
  LAST WKT: Riyan Parag  c Suryansh Shedge b Yuzvendra Chahal 29(16)  - 151/4 in 13.6 ov.
  ⚠ DIVERGENCE: SCORE: ui=160 cb=166 | WICKETS: ui=6 cb=4 | OVERS: ui=14.4 cb=15.1 | BAT_ferreira: ui=13(9) cb=17(10) | BAT_dubey: ui=4(1) cb=6(3) | FOW_COUNT: ui=1 vs wickets=6 | BOWL_R: ui=47 cb=51 | BOWL_O: ui=2.5 cb=3

[22:33:39  iter#485]
  UI: Rajasthan Royals 160-6 (14.4)  str=Donovan Ferreira nstr=Shubham Dubey  bowl=Arshdeep Singh 4-47 (4)
  this_over=['?', '?', '?', '4']  fow=1 (unk=0)  last_fow={'wicket': 4, 'batter': 'Riyan Parag', 'score': 151, 'overs': '14.0', 'bowler': None, 'how': 'auto-inferred (striker on wicket)', '_unwitnessed': False}
  delivery: (none yet on UI)
  extras: this_over=0 innings=0 [w0/nb0/b0/lb0]
  CB: RR 167-4 (15.2)  crr=10.89  ps=16(8)  recent=1 1
  CB BAT: Shubham Dubey* 6(3), Donovan Ferreira 18(11)
  CB BOWL: Arshdeep Singh 1-51 (3)
  LAST WKT: Riyan Parag  c Suryansh Shedge b Yuzvendra Chahal 29(16)  - 151/4 in 13.6 ov.
  ⚠ DIVERGENCE: SCORE: ui=160 cb=167 | WICKETS: ui=6 cb=4 | OVERS: ui=14.4 cb=15.2 | STRIKER: ui=Donovan Ferreira cb=Shubham Dubey | BAT_dubey: ui=4(1) cb=6(3) | BAT_ferreira: ui=13(9) cb=18(11) | FOW_COUNT: ui=1 vs wickets=6 | BOWL_W: ui=4 cb=1 | BOWL_R: ui=47 cb=51 | BOWL_O: ui=4 cb=3

[22:34:03  iter#486]
  WS ERR: ''
  CB: RR 167-4 (15.2)  crr=10.89  ps=16(8)  recent=1 1
  CB BAT: Shubham Dubey* 6(3), Donovan Ferreira 18(11)
  CB BOWL: Arshdeep Singh 1-51 (3)
  LAST WKT: Riyan Parag  c Suryansh Shedge b Yuzvendra Chahal 29(16)  - 151/4 in 13.6 ov.
  ⚠ DIVERGENCE: BATTERS_MISSING_IN_UI: {'ferreira', 'dubey'} (ui=set(), cb={'ferreira', 'dubey'}) | BOWLER: ui=None cb=Arshdeep Singh

[22:34:27  iter#487]
  WS ERR: ''
  CB: RR 173-4 (15.3)  crr=11.16  ps=22(9)  recent=1 1 6
  CB BAT: Shubham Dubey* 12(4), Donovan Ferreira 18(11)
  CB BOWL: Arshdeep Singh 1-51 (3)
  LAST WKT: Riyan Parag  c Suryansh Shedge b Yuzvendra Chahal 29(16)  - 151/4 in 13.6 ov.
  ⚠ DIVERGENCE: BATTERS_MISSING_IN_UI: {'ferreira', 'dubey'} (ui=set(), cb={'ferreira', 'dubey'}) | BOWLER: ui=None cb=Arshdeep Singh

[22:34:52  iter#488]
  WS ERR: ''
  CB: RR 173-4 (15.3)  crr=11.16  ps=22(9)  recent=1 1 6
  CB BAT: Shubham Dubey* 12(4), Donovan Ferreira 18(11)
  CB BOWL: Arshdeep Singh 1-51 (3)
  LAST WKT: Riyan Parag  c Suryansh Shedge b Yuzvendra Chahal 29(16)  - 151/4 in 13.6 ov.
  ⚠ DIVERGENCE: BATTERS_MISSING_IN_UI: {'ferreira', 'dubey'} (ui=set(), cb={'ferreira', 'dubey'}) | BOWLER: ui=None cb=Arshdeep Singh

[22:35:13  iter#489]
  UI: Rajasthan Royals None-6 (15.3)  str=Shubham Dubey nstr=Donovan Ferreira  bowl=Marco Jansen 0-19 (2.3)
  this_over=['?', '?', '4']  fow=1 (unk=0)  last_fow={'wicket': 4, 'batter': 'Riyan Parag', 'score': 151, 'overs': '14.0', 'bowler': None, 'how': 'auto-inferred (striker on wicket)', '_unwitnessed': False}
  delivery: (none yet on UI)
  extras: this_over=0 innings=0 [w0/nb0/b0/lb0]
  CB: RR 173-4 (15.3)  crr=11.16  ps=22(9)  recent=1 1 6
  CB BAT: Shubham Dubey* 12(4), Donovan Ferreira 18(11)
  CB BOWL: Arshdeep Singh 1-51 (3)
  LAST WKT: Riyan Parag  c Suryansh Shedge b Yuzvendra Chahal 29(16)  - 151/4 in 13.6 ov.
  ⚠ DIVERGENCE: WICKETS: ui=6 cb=4 | FOW_COUNT: ui=1 vs wickets=6 | BOWLER: ui=Marco Jansen cb=Arshdeep Singh

[22:35:37  iter#490]
  WS ERR: ''
  CB: RR 177-4 (15.4)  crr=11.3  ps=26(10)  recent=1 1 6 4
  CB BAT: Shubham Dubey* 16(5), Donovan Ferreira 18(11)
  CB BOWL: Arshdeep Singh 1-51 (3)
  LAST WKT: Riyan Parag  c Suryansh Shedge b Yuzvendra Chahal 29(16)  - 151/4 in 13.6 ov.
  ⚠ DIVERGENCE: BATTERS_MISSING_IN_UI: {'ferreira', 'dubey'} (ui=set(), cb={'ferreira', 'dubey'}) | BOWLER: ui=None cb=Arshdeep Singh

[22:36:00  iter#491]
  UI: Rajasthan Royals 77-6 (15.4)  str=Donovan Ferreira nstr=Shubham Dubey  bowl=Yuzvendra Chahal 3-40 (4)
  this_over=['?', '?', '?', '4']  fow=1 (unk=0)  last_fow={'wicket': 4, 'batter': 'Riyan Parag', 'score': 151, 'overs': '14.0', 'bowler': None, 'how': 'auto-inferred (striker on wicket)', '_unwitnessed': False}
  delivery: (none yet on UI)
  extras: this_over=0 innings=0 [w0/nb0/b0/lb0]
  CB: RR 178-4 (15.4)  crr=11.36  ps=27(10)  recent=1 1 6 4 W
  CB BAT: Shubham Dubey* 16(5), Donovan Ferreira 18(11)
  CB BOWL: Arshdeep Singh 1-51 (3)
  LAST WKT: Riyan Parag  c Suryansh Shedge b Yuzvendra Chahal 29(16)  - 151/4 in 13.6 ov.
  ⚠ DIVERGENCE: SCORE: ui=77 cb=178 | WICKETS: ui=6 cb=4 | STRIKER: ui=Donovan Ferreira cb=Shubham Dubey | FOW_COUNT: ui=1 vs wickets=6 | BOWLER: ui=Yuzvendra Chahal cb=Arshdeep Singh

[22:36:22  iter#492]
  UI: Rajasthan Royals 78-6 (15.4)  str=Donovan Ferreira nstr=Shubham Dubey  bowl=Marco Jansen 0-32 (2.4)
  this_over=['?', '?', '?', '4', 'Wd']  fow=1 (unk=0)  last_fow={'wicket': 4, 'batter': 'Riyan Parag', 'score': 151, 'overs': '14.0', 'bowler': None, 'how': 'auto-inferred (striker on wicket)', '_unwitnessed': False}
  delivery: (none yet on UI)
  extras: this_over=1 innings=1 [w1/nb0/b0/lb0]
  extras_log: [{'over': '15.4', 'type': 'wide', 'runs': 1, 'this_over_after': []}]
  CB: RR 178-4 (15.4)  crr=11.36  ps=27(10)  recent=1 1 6 4 W
  CB BAT: Shubham Dubey* 16(5), Donovan Ferreira 18(11)
  CB BOWL: Arshdeep Singh 1-51 (3)
  LAST WKT: Riyan Parag  c Suryansh Shedge b Yuzvendra Chahal 29(16)  - 151/4 in 13.6 ov.
  ⚠ DIVERGENCE: SCORE: ui=78 cb=178 | WICKETS: ui=6 cb=4 | STRIKER: ui=Donovan Ferreira cb=Shubham Dubey | FOW_COUNT: ui=1 vs wickets=6 | BOWLER: ui=Marco Jansen cb=Arshdeep Singh

[22:36:46  iter#493]
  UI: Rajasthan Royals 78-6 (15.4)  str=Donovan Ferreira nstr=Shubham Dubey  bowl=Marco Jansen 0-32 (2.4)
  this_over=['?', '?', '?', '4', 'Wd']  fow=1 (unk=0)  last_fow={'wicket': 4, 'batter': 'Riyan Parag', 'score': 151, 'overs': '14.0', 'bowler': None, 'how': 'auto-inferred (striker on wicket)', '_unwitnessed': False}
  delivery: (none yet on UI)
  extras: this_over=1 innings=1 [w1/nb0/b0/lb0]
  extras_log: [{'over': '15.4', 'type': 'wide', 'runs': 1, 'this_over_after': []}]
  CB: RR 180-4 (15.5)  crr=11.37  ps=29(11)  recent=1 1 6 4 W
  CB BAT: Shubham Dubey* 18(6), Donovan Ferreira 18(11)
  CB BOWL: Arshdeep Singh 1-51 (3)
  LAST WKT: Riyan Parag  c Suryansh Shedge b Yuzvendra Chahal 29(16)  - 151/4 in 13.6 ov.
  ⚠ DIVERGENCE: SCORE: ui=78 cb=180 | WICKETS: ui=6 cb=4 | OVERS: ui=15.4 cb=15.5 | STRIKER: ui=Donovan Ferreira cb=Shubham Dubey | BAT_dubey: ui=16(5) cb=18(6) | FOW_COUNT: ui=1 vs wickets=6 | BOWLER: ui=Marco Jansen cb=Arshdeep Singh

[22:37:11  iter#494]
  WS ERR: ''
  CB: RR 179-4 (15.5)  crr=11.31  ps=28(11)  recent=1 1 6 4 W
  CB BAT: Donovan Ferreira* 18(11), Shubham Dubey 17(6)
  CB BOWL: Arshdeep Singh 1-51 (3)
  LAST WKT: Riyan Parag  c Suryansh Shedge b Yuzvendra Chahal 29(16)  - 151/4 in 13.6 ov.
  ⚠ DIVERGENCE: BATTERS_MISSING_IN_UI: {'ferreira', 'dubey'} (ui=set(), cb={'ferreira', 'dubey'}) | BOWLER: ui=None cb=Arshdeep Singh

[22:37:36  iter#495]
  WS ERR: ''
  CB: RR 180-4 (16)  crr=11.25  ps=29(12)  recent=1 1 6 4 W
  CB BAT: Donovan Ferreira* 19(12), Shubham Dubey 17(6)
  CB BOWL: Marco Jansen 0-34 (3)
  LAST WKT: Riyan Parag  c Suryansh Shedge b Yuzvendra Chahal 29(16)  - 151/4 in 13.6 ov.
  ⚠ DIVERGENCE: BATTERS_MISSING_IN_UI: {'ferreira', 'dubey'} (ui=set(), cb={'ferreira', 'dubey'}) | BOWLER: ui=None cb=Marco Jansen

[22:37:57  iter#496]
  UI: Rajasthan Royals 79-4 (15.5)  str=Donovan Ferreira nstr=Shubham Dubey  bowl=Marco Jansen 0-34 (3)
  this_over=['?', '?', '?', '?', '?']  fow=1 (unk=0)  last_fow={'wicket': 4, 'batter': 'Riyan Parag', 'score': 151, 'overs': '14.0', 'bowler': None, 'how': 'auto-inferred (striker on wicket)', '_unwitnessed': False}
  delivery: (none yet on UI)
  extras: this_over=1 innings=1 [w1/nb0/b0/lb0]
  extras_log: [{'over': '15.4', 'type': 'wide', 'runs': 1, 'this_over_after': []}]
  CB: RR 180-4 (16)  crr=11.25  ps=29(12)  recent=1 1 6 4 W
  CB BAT: Donovan Ferreira* 19(12), Shubham Dubey 17(6)
  CB BOWL: Marco Jansen 0-34 (3)
  LAST WKT: Riyan Parag  c Suryansh Shedge b Yuzvendra Chahal 29(16)  - 151/4 in 13.6 ov.
  ⚠ DIVERGENCE: SCORE: ui=79 cb=180 | OVERS: ui=15.5 cb=16 | BAT_ferreira: ui=18(11) cb=19(12) | FOW_COUNT: ui=1 vs wickets=4

[22:38:19  iter#497]
  UI: Rajasthan Royals 79-4 (15.5)  str=Shubham Dubey nstr=Donovan Ferreira  bowl=Marco Jansen 0-34 (3)
  this_over=['?', '?', '?', '?', '?']  fow=1 (unk=0)  last_fow={'wicket': 4, 'batter': 'Riyan Parag', 'score': 151, 'overs': '14.0', 'bowler': None, 'how': 'auto-inferred (striker on wicket)', '_unwitnessed': False}
  delivery: (none yet on UI)
  extras: this_over=1 innings=1 [w1/nb0/b0/lb0]
  extras_log: [{'over': '15.4', 'type': 'wide', 'runs': 1, 'this_over_after': []}]
  CB: RR 180-4 (16)  crr=11.25  ps=29(12)  recent=...
  CB BAT: Donovan Ferreira* 19(12), Shubham Dubey 17(6)
  CB BOWL: Marco Jansen 0-34 (3)
  LAST WKT: Riyan Parag  c Suryansh Shedge b Yuzvendra Chahal 29(16)  - 151/4 in 13.6 ov.
  ⚠ DIVERGENCE: SCORE: ui=79 cb=180 | OVERS: ui=15.5 cb=16 | STRIKER: ui=Shubham Dubey cb=Donovan Ferreira | BAT_ferreira: ui=18(11) cb=19(12) | FOW_COUNT: ui=1 vs wickets=4

[22:38:41  iter#498]
  UI: Rajasthan Royals None-0 (None)  str=Donovan Ferreira nstr=Shubham Dubey  bowl=Marco Jansen 0-34 (3)
  this_over=['?', '?', '?', '?', '?']  fow=1 (unk=0)  last_fow={'wicket': 4, 'batter': 'Riyan Parag', 'score': 151, 'overs': '14.0', 'bowler': None, 'how': 'auto-inferred (striker on wicket)', '_unwitnessed': False}
  delivery: (none yet on UI)
  extras: this_over=1 innings=1 [w1/nb0/b0/lb0]
  extras_log: [{'over': '15.4', 'type': 'wide', 'runs': 1, 'this_over_after': []}]
  CB: RR 180-4 (16.1)  crr=11.13  ps=29(13)  recent=0
  CB BAT: Donovan Ferreira* 19(13), Shubham Dubey 17(6)
  CB BOWL: Marco Jansen 0-34 (3)
  LAST WKT: Riyan Parag  c Suryansh Shedge b Yuzvendra Chahal 29(16)  - 151/4 in 13.6 ov.
  ⚠ DIVERGENCE: WICKETS: ui=0 cb=4 | BAT_ferreira: ui=19(12) cb=19(13) | FOW_COUNT: ui=1 vs wickets=0

[22:39:04  iter#499]
  UI: Rajasthan Royals 80-0 (16.1)  str=Donovan Ferreira nstr=Shubham Dubey  bowl=Lockie Ferguson 0-33 (2.1)
  this_over=['4', 'W']  fow=1 (unk=0)  last_fow={'wicket': 4, 'batter': 'Riyan Parag', 'score': 151, 'overs': '14.0', 'bowler': None, 'how': 'auto-inferred (striker on wicket)', '_unwitnessed': False}
  delivery: (none yet on UI)
  extras: this_over=1 innings=1 [w1/nb0/b0/lb0]
  extras_log: [{'over': '15.4', 'type': 'wide', 'runs': 1, 'this_over_after': []}]
  CB: RR 181-4 (16.1)  crr=11.2  ps=30(13)  recent=0 W
  CB BAT: Donovan Ferreira* 19(13), Shubham Dubey 17(6)
  CB BOWL: Marco Jansen 0-34 (3)
  LAST WKT: Riyan Parag  c Suryansh Shedge b Yuzvendra Chahal 29(16)  - 151/4 in 13.6 ov.
  ⚠ DIVERGENCE: SCORE: ui=80 cb=181 | WICKETS: ui=0 cb=4 | FOW_COUNT: ui=1 vs wickets=0 | BOWLER: ui=Lockie Ferguson cb=Marco Jansen

[22:39:27  iter#500]
  UI: Rajasthan Royals 80-4 (16.1)  str=Shubham Dubey nstr=None  bowl=Yuzvendra Chahal 3-40 (4)
  this_over=['?']  fow=1 (unk=0)  last_fow={'wicket': 4, 'batter': 'Riyan Parag', 'score': 151, 'overs': '14.0', 'bowler': None, 'how': 'auto-inferred (striker on wicket)', '_unwitnessed': False}
  delivery: (none yet on UI)
  extras: this_over=1 innings=1 [w1/nb0/b0/lb0]
  extras_log: [{'over': '15.4', 'type': 'wide', 'runs': 1, 'this_over_after': []}]
  CB: RR 181-4 (16.1)  crr=11.2  ps=30(13)  recent=0 W
  CB BAT: Donovan Ferreira* 19(13), Shubham Dubey 17(6)
  CB BOWL: Marco Jansen 0-34 (3)
  LAST WKT: Riyan Parag  c Suryansh Shedge b Yuzvendra Chahal 29(16)  - 151/4 in 13.6 ov.
  ⚠ DIVERGENCE: SCORE: ui=80 cb=181 | STRIKER: ui=Shubham Dubey cb=Donovan Ferreira | BATTERS_MISSING_IN_UI: {'ferreira'} (ui={'dubey'}, cb={'ferreira', 'dubey'}) | FOW_COUNT: ui=1 vs wickets=4 | BOWLER: ui=Yuzvendra Chahal cb=Marco Jansen

[22:39:52  iter#501]
  WS ERR: ''
  CB: RR 181-4 (16.2)  crr=11.08  ps=30(14)  recent=0 W
  CB BAT: Donovan Ferreira* 19(14), Shubham Dubey 17(6)
  CB BOWL: Marco Jansen 0-34 (3)
  LAST WKT: Riyan Parag  c Suryansh Shedge b Yuzvendra Chahal 29(16)  - 151/4 in 13.6 ov.
  ⚠ DIVERGENCE: BATTERS_MISSING_IN_UI: {'ferreira', 'dubey'} (ui=set(), cb={'ferreira', 'dubey'}) | BOWLER: ui=None cb=Marco Jansen

[22:40:16  iter#502]
  UI: Rajasthan Royals 81-4 (16.2)  str=Shubham Dubey nstr=None  bowl=Lockie Ferguson 0-34 (2.2)
  this_over=['?', '1']  fow=1 (unk=0)  last_fow={'wicket': 4, 'batter': 'Riyan Parag', 'score': 151, 'overs': '14.0', 'bowler': None, 'how': 'auto-inferred (striker on wicket)', '_unwitnessed': False}
  delivery: (none yet on UI)
  extras: this_over=1 innings=1 [w1/nb0/b0/lb0]
  extras_log: [{'over': '15.4', 'type': 'wide', 'runs': 1, 'this_over_after': []}]
  CB: RR 181-4 (16.3)  crr=10.97  ps=30(15)  recent=0 W
  CB BAT: Donovan Ferreira* 19(15), Shubham Dubey 17(6)
  CB BOWL: Marco Jansen 0-34 (3)
  LAST WKT: Riyan Parag  c Suryansh Shedge b Yuzvendra Chahal 29(16)  - 151/4 in 13.6 ov.
  ⚠ DIVERGENCE: SCORE: ui=81 cb=181 | OVERS: ui=16.2 cb=16.3 | STRIKER: ui=Shubham Dubey cb=Donovan Ferreira | BATTERS_MISSING_IN_UI: {'ferreira'} (ui={'dubey'}, cb={'ferreira', 'dubey'}) | FOW_COUNT: ui=1 vs wickets=4 | BOWLER: ui=Lockie Ferguson cb=Marco Jansen

[22:40:39  iter#503]
  UI: Rajasthan Royals 81-4 (16.2)  str=Shubham Dubey nstr=None  bowl=Lockie Ferguson 1-34 (2.2)
  this_over=['?', '1']  fow=1 (unk=0)  last_fow={'wicket': 4, 'batter': 'Riyan Parag', 'score': 151, 'overs': '14.0', 'bowler': None, 'how': 'auto-inferred (striker on wicket)', '_unwitnessed': False}
  delivery: (none yet on UI)
  extras: this_over=1 innings=1 [w1/nb0/b0/lb0]
  extras_log: [{'over': '15.4', 'type': 'wide', 'runs': 1, 'this_over_after': []}]
  CB: RR 181-4 (16.3)  crr=10.97  ps=30(15)  recent=0 W
  CB BAT: Donovan Ferreira* 19(15), Shubham Dubey 17(6)
  CB BOWL: Marco Jansen 0-34 (3)
  LAST WKT: Riyan Parag  c Suryansh Shedge b Yuzvendra Chahal 29(16)  - 151/4 in 13.6 ov.
  ⚠ DIVERGENCE: SCORE: ui=81 cb=181 | OVERS: ui=16.2 cb=16.3 | STRIKER: ui=Shubham Dubey cb=Donovan Ferreira | BATTERS_MISSING_IN_UI: {'ferreira'} (ui={'dubey'}, cb={'ferreira', 'dubey'}) | FOW_COUNT: ui=1 vs wickets=4 | BOWLER: ui=Lockie Ferguson cb=Marco Jansen

[22:41:04  iter#504]
  WS ERR: ''
  CB: RR 182-4 (16.4)  crr=10.92  ps=31(16)  recent=...
  CB BAT: Shubham Dubey* 17(6), Donovan Ferreira 20(16)
  CB BOWL: Marco Jansen 0-34 (3)
  LAST WKT: Riyan Parag  c Suryansh Shedge b Yuzvendra Chahal 29(16)  - 151/4 in 13.6 ov.
  ⚠ DIVERGENCE: BATTERS_MISSING_IN_UI: {'ferreira', 'dubey'} (ui=set(), cb={'ferreira', 'dubey'}) | BOWLER: ui=None cb=Marco Jansen

[22:41:26  iter#505]
  UI: Rajasthan Royals 81-4 (16.2)  str=Shubham Dubey nstr=None  bowl=Lockie Ferguson 1-35 (2.4)
  this_over=['?', '1']  fow=1 (unk=0)  last_fow={'wicket': 4, 'batter': 'Riyan Parag', 'score': 151, 'overs': '14.0', 'bowler': None, 'how': 'auto-inferred (striker on wicket)', '_unwitnessed': False}
  delivery: (none yet on UI)
  extras: this_over=1 innings=1 [w1/nb0/b0/lb0]
  extras_log: [{'over': '15.4', 'type': 'wide', 'runs': 1, 'this_over_after': []}]
  CB: RR 186-4 (16.5)  crr=11.05  ps=35(17)  recent=0 W
  CB BAT: Shubham Dubey* 21(7), Donovan Ferreira 20(16)
  CB BOWL: Marco Jansen 0-34 (3)
  LAST WKT: Riyan Parag  c Suryansh Shedge b Yuzvendra Chahal 29(16)  - 151/4 in 13.6 ov.
  ⚠ DIVERGENCE: SCORE: ui=81 cb=186 | OVERS: ui=16.2 cb=16.5 | BATTERS_MISSING_IN_UI: {'ferreira'} (ui={'dubey'}, cb={'ferreira', 'dubey'}) | BAT_dubey: ui=17(6) cb=21(7) | FOW_COUNT: ui=1 vs wickets=4 | BOWLER: ui=Lockie Ferguson cb=Marco Jansen

[22:41:50  iter#506]
  WS ERR: ''
  CB: RR 186-4 (16.5)  crr=11.05  ps=35(17)  recent=0 W
  CB BAT: Shubham Dubey* 21(7), Donovan Ferreira 20(16)
  CB BOWL: Marco Jansen 0-34 (3)
  LAST WKT: Riyan Parag  c Suryansh Shedge b Yuzvendra Chahal 29(16)  - 151/4 in 13.6 ov.
  ⚠ DIVERGENCE: BATTERS_MISSING_IN_UI: {'ferreira', 'dubey'} (ui=set(), cb={'ferreira', 'dubey'}) | BOWLER: ui=None cb=Marco Jansen

[22:42:11  iter#507]
  WS ERR: "Multiple exceptions: [Errno 61] Connect call failed ('::1', 8765, 0, 0), [Errno 61] Connect call failed ('127.0.0.1', 8765)"
  CB: RR 186-4 (16.5)  crr=11.05  ps=35(17)  recent=0 W
  CB BAT: Shubham Dubey* 21(7), Donovan Ferreira 20(16)
  CB BOWL: Marco Jansen 0-34 (3)
  LAST WKT: Riyan Parag  c Suryansh Shedge b Yuzvendra Chahal 29(16)  - 151/4 in 13.6 ov.
  ⚠ DIVERGENCE: BATTERS_MISSING_IN_UI: {'ferreira', 'dubey'} (ui=set(), cb={'ferreira', 'dubey'}) | BOWLER: ui=None cb=Marco Jansen

[22:42:31  iter#508]
  WS ERR: "Multiple exceptions: [Errno 61] Connect call failed ('::1', 8765, 0, 0), [Errno 61] Connect call failed ('127.0.0.1', 8765)"
  CB: RR 188-4 (17)  crr=11.06  ps=37(18)  recent=0 W
  CB BAT: Donovan Ferreira* 20(16), Shubham Dubey 23(8)
  CB BOWL: Lockie Ferguson 0-41 (3)
  LAST WKT: Riyan Parag  c Suryansh Shedge b Yuzvendra Chahal 29(16)  - 151/4 in 13.6 ov.
  ⚠ DIVERGENCE: BATTERS_MISSING_IN_UI: {'ferreira', 'dubey'} (ui=set(), cb={'ferreira', 'dubey'}) | BOWLER: ui=None cb=Lockie Ferguson

[22:42:51  iter#509]
  WS ERR: "Multiple exceptions: [Errno 61] Connect call failed ('::1', 8765, 0, 0), [Errno 61] Connect call failed ('127.0.0.1', 8765)"
  CB: RR 188-4 (17)  crr=11.06  ps=37(18)  recent=0 W
  CB BAT: Donovan Ferreira* 20(16), Shubham Dubey 23(8)
  CB BOWL: Lockie Ferguson 0-41 (3)
  LAST WKT: Riyan Parag  c Suryansh Shedge b Yuzvendra Chahal 29(16)  - 151/4 in 13.6 ov.
  ⚠ DIVERGENCE: BATTERS_MISSING_IN_UI: {'ferreira', 'dubey'} (ui=set(), cb={'ferreira', 'dubey'}) | BOWLER: ui=None cb=Lockie Ferguson

[22:43:12  iter#510]
  WS ERR: "Multiple exceptions: [Errno 61] Connect call failed ('::1', 8765, 0, 0), [Errno 61] Connect call failed ('127.0.0.1', 8765)"
  CB: RR 188-4 (17)  crr=11.06  ps=37(18)  recent=0 W
  CB BAT: Donovan Ferreira* 20(16), Shubham Dubey 23(8)
  CB BOWL: Lockie Ferguson 0-41 (3)
  LAST WKT: Riyan Parag  c Suryansh Shedge b Yuzvendra Chahal 29(16)  - 151/4 in 13.6 ov.
  ⚠ DIVERGENCE: BATTERS_MISSING_IN_UI: {'ferreira', 'dubey'} (ui=set(), cb={'ferreira', 'dubey'}) | BOWLER: ui=None cb=Lockie Ferguson

[22:43:33  iter#511]
  WS ERR: "Multiple exceptions: [Errno 61] Connect call failed ('::1', 8765, 0, 0), [Errno 61] Connect call failed ('127.0.0.1', 8765)"
  CB: RR 188-4 (17)  crr=11.06  ps=37(18)  recent=0 W
  CB BAT: Donovan Ferreira* 20(16), Shubham Dubey 23(8)
  CB BOWL: Lockie Ferguson 0-41 (3)
  LAST WKT: Riyan Parag  c Suryansh Shedge b Yuzvendra Chahal 29(16)  - 151/4 in 13.6 ov.
  ⚠ DIVERGENCE: BATTERS_MISSING_IN_UI: {'ferreira', 'dubey'} (ui=set(), cb={'ferreira', 'dubey'}) | BOWLER: ui=None cb=Lockie Ferguson

[22:43:53  iter#512]
  WS ERR: "Multiple exceptions: [Errno 61] Connect call failed ('::1', 8765, 0, 0), [Errno 61] Connect call failed ('127.0.0.1', 8765)"
  CB: RR 194-4 (17.1)  crr=11.3  ps=43(19)  recent=6
  CB BAT: Donovan Ferreira* 26(17), Shubham Dubey 23(8)
  CB BOWL: Lockie Ferguson 0-41 (3)
  LAST WKT: Riyan Parag  c Suryansh Shedge b Yuzvendra Chahal 29(16)  - 151/4 in 13.6 ov.
  ⚠ DIVERGENCE: BATTERS_MISSING_IN_UI: {'ferreira', 'dubey'} (ui=set(), cb={'ferreira', 'dubey'}) | BOWLER: ui=None cb=Lockie Ferguson

[22:44:14  iter#513]
  WS ERR: "Multiple exceptions: [Errno 61] Connect call failed ('::1', 8765, 0, 0), [Errno 61] Connect call failed ('127.0.0.1', 8765)"
  CB: RR 194-4 (17.1)  crr=11.3  ps=43(19)  recent=6
  CB BAT: Donovan Ferreira* 26(17), Shubham Dubey 23(8)
  CB BOWL: Lockie Ferguson 0-41 (3)
  LAST WKT: Riyan Parag  c Suryansh Shedge b Yuzvendra Chahal 29(16)  - 151/4 in 13.6 ov.
  ⚠ DIVERGENCE: BATTERS_MISSING_IN_UI: {'ferreira', 'dubey'} (ui=set(), cb={'ferreira', 'dubey'}) | BOWLER: ui=None cb=Lockie Ferguson

[22:44:34  iter#514]
  WS ERR: "Multiple exceptions: [Errno 61] Connect call failed ('::1', 8765, 0, 0), [Errno 61] Connect call failed ('127.0.0.1', 8765)"
  CB: RR 194-4 (17.1)  crr=11.3  ps=43(19)  recent=6
  CB BAT: Donovan Ferreira* 26(17), Shubham Dubey 23(8)
  CB BOWL: Lockie Ferguson 0-41 (3)
  LAST WKT: Riyan Parag  c Suryansh Shedge b Yuzvendra Chahal 29(16)  - 151/4 in 13.6 ov.
  ⚠ DIVERGENCE: BATTERS_MISSING_IN_UI: {'ferreira', 'dubey'} (ui=set(), cb={'ferreira', 'dubey'}) | BOWLER: ui=None cb=Lockie Ferguson

[22:44:55  iter#515]
  WS ERR: "Multiple exceptions: [Errno 61] Connect call failed ('::1', 8765, 0, 0), [Errno 61] Connect call failed ('127.0.0.1', 8765)"
  CB: RR 198-4 (17.2)  crr=11.42  ps=47(20)  recent=6 4
  CB BAT: Donovan Ferreira* 30(18), Shubham Dubey 23(8)
  CB BOWL: Lockie Ferguson 0-41 (3)
  LAST WKT: Riyan Parag  c Suryansh Shedge b Yuzvendra Chahal 29(16)  - 151/4 in 13.6 ov.
  ⚠ DIVERGENCE: BATTERS_MISSING_IN_UI: {'ferreira', 'dubey'} (ui=set(), cb={'ferreira', 'dubey'}) | BOWLER: ui=None cb=Lockie Ferguson

[22:45:15  iter#516]
  WS ERR: "Multiple exceptions: [Errno 61] Connect call failed ('::1', 8765, 0, 0), [Errno 61] Connect call failed ('127.0.0.1', 8765)"
  CB: RR 198-4 (17.2)  crr=11.42  ps=47(20)  recent=6 4
  CB BAT: Donovan Ferreira* 30(18), Shubham Dubey 23(8)
  CB BOWL: Lockie Ferguson 0-41 (3)
  LAST WKT: Riyan Parag  c Suryansh Shedge b Yuzvendra Chahal 29(16)  - 151/4 in 13.6 ov.
  ⚠ DIVERGENCE: BATTERS_MISSING_IN_UI: {'ferreira', 'dubey'} (ui=set(), cb={'ferreira', 'dubey'}) | BOWLER: ui=None cb=Lockie Ferguson

[22:45:35  iter#517]
  WS ERR: "Multiple exceptions: [Errno 61] Connect call failed ('::1', 8765, 0, 0), [Errno 61] Connect call failed ('127.0.0.1', 8765)"
  CB: RR 198-4 (17.2)  crr=11.42  ps=47(20)  recent=6 4
  CB BAT: Donovan Ferreira* 30(18), Shubham Dubey 23(8)
  CB BOWL: Lockie Ferguson 0-41 (3)
  LAST WKT: Riyan Parag  c Suryansh Shedge b Yuzvendra Chahal 29(16)  - 151/4 in 13.6 ov.
  ⚠ DIVERGENCE: BATTERS_MISSING_IN_UI: {'ferreira', 'dubey'} (ui=set(), cb={'ferreira', 'dubey'}) | BOWLER: ui=None cb=Lockie Ferguson

[22:45:56  iter#518]
  WS ERR: "Multiple exceptions: [Errno 61] Connect call failed ('::1', 8765, 0, 0), [Errno 61] Connect call failed ('127.0.0.1', 8765)"
  CB: RR 198-4 (17.3)  crr=11.31  ps=47(21)  recent=6 4 0
  CB BAT: Donovan Ferreira* 30(19), Shubham Dubey 23(8)
  CB BOWL: Lockie Ferguson 0-41 (3)
  LAST WKT: Riyan Parag  c Suryansh Shedge b Yuzvendra Chahal 29(16)  - 151/4 in 13.6 ov.
  ⚠ DIVERGENCE: BATTERS_MISSING_IN_UI: {'ferreira', 'dubey'} (ui=set(), cb={'ferreira', 'dubey'}) | BOWLER: ui=None cb=Lockie Ferguson

[22:46:16  iter#519]
  WS ERR: "Multiple exceptions: [Errno 61] Connect call failed ('::1', 8765, 0, 0), [Errno 61] Connect call failed ('127.0.0.1', 8765)"
  CB: RR 198-4 (17.3)  crr=11.31  ps=47(21)  recent=6 4 0
  CB BAT: Donovan Ferreira* 30(19), Shubham Dubey 23(8)
  CB BOWL: Lockie Ferguson 0-41 (3)
  LAST WKT: Riyan Parag  c Suryansh Shedge b Yuzvendra Chahal 29(16)  - 151/4 in 13.6 ov.
  ⚠ DIVERGENCE: BATTERS_MISSING_IN_UI: {'ferreira', 'dubey'} (ui=set(), cb={'ferreira', 'dubey'}) | BOWLER: ui=None cb=Lockie Ferguson

[22:46:37  iter#520]
  WS ERR: "Multiple exceptions: [Errno 61] Connect call failed ('::1', 8765, 0, 0), [Errno 61] Connect call failed ('127.0.0.1', 8765)"
  CB: RR 199-4 (17.4)  crr=11.26  ps=48(22)  recent=6 4 0 1
  CB BAT: Shubham Dubey* 23(8), Donovan Ferreira 31(20)
  CB BOWL: Lockie Ferguson 0-41 (3)
  LAST WKT: Riyan Parag  c Suryansh Shedge b Yuzvendra Chahal 29(16)  - 151/4 in 13.6 ov.
  ⚠ DIVERGENCE: BATTERS_MISSING_IN_UI: {'ferreira', 'dubey'} (ui=set(), cb={'ferreira', 'dubey'}) | BOWLER: ui=None cb=Lockie Ferguson

[22:46:57  iter#521]
  WS ERR: "Multiple exceptions: [Errno 61] Connect call failed ('::1', 8765, 0, 0), [Errno 61] Connect call failed ('127.0.0.1', 8765)"
  CB: RR 199-4 (17.4)  crr=11.26  ps=48(22)  recent=6 4 0 1
  CB BAT: Shubham Dubey* 23(8), Donovan Ferreira 31(20)
  CB BOWL: Lockie Ferguson 0-41 (3)
  LAST WKT: Riyan Parag  c Suryansh Shedge b Yuzvendra Chahal 29(16)  - 151/4 in 13.6 ov.
  ⚠ DIVERGENCE: BATTERS_MISSING_IN_UI: {'ferreira', 'dubey'} (ui=set(), cb={'ferreira', 'dubey'}) | BOWLER: ui=None cb=Lockie Ferguson

[22:47:17  iter#522]
  WS ERR: "Multiple exceptions: [Errno 61] Connect call failed ('::1', 8765, 0, 0), [Errno 61] Connect call failed ('127.0.0.1', 8765)"
  CB: RR 199-4 (17.5)  crr=11.16  ps=48(23)  recent=6 4 0 1 0
  CB BAT: Shubham Dubey* 23(9), Donovan Ferreira 31(20)
  CB BOWL: Lockie Ferguson 0-41 (3)
  LAST WKT: Riyan Parag  c Suryansh Shedge b Yuzvendra Chahal 29(16)  - 151/4 in 13.6 ov.
  ⚠ DIVERGENCE: BATTERS_MISSING_IN_UI: {'ferreira', 'dubey'} (ui=set(), cb={'ferreira', 'dubey'}) | BOWLER: ui=None cb=Lockie Ferguson

[22:47:38  iter#523]
  WS ERR: "Multiple exceptions: [Errno 61] Connect call failed ('::1', 8765, 0, 0), [Errno 61] Connect call failed ('127.0.0.1', 8765)"
  CB: RR 205-4 (18)  crr=11.39  ps=54(24)  recent=6 4 0 1 0 6
  CB BAT: Donovan Ferreira* 31(20), Shubham Dubey 29(10)
  CB BOWL: Arshdeep Singh 1-68 (4)
  LAST WKT: Riyan Parag  c Suryansh Shedge b Yuzvendra Chahal 29(16)  - 151/4 in 13.6 ov.
  ⚠ DIVERGENCE: BATTERS_MISSING_IN_UI: {'ferreira', 'dubey'} (ui=set(), cb={'ferreira', 'dubey'}) | BOWLER: ui=None cb=Arshdeep Singh

[22:47:58  iter#524]
  WS ERR: "Multiple exceptions: [Errno 61] Connect call failed ('::1', 8765, 0, 0), [Errno 61] Connect call failed ('127.0.0.1', 8765)"
  CB: RR 205-4 (18)  crr=11.39  ps=54(24)  recent=6 4 0 1 0 6
  CB BAT: Donovan Ferreira* 31(20), Shubham Dubey 29(10)
  CB BOWL: Arshdeep Singh 1-68 (4)
  LAST WKT: Riyan Parag  c Suryansh Shedge b Yuzvendra Chahal 29(16)  - 151/4 in 13.6 ov.
  ⚠ DIVERGENCE: BATTERS_MISSING_IN_UI: {'ferreira', 'dubey'} (ui=set(), cb={'ferreira', 'dubey'}) | BOWLER: ui=None cb=Arshdeep Singh

[22:48:18  iter#525]
  WS ERR: "Multiple exceptions: [Errno 61] Connect call failed ('::1', 8765, 0, 0), [Errno 61] Connect call failed ('127.0.0.1', 8765)"
  CB: RR 205-4 (18)  crr=11.39  ps=54(24)  recent=6 4 0 1 0 6
  CB BAT: Donovan Ferreira* 31(20), Shubham Dubey 29(10)
  CB BOWL: Arshdeep Singh 1-68 (4)
  LAST WKT: Riyan Parag  c Suryansh Shedge b Yuzvendra Chahal 29(16)  - 151/4 in 13.6 ov.
  ⚠ DIVERGENCE: BATTERS_MISSING_IN_UI: {'ferreira', 'dubey'} (ui=set(), cb={'ferreira', 'dubey'}) | BOWLER: ui=None cb=Arshdeep Singh

[22:48:39  iter#526]
  WS ERR: "Multiple exceptions: [Errno 61] Connect call failed ('::1', 8765, 0, 0), [Errno 61] Connect call failed ('127.0.0.1', 8765)"
  CB: RR 205-4 (18)  crr=11.39  ps=54(24)  recent=6 4 0 1 0 6
  CB BAT: Donovan Ferreira* 31(20), Shubham Dubey 29(10)
  CB BOWL: Arshdeep Singh 1-68 (4)
  LAST WKT: Riyan Parag  c Suryansh Shedge b Yuzvendra Chahal 29(16)  - 151/4 in 13.6 ov.
  ⚠ DIVERGENCE: BATTERS_MISSING_IN_UI: {'ferreira', 'dubey'} (ui=set(), cb={'ferreira', 'dubey'}) | BOWLER: ui=None cb=Arshdeep Singh

[22:48:59  iter#527]
  WS ERR: "Multiple exceptions: [Errno 61] Connect call failed ('::1', 8765, 0, 0), [Errno 61] Connect call failed ('127.0.0.1', 8765)"
  CB: RR 209-4 (18.1)  crr=11.5  ps=58(25)  recent=4
  CB BAT: Donovan Ferreira* 35(21), Shubham Dubey 29(10)
  CB BOWL: Arshdeep Singh 1-68 (4)
  LAST WKT: Riyan Parag  c Suryansh Shedge b Yuzvendra Chahal 29(16)  - 151/4 in 13.6 ov.
  ⚠ DIVERGENCE: BATTERS_MISSING_IN_UI: {'ferreira', 'dubey'} (ui=set(), cb={'ferreira', 'dubey'}) | BOWLER: ui=None cb=Arshdeep Singh

[22:49:20  iter#528]
  WS ERR: "Multiple exceptions: [Errno 61] Connect call failed ('::1', 8765, 0, 0), [Errno 61] Connect call failed ('127.0.0.1', 8765)"
  CB: RR 209-4 (18.1)  crr=11.5  ps=58(25)  recent=4
  CB BAT: Donovan Ferreira* 35(21), Shubham Dubey 29(10)
  CB BOWL: Arshdeep Singh 1-68 (4)
  LAST WKT: Riyan Parag  c Suryansh Shedge b Yuzvendra Chahal 29(16)  - 151/4 in 13.6 ov.
  ⚠ DIVERGENCE: BATTERS_MISSING_IN_UI: {'ferreira', 'dubey'} (ui=set(), cb={'ferreira', 'dubey'}) | BOWLER: ui=None cb=Arshdeep Singh

[22:49:40  iter#529]
  WS ERR: "Multiple exceptions: [Errno 61] Connect call failed ('::1', 8765, 0, 0), [Errno 61] Connect call failed ('127.0.0.1', 8765)"
  CB: RR 215-4 (18.2)  crr=11.73  ps=64(26)  recent=4 6
  CB BAT: Donovan Ferreira* 41(22), Shubham Dubey 29(10)
  CB BOWL: Arshdeep Singh 1-68 (4)
  LAST WKT: Riyan Parag  c Suryansh Shedge b Yuzvendra Chahal 29(16)  - 151/4 in 13.6 ov.
  ⚠ DIVERGENCE: BATTERS_MISSING_IN_UI: {'ferreira', 'dubey'} (ui=set(), cb={'ferreira', 'dubey'}) | BOWLER: ui=None cb=Arshdeep Singh

[22:50:00  iter#530]
  WS ERR: "Multiple exceptions: [Errno 61] Connect call failed ('::1', 8765, 0, 0), [Errno 61] Connect call failed ('127.0.0.1', 8765)"
  CB: RR 215-4 (18.2)  crr=11.73  ps=64(26)  recent=4 6
  CB BAT: Donovan Ferreira* 41(22), Shubham Dubey 29(10)
  CB BOWL: Arshdeep Singh 1-68 (4)
  LAST WKT: Riyan Parag  c Suryansh Shedge b Yuzvendra Chahal 29(16)  - 151/4 in 13.6 ov.
  ⚠ DIVERGENCE: BATTERS_MISSING_IN_UI: {'ferreira', 'dubey'} (ui=set(), cb={'ferreira', 'dubey'}) | BOWLER: ui=None cb=Arshdeep Singh

[22:50:21  iter#531]
  WS ERR: "Multiple exceptions: [Errno 61] Connect call failed ('::1', 8765, 0, 0), [Errno 61] Connect call failed ('127.0.0.1', 8765)"
  CB: RR 215-4 (18.2)  crr=11.73  ps=64(26)  recent=4 6
  CB BAT: Donovan Ferreira* 41(22), Shubham Dubey 29(10)
  CB BOWL: Arshdeep Singh 1-68 (4)
  LAST WKT: Riyan Parag  c Suryansh Shedge b Yuzvendra Chahal 29(16)  - 151/4 in 13.6 ov.
  ⚠ DIVERGENCE: BATTERS_MISSING_IN_UI: {'ferreira', 'dubey'} (ui=set(), cb={'ferreira', 'dubey'}) | BOWLER: ui=None cb=Arshdeep Singh

[22:50:41  iter#532]
  WS ERR: "Multiple exceptions: [Errno 61] Connect call failed ('::1', 8765, 0, 0), [Errno 61] Connect call failed ('127.0.0.1', 8765)"
  CB: RR 215-4 (18.3)  crr=11.62  ps=64(27)  recent=4 6 0
  CB BAT: Donovan Ferreira* 41(23), Shubham Dubey 29(10)
  CB BOWL: Arshdeep Singh 1-68 (4)
  LAST WKT: Riyan Parag  c Suryansh Shedge b Yuzvendra Chahal 29(16)  - 151/4 in 13.6 ov.
  ⚠ DIVERGENCE: BATTERS_MISSING_IN_UI: {'ferreira', 'dubey'} (ui=set(), cb={'ferreira', 'dubey'}) | BOWLER: ui=None cb=Arshdeep Singh

[22:51:01  iter#533]
  WS ERR: "Multiple exceptions: [Errno 61] Connect call failed ('::1', 8765, 0, 0), [Errno 61] Connect call failed ('127.0.0.1', 8765)"
  CB: RR 215-4 (18.3)  crr=11.62  ps=64(27)  recent=4 6 0
  CB BAT: Donovan Ferreira* 41(23), Shubham Dubey 29(10)
  CB BOWL: Arshdeep Singh 1-68 (4)
  LAST WKT: Riyan Parag  c Suryansh Shedge b Yuzvendra Chahal 29(16)  - 151/4 in 13.6 ov.
  ⚠ DIVERGENCE: BATTERS_MISSING_IN_UI: {'ferreira', 'dubey'} (ui=set(), cb={'ferreira', 'dubey'}) | BOWLER: ui=None cb=Arshdeep Singh

[22:51:21  iter#534]
  WS ERR: "Multiple exceptions: [Errno 61] Connect call failed ('::1', 8765, 0, 0), [Errno 61] Connect call failed ('127.0.0.1', 8765)"
  CB: RR 219-4 (18.4)  crr=11.73  ps=68(28)  recent=4 6 0 4
  CB BAT: Donovan Ferreira* 45(24), Shubham Dubey 29(10)
  CB BOWL: Arshdeep Singh 1-68 (4)
  LAST WKT: Riyan Parag  c Suryansh Shedge b Yuzvendra Chahal 29(16)  - 151/4 in 13.6 ov.
  ⚠ DIVERGENCE: BATTERS_MISSING_IN_UI: {'ferreira', 'dubey'} (ui=set(), cb={'ferreira', 'dubey'}) | BOWLER: ui=None cb=Arshdeep Singh

[22:51:42  iter#535]
  WS ERR: "Multiple exceptions: [Errno 61] Connect call failed ('::1', 8765, 0, 0), [Errno 61] Connect call failed ('127.0.0.1', 8765)"
  CB: RR 219-4 (18.4)  crr=11.73  ps=68(28)  recent=4 6 0 4
  CB BAT: Donovan Ferreira* 45(24), Shubham Dubey 29(10)
  CB BOWL: Arshdeep Singh 1-68 (4)
  LAST WKT: Riyan Parag  c Suryansh Shedge b Yuzvendra Chahal 29(16)  - 151/4 in 13.6 ov.
  ⚠ DIVERGENCE: BATTERS_MISSING_IN_UI: {'ferreira', 'dubey'} (ui=set(), cb={'ferreira', 'dubey'}) | BOWLER: ui=None cb=Arshdeep Singh

[22:52:02  iter#536]
  WS ERR: "Multiple exceptions: [Errno 61] Connect call failed ('::1', 8765, 0, 0), [Errno 61] Connect call failed ('127.0.0.1', 8765)"
  CB: RR 220-4 (18.5)  crr=11.68  ps=69(29)  recent=4 6 0 4 1
  CB BAT: Shubham Dubey* 29(10), Donovan Ferreira 46(25)
  CB BOWL: Arshdeep Singh 1-68 (4)
  LAST WKT: Riyan Parag  c Suryansh Shedge b Yuzvendra Chahal 29(16)  - 151/4 in 13.6 ov.
  ⚠ DIVERGENCE: BATTERS_MISSING_IN_UI: {'ferreira', 'dubey'} (ui=set(), cb={'ferreira', 'dubey'}) | BOWLER: ui=None cb=Arshdeep Singh

[22:52:22  iter#537]
  WS ERR: "Multiple exceptions: [Errno 61] Connect call failed ('::1', 8765, 0, 0), [Errno 61] Connect call failed ('127.0.0.1', 8765)"
  CB: RR 220-4 (18.5)  crr=11.68  ps=69(29)  recent=4 6 0 4 1
  CB BAT: Shubham Dubey* 29(10), Donovan Ferreira 46(25)
  CB BOWL: Arshdeep Singh 1-68 (4)
  LAST WKT: Riyan Parag  c Suryansh Shedge b Yuzvendra Chahal 29(16)  - 151/4 in 13.6 ov.
  ⚠ DIVERGENCE: BATTERS_MISSING_IN_UI: {'ferreira', 'dubey'} (ui=set(), cb={'ferreira', 'dubey'}) | BOWLER: ui=None cb=Arshdeep Singh

[22:52:43  iter#538]
  WS ERR: "Multiple exceptions: [Errno 61] Connect call failed ('::1', 8765, 0, 0), [Errno 61] Connect call failed ('127.0.0.1', 8765)"
  CB: RR 221-4 (19)  crr=11.63  ps=70(30)  recent=4 6 0 4 1 1
  CB BAT: Shubham Dubey* 30(11), Donovan Ferreira 46(25)
  CB BOWL: Lockie Ferguson 0-57 (4)
  LAST WKT: Riyan Parag  c Suryansh Shedge b Yuzvendra Chahal 29(16)  - 151/4 in 13.6 ov.
  ⚠ DIVERGENCE: BATTERS_MISSING_IN_UI: {'ferreira', 'dubey'} (ui=set(), cb={'ferreira', 'dubey'}) | BOWLER: ui=None cb=Lockie Ferguson

[22:53:03  iter#539]
  WS ERR: "Multiple exceptions: [Errno 61] Connect call failed ('::1', 8765, 0, 0), [Errno 61] Connect call failed ('127.0.0.1', 8765)"
  CB: RR 221-4 (19)  crr=11.63  ps=70(30)  recent=4 6 0 4 1 1
  CB BAT: Shubham Dubey* 30(11), Donovan Ferreira 46(25)
  CB BOWL: Lockie Ferguson 0-57 (4)
  LAST WKT: Riyan Parag  c Suryansh Shedge b Yuzvendra Chahal 29(16)  - 151/4 in 13.6 ov.
  ⚠ DIVERGENCE: BATTERS_MISSING_IN_UI: {'ferreira', 'dubey'} (ui=set(), cb={'ferreira', 'dubey'}) | BOWLER: ui=None cb=Lockie Ferguson

[22:53:24  iter#540]
  WS ERR: "Multiple exceptions: [Errno 61] Connect call failed ('::1', 8765, 0, 0), [Errno 61] Connect call failed ('127.0.0.1', 8765)"
  CB: RR 221-4 (19)  crr=11.63  ps=70(30)  recent=4 6 0 4 1 1
  CB BAT: Shubham Dubey* 30(11), Donovan Ferreira 46(25)
  CB BOWL: Lockie Ferguson 0-57 (4)
  LAST WKT: Riyan Parag  c Suryansh Shedge b Yuzvendra Chahal 29(16)  - 151/4 in 13.6 ov.
  ⚠ DIVERGENCE: BATTERS_MISSING_IN_UI: {'ferreira', 'dubey'} (ui=set(), cb={'ferreira', 'dubey'}) | BOWLER: ui=None cb=Lockie Ferguson

[22:53:44  iter#541]
  WS ERR: "Multiple exceptions: [Errno 61] Connect call failed ('::1', 8765, 0, 0), [Errno 61] Connect call failed ('127.0.0.1', 8765)"
  CB: RR 221-4 (19)  crr=11.63  ps=70(30)  recent=...
  CB BAT: Shubham Dubey* 30(11), Donovan Ferreira 46(25)
  CB BOWL: Lockie Ferguson 0-57 (4)
  LAST WKT: Riyan Parag  c Suryansh Shedge b Yuzvendra Chahal 29(16)  - 151/4 in 13.6 ov.
  ⚠ DIVERGENCE: BATTERS_MISSING_IN_UI: {'ferreira', 'dubey'} (ui=set(), cb={'ferreira', 'dubey'}) | BOWLER: ui=None cb=Lockie Ferguson

[22:54:04  iter#542]
  WS ERR: "Multiple exceptions: [Errno 61] Connect call failed ('::1', 8765, 0, 0), [Errno 61] Connect call failed ('127.0.0.1', 8765)"
  CB: RR 222-4 (19.1)  crr=11.58  ps=71(31)  recent=1
  CB BAT: Donovan Ferreira* 46(25), Shubham Dubey 31(12)
  CB BOWL: Lockie Ferguson 0-57 (4)
  LAST WKT: Riyan Parag  c Suryansh Shedge b Yuzvendra Chahal 29(16)  - 151/4 in 13.6 ov.
  ⚠ DIVERGENCE: BATTERS_MISSING_IN_UI: {'ferreira', 'dubey'} (ui=set(), cb={'ferreira', 'dubey'}) | BOWLER: ui=None cb=Lockie Ferguson

[22:54:25  iter#543]
  WS ERR: "Multiple exceptions: [Errno 61] Connect call failed ('::1', 8765, 0, 0), [Errno 61] Connect call failed ('127.0.0.1', 8765)"
  CB: RR 222-4 (19.1)  crr=11.58  ps=71(31)  recent=1
  CB BAT: Donovan Ferreira* 46(25), Shubham Dubey 31(12)
  CB BOWL: Lockie Ferguson 0-57 (4)
  LAST WKT: Riyan Parag  c Suryansh Shedge b Yuzvendra Chahal 29(16)  - 151/4 in 13.6 ov.
  ⚠ DIVERGENCE: BATTERS_MISSING_IN_UI: {'ferreira', 'dubey'} (ui=set(), cb={'ferreira', 'dubey'}) | BOWLER: ui=None cb=Lockie Ferguson

[22:54:45  iter#544]
  WS ERR: "Multiple exceptions: [Errno 61] Connect call failed ('::1', 8765, 0, 0), [Errno 61] Connect call failed ('127.0.0.1', 8765)"
  CB: RR 222-4 (19.1)  crr=11.58  ps=71(31)  recent=1
  CB BAT: Donovan Ferreira* 46(25), Shubham Dubey 31(12)
  CB BOWL: Lockie Ferguson 0-57 (4)
  LAST WKT: Riyan Parag  c Suryansh Shedge b Yuzvendra Chahal 29(16)  - 151/4 in 13.6 ov.
  ⚠ DIVERGENCE: BATTERS_MISSING_IN_UI: {'ferreira', 'dubey'} (ui=set(), cb={'ferreira', 'dubey'}) | BOWLER: ui=None cb=Lockie Ferguson

[22:55:05  iter#545]
  WS ERR: "Multiple exceptions: [Errno 61] Connect call failed ('::1', 8765, 0, 0), [Errno 61] Connect call failed ('127.0.0.1', 8765)"
  CB: RR 222-4 (19.1)  crr=11.58  ps=71(31)  recent=1
  CB BAT: Donovan Ferreira* 46(25), Shubham Dubey 31(12)
  CB BOWL: Lockie Ferguson 0-57 (4)
  LAST WKT: Riyan Parag  c Suryansh Shedge b Yuzvendra Chahal 29(16)  - 151/4 in 13.6 ov.
  ⚠ DIVERGENCE: BATTERS_MISSING_IN_UI: {'ferreira', 'dubey'} (ui=set(), cb={'ferreira', 'dubey'}) | BOWLER: ui=None cb=Lockie Ferguson

[22:55:26  iter#546]
  WS ERR: "Multiple exceptions: [Errno 61] Connect call failed ('::1', 8765, 0, 0), [Errno 61] Connect call failed ('127.0.0.1', 8765)"
  CB: None None-None (None)  crr=None  ps=None  recent=None
  ✓ score/wickets/overs match

[22:55:46  iter#547]
  WS ERR: "Multiple exceptions: [Errno 61] Connect call failed ('::1', 8765, 0, 0), [Errno 61] Connect call failed ('127.0.0.1', 8765)"
  CB: None None-None (None)  crr=None  ps=None  recent=None
  ✓ score/wickets/overs match

[22:56:06  iter#548]
  WS ERR: "Multiple exceptions: [Errno 61] Connect call failed ('::1', 8765, 0, 0), [Errno 61] Connect call failed ('127.0.0.1', 8765)"
  CB: None None-None (None)  crr=None  ps=None  recent=None
  ✓ score/wickets/overs match

[22:56:27  iter#549]
  WS ERR: "Multiple exceptions: [Errno 61] Connect call failed ('::1', 8765, 0, 0), [Errno 61] Connect call failed ('127.0.0.1', 8765)"
  CB: None None-None (None)  crr=None  ps=None  recent=None
  ✓ score/wickets/overs match

[22:56:47  iter#550]
  WS ERR: "Multiple exceptions: [Errno 61] Connect call failed ('::1', 8765, 0, 0), [Errno 61] Connect call failed ('127.0.0.1', 8765)"
  CB: None None-None (None)  crr=None  ps=None  recent=None
  ✓ score/wickets/overs match

[22:57:07  iter#551]
  WS ERR: "Multiple exceptions: [Errno 61] Connect call failed ('::1', 8765, 0, 0), [Errno 61] Connect call failed ('127.0.0.1', 8765)"
  CB: None None-None (None)  crr=None  ps=None  recent=None
  ✓ score/wickets/overs match

[22:57:28  iter#552]
  WS ERR: "Multiple exceptions: [Errno 61] Connect call failed ('::1', 8765, 0, 0), [Errno 61] Connect call failed ('127.0.0.1', 8765)"
  CB: None None-None (None)  crr=None  ps=None  recent=None
  ✓ score/wickets/overs match

[22:57:49  iter#553]
  WS ERR: "Multiple exceptions: [Errno 61] Connect call failed ('::1', 8765, 0, 0), [Errno 61] Connect call failed ('127.0.0.1', 8765)"
  CB: None None-None (None)  crr=None  ps=None  recent=None
  ✓ score/wickets/overs match

[22:58:09  iter#554]
  WS ERR: "Multiple exceptions: [Errno 61] Connect call failed ('::1', 8765, 0, 0), [Errno 61] Connect call failed ('127.0.0.1', 8765)"
  CB: None None-None (None)  crr=None  ps=None  recent=None
  ✓ score/wickets/overs match

[22:58:29  iter#555]
  WS ERR: "Multiple exceptions: [Errno 61] Connect call failed ('::1', 8765, 0, 0), [Errno 61] Connect call failed ('127.0.0.1', 8765)"
  CB: None None-None (None)  crr=None  ps=None  recent=None
  ✓ score/wickets/overs match

[22:58:49  iter#556]
  WS ERR: "Multiple exceptions: [Errno 61] Connect call failed ('::1', 8765, 0, 0), [Errno 61] Connect call failed ('127.0.0.1', 8765)"
  CB: None None-None (None)  crr=None  ps=None  recent=None
  ✓ score/wickets/overs match

[22:59:10  iter#557]
  WS ERR: "Multiple exceptions: [Errno 61] Connect call failed ('::1', 8765, 0, 0), [Errno 61] Connect call failed ('127.0.0.1', 8765)"
  CB: None None-None (None)  crr=None  ps=None  recent=None
  ✓ score/wickets/overs match

[22:59:30  iter#558]
  WS ERR: "Multiple exceptions: [Errno 61] Connect call failed ('::1', 8765, 0, 0), [Errno 61] Connect call failed ('127.0.0.1', 8765)"
  CB: None None-None (None)  crr=None  ps=None  recent=None
  ✓ score/wickets/overs match

[22:59:50  iter#559]
  WS ERR: "Multiple exceptions: [Errno 61] Connect call failed ('::1', 8765, 0, 0), [Errno 61] Connect call failed ('127.0.0.1', 8765)"
  CB: None None-None (None)  crr=None  ps=None  recent=None
  ✓ score/wickets/overs match

[23:00:10  iter#560]
  WS ERR: "Multiple exceptions: [Errno 61] Connect call failed ('::1', 8765, 0, 0), [Errno 61] Connect call failed ('127.0.0.1', 8765)"
  CB: None None-None (None)  crr=None  ps=None  recent=None
  ✓ score/wickets/overs match

[23:00:31  iter#561]
  WS ERR: "Multiple exceptions: [Errno 61] Connect call failed ('::1', 8765, 0, 0), [Errno 61] Connect call failed ('127.0.0.1', 8765)"
  CB: None None-None (None)  crr=None  ps=None  recent=None
  ✓ score/wickets/overs match

[23:00:51  iter#562]
  WS ERR: "Multiple exceptions: [Errno 61] Connect call failed ('::1', 8765, 0, 0), [Errno 61] Connect call failed ('127.0.0.1', 8765)"
  CB: None None-None (None)  crr=None  ps=None  recent=None
  ✓ score/wickets/overs match

[23:01:11  iter#563]
  WS ERR: "Multiple exceptions: [Errno 61] Connect call failed ('::1', 8765, 0, 0), [Errno 61] Connect call failed ('127.0.0.1', 8765)"
  CB: None None-None (None)  crr=None  ps=None  recent=None
  ✓ score/wickets/overs match

[23:01:31  iter#564]
  WS ERR: "Multiple exceptions: [Errno 61] Connect call failed ('::1', 8765, 0, 0), [Errno 61] Connect call failed ('127.0.0.1', 8765)"
  CB: None None-None (None)  crr=None  ps=None  recent=None
  ✓ score/wickets/overs match

[23:01:52  iter#565]
  WS ERR: "Multiple exceptions: [Errno 61] Connect call failed ('::1', 8765, 0, 0), [Errno 61] Connect call failed ('127.0.0.1', 8765)"
  CB: None None-None (None)  crr=None  ps=None  recent=None
  ✓ score/wickets/overs match

[23:02:12  iter#566]
  WS ERR: "Multiple exceptions: [Errno 61] Connect call failed ('::1', 8765, 0, 0), [Errno 61] Connect call failed ('127.0.0.1', 8765)"
  CB: None None-None (None)  crr=None  ps=None  recent=None
  ✓ score/wickets/overs match

[23:02:32  iter#567]
  WS ERR: "Multiple exceptions: [Errno 61] Connect call failed ('::1', 8765, 0, 0), [Errno 61] Connect call failed ('127.0.0.1', 8765)"
  CB: None None-None (None)  crr=None  ps=None  recent=None
  ✓ score/wickets/overs match

[23:02:52  iter#568]
  WS ERR: "Multiple exceptions: [Errno 61] Connect call failed ('::1', 8765, 0, 0), [Errno 61] Connect call failed ('127.0.0.1', 8765)"
  CB: None None-None (None)  crr=None  ps=None  recent=None
  ✓ score/wickets/overs match

[23:03:12  iter#569]
  WS ERR: "Multiple exceptions: [Errno 61] Connect call failed ('::1', 8765, 0, 0), [Errno 61] Connect call failed ('127.0.0.1', 8765)"
  CB: None None-None (None)  crr=None  ps=None  recent=None
  ✓ score/wickets/overs match

[23:03:33  iter#570]
  WS ERR: "Multiple exceptions: [Errno 61] Connect call failed ('::1', 8765, 0, 0), [Errno 61] Connect call failed ('127.0.0.1', 8765)"
  CB: None None-None (None)  crr=None  ps=None  recent=None
  ✓ score/wickets/overs match

[23:03:53  iter#571]
  WS ERR: "Multiple exceptions: [Errno 61] Connect call failed ('::1', 8765, 0, 0), [Errno 61] Connect call failed ('127.0.0.1', 8765)"
  CB: None None-None (None)  crr=None  ps=None  recent=None
  ✓ score/wickets/overs match

[23:04:13  iter#572]
  WS ERR: "Multiple exceptions: [Errno 61] Connect call failed ('::1', 8765, 0, 0), [Errno 61] Connect call failed ('127.0.0.1', 8765)"
  CB: None None-None (None)  crr=None  ps=None  recent=None
  ✓ score/wickets/overs match

[23:04:34  iter#573]
  WS ERR: "Multiple exceptions: [Errno 61] Connect call failed ('::1', 8765, 0, 0), [Errno 61] Connect call failed ('127.0.0.1', 8765)"
  CB: None None-None (None)  crr=None  ps=None  recent=None
  ✓ score/wickets/overs match

[23:04:54  iter#574]
  WS ERR: "Multiple exceptions: [Errno 61] Connect call failed ('::1', 8765, 0, 0), [Errno 61] Connect call failed ('127.0.0.1', 8765)"
  CB: None None-None (None)  crr=None  ps=None  recent=None
  ✓ score/wickets/overs match

[23:05:14  iter#575]
  WS ERR: "Multiple exceptions: [Errno 61] Connect call failed ('::1', 8765, 0, 0), [Errno 61] Connect call failed ('127.0.0.1', 8765)"
  CB: None None-None (None)  crr=None  ps=None  recent=None
  ✓ score/wickets/overs match

[23:05:35  iter#576]
  WS ERR: "Multiple exceptions: [Errno 61] Connect call failed ('::1', 8765, 0, 0), [Errno 61] Connect call failed ('127.0.0.1', 8765)"
  CB: None None-None (None)  crr=None  ps=None  recent=None
  ✓ score/wickets/overs match

[23:05:55  iter#577]
  WS ERR: "Multiple exceptions: [Errno 61] Connect call failed ('::1', 8765, 0, 0), [Errno 61] Connect call failed ('127.0.0.1', 8765)"
  CB: None None-None (None)  crr=None  ps=None  recent=None
  ✓ score/wickets/overs match

[23:06:15  iter#578]
  WS ERR: "Multiple exceptions: [Errno 61] Connect call failed ('::1', 8765, 0, 0), [Errno 61] Connect call failed ('127.0.0.1', 8765)"
  CB: None None-None (None)  crr=None  ps=None  recent=None
  ✓ score/wickets/overs match

[23:06:35  iter#579]
  WS ERR: "Multiple exceptions: [Errno 61] Connect call failed ('::1', 8765, 0, 0), [Errno 61] Connect call failed ('127.0.0.1', 8765)"
  CB: None None-None (None)  crr=None  ps=None  recent=None
  ✓ score/wickets/overs match

[23:06:56  iter#580]
  WS ERR: "Multiple exceptions: [Errno 61] Connect call failed ('::1', 8765, 0, 0), [Errno 61] Connect call failed ('127.0.0.1', 8765)"
  CB: None None-None (None)  crr=None  ps=None  recent=None
  ✓ score/wickets/overs match

[23:07:16  iter#581]
  WS ERR: "Multiple exceptions: [Errno 61] Connect call failed ('::1', 8765, 0, 0), [Errno 61] Connect call failed ('127.0.0.1', 8765)"
  CB: None None-None (None)  crr=None  ps=None  recent=None
  ✓ score/wickets/overs match

[23:07:36  iter#582]
  WS ERR: "Multiple exceptions: [Errno 61] Connect call failed ('::1', 8765, 0, 0), [Errno 61] Connect call failed ('127.0.0.1', 8765)"
  CB: None None-None (None)  crr=None  ps=None  recent=None
  ✓ score/wickets/overs match

[23:07:56  iter#583]
  WS ERR: "Multiple exceptions: [Errno 61] Connect call failed ('::1', 8765, 0, 0), [Errno 61] Connect call failed ('127.0.0.1', 8765)"
  CB: None None-None (None)  crr=None  ps=None  recent=None
  ✓ score/wickets/overs match

[23:08:16  iter#584]
  WS ERR: "Multiple exceptions: [Errno 61] Connect call failed ('::1', 8765, 0, 0), [Errno 61] Connect call failed ('127.0.0.1', 8765)"
  CB: None None-None (None)  crr=None  ps=None  recent=None
  ✓ score/wickets/overs match

[23:08:37  iter#585]
  WS ERR: "Multiple exceptions: [Errno 61] Connect call failed ('::1', 8765, 0, 0), [Errno 61] Connect call failed ('127.0.0.1', 8765)"
  CB: None None-None (None)  crr=None  ps=None  recent=None
  ✓ score/wickets/overs match

[23:08:57  iter#586]
  WS ERR: "Multiple exceptions: [Errno 61] Connect call failed ('::1', 8765, 0, 0), [Errno 61] Connect call failed ('127.0.0.1', 8765)"
  CB: None None-None (None)  crr=None  ps=None  recent=None
  ✓ score/wickets/overs match

[23:09:18  iter#587]
  WS ERR: "Multiple exceptions: [Errno 61] Connect call failed ('::1', 8765, 0, 0), [Errno 61] Connect call failed ('127.0.0.1', 8765)"
  CB: None None-None (None)  crr=None  ps=None  recent=None
  ✓ score/wickets/overs match

[23:09:38  iter#588]
  WS ERR: "Multiple exceptions: [Errno 61] Connect call failed ('::1', 8765, 0, 0), [Errno 61] Connect call failed ('127.0.0.1', 8765)"
  CB: None None-None (None)  crr=None  ps=None  recent=None
  ✓ score/wickets/overs match

[23:09:58  iter#589]
  WS ERR: "Multiple exceptions: [Errno 61] Connect call failed ('::1', 8765, 0, 0), [Errno 61] Connect call failed ('127.0.0.1', 8765)"
  CB: None None-None (None)  crr=None  ps=None  recent=None
  ✓ score/wickets/overs match

[23:10:18  iter#590]
  WS ERR: "Multiple exceptions: [Errno 61] Connect call failed ('::1', 8765, 0, 0), [Errno 61] Connect call failed ('127.0.0.1', 8765)"
  CB: None None-None (None)  crr=None  ps=None  recent=None
  ✓ score/wickets/overs match

[23:10:39  iter#591]
  WS ERR: "Multiple exceptions: [Errno 61] Connect call failed ('::1', 8765, 0, 0), [Errno 61] Connect call failed ('127.0.0.1', 8765)"
  CB: None None-None (None)  crr=None  ps=None  recent=None
  ✓ score/wickets/overs match

[23:10:59  iter#592]
  WS ERR: "Multiple exceptions: [Errno 61] Connect call failed ('::1', 8765, 0, 0), [Errno 61] Connect call failed ('127.0.0.1', 8765)"
  CB: None None-None (None)  crr=None  ps=None  recent=None
  ✓ score/wickets/overs match

[23:11:19  iter#593]
  WS ERR: "Multiple exceptions: [Errno 61] Connect call failed ('::1', 8765, 0, 0), [Errno 61] Connect call failed ('127.0.0.1', 8765)"
  CB: None None-None (None)  crr=None  ps=None  recent=None
  ✓ score/wickets/overs match

[23:11:39  iter#594]
  WS ERR: "Multiple exceptions: [Errno 61] Connect call failed ('::1', 8765, 0, 0), [Errno 61] Connect call failed ('127.0.0.1', 8765)"
  CB: None None-None (None)  crr=None  ps=None  recent=None
  ✓ score/wickets/overs match

[23:12:00  iter#595]
  WS ERR: "Multiple exceptions: [Errno 61] Connect call failed ('::1', 8765, 0, 0), [Errno 61] Connect call failed ('127.0.0.1', 8765)"
  CB: None None-None (None)  crr=None  ps=None  recent=None
  ✓ score/wickets/overs match

[23:12:20  iter#596]
  WS ERR: "Multiple exceptions: [Errno 61] Connect call failed ('::1', 8765, 0, 0), [Errno 61] Connect call failed ('127.0.0.1', 8765)"
  CB: None None-None (None)  crr=None  ps=None  recent=None
  ✓ score/wickets/overs match

[23:12:40  iter#597]
  WS ERR: "Multiple exceptions: [Errno 61] Connect call failed ('::1', 8765, 0, 0), [Errno 61] Connect call failed ('127.0.0.1', 8765)"
  CB: None None-None (None)  crr=None  ps=None  recent=None
  ✓ score/wickets/overs match

[23:13:01  iter#598]
  WS ERR: "Multiple exceptions: [Errno 61] Connect call failed ('::1', 8765, 0, 0), [Errno 61] Connect call failed ('127.0.0.1', 8765)"
  CB: None None-None (None)  crr=None  ps=None  recent=None
  ✓ score/wickets/overs match

[23:13:21  iter#599]
  WS ERR: "Multiple exceptions: [Errno 61] Connect call failed ('::1', 8765, 0, 0), [Errno 61] Connect call failed ('127.0.0.1', 8765)"
  CB: None None-None (None)  crr=None  ps=None  recent=None
  ✓ score/wickets/overs match

[23:13:41  iter#600]
  WS ERR: "Multiple exceptions: [Errno 61] Connect call failed ('::1', 8765, 0, 0), [Errno 61] Connect call failed ('127.0.0.1', 8765)"
  CB: None None-None (None)  crr=None  ps=None  recent=None
  ✓ score/wickets/overs match

[23:14:02  iter#601]
  WS ERR: "Multiple exceptions: [Errno 61] Connect call failed ('::1', 8765, 0, 0), [Errno 61] Connect call failed ('127.0.0.1', 8765)"
  CB: None None-None (None)  crr=None  ps=None  recent=None
  ✓ score/wickets/overs match

[23:14:22  iter#602]
  WS ERR: "Multiple exceptions: [Errno 61] Connect call failed ('::1', 8765, 0, 0), [Errno 61] Connect call failed ('127.0.0.1', 8765)"
  CB: None None-None (None)  crr=None  ps=None  recent=None
  ✓ score/wickets/overs match

[23:14:42  iter#603]
  WS ERR: "Multiple exceptions: [Errno 61] Connect call failed ('::1', 8765, 0, 0), [Errno 61] Connect call failed ('127.0.0.1', 8765)"
  CB: None None-None (None)  crr=None  ps=None  recent=None
  ✓ score/wickets/overs match

[23:15:02  iter#604]
  WS ERR: "Multiple exceptions: [Errno 61] Connect call failed ('::1', 8765, 0, 0), [Errno 61] Connect call failed ('127.0.0.1', 8765)"
  CB: None None-None (None)  crr=None  ps=None  recent=None
  ✓ score/wickets/overs match

[23:15:23  iter#605]
  WS ERR: "Multiple exceptions: [Errno 61] Connect call failed ('::1', 8765, 0, 0), [Errno 61] Connect call failed ('127.0.0.1', 8765)"
  CB: None None-None (None)  crr=None  ps=None  recent=None
  ✓ score/wickets/overs match

[23:15:43  iter#606]
  WS ERR: "Multiple exceptions: [Errno 61] Connect call failed ('::1', 8765, 0, 0), [Errno 61] Connect call failed ('127.0.0.1', 8765)"
  CB: None None-None (None)  crr=None  ps=None  recent=None
  ✓ score/wickets/overs match

[23:16:03  iter#607]
  WS ERR: "Multiple exceptions: [Errno 61] Connect call failed ('::1', 8765, 0, 0), [Errno 61] Connect call failed ('127.0.0.1', 8765)"
  CB: None None-None (None)  crr=None  ps=None  recent=None
  ✓ score/wickets/overs match

[23:16:23  iter#608]
  WS ERR: "Multiple exceptions: [Errno 61] Connect call failed ('::1', 8765, 0, 0), [Errno 61] Connect call failed ('127.0.0.1', 8765)"
  CB: None None-None (None)  crr=None  ps=None  recent=None
  ✓ score/wickets/overs match

[23:16:44  iter#609]
  WS ERR: "Multiple exceptions: [Errno 61] Connect call failed ('::1', 8765, 0, 0), [Errno 61] Connect call failed ('127.0.0.1', 8765)"
  CB: None None-None (None)  crr=None  ps=None  recent=None
  ✓ score/wickets/overs match

[23:17:04  iter#610]
  WS ERR: "Multiple exceptions: [Errno 61] Connect call failed ('::1', 8765, 0, 0), [Errno 61] Connect call failed ('127.0.0.1', 8765)"
  CB: None None-None (None)  crr=None  ps=None  recent=None
  ✓ score/wickets/overs match

[23:17:24  iter#611]
  WS ERR: "Multiple exceptions: [Errno 61] Connect call failed ('::1', 8765, 0, 0), [Errno 61] Connect call failed ('127.0.0.1', 8765)"
  CB: None None-None (None)  crr=None  ps=None  recent=None
  ✓ score/wickets/overs match

[23:17:45  iter#612]
  WS ERR: "Multiple exceptions: [Errno 61] Connect call failed ('::1', 8765, 0, 0), [Errno 61] Connect call failed ('127.0.0.1', 8765)"
  CB: None None-None (None)  crr=None  ps=None  recent=None
  ✓ score/wickets/overs match

[23:18:05  iter#613]
  WS ERR: "Multiple exceptions: [Errno 61] Connect call failed ('::1', 8765, 0, 0), [Errno 61] Connect call failed ('127.0.0.1', 8765)"
  CB: None None-None (None)  crr=None  ps=None  recent=None
  ✓ score/wickets/overs match

[23:18:25  iter#614]
  WS ERR: "Multiple exceptions: [Errno 61] Connect call failed ('::1', 8765, 0, 0), [Errno 61] Connect call failed ('127.0.0.1', 8765)"
  CB: None None-None (None)  crr=None  ps=None  recent=None
  ✓ score/wickets/overs match

[23:18:45  iter#615]
  WS ERR: "Multiple exceptions: [Errno 61] Connect call failed ('::1', 8765, 0, 0), [Errno 61] Connect call failed ('127.0.0.1', 8765)"
  CB: None None-None (None)  crr=None  ps=None  recent=None
  ✓ score/wickets/overs match

[23:19:06  iter#616]
  WS ERR: "Multiple exceptions: [Errno 61] Connect call failed ('::1', 8765, 0, 0), [Errno 61] Connect call failed ('127.0.0.1', 8765)"
  CB: None None-None (None)  crr=None  ps=None  recent=None
  ✓ score/wickets/overs match

[23:19:26  iter#617]
  WS ERR: "Multiple exceptions: [Errno 61] Connect call failed ('::1', 8765, 0, 0), [Errno 61] Connect call failed ('127.0.0.1', 8765)"
  CB: None None-None (None)  crr=None  ps=None  recent=None
  ✓ score/wickets/overs match

[23:19:53  iter#618]
  WS ERR: "Multiple exceptions: [Errno 61] Connect call failed ('::1', 8765, 0, 0), [Errno 61] Connect call failed ('127.0.0.1', 8765)"
  CB: None None-None (None)  crr=None  ps=None  recent=None
  ✓ score/wickets/overs match

[23:20:15  iter#619]
  WS ERR: "Multiple exceptions: [Errno 61] Connect call failed ('::1', 8765, 0, 0), [Errno 61] Connect call failed ('127.0.0.1', 8765)"
  CB: None None-None (None)  crr=None  ps=None  recent=None
  ✓ score/wickets/overs match

[23:20:35  iter#620]
  WS ERR: "Multiple exceptions: [Errno 61] Connect call failed ('::1', 8765, 0, 0), [Errno 61] Connect call failed ('127.0.0.1', 8765)"
  CB: None None-None (None)  crr=None  ps=None  recent=None
  ✓ score/wickets/overs match

[23:20:56  iter#621]
  WS ERR: "Multiple exceptions: [Errno 61] Connect call failed ('::1', 8765, 0, 0), [Errno 61] Connect call failed ('127.0.0.1', 8765)"
  CB: None None-None (None)  crr=None  ps=None  recent=None
  ✓ score/wickets/overs match

[23:21:16  iter#622]
  WS ERR: "Multiple exceptions: [Errno 61] Connect call failed ('::1', 8765, 0, 0), [Errno 61] Connect call failed ('127.0.0.1', 8765)"
  CB: None None-None (None)  crr=None  ps=None  recent=None
  ✓ score/wickets/overs match

[23:21:37  iter#623]
  WS ERR: "Multiple exceptions: [Errno 61] Connect call failed ('::1', 8765, 0, 0), [Errno 61] Connect call failed ('127.0.0.1', 8765)"
  CB: None None-None (None)  crr=None  ps=None  recent=None
  ✓ score/wickets/overs match

[23:21:58  iter#624]
  WS ERR: "Multiple exceptions: [Errno 61] Connect call failed ('::1', 8765, 0, 0), [Errno 61] Connect call failed ('127.0.0.1', 8765)"
  CB: None None-None (None)  crr=None  ps=None  recent=None
  ✓ score/wickets/overs match

[23:22:18  iter#625]
  WS ERR: "Multiple exceptions: [Errno 61] Connect call failed ('::1', 8765, 0, 0), [Errno 61] Connect call failed ('127.0.0.1', 8765)"
  CB: None None-None (None)  crr=None  ps=None  recent=None
  ✓ score/wickets/overs match

[23:22:39  iter#626]
  WS ERR: "Multiple exceptions: [Errno 61] Connect call failed ('::1', 8765, 0, 0), [Errno 61] Connect call failed ('127.0.0.1', 8765)"
  CB: None None-None (None)  crr=None  ps=None  recent=None
  ✓ score/wickets/overs match

[23:23:00  iter#627]
  WS ERR: "Multiple exceptions: [Errno 61] Connect call failed ('::1', 8765, 0, 0), [Errno 61] Connect call failed ('127.0.0.1', 8765)"
  CB: None None-None (None)  crr=None  ps=None  recent=None
  ✓ score/wickets/overs match

[23:23:21  iter#628]
  WS ERR: "Multiple exceptions: [Errno 61] Connect call failed ('::1', 8765, 0, 0), [Errno 61] Connect call failed ('127.0.0.1', 8765)"
  CB: None None-None (None)  crr=None  ps=None  recent=None
  ✓ score/wickets/overs match

[23:23:41  iter#629]
  WS ERR: "Multiple exceptions: [Errno 61] Connect call failed ('::1', 8765, 0, 0), [Errno 61] Connect call failed ('127.0.0.1', 8765)"
  CB: None None-None (None)  crr=None  ps=None  recent=None
  ✓ score/wickets/overs match

[23:24:01  iter#630]
  WS ERR: "Multiple exceptions: [Errno 61] Connect call failed ('::1', 8765, 0, 0), [Errno 61] Connect call failed ('127.0.0.1', 8765)"
  CB: None None-None (None)  crr=None  ps=None  recent=None
  ✓ score/wickets/overs match

[23:24:22  iter#631]
  WS ERR: "Multiple exceptions: [Errno 61] Connect call failed ('::1', 8765, 0, 0), [Errno 61] Connect call failed ('127.0.0.1', 8765)"
  CB: None None-None (None)  crr=None  ps=None  recent=None
  ✓ score/wickets/overs match

[23:24:42  iter#632]
  WS ERR: "Multiple exceptions: [Errno 61] Connect call failed ('::1', 8765, 0, 0), [Errno 61] Connect call failed ('127.0.0.1', 8765)"
  CB: None None-None (None)  crr=None  ps=None  recent=None
  ✓ score/wickets/overs match

[23:25:03  iter#633]
  WS ERR: "Multiple exceptions: [Errno 61] Connect call failed ('::1', 8765, 0, 0), [Errno 61] Connect call failed ('127.0.0.1', 8765)"
  CB: None None-None (None)  crr=None  ps=None  recent=None
  ✓ score/wickets/overs match

[23:25:23  iter#634]
  WS ERR: "Multiple exceptions: [Errno 61] Connect call failed ('::1', 8765, 0, 0), [Errno 61] Connect call failed ('127.0.0.1', 8765)"
  CB: None None-None (None)  crr=None  ps=None  recent=None
  ✓ score/wickets/overs match

[23:25:43  iter#635]
  WS ERR: "Multiple exceptions: [Errno 61] Connect call failed ('::1', 8765, 0, 0), [Errno 61] Connect call failed ('127.0.0.1', 8765)"
  CB: None None-None (None)  crr=None  ps=None  recent=None
  ✓ score/wickets/overs match

[23:26:03  iter#636]
  WS ERR: "Multiple exceptions: [Errno 61] Connect call failed ('::1', 8765, 0, 0), [Errno 61] Connect call failed ('127.0.0.1', 8765)"
  CB: None None-None (None)  crr=None  ps=None  recent=None
  ✓ score/wickets/overs match

[23:26:24  iter#637]
  WS ERR: "Multiple exceptions: [Errno 61] Connect call failed ('::1', 8765, 0, 0), [Errno 61] Connect call failed ('127.0.0.1', 8765)"
  CB: None None-None (None)  crr=None  ps=None  recent=None
  ✓ score/wickets/overs match

[23:26:44  iter#638]
  WS ERR: "Multiple exceptions: [Errno 61] Connect call failed ('::1', 8765, 0, 0), [Errno 61] Connect call failed ('127.0.0.1', 8765)"
  CB: None None-None (None)  crr=None  ps=None  recent=None
  ✓ score/wickets/overs match

[23:27:04  iter#639]
  WS ERR: "Multiple exceptions: [Errno 61] Connect call failed ('::1', 8765, 0, 0), [Errno 61] Connect call failed ('127.0.0.1', 8765)"
  CB: None None-None (None)  crr=None  ps=None  recent=None
  ✓ score/wickets/overs match

[23:27:25  iter#640]
  WS ERR: "Multiple exceptions: [Errno 61] Connect call failed ('::1', 8765, 0, 0), [Errno 61] Connect call failed ('127.0.0.1', 8765)"
  CB: None None-None (None)  crr=None  ps=None  recent=None
  ✓ score/wickets/overs match

[23:27:45  iter#641]
  WS ERR: "Multiple exceptions: [Errno 61] Connect call failed ('::1', 8765, 0, 0), [Errno 61] Connect call failed ('127.0.0.1', 8765)"
  CB: None None-None (None)  crr=None  ps=None  recent=None
  ✓ score/wickets/overs match

[23:28:05  iter#642]
  WS ERR: "Multiple exceptions: [Errno 61] Connect call failed ('::1', 8765, 0, 0), [Errno 61] Connect call failed ('127.0.0.1', 8765)"
  CB: None None-None (None)  crr=None  ps=None  recent=None
  ✓ score/wickets/overs match

[23:28:25  iter#643]
  WS ERR: "Multiple exceptions: [Errno 61] Connect call failed ('::1', 8765, 0, 0), [Errno 61] Connect call failed ('127.0.0.1', 8765)"
  CB: None None-None (None)  crr=None  ps=None  recent=None
  ✓ score/wickets/overs match

[23:28:46  iter#644]
  WS ERR: "Multiple exceptions: [Errno 61] Connect call failed ('::1', 8765, 0, 0), [Errno 61] Connect call failed ('127.0.0.1', 8765)"
  CB: None None-None (None)  crr=None  ps=None  recent=None
  ✓ score/wickets/overs match

[23:29:06  iter#645]
  WS ERR: "Multiple exceptions: [Errno 61] Connect call failed ('::1', 8765, 0, 0), [Errno 61] Connect call failed ('127.0.0.1', 8765)"
  CB: None None-None (None)  crr=None  ps=None  recent=None
  ✓ score/wickets/overs match

[23:29:27  iter#646]
  WS ERR: "Multiple exceptions: [Errno 61] Connect call failed ('::1', 8765, 0, 0), [Errno 61] Connect call failed ('127.0.0.1', 8765)"
  CB: None None-None (None)  crr=None  ps=None  recent=None
  ✓ score/wickets/overs match

[23:29:47  iter#647]
  WS ERR: "Multiple exceptions: [Errno 61] Connect call failed ('::1', 8765, 0, 0), [Errno 61] Connect call failed ('127.0.0.1', 8765)"
  CB: None None-None (None)  crr=None  ps=None  recent=None
  ✓ score/wickets/overs match

[23:30:07  iter#648]
  WS ERR: "Multiple exceptions: [Errno 61] Connect call failed ('::1', 8765, 0, 0), [Errno 61] Connect call failed ('127.0.0.1', 8765)"
  CB: None None-None (None)  crr=None  ps=None  recent=None
  ✓ score/wickets/overs match

[23:30:27  iter#649]
  WS ERR: "Multiple exceptions: [Errno 61] Connect call failed ('::1', 8765, 0, 0), [Errno 61] Connect call failed ('127.0.0.1', 8765)"
  CB: None None-None (None)  crr=None  ps=None  recent=None
  ✓ score/wickets/overs match

[23:30:48  iter#650]
  WS ERR: "Multiple exceptions: [Errno 61] Connect call failed ('::1', 8765, 0, 0), [Errno 61] Connect call failed ('127.0.0.1', 8765)"
  CB: None None-None (None)  crr=None  ps=None  recent=None
  ✓ score/wickets/overs match

[23:31:08  iter#651]
  WS ERR: "Multiple exceptions: [Errno 61] Connect call failed ('::1', 8765, 0, 0), [Errno 61] Connect call failed ('127.0.0.1', 8765)"
  CB: None None-None (None)  crr=None  ps=None  recent=None
  ✓ score/wickets/overs match

[23:31:28  iter#652]
  WS ERR: "Multiple exceptions: [Errno 61] Connect call failed ('::1', 8765, 0, 0), [Errno 61] Connect call failed ('127.0.0.1', 8765)"
  CB: None None-None (None)  crr=None  ps=None  recent=None
  ✓ score/wickets/overs match

[23:31:49  iter#653]
  WS ERR: "Multiple exceptions: [Errno 61] Connect call failed ('::1', 8765, 0, 0), [Errno 61] Connect call failed ('127.0.0.1', 8765)"
  CB: None None-None (None)  crr=None  ps=None  recent=None
  ✓ score/wickets/overs match

[23:32:09  iter#654]
  WS ERR: "Multiple exceptions: [Errno 61] Connect call failed ('::1', 8765, 0, 0), [Errno 61] Connect call failed ('127.0.0.1', 8765)"
  CB: None None-None (None)  crr=None  ps=None  recent=None
  ✓ score/wickets/overs match

[23:32:30  iter#655]
  WS ERR: "Multiple exceptions: [Errno 61] Connect call failed ('::1', 8765, 0, 0), [Errno 61] Connect call failed ('127.0.0.1', 8765)"
  CB: None None-None (None)  crr=None  ps=None  recent=None
  ✓ score/wickets/overs match

[23:32:50  iter#656]
  WS ERR: "Multiple exceptions: [Errno 61] Connect call failed ('::1', 8765, 0, 0), [Errno 61] Connect call failed ('127.0.0.1', 8765)"
  CB: None None-None (None)  crr=None  ps=None  recent=None
  ✓ score/wickets/overs match

[23:33:11  iter#657]
  WS ERR: "Multiple exceptions: [Errno 61] Connect call failed ('::1', 8765, 0, 0), [Errno 61] Connect call failed ('127.0.0.1', 8765)"
  CB: None None-None (None)  crr=None  ps=None  recent=None
  ✓ score/wickets/overs match

[23:33:31  iter#658]
  WS ERR: "Multiple exceptions: [Errno 61] Connect call failed ('::1', 8765, 0, 0), [Errno 61] Connect call failed ('127.0.0.1', 8765)"
  CB: None None-None (None)  crr=None  ps=None  recent=None
  ✓ score/wickets/overs match

[23:33:51  iter#659]
  WS ERR: "Multiple exceptions: [Errno 61] Connect call failed ('::1', 8765, 0, 0), [Errno 61] Connect call failed ('127.0.0.1', 8765)"
  CB: None None-None (None)  crr=None  ps=None  recent=None
  ✓ score/wickets/overs match

[23:34:12  iter#660]
  WS ERR: "Multiple exceptions: [Errno 61] Connect call failed ('::1', 8765, 0, 0), [Errno 61] Connect call failed ('127.0.0.1', 8765)"
  CB: None None-None (None)  crr=None  ps=None  recent=None
  ✓ score/wickets/overs match

[23:34:32  iter#661]
  WS ERR: "Multiple exceptions: [Errno 61] Connect call failed ('::1', 8765, 0, 0), [Errno 61] Connect call failed ('127.0.0.1', 8765)"
  CB: None None-None (None)  crr=None  ps=None  recent=None
  ✓ score/wickets/overs match

[23:34:53  iter#662]
  WS ERR: "Multiple exceptions: [Errno 61] Connect call failed ('::1', 8765, 0, 0), [Errno 61] Connect call failed ('127.0.0.1', 8765)"
  CB: None None-None (None)  crr=None  ps=None  recent=None
  ✓ score/wickets/overs match

[23:35:13  iter#663]
  WS ERR: "Multiple exceptions: [Errno 61] Connect call failed ('::1', 8765, 0, 0), [Errno 61] Connect call failed ('127.0.0.1', 8765)"
  CB: None None-None (None)  crr=None  ps=None  recent=None
  ✓ score/wickets/overs match

[23:35:33  iter#664]
  WS ERR: "Multiple exceptions: [Errno 61] Connect call failed ('::1', 8765, 0, 0), [Errno 61] Connect call failed ('127.0.0.1', 8765)"
  CB: None None-None (None)  crr=None  ps=None  recent=None
  ✓ score/wickets/overs match

[23:35:54  iter#665]
  WS ERR: "Multiple exceptions: [Errno 61] Connect call failed ('::1', 8765, 0, 0), [Errno 61] Connect call failed ('127.0.0.1', 8765)"
  CB: None None-None (None)  crr=None  ps=None  recent=None
  ✓ score/wickets/overs match

[23:36:14  iter#666]
  WS ERR: "Multiple exceptions: [Errno 61] Connect call failed ('::1', 8765, 0, 0), [Errno 61] Connect call failed ('127.0.0.1', 8765)"
  CB: None None-None (None)  crr=None  ps=None  recent=None
  ✓ score/wickets/overs match

[23:36:34  iter#667]
  WS ERR: "Multiple exceptions: [Errno 61] Connect call failed ('::1', 8765, 0, 0), [Errno 61] Connect call failed ('127.0.0.1', 8765)"
  CB: None None-None (None)  crr=None  ps=None  recent=None
  ✓ score/wickets/overs match

[23:36:54  iter#668]
  WS ERR: "Multiple exceptions: [Errno 61] Connect call failed ('::1', 8765, 0, 0), [Errno 61] Connect call failed ('127.0.0.1', 8765)"
  CB: None None-None (None)  crr=None  ps=None  recent=None
  ✓ score/wickets/overs match

[23:37:15  iter#669]
  WS ERR: "Multiple exceptions: [Errno 61] Connect call failed ('::1', 8765, 0, 0), [Errno 61] Connect call failed ('127.0.0.1', 8765)"
  CB: None None-None (None)  crr=None  ps=None  recent=None
  ✓ score/wickets/overs match

[23:37:35  iter#670]
  WS ERR: "Multiple exceptions: [Errno 61] Connect call failed ('::1', 8765, 0, 0), [Errno 61] Connect call failed ('127.0.0.1', 8765)"
  CB: None None-None (None)  crr=None  ps=None  recent=None
  ✓ score/wickets/overs match

[23:37:55  iter#671]
  WS ERR: "Multiple exceptions: [Errno 61] Connect call failed ('::1', 8765, 0, 0), [Errno 61] Connect call failed ('127.0.0.1', 8765)"
  CB: None None-None (None)  crr=None  ps=None  recent=None
  ✓ score/wickets/overs match

[23:38:15  iter#672]
  WS ERR: "Multiple exceptions: [Errno 61] Connect call failed ('::1', 8765, 0, 0), [Errno 61] Connect call failed ('127.0.0.1', 8765)"
  CB: None None-None (None)  crr=None  ps=None  recent=None
  ✓ score/wickets/overs match

[23:38:36  iter#673]
  WS ERR: "Multiple exceptions: [Errno 61] Connect call failed ('::1', 8765, 0, 0), [Errno 61] Connect call failed ('127.0.0.1', 8765)"
  CB: None None-None (None)  crr=None  ps=None  recent=None
  ✓ score/wickets/overs match

[23:38:56  iter#674]
  WS ERR: "Multiple exceptions: [Errno 61] Connect call failed ('::1', 8765, 0, 0), [Errno 61] Connect call failed ('127.0.0.1', 8765)"
  CB: None None-None (None)  crr=None  ps=None  recent=None
  ✓ score/wickets/overs match

[23:39:16  iter#675]
  WS ERR: "Multiple exceptions: [Errno 61] Connect call failed ('::1', 8765, 0, 0), [Errno 61] Connect call failed ('127.0.0.1', 8765)"
  CB: None None-None (None)  crr=None  ps=None  recent=None
  ✓ score/wickets/overs match

[23:39:37  iter#676]
  WS ERR: "Multiple exceptions: [Errno 61] Connect call failed ('::1', 8765, 0, 0), [Errno 61] Connect call failed ('127.0.0.1', 8765)"
  CB: None None-None (None)  crr=None  ps=None  recent=None
  ✓ score/wickets/overs match

[23:39:57  iter#677]
  WS ERR: "Multiple exceptions: [Errno 61] Connect call failed ('::1', 8765, 0, 0), [Errno 61] Connect call failed ('127.0.0.1', 8765)"
  CB: None None-None (None)  crr=None  ps=None  recent=None
  ✓ score/wickets/overs match

[23:40:17  iter#678]
  WS ERR: "Multiple exceptions: [Errno 61] Connect call failed ('::1', 8765, 0, 0), [Errno 61] Connect call failed ('127.0.0.1', 8765)"
  CB: None None-None (None)  crr=None  ps=None  recent=None
  ✓ score/wickets/overs match

[23:40:37  iter#679]
  WS ERR: "Multiple exceptions: [Errno 61] Connect call failed ('::1', 8765, 0, 0), [Errno 61] Connect call failed ('127.0.0.1', 8765)"
  CB: None None-None (None)  crr=None  ps=None  recent=None
  ✓ score/wickets/overs match

[23:40:58  iter#680]
  WS ERR: "Multiple exceptions: [Errno 61] Connect call failed ('::1', 8765, 0, 0), [Errno 61] Connect call failed ('127.0.0.1', 8765)"
  CB: None None-None (None)  crr=None  ps=None  recent=None
  ✓ score/wickets/overs match

[23:41:18  iter#681]
  WS ERR: "Multiple exceptions: [Errno 61] Connect call failed ('::1', 8765, 0, 0), [Errno 61] Connect call failed ('127.0.0.1', 8765)"
  CB: None None-None (None)  crr=None  ps=None  recent=None
  ✓ score/wickets/overs match

[23:41:38  iter#682]
  WS ERR: "Multiple exceptions: [Errno 61] Connect call failed ('::1', 8765, 0, 0), [Errno 61] Connect call failed ('127.0.0.1', 8765)"
  CB: None None-None (None)  crr=None  ps=None  recent=None
  ✓ score/wickets/overs match

[23:41:58  iter#683]
  WS ERR: "Multiple exceptions: [Errno 61] Connect call failed ('::1', 8765, 0, 0), [Errno 61] Connect call failed ('127.0.0.1', 8765)"
  CB: None None-None (None)  crr=None  ps=None  recent=None
  ✓ score/wickets/overs match

[23:42:18  iter#684]
  WS ERR: "Multiple exceptions: [Errno 61] Connect call failed ('::1', 8765, 0, 0), [Errno 61] Connect call failed ('127.0.0.1', 8765)"
  CB: None None-None (None)  crr=None  ps=None  recent=None
  ✓ score/wickets/overs match

[23:42:39  iter#685]
  WS ERR: "Multiple exceptions: [Errno 61] Connect call failed ('::1', 8765, 0, 0), [Errno 61] Connect call failed ('127.0.0.1', 8765)"
  CB: None None-None (None)  crr=None  ps=None  recent=None
  ✓ score/wickets/overs match

[23:42:59  iter#686]
  WS ERR: "Multiple exceptions: [Errno 61] Connect call failed ('::1', 8765, 0, 0), [Errno 61] Connect call failed ('127.0.0.1', 8765)"
  CB: None None-None (None)  crr=None  ps=None  recent=None
  ✓ score/wickets/overs match

[23:43:19  iter#687]
  WS ERR: "Multiple exceptions: [Errno 61] Connect call failed ('::1', 8765, 0, 0), [Errno 61] Connect call failed ('127.0.0.1', 8765)"
  CB: None None-None (None)  crr=None  ps=None  recent=None
  ✓ score/wickets/overs match

[23:43:39  iter#688]
  WS ERR: "Multiple exceptions: [Errno 61] Connect call failed ('::1', 8765, 0, 0), [Errno 61] Connect call failed ('127.0.0.1', 8765)"
  CB: None None-None (None)  crr=None  ps=None  recent=None
  ✓ score/wickets/overs match

[23:43:59  iter#689]
  WS ERR: "Multiple exceptions: [Errno 61] Connect call failed ('::1', 8765, 0, 0), [Errno 61] Connect call failed ('127.0.0.1', 8765)"
  CB: None None-None (None)  crr=None  ps=None  recent=None
  ✓ score/wickets/overs match

[23:44:19  iter#690]
  WS ERR: "Multiple exceptions: [Errno 61] Connect call failed ('::1', 8765, 0, 0), [Errno 61] Connect call failed ('127.0.0.1', 8765)"
  CB: None None-None (None)  crr=None  ps=None  recent=None
  ✓ score/wickets/overs match

[23:44:40  iter#691]
  WS ERR: "Multiple exceptions: [Errno 61] Connect call failed ('::1', 8765, 0, 0), [Errno 61] Connect call failed ('127.0.0.1', 8765)"
  CB: None None-None (None)  crr=None  ps=None  recent=None
  ✓ score/wickets/overs match

[23:45:00  iter#692]
  WS ERR: "Multiple exceptions: [Errno 61] Connect call failed ('::1', 8765, 0, 0), [Errno 61] Connect call failed ('127.0.0.1', 8765)"
  CB: None None-None (None)  crr=None  ps=None  recent=None
  ✓ score/wickets/overs match

[23:45:20  iter#693]
  WS ERR: "Multiple exceptions: [Errno 61] Connect call failed ('::1', 8765, 0, 0), [Errno 61] Connect call failed ('127.0.0.1', 8765)"
  CB: None None-None (None)  crr=None  ps=None  recent=None
  ✓ score/wickets/overs match

[23:45:41  iter#694]
  WS ERR: "Multiple exceptions: [Errno 61] Connect call failed ('::1', 8765, 0, 0), [Errno 61] Connect call failed ('127.0.0.1', 8765)"
  CB: None None-None (None)  crr=None  ps=None  recent=None
  ✓ score/wickets/overs match

[23:46:01  iter#695]
  WS ERR: "Multiple exceptions: [Errno 61] Connect call failed ('::1', 8765, 0, 0), [Errno 61] Connect call failed ('127.0.0.1', 8765)"
  CB: None None-None (None)  crr=None  ps=None  recent=None
  ✓ score/wickets/overs match

[23:46:21  iter#696]
  WS ERR: "Multiple exceptions: [Errno 61] Connect call failed ('::1', 8765, 0, 0), [Errno 61] Connect call failed ('127.0.0.1', 8765)"
  CB: None None-None (None)  crr=None  ps=None  recent=None
  ✓ score/wickets/overs match

[23:46:41  iter#697]
  WS ERR: "Multiple exceptions: [Errno 61] Connect call failed ('::1', 8765, 0, 0), [Errno 61] Connect call failed ('127.0.0.1', 8765)"
  CB: None None-None (None)  crr=None  ps=None  recent=None
  ✓ score/wickets/overs match

[23:47:01  iter#698]
  WS ERR: "Multiple exceptions: [Errno 61] Connect call failed ('::1', 8765, 0, 0), [Errno 61] Connect call failed ('127.0.0.1', 8765)"
  CB: None None-None (None)  crr=None  ps=None  recent=None
  ✓ score/wickets/overs match

[23:47:22  iter#699]
  WS ERR: "Multiple exceptions: [Errno 61] Connect call failed ('::1', 8765, 0, 0), [Errno 61] Connect call failed ('127.0.0.1', 8765)"
  CB: None None-None (None)  crr=None  ps=None  recent=None
  ✓ score/wickets/overs match

[23:47:42  iter#700]
  WS ERR: "Multiple exceptions: [Errno 61] Connect call failed ('::1', 8765, 0, 0), [Errno 61] Connect call failed ('127.0.0.1', 8765)"
  CB: None None-None (None)  crr=None  ps=None  recent=None
  ✓ score/wickets/overs match

[23:48:02  iter#701]
  WS ERR: "Multiple exceptions: [Errno 61] Connect call failed ('::1', 8765, 0, 0), [Errno 61] Connect call failed ('127.0.0.1', 8765)"
  CB: None None-None (None)  crr=None  ps=None  recent=None
  ✓ score/wickets/overs match

[23:48:23  iter#702]
  WS ERR: "Multiple exceptions: [Errno 61] Connect call failed ('::1', 8765, 0, 0), [Errno 61] Connect call failed ('127.0.0.1', 8765)"
  CB: None None-None (None)  crr=None  ps=None  recent=None
  ✓ score/wickets/overs match

[23:48:43  iter#703]
  WS ERR: "Multiple exceptions: [Errno 61] Connect call failed ('::1', 8765, 0, 0), [Errno 61] Connect call failed ('127.0.0.1', 8765)"
  CB: None None-None (None)  crr=None  ps=None  recent=None
  ✓ score/wickets/overs match

[23:49:04  iter#704]
  WS ERR: "Multiple exceptions: [Errno 61] Connect call failed ('::1', 8765, 0, 0), [Errno 61] Connect call failed ('127.0.0.1', 8765)"
  CB: None None-None (None)  crr=None  ps=None  recent=None
  ✓ score/wickets/overs match

[23:49:24  iter#705]
  WS ERR: "Multiple exceptions: [Errno 61] Connect call failed ('::1', 8765, 0, 0), [Errno 61] Connect call failed ('127.0.0.1', 8765)"
  CB: None None-None (None)  crr=None  ps=None  recent=None
  ✓ score/wickets/overs match

[23:49:45  iter#706]
  WS ERR: "Multiple exceptions: [Errno 61] Connect call failed ('::1', 8765, 0, 0), [Errno 61] Connect call failed ('127.0.0.1', 8765)"
  CB: None None-None (None)  crr=None  ps=None  recent=None
  ✓ score/wickets/overs match

[23:50:05  iter#707]
  WS ERR: "Multiple exceptions: [Errno 61] Connect call failed ('::1', 8765, 0, 0), [Errno 61] Connect call failed ('127.0.0.1', 8765)"
  CB: None None-None (None)  crr=None  ps=None  recent=None
  ✓ score/wickets/overs match

[23:50:25  iter#708]
  WS ERR: "Multiple exceptions: [Errno 61] Connect call failed ('::1', 8765, 0, 0), [Errno 61] Connect call failed ('127.0.0.1', 8765)"
  CB: None None-None (None)  crr=None  ps=None  recent=None
  ✓ score/wickets/overs match

[23:50:45  iter#709]
  WS ERR: "Multiple exceptions: [Errno 61] Connect call failed ('::1', 8765, 0, 0), [Errno 61] Connect call failed ('127.0.0.1', 8765)"
  CB: None None-None (None)  crr=None  ps=None  recent=None
  ✓ score/wickets/overs match

[23:51:06  iter#710]
  WS ERR: "Multiple exceptions: [Errno 61] Connect call failed ('::1', 8765, 0, 0), [Errno 61] Connect call failed ('127.0.0.1', 8765)"
  CB: None None-None (None)  crr=None  ps=None  recent=None
  ✓ score/wickets/overs match

[23:51:26  iter#711]
  WS ERR: "Multiple exceptions: [Errno 61] Connect call failed ('::1', 8765, 0, 0), [Errno 61] Connect call failed ('127.0.0.1', 8765)"
  CB: None None-None (None)  crr=None  ps=None  recent=None
  ✓ score/wickets/overs match

[23:51:46  iter#712]
  WS ERR: "Multiple exceptions: [Errno 61] Connect call failed ('::1', 8765, 0, 0), [Errno 61] Connect call failed ('127.0.0.1', 8765)"
  CB: None None-None (None)  crr=None  ps=None  recent=None
  ✓ score/wickets/overs match

[23:52:07  iter#713]
  WS ERR: "Multiple exceptions: [Errno 61] Connect call failed ('::1', 8765, 0, 0), [Errno 61] Connect call failed ('127.0.0.1', 8765)"
  CB: None None-None (None)  crr=None  ps=None  recent=None
  ✓ score/wickets/overs match

[23:52:27  iter#714]
  WS ERR: "Multiple exceptions: [Errno 61] Connect call failed ('::1', 8765, 0, 0), [Errno 61] Connect call failed ('127.0.0.1', 8765)"
  CB: None None-None (None)  crr=None  ps=None  recent=None
  ✓ score/wickets/overs match

[23:52:47  iter#715]
  WS ERR: "Multiple exceptions: [Errno 61] Connect call failed ('::1', 8765, 0, 0), [Errno 61] Connect call failed ('127.0.0.1', 8765)"
  CB: None None-None (None)  crr=None  ps=None  recent=None
  ✓ score/wickets/overs match

[23:53:08  iter#716]
  WS ERR: "Multiple exceptions: [Errno 61] Connect call failed ('::1', 8765, 0, 0), [Errno 61] Connect call failed ('127.0.0.1', 8765)"
  CB: None None-None (None)  crr=None  ps=None  recent=None
  ✓ score/wickets/overs match

[23:53:28  iter#717]
  WS ERR: "Multiple exceptions: [Errno 61] Connect call failed ('::1', 8765, 0, 0), [Errno 61] Connect call failed ('127.0.0.1', 8765)"
  CB: None None-None (None)  crr=None  ps=None  recent=None
  ✓ score/wickets/overs match

[23:53:49  iter#718]
  WS ERR: "Multiple exceptions: [Errno 61] Connect call failed ('::1', 8765, 0, 0), [Errno 61] Connect call failed ('127.0.0.1', 8765)"
  CB: None None-None (None)  crr=None  ps=None  recent=None
  ✓ score/wickets/overs match

[23:54:09  iter#719]
  WS ERR: "Multiple exceptions: [Errno 61] Connect call failed ('::1', 8765, 0, 0), [Errno 61] Connect call failed ('127.0.0.1', 8765)"
  CB: None None-None (None)  crr=None  ps=None  recent=None
  ✓ score/wickets/overs match

[23:54:30  iter#720]
  WS ERR: "Multiple exceptions: [Errno 61] Connect call failed ('::1', 8765, 0, 0), [Errno 61] Connect call failed ('127.0.0.1', 8765)"
  CB: None None-None (None)  crr=None  ps=None  recent=None
  ✓ score/wickets/overs match

[23:54:51  iter#721]
  WS ERR: "Multiple exceptions: [Errno 61] Connect call failed ('::1', 8765, 0, 0), [Errno 61] Connect call failed ('127.0.0.1', 8765)"
  CB: None None-None (None)  crr=None  ps=None  recent=None
  ✓ score/wickets/overs match

[23:55:12  iter#722]
  WS ERR: "Multiple exceptions: [Errno 61] Connect call failed ('::1', 8765, 0, 0), [Errno 61] Connect call failed ('127.0.0.1', 8765)"
  CB: None None-None (None)  crr=None  ps=None  recent=None
  ✓ score/wickets/overs match

[23:55:33  iter#723]
  WS ERR: "Multiple exceptions: [Errno 61] Connect call failed ('::1', 8765, 0, 0), [Errno 61] Connect call failed ('127.0.0.1', 8765)"
  CB: None None-None (None)  crr=None  ps=None  recent=None
  ✓ score/wickets/overs match

[23:55:53  iter#724]
  WS ERR: "Multiple exceptions: [Errno 61] Connect call failed ('::1', 8765, 0, 0), [Errno 61] Connect call failed ('127.0.0.1', 8765)"
  CB: None None-None (None)  crr=None  ps=None  recent=None
  ✓ score/wickets/overs match

[23:56:14  iter#725]
  WS ERR: "Multiple exceptions: [Errno 61] Connect call failed ('::1', 8765, 0, 0), [Errno 61] Connect call failed ('127.0.0.1', 8765)"
  CB: None None-None (None)  crr=None  ps=None  recent=None
  ✓ score/wickets/overs match

[23:56:34  iter#726]
  WS ERR: "Multiple exceptions: [Errno 61] Connect call failed ('::1', 8765, 0, 0), [Errno 61] Connect call failed ('127.0.0.1', 8765)"
  CB: None None-None (None)  crr=None  ps=None  recent=None
  ✓ score/wickets/overs match

[23:56:54  iter#727]
  WS ERR: "Multiple exceptions: [Errno 61] Connect call failed ('::1', 8765, 0, 0), [Errno 61] Connect call failed ('127.0.0.1', 8765)"
  CB: None None-None (None)  crr=None  ps=None  recent=None
  ✓ score/wickets/overs match

[23:57:14  iter#728]
  WS ERR: "Multiple exceptions: [Errno 61] Connect call failed ('::1', 8765, 0, 0), [Errno 61] Connect call failed ('127.0.0.1', 8765)"
  CB: None None-None (None)  crr=None  ps=None  recent=None
  ✓ score/wickets/overs match

[23:57:35  iter#729]
  WS ERR: "Multiple exceptions: [Errno 61] Connect call failed ('::1', 8765, 0, 0), [Errno 61] Connect call failed ('127.0.0.1', 8765)"
  CB: None None-None (None)  crr=None  ps=None  recent=None
  ✓ score/wickets/overs match

[23:57:55  iter#730]
  WS ERR: "Multiple exceptions: [Errno 61] Connect call failed ('::1', 8765, 0, 0), [Errno 61] Connect call failed ('127.0.0.1', 8765)"
  CB: None None-None (None)  crr=None  ps=None  recent=None
  ✓ score/wickets/overs match

[23:58:15  iter#731]
  WS ERR: "Multiple exceptions: [Errno 61] Connect call failed ('::1', 8765, 0, 0), [Errno 61] Connect call failed ('127.0.0.1', 8765)"
  CB: None None-None (None)  crr=None  ps=None  recent=None
  ✓ score/wickets/overs match

[23:58:35  iter#732]
  WS ERR: "Multiple exceptions: [Errno 61] Connect call failed ('::1', 8765, 0, 0), [Errno 61] Connect call failed ('127.0.0.1', 8765)"
  CB: None None-None (None)  crr=None  ps=None  recent=None
  ✓ score/wickets/overs match

[23:58:56  iter#733]
  WS ERR: "Multiple exceptions: [Errno 61] Connect call failed ('::1', 8765, 0, 0), [Errno 61] Connect call failed ('127.0.0.1', 8765)"
  CB: None None-None (None)  crr=None  ps=None  recent=None
  ✓ score/wickets/overs match

[23:59:16  iter#734]
  WS ERR: "Multiple exceptions: [Errno 61] Connect call failed ('::1', 8765, 0, 0), [Errno 61] Connect call failed ('127.0.0.1', 8765)"
  CB: None None-None (None)  crr=None  ps=None  recent=None
  ✓ score/wickets/overs match

[23:59:36  iter#735]
  WS ERR: "Multiple exceptions: [Errno 61] Connect call failed ('::1', 8765, 0, 0), [Errno 61] Connect call failed ('127.0.0.1', 8765)"
  CB: None None-None (None)  crr=None  ps=None  recent=None
  ✓ score/wickets/overs match

[23:59:57  iter#736]
  WS ERR: "Multiple exceptions: [Errno 61] Connect call failed ('::1', 8765, 0, 0), [Errno 61] Connect call failed ('127.0.0.1', 8765)"
  CB: None None-None (None)  crr=None  ps=None  recent=None
  ✓ score/wickets/overs match

[00:00:17  iter#737]
  WS ERR: "Multiple exceptions: [Errno 61] Connect call failed ('::1', 8765, 0, 0), [Errno 61] Connect call failed ('127.0.0.1', 8765)"
  CB: None None-None (None)  crr=None  ps=None  recent=None
  ✓ score/wickets/overs match

[00:00:37  iter#738]
  WS ERR: "Multiple exceptions: [Errno 61] Connect call failed ('::1', 8765, 0, 0), [Errno 61] Connect call failed ('127.0.0.1', 8765)"
  CB: None None-None (None)  crr=None  ps=None  recent=None
  ✓ score/wickets/overs match

[00:00:57  iter#739]
  WS ERR: "Multiple exceptions: [Errno 61] Connect call failed ('::1', 8765, 0, 0), [Errno 61] Connect call failed ('127.0.0.1', 8765)"
  CB: None None-None (None)  crr=None  ps=None  recent=None
  ✓ score/wickets/overs match

[00:01:18  iter#740]
  WS ERR: "Multiple exceptions: [Errno 61] Connect call failed ('::1', 8765, 0, 0), [Errno 61] Connect call failed ('127.0.0.1', 8765)"
  CB: None None-None (None)  crr=None  ps=None  recent=None
  ✓ score/wickets/overs match

[00:01:38  iter#741]
  WS ERR: "Multiple exceptions: [Errno 61] Connect call failed ('::1', 8765, 0, 0), [Errno 61] Connect call failed ('127.0.0.1', 8765)"
  CB: None None-None (None)  crr=None  ps=None  recent=None
  ✓ score/wickets/overs match

[00:01:58  iter#742]
  WS ERR: "Multiple exceptions: [Errno 61] Connect call failed ('::1', 8765, 0, 0), [Errno 61] Connect call failed ('127.0.0.1', 8765)"
  CB: None None-None (None)  crr=None  ps=None  recent=None
  ✓ score/wickets/overs match

[00:02:19  iter#743]
  WS ERR: "Multiple exceptions: [Errno 61] Connect call failed ('::1', 8765, 0, 0), [Errno 61] Connect call failed ('127.0.0.1', 8765)"
  CB: None None-None (None)  crr=None  ps=None  recent=None
  ✓ score/wickets/overs match

[00:02:39  iter#744]
  WS ERR: "Multiple exceptions: [Errno 61] Connect call failed ('::1', 8765, 0, 0), [Errno 61] Connect call failed ('127.0.0.1', 8765)"
  CB: None None-None (None)  crr=None  ps=None  recent=None
  ✓ score/wickets/overs match

[00:02:59  iter#745]
  WS ERR: "Multiple exceptions: [Errno 61] Connect call failed ('::1', 8765, 0, 0), [Errno 61] Connect call failed ('127.0.0.1', 8765)"
  CB: None None-None (None)  crr=None  ps=None  recent=None
  ✓ score/wickets/overs match

[00:03:20  iter#746]
  WS ERR: "Multiple exceptions: [Errno 61] Connect call failed ('::1', 8765, 0, 0), [Errno 61] Connect call failed ('127.0.0.1', 8765)"
  CB: None None-None (None)  crr=None  ps=None  recent=None
  ✓ score/wickets/overs match

[00:03:40  iter#747]
  WS ERR: "Multiple exceptions: [Errno 61] Connect call failed ('::1', 8765, 0, 0), [Errno 61] Connect call failed ('127.0.0.1', 8765)"
  CB: None None-None (None)  crr=None  ps=None  recent=None
  ✓ score/wickets/overs match

[00:04:00  iter#748]
  WS ERR: "Multiple exceptions: [Errno 61] Connect call failed ('::1', 8765, 0, 0), [Errno 61] Connect call failed ('127.0.0.1', 8765)"
  CB: None None-None (None)  crr=None  ps=None  recent=None
  ✓ score/wickets/overs match

[00:04:21  iter#749]
  WS ERR: "Multiple exceptions: [Errno 61] Connect call failed ('::1', 8765, 0, 0), [Errno 61] Connect call failed ('127.0.0.1', 8765)"
  CB: None None-None (None)  crr=None  ps=None  recent=None
  ✓ score/wickets/overs match

[00:04:41  iter#750]
  WS ERR: "Multiple exceptions: [Errno 61] Connect call failed ('::1', 8765, 0, 0), [Errno 61] Connect call failed ('127.0.0.1', 8765)"
  CB: None None-None (None)  crr=None  ps=None  recent=None
  ✓ score/wickets/overs match

[00:05:01  iter#751]
  WS ERR: "Multiple exceptions: [Errno 61] Connect call failed ('::1', 8765, 0, 0), [Errno 61] Connect call failed ('127.0.0.1', 8765)"
  CB: None None-None (None)  crr=None  ps=None  recent=None
  ✓ score/wickets/overs match

[00:05:22  iter#752]
  WS ERR: "Multiple exceptions: [Errno 61] Connect call failed ('::1', 8765, 0, 0), [Errno 61] Connect call failed ('127.0.0.1', 8765)"
  CB: None None-None (None)  crr=None  ps=None  recent=None
  ✓ score/wickets/overs match

[00:05:42  iter#753]
  WS ERR: "Multiple exceptions: [Errno 61] Connect call failed ('::1', 8765, 0, 0), [Errno 61] Connect call failed ('127.0.0.1', 8765)"
  CB: None None-None (None)  crr=None  ps=None  recent=None
  ✓ score/wickets/overs match

[00:06:03  iter#754]
  WS ERR: "Multiple exceptions: [Errno 61] Connect call failed ('::1', 8765, 0, 0), [Errno 61] Connect call failed ('127.0.0.1', 8765)"
  CB: None None-None (None)  crr=None  ps=None  recent=None
  ✓ score/wickets/overs match

[00:06:23  iter#755]
  WS ERR: "Multiple exceptions: [Errno 61] Connect call failed ('::1', 8765, 0, 0), [Errno 61] Connect call failed ('127.0.0.1', 8765)"
  CB: None None-None (None)  crr=None  ps=None  recent=None
  ✓ score/wickets/overs match

[00:06:43  iter#756]
  WS ERR: "Multiple exceptions: [Errno 61] Connect call failed ('::1', 8765, 0, 0), [Errno 61] Connect call failed ('127.0.0.1', 8765)"
  CB: None None-None (None)  crr=None  ps=None  recent=None
  ✓ score/wickets/overs match

[00:07:03  iter#757]
  WS ERR: "Multiple exceptions: [Errno 61] Connect call failed ('::1', 8765, 0, 0), [Errno 61] Connect call failed ('127.0.0.1', 8765)"
  CB: None None-None (None)  crr=None  ps=None  recent=None
  ✓ score/wickets/overs match

[00:07:24  iter#758]
  WS ERR: "Multiple exceptions: [Errno 61] Connect call failed ('::1', 8765, 0, 0), [Errno 61] Connect call failed ('127.0.0.1', 8765)"
  CB: None None-None (None)  crr=None  ps=None  recent=None
  ✓ score/wickets/overs match

[00:07:45  iter#759]
  WS ERR: "Multiple exceptions: [Errno 61] Connect call failed ('::1', 8765, 0, 0), [Errno 61] Connect call failed ('127.0.0.1', 8765)"
  CB: None None-None (None)  crr=None  ps=None  recent=None
  ✓ score/wickets/overs match

[00:08:05  iter#760]
  WS ERR: "Multiple exceptions: [Errno 61] Connect call failed ('::1', 8765, 0, 0), [Errno 61] Connect call failed ('127.0.0.1', 8765)"
  CB: None None-None (None)  crr=None  ps=None  recent=None
  ✓ score/wickets/overs match

[00:08:25  iter#761]
  WS ERR: "Multiple exceptions: [Errno 61] Connect call failed ('::1', 8765, 0, 0), [Errno 61] Connect call failed ('127.0.0.1', 8765)"
  CB: None None-None (None)  crr=None  ps=None  recent=None
  ✓ score/wickets/overs match

[00:08:45  iter#762]
  WS ERR: "Multiple exceptions: [Errno 61] Connect call failed ('::1', 8765, 0, 0), [Errno 61] Connect call failed ('127.0.0.1', 8765)"
  CB: None None-None (None)  crr=None  ps=None  recent=None
  ✓ score/wickets/overs match

[00:09:05  iter#763]
  WS ERR: "Multiple exceptions: [Errno 61] Connect call failed ('::1', 8765, 0, 0), [Errno 61] Connect call failed ('127.0.0.1', 8765)"
  CB: None None-None (None)  crr=None  ps=None  recent=None
  ✓ score/wickets/overs match

[00:09:26  iter#764]
  WS ERR: "Multiple exceptions: [Errno 61] Connect call failed ('::1', 8765, 0, 0), [Errno 61] Connect call failed ('127.0.0.1', 8765)"
  CB: None None-None (None)  crr=None  ps=None  recent=None
  ✓ score/wickets/overs match

[00:09:46  iter#765]
  WS ERR: "Multiple exceptions: [Errno 61] Connect call failed ('::1', 8765, 0, 0), [Errno 61] Connect call failed ('127.0.0.1', 8765)"
  CB: None None-None (None)  crr=None  ps=None  recent=None
  ✓ score/wickets/overs match

[00:10:06  iter#766]
  WS ERR: "Multiple exceptions: [Errno 61] Connect call failed ('::1', 8765, 0, 0), [Errno 61] Connect call failed ('127.0.0.1', 8765)"
  CB: None None-None (None)  crr=None  ps=None  recent=None
  ✓ score/wickets/overs match

[00:10:26  iter#767]
  WS ERR: "Multiple exceptions: [Errno 61] Connect call failed ('::1', 8765, 0, 0), [Errno 61] Connect call failed ('127.0.0.1', 8765)"
  CB: None None-None (None)  crr=None  ps=None  recent=None
  ✓ score/wickets/overs match

[00:10:47  iter#768]
  WS ERR: "Multiple exceptions: [Errno 61] Connect call failed ('::1', 8765, 0, 0), [Errno 61] Connect call failed ('127.0.0.1', 8765)"
  CB: None None-None (None)  crr=None  ps=None  recent=None
  ✓ score/wickets/overs match

[00:11:07  iter#769]
  WS ERR: "Multiple exceptions: [Errno 61] Connect call failed ('::1', 8765, 0, 0), [Errno 61] Connect call failed ('127.0.0.1', 8765)"
  CB: None None-None (None)  crr=None  ps=None  recent=None
  ✓ score/wickets/overs match

[00:11:27  iter#770]
  WS ERR: "Multiple exceptions: [Errno 61] Connect call failed ('::1', 8765, 0, 0), [Errno 61] Connect call failed ('127.0.0.1', 8765)"
  CB: None None-None (None)  crr=None  ps=None  recent=None
  ✓ score/wickets/overs match

[00:11:47  iter#771]
  WS ERR: "Multiple exceptions: [Errno 61] Connect call failed ('::1', 8765, 0, 0), [Errno 61] Connect call failed ('127.0.0.1', 8765)"
  CB: None None-None (None)  crr=None  ps=None  recent=None
  ✓ score/wickets/overs match

[00:12:07  iter#772]
  WS ERR: "Multiple exceptions: [Errno 61] Connect call failed ('::1', 8765, 0, 0), [Errno 61] Connect call failed ('127.0.0.1', 8765)"
  CB: None None-None (None)  crr=None  ps=None  recent=None
  ✓ score/wickets/overs match

[00:12:28  iter#773]
  WS ERR: "Multiple exceptions: [Errno 61] Connect call failed ('::1', 8765, 0, 0), [Errno 61] Connect call failed ('127.0.0.1', 8765)"
  CB: None None-None (None)  crr=None  ps=None  recent=None
  ✓ score/wickets/overs match

[00:12:48  iter#774]
  WS ERR: "Multiple exceptions: [Errno 61] Connect call failed ('::1', 8765, 0, 0), [Errno 61] Connect call failed ('127.0.0.1', 8765)"
  CB: None None-None (None)  crr=None  ps=None  recent=None
  ✓ score/wickets/overs match

[00:13:08  iter#775]
  WS ERR: "Multiple exceptions: [Errno 61] Connect call failed ('::1', 8765, 0, 0), [Errno 61] Connect call failed ('127.0.0.1', 8765)"
  CB: None None-None (None)  crr=None  ps=None  recent=None
  ✓ score/wickets/overs match

[00:13:28  iter#776]
  WS ERR: "Multiple exceptions: [Errno 61] Connect call failed ('::1', 8765, 0, 0), [Errno 61] Connect call failed ('127.0.0.1', 8765)"
  CB: None None-None (None)  crr=None  ps=None  recent=None
  ✓ score/wickets/overs match

[00:13:48  iter#777]
  WS ERR: "Multiple exceptions: [Errno 61] Connect call failed ('::1', 8765, 0, 0), [Errno 61] Connect call failed ('127.0.0.1', 8765)"
  CB: None None-None (None)  crr=None  ps=None  recent=None
  ✓ score/wickets/overs match

[00:14:09  iter#778]
  WS ERR: "Multiple exceptions: [Errno 61] Connect call failed ('::1', 8765, 0, 0), [Errno 61] Connect call failed ('127.0.0.1', 8765)"
  CB: None None-None (None)  crr=None  ps=None  recent=None
  ✓ score/wickets/overs match

[00:14:29  iter#779]
  WS ERR: "Multiple exceptions: [Errno 61] Connect call failed ('::1', 8765, 0, 0), [Errno 61] Connect call failed ('127.0.0.1', 8765)"
  CB: None None-None (None)  crr=None  ps=None  recent=None
  ✓ score/wickets/overs match

[00:14:49  iter#780]
  WS ERR: "Multiple exceptions: [Errno 61] Connect call failed ('::1', 8765, 0, 0), [Errno 61] Connect call failed ('127.0.0.1', 8765)"
  CB: None None-None (None)  crr=None  ps=None  recent=None
  ✓ score/wickets/overs match

[00:15:10  iter#781]
  WS ERR: "Multiple exceptions: [Errno 61] Connect call failed ('::1', 8765, 0, 0), [Errno 61] Connect call failed ('127.0.0.1', 8765)"
  CB: None None-None (None)  crr=None  ps=None  recent=None
  ✓ score/wickets/overs match

[00:15:30  iter#782]
  WS ERR: "Multiple exceptions: [Errno 61] Connect call failed ('::1', 8765, 0, 0), [Errno 61] Connect call failed ('127.0.0.1', 8765)"
  CB: None None-None (None)  crr=None  ps=None  recent=None
  ✓ score/wickets/overs match

[00:15:50  iter#783]
  WS ERR: "Multiple exceptions: [Errno 61] Connect call failed ('::1', 8765, 0, 0), [Errno 61] Connect call failed ('127.0.0.1', 8765)"
  CB: None None-None (None)  crr=None  ps=None  recent=None
  ✓ score/wickets/overs match

[00:16:11  iter#784]
  WS ERR: "Multiple exceptions: [Errno 61] Connect call failed ('::1', 8765, 0, 0), [Errno 61] Connect call failed ('127.0.0.1', 8765)"
  CB: None None-None (None)  crr=None  ps=None  recent=None
  ✓ score/wickets/overs match

[00:16:31  iter#785]
  WS ERR: "Multiple exceptions: [Errno 61] Connect call failed ('::1', 8765, 0, 0), [Errno 61] Connect call failed ('127.0.0.1', 8765)"
  CB: None None-None (None)  crr=None  ps=None  recent=None
  ✓ score/wickets/overs match

[00:16:51  iter#786]
  WS ERR: "Multiple exceptions: [Errno 61] Connect call failed ('::1', 8765, 0, 0), [Errno 61] Connect call failed ('127.0.0.1', 8765)"
  CB: None None-None (None)  crr=None  ps=None  recent=None
  ✓ score/wickets/overs match

[00:17:11  iter#787]
  WS ERR: "Multiple exceptions: [Errno 61] Connect call failed ('::1', 8765, 0, 0), [Errno 61] Connect call failed ('127.0.0.1', 8765)"
  CB: None None-None (None)  crr=None  ps=None  recent=None
  ✓ score/wickets/overs match

[00:17:31  iter#788]
  WS ERR: "Multiple exceptions: [Errno 61] Connect call failed ('::1', 8765, 0, 0), [Errno 61] Connect call failed ('127.0.0.1', 8765)"
  CB: None None-None (None)  crr=None  ps=None  recent=None
  ✓ score/wickets/overs match

[00:17:52  iter#789]
  WS ERR: "Multiple exceptions: [Errno 61] Connect call failed ('::1', 8765, 0, 0), [Errno 61] Connect call failed ('127.0.0.1', 8765)"
  CB: None None-None (None)  crr=None  ps=None  recent=None
  ✓ score/wickets/overs match

[00:18:12  iter#790]
  WS ERR: "Multiple exceptions: [Errno 61] Connect call failed ('::1', 8765, 0, 0), [Errno 61] Connect call failed ('127.0.0.1', 8765)"
  CB: None None-None (None)  crr=None  ps=None  recent=None
  ✓ score/wickets/overs match

[00:18:32  iter#791]
  WS ERR: "Multiple exceptions: [Errno 61] Connect call failed ('::1', 8765, 0, 0), [Errno 61] Connect call failed ('127.0.0.1', 8765)"
  CB: None None-None (None)  crr=None  ps=None  recent=None
  ✓ score/wickets/overs match

[00:18:52  iter#792]
  WS ERR: "Multiple exceptions: [Errno 61] Connect call failed ('::1', 8765, 0, 0), [Errno 61] Connect call failed ('127.0.0.1', 8765)"
  CB: None None-None (None)  crr=None  ps=None  recent=None
  ✓ score/wickets/overs match

[00:19:13  iter#793]
  WS ERR: "Multiple exceptions: [Errno 61] Connect call failed ('::1', 8765, 0, 0), [Errno 61] Connect call failed ('127.0.0.1', 8765)"
  CB: None None-None (None)  crr=None  ps=None  recent=None
  ✓ score/wickets/overs match

[00:19:33  iter#794]
  WS ERR: "Multiple exceptions: [Errno 61] Connect call failed ('::1', 8765, 0, 0), [Errno 61] Connect call failed ('127.0.0.1', 8765)"
  CB: None None-None (None)  crr=None  ps=None  recent=None
  ✓ score/wickets/overs match

[00:19:53  iter#795]
  WS ERR: "Multiple exceptions: [Errno 61] Connect call failed ('::1', 8765, 0, 0), [Errno 61] Connect call failed ('127.0.0.1', 8765)"
  CB: None None-None (None)  crr=None  ps=None  recent=None
  ✓ score/wickets/overs match

[00:20:13  iter#796]
  WS ERR: "Multiple exceptions: [Errno 61] Connect call failed ('::1', 8765, 0, 0), [Errno 61] Connect call failed ('127.0.0.1', 8765)"
  CB: None None-None (None)  crr=None  ps=None  recent=None
  ✓ score/wickets/overs match

[00:20:34  iter#797]
  WS ERR: "Multiple exceptions: [Errno 61] Connect call failed ('::1', 8765, 0, 0), [Errno 61] Connect call failed ('127.0.0.1', 8765)"
  CB: None None-None (None)  crr=None  ps=None  recent=None
  ✓ score/wickets/overs match

[00:20:54  iter#798]
  WS ERR: "Multiple exceptions: [Errno 61] Connect call failed ('::1', 8765, 0, 0), [Errno 61] Connect call failed ('127.0.0.1', 8765)"
  CB: None None-None (None)  crr=None  ps=None  recent=None
  ✓ score/wickets/overs match

[00:21:14  iter#799]
  WS ERR: "Multiple exceptions: [Errno 61] Connect call failed ('::1', 8765, 0, 0), [Errno 61] Connect call failed ('127.0.0.1', 8765)"
  CB: None None-None (None)  crr=None  ps=None  recent=None
  ✓ score/wickets/overs match

[00:21:34  iter#800]
  WS ERR: "Multiple exceptions: [Errno 61] Connect call failed ('::1', 8765, 0, 0), [Errno 61] Connect call failed ('127.0.0.1', 8765)"
  CB: None None-None (None)  crr=None  ps=None  recent=None
  ✓ score/wickets/overs match

[00:21:54  iter#801]
  WS ERR: "Multiple exceptions: [Errno 61] Connect call failed ('::1', 8765, 0, 0), [Errno 61] Connect call failed ('127.0.0.1', 8765)"
  CB: None None-None (None)  crr=None  ps=None  recent=None
  ✓ score/wickets/overs match

[00:22:15  iter#802]
  WS ERR: "Multiple exceptions: [Errno 61] Connect call failed ('::1', 8765, 0, 0), [Errno 61] Connect call failed ('127.0.0.1', 8765)"
  CB: None None-None (None)  crr=None  ps=None  recent=None
  ✓ score/wickets/overs match

[00:22:35  iter#803]
  WS ERR: "Multiple exceptions: [Errno 61] Connect call failed ('::1', 8765, 0, 0), [Errno 61] Connect call failed ('127.0.0.1', 8765)"
  CB: None None-None (None)  crr=None  ps=None  recent=None
  ✓ score/wickets/overs match

[00:22:55  iter#804]
  WS ERR: "Multiple exceptions: [Errno 61] Connect call failed ('::1', 8765, 0, 0), [Errno 61] Connect call failed ('127.0.0.1', 8765)"
  CB: None None-None (None)  crr=None  ps=None  recent=None
  ✓ score/wickets/overs match

[00:23:15  iter#805]
  WS ERR: "Multiple exceptions: [Errno 61] Connect call failed ('::1', 8765, 0, 0), [Errno 61] Connect call failed ('127.0.0.1', 8765)"
  CB: None None-None (None)  crr=None  ps=None  recent=None
  ✓ score/wickets/overs match

[00:23:35  iter#806]
  WS ERR: "Multiple exceptions: [Errno 61] Connect call failed ('::1', 8765, 0, 0), [Errno 61] Connect call failed ('127.0.0.1', 8765)"
  CB: None None-None (None)  crr=None  ps=None  recent=None
  ✓ score/wickets/overs match

[00:23:55  iter#807]
  WS ERR: "Multiple exceptions: [Errno 61] Connect call failed ('::1', 8765, 0, 0), [Errno 61] Connect call failed ('127.0.0.1', 8765)"
  CB: None None-None (None)  crr=None  ps=None  recent=None
  ✓ score/wickets/overs match

[00:24:16  iter#808]
  WS ERR: "Multiple exceptions: [Errno 61] Connect call failed ('::1', 8765, 0, 0), [Errno 61] Connect call failed ('127.0.0.1', 8765)"
  CB: None None-None (None)  crr=None  ps=None  recent=None
  ✓ score/wickets/overs match

[00:24:36  iter#809]
  WS ERR: "Multiple exceptions: [Errno 61] Connect call failed ('::1', 8765, 0, 0), [Errno 61] Connect call failed ('127.0.0.1', 8765)"
  CB: None None-None (None)  crr=None  ps=None  recent=None
  ✓ score/wickets/overs match

[00:24:56  iter#810]
  WS ERR: "Multiple exceptions: [Errno 61] Connect call failed ('::1', 8765, 0, 0), [Errno 61] Connect call failed ('127.0.0.1', 8765)"
  CB: None None-None (None)  crr=None  ps=None  recent=None
  ✓ score/wickets/overs match

[00:25:17  iter#811]
  WS ERR: "Multiple exceptions: [Errno 61] Connect call failed ('::1', 8765, 0, 0), [Errno 61] Connect call failed ('127.0.0.1', 8765)"
  CB: None None-None (None)  crr=None  ps=None  recent=None
  ✓ score/wickets/overs match

[00:25:37  iter#812]
  WS ERR: "Multiple exceptions: [Errno 61] Connect call failed ('::1', 8765, 0, 0), [Errno 61] Connect call failed ('127.0.0.1', 8765)"
  CB: None None-None (None)  crr=None  ps=None  recent=None
  ✓ score/wickets/overs match

[00:25:57  iter#813]
  WS ERR: "Multiple exceptions: [Errno 61] Connect call failed ('::1', 8765, 0, 0), [Errno 61] Connect call failed ('127.0.0.1', 8765)"
  CB: None None-None (None)  crr=None  ps=None  recent=None
  ✓ score/wickets/overs match

[00:26:17  iter#814]
  WS ERR: "Multiple exceptions: [Errno 61] Connect call failed ('::1', 8765, 0, 0), [Errno 61] Connect call failed ('127.0.0.1', 8765)"
  CB: None None-None (None)  crr=None  ps=None  recent=None
  ✓ score/wickets/overs match

[00:26:37  iter#815]
  WS ERR: "Multiple exceptions: [Errno 61] Connect call failed ('::1', 8765, 0, 0), [Errno 61] Connect call failed ('127.0.0.1', 8765)"
  CB: None None-None (None)  crr=None  ps=None  recent=None
  ✓ score/wickets/overs match

[00:26:58  iter#816]
  WS ERR: "Multiple exceptions: [Errno 61] Connect call failed ('::1', 8765, 0, 0), [Errno 61] Connect call failed ('127.0.0.1', 8765)"
  CB: None None-None (None)  crr=None  ps=None  recent=None
  ✓ score/wickets/overs match

[00:27:18  iter#817]
  WS ERR: "Multiple exceptions: [Errno 61] Connect call failed ('::1', 8765, 0, 0), [Errno 61] Connect call failed ('127.0.0.1', 8765)"
  CB: None None-None (None)  crr=None  ps=None  recent=None
  ✓ score/wickets/overs match

[00:27:38  iter#818]
  WS ERR: "Multiple exceptions: [Errno 61] Connect call failed ('::1', 8765, 0, 0), [Errno 61] Connect call failed ('127.0.0.1', 8765)"
  CB: None None-None (None)  crr=None  ps=None  recent=None
  ✓ score/wickets/overs match

[00:27:58  iter#819]
  WS ERR: "Multiple exceptions: [Errno 61] Connect call failed ('::1', 8765, 0, 0), [Errno 61] Connect call failed ('127.0.0.1', 8765)"
  CB: None None-None (None)  crr=None  ps=None  recent=None
  ✓ score/wickets/overs match

[00:28:19  iter#820]
  WS ERR: "Multiple exceptions: [Errno 61] Connect call failed ('::1', 8765, 0, 0), [Errno 61] Connect call failed ('127.0.0.1', 8765)"
  CB: None None-None (None)  crr=None  ps=None  recent=None
  ✓ score/wickets/overs match

[00:28:39  iter#821]
  WS ERR: "Multiple exceptions: [Errno 61] Connect call failed ('::1', 8765, 0, 0), [Errno 61] Connect call failed ('127.0.0.1', 8765)"
  CB: None None-None (None)  crr=None  ps=None  recent=None
  ✓ score/wickets/overs match

[00:28:59  iter#822]
  WS ERR: "Multiple exceptions: [Errno 61] Connect call failed ('::1', 8765, 0, 0), [Errno 61] Connect call failed ('127.0.0.1', 8765)"
  CB: None None-None (None)  crr=None  ps=None  recent=None
  ✓ score/wickets/overs match

[00:29:19  iter#823]
  WS ERR: "Multiple exceptions: [Errno 61] Connect call failed ('::1', 8765, 0, 0), [Errno 61] Connect call failed ('127.0.0.1', 8765)"
  CB: None None-None (None)  crr=None  ps=None  recent=None
  ✓ score/wickets/overs match

[00:29:40  iter#824]
  WS ERR: "Multiple exceptions: [Errno 61] Connect call failed ('::1', 8765, 0, 0), [Errno 61] Connect call failed ('127.0.0.1', 8765)"
  CB: None None-None (None)  crr=None  ps=None  recent=None
  ✓ score/wickets/overs match

[00:30:00  iter#825]
  WS ERR: "Multiple exceptions: [Errno 61] Connect call failed ('::1', 8765, 0, 0), [Errno 61] Connect call failed ('127.0.0.1', 8765)"
  CB: None None-None (None)  crr=None  ps=None  recent=None
  ✓ score/wickets/overs match

[00:30:20  iter#826]
  WS ERR: "Multiple exceptions: [Errno 61] Connect call failed ('::1', 8765, 0, 0), [Errno 61] Connect call failed ('127.0.0.1', 8765)"
  CB: None None-None (None)  crr=None  ps=None  recent=None
  ✓ score/wickets/overs match

[00:30:40  iter#827]
  WS ERR: "Multiple exceptions: [Errno 61] Connect call failed ('::1', 8765, 0, 0), [Errno 61] Connect call failed ('127.0.0.1', 8765)"
  CB: None None-None (None)  crr=None  ps=None  recent=None
  ✓ score/wickets/overs match

[00:31:01  iter#828]
  WS ERR: "Multiple exceptions: [Errno 61] Connect call failed ('::1', 8765, 0, 0), [Errno 61] Connect call failed ('127.0.0.1', 8765)"
  CB: None None-None (None)  crr=None  ps=None  recent=None
  ✓ score/wickets/overs match

[00:31:21  iter#829]
  WS ERR: "Multiple exceptions: [Errno 61] Connect call failed ('::1', 8765, 0, 0), [Errno 61] Connect call failed ('127.0.0.1', 8765)"
  CB: None None-None (None)  crr=None  ps=None  recent=None
  ✓ score/wickets/overs match

[00:31:41  iter#830]
  WS ERR: "Multiple exceptions: [Errno 61] Connect call failed ('::1', 8765, 0, 0), [Errno 61] Connect call failed ('127.0.0.1', 8765)"
  CB: None None-None (None)  crr=None  ps=None  recent=None
  ✓ score/wickets/overs match

[00:32:01  iter#831]
  WS ERR: "Multiple exceptions: [Errno 61] Connect call failed ('::1', 8765, 0, 0), [Errno 61] Connect call failed ('127.0.0.1', 8765)"
  CB: None None-None (None)  crr=None  ps=None  recent=None
  ✓ score/wickets/overs match

[00:32:22  iter#832]
  WS ERR: "Multiple exceptions: [Errno 61] Connect call failed ('::1', 8765, 0, 0), [Errno 61] Connect call failed ('127.0.0.1', 8765)"
  CB: None None-None (None)  crr=None  ps=None  recent=None
  ✓ score/wickets/overs match

[00:32:42  iter#833]
  WS ERR: "Multiple exceptions: [Errno 61] Connect call failed ('::1', 8765, 0, 0), [Errno 61] Connect call failed ('127.0.0.1', 8765)"
  CB: None None-None (None)  crr=None  ps=None  recent=None
  ✓ score/wickets/overs match

[00:33:02  iter#834]
  WS ERR: "Multiple exceptions: [Errno 61] Connect call failed ('::1', 8765, 0, 0), [Errno 61] Connect call failed ('127.0.0.1', 8765)"
  CB: None None-None (None)  crr=None  ps=None  recent=None
  ✓ score/wickets/overs match

[00:33:22  iter#835]
  WS ERR: "Multiple exceptions: [Errno 61] Connect call failed ('::1', 8765, 0, 0), [Errno 61] Connect call failed ('127.0.0.1', 8765)"
  CB: None None-None (None)  crr=None  ps=None  recent=None
  ✓ score/wickets/overs match

[00:33:42  iter#836]
  WS ERR: "Multiple exceptions: [Errno 61] Connect call failed ('::1', 8765, 0, 0), [Errno 61] Connect call failed ('127.0.0.1', 8765)"
  CB: None None-None (None)  crr=None  ps=None  recent=None
  ✓ score/wickets/overs match

[00:34:02  iter#837]
  WS ERR: "Multiple exceptions: [Errno 61] Connect call failed ('::1', 8765, 0, 0), [Errno 61] Connect call failed ('127.0.0.1', 8765)"
  CB: None None-None (None)  crr=None  ps=None  recent=None
  ✓ score/wickets/overs match

[00:34:23  iter#838]
  WS ERR: "Multiple exceptions: [Errno 61] Connect call failed ('::1', 8765, 0, 0), [Errno 61] Connect call failed ('127.0.0.1', 8765)"
  CB: None None-None (None)  crr=None  ps=None  recent=None
  ✓ score/wickets/overs match

[00:34:43  iter#839]
  WS ERR: "Multiple exceptions: [Errno 61] Connect call failed ('::1', 8765, 0, 0), [Errno 61] Connect call failed ('127.0.0.1', 8765)"
  CB: None None-None (None)  crr=None  ps=None  recent=None
  ✓ score/wickets/overs match

[00:35:03  iter#840]
  WS ERR: "Multiple exceptions: [Errno 61] Connect call failed ('::1', 8765, 0, 0), [Errno 61] Connect call failed ('127.0.0.1', 8765)"
  CB: None None-None (None)  crr=None  ps=None  recent=None
  ✓ score/wickets/overs match

[00:35:23  iter#841]
  WS ERR: "Multiple exceptions: [Errno 61] Connect call failed ('::1', 8765, 0, 0), [Errno 61] Connect call failed ('127.0.0.1', 8765)"
  CB: None None-None (None)  crr=None  ps=None  recent=None
  ✓ score/wickets/overs match

[00:35:44  iter#842]
  WS ERR: "Multiple exceptions: [Errno 61] Connect call failed ('::1', 8765, 0, 0), [Errno 61] Connect call failed ('127.0.0.1', 8765)"
  CB: None None-None (None)  crr=None  ps=None  recent=None
  ✓ score/wickets/overs match

[00:36:04  iter#843]
  WS ERR: "Multiple exceptions: [Errno 61] Connect call failed ('::1', 8765, 0, 0), [Errno 61] Connect call failed ('127.0.0.1', 8765)"
  CB: None None-None (None)  crr=None  ps=None  recent=None
  ✓ score/wickets/overs match

[00:36:24  iter#844]
  WS ERR: "Multiple exceptions: [Errno 61] Connect call failed ('::1', 8765, 0, 0), [Errno 61] Connect call failed ('127.0.0.1', 8765)"
  CB: None None-None (None)  crr=None  ps=None  recent=None
  ✓ score/wickets/overs match

[00:36:44  iter#845]
  WS ERR: "Multiple exceptions: [Errno 61] Connect call failed ('::1', 8765, 0, 0), [Errno 61] Connect call failed ('127.0.0.1', 8765)"
  CB: None None-None (None)  crr=None  ps=None  recent=None
  ✓ score/wickets/overs match

[00:37:05  iter#846]
  WS ERR: "Multiple exceptions: [Errno 61] Connect call failed ('::1', 8765, 0, 0), [Errno 61] Connect call failed ('127.0.0.1', 8765)"
  CB: None None-None (None)  crr=None  ps=None  recent=None
  ✓ score/wickets/overs match

[00:37:25  iter#847]
  WS ERR: "Multiple exceptions: [Errno 61] Connect call failed ('::1', 8765, 0, 0), [Errno 61] Connect call failed ('127.0.0.1', 8765)"
  CB: None None-None (None)  crr=None  ps=None  recent=None
  ✓ score/wickets/overs match

[00:37:45  iter#848]
  WS ERR: "Multiple exceptions: [Errno 61] Connect call failed ('::1', 8765, 0, 0), [Errno 61] Connect call failed ('127.0.0.1', 8765)"
  CB: None None-None (None)  crr=None  ps=None  recent=None
  ✓ score/wickets/overs match

[00:38:05  iter#849]
  WS ERR: "Multiple exceptions: [Errno 61] Connect call failed ('::1', 8765, 0, 0), [Errno 61] Connect call failed ('127.0.0.1', 8765)"
  CB: None None-None (None)  crr=None  ps=None  recent=None
  ✓ score/wickets/overs match

[00:38:25  iter#850]
  WS ERR: "Multiple exceptions: [Errno 61] Connect call failed ('::1', 8765, 0, 0), [Errno 61] Connect call failed ('127.0.0.1', 8765)"
  CB: None None-None (None)  crr=None  ps=None  recent=None
  ✓ score/wickets/overs match

[00:38:45  iter#851]
  WS ERR: "Multiple exceptions: [Errno 61] Connect call failed ('::1', 8765, 0, 0), [Errno 61] Connect call failed ('127.0.0.1', 8765)"
  CB: None None-None (None)  crr=None  ps=None  recent=None
  ✓ score/wickets/overs match

[00:39:06  iter#852]
  WS ERR: "Multiple exceptions: [Errno 61] Connect call failed ('::1', 8765, 0, 0), [Errno 61] Connect call failed ('127.0.0.1', 8765)"
  CB: None None-None (None)  crr=None  ps=None  recent=None
  ✓ score/wickets/overs match

[00:39:26  iter#853]
  WS ERR: "Multiple exceptions: [Errno 61] Connect call failed ('::1', 8765, 0, 0), [Errno 61] Connect call failed ('127.0.0.1', 8765)"
  CB: None None-None (None)  crr=None  ps=None  recent=None
  ✓ score/wickets/overs match

[00:39:46  iter#854]
  WS ERR: "Multiple exceptions: [Errno 61] Connect call failed ('::1', 8765, 0, 0), [Errno 61] Connect call failed ('127.0.0.1', 8765)"
  CB: None None-None (None)  crr=None  ps=None  recent=None
  ✓ score/wickets/overs match

[00:40:06  iter#855]
  WS ERR: "Multiple exceptions: [Errno 61] Connect call failed ('::1', 8765, 0, 0), [Errno 61] Connect call failed ('127.0.0.1', 8765)"
  CB: None None-None (None)  crr=None  ps=None  recent=None
  ✓ score/wickets/overs match

[00:40:26  iter#856]
  WS ERR: "Multiple exceptions: [Errno 61] Connect call failed ('::1', 8765, 0, 0), [Errno 61] Connect call failed ('127.0.0.1', 8765)"
  CB: None None-None (None)  crr=None  ps=None  recent=None
  ✓ score/wickets/overs match

[00:40:47  iter#857]
  WS ERR: "Multiple exceptions: [Errno 61] Connect call failed ('::1', 8765, 0, 0), [Errno 61] Connect call failed ('127.0.0.1', 8765)"
  CB: None None-None (None)  crr=None  ps=None  recent=None
  ✓ score/wickets/overs match

[00:41:07  iter#858]
  WS ERR: "Multiple exceptions: [Errno 61] Connect call failed ('::1', 8765, 0, 0), [Errno 61] Connect call failed ('127.0.0.1', 8765)"
  CB: None None-None (None)  crr=None  ps=None  recent=None
  ✓ score/wickets/overs match

[00:41:27  iter#859]
  WS ERR: "Multiple exceptions: [Errno 61] Connect call failed ('::1', 8765, 0, 0), [Errno 61] Connect call failed ('127.0.0.1', 8765)"
  CB: None None-None (None)  crr=None  ps=None  recent=None
  ✓ score/wickets/overs match

[00:41:47  iter#860]
  WS ERR: "Multiple exceptions: [Errno 61] Connect call failed ('::1', 8765, 0, 0), [Errno 61] Connect call failed ('127.0.0.1', 8765)"
  CB: None None-None (None)  crr=None  ps=None  recent=None
  ✓ score/wickets/overs match

[00:42:07  iter#861]
  WS ERR: "Multiple exceptions: [Errno 61] Connect call failed ('::1', 8765, 0, 0), [Errno 61] Connect call failed ('127.0.0.1', 8765)"
  CB: None None-None (None)  crr=None  ps=None  recent=None
  ✓ score/wickets/overs match

[00:42:28  iter#862]
  WS ERR: "Multiple exceptions: [Errno 61] Connect call failed ('::1', 8765, 0, 0), [Errno 61] Connect call failed ('127.0.0.1', 8765)"
  CB: None None-None (None)  crr=None  ps=None  recent=None
  ✓ score/wickets/overs match

[00:42:48  iter#863]
  WS ERR: "Multiple exceptions: [Errno 61] Connect call failed ('::1', 8765, 0, 0), [Errno 61] Connect call failed ('127.0.0.1', 8765)"
  CB: None None-None (None)  crr=None  ps=None  recent=None
  ✓ score/wickets/overs match

[00:43:08  iter#864]
  WS ERR: "Multiple exceptions: [Errno 61] Connect call failed ('::1', 8765, 0, 0), [Errno 61] Connect call failed ('127.0.0.1', 8765)"
  CB: None None-None (None)  crr=None  ps=None  recent=None
  ✓ score/wickets/overs match

[00:43:29  iter#865]
  WS ERR: "Multiple exceptions: [Errno 61] Connect call failed ('::1', 8765, 0, 0), [Errno 61] Connect call failed ('127.0.0.1', 8765)"
  CB: None None-None (None)  crr=None  ps=None  recent=None
  ✓ score/wickets/overs match

[00:43:49  iter#866]
  WS ERR: "Multiple exceptions: [Errno 61] Connect call failed ('::1', 8765, 0, 0), [Errno 61] Connect call failed ('127.0.0.1', 8765)"
  CB: None None-None (None)  crr=None  ps=None  recent=None
  ✓ score/wickets/overs match

[00:44:09  iter#867]
  WS ERR: "Multiple exceptions: [Errno 61] Connect call failed ('::1', 8765, 0, 0), [Errno 61] Connect call failed ('127.0.0.1', 8765)"
  CB: None None-None (None)  crr=None  ps=None  recent=None
  ✓ score/wickets/overs match

[00:44:29  iter#868]
  WS ERR: "Multiple exceptions: [Errno 61] Connect call failed ('::1', 8765, 0, 0), [Errno 61] Connect call failed ('127.0.0.1', 8765)"
  CB: None None-None (None)  crr=None  ps=None  recent=None
  ✓ score/wickets/overs match

[00:44:49  iter#869]
  WS ERR: "Multiple exceptions: [Errno 61] Connect call failed ('::1', 8765, 0, 0), [Errno 61] Connect call failed ('127.0.0.1', 8765)"
  CB: None None-None (None)  crr=None  ps=None  recent=None
  ✓ score/wickets/overs match

[00:45:10  iter#870]
  WS ERR: "Multiple exceptions: [Errno 61] Connect call failed ('::1', 8765, 0, 0), [Errno 61] Connect call failed ('127.0.0.1', 8765)"
  CB: None None-None (None)  crr=None  ps=None  recent=None
  ✓ score/wickets/overs match

[00:45:30  iter#871]
  WS ERR: "Multiple exceptions: [Errno 61] Connect call failed ('::1', 8765, 0, 0), [Errno 61] Connect call failed ('127.0.0.1', 8765)"
  CB: None None-None (None)  crr=None  ps=None  recent=None
  ✓ score/wickets/overs match

[00:45:50  iter#872]
  WS ERR: "Multiple exceptions: [Errno 61] Connect call failed ('::1', 8765, 0, 0), [Errno 61] Connect call failed ('127.0.0.1', 8765)"
  CB: None None-None (None)  crr=None  ps=None  recent=None
  ✓ score/wickets/overs match

[00:46:10  iter#873]
  WS ERR: "Multiple exceptions: [Errno 61] Connect call failed ('::1', 8765, 0, 0), [Errno 61] Connect call failed ('127.0.0.1', 8765)"
  CB: None None-None (None)  crr=None  ps=None  recent=None
  ✓ score/wickets/overs match

[00:46:31  iter#874]
  WS ERR: "Multiple exceptions: [Errno 61] Connect call failed ('::1', 8765, 0, 0), [Errno 61] Connect call failed ('127.0.0.1', 8765)"
  CB: None None-None (None)  crr=None  ps=None  recent=None
  ✓ score/wickets/overs match

[00:46:51  iter#875]
  WS ERR: "Multiple exceptions: [Errno 61] Connect call failed ('::1', 8765, 0, 0), [Errno 61] Connect call failed ('127.0.0.1', 8765)"
  CB: None None-None (None)  crr=None  ps=None  recent=None
  ✓ score/wickets/overs match

[00:47:11  iter#876]
  WS ERR: "Multiple exceptions: [Errno 61] Connect call failed ('::1', 8765, 0, 0), [Errno 61] Connect call failed ('127.0.0.1', 8765)"
  CB: None None-None (None)  crr=None  ps=None  recent=None
  ✓ score/wickets/overs match

[00:47:31  iter#877]
  WS ERR: "Multiple exceptions: [Errno 61] Connect call failed ('::1', 8765, 0, 0), [Errno 61] Connect call failed ('127.0.0.1', 8765)"
  CB: None None-None (None)  crr=None  ps=None  recent=None
  ✓ score/wickets/overs match

[00:47:51  iter#878]
  WS ERR: "Multiple exceptions: [Errno 61] Connect call failed ('::1', 8765, 0, 0), [Errno 61] Connect call failed ('127.0.0.1', 8765)"
  CB: None None-None (None)  crr=None  ps=None  recent=None
  ✓ score/wickets/overs match

[00:48:12  iter#879]
  WS ERR: "Multiple exceptions: [Errno 61] Connect call failed ('::1', 8765, 0, 0), [Errno 61] Connect call failed ('127.0.0.1', 8765)"
  CB: None None-None (None)  crr=None  ps=None  recent=None
  ✓ score/wickets/overs match

[00:48:32  iter#880]
  WS ERR: "Multiple exceptions: [Errno 61] Connect call failed ('::1', 8765, 0, 0), [Errno 61] Connect call failed ('127.0.0.1', 8765)"
  CB: None None-None (None)  crr=None  ps=None  recent=None
  ✓ score/wickets/overs match

[00:48:52  iter#881]
  WS ERR: "Multiple exceptions: [Errno 61] Connect call failed ('::1', 8765, 0, 0), [Errno 61] Connect call failed ('127.0.0.1', 8765)"
  CB: None None-None (None)  crr=None  ps=None  recent=None
  ✓ score/wickets/overs match

[00:49:12  iter#882]
  WS ERR: "Multiple exceptions: [Errno 61] Connect call failed ('::1', 8765, 0, 0), [Errno 61] Connect call failed ('127.0.0.1', 8765)"
  CB: None None-None (None)  crr=None  ps=None  recent=None
  ✓ score/wickets/overs match

[00:49:33  iter#883]
  WS ERR: "Multiple exceptions: [Errno 61] Connect call failed ('::1', 8765, 0, 0), [Errno 61] Connect call failed ('127.0.0.1', 8765)"
  CB: None None-None (None)  crr=None  ps=None  recent=None
  ✓ score/wickets/overs match

[00:49:53  iter#884]
  WS ERR: "Multiple exceptions: [Errno 61] Connect call failed ('::1', 8765, 0, 0), [Errno 61] Connect call failed ('127.0.0.1', 8765)"
  CB: None None-None (None)  crr=None  ps=None  recent=None
  ✓ score/wickets/overs match

[00:50:13  iter#885]
  WS ERR: "Multiple exceptions: [Errno 61] Connect call failed ('::1', 8765, 0, 0), [Errno 61] Connect call failed ('127.0.0.1', 8765)"
  CB: None None-None (None)  crr=None  ps=None  recent=None
  ✓ score/wickets/overs match

[00:50:33  iter#886]
  WS ERR: "Multiple exceptions: [Errno 61] Connect call failed ('::1', 8765, 0, 0), [Errno 61] Connect call failed ('127.0.0.1', 8765)"
  CB: None None-None (None)  crr=None  ps=None  recent=None
  ✓ score/wickets/overs match

[00:50:53  iter#887]
  WS ERR: "Multiple exceptions: [Errno 61] Connect call failed ('::1', 8765, 0, 0), [Errno 61] Connect call failed ('127.0.0.1', 8765)"
  CB: None None-None (None)  crr=None  ps=None  recent=None
  ✓ score/wickets/overs match

[00:51:14  iter#888]
  WS ERR: "Multiple exceptions: [Errno 61] Connect call failed ('::1', 8765, 0, 0), [Errno 61] Connect call failed ('127.0.0.1', 8765)"
  CB: None None-None (None)  crr=None  ps=None  recent=None
  ✓ score/wickets/overs match

[00:51:34  iter#889]
  WS ERR: "Multiple exceptions: [Errno 61] Connect call failed ('::1', 8765, 0, 0), [Errno 61] Connect call failed ('127.0.0.1', 8765)"
  CB: None None-None (None)  crr=None  ps=None  recent=None
  ✓ score/wickets/overs match

[00:51:54  iter#890]
  WS ERR: "Multiple exceptions: [Errno 61] Connect call failed ('::1', 8765, 0, 0), [Errno 61] Connect call failed ('127.0.0.1', 8765)"
  CB: None None-None (None)  crr=None  ps=None  recent=None
  ✓ score/wickets/overs match

[00:52:14  iter#891]
  WS ERR: "Multiple exceptions: [Errno 61] Connect call failed ('::1', 8765, 0, 0), [Errno 61] Connect call failed ('127.0.0.1', 8765)"
  CB: None None-None (None)  crr=None  ps=None  recent=None
  ✓ score/wickets/overs match

[00:52:35  iter#892]
  WS ERR: "Multiple exceptions: [Errno 61] Connect call failed ('::1', 8765, 0, 0), [Errno 61] Connect call failed ('127.0.0.1', 8765)"
  CB: None None-None (None)  crr=None  ps=None  recent=None
  ✓ score/wickets/overs match

[00:52:55  iter#893]
  WS ERR: "Multiple exceptions: [Errno 61] Connect call failed ('::1', 8765, 0, 0), [Errno 61] Connect call failed ('127.0.0.1', 8765)"
  CB: None None-None (None)  crr=None  ps=None  recent=None
  ✓ score/wickets/overs match

[00:53:15  iter#894]
  WS ERR: "Multiple exceptions: [Errno 61] Connect call failed ('::1', 8765, 0, 0), [Errno 61] Connect call failed ('127.0.0.1', 8765)"
  CB: None None-None (None)  crr=None  ps=None  recent=None
  ✓ score/wickets/overs match

[00:53:35  iter#895]
  WS ERR: "Multiple exceptions: [Errno 61] Connect call failed ('::1', 8765, 0, 0), [Errno 61] Connect call failed ('127.0.0.1', 8765)"
  CB: None None-None (None)  crr=None  ps=None  recent=None
  ✓ score/wickets/overs match

[00:53:55  iter#896]
  WS ERR: "Multiple exceptions: [Errno 61] Connect call failed ('::1', 8765, 0, 0), [Errno 61] Connect call failed ('127.0.0.1', 8765)"
  CB: None None-None (None)  crr=None  ps=None  recent=None
  ✓ score/wickets/overs match

[00:54:16  iter#897]
  WS ERR: "Multiple exceptions: [Errno 61] Connect call failed ('::1', 8765, 0, 0), [Errno 61] Connect call failed ('127.0.0.1', 8765)"
  CB: None None-None (None)  crr=None  ps=None  recent=None
  ✓ score/wickets/overs match

[00:54:36  iter#898]
  WS ERR: "Multiple exceptions: [Errno 61] Connect call failed ('::1', 8765, 0, 0), [Errno 61] Connect call failed ('127.0.0.1', 8765)"
  CB: None None-None (None)  crr=None  ps=None  recent=None
  ✓ score/wickets/overs match

[00:54:56  iter#899]
  WS ERR: "Multiple exceptions: [Errno 61] Connect call failed ('::1', 8765, 0, 0), [Errno 61] Connect call failed ('127.0.0.1', 8765)"
  CB: None None-None (None)  crr=None  ps=None  recent=None
  ✓ score/wickets/overs match

[00:55:17  iter#900]
  WS ERR: "Multiple exceptions: [Errno 61] Connect call failed ('::1', 8765, 0, 0), [Errno 61] Connect call failed ('127.0.0.1', 8765)"
  CB: None None-None (None)  crr=None  ps=None  recent=None
  ✓ score/wickets/overs match

[00:55:37  iter#901]
  WS ERR: "Multiple exceptions: [Errno 61] Connect call failed ('::1', 8765, 0, 0), [Errno 61] Connect call failed ('127.0.0.1', 8765)"
  CB: None None-None (None)  crr=None  ps=None  recent=None
  ✓ score/wickets/overs match

[00:55:58  iter#902]
  WS ERR: "Multiple exceptions: [Errno 61] Connect call failed ('::1', 8765, 0, 0), [Errno 61] Connect call failed ('127.0.0.1', 8765)"
  CB: None None-None (None)  crr=None  ps=None  recent=None
  ✓ score/wickets/overs match

[00:56:18  iter#903]
  WS ERR: "Multiple exceptions: [Errno 61] Connect call failed ('::1', 8765, 0, 0), [Errno 61] Connect call failed ('127.0.0.1', 8765)"
  CB: None None-None (None)  crr=None  ps=None  recent=None
  ✓ score/wickets/overs match

[00:56:38  iter#904]
  WS ERR: "Multiple exceptions: [Errno 61] Connect call failed ('::1', 8765, 0, 0), [Errno 61] Connect call failed ('127.0.0.1', 8765)"
  CB: None None-None (None)  crr=None  ps=None  recent=None
  ✓ score/wickets/overs match

[00:56:58  iter#905]
  WS ERR: "Multiple exceptions: [Errno 61] Connect call failed ('::1', 8765, 0, 0), [Errno 61] Connect call failed ('127.0.0.1', 8765)"
  CB: None None-None (None)  crr=None  ps=None  recent=None
  ✓ score/wickets/overs match

[00:57:19  iter#906]
  WS ERR: "Multiple exceptions: [Errno 61] Connect call failed ('::1', 8765, 0, 0), [Errno 61] Connect call failed ('127.0.0.1', 8765)"
  CB: None None-None (None)  crr=None  ps=None  recent=None
  ✓ score/wickets/overs match

[00:57:39  iter#907]
  WS ERR: "Multiple exceptions: [Errno 61] Connect call failed ('::1', 8765, 0, 0), [Errno 61] Connect call failed ('127.0.0.1', 8765)"
  CB: None None-None (None)  crr=None  ps=None  recent=None
  ✓ score/wickets/overs match

[00:57:59  iter#908]
  WS ERR: "Multiple exceptions: [Errno 61] Connect call failed ('::1', 8765, 0, 0), [Errno 61] Connect call failed ('127.0.0.1', 8765)"
  CB: None None-None (None)  crr=None  ps=None  recent=None
  ✓ score/wickets/overs match

[00:58:19  iter#909]
  WS ERR: "Multiple exceptions: [Errno 61] Connect call failed ('::1', 8765, 0, 0), [Errno 61] Connect call failed ('127.0.0.1', 8765)"
  CB: None None-None (None)  crr=None  ps=None  recent=None
  ✓ score/wickets/overs match

[00:58:40  iter#910]
  WS ERR: "Multiple exceptions: [Errno 61] Connect call failed ('::1', 8765, 0, 0), [Errno 61] Connect call failed ('127.0.0.1', 8765)"
  CB: None None-None (None)  crr=None  ps=None  recent=None
  ✓ score/wickets/overs match

[00:59:00  iter#911]
  WS ERR: "Multiple exceptions: [Errno 61] Connect call failed ('::1', 8765, 0, 0), [Errno 61] Connect call failed ('127.0.0.1', 8765)"
  CB: None None-None (None)  crr=None  ps=None  recent=None
  ✓ score/wickets/overs match

[00:59:20  iter#912]
  WS ERR: "Multiple exceptions: [Errno 61] Connect call failed ('::1', 8765, 0, 0), [Errno 61] Connect call failed ('127.0.0.1', 8765)"
  CB: None None-None (None)  crr=None  ps=None  recent=None
  ✓ score/wickets/overs match

[00:59:40  iter#913]
  WS ERR: "Multiple exceptions: [Errno 61] Connect call failed ('::1', 8765, 0, 0), [Errno 61] Connect call failed ('127.0.0.1', 8765)"
  CB: None None-None (None)  crr=None  ps=None  recent=None
  ✓ score/wickets/overs match

[01:00:00  iter#914]
  WS ERR: "Multiple exceptions: [Errno 61] Connect call failed ('::1', 8765, 0, 0), [Errno 61] Connect call failed ('127.0.0.1', 8765)"
  CB: None None-None (None)  crr=None  ps=None  recent=None
  ✓ score/wickets/overs match

[01:00:21  iter#915]
  WS ERR: "Multiple exceptions: [Errno 61] Connect call failed ('::1', 8765, 0, 0), [Errno 61] Connect call failed ('127.0.0.1', 8765)"
  CB: None None-None (None)  crr=None  ps=None  recent=None
  ✓ score/wickets/overs match

[01:00:41  iter#916]
  WS ERR: "Multiple exceptions: [Errno 61] Connect call failed ('::1', 8765, 0, 0), [Errno 61] Connect call failed ('127.0.0.1', 8765)"
  CB: None None-None (None)  crr=None  ps=None  recent=None
  ✓ score/wickets/overs match

[01:01:01  iter#917]
  WS ERR: "Multiple exceptions: [Errno 61] Connect call failed ('::1', 8765, 0, 0), [Errno 61] Connect call failed ('127.0.0.1', 8765)"
  CB: None None-None (None)  crr=None  ps=None  recent=None
  ✓ score/wickets/overs match

[01:01:21  iter#918]
  WS ERR: "Multiple exceptions: [Errno 61] Connect call failed ('::1', 8765, 0, 0), [Errno 61] Connect call failed ('127.0.0.1', 8765)"
  CB: None None-None (None)  crr=None  ps=None  recent=None
  ✓ score/wickets/overs match

[01:01:42  iter#919]
  WS ERR: "Multiple exceptions: [Errno 61] Connect call failed ('::1', 8765, 0, 0), [Errno 61] Connect call failed ('127.0.0.1', 8765)"
  CB: None None-None (None)  crr=None  ps=None  recent=None
  ✓ score/wickets/overs match

[01:02:02  iter#920]
  WS ERR: "Multiple exceptions: [Errno 61] Connect call failed ('::1', 8765, 0, 0), [Errno 61] Connect call failed ('127.0.0.1', 8765)"
  CB: None None-None (None)  crr=None  ps=None  recent=None
  ✓ score/wickets/overs match

[01:02:22  iter#921]
  WS ERR: "Multiple exceptions: [Errno 61] Connect call failed ('::1', 8765, 0, 0), [Errno 61] Connect call failed ('127.0.0.1', 8765)"
  CB: None None-None (None)  crr=None  ps=None  recent=None
  ✓ score/wickets/overs match

[01:02:42  iter#922]
  WS ERR: "Multiple exceptions: [Errno 61] Connect call failed ('::1', 8765, 0, 0), [Errno 61] Connect call failed ('127.0.0.1', 8765)"
  CB: None None-None (None)  crr=None  ps=None  recent=None
  ✓ score/wickets/overs match

[01:03:03  iter#923]
  WS ERR: "Multiple exceptions: [Errno 61] Connect call failed ('::1', 8765, 0, 0), [Errno 61] Connect call failed ('127.0.0.1', 8765)"
  CB: None None-None (None)  crr=None  ps=None  recent=None
  ✓ score/wickets/overs match

[01:03:23  iter#924]
  WS ERR: "Multiple exceptions: [Errno 61] Connect call failed ('::1', 8765, 0, 0), [Errno 61] Connect call failed ('127.0.0.1', 8765)"
  CB: None None-None (None)  crr=None  ps=None  recent=None
  ✓ score/wickets/overs match

[01:03:43  iter#925]
  WS ERR: "Multiple exceptions: [Errno 61] Connect call failed ('::1', 8765, 0, 0), [Errno 61] Connect call failed ('127.0.0.1', 8765)"
  CB: None None-None (None)  crr=None  ps=None  recent=None
  ✓ score/wickets/overs match

[01:04:03  iter#926]
  WS ERR: "Multiple exceptions: [Errno 61] Connect call failed ('::1', 8765, 0, 0), [Errno 61] Connect call failed ('127.0.0.1', 8765)"
  CB: None None-None (None)  crr=None  ps=None  recent=None
  ✓ score/wickets/overs match

[01:04:24  iter#927]
  WS ERR: "Multiple exceptions: [Errno 61] Connect call failed ('::1', 8765, 0, 0), [Errno 61] Connect call failed ('127.0.0.1', 8765)"
  CB: None None-None (None)  crr=None  ps=None  recent=None
  ✓ score/wickets/overs match

[01:04:44  iter#928]
  WS ERR: "Multiple exceptions: [Errno 61] Connect call failed ('::1', 8765, 0, 0), [Errno 61] Connect call failed ('127.0.0.1', 8765)"
  CB: None None-None (None)  crr=None  ps=None  recent=None
  ✓ score/wickets/overs match

[01:05:04  iter#929]
  WS ERR: "Multiple exceptions: [Errno 61] Connect call failed ('::1', 8765, 0, 0), [Errno 61] Connect call failed ('127.0.0.1', 8765)"
  CB: None None-None (None)  crr=None  ps=None  recent=None
  ✓ score/wickets/overs match

[01:05:24  iter#930]
  WS ERR: "Multiple exceptions: [Errno 61] Connect call failed ('::1', 8765, 0, 0), [Errno 61] Connect call failed ('127.0.0.1', 8765)"
  CB: None None-None (None)  crr=None  ps=None  recent=None
  ✓ score/wickets/overs match

[01:05:44  iter#931]
  WS ERR: "Multiple exceptions: [Errno 61] Connect call failed ('::1', 8765, 0, 0), [Errno 61] Connect call failed ('127.0.0.1', 8765)"
  CB: None None-None (None)  crr=None  ps=None  recent=None
  ✓ score/wickets/overs match

[01:06:05  iter#932]
  WS ERR: "Multiple exceptions: [Errno 61] Connect call failed ('::1', 8765, 0, 0), [Errno 61] Connect call failed ('127.0.0.1', 8765)"
  CB: None None-None (None)  crr=None  ps=None  recent=None
  ✓ score/wickets/overs match

[01:06:25  iter#933]
  WS ERR: "Multiple exceptions: [Errno 61] Connect call failed ('::1', 8765, 0, 0), [Errno 61] Connect call failed ('127.0.0.1', 8765)"
  CB: None None-None (None)  crr=None  ps=None  recent=None
  ✓ score/wickets/overs match

[01:06:45  iter#934]
  WS ERR: "Multiple exceptions: [Errno 61] Connect call failed ('::1', 8765, 0, 0), [Errno 61] Connect call failed ('127.0.0.1', 8765)"
  CB: None None-None (None)  crr=None  ps=None  recent=None
  ✓ score/wickets/overs match

[01:07:05  iter#935]
  WS ERR: "Multiple exceptions: [Errno 61] Connect call failed ('::1', 8765, 0, 0), [Errno 61] Connect call failed ('127.0.0.1', 8765)"
  CB: None None-None (None)  crr=None  ps=None  recent=None
  ✓ score/wickets/overs match

[01:07:25  iter#936]
  WS ERR: "Multiple exceptions: [Errno 61] Connect call failed ('::1', 8765, 0, 0), [Errno 61] Connect call failed ('127.0.0.1', 8765)"
  CB: None None-None (None)  crr=None  ps=None  recent=None
  ✓ score/wickets/overs match

[01:07:45  iter#937]
  WS ERR: "Multiple exceptions: [Errno 61] Connect call failed ('::1', 8765, 0, 0), [Errno 61] Connect call failed ('127.0.0.1', 8765)"
  CB: None None-None (None)  crr=None  ps=None  recent=None
  ✓ score/wickets/overs match

[01:08:06  iter#938]
  WS ERR: "Multiple exceptions: [Errno 61] Connect call failed ('::1', 8765, 0, 0), [Errno 61] Connect call failed ('127.0.0.1', 8765)"
  CB: None None-None (None)  crr=None  ps=None  recent=None
  ✓ score/wickets/overs match

[01:08:26  iter#939]
  WS ERR: "Multiple exceptions: [Errno 61] Connect call failed ('::1', 8765, 0, 0), [Errno 61] Connect call failed ('127.0.0.1', 8765)"
  CB: None None-None (None)  crr=None  ps=None  recent=None
  ✓ score/wickets/overs match

[01:08:46  iter#940]
  WS ERR: "Multiple exceptions: [Errno 61] Connect call failed ('::1', 8765, 0, 0), [Errno 61] Connect call failed ('127.0.0.1', 8765)"
  CB: None None-None (None)  crr=None  ps=None  recent=None
  ✓ score/wickets/overs match

[01:09:06  iter#941]
  WS ERR: "Multiple exceptions: [Errno 61] Connect call failed ('::1', 8765, 0, 0), [Errno 61] Connect call failed ('127.0.0.1', 8765)"
  CB: None None-None (None)  crr=None  ps=None  recent=None
  ✓ score/wickets/overs match

[01:09:26  iter#942]
  WS ERR: "Multiple exceptions: [Errno 61] Connect call failed ('::1', 8765, 0, 0), [Errno 61] Connect call failed ('127.0.0.1', 8765)"
  CB: None None-None (None)  crr=None  ps=None  recent=None
  ✓ score/wickets/overs match

[01:09:47  iter#943]
  WS ERR: "Multiple exceptions: [Errno 61] Connect call failed ('::1', 8765, 0, 0), [Errno 61] Connect call failed ('127.0.0.1', 8765)"
  CB: None None-None (None)  crr=None  ps=None  recent=None
  ✓ score/wickets/overs match

[01:10:07  iter#944]
  WS ERR: "Multiple exceptions: [Errno 61] Connect call failed ('::1', 8765, 0, 0), [Errno 61] Connect call failed ('127.0.0.1', 8765)"
  CB: None None-None (None)  crr=None  ps=None  recent=None
  ✓ score/wickets/overs match

[01:10:27  iter#945]
  WS ERR: "Multiple exceptions: [Errno 61] Connect call failed ('::1', 8765, 0, 0), [Errno 61] Connect call failed ('127.0.0.1', 8765)"
  CB: None None-None (None)  crr=None  ps=None  recent=None
  ✓ score/wickets/overs match

[01:10:48  iter#946]
  WS ERR: "Multiple exceptions: [Errno 61] Connect call failed ('::1', 8765, 0, 0), [Errno 61] Connect call failed ('127.0.0.1', 8765)"
  CB: None None-None (None)  crr=None  ps=None  recent=None
  ✓ score/wickets/overs match

[01:11:08  iter#947]
  WS ERR: "Multiple exceptions: [Errno 61] Connect call failed ('::1', 8765, 0, 0), [Errno 61] Connect call failed ('127.0.0.1', 8765)"
  CB: None None-None (None)  crr=None  ps=None  recent=None
  ✓ score/wickets/overs match

[01:11:28  iter#948]
  WS ERR: "Multiple exceptions: [Errno 61] Connect call failed ('::1', 8765, 0, 0), [Errno 61] Connect call failed ('127.0.0.1', 8765)"
  CB: None None-None (None)  crr=None  ps=None  recent=None
  ✓ score/wickets/overs match

[01:11:48  iter#949]
  WS ERR: "Multiple exceptions: [Errno 61] Connect call failed ('::1', 8765, 0, 0), [Errno 61] Connect call failed ('127.0.0.1', 8765)"
  CB: None None-None (None)  crr=None  ps=None  recent=None
  ✓ score/wickets/overs match

[01:12:09  iter#950]
  WS ERR: "Multiple exceptions: [Errno 61] Connect call failed ('::1', 8765, 0, 0), [Errno 61] Connect call failed ('127.0.0.1', 8765)"
  CB: None None-None (None)  crr=None  ps=None  recent=None
  ✓ score/wickets/overs match

[01:12:29  iter#951]
  WS ERR: "Multiple exceptions: [Errno 61] Connect call failed ('::1', 8765, 0, 0), [Errno 61] Connect call failed ('127.0.0.1', 8765)"
  CB: None None-None (None)  crr=None  ps=None  recent=None
  ✓ score/wickets/overs match

[01:12:49  iter#952]
  WS ERR: "Multiple exceptions: [Errno 61] Connect call failed ('::1', 8765, 0, 0), [Errno 61] Connect call failed ('127.0.0.1', 8765)"
  CB: None None-None (None)  crr=None  ps=None  recent=None
  ✓ score/wickets/overs match

[01:13:09  iter#953]
  WS ERR: "Multiple exceptions: [Errno 61] Connect call failed ('::1', 8765, 0, 0), [Errno 61] Connect call failed ('127.0.0.1', 8765)"
  CB: None None-None (None)  crr=None  ps=None  recent=None
  ✓ score/wickets/overs match

[01:13:30  iter#954]
  WS ERR: "Multiple exceptions: [Errno 61] Connect call failed ('::1', 8765, 0, 0), [Errno 61] Connect call failed ('127.0.0.1', 8765)"
  CB: None None-None (None)  crr=None  ps=None  recent=None
  ✓ score/wickets/overs match

[01:13:50  iter#955]
  WS ERR: "Multiple exceptions: [Errno 61] Connect call failed ('::1', 8765, 0, 0), [Errno 61] Connect call failed ('127.0.0.1', 8765)"
  CB: None None-None (None)  crr=None  ps=None  recent=None
  ✓ score/wickets/overs match

[01:14:10  iter#956]
  WS ERR: "Multiple exceptions: [Errno 61] Connect call failed ('::1', 8765, 0, 0), [Errno 61] Connect call failed ('127.0.0.1', 8765)"
  CB: None None-None (None)  crr=None  ps=None  recent=None
  ✓ score/wickets/overs match

[01:14:31  iter#957]
  WS ERR: "Multiple exceptions: [Errno 61] Connect call failed ('::1', 8765, 0, 0), [Errno 61] Connect call failed ('127.0.0.1', 8765)"
  CB: None None-None (None)  crr=None  ps=None  recent=None
  ✓ score/wickets/overs match

[01:14:52  iter#958]
  WS ERR: "Multiple exceptions: [Errno 61] Connect call failed ('::1', 8765, 0, 0), [Errno 61] Connect call failed ('127.0.0.1', 8765)"
  CB: None None-None (None)  crr=None  ps=None  recent=None
  ✓ score/wickets/overs match

[01:15:12  iter#959]
  WS ERR: "Multiple exceptions: [Errno 61] Connect call failed ('::1', 8765, 0, 0), [Errno 61] Connect call failed ('127.0.0.1', 8765)"
  CB: None None-None (None)  crr=None  ps=None  recent=None
  ✓ score/wickets/overs match

[01:15:33  iter#960]
  WS ERR: "Multiple exceptions: [Errno 61] Connect call failed ('::1', 8765, 0, 0), [Errno 61] Connect call failed ('127.0.0.1', 8765)"
  CB: None None-None (None)  crr=None  ps=None  recent=None
  ✓ score/wickets/overs match

[01:15:53  iter#961]
  WS ERR: "Multiple exceptions: [Errno 61] Connect call failed ('::1', 8765, 0, 0), [Errno 61] Connect call failed ('127.0.0.1', 8765)"
  CB: None None-None (None)  crr=None  ps=None  recent=None
  ✓ score/wickets/overs match

[01:16:13  iter#962]
  WS ERR: "Multiple exceptions: [Errno 61] Connect call failed ('::1', 8765, 0, 0), [Errno 61] Connect call failed ('127.0.0.1', 8765)"
  CB: None None-None (None)  crr=None  ps=None  recent=None
  ✓ score/wickets/overs match

[01:16:34  iter#963]
  WS ERR: "Multiple exceptions: [Errno 61] Connect call failed ('::1', 8765, 0, 0), [Errno 61] Connect call failed ('127.0.0.1', 8765)"
  CB: None None-None (None)  crr=None  ps=None  recent=None
  ✓ score/wickets/overs match

[01:16:54  iter#964]
  WS ERR: "Multiple exceptions: [Errno 61] Connect call failed ('::1', 8765, 0, 0), [Errno 61] Connect call failed ('127.0.0.1', 8765)"
  CB: None None-None (None)  crr=None  ps=None  recent=None
  ✓ score/wickets/overs match

[01:17:14  iter#965]
  WS ERR: "Multiple exceptions: [Errno 61] Connect call failed ('::1', 8765, 0, 0), [Errno 61] Connect call failed ('127.0.0.1', 8765)"
  CB: None None-None (None)  crr=None  ps=None  recent=None
  ✓ score/wickets/overs match

[01:17:34  iter#966]
  WS ERR: "Multiple exceptions: [Errno 61] Connect call failed ('::1', 8765, 0, 0), [Errno 61] Connect call failed ('127.0.0.1', 8765)"
  CB: None None-None (None)  crr=None  ps=None  recent=None
  ✓ score/wickets/overs match

[01:17:54  iter#967]
  WS ERR: "Multiple exceptions: [Errno 61] Connect call failed ('::1', 8765, 0, 0), [Errno 61] Connect call failed ('127.0.0.1', 8765)"
  CB: None None-None (None)  crr=None  ps=None  recent=None
  ✓ score/wickets/overs match

[01:18:15  iter#968]
  WS ERR: "Multiple exceptions: [Errno 61] Connect call failed ('::1', 8765, 0, 0), [Errno 61] Connect call failed ('127.0.0.1', 8765)"
  CB: None None-None (None)  crr=None  ps=None  recent=None
  ✓ score/wickets/overs match

[01:18:35  iter#969]
  WS ERR: "Multiple exceptions: [Errno 61] Connect call failed ('::1', 8765, 0, 0), [Errno 61] Connect call failed ('127.0.0.1', 8765)"
  CB: None None-None (None)  crr=None  ps=None  recent=None
  ✓ score/wickets/overs match

[01:18:55  iter#970]
  WS ERR: "Multiple exceptions: [Errno 61] Connect call failed ('::1', 8765, 0, 0), [Errno 61] Connect call failed ('127.0.0.1', 8765)"
  CB: None None-None (None)  crr=None  ps=None  recent=None
  ✓ score/wickets/overs match

[01:19:15  iter#971]
  WS ERR: "Multiple exceptions: [Errno 61] Connect call failed ('::1', 8765, 0, 0), [Errno 61] Connect call failed ('127.0.0.1', 8765)"
  CB: None None-None (None)  crr=None  ps=None  recent=None
  ✓ score/wickets/overs match

[01:19:35  iter#972]
  WS ERR: "Multiple exceptions: [Errno 61] Connect call failed ('::1', 8765, 0, 0), [Errno 61] Connect call failed ('127.0.0.1', 8765)"
  CB: None None-None (None)  crr=None  ps=None  recent=None
  ✓ score/wickets/overs match

[01:19:56  iter#973]
  WS ERR: "Multiple exceptions: [Errno 61] Connect call failed ('::1', 8765, 0, 0), [Errno 61] Connect call failed ('127.0.0.1', 8765)"
  CB: None None-None (None)  crr=None  ps=None  recent=None
  ✓ score/wickets/overs match

[01:20:16  iter#974]
  WS ERR: "Multiple exceptions: [Errno 61] Connect call failed ('::1', 8765, 0, 0), [Errno 61] Connect call failed ('127.0.0.1', 8765)"
  CB: None None-None (None)  crr=None  ps=None  recent=None
  ✓ score/wickets/overs match

[01:20:36  iter#975]
  WS ERR: "Multiple exceptions: [Errno 61] Connect call failed ('::1', 8765, 0, 0), [Errno 61] Connect call failed ('127.0.0.1', 8765)"
  CB: None None-None (None)  crr=None  ps=None  recent=None
  ✓ score/wickets/overs match

[01:20:56  iter#976]
  WS ERR: "Multiple exceptions: [Errno 61] Connect call failed ('::1', 8765, 0, 0), [Errno 61] Connect call failed ('127.0.0.1', 8765)"
  CB: None None-None (None)  crr=None  ps=None  recent=None
  ✓ score/wickets/overs match

[01:21:16  iter#977]
  WS ERR: "Multiple exceptions: [Errno 61] Connect call failed ('::1', 8765, 0, 0), [Errno 61] Connect call failed ('127.0.0.1', 8765)"
  CB: None None-None (None)  crr=None  ps=None  recent=None
  ✓ score/wickets/overs match

[01:21:37  iter#978]
  WS ERR: "Multiple exceptions: [Errno 61] Connect call failed ('::1', 8765, 0, 0), [Errno 61] Connect call failed ('127.0.0.1', 8765)"
  CB: None None-None (None)  crr=None  ps=None  recent=None
  ✓ score/wickets/overs match

[01:21:57  iter#979]
  WS ERR: "Multiple exceptions: [Errno 61] Connect call failed ('::1', 8765, 0, 0), [Errno 61] Connect call failed ('127.0.0.1', 8765)"
  CB: None None-None (None)  crr=None  ps=None  recent=None
  ✓ score/wickets/overs match

[01:22:17  iter#980]
  WS ERR: "Multiple exceptions: [Errno 61] Connect call failed ('::1', 8765, 0, 0), [Errno 61] Connect call failed ('127.0.0.1', 8765)"
  CB: None None-None (None)  crr=None  ps=None  recent=None
  ✓ score/wickets/overs match

[01:22:38  iter#981]
  WS ERR: "Multiple exceptions: [Errno 61] Connect call failed ('::1', 8765, 0, 0), [Errno 61] Connect call failed ('127.0.0.1', 8765)"
  CB: None None-None (None)  crr=None  ps=None  recent=None
  ✓ score/wickets/overs match

[01:22:58  iter#982]
  WS ERR: "Multiple exceptions: [Errno 61] Connect call failed ('::1', 8765, 0, 0), [Errno 61] Connect call failed ('127.0.0.1', 8765)"
  CB: None None-None (None)  crr=None  ps=None  recent=None
  ✓ score/wickets/overs match

[01:23:22  iter#983]
  WS ERR: "Multiple exceptions: [Errno 61] Connect call failed ('::1', 8765, 0, 0), [Errno 61] Connect call failed ('127.0.0.1', 8765)"
  CB: None None-None (None)  crr=None  ps=None  recent=None
  ✓ score/wickets/overs match

[01:23:42  iter#984]
  WS ERR: "Multiple exceptions: [Errno 61] Connect call failed ('::1', 8765, 0, 0), [Errno 61] Connect call failed ('127.0.0.1', 8765)"
  CB: None None-None (None)  crr=None  ps=None  recent=None
  ✓ score/wickets/overs match

[01:24:03  iter#985]
  WS ERR: "Multiple exceptions: [Errno 61] Connect call failed ('::1', 8765, 0, 0), [Errno 61] Connect call failed ('127.0.0.1', 8765)"
  CB: None None-None (None)  crr=None  ps=None  recent=None
  ✓ score/wickets/overs match

[01:24:24  iter#986]
  WS ERR: "Multiple exceptions: [Errno 61] Connect call failed ('::1', 8765, 0, 0), [Errno 61] Connect call failed ('127.0.0.1', 8765)"
  CB: None None-None (None)  crr=None  ps=None  recent=None
  ✓ score/wickets/overs match

[01:24:44  iter#987]
  WS ERR: "Multiple exceptions: [Errno 61] Connect call failed ('::1', 8765, 0, 0), [Errno 61] Connect call failed ('127.0.0.1', 8765)"
  CB: None None-None (None)  crr=None  ps=None  recent=None
  ✓ score/wickets/overs match

[01:25:04  iter#988]
  WS ERR: "Multiple exceptions: [Errno 61] Connect call failed ('::1', 8765, 0, 0), [Errno 61] Connect call failed ('127.0.0.1', 8765)"
  CB: None None-None (None)  crr=None  ps=None  recent=None
  ✓ score/wickets/overs match

[01:25:25  iter#989]
  WS ERR: "Multiple exceptions: [Errno 61] Connect call failed ('::1', 8765, 0, 0), [Errno 61] Connect call failed ('127.0.0.1', 8765)"
  CB: None None-None (None)  crr=None  ps=None  recent=None
  ✓ score/wickets/overs match

[01:25:45  iter#990]
  WS ERR: "Multiple exceptions: [Errno 61] Connect call failed ('::1', 8765, 0, 0), [Errno 61] Connect call failed ('127.0.0.1', 8765)"
  CB: None None-None (None)  crr=None  ps=None  recent=None
  ✓ score/wickets/overs match

[01:26:05  iter#991]
  WS ERR: "Multiple exceptions: [Errno 61] Connect call failed ('::1', 8765, 0, 0), [Errno 61] Connect call failed ('127.0.0.1', 8765)"
  CB: None None-None (None)  crr=None  ps=None  recent=None
  ✓ score/wickets/overs match

[01:26:25  iter#992]
  WS ERR: "Multiple exceptions: [Errno 61] Connect call failed ('::1', 8765, 0, 0), [Errno 61] Connect call failed ('127.0.0.1', 8765)"
  CB: None None-None (None)  crr=None  ps=None  recent=None
  ✓ score/wickets/overs match

[01:26:46  iter#993]
  WS ERR: "Multiple exceptions: [Errno 61] Connect call failed ('::1', 8765, 0, 0), [Errno 61] Connect call failed ('127.0.0.1', 8765)"
  CB: None None-None (None)  crr=None  ps=None  recent=None
  ✓ score/wickets/overs match

[01:27:06  iter#994]
  WS ERR: "Multiple exceptions: [Errno 61] Connect call failed ('::1', 8765, 0, 0), [Errno 61] Connect call failed ('127.0.0.1', 8765)"
  CB: None None-None (None)  crr=None  ps=None  recent=None
  ✓ score/wickets/overs match

[01:27:26  iter#995]
  WS ERR: "Multiple exceptions: [Errno 61] Connect call failed ('::1', 8765, 0, 0), [Errno 61] Connect call failed ('127.0.0.1', 8765)"
  CB: None None-None (None)  crr=None  ps=None  recent=None
  ✓ score/wickets/overs match

[01:27:47  iter#996]
  WS ERR: "Multiple exceptions: [Errno 61] Connect call failed ('::1', 8765, 0, 0), [Errno 61] Connect call failed ('127.0.0.1', 8765)"
  CB: None None-None (None)  crr=None  ps=None  recent=None
  ✓ score/wickets/overs match

[01:28:07  iter#997]
  WS ERR: "Multiple exceptions: [Errno 61] Connect call failed ('::1', 8765, 0, 0), [Errno 61] Connect call failed ('127.0.0.1', 8765)"
  CB: None None-None (None)  crr=None  ps=None  recent=None
  ✓ score/wickets/overs match

[01:28:27  iter#998]
  WS ERR: "Multiple exceptions: [Errno 61] Connect call failed ('::1', 8765, 0, 0), [Errno 61] Connect call failed ('127.0.0.1', 8765)"
  CB: None None-None (None)  crr=None  ps=None  recent=None
  ✓ score/wickets/overs match

[01:28:47  iter#999]
  WS ERR: "Multiple exceptions: [Errno 61] Connect call failed ('::1', 8765, 0, 0), [Errno 61] Connect call failed ('127.0.0.1', 8765)"
  CB: None None-None (None)  crr=None  ps=None  recent=None
  ✓ score/wickets/overs match

[01:29:07  iter#1000]
  WS ERR: "Multiple exceptions: [Errno 61] Connect call failed ('::1', 8765, 0, 0), [Errno 61] Connect call failed ('127.0.0.1', 8765)"
  CB: None None-None (None)  crr=None  ps=None  recent=None
  ✓ score/wickets/overs match

[01:29:28  iter#1001]
  WS ERR: "Multiple exceptions: [Errno 61] Connect call failed ('::1', 8765, 0, 0), [Errno 61] Connect call failed ('127.0.0.1', 8765)"
  CB: None None-None (None)  crr=None  ps=None  recent=None
  ✓ score/wickets/overs match

[01:29:48  iter#1002]
  WS ERR: "Multiple exceptions: [Errno 61] Connect call failed ('::1', 8765, 0, 0), [Errno 61] Connect call failed ('127.0.0.1', 8765)"
  CB: None None-None (None)  crr=None  ps=None  recent=None
  ✓ score/wickets/overs match

[01:30:08  iter#1003]
  WS ERR: "Multiple exceptions: [Errno 61] Connect call failed ('::1', 8765, 0, 0), [Errno 61] Connect call failed ('127.0.0.1', 8765)"
  CB: None None-None (None)  crr=None  ps=None  recent=None
  ✓ score/wickets/overs match

[01:30:28  iter#1004]
  WS ERR: "Multiple exceptions: [Errno 61] Connect call failed ('::1', 8765, 0, 0), [Errno 61] Connect call failed ('127.0.0.1', 8765)"
  CB: None None-None (None)  crr=None  ps=None  recent=None
  ✓ score/wickets/overs match

[01:30:48  iter#1005]
  WS ERR: "Multiple exceptions: [Errno 61] Connect call failed ('::1', 8765, 0, 0), [Errno 61] Connect call failed ('127.0.0.1', 8765)"
  CB: None None-None (None)  crr=None  ps=None  recent=None
  ✓ score/wickets/overs match

[01:31:09  iter#1006]
  WS ERR: "Multiple exceptions: [Errno 61] Connect call failed ('::1', 8765, 0, 0), [Errno 61] Connect call failed ('127.0.0.1', 8765)"
  CB: None None-None (None)  crr=None  ps=None  recent=None
  ✓ score/wickets/overs match

[01:31:29  iter#1007]
  WS ERR: "Multiple exceptions: [Errno 61] Connect call failed ('::1', 8765, 0, 0), [Errno 61] Connect call failed ('127.0.0.1', 8765)"
  CB: None None-None (None)  crr=None  ps=None  recent=None
  ✓ score/wickets/overs match

[01:31:49  iter#1008]
  WS ERR: "Multiple exceptions: [Errno 61] Connect call failed ('::1', 8765, 0, 0), [Errno 61] Connect call failed ('127.0.0.1', 8765)"
  CB: None None-None (None)  crr=None  ps=None  recent=None
  ✓ score/wickets/overs match

[01:32:09  iter#1009]
  WS ERR: "Multiple exceptions: [Errno 61] Connect call failed ('::1', 8765, 0, 0), [Errno 61] Connect call failed ('127.0.0.1', 8765)"
  CB: None None-None (None)  crr=None  ps=None  recent=None
  ✓ score/wickets/overs match

[01:32:29  iter#1010]
  WS ERR: "Multiple exceptions: [Errno 61] Connect call failed ('::1', 8765, 0, 0), [Errno 61] Connect call failed ('127.0.0.1', 8765)"
  CB: None None-None (None)  crr=None  ps=None  recent=None
  ✓ score/wickets/overs match

[01:32:49  iter#1011]
  WS ERR: "Multiple exceptions: [Errno 61] Connect call failed ('::1', 8765, 0, 0), [Errno 61] Connect call failed ('127.0.0.1', 8765)"
  CB: None None-None (None)  crr=None  ps=None  recent=None
  ✓ score/wickets/overs match

[01:33:10  iter#1012]
  WS ERR: "Multiple exceptions: [Errno 61] Connect call failed ('::1', 8765, 0, 0), [Errno 61] Connect call failed ('127.0.0.1', 8765)"
  CB: None None-None (None)  crr=None  ps=None  recent=None
  ✓ score/wickets/overs match

[01:33:30  iter#1013]
  WS ERR: "Multiple exceptions: [Errno 61] Connect call failed ('::1', 8765, 0, 0), [Errno 61] Connect call failed ('127.0.0.1', 8765)"
  CB: None None-None (None)  crr=None  ps=None  recent=None
  ✓ score/wickets/overs match

[01:33:50  iter#1014]
  WS ERR: "Multiple exceptions: [Errno 61] Connect call failed ('::1', 8765, 0, 0), [Errno 61] Connect call failed ('127.0.0.1', 8765)"
  CB: None None-None (None)  crr=None  ps=None  recent=None
  ✓ score/wickets/overs match

[01:34:10  iter#1015]
  WS ERR: "Multiple exceptions: [Errno 61] Connect call failed ('::1', 8765, 0, 0), [Errno 61] Connect call failed ('127.0.0.1', 8765)"
  CB: None None-None (None)  crr=None  ps=None  recent=None
  ✓ score/wickets/overs match

[01:34:31  iter#1016]
  WS ERR: "Multiple exceptions: [Errno 61] Connect call failed ('::1', 8765, 0, 0), [Errno 61] Connect call failed ('127.0.0.1', 8765)"
  CB: None None-None (None)  crr=None  ps=None  recent=None
  ✓ score/wickets/overs match

[01:34:51  iter#1017]
  WS ERR: "Multiple exceptions: [Errno 61] Connect call failed ('::1', 8765, 0, 0), [Errno 61] Connect call failed ('127.0.0.1', 8765)"
  CB: None None-None (None)  crr=None  ps=None  recent=None
  ✓ score/wickets/overs match

[01:35:11  iter#1018]
  WS ERR: "Multiple exceptions: [Errno 61] Connect call failed ('::1', 8765, 0, 0), [Errno 61] Connect call failed ('127.0.0.1', 8765)"
  CB: None None-None (None)  crr=None  ps=None  recent=None
  ✓ score/wickets/overs match

[01:35:31  iter#1019]
  WS ERR: "Multiple exceptions: [Errno 61] Connect call failed ('::1', 8765, 0, 0), [Errno 61] Connect call failed ('127.0.0.1', 8765)"
  CB: None None-None (None)  crr=None  ps=None  recent=None
  ✓ score/wickets/overs match

[01:35:51  iter#1020]
  WS ERR: "Multiple exceptions: [Errno 61] Connect call failed ('::1', 8765, 0, 0), [Errno 61] Connect call failed ('127.0.0.1', 8765)"
  CB: None None-None (None)  crr=None  ps=None  recent=None
  ✓ score/wickets/overs match

[01:36:12  iter#1021]
  WS ERR: "Multiple exceptions: [Errno 61] Connect call failed ('::1', 8765, 0, 0), [Errno 61] Connect call failed ('127.0.0.1', 8765)"
  CB: None None-None (None)  crr=None  ps=None  recent=None
  ✓ score/wickets/overs match

[01:36:32  iter#1022]
  WS ERR: "Multiple exceptions: [Errno 61] Connect call failed ('::1', 8765, 0, 0), [Errno 61] Connect call failed ('127.0.0.1', 8765)"
  CB: None None-None (None)  crr=None  ps=None  recent=None
  ✓ score/wickets/overs match

[01:36:52  iter#1023]
  WS ERR: "Multiple exceptions: [Errno 61] Connect call failed ('::1', 8765, 0, 0), [Errno 61] Connect call failed ('127.0.0.1', 8765)"
  CB: None None-None (None)  crr=None  ps=None  recent=None
  ✓ score/wickets/overs match

[01:37:13  iter#1024]
  WS ERR: "Multiple exceptions: [Errno 61] Connect call failed ('::1', 8765, 0, 0), [Errno 61] Connect call failed ('127.0.0.1', 8765)"
  CB: None None-None (None)  crr=None  ps=None  recent=None
  ✓ score/wickets/overs match

[01:37:33  iter#1025]
  WS ERR: "Multiple exceptions: [Errno 61] Connect call failed ('::1', 8765, 0, 0), [Errno 61] Connect call failed ('127.0.0.1', 8765)"
  CB: None None-None (None)  crr=None  ps=None  recent=None
  ✓ score/wickets/overs match

[01:37:53  iter#1026]
  WS ERR: "Multiple exceptions: [Errno 61] Connect call failed ('::1', 8765, 0, 0), [Errno 61] Connect call failed ('127.0.0.1', 8765)"
  CB: None None-None (None)  crr=None  ps=None  recent=None
  ✓ score/wickets/overs match

[01:38:13  iter#1027]
  WS ERR: "Multiple exceptions: [Errno 61] Connect call failed ('::1', 8765, 0, 0), [Errno 61] Connect call failed ('127.0.0.1', 8765)"
  CB: None None-None (None)  crr=None  ps=None  recent=None
  ✓ score/wickets/overs match

[01:38:33  iter#1028]
  WS ERR: "Multiple exceptions: [Errno 61] Connect call failed ('::1', 8765, 0, 0), [Errno 61] Connect call failed ('127.0.0.1', 8765)"
  CB: None None-None (None)  crr=None  ps=None  recent=None
  ✓ score/wickets/overs match

[01:38:53  iter#1029]
  WS ERR: "Multiple exceptions: [Errno 61] Connect call failed ('::1', 8765, 0, 0), [Errno 61] Connect call failed ('127.0.0.1', 8765)"
  CB: None None-None (None)  crr=None  ps=None  recent=None
  ✓ score/wickets/overs match

[01:39:14  iter#1030]
  WS ERR: "Multiple exceptions: [Errno 61] Connect call failed ('::1', 8765, 0, 0), [Errno 61] Connect call failed ('127.0.0.1', 8765)"
  CB: None None-None (None)  crr=None  ps=None  recent=None
  ✓ score/wickets/overs match

[01:39:34  iter#1031]
  WS ERR: "Multiple exceptions: [Errno 61] Connect call failed ('::1', 8765, 0, 0), [Errno 61] Connect call failed ('127.0.0.1', 8765)"
  CB: None None-None (None)  crr=None  ps=None  recent=None
  ✓ score/wickets/overs match

[01:39:55  iter#1032]
  WS ERR: "Multiple exceptions: [Errno 61] Connect call failed ('::1', 8765, 0, 0), [Errno 61] Connect call failed ('127.0.0.1', 8765)"
  CB: None None-None (None)  crr=None  ps=None  recent=None
  ✓ score/wickets/overs match

[01:40:15  iter#1033]
  WS ERR: "Multiple exceptions: [Errno 61] Connect call failed ('::1', 8765, 0, 0), [Errno 61] Connect call failed ('127.0.0.1', 8765)"
  CB: None None-None (None)  crr=None  ps=None  recent=None
  ✓ score/wickets/overs match

[01:40:36  iter#1034]
  WS ERR: "Multiple exceptions: [Errno 61] Connect call failed ('::1', 8765, 0, 0), [Errno 61] Connect call failed ('127.0.0.1', 8765)"
  CB: None None-None (None)  crr=None  ps=None  recent=None
  ✓ score/wickets/overs match

[01:40:56  iter#1035]
  WS ERR: "Multiple exceptions: [Errno 61] Connect call failed ('::1', 8765, 0, 0), [Errno 61] Connect call failed ('127.0.0.1', 8765)"
  CB: None None-None (None)  crr=None  ps=None  recent=None
  ✓ score/wickets/overs match

[01:41:16  iter#1036]
  WS ERR: "Multiple exceptions: [Errno 61] Connect call failed ('::1', 8765, 0, 0), [Errno 61] Connect call failed ('127.0.0.1', 8765)"
  CB: None None-None (None)  crr=None  ps=None  recent=None
  ✓ score/wickets/overs match

[01:41:36  iter#1037]
  WS ERR: "Multiple exceptions: [Errno 61] Connect call failed ('::1', 8765, 0, 0), [Errno 61] Connect call failed ('127.0.0.1', 8765)"
  CB: None None-None (None)  crr=None  ps=None  recent=None
  ✓ score/wickets/overs match

[01:41:57  iter#1038]
  WS ERR: "Multiple exceptions: [Errno 61] Connect call failed ('::1', 8765, 0, 0), [Errno 61] Connect call failed ('127.0.0.1', 8765)"
  CB: None None-None (None)  crr=None  ps=None  recent=None
  ✓ score/wickets/overs match

[01:42:17  iter#1039]
  WS ERR: "Multiple exceptions: [Errno 61] Connect call failed ('::1', 8765, 0, 0), [Errno 61] Connect call failed ('127.0.0.1', 8765)"
  CB: None None-None (None)  crr=None  ps=None  recent=None
  ✓ score/wickets/overs match

[01:42:37  iter#1040]
  WS ERR: "Multiple exceptions: [Errno 61] Connect call failed ('::1', 8765, 0, 0), [Errno 61] Connect call failed ('127.0.0.1', 8765)"
  CB: None None-None (None)  crr=None  ps=None  recent=None
  ✓ score/wickets/overs match

[01:42:57  iter#1041]
  WS ERR: "Multiple exceptions: [Errno 61] Connect call failed ('::1', 8765, 0, 0), [Errno 61] Connect call failed ('127.0.0.1', 8765)"
  CB: None None-None (None)  crr=None  ps=None  recent=None
  ✓ score/wickets/overs match

[01:43:18  iter#1042]
  WS ERR: "Multiple exceptions: [Errno 61] Connect call failed ('::1', 8765, 0, 0), [Errno 61] Connect call failed ('127.0.0.1', 8765)"
  CB: None None-None (None)  crr=None  ps=None  recent=None
  ✓ score/wickets/overs match

[01:43:38  iter#1043]
  WS ERR: "Multiple exceptions: [Errno 61] Connect call failed ('::1', 8765, 0, 0), [Errno 61] Connect call failed ('127.0.0.1', 8765)"
  CB: None None-None (None)  crr=None  ps=None  recent=None
  ✓ score/wickets/overs match

[01:43:58  iter#1044]
  WS ERR: "Multiple exceptions: [Errno 61] Connect call failed ('::1', 8765, 0, 0), [Errno 61] Connect call failed ('127.0.0.1', 8765)"
  CB: None None-None (None)  crr=None  ps=None  recent=None
  ✓ score/wickets/overs match

[01:44:18  iter#1045]
  WS ERR: "Multiple exceptions: [Errno 61] Connect call failed ('::1', 8765, 0, 0), [Errno 61] Connect call failed ('127.0.0.1', 8765)"
  CB: None None-None (None)  crr=None  ps=None  recent=None
  ✓ score/wickets/overs match

[01:44:38  iter#1046]
  WS ERR: "Multiple exceptions: [Errno 61] Connect call failed ('::1', 8765, 0, 0), [Errno 61] Connect call failed ('127.0.0.1', 8765)"
  CB: None None-None (None)  crr=None  ps=None  recent=None
  ✓ score/wickets/overs match

[01:44:59  iter#1047]
  WS ERR: "Multiple exceptions: [Errno 61] Connect call failed ('::1', 8765, 0, 0), [Errno 61] Connect call failed ('127.0.0.1', 8765)"
  CB: None None-None (None)  crr=None  ps=None  recent=None
  ✓ score/wickets/overs match

[01:45:19  iter#1048]
  WS ERR: "Multiple exceptions: [Errno 61] Connect call failed ('::1', 8765, 0, 0), [Errno 61] Connect call failed ('127.0.0.1', 8765)"
  CB: None None-None (None)  crr=None  ps=None  recent=None
  ✓ score/wickets/overs match

[01:45:39  iter#1049]
  WS ERR: "Multiple exceptions: [Errno 61] Connect call failed ('::1', 8765, 0, 0), [Errno 61] Connect call failed ('127.0.0.1', 8765)"
  CB: None None-None (None)  crr=None  ps=None  recent=None
  ✓ score/wickets/overs match

[01:45:59  iter#1050]
  WS ERR: "Multiple exceptions: [Errno 61] Connect call failed ('::1', 8765, 0, 0), [Errno 61] Connect call failed ('127.0.0.1', 8765)"
  CB: None None-None (None)  crr=None  ps=None  recent=None
  ✓ score/wickets/overs match

[01:46:20  iter#1051]
  WS ERR: "Multiple exceptions: [Errno 61] Connect call failed ('::1', 8765, 0, 0), [Errno 61] Connect call failed ('127.0.0.1', 8765)"
  CB: None None-None (None)  crr=None  ps=None  recent=None
  ✓ score/wickets/overs match

[01:46:40  iter#1052]
  WS ERR: "Multiple exceptions: [Errno 61] Connect call failed ('::1', 8765, 0, 0), [Errno 61] Connect call failed ('127.0.0.1', 8765)"
  CB: None None-None (None)  crr=None  ps=None  recent=None
  ✓ score/wickets/overs match

[01:47:00  iter#1053]
  WS ERR: "Multiple exceptions: [Errno 61] Connect call failed ('::1', 8765, 0, 0), [Errno 61] Connect call failed ('127.0.0.1', 8765)"
  CB: None None-None (None)  crr=None  ps=None  recent=None
  ✓ score/wickets/overs match

[01:47:20  iter#1054]
  WS ERR: "Multiple exceptions: [Errno 61] Connect call failed ('::1', 8765, 0, 0), [Errno 61] Connect call failed ('127.0.0.1', 8765)"
  CB: None None-None (None)  crr=None  ps=None  recent=None
  ✓ score/wickets/overs match

[01:47:40  iter#1055]
  WS ERR: "Multiple exceptions: [Errno 61] Connect call failed ('::1', 8765, 0, 0), [Errno 61] Connect call failed ('127.0.0.1', 8765)"
  CB: None None-None (None)  crr=None  ps=None  recent=None
  ✓ score/wickets/overs match

[01:48:01  iter#1056]
  WS ERR: "Multiple exceptions: [Errno 61] Connect call failed ('::1', 8765, 0, 0), [Errno 61] Connect call failed ('127.0.0.1', 8765)"
  CB: None None-None (None)  crr=None  ps=None  recent=None
  ✓ score/wickets/overs match

[01:48:21  iter#1057]
  WS ERR: "Multiple exceptions: [Errno 61] Connect call failed ('::1', 8765, 0, 0), [Errno 61] Connect call failed ('127.0.0.1', 8765)"
  CB: None None-None (None)  crr=None  ps=None  recent=None
  ✓ score/wickets/overs match

[01:48:41  iter#1058]
  WS ERR: "Multiple exceptions: [Errno 61] Connect call failed ('::1', 8765, 0, 0), [Errno 61] Connect call failed ('127.0.0.1', 8765)"
  CB: None None-None (None)  crr=None  ps=None  recent=None
  ✓ score/wickets/overs match

[01:49:02  iter#1059]
  WS ERR: "Multiple exceptions: [Errno 61] Connect call failed ('::1', 8765, 0, 0), [Errno 61] Connect call failed ('127.0.0.1', 8765)"
  CB: None None-None (None)  crr=None  ps=None  recent=None
  ✓ score/wickets/overs match

[01:49:22  iter#1060]
  WS ERR: "Multiple exceptions: [Errno 61] Connect call failed ('::1', 8765, 0, 0), [Errno 61] Connect call failed ('127.0.0.1', 8765)"
  CB: None None-None (None)  crr=None  ps=None  recent=None
  ✓ score/wickets/overs match

[01:49:42  iter#1061]
  WS ERR: "Multiple exceptions: [Errno 61] Connect call failed ('::1', 8765, 0, 0), [Errno 61] Connect call failed ('127.0.0.1', 8765)"
  CB: None None-None (None)  crr=None  ps=None  recent=None
  ✓ score/wickets/overs match

[01:50:02  iter#1062]
  WS ERR: "Multiple exceptions: [Errno 61] Connect call failed ('::1', 8765, 0, 0), [Errno 61] Connect call failed ('127.0.0.1', 8765)"
  CB: None None-None (None)  crr=None  ps=None  recent=None
  ✓ score/wickets/overs match

[01:50:23  iter#1063]
  WS ERR: "Multiple exceptions: [Errno 61] Connect call failed ('::1', 8765, 0, 0), [Errno 61] Connect call failed ('127.0.0.1', 8765)"
  CB: None None-None (None)  crr=None  ps=None  recent=None
  ✓ score/wickets/overs match

[01:50:43  iter#1064]
  WS ERR: "Multiple exceptions: [Errno 61] Connect call failed ('::1', 8765, 0, 0), [Errno 61] Connect call failed ('127.0.0.1', 8765)"
  CB: None None-None (None)  crr=None  ps=None  recent=None
  ✓ score/wickets/overs match

[01:51:03  iter#1065]
  WS ERR: "Multiple exceptions: [Errno 61] Connect call failed ('::1', 8765, 0, 0), [Errno 61] Connect call failed ('127.0.0.1', 8765)"
  CB: None None-None (None)  crr=None  ps=None  recent=None
  ✓ score/wickets/overs match

[01:51:23  iter#1066]
  WS ERR: "Multiple exceptions: [Errno 61] Connect call failed ('::1', 8765, 0, 0), [Errno 61] Connect call failed ('127.0.0.1', 8765)"
  CB: None None-None (None)  crr=None  ps=None  recent=None
  ✓ score/wickets/overs match

[01:51:44  iter#1067]
  WS ERR: "Multiple exceptions: [Errno 61] Connect call failed ('::1', 8765, 0, 0), [Errno 61] Connect call failed ('127.0.0.1', 8765)"
  CB: None None-None (None)  crr=None  ps=None  recent=None
  ✓ score/wickets/overs match

[01:52:04  iter#1068]
  WS ERR: "Multiple exceptions: [Errno 61] Connect call failed ('::1', 8765, 0, 0), [Errno 61] Connect call failed ('127.0.0.1', 8765)"
  CB: None None-None (None)  crr=None  ps=None  recent=None
  ✓ score/wickets/overs match

[01:52:24  iter#1069]
  WS ERR: "Multiple exceptions: [Errno 61] Connect call failed ('::1', 8765, 0, 0), [Errno 61] Connect call failed ('127.0.0.1', 8765)"
  CB: None None-None (None)  crr=None  ps=None  recent=None
  ✓ score/wickets/overs match

[01:52:44  iter#1070]
  WS ERR: "Multiple exceptions: [Errno 61] Connect call failed ('::1', 8765, 0, 0), [Errno 61] Connect call failed ('127.0.0.1', 8765)"
  CB: None None-None (None)  crr=None  ps=None  recent=None
  ✓ score/wickets/overs match

[01:53:04  iter#1071]
  WS ERR: "Multiple exceptions: [Errno 61] Connect call failed ('::1', 8765, 0, 0), [Errno 61] Connect call failed ('127.0.0.1', 8765)"
  CB: None None-None (None)  crr=None  ps=None  recent=None
  ✓ score/wickets/overs match

[01:53:25  iter#1072]
  WS ERR: "Multiple exceptions: [Errno 61] Connect call failed ('::1', 8765, 0, 0), [Errno 61] Connect call failed ('127.0.0.1', 8765)"
  CB: None None-None (None)  crr=None  ps=None  recent=None
  ✓ score/wickets/overs match

[01:53:46  iter#1073]
  WS ERR: "Multiple exceptions: [Errno 61] Connect call failed ('::1', 8765, 0, 0), [Errno 61] Connect call failed ('127.0.0.1', 8765)"
  CB: None None-None (None)  crr=None  ps=None  recent=None
  ✓ score/wickets/overs match

[01:54:07  iter#1074]
  WS ERR: "Multiple exceptions: [Errno 61] Connect call failed ('::1', 8765, 0, 0), [Errno 61] Connect call failed ('127.0.0.1', 8765)"
  CB: None None-None (None)  crr=None  ps=None  recent=None
  ✓ score/wickets/overs match

[01:54:27  iter#1075]
  WS ERR: "Multiple exceptions: [Errno 61] Connect call failed ('::1', 8765, 0, 0), [Errno 61] Connect call failed ('127.0.0.1', 8765)"
  CB: None None-None (None)  crr=None  ps=None  recent=None
  ✓ score/wickets/overs match

[01:54:47  iter#1076]
  WS ERR: "Multiple exceptions: [Errno 61] Connect call failed ('::1', 8765, 0, 0), [Errno 61] Connect call failed ('127.0.0.1', 8765)"
  CB: None None-None (None)  crr=None  ps=None  recent=None
  ✓ score/wickets/overs match

[01:55:08  iter#1077]
  WS ERR: "Multiple exceptions: [Errno 61] Connect call failed ('::1', 8765, 0, 0), [Errno 61] Connect call failed ('127.0.0.1', 8765)"
  CB: None None-None (None)  crr=None  ps=None  recent=None
  ✓ score/wickets/overs match

[01:55:30  iter#1078]
  WS ERR: "Multiple exceptions: [Errno 61] Connect call failed ('::1', 8765, 0, 0), [Errno 61] Connect call failed ('127.0.0.1', 8765)"
  CB: None None-None (None)  crr=None  ps=None  recent=None
  ✓ score/wickets/overs match

[01:55:50  iter#1079]
  WS ERR: "Multiple exceptions: [Errno 61] Connect call failed ('::1', 8765, 0, 0), [Errno 61] Connect call failed ('127.0.0.1', 8765)"
  CB: None None-None (None)  crr=None  ps=None  recent=None
  ✓ score/wickets/overs match

[01:56:10  iter#1080]
  WS ERR: "Multiple exceptions: [Errno 61] Connect call failed ('::1', 8765, 0, 0), [Errno 61] Connect call failed ('127.0.0.1', 8765)"
  CB: None None-None (None)  crr=None  ps=None  recent=None
  ✓ score/wickets/overs match

[01:56:30  iter#1081]
  WS ERR: "Multiple exceptions: [Errno 61] Connect call failed ('::1', 8765, 0, 0), [Errno 61] Connect call failed ('127.0.0.1', 8765)"
  CB: None None-None (None)  crr=None  ps=None  recent=None
  ✓ score/wickets/overs match

[01:56:51  iter#1082]
  WS ERR: "Multiple exceptions: [Errno 61] Connect call failed ('::1', 8765, 0, 0), [Errno 61] Connect call failed ('127.0.0.1', 8765)"
  CB: None None-None (None)  crr=None  ps=None  recent=None
  ✓ score/wickets/overs match

[01:57:11  iter#1083]
  WS ERR: "Multiple exceptions: [Errno 61] Connect call failed ('::1', 8765, 0, 0), [Errno 61] Connect call failed ('127.0.0.1', 8765)"
  CB: None None-None (None)  crr=None  ps=None  recent=None
  ✓ score/wickets/overs match

[01:57:32  iter#1084]
  WS ERR: "Multiple exceptions: [Errno 61] Connect call failed ('::1', 8765, 0, 0), [Errno 61] Connect call failed ('127.0.0.1', 8765)"
  CB: None None-None (None)  crr=None  ps=None  recent=None
  ✓ score/wickets/overs match

[01:57:53  iter#1085]
  WS ERR: "Multiple exceptions: [Errno 61] Connect call failed ('::1', 8765, 0, 0), [Errno 61] Connect call failed ('127.0.0.1', 8765)"
  CB: None None-None (None)  crr=None  ps=None  recent=None
  ✓ score/wickets/overs match

[01:58:13  iter#1086]
  WS ERR: "Multiple exceptions: [Errno 61] Connect call failed ('::1', 8765, 0, 0), [Errno 61] Connect call failed ('127.0.0.1', 8765)"
  CB: None None-None (None)  crr=None  ps=None  recent=None
  ✓ score/wickets/overs match

[01:58:34  iter#1087]
  WS ERR: "Multiple exceptions: [Errno 61] Connect call failed ('::1', 8765, 0, 0), [Errno 61] Connect call failed ('127.0.0.1', 8765)"
  CB: None None-None (None)  crr=None  ps=None  recent=None
  ✓ score/wickets/overs match

[01:58:54  iter#1088]
  WS ERR: "Multiple exceptions: [Errno 61] Connect call failed ('::1', 8765, 0, 0), [Errno 61] Connect call failed ('127.0.0.1', 8765)"
  CB: None None-None (None)  crr=None  ps=None  recent=None
  ✓ score/wickets/overs match

[01:59:14  iter#1089]
  WS ERR: "Multiple exceptions: [Errno 61] Connect call failed ('::1', 8765, 0, 0), [Errno 61] Connect call failed ('127.0.0.1', 8765)"
  CB: None None-None (None)  crr=None  ps=None  recent=None
  ✓ score/wickets/overs match

[01:59:34  iter#1090]
  WS ERR: "Multiple exceptions: [Errno 61] Connect call failed ('::1', 8765, 0, 0), [Errno 61] Connect call failed ('127.0.0.1', 8765)"
  CB: None None-None (None)  crr=None  ps=None  recent=None
  ✓ score/wickets/overs match

[01:59:55  iter#1091]
  WS ERR: "Multiple exceptions: [Errno 61] Connect call failed ('::1', 8765, 0, 0), [Errno 61] Connect call failed ('127.0.0.1', 8765)"
  CB: None None-None (None)  crr=None  ps=None  recent=None
  ✓ score/wickets/overs match

[02:00:15  iter#1092]
  WS ERR: "Multiple exceptions: [Errno 61] Connect call failed ('::1', 8765, 0, 0), [Errno 61] Connect call failed ('127.0.0.1', 8765)"
  CB: None None-None (None)  crr=None  ps=None  recent=None
  ✓ score/wickets/overs match

[02:00:36  iter#1093]
  WS ERR: "Multiple exceptions: [Errno 61] Connect call failed ('::1', 8765, 0, 0), [Errno 61] Connect call failed ('127.0.0.1', 8765)"
  CB: None None-None (None)  crr=None  ps=None  recent=None
  ✓ score/wickets/overs match

[02:00:56  iter#1094]
  WS ERR: "Multiple exceptions: [Errno 61] Connect call failed ('::1', 8765, 0, 0), [Errno 61] Connect call failed ('127.0.0.1', 8765)"
  CB: None None-None (None)  crr=None  ps=None  recent=None
  ✓ score/wickets/overs match

[02:01:16  iter#1095]
  WS ERR: "Multiple exceptions: [Errno 61] Connect call failed ('::1', 8765, 0, 0), [Errno 61] Connect call failed ('127.0.0.1', 8765)"
  CB: None None-None (None)  crr=None  ps=None  recent=None
  ✓ score/wickets/overs match

[02:01:36  iter#1096]
  WS ERR: "Multiple exceptions: [Errno 61] Connect call failed ('::1', 8765, 0, 0), [Errno 61] Connect call failed ('127.0.0.1', 8765)"
  CB: None None-None (None)  crr=None  ps=None  recent=None
  ✓ score/wickets/overs match

[02:01:56  iter#1097]
  WS ERR: "Multiple exceptions: [Errno 61] Connect call failed ('::1', 8765, 0, 0), [Errno 61] Connect call failed ('127.0.0.1', 8765)"
  CB: None None-None (None)  crr=None  ps=None  recent=None
  ✓ score/wickets/overs match

[02:02:17  iter#1098]
  WS ERR: "Multiple exceptions: [Errno 61] Connect call failed ('::1', 8765, 0, 0), [Errno 61] Connect call failed ('127.0.0.1', 8765)"
  CB: None None-None (None)  crr=None  ps=None  recent=None
  ✓ score/wickets/overs match

[02:02:37  iter#1099]
  WS ERR: "Multiple exceptions: [Errno 61] Connect call failed ('::1', 8765, 0, 0), [Errno 61] Connect call failed ('127.0.0.1', 8765)"
  CB: None None-None (None)  crr=None  ps=None  recent=None
  ✓ score/wickets/overs match

[02:02:57  iter#1100]
  WS ERR: "Multiple exceptions: [Errno 61] Connect call failed ('::1', 8765, 0, 0), [Errno 61] Connect call failed ('127.0.0.1', 8765)"
  CB: None None-None (None)  crr=None  ps=None  recent=None
  ✓ score/wickets/overs match

[02:03:17  iter#1101]
  WS ERR: "Multiple exceptions: [Errno 61] Connect call failed ('::1', 8765, 0, 0), [Errno 61] Connect call failed ('127.0.0.1', 8765)"
  CB: None None-None (None)  crr=None  ps=None  recent=None
  ✓ score/wickets/overs match

[02:03:37  iter#1102]
  WS ERR: "Multiple exceptions: [Errno 61] Connect call failed ('::1', 8765, 0, 0), [Errno 61] Connect call failed ('127.0.0.1', 8765)"
  CB: None None-None (None)  crr=None  ps=None  recent=None
  ✓ score/wickets/overs match

[02:03:58  iter#1103]
  WS ERR: "Multiple exceptions: [Errno 61] Connect call failed ('::1', 8765, 0, 0), [Errno 61] Connect call failed ('127.0.0.1', 8765)"
  CB: None None-None (None)  crr=None  ps=None  recent=None
  ✓ score/wickets/overs match

[02:04:18  iter#1104]
  WS ERR: "Multiple exceptions: [Errno 61] Connect call failed ('::1', 8765, 0, 0), [Errno 61] Connect call failed ('127.0.0.1', 8765)"
  CB: None None-None (None)  crr=None  ps=None  recent=None
  ✓ score/wickets/overs match

[02:04:38  iter#1105]
  WS ERR: "Multiple exceptions: [Errno 61] Connect call failed ('::1', 8765, 0, 0), [Errno 61] Connect call failed ('127.0.0.1', 8765)"
  CB: None None-None (None)  crr=None  ps=None  recent=None
  ✓ score/wickets/overs match

[02:04:58  iter#1106]
  WS ERR: "Multiple exceptions: [Errno 61] Connect call failed ('::1', 8765, 0, 0), [Errno 61] Connect call failed ('127.0.0.1', 8765)"
  CB: None None-None (None)  crr=None  ps=None  recent=None
  ✓ score/wickets/overs match

[02:05:19  iter#1107]
  WS ERR: "Multiple exceptions: [Errno 61] Connect call failed ('::1', 8765, 0, 0), [Errno 61] Connect call failed ('127.0.0.1', 8765)"
  CB: None None-None (None)  crr=None  ps=None  recent=None
  ✓ score/wickets/overs match

[02:05:39  iter#1108]
  WS ERR: "Multiple exceptions: [Errno 61] Connect call failed ('::1', 8765, 0, 0), [Errno 61] Connect call failed ('127.0.0.1', 8765)"
  CB: None None-None (None)  crr=None  ps=None  recent=None
  ✓ score/wickets/overs match

[02:05:59  iter#1109]
  WS ERR: "Multiple exceptions: [Errno 61] Connect call failed ('::1', 8765, 0, 0), [Errno 61] Connect call failed ('127.0.0.1', 8765)"
  CB: None None-None (None)  crr=None  ps=None  recent=None
  ✓ score/wickets/overs match

[02:06:19  iter#1110]
  WS ERR: "Multiple exceptions: [Errno 61] Connect call failed ('::1', 8765, 0, 0), [Errno 61] Connect call failed ('127.0.0.1', 8765)"
  CB: None None-None (None)  crr=None  ps=None  recent=None
  ✓ score/wickets/overs match

[02:06:39  iter#1111]
  WS ERR: "Multiple exceptions: [Errno 61] Connect call failed ('::1', 8765, 0, 0), [Errno 61] Connect call failed ('127.0.0.1', 8765)"
  CB: None None-None (None)  crr=None  ps=None  recent=None
  ✓ score/wickets/overs match

[02:07:00  iter#1112]
  WS ERR: "Multiple exceptions: [Errno 61] Connect call failed ('::1', 8765, 0, 0), [Errno 61] Connect call failed ('127.0.0.1', 8765)"
  CB: None None-None (None)  crr=None  ps=None  recent=None
  ✓ score/wickets/overs match

[02:07:20  iter#1113]
  WS ERR: "Multiple exceptions: [Errno 61] Connect call failed ('::1', 8765, 0, 0), [Errno 61] Connect call failed ('127.0.0.1', 8765)"
  CB: None None-None (None)  crr=None  ps=None  recent=None
  ✓ score/wickets/overs match

[02:07:40  iter#1114]
  WS ERR: "Multiple exceptions: [Errno 61] Connect call failed ('::1', 8765, 0, 0), [Errno 61] Connect call failed ('127.0.0.1', 8765)"
  CB: None None-None (None)  crr=None  ps=None  recent=None
  ✓ score/wickets/overs match

[02:08:00  iter#1115]
  WS ERR: "Multiple exceptions: [Errno 61] Connect call failed ('::1', 8765, 0, 0), [Errno 61] Connect call failed ('127.0.0.1', 8765)"
  CB: None None-None (None)  crr=None  ps=None  recent=None
  ✓ score/wickets/overs match

[02:08:20  iter#1116]
  WS ERR: "Multiple exceptions: [Errno 61] Connect call failed ('::1', 8765, 0, 0), [Errno 61] Connect call failed ('127.0.0.1', 8765)"
  CB: None None-None (None)  crr=None  ps=None  recent=None
  ✓ score/wickets/overs match

[02:08:41  iter#1117]
  WS ERR: "Multiple exceptions: [Errno 61] Connect call failed ('::1', 8765, 0, 0), [Errno 61] Connect call failed ('127.0.0.1', 8765)"
  CB: None None-None (None)  crr=None  ps=None  recent=None
  ✓ score/wickets/overs match

[02:09:01  iter#1118]
  WS ERR: "Multiple exceptions: [Errno 61] Connect call failed ('::1', 8765, 0, 0), [Errno 61] Connect call failed ('127.0.0.1', 8765)"
  CB: None None-None (None)  crr=None  ps=None  recent=None
  ✓ score/wickets/overs match

[02:09:21  iter#1119]
  WS ERR: "Multiple exceptions: [Errno 61] Connect call failed ('::1', 8765, 0, 0), [Errno 61] Connect call failed ('127.0.0.1', 8765)"
  CB: None None-None (None)  crr=None  ps=None  recent=None
  ✓ score/wickets/overs match

[02:09:41  iter#1120]
  WS ERR: "Multiple exceptions: [Errno 61] Connect call failed ('::1', 8765, 0, 0), [Errno 61] Connect call failed ('127.0.0.1', 8765)"
  CB: None None-None (None)  crr=None  ps=None  recent=None
  ✓ score/wickets/overs match

[02:10:01  iter#1121]
  WS ERR: "Multiple exceptions: [Errno 61] Connect call failed ('::1', 8765, 0, 0), [Errno 61] Connect call failed ('127.0.0.1', 8765)"
  CB: None None-None (None)  crr=None  ps=None  recent=None
  ✓ score/wickets/overs match

[02:10:22  iter#1122]
  WS ERR: "Multiple exceptions: [Errno 61] Connect call failed ('::1', 8765, 0, 0), [Errno 61] Connect call failed ('127.0.0.1', 8765)"
  CB: None None-None (None)  crr=None  ps=None  recent=None
  ✓ score/wickets/overs match

[02:10:42  iter#1123]
  WS ERR: "Multiple exceptions: [Errno 61] Connect call failed ('::1', 8765, 0, 0), [Errno 61] Connect call failed ('127.0.0.1', 8765)"
  CB: None None-None (None)  crr=None  ps=None  recent=None
  ✓ score/wickets/overs match

[02:11:02  iter#1124]
  WS ERR: "Multiple exceptions: [Errno 61] Connect call failed ('::1', 8765, 0, 0), [Errno 61] Connect call failed ('127.0.0.1', 8765)"
  CB: None None-None (None)  crr=None  ps=None  recent=None
  ✓ score/wickets/overs match

[02:11:22  iter#1125]
  WS ERR: "Multiple exceptions: [Errno 61] Connect call failed ('::1', 8765, 0, 0), [Errno 61] Connect call failed ('127.0.0.1', 8765)"
  CB: None None-None (None)  crr=None  ps=None  recent=None
  ✓ score/wickets/overs match

[02:11:42  iter#1126]
  WS ERR: "Multiple exceptions: [Errno 61] Connect call failed ('::1', 8765, 0, 0), [Errno 61] Connect call failed ('127.0.0.1', 8765)"
  CB: None None-None (None)  crr=None  ps=None  recent=None
  ✓ score/wickets/overs match

[02:12:03  iter#1127]
  WS ERR: "Multiple exceptions: [Errno 61] Connect call failed ('::1', 8765, 0, 0), [Errno 61] Connect call failed ('127.0.0.1', 8765)"
  CB: None None-None (None)  crr=None  ps=None  recent=None
  ✓ score/wickets/overs match

[02:12:23  iter#1128]
  WS ERR: "Multiple exceptions: [Errno 61] Connect call failed ('::1', 8765, 0, 0), [Errno 61] Connect call failed ('127.0.0.1', 8765)"
  CB: None None-None (None)  crr=None  ps=None  recent=None
  ✓ score/wickets/overs match

[02:12:43  iter#1129]
  WS ERR: "Multiple exceptions: [Errno 61] Connect call failed ('::1', 8765, 0, 0), [Errno 61] Connect call failed ('127.0.0.1', 8765)"
  CB: None None-None (None)  crr=None  ps=None  recent=None
  ✓ score/wickets/overs match

[02:13:03  iter#1130]
  WS ERR: "Multiple exceptions: [Errno 61] Connect call failed ('::1', 8765, 0, 0), [Errno 61] Connect call failed ('127.0.0.1', 8765)"
  CB: None None-None (None)  crr=None  ps=None  recent=None
  ✓ score/wickets/overs match

[02:13:23  iter#1131]
  WS ERR: "Multiple exceptions: [Errno 61] Connect call failed ('::1', 8765, 0, 0), [Errno 61] Connect call failed ('127.0.0.1', 8765)"
  CB: None None-None (None)  crr=None  ps=None  recent=None
  ✓ score/wickets/overs match

[02:13:44  iter#1132]
  WS ERR: "Multiple exceptions: [Errno 61] Connect call failed ('::1', 8765, 0, 0), [Errno 61] Connect call failed ('127.0.0.1', 8765)"
  CB: None None-None (None)  crr=None  ps=None  recent=None
  ✓ score/wickets/overs match

[02:14:04  iter#1133]
  WS ERR: "Multiple exceptions: [Errno 61] Connect call failed ('::1', 8765, 0, 0), [Errno 61] Connect call failed ('127.0.0.1', 8765)"
  CB: None None-None (None)  crr=None  ps=None  recent=None
  ✓ score/wickets/overs match

[02:14:24  iter#1134]
  WS ERR: "Multiple exceptions: [Errno 61] Connect call failed ('::1', 8765, 0, 0), [Errno 61] Connect call failed ('127.0.0.1', 8765)"
  CB: None None-None (None)  crr=None  ps=None  recent=None
  ✓ score/wickets/overs match

[02:14:44  iter#1135]
  WS ERR: "Multiple exceptions: [Errno 61] Connect call failed ('::1', 8765, 0, 0), [Errno 61] Connect call failed ('127.0.0.1', 8765)"
  CB: None None-None (None)  crr=None  ps=None  recent=None
  ✓ score/wickets/overs match

[02:15:05  iter#1136]
  WS ERR: "Multiple exceptions: [Errno 61] Connect call failed ('::1', 8765, 0, 0), [Errno 61] Connect call failed ('127.0.0.1', 8765)"
  CB: None None-None (None)  crr=None  ps=None  recent=None
  ✓ score/wickets/overs match

[02:15:25  iter#1137]
  WS ERR: "Multiple exceptions: [Errno 61] Connect call failed ('::1', 8765, 0, 0), [Errno 61] Connect call failed ('127.0.0.1', 8765)"
  CB: None None-None (None)  crr=None  ps=None  recent=None
  ✓ score/wickets/overs match

[02:15:45  iter#1138]
  WS ERR: "Multiple exceptions: [Errno 61] Connect call failed ('::1', 8765, 0, 0), [Errno 61] Connect call failed ('127.0.0.1', 8765)"
  CB: None None-None (None)  crr=None  ps=None  recent=None
  ✓ score/wickets/overs match

[02:16:05  iter#1139]
  WS ERR: "Multiple exceptions: [Errno 61] Connect call failed ('::1', 8765, 0, 0), [Errno 61] Connect call failed ('127.0.0.1', 8765)"
  CB: None None-None (None)  crr=None  ps=None  recent=None
  ✓ score/wickets/overs match

[02:16:25  iter#1140]
  WS ERR: "Multiple exceptions: [Errno 61] Connect call failed ('::1', 8765, 0, 0), [Errno 61] Connect call failed ('127.0.0.1', 8765)"
  CB: None None-None (None)  crr=None  ps=None  recent=None
  ✓ score/wickets/overs match

[02:16:46  iter#1141]
  WS ERR: "Multiple exceptions: [Errno 61] Connect call failed ('::1', 8765, 0, 0), [Errno 61] Connect call failed ('127.0.0.1', 8765)"
  CB: None None-None (None)  crr=None  ps=None  recent=None
  ✓ score/wickets/overs match

[02:17:06  iter#1142]
  WS ERR: "Multiple exceptions: [Errno 61] Connect call failed ('::1', 8765, 0, 0), [Errno 61] Connect call failed ('127.0.0.1', 8765)"
  CB: None None-None (None)  crr=None  ps=None  recent=None
  ✓ score/wickets/overs match

[02:17:26  iter#1143]
  WS ERR: "Multiple exceptions: [Errno 61] Connect call failed ('::1', 8765, 0, 0), [Errno 61] Connect call failed ('127.0.0.1', 8765)"
  CB: None None-None (None)  crr=None  ps=None  recent=None
  ✓ score/wickets/overs match

[02:17:46  iter#1144]
  WS ERR: "Multiple exceptions: [Errno 61] Connect call failed ('::1', 8765, 0, 0), [Errno 61] Connect call failed ('127.0.0.1', 8765)"
  CB: None None-None (None)  crr=None  ps=None  recent=None
  ✓ score/wickets/overs match

[02:18:07  iter#1145]
  WS ERR: "Multiple exceptions: [Errno 61] Connect call failed ('::1', 8765, 0, 0), [Errno 61] Connect call failed ('127.0.0.1', 8765)"
  CB: None None-None (None)  crr=None  ps=None  recent=None
  ✓ score/wickets/overs match

[02:18:27  iter#1146]
  WS ERR: "Multiple exceptions: [Errno 61] Connect call failed ('::1', 8765, 0, 0), [Errno 61] Connect call failed ('127.0.0.1', 8765)"
  CB: None None-None (None)  crr=None  ps=None  recent=None
  ✓ score/wickets/overs match

[02:18:47  iter#1147]
  WS ERR: "Multiple exceptions: [Errno 61] Connect call failed ('::1', 8765, 0, 0), [Errno 61] Connect call failed ('127.0.0.1', 8765)"
  CB: None None-None (None)  crr=None  ps=None  recent=None
  ✓ score/wickets/overs match

[02:19:07  iter#1148]
  WS ERR: "Multiple exceptions: [Errno 61] Connect call failed ('::1', 8765, 0, 0), [Errno 61] Connect call failed ('127.0.0.1', 8765)"
  CB: None None-None (None)  crr=None  ps=None  recent=None
  ✓ score/wickets/overs match

[02:19:27  iter#1149]
  WS ERR: "Multiple exceptions: [Errno 61] Connect call failed ('::1', 8765, 0, 0), [Errno 61] Connect call failed ('127.0.0.1', 8765)"
  CB: None None-None (None)  crr=None  ps=None  recent=None
  ✓ score/wickets/overs match

[02:19:48  iter#1150]
  WS ERR: "Multiple exceptions: [Errno 61] Connect call failed ('::1', 8765, 0, 0), [Errno 61] Connect call failed ('127.0.0.1', 8765)"
  CB: None None-None (None)  crr=None  ps=None  recent=None
  ✓ score/wickets/overs match

[02:20:08  iter#1151]
  WS ERR: "Multiple exceptions: [Errno 61] Connect call failed ('::1', 8765, 0, 0), [Errno 61] Connect call failed ('127.0.0.1', 8765)"
  CB: None None-None (None)  crr=None  ps=None  recent=None
  ✓ score/wickets/overs match

[02:20:28  iter#1152]
  WS ERR: "Multiple exceptions: [Errno 61] Connect call failed ('::1', 8765, 0, 0), [Errno 61] Connect call failed ('127.0.0.1', 8765)"
  CB: None None-None (None)  crr=None  ps=None  recent=None
  ✓ score/wickets/overs match

[02:20:48  iter#1153]
  WS ERR: "Multiple exceptions: [Errno 61] Connect call failed ('::1', 8765, 0, 0), [Errno 61] Connect call failed ('127.0.0.1', 8765)"
  CB: None None-None (None)  crr=None  ps=None  recent=None
  ✓ score/wickets/overs match

[02:21:09  iter#1154]
  WS ERR: "Multiple exceptions: [Errno 61] Connect call failed ('::1', 8765, 0, 0), [Errno 61] Connect call failed ('127.0.0.1', 8765)"
  CB: None None-None (None)  crr=None  ps=None  recent=None
  ✓ score/wickets/overs match

[02:21:29  iter#1155]
  WS ERR: "Multiple exceptions: [Errno 61] Connect call failed ('::1', 8765, 0, 0), [Errno 61] Connect call failed ('127.0.0.1', 8765)"
  CB: None None-None (None)  crr=None  ps=None  recent=None
  ✓ score/wickets/overs match

[02:21:49  iter#1156]
  WS ERR: "Multiple exceptions: [Errno 61] Connect call failed ('::1', 8765, 0, 0), [Errno 61] Connect call failed ('127.0.0.1', 8765)"
  CB: None None-None (None)  crr=None  ps=None  recent=None
  ✓ score/wickets/overs match

[02:22:09  iter#1157]
  WS ERR: "Multiple exceptions: [Errno 61] Connect call failed ('::1', 8765, 0, 0), [Errno 61] Connect call failed ('127.0.0.1', 8765)"
  CB: None None-None (None)  crr=None  ps=None  recent=None
  ✓ score/wickets/overs match

[02:22:30  iter#1158]
  WS ERR: "Multiple exceptions: [Errno 61] Connect call failed ('::1', 8765, 0, 0), [Errno 61] Connect call failed ('127.0.0.1', 8765)"
  CB: None None-None (None)  crr=None  ps=None  recent=None
  ✓ score/wickets/overs match

[02:22:50  iter#1159]
  WS ERR: "Multiple exceptions: [Errno 61] Connect call failed ('::1', 8765, 0, 0), [Errno 61] Connect call failed ('127.0.0.1', 8765)"
  CB: None None-None (None)  crr=None  ps=None  recent=None
  ✓ score/wickets/overs match

[02:23:10  iter#1160]
  WS ERR: "Multiple exceptions: [Errno 61] Connect call failed ('::1', 8765, 0, 0), [Errno 61] Connect call failed ('127.0.0.1', 8765)"
  CB: None None-None (None)  crr=None  ps=None  recent=None
  ✓ score/wickets/overs match

[02:23:30  iter#1161]
  WS ERR: "Multiple exceptions: [Errno 61] Connect call failed ('::1', 8765, 0, 0), [Errno 61] Connect call failed ('127.0.0.1', 8765)"
  CB: None None-None (None)  crr=None  ps=None  recent=None
  ✓ score/wickets/overs match

[02:23:51  iter#1162]
  WS ERR: "Multiple exceptions: [Errno 61] Connect call failed ('::1', 8765, 0, 0), [Errno 61] Connect call failed ('127.0.0.1', 8765)"
  CB: None None-None (None)  crr=None  ps=None  recent=None
  ✓ score/wickets/overs match

[02:24:11  iter#1163]
  WS ERR: "Multiple exceptions: [Errno 61] Connect call failed ('::1', 8765, 0, 0), [Errno 61] Connect call failed ('127.0.0.1', 8765)"
  CB: None None-None (None)  crr=None  ps=None  recent=None
  ✓ score/wickets/overs match

[02:24:31  iter#1164]
  WS ERR: "Multiple exceptions: [Errno 61] Connect call failed ('::1', 8765, 0, 0), [Errno 61] Connect call failed ('127.0.0.1', 8765)"
  CB: None None-None (None)  crr=None  ps=None  recent=None
  ✓ score/wickets/overs match

[02:24:51  iter#1165]
  WS ERR: "Multiple exceptions: [Errno 61] Connect call failed ('::1', 8765, 0, 0), [Errno 61] Connect call failed ('127.0.0.1', 8765)"
  CB: None None-None (None)  crr=None  ps=None  recent=None
  ✓ score/wickets/overs match

[02:25:11  iter#1166]
  WS ERR: "Multiple exceptions: [Errno 61] Connect call failed ('::1', 8765, 0, 0), [Errno 61] Connect call failed ('127.0.0.1', 8765)"
  CB: None None-None (None)  crr=None  ps=None  recent=None
  ✓ score/wickets/overs match

[02:25:32  iter#1167]
  WS ERR: "Multiple exceptions: [Errno 61] Connect call failed ('::1', 8765, 0, 0), [Errno 61] Connect call failed ('127.0.0.1', 8765)"
  CB: None None-None (None)  crr=None  ps=None  recent=None
  ✓ score/wickets/overs match

[02:25:52  iter#1168]
  WS ERR: "Multiple exceptions: [Errno 61] Connect call failed ('::1', 8765, 0, 0), [Errno 61] Connect call failed ('127.0.0.1', 8765)"
  CB: None None-None (None)  crr=None  ps=None  recent=None
  ✓ score/wickets/overs match

[02:26:12  iter#1169]
  WS ERR: "Multiple exceptions: [Errno 61] Connect call failed ('::1', 8765, 0, 0), [Errno 61] Connect call failed ('127.0.0.1', 8765)"
  CB: None None-None (None)  crr=None  ps=None  recent=None
  ✓ score/wickets/overs match

[02:26:32  iter#1170]
  WS ERR: "Multiple exceptions: [Errno 61] Connect call failed ('::1', 8765, 0, 0), [Errno 61] Connect call failed ('127.0.0.1', 8765)"
  CB: None None-None (None)  crr=None  ps=None  recent=None
  ✓ score/wickets/overs match

[02:26:52  iter#1171]
  WS ERR: "Multiple exceptions: [Errno 61] Connect call failed ('::1', 8765, 0, 0), [Errno 61] Connect call failed ('127.0.0.1', 8765)"
  CB: None None-None (None)  crr=None  ps=None  recent=None
  ✓ score/wickets/overs match

[02:27:13  iter#1172]
  WS ERR: "Multiple exceptions: [Errno 61] Connect call failed ('::1', 8765, 0, 0), [Errno 61] Connect call failed ('127.0.0.1', 8765)"
  CB: None None-None (None)  crr=None  ps=None  recent=None
  ✓ score/wickets/overs match

[02:27:33  iter#1173]
  WS ERR: "Multiple exceptions: [Errno 61] Connect call failed ('::1', 8765, 0, 0), [Errno 61] Connect call failed ('127.0.0.1', 8765)"
  CB: None None-None (None)  crr=None  ps=None  recent=None
  ✓ score/wickets/overs match

[02:27:53  iter#1174]
  WS ERR: "Multiple exceptions: [Errno 61] Connect call failed ('::1', 8765, 0, 0), [Errno 61] Connect call failed ('127.0.0.1', 8765)"
  CB: None None-None (None)  crr=None  ps=None  recent=None
  ✓ score/wickets/overs match

[02:28:13  iter#1175]
  WS ERR: "Multiple exceptions: [Errno 61] Connect call failed ('::1', 8765, 0, 0), [Errno 61] Connect call failed ('127.0.0.1', 8765)"
  CB: None None-None (None)  crr=None  ps=None  recent=None
  ✓ score/wickets/overs match

[02:28:33  iter#1176]
  WS ERR: "Multiple exceptions: [Errno 61] Connect call failed ('::1', 8765, 0, 0), [Errno 61] Connect call failed ('127.0.0.1', 8765)"
  CB: None None-None (None)  crr=None  ps=None  recent=None
  ✓ score/wickets/overs match

[02:28:54  iter#1177]
  WS ERR: "Multiple exceptions: [Errno 61] Connect call failed ('::1', 8765, 0, 0), [Errno 61] Connect call failed ('127.0.0.1', 8765)"
  CB: None None-None (None)  crr=None  ps=None  recent=None
  ✓ score/wickets/overs match

[02:29:14  iter#1178]
  WS ERR: "Multiple exceptions: [Errno 61] Connect call failed ('::1', 8765, 0, 0), [Errno 61] Connect call failed ('127.0.0.1', 8765)"
  CB: None None-None (None)  crr=None  ps=None  recent=None
  ✓ score/wickets/overs match

[02:29:34  iter#1179]
  WS ERR: "Multiple exceptions: [Errno 61] Connect call failed ('::1', 8765, 0, 0), [Errno 61] Connect call failed ('127.0.0.1', 8765)"
  CB: None None-None (None)  crr=None  ps=None  recent=None
  ✓ score/wickets/overs match

[02:29:54  iter#1180]
  WS ERR: "Multiple exceptions: [Errno 61] Connect call failed ('::1', 8765, 0, 0), [Errno 61] Connect call failed ('127.0.0.1', 8765)"
  CB: None None-None (None)  crr=None  ps=None  recent=None
  ✓ score/wickets/overs match

[02:30:15  iter#1181]
  WS ERR: "Multiple exceptions: [Errno 61] Connect call failed ('::1', 8765, 0, 0), [Errno 61] Connect call failed ('127.0.0.1', 8765)"
  CB: None None-None (None)  crr=None  ps=None  recent=None
  ✓ score/wickets/overs match

[02:30:35  iter#1182]
  WS ERR: "Multiple exceptions: [Errno 61] Connect call failed ('::1', 8765, 0, 0), [Errno 61] Connect call failed ('127.0.0.1', 8765)"
  CB: None None-None (None)  crr=None  ps=None  recent=None
  ✓ score/wickets/overs match

[02:30:55  iter#1183]
  WS ERR: "Multiple exceptions: [Errno 61] Connect call failed ('::1', 8765, 0, 0), [Errno 61] Connect call failed ('127.0.0.1', 8765)"
  CB: None None-None (None)  crr=None  ps=None  recent=None
  ✓ score/wickets/overs match

[02:31:16  iter#1184]
  WS ERR: "Multiple exceptions: [Errno 61] Connect call failed ('::1', 8765, 0, 0), [Errno 61] Connect call failed ('127.0.0.1', 8765)"
  CB: None None-None (None)  crr=None  ps=None  recent=None
  ✓ score/wickets/overs match

[02:31:36  iter#1185]
  WS ERR: "Multiple exceptions: [Errno 61] Connect call failed ('::1', 8765, 0, 0), [Errno 61] Connect call failed ('127.0.0.1', 8765)"
  CB: None None-None (None)  crr=None  ps=None  recent=None
  ✓ score/wickets/overs match

[02:31:57  iter#1186]
  WS ERR: "Multiple exceptions: [Errno 61] Connect call failed ('::1', 8765, 0, 0), [Errno 61] Connect call failed ('127.0.0.1', 8765)"
  CB: None None-None (None)  crr=None  ps=None  recent=None
  ✓ score/wickets/overs match

[02:32:17  iter#1187]
  WS ERR: "Multiple exceptions: [Errno 61] Connect call failed ('::1', 8765, 0, 0), [Errno 61] Connect call failed ('127.0.0.1', 8765)"
  CB: None None-None (None)  crr=None  ps=None  recent=None
  ✓ score/wickets/overs match

[02:32:38  iter#1188]
  WS ERR: "Multiple exceptions: [Errno 61] Connect call failed ('::1', 8765, 0, 0), [Errno 61] Connect call failed ('127.0.0.1', 8765)"
  CB: None None-None (None)  crr=None  ps=None  recent=None
  ✓ score/wickets/overs match

[02:32:58  iter#1189]
  WS ERR: "Multiple exceptions: [Errno 61] Connect call failed ('::1', 8765, 0, 0), [Errno 61] Connect call failed ('127.0.0.1', 8765)"
  CB: None None-None (None)  crr=None  ps=None  recent=None
  ✓ score/wickets/overs match

[02:33:18  iter#1190]
  WS ERR: "Multiple exceptions: [Errno 61] Connect call failed ('::1', 8765, 0, 0), [Errno 61] Connect call failed ('127.0.0.1', 8765)"
  CB: None None-None (None)  crr=None  ps=None  recent=None
  ✓ score/wickets/overs match

[02:33:38  iter#1191]
  WS ERR: "Multiple exceptions: [Errno 61] Connect call failed ('::1', 8765, 0, 0), [Errno 61] Connect call failed ('127.0.0.1', 8765)"
  CB: None None-None (None)  crr=None  ps=None  recent=None
  ✓ score/wickets/overs match

[02:33:58  iter#1192]
  WS ERR: "Multiple exceptions: [Errno 61] Connect call failed ('::1', 8765, 0, 0), [Errno 61] Connect call failed ('127.0.0.1', 8765)"
  CB: None None-None (None)  crr=None  ps=None  recent=None
  ✓ score/wickets/overs match

[02:34:19  iter#1193]
  WS ERR: "Multiple exceptions: [Errno 61] Connect call failed ('::1', 8765, 0, 0), [Errno 61] Connect call failed ('127.0.0.1', 8765)"
  CB: None None-None (None)  crr=None  ps=None  recent=None
  ✓ score/wickets/overs match

[02:34:39  iter#1194]
  WS ERR: "Multiple exceptions: [Errno 61] Connect call failed ('::1', 8765, 0, 0), [Errno 61] Connect call failed ('127.0.0.1', 8765)"
  CB: None None-None (None)  crr=None  ps=None  recent=None
  ✓ score/wickets/overs match

[02:34:59  iter#1195]
  WS ERR: "Multiple exceptions: [Errno 61] Connect call failed ('::1', 8765, 0, 0), [Errno 61] Connect call failed ('127.0.0.1', 8765)"
  CB: None None-None (None)  crr=None  ps=None  recent=None
  ✓ score/wickets/overs match

[02:35:19  iter#1196]
  WS ERR: "Multiple exceptions: [Errno 61] Connect call failed ('::1', 8765, 0, 0), [Errno 61] Connect call failed ('127.0.0.1', 8765)"
  CB: None None-None (None)  crr=None  ps=None  recent=None
  ✓ score/wickets/overs match

[02:35:40  iter#1197]
  WS ERR: "Multiple exceptions: [Errno 61] Connect call failed ('::1', 8765, 0, 0), [Errno 61] Connect call failed ('127.0.0.1', 8765)"
  CB: None None-None (None)  crr=None  ps=None  recent=None
  ✓ score/wickets/overs match

[02:36:00  iter#1198]
  WS ERR: "Multiple exceptions: [Errno 61] Connect call failed ('::1', 8765, 0, 0), [Errno 61] Connect call failed ('127.0.0.1', 8765)"
  CB: None None-None (None)  crr=None  ps=None  recent=None
  ✓ score/wickets/overs match

[02:36:20  iter#1199]
  WS ERR: "Multiple exceptions: [Errno 61] Connect call failed ('::1', 8765, 0, 0), [Errno 61] Connect call failed ('127.0.0.1', 8765)"
  CB: None None-None (None)  crr=None  ps=None  recent=None
  ✓ score/wickets/overs match

[02:36:41  iter#1200]
  WS ERR: "Multiple exceptions: [Errno 61] Connect call failed ('::1', 8765, 0, 0), [Errno 61] Connect call failed ('127.0.0.1', 8765)"
  CB: None None-None (None)  crr=None  ps=None  recent=None
  ✓ score/wickets/overs match

[02:37:01  iter#1201]
  WS ERR: "Multiple exceptions: [Errno 61] Connect call failed ('::1', 8765, 0, 0), [Errno 61] Connect call failed ('127.0.0.1', 8765)"
  CB: None None-None (None)  crr=None  ps=None  recent=None
  ✓ score/wickets/overs match

[02:37:21  iter#1202]
  WS ERR: "Multiple exceptions: [Errno 61] Connect call failed ('::1', 8765, 0, 0), [Errno 61] Connect call failed ('127.0.0.1', 8765)"
  CB: None None-None (None)  crr=None  ps=None  recent=None
  ✓ score/wickets/overs match

[02:37:41  iter#1203]
  WS ERR: "Multiple exceptions: [Errno 61] Connect call failed ('::1', 8765, 0, 0), [Errno 61] Connect call failed ('127.0.0.1', 8765)"
  CB: None None-None (None)  crr=None  ps=None  recent=None
  ✓ score/wickets/overs match

[02:38:02  iter#1204]
  WS ERR: "Multiple exceptions: [Errno 61] Connect call failed ('::1', 8765, 0, 0), [Errno 61] Connect call failed ('127.0.0.1', 8765)"
  CB: None None-None (None)  crr=None  ps=None  recent=None
  ✓ score/wickets/overs match

[02:38:22  iter#1205]
  WS ERR: "Multiple exceptions: [Errno 61] Connect call failed ('::1', 8765, 0, 0), [Errno 61] Connect call failed ('127.0.0.1', 8765)"
  CB: None None-None (None)  crr=None  ps=None  recent=None
  ✓ score/wickets/overs match

[02:38:42  iter#1206]
  WS ERR: "Multiple exceptions: [Errno 61] Connect call failed ('::1', 8765, 0, 0), [Errno 61] Connect call failed ('127.0.0.1', 8765)"
  CB: None None-None (None)  crr=None  ps=None  recent=None
  ✓ score/wickets/overs match

[02:39:02  iter#1207]
  WS ERR: "Multiple exceptions: [Errno 61] Connect call failed ('::1', 8765, 0, 0), [Errno 61] Connect call failed ('127.0.0.1', 8765)"
  CB: None None-None (None)  crr=None  ps=None  recent=None
  ✓ score/wickets/overs match

[02:39:22  iter#1208]
  WS ERR: "Multiple exceptions: [Errno 61] Connect call failed ('::1', 8765, 0, 0), [Errno 61] Connect call failed ('127.0.0.1', 8765)"
  CB: None None-None (None)  crr=None  ps=None  recent=None
  ✓ score/wickets/overs match

[02:39:43  iter#1209]
  WS ERR: "Multiple exceptions: [Errno 61] Connect call failed ('::1', 8765, 0, 0), [Errno 61] Connect call failed ('127.0.0.1', 8765)"
  CB: None None-None (None)  crr=None  ps=None  recent=None
  ✓ score/wickets/overs match

[02:40:03  iter#1210]
  WS ERR: "Multiple exceptions: [Errno 61] Connect call failed ('::1', 8765, 0, 0), [Errno 61] Connect call failed ('127.0.0.1', 8765)"
  CB: None None-None (None)  crr=None  ps=None  recent=None
  ✓ score/wickets/overs match

[02:40:23  iter#1211]
  WS ERR: "Multiple exceptions: [Errno 61] Connect call failed ('::1', 8765, 0, 0), [Errno 61] Connect call failed ('127.0.0.1', 8765)"
  CB: None None-None (None)  crr=None  ps=None  recent=None
  ✓ score/wickets/overs match

[02:40:43  iter#1212]
  WS ERR: "Multiple exceptions: [Errno 61] Connect call failed ('::1', 8765, 0, 0), [Errno 61] Connect call failed ('127.0.0.1', 8765)"
  CB: None None-None (None)  crr=None  ps=None  recent=None
  ✓ score/wickets/overs match

[02:41:04  iter#1213]
  WS ERR: "Multiple exceptions: [Errno 61] Connect call failed ('::1', 8765, 0, 0), [Errno 61] Connect call failed ('127.0.0.1', 8765)"
  CB: None None-None (None)  crr=None  ps=None  recent=None
  ✓ score/wickets/overs match

[02:41:24  iter#1214]
  WS ERR: "Multiple exceptions: [Errno 61] Connect call failed ('::1', 8765, 0, 0), [Errno 61] Connect call failed ('127.0.0.1', 8765)"
  CB: None None-None (None)  crr=None  ps=None  recent=None
  ✓ score/wickets/overs match

[02:41:44  iter#1215]
  WS ERR: "Multiple exceptions: [Errno 61] Connect call failed ('::1', 8765, 0, 0), [Errno 61] Connect call failed ('127.0.0.1', 8765)"
  CB: None None-None (None)  crr=None  ps=None  recent=None
  ✓ score/wickets/overs match

[02:42:04  iter#1216]
  WS ERR: "Multiple exceptions: [Errno 61] Connect call failed ('::1', 8765, 0, 0), [Errno 61] Connect call failed ('127.0.0.1', 8765)"
  CB: None None-None (None)  crr=None  ps=None  recent=None
  ✓ score/wickets/overs match

[02:42:24  iter#1217]
  WS ERR: "Multiple exceptions: [Errno 61] Connect call failed ('::1', 8765, 0, 0), [Errno 61] Connect call failed ('127.0.0.1', 8765)"
  CB: None None-None (None)  crr=None  ps=None  recent=None
  ✓ score/wickets/overs match

[02:42:45  iter#1218]
  WS ERR: "Multiple exceptions: [Errno 61] Connect call failed ('::1', 8765, 0, 0), [Errno 61] Connect call failed ('127.0.0.1', 8765)"
  CB: None None-None (None)  crr=None  ps=None  recent=None
  ✓ score/wickets/overs match

[02:43:05  iter#1219]
  WS ERR: "Multiple exceptions: [Errno 61] Connect call failed ('::1', 8765, 0, 0), [Errno 61] Connect call failed ('127.0.0.1', 8765)"
  CB: None None-None (None)  crr=None  ps=None  recent=None
  ✓ score/wickets/overs match

[02:43:25  iter#1220]
  WS ERR: "Multiple exceptions: [Errno 61] Connect call failed ('::1', 8765, 0, 0), [Errno 61] Connect call failed ('127.0.0.1', 8765)"
  CB: None None-None (None)  crr=None  ps=None  recent=None
  ✓ score/wickets/overs match

[02:43:45  iter#1221]
  WS ERR: "Multiple exceptions: [Errno 61] Connect call failed ('::1', 8765, 0, 0), [Errno 61] Connect call failed ('127.0.0.1', 8765)"
  CB: None None-None (None)  crr=None  ps=None  recent=None
  ✓ score/wickets/overs match

[02:44:06  iter#1222]
  WS ERR: "Multiple exceptions: [Errno 61] Connect call failed ('::1', 8765, 0, 0), [Errno 61] Connect call failed ('127.0.0.1', 8765)"
  CB: None None-None (None)  crr=None  ps=None  recent=None
  ✓ score/wickets/overs match

[02:44:26  iter#1223]
  WS ERR: "Multiple exceptions: [Errno 61] Connect call failed ('::1', 8765, 0, 0), [Errno 61] Connect call failed ('127.0.0.1', 8765)"
  CB: None None-None (None)  crr=None  ps=None  recent=None
  ✓ score/wickets/overs match

[02:44:46  iter#1224]
  WS ERR: "Multiple exceptions: [Errno 61] Connect call failed ('::1', 8765, 0, 0), [Errno 61] Connect call failed ('127.0.0.1', 8765)"
  CB: None None-None (None)  crr=None  ps=None  recent=None
  ✓ score/wickets/overs match

[02:45:06  iter#1225]
  WS ERR: "Multiple exceptions: [Errno 61] Connect call failed ('::1', 8765, 0, 0), [Errno 61] Connect call failed ('127.0.0.1', 8765)"
  CB: None None-None (None)  crr=None  ps=None  recent=None
  ✓ score/wickets/overs match

[02:45:26  iter#1226]
  WS ERR: "Multiple exceptions: [Errno 61] Connect call failed ('::1', 8765, 0, 0), [Errno 61] Connect call failed ('127.0.0.1', 8765)"
  CB: None None-None (None)  crr=None  ps=None  recent=None
  ✓ score/wickets/overs match

[02:45:46  iter#1227]
  WS ERR: "Multiple exceptions: [Errno 61] Connect call failed ('::1', 8765, 0, 0), [Errno 61] Connect call failed ('127.0.0.1', 8765)"
  CB: None None-None (None)  crr=None  ps=None  recent=None
  ✓ score/wickets/overs match

[02:46:07  iter#1228]
  WS ERR: "Multiple exceptions: [Errno 61] Connect call failed ('::1', 8765, 0, 0), [Errno 61] Connect call failed ('127.0.0.1', 8765)"
  CB: None None-None (None)  crr=None  ps=None  recent=None
  ✓ score/wickets/overs match

[02:46:27  iter#1229]
  WS ERR: "Multiple exceptions: [Errno 61] Connect call failed ('::1', 8765, 0, 0), [Errno 61] Connect call failed ('127.0.0.1', 8765)"
  CB: None None-None (None)  crr=None  ps=None  recent=None
  ✓ score/wickets/overs match

[02:46:47  iter#1230]
  WS ERR: "Multiple exceptions: [Errno 61] Connect call failed ('::1', 8765, 0, 0), [Errno 61] Connect call failed ('127.0.0.1', 8765)"
  CB: None None-None (None)  crr=None  ps=None  recent=None
  ✓ score/wickets/overs match

[02:47:07  iter#1231]
  WS ERR: "Multiple exceptions: [Errno 61] Connect call failed ('::1', 8765, 0, 0), [Errno 61] Connect call failed ('127.0.0.1', 8765)"
  CB: None None-None (None)  crr=None  ps=None  recent=None
  ✓ score/wickets/overs match

[02:47:27  iter#1232]
  WS ERR: "Multiple exceptions: [Errno 61] Connect call failed ('::1', 8765, 0, 0), [Errno 61] Connect call failed ('127.0.0.1', 8765)"
  CB: None None-None (None)  crr=None  ps=None  recent=None
  ✓ score/wickets/overs match

[02:47:47  iter#1233]
  WS ERR: "Multiple exceptions: [Errno 61] Connect call failed ('::1', 8765, 0, 0), [Errno 61] Connect call failed ('127.0.0.1', 8765)"
  CB: None None-None (None)  crr=None  ps=None  recent=None
  ✓ score/wickets/overs match

[02:48:08  iter#1234]
  WS ERR: "Multiple exceptions: [Errno 61] Connect call failed ('::1', 8765, 0, 0), [Errno 61] Connect call failed ('127.0.0.1', 8765)"
  CB: None None-None (None)  crr=None  ps=None  recent=None
  ✓ score/wickets/overs match

[02:48:28  iter#1235]
  WS ERR: "Multiple exceptions: [Errno 61] Connect call failed ('::1', 8765, 0, 0), [Errno 61] Connect call failed ('127.0.0.1', 8765)"
  CB: None None-None (None)  crr=None  ps=None  recent=None
  ✓ score/wickets/overs match

[02:48:48  iter#1236]
  WS ERR: "Multiple exceptions: [Errno 61] Connect call failed ('::1', 8765, 0, 0), [Errno 61] Connect call failed ('127.0.0.1', 8765)"
  CB: None None-None (None)  crr=None  ps=None  recent=None
  ✓ score/wickets/overs match

[02:49:08  iter#1237]
  WS ERR: "Multiple exceptions: [Errno 61] Connect call failed ('::1', 8765, 0, 0), [Errno 61] Connect call failed ('127.0.0.1', 8765)"
  CB: None None-None (None)  crr=None  ps=None  recent=None
  ✓ score/wickets/overs match

[02:49:29  iter#1238]
  WS ERR: "Multiple exceptions: [Errno 61] Connect call failed ('::1', 8765, 0, 0), [Errno 61] Connect call failed ('127.0.0.1', 8765)"
  CB: None None-None (None)  crr=None  ps=None  recent=None
  ✓ score/wickets/overs match

[02:49:49  iter#1239]
  WS ERR: "Multiple exceptions: [Errno 61] Connect call failed ('::1', 8765, 0, 0), [Errno 61] Connect call failed ('127.0.0.1', 8765)"
  CB: None None-None (None)  crr=None  ps=None  recent=None
  ✓ score/wickets/overs match

[02:50:09  iter#1240]
  WS ERR: "Multiple exceptions: [Errno 61] Connect call failed ('::1', 8765, 0, 0), [Errno 61] Connect call failed ('127.0.0.1', 8765)"
  CB: None None-None (None)  crr=None  ps=None  recent=None
  ✓ score/wickets/overs match

[02:50:29  iter#1241]
  WS ERR: "Multiple exceptions: [Errno 61] Connect call failed ('::1', 8765, 0, 0), [Errno 61] Connect call failed ('127.0.0.1', 8765)"
  CB: None None-None (None)  crr=None  ps=None  recent=None
  ✓ score/wickets/overs match

[02:50:49  iter#1242]
  WS ERR: "Multiple exceptions: [Errno 61] Connect call failed ('::1', 8765, 0, 0), [Errno 61] Connect call failed ('127.0.0.1', 8765)"
  CB: None None-None (None)  crr=None  ps=None  recent=None
  ✓ score/wickets/overs match

[02:51:10  iter#1243]
  WS ERR: "Multiple exceptions: [Errno 61] Connect call failed ('::1', 8765, 0, 0), [Errno 61] Connect call failed ('127.0.0.1', 8765)"
  CB: None None-None (None)  crr=None  ps=None  recent=None
  ✓ score/wickets/overs match

[02:51:30  iter#1244]
  WS ERR: "Multiple exceptions: [Errno 61] Connect call failed ('::1', 8765, 0, 0), [Errno 61] Connect call failed ('127.0.0.1', 8765)"
  CB: None None-None (None)  crr=None  ps=None  recent=None
  ✓ score/wickets/overs match

[02:51:50  iter#1245]
  WS ERR: "Multiple exceptions: [Errno 61] Connect call failed ('::1', 8765, 0, 0), [Errno 61] Connect call failed ('127.0.0.1', 8765)"
  CB: None None-None (None)  crr=None  ps=None  recent=None
  ✓ score/wickets/overs match

[02:52:10  iter#1246]
  WS ERR: "Multiple exceptions: [Errno 61] Connect call failed ('::1', 8765, 0, 0), [Errno 61] Connect call failed ('127.0.0.1', 8765)"
  CB: None None-None (None)  crr=None  ps=None  recent=None
  ✓ score/wickets/overs match

[02:52:31  iter#1247]
  WS ERR: "Multiple exceptions: [Errno 61] Connect call failed ('::1', 8765, 0, 0), [Errno 61] Connect call failed ('127.0.0.1', 8765)"
  CB: None None-None (None)  crr=None  ps=None  recent=None
  ✓ score/wickets/overs match

[02:52:51  iter#1248]
  WS ERR: "Multiple exceptions: [Errno 61] Connect call failed ('::1', 8765, 0, 0), [Errno 61] Connect call failed ('127.0.0.1', 8765)"
  CB: None None-None (None)  crr=None  ps=None  recent=None
  ✓ score/wickets/overs match

[02:53:11  iter#1249]
  WS ERR: "Multiple exceptions: [Errno 61] Connect call failed ('::1', 8765, 0, 0), [Errno 61] Connect call failed ('127.0.0.1', 8765)"
  CB: None None-None (None)  crr=None  ps=None  recent=None
  ✓ score/wickets/overs match

[02:53:31  iter#1250]
  WS ERR: "Multiple exceptions: [Errno 61] Connect call failed ('::1', 8765, 0, 0), [Errno 61] Connect call failed ('127.0.0.1', 8765)"
  CB: None None-None (None)  crr=None  ps=None  recent=None
  ✓ score/wickets/overs match

[02:53:51  iter#1251]
  WS ERR: "Multiple exceptions: [Errno 61] Connect call failed ('::1', 8765, 0, 0), [Errno 61] Connect call failed ('127.0.0.1', 8765)"
  CB: None None-None (None)  crr=None  ps=None  recent=None
  ✓ score/wickets/overs match

[02:54:12  iter#1252]
  WS ERR: "Multiple exceptions: [Errno 61] Connect call failed ('::1', 8765, 0, 0), [Errno 61] Connect call failed ('127.0.0.1', 8765)"
  CB: None None-None (None)  crr=None  ps=None  recent=None
  ✓ score/wickets/overs match

[02:54:32  iter#1253]
  WS ERR: "Multiple exceptions: [Errno 61] Connect call failed ('::1', 8765, 0, 0), [Errno 61] Connect call failed ('127.0.0.1', 8765)"
  CB: None None-None (None)  crr=None  ps=None  recent=None
  ✓ score/wickets/overs match

[02:54:52  iter#1254]
  WS ERR: "Multiple exceptions: [Errno 61] Connect call failed ('::1', 8765, 0, 0), [Errno 61] Connect call failed ('127.0.0.1', 8765)"
  CB: None None-None (None)  crr=None  ps=None  recent=None
  ✓ score/wickets/overs match

[02:55:12  iter#1255]
  WS ERR: "Multiple exceptions: [Errno 61] Connect call failed ('::1', 8765, 0, 0), [Errno 61] Connect call failed ('127.0.0.1', 8765)"
  CB: None None-None (None)  crr=None  ps=None  recent=None
  ✓ score/wickets/overs match

[02:55:33  iter#1256]
  WS ERR: "Multiple exceptions: [Errno 61] Connect call failed ('::1', 8765, 0, 0), [Errno 61] Connect call failed ('127.0.0.1', 8765)"
  CB: None None-None (None)  crr=None  ps=None  recent=None
  ✓ score/wickets/overs match

[02:55:53  iter#1257]
  WS ERR: "Multiple exceptions: [Errno 61] Connect call failed ('::1', 8765, 0, 0), [Errno 61] Connect call failed ('127.0.0.1', 8765)"
  CB: None None-None (None)  crr=None  ps=None  recent=None
  ✓ score/wickets/overs match

[02:56:13  iter#1258]
  WS ERR: "Multiple exceptions: [Errno 61] Connect call failed ('::1', 8765, 0, 0), [Errno 61] Connect call failed ('127.0.0.1', 8765)"
  CB: None None-None (None)  crr=None  ps=None  recent=None
  ✓ score/wickets/overs match

[02:56:33  iter#1259]
  WS ERR: "Multiple exceptions: [Errno 61] Connect call failed ('::1', 8765, 0, 0), [Errno 61] Connect call failed ('127.0.0.1', 8765)"
  CB: None None-None (None)  crr=None  ps=None  recent=None
  ✓ score/wickets/overs match

[02:56:53  iter#1260]
  WS ERR: "Multiple exceptions: [Errno 61] Connect call failed ('::1', 8765, 0, 0), [Errno 61] Connect call failed ('127.0.0.1', 8765)"
  CB: None None-None (None)  crr=None  ps=None  recent=None
  ✓ score/wickets/overs match

[02:57:14  iter#1261]
  WS ERR: "Multiple exceptions: [Errno 61] Connect call failed ('::1', 8765, 0, 0), [Errno 61] Connect call failed ('127.0.0.1', 8765)"
  CB: None None-None (None)  crr=None  ps=None  recent=None
  ✓ score/wickets/overs match

[02:57:34  iter#1262]
  WS ERR: "Multiple exceptions: [Errno 61] Connect call failed ('::1', 8765, 0, 0), [Errno 61] Connect call failed ('127.0.0.1', 8765)"
  CB: None None-None (None)  crr=None  ps=None  recent=None
  ✓ score/wickets/overs match

[02:57:54  iter#1263]
  WS ERR: "Multiple exceptions: [Errno 61] Connect call failed ('::1', 8765, 0, 0), [Errno 61] Connect call failed ('127.0.0.1', 8765)"
  CB: None None-None (None)  crr=None  ps=None  recent=None
  ✓ score/wickets/overs match

[02:58:14  iter#1264]
  WS ERR: "Multiple exceptions: [Errno 61] Connect call failed ('::1', 8765, 0, 0), [Errno 61] Connect call failed ('127.0.0.1', 8765)"
  CB: None None-None (None)  crr=None  ps=None  recent=None
  ✓ score/wickets/overs match

[02:58:35  iter#1265]
  WS ERR: "Multiple exceptions: [Errno 61] Connect call failed ('::1', 8765, 0, 0), [Errno 61] Connect call failed ('127.0.0.1', 8765)"
  CB: None None-None (None)  crr=None  ps=None  recent=None
  ✓ score/wickets/overs match

[02:58:55  iter#1266]
  WS ERR: "Multiple exceptions: [Errno 61] Connect call failed ('::1', 8765, 0, 0), [Errno 61] Connect call failed ('127.0.0.1', 8765)"
  CB: None None-None (None)  crr=None  ps=None  recent=None
  ✓ score/wickets/overs match

[02:59:15  iter#1267]
  WS ERR: "Multiple exceptions: [Errno 61] Connect call failed ('::1', 8765, 0, 0), [Errno 61] Connect call failed ('127.0.0.1', 8765)"
  CB: None None-None (None)  crr=None  ps=None  recent=None
  ✓ score/wickets/overs match

[02:59:35  iter#1268]
  WS ERR: "Multiple exceptions: [Errno 61] Connect call failed ('::1', 8765, 0, 0), [Errno 61] Connect call failed ('127.0.0.1', 8765)"
  CB: None None-None (None)  crr=None  ps=None  recent=None
  ✓ score/wickets/overs match

[02:59:55  iter#1269]
  WS ERR: "Multiple exceptions: [Errno 61] Connect call failed ('::1', 8765, 0, 0), [Errno 61] Connect call failed ('127.0.0.1', 8765)"
  CB: None None-None (None)  crr=None  ps=None  recent=None
  ✓ score/wickets/overs match

[03:00:15  iter#1270]
  WS ERR: "Multiple exceptions: [Errno 61] Connect call failed ('::1', 8765, 0, 0), [Errno 61] Connect call failed ('127.0.0.1', 8765)"
  CB: None None-None (None)  crr=None  ps=None  recent=None
  ✓ score/wickets/overs match

[03:00:36  iter#1271]
  WS ERR: "Multiple exceptions: [Errno 61] Connect call failed ('::1', 8765, 0, 0), [Errno 61] Connect call failed ('127.0.0.1', 8765)"
  CB: None None-None (None)  crr=None  ps=None  recent=None
  ✓ score/wickets/overs match

[03:00:56  iter#1272]
  WS ERR: "Multiple exceptions: [Errno 61] Connect call failed ('::1', 8765, 0, 0), [Errno 61] Connect call failed ('127.0.0.1', 8765)"
  CB: None None-None (None)  crr=None  ps=None  recent=None
  ✓ score/wickets/overs match

[03:01:16  iter#1273]
  WS ERR: "Multiple exceptions: [Errno 61] Connect call failed ('::1', 8765, 0, 0), [Errno 61] Connect call failed ('127.0.0.1', 8765)"
  CB: None None-None (None)  crr=None  ps=None  recent=None
  ✓ score/wickets/overs match

[03:01:36  iter#1274]
  WS ERR: "Multiple exceptions: [Errno 61] Connect call failed ('::1', 8765, 0, 0), [Errno 61] Connect call failed ('127.0.0.1', 8765)"
  CB: None None-None (None)  crr=None  ps=None  recent=None
  ✓ score/wickets/overs match

[03:01:56  iter#1275]
  WS ERR: "Multiple exceptions: [Errno 61] Connect call failed ('::1', 8765, 0, 0), [Errno 61] Connect call failed ('127.0.0.1', 8765)"
  CB: None None-None (None)  crr=None  ps=None  recent=None
  ✓ score/wickets/overs match

[03:02:17  iter#1276]
  WS ERR: "Multiple exceptions: [Errno 61] Connect call failed ('::1', 8765, 0, 0), [Errno 61] Connect call failed ('127.0.0.1', 8765)"
  CB: None None-None (None)  crr=None  ps=None  recent=None
  ✓ score/wickets/overs match

[03:02:37  iter#1277]
  WS ERR: "Multiple exceptions: [Errno 61] Connect call failed ('::1', 8765, 0, 0), [Errno 61] Connect call failed ('127.0.0.1', 8765)"
  CB: None None-None (None)  crr=None  ps=None  recent=None
  ✓ score/wickets/overs match

[03:02:57  iter#1278]
  WS ERR: "Multiple exceptions: [Errno 61] Connect call failed ('::1', 8765, 0, 0), [Errno 61] Connect call failed ('127.0.0.1', 8765)"
  CB: None None-None (None)  crr=None  ps=None  recent=None
  ✓ score/wickets/overs match

[03:03:17  iter#1279]
  WS ERR: "Multiple exceptions: [Errno 61] Connect call failed ('::1', 8765, 0, 0), [Errno 61] Connect call failed ('127.0.0.1', 8765)"
  CB: None None-None (None)  crr=None  ps=None  recent=None
  ✓ score/wickets/overs match

[03:03:38  iter#1280]
  WS ERR: "Multiple exceptions: [Errno 61] Connect call failed ('::1', 8765, 0, 0), [Errno 61] Connect call failed ('127.0.0.1', 8765)"
  CB: None None-None (None)  crr=None  ps=None  recent=None
  ✓ score/wickets/overs match

[03:03:58  iter#1281]
  WS ERR: "Multiple exceptions: [Errno 61] Connect call failed ('::1', 8765, 0, 0), [Errno 61] Connect call failed ('127.0.0.1', 8765)"
  CB: None None-None (None)  crr=None  ps=None  recent=None
  ✓ score/wickets/overs match

[03:04:18  iter#1282]
  WS ERR: "Multiple exceptions: [Errno 61] Connect call failed ('::1', 8765, 0, 0), [Errno 61] Connect call failed ('127.0.0.1', 8765)"
  CB: None None-None (None)  crr=None  ps=None  recent=None
  ✓ score/wickets/overs match

[03:04:38  iter#1283]
  WS ERR: "Multiple exceptions: [Errno 61] Connect call failed ('::1', 8765, 0, 0), [Errno 61] Connect call failed ('127.0.0.1', 8765)"
  CB: None None-None (None)  crr=None  ps=None  recent=None
  ✓ score/wickets/overs match

[03:04:58  iter#1284]
  WS ERR: "Multiple exceptions: [Errno 61] Connect call failed ('::1', 8765, 0, 0), [Errno 61] Connect call failed ('127.0.0.1', 8765)"
  CB: None None-None (None)  crr=None  ps=None  recent=None
  ✓ score/wickets/overs match

[03:05:18  iter#1285]
  WS ERR: "Multiple exceptions: [Errno 61] Connect call failed ('::1', 8765, 0, 0), [Errno 61] Connect call failed ('127.0.0.1', 8765)"
  CB: None None-None (None)  crr=None  ps=None  recent=None
  ✓ score/wickets/overs match

[03:05:39  iter#1286]
  WS ERR: "Multiple exceptions: [Errno 61] Connect call failed ('::1', 8765, 0, 0), [Errno 61] Connect call failed ('127.0.0.1', 8765)"
  CB: None None-None (None)  crr=None  ps=None  recent=None
  ✓ score/wickets/overs match

[03:05:59  iter#1287]
  WS ERR: "Multiple exceptions: [Errno 61] Connect call failed ('::1', 8765, 0, 0), [Errno 61] Connect call failed ('127.0.0.1', 8765)"
  CB: None None-None (None)  crr=None  ps=None  recent=None
  ✓ score/wickets/overs match

[03:06:19  iter#1288]
  WS ERR: "Multiple exceptions: [Errno 61] Connect call failed ('::1', 8765, 0, 0), [Errno 61] Connect call failed ('127.0.0.1', 8765)"
  CB: None None-None (None)  crr=None  ps=None  recent=None
  ✓ score/wickets/overs match

[03:06:39  iter#1289]
  WS ERR: "Multiple exceptions: [Errno 61] Connect call failed ('::1', 8765, 0, 0), [Errno 61] Connect call failed ('127.0.0.1', 8765)"
  CB: None None-None (None)  crr=None  ps=None  recent=None
  ✓ score/wickets/overs match

[03:06:59  iter#1290]
  WS ERR: "Multiple exceptions: [Errno 61] Connect call failed ('::1', 8765, 0, 0), [Errno 61] Connect call failed ('127.0.0.1', 8765)"
  CB: None None-None (None)  crr=None  ps=None  recent=None
  ✓ score/wickets/overs match

[03:07:20  iter#1291]
  WS ERR: "Multiple exceptions: [Errno 61] Connect call failed ('::1', 8765, 0, 0), [Errno 61] Connect call failed ('127.0.0.1', 8765)"
  CB: None None-None (None)  crr=None  ps=None  recent=None
  ✓ score/wickets/overs match

[03:07:40  iter#1292]
  WS ERR: "Multiple exceptions: [Errno 61] Connect call failed ('::1', 8765, 0, 0), [Errno 61] Connect call failed ('127.0.0.1', 8765)"
  CB: None None-None (None)  crr=None  ps=None  recent=None
  ✓ score/wickets/overs match

[03:08:00  iter#1293]
  WS ERR: "Multiple exceptions: [Errno 61] Connect call failed ('::1', 8765, 0, 0), [Errno 61] Connect call failed ('127.0.0.1', 8765)"
  CB: None None-None (None)  crr=None  ps=None  recent=None
  ✓ score/wickets/overs match

[03:08:21  iter#1294]
  WS ERR: "Multiple exceptions: [Errno 61] Connect call failed ('::1', 8765, 0, 0), [Errno 61] Connect call failed ('127.0.0.1', 8765)"
  CB: None None-None (None)  crr=None  ps=None  recent=None
  ✓ score/wickets/overs match

[03:08:41  iter#1295]
  WS ERR: "Multiple exceptions: [Errno 61] Connect call failed ('::1', 8765, 0, 0), [Errno 61] Connect call failed ('127.0.0.1', 8765)"
  CB: None None-None (None)  crr=None  ps=None  recent=None
  ✓ score/wickets/overs match

[03:09:01  iter#1296]
  WS ERR: "Multiple exceptions: [Errno 61] Connect call failed ('::1', 8765, 0, 0), [Errno 61] Connect call failed ('127.0.0.1', 8765)"
  CB: None None-None (None)  crr=None  ps=None  recent=None
  ✓ score/wickets/overs match

[03:09:21  iter#1297]
  WS ERR: "Multiple exceptions: [Errno 61] Connect call failed ('::1', 8765, 0, 0), [Errno 61] Connect call failed ('127.0.0.1', 8765)"
  CB: None None-None (None)  crr=None  ps=None  recent=None
  ✓ score/wickets/overs match

[03:09:41  iter#1298]
  WS ERR: "Multiple exceptions: [Errno 61] Connect call failed ('::1', 8765, 0, 0), [Errno 61] Connect call failed ('127.0.0.1', 8765)"
  CB: None None-None (None)  crr=None  ps=None  recent=None
  ✓ score/wickets/overs match

[03:10:02  iter#1299]
  WS ERR: "Multiple exceptions: [Errno 61] Connect call failed ('::1', 8765, 0, 0), [Errno 61] Connect call failed ('127.0.0.1', 8765)"
  CB: None None-None (None)  crr=None  ps=None  recent=None
  ✓ score/wickets/overs match

[03:10:22  iter#1300]
  WS ERR: "Multiple exceptions: [Errno 61] Connect call failed ('::1', 8765, 0, 0), [Errno 61] Connect call failed ('127.0.0.1', 8765)"
  CB: None None-None (None)  crr=None  ps=None  recent=None
  ✓ score/wickets/overs match

[03:10:42  iter#1301]
  WS ERR: "Multiple exceptions: [Errno 61] Connect call failed ('::1', 8765, 0, 0), [Errno 61] Connect call failed ('127.0.0.1', 8765)"
  CB: None None-None (None)  crr=None  ps=None  recent=None
  ✓ score/wickets/overs match

[03:11:02  iter#1302]
  WS ERR: "Multiple exceptions: [Errno 61] Connect call failed ('::1', 8765, 0, 0), [Errno 61] Connect call failed ('127.0.0.1', 8765)"
  CB: None None-None (None)  crr=None  ps=None  recent=None
  ✓ score/wickets/overs match

[03:11:22  iter#1303]
  WS ERR: "Multiple exceptions: [Errno 61] Connect call failed ('::1', 8765, 0, 0), [Errno 61] Connect call failed ('127.0.0.1', 8765)"
  CB: None None-None (None)  crr=None  ps=None  recent=None
  ✓ score/wickets/overs match

[03:11:43  iter#1304]
  WS ERR: "Multiple exceptions: [Errno 61] Connect call failed ('::1', 8765, 0, 0), [Errno 61] Connect call failed ('127.0.0.1', 8765)"
  CB: None None-None (None)  crr=None  ps=None  recent=None
  ✓ score/wickets/overs match

[03:12:03  iter#1305]
  WS ERR: "Multiple exceptions: [Errno 61] Connect call failed ('::1', 8765, 0, 0), [Errno 61] Connect call failed ('127.0.0.1', 8765)"
  CB: None None-None (None)  crr=None  ps=None  recent=None
  ✓ score/wickets/overs match

[03:12:23  iter#1306]
  WS ERR: "Multiple exceptions: [Errno 61] Connect call failed ('::1', 8765, 0, 0), [Errno 61] Connect call failed ('127.0.0.1', 8765)"
  CB: None None-None (None)  crr=None  ps=None  recent=None
  ✓ score/wickets/overs match

[03:12:43  iter#1307]
  WS ERR: "Multiple exceptions: [Errno 61] Connect call failed ('::1', 8765, 0, 0), [Errno 61] Connect call failed ('127.0.0.1', 8765)"
  CB: None None-None (None)  crr=None  ps=None  recent=None
  ✓ score/wickets/overs match

[03:13:04  iter#1308]
  WS ERR: "Multiple exceptions: [Errno 61] Connect call failed ('::1', 8765, 0, 0), [Errno 61] Connect call failed ('127.0.0.1', 8765)"
  CB: None None-None (None)  crr=None  ps=None  recent=None
  ✓ score/wickets/overs match

[03:13:24  iter#1309]
  WS ERR: "Multiple exceptions: [Errno 61] Connect call failed ('::1', 8765, 0, 0), [Errno 61] Connect call failed ('127.0.0.1', 8765)"
  CB: None None-None (None)  crr=None  ps=None  recent=None
  ✓ score/wickets/overs match

[03:13:44  iter#1310]
  WS ERR: "Multiple exceptions: [Errno 61] Connect call failed ('::1', 8765, 0, 0), [Errno 61] Connect call failed ('127.0.0.1', 8765)"
  CB: None None-None (None)  crr=None  ps=None  recent=None
  ✓ score/wickets/overs match

[03:14:04  iter#1311]
  WS ERR: "Multiple exceptions: [Errno 61] Connect call failed ('::1', 8765, 0, 0), [Errno 61] Connect call failed ('127.0.0.1', 8765)"
  CB: None None-None (None)  crr=None  ps=None  recent=None
  ✓ score/wickets/overs match

[03:14:25  iter#1312]
  WS ERR: "Multiple exceptions: [Errno 61] Connect call failed ('::1', 8765, 0, 0), [Errno 61] Connect call failed ('127.0.0.1', 8765)"
  CB: None None-None (None)  crr=None  ps=None  recent=None
  ✓ score/wickets/overs match

[03:14:45  iter#1313]
  WS ERR: "Multiple exceptions: [Errno 61] Connect call failed ('::1', 8765, 0, 0), [Errno 61] Connect call failed ('127.0.0.1', 8765)"
  CB: None None-None (None)  crr=None  ps=None  recent=None
  ✓ score/wickets/overs match

[03:15:05  iter#1314]
  WS ERR: "Multiple exceptions: [Errno 61] Connect call failed ('::1', 8765, 0, 0), [Errno 61] Connect call failed ('127.0.0.1', 8765)"
  CB: None None-None (None)  crr=None  ps=None  recent=None
  ✓ score/wickets/overs match

[03:15:25  iter#1315]
  WS ERR: "Multiple exceptions: [Errno 61] Connect call failed ('::1', 8765, 0, 0), [Errno 61] Connect call failed ('127.0.0.1', 8765)"
  CB: None None-None (None)  crr=None  ps=None  recent=None
  ✓ score/wickets/overs match

[03:15:45  iter#1316]
  WS ERR: "Multiple exceptions: [Errno 61] Connect call failed ('::1', 8765, 0, 0), [Errno 61] Connect call failed ('127.0.0.1', 8765)"
  CB: None None-None (None)  crr=None  ps=None  recent=None
  ✓ score/wickets/overs match

[03:16:06  iter#1317]
  WS ERR: "Multiple exceptions: [Errno 61] Connect call failed ('::1', 8765, 0, 0), [Errno 61] Connect call failed ('127.0.0.1', 8765)"
  CB: None None-None (None)  crr=None  ps=None  recent=None
  ✓ score/wickets/overs match

[03:16:26  iter#1318]
  WS ERR: "Multiple exceptions: [Errno 61] Connect call failed ('::1', 8765, 0, 0), [Errno 61] Connect call failed ('127.0.0.1', 8765)"
  CB: None None-None (None)  crr=None  ps=None  recent=None
  ✓ score/wickets/overs match

[03:16:46  iter#1319]
  WS ERR: "Multiple exceptions: [Errno 61] Connect call failed ('::1', 8765, 0, 0), [Errno 61] Connect call failed ('127.0.0.1', 8765)"
  CB: None None-None (None)  crr=None  ps=None  recent=None
  ✓ score/wickets/overs match

[03:17:06  iter#1320]
  WS ERR: "Multiple exceptions: [Errno 61] Connect call failed ('::1', 8765, 0, 0), [Errno 61] Connect call failed ('127.0.0.1', 8765)"
  CB: None None-None (None)  crr=None  ps=None  recent=None
  ✓ score/wickets/overs match

[03:17:26  iter#1321]
  WS ERR: "Multiple exceptions: [Errno 61] Connect call failed ('::1', 8765, 0, 0), [Errno 61] Connect call failed ('127.0.0.1', 8765)"
  CB: None None-None (None)  crr=None  ps=None  recent=None
  ✓ score/wickets/overs match

[03:17:47  iter#1322]
  WS ERR: "Multiple exceptions: [Errno 61] Connect call failed ('::1', 8765, 0, 0), [Errno 61] Connect call failed ('127.0.0.1', 8765)"
  CB: None None-None (None)  crr=None  ps=None  recent=None
  ✓ score/wickets/overs match

[03:18:07  iter#1323]
  WS ERR: "Multiple exceptions: [Errno 61] Connect call failed ('::1', 8765, 0, 0), [Errno 61] Connect call failed ('127.0.0.1', 8765)"
  CB: None None-None (None)  crr=None  ps=None  recent=None
  ✓ score/wickets/overs match

[03:18:27  iter#1324]
  WS ERR: "Multiple exceptions: [Errno 61] Connect call failed ('::1', 8765, 0, 0), [Errno 61] Connect call failed ('127.0.0.1', 8765)"
  CB: None None-None (None)  crr=None  ps=None  recent=None
  ✓ score/wickets/overs match

[03:18:48  iter#1325]
  WS ERR: "Multiple exceptions: [Errno 61] Connect call failed ('::1', 8765, 0, 0), [Errno 61] Connect call failed ('127.0.0.1', 8765)"
  CB: None None-None (None)  crr=None  ps=None  recent=None
  ✓ score/wickets/overs match

[03:19:08  iter#1326]
  WS ERR: "Multiple exceptions: [Errno 61] Connect call failed ('::1', 8765, 0, 0), [Errno 61] Connect call failed ('127.0.0.1', 8765)"
  CB: None None-None (None)  crr=None  ps=None  recent=None
  ✓ score/wickets/overs match

[03:19:28  iter#1327]
  WS ERR: "Multiple exceptions: [Errno 61] Connect call failed ('::1', 8765, 0, 0), [Errno 61] Connect call failed ('127.0.0.1', 8765)"
  CB: None None-None (None)  crr=None  ps=None  recent=None
  ✓ score/wickets/overs match

[03:19:48  iter#1328]
  WS ERR: "Multiple exceptions: [Errno 61] Connect call failed ('::1', 8765, 0, 0), [Errno 61] Connect call failed ('127.0.0.1', 8765)"
  CB: None None-None (None)  crr=None  ps=None  recent=None
  ✓ score/wickets/overs match

[03:20:08  iter#1329]
  WS ERR: "Multiple exceptions: [Errno 61] Connect call failed ('::1', 8765, 0, 0), [Errno 61] Connect call failed ('127.0.0.1', 8765)"
  CB: None None-None (None)  crr=None  ps=None  recent=None
  ✓ score/wickets/overs match

[03:20:29  iter#1330]
  WS ERR: "Multiple exceptions: [Errno 61] Connect call failed ('::1', 8765, 0, 0), [Errno 61] Connect call failed ('127.0.0.1', 8765)"
  CB: None None-None (None)  crr=None  ps=None  recent=None
  ✓ score/wickets/overs match

[03:20:49  iter#1331]
  WS ERR: "Multiple exceptions: [Errno 61] Connect call failed ('::1', 8765, 0, 0), [Errno 61] Connect call failed ('127.0.0.1', 8765)"
  CB: None None-None (None)  crr=None  ps=None  recent=None
  ✓ score/wickets/overs match

[03:21:09  iter#1332]
  WS ERR: "Multiple exceptions: [Errno 61] Connect call failed ('::1', 8765, 0, 0), [Errno 61] Connect call failed ('127.0.0.1', 8765)"
  CB: None None-None (None)  crr=None  ps=None  recent=None
  ✓ score/wickets/overs match

[03:21:29  iter#1333]
  WS ERR: "Multiple exceptions: [Errno 61] Connect call failed ('::1', 8765, 0, 0), [Errno 61] Connect call failed ('127.0.0.1', 8765)"
  CB: None None-None (None)  crr=None  ps=None  recent=None
  ✓ score/wickets/overs match

[03:21:49  iter#1334]
  WS ERR: "Multiple exceptions: [Errno 61] Connect call failed ('::1', 8765, 0, 0), [Errno 61] Connect call failed ('127.0.0.1', 8765)"
  CB: None None-None (None)  crr=None  ps=None  recent=None
  ✓ score/wickets/overs match

[03:22:10  iter#1335]
  WS ERR: "Multiple exceptions: [Errno 61] Connect call failed ('::1', 8765, 0, 0), [Errno 61] Connect call failed ('127.0.0.1', 8765)"
  CB: None None-None (None)  crr=None  ps=None  recent=None
  ✓ score/wickets/overs match

[03:22:30  iter#1336]
  WS ERR: "Multiple exceptions: [Errno 61] Connect call failed ('::1', 8765, 0, 0), [Errno 61] Connect call failed ('127.0.0.1', 8765)"
  CB: None None-None (None)  crr=None  ps=None  recent=None
  ✓ score/wickets/overs match

[03:22:50  iter#1337]
  WS ERR: "Multiple exceptions: [Errno 61] Connect call failed ('::1', 8765, 0, 0), [Errno 61] Connect call failed ('127.0.0.1', 8765)"
  CB: None None-None (None)  crr=None  ps=None  recent=None
  ✓ score/wickets/overs match

[03:23:10  iter#1338]
  WS ERR: "Multiple exceptions: [Errno 61] Connect call failed ('::1', 8765, 0, 0), [Errno 61] Connect call failed ('127.0.0.1', 8765)"
  CB: None None-None (None)  crr=None  ps=None  recent=None
  ✓ score/wickets/overs match

[03:23:31  iter#1339]
  WS ERR: "Multiple exceptions: [Errno 61] Connect call failed ('::1', 8765, 0, 0), [Errno 61] Connect call failed ('127.0.0.1', 8765)"
  CB: None None-None (None)  crr=None  ps=None  recent=None
  ✓ score/wickets/overs match

[03:23:51  iter#1340]
  WS ERR: "Multiple exceptions: [Errno 61] Connect call failed ('::1', 8765, 0, 0), [Errno 61] Connect call failed ('127.0.0.1', 8765)"
  CB: None None-None (None)  crr=None  ps=None  recent=None
  ✓ score/wickets/overs match

[03:24:11  iter#1341]
  WS ERR: "Multiple exceptions: [Errno 61] Connect call failed ('::1', 8765, 0, 0), [Errno 61] Connect call failed ('127.0.0.1', 8765)"
  CB: None None-None (None)  crr=None  ps=None  recent=None
  ✓ score/wickets/overs match

[03:24:31  iter#1342]
  WS ERR: "Multiple exceptions: [Errno 61] Connect call failed ('::1', 8765, 0, 0), [Errno 61] Connect call failed ('127.0.0.1', 8765)"
  CB: None None-None (None)  crr=None  ps=None  recent=None
  ✓ score/wickets/overs match

[03:24:52  iter#1343]
  WS ERR: "Multiple exceptions: [Errno 61] Connect call failed ('::1', 8765, 0, 0), [Errno 61] Connect call failed ('127.0.0.1', 8765)"
  CB: None None-None (None)  crr=None  ps=None  recent=None
  ✓ score/wickets/overs match

[03:25:12  iter#1344]
  WS ERR: "Multiple exceptions: [Errno 61] Connect call failed ('::1', 8765, 0, 0), [Errno 61] Connect call failed ('127.0.0.1', 8765)"
  CB: None None-None (None)  crr=None  ps=None  recent=None
  ✓ score/wickets/overs match

[03:25:32  iter#1345]
  WS ERR: "Multiple exceptions: [Errno 61] Connect call failed ('::1', 8765, 0, 0), [Errno 61] Connect call failed ('127.0.0.1', 8765)"
  CB: None None-None (None)  crr=None  ps=None  recent=None
  ✓ score/wickets/overs match

[03:25:52  iter#1346]
  WS ERR: "Multiple exceptions: [Errno 61] Connect call failed ('::1', 8765, 0, 0), [Errno 61] Connect call failed ('127.0.0.1', 8765)"
  CB: None None-None (None)  crr=None  ps=None  recent=None
  ✓ score/wickets/overs match

[03:26:12  iter#1347]
  WS ERR: "Multiple exceptions: [Errno 61] Connect call failed ('::1', 8765, 0, 0), [Errno 61] Connect call failed ('127.0.0.1', 8765)"
  CB: None None-None (None)  crr=None  ps=None  recent=None
  ✓ score/wickets/overs match

[03:26:33  iter#1348]
  WS ERR: "Multiple exceptions: [Errno 61] Connect call failed ('::1', 8765, 0, 0), [Errno 61] Connect call failed ('127.0.0.1', 8765)"
  CB: None None-None (None)  crr=None  ps=None  recent=None
  ✓ score/wickets/overs match

[03:26:53  iter#1349]
  WS ERR: "Multiple exceptions: [Errno 61] Connect call failed ('::1', 8765, 0, 0), [Errno 61] Connect call failed ('127.0.0.1', 8765)"
  CB: None None-None (None)  crr=None  ps=None  recent=None
  ✓ score/wickets/overs match

[03:27:13  iter#1350]
  WS ERR: "Multiple exceptions: [Errno 61] Connect call failed ('::1', 8765, 0, 0), [Errno 61] Connect call failed ('127.0.0.1', 8765)"
  CB: None None-None (None)  crr=None  ps=None  recent=None
  ✓ score/wickets/overs match

[03:27:34  iter#1351]
  WS ERR: "Multiple exceptions: [Errno 61] Connect call failed ('::1', 8765, 0, 0), [Errno 61] Connect call failed ('127.0.0.1', 8765)"
  CB: None None-None (None)  crr=None  ps=None  recent=None
  ✓ score/wickets/overs match

[03:27:54  iter#1352]
  WS ERR: "Multiple exceptions: [Errno 61] Connect call failed ('::1', 8765, 0, 0), [Errno 61] Connect call failed ('127.0.0.1', 8765)"
  CB: None None-None (None)  crr=None  ps=None  recent=None
  ✓ score/wickets/overs match

[03:28:14  iter#1353]
  WS ERR: "Multiple exceptions: [Errno 61] Connect call failed ('::1', 8765, 0, 0), [Errno 61] Connect call failed ('127.0.0.1', 8765)"
  CB: None None-None (None)  crr=None  ps=None  recent=None
  ✓ score/wickets/overs match

[03:28:34  iter#1354]
  WS ERR: "Multiple exceptions: [Errno 61] Connect call failed ('::1', 8765, 0, 0), [Errno 61] Connect call failed ('127.0.0.1', 8765)"
  CB: None None-None (None)  crr=None  ps=None  recent=None
  ✓ score/wickets/overs match

[03:28:55  iter#1355]
  WS ERR: "Multiple exceptions: [Errno 61] Connect call failed ('::1', 8765, 0, 0), [Errno 61] Connect call failed ('127.0.0.1', 8765)"
  CB: None None-None (None)  crr=None  ps=None  recent=None
  ✓ score/wickets/overs match

[03:29:15  iter#1356]
  WS ERR: "Multiple exceptions: [Errno 61] Connect call failed ('::1', 8765, 0, 0), [Errno 61] Connect call failed ('127.0.0.1', 8765)"
  CB: None None-None (None)  crr=None  ps=None  recent=None
  ✓ score/wickets/overs match

[03:29:35  iter#1357]
  WS ERR: "Multiple exceptions: [Errno 61] Connect call failed ('::1', 8765, 0, 0), [Errno 61] Connect call failed ('127.0.0.1', 8765)"
  CB: None None-None (None)  crr=None  ps=None  recent=None
  ✓ score/wickets/overs match

[03:29:55  iter#1358]
  WS ERR: "Multiple exceptions: [Errno 61] Connect call failed ('::1', 8765, 0, 0), [Errno 61] Connect call failed ('127.0.0.1', 8765)"
  CB: None None-None (None)  crr=None  ps=None  recent=None
  ✓ score/wickets/overs match

[03:30:15  iter#1359]
  WS ERR: "Multiple exceptions: [Errno 61] Connect call failed ('::1', 8765, 0, 0), [Errno 61] Connect call failed ('127.0.0.1', 8765)"
  CB: None None-None (None)  crr=None  ps=None  recent=None
  ✓ score/wickets/overs match

[03:30:36  iter#1360]
  WS ERR: "Multiple exceptions: [Errno 61] Connect call failed ('::1', 8765, 0, 0), [Errno 61] Connect call failed ('127.0.0.1', 8765)"
  CB: None None-None (None)  crr=None  ps=None  recent=None
  ✓ score/wickets/overs match

[03:30:56  iter#1361]
  WS ERR: "Multiple exceptions: [Errno 61] Connect call failed ('::1', 8765, 0, 0), [Errno 61] Connect call failed ('127.0.0.1', 8765)"
  CB: None None-None (None)  crr=None  ps=None  recent=None
  ✓ score/wickets/overs match

[03:31:16  iter#1362]
  WS ERR: "Multiple exceptions: [Errno 61] Connect call failed ('::1', 8765, 0, 0), [Errno 61] Connect call failed ('127.0.0.1', 8765)"
  CB: None None-None (None)  crr=None  ps=None  recent=None
  ✓ score/wickets/overs match

[03:31:36  iter#1363]
  WS ERR: "Multiple exceptions: [Errno 61] Connect call failed ('::1', 8765, 0, 0), [Errno 61] Connect call failed ('127.0.0.1', 8765)"
  CB: None None-None (None)  crr=None  ps=None  recent=None
  ✓ score/wickets/overs match

[03:31:56  iter#1364]
  WS ERR: "Multiple exceptions: [Errno 61] Connect call failed ('::1', 8765, 0, 0), [Errno 61] Connect call failed ('127.0.0.1', 8765)"
  CB: None None-None (None)  crr=None  ps=None  recent=None
  ✓ score/wickets/overs match

[03:32:17  iter#1365]
  WS ERR: "Multiple exceptions: [Errno 61] Connect call failed ('::1', 8765, 0, 0), [Errno 61] Connect call failed ('127.0.0.1', 8765)"
  CB: None None-None (None)  crr=None  ps=None  recent=None
  ✓ score/wickets/overs match

[03:32:37  iter#1366]
  WS ERR: "Multiple exceptions: [Errno 61] Connect call failed ('::1', 8765, 0, 0), [Errno 61] Connect call failed ('127.0.0.1', 8765)"
  CB: None None-None (None)  crr=None  ps=None  recent=None
  ✓ score/wickets/overs match

[03:32:57  iter#1367]
  WS ERR: "Multiple exceptions: [Errno 61] Connect call failed ('::1', 8765, 0, 0), [Errno 61] Connect call failed ('127.0.0.1', 8765)"
  CB: None None-None (None)  crr=None  ps=None  recent=None
  ✓ score/wickets/overs match

[03:33:18  iter#1368]
  WS ERR: "Multiple exceptions: [Errno 61] Connect call failed ('::1', 8765, 0, 0), [Errno 61] Connect call failed ('127.0.0.1', 8765)"
  CB: None None-None (None)  crr=None  ps=None  recent=None
  ✓ score/wickets/overs match

[03:33:38  iter#1369]
  WS ERR: "Multiple exceptions: [Errno 61] Connect call failed ('::1', 8765, 0, 0), [Errno 61] Connect call failed ('127.0.0.1', 8765)"
  CB: None None-None (None)  crr=None  ps=None  recent=None
  ✓ score/wickets/overs match

[03:33:58  iter#1370]
  WS ERR: "Multiple exceptions: [Errno 61] Connect call failed ('::1', 8765, 0, 0), [Errno 61] Connect call failed ('127.0.0.1', 8765)"
  CB: None None-None (None)  crr=None  ps=None  recent=None
  ✓ score/wickets/overs match

[03:34:18  iter#1371]
  WS ERR: "Multiple exceptions: [Errno 61] Connect call failed ('::1', 8765, 0, 0), [Errno 61] Connect call failed ('127.0.0.1', 8765)"
  CB: None None-None (None)  crr=None  ps=None  recent=None
  ✓ score/wickets/overs match

[03:34:39  iter#1372]
  WS ERR: "Multiple exceptions: [Errno 61] Connect call failed ('::1', 8765, 0, 0), [Errno 61] Connect call failed ('127.0.0.1', 8765)"
  CB: None None-None (None)  crr=None  ps=None  recent=None
  ✓ score/wickets/overs match

[03:34:59  iter#1373]
  WS ERR: "Multiple exceptions: [Errno 61] Connect call failed ('::1', 8765, 0, 0), [Errno 61] Connect call failed ('127.0.0.1', 8765)"
  CB: None None-None (None)  crr=None  ps=None  recent=None
  ✓ score/wickets/overs match

[03:35:19  iter#1374]
  WS ERR: "Multiple exceptions: [Errno 61] Connect call failed ('::1', 8765, 0, 0), [Errno 61] Connect call failed ('127.0.0.1', 8765)"
  CB: None None-None (None)  crr=None  ps=None  recent=None
  ✓ score/wickets/overs match

[03:35:39  iter#1375]
  WS ERR: "Multiple exceptions: [Errno 61] Connect call failed ('::1', 8765, 0, 0), [Errno 61] Connect call failed ('127.0.0.1', 8765)"
  CB: None None-None (None)  crr=None  ps=None  recent=None
  ✓ score/wickets/overs match

[03:36:00  iter#1376]
  WS ERR: "Multiple exceptions: [Errno 61] Connect call failed ('::1', 8765, 0, 0), [Errno 61] Connect call failed ('127.0.0.1', 8765)"
  CB: None None-None (None)  crr=None  ps=None  recent=None
  ✓ score/wickets/overs match

[03:36:20  iter#1377]
  WS ERR: "Multiple exceptions: [Errno 61] Connect call failed ('::1', 8765, 0, 0), [Errno 61] Connect call failed ('127.0.0.1', 8765)"
  CB: None None-None (None)  crr=None  ps=None  recent=None
  ✓ score/wickets/overs match

[03:36:40  iter#1378]
  WS ERR: "Multiple exceptions: [Errno 61] Connect call failed ('::1', 8765, 0, 0), [Errno 61] Connect call failed ('127.0.0.1', 8765)"
  CB: None None-None (None)  crr=None  ps=None  recent=None
  ✓ score/wickets/overs match

[03:37:00  iter#1379]
  WS ERR: "Multiple exceptions: [Errno 61] Connect call failed ('::1', 8765, 0, 0), [Errno 61] Connect call failed ('127.0.0.1', 8765)"
  CB: None None-None (None)  crr=None  ps=None  recent=None
  ✓ score/wickets/overs match

[03:37:20  iter#1380]
  WS ERR: "Multiple exceptions: [Errno 61] Connect call failed ('::1', 8765, 0, 0), [Errno 61] Connect call failed ('127.0.0.1', 8765)"
  CB: None None-None (None)  crr=None  ps=None  recent=None
  ✓ score/wickets/overs match

[03:37:41  iter#1381]
  WS ERR: "Multiple exceptions: [Errno 61] Connect call failed ('::1', 8765, 0, 0), [Errno 61] Connect call failed ('127.0.0.1', 8765)"
  CB: None None-None (None)  crr=None  ps=None  recent=None
  ✓ score/wickets/overs match

[03:38:01  iter#1382]
  WS ERR: "Multiple exceptions: [Errno 61] Connect call failed ('::1', 8765, 0, 0), [Errno 61] Connect call failed ('127.0.0.1', 8765)"
  CB: None None-None (None)  crr=None  ps=None  recent=None
  ✓ score/wickets/overs match

[03:38:22  iter#1383]
  WS ERR: "Multiple exceptions: [Errno 61] Connect call failed ('::1', 8765, 0, 0), [Errno 61] Connect call failed ('127.0.0.1', 8765)"
  CB: None None-None (None)  crr=None  ps=None  recent=None
  ✓ score/wickets/overs match

[03:38:42  iter#1384]
  WS ERR: "Multiple exceptions: [Errno 61] Connect call failed ('::1', 8765, 0, 0), [Errno 61] Connect call failed ('127.0.0.1', 8765)"
  CB: None None-None (None)  crr=None  ps=None  recent=None
  ✓ score/wickets/overs match

[03:39:02  iter#1385]
  WS ERR: "Multiple exceptions: [Errno 61] Connect call failed ('::1', 8765, 0, 0), [Errno 61] Connect call failed ('127.0.0.1', 8765)"
  CB: None None-None (None)  crr=None  ps=None  recent=None
  ✓ score/wickets/overs match

[03:39:22  iter#1386]
  WS ERR: "Multiple exceptions: [Errno 61] Connect call failed ('::1', 8765, 0, 0), [Errno 61] Connect call failed ('127.0.0.1', 8765)"
  CB: None None-None (None)  crr=None  ps=None  recent=None
  ✓ score/wickets/overs match

[03:39:42  iter#1387]
  WS ERR: "Multiple exceptions: [Errno 61] Connect call failed ('::1', 8765, 0, 0), [Errno 61] Connect call failed ('127.0.0.1', 8765)"
  CB: None None-None (None)  crr=None  ps=None  recent=None
  ✓ score/wickets/overs match

[03:40:02  iter#1388]
  WS ERR: "Multiple exceptions: [Errno 61] Connect call failed ('::1', 8765, 0, 0), [Errno 61] Connect call failed ('127.0.0.1', 8765)"
  CB: None None-None (None)  crr=None  ps=None  recent=None
  ✓ score/wickets/overs match

[03:40:23  iter#1389]
  WS ERR: "Multiple exceptions: [Errno 61] Connect call failed ('::1', 8765, 0, 0), [Errno 61] Connect call failed ('127.0.0.1', 8765)"
  CB: None None-None (None)  crr=None  ps=None  recent=None
  ✓ score/wickets/overs match

[03:40:43  iter#1390]
  WS ERR: "Multiple exceptions: [Errno 61] Connect call failed ('::1', 8765, 0, 0), [Errno 61] Connect call failed ('127.0.0.1', 8765)"
  CB: None None-None (None)  crr=None  ps=None  recent=None
  ✓ score/wickets/overs match

[03:41:03  iter#1391]
  WS ERR: "Multiple exceptions: [Errno 61] Connect call failed ('::1', 8765, 0, 0), [Errno 61] Connect call failed ('127.0.0.1', 8765)"
  CB: None None-None (None)  crr=None  ps=None  recent=None
  ✓ score/wickets/overs match

[03:41:23  iter#1392]
  WS ERR: "Multiple exceptions: [Errno 61] Connect call failed ('::1', 8765, 0, 0), [Errno 61] Connect call failed ('127.0.0.1', 8765)"
  CB: None None-None (None)  crr=None  ps=None  recent=None
  ✓ score/wickets/overs match

[03:41:43  iter#1393]
  WS ERR: "Multiple exceptions: [Errno 61] Connect call failed ('::1', 8765, 0, 0), [Errno 61] Connect call failed ('127.0.0.1', 8765)"
  CB: None None-None (None)  crr=None  ps=None  recent=None
  ✓ score/wickets/overs match

[03:42:04  iter#1394]
  WS ERR: "Multiple exceptions: [Errno 61] Connect call failed ('::1', 8765, 0, 0), [Errno 61] Connect call failed ('127.0.0.1', 8765)"
  CB: None None-None (None)  crr=None  ps=None  recent=None
  ✓ score/wickets/overs match

[03:42:24  iter#1395]
  WS ERR: "Multiple exceptions: [Errno 61] Connect call failed ('::1', 8765, 0, 0), [Errno 61] Connect call failed ('127.0.0.1', 8765)"
  CB: None None-None (None)  crr=None  ps=None  recent=None
  ✓ score/wickets/overs match

[03:42:44  iter#1396]
  WS ERR: "Multiple exceptions: [Errno 61] Connect call failed ('::1', 8765, 0, 0), [Errno 61] Connect call failed ('127.0.0.1', 8765)"
  CB: None None-None (None)  crr=None  ps=None  recent=None
  ✓ score/wickets/overs match

[03:43:04  iter#1397]
  WS ERR: "Multiple exceptions: [Errno 61] Connect call failed ('::1', 8765, 0, 0), [Errno 61] Connect call failed ('127.0.0.1', 8765)"
  CB: None None-None (None)  crr=None  ps=None  recent=None
  ✓ score/wickets/overs match

[03:43:24  iter#1398]
  WS ERR: "Multiple exceptions: [Errno 61] Connect call failed ('::1', 8765, 0, 0), [Errno 61] Connect call failed ('127.0.0.1', 8765)"
  CB: None None-None (None)  crr=None  ps=None  recent=None
  ✓ score/wickets/overs match

[03:43:45  iter#1399]
  WS ERR: "Multiple exceptions: [Errno 61] Connect call failed ('::1', 8765, 0, 0), [Errno 61] Connect call failed ('127.0.0.1', 8765)"
  CB: None None-None (None)  crr=None  ps=None  recent=None
  ✓ score/wickets/overs match

[03:44:05  iter#1400]
  WS ERR: "Multiple exceptions: [Errno 61] Connect call failed ('::1', 8765, 0, 0), [Errno 61] Connect call failed ('127.0.0.1', 8765)"
  CB: None None-None (None)  crr=None  ps=None  recent=None
  ✓ score/wickets/overs match

[03:44:25  iter#1401]
  WS ERR: "Multiple exceptions: [Errno 61] Connect call failed ('::1', 8765, 0, 0), [Errno 61] Connect call failed ('127.0.0.1', 8765)"
  CB: None None-None (None)  crr=None  ps=None  recent=None
  ✓ score/wickets/overs match

[03:44:45  iter#1402]
  WS ERR: "Multiple exceptions: [Errno 61] Connect call failed ('::1', 8765, 0, 0), [Errno 61] Connect call failed ('127.0.0.1', 8765)"
  CB: None None-None (None)  crr=None  ps=None  recent=None
  ✓ score/wickets/overs match

[03:45:06  iter#1403]
  WS ERR: "Multiple exceptions: [Errno 61] Connect call failed ('::1', 8765, 0, 0), [Errno 61] Connect call failed ('127.0.0.1', 8765)"
  CB: None None-None (None)  crr=None  ps=None  recent=None
  ✓ score/wickets/overs match

[03:45:26  iter#1404]
  WS ERR: "Multiple exceptions: [Errno 61] Connect call failed ('::1', 8765, 0, 0), [Errno 61] Connect call failed ('127.0.0.1', 8765)"
  CB: None None-None (None)  crr=None  ps=None  recent=None
  ✓ score/wickets/overs match

[03:45:46  iter#1405]
  WS ERR: "Multiple exceptions: [Errno 61] Connect call failed ('::1', 8765, 0, 0), [Errno 61] Connect call failed ('127.0.0.1', 8765)"
  CB: None None-None (None)  crr=None  ps=None  recent=None
  ✓ score/wickets/overs match

[03:46:06  iter#1406]
  WS ERR: "Multiple exceptions: [Errno 61] Connect call failed ('::1', 8765, 0, 0), [Errno 61] Connect call failed ('127.0.0.1', 8765)"
  CB: None None-None (None)  crr=None  ps=None  recent=None
  ✓ score/wickets/overs match

[03:46:27  iter#1407]
  WS ERR: "Multiple exceptions: [Errno 61] Connect call failed ('::1', 8765, 0, 0), [Errno 61] Connect call failed ('127.0.0.1', 8765)"
  CB: None None-None (None)  crr=None  ps=None  recent=None
  ✓ score/wickets/overs match

[03:46:47  iter#1408]
  WS ERR: "Multiple exceptions: [Errno 61] Connect call failed ('::1', 8765, 0, 0), [Errno 61] Connect call failed ('127.0.0.1', 8765)"
  CB: None None-None (None)  crr=None  ps=None  recent=None
  ✓ score/wickets/overs match

[03:47:07  iter#1409]
  WS ERR: "Multiple exceptions: [Errno 61] Connect call failed ('::1', 8765, 0, 0), [Errno 61] Connect call failed ('127.0.0.1', 8765)"
  CB: None None-None (None)  crr=None  ps=None  recent=None
  ✓ score/wickets/overs match

[03:47:27  iter#1410]
  WS ERR: "Multiple exceptions: [Errno 61] Connect call failed ('::1', 8765, 0, 0), [Errno 61] Connect call failed ('127.0.0.1', 8765)"
  CB: None None-None (None)  crr=None  ps=None  recent=None
  ✓ score/wickets/overs match

[03:47:47  iter#1411]
  WS ERR: "Multiple exceptions: [Errno 61] Connect call failed ('::1', 8765, 0, 0), [Errno 61] Connect call failed ('127.0.0.1', 8765)"
  CB: None None-None (None)  crr=None  ps=None  recent=None
  ✓ score/wickets/overs match

[03:48:08  iter#1412]
  WS ERR: "Multiple exceptions: [Errno 61] Connect call failed ('::1', 8765, 0, 0), [Errno 61] Connect call failed ('127.0.0.1', 8765)"
  CB: None None-None (None)  crr=None  ps=None  recent=None
  ✓ score/wickets/overs match

[03:48:28  iter#1413]
  WS ERR: "Multiple exceptions: [Errno 61] Connect call failed ('::1', 8765, 0, 0), [Errno 61] Connect call failed ('127.0.0.1', 8765)"
  CB: None None-None (None)  crr=None  ps=None  recent=None
  ✓ score/wickets/overs match

[03:48:48  iter#1414]
  WS ERR: "Multiple exceptions: [Errno 61] Connect call failed ('::1', 8765, 0, 0), [Errno 61] Connect call failed ('127.0.0.1', 8765)"
  CB: None None-None (None)  crr=None  ps=None  recent=None
  ✓ score/wickets/overs match

[03:49:08  iter#1415]
  WS ERR: "Multiple exceptions: [Errno 61] Connect call failed ('::1', 8765, 0, 0), [Errno 61] Connect call failed ('127.0.0.1', 8765)"
  CB: None None-None (None)  crr=None  ps=None  recent=None
  ✓ score/wickets/overs match

[03:49:28  iter#1416]
  WS ERR: "Multiple exceptions: [Errno 61] Connect call failed ('::1', 8765, 0, 0), [Errno 61] Connect call failed ('127.0.0.1', 8765)"
  CB: None None-None (None)  crr=None  ps=None  recent=None
  ✓ score/wickets/overs match

[03:49:49  iter#1417]
  WS ERR: "Multiple exceptions: [Errno 61] Connect call failed ('::1', 8765, 0, 0), [Errno 61] Connect call failed ('127.0.0.1', 8765)"
  CB: None None-None (None)  crr=None  ps=None  recent=None
  ✓ score/wickets/overs match

[03:50:09  iter#1418]
  WS ERR: "Multiple exceptions: [Errno 61] Connect call failed ('::1', 8765, 0, 0), [Errno 61] Connect call failed ('127.0.0.1', 8765)"
  CB: None None-None (None)  crr=None  ps=None  recent=None
  ✓ score/wickets/overs match

[03:50:29  iter#1419]
  WS ERR: "Multiple exceptions: [Errno 61] Connect call failed ('::1', 8765, 0, 0), [Errno 61] Connect call failed ('127.0.0.1', 8765)"
  CB: None None-None (None)  crr=None  ps=None  recent=None
  ✓ score/wickets/overs match

[03:50:49  iter#1420]
  WS ERR: "Multiple exceptions: [Errno 61] Connect call failed ('::1', 8765, 0, 0), [Errno 61] Connect call failed ('127.0.0.1', 8765)"
  CB: None None-None (None)  crr=None  ps=None  recent=None
  ✓ score/wickets/overs match

[03:51:09  iter#1421]
  WS ERR: "Multiple exceptions: [Errno 61] Connect call failed ('::1', 8765, 0, 0), [Errno 61] Connect call failed ('127.0.0.1', 8765)"
  CB: None None-None (None)  crr=None  ps=None  recent=None
  ✓ score/wickets/overs match

[03:51:30  iter#1422]
  WS ERR: "Multiple exceptions: [Errno 61] Connect call failed ('::1', 8765, 0, 0), [Errno 61] Connect call failed ('127.0.0.1', 8765)"
  CB: None None-None (None)  crr=None  ps=None  recent=None
  ✓ score/wickets/overs match

[03:51:50  iter#1423]
  WS ERR: "Multiple exceptions: [Errno 61] Connect call failed ('::1', 8765, 0, 0), [Errno 61] Connect call failed ('127.0.0.1', 8765)"
  CB: None None-None (None)  crr=None  ps=None  recent=None
  ✓ score/wickets/overs match

[03:52:10  iter#1424]
  WS ERR: "Multiple exceptions: [Errno 61] Connect call failed ('::1', 8765, 0, 0), [Errno 61] Connect call failed ('127.0.0.1', 8765)"
  CB: None None-None (None)  crr=None  ps=None  recent=None
  ✓ score/wickets/overs match

[03:52:30  iter#1425]
  WS ERR: "Multiple exceptions: [Errno 61] Connect call failed ('::1', 8765, 0, 0), [Errno 61] Connect call failed ('127.0.0.1', 8765)"
  CB: None None-None (None)  crr=None  ps=None  recent=None
  ✓ score/wickets/overs match

[03:52:50  iter#1426]
  WS ERR: "Multiple exceptions: [Errno 61] Connect call failed ('::1', 8765, 0, 0), [Errno 61] Connect call failed ('127.0.0.1', 8765)"
  CB: None None-None (None)  crr=None  ps=None  recent=None
  ✓ score/wickets/overs match

[03:53:11  iter#1427]
  WS ERR: "Multiple exceptions: [Errno 61] Connect call failed ('::1', 8765, 0, 0), [Errno 61] Connect call failed ('127.0.0.1', 8765)"
  CB: None None-None (None)  crr=None  ps=None  recent=None
  ✓ score/wickets/overs match

[03:53:31  iter#1428]
  WS ERR: "Multiple exceptions: [Errno 61] Connect call failed ('::1', 8765, 0, 0), [Errno 61] Connect call failed ('127.0.0.1', 8765)"
  CB: None None-None (None)  crr=None  ps=None  recent=None
  ✓ score/wickets/overs match

[03:53:51  iter#1429]
  WS ERR: "Multiple exceptions: [Errno 61] Connect call failed ('::1', 8765, 0, 0), [Errno 61] Connect call failed ('127.0.0.1', 8765)"
  CB: None None-None (None)  crr=None  ps=None  recent=None
  ✓ score/wickets/overs match

[03:54:11  iter#1430]
  WS ERR: "Multiple exceptions: [Errno 61] Connect call failed ('::1', 8765, 0, 0), [Errno 61] Connect call failed ('127.0.0.1', 8765)"
  CB: None None-None (None)  crr=None  ps=None  recent=None
  ✓ score/wickets/overs match

[03:54:32  iter#1431]
  WS ERR: "Multiple exceptions: [Errno 61] Connect call failed ('::1', 8765, 0, 0), [Errno 61] Connect call failed ('127.0.0.1', 8765)"
  CB: None None-None (None)  crr=None  ps=None  recent=None
  ✓ score/wickets/overs match

[03:54:52  iter#1432]
  WS ERR: "Multiple exceptions: [Errno 61] Connect call failed ('::1', 8765, 0, 0), [Errno 61] Connect call failed ('127.0.0.1', 8765)"
  CB: None None-None (None)  crr=None  ps=None  recent=None
  ✓ score/wickets/overs match

[03:55:12  iter#1433]
  WS ERR: "Multiple exceptions: [Errno 61] Connect call failed ('::1', 8765, 0, 0), [Errno 61] Connect call failed ('127.0.0.1', 8765)"
  CB: None None-None (None)  crr=None  ps=None  recent=None
  ✓ score/wickets/overs match

[03:55:32  iter#1434]
  WS ERR: "Multiple exceptions: [Errno 61] Connect call failed ('::1', 8765, 0, 0), [Errno 61] Connect call failed ('127.0.0.1', 8765)"
  CB: None None-None (None)  crr=None  ps=None  recent=None
  ✓ score/wickets/overs match

[03:55:53  iter#1435]
  WS ERR: "Multiple exceptions: [Errno 61] Connect call failed ('::1', 8765, 0, 0), [Errno 61] Connect call failed ('127.0.0.1', 8765)"
  CB: None None-None (None)  crr=None  ps=None  recent=None
  ✓ score/wickets/overs match

[03:56:13  iter#1436]
  WS ERR: "Multiple exceptions: [Errno 61] Connect call failed ('::1', 8765, 0, 0), [Errno 61] Connect call failed ('127.0.0.1', 8765)"
  CB: None None-None (None)  crr=None  ps=None  recent=None
  ✓ score/wickets/overs match

[03:56:33  iter#1437]
  WS ERR: "Multiple exceptions: [Errno 61] Connect call failed ('::1', 8765, 0, 0), [Errno 61] Connect call failed ('127.0.0.1', 8765)"
  CB: None None-None (None)  crr=None  ps=None  recent=None
  ✓ score/wickets/overs match

[03:56:53  iter#1438]
  WS ERR: "Multiple exceptions: [Errno 61] Connect call failed ('::1', 8765, 0, 0), [Errno 61] Connect call failed ('127.0.0.1', 8765)"
  CB: None None-None (None)  crr=None  ps=None  recent=None
  ✓ score/wickets/overs match

[03:57:14  iter#1439]
  WS ERR: "Multiple exceptions: [Errno 61] Connect call failed ('::1', 8765, 0, 0), [Errno 61] Connect call failed ('127.0.0.1', 8765)"
  CB: None None-None (None)  crr=None  ps=None  recent=None
  ✓ score/wickets/overs match

[03:57:34  iter#1440]
  WS ERR: "Multiple exceptions: [Errno 61] Connect call failed ('::1', 8765, 0, 0), [Errno 61] Connect call failed ('127.0.0.1', 8765)"
  CB: None None-None (None)  crr=None  ps=None  recent=None
  ✓ score/wickets/overs match

[03:57:54  iter#1441]
  WS ERR: "Multiple exceptions: [Errno 61] Connect call failed ('::1', 8765, 0, 0), [Errno 61] Connect call failed ('127.0.0.1', 8765)"
  CB: None None-None (None)  crr=None  ps=None  recent=None
  ✓ score/wickets/overs match

[03:58:15  iter#1442]
  WS ERR: "Multiple exceptions: [Errno 61] Connect call failed ('::1', 8765, 0, 0), [Errno 61] Connect call failed ('127.0.0.1', 8765)"
  CB: None None-None (None)  crr=None  ps=None  recent=None
  ✓ score/wickets/overs match

[03:58:35  iter#1443]
  WS ERR: "Multiple exceptions: [Errno 61] Connect call failed ('::1', 8765, 0, 0), [Errno 61] Connect call failed ('127.0.0.1', 8765)"
  CB: None None-None (None)  crr=None  ps=None  recent=None
  ✓ score/wickets/overs match

[03:58:55  iter#1444]
  WS ERR: "Multiple exceptions: [Errno 61] Connect call failed ('::1', 8765, 0, 0), [Errno 61] Connect call failed ('127.0.0.1', 8765)"
  CB: None None-None (None)  crr=None  ps=None  recent=None
  ✓ score/wickets/overs match

[03:59:15  iter#1445]
  WS ERR: "Multiple exceptions: [Errno 61] Connect call failed ('::1', 8765, 0, 0), [Errno 61] Connect call failed ('127.0.0.1', 8765)"
  CB: None None-None (None)  crr=None  ps=None  recent=None
  ✓ score/wickets/overs match

[03:59:35  iter#1446]
  WS ERR: "Multiple exceptions: [Errno 61] Connect call failed ('::1', 8765, 0, 0), [Errno 61] Connect call failed ('127.0.0.1', 8765)"
  CB: None None-None (None)  crr=None  ps=None  recent=None
  ✓ score/wickets/overs match

[03:59:56  iter#1447]
  WS ERR: "Multiple exceptions: [Errno 61] Connect call failed ('::1', 8765, 0, 0), [Errno 61] Connect call failed ('127.0.0.1', 8765)"
  CB: None None-None (None)  crr=None  ps=None  recent=None
  ✓ score/wickets/overs match

[04:00:16  iter#1448]
  WS ERR: "Multiple exceptions: [Errno 61] Connect call failed ('::1', 8765, 0, 0), [Errno 61] Connect call failed ('127.0.0.1', 8765)"
  CB: None None-None (None)  crr=None  ps=None  recent=None
  ✓ score/wickets/overs match

[04:00:36  iter#1449]
  WS ERR: "Multiple exceptions: [Errno 61] Connect call failed ('::1', 8765, 0, 0), [Errno 61] Connect call failed ('127.0.0.1', 8765)"
  CB: None None-None (None)  crr=None  ps=None  recent=None
  ✓ score/wickets/overs match

[04:00:56  iter#1450]
  WS ERR: "Multiple exceptions: [Errno 61] Connect call failed ('::1', 8765, 0, 0), [Errno 61] Connect call failed ('127.0.0.1', 8765)"
  CB: None None-None (None)  crr=None  ps=None  recent=None
  ✓ score/wickets/overs match

[04:01:17  iter#1451]
  WS ERR: "Multiple exceptions: [Errno 61] Connect call failed ('::1', 8765, 0, 0), [Errno 61] Connect call failed ('127.0.0.1', 8765)"
  CB: None None-None (None)  crr=None  ps=None  recent=None
  ✓ score/wickets/overs match

[04:01:37  iter#1452]
  WS ERR: "Multiple exceptions: [Errno 61] Connect call failed ('::1', 8765, 0, 0), [Errno 61] Connect call failed ('127.0.0.1', 8765)"
  CB: None None-None (None)  crr=None  ps=None  recent=None
  ✓ score/wickets/overs match

[04:01:57  iter#1453]
  WS ERR: "Multiple exceptions: [Errno 61] Connect call failed ('::1', 8765, 0, 0), [Errno 61] Connect call failed ('127.0.0.1', 8765)"
  CB: None None-None (None)  crr=None  ps=None  recent=None
  ✓ score/wickets/overs match

[04:02:17  iter#1454]
  WS ERR: "Multiple exceptions: [Errno 61] Connect call failed ('::1', 8765, 0, 0), [Errno 61] Connect call failed ('127.0.0.1', 8765)"
  CB: None None-None (None)  crr=None  ps=None  recent=None
  ✓ score/wickets/overs match

[04:02:38  iter#1455]
  WS ERR: "Multiple exceptions: [Errno 61] Connect call failed ('::1', 8765, 0, 0), [Errno 61] Connect call failed ('127.0.0.1', 8765)"
  CB: None None-None (None)  crr=None  ps=None  recent=None
  ✓ score/wickets/overs match

[04:02:58  iter#1456]
  WS ERR: "Multiple exceptions: [Errno 61] Connect call failed ('::1', 8765, 0, 0), [Errno 61] Connect call failed ('127.0.0.1', 8765)"
  CB: None None-None (None)  crr=None  ps=None  recent=None
  ✓ score/wickets/overs match

[04:03:18  iter#1457]
  WS ERR: "Multiple exceptions: [Errno 61] Connect call failed ('::1', 8765, 0, 0), [Errno 61] Connect call failed ('127.0.0.1', 8765)"
  CB: None None-None (None)  crr=None  ps=None  recent=None
  ✓ score/wickets/overs match

[04:03:38  iter#1458]
  WS ERR: "Multiple exceptions: [Errno 61] Connect call failed ('::1', 8765, 0, 0), [Errno 61] Connect call failed ('127.0.0.1', 8765)"
  CB: None None-None (None)  crr=None  ps=None  recent=None
  ✓ score/wickets/overs match

[04:03:59  iter#1459]
  WS ERR: "Multiple exceptions: [Errno 61] Connect call failed ('::1', 8765, 0, 0), [Errno 61] Connect call failed ('127.0.0.1', 8765)"
  CB: None None-None (None)  crr=None  ps=None  recent=None
  ✓ score/wickets/overs match

[04:04:19  iter#1460]
  WS ERR: "Multiple exceptions: [Errno 61] Connect call failed ('::1', 8765, 0, 0), [Errno 61] Connect call failed ('127.0.0.1', 8765)"
  CB: None None-None (None)  crr=None  ps=None  recent=None
  ✓ score/wickets/overs match

[04:04:39  iter#1461]
  WS ERR: "Multiple exceptions: [Errno 61] Connect call failed ('::1', 8765, 0, 0), [Errno 61] Connect call failed ('127.0.0.1', 8765)"
  CB: None None-None (None)  crr=None  ps=None  recent=None
  ✓ score/wickets/overs match

[04:04:59  iter#1462]
  WS ERR: "Multiple exceptions: [Errno 61] Connect call failed ('::1', 8765, 0, 0), [Errno 61] Connect call failed ('127.0.0.1', 8765)"
  CB: None None-None (None)  crr=None  ps=None  recent=None
  ✓ score/wickets/overs match

[04:05:19  iter#1463]
  WS ERR: "Multiple exceptions: [Errno 61] Connect call failed ('::1', 8765, 0, 0), [Errno 61] Connect call failed ('127.0.0.1', 8765)"
  CB: None None-None (None)  crr=None  ps=None  recent=None
  ✓ score/wickets/overs match

[04:05:40  iter#1464]
  WS ERR: "Multiple exceptions: [Errno 61] Connect call failed ('::1', 8765, 0, 0), [Errno 61] Connect call failed ('127.0.0.1', 8765)"
  CB: None None-None (None)  crr=None  ps=None  recent=None
  ✓ score/wickets/overs match

[04:06:00  iter#1465]
  WS ERR: "Multiple exceptions: [Errno 61] Connect call failed ('::1', 8765, 0, 0), [Errno 61] Connect call failed ('127.0.0.1', 8765)"
  CB: None None-None (None)  crr=None  ps=None  recent=None
  ✓ score/wickets/overs match

[04:06:20  iter#1466]
  WS ERR: "Multiple exceptions: [Errno 61] Connect call failed ('::1', 8765, 0, 0), [Errno 61] Connect call failed ('127.0.0.1', 8765)"
  CB: None None-None (None)  crr=None  ps=None  recent=None
  ✓ score/wickets/overs match

[04:06:40  iter#1467]
  WS ERR: "Multiple exceptions: [Errno 61] Connect call failed ('::1', 8765, 0, 0), [Errno 61] Connect call failed ('127.0.0.1', 8765)"
  CB: None None-None (None)  crr=None  ps=None  recent=None
  ✓ score/wickets/overs match

[04:07:01  iter#1468]
  WS ERR: "Multiple exceptions: [Errno 61] Connect call failed ('::1', 8765, 0, 0), [Errno 61] Connect call failed ('127.0.0.1', 8765)"
  CB: None None-None (None)  crr=None  ps=None  recent=None
  ✓ score/wickets/overs match

[04:07:21  iter#1469]
  WS ERR: "Multiple exceptions: [Errno 61] Connect call failed ('::1', 8765, 0, 0), [Errno 61] Connect call failed ('127.0.0.1', 8765)"
  CB: None None-None (None)  crr=None  ps=None  recent=None
  ✓ score/wickets/overs match

[04:07:41  iter#1470]
  WS ERR: "Multiple exceptions: [Errno 61] Connect call failed ('::1', 8765, 0, 0), [Errno 61] Connect call failed ('127.0.0.1', 8765)"
  CB: None None-None (None)  crr=None  ps=None  recent=None
  ✓ score/wickets/overs match

[04:08:01  iter#1471]
  WS ERR: "Multiple exceptions: [Errno 61] Connect call failed ('::1', 8765, 0, 0), [Errno 61] Connect call failed ('127.0.0.1', 8765)"
  CB: None None-None (None)  crr=None  ps=None  recent=None
  ✓ score/wickets/overs match

[04:08:21  iter#1472]
  WS ERR: "Multiple exceptions: [Errno 61] Connect call failed ('::1', 8765, 0, 0), [Errno 61] Connect call failed ('127.0.0.1', 8765)"
  CB: None None-None (None)  crr=None  ps=None  recent=None
  ✓ score/wickets/overs match

[04:08:42  iter#1473]
  WS ERR: "Multiple exceptions: [Errno 61] Connect call failed ('::1', 8765, 0, 0), [Errno 61] Connect call failed ('127.0.0.1', 8765)"
  CB: None None-None (None)  crr=None  ps=None  recent=None
  ✓ score/wickets/overs match

[04:09:02  iter#1474]
  WS ERR: "Multiple exceptions: [Errno 61] Connect call failed ('::1', 8765, 0, 0), [Errno 61] Connect call failed ('127.0.0.1', 8765)"
  CB: None None-None (None)  crr=None  ps=None  recent=None
  ✓ score/wickets/overs match

[04:09:22  iter#1475]
  WS ERR: "Multiple exceptions: [Errno 61] Connect call failed ('::1', 8765, 0, 0), [Errno 61] Connect call failed ('127.0.0.1', 8765)"
  CB: None None-None (None)  crr=None  ps=None  recent=None
  ✓ score/wickets/overs match

[04:09:42  iter#1476]
  WS ERR: "Multiple exceptions: [Errno 61] Connect call failed ('::1', 8765, 0, 0), [Errno 61] Connect call failed ('127.0.0.1', 8765)"
  CB: None None-None (None)  crr=None  ps=None  recent=None
  ✓ score/wickets/overs match

[04:10:03  iter#1477]
  WS ERR: "Multiple exceptions: [Errno 61] Connect call failed ('::1', 8765, 0, 0), [Errno 61] Connect call failed ('127.0.0.1', 8765)"
  CB: None None-None (None)  crr=None  ps=None  recent=None
  ✓ score/wickets/overs match

[04:10:23  iter#1478]
  WS ERR: "Multiple exceptions: [Errno 61] Connect call failed ('::1', 8765, 0, 0), [Errno 61] Connect call failed ('127.0.0.1', 8765)"
  CB: None None-None (None)  crr=None  ps=None  recent=None
  ✓ score/wickets/overs match

[04:10:43  iter#1479]
  WS ERR: "Multiple exceptions: [Errno 61] Connect call failed ('::1', 8765, 0, 0), [Errno 61] Connect call failed ('127.0.0.1', 8765)"
  CB: None None-None (None)  crr=None  ps=None  recent=None
  ✓ score/wickets/overs match

[04:11:03  iter#1480]
  WS ERR: "Multiple exceptions: [Errno 61] Connect call failed ('::1', 8765, 0, 0), [Errno 61] Connect call failed ('127.0.0.1', 8765)"
  CB: None None-None (None)  crr=None  ps=None  recent=None
  ✓ score/wickets/overs match

[04:11:23  iter#1481]
  WS ERR: "Multiple exceptions: [Errno 61] Connect call failed ('::1', 8765, 0, 0), [Errno 61] Connect call failed ('127.0.0.1', 8765)"
  CB: None None-None (None)  crr=None  ps=None  recent=None
  ✓ score/wickets/overs match

[04:11:44  iter#1482]
  WS ERR: "Multiple exceptions: [Errno 61] Connect call failed ('::1', 8765, 0, 0), [Errno 61] Connect call failed ('127.0.0.1', 8765)"
  CB: None None-None (None)  crr=None  ps=None  recent=None
  ✓ score/wickets/overs match

[04:12:04  iter#1483]
  WS ERR: "Multiple exceptions: [Errno 61] Connect call failed ('::1', 8765, 0, 0), [Errno 61] Connect call failed ('127.0.0.1', 8765)"
  CB: None None-None (None)  crr=None  ps=None  recent=None
  ✓ score/wickets/overs match

[04:12:24  iter#1484]
  WS ERR: "Multiple exceptions: [Errno 61] Connect call failed ('::1', 8765, 0, 0), [Errno 61] Connect call failed ('127.0.0.1', 8765)"
  CB: None None-None (None)  crr=None  ps=None  recent=None
  ✓ score/wickets/overs match

[04:12:44  iter#1485]
  WS ERR: "Multiple exceptions: [Errno 61] Connect call failed ('::1', 8765, 0, 0), [Errno 61] Connect call failed ('127.0.0.1', 8765)"
  CB: None None-None (None)  crr=None  ps=None  recent=None
  ✓ score/wickets/overs match

[04:13:04  iter#1486]
  WS ERR: "Multiple exceptions: [Errno 61] Connect call failed ('::1', 8765, 0, 0), [Errno 61] Connect call failed ('127.0.0.1', 8765)"
  CB: None None-None (None)  crr=None  ps=None  recent=None
  ✓ score/wickets/overs match

[04:13:25  iter#1487]
  WS ERR: "Multiple exceptions: [Errno 61] Connect call failed ('::1', 8765, 0, 0), [Errno 61] Connect call failed ('127.0.0.1', 8765)"
  CB: None None-None (None)  crr=None  ps=None  recent=None
  ✓ score/wickets/overs match

[04:13:45  iter#1488]
  WS ERR: "Multiple exceptions: [Errno 61] Connect call failed ('::1', 8765, 0, 0), [Errno 61] Connect call failed ('127.0.0.1', 8765)"
  CB: None None-None (None)  crr=None  ps=None  recent=None
  ✓ score/wickets/overs match

[04:14:05  iter#1489]
  WS ERR: "Multiple exceptions: [Errno 61] Connect call failed ('::1', 8765, 0, 0), [Errno 61] Connect call failed ('127.0.0.1', 8765)"
  CB: None None-None (None)  crr=None  ps=None  recent=None
  ✓ score/wickets/overs match

[04:14:25  iter#1490]
  WS ERR: "Multiple exceptions: [Errno 61] Connect call failed ('::1', 8765, 0, 0), [Errno 61] Connect call failed ('127.0.0.1', 8765)"
  CB: None None-None (None)  crr=None  ps=None  recent=None
  ✓ score/wickets/overs match

[04:14:46  iter#1491]
  WS ERR: "Multiple exceptions: [Errno 61] Connect call failed ('::1', 8765, 0, 0), [Errno 61] Connect call failed ('127.0.0.1', 8765)"
  CB: None None-None (None)  crr=None  ps=None  recent=None
  ✓ score/wickets/overs match

[04:15:06  iter#1492]
  WS ERR: "Multiple exceptions: [Errno 61] Connect call failed ('::1', 8765, 0, 0), [Errno 61] Connect call failed ('127.0.0.1', 8765)"
  CB: None None-None (None)  crr=None  ps=None  recent=None
  ✓ score/wickets/overs match

[04:15:26  iter#1493]
  WS ERR: "Multiple exceptions: [Errno 61] Connect call failed ('::1', 8765, 0, 0), [Errno 61] Connect call failed ('127.0.0.1', 8765)"
  CB: None None-None (None)  crr=None  ps=None  recent=None
  ✓ score/wickets/overs match

[04:15:46  iter#1494]
  WS ERR: "Multiple exceptions: [Errno 61] Connect call failed ('::1', 8765, 0, 0), [Errno 61] Connect call failed ('127.0.0.1', 8765)"
  CB: None None-None (None)  crr=None  ps=None  recent=None
  ✓ score/wickets/overs match

[04:16:07  iter#1495]
  WS ERR: "Multiple exceptions: [Errno 61] Connect call failed ('::1', 8765, 0, 0), [Errno 61] Connect call failed ('127.0.0.1', 8765)"
  CB: None None-None (None)  crr=None  ps=None  recent=None
  ✓ score/wickets/overs match

[04:16:27  iter#1496]
  WS ERR: "Multiple exceptions: [Errno 61] Connect call failed ('::1', 8765, 0, 0), [Errno 61] Connect call failed ('127.0.0.1', 8765)"
  CB: None None-None (None)  crr=None  ps=None  recent=None
  ✓ score/wickets/overs match

[04:16:47  iter#1497]
  WS ERR: "Multiple exceptions: [Errno 61] Connect call failed ('::1', 8765, 0, 0), [Errno 61] Connect call failed ('127.0.0.1', 8765)"
  CB: None None-None (None)  crr=None  ps=None  recent=None
  ✓ score/wickets/overs match

[04:17:07  iter#1498]
  WS ERR: "Multiple exceptions: [Errno 61] Connect call failed ('::1', 8765, 0, 0), [Errno 61] Connect call failed ('127.0.0.1', 8765)"
  CB: None None-None (None)  crr=None  ps=None  recent=None
  ✓ score/wickets/overs match

[04:17:28  iter#1499]
  WS ERR: "Multiple exceptions: [Errno 61] Connect call failed ('::1', 8765, 0, 0), [Errno 61] Connect call failed ('127.0.0.1', 8765)"
  CB: None None-None (None)  crr=None  ps=None  recent=None
  ✓ score/wickets/overs match

[04:17:48  iter#1500]
  WS ERR: "Multiple exceptions: [Errno 61] Connect call failed ('::1', 8765, 0, 0), [Errno 61] Connect call failed ('127.0.0.1', 8765)"
  CB: None None-None (None)  crr=None  ps=None  recent=None
  ✓ score/wickets/overs match

[04:18:08  iter#1501]
  WS ERR: "Multiple exceptions: [Errno 61] Connect call failed ('::1', 8765, 0, 0), [Errno 61] Connect call failed ('127.0.0.1', 8765)"
  CB: None None-None (None)  crr=None  ps=None  recent=None
  ✓ score/wickets/overs match

[04:18:28  iter#1502]
  WS ERR: "Multiple exceptions: [Errno 61] Connect call failed ('::1', 8765, 0, 0), [Errno 61] Connect call failed ('127.0.0.1', 8765)"
  CB: None None-None (None)  crr=None  ps=None  recent=None
  ✓ score/wickets/overs match

[04:18:49  iter#1503]
  WS ERR: "Multiple exceptions: [Errno 61] Connect call failed ('::1', 8765, 0, 0), [Errno 61] Connect call failed ('127.0.0.1', 8765)"
  CB: None None-None (None)  crr=None  ps=None  recent=None
  ✓ score/wickets/overs match

[04:19:10  iter#1504]
  WS ERR: "Multiple exceptions: [Errno 61] Connect call failed ('::1', 8765, 0, 0), [Errno 61] Connect call failed ('127.0.0.1', 8765)"
  CB: None None-None (None)  crr=None  ps=None  recent=None
  ✓ score/wickets/overs match

[04:19:31  iter#1505]
  WS ERR: "Multiple exceptions: [Errno 61] Connect call failed ('::1', 8765, 0, 0), [Errno 61] Connect call failed ('127.0.0.1', 8765)"
  CB: None None-None (None)  crr=None  ps=None  recent=None
  ✓ score/wickets/overs match

[04:19:51  iter#1506]
  WS ERR: "Multiple exceptions: [Errno 61] Connect call failed ('::1', 8765, 0, 0), [Errno 61] Connect call failed ('127.0.0.1', 8765)"
  CB: None None-None (None)  crr=None  ps=None  recent=None
  ✓ score/wickets/overs match

[04:20:13  iter#1507]
  WS ERR: "Multiple exceptions: [Errno 61] Connect call failed ('::1', 8765, 0, 0), [Errno 61] Connect call failed ('127.0.0.1', 8765)"
  CB: None None-None (None)  crr=None  ps=None  recent=None
  ✓ score/wickets/overs match

[04:20:33  iter#1508]
  WS ERR: "Multiple exceptions: [Errno 61] Connect call failed ('::1', 8765, 0, 0), [Errno 61] Connect call failed ('127.0.0.1', 8765)"
  CB: None None-None (None)  crr=None  ps=None  recent=None
  ✓ score/wickets/overs match

[04:20:53  iter#1509]
  WS ERR: "Multiple exceptions: [Errno 61] Connect call failed ('::1', 8765, 0, 0), [Errno 61] Connect call failed ('127.0.0.1', 8765)"
  CB: None None-None (None)  crr=None  ps=None  recent=None
  ✓ score/wickets/overs match

[04:21:14  iter#1510]
  WS ERR: "Multiple exceptions: [Errno 61] Connect call failed ('::1', 8765, 0, 0), [Errno 61] Connect call failed ('127.0.0.1', 8765)"
  CB: None None-None (None)  crr=None  ps=None  recent=None
  ✓ score/wickets/overs match

[04:21:34  iter#1511]
  WS ERR: "Multiple exceptions: [Errno 61] Connect call failed ('::1', 8765, 0, 0), [Errno 61] Connect call failed ('127.0.0.1', 8765)"
  CB: None None-None (None)  crr=None  ps=None  recent=None
  ✓ score/wickets/overs match

[04:21:54  iter#1512]
  WS ERR: "Multiple exceptions: [Errno 61] Connect call failed ('::1', 8765, 0, 0), [Errno 61] Connect call failed ('127.0.0.1', 8765)"
  CB: None None-None (None)  crr=None  ps=None  recent=None
  ✓ score/wickets/overs match

[04:22:15  iter#1513]
  WS ERR: "Multiple exceptions: [Errno 61] Connect call failed ('::1', 8765, 0, 0), [Errno 61] Connect call failed ('127.0.0.1', 8765)"
  CB: None None-None (None)  crr=None  ps=None  recent=None
  ✓ score/wickets/overs match

[04:22:36  iter#1514]
  WS ERR: "Multiple exceptions: [Errno 61] Connect call failed ('::1', 8765, 0, 0), [Errno 61] Connect call failed ('127.0.0.1', 8765)"
  CB: None None-None (None)  crr=None  ps=None  recent=None
  ✓ score/wickets/overs match

[04:22:56  iter#1515]
  WS ERR: "Multiple exceptions: [Errno 61] Connect call failed ('::1', 8765, 0, 0), [Errno 61] Connect call failed ('127.0.0.1', 8765)"
  CB: None None-None (None)  crr=None  ps=None  recent=None
  ✓ score/wickets/overs match

[04:23:16  iter#1516]
  WS ERR: "Multiple exceptions: [Errno 61] Connect call failed ('::1', 8765, 0, 0), [Errno 61] Connect call failed ('127.0.0.1', 8765)"
  CB: None None-None (None)  crr=None  ps=None  recent=None
  ✓ score/wickets/overs match

[04:23:36  iter#1517]
  WS ERR: "Multiple exceptions: [Errno 61] Connect call failed ('::1', 8765, 0, 0), [Errno 61] Connect call failed ('127.0.0.1', 8765)"
  CB: None None-None (None)  crr=None  ps=None  recent=None
  ✓ score/wickets/overs match

[04:23:56  iter#1518]
  WS ERR: "Multiple exceptions: [Errno 61] Connect call failed ('::1', 8765, 0, 0), [Errno 61] Connect call failed ('127.0.0.1', 8765)"
  CB: None None-None (None)  crr=None  ps=None  recent=None
  ✓ score/wickets/overs match

[04:24:16  iter#1519]
  WS ERR: "Multiple exceptions: [Errno 61] Connect call failed ('::1', 8765, 0, 0), [Errno 61] Connect call failed ('127.0.0.1', 8765)"
  CB: None None-None (None)  crr=None  ps=None  recent=None
  ✓ score/wickets/overs match

[04:24:38  iter#1520]
  WS ERR: "Multiple exceptions: [Errno 61] Connect call failed ('::1', 8765, 0, 0), [Errno 61] Connect call failed ('127.0.0.1', 8765)"
  CB: None None-None (None)  crr=None  ps=None  recent=None
  ✓ score/wickets/overs match

[04:24:58  iter#1521]
  WS ERR: "Multiple exceptions: [Errno 61] Connect call failed ('::1', 8765, 0, 0), [Errno 61] Connect call failed ('127.0.0.1', 8765)"
  CB: None None-None (None)  crr=None  ps=None  recent=None
  ✓ score/wickets/overs match

[04:25:19  iter#1522]
  WS ERR: "Multiple exceptions: [Errno 61] Connect call failed ('::1', 8765, 0, 0), [Errno 61] Connect call failed ('127.0.0.1', 8765)"
  CB: None None-None (None)  crr=None  ps=None  recent=None
  ✓ score/wickets/overs match

[04:25:39  iter#1523]
  WS ERR: "Multiple exceptions: [Errno 61] Connect call failed ('::1', 8765, 0, 0), [Errno 61] Connect call failed ('127.0.0.1', 8765)"
  CB: None None-None (None)  crr=None  ps=None  recent=None
  ✓ score/wickets/overs match

[04:25:59  iter#1524]
  WS ERR: "Multiple exceptions: [Errno 61] Connect call failed ('::1', 8765, 0, 0), [Errno 61] Connect call failed ('127.0.0.1', 8765)"
  CB: None None-None (None)  crr=None  ps=None  recent=None
  ✓ score/wickets/overs match

[04:26:20  iter#1525]
  WS ERR: "Multiple exceptions: [Errno 61] Connect call failed ('::1', 8765, 0, 0), [Errno 61] Connect call failed ('127.0.0.1', 8765)"
  CB: None None-None (None)  crr=None  ps=None  recent=None
  ✓ score/wickets/overs match

[04:26:40  iter#1526]
  WS ERR: "Multiple exceptions: [Errno 61] Connect call failed ('::1', 8765, 0, 0), [Errno 61] Connect call failed ('127.0.0.1', 8765)"
  CB: None None-None (None)  crr=None  ps=None  recent=None
  ✓ score/wickets/overs match

[04:27:01  iter#1527]
  WS ERR: "Multiple exceptions: [Errno 61] Connect call failed ('::1', 8765, 0, 0), [Errno 61] Connect call failed ('127.0.0.1', 8765)"
  CB: None None-None (None)  crr=None  ps=None  recent=None
  ✓ score/wickets/overs match

[04:27:21  iter#1528]
  WS ERR: "Multiple exceptions: [Errno 61] Connect call failed ('::1', 8765, 0, 0), [Errno 61] Connect call failed ('127.0.0.1', 8765)"
  CB: None None-None (None)  crr=None  ps=None  recent=None
  ✓ score/wickets/overs match

[04:27:41  iter#1529]
  WS ERR: "Multiple exceptions: [Errno 61] Connect call failed ('::1', 8765, 0, 0), [Errno 61] Connect call failed ('127.0.0.1', 8765)"
  CB: None None-None (None)  crr=None  ps=None  recent=None
  ✓ score/wickets/overs match

[04:28:01  iter#1530]
  WS ERR: "Multiple exceptions: [Errno 61] Connect call failed ('::1', 8765, 0, 0), [Errno 61] Connect call failed ('127.0.0.1', 8765)"
  CB: None None-None (None)  crr=None  ps=None  recent=None
  ✓ score/wickets/overs match

[04:28:22  iter#1531]
  WS ERR: "Multiple exceptions: [Errno 61] Connect call failed ('::1', 8765, 0, 0), [Errno 61] Connect call failed ('127.0.0.1', 8765)"
  CB: None None-None (None)  crr=None  ps=None  recent=None
  ✓ score/wickets/overs match

[04:28:42  iter#1532]
  WS ERR: "Multiple exceptions: [Errno 61] Connect call failed ('::1', 8765, 0, 0), [Errno 61] Connect call failed ('127.0.0.1', 8765)"
  CB: None None-None (None)  crr=None  ps=None  recent=None
  ✓ score/wickets/overs match

[04:29:02  iter#1533]
  WS ERR: "Multiple exceptions: [Errno 61] Connect call failed ('::1', 8765, 0, 0), [Errno 61] Connect call failed ('127.0.0.1', 8765)"
  CB: None None-None (None)  crr=None  ps=None  recent=None
  ✓ score/wickets/overs match

[04:29:23  iter#1534]
  WS ERR: "Multiple exceptions: [Errno 61] Connect call failed ('::1', 8765, 0, 0), [Errno 61] Connect call failed ('127.0.0.1', 8765)"
  CB: None None-None (None)  crr=None  ps=None  recent=None
  ✓ score/wickets/overs match

[04:29:43  iter#1535]
  WS ERR: "Multiple exceptions: [Errno 61] Connect call failed ('::1', 8765, 0, 0), [Errno 61] Connect call failed ('127.0.0.1', 8765)"
  CB: None None-None (None)  crr=None  ps=None  recent=None
  ✓ score/wickets/overs match

[04:30:04  iter#1536]
  WS ERR: "Multiple exceptions: [Errno 61] Connect call failed ('::1', 8765, 0, 0), [Errno 61] Connect call failed ('127.0.0.1', 8765)"
  CB: None None-None (None)  crr=None  ps=None  recent=None
  ✓ score/wickets/overs match

[04:30:25  iter#1537]
  WS ERR: "Multiple exceptions: [Errno 61] Connect call failed ('::1', 8765, 0, 0), [Errno 61] Connect call failed ('127.0.0.1', 8765)"
  CB: None None-None (None)  crr=None  ps=None  recent=None
  ✓ score/wickets/overs match

[04:30:45  iter#1538]
  WS ERR: "Multiple exceptions: [Errno 61] Connect call failed ('::1', 8765, 0, 0), [Errno 61] Connect call failed ('127.0.0.1', 8765)"
  CB: None None-None (None)  crr=None  ps=None  recent=None
  ✓ score/wickets/overs match

[04:31:06  iter#1539]
  WS ERR: "Multiple exceptions: [Errno 61] Connect call failed ('::1', 8765, 0, 0), [Errno 61] Connect call failed ('127.0.0.1', 8765)"
  CB: None None-None (None)  crr=None  ps=None  recent=None
  ✓ score/wickets/overs match

[04:31:26  iter#1540]
  WS ERR: "Multiple exceptions: [Errno 61] Connect call failed ('::1', 8765, 0, 0), [Errno 61] Connect call failed ('127.0.0.1', 8765)"
  CB: None None-None (None)  crr=None  ps=None  recent=None
  ✓ score/wickets/overs match

[04:31:46  iter#1541]
  WS ERR: "Multiple exceptions: [Errno 61] Connect call failed ('::1', 8765, 0, 0), [Errno 61] Connect call failed ('127.0.0.1', 8765)"
  CB: None None-None (None)  crr=None  ps=None  recent=None
  ✓ score/wickets/overs match

[04:32:07  iter#1542]
  WS ERR: "Multiple exceptions: [Errno 61] Connect call failed ('::1', 8765, 0, 0), [Errno 61] Connect call failed ('127.0.0.1', 8765)"
  CB: None None-None (None)  crr=None  ps=None  recent=None
  ✓ score/wickets/overs match

[04:32:27  iter#1543]
  WS ERR: "Multiple exceptions: [Errno 61] Connect call failed ('::1', 8765, 0, 0), [Errno 61] Connect call failed ('127.0.0.1', 8765)"
  CB: None None-None (None)  crr=None  ps=None  recent=None
  ✓ score/wickets/overs match

[04:32:47  iter#1544]
  WS ERR: "Multiple exceptions: [Errno 61] Connect call failed ('::1', 8765, 0, 0), [Errno 61] Connect call failed ('127.0.0.1', 8765)"
  CB: None None-None (None)  crr=None  ps=None  recent=None
  ✓ score/wickets/overs match

[04:33:08  iter#1545]
  WS ERR: "Multiple exceptions: [Errno 61] Connect call failed ('::1', 8765, 0, 0), [Errno 61] Connect call failed ('127.0.0.1', 8765)"
  CB: None None-None (None)  crr=None  ps=None  recent=None
  ✓ score/wickets/overs match

[04:33:28  iter#1546]
  WS ERR: "Multiple exceptions: [Errno 61] Connect call failed ('::1', 8765, 0, 0), [Errno 61] Connect call failed ('127.0.0.1', 8765)"
  CB: None None-None (None)  crr=None  ps=None  recent=None
  ✓ score/wickets/overs match

[04:33:48  iter#1547]
  WS ERR: "Multiple exceptions: [Errno 61] Connect call failed ('::1', 8765, 0, 0), [Errno 61] Connect call failed ('127.0.0.1', 8765)"
  CB: None None-None (None)  crr=None  ps=None  recent=None
  ✓ score/wickets/overs match

[04:34:09  iter#1548]
  WS ERR: "Multiple exceptions: [Errno 61] Connect call failed ('::1', 8765, 0, 0), [Errno 61] Connect call failed ('127.0.0.1', 8765)"
  CB: None None-None (None)  crr=None  ps=None  recent=None
  ✓ score/wickets/overs match

[04:34:29  iter#1549]
  WS ERR: "Multiple exceptions: [Errno 61] Connect call failed ('::1', 8765, 0, 0), [Errno 61] Connect call failed ('127.0.0.1', 8765)"
  CB: None None-None (None)  crr=None  ps=None  recent=None
  ✓ score/wickets/overs match

[04:34:49  iter#1550]
  WS ERR: "Multiple exceptions: [Errno 61] Connect call failed ('::1', 8765, 0, 0), [Errno 61] Connect call failed ('127.0.0.1', 8765)"
  CB: None None-None (None)  crr=None  ps=None  recent=None
  ✓ score/wickets/overs match

[04:35:09  iter#1551]
  WS ERR: "Multiple exceptions: [Errno 61] Connect call failed ('::1', 8765, 0, 0), [Errno 61] Connect call failed ('127.0.0.1', 8765)"
  CB: None None-None (None)  crr=None  ps=None  recent=None
  ✓ score/wickets/overs match

[04:35:29  iter#1552]
  WS ERR: "Multiple exceptions: [Errno 61] Connect call failed ('::1', 8765, 0, 0), [Errno 61] Connect call failed ('127.0.0.1', 8765)"
  CB: None None-None (None)  crr=None  ps=None  recent=None
  ✓ score/wickets/overs match

[04:35:50  iter#1553]
  WS ERR: "Multiple exceptions: [Errno 61] Connect call failed ('::1', 8765, 0, 0), [Errno 61] Connect call failed ('127.0.0.1', 8765)"
  CB: None None-None (None)  crr=None  ps=None  recent=None
  ✓ score/wickets/overs match

[04:36:10  iter#1554]
  WS ERR: "Multiple exceptions: [Errno 61] Connect call failed ('::1', 8765, 0, 0), [Errno 61] Connect call failed ('127.0.0.1', 8765)"
  CB: None None-None (None)  crr=None  ps=None  recent=None
  ✓ score/wickets/overs match

[04:36:30  iter#1555]
  WS ERR: "Multiple exceptions: [Errno 61] Connect call failed ('::1', 8765, 0, 0), [Errno 61] Connect call failed ('127.0.0.1', 8765)"
  CB: None None-None (None)  crr=None  ps=None  recent=None
  ✓ score/wickets/overs match

[04:36:50  iter#1556]
  WS ERR: "Multiple exceptions: [Errno 61] Connect call failed ('::1', 8765, 0, 0), [Errno 61] Connect call failed ('127.0.0.1', 8765)"
  CB: None None-None (None)  crr=None  ps=None  recent=None
  ✓ score/wickets/overs match

[04:37:10  iter#1557]
  WS ERR: "Multiple exceptions: [Errno 61] Connect call failed ('::1', 8765, 0, 0), [Errno 61] Connect call failed ('127.0.0.1', 8765)"
  CB: None None-None (None)  crr=None  ps=None  recent=None
  ✓ score/wickets/overs match

[04:37:30  iter#1558]
  WS ERR: "Multiple exceptions: [Errno 61] Connect call failed ('::1', 8765, 0, 0), [Errno 61] Connect call failed ('127.0.0.1', 8765)"
  CB: None None-None (None)  crr=None  ps=None  recent=None
  ✓ score/wickets/overs match

[04:37:51  iter#1559]
  WS ERR: "Multiple exceptions: [Errno 61] Connect call failed ('::1', 8765, 0, 0), [Errno 61] Connect call failed ('127.0.0.1', 8765)"
  CB: None None-None (None)  crr=None  ps=None  recent=None
  ✓ score/wickets/overs match

[04:38:11  iter#1560]
  WS ERR: "Multiple exceptions: [Errno 61] Connect call failed ('::1', 8765, 0, 0), [Errno 61] Connect call failed ('127.0.0.1', 8765)"
  CB: None None-None (None)  crr=None  ps=None  recent=None
  ✓ score/wickets/overs match

[04:38:31  iter#1561]
  WS ERR: "Multiple exceptions: [Errno 61] Connect call failed ('::1', 8765, 0, 0), [Errno 61] Connect call failed ('127.0.0.1', 8765)"
  CB: None None-None (None)  crr=None  ps=None  recent=None
  ✓ score/wickets/overs match

[04:38:52  iter#1562]
  WS ERR: "Multiple exceptions: [Errno 61] Connect call failed ('::1', 8765, 0, 0), [Errno 61] Connect call failed ('127.0.0.1', 8765)"
  CB: None None-None (None)  crr=None  ps=None  recent=None
  ✓ score/wickets/overs match

[04:39:12  iter#1563]
  WS ERR: "Multiple exceptions: [Errno 61] Connect call failed ('::1', 8765, 0, 0), [Errno 61] Connect call failed ('127.0.0.1', 8765)"
  CB: None None-None (None)  crr=None  ps=None  recent=None
  ✓ score/wickets/overs match

[04:39:32  iter#1564]
  WS ERR: "Multiple exceptions: [Errno 61] Connect call failed ('::1', 8765, 0, 0), [Errno 61] Connect call failed ('127.0.0.1', 8765)"
  CB: None None-None (None)  crr=None  ps=None  recent=None
  ✓ score/wickets/overs match

[04:39:52  iter#1565]
  WS ERR: "Multiple exceptions: [Errno 61] Connect call failed ('::1', 8765, 0, 0), [Errno 61] Connect call failed ('127.0.0.1', 8765)"
  CB: None None-None (None)  crr=None  ps=None  recent=None
  ✓ score/wickets/overs match

[04:40:13  iter#1566]
  WS ERR: "Multiple exceptions: [Errno 61] Connect call failed ('::1', 8765, 0, 0), [Errno 61] Connect call failed ('127.0.0.1', 8765)"
  CB: None None-None (None)  crr=None  ps=None  recent=None
  ✓ score/wickets/overs match

[04:40:33  iter#1567]
  WS ERR: "Multiple exceptions: [Errno 61] Connect call failed ('::1', 8765, 0, 0), [Errno 61] Connect call failed ('127.0.0.1', 8765)"
  CB: None None-None (None)  crr=None  ps=None  recent=None
  ✓ score/wickets/overs match

[04:40:53  iter#1568]
  WS ERR: "Multiple exceptions: [Errno 61] Connect call failed ('::1', 8765, 0, 0), [Errno 61] Connect call failed ('127.0.0.1', 8765)"
  CB: None None-None (None)  crr=None  ps=None  recent=None
  ✓ score/wickets/overs match

[04:41:14  iter#1569]
  WS ERR: "Multiple exceptions: [Errno 61] Connect call failed ('::1', 8765, 0, 0), [Errno 61] Connect call failed ('127.0.0.1', 8765)"
  CB: None None-None (None)  crr=None  ps=None  recent=None
  ✓ score/wickets/overs match

[04:41:34  iter#1570]
  WS ERR: "Multiple exceptions: [Errno 61] Connect call failed ('::1', 8765, 0, 0), [Errno 61] Connect call failed ('127.0.0.1', 8765)"
  CB: None None-None (None)  crr=None  ps=None  recent=None
  ✓ score/wickets/overs match

[04:41:54  iter#1571]
  WS ERR: "Multiple exceptions: [Errno 61] Connect call failed ('::1', 8765, 0, 0), [Errno 61] Connect call failed ('127.0.0.1', 8765)"
  CB: None None-None (None)  crr=None  ps=None  recent=None
  ✓ score/wickets/overs match

[04:42:14  iter#1572]
  WS ERR: "Multiple exceptions: [Errno 61] Connect call failed ('::1', 8765, 0, 0), [Errno 61] Connect call failed ('127.0.0.1', 8765)"
  CB: None None-None (None)  crr=None  ps=None  recent=None
  ✓ score/wickets/overs match

[04:42:34  iter#1573]
  WS ERR: "Multiple exceptions: [Errno 61] Connect call failed ('::1', 8765, 0, 0), [Errno 61] Connect call failed ('127.0.0.1', 8765)"
  CB: None None-None (None)  crr=None  ps=None  recent=None
  ✓ score/wickets/overs match

[04:42:55  iter#1574]
  WS ERR: "Multiple exceptions: [Errno 61] Connect call failed ('::1', 8765, 0, 0), [Errno 61] Connect call failed ('127.0.0.1', 8765)"
  CB: None None-None (None)  crr=None  ps=None  recent=None
  ✓ score/wickets/overs match

[04:43:15  iter#1575]
  WS ERR: "Multiple exceptions: [Errno 61] Connect call failed ('::1', 8765, 0, 0), [Errno 61] Connect call failed ('127.0.0.1', 8765)"
  CB: None None-None (None)  crr=None  ps=None  recent=None
  ✓ score/wickets/overs match

[04:43:35  iter#1576]
  WS ERR: "Multiple exceptions: [Errno 61] Connect call failed ('::1', 8765, 0, 0), [Errno 61] Connect call failed ('127.0.0.1', 8765)"
  CB: None None-None (None)  crr=None  ps=None  recent=None
  ✓ score/wickets/overs match

[04:43:55  iter#1577]
  WS ERR: "Multiple exceptions: [Errno 61] Connect call failed ('::1', 8765, 0, 0), [Errno 61] Connect call failed ('127.0.0.1', 8765)"
  CB: None None-None (None)  crr=None  ps=None  recent=None
  ✓ score/wickets/overs match

[04:44:15  iter#1578]
  WS ERR: "Multiple exceptions: [Errno 61] Connect call failed ('::1', 8765, 0, 0), [Errno 61] Connect call failed ('127.0.0.1', 8765)"
  CB: None None-None (None)  crr=None  ps=None  recent=None
  ✓ score/wickets/overs match

[04:44:36  iter#1579]
  WS ERR: "Multiple exceptions: [Errno 61] Connect call failed ('::1', 8765, 0, 0), [Errno 61] Connect call failed ('127.0.0.1', 8765)"
  CB: None None-None (None)  crr=None  ps=None  recent=None
  ✓ score/wickets/overs match

[04:44:56  iter#1580]
  WS ERR: "Multiple exceptions: [Errno 61] Connect call failed ('::1', 8765, 0, 0), [Errno 61] Connect call failed ('127.0.0.1', 8765)"
  CB: None None-None (None)  crr=None  ps=None  recent=None
  ✓ score/wickets/overs match

[04:45:16  iter#1581]
  WS ERR: "Multiple exceptions: [Errno 61] Connect call failed ('::1', 8765, 0, 0), [Errno 61] Connect call failed ('127.0.0.1', 8765)"
  CB: None None-None (None)  crr=None  ps=None  recent=None
  ✓ score/wickets/overs match

[04:45:37  iter#1582]
  WS ERR: "Multiple exceptions: [Errno 61] Connect call failed ('::1', 8765, 0, 0), [Errno 61] Connect call failed ('127.0.0.1', 8765)"
  CB: None None-None (None)  crr=None  ps=None  recent=None
  ✓ score/wickets/overs match

[04:45:58  iter#1583]
  WS ERR: "Multiple exceptions: [Errno 61] Connect call failed ('::1', 8765, 0, 0), [Errno 61] Connect call failed ('127.0.0.1', 8765)"
  CB: None None-None (None)  crr=None  ps=None  recent=None
  ✓ score/wickets/overs match

[04:46:19  iter#1584]
  WS ERR: "Multiple exceptions: [Errno 61] Connect call failed ('::1', 8765, 0, 0), [Errno 61] Connect call failed ('127.0.0.1', 8765)"
  CB: None None-None (None)  crr=None  ps=None  recent=None
  ✓ score/wickets/overs match

[04:46:39  iter#1585]
  WS ERR: "Multiple exceptions: [Errno 61] Connect call failed ('::1', 8765, 0, 0), [Errno 61] Connect call failed ('127.0.0.1', 8765)"
  CB: None None-None (None)  crr=None  ps=None  recent=None
  ✓ score/wickets/overs match

[04:46:59  iter#1586]
  WS ERR: "Multiple exceptions: [Errno 61] Connect call failed ('::1', 8765, 0, 0), [Errno 61] Connect call failed ('127.0.0.1', 8765)"
  CB: None None-None (None)  crr=None  ps=None  recent=None
  ✓ score/wickets/overs match

[04:47:19  iter#1587]
  WS ERR: "Multiple exceptions: [Errno 61] Connect call failed ('::1', 8765, 0, 0), [Errno 61] Connect call failed ('127.0.0.1', 8765)"
  CB: None None-None (None)  crr=None  ps=None  recent=None
  ✓ score/wickets/overs match

[04:47:39  iter#1588]
  WS ERR: "Multiple exceptions: [Errno 61] Connect call failed ('::1', 8765, 0, 0), [Errno 61] Connect call failed ('127.0.0.1', 8765)"
  CB: None None-None (None)  crr=None  ps=None  recent=None
  ✓ score/wickets/overs match

[05:36:12  iter#1589]
  WS ERR: "Multiple exceptions: [Errno 61] Connect call failed ('::1', 8765, 0, 0), [Errno 61] Connect call failed ('127.0.0.1', 8765)"
  CB: None None-None (None)  crr=None  ps=None  recent=None
  ✓ score/wickets/overs match

[06:24:06  iter#1590]
  WS ERR: "Multiple exceptions: [Errno 61] Connect call failed ('::1', 8765, 0, 0), [Errno 61] Connect call failed ('127.0.0.1', 8765)"
  CB: None None-None (None)  crr=None  ps=None  recent=None
  ✓ score/wickets/overs match

[06:24:26  iter#1591]
  WS ERR: "Multiple exceptions: [Errno 61] Connect call failed ('::1', 8765, 0, 0), [Errno 61] Connect call failed ('127.0.0.1', 8765)"
  CB: None None-None (None)  crr=None  ps=None  recent=None
  ✓ score/wickets/overs match

[06:40:58  iter#1592]
  WS ERR: "Multiple exceptions: [Errno 61] Connect call failed ('::1', 8765, 0, 0), [Errno 61] Connect call failed ('127.0.0.1', 8765)"
  CB: None None-None (None)  crr=None  ps=None  recent=None
  ✓ score/wickets/overs match

[06:48:54  iter#1593]
  WS ERR: "Multiple exceptions: [Errno 61] Connect call failed ('::1', 8765, 0, 0), [Errno 61] Connect call failed ('127.0.0.1', 8765)"
  CB: None None-None (None)  crr=None  ps=None  recent=None
  ✓ score/wickets/overs match

[06:49:14  iter#1594]
  WS ERR: "Multiple exceptions: [Errno 61] Connect call failed ('::1', 8765, 0, 0), [Errno 61] Connect call failed ('127.0.0.1', 8765)"
  CB: None None-None (None)  crr=None  ps=None  recent=None
  ✓ score/wickets/overs match

[07:14:58  iter#1595]
  WS ERR: "Multiple exceptions: [Errno 61] Connect call failed ('::1', 8765, 0, 0), [Errno 61] Connect call failed ('127.0.0.1', 8765)"
  CB: None None-None (None)  crr=None  ps=None  recent=None
  ✓ score/wickets/overs match

[07:15:19  iter#1596]
  WS ERR: "Multiple exceptions: [Errno 61] Connect call failed ('::1', 8765, 0, 0), [Errno 61] Connect call failed ('127.0.0.1', 8765)"
  CB: None None-None (None)  crr=None  ps=None  recent=None
  ✓ score/wickets/overs match

[07:15:39  iter#1597]
  WS ERR: "Multiple exceptions: [Errno 61] Connect call failed ('::1', 8765, 0, 0), [Errno 61] Connect call failed ('127.0.0.1', 8765)"
  CB: None None-None (None)  crr=None  ps=None  recent=None
  ✓ score/wickets/overs match

[07:24:38  iter#1598]
  WS ERR: "Multiple exceptions: [Errno 61] Connect call failed ('::1', 8765, 0, 0), [Errno 61] Connect call failed ('127.0.0.1', 8765)"
  CB: None None-None (None)  crr=None  ps=None  recent=None
  ✓ score/wickets/overs match

[07:24:58  iter#1599]
  WS ERR: "Multiple exceptions: [Errno 61] Connect call failed ('::1', 8765, 0, 0), [Errno 61] Connect call failed ('127.0.0.1', 8765)"
  CB: None None-None (None)  crr=None  ps=None  recent=None
  ✓ score/wickets/overs match

[07:49:42  iter#1600]
  WS ERR: "Multiple exceptions: [Errno 61] Connect call failed ('::1', 8765, 0, 0), [Errno 61] Connect call failed ('127.0.0.1', 8765)"
  CB: None None-None (None)  crr=None  ps=None  recent=None
  ✓ score/wickets/overs match

[07:50:02  iter#1601]
  WS ERR: "Multiple exceptions: [Errno 61] Connect call failed ('::1', 8765, 0, 0), [Errno 61] Connect call failed ('127.0.0.1', 8765)"
  CB: None None-None (None)  crr=None  ps=None  recent=None
  ✓ score/wickets/overs match

[07:50:22  iter#1602]
  WS ERR: "Multiple exceptions: [Errno 61] Connect call failed ('::1', 8765, 0, 0), [Errno 61] Connect call failed ('127.0.0.1', 8765)"
  CB: None None-None (None)  crr=None  ps=None  recent=None
  ✓ score/wickets/overs match

[07:57:09  iter#1603]
  WS ERR: "Multiple exceptions: [Errno 61] Connect call failed ('::1', 8765, 0, 0), [Errno 61] Connect call failed ('127.0.0.1', 8765)"
  CB: None None-None (None)  crr=None  ps=None  recent=None
  ✓ score/wickets/overs match

[07:57:29  iter#1604]
  WS ERR: "Multiple exceptions: [Errno 61] Connect call failed ('::1', 8765, 0, 0), [Errno 61] Connect call failed ('127.0.0.1', 8765)"
  CB: None None-None (None)  crr=None  ps=None  recent=None
  ✓ score/wickets/overs match

[07:58:52  iter#1605]
  WS ERR: "Multiple exceptions: [Errno 61] Connect call failed ('::1', 8765, 0, 0), [Errno 61] Connect call failed ('127.0.0.1', 8765)"
  CB: None None-None (None)  crr=None  ps=None  recent=None
  ✓ score/wickets/overs match

[07:59:12  iter#1606]
  WS ERR: "Multiple exceptions: [Errno 61] Connect call failed ('::1', 8765, 0, 0), [Errno 61] Connect call failed ('127.0.0.1', 8765)"
  CB: None None-None (None)  crr=None  ps=None  recent=None
  ✓ score/wickets/overs match

[07:59:33  iter#1607]
  WS ERR: "Multiple exceptions: [Errno 61] Connect call failed ('::1', 8765, 0, 0), [Errno 61] Connect call failed ('127.0.0.1', 8765)"
  CB: None None-None (None)  crr=None  ps=None  recent=None
  ✓ score/wickets/overs match

[07:59:53  iter#1608]
  WS ERR: "Multiple exceptions: [Errno 61] Connect call failed ('::1', 8765, 0, 0), [Errno 61] Connect call failed ('127.0.0.1', 8765)"
  CB: None None-None (None)  crr=None  ps=None  recent=None
  ✓ score/wickets/overs match

[08:00:13  iter#1609]
  WS ERR: "Multiple exceptions: [Errno 61] Connect call failed ('::1', 8765, 0, 0), [Errno 61] Connect call failed ('127.0.0.1', 8765)"
  CB: None None-None (None)  crr=None  ps=None  recent=None
  ✓ score/wickets/overs match

[08:00:33  iter#1610]
  WS ERR: "Multiple exceptions: [Errno 61] Connect call failed ('::1', 8765, 0, 0), [Errno 61] Connect call failed ('127.0.0.1', 8765)"
  CB: None None-None (None)  crr=None  ps=None  recent=None
  ✓ score/wickets/overs match

[08:00:53  iter#1611]
  WS ERR: "Multiple exceptions: [Errno 61] Connect call failed ('::1', 8765, 0, 0), [Errno 61] Connect call failed ('127.0.0.1', 8765)"
  CB: None None-None (None)  crr=None  ps=None  recent=None
  ✓ score/wickets/overs match

[08:01:13  iter#1612]
  WS ERR: "Multiple exceptions: [Errno 61] Connect call failed ('::1', 8765, 0, 0), [Errno 61] Connect call failed ('127.0.0.1', 8765)"
  CB: None None-None (None)  crr=None  ps=None  recent=None
  ✓ score/wickets/overs match

[08:01:34  iter#1613]
  WS ERR: "Multiple exceptions: [Errno 61] Connect call failed ('::1', 8765, 0, 0), [Errno 61] Connect call failed ('127.0.0.1', 8765)"
  CB: None None-None (None)  crr=None  ps=None  recent=None
  ✓ score/wickets/overs match

[08:01:54  iter#1614]
  WS ERR: "Multiple exceptions: [Errno 61] Connect call failed ('::1', 8765, 0, 0), [Errno 61] Connect call failed ('127.0.0.1', 8765)"
  CB: None None-None (None)  crr=None  ps=None  recent=None
  ✓ score/wickets/overs match

[08:02:14  iter#1615]
  WS ERR: "Multiple exceptions: [Errno 61] Connect call failed ('::1', 8765, 0, 0), [Errno 61] Connect call failed ('127.0.0.1', 8765)"
  CB: None None-None (None)  crr=None  ps=None  recent=None
  ✓ score/wickets/overs match

[08:02:35  iter#1616]
  WS ERR: "Multiple exceptions: [Errno 61] Connect call failed ('::1', 8765, 0, 0), [Errno 61] Connect call failed ('127.0.0.1', 8765)"
  CB: None None-None (None)  crr=None  ps=None  recent=None
  ✓ score/wickets/overs match

[08:02:55  iter#1617]
  WS ERR: "Multiple exceptions: [Errno 61] Connect call failed ('::1', 8765, 0, 0), [Errno 61] Connect call failed ('127.0.0.1', 8765)"
  CB: None None-None (None)  crr=None  ps=None  recent=None
  ✓ score/wickets/overs match

[08:03:15  iter#1618]
  WS ERR: "Multiple exceptions: [Errno 61] Connect call failed ('::1', 8765, 0, 0), [Errno 61] Connect call failed ('127.0.0.1', 8765)"
  CB: None None-None (None)  crr=None  ps=None  recent=None
  ✓ score/wickets/overs match

[08:03:35  iter#1619]
  WS ERR: "Multiple exceptions: [Errno 61] Connect call failed ('::1', 8765, 0, 0), [Errno 61] Connect call failed ('127.0.0.1', 8765)"
  CB: None None-None (None)  crr=None  ps=None  recent=None
  ✓ score/wickets/overs match

[08:03:55  iter#1620]
  WS ERR: "Multiple exceptions: [Errno 61] Connect call failed ('::1', 8765, 0, 0), [Errno 61] Connect call failed ('127.0.0.1', 8765)"
  CB: None None-None (None)  crr=None  ps=None  recent=None
  ✓ score/wickets/overs match

[08:04:15  iter#1621]
  WS ERR: "Multiple exceptions: [Errno 61] Connect call failed ('::1', 8765, 0, 0), [Errno 61] Connect call failed ('127.0.0.1', 8765)"
  CB: None None-None (None)  crr=None  ps=None  recent=None
  ✓ score/wickets/overs match

[08:04:36  iter#1622]
  WS ERR: "Multiple exceptions: [Errno 61] Connect call failed ('::1', 8765, 0, 0), [Errno 61] Connect call failed ('127.0.0.1', 8765)"
  CB: None None-None (None)  crr=None  ps=None  recent=None
  ✓ score/wickets/overs match

[08:04:56  iter#1623]
  WS ERR: "Multiple exceptions: [Errno 61] Connect call failed ('::1', 8765, 0, 0), [Errno 61] Connect call failed ('127.0.0.1', 8765)"
  CB: None None-None (None)  crr=None  ps=None  recent=None
  ✓ score/wickets/overs match

[08:05:16  iter#1624]
  WS ERR: "Multiple exceptions: [Errno 61] Connect call failed ('::1', 8765, 0, 0), [Errno 61] Connect call failed ('127.0.0.1', 8765)"
  CB: None None-None (None)  crr=None  ps=None  recent=None
  ✓ score/wickets/overs match

[08:05:36  iter#1625]
  WS ERR: "Multiple exceptions: [Errno 61] Connect call failed ('::1', 8765, 0, 0), [Errno 61] Connect call failed ('127.0.0.1', 8765)"
  CB: None None-None (None)  crr=None  ps=None  recent=None
  ✓ score/wickets/overs match

[08:05:56  iter#1626]
  WS ERR: "Multiple exceptions: [Errno 61] Connect call failed ('::1', 8765, 0, 0), [Errno 61] Connect call failed ('127.0.0.1', 8765)"
  CB: None None-None (None)  crr=None  ps=None  recent=None
  ✓ score/wickets/overs match

[08:06:16  iter#1627]
  WS ERR: "Multiple exceptions: [Errno 61] Connect call failed ('::1', 8765, 0, 0), [Errno 61] Connect call failed ('127.0.0.1', 8765)"
  CB: None None-None (None)  crr=None  ps=None  recent=None
  ✓ score/wickets/overs match

[08:06:37  iter#1628]
  WS ERR: "Multiple exceptions: [Errno 61] Connect call failed ('::1', 8765, 0, 0), [Errno 61] Connect call failed ('127.0.0.1', 8765)"
  CB: None None-None (None)  crr=None  ps=None  recent=None
  ✓ score/wickets/overs match

[08:06:57  iter#1629]
  WS ERR: "Multiple exceptions: [Errno 61] Connect call failed ('::1', 8765, 0, 0), [Errno 61] Connect call failed ('127.0.0.1', 8765)"
  CB: None None-None (None)  crr=None  ps=None  recent=None
  ✓ score/wickets/overs match

[08:07:17  iter#1630]
  WS ERR: "Multiple exceptions: [Errno 61] Connect call failed ('::1', 8765, 0, 0), [Errno 61] Connect call failed ('127.0.0.1', 8765)"
  CB: None None-None (None)  crr=None  ps=None  recent=None
  ✓ score/wickets/overs match

[08:07:37  iter#1631]
  WS ERR: "Multiple exceptions: [Errno 61] Connect call failed ('::1', 8765, 0, 0), [Errno 61] Connect call failed ('127.0.0.1', 8765)"
  CB: None None-None (None)  crr=None  ps=None  recent=None
  ✓ score/wickets/overs match

[08:07:57  iter#1632]
  WS ERR: "Multiple exceptions: [Errno 61] Connect call failed ('::1', 8765, 0, 0), [Errno 61] Connect call failed ('127.0.0.1', 8765)"
  CB: None None-None (None)  crr=None  ps=None  recent=None
  ✓ score/wickets/overs match

[08:08:18  iter#1633]
  WS ERR: "Multiple exceptions: [Errno 61] Connect call failed ('::1', 8765, 0, 0), [Errno 61] Connect call failed ('127.0.0.1', 8765)"
  CB: None None-None (None)  crr=None  ps=None  recent=None
  ✓ score/wickets/overs match

[08:08:38  iter#1634]
  WS ERR: "Multiple exceptions: [Errno 61] Connect call failed ('::1', 8765, 0, 0), [Errno 61] Connect call failed ('127.0.0.1', 8765)"
  CB: None None-None (None)  crr=None  ps=None  recent=None
  ✓ score/wickets/overs match

[08:08:58  iter#1635]
  WS ERR: "Multiple exceptions: [Errno 61] Connect call failed ('::1', 8765, 0, 0), [Errno 61] Connect call failed ('127.0.0.1', 8765)"
  CB: None None-None (None)  crr=None  ps=None  recent=None
  ✓ score/wickets/overs match

[08:09:18  iter#1636]
  WS ERR: "Multiple exceptions: [Errno 61] Connect call failed ('::1', 8765, 0, 0), [Errno 61] Connect call failed ('127.0.0.1', 8765)"
  CB: None None-None (None)  crr=None  ps=None  recent=None
  ✓ score/wickets/overs match

[08:09:38  iter#1637]
  WS ERR: "Multiple exceptions: [Errno 61] Connect call failed ('::1', 8765, 0, 0), [Errno 61] Connect call failed ('127.0.0.1', 8765)"
  CB: None None-None (None)  crr=None  ps=None  recent=None
  ✓ score/wickets/overs match

[08:09:58  iter#1638]
  WS ERR: "Multiple exceptions: [Errno 61] Connect call failed ('::1', 8765, 0, 0), [Errno 61] Connect call failed ('127.0.0.1', 8765)"
  CB: None None-None (None)  crr=None  ps=None  recent=None
  ✓ score/wickets/overs match

[08:10:19  iter#1639]
  WS ERR: "Multiple exceptions: [Errno 61] Connect call failed ('::1', 8765, 0, 0), [Errno 61] Connect call failed ('127.0.0.1', 8765)"
  CB: None None-None (None)  crr=None  ps=None  recent=None
  ✓ score/wickets/overs match

[08:10:39  iter#1640]
  WS ERR: "Multiple exceptions: [Errno 61] Connect call failed ('::1', 8765, 0, 0), [Errno 61] Connect call failed ('127.0.0.1', 8765)"
  CB: None None-None (None)  crr=None  ps=None  recent=None
  ✓ score/wickets/overs match

[08:10:59  iter#1641]
  WS ERR: "Multiple exceptions: [Errno 61] Connect call failed ('::1', 8765, 0, 0), [Errno 61] Connect call failed ('127.0.0.1', 8765)"
  CB: None None-None (None)  crr=None  ps=None  recent=None
  ✓ score/wickets/overs match

[08:11:19  iter#1642]
  WS ERR: "Multiple exceptions: [Errno 61] Connect call failed ('::1', 8765, 0, 0), [Errno 61] Connect call failed ('127.0.0.1', 8765)"
  CB: None None-None (None)  crr=None  ps=None  recent=None
  ✓ score/wickets/overs match

[08:11:40  iter#1643]
  WS ERR: "Multiple exceptions: [Errno 61] Connect call failed ('::1', 8765, 0, 0), [Errno 61] Connect call failed ('127.0.0.1', 8765)"
  CB: None None-None (None)  crr=None  ps=None  recent=None
  ✓ score/wickets/overs match

[08:12:00  iter#1644]
  WS ERR: "Multiple exceptions: [Errno 61] Connect call failed ('::1', 8765, 0, 0), [Errno 61] Connect call failed ('127.0.0.1', 8765)"
  CB: None None-None (None)  crr=None  ps=None  recent=None
  ✓ score/wickets/overs match

[08:12:20  iter#1645]
  WS ERR: "Multiple exceptions: [Errno 61] Connect call failed ('::1', 8765, 0, 0), [Errno 61] Connect call failed ('127.0.0.1', 8765)"
  CB: None None-None (None)  crr=None  ps=None  recent=None
  ✓ score/wickets/overs match

[08:12:40  iter#1646]
  WS ERR: "Multiple exceptions: [Errno 61] Connect call failed ('::1', 8765, 0, 0), [Errno 61] Connect call failed ('127.0.0.1', 8765)"
  CB: None None-None (None)  crr=None  ps=None  recent=None
  ✓ score/wickets/overs match

[08:13:01  iter#1647]
  WS ERR: "Multiple exceptions: [Errno 61] Connect call failed ('::1', 8765, 0, 0), [Errno 61] Connect call failed ('127.0.0.1', 8765)"
  CB: None None-None (None)  crr=None  ps=None  recent=None
  ✓ score/wickets/overs match

[08:13:21  iter#1648]
  WS ERR: "Multiple exceptions: [Errno 61] Connect call failed ('::1', 8765, 0, 0), [Errno 61] Connect call failed ('127.0.0.1', 8765)"
  CB: None None-None (None)  crr=None  ps=None  recent=None
  ✓ score/wickets/overs match

[08:13:41  iter#1649]
  WS ERR: "Multiple exceptions: [Errno 61] Connect call failed ('::1', 8765, 0, 0), [Errno 61] Connect call failed ('127.0.0.1', 8765)"
  CB: None None-None (None)  crr=None  ps=None  recent=None
  ✓ score/wickets/overs match

[08:14:01  iter#1650]
  WS ERR: "Multiple exceptions: [Errno 61] Connect call failed ('::1', 8765, 0, 0), [Errno 61] Connect call failed ('127.0.0.1', 8765)"
  CB: None None-None (None)  crr=None  ps=None  recent=None
  ✓ score/wickets/overs match

[08:14:21  iter#1651]
  WS ERR: "Multiple exceptions: [Errno 61] Connect call failed ('::1', 8765, 0, 0), [Errno 61] Connect call failed ('127.0.0.1', 8765)"
  CB: None None-None (None)  crr=None  ps=None  recent=None
  ✓ score/wickets/overs match

[08:14:41  iter#1652]
  WS ERR: "Multiple exceptions: [Errno 61] Connect call failed ('::1', 8765, 0, 0), [Errno 61] Connect call failed ('127.0.0.1', 8765)"
  CB: None None-None (None)  crr=None  ps=None  recent=None
  ✓ score/wickets/overs match

[08:15:01  iter#1653]
  WS ERR: "Multiple exceptions: [Errno 61] Connect call failed ('::1', 8765, 0, 0), [Errno 61] Connect call failed ('127.0.0.1', 8765)"
  CB: None None-None (None)  crr=None  ps=None  recent=None
  ✓ score/wickets/overs match

[08:15:21  iter#1654]
  WS ERR: "Multiple exceptions: [Errno 61] Connect call failed ('::1', 8765, 0, 0), [Errno 61] Connect call failed ('127.0.0.1', 8765)"
  CB: None None-None (None)  crr=None  ps=None  recent=None
  ✓ score/wickets/overs match

[08:15:42  iter#1655]
  WS ERR: "Multiple exceptions: [Errno 61] Connect call failed ('::1', 8765, 0, 0), [Errno 61] Connect call failed ('127.0.0.1', 8765)"
  CB: None None-None (None)  crr=None  ps=None  recent=None
  ✓ score/wickets/overs match

[08:16:02  iter#1656]
  WS ERR: "Multiple exceptions: [Errno 61] Connect call failed ('::1', 8765, 0, 0), [Errno 61] Connect call failed ('127.0.0.1', 8765)"
  CB: None None-None (None)  crr=None  ps=None  recent=None
  ✓ score/wickets/overs match

[08:16:22  iter#1657]
  WS ERR: "Multiple exceptions: [Errno 61] Connect call failed ('::1', 8765, 0, 0), [Errno 61] Connect call failed ('127.0.0.1', 8765)"
  CB: None None-None (None)  crr=None  ps=None  recent=None
  ✓ score/wickets/overs match

[08:16:42  iter#1658]
  WS ERR: "Multiple exceptions: [Errno 61] Connect call failed ('::1', 8765, 0, 0), [Errno 61] Connect call failed ('127.0.0.1', 8765)"
  CB: None None-None (None)  crr=None  ps=None  recent=None
  ✓ score/wickets/overs match

[08:17:02  iter#1659]
  WS ERR: "Multiple exceptions: [Errno 61] Connect call failed ('::1', 8765, 0, 0), [Errno 61] Connect call failed ('127.0.0.1', 8765)"
  CB: None None-None (None)  crr=None  ps=None  recent=None
  ✓ score/wickets/overs match

[08:17:23  iter#1660]
  WS ERR: "Multiple exceptions: [Errno 61] Connect call failed ('::1', 8765, 0, 0), [Errno 61] Connect call failed ('127.0.0.1', 8765)"
  CB: None None-None (None)  crr=None  ps=None  recent=None
  ✓ score/wickets/overs match

[08:17:43  iter#1661]
  WS ERR: "Multiple exceptions: [Errno 61] Connect call failed ('::1', 8765, 0, 0), [Errno 61] Connect call failed ('127.0.0.1', 8765)"
  CB: None None-None (None)  crr=None  ps=None  recent=None
  ✓ score/wickets/overs match

[08:18:03  iter#1662]
  WS ERR: "Multiple exceptions: [Errno 61] Connect call failed ('::1', 8765, 0, 0), [Errno 61] Connect call failed ('127.0.0.1', 8765)"
  CB: None None-None (None)  crr=None  ps=None  recent=None
  ✓ score/wickets/overs match

[08:18:23  iter#1663]
  WS ERR: "Multiple exceptions: [Errno 61] Connect call failed ('::1', 8765, 0, 0), [Errno 61] Connect call failed ('127.0.0.1', 8765)"
  CB: None None-None (None)  crr=None  ps=None  recent=None
  ✓ score/wickets/overs match

[08:18:43  iter#1664]
  WS ERR: "Multiple exceptions: [Errno 61] Connect call failed ('::1', 8765, 0, 0), [Errno 61] Connect call failed ('127.0.0.1', 8765)"
  CB: None None-None (None)  crr=None  ps=None  recent=None
  ✓ score/wickets/overs match

[08:19:03  iter#1665]
  WS ERR: "Multiple exceptions: [Errno 61] Connect call failed ('::1', 8765, 0, 0), [Errno 61] Connect call failed ('127.0.0.1', 8765)"
  CB: None None-None (None)  crr=None  ps=None  recent=None
  ✓ score/wickets/overs match

[08:19:23  iter#1666]
  WS ERR: "Multiple exceptions: [Errno 61] Connect call failed ('::1', 8765, 0, 0), [Errno 61] Connect call failed ('127.0.0.1', 8765)"
  CB: None None-None (None)  crr=None  ps=None  recent=None
  ✓ score/wickets/overs match

[08:19:44  iter#1667]
  WS ERR: "Multiple exceptions: [Errno 61] Connect call failed ('::1', 8765, 0, 0), [Errno 61] Connect call failed ('127.0.0.1', 8765)"
  CB: None None-None (None)  crr=None  ps=None  recent=None
  ✓ score/wickets/overs match

[08:20:04  iter#1668]
  WS ERR: "Multiple exceptions: [Errno 61] Connect call failed ('::1', 8765, 0, 0), [Errno 61] Connect call failed ('127.0.0.1', 8765)"
  CB: None None-None (None)  crr=None  ps=None  recent=None
  ✓ score/wickets/overs match

[08:20:24  iter#1669]
  WS ERR: "Multiple exceptions: [Errno 61] Connect call failed ('::1', 8765, 0, 0), [Errno 61] Connect call failed ('127.0.0.1', 8765)"
  CB: None None-None (None)  crr=None  ps=None  recent=None
  ✓ score/wickets/overs match

[08:20:44  iter#1670]
  WS ERR: "Multiple exceptions: [Errno 61] Connect call failed ('::1', 8765, 0, 0), [Errno 61] Connect call failed ('127.0.0.1', 8765)"
  CB: None None-None (None)  crr=None  ps=None  recent=None
  ✓ score/wickets/overs match

[08:21:04  iter#1671]
  WS ERR: "Multiple exceptions: [Errno 61] Connect call failed ('::1', 8765, 0, 0), [Errno 61] Connect call failed ('127.0.0.1', 8765)"
  CB: None None-None (None)  crr=None  ps=None  recent=None
  ✓ score/wickets/overs match

[08:21:24  iter#1672]
  WS ERR: "Multiple exceptions: [Errno 61] Connect call failed ('::1', 8765, 0, 0), [Errno 61] Connect call failed ('127.0.0.1', 8765)"
  CB: None None-None (None)  crr=None  ps=None  recent=None
  ✓ score/wickets/overs match

[08:21:44  iter#1673]
  WS ERR: "Multiple exceptions: [Errno 61] Connect call failed ('::1', 8765, 0, 0), [Errno 61] Connect call failed ('127.0.0.1', 8765)"
  CB: None None-None (None)  crr=None  ps=None  recent=None
  ✓ score/wickets/overs match

[08:22:05  iter#1674]
  WS ERR: "Multiple exceptions: [Errno 61] Connect call failed ('::1', 8765, 0, 0), [Errno 61] Connect call failed ('127.0.0.1', 8765)"
  CB: None None-None (None)  crr=None  ps=None  recent=None
  ✓ score/wickets/overs match

[08:22:25  iter#1675]
  WS ERR: "Multiple exceptions: [Errno 61] Connect call failed ('::1', 8765, 0, 0), [Errno 61] Connect call failed ('127.0.0.1', 8765)"
  CB: None None-None (None)  crr=None  ps=None  recent=None
  ✓ score/wickets/overs match

[08:22:45  iter#1676]
  WS ERR: "Multiple exceptions: [Errno 61] Connect call failed ('::1', 8765, 0, 0), [Errno 61] Connect call failed ('127.0.0.1', 8765)"
  CB: None None-None (None)  crr=None  ps=None  recent=None
  ✓ score/wickets/overs match

[08:23:05  iter#1677]
  WS ERR: "Multiple exceptions: [Errno 61] Connect call failed ('::1', 8765, 0, 0), [Errno 61] Connect call failed ('127.0.0.1', 8765)"
  CB: None None-None (None)  crr=None  ps=None  recent=None
  ✓ score/wickets/overs match

[08:23:25  iter#1678]
  WS ERR: "Multiple exceptions: [Errno 61] Connect call failed ('::1', 8765, 0, 0), [Errno 61] Connect call failed ('127.0.0.1', 8765)"
  CB: None None-None (None)  crr=None  ps=None  recent=None
  ✓ score/wickets/overs match

[08:23:45  iter#1679]
  WS ERR: "Multiple exceptions: [Errno 61] Connect call failed ('::1', 8765, 0, 0), [Errno 61] Connect call failed ('127.0.0.1', 8765)"
  CB: None None-None (None)  crr=None  ps=None  recent=None
  ✓ score/wickets/overs match

[08:24:05  iter#1680]
  WS ERR: "Multiple exceptions: [Errno 61] Connect call failed ('::1', 8765, 0, 0), [Errno 61] Connect call failed ('127.0.0.1', 8765)"
  CB: None None-None (None)  crr=None  ps=None  recent=None
  ✓ score/wickets/overs match

[08:24:26  iter#1681]
  WS ERR: "Multiple exceptions: [Errno 61] Connect call failed ('::1', 8765, 0, 0), [Errno 61] Connect call failed ('127.0.0.1', 8765)"
  CB: None None-None (None)  crr=None  ps=None  recent=None
  ✓ score/wickets/overs match

[08:24:46  iter#1682]
  WS ERR: "Multiple exceptions: [Errno 61] Connect call failed ('::1', 8765, 0, 0), [Errno 61] Connect call failed ('127.0.0.1', 8765)"
  CB: None None-None (None)  crr=None  ps=None  recent=None
  ✓ score/wickets/overs match

[08:25:06  iter#1683]
  WS ERR: "Multiple exceptions: [Errno 61] Connect call failed ('::1', 8765, 0, 0), [Errno 61] Connect call failed ('127.0.0.1', 8765)"
  CB: None None-None (None)  crr=None  ps=None  recent=None
  ✓ score/wickets/overs match

[08:25:26  iter#1684]
  WS ERR: "Multiple exceptions: [Errno 61] Connect call failed ('::1', 8765, 0, 0), [Errno 61] Connect call failed ('127.0.0.1', 8765)"
  CB: None None-None (None)  crr=None  ps=None  recent=None
  ✓ score/wickets/overs match

[08:25:46  iter#1685]
  WS ERR: "Multiple exceptions: [Errno 61] Connect call failed ('::1', 8765, 0, 0), [Errno 61] Connect call failed ('127.0.0.1', 8765)"
  CB: None None-None (None)  crr=None  ps=None  recent=None
  ✓ score/wickets/overs match

[08:26:06  iter#1686]
  WS ERR: "Multiple exceptions: [Errno 61] Connect call failed ('::1', 8765, 0, 0), [Errno 61] Connect call failed ('127.0.0.1', 8765)"
  CB: None None-None (None)  crr=None  ps=None  recent=None
  ✓ score/wickets/overs match

[08:26:27  iter#1687]
  WS ERR: "Multiple exceptions: [Errno 61] Connect call failed ('::1', 8765, 0, 0), [Errno 61] Connect call failed ('127.0.0.1', 8765)"
  CB: None None-None (None)  crr=None  ps=None  recent=None
  ✓ score/wickets/overs match

[08:26:47  iter#1688]
  WS ERR: "Multiple exceptions: [Errno 61] Connect call failed ('::1', 8765, 0, 0), [Errno 61] Connect call failed ('127.0.0.1', 8765)"
  CB: None None-None (None)  crr=None  ps=None  recent=None
  ✓ score/wickets/overs match

[08:27:07  iter#1689]
  WS ERR: "Multiple exceptions: [Errno 61] Connect call failed ('::1', 8765, 0, 0), [Errno 61] Connect call failed ('127.0.0.1', 8765)"
  CB: None None-None (None)  crr=None  ps=None  recent=None
  ✓ score/wickets/overs match

[08:27:27  iter#1690]
  WS ERR: "Multiple exceptions: [Errno 61] Connect call failed ('::1', 8765, 0, 0), [Errno 61] Connect call failed ('127.0.0.1', 8765)"
  CB: None None-None (None)  crr=None  ps=None  recent=None
  ✓ score/wickets/overs match

[08:27:47  iter#1691]
  WS ERR: "Multiple exceptions: [Errno 61] Connect call failed ('::1', 8765, 0, 0), [Errno 61] Connect call failed ('127.0.0.1', 8765)"
  CB: None None-None (None)  crr=None  ps=None  recent=None
  ✓ score/wickets/overs match

[08:28:07  iter#1692]
  WS ERR: "Multiple exceptions: [Errno 61] Connect call failed ('::1', 8765, 0, 0), [Errno 61] Connect call failed ('127.0.0.1', 8765)"
  CB: None None-None (None)  crr=None  ps=None  recent=None
  ✓ score/wickets/overs match

[08:28:28  iter#1693]
  WS ERR: "Multiple exceptions: [Errno 61] Connect call failed ('::1', 8765, 0, 0), [Errno 61] Connect call failed ('127.0.0.1', 8765)"
  CB: None None-None (None)  crr=None  ps=None  recent=None
  ✓ score/wickets/overs match

[08:28:48  iter#1694]
  WS ERR: "Multiple exceptions: [Errno 61] Connect call failed ('::1', 8765, 0, 0), [Errno 61] Connect call failed ('127.0.0.1', 8765)"
  CB: None None-None (None)  crr=None  ps=None  recent=None
  ✓ score/wickets/overs match

[08:29:08  iter#1695]
  WS ERR: "Multiple exceptions: [Errno 61] Connect call failed ('::1', 8765, 0, 0), [Errno 61] Connect call failed ('127.0.0.1', 8765)"
  CB: None None-None (None)  crr=None  ps=None  recent=None
  ✓ score/wickets/overs match

[08:29:28  iter#1696]
  WS ERR: "Multiple exceptions: [Errno 61] Connect call failed ('::1', 8765, 0, 0), [Errno 61] Connect call failed ('127.0.0.1', 8765)"
  CB: None None-None (None)  crr=None  ps=None  recent=None
  ✓ score/wickets/overs match

[08:29:49  iter#1697]
  WS ERR: "Multiple exceptions: [Errno 61] Connect call failed ('::1', 8765, 0, 0), [Errno 61] Connect call failed ('127.0.0.1', 8765)"
  CB: None None-None (None)  crr=None  ps=None  recent=None
  ✓ score/wickets/overs match

[08:30:09  iter#1698]
  WS ERR: "Multiple exceptions: [Errno 61] Connect call failed ('::1', 8765, 0, 0), [Errno 61] Connect call failed ('127.0.0.1', 8765)"
  CB: None None-None (None)  crr=None  ps=None  recent=None
  ✓ score/wickets/overs match

[08:30:29  iter#1699]
  WS ERR: "Multiple exceptions: [Errno 61] Connect call failed ('::1', 8765, 0, 0), [Errno 61] Connect call failed ('127.0.0.1', 8765)"
  CB: None None-None (None)  crr=None  ps=None  recent=None
  ✓ score/wickets/overs match

[08:30:49  iter#1700]
  WS ERR: "Multiple exceptions: [Errno 61] Connect call failed ('::1', 8765, 0, 0), [Errno 61] Connect call failed ('127.0.0.1', 8765)"
  CB: None None-None (None)  crr=None  ps=None  recent=None
  ✓ score/wickets/overs match

[08:31:09  iter#1701]
  WS ERR: "Multiple exceptions: [Errno 61] Connect call failed ('::1', 8765, 0, 0), [Errno 61] Connect call failed ('127.0.0.1', 8765)"
  CB: None None-None (None)  crr=None  ps=None  recent=None
  ✓ score/wickets/overs match

[08:31:29  iter#1702]
  WS ERR: "Multiple exceptions: [Errno 61] Connect call failed ('::1', 8765, 0, 0), [Errno 61] Connect call failed ('127.0.0.1', 8765)"
  CB: None None-None (None)  crr=None  ps=None  recent=None
  ✓ score/wickets/overs match

[08:31:49  iter#1703]
  WS ERR: "Multiple exceptions: [Errno 61] Connect call failed ('::1', 8765, 0, 0), [Errno 61] Connect call failed ('127.0.0.1', 8765)"
  CB: None None-None (None)  crr=None  ps=None  recent=None
  ✓ score/wickets/overs match

[08:32:10  iter#1704]
  WS ERR: "Multiple exceptions: [Errno 61] Connect call failed ('::1', 8765, 0, 0), [Errno 61] Connect call failed ('127.0.0.1', 8765)"
  CB: None None-None (None)  crr=None  ps=None  recent=None
  ✓ score/wickets/overs match

[08:32:30  iter#1705]
  WS ERR: "Multiple exceptions: [Errno 61] Connect call failed ('::1', 8765, 0, 0), [Errno 61] Connect call failed ('127.0.0.1', 8765)"
  CB: None None-None (None)  crr=None  ps=None  recent=None
  ✓ score/wickets/overs match

[08:32:50  iter#1706]
  WS ERR: "Multiple exceptions: [Errno 61] Connect call failed ('::1', 8765, 0, 0), [Errno 61] Connect call failed ('127.0.0.1', 8765)"
  CB: None None-None (None)  crr=None  ps=None  recent=None
  ✓ score/wickets/overs match

[08:33:10  iter#1707]
  WS ERR: "Multiple exceptions: [Errno 61] Connect call failed ('::1', 8765, 0, 0), [Errno 61] Connect call failed ('127.0.0.1', 8765)"
  CB: None None-None (None)  crr=None  ps=None  recent=None
  ✓ score/wickets/overs match

[08:33:30  iter#1708]
  WS ERR: "Multiple exceptions: [Errno 61] Connect call failed ('::1', 8765, 0, 0), [Errno 61] Connect call failed ('127.0.0.1', 8765)"
  CB: None None-None (None)  crr=None  ps=None  recent=None
  ✓ score/wickets/overs match

[08:33:50  iter#1709]
  WS ERR: "Multiple exceptions: [Errno 61] Connect call failed ('::1', 8765, 0, 0), [Errno 61] Connect call failed ('127.0.0.1', 8765)"
  CB: None None-None (None)  crr=None  ps=None  recent=None
  ✓ score/wickets/overs match

[08:34:11  iter#1710]
  WS ERR: "Multiple exceptions: [Errno 61] Connect call failed ('::1', 8765, 0, 0), [Errno 61] Connect call failed ('127.0.0.1', 8765)"
  CB: None None-None (None)  crr=None  ps=None  recent=None
  ✓ score/wickets/overs match

[08:34:31  iter#1711]
  WS ERR: "Multiple exceptions: [Errno 61] Connect call failed ('::1', 8765, 0, 0), [Errno 61] Connect call failed ('127.0.0.1', 8765)"
  CB: None None-None (None)  crr=None  ps=None  recent=None
  ✓ score/wickets/overs match

[08:34:51  iter#1712]
  WS ERR: "Multiple exceptions: [Errno 61] Connect call failed ('::1', 8765, 0, 0), [Errno 61] Connect call failed ('127.0.0.1', 8765)"
  CB: None None-None (None)  crr=None  ps=None  recent=None
  ✓ score/wickets/overs match

[08:35:11  iter#1713]
  WS ERR: "Multiple exceptions: [Errno 61] Connect call failed ('::1', 8765, 0, 0), [Errno 61] Connect call failed ('127.0.0.1', 8765)"
  CB: None None-None (None)  crr=None  ps=None  recent=None
  ✓ score/wickets/overs match

[08:35:31  iter#1714]
  WS ERR: "Multiple exceptions: [Errno 61] Connect call failed ('::1', 8765, 0, 0), [Errno 61] Connect call failed ('127.0.0.1', 8765)"
  CB: None None-None (None)  crr=None  ps=None  recent=None
  ✓ score/wickets/overs match

[08:35:51  iter#1715]
  WS ERR: "Multiple exceptions: [Errno 61] Connect call failed ('::1', 8765, 0, 0), [Errno 61] Connect call failed ('127.0.0.1', 8765)"
  CB: None None-None (None)  crr=None  ps=None  recent=None
  ✓ score/wickets/overs match

[08:36:12  iter#1716]
  WS ERR: "Multiple exceptions: [Errno 61] Connect call failed ('::1', 8765, 0, 0), [Errno 61] Connect call failed ('127.0.0.1', 8765)"
  CB: None None-None (None)  crr=None  ps=None  recent=None
  ✓ score/wickets/overs match

[08:36:32  iter#1717]
  WS ERR: "Multiple exceptions: [Errno 61] Connect call failed ('::1', 8765, 0, 0), [Errno 61] Connect call failed ('127.0.0.1', 8765)"
  CB: None None-None (None)  crr=None  ps=None  recent=None
  ✓ score/wickets/overs match

[08:36:52  iter#1718]
  WS ERR: "Multiple exceptions: [Errno 61] Connect call failed ('::1', 8765, 0, 0), [Errno 61] Connect call failed ('127.0.0.1', 8765)"
  CB: None None-None (None)  crr=None  ps=None  recent=None
  ✓ score/wickets/overs match

[08:37:12  iter#1719]
  WS ERR: "Multiple exceptions: [Errno 61] Connect call failed ('::1', 8765, 0, 0), [Errno 61] Connect call failed ('127.0.0.1', 8765)"
  CB: None None-None (None)  crr=None  ps=None  recent=None
  ✓ score/wickets/overs match

[08:37:32  iter#1720]
  WS ERR: "Multiple exceptions: [Errno 61] Connect call failed ('::1', 8765, 0, 0), [Errno 61] Connect call failed ('127.0.0.1', 8765)"
  CB: None None-None (None)  crr=None  ps=None  recent=None
  ✓ score/wickets/overs match

[08:37:52  iter#1721]
  WS ERR: "Multiple exceptions: [Errno 61] Connect call failed ('::1', 8765, 0, 0), [Errno 61] Connect call failed ('127.0.0.1', 8765)"
  CB: None None-None (None)  crr=None  ps=None  recent=None
  ✓ score/wickets/overs match

[08:38:13  iter#1722]
  WS ERR: "Multiple exceptions: [Errno 61] Connect call failed ('::1', 8765, 0, 0), [Errno 61] Connect call failed ('127.0.0.1', 8765)"
  CB: None None-None (None)  crr=None  ps=None  recent=None
  ✓ score/wickets/overs match

[08:38:33  iter#1723]
  WS ERR: "Multiple exceptions: [Errno 61] Connect call failed ('::1', 8765, 0, 0), [Errno 61] Connect call failed ('127.0.0.1', 8765)"
  CB: None None-None (None)  crr=None  ps=None  recent=None
  ✓ score/wickets/overs match

[08:38:53  iter#1724]
  WS ERR: "Multiple exceptions: [Errno 61] Connect call failed ('::1', 8765, 0, 0), [Errno 61] Connect call failed ('127.0.0.1', 8765)"
  CB: None None-None (None)  crr=None  ps=None  recent=None
  ✓ score/wickets/overs match

[08:39:13  iter#1725]
  WS ERR: "Multiple exceptions: [Errno 61] Connect call failed ('::1', 8765, 0, 0), [Errno 61] Connect call failed ('127.0.0.1', 8765)"
  CB: None None-None (None)  crr=None  ps=None  recent=None
  ✓ score/wickets/overs match

[08:39:33  iter#1726]
  WS ERR: "Multiple exceptions: [Errno 61] Connect call failed ('::1', 8765, 0, 0), [Errno 61] Connect call failed ('127.0.0.1', 8765)"
  CB: None None-None (None)  crr=None  ps=None  recent=None
  ✓ score/wickets/overs match

[08:39:53  iter#1727]
  WS ERR: "Multiple exceptions: [Errno 61] Connect call failed ('::1', 8765, 0, 0), [Errno 61] Connect call failed ('127.0.0.1', 8765)"
  CB: None None-None (None)  crr=None  ps=None  recent=None
  ✓ score/wickets/overs match

[08:40:14  iter#1728]
  WS ERR: "Multiple exceptions: [Errno 61] Connect call failed ('::1', 8765, 0, 0), [Errno 61] Connect call failed ('127.0.0.1', 8765)"
  CB: None None-None (None)  crr=None  ps=None  recent=None
  ✓ score/wickets/overs match

[08:40:34  iter#1729]
  WS ERR: "Multiple exceptions: [Errno 61] Connect call failed ('::1', 8765, 0, 0), [Errno 61] Connect call failed ('127.0.0.1', 8765)"
  CB: None None-None (None)  crr=None  ps=None  recent=None
  ✓ score/wickets/overs match

[08:40:54  iter#1730]
  WS ERR: "Multiple exceptions: [Errno 61] Connect call failed ('::1', 8765, 0, 0), [Errno 61] Connect call failed ('127.0.0.1', 8765)"
  CB: None None-None (None)  crr=None  ps=None  recent=None
  ✓ score/wickets/overs match

[08:41:14  iter#1731]
  WS ERR: "Multiple exceptions: [Errno 61] Connect call failed ('::1', 8765, 0, 0), [Errno 61] Connect call failed ('127.0.0.1', 8765)"
  CB: None None-None (None)  crr=None  ps=None  recent=None
  ✓ score/wickets/overs match

[08:41:34  iter#1732]
  WS ERR: "Multiple exceptions: [Errno 61] Connect call failed ('::1', 8765, 0, 0), [Errno 61] Connect call failed ('127.0.0.1', 8765)"
  CB: None None-None (None)  crr=None  ps=None  recent=None
  ✓ score/wickets/overs match

[08:41:55  iter#1733]
  WS ERR: "Multiple exceptions: [Errno 61] Connect call failed ('::1', 8765, 0, 0), [Errno 61] Connect call failed ('127.0.0.1', 8765)"
  CB: None None-None (None)  crr=None  ps=None  recent=None
  ✓ score/wickets/overs match

[08:42:15  iter#1734]
  WS ERR: "Multiple exceptions: [Errno 61] Connect call failed ('::1', 8765, 0, 0), [Errno 61] Connect call failed ('127.0.0.1', 8765)"
  CB: None None-None (None)  crr=None  ps=None  recent=None
  ✓ score/wickets/overs match

[08:42:35  iter#1735]
  WS ERR: "Multiple exceptions: [Errno 61] Connect call failed ('::1', 8765, 0, 0), [Errno 61] Connect call failed ('127.0.0.1', 8765)"
  CB: None None-None (None)  crr=None  ps=None  recent=None
  ✓ score/wickets/overs match

[08:42:55  iter#1736]
  WS ERR: "Multiple exceptions: [Errno 61] Connect call failed ('::1', 8765, 0, 0), [Errno 61] Connect call failed ('127.0.0.1', 8765)"
  CB: None None-None (None)  crr=None  ps=None  recent=None
  ✓ score/wickets/overs match

[08:43:15  iter#1737]
  WS ERR: "Multiple exceptions: [Errno 61] Connect call failed ('::1', 8765, 0, 0), [Errno 61] Connect call failed ('127.0.0.1', 8765)"
  CB: None None-None (None)  crr=None  ps=None  recent=None
  ✓ score/wickets/overs match

[08:43:35  iter#1738]
  WS ERR: "Multiple exceptions: [Errno 61] Connect call failed ('::1', 8765, 0, 0), [Errno 61] Connect call failed ('127.0.0.1', 8765)"
  CB: None None-None (None)  crr=None  ps=None  recent=None
  ✓ score/wickets/overs match

[08:43:56  iter#1739]
  WS ERR: "Multiple exceptions: [Errno 61] Connect call failed ('::1', 8765, 0, 0), [Errno 61] Connect call failed ('127.0.0.1', 8765)"
  CB: None None-None (None)  crr=None  ps=None  recent=None
  ✓ score/wickets/overs match

[08:44:16  iter#1740]
  WS ERR: "Multiple exceptions: [Errno 61] Connect call failed ('::1', 8765, 0, 0), [Errno 61] Connect call failed ('127.0.0.1', 8765)"
  CB: None None-None (None)  crr=None  ps=None  recent=None
  ✓ score/wickets/overs match

[08:44:36  iter#1741]
  WS ERR: "Multiple exceptions: [Errno 61] Connect call failed ('::1', 8765, 0, 0), [Errno 61] Connect call failed ('127.0.0.1', 8765)"
  CB: None None-None (None)  crr=None  ps=None  recent=None
  ✓ score/wickets/overs match

[08:44:56  iter#1742]
  WS ERR: "Multiple exceptions: [Errno 61] Connect call failed ('::1', 8765, 0, 0), [Errno 61] Connect call failed ('127.0.0.1', 8765)"
  CB: None None-None (None)  crr=None  ps=None  recent=None
  ✓ score/wickets/overs match

[08:45:16  iter#1743]
  WS ERR: "Multiple exceptions: [Errno 61] Connect call failed ('::1', 8765, 0, 0), [Errno 61] Connect call failed ('127.0.0.1', 8765)"
  CB: None None-None (None)  crr=None  ps=None  recent=None
  ✓ score/wickets/overs match

[08:45:36  iter#1744]
  WS ERR: "Multiple exceptions: [Errno 61] Connect call failed ('::1', 8765, 0, 0), [Errno 61] Connect call failed ('127.0.0.1', 8765)"
  CB: None None-None (None)  crr=None  ps=None  recent=None
  ✓ score/wickets/overs match

[08:45:56  iter#1745]
  WS ERR: "Multiple exceptions: [Errno 61] Connect call failed ('::1', 8765, 0, 0), [Errno 61] Connect call failed ('127.0.0.1', 8765)"
  CB: None None-None (None)  crr=None  ps=None  recent=None
  ✓ score/wickets/overs match

[08:46:17  iter#1746]
  WS ERR: "Multiple exceptions: [Errno 61] Connect call failed ('::1', 8765, 0, 0), [Errno 61] Connect call failed ('127.0.0.1', 8765)"
  CB: None None-None (None)  crr=None  ps=None  recent=None
  ✓ score/wickets/overs match

[08:46:37  iter#1747]
  WS ERR: "Multiple exceptions: [Errno 61] Connect call failed ('::1', 8765, 0, 0), [Errno 61] Connect call failed ('127.0.0.1', 8765)"
  CB: None None-None (None)  crr=None  ps=None  recent=None
  ✓ score/wickets/overs match

[08:46:57  iter#1748]
  WS ERR: "Multiple exceptions: [Errno 61] Connect call failed ('::1', 8765, 0, 0), [Errno 61] Connect call failed ('127.0.0.1', 8765)"
  CB: None None-None (None)  crr=None  ps=None  recent=None
  ✓ score/wickets/overs match

[08:47:17  iter#1749]
  WS ERR: "Multiple exceptions: [Errno 61] Connect call failed ('::1', 8765, 0, 0), [Errno 61] Connect call failed ('127.0.0.1', 8765)"
  CB: None None-None (None)  crr=None  ps=None  recent=None
  ✓ score/wickets/overs match

[08:47:38  iter#1750]
  WS ERR: "Multiple exceptions: [Errno 61] Connect call failed ('::1', 8765, 0, 0), [Errno 61] Connect call failed ('127.0.0.1', 8765)"
  CB: None None-None (None)  crr=None  ps=None  recent=None
  ✓ score/wickets/overs match

[08:47:58  iter#1751]
  WS ERR: "Multiple exceptions: [Errno 61] Connect call failed ('::1', 8765, 0, 0), [Errno 61] Connect call failed ('127.0.0.1', 8765)"
  CB: None None-None (None)  crr=None  ps=None  recent=None
  ✓ score/wickets/overs match

[08:48:18  iter#1752]
  WS ERR: "Multiple exceptions: [Errno 61] Connect call failed ('::1', 8765, 0, 0), [Errno 61] Connect call failed ('127.0.0.1', 8765)"
  CB: None None-None (None)  crr=None  ps=None  recent=None
  ✓ score/wickets/overs match

[08:48:38  iter#1753]
  WS ERR: "Multiple exceptions: [Errno 61] Connect call failed ('::1', 8765, 0, 0), [Errno 61] Connect call failed ('127.0.0.1', 8765)"
  CB: None None-None (None)  crr=None  ps=None  recent=None
  ✓ score/wickets/overs match

[08:48:58  iter#1754]
  WS ERR: "Multiple exceptions: [Errno 61] Connect call failed ('::1', 8765, 0, 0), [Errno 61] Connect call failed ('127.0.0.1', 8765)"
  CB: None None-None (None)  crr=None  ps=None  recent=None
  ✓ score/wickets/overs match

[08:49:18  iter#1755]
  WS ERR: "Multiple exceptions: [Errno 61] Connect call failed ('::1', 8765, 0, 0), [Errno 61] Connect call failed ('127.0.0.1', 8765)"
  CB: None None-None (None)  crr=None  ps=None  recent=None
  ✓ score/wickets/overs match

[08:49:39  iter#1756]
  WS ERR: "Multiple exceptions: [Errno 61] Connect call failed ('::1', 8765, 0, 0), [Errno 61] Connect call failed ('127.0.0.1', 8765)"
  CB: None None-None (None)  crr=None  ps=None  recent=None
  ✓ score/wickets/overs match

[08:49:59  iter#1757]
  WS ERR: "Multiple exceptions: [Errno 61] Connect call failed ('::1', 8765, 0, 0), [Errno 61] Connect call failed ('127.0.0.1', 8765)"
  CB: None None-None (None)  crr=None  ps=None  recent=None
  ✓ score/wickets/overs match

[08:50:19  iter#1758]
  WS ERR: "Multiple exceptions: [Errno 61] Connect call failed ('::1', 8765, 0, 0), [Errno 61] Connect call failed ('127.0.0.1', 8765)"
  CB: None None-None (None)  crr=None  ps=None  recent=None
  ✓ score/wickets/overs match

[08:50:39  iter#1759]
  WS ERR: "Multiple exceptions: [Errno 61] Connect call failed ('::1', 8765, 0, 0), [Errno 61] Connect call failed ('127.0.0.1', 8765)"
  CB: None None-None (None)  crr=None  ps=None  recent=None
  ✓ score/wickets/overs match

[08:50:59  iter#1760]
  WS ERR: "Multiple exceptions: [Errno 61] Connect call failed ('::1', 8765, 0, 0), [Errno 61] Connect call failed ('127.0.0.1', 8765)"
  CB: None None-None (None)  crr=None  ps=None  recent=None
  ✓ score/wickets/overs match

[08:51:19  iter#1761]
  WS ERR: "Multiple exceptions: [Errno 61] Connect call failed ('::1', 8765, 0, 0), [Errno 61] Connect call failed ('127.0.0.1', 8765)"
  CB: None None-None (None)  crr=None  ps=None  recent=None
  ✓ score/wickets/overs match

[08:51:39  iter#1762]
  WS ERR: "Multiple exceptions: [Errno 61] Connect call failed ('::1', 8765, 0, 0), [Errno 61] Connect call failed ('127.0.0.1', 8765)"
  CB: None None-None (None)  crr=None  ps=None  recent=None
  ✓ score/wickets/overs match

[08:52:00  iter#1763]
  WS ERR: "Multiple exceptions: [Errno 61] Connect call failed ('::1', 8765, 0, 0), [Errno 61] Connect call failed ('127.0.0.1', 8765)"
  CB: None None-None (None)  crr=None  ps=None  recent=None
  ✓ score/wickets/overs match

[08:52:20  iter#1764]
  WS ERR: "Multiple exceptions: [Errno 61] Connect call failed ('::1', 8765, 0, 0), [Errno 61] Connect call failed ('127.0.0.1', 8765)"
  CB: None None-None (None)  crr=None  ps=None  recent=None
  ✓ score/wickets/overs match

[08:52:40  iter#1765]
  WS ERR: "Multiple exceptions: [Errno 61] Connect call failed ('::1', 8765, 0, 0), [Errno 61] Connect call failed ('127.0.0.1', 8765)"
  CB: None None-None (None)  crr=None  ps=None  recent=None
  ✓ score/wickets/overs match

[08:53:00  iter#1766]
  WS ERR: "Multiple exceptions: [Errno 61] Connect call failed ('::1', 8765, 0, 0), [Errno 61] Connect call failed ('127.0.0.1', 8765)"
  CB: None None-None (None)  crr=None  ps=None  recent=None
  ✓ score/wickets/overs match

[08:53:20  iter#1767]
  WS ERR: "Multiple exceptions: [Errno 61] Connect call failed ('::1', 8765, 0, 0), [Errno 61] Connect call failed ('127.0.0.1', 8765)"
  CB: None None-None (None)  crr=None  ps=None  recent=None
  ✓ score/wickets/overs match

[08:53:40  iter#1768]
  WS ERR: "Multiple exceptions: [Errno 61] Connect call failed ('::1', 8765, 0, 0), [Errno 61] Connect call failed ('127.0.0.1', 8765)"
  CB: None None-None (None)  crr=None  ps=None  recent=None
  ✓ score/wickets/overs match

[08:54:00  iter#1769]
  WS ERR: "Multiple exceptions: [Errno 61] Connect call failed ('::1', 8765, 0, 0), [Errno 61] Connect call failed ('127.0.0.1', 8765)"
  CB: None None-None (None)  crr=None  ps=None  recent=None
  ✓ score/wickets/overs match

[08:54:21  iter#1770]
  WS ERR: "Multiple exceptions: [Errno 61] Connect call failed ('::1', 8765, 0, 0), [Errno 61] Connect call failed ('127.0.0.1', 8765)"
  CB: None None-None (None)  crr=None  ps=None  recent=None
  ✓ score/wickets/overs match

[08:54:41  iter#1771]
  WS ERR: "Multiple exceptions: [Errno 61] Connect call failed ('::1', 8765, 0, 0), [Errno 61] Connect call failed ('127.0.0.1', 8765)"
  CB: None None-None (None)  crr=None  ps=None  recent=None
  ✓ score/wickets/overs match

[08:55:01  iter#1772]
  WS ERR: "Multiple exceptions: [Errno 61] Connect call failed ('::1', 8765, 0, 0), [Errno 61] Connect call failed ('127.0.0.1', 8765)"
  CB: None None-None (None)  crr=None  ps=None  recent=None
  ✓ score/wickets/overs match

[08:55:21  iter#1773]
  WS ERR: "Multiple exceptions: [Errno 61] Connect call failed ('::1', 8765, 0, 0), [Errno 61] Connect call failed ('127.0.0.1', 8765)"
  CB: None None-None (None)  crr=None  ps=None  recent=None
  ✓ score/wickets/overs match

[08:55:41  iter#1774]
  WS ERR: "Multiple exceptions: [Errno 61] Connect call failed ('::1', 8765, 0, 0), [Errno 61] Connect call failed ('127.0.0.1', 8765)"
  CB: None None-None (None)  crr=None  ps=None  recent=None
  ✓ score/wickets/overs match

[08:56:02  iter#1775]
  WS ERR: "Multiple exceptions: [Errno 61] Connect call failed ('::1', 8765, 0, 0), [Errno 61] Connect call failed ('127.0.0.1', 8765)"
  CB: None None-None (None)  crr=None  ps=None  recent=None
  ✓ score/wickets/overs match

[08:56:22  iter#1776]
  WS ERR: "Multiple exceptions: [Errno 61] Connect call failed ('::1', 8765, 0, 0), [Errno 61] Connect call failed ('127.0.0.1', 8765)"
  CB: None None-None (None)  crr=None  ps=None  recent=None
  ✓ score/wickets/overs match

[08:56:42  iter#1777]
  WS ERR: "Multiple exceptions: [Errno 61] Connect call failed ('::1', 8765, 0, 0), [Errno 61] Connect call failed ('127.0.0.1', 8765)"
  CB: None None-None (None)  crr=None  ps=None  recent=None
  ✓ score/wickets/overs match

[08:57:02  iter#1778]
  WS ERR: "Multiple exceptions: [Errno 61] Connect call failed ('::1', 8765, 0, 0), [Errno 61] Connect call failed ('127.0.0.1', 8765)"
  CB: None None-None (None)  crr=None  ps=None  recent=None
  ✓ score/wickets/overs match

[08:57:22  iter#1779]
  WS ERR: "Multiple exceptions: [Errno 61] Connect call failed ('::1', 8765, 0, 0), [Errno 61] Connect call failed ('127.0.0.1', 8765)"
  CB: None None-None (None)  crr=None  ps=None  recent=None
  ✓ score/wickets/overs match

[08:57:43  iter#1780]
  WS ERR: "Multiple exceptions: [Errno 61] Connect call failed ('::1', 8765, 0, 0), [Errno 61] Connect call failed ('127.0.0.1', 8765)"
  CB: None None-None (None)  crr=None  ps=None  recent=None
  ✓ score/wickets/overs match

[08:58:03  iter#1781]
  WS ERR: "Multiple exceptions: [Errno 61] Connect call failed ('::1', 8765, 0, 0), [Errno 61] Connect call failed ('127.0.0.1', 8765)"
  CB: None None-None (None)  crr=None  ps=None  recent=None
  ✓ score/wickets/overs match

[08:58:23  iter#1782]
  WS ERR: "Multiple exceptions: [Errno 61] Connect call failed ('::1', 8765, 0, 0), [Errno 61] Connect call failed ('127.0.0.1', 8765)"
  CB: None None-None (None)  crr=None  ps=None  recent=None
  ✓ score/wickets/overs match

[08:58:43  iter#1783]
  WS ERR: "Multiple exceptions: [Errno 61] Connect call failed ('::1', 8765, 0, 0), [Errno 61] Connect call failed ('127.0.0.1', 8765)"
  CB: None None-None (None)  crr=None  ps=None  recent=None
  ✓ score/wickets/overs match

[08:59:03  iter#1784]
  WS ERR: "Multiple exceptions: [Errno 61] Connect call failed ('::1', 8765, 0, 0), [Errno 61] Connect call failed ('127.0.0.1', 8765)"
  CB: None None-None (None)  crr=None  ps=None  recent=None
  ✓ score/wickets/overs match

[08:59:23  iter#1785]
  WS ERR: "Multiple exceptions: [Errno 61] Connect call failed ('::1', 8765, 0, 0), [Errno 61] Connect call failed ('127.0.0.1', 8765)"
  CB: None None-None (None)  crr=None  ps=None  recent=None
  ✓ score/wickets/overs match

[08:59:44  iter#1786]
  WS ERR: "Multiple exceptions: [Errno 61] Connect call failed ('::1', 8765, 0, 0), [Errno 61] Connect call failed ('127.0.0.1', 8765)"
  CB: None None-None (None)  crr=None  ps=None  recent=None
  ✓ score/wickets/overs match

[09:00:04  iter#1787]
  WS ERR: "Multiple exceptions: [Errno 61] Connect call failed ('::1', 8765, 0, 0), [Errno 61] Connect call failed ('127.0.0.1', 8765)"
  CB: None None-None (None)  crr=None  ps=None  recent=None
  ✓ score/wickets/overs match

[09:00:24  iter#1788]
  WS ERR: "Multiple exceptions: [Errno 61] Connect call failed ('::1', 8765, 0, 0), [Errno 61] Connect call failed ('127.0.0.1', 8765)"
  CB: None None-None (None)  crr=None  ps=None  recent=None
  ✓ score/wickets/overs match

[09:00:44  iter#1789]
  WS ERR: "Multiple exceptions: [Errno 61] Connect call failed ('::1', 8765, 0, 0), [Errno 61] Connect call failed ('127.0.0.1', 8765)"
  CB: None None-None (None)  crr=None  ps=None  recent=None
  ✓ score/wickets/overs match

[09:01:04  iter#1790]
  WS ERR: "Multiple exceptions: [Errno 61] Connect call failed ('::1', 8765, 0, 0), [Errno 61] Connect call failed ('127.0.0.1', 8765)"
  CB: None None-None (None)  crr=None  ps=None  recent=None
  ✓ score/wickets/overs match

[09:01:25  iter#1791]
  WS ERR: "Multiple exceptions: [Errno 61] Connect call failed ('::1', 8765, 0, 0), [Errno 61] Connect call failed ('127.0.0.1', 8765)"
  CB: None None-None (None)  crr=None  ps=None  recent=None
  ✓ score/wickets/overs match

[09:01:45  iter#1792]
  WS ERR: "Multiple exceptions: [Errno 61] Connect call failed ('::1', 8765, 0, 0), [Errno 61] Connect call failed ('127.0.0.1', 8765)"
  CB: None None-None (None)  crr=None  ps=None  recent=None
  ✓ score/wickets/overs match

[09:02:05  iter#1793]
  WS ERR: "Multiple exceptions: [Errno 61] Connect call failed ('::1', 8765, 0, 0), [Errno 61] Connect call failed ('127.0.0.1', 8765)"
  CB: None None-None (None)  crr=None  ps=None  recent=None
  ✓ score/wickets/overs match

[09:02:25  iter#1794]
  WS ERR: "Multiple exceptions: [Errno 61] Connect call failed ('::1', 8765, 0, 0), [Errno 61] Connect call failed ('127.0.0.1', 8765)"
  CB: None None-None (None)  crr=None  ps=None  recent=None
  ✓ score/wickets/overs match

[09:02:45  iter#1795]
  WS ERR: "Multiple exceptions: [Errno 61] Connect call failed ('::1', 8765, 0, 0), [Errno 61] Connect call failed ('127.0.0.1', 8765)"
  CB: None None-None (None)  crr=None  ps=None  recent=None
  ✓ score/wickets/overs match

[09:03:05  iter#1796]
  WS ERR: "Multiple exceptions: [Errno 61] Connect call failed ('::1', 8765, 0, 0), [Errno 61] Connect call failed ('127.0.0.1', 8765)"
  CB: None None-None (None)  crr=None  ps=None  recent=None
  ✓ score/wickets/overs match

[09:03:25  iter#1797]
  WS ERR: "Multiple exceptions: [Errno 61] Connect call failed ('::1', 8765, 0, 0), [Errno 61] Connect call failed ('127.0.0.1', 8765)"
  CB: None None-None (None)  crr=None  ps=None  recent=None
  ✓ score/wickets/overs match

[09:03:46  iter#1798]
  WS ERR: "Multiple exceptions: [Errno 61] Connect call failed ('::1', 8765, 0, 0), [Errno 61] Connect call failed ('127.0.0.1', 8765)"
  CB: None None-None (None)  crr=None  ps=None  recent=None
  ✓ score/wickets/overs match

[09:04:06  iter#1799]
  WS ERR: "Multiple exceptions: [Errno 61] Connect call failed ('::1', 8765, 0, 0), [Errno 61] Connect call failed ('127.0.0.1', 8765)"
  CB: None None-None (None)  crr=None  ps=None  recent=None
  ✓ score/wickets/overs match

[09:04:26  iter#1800]
  WS ERR: "Multiple exceptions: [Errno 61] Connect call failed ('::1', 8765, 0, 0), [Errno 61] Connect call failed ('127.0.0.1', 8765)"
  CB: None None-None (None)  crr=None  ps=None  recent=None
  ✓ score/wickets/overs match

[09:04:46  iter#1801]
  WS ERR: "Multiple exceptions: [Errno 61] Connect call failed ('::1', 8765, 0, 0), [Errno 61] Connect call failed ('127.0.0.1', 8765)"
  CB: None None-None (None)  crr=None  ps=None  recent=None
  ✓ score/wickets/overs match

[09:05:06  iter#1802]
  WS ERR: "Multiple exceptions: [Errno 61] Connect call failed ('::1', 8765, 0, 0), [Errno 61] Connect call failed ('127.0.0.1', 8765)"
  CB: None None-None (None)  crr=None  ps=None  recent=None
  ✓ score/wickets/overs match

[09:05:26  iter#1803]
  WS ERR: "Multiple exceptions: [Errno 61] Connect call failed ('::1', 8765, 0, 0), [Errno 61] Connect call failed ('127.0.0.1', 8765)"
  CB: None None-None (None)  crr=None  ps=None  recent=None
  ✓ score/wickets/overs match

[09:05:47  iter#1804]
  WS ERR: "Multiple exceptions: [Errno 61] Connect call failed ('::1', 8765, 0, 0), [Errno 61] Connect call failed ('127.0.0.1', 8765)"
  CB: None None-None (None)  crr=None  ps=None  recent=None
  ✓ score/wickets/overs match

[09:06:07  iter#1805]
  WS ERR: "Multiple exceptions: [Errno 61] Connect call failed ('::1', 8765, 0, 0), [Errno 61] Connect call failed ('127.0.0.1', 8765)"
  CB: None None-None (None)  crr=None  ps=None  recent=None
  ✓ score/wickets/overs match

[09:06:27  iter#1806]
  WS ERR: "Multiple exceptions: [Errno 61] Connect call failed ('::1', 8765, 0, 0), [Errno 61] Connect call failed ('127.0.0.1', 8765)"
  CB: None None-None (None)  crr=None  ps=None  recent=None
  ✓ score/wickets/overs match

[09:06:47  iter#1807]
  WS ERR: "Multiple exceptions: [Errno 61] Connect call failed ('::1', 8765, 0, 0), [Errno 61] Connect call failed ('127.0.0.1', 8765)"
  CB: None None-None (None)  crr=None  ps=None  recent=None
  ✓ score/wickets/overs match

[09:07:07  iter#1808]
  WS ERR: "Multiple exceptions: [Errno 61] Connect call failed ('::1', 8765, 0, 0), [Errno 61] Connect call failed ('127.0.0.1', 8765)"
  CB: None None-None (None)  crr=None  ps=None  recent=None
  ✓ score/wickets/overs match

[09:07:28  iter#1809]
  WS ERR: "Multiple exceptions: [Errno 61] Connect call failed ('::1', 8765, 0, 0), [Errno 61] Connect call failed ('127.0.0.1', 8765)"
  CB: None None-None (None)  crr=None  ps=None  recent=None
  ✓ score/wickets/overs match

[09:07:48  iter#1810]
  WS ERR: "Multiple exceptions: [Errno 61] Connect call failed ('::1', 8765, 0, 0), [Errno 61] Connect call failed ('127.0.0.1', 8765)"
  CB: None None-None (None)  crr=None  ps=None  recent=None
  ✓ score/wickets/overs match

[09:08:08  iter#1811]
  WS ERR: "Multiple exceptions: [Errno 61] Connect call failed ('::1', 8765, 0, 0), [Errno 61] Connect call failed ('127.0.0.1', 8765)"
  CB: None None-None (None)  crr=None  ps=None  recent=None
  ✓ score/wickets/overs match

[09:08:28  iter#1812]
  WS ERR: "Multiple exceptions: [Errno 61] Connect call failed ('::1', 8765, 0, 0), [Errno 61] Connect call failed ('127.0.0.1', 8765)"
  CB: None None-None (None)  crr=None  ps=None  recent=None
  ✓ score/wickets/overs match

[09:08:48  iter#1813]
  WS ERR: "Multiple exceptions: [Errno 61] Connect call failed ('::1', 8765, 0, 0), [Errno 61] Connect call failed ('127.0.0.1', 8765)"
  CB: None None-None (None)  crr=None  ps=None  recent=None
  ✓ score/wickets/overs match

[09:09:08  iter#1814]
  WS ERR: "Multiple exceptions: [Errno 61] Connect call failed ('::1', 8765, 0, 0), [Errno 61] Connect call failed ('127.0.0.1', 8765)"
  CB: None None-None (None)  crr=None  ps=None  recent=None
  ✓ score/wickets/overs match

[09:09:28  iter#1815]
  WS ERR: "Multiple exceptions: [Errno 61] Connect call failed ('::1', 8765, 0, 0), [Errno 61] Connect call failed ('127.0.0.1', 8765)"
  CB: None None-None (None)  crr=None  ps=None  recent=None
  ✓ score/wickets/overs match

[09:09:49  iter#1816]
  WS ERR: "Multiple exceptions: [Errno 61] Connect call failed ('::1', 8765, 0, 0), [Errno 61] Connect call failed ('127.0.0.1', 8765)"
  CB: None None-None (None)  crr=None  ps=None  recent=None
  ✓ score/wickets/overs match

[09:10:09  iter#1817]
  WS ERR: "Multiple exceptions: [Errno 61] Connect call failed ('::1', 8765, 0, 0), [Errno 61] Connect call failed ('127.0.0.1', 8765)"
  CB: None None-None (None)  crr=None  ps=None  recent=None
  ✓ score/wickets/overs match

[09:10:29  iter#1818]
  WS ERR: "Multiple exceptions: [Errno 61] Connect call failed ('::1', 8765, 0, 0), [Errno 61] Connect call failed ('127.0.0.1', 8765)"
  CB: None None-None (None)  crr=None  ps=None  recent=None
  ✓ score/wickets/overs match

[09:10:49  iter#1819]
  WS ERR: "Multiple exceptions: [Errno 61] Connect call failed ('::1', 8765, 0, 0), [Errno 61] Connect call failed ('127.0.0.1', 8765)"
  CB: None None-None (None)  crr=None  ps=None  recent=None
  ✓ score/wickets/overs match

[09:11:10  iter#1820]
  WS ERR: "Multiple exceptions: [Errno 61] Connect call failed ('::1', 8765, 0, 0), [Errno 61] Connect call failed ('127.0.0.1', 8765)"
  CB: None None-None (None)  crr=None  ps=None  recent=None
  ✓ score/wickets/overs match

[09:11:30  iter#1821]
  WS ERR: "Multiple exceptions: [Errno 61] Connect call failed ('::1', 8765, 0, 0), [Errno 61] Connect call failed ('127.0.0.1', 8765)"
  CB: None None-None (None)  crr=None  ps=None  recent=None
  ✓ score/wickets/overs match

[09:11:50  iter#1822]
  WS ERR: "Multiple exceptions: [Errno 61] Connect call failed ('::1', 8765, 0, 0), [Errno 61] Connect call failed ('127.0.0.1', 8765)"
  CB: None None-None (None)  crr=None  ps=None  recent=None
  ✓ score/wickets/overs match

[09:12:10  iter#1823]
  WS ERR: "Multiple exceptions: [Errno 61] Connect call failed ('::1', 8765, 0, 0), [Errno 61] Connect call failed ('127.0.0.1', 8765)"
  CB: None None-None (None)  crr=None  ps=None  recent=None
  ✓ score/wickets/overs match

[09:12:30  iter#1824]
  WS ERR: "Multiple exceptions: [Errno 61] Connect call failed ('::1', 8765, 0, 0), [Errno 61] Connect call failed ('127.0.0.1', 8765)"
  CB: None None-None (None)  crr=None  ps=None  recent=None
  ✓ score/wickets/overs match

[09:12:50  iter#1825]
  WS ERR: "Multiple exceptions: [Errno 61] Connect call failed ('::1', 8765, 0, 0), [Errno 61] Connect call failed ('127.0.0.1', 8765)"
  CB: None None-None (None)  crr=None  ps=None  recent=None
  ✓ score/wickets/overs match

[09:13:11  iter#1826]
  WS ERR: "Multiple exceptions: [Errno 61] Connect call failed ('::1', 8765, 0, 0), [Errno 61] Connect call failed ('127.0.0.1', 8765)"
  CB: None None-None (None)  crr=None  ps=None  recent=None
  ✓ score/wickets/overs match

[09:13:31  iter#1827]
  WS ERR: "Multiple exceptions: [Errno 61] Connect call failed ('::1', 8765, 0, 0), [Errno 61] Connect call failed ('127.0.0.1', 8765)"
  CB: None None-None (None)  crr=None  ps=None  recent=None
  ✓ score/wickets/overs match

[09:13:51  iter#1828]
  WS ERR: "Multiple exceptions: [Errno 61] Connect call failed ('::1', 8765, 0, 0), [Errno 61] Connect call failed ('127.0.0.1', 8765)"
  CB: None None-None (None)  crr=None  ps=None  recent=None
  ✓ score/wickets/overs match

[09:14:11  iter#1829]
  WS ERR: "Multiple exceptions: [Errno 61] Connect call failed ('::1', 8765, 0, 0), [Errno 61] Connect call failed ('127.0.0.1', 8765)"
  CB: None None-None (None)  crr=None  ps=None  recent=None
  ✓ score/wickets/overs match

[09:14:31  iter#1830]
  WS ERR: "Multiple exceptions: [Errno 61] Connect call failed ('::1', 8765, 0, 0), [Errno 61] Connect call failed ('127.0.0.1', 8765)"
  CB: None None-None (None)  crr=None  ps=None  recent=None
  ✓ score/wickets/overs match

[09:14:51  iter#1831]
  WS ERR: "Multiple exceptions: [Errno 61] Connect call failed ('::1', 8765, 0, 0), [Errno 61] Connect call failed ('127.0.0.1', 8765)"
  CB: None None-None (None)  crr=None  ps=None  recent=None
  ✓ score/wickets/overs match

[09:15:12  iter#1832]
  WS ERR: "Multiple exceptions: [Errno 61] Connect call failed ('::1', 8765, 0, 0), [Errno 61] Connect call failed ('127.0.0.1', 8765)"
  CB: None None-None (None)  crr=None  ps=None  recent=None
  ✓ score/wickets/overs match

[09:15:32  iter#1833]
  WS ERR: "Multiple exceptions: [Errno 61] Connect call failed ('::1', 8765, 0, 0), [Errno 61] Connect call failed ('127.0.0.1', 8765)"
  CB: None None-None (None)  crr=None  ps=None  recent=None
  ✓ score/wickets/overs match

[09:15:52  iter#1834]
  WS ERR: "Multiple exceptions: [Errno 61] Connect call failed ('::1', 8765, 0, 0), [Errno 61] Connect call failed ('127.0.0.1', 8765)"
  CB: None None-None (None)  crr=None  ps=None  recent=None
  ✓ score/wickets/overs match

[09:16:12  iter#1835]
  WS ERR: "Multiple exceptions: [Errno 61] Connect call failed ('::1', 8765, 0, 0), [Errno 61] Connect call failed ('127.0.0.1', 8765)"
  CB: None None-None (None)  crr=None  ps=None  recent=None
  ✓ score/wickets/overs match

[09:16:32  iter#1836]
  WS ERR: "Multiple exceptions: [Errno 61] Connect call failed ('::1', 8765, 0, 0), [Errno 61] Connect call failed ('127.0.0.1', 8765)"
  CB: None None-None (None)  crr=None  ps=None  recent=None
  ✓ score/wickets/overs match

[09:16:52  iter#1837]
  WS ERR: "Multiple exceptions: [Errno 61] Connect call failed ('::1', 8765, 0, 0), [Errno 61] Connect call failed ('127.0.0.1', 8765)"
  CB: None None-None (None)  crr=None  ps=None  recent=None
  ✓ score/wickets/overs match

[09:17:13  iter#1838]
  WS ERR: "Multiple exceptions: [Errno 61] Connect call failed ('::1', 8765, 0, 0), [Errno 61] Connect call failed ('127.0.0.1', 8765)"
  CB: None None-None (None)  crr=None  ps=None  recent=None
  ✓ score/wickets/overs match

[09:17:33  iter#1839]
  WS ERR: "Multiple exceptions: [Errno 61] Connect call failed ('::1', 8765, 0, 0), [Errno 61] Connect call failed ('127.0.0.1', 8765)"
  CB: None None-None (None)  crr=None  ps=None  recent=None
  ✓ score/wickets/overs match

[09:17:53  iter#1840]
  WS ERR: "Multiple exceptions: [Errno 61] Connect call failed ('::1', 8765, 0, 0), [Errno 61] Connect call failed ('127.0.0.1', 8765)"
  CB: None None-None (None)  crr=None  ps=None  recent=None
  ✓ score/wickets/overs match

[09:18:13  iter#1841]
  WS ERR: "Multiple exceptions: [Errno 61] Connect call failed ('::1', 8765, 0, 0), [Errno 61] Connect call failed ('127.0.0.1', 8765)"
  CB: None None-None (None)  crr=None  ps=None  recent=None
  ✓ score/wickets/overs match

[09:18:33  iter#1842]
  WS ERR: "Multiple exceptions: [Errno 61] Connect call failed ('::1', 8765, 0, 0), [Errno 61] Connect call failed ('127.0.0.1', 8765)"
  CB: None None-None (None)  crr=None  ps=None  recent=None
  ✓ score/wickets/overs match

[09:18:53  iter#1843]
  WS ERR: "Multiple exceptions: [Errno 61] Connect call failed ('::1', 8765, 0, 0), [Errno 61] Connect call failed ('127.0.0.1', 8765)"
  CB: None None-None (None)  crr=None  ps=None  recent=None
  ✓ score/wickets/overs match

[09:19:14  iter#1844]
  WS ERR: "Multiple exceptions: [Errno 61] Connect call failed ('::1', 8765, 0, 0), [Errno 61] Connect call failed ('127.0.0.1', 8765)"
  CB: None None-None (None)  crr=None  ps=None  recent=None
  ✓ score/wickets/overs match

[09:19:34  iter#1845]
  WS ERR: "Multiple exceptions: [Errno 61] Connect call failed ('::1', 8765, 0, 0), [Errno 61] Connect call failed ('127.0.0.1', 8765)"
  CB: None None-None (None)  crr=None  ps=None  recent=None
  ✓ score/wickets/overs match

[09:19:54  iter#1846]
  WS ERR: "Multiple exceptions: [Errno 61] Connect call failed ('::1', 8765, 0, 0), [Errno 61] Connect call failed ('127.0.0.1', 8765)"
  CB: None None-None (None)  crr=None  ps=None  recent=None
  ✓ score/wickets/overs match

[09:20:14  iter#1847]
  WS ERR: "Multiple exceptions: [Errno 61] Connect call failed ('::1', 8765, 0, 0), [Errno 61] Connect call failed ('127.0.0.1', 8765)"
  CB: None None-None (None)  crr=None  ps=None  recent=None
  ✓ score/wickets/overs match

[09:20:34  iter#1848]
  WS ERR: "Multiple exceptions: [Errno 61] Connect call failed ('::1', 8765, 0, 0), [Errno 61] Connect call failed ('127.0.0.1', 8765)"
  CB: None None-None (None)  crr=None  ps=None  recent=None
  ✓ score/wickets/overs match

[09:20:54  iter#1849]
  WS ERR: "Multiple exceptions: [Errno 61] Connect call failed ('::1', 8765, 0, 0), [Errno 61] Connect call failed ('127.0.0.1', 8765)"
  CB: None None-None (None)  crr=None  ps=None  recent=None
  ✓ score/wickets/overs match

[09:21:15  iter#1850]
  WS ERR: "Multiple exceptions: [Errno 61] Connect call failed ('::1', 8765, 0, 0), [Errno 61] Connect call failed ('127.0.0.1', 8765)"
  CB: None None-None (None)  crr=None  ps=None  recent=None
  ✓ score/wickets/overs match

[09:21:35  iter#1851]
  WS ERR: "Multiple exceptions: [Errno 61] Connect call failed ('::1', 8765, 0, 0), [Errno 61] Connect call failed ('127.0.0.1', 8765)"
  CB: None None-None (None)  crr=None  ps=None  recent=None
  ✓ score/wickets/overs match

[09:21:55  iter#1852]
  WS ERR: "Multiple exceptions: [Errno 61] Connect call failed ('::1', 8765, 0, 0), [Errno 61] Connect call failed ('127.0.0.1', 8765)"
  CB: None None-None (None)  crr=None  ps=None  recent=None
  ✓ score/wickets/overs match

[09:22:15  iter#1853]
  WS ERR: "Multiple exceptions: [Errno 61] Connect call failed ('::1', 8765, 0, 0), [Errno 61] Connect call failed ('127.0.0.1', 8765)"
  CB: None None-None (None)  crr=None  ps=None  recent=None
  ✓ score/wickets/overs match

[09:22:35  iter#1854]
  WS ERR: "Multiple exceptions: [Errno 61] Connect call failed ('::1', 8765, 0, 0), [Errno 61] Connect call failed ('127.0.0.1', 8765)"
  CB: None None-None (None)  crr=None  ps=None  recent=None
  ✓ score/wickets/overs match

[09:22:56  iter#1855]
  WS ERR: "Multiple exceptions: [Errno 61] Connect call failed ('::1', 8765, 0, 0), [Errno 61] Connect call failed ('127.0.0.1', 8765)"
  CB: None None-None (None)  crr=None  ps=None  recent=None
  ✓ score/wickets/overs match

[09:23:16  iter#1856]
  WS ERR: "Multiple exceptions: [Errno 61] Connect call failed ('::1', 8765, 0, 0), [Errno 61] Connect call failed ('127.0.0.1', 8765)"
  CB: None None-None (None)  crr=None  ps=None  recent=None
  ✓ score/wickets/overs match

[09:23:36  iter#1857]
  WS ERR: "Multiple exceptions: [Errno 61] Connect call failed ('::1', 8765, 0, 0), [Errno 61] Connect call failed ('127.0.0.1', 8765)"
  CB: None None-None (None)  crr=None  ps=None  recent=None
  ✓ score/wickets/overs match

[09:23:56  iter#1858]
  WS ERR: "Multiple exceptions: [Errno 61] Connect call failed ('::1', 8765, 0, 0), [Errno 61] Connect call failed ('127.0.0.1', 8765)"
  CB: None None-None (None)  crr=None  ps=None  recent=None
  ✓ score/wickets/overs match

[09:24:16  iter#1859]
  WS ERR: "Multiple exceptions: [Errno 61] Connect call failed ('::1', 8765, 0, 0), [Errno 61] Connect call failed ('127.0.0.1', 8765)"
  CB: None None-None (None)  crr=None  ps=None  recent=None
  ✓ score/wickets/overs match

[09:24:36  iter#1860]
  WS ERR: "Multiple exceptions: [Errno 61] Connect call failed ('::1', 8765, 0, 0), [Errno 61] Connect call failed ('127.0.0.1', 8765)"
  CB: None None-None (None)  crr=None  ps=None  recent=None
  ✓ score/wickets/overs match

[09:24:57  iter#1861]
  WS ERR: "Multiple exceptions: [Errno 61] Connect call failed ('::1', 8765, 0, 0), [Errno 61] Connect call failed ('127.0.0.1', 8765)"
  CB: None None-None (None)  crr=None  ps=None  recent=None
  ✓ score/wickets/overs match

[09:25:17  iter#1862]
  WS ERR: "Multiple exceptions: [Errno 61] Connect call failed ('::1', 8765, 0, 0), [Errno 61] Connect call failed ('127.0.0.1', 8765)"
  CB: None None-None (None)  crr=None  ps=None  recent=None
  ✓ score/wickets/overs match

[09:25:37  iter#1863]
  WS ERR: "Multiple exceptions: [Errno 61] Connect call failed ('::1', 8765, 0, 0), [Errno 61] Connect call failed ('127.0.0.1', 8765)"
  CB: None None-None (None)  crr=None  ps=None  recent=None
  ✓ score/wickets/overs match

[09:25:57  iter#1864]
  WS ERR: "Multiple exceptions: [Errno 61] Connect call failed ('::1', 8765, 0, 0), [Errno 61] Connect call failed ('127.0.0.1', 8765)"
  CB: None None-None (None)  crr=None  ps=None  recent=None
  ✓ score/wickets/overs match

[09:26:18  iter#1865]
  WS ERR: "Multiple exceptions: [Errno 61] Connect call failed ('::1', 8765, 0, 0), [Errno 61] Connect call failed ('127.0.0.1', 8765)"
  CB: None None-None (None)  crr=None  ps=None  recent=None
  ✓ score/wickets/overs match

[09:26:38  iter#1866]
  WS ERR: "Multiple exceptions: [Errno 61] Connect call failed ('::1', 8765, 0, 0), [Errno 61] Connect call failed ('127.0.0.1', 8765)"
  CB: None None-None (None)  crr=None  ps=None  recent=None
  ✓ score/wickets/overs match

[09:26:58  iter#1867]
  WS ERR: "Multiple exceptions: [Errno 61] Connect call failed ('::1', 8765, 0, 0), [Errno 61] Connect call failed ('127.0.0.1', 8765)"
  CB: None None-None (None)  crr=None  ps=None  recent=None
  ✓ score/wickets/overs match

[09:27:18  iter#1868]
  WS ERR: "Multiple exceptions: [Errno 61] Connect call failed ('::1', 8765, 0, 0), [Errno 61] Connect call failed ('127.0.0.1', 8765)"
  CB: None None-None (None)  crr=None  ps=None  recent=None
  ✓ score/wickets/overs match

[09:27:39  iter#1869]
  WS ERR: "Multiple exceptions: [Errno 61] Connect call failed ('::1', 8765, 0, 0), [Errno 61] Connect call failed ('127.0.0.1', 8765)"
  CB: None None-None (None)  crr=None  ps=None  recent=None
  ✓ score/wickets/overs match

[09:27:59  iter#1870]
  WS ERR: "Multiple exceptions: [Errno 61] Connect call failed ('::1', 8765, 0, 0), [Errno 61] Connect call failed ('127.0.0.1', 8765)"
  CB: None None-None (None)  crr=None  ps=None  recent=None
  ✓ score/wickets/overs match

[09:28:19  iter#1871]
  WS ERR: "Multiple exceptions: [Errno 61] Connect call failed ('::1', 8765, 0, 0), [Errno 61] Connect call failed ('127.0.0.1', 8765)"
  CB: None None-None (None)  crr=None  ps=None  recent=None
  ✓ score/wickets/overs match

[09:28:39  iter#1872]
  WS ERR: "Multiple exceptions: [Errno 61] Connect call failed ('::1', 8765, 0, 0), [Errno 61] Connect call failed ('127.0.0.1', 8765)"
  CB: None None-None (None)  crr=None  ps=None  recent=None
  ✓ score/wickets/overs match

[09:28:59  iter#1873]
  WS ERR: "Multiple exceptions: [Errno 61] Connect call failed ('::1', 8765, 0, 0), [Errno 61] Connect call failed ('127.0.0.1', 8765)"
  CB: None None-None (None)  crr=None  ps=None  recent=None
  ✓ score/wickets/overs match

[09:29:20  iter#1874]
  WS ERR: "Multiple exceptions: [Errno 61] Connect call failed ('::1', 8765, 0, 0), [Errno 61] Connect call failed ('127.0.0.1', 8765)"
  CB: None None-None (None)  crr=None  ps=None  recent=None
  ✓ score/wickets/overs match

[09:29:40  iter#1875]
  WS ERR: "Multiple exceptions: [Errno 61] Connect call failed ('::1', 8765, 0, 0), [Errno 61] Connect call failed ('127.0.0.1', 8765)"
  CB: None None-None (None)  crr=None  ps=None  recent=None
  ✓ score/wickets/overs match

[09:30:00  iter#1876]
  WS ERR: "Multiple exceptions: [Errno 61] Connect call failed ('::1', 8765, 0, 0), [Errno 61] Connect call failed ('127.0.0.1', 8765)"
  CB: None None-None (None)  crr=None  ps=None  recent=None
  ✓ score/wickets/overs match

[09:30:20  iter#1877]
  WS ERR: "Multiple exceptions: [Errno 61] Connect call failed ('::1', 8765, 0, 0), [Errno 61] Connect call failed ('127.0.0.1', 8765)"
  CB: None None-None (None)  crr=None  ps=None  recent=None
  ✓ score/wickets/overs match

[09:30:40  iter#1878]
  WS ERR: "Multiple exceptions: [Errno 61] Connect call failed ('::1', 8765, 0, 0), [Errno 61] Connect call failed ('127.0.0.1', 8765)"
  CB: None None-None (None)  crr=None  ps=None  recent=None
  ✓ score/wickets/overs match

[09:31:00  iter#1879]
  WS ERR: "Multiple exceptions: [Errno 61] Connect call failed ('::1', 8765, 0, 0), [Errno 61] Connect call failed ('127.0.0.1', 8765)"
  CB: None None-None (None)  crr=None  ps=None  recent=None
  ✓ score/wickets/overs match

[09:31:20  iter#1880]
  WS ERR: "Multiple exceptions: [Errno 61] Connect call failed ('::1', 8765, 0, 0), [Errno 61] Connect call failed ('127.0.0.1', 8765)"
  CB: None None-None (None)  crr=None  ps=None  recent=None
  ✓ score/wickets/overs match

[09:31:41  iter#1881]
  WS ERR: "Multiple exceptions: [Errno 61] Connect call failed ('::1', 8765, 0, 0), [Errno 61] Connect call failed ('127.0.0.1', 8765)"
  CB: None None-None (None)  crr=None  ps=None  recent=None
  ✓ score/wickets/overs match

[09:32:01  iter#1882]
  WS ERR: "Multiple exceptions: [Errno 61] Connect call failed ('::1', 8765, 0, 0), [Errno 61] Connect call failed ('127.0.0.1', 8765)"
  CB: None None-None (None)  crr=None  ps=None  recent=None
  ✓ score/wickets/overs match

[09:32:21  iter#1883]
  WS ERR: "Multiple exceptions: [Errno 61] Connect call failed ('::1', 8765, 0, 0), [Errno 61] Connect call failed ('127.0.0.1', 8765)"
  CB: None None-None (None)  crr=None  ps=None  recent=None
  ✓ score/wickets/overs match

[09:32:41  iter#1884]
  WS ERR: "Multiple exceptions: [Errno 61] Connect call failed ('::1', 8765, 0, 0), [Errno 61] Connect call failed ('127.0.0.1', 8765)"
  CB: None None-None (None)  crr=None  ps=None  recent=None
  ✓ score/wickets/overs match

[09:33:01  iter#1885]
  WS ERR: "Multiple exceptions: [Errno 61] Connect call failed ('::1', 8765, 0, 0), [Errno 61] Connect call failed ('127.0.0.1', 8765)"
  CB: None None-None (None)  crr=None  ps=None  recent=None
  ✓ score/wickets/overs match

[09:33:21  iter#1886]
  WS ERR: "Multiple exceptions: [Errno 61] Connect call failed ('::1', 8765, 0, 0), [Errno 61] Connect call failed ('127.0.0.1', 8765)"
  CB: None None-None (None)  crr=None  ps=None  recent=None
  ✓ score/wickets/overs match

[09:33:42  iter#1887]
  WS ERR: "Multiple exceptions: [Errno 61] Connect call failed ('::1', 8765, 0, 0), [Errno 61] Connect call failed ('127.0.0.1', 8765)"
  CB: None None-None (None)  crr=None  ps=None  recent=None
  ✓ score/wickets/overs match

[09:34:02  iter#1888]
  WS ERR: "Multiple exceptions: [Errno 61] Connect call failed ('::1', 8765, 0, 0), [Errno 61] Connect call failed ('127.0.0.1', 8765)"
  CB: None None-None (None)  crr=None  ps=None  recent=None
  ✓ score/wickets/overs match

[09:34:22  iter#1889]
  WS ERR: "Multiple exceptions: [Errno 61] Connect call failed ('::1', 8765, 0, 0), [Errno 61] Connect call failed ('127.0.0.1', 8765)"
  CB: None None-None (None)  crr=None  ps=None  recent=None
  ✓ score/wickets/overs match

[09:34:42  iter#1890]
  WS ERR: "Multiple exceptions: [Errno 61] Connect call failed ('::1', 8765, 0, 0), [Errno 61] Connect call failed ('127.0.0.1', 8765)"
  CB: None None-None (None)  crr=None  ps=None  recent=None
  ✓ score/wickets/overs match

[09:35:02  iter#1891]
  WS ERR: "Multiple exceptions: [Errno 61] Connect call failed ('::1', 8765, 0, 0), [Errno 61] Connect call failed ('127.0.0.1', 8765)"
  CB: None None-None (None)  crr=None  ps=None  recent=None
  ✓ score/wickets/overs match

[09:35:23  iter#1892]
  WS ERR: "Multiple exceptions: [Errno 61] Connect call failed ('::1', 8765, 0, 0), [Errno 61] Connect call failed ('127.0.0.1', 8765)"
  CB: None None-None (None)  crr=None  ps=None  recent=None
  ✓ score/wickets/overs match

[09:35:43  iter#1893]
  WS ERR: "Multiple exceptions: [Errno 61] Connect call failed ('::1', 8765, 0, 0), [Errno 61] Connect call failed ('127.0.0.1', 8765)"
  CB: None None-None (None)  crr=None  ps=None  recent=None
  ✓ score/wickets/overs match

[09:36:03  iter#1894]
  WS ERR: "Multiple exceptions: [Errno 61] Connect call failed ('::1', 8765, 0, 0), [Errno 61] Connect call failed ('127.0.0.1', 8765)"
  CB: None None-None (None)  crr=None  ps=None  recent=None
  ✓ score/wickets/overs match

[09:36:23  iter#1895]
  WS ERR: "Multiple exceptions: [Errno 61] Connect call failed ('::1', 8765, 0, 0), [Errno 61] Connect call failed ('127.0.0.1', 8765)"
  CB: None None-None (None)  crr=None  ps=None  recent=None
  ✓ score/wickets/overs match

[09:36:43  iter#1896]
  WS ERR: "Multiple exceptions: [Errno 61] Connect call failed ('::1', 8765, 0, 0), [Errno 61] Connect call failed ('127.0.0.1', 8765)"
  CB: None None-None (None)  crr=None  ps=None  recent=None
  ✓ score/wickets/overs match

[09:37:04  iter#1897]
  WS ERR: "Multiple exceptions: [Errno 61] Connect call failed ('::1', 8765, 0, 0), [Errno 61] Connect call failed ('127.0.0.1', 8765)"
  CB: None None-None (None)  crr=None  ps=None  recent=None
  ✓ score/wickets/overs match

[09:37:24  iter#1898]
  WS ERR: "Multiple exceptions: [Errno 61] Connect call failed ('::1', 8765, 0, 0), [Errno 61] Connect call failed ('127.0.0.1', 8765)"
  CB: None None-None (None)  crr=None  ps=None  recent=None
  ✓ score/wickets/overs match

[09:37:44  iter#1899]
  WS ERR: "Multiple exceptions: [Errno 61] Connect call failed ('::1', 8765, 0, 0), [Errno 61] Connect call failed ('127.0.0.1', 8765)"
  CB: None None-None (None)  crr=None  ps=None  recent=None
  ✓ score/wickets/overs match

[09:38:04  iter#1900]
  WS ERR: "Multiple exceptions: [Errno 61] Connect call failed ('::1', 8765, 0, 0), [Errno 61] Connect call failed ('127.0.0.1', 8765)"
  CB: None None-None (None)  crr=None  ps=None  recent=None
  ✓ score/wickets/overs match

[09:38:24  iter#1901]
  WS ERR: "Multiple exceptions: [Errno 61] Connect call failed ('::1', 8765, 0, 0), [Errno 61] Connect call failed ('127.0.0.1', 8765)"
  CB: None None-None (None)  crr=None  ps=None  recent=None
  ✓ score/wickets/overs match

[09:38:44  iter#1902]
  WS ERR: "Multiple exceptions: [Errno 61] Connect call failed ('::1', 8765, 0, 0), [Errno 61] Connect call failed ('127.0.0.1', 8765)"
  CB: None None-None (None)  crr=None  ps=None  recent=None
  ✓ score/wickets/overs match

[09:39:05  iter#1903]
  WS ERR: "Multiple exceptions: [Errno 61] Connect call failed ('::1', 8765, 0, 0), [Errno 61] Connect call failed ('127.0.0.1', 8765)"
  CB: None None-None (None)  crr=None  ps=None  recent=None
  ✓ score/wickets/overs match

[09:39:25  iter#1904]
  WS ERR: "Multiple exceptions: [Errno 61] Connect call failed ('::1', 8765, 0, 0), [Errno 61] Connect call failed ('127.0.0.1', 8765)"
  CB: None None-None (None)  crr=None  ps=None  recent=None
  ✓ score/wickets/overs match

[09:39:45  iter#1905]
  WS ERR: "Multiple exceptions: [Errno 61] Connect call failed ('::1', 8765, 0, 0), [Errno 61] Connect call failed ('127.0.0.1', 8765)"
  CB: None None-None (None)  crr=None  ps=None  recent=None
  ✓ score/wickets/overs match

[09:40:06  iter#1906]
  WS ERR: "Multiple exceptions: [Errno 61] Connect call failed ('::1', 8765, 0, 0), [Errno 61] Connect call failed ('127.0.0.1', 8765)"
  CB: None None-None (None)  crr=None  ps=None  recent=None
  ✓ score/wickets/overs match

[09:40:26  iter#1907]
  WS ERR: "Multiple exceptions: [Errno 61] Connect call failed ('::1', 8765, 0, 0), [Errno 61] Connect call failed ('127.0.0.1', 8765)"
  CB: None None-None (None)  crr=None  ps=None  recent=None
  ✓ score/wickets/overs match

[09:40:46  iter#1908]
  WS ERR: "Multiple exceptions: [Errno 61] Connect call failed ('::1', 8765, 0, 0), [Errno 61] Connect call failed ('127.0.0.1', 8765)"
  CB: None None-None (None)  crr=None  ps=None  recent=None
  ✓ score/wickets/overs match

[09:41:06  iter#1909]
  WS ERR: "Multiple exceptions: [Errno 61] Connect call failed ('::1', 8765, 0, 0), [Errno 61] Connect call failed ('127.0.0.1', 8765)"
  CB: None None-None (None)  crr=None  ps=None  recent=None
  ✓ score/wickets/overs match

[09:41:26  iter#1910]
  WS ERR: "Multiple exceptions: [Errno 61] Connect call failed ('::1', 8765, 0, 0), [Errno 61] Connect call failed ('127.0.0.1', 8765)"
  CB: None None-None (None)  crr=None  ps=None  recent=None
  ✓ score/wickets/overs match

[09:41:47  iter#1911]
  WS ERR: "Multiple exceptions: [Errno 61] Connect call failed ('::1', 8765, 0, 0), [Errno 61] Connect call failed ('127.0.0.1', 8765)"
  CB: None None-None (None)  crr=None  ps=None  recent=None
  ✓ score/wickets/overs match

[09:42:07  iter#1912]
  WS ERR: "Multiple exceptions: [Errno 61] Connect call failed ('::1', 8765, 0, 0), [Errno 61] Connect call failed ('127.0.0.1', 8765)"
  CB: None None-None (None)  crr=None  ps=None  recent=None
  ✓ score/wickets/overs match

[09:42:27  iter#1913]
  WS ERR: "Multiple exceptions: [Errno 61] Connect call failed ('::1', 8765, 0, 0), [Errno 61] Connect call failed ('127.0.0.1', 8765)"
  CB: None None-None (None)  crr=None  ps=None  recent=None
  ✓ score/wickets/overs match

[09:42:47  iter#1914]
  WS ERR: "Multiple exceptions: [Errno 61] Connect call failed ('::1', 8765, 0, 0), [Errno 61] Connect call failed ('127.0.0.1', 8765)"
  CB: None None-None (None)  crr=None  ps=None  recent=None
  ✓ score/wickets/overs match

[09:43:07  iter#1915]
  WS ERR: "Multiple exceptions: [Errno 61] Connect call failed ('::1', 8765, 0, 0), [Errno 61] Connect call failed ('127.0.0.1', 8765)"
  CB: None None-None (None)  crr=None  ps=None  recent=None
  ✓ score/wickets/overs match

[09:43:28  iter#1916]
  WS ERR: "Multiple exceptions: [Errno 61] Connect call failed ('::1', 8765, 0, 0), [Errno 61] Connect call failed ('127.0.0.1', 8765)"
  CB: None None-None (None)  crr=None  ps=None  recent=None
  ✓ score/wickets/overs match

[09:43:48  iter#1917]
  WS ERR: "Multiple exceptions: [Errno 61] Connect call failed ('::1', 8765, 0, 0), [Errno 61] Connect call failed ('127.0.0.1', 8765)"
  CB: None None-None (None)  crr=None  ps=None  recent=None
  ✓ score/wickets/overs match

[09:44:08  iter#1918]
  WS ERR: "Multiple exceptions: [Errno 61] Connect call failed ('::1', 8765, 0, 0), [Errno 61] Connect call failed ('127.0.0.1', 8765)"
  CB: None None-None (None)  crr=None  ps=None  recent=None
  ✓ score/wickets/overs match

[09:44:28  iter#1919]
  WS ERR: "Multiple exceptions: [Errno 61] Connect call failed ('::1', 8765, 0, 0), [Errno 61] Connect call failed ('127.0.0.1', 8765)"
  CB: None None-None (None)  crr=None  ps=None  recent=None
  ✓ score/wickets/overs match

[09:44:48  iter#1920]
  WS ERR: "Multiple exceptions: [Errno 61] Connect call failed ('::1', 8765, 0, 0), [Errno 61] Connect call failed ('127.0.0.1', 8765)"
  CB: None None-None (None)  crr=None  ps=None  recent=None
  ✓ score/wickets/overs match

[09:45:08  iter#1921]
  WS ERR: "Multiple exceptions: [Errno 61] Connect call failed ('::1', 8765, 0, 0), [Errno 61] Connect call failed ('127.0.0.1', 8765)"
  CB: None None-None (None)  crr=None  ps=None  recent=None
  ✓ score/wickets/overs match

[09:45:29  iter#1922]
  WS ERR: "Multiple exceptions: [Errno 61] Connect call failed ('::1', 8765, 0, 0), [Errno 61] Connect call failed ('127.0.0.1', 8765)"
  CB: None None-None (None)  crr=None  ps=None  recent=None
  ✓ score/wickets/overs match

[09:45:49  iter#1923]
  WS ERR: "Multiple exceptions: [Errno 61] Connect call failed ('::1', 8765, 0, 0), [Errno 61] Connect call failed ('127.0.0.1', 8765)"
  CB: None None-None (None)  crr=None  ps=None  recent=None
  ✓ score/wickets/overs match

[09:46:09  iter#1924]
  WS ERR: "Multiple exceptions: [Errno 61] Connect call failed ('::1', 8765, 0, 0), [Errno 61] Connect call failed ('127.0.0.1', 8765)"
  CB: None None-None (None)  crr=None  ps=None  recent=None
  ✓ score/wickets/overs match

[09:46:29  iter#1925]
  WS ERR: "Multiple exceptions: [Errno 61] Connect call failed ('::1', 8765, 0, 0), [Errno 61] Connect call failed ('127.0.0.1', 8765)"
  CB: None None-None (None)  crr=None  ps=None  recent=None
  ✓ score/wickets/overs match

[09:46:50  iter#1926]
  WS ERR: "Multiple exceptions: [Errno 61] Connect call failed ('::1', 8765, 0, 0), [Errno 61] Connect call failed ('127.0.0.1', 8765)"
  CB: None None-None (None)  crr=None  ps=None  recent=None
  ✓ score/wickets/overs match

[09:47:10  iter#1927]
  WS ERR: "Multiple exceptions: [Errno 61] Connect call failed ('::1', 8765, 0, 0), [Errno 61] Connect call failed ('127.0.0.1', 8765)"
  CB: None None-None (None)  crr=None  ps=None  recent=None
  ✓ score/wickets/overs match

[09:47:30  iter#1928]
  WS ERR: "Multiple exceptions: [Errno 61] Connect call failed ('::1', 8765, 0, 0), [Errno 61] Connect call failed ('127.0.0.1', 8765)"
  CB: None None-None (None)  crr=None  ps=None  recent=None
  ✓ score/wickets/overs match

[09:47:51  iter#1929]
  WS ERR: "Multiple exceptions: [Errno 61] Connect call failed ('::1', 8765, 0, 0), [Errno 61] Connect call failed ('127.0.0.1', 8765)"
  CB: None None-None (None)  crr=None  ps=None  recent=None
  ✓ score/wickets/overs match

[09:48:12  iter#1930]
  WS ERR: "Multiple exceptions: [Errno 61] Connect call failed ('::1', 8765, 0, 0), [Errno 61] Connect call failed ('127.0.0.1', 8765)"
  CB: None None-None (None)  crr=None  ps=None  recent=None
  ✓ score/wickets/overs match

[09:48:32  iter#1931]
  WS ERR: "Multiple exceptions: [Errno 61] Connect call failed ('::1', 8765, 0, 0), [Errno 61] Connect call failed ('127.0.0.1', 8765)"
  CB: None None-None (None)  crr=None  ps=None  recent=None
  ✓ score/wickets/overs match

[09:48:52  iter#1932]
  WS ERR: "Multiple exceptions: [Errno 61] Connect call failed ('::1', 8765, 0, 0), [Errno 61] Connect call failed ('127.0.0.1', 8765)"
  CB: None None-None (None)  crr=None  ps=None  recent=None
  ✓ score/wickets/overs match

[09:49:12  iter#1933]
  WS ERR: "Multiple exceptions: [Errno 61] Connect call failed ('::1', 8765, 0, 0), [Errno 61] Connect call failed ('127.0.0.1', 8765)"
  CB: None None-None (None)  crr=None  ps=None  recent=None
  ✓ score/wickets/overs match

[09:49:32  iter#1934]
  WS ERR: "Multiple exceptions: [Errno 61] Connect call failed ('::1', 8765, 0, 0), [Errno 61] Connect call failed ('127.0.0.1', 8765)"
  CB: None None-None (None)  crr=None  ps=None  recent=None
  ✓ score/wickets/overs match

[09:49:52  iter#1935]
  WS ERR: "Multiple exceptions: [Errno 61] Connect call failed ('::1', 8765, 0, 0), [Errno 61] Connect call failed ('127.0.0.1', 8765)"
  CB: None None-None (None)  crr=None  ps=None  recent=None
  ✓ score/wickets/overs match

[09:50:13  iter#1936]
  WS ERR: "Multiple exceptions: [Errno 61] Connect call failed ('::1', 8765, 0, 0), [Errno 61] Connect call failed ('127.0.0.1', 8765)"
  CB: None None-None (None)  crr=None  ps=None  recent=None
  ✓ score/wickets/overs match

[09:50:34  iter#1937]
  WS ERR: "Multiple exceptions: [Errno 61] Connect call failed ('::1', 8765, 0, 0), [Errno 61] Connect call failed ('127.0.0.1', 8765)"
  CB: None None-None (None)  crr=None  ps=None  recent=None
  ✓ score/wickets/overs match

[09:50:54  iter#1938]
  WS ERR: "Multiple exceptions: [Errno 61] Connect call failed ('::1', 8765, 0, 0), [Errno 61] Connect call failed ('127.0.0.1', 8765)"
  CB: None None-None (None)  crr=None  ps=None  recent=None
  ✓ score/wickets/overs match

[09:51:15  iter#1939]
  WS ERR: "Multiple exceptions: [Errno 61] Connect call failed ('::1', 8765, 0, 0), [Errno 61] Connect call failed ('127.0.0.1', 8765)"
  CB: None None-None (None)  crr=None  ps=None  recent=None
  ✓ score/wickets/overs match

[09:51:35  iter#1940]
  WS ERR: "Multiple exceptions: [Errno 61] Connect call failed ('::1', 8765, 0, 0), [Errno 61] Connect call failed ('127.0.0.1', 8765)"
  CB: None None-None (None)  crr=None  ps=None  recent=None
  ✓ score/wickets/overs match

[09:51:55  iter#1941]
  WS ERR: "Multiple exceptions: [Errno 61] Connect call failed ('::1', 8765, 0, 0), [Errno 61] Connect call failed ('127.0.0.1', 8765)"
  CB: None None-None (None)  crr=None  ps=None  recent=None
  ✓ score/wickets/overs match

[09:52:15  iter#1942]
  WS ERR: "Multiple exceptions: [Errno 61] Connect call failed ('::1', 8765, 0, 0), [Errno 61] Connect call failed ('127.0.0.1', 8765)"
  CB: None None-None (None)  crr=None  ps=None  recent=None
  ✓ score/wickets/overs match

[09:52:36  iter#1943]
  WS ERR: "Multiple exceptions: [Errno 61] Connect call failed ('::1', 8765, 0, 0), [Errno 61] Connect call failed ('127.0.0.1', 8765)"
  CB: None None-None (None)  crr=None  ps=None  recent=None
  ✓ score/wickets/overs match

[09:52:56  iter#1944]
  WS ERR: "Multiple exceptions: [Errno 61] Connect call failed ('::1', 8765, 0, 0), [Errno 61] Connect call failed ('127.0.0.1', 8765)"
  CB: None None-None (None)  crr=None  ps=None  recent=None
  ✓ score/wickets/overs match

[09:53:16  iter#1945]
  WS ERR: "Multiple exceptions: [Errno 61] Connect call failed ('::1', 8765, 0, 0), [Errno 61] Connect call failed ('127.0.0.1', 8765)"
  CB: None None-None (None)  crr=None  ps=None  recent=None
  ✓ score/wickets/overs match

[09:53:37  iter#1946]
  WS ERR: "Multiple exceptions: [Errno 61] Connect call failed ('::1', 8765, 0, 0), [Errno 61] Connect call failed ('127.0.0.1', 8765)"
  CB: None None-None (None)  crr=None  ps=None  recent=None
  ✓ score/wickets/overs match

[09:53:57  iter#1947]
  WS ERR: "Multiple exceptions: [Errno 61] Connect call failed ('::1', 8765, 0, 0), [Errno 61] Connect call failed ('127.0.0.1', 8765)"
  CB: None None-None (None)  crr=None  ps=None  recent=None
  ✓ score/wickets/overs match

[09:54:17  iter#1948]
  WS ERR: "Multiple exceptions: [Errno 61] Connect call failed ('::1', 8765, 0, 0), [Errno 61] Connect call failed ('127.0.0.1', 8765)"
  CB: None None-None (None)  crr=None  ps=None  recent=None
  ✓ score/wickets/overs match

[09:54:37  iter#1949]
  WS ERR: "Multiple exceptions: [Errno 61] Connect call failed ('::1', 8765, 0, 0), [Errno 61] Connect call failed ('127.0.0.1', 8765)"
  CB: None None-None (None)  crr=None  ps=None  recent=None
  ✓ score/wickets/overs match

[09:54:58  iter#1950]
  WS ERR: "Multiple exceptions: [Errno 61] Connect call failed ('::1', 8765, 0, 0), [Errno 61] Connect call failed ('127.0.0.1', 8765)"
  CB: None None-None (None)  crr=None  ps=None  recent=None
  ✓ score/wickets/overs match

[09:55:18  iter#1951]
  WS ERR: "Multiple exceptions: [Errno 61] Connect call failed ('::1', 8765, 0, 0), [Errno 61] Connect call failed ('127.0.0.1', 8765)"
  CB: None None-None (None)  crr=None  ps=None  recent=None
  ✓ score/wickets/overs match

[09:55:38  iter#1952]
  WS ERR: "Multiple exceptions: [Errno 61] Connect call failed ('::1', 8765, 0, 0), [Errno 61] Connect call failed ('127.0.0.1', 8765)"
  CB: None None-None (None)  crr=None  ps=None  recent=None
  ✓ score/wickets/overs match

[09:55:58  iter#1953]
  WS ERR: "Multiple exceptions: [Errno 61] Connect call failed ('::1', 8765, 0, 0), [Errno 61] Connect call failed ('127.0.0.1', 8765)"
  CB: None None-None (None)  crr=None  ps=None  recent=None
  ✓ score/wickets/overs match

[09:56:18  iter#1954]
  WS ERR: "Multiple exceptions: [Errno 61] Connect call failed ('::1', 8765, 0, 0), [Errno 61] Connect call failed ('127.0.0.1', 8765)"
  CB: None None-None (None)  crr=None  ps=None  recent=None
  ✓ score/wickets/overs match

[09:56:39  iter#1955]
  WS ERR: "Multiple exceptions: [Errno 61] Connect call failed ('::1', 8765, 0, 0), [Errno 61] Connect call failed ('127.0.0.1', 8765)"
  CB: None None-None (None)  crr=None  ps=None  recent=None
  ✓ score/wickets/overs match

[09:56:59  iter#1956]
  WS ERR: "Multiple exceptions: [Errno 61] Connect call failed ('::1', 8765, 0, 0), [Errno 61] Connect call failed ('127.0.0.1', 8765)"
  CB: None None-None (None)  crr=None  ps=None  recent=None
  ✓ score/wickets/overs match

[09:57:19  iter#1957]
  WS ERR: "Multiple exceptions: [Errno 61] Connect call failed ('::1', 8765, 0, 0), [Errno 61] Connect call failed ('127.0.0.1', 8765)"
  CB: None None-None (None)  crr=None  ps=None  recent=None
  ✓ score/wickets/overs match

[09:57:39  iter#1958]
  WS ERR: "Multiple exceptions: [Errno 61] Connect call failed ('::1', 8765, 0, 0), [Errno 61] Connect call failed ('127.0.0.1', 8765)"
  CB: None None-None (None)  crr=None  ps=None  recent=None
  ✓ score/wickets/overs match

[09:58:00  iter#1959]
  WS ERR: "Multiple exceptions: [Errno 61] Connect call failed ('::1', 8765, 0, 0), [Errno 61] Connect call failed ('127.0.0.1', 8765)"
  CB: None None-None (None)  crr=None  ps=None  recent=None
  ✓ score/wickets/overs match

[09:58:20  iter#1960]
  WS ERR: "Multiple exceptions: [Errno 61] Connect call failed ('::1', 8765, 0, 0), [Errno 61] Connect call failed ('127.0.0.1', 8765)"
  CB: None None-None (None)  crr=None  ps=None  recent=None
  ✓ score/wickets/overs match

[09:58:41  iter#1961]
  WS ERR: "Multiple exceptions: [Errno 61] Connect call failed ('::1', 8765, 0, 0), [Errno 61] Connect call failed ('127.0.0.1', 8765)"
  CB: None None-None (None)  crr=None  ps=None  recent=None
  ✓ score/wickets/overs match

[09:59:01  iter#1962]
  WS ERR: "Multiple exceptions: [Errno 61] Connect call failed ('::1', 8765, 0, 0), [Errno 61] Connect call failed ('127.0.0.1', 8765)"
  CB: None None-None (None)  crr=None  ps=None  recent=None
  ✓ score/wickets/overs match

[09:59:21  iter#1963]
  WS ERR: "Multiple exceptions: [Errno 61] Connect call failed ('::1', 8765, 0, 0), [Errno 61] Connect call failed ('127.0.0.1', 8765)"
  CB: None None-None (None)  crr=None  ps=None  recent=None
  ✓ score/wickets/overs match

[09:59:41  iter#1964]
  WS ERR: "Multiple exceptions: [Errno 61] Connect call failed ('::1', 8765, 0, 0), [Errno 61] Connect call failed ('127.0.0.1', 8765)"
  CB: None None-None (None)  crr=None  ps=None  recent=None
  ✓ score/wickets/overs match

[10:00:01  iter#1965]
  WS ERR: "Multiple exceptions: [Errno 61] Connect call failed ('::1', 8765, 0, 0), [Errno 61] Connect call failed ('127.0.0.1', 8765)"
  CB: None None-None (None)  crr=None  ps=None  recent=None
  ✓ score/wickets/overs match

[10:00:22  iter#1966]
  WS ERR: "Multiple exceptions: [Errno 61] Connect call failed ('::1', 8765, 0, 0), [Errno 61] Connect call failed ('127.0.0.1', 8765)"
  CB: None None-None (None)  crr=None  ps=None  recent=None
  ✓ score/wickets/overs match

[10:00:42  iter#1967]
  WS ERR: "Multiple exceptions: [Errno 61] Connect call failed ('::1', 8765, 0, 0), [Errno 61] Connect call failed ('127.0.0.1', 8765)"
  CB: None None-None (None)  crr=None  ps=None  recent=None
  ✓ score/wickets/overs match

[10:01:02  iter#1968]
  WS ERR: "Multiple exceptions: [Errno 61] Connect call failed ('::1', 8765, 0, 0), [Errno 61] Connect call failed ('127.0.0.1', 8765)"
  CB: None None-None (None)  crr=None  ps=None  recent=None
  ✓ score/wickets/overs match

[10:01:22  iter#1969]
  WS ERR: "Multiple exceptions: [Errno 61] Connect call failed ('::1', 8765, 0, 0), [Errno 61] Connect call failed ('127.0.0.1', 8765)"
  CB: None None-None (None)  crr=None  ps=None  recent=None
  ✓ score/wickets/overs match

[10:01:42  iter#1970]
  WS ERR: "Multiple exceptions: [Errno 61] Connect call failed ('::1', 8765, 0, 0), [Errno 61] Connect call failed ('127.0.0.1', 8765)"
  CB: None None-None (None)  crr=None  ps=None  recent=None
  ✓ score/wickets/overs match

[10:02:03  iter#1971]
  WS ERR: "Multiple exceptions: [Errno 61] Connect call failed ('::1', 8765, 0, 0), [Errno 61] Connect call failed ('127.0.0.1', 8765)"
  CB: None None-None (None)  crr=None  ps=None  recent=None
  ✓ score/wickets/overs match

[10:02:23  iter#1972]
  WS ERR: "Multiple exceptions: [Errno 61] Connect call failed ('::1', 8765, 0, 0), [Errno 61] Connect call failed ('127.0.0.1', 8765)"
  CB: None None-None (None)  crr=None  ps=None  recent=None
  ✓ score/wickets/overs match

[10:02:43  iter#1973]
  WS ERR: "Multiple exceptions: [Errno 61] Connect call failed ('::1', 8765, 0, 0), [Errno 61] Connect call failed ('127.0.0.1', 8765)"
  CB: None None-None (None)  crr=None  ps=None  recent=None
  ✓ score/wickets/overs match

[10:03:03  iter#1974]
  WS ERR: "Multiple exceptions: [Errno 61] Connect call failed ('::1', 8765, 0, 0), [Errno 61] Connect call failed ('127.0.0.1', 8765)"
  CB: None None-None (None)  crr=None  ps=None  recent=None
  ✓ score/wickets/overs match

[10:03:24  iter#1975]
  WS ERR: "Multiple exceptions: [Errno 61] Connect call failed ('::1', 8765, 0, 0), [Errno 61] Connect call failed ('127.0.0.1', 8765)"
  CB: None None-None (None)  crr=None  ps=None  recent=None
  ✓ score/wickets/overs match

[10:03:44  iter#1976]
  WS ERR: "Multiple exceptions: [Errno 61] Connect call failed ('::1', 8765, 0, 0), [Errno 61] Connect call failed ('127.0.0.1', 8765)"
  CB: None None-None (None)  crr=None  ps=None  recent=None
  ✓ score/wickets/overs match

[10:04:04  iter#1977]
  WS ERR: "Multiple exceptions: [Errno 61] Connect call failed ('::1', 8765, 0, 0), [Errno 61] Connect call failed ('127.0.0.1', 8765)"
  CB: None None-None (None)  crr=None  ps=None  recent=None
  ✓ score/wickets/overs match

[10:04:24  iter#1978]
  WS ERR: "Multiple exceptions: [Errno 61] Connect call failed ('::1', 8765, 0, 0), [Errno 61] Connect call failed ('127.0.0.1', 8765)"
  CB: None None-None (None)  crr=None  ps=None  recent=None
  ✓ score/wickets/overs match

[10:04:44  iter#1979]
  WS ERR: "Multiple exceptions: [Errno 61] Connect call failed ('::1', 8765, 0, 0), [Errno 61] Connect call failed ('127.0.0.1', 8765)"
  CB: None None-None (None)  crr=None  ps=None  recent=None
  ✓ score/wickets/overs match

[10:05:05  iter#1980]
  WS ERR: "Multiple exceptions: [Errno 61] Connect call failed ('::1', 8765, 0, 0), [Errno 61] Connect call failed ('127.0.0.1', 8765)"
  CB: None None-None (None)  crr=None  ps=None  recent=None
  ✓ score/wickets/overs match

[10:05:29  iter#1981]
  WS ERR: "Multiple exceptions: [Errno 61] Connect call failed ('::1', 8765, 0, 0), [Errno 61] Connect call failed ('127.0.0.1', 8765)"
  CB: None None-None (None)  crr=None  ps=None  recent=None
  ✓ score/wickets/overs match

[10:05:49  iter#1982]
  WS ERR: "Multiple exceptions: [Errno 61] Connect call failed ('::1', 8765, 0, 0), [Errno 61] Connect call failed ('127.0.0.1', 8765)"
  CB: None None-None (None)  crr=None  ps=None  recent=None
  ✓ score/wickets/overs match

[10:06:09  iter#1983]
  WS ERR: "Multiple exceptions: [Errno 61] Connect call failed ('::1', 8765, 0, 0), [Errno 61] Connect call failed ('127.0.0.1', 8765)"
  CB: None None-None (None)  crr=None  ps=None  recent=None
  ✓ score/wickets/overs match

[10:06:30  iter#1984]
  WS ERR: "Multiple exceptions: [Errno 61] Connect call failed ('::1', 8765, 0, 0), [Errno 61] Connect call failed ('127.0.0.1', 8765)"
  CB: None None-None (None)  crr=None  ps=None  recent=None
  ✓ score/wickets/overs match

[10:06:51  iter#1985]
  WS ERR: "Multiple exceptions: [Errno 61] Connect call failed ('::1', 8765, 0, 0), [Errno 61] Connect call failed ('127.0.0.1', 8765)"
  CB: None None-None (None)  crr=None  ps=None  recent=None
  ✓ score/wickets/overs match

[10:07:13  iter#1986]
  WS ERR: "Multiple exceptions: [Errno 61] Connect call failed ('::1', 8765, 0, 0), [Errno 61] Connect call failed ('127.0.0.1', 8765)"
  CB: None None-None (None)  crr=None  ps=None  recent=None
  ✓ score/wickets/overs match

[10:07:35  iter#1987]
  WS ERR: "Multiple exceptions: [Errno 61] Connect call failed ('::1', 8765, 0, 0), [Errno 61] Connect call failed ('127.0.0.1', 8765)"
  CB: None None-None (None)  crr=None  ps=None  recent=None
  ✓ score/wickets/overs match

[10:07:56  iter#1988]
  WS ERR: "Multiple exceptions: [Errno 61] Connect call failed ('::1', 8765, 0, 0), [Errno 61] Connect call failed ('127.0.0.1', 8765)"
  CB: None None-None (None)  crr=None  ps=None  recent=None
  ✓ score/wickets/overs match

[10:08:16  iter#1989]
  WS ERR: "Multiple exceptions: [Errno 61] Connect call failed ('::1', 8765, 0, 0), [Errno 61] Connect call failed ('127.0.0.1', 8765)"
  CB: None None-None (None)  crr=None  ps=None  recent=None
  ✓ score/wickets/overs match

[10:08:36  iter#1990]
  WS ERR: "Multiple exceptions: [Errno 61] Connect call failed ('::1', 8765, 0, 0), [Errno 61] Connect call failed ('127.0.0.1', 8765)"
  CB: None None-None (None)  crr=None  ps=None  recent=None
  ✓ score/wickets/overs match

[10:08:56  iter#1991]
  WS ERR: "Multiple exceptions: [Errno 61] Connect call failed ('::1', 8765, 0, 0), [Errno 61] Connect call failed ('127.0.0.1', 8765)"
  CB: None None-None (None)  crr=None  ps=None  recent=None
  ✓ score/wickets/overs match

[10:09:16  iter#1992]
  WS ERR: "Multiple exceptions: [Errno 61] Connect call failed ('::1', 8765, 0, 0), [Errno 61] Connect call failed ('127.0.0.1', 8765)"
  CB: None None-None (None)  crr=None  ps=None  recent=None
  ✓ score/wickets/overs match

[10:09:37  iter#1993]
  WS ERR: "Multiple exceptions: [Errno 61] Connect call failed ('::1', 8765, 0, 0), [Errno 61] Connect call failed ('127.0.0.1', 8765)"
  CB: None None-None (None)  crr=None  ps=None  recent=None
  ✓ score/wickets/overs match

[10:09:58  iter#1994]
  WS ERR: "Multiple exceptions: [Errno 61] Connect call failed ('::1', 8765, 0, 0), [Errno 61] Connect call failed ('127.0.0.1', 8765)"
  CB: None None-None (None)  crr=None  ps=None  recent=None
  ✓ score/wickets/overs match

[10:10:18  iter#1995]
  WS ERR: "Multiple exceptions: [Errno 61] Connect call failed ('::1', 8765, 0, 0), [Errno 61] Connect call failed ('127.0.0.1', 8765)"
  CB: None None-None (None)  crr=None  ps=None  recent=None
  ✓ score/wickets/overs match

[10:10:38  iter#1996]
  WS ERR: "Multiple exceptions: [Errno 61] Connect call failed ('::1', 8765, 0, 0), [Errno 61] Connect call failed ('127.0.0.1', 8765)"
  CB: None None-None (None)  crr=None  ps=None  recent=None
  ✓ score/wickets/overs match

[10:10:59  iter#1997]
  WS ERR: "Multiple exceptions: [Errno 61] Connect call failed ('::1', 8765, 0, 0), [Errno 61] Connect call failed ('127.0.0.1', 8765)"
  CB: None None-None (None)  crr=None  ps=None  recent=None
  ✓ score/wickets/overs match

[10:11:19  iter#1998]
  WS ERR: "Multiple exceptions: [Errno 61] Connect call failed ('::1', 8765, 0, 0), [Errno 61] Connect call failed ('127.0.0.1', 8765)"
  CB: None None-None (None)  crr=None  ps=None  recent=None
  ✓ score/wickets/overs match

[10:11:39  iter#1999]
  WS ERR: "Multiple exceptions: [Errno 61] Connect call failed ('::1', 8765, 0, 0), [Errno 61] Connect call failed ('127.0.0.1', 8765)"
  CB: None None-None (None)  crr=None  ps=None  recent=None
  ✓ score/wickets/overs match

[10:12:00  iter#2000]
  WS ERR: "Multiple exceptions: [Errno 61] Connect call failed ('::1', 8765, 0, 0), [Errno 61] Connect call failed ('127.0.0.1', 8765)"
  CB: None None-None (None)  crr=None  ps=None  recent=None
  ✓ score/wickets/overs match

[10:12:20  iter#2001]
  WS ERR: "Multiple exceptions: [Errno 61] Connect call failed ('::1', 8765, 0, 0), [Errno 61] Connect call failed ('127.0.0.1', 8765)"
  CB: None None-None (None)  crr=None  ps=None  recent=None
  ✓ score/wickets/overs match

[10:12:40  iter#2002]
  WS ERR: "Multiple exceptions: [Errno 61] Connect call failed ('::1', 8765, 0, 0), [Errno 61] Connect call failed ('127.0.0.1', 8765)"
  CB: None None-None (None)  crr=None  ps=None  recent=None
  ✓ score/wickets/overs match

[10:13:00  iter#2003]
  WS ERR: "Multiple exceptions: [Errno 61] Connect call failed ('::1', 8765, 0, 0), [Errno 61] Connect call failed ('127.0.0.1', 8765)"
  CB: None None-None (None)  crr=None  ps=None  recent=None
  ✓ score/wickets/overs match

[10:13:21  iter#2004]
  WS ERR: "Multiple exceptions: [Errno 61] Connect call failed ('::1', 8765, 0, 0), [Errno 61] Connect call failed ('127.0.0.1', 8765)"
  CB: None None-None (None)  crr=None  ps=None  recent=None
  ✓ score/wickets/overs match

[10:13:41  iter#2005]
  WS ERR: "Multiple exceptions: [Errno 61] Connect call failed ('::1', 8765, 0, 0), [Errno 61] Connect call failed ('127.0.0.1', 8765)"
  CB: None None-None (None)  crr=None  ps=None  recent=None
  ✓ score/wickets/overs match

[10:14:01  iter#2006]
  WS ERR: "Multiple exceptions: [Errno 61] Connect call failed ('::1', 8765, 0, 0), [Errno 61] Connect call failed ('127.0.0.1', 8765)"
  CB: None None-None (None)  crr=None  ps=None  recent=None
  ✓ score/wickets/overs match

[10:14:21  iter#2007]
  WS ERR: "Multiple exceptions: [Errno 61] Connect call failed ('::1', 8765, 0, 0), [Errno 61] Connect call failed ('127.0.0.1', 8765)"
  CB: None None-None (None)  crr=None  ps=None  recent=None
  ✓ score/wickets/overs match

[10:14:42  iter#2008]
  WS ERR: "Multiple exceptions: [Errno 61] Connect call failed ('::1', 8765, 0, 0), [Errno 61] Connect call failed ('127.0.0.1', 8765)"
  CB: None None-None (None)  crr=None  ps=None  recent=None
  ✓ score/wickets/overs match

[10:15:02  iter#2009]
  WS ERR: "Multiple exceptions: [Errno 61] Connect call failed ('::1', 8765, 0, 0), [Errno 61] Connect call failed ('127.0.0.1', 8765)"
  CB: None None-None (None)  crr=None  ps=None  recent=None
  ✓ score/wickets/overs match

[10:15:22  iter#2010]
  WS ERR: "Multiple exceptions: [Errno 61] Connect call failed ('::1', 8765, 0, 0), [Errno 61] Connect call failed ('127.0.0.1', 8765)"
  CB: None None-None (None)  crr=None  ps=None  recent=None
  ✓ score/wickets/overs match

[10:15:42  iter#2011]
  WS ERR: "Multiple exceptions: [Errno 61] Connect call failed ('::1', 8765, 0, 0), [Errno 61] Connect call failed ('127.0.0.1', 8765)"
  CB: None None-None (None)  crr=None  ps=None  recent=None
  ✓ score/wickets/overs match

[10:16:03  iter#2012]
  WS ERR: "Multiple exceptions: [Errno 61] Connect call failed ('::1', 8765, 0, 0), [Errno 61] Connect call failed ('127.0.0.1', 8765)"
  CB: None None-None (None)  crr=None  ps=None  recent=None
  ✓ score/wickets/overs match

[10:16:23  iter#2013]
  WS ERR: "Multiple exceptions: [Errno 61] Connect call failed ('::1', 8765, 0, 0), [Errno 61] Connect call failed ('127.0.0.1', 8765)"
  CB: None None-None (None)  crr=None  ps=None  recent=None
  ✓ score/wickets/overs match

[10:16:43  iter#2014]
  WS ERR: "Multiple exceptions: [Errno 61] Connect call failed ('::1', 8765, 0, 0), [Errno 61] Connect call failed ('127.0.0.1', 8765)"
  CB: None None-None (None)  crr=None  ps=None  recent=None
  ✓ score/wickets/overs match

[10:17:04  iter#2015]
  WS ERR: "Multiple exceptions: [Errno 61] Connect call failed ('::1', 8765, 0, 0), [Errno 61] Connect call failed ('127.0.0.1', 8765)"
  CB: None None-None (None)  crr=None  ps=None  recent=None
  ✓ score/wickets/overs match

[10:17:24  iter#2016]
  WS ERR: "Multiple exceptions: [Errno 61] Connect call failed ('::1', 8765, 0, 0), [Errno 61] Connect call failed ('127.0.0.1', 8765)"
  CB: None None-None (None)  crr=None  ps=None  recent=None
  ✓ score/wickets/overs match

[10:17:44  iter#2017]
  WS ERR: "Multiple exceptions: [Errno 61] Connect call failed ('::1', 8765, 0, 0), [Errno 61] Connect call failed ('127.0.0.1', 8765)"
  CB: None None-None (None)  crr=None  ps=None  recent=None
  ✓ score/wickets/overs match

[10:18:05  iter#2018]
  WS ERR: "Multiple exceptions: [Errno 61] Connect call failed ('::1', 8765, 0, 0), [Errno 61] Connect call failed ('127.0.0.1', 8765)"
  CB: None None-None (None)  crr=None  ps=None  recent=None
  ✓ score/wickets/overs match

[10:18:25  iter#2019]
  WS ERR: "Multiple exceptions: [Errno 61] Connect call failed ('::1', 8765, 0, 0), [Errno 61] Connect call failed ('127.0.0.1', 8765)"
  CB: None None-None (None)  crr=None  ps=None  recent=None
  ✓ score/wickets/overs match

[10:18:45  iter#2020]
  WS ERR: "Multiple exceptions: [Errno 61] Connect call failed ('::1', 8765, 0, 0), [Errno 61] Connect call failed ('127.0.0.1', 8765)"
  CB: None None-None (None)  crr=None  ps=None  recent=None
  ✓ score/wickets/overs match

[10:19:05  iter#2021]
  WS ERR: "Multiple exceptions: [Errno 61] Connect call failed ('::1', 8765, 0, 0), [Errno 61] Connect call failed ('127.0.0.1', 8765)"
  CB: None None-None (None)  crr=None  ps=None  recent=None
  ✓ score/wickets/overs match

[10:19:25  iter#2022]
  WS ERR: "Multiple exceptions: [Errno 61] Connect call failed ('::1', 8765, 0, 0), [Errno 61] Connect call failed ('127.0.0.1', 8765)"
  CB: None None-None (None)  crr=None  ps=None  recent=None
  ✓ score/wickets/overs match

[10:19:46  iter#2023]
  WS ERR: "Multiple exceptions: [Errno 61] Connect call failed ('::1', 8765, 0, 0), [Errno 61] Connect call failed ('127.0.0.1', 8765)"
  CB: None None-None (None)  crr=None  ps=None  recent=None
  ✓ score/wickets/overs match

[10:20:06  iter#2024]
  WS ERR: "Multiple exceptions: [Errno 61] Connect call failed ('::1', 8765, 0, 0), [Errno 61] Connect call failed ('127.0.0.1', 8765)"
  CB: None None-None (None)  crr=None  ps=None  recent=None
  ✓ score/wickets/overs match

[10:20:26  iter#2025]
  WS ERR: "Multiple exceptions: [Errno 61] Connect call failed ('::1', 8765, 0, 0), [Errno 61] Connect call failed ('127.0.0.1', 8765)"
  CB: None None-None (None)  crr=None  ps=None  recent=None
  ✓ score/wickets/overs match

[10:20:46  iter#2026]
  WS ERR: "Multiple exceptions: [Errno 61] Connect call failed ('::1', 8765, 0, 0), [Errno 61] Connect call failed ('127.0.0.1', 8765)"
  CB: None None-None (None)  crr=None  ps=None  recent=None
  ✓ score/wickets/overs match

[10:21:06  iter#2027]
  WS ERR: "Multiple exceptions: [Errno 61] Connect call failed ('::1', 8765, 0, 0), [Errno 61] Connect call failed ('127.0.0.1', 8765)"
  CB: None None-None (None)  crr=None  ps=None  recent=None
  ✓ score/wickets/overs match

[10:21:27  iter#2028]
  WS ERR: "Multiple exceptions: [Errno 61] Connect call failed ('::1', 8765, 0, 0), [Errno 61] Connect call failed ('127.0.0.1', 8765)"
  CB: None None-None (None)  crr=None  ps=None  recent=None
  ✓ score/wickets/overs match

[10:21:47  iter#2029]
  WS ERR: "Multiple exceptions: [Errno 61] Connect call failed ('::1', 8765, 0, 0), [Errno 61] Connect call failed ('127.0.0.1', 8765)"
  CB: None None-None (None)  crr=None  ps=None  recent=None
  ✓ score/wickets/overs match

[10:22:07  iter#2030]
  WS ERR: "Multiple exceptions: [Errno 61] Connect call failed ('::1', 8765, 0, 0), [Errno 61] Connect call failed ('127.0.0.1', 8765)"
  CB: None None-None (None)  crr=None  ps=None  recent=None
  ✓ score/wickets/overs match

[10:22:28  iter#2031]
  WS ERR: "Multiple exceptions: [Errno 61] Connect call failed ('::1', 8765, 0, 0), [Errno 61] Connect call failed ('127.0.0.1', 8765)"
  CB: None None-None (None)  crr=None  ps=None  recent=None
  ✓ score/wickets/overs match

[10:22:48  iter#2032]
  WS ERR: "Multiple exceptions: [Errno 61] Connect call failed ('::1', 8765, 0, 0), [Errno 61] Connect call failed ('127.0.0.1', 8765)"
  CB: None None-None (None)  crr=None  ps=None  recent=None
  ✓ score/wickets/overs match

[10:23:08  iter#2033]
  WS ERR: "Multiple exceptions: [Errno 61] Connect call failed ('::1', 8765, 0, 0), [Errno 61] Connect call failed ('127.0.0.1', 8765)"
  CB: None None-None (None)  crr=None  ps=None  recent=None
  ✓ score/wickets/overs match

[10:23:28  iter#2034]
  WS ERR: "Multiple exceptions: [Errno 61] Connect call failed ('::1', 8765, 0, 0), [Errno 61] Connect call failed ('127.0.0.1', 8765)"
  CB: None None-None (None)  crr=None  ps=None  recent=None
  ✓ score/wickets/overs match

[10:23:49  iter#2035]
  WS ERR: "Multiple exceptions: [Errno 61] Connect call failed ('::1', 8765, 0, 0), [Errno 61] Connect call failed ('127.0.0.1', 8765)"
  CB: None None-None (None)  crr=None  ps=None  recent=None
  ✓ score/wickets/overs match

[10:24:10  iter#2036]
  WS ERR: "Multiple exceptions: [Errno 61] Connect call failed ('::1', 8765, 0, 0), [Errno 61] Connect call failed ('127.0.0.1', 8765)"
  CB: None None-None (None)  crr=None  ps=None  recent=None
  ✓ score/wickets/overs match

[10:24:30  iter#2037]
  WS ERR: "Multiple exceptions: [Errno 61] Connect call failed ('::1', 8765, 0, 0), [Errno 61] Connect call failed ('127.0.0.1', 8765)"
  CB: None None-None (None)  crr=None  ps=None  recent=None
  ✓ score/wickets/overs match

[10:24:50  iter#2038]
  WS ERR: "Multiple exceptions: [Errno 61] Connect call failed ('::1', 8765, 0, 0), [Errno 61] Connect call failed ('127.0.0.1', 8765)"
  CB: None None-None (None)  crr=None  ps=None  recent=None
  ✓ score/wickets/overs match

[10:25:11  iter#2039]
  WS ERR: "Multiple exceptions: [Errno 61] Connect call failed ('::1', 8765, 0, 0), [Errno 61] Connect call failed ('127.0.0.1', 8765)"
  CB: None None-None (None)  crr=None  ps=None  recent=None
  ✓ score/wickets/overs match

[10:25:31  iter#2040]
  WS ERR: "Multiple exceptions: [Errno 61] Connect call failed ('::1', 8765, 0, 0), [Errno 61] Connect call failed ('127.0.0.1', 8765)"
  CB: None None-None (None)  crr=None  ps=None  recent=None
  ✓ score/wickets/overs match

[10:25:51  iter#2041]
  WS ERR: "Multiple exceptions: [Errno 61] Connect call failed ('::1', 8765, 0, 0), [Errno 61] Connect call failed ('127.0.0.1', 8765)"
  CB: None None-None (None)  crr=None  ps=None  recent=None
  ✓ score/wickets/overs match

[10:26:11  iter#2042]
  WS ERR: "Multiple exceptions: [Errno 61] Connect call failed ('::1', 8765, 0, 0), [Errno 61] Connect call failed ('127.0.0.1', 8765)"
  CB: None None-None (None)  crr=None  ps=None  recent=None
  ✓ score/wickets/overs match

[10:26:32  iter#2043]
  WS ERR: "Multiple exceptions: [Errno 61] Connect call failed ('::1', 8765, 0, 0), [Errno 61] Connect call failed ('127.0.0.1', 8765)"
  CB: None None-None (None)  crr=None  ps=None  recent=None
  ✓ score/wickets/overs match

[10:26:52  iter#2044]
  WS ERR: "Multiple exceptions: [Errno 61] Connect call failed ('::1', 8765, 0, 0), [Errno 61] Connect call failed ('127.0.0.1', 8765)"
  CB: None None-None (None)  crr=None  ps=None  recent=None
  ✓ score/wickets/overs match

[10:27:12  iter#2045]
  WS ERR: "Multiple exceptions: [Errno 61] Connect call failed ('::1', 8765, 0, 0), [Errno 61] Connect call failed ('127.0.0.1', 8765)"
  CB: None None-None (None)  crr=None  ps=None  recent=None
  ✓ score/wickets/overs match

[10:27:32  iter#2046]
  WS ERR: "Multiple exceptions: [Errno 61] Connect call failed ('::1', 8765, 0, 0), [Errno 61] Connect call failed ('127.0.0.1', 8765)"
  CB: None None-None (None)  crr=None  ps=None  recent=None
  ✓ score/wickets/overs match

[10:27:52  iter#2047]
  WS ERR: "Multiple exceptions: [Errno 61] Connect call failed ('::1', 8765, 0, 0), [Errno 61] Connect call failed ('127.0.0.1', 8765)"
  CB: None None-None (None)  crr=None  ps=None  recent=None
  ✓ score/wickets/overs match

[10:28:13  iter#2048]
  WS ERR: "Multiple exceptions: [Errno 61] Connect call failed ('::1', 8765, 0, 0), [Errno 61] Connect call failed ('127.0.0.1', 8765)"
  CB: None None-None (None)  crr=None  ps=None  recent=None
  ✓ score/wickets/overs match

[10:28:33  iter#2049]
  WS ERR: "Multiple exceptions: [Errno 61] Connect call failed ('::1', 8765, 0, 0), [Errno 61] Connect call failed ('127.0.0.1', 8765)"
  CB: None None-None (None)  crr=None  ps=None  recent=None
  ✓ score/wickets/overs match

[10:28:54  iter#2050]
  WS ERR: "Multiple exceptions: [Errno 61] Connect call failed ('::1', 8765, 0, 0), [Errno 61] Connect call failed ('127.0.0.1', 8765)"
  CB: None None-None (None)  crr=None  ps=None  recent=None
  ✓ score/wickets/overs match

[10:29:14  iter#2051]
  WS ERR: "Multiple exceptions: [Errno 61] Connect call failed ('::1', 8765, 0, 0), [Errno 61] Connect call failed ('127.0.0.1', 8765)"
  CB: None None-None (None)  crr=None  ps=None  recent=None
  ✓ score/wickets/overs match

[10:29:34  iter#2052]
  WS ERR: "Multiple exceptions: [Errno 61] Connect call failed ('::1', 8765, 0, 0), [Errno 61] Connect call failed ('127.0.0.1', 8765)"
  CB: None None-None (None)  crr=None  ps=None  recent=None
  ✓ score/wickets/overs match

[10:29:54  iter#2053]
  WS ERR: "Multiple exceptions: [Errno 61] Connect call failed ('::1', 8765, 0, 0), [Errno 61] Connect call failed ('127.0.0.1', 8765)"
  CB: None None-None (None)  crr=None  ps=None  recent=None
  ✓ score/wickets/overs match

[10:30:15  iter#2054]
  WS ERR: "Multiple exceptions: [Errno 61] Connect call failed ('::1', 8765, 0, 0), [Errno 61] Connect call failed ('127.0.0.1', 8765)"
  CB: None None-None (None)  crr=None  ps=None  recent=None
  ✓ score/wickets/overs match

[10:30:35  iter#2055]
  WS ERR: "Multiple exceptions: [Errno 61] Connect call failed ('::1', 8765, 0, 0), [Errno 61] Connect call failed ('127.0.0.1', 8765)"
  CB: None None-None (None)  crr=None  ps=None  recent=None
  ✓ score/wickets/overs match

[10:30:55  iter#2056]
  WS ERR: "Multiple exceptions: [Errno 61] Connect call failed ('::1', 8765, 0, 0), [Errno 61] Connect call failed ('127.0.0.1', 8765)"
  CB: None None-None (None)  crr=None  ps=None  recent=None
  ✓ score/wickets/overs match

[10:31:15  iter#2057]
  WS ERR: "Multiple exceptions: [Errno 61] Connect call failed ('::1', 8765, 0, 0), [Errno 61] Connect call failed ('127.0.0.1', 8765)"
  CB: None None-None (None)  crr=None  ps=None  recent=None
  ✓ score/wickets/overs match

[10:31:35  iter#2058]
  WS ERR: "Multiple exceptions: [Errno 61] Connect call failed ('::1', 8765, 0, 0), [Errno 61] Connect call failed ('127.0.0.1', 8765)"
  CB: None None-None (None)  crr=None  ps=None  recent=None
  ✓ score/wickets/overs match

[10:31:56  iter#2059]
  WS ERR: "Multiple exceptions: [Errno 61] Connect call failed ('::1', 8765, 0, 0), [Errno 61] Connect call failed ('127.0.0.1', 8765)"
  CB: None None-None (None)  crr=None  ps=None  recent=None
  ✓ score/wickets/overs match

[10:32:16  iter#2060]
  WS ERR: "Multiple exceptions: [Errno 61] Connect call failed ('::1', 8765, 0, 0), [Errno 61] Connect call failed ('127.0.0.1', 8765)"
  CB: None None-None (None)  crr=None  ps=None  recent=None
  ✓ score/wickets/overs match

[10:32:36  iter#2061]
  WS ERR: "Multiple exceptions: [Errno 61] Connect call failed ('::1', 8765, 0, 0), [Errno 61] Connect call failed ('127.0.0.1', 8765)"
  CB: None None-None (None)  crr=None  ps=None  recent=None
  ✓ score/wickets/overs match

[10:32:56  iter#2062]
  WS ERR: "Multiple exceptions: [Errno 61] Connect call failed ('::1', 8765, 0, 0), [Errno 61] Connect call failed ('127.0.0.1', 8765)"
  CB: None None-None (None)  crr=None  ps=None  recent=None
  ✓ score/wickets/overs match

[10:33:17  iter#2063]
  WS ERR: "Multiple exceptions: [Errno 61] Connect call failed ('::1', 8765, 0, 0), [Errno 61] Connect call failed ('127.0.0.1', 8765)"
  CB: None None-None (None)  crr=None  ps=None  recent=None
  ✓ score/wickets/overs match

[10:33:37  iter#2064]
  WS ERR: "Multiple exceptions: [Errno 61] Connect call failed ('::1', 8765, 0, 0), [Errno 61] Connect call failed ('127.0.0.1', 8765)"
  CB: None None-None (None)  crr=None  ps=None  recent=None
  ✓ score/wickets/overs match

[10:33:57  iter#2065]
  WS ERR: "Multiple exceptions: [Errno 61] Connect call failed ('::1', 8765, 0, 0), [Errno 61] Connect call failed ('127.0.0.1', 8765)"
  CB: None None-None (None)  crr=None  ps=None  recent=None
  ✓ score/wickets/overs match

[10:34:17  iter#2066]
  WS ERR: "Multiple exceptions: [Errno 61] Connect call failed ('::1', 8765, 0, 0), [Errno 61] Connect call failed ('127.0.0.1', 8765)"
  CB: None None-None (None)  crr=None  ps=None  recent=None
  ✓ score/wickets/overs match

[10:34:37  iter#2067]
  WS ERR: "Multiple exceptions: [Errno 61] Connect call failed ('::1', 8765, 0, 0), [Errno 61] Connect call failed ('127.0.0.1', 8765)"
  CB: None None-None (None)  crr=None  ps=None  recent=None
  ✓ score/wickets/overs match

[10:34:57  iter#2068]
  WS ERR: "Multiple exceptions: [Errno 61] Connect call failed ('::1', 8765, 0, 0), [Errno 61] Connect call failed ('127.0.0.1', 8765)"
  CB: None None-None (None)  crr=None  ps=None  recent=None
  ✓ score/wickets/overs match

[10:35:18  iter#2069]
  WS ERR: "Multiple exceptions: [Errno 61] Connect call failed ('::1', 8765, 0, 0), [Errno 61] Connect call failed ('127.0.0.1', 8765)"
  CB: None None-None (None)  crr=None  ps=None  recent=None
  ✓ score/wickets/overs match

[10:35:38  iter#2070]
  WS ERR: "Multiple exceptions: [Errno 61] Connect call failed ('::1', 8765, 0, 0), [Errno 61] Connect call failed ('127.0.0.1', 8765)"
  CB: None None-None (None)  crr=None  ps=None  recent=None
  ✓ score/wickets/overs match

[10:35:58  iter#2071]
  WS ERR: "Multiple exceptions: [Errno 61] Connect call failed ('::1', 8765, 0, 0), [Errno 61] Connect call failed ('127.0.0.1', 8765)"
  CB: None None-None (None)  crr=None  ps=None  recent=None
  ✓ score/wickets/overs match

[10:36:20  iter#2072]
  WS ERR: "Multiple exceptions: [Errno 61] Connect call failed ('::1', 8765, 0, 0), [Errno 61] Connect call failed ('127.0.0.1', 8765)"
  CB: None None-None (None)  crr=None  ps=None  recent=None
  ✓ score/wickets/overs match

[10:36:42  iter#2073]
  WS ERR: "Multiple exceptions: [Errno 61] Connect call failed ('::1', 8765, 0, 0), [Errno 61] Connect call failed ('127.0.0.1', 8765)"
  CB: None None-None (None)  crr=None  ps=None  recent=None
  ✓ score/wickets/overs match

[10:37:06  iter#2074]
  WS ERR: "Multiple exceptions: [Errno 61] Connect call failed ('::1', 8765, 0, 0), [Errno 61] Connect call failed ('127.0.0.1', 8765)"
  CB: None None-None (None)  crr=None  ps=None  recent=None
  ✓ score/wickets/overs match

[10:37:27  iter#2075]
  WS ERR: "Multiple exceptions: [Errno 61] Connect call failed ('::1', 8765, 0, 0), [Errno 61] Connect call failed ('127.0.0.1', 8765)"
  CB: None None-None (None)  crr=None  ps=None  recent=None
  ✓ score/wickets/overs match

[10:37:47  iter#2076]
  WS ERR: "Multiple exceptions: [Errno 61] Connect call failed ('::1', 8765, 0, 0), [Errno 61] Connect call failed ('127.0.0.1', 8765)"
  CB: None None-None (None)  crr=None  ps=None  recent=None
  ✓ score/wickets/overs match

[10:38:07  iter#2077]
  WS ERR: "Multiple exceptions: [Errno 61] Connect call failed ('::1', 8765, 0, 0), [Errno 61] Connect call failed ('127.0.0.1', 8765)"
  CB: None None-None (None)  crr=None  ps=None  recent=None
  ✓ score/wickets/overs match

[10:38:28  iter#2078]
  WS ERR: "Multiple exceptions: [Errno 61] Connect call failed ('::1', 8765, 0, 0), [Errno 61] Connect call failed ('127.0.0.1', 8765)"
  CB: None None-None (None)  crr=None  ps=None  recent=None
  ✓ score/wickets/overs match

[10:38:49  iter#2079]
  WS ERR: "Multiple exceptions: [Errno 61] Connect call failed ('::1', 8765, 0, 0), [Errno 61] Connect call failed ('127.0.0.1', 8765)"
  CB: None None-None (None)  crr=None  ps=None  recent=None
  ✓ score/wickets/overs match

[10:39:09  iter#2080]
  WS ERR: "Multiple exceptions: [Errno 61] Connect call failed ('::1', 8765, 0, 0), [Errno 61] Connect call failed ('127.0.0.1', 8765)"
  CB: None None-None (None)  crr=None  ps=None  recent=None
  ✓ score/wickets/overs match

[10:39:29  iter#2081]
  WS ERR: "Multiple exceptions: [Errno 61] Connect call failed ('::1', 8765, 0, 0), [Errno 61] Connect call failed ('127.0.0.1', 8765)"
  CB: None None-None (None)  crr=None  ps=None  recent=None
  ✓ score/wickets/overs match

[10:39:50  iter#2082]
  WS ERR: "Multiple exceptions: [Errno 61] Connect call failed ('::1', 8765, 0, 0), [Errno 61] Connect call failed ('127.0.0.1', 8765)"
  CB: None None-None (None)  crr=None  ps=None  recent=None
  ✓ score/wickets/overs match

[10:40:10  iter#2083]
  WS ERR: "Multiple exceptions: [Errno 61] Connect call failed ('::1', 8765, 0, 0), [Errno 61] Connect call failed ('127.0.0.1', 8765)"
  CB: None None-None (None)  crr=None  ps=None  recent=None
  ✓ score/wickets/overs match

[10:40:30  iter#2084]
  WS ERR: "Multiple exceptions: [Errno 61] Connect call failed ('::1', 8765, 0, 0), [Errno 61] Connect call failed ('127.0.0.1', 8765)"
  CB: None None-None (None)  crr=None  ps=None  recent=None
  ✓ score/wickets/overs match

[10:40:51  iter#2085]
  WS ERR: "Multiple exceptions: [Errno 61] Connect call failed ('::1', 8765, 0, 0), [Errno 61] Connect call failed ('127.0.0.1', 8765)"
  CB: None None-None (None)  crr=None  ps=None  recent=None
  ✓ score/wickets/overs match

[10:41:12  iter#2086]
  WS ERR: "Multiple exceptions: [Errno 61] Connect call failed ('::1', 8765, 0, 0), [Errno 61] Connect call failed ('127.0.0.1', 8765)"
  CB: None None-None (None)  crr=None  ps=None  recent=None
  ✓ score/wickets/overs match

[10:41:32  iter#2087]
  WS ERR: "Multiple exceptions: [Errno 61] Connect call failed ('::1', 8765, 0, 0), [Errno 61] Connect call failed ('127.0.0.1', 8765)"
  CB: None None-None (None)  crr=None  ps=None  recent=None
  ✓ score/wickets/overs match

[10:41:52  iter#2088]
  WS ERR: "Multiple exceptions: [Errno 61] Connect call failed ('::1', 8765, 0, 0), [Errno 61] Connect call failed ('127.0.0.1', 8765)"
  CB: None None-None (None)  crr=None  ps=None  recent=None
  ✓ score/wickets/overs match

[10:42:12  iter#2089]
  WS ERR: "Multiple exceptions: [Errno 61] Connect call failed ('::1', 8765, 0, 0), [Errno 61] Connect call failed ('127.0.0.1', 8765)"
  CB: None None-None (None)  crr=None  ps=None  recent=None
  ✓ score/wickets/overs match

[10:42:33  iter#2090]
  WS ERR: "Multiple exceptions: [Errno 61] Connect call failed ('::1', 8765, 0, 0), [Errno 61] Connect call failed ('127.0.0.1', 8765)"
  CB: None None-None (None)  crr=None  ps=None  recent=None
  ✓ score/wickets/overs match

[10:42:53  iter#2091]
  WS ERR: "Multiple exceptions: [Errno 61] Connect call failed ('::1', 8765, 0, 0), [Errno 61] Connect call failed ('127.0.0.1', 8765)"
  CB: None None-None (None)  crr=None  ps=None  recent=None
  ✓ score/wickets/overs match

[10:43:13  iter#2092]
  WS ERR: "Multiple exceptions: [Errno 61] Connect call failed ('::1', 8765, 0, 0), [Errno 61] Connect call failed ('127.0.0.1', 8765)"
  CB: None None-None (None)  crr=None  ps=None  recent=None
  ✓ score/wickets/overs match

[10:43:33  iter#2093]
  WS ERR: "Multiple exceptions: [Errno 61] Connect call failed ('::1', 8765, 0, 0), [Errno 61] Connect call failed ('127.0.0.1', 8765)"
  CB: None None-None (None)  crr=None  ps=None  recent=None
  ✓ score/wickets/overs match

[10:43:53  iter#2094]
  WS ERR: "Multiple exceptions: [Errno 61] Connect call failed ('::1', 8765, 0, 0), [Errno 61] Connect call failed ('127.0.0.1', 8765)"
  CB: None None-None (None)  crr=None  ps=None  recent=None
  ✓ score/wickets/overs match

[10:44:14  iter#2095]
  WS ERR: "Multiple exceptions: [Errno 61] Connect call failed ('::1', 8765, 0, 0), [Errno 61] Connect call failed ('127.0.0.1', 8765)"
  CB: None None-None (None)  crr=None  ps=None  recent=None
  ✓ score/wickets/overs match

[10:44:34  iter#2096]
  WS ERR: "Multiple exceptions: [Errno 61] Connect call failed ('::1', 8765, 0, 0), [Errno 61] Connect call failed ('127.0.0.1', 8765)"
  CB: None None-None (None)  crr=None  ps=None  recent=None
  ✓ score/wickets/overs match

[10:44:54  iter#2097]
  WS ERR: "Multiple exceptions: [Errno 61] Connect call failed ('::1', 8765, 0, 0), [Errno 61] Connect call failed ('127.0.0.1', 8765)"
  CB: None None-None (None)  crr=None  ps=None  recent=None
  ✓ score/wickets/overs match

[10:45:14  iter#2098]
  WS ERR: "Multiple exceptions: [Errno 61] Connect call failed ('::1', 8765, 0, 0), [Errno 61] Connect call failed ('127.0.0.1', 8765)"
  CB: None None-None (None)  crr=None  ps=None  recent=None
  ✓ score/wickets/overs match

[10:45:34  iter#2099]
  WS ERR: "Multiple exceptions: [Errno 61] Connect call failed ('::1', 8765, 0, 0), [Errno 61] Connect call failed ('127.0.0.1', 8765)"
  CB: None None-None (None)  crr=None  ps=None  recent=None
  ✓ score/wickets/overs match

[10:45:54  iter#2100]
  WS ERR: "Multiple exceptions: [Errno 61] Connect call failed ('::1', 8765, 0, 0), [Errno 61] Connect call failed ('127.0.0.1', 8765)"
  CB: None None-None (None)  crr=None  ps=None  recent=None
  ✓ score/wickets/overs match

[10:46:15  iter#2101]
  WS ERR: "Multiple exceptions: [Errno 61] Connect call failed ('::1', 8765, 0, 0), [Errno 61] Connect call failed ('127.0.0.1', 8765)"
  CB: None None-None (None)  crr=None  ps=None  recent=None
  ✓ score/wickets/overs match

[10:46:35  iter#2102]
  WS ERR: "Multiple exceptions: [Errno 61] Connect call failed ('::1', 8765, 0, 0), [Errno 61] Connect call failed ('127.0.0.1', 8765)"
  CB: None None-None (None)  crr=None  ps=None  recent=None
  ✓ score/wickets/overs match

[10:46:55  iter#2103]
  WS ERR: "Multiple exceptions: [Errno 61] Connect call failed ('::1', 8765, 0, 0), [Errno 61] Connect call failed ('127.0.0.1', 8765)"
  CB: None None-None (None)  crr=None  ps=None  recent=None
  ✓ score/wickets/overs match

[10:47:15  iter#2104]
  WS ERR: "Multiple exceptions: [Errno 61] Connect call failed ('::1', 8765, 0, 0), [Errno 61] Connect call failed ('127.0.0.1', 8765)"
  CB: None None-None (None)  crr=None  ps=None  recent=None
  ✓ score/wickets/overs match

[10:47:35  iter#2105]
  WS ERR: "Multiple exceptions: [Errno 61] Connect call failed ('::1', 8765, 0, 0), [Errno 61] Connect call failed ('127.0.0.1', 8765)"
  CB: None None-None (None)  crr=None  ps=None  recent=None
  ✓ score/wickets/overs match

[10:47:56  iter#2106]
  WS ERR: "Multiple exceptions: [Errno 61] Connect call failed ('::1', 8765, 0, 0), [Errno 61] Connect call failed ('127.0.0.1', 8765)"
  CB: None None-None (None)  crr=None  ps=None  recent=None
  ✓ score/wickets/overs match

[10:48:16  iter#2107]
  WS ERR: "Multiple exceptions: [Errno 61] Connect call failed ('::1', 8765, 0, 0), [Errno 61] Connect call failed ('127.0.0.1', 8765)"
  CB: None None-None (None)  crr=None  ps=None  recent=None
  ✓ score/wickets/overs match

[10:48:37  iter#2108]
  WS ERR: "Multiple exceptions: [Errno 61] Connect call failed ('::1', 8765, 0, 0), [Errno 61] Connect call failed ('127.0.0.1', 8765)"
  CB: None None-None (None)  crr=None  ps=None  recent=None
  ✓ score/wickets/overs match

[10:48:58  iter#2109]
  WS ERR: "Multiple exceptions: [Errno 61] Connect call failed ('::1', 8765, 0, 0), [Errno 61] Connect call failed ('127.0.0.1', 8765)"
  CB: None None-None (None)  crr=None  ps=None  recent=None
  ✓ score/wickets/overs match

[10:49:18  iter#2110]
  WS ERR: "Multiple exceptions: [Errno 61] Connect call failed ('::1', 8765, 0, 0), [Errno 61] Connect call failed ('127.0.0.1', 8765)"
  CB: None None-None (None)  crr=None  ps=None  recent=None
  ✓ score/wickets/overs match

[10:49:38  iter#2111]
  WS ERR: "Multiple exceptions: [Errno 61] Connect call failed ('::1', 8765, 0, 0), [Errno 61] Connect call failed ('127.0.0.1', 8765)"
  CB: None None-None (None)  crr=None  ps=None  recent=None
  ✓ score/wickets/overs match

[10:49:59  iter#2112]
  WS ERR: "Multiple exceptions: [Errno 61] Connect call failed ('::1', 8765, 0, 0), [Errno 61] Connect call failed ('127.0.0.1', 8765)"
  CB: None None-None (None)  crr=None  ps=None  recent=None
  ✓ score/wickets/overs match

[10:50:19  iter#2113]
  WS ERR: "Multiple exceptions: [Errno 61] Connect call failed ('::1', 8765, 0, 0), [Errno 61] Connect call failed ('127.0.0.1', 8765)"
  CB: None None-None (None)  crr=None  ps=None  recent=None
  ✓ score/wickets/overs match

[10:50:39  iter#2114]
  WS ERR: "Multiple exceptions: [Errno 61] Connect call failed ('::1', 8765, 0, 0), [Errno 61] Connect call failed ('127.0.0.1', 8765)"
  CB: None None-None (None)  crr=None  ps=None  recent=None
  ✓ score/wickets/overs match

[10:51:00  iter#2115]
  WS ERR: "Multiple exceptions: [Errno 61] Connect call failed ('::1', 8765, 0, 0), [Errno 61] Connect call failed ('127.0.0.1', 8765)"
  CB: None None-None (None)  crr=None  ps=None  recent=None
  ✓ score/wickets/overs match

[10:51:20  iter#2116]
  WS ERR: "Multiple exceptions: [Errno 61] Connect call failed ('::1', 8765, 0, 0), [Errno 61] Connect call failed ('127.0.0.1', 8765)"
  CB: None None-None (None)  crr=None  ps=None  recent=None
  ✓ score/wickets/overs match

[10:51:40  iter#2117]
  WS ERR: "Multiple exceptions: [Errno 61] Connect call failed ('::1', 8765, 0, 0), [Errno 61] Connect call failed ('127.0.0.1', 8765)"
  CB: None None-None (None)  crr=None  ps=None  recent=None
  ✓ score/wickets/overs match

[10:52:00  iter#2118]
  WS ERR: "Multiple exceptions: [Errno 61] Connect call failed ('::1', 8765, 0, 0), [Errno 61] Connect call failed ('127.0.0.1', 8765)"
  CB: None None-None (None)  crr=None  ps=None  recent=None
  ✓ score/wickets/overs match

[10:52:20  iter#2119]
  WS ERR: "Multiple exceptions: [Errno 61] Connect call failed ('::1', 8765, 0, 0), [Errno 61] Connect call failed ('127.0.0.1', 8765)"
  CB: None None-None (None)  crr=None  ps=None  recent=None
  ✓ score/wickets/overs match

[10:52:41  iter#2120]
  WS ERR: "Multiple exceptions: [Errno 61] Connect call failed ('::1', 8765, 0, 0), [Errno 61] Connect call failed ('127.0.0.1', 8765)"
  CB: None None-None (None)  crr=None  ps=None  recent=None
  ✓ score/wickets/overs match

[10:53:02  iter#2121]
  WS ERR: "Multiple exceptions: [Errno 61] Connect call failed ('::1', 8765, 0, 0), [Errno 61] Connect call failed ('127.0.0.1', 8765)"
  CB: None None-None (None)  crr=None  ps=None  recent=None
  ✓ score/wickets/overs match

[10:53:22  iter#2122]
  WS ERR: "Multiple exceptions: [Errno 61] Connect call failed ('::1', 8765, 0, 0), [Errno 61] Connect call failed ('127.0.0.1', 8765)"
  CB: None None-None (None)  crr=None  ps=None  recent=None
  ✓ score/wickets/overs match

[10:53:42  iter#2123]
  WS ERR: "Multiple exceptions: [Errno 61] Connect call failed ('::1', 8765, 0, 0), [Errno 61] Connect call failed ('127.0.0.1', 8765)"
  CB: None None-None (None)  crr=None  ps=None  recent=None
  ✓ score/wickets/overs match

[10:54:02  iter#2124]
  WS ERR: "Multiple exceptions: [Errno 61] Connect call failed ('::1', 8765, 0, 0), [Errno 61] Connect call failed ('127.0.0.1', 8765)"
  CB: None None-None (None)  crr=None  ps=None  recent=None
  ✓ score/wickets/overs match

[10:54:22  iter#2125]
  WS ERR: "Multiple exceptions: [Errno 61] Connect call failed ('::1', 8765, 0, 0), [Errno 61] Connect call failed ('127.0.0.1', 8765)"
  CB: None None-None (None)  crr=None  ps=None  recent=None
  ✓ score/wickets/overs match

[10:54:43  iter#2126]
  WS ERR: "Multiple exceptions: [Errno 61] Connect call failed ('::1', 8765, 0, 0), [Errno 61] Connect call failed ('127.0.0.1', 8765)"
  CB: None None-None (None)  crr=None  ps=None  recent=None
  ✓ score/wickets/overs match

[10:55:03  iter#2127]
  WS ERR: "Multiple exceptions: [Errno 61] Connect call failed ('::1', 8765, 0, 0), [Errno 61] Connect call failed ('127.0.0.1', 8765)"
  CB: None None-None (None)  crr=None  ps=None  recent=None
  ✓ score/wickets/overs match

[10:55:23  iter#2128]
  WS ERR: "Multiple exceptions: [Errno 61] Connect call failed ('::1', 8765, 0, 0), [Errno 61] Connect call failed ('127.0.0.1', 8765)"
  CB: None None-None (None)  crr=None  ps=None  recent=None
  ✓ score/wickets/overs match

[10:55:43  iter#2129]
  WS ERR: "Multiple exceptions: [Errno 61] Connect call failed ('::1', 8765, 0, 0), [Errno 61] Connect call failed ('127.0.0.1', 8765)"
  CB: None None-None (None)  crr=None  ps=None  recent=None
  ✓ score/wickets/overs match

[10:56:03  iter#2130]
  WS ERR: "Multiple exceptions: [Errno 61] Connect call failed ('::1', 8765, 0, 0), [Errno 61] Connect call failed ('127.0.0.1', 8765)"
  CB: None None-None (None)  crr=None  ps=None  recent=None
  ✓ score/wickets/overs match

[10:56:23  iter#2131]
  WS ERR: "Multiple exceptions: [Errno 61] Connect call failed ('::1', 8765, 0, 0), [Errno 61] Connect call failed ('127.0.0.1', 8765)"
  CB: None None-None (None)  crr=None  ps=None  recent=None
  ✓ score/wickets/overs match

[10:56:44  iter#2132]
  WS ERR: "Multiple exceptions: [Errno 61] Connect call failed ('::1', 8765, 0, 0), [Errno 61] Connect call failed ('127.0.0.1', 8765)"
  CB: None None-None (None)  crr=None  ps=None  recent=None
  ✓ score/wickets/overs match

[10:57:04  iter#2133]
  WS ERR: "Multiple exceptions: [Errno 61] Connect call failed ('::1', 8765, 0, 0), [Errno 61] Connect call failed ('127.0.0.1', 8765)"
  CB: None None-None (None)  crr=None  ps=None  recent=None
  ✓ score/wickets/overs match

[10:57:24  iter#2134]
  WS ERR: "Multiple exceptions: [Errno 61] Connect call failed ('::1', 8765, 0, 0), [Errno 61] Connect call failed ('127.0.0.1', 8765)"
  CB: None None-None (None)  crr=None  ps=None  recent=None
  ✓ score/wickets/overs match

[10:57:45  iter#2135]
  WS ERR: "Multiple exceptions: [Errno 61] Connect call failed ('::1', 8765, 0, 0), [Errno 61] Connect call failed ('127.0.0.1', 8765)"
  CB: None None-None (None)  crr=None  ps=None  recent=None
  ✓ score/wickets/overs match

[10:58:05  iter#2136]
  WS ERR: "Multiple exceptions: [Errno 61] Connect call failed ('::1', 8765, 0, 0), [Errno 61] Connect call failed ('127.0.0.1', 8765)"
  CB: None None-None (None)  crr=None  ps=None  recent=None
  ✓ score/wickets/overs match

[10:58:25  iter#2137]
  WS ERR: "Multiple exceptions: [Errno 61] Connect call failed ('::1', 8765, 0, 0), [Errno 61] Connect call failed ('127.0.0.1', 8765)"
  CB: None None-None (None)  crr=None  ps=None  recent=None
  ✓ score/wickets/overs match

[10:58:46  iter#2138]
  WS ERR: "Multiple exceptions: [Errno 61] Connect call failed ('::1', 8765, 0, 0), [Errno 61] Connect call failed ('127.0.0.1', 8765)"
  CB: None None-None (None)  crr=None  ps=None  recent=None
  ✓ score/wickets/overs match

[10:59:06  iter#2139]
  WS ERR: "Multiple exceptions: [Errno 61] Connect call failed ('::1', 8765, 0, 0), [Errno 61] Connect call failed ('127.0.0.1', 8765)"
  CB: None None-None (None)  crr=None  ps=None  recent=None
  ✓ score/wickets/overs match

[10:59:26  iter#2140]
  WS ERR: "Multiple exceptions: [Errno 61] Connect call failed ('::1', 8765, 0, 0), [Errno 61] Connect call failed ('127.0.0.1', 8765)"
  CB: None None-None (None)  crr=None  ps=None  recent=None
  ✓ score/wickets/overs match

[10:59:46  iter#2141]
  WS ERR: "Multiple exceptions: [Errno 61] Connect call failed ('::1', 8765, 0, 0), [Errno 61] Connect call failed ('127.0.0.1', 8765)"
  CB: None None-None (None)  crr=None  ps=None  recent=None
  ✓ score/wickets/overs match

[11:00:06  iter#2142]
  WS ERR: "Multiple exceptions: [Errno 61] Connect call failed ('::1', 8765, 0, 0), [Errno 61] Connect call failed ('127.0.0.1', 8765)"
  CB: None None-None (None)  crr=None  ps=None  recent=None
  ✓ score/wickets/overs match

[11:00:27  iter#2143]
  WS ERR: "Multiple exceptions: [Errno 61] Connect call failed ('::1', 8765, 0, 0), [Errno 61] Connect call failed ('127.0.0.1', 8765)"
  CB: None None-None (None)  crr=None  ps=None  recent=None
  ✓ score/wickets/overs match

[11:00:47  iter#2144]
  WS ERR: "Multiple exceptions: [Errno 61] Connect call failed ('::1', 8765, 0, 0), [Errno 61] Connect call failed ('127.0.0.1', 8765)"
  CB: None None-None (None)  crr=None  ps=None  recent=None
  ✓ score/wickets/overs match

[11:01:07  iter#2145]
  WS ERR: "Multiple exceptions: [Errno 61] Connect call failed ('::1', 8765, 0, 0), [Errno 61] Connect call failed ('127.0.0.1', 8765)"
  CB: None None-None (None)  crr=None  ps=None  recent=None
  ✓ score/wickets/overs match

[11:01:27  iter#2146]
  WS ERR: "Multiple exceptions: [Errno 61] Connect call failed ('::1', 8765, 0, 0), [Errno 61] Connect call failed ('127.0.0.1', 8765)"
  CB: None None-None (None)  crr=None  ps=None  recent=None
  ✓ score/wickets/overs match

[11:01:48  iter#2147]
  WS ERR: "Multiple exceptions: [Errno 61] Connect call failed ('::1', 8765, 0, 0), [Errno 61] Connect call failed ('127.0.0.1', 8765)"
  CB: None None-None (None)  crr=None  ps=None  recent=None
  ✓ score/wickets/overs match

[11:02:08  iter#2148]
  WS ERR: "Multiple exceptions: [Errno 61] Connect call failed ('::1', 8765, 0, 0), [Errno 61] Connect call failed ('127.0.0.1', 8765)"
  CB: None None-None (None)  crr=None  ps=None  recent=None
  ✓ score/wickets/overs match

[11:02:29  iter#2149]
  WS ERR: "Multiple exceptions: [Errno 61] Connect call failed ('::1', 8765, 0, 0), [Errno 61] Connect call failed ('127.0.0.1', 8765)"
  CB: None None-None (None)  crr=None  ps=None  recent=None
  ✓ score/wickets/overs match

[11:02:49  iter#2150]
  WS ERR: "Multiple exceptions: [Errno 61] Connect call failed ('::1', 8765, 0, 0), [Errno 61] Connect call failed ('127.0.0.1', 8765)"
  CB: None None-None (None)  crr=None  ps=None  recent=None
  ✓ score/wickets/overs match

[11:03:09  iter#2151]
  WS ERR: "Multiple exceptions: [Errno 61] Connect call failed ('::1', 8765, 0, 0), [Errno 61] Connect call failed ('127.0.0.1', 8765)"
  CB: None None-None (None)  crr=None  ps=None  recent=None
  ✓ score/wickets/overs match

[11:03:30  iter#2152]
  WS ERR: "Multiple exceptions: [Errno 61] Connect call failed ('::1', 8765, 0, 0), [Errno 61] Connect call failed ('127.0.0.1', 8765)"
  CB: None None-None (None)  crr=None  ps=None  recent=None
  ✓ score/wickets/overs match

[11:03:50  iter#2153]
  WS ERR: "Multiple exceptions: [Errno 61] Connect call failed ('::1', 8765, 0, 0), [Errno 61] Connect call failed ('127.0.0.1', 8765)"
  CB: None None-None (None)  crr=None  ps=None  recent=None
  ✓ score/wickets/overs match

[11:04:11  iter#2154]
  WS ERR: "Multiple exceptions: [Errno 61] Connect call failed ('::1', 8765, 0, 0), [Errno 61] Connect call failed ('127.0.0.1', 8765)"
  CB: None None-None (None)  crr=None  ps=None  recent=None
  ✓ score/wickets/overs match

[11:04:32  iter#2155]
  WS ERR: "Multiple exceptions: [Errno 61] Connect call failed ('::1', 8765, 0, 0), [Errno 61] Connect call failed ('127.0.0.1', 8765)"
  CB: None None-None (None)  crr=None  ps=None  recent=None
  ✓ score/wickets/overs match

[11:04:52  iter#2156]
  WS ERR: "Multiple exceptions: [Errno 61] Connect call failed ('::1', 8765, 0, 0), [Errno 61] Connect call failed ('127.0.0.1', 8765)"
  CB: None None-None (None)  crr=None  ps=None  recent=None
  ✓ score/wickets/overs match

[11:05:13  iter#2157]
  WS ERR: "Multiple exceptions: [Errno 61] Connect call failed ('::1', 8765, 0, 0), [Errno 61] Connect call failed ('127.0.0.1', 8765)"
  CB: None None-None (None)  crr=None  ps=None  recent=None
  ✓ score/wickets/overs match

[11:05:33  iter#2158]
  WS ERR: "Multiple exceptions: [Errno 61] Connect call failed ('::1', 8765, 0, 0), [Errno 61] Connect call failed ('127.0.0.1', 8765)"
  CB: None None-None (None)  crr=None  ps=None  recent=None
  ✓ score/wickets/overs match

[11:05:54  iter#2159]
  WS ERR: "Multiple exceptions: [Errno 61] Connect call failed ('::1', 8765, 0, 0), [Errno 61] Connect call failed ('127.0.0.1', 8765)"
  CB: None None-None (None)  crr=None  ps=None  recent=None
  ✓ score/wickets/overs match

[11:06:15  iter#2160]
  WS ERR: "Multiple exceptions: [Errno 61] Connect call failed ('::1', 8765, 0, 0), [Errno 61] Connect call failed ('127.0.0.1', 8765)"
  CB: None None-None (None)  crr=None  ps=None  recent=None
  ✓ score/wickets/overs match

[11:06:36  iter#2161]
  WS ERR: "Multiple exceptions: [Errno 61] Connect call failed ('::1', 8765, 0, 0), [Errno 61] Connect call failed ('127.0.0.1', 8765)"
  CB: None None-None (None)  crr=None  ps=None  recent=None
  ✓ score/wickets/overs match

[11:06:56  iter#2162]
  WS ERR: "Multiple exceptions: [Errno 61] Connect call failed ('::1', 8765, 0, 0), [Errno 61] Connect call failed ('127.0.0.1', 8765)"
  CB: None None-None (None)  crr=None  ps=None  recent=None
  ✓ score/wickets/overs match

[11:07:16  iter#2163]
  WS ERR: "Multiple exceptions: [Errno 61] Connect call failed ('::1', 8765, 0, 0), [Errno 61] Connect call failed ('127.0.0.1', 8765)"
  CB: None None-None (None)  crr=None  ps=None  recent=None
  ✓ score/wickets/overs match

[11:07:36  iter#2164]
  WS ERR: "Multiple exceptions: [Errno 61] Connect call failed ('::1', 8765, 0, 0), [Errno 61] Connect call failed ('127.0.0.1', 8765)"
  CB: None None-None (None)  crr=None  ps=None  recent=None
  ✓ score/wickets/overs match

[11:07:57  iter#2165]
  WS ERR: "Multiple exceptions: [Errno 61] Connect call failed ('::1', 8765, 0, 0), [Errno 61] Connect call failed ('127.0.0.1', 8765)"
  CB: None None-None (None)  crr=None  ps=None  recent=None
  ✓ score/wickets/overs match

[11:08:17  iter#2166]
  WS ERR: "Multiple exceptions: [Errno 61] Connect call failed ('::1', 8765, 0, 0), [Errno 61] Connect call failed ('127.0.0.1', 8765)"
  CB: None None-None (None)  crr=None  ps=None  recent=None
  ✓ score/wickets/overs match

[11:08:37  iter#2167]
  WS ERR: "Multiple exceptions: [Errno 61] Connect call failed ('::1', 8765, 0, 0), [Errno 61] Connect call failed ('127.0.0.1', 8765)"
  CB: None None-None (None)  crr=None  ps=None  recent=None
  ✓ score/wickets/overs match

[11:09:03  iter#2168]
  WS ERR: "Multiple exceptions: [Errno 61] Connect call failed ('::1', 8765, 0, 0), [Errno 61] Connect call failed ('127.0.0.1', 8765)"
  CB: None None-None (None)  crr=None  ps=None  recent=None
  ✓ score/wickets/overs match

[11:09:23  iter#2169]
  WS ERR: "Multiple exceptions: [Errno 61] Connect call failed ('::1', 8765, 0, 0), [Errno 61] Connect call failed ('127.0.0.1', 8765)"
  CB: None None-None (None)  crr=None  ps=None  recent=None
  ✓ score/wickets/overs match

[11:09:43  iter#2170]
  WS ERR: "Multiple exceptions: [Errno 61] Connect call failed ('::1', 8765, 0, 0), [Errno 61] Connect call failed ('127.0.0.1', 8765)"
  CB: None None-None (None)  crr=None  ps=None  recent=None
  ✓ score/wickets/overs match

[11:10:03  iter#2171]
  WS ERR: "Multiple exceptions: [Errno 61] Connect call failed ('::1', 8765, 0, 0), [Errno 61] Connect call failed ('127.0.0.1', 8765)"
  CB: None None-None (None)  crr=None  ps=None  recent=None
  ✓ score/wickets/overs match

[11:10:24  iter#2172]
  WS ERR: "Multiple exceptions: [Errno 61] Connect call failed ('::1', 8765, 0, 0), [Errno 61] Connect call failed ('127.0.0.1', 8765)"
  CB: None None-None (None)  crr=None  ps=None  recent=None
  ✓ score/wickets/overs match

[11:10:44  iter#2173]
  WS ERR: "Multiple exceptions: [Errno 61] Connect call failed ('::1', 8765, 0, 0), [Errno 61] Connect call failed ('127.0.0.1', 8765)"
  CB: None None-None (None)  crr=None  ps=None  recent=None
  ✓ score/wickets/overs match

[11:11:04  iter#2174]
  WS ERR: "Multiple exceptions: [Errno 61] Connect call failed ('::1', 8765, 0, 0), [Errno 61] Connect call failed ('127.0.0.1', 8765)"
  CB: None None-None (None)  crr=None  ps=None  recent=None
  ✓ score/wickets/overs match

[11:11:25  iter#2175]
  WS ERR: "Multiple exceptions: [Errno 61] Connect call failed ('::1', 8765, 0, 0), [Errno 61] Connect call failed ('127.0.0.1', 8765)"
  CB: None None-None (None)  crr=None  ps=None  recent=None
  ✓ score/wickets/overs match

[11:11:45  iter#2176]
  WS ERR: "Multiple exceptions: [Errno 61] Connect call failed ('::1', 8765, 0, 0), [Errno 61] Connect call failed ('127.0.0.1', 8765)"
  CB: None None-None (None)  crr=None  ps=None  recent=None
  ✓ score/wickets/overs match

[11:12:05  iter#2177]
  WS ERR: "Multiple exceptions: [Errno 61] Connect call failed ('::1', 8765, 0, 0), [Errno 61] Connect call failed ('127.0.0.1', 8765)"
  CB: None None-None (None)  crr=None  ps=None  recent=None
  ✓ score/wickets/overs match

[11:12:25  iter#2178]
  WS ERR: "Multiple exceptions: [Errno 61] Connect call failed ('::1', 8765, 0, 0), [Errno 61] Connect call failed ('127.0.0.1', 8765)"
  CB: None None-None (None)  crr=None  ps=None  recent=None
  ✓ score/wickets/overs match

[11:12:46  iter#2179]
  WS ERR: "Multiple exceptions: [Errno 61] Connect call failed ('::1', 8765, 0, 0), [Errno 61] Connect call failed ('127.0.0.1', 8765)"
  CB: None None-None (None)  crr=None  ps=None  recent=None
  ✓ score/wickets/overs match

[11:13:06  iter#2180]
  WS ERR: "Multiple exceptions: [Errno 61] Connect call failed ('::1', 8765, 0, 0), [Errno 61] Connect call failed ('127.0.0.1', 8765)"
  CB: None None-None (None)  crr=None  ps=None  recent=None
  ✓ score/wickets/overs match

[11:13:26  iter#2181]
  WS ERR: "Multiple exceptions: [Errno 61] Connect call failed ('::1', 8765, 0, 0), [Errno 61] Connect call failed ('127.0.0.1', 8765)"
  CB: None None-None (None)  crr=None  ps=None  recent=None
  ✓ score/wickets/overs match

[11:13:47  iter#2182]
  WS ERR: "Multiple exceptions: [Errno 61] Connect call failed ('::1', 8765, 0, 0), [Errno 61] Connect call failed ('127.0.0.1', 8765)"
  CB: None None-None (None)  crr=None  ps=None  recent=None
  ✓ score/wickets/overs match

[11:14:07  iter#2183]
  WS ERR: "Multiple exceptions: [Errno 61] Connect call failed ('::1', 8765, 0, 0), [Errno 61] Connect call failed ('127.0.0.1', 8765)"
  CB: None None-None (None)  crr=None  ps=None  recent=None
  ✓ score/wickets/overs match

[11:14:27  iter#2184]
  WS ERR: "Multiple exceptions: [Errno 61] Connect call failed ('::1', 8765, 0, 0), [Errno 61] Connect call failed ('127.0.0.1', 8765)"
  CB: None None-None (None)  crr=None  ps=None  recent=None
  ✓ score/wickets/overs match

[11:14:47  iter#2185]
  WS ERR: "Multiple exceptions: [Errno 61] Connect call failed ('::1', 8765, 0, 0), [Errno 61] Connect call failed ('127.0.0.1', 8765)"
  CB: None None-None (None)  crr=None  ps=None  recent=None
  ✓ score/wickets/overs match

[11:15:07  iter#2186]
  WS ERR: "Multiple exceptions: [Errno 61] Connect call failed ('::1', 8765, 0, 0), [Errno 61] Connect call failed ('127.0.0.1', 8765)"
  CB: None None-None (None)  crr=None  ps=None  recent=None
  ✓ score/wickets/overs match

[11:15:27  iter#2187]
  WS ERR: "Multiple exceptions: [Errno 61] Connect call failed ('::1', 8765, 0, 0), [Errno 61] Connect call failed ('127.0.0.1', 8765)"
  CB: None None-None (None)  crr=None  ps=None  recent=None
  ✓ score/wickets/overs match

[11:15:48  iter#2188]
  WS ERR: "Multiple exceptions: [Errno 61] Connect call failed ('::1', 8765, 0, 0), [Errno 61] Connect call failed ('127.0.0.1', 8765)"
  CB: None None-None (None)  crr=None  ps=None  recent=None
  ✓ score/wickets/overs match

[11:16:08  iter#2189]
  WS ERR: "Multiple exceptions: [Errno 61] Connect call failed ('::1', 8765, 0, 0), [Errno 61] Connect call failed ('127.0.0.1', 8765)"
  CB: None None-None (None)  crr=None  ps=None  recent=None
  ✓ score/wickets/overs match

[11:16:28  iter#2190]
  WS ERR: "Multiple exceptions: [Errno 61] Connect call failed ('::1', 8765, 0, 0), [Errno 61] Connect call failed ('127.0.0.1', 8765)"
  CB: None None-None (None)  crr=None  ps=None  recent=None
  ✓ score/wickets/overs match

[11:16:48  iter#2191]
  WS ERR: "Multiple exceptions: [Errno 61] Connect call failed ('::1', 8765, 0, 0), [Errno 61] Connect call failed ('127.0.0.1', 8765)"
  CB: None None-None (None)  crr=None  ps=None  recent=None
  ✓ score/wickets/overs match

[11:17:08  iter#2192]
  WS ERR: "Multiple exceptions: [Errno 61] Connect call failed ('::1', 8765, 0, 0), [Errno 61] Connect call failed ('127.0.0.1', 8765)"
  CB: None None-None (None)  crr=None  ps=None  recent=None
  ✓ score/wickets/overs match

[11:17:29  iter#2193]
  WS ERR: "Multiple exceptions: [Errno 61] Connect call failed ('::1', 8765, 0, 0), [Errno 61] Connect call failed ('127.0.0.1', 8765)"
  CB: None None-None (None)  crr=None  ps=None  recent=None
  ✓ score/wickets/overs match

[11:17:49  iter#2194]
  WS ERR: "Multiple exceptions: [Errno 61] Connect call failed ('::1', 8765, 0, 0), [Errno 61] Connect call failed ('127.0.0.1', 8765)"
  CB: None None-None (None)  crr=None  ps=None  recent=None
  ✓ score/wickets/overs match

[11:18:10  iter#2195]
  WS ERR: "Multiple exceptions: [Errno 61] Connect call failed ('::1', 8765, 0, 0), [Errno 61] Connect call failed ('127.0.0.1', 8765)"
  CB: None None-None (None)  crr=None  ps=None  recent=None
  ✓ score/wickets/overs match

[11:18:30  iter#2196]
  WS ERR: "Multiple exceptions: [Errno 61] Connect call failed ('::1', 8765, 0, 0), [Errno 61] Connect call failed ('127.0.0.1', 8765)"
  CB: None None-None (None)  crr=None  ps=None  recent=None
  ✓ score/wickets/overs match

[11:18:50  iter#2197]
  WS ERR: "Multiple exceptions: [Errno 61] Connect call failed ('::1', 8765, 0, 0), [Errno 61] Connect call failed ('127.0.0.1', 8765)"
  CB: None None-None (None)  crr=None  ps=None  recent=None
  ✓ score/wickets/overs match

[11:19:10  iter#2198]
  WS ERR: "Multiple exceptions: [Errno 61] Connect call failed ('::1', 8765, 0, 0), [Errno 61] Connect call failed ('127.0.0.1', 8765)"
  CB: None None-None (None)  crr=None  ps=None  recent=None
  ✓ score/wickets/overs match

[11:19:31  iter#2199]
  WS ERR: "Multiple exceptions: [Errno 61] Connect call failed ('::1', 8765, 0, 0), [Errno 61] Connect call failed ('127.0.0.1', 8765)"
  CB: None None-None (None)  crr=None  ps=None  recent=None
  ✓ score/wickets/overs match

[11:19:51  iter#2200]
  WS ERR: "Multiple exceptions: [Errno 61] Connect call failed ('::1', 8765, 0, 0), [Errno 61] Connect call failed ('127.0.0.1', 8765)"
  CB: None None-None (None)  crr=None  ps=None  recent=None
  ✓ score/wickets/overs match

[11:20:11  iter#2201]
  WS ERR: "Multiple exceptions: [Errno 61] Connect call failed ('::1', 8765, 0, 0), [Errno 61] Connect call failed ('127.0.0.1', 8765)"
  CB: None None-None (None)  crr=None  ps=None  recent=None
  ✓ score/wickets/overs match

[11:20:31  iter#2202]
  WS ERR: "Multiple exceptions: [Errno 61] Connect call failed ('::1', 8765, 0, 0), [Errno 61] Connect call failed ('127.0.0.1', 8765)"
  CB: None None-None (None)  crr=None  ps=None  recent=None
  ✓ score/wickets/overs match

[11:20:52  iter#2203]
  WS ERR: "Multiple exceptions: [Errno 61] Connect call failed ('::1', 8765, 0, 0), [Errno 61] Connect call failed ('127.0.0.1', 8765)"
  CB: None None-None (None)  crr=None  ps=None  recent=None
  ✓ score/wickets/overs match

[11:21:12  iter#2204]
  WS ERR: "Multiple exceptions: [Errno 61] Connect call failed ('::1', 8765, 0, 0), [Errno 61] Connect call failed ('127.0.0.1', 8765)"
  CB: None None-None (None)  crr=None  ps=None  recent=None
  ✓ score/wickets/overs match

[11:21:32  iter#2205]
  WS ERR: "Multiple exceptions: [Errno 61] Connect call failed ('::1', 8765, 0, 0), [Errno 61] Connect call failed ('127.0.0.1', 8765)"
  CB: None None-None (None)  crr=None  ps=None  recent=None
  ✓ score/wickets/overs match

[11:21:53  iter#2206]
  WS ERR: "Multiple exceptions: [Errno 61] Connect call failed ('::1', 8765, 0, 0), [Errno 61] Connect call failed ('127.0.0.1', 8765)"
  CB: None None-None (None)  crr=None  ps=None  recent=None
  ✓ score/wickets/overs match

[11:22:13  iter#2207]
  WS ERR: "Multiple exceptions: [Errno 61] Connect call failed ('::1', 8765, 0, 0), [Errno 61] Connect call failed ('127.0.0.1', 8765)"
  CB: None None-None (None)  crr=None  ps=None  recent=None
  ✓ score/wickets/overs match

[11:22:33  iter#2208]
  WS ERR: "Multiple exceptions: [Errno 61] Connect call failed ('::1', 8765, 0, 0), [Errno 61] Connect call failed ('127.0.0.1', 8765)"
  CB: None None-None (None)  crr=None  ps=None  recent=None
  ✓ score/wickets/overs match

[11:22:53  iter#2209]
  WS ERR: "Multiple exceptions: [Errno 61] Connect call failed ('::1', 8765, 0, 0), [Errno 61] Connect call failed ('127.0.0.1', 8765)"
  CB: None None-None (None)  crr=None  ps=None  recent=None
  ✓ score/wickets/overs match

[11:23:13  iter#2210]
  WS ERR: "Multiple exceptions: [Errno 61] Connect call failed ('::1', 8765, 0, 0), [Errno 61] Connect call failed ('127.0.0.1', 8765)"
  CB: None None-None (None)  crr=None  ps=None  recent=None
  ✓ score/wickets/overs match

[11:23:33  iter#2211]
  WS ERR: "Multiple exceptions: [Errno 61] Connect call failed ('::1', 8765, 0, 0), [Errno 61] Connect call failed ('127.0.0.1', 8765)"
  CB: None None-None (None)  crr=None  ps=None  recent=None
  ✓ score/wickets/overs match

[11:23:54  iter#2212]
  WS ERR: "Multiple exceptions: [Errno 61] Connect call failed ('::1', 8765, 0, 0), [Errno 61] Connect call failed ('127.0.0.1', 8765)"
  CB: None None-None (None)  crr=None  ps=None  recent=None
  ✓ score/wickets/overs match

[11:24:14  iter#2213]
  WS ERR: "Multiple exceptions: [Errno 61] Connect call failed ('::1', 8765, 0, 0), [Errno 61] Connect call failed ('127.0.0.1', 8765)"
  CB: None None-None (None)  crr=None  ps=None  recent=None
  ✓ score/wickets/overs match

[11:24:34  iter#2214]
  WS ERR: "Multiple exceptions: [Errno 61] Connect call failed ('::1', 8765, 0, 0), [Errno 61] Connect call failed ('127.0.0.1', 8765)"
  CB: None None-None (None)  crr=None  ps=None  recent=None
  ✓ score/wickets/overs match

[11:24:55  iter#2215]
  WS ERR: "Multiple exceptions: [Errno 61] Connect call failed ('::1', 8765, 0, 0), [Errno 61] Connect call failed ('127.0.0.1', 8765)"
  CB: None None-None (None)  crr=None  ps=None  recent=None
  ✓ score/wickets/overs match

[11:25:15  iter#2216]
  WS ERR: "Multiple exceptions: [Errno 61] Connect call failed ('::1', 8765, 0, 0), [Errno 61] Connect call failed ('127.0.0.1', 8765)"
  CB: None None-None (None)  crr=None  ps=None  recent=None
  ✓ score/wickets/overs match

[11:25:36  iter#2217]
  WS ERR: "Multiple exceptions: [Errno 61] Connect call failed ('::1', 8765, 0, 0), [Errno 61] Connect call failed ('127.0.0.1', 8765)"
  CB: None None-None (None)  crr=None  ps=None  recent=None
  ✓ score/wickets/overs match

[11:25:57  iter#2218]
  WS ERR: "Multiple exceptions: [Errno 61] Connect call failed ('::1', 8765, 0, 0), [Errno 61] Connect call failed ('127.0.0.1', 8765)"
  CB: None None-None (None)  crr=None  ps=None  recent=None
  ✓ score/wickets/overs match

[11:26:17  iter#2219]
  WS ERR: "Multiple exceptions: [Errno 61] Connect call failed ('::1', 8765, 0, 0), [Errno 61] Connect call failed ('127.0.0.1', 8765)"
  CB: None None-None (None)  crr=None  ps=None  recent=None
  ✓ score/wickets/overs match

[11:26:38  iter#2220]
  WS ERR: "Multiple exceptions: [Errno 61] Connect call failed ('::1', 8765, 0, 0), [Errno 61] Connect call failed ('127.0.0.1', 8765)"
  CB: None None-None (None)  crr=None  ps=None  recent=None
  ✓ score/wickets/overs match

[11:26:59  iter#2221]
  WS ERR: "Multiple exceptions: [Errno 61] Connect call failed ('::1', 8765, 0, 0), [Errno 61] Connect call failed ('127.0.0.1', 8765)"
  CB: None None-None (None)  crr=None  ps=None  recent=None
  ✓ score/wickets/overs match

[11:27:19  iter#2222]
  WS ERR: "Multiple exceptions: [Errno 61] Connect call failed ('::1', 8765, 0, 0), [Errno 61] Connect call failed ('127.0.0.1', 8765)"
  CB: None None-None (None)  crr=None  ps=None  recent=None
  ✓ score/wickets/overs match

[11:27:40  iter#2223]
  WS ERR: "Multiple exceptions: [Errno 61] Connect call failed ('::1', 8765, 0, 0), [Errno 61] Connect call failed ('127.0.0.1', 8765)"
  CB: None None-None (None)  crr=None  ps=None  recent=None
  ✓ score/wickets/overs match

[11:28:01  iter#2224]
  WS ERR: "Multiple exceptions: [Errno 61] Connect call failed ('::1', 8765, 0, 0), [Errno 61] Connect call failed ('127.0.0.1', 8765)"
  CB: None None-None (None)  crr=None  ps=None  recent=None
  ✓ score/wickets/overs match

[11:28:21  iter#2225]
  WS ERR: "Multiple exceptions: [Errno 61] Connect call failed ('::1', 8765, 0, 0), [Errno 61] Connect call failed ('127.0.0.1', 8765)"
  CB: None None-None (None)  crr=None  ps=None  recent=None
  ✓ score/wickets/overs match

[11:28:42  iter#2226]
  WS ERR: "Multiple exceptions: [Errno 61] Connect call failed ('::1', 8765, 0, 0), [Errno 61] Connect call failed ('127.0.0.1', 8765)"
  CB: None None-None (None)  crr=None  ps=None  recent=None
  ✓ score/wickets/overs match

[11:29:03  iter#2227]
  WS ERR: "Multiple exceptions: [Errno 61] Connect call failed ('::1', 8765, 0, 0), [Errno 61] Connect call failed ('127.0.0.1', 8765)"
  CB: None None-None (None)  crr=None  ps=None  recent=None
  ✓ score/wickets/overs match

[11:29:23  iter#2228]
  WS ERR: "Multiple exceptions: [Errno 61] Connect call failed ('::1', 8765, 0, 0), [Errno 61] Connect call failed ('127.0.0.1', 8765)"
  CB: None None-None (None)  crr=None  ps=None  recent=None
  ✓ score/wickets/overs match

[11:29:43  iter#2229]
  WS ERR: "Multiple exceptions: [Errno 61] Connect call failed ('::1', 8765, 0, 0), [Errno 61] Connect call failed ('127.0.0.1', 8765)"
  CB: None None-None (None)  crr=None  ps=None  recent=None
  ✓ score/wickets/overs match

[11:30:03  iter#2230]
  WS ERR: "Multiple exceptions: [Errno 61] Connect call failed ('::1', 8765, 0, 0), [Errno 61] Connect call failed ('127.0.0.1', 8765)"
  CB: None None-None (None)  crr=None  ps=None  recent=None
  ✓ score/wickets/overs match

[11:30:23  iter#2231]
  WS ERR: "Multiple exceptions: [Errno 61] Connect call failed ('::1', 8765, 0, 0), [Errno 61] Connect call failed ('127.0.0.1', 8765)"
  CB: None None-None (None)  crr=None  ps=None  recent=None
  ✓ score/wickets/overs match

[11:30:43  iter#2232]
  WS ERR: "Multiple exceptions: [Errno 61] Connect call failed ('::1', 8765, 0, 0), [Errno 61] Connect call failed ('127.0.0.1', 8765)"
  CB: None None-None (None)  crr=None  ps=None  recent=None
  ✓ score/wickets/overs match

[11:31:04  iter#2233]
  WS ERR: "Multiple exceptions: [Errno 61] Connect call failed ('::1', 8765, 0, 0), [Errno 61] Connect call failed ('127.0.0.1', 8765)"
  CB: None None-None (None)  crr=None  ps=None  recent=None
  ✓ score/wickets/overs match

[11:31:24  iter#2234]
  WS ERR: "Multiple exceptions: [Errno 61] Connect call failed ('::1', 8765, 0, 0), [Errno 61] Connect call failed ('127.0.0.1', 8765)"
  CB: None None-None (None)  crr=None  ps=None  recent=None
  ✓ score/wickets/overs match

[11:31:44  iter#2235]
  WS ERR: "Multiple exceptions: [Errno 61] Connect call failed ('::1', 8765, 0, 0), [Errno 61] Connect call failed ('127.0.0.1', 8765)"
  CB: None None-None (None)  crr=None  ps=None  recent=None
  ✓ score/wickets/overs match

[11:32:04  iter#2236]
  WS ERR: "Multiple exceptions: [Errno 61] Connect call failed ('::1', 8765, 0, 0), [Errno 61] Connect call failed ('127.0.0.1', 8765)"
  CB: None None-None (None)  crr=None  ps=None  recent=None
  ✓ score/wickets/overs match

[11:32:24  iter#2237]
  WS ERR: "Multiple exceptions: [Errno 61] Connect call failed ('::1', 8765, 0, 0), [Errno 61] Connect call failed ('127.0.0.1', 8765)"
  CB: None None-None (None)  crr=None  ps=None  recent=None
  ✓ score/wickets/overs match

[11:32:44  iter#2238]
  WS ERR: "Multiple exceptions: [Errno 61] Connect call failed ('::1', 8765, 0, 0), [Errno 61] Connect call failed ('127.0.0.1', 8765)"
  CB: None None-None (None)  crr=None  ps=None  recent=None
  ✓ score/wickets/overs match

[11:33:05  iter#2239]
  WS ERR: "Multiple exceptions: [Errno 61] Connect call failed ('::1', 8765, 0, 0), [Errno 61] Connect call failed ('127.0.0.1', 8765)"
  CB: None None-None (None)  crr=None  ps=None  recent=None
  ✓ score/wickets/overs match

[11:33:25  iter#2240]
  WS ERR: "Multiple exceptions: [Errno 61] Connect call failed ('::1', 8765, 0, 0), [Errno 61] Connect call failed ('127.0.0.1', 8765)"
  CB: None None-None (None)  crr=None  ps=None  recent=None
  ✓ score/wickets/overs match

[11:33:45  iter#2241]
  WS ERR: "Multiple exceptions: [Errno 61] Connect call failed ('::1', 8765, 0, 0), [Errno 61] Connect call failed ('127.0.0.1', 8765)"
  CB: None None-None (None)  crr=None  ps=None  recent=None
  ✓ score/wickets/overs match

[11:34:05  iter#2242]
  WS ERR: "Multiple exceptions: [Errno 61] Connect call failed ('::1', 8765, 0, 0), [Errno 61] Connect call failed ('127.0.0.1', 8765)"
  CB: None None-None (None)  crr=None  ps=None  recent=None
  ✓ score/wickets/overs match

[11:34:25  iter#2243]
  WS ERR: "Multiple exceptions: [Errno 61] Connect call failed ('::1', 8765, 0, 0), [Errno 61] Connect call failed ('127.0.0.1', 8765)"
  CB: None None-None (None)  crr=None  ps=None  recent=None
  ✓ score/wickets/overs match

[11:34:46  iter#2244]
  WS ERR: "Multiple exceptions: [Errno 61] Connect call failed ('::1', 8765, 0, 0), [Errno 61] Connect call failed ('127.0.0.1', 8765)"
  CB: None None-None (None)  crr=None  ps=None  recent=None
  ✓ score/wickets/overs match

[11:35:06  iter#2245]
  WS ERR: "Multiple exceptions: [Errno 61] Connect call failed ('::1', 8765, 0, 0), [Errno 61] Connect call failed ('127.0.0.1', 8765)"
  CB: None None-None (None)  crr=None  ps=None  recent=None
  ✓ score/wickets/overs match

[11:35:26  iter#2246]
  WS ERR: "Multiple exceptions: [Errno 61] Connect call failed ('::1', 8765, 0, 0), [Errno 61] Connect call failed ('127.0.0.1', 8765)"
  CB: None None-None (None)  crr=None  ps=None  recent=None
  ✓ score/wickets/overs match

[11:35:46  iter#2247]
  WS ERR: "Multiple exceptions: [Errno 61] Connect call failed ('::1', 8765, 0, 0), [Errno 61] Connect call failed ('127.0.0.1', 8765)"
  CB: None None-None (None)  crr=None  ps=None  recent=None
  ✓ score/wickets/overs match

[11:36:06  iter#2248]
  WS ERR: "Multiple exceptions: [Errno 61] Connect call failed ('::1', 8765, 0, 0), [Errno 61] Connect call failed ('127.0.0.1', 8765)"
  CB: None None-None (None)  crr=None  ps=None  recent=None
  ✓ score/wickets/overs match

[11:36:27  iter#2249]
  WS ERR: "Multiple exceptions: [Errno 61] Connect call failed ('::1', 8765, 0, 0), [Errno 61] Connect call failed ('127.0.0.1', 8765)"
  CB: None None-None (None)  crr=None  ps=None  recent=None
  ✓ score/wickets/overs match

[11:36:48  iter#2250]
  WS ERR: "Multiple exceptions: [Errno 61] Connect call failed ('::1', 8765, 0, 0), [Errno 61] Connect call failed ('127.0.0.1', 8765)"
  CB: None None-None (None)  crr=None  ps=None  recent=None
  ✓ score/wickets/overs match

[11:37:08  iter#2251]
  WS ERR: "Multiple exceptions: [Errno 61] Connect call failed ('::1', 8765, 0, 0), [Errno 61] Connect call failed ('127.0.0.1', 8765)"
  CB: None None-None (None)  crr=None  ps=None  recent=None
  ✓ score/wickets/overs match

[11:37:28  iter#2252]
  WS ERR: "Multiple exceptions: [Errno 61] Connect call failed ('::1', 8765, 0, 0), [Errno 61] Connect call failed ('127.0.0.1', 8765)"
  CB: None None-None (None)  crr=None  ps=None  recent=None
  ✓ score/wickets/overs match

[11:37:49  iter#2253]
  WS ERR: "Multiple exceptions: [Errno 61] Connect call failed ('::1', 8765, 0, 0), [Errno 61] Connect call failed ('127.0.0.1', 8765)"
  CB: None None-None (None)  crr=None  ps=None  recent=None
  ✓ score/wickets/overs match

[11:38:10  iter#2254]
  WS ERR: "Multiple exceptions: [Errno 61] Connect call failed ('::1', 8765, 0, 0), [Errno 61] Connect call failed ('127.0.0.1', 8765)"
  CB: None None-None (None)  crr=None  ps=None  recent=None
  ✓ score/wickets/overs match

[11:38:30  iter#2255]
  WS ERR: "Multiple exceptions: [Errno 61] Connect call failed ('::1', 8765, 0, 0), [Errno 61] Connect call failed ('127.0.0.1', 8765)"
  CB: None None-None (None)  crr=None  ps=None  recent=None
  ✓ score/wickets/overs match

[11:38:50  iter#2256]
  WS ERR: "Multiple exceptions: [Errno 61] Connect call failed ('::1', 8765, 0, 0), [Errno 61] Connect call failed ('127.0.0.1', 8765)"
  CB: None None-None (None)  crr=None  ps=None  recent=None
  ✓ score/wickets/overs match

[11:39:10  iter#2257]
  WS ERR: "Multiple exceptions: [Errno 61] Connect call failed ('::1', 8765, 0, 0), [Errno 61] Connect call failed ('127.0.0.1', 8765)"
  CB: None None-None (None)  crr=None  ps=None  recent=None
  ✓ score/wickets/overs match

[11:39:31  iter#2258]
  WS ERR: "Multiple exceptions: [Errno 61] Connect call failed ('::1', 8765, 0, 0), [Errno 61] Connect call failed ('127.0.0.1', 8765)"
  CB: None None-None (None)  crr=None  ps=None  recent=None
  ✓ score/wickets/overs match

[11:39:51  iter#2259]
  WS ERR: "Multiple exceptions: [Errno 61] Connect call failed ('::1', 8765, 0, 0), [Errno 61] Connect call failed ('127.0.0.1', 8765)"
  CB: None None-None (None)  crr=None  ps=None  recent=None
  ✓ score/wickets/overs match

[11:40:12  iter#2260]
  WS ERR: "Multiple exceptions: [Errno 61] Connect call failed ('::1', 8765, 0, 0), [Errno 61] Connect call failed ('127.0.0.1', 8765)"
  CB: None None-None (None)  crr=None  ps=None  recent=None
  ✓ score/wickets/overs match

[11:40:32  iter#2261]
  WS ERR: "Multiple exceptions: [Errno 61] Connect call failed ('::1', 8765, 0, 0), [Errno 61] Connect call failed ('127.0.0.1', 8765)"
  CB: None None-None (None)  crr=None  ps=None  recent=None
  ✓ score/wickets/overs match

[11:40:52  iter#2262]
  WS ERR: "Multiple exceptions: [Errno 61] Connect call failed ('::1', 8765, 0, 0), [Errno 61] Connect call failed ('127.0.0.1', 8765)"
  CB: None None-None (None)  crr=None  ps=None  recent=None
  ✓ score/wickets/overs match

[11:41:14  iter#2263]
  WS ERR: "Multiple exceptions: [Errno 61] Connect call failed ('::1', 8765, 0, 0), [Errno 61] Connect call failed ('127.0.0.1', 8765)"
  CB: None None-None (None)  crr=None  ps=None  recent=None
  ✓ score/wickets/overs match

[11:41:34  iter#2264]
  WS ERR: "Multiple exceptions: [Errno 61] Connect call failed ('::1', 8765, 0, 0), [Errno 61] Connect call failed ('127.0.0.1', 8765)"
  CB: None None-None (None)  crr=None  ps=None  recent=None
  ✓ score/wickets/overs match

[11:41:54  iter#2265]
  WS ERR: "Multiple exceptions: [Errno 61] Connect call failed ('::1', 8765, 0, 0), [Errno 61] Connect call failed ('127.0.0.1', 8765)"
  CB: None None-None (None)  crr=None  ps=None  recent=None
  ✓ score/wickets/overs match

[11:42:15  iter#2266]
  WS ERR: "Multiple exceptions: [Errno 61] Connect call failed ('::1', 8765, 0, 0), [Errno 61] Connect call failed ('127.0.0.1', 8765)"
  CB: None None-None (None)  crr=None  ps=None  recent=None
  ✓ score/wickets/overs match

[11:42:35  iter#2267]
  WS ERR: "Multiple exceptions: [Errno 61] Connect call failed ('::1', 8765, 0, 0), [Errno 61] Connect call failed ('127.0.0.1', 8765)"
  CB: None None-None (None)  crr=None  ps=None  recent=None
  ✓ score/wickets/overs match

[11:42:55  iter#2268]
  WS ERR: "Multiple exceptions: [Errno 61] Connect call failed ('::1', 8765, 0, 0), [Errno 61] Connect call failed ('127.0.0.1', 8765)"
  CB: None None-None (None)  crr=None  ps=None  recent=None
  ✓ score/wickets/overs match

[11:43:16  iter#2269]
  WS ERR: "Multiple exceptions: [Errno 61] Connect call failed ('::1', 8765, 0, 0), [Errno 61] Connect call failed ('127.0.0.1', 8765)"
  CB: None None-None (None)  crr=None  ps=None  recent=None
  ✓ score/wickets/overs match

[11:43:36  iter#2270]
  WS ERR: "Multiple exceptions: [Errno 61] Connect call failed ('::1', 8765, 0, 0), [Errno 61] Connect call failed ('127.0.0.1', 8765)"
  CB: None None-None (None)  crr=None  ps=None  recent=None
  ✓ score/wickets/overs match

[11:43:56  iter#2271]
  WS ERR: "Multiple exceptions: [Errno 61] Connect call failed ('::1', 8765, 0, 0), [Errno 61] Connect call failed ('127.0.0.1', 8765)"
  CB: None None-None (None)  crr=None  ps=None  recent=None
  ✓ score/wickets/overs match

[11:44:17  iter#2272]
  WS ERR: "Multiple exceptions: [Errno 61] Connect call failed ('::1', 8765, 0, 0), [Errno 61] Connect call failed ('127.0.0.1', 8765)"
  CB: None None-None (None)  crr=None  ps=None  recent=None
  ✓ score/wickets/overs match

[11:44:37  iter#2273]
  WS ERR: "Multiple exceptions: [Errno 61] Connect call failed ('::1', 8765, 0, 0), [Errno 61] Connect call failed ('127.0.0.1', 8765)"
  CB: None None-None (None)  crr=None  ps=None  recent=None
  ✓ score/wickets/overs match

[11:44:57  iter#2274]
  WS ERR: "Multiple exceptions: [Errno 61] Connect call failed ('::1', 8765, 0, 0), [Errno 61] Connect call failed ('127.0.0.1', 8765)"
  CB: None None-None (None)  crr=None  ps=None  recent=None
  ✓ score/wickets/overs match

[11:45:17  iter#2275]
  WS ERR: "Multiple exceptions: [Errno 61] Connect call failed ('::1', 8765, 0, 0), [Errno 61] Connect call failed ('127.0.0.1', 8765)"
  CB: None None-None (None)  crr=None  ps=None  recent=None
  ✓ score/wickets/overs match

[11:45:38  iter#2276]
  WS ERR: "Multiple exceptions: [Errno 61] Connect call failed ('::1', 8765, 0, 0), [Errno 61] Connect call failed ('127.0.0.1', 8765)"
  CB: None None-None (None)  crr=None  ps=None  recent=None
  ✓ score/wickets/overs match

[11:45:58  iter#2277]
  WS ERR: "Multiple exceptions: [Errno 61] Connect call failed ('::1', 8765, 0, 0), [Errno 61] Connect call failed ('127.0.0.1', 8765)"
  CB: None None-None (None)  crr=None  ps=None  recent=None
  ✓ score/wickets/overs match

[11:46:18  iter#2278]
  WS ERR: "Multiple exceptions: [Errno 61] Connect call failed ('::1', 8765, 0, 0), [Errno 61] Connect call failed ('127.0.0.1', 8765)"
  CB: None None-None (None)  crr=None  ps=None  recent=None
  ✓ score/wickets/overs match

[11:46:39  iter#2279]
  WS ERR: "Multiple exceptions: [Errno 61] Connect call failed ('::1', 8765, 0, 0), [Errno 61] Connect call failed ('127.0.0.1', 8765)"
  CB: None None-None (None)  crr=None  ps=None  recent=None
  ✓ score/wickets/overs match

[11:47:00  iter#2280]
  WS ERR: "Multiple exceptions: [Errno 61] Connect call failed ('::1', 8765, 0, 0), [Errno 61] Connect call failed ('127.0.0.1', 8765)"
  CB: None None-None (None)  crr=None  ps=None  recent=None
  ✓ score/wickets/overs match

[11:47:20  iter#2281]
  WS ERR: "Multiple exceptions: [Errno 61] Connect call failed ('::1', 8765, 0, 0), [Errno 61] Connect call failed ('127.0.0.1', 8765)"
  CB: None None-None (None)  crr=None  ps=None  recent=None
  ✓ score/wickets/overs match

[11:47:40  iter#2282]
  WS ERR: "Multiple exceptions: [Errno 61] Connect call failed ('::1', 8765, 0, 0), [Errno 61] Connect call failed ('127.0.0.1', 8765)"
  CB: None None-None (None)  crr=None  ps=None  recent=None
  ✓ score/wickets/overs match

[11:48:00  iter#2283]
  WS ERR: "Multiple exceptions: [Errno 61] Connect call failed ('::1', 8765, 0, 0), [Errno 61] Connect call failed ('127.0.0.1', 8765)"
  CB: None None-None (None)  crr=None  ps=None  recent=None
  ✓ score/wickets/overs match

[11:48:21  iter#2284]
  WS ERR: "Multiple exceptions: [Errno 61] Connect call failed ('::1', 8765, 0, 0), [Errno 61] Connect call failed ('127.0.0.1', 8765)"
  CB: None None-None (None)  crr=None  ps=None  recent=None
  ✓ score/wickets/overs match

[11:48:41  iter#2285]
  WS ERR: "Multiple exceptions: [Errno 61] Connect call failed ('::1', 8765, 0, 0), [Errno 61] Connect call failed ('127.0.0.1', 8765)"
  CB: None None-None (None)  crr=None  ps=None  recent=None
  ✓ score/wickets/overs match

[11:49:02  iter#2286]
  WS ERR: "Multiple exceptions: [Errno 61] Connect call failed ('::1', 8765, 0, 0), [Errno 61] Connect call failed ('127.0.0.1', 8765)"
  CB: None None-None (None)  crr=None  ps=None  recent=None
  ✓ score/wickets/overs match

[11:49:22  iter#2287]
  WS ERR: "Multiple exceptions: [Errno 61] Connect call failed ('::1', 8765, 0, 0), [Errno 61] Connect call failed ('127.0.0.1', 8765)"
  CB: None None-None (None)  crr=None  ps=None  recent=None
  ✓ score/wickets/overs match

[11:49:42  iter#2288]
  WS ERR: "Multiple exceptions: [Errno 61] Connect call failed ('::1', 8765, 0, 0), [Errno 61] Connect call failed ('127.0.0.1', 8765)"
  CB: None None-None (None)  crr=None  ps=None  recent=None
  ✓ score/wickets/overs match

[11:50:02  iter#2289]
  WS ERR: "Multiple exceptions: [Errno 61] Connect call failed ('::1', 8765, 0, 0), [Errno 61] Connect call failed ('127.0.0.1', 8765)"
  CB: None None-None (None)  crr=None  ps=None  recent=None
  ✓ score/wickets/overs match

[11:50:22  iter#2290]
  WS ERR: "Multiple exceptions: [Errno 61] Connect call failed ('::1', 8765, 0, 0), [Errno 61] Connect call failed ('127.0.0.1', 8765)"
  CB: None None-None (None)  crr=None  ps=None  recent=None
  ✓ score/wickets/overs match

[11:50:43  iter#2291]
  WS ERR: "Multiple exceptions: [Errno 61] Connect call failed ('::1', 8765, 0, 0), [Errno 61] Connect call failed ('127.0.0.1', 8765)"
  CB: None None-None (None)  crr=None  ps=None  recent=None
  ✓ score/wickets/overs match

[11:51:03  iter#2292]
  WS ERR: "Multiple exceptions: [Errno 61] Connect call failed ('::1', 8765, 0, 0), [Errno 61] Connect call failed ('127.0.0.1', 8765)"
  CB: None None-None (None)  crr=None  ps=None  recent=None
  ✓ score/wickets/overs match

[11:51:23  iter#2293]
  WS ERR: "Multiple exceptions: [Errno 61] Connect call failed ('::1', 8765, 0, 0), [Errno 61] Connect call failed ('127.0.0.1', 8765)"
  CB: None None-None (None)  crr=None  ps=None  recent=None
  ✓ score/wickets/overs match

[11:51:44  iter#2294]
  WS ERR: "Multiple exceptions: [Errno 61] Connect call failed ('::1', 8765, 0, 0), [Errno 61] Connect call failed ('127.0.0.1', 8765)"
  CB: None None-None (None)  crr=None  ps=None  recent=None
  ✓ score/wickets/overs match

[11:52:04  iter#2295]
  WS ERR: "Multiple exceptions: [Errno 61] Connect call failed ('::1', 8765, 0, 0), [Errno 61] Connect call failed ('127.0.0.1', 8765)"
  CB: None None-None (None)  crr=None  ps=None  recent=None
  ✓ score/wickets/overs match

[11:52:24  iter#2296]
  WS ERR: "Multiple exceptions: [Errno 61] Connect call failed ('::1', 8765, 0, 0), [Errno 61] Connect call failed ('127.0.0.1', 8765)"
  CB: None None-None (None)  crr=None  ps=None  recent=None
  ✓ score/wickets/overs match

[11:52:45  iter#2297]
  WS ERR: "Multiple exceptions: [Errno 61] Connect call failed ('::1', 8765, 0, 0), [Errno 61] Connect call failed ('127.0.0.1', 8765)"
  CB: None None-None (None)  crr=None  ps=None  recent=None
  ✓ score/wickets/overs match

[11:53:05  iter#2298]
  WS ERR: "Multiple exceptions: [Errno 61] Connect call failed ('::1', 8765, 0, 0), [Errno 61] Connect call failed ('127.0.0.1', 8765)"
  CB: None None-None (None)  crr=None  ps=None  recent=None
  ✓ score/wickets/overs match

[11:53:25  iter#2299]
  WS ERR: "Multiple exceptions: [Errno 61] Connect call failed ('::1', 8765, 0, 0), [Errno 61] Connect call failed ('127.0.0.1', 8765)"
  CB: None None-None (None)  crr=None  ps=None  recent=None
  ✓ score/wickets/overs match

[11:53:45  iter#2300]
  WS ERR: "Multiple exceptions: [Errno 61] Connect call failed ('::1', 8765, 0, 0), [Errno 61] Connect call failed ('127.0.0.1', 8765)"
  CB: None None-None (None)  crr=None  ps=None  recent=None
  ✓ score/wickets/overs match

[11:54:05  iter#2301]
  WS ERR: "Multiple exceptions: [Errno 61] Connect call failed ('::1', 8765, 0, 0), [Errno 61] Connect call failed ('127.0.0.1', 8765)"
  CB: None None-None (None)  crr=None  ps=None  recent=None
  ✓ score/wickets/overs match

[11:54:25  iter#2302]
  WS ERR: "Multiple exceptions: [Errno 61] Connect call failed ('::1', 8765, 0, 0), [Errno 61] Connect call failed ('127.0.0.1', 8765)"
  CB: None None-None (None)  crr=None  ps=None  recent=None
  ✓ score/wickets/overs match

[11:54:46  iter#2303]
  WS ERR: "Multiple exceptions: [Errno 61] Connect call failed ('::1', 8765, 0, 0), [Errno 61] Connect call failed ('127.0.0.1', 8765)"
  CB: None None-None (None)  crr=None  ps=None  recent=None
  ✓ score/wickets/overs match

[11:55:06  iter#2304]
  WS ERR: "Multiple exceptions: [Errno 61] Connect call failed ('::1', 8765, 0, 0), [Errno 61] Connect call failed ('127.0.0.1', 8765)"
  CB: None None-None (None)  crr=None  ps=None  recent=None
  ✓ score/wickets/overs match

[11:55:26  iter#2305]
  WS ERR: "Multiple exceptions: [Errno 61] Connect call failed ('::1', 8765, 0, 0), [Errno 61] Connect call failed ('127.0.0.1', 8765)"
  CB: None None-None (None)  crr=None  ps=None  recent=None
  ✓ score/wickets/overs match

[11:55:46  iter#2306]
  WS ERR: "Multiple exceptions: [Errno 61] Connect call failed ('::1', 8765, 0, 0), [Errno 61] Connect call failed ('127.0.0.1', 8765)"
  CB: None None-None (None)  crr=None  ps=None  recent=None
  ✓ score/wickets/overs match

[11:56:06  iter#2307]
  WS ERR: "Multiple exceptions: [Errno 61] Connect call failed ('::1', 8765, 0, 0), [Errno 61] Connect call failed ('127.0.0.1', 8765)"
  CB: None None-None (None)  crr=None  ps=None  recent=None
  ✓ score/wickets/overs match

[11:56:26  iter#2308]
  WS ERR: "Multiple exceptions: [Errno 61] Connect call failed ('::1', 8765, 0, 0), [Errno 61] Connect call failed ('127.0.0.1', 8765)"
  CB: None None-None (None)  crr=None  ps=None  recent=None
  ✓ score/wickets/overs match

[11:56:47  iter#2309]
  WS ERR: "Multiple exceptions: [Errno 61] Connect call failed ('::1', 8765, 0, 0), [Errno 61] Connect call failed ('127.0.0.1', 8765)"
  CB: None None-None (None)  crr=None  ps=None  recent=None
  ✓ score/wickets/overs match

[11:57:07  iter#2310]
  WS ERR: "Multiple exceptions: [Errno 61] Connect call failed ('::1', 8765, 0, 0), [Errno 61] Connect call failed ('127.0.0.1', 8765)"
  CB: None None-None (None)  crr=None  ps=None  recent=None
  ✓ score/wickets/overs match

[11:57:27  iter#2311]
  WS ERR: "Multiple exceptions: [Errno 61] Connect call failed ('::1', 8765, 0, 0), [Errno 61] Connect call failed ('127.0.0.1', 8765)"
  CB: None None-None (None)  crr=None  ps=None  recent=None
  ✓ score/wickets/overs match

[11:57:47  iter#2312]
  WS ERR: "Multiple exceptions: [Errno 61] Connect call failed ('::1', 8765, 0, 0), [Errno 61] Connect call failed ('127.0.0.1', 8765)"
  CB: None None-None (None)  crr=None  ps=None  recent=None
  ✓ score/wickets/overs match

[11:58:08  iter#2313]
  WS ERR: "Multiple exceptions: [Errno 61] Connect call failed ('::1', 8765, 0, 0), [Errno 61] Connect call failed ('127.0.0.1', 8765)"
  CB: None None-None (None)  crr=None  ps=None  recent=None
  ✓ score/wickets/overs match

[11:58:28  iter#2314]
  WS ERR: "Multiple exceptions: [Errno 61] Connect call failed ('::1', 8765, 0, 0), [Errno 61] Connect call failed ('127.0.0.1', 8765)"
  CB: None None-None (None)  crr=None  ps=None  recent=None
  ✓ score/wickets/overs match

[11:58:48  iter#2315]
  WS ERR: "Multiple exceptions: [Errno 61] Connect call failed ('::1', 8765, 0, 0), [Errno 61] Connect call failed ('127.0.0.1', 8765)"
  CB: None None-None (None)  crr=None  ps=None  recent=None
  ✓ score/wickets/overs match

[11:59:08  iter#2316]
  WS ERR: "Multiple exceptions: [Errno 61] Connect call failed ('::1', 8765, 0, 0), [Errno 61] Connect call failed ('127.0.0.1', 8765)"
  CB: None None-None (None)  crr=None  ps=None  recent=None
  ✓ score/wickets/overs match

[11:59:29  iter#2317]
  WS ERR: "Multiple exceptions: [Errno 61] Connect call failed ('::1', 8765, 0, 0), [Errno 61] Connect call failed ('127.0.0.1', 8765)"
  CB: None None-None (None)  crr=None  ps=None  recent=None
  ✓ score/wickets/overs match

[11:59:49  iter#2318]
  WS ERR: "Multiple exceptions: [Errno 61] Connect call failed ('::1', 8765, 0, 0), [Errno 61] Connect call failed ('127.0.0.1', 8765)"
  CB: None None-None (None)  crr=None  ps=None  recent=None
  ✓ score/wickets/overs match

[12:00:09  iter#2319]
  WS ERR: "Multiple exceptions: [Errno 61] Connect call failed ('::1', 8765, 0, 0), [Errno 61] Connect call failed ('127.0.0.1', 8765)"
  CB: None None-None (None)  crr=None  ps=None  recent=None
  ✓ score/wickets/overs match

[12:00:30  iter#2320]
  WS ERR: "Multiple exceptions: [Errno 61] Connect call failed ('::1', 8765, 0, 0), [Errno 61] Connect call failed ('127.0.0.1', 8765)"
  CB: None None-None (None)  crr=None  ps=None  recent=None
  ✓ score/wickets/overs match

[12:00:58  iter#2321]
  WS ERR: "Multiple exceptions: [Errno 61] Connect call failed ('::1', 8765, 0, 0), [Errno 61] Connect call failed ('127.0.0.1', 8765)"
  CB ERR: 'cb fetch: ConnectTimeout: '
  ✓ score/wickets/overs match

[12:01:19  iter#2322]
  WS ERR: "Multiple exceptions: [Errno 61] Connect call failed ('::1', 8765, 0, 0), [Errno 61] Connect call failed ('127.0.0.1', 8765)"
  CB: None None-None (None)  crr=None  ps=None  recent=None
  ✓ score/wickets/overs match

[12:01:39  iter#2323]
  WS ERR: "Multiple exceptions: [Errno 61] Connect call failed ('::1', 8765, 0, 0), [Errno 61] Connect call failed ('127.0.0.1', 8765)"
  CB: None None-None (None)  crr=None  ps=None  recent=None
  ✓ score/wickets/overs match

[12:01:59  iter#2324]
  WS ERR: "Multiple exceptions: [Errno 61] Connect call failed ('::1', 8765, 0, 0), [Errno 61] Connect call failed ('127.0.0.1', 8765)"
  CB: None None-None (None)  crr=None  ps=None  recent=None
  ✓ score/wickets/overs match

[12:02:19  iter#2325]
  WS ERR: "Multiple exceptions: [Errno 61] Connect call failed ('::1', 8765, 0, 0), [Errno 61] Connect call failed ('127.0.0.1', 8765)"
  CB: None None-None (None)  crr=None  ps=None  recent=None
  ✓ score/wickets/overs match

[12:02:39  iter#2326]
  WS ERR: "Multiple exceptions: [Errno 61] Connect call failed ('::1', 8765, 0, 0), [Errno 61] Connect call failed ('127.0.0.1', 8765)"
  CB: None None-None (None)  crr=None  ps=None  recent=None
  ✓ score/wickets/overs match

[12:02:59  iter#2327]
  WS ERR: "Multiple exceptions: [Errno 61] Connect call failed ('::1', 8765, 0, 0), [Errno 61] Connect call failed ('127.0.0.1', 8765)"
  CB: None None-None (None)  crr=None  ps=None  recent=None
  ✓ score/wickets/overs match

[12:03:19  iter#2328]
  WS ERR: "Multiple exceptions: [Errno 61] Connect call failed ('::1', 8765, 0, 0), [Errno 61] Connect call failed ('127.0.0.1', 8765)"
  CB: None None-None (None)  crr=None  ps=None  recent=None
  ✓ score/wickets/overs match

[12:03:39  iter#2329]
  WS ERR: "Multiple exceptions: [Errno 61] Connect call failed ('::1', 8765, 0, 0), [Errno 61] Connect call failed ('127.0.0.1', 8765)"
  CB: None None-None (None)  crr=None  ps=None  recent=None
  ✓ score/wickets/overs match

[12:04:00  iter#2330]
  WS ERR: "Multiple exceptions: [Errno 61] Connect call failed ('::1', 8765, 0, 0), [Errno 61] Connect call failed ('127.0.0.1', 8765)"
  CB: None None-None (None)  crr=None  ps=None  recent=None
  ✓ score/wickets/overs match

[12:04:20  iter#2331]
  WS ERR: "Multiple exceptions: [Errno 61] Connect call failed ('::1', 8765, 0, 0), [Errno 61] Connect call failed ('127.0.0.1', 8765)"
  CB: None None-None (None)  crr=None  ps=None  recent=None
  ✓ score/wickets/overs match

[12:04:40  iter#2332]
  WS ERR: "Multiple exceptions: [Errno 61] Connect call failed ('::1', 8765, 0, 0), [Errno 61] Connect call failed ('127.0.0.1', 8765)"
  CB: None None-None (None)  crr=None  ps=None  recent=None
  ✓ score/wickets/overs match

[12:05:00  iter#2333]
  WS ERR: "Multiple exceptions: [Errno 61] Connect call failed ('::1', 8765, 0, 0), [Errno 61] Connect call failed ('127.0.0.1', 8765)"
  CB: None None-None (None)  crr=None  ps=None  recent=None
  ✓ score/wickets/overs match

[12:05:20  iter#2334]
  WS ERR: "Multiple exceptions: [Errno 61] Connect call failed ('::1', 8765, 0, 0), [Errno 61] Connect call failed ('127.0.0.1', 8765)"
  CB: None None-None (None)  crr=None  ps=None  recent=None
  ✓ score/wickets/overs match

[12:05:41  iter#2335]
  WS ERR: "Multiple exceptions: [Errno 61] Connect call failed ('::1', 8765, 0, 0), [Errno 61] Connect call failed ('127.0.0.1', 8765)"
  CB: None None-None (None)  crr=None  ps=None  recent=None
  ✓ score/wickets/overs match

[12:06:01  iter#2336]
  WS ERR: "Multiple exceptions: [Errno 61] Connect call failed ('::1', 8765, 0, 0), [Errno 61] Connect call failed ('127.0.0.1', 8765)"
  CB: None None-None (None)  crr=None  ps=None  recent=None
  ✓ score/wickets/overs match

[12:06:21  iter#2337]
  WS ERR: "Multiple exceptions: [Errno 61] Connect call failed ('::1', 8765, 0, 0), [Errno 61] Connect call failed ('127.0.0.1', 8765)"
  CB: None None-None (None)  crr=None  ps=None  recent=None
  ✓ score/wickets/overs match

[12:06:41  iter#2338]
  WS ERR: "Multiple exceptions: [Errno 61] Connect call failed ('::1', 8765, 0, 0), [Errno 61] Connect call failed ('127.0.0.1', 8765)"
  CB: None None-None (None)  crr=None  ps=None  recent=None
  ✓ score/wickets/overs match

[12:07:02  iter#2339]
  WS ERR: "Multiple exceptions: [Errno 61] Connect call failed ('::1', 8765, 0, 0), [Errno 61] Connect call failed ('127.0.0.1', 8765)"
  CB: None None-None (None)  crr=None  ps=None  recent=None
  ✓ score/wickets/overs match

[12:07:28  iter#2340]
  WS ERR: "Multiple exceptions: [Errno 61] Connect call failed ('::1', 8765, 0, 0), [Errno 61] Connect call failed ('127.0.0.1', 8765)"
  CB: None None-None (None)  crr=None  ps=None  recent=None
  ✓ score/wickets/overs match

[12:07:48  iter#2341]
  WS ERR: "Multiple exceptions: [Errno 61] Connect call failed ('::1', 8765, 0, 0), [Errno 61] Connect call failed ('127.0.0.1', 8765)"
  CB: None None-None (None)  crr=None  ps=None  recent=None
  ✓ score/wickets/overs match

[12:08:08  iter#2342]
  WS ERR: "Multiple exceptions: [Errno 61] Connect call failed ('::1', 8765, 0, 0), [Errno 61] Connect call failed ('127.0.0.1', 8765)"
  CB: None None-None (None)  crr=None  ps=None  recent=None
  ✓ score/wickets/overs match

[12:08:28  iter#2343]
  WS ERR: "Multiple exceptions: [Errno 61] Connect call failed ('::1', 8765, 0, 0), [Errno 61] Connect call failed ('127.0.0.1', 8765)"
  CB: None None-None (None)  crr=None  ps=None  recent=None
  ✓ score/wickets/overs match

[12:08:48  iter#2344]
  WS ERR: "Multiple exceptions: [Errno 61] Connect call failed ('::1', 8765, 0, 0), [Errno 61] Connect call failed ('127.0.0.1', 8765)"
  CB: None None-None (None)  crr=None  ps=None  recent=None
  ✓ score/wickets/overs match

[12:09:09  iter#2345]
  WS ERR: "Multiple exceptions: [Errno 61] Connect call failed ('::1', 8765, 0, 0), [Errno 61] Connect call failed ('127.0.0.1', 8765)"
  CB: None None-None (None)  crr=None  ps=None  recent=None
  ✓ score/wickets/overs match

[12:09:29  iter#2346]
  WS ERR: "Multiple exceptions: [Errno 61] Connect call failed ('::1', 8765, 0, 0), [Errno 61] Connect call failed ('127.0.0.1', 8765)"
  CB: None None-None (None)  crr=None  ps=None  recent=None
  ✓ score/wickets/overs match

[12:09:49  iter#2347]
  WS ERR: "Multiple exceptions: [Errno 61] Connect call failed ('::1', 8765, 0, 0), [Errno 61] Connect call failed ('127.0.0.1', 8765)"
  CB: None None-None (None)  crr=None  ps=None  recent=None
  ✓ score/wickets/overs match

[12:10:09  iter#2348]
  WS ERR: "Multiple exceptions: [Errno 61] Connect call failed ('::1', 8765, 0, 0), [Errno 61] Connect call failed ('127.0.0.1', 8765)"
  CB: None None-None (None)  crr=None  ps=None  recent=None
  ✓ score/wickets/overs match

[12:10:29  iter#2349]
  WS ERR: "Multiple exceptions: [Errno 61] Connect call failed ('::1', 8765, 0, 0), [Errno 61] Connect call failed ('127.0.0.1', 8765)"
  CB: None None-None (None)  crr=None  ps=None  recent=None
  ✓ score/wickets/overs match

[12:10:50  iter#2350]
  WS ERR: "Multiple exceptions: [Errno 61] Connect call failed ('::1', 8765, 0, 0), [Errno 61] Connect call failed ('127.0.0.1', 8765)"
  CB: None None-None (None)  crr=None  ps=None  recent=None
  ✓ score/wickets/overs match

[12:11:10  iter#2351]
  WS ERR: "Multiple exceptions: [Errno 61] Connect call failed ('::1', 8765, 0, 0), [Errno 61] Connect call failed ('127.0.0.1', 8765)"
  CB: None None-None (None)  crr=None  ps=None  recent=None
  ✓ score/wickets/overs match

[12:11:30  iter#2352]
  WS ERR: "Multiple exceptions: [Errno 61] Connect call failed ('::1', 8765, 0, 0), [Errno 61] Connect call failed ('127.0.0.1', 8765)"
  CB: None None-None (None)  crr=None  ps=None  recent=None
  ✓ score/wickets/overs match

[12:11:50  iter#2353]
  WS ERR: "Multiple exceptions: [Errno 61] Connect call failed ('::1', 8765, 0, 0), [Errno 61] Connect call failed ('127.0.0.1', 8765)"
  CB: None None-None (None)  crr=None  ps=None  recent=None
  ✓ score/wickets/overs match

[12:12:10  iter#2354]
  WS ERR: "Multiple exceptions: [Errno 61] Connect call failed ('::1', 8765, 0, 0), [Errno 61] Connect call failed ('127.0.0.1', 8765)"
  CB: None None-None (None)  crr=None  ps=None  recent=None
  ✓ score/wickets/overs match

[12:12:30  iter#2355]
  WS ERR: "Multiple exceptions: [Errno 61] Connect call failed ('::1', 8765, 0, 0), [Errno 61] Connect call failed ('127.0.0.1', 8765)"
  CB: None None-None (None)  crr=None  ps=None  recent=None
  ✓ score/wickets/overs match

[12:12:51  iter#2356]
  WS ERR: "Multiple exceptions: [Errno 61] Connect call failed ('::1', 8765, 0, 0), [Errno 61] Connect call failed ('127.0.0.1', 8765)"
  CB: None None-None (None)  crr=None  ps=None  recent=None
  ✓ score/wickets/overs match

[12:13:11  iter#2357]
  WS ERR: "Multiple exceptions: [Errno 61] Connect call failed ('::1', 8765, 0, 0), [Errno 61] Connect call failed ('127.0.0.1', 8765)"
  CB: None None-None (None)  crr=None  ps=None  recent=None
  ✓ score/wickets/overs match

[12:13:31  iter#2358]
  WS ERR: "Multiple exceptions: [Errno 61] Connect call failed ('::1', 8765, 0, 0), [Errno 61] Connect call failed ('127.0.0.1', 8765)"
  CB: None None-None (None)  crr=None  ps=None  recent=None
  ✓ score/wickets/overs match

[12:13:51  iter#2359]
  WS ERR: "Multiple exceptions: [Errno 61] Connect call failed ('::1', 8765, 0, 0), [Errno 61] Connect call failed ('127.0.0.1', 8765)"
  CB: None None-None (None)  crr=None  ps=None  recent=None
  ✓ score/wickets/overs match

[12:14:12  iter#2360]
  WS ERR: "Multiple exceptions: [Errno 61] Connect call failed ('::1', 8765, 0, 0), [Errno 61] Connect call failed ('127.0.0.1', 8765)"
  CB: None None-None (None)  crr=None  ps=None  recent=None
  ✓ score/wickets/overs match

[12:14:32  iter#2361]
  WS ERR: "Multiple exceptions: [Errno 61] Connect call failed ('::1', 8765, 0, 0), [Errno 61] Connect call failed ('127.0.0.1', 8765)"
  CB: None None-None (None)  crr=None  ps=None  recent=None
  ✓ score/wickets/overs match

[12:14:52  iter#2362]
  WS ERR: "Multiple exceptions: [Errno 61] Connect call failed ('::1', 8765, 0, 0), [Errno 61] Connect call failed ('127.0.0.1', 8765)"
  CB: None None-None (None)  crr=None  ps=None  recent=None
  ✓ score/wickets/overs match

[12:15:12  iter#2363]
  WS ERR: "Multiple exceptions: [Errno 61] Connect call failed ('::1', 8765, 0, 0), [Errno 61] Connect call failed ('127.0.0.1', 8765)"
  CB: None None-None (None)  crr=None  ps=None  recent=None
  ✓ score/wickets/overs match

[12:15:32  iter#2364]
  WS ERR: "Multiple exceptions: [Errno 61] Connect call failed ('::1', 8765, 0, 0), [Errno 61] Connect call failed ('127.0.0.1', 8765)"
  CB: None None-None (None)  crr=None  ps=None  recent=None
  ✓ score/wickets/overs match

[12:15:52  iter#2365]
  WS ERR: "Multiple exceptions: [Errno 61] Connect call failed ('::1', 8765, 0, 0), [Errno 61] Connect call failed ('127.0.0.1', 8765)"
  CB: None None-None (None)  crr=None  ps=None  recent=None
  ✓ score/wickets/overs match

[12:16:13  iter#2366]
  WS ERR: "Multiple exceptions: [Errno 61] Connect call failed ('::1', 8765, 0, 0), [Errno 61] Connect call failed ('127.0.0.1', 8765)"
  CB: None None-None (None)  crr=None  ps=None  recent=None
  ✓ score/wickets/overs match

[12:16:33  iter#2367]
  WS ERR: "Multiple exceptions: [Errno 61] Connect call failed ('::1', 8765, 0, 0), [Errno 61] Connect call failed ('127.0.0.1', 8765)"
  CB: None None-None (None)  crr=None  ps=None  recent=None
  ✓ score/wickets/overs match

[12:16:54  iter#2368]
  WS ERR: "Multiple exceptions: [Errno 61] Connect call failed ('::1', 8765, 0, 0), [Errno 61] Connect call failed ('127.0.0.1', 8765)"
  CB: None None-None (None)  crr=None  ps=None  recent=None
  ✓ score/wickets/overs match

[12:17:14  iter#2369]
  WS ERR: "Multiple exceptions: [Errno 61] Connect call failed ('::1', 8765, 0, 0), [Errno 61] Connect call failed ('127.0.0.1', 8765)"
  CB: None None-None (None)  crr=None  ps=None  recent=None
  ✓ score/wickets/overs match

[12:17:35  iter#2370]
  WS ERR: "Multiple exceptions: [Errno 61] Connect call failed ('::1', 8765, 0, 0), [Errno 61] Connect call failed ('127.0.0.1', 8765)"
  CB: None None-None (None)  crr=None  ps=None  recent=None
  ✓ score/wickets/overs match

[12:17:55  iter#2371]
  WS ERR: "Multiple exceptions: [Errno 61] Connect call failed ('::1', 8765, 0, 0), [Errno 61] Connect call failed ('127.0.0.1', 8765)"
  CB: None None-None (None)  crr=None  ps=None  recent=None
  ✓ score/wickets/overs match

[12:18:16  iter#2372]
  WS ERR: "Multiple exceptions: [Errno 61] Connect call failed ('::1', 8765, 0, 0), [Errno 61] Connect call failed ('127.0.0.1', 8765)"
  CB: None None-None (None)  crr=None  ps=None  recent=None
  ✓ score/wickets/overs match

[12:18:37  iter#2373]
  WS ERR: "Multiple exceptions: [Errno 61] Connect call failed ('::1', 8765, 0, 0), [Errno 61] Connect call failed ('127.0.0.1', 8765)"
  CB: None None-None (None)  crr=None  ps=None  recent=None
  ✓ score/wickets/overs match

[12:18:57  iter#2374]
  WS ERR: "Multiple exceptions: [Errno 61] Connect call failed ('::1', 8765, 0, 0), [Errno 61] Connect call failed ('127.0.0.1', 8765)"
  CB: None None-None (None)  crr=None  ps=None  recent=None
  ✓ score/wickets/overs match

[12:19:18  iter#2375]
  WS ERR: "Multiple exceptions: [Errno 61] Connect call failed ('::1', 8765, 0, 0), [Errno 61] Connect call failed ('127.0.0.1', 8765)"
  CB: None None-None (None)  crr=None  ps=None  recent=None
  ✓ score/wickets/overs match

[12:19:38  iter#2376]
  WS ERR: "Multiple exceptions: [Errno 61] Connect call failed ('::1', 8765, 0, 0), [Errno 61] Connect call failed ('127.0.0.1', 8765)"
  CB: None None-None (None)  crr=None  ps=None  recent=None
  ✓ score/wickets/overs match

[12:19:58  iter#2377]
  WS ERR: "Multiple exceptions: [Errno 61] Connect call failed ('::1', 8765, 0, 0), [Errno 61] Connect call failed ('127.0.0.1', 8765)"
  CB: None None-None (None)  crr=None  ps=None  recent=None
  ✓ score/wickets/overs match

[12:20:18  iter#2378]
  WS ERR: "Multiple exceptions: [Errno 61] Connect call failed ('::1', 8765, 0, 0), [Errno 61] Connect call failed ('127.0.0.1', 8765)"
  CB: None None-None (None)  crr=None  ps=None  recent=None
  ✓ score/wickets/overs match

[12:20:38  iter#2379]
  WS ERR: "Multiple exceptions: [Errno 61] Connect call failed ('::1', 8765, 0, 0), [Errno 61] Connect call failed ('127.0.0.1', 8765)"
  CB: None None-None (None)  crr=None  ps=None  recent=None
  ✓ score/wickets/overs match

[12:20:58  iter#2380]
  WS ERR: "Multiple exceptions: [Errno 61] Connect call failed ('::1', 8765, 0, 0), [Errno 61] Connect call failed ('127.0.0.1', 8765)"
  CB: None None-None (None)  crr=None  ps=None  recent=None
  ✓ score/wickets/overs match

[12:21:19  iter#2381]
  WS ERR: "Multiple exceptions: [Errno 61] Connect call failed ('::1', 8765, 0, 0), [Errno 61] Connect call failed ('127.0.0.1', 8765)"
  CB: None None-None (None)  crr=None  ps=None  recent=None
  ✓ score/wickets/overs match

[12:21:39  iter#2382]
  WS ERR: "Multiple exceptions: [Errno 61] Connect call failed ('::1', 8765, 0, 0), [Errno 61] Connect call failed ('127.0.0.1', 8765)"
  CB: None None-None (None)  crr=None  ps=None  recent=None
  ✓ score/wickets/overs match

[12:21:59  iter#2383]
  WS ERR: "Multiple exceptions: [Errno 61] Connect call failed ('::1', 8765, 0, 0), [Errno 61] Connect call failed ('127.0.0.1', 8765)"
  CB: None None-None (None)  crr=None  ps=None  recent=None
  ✓ score/wickets/overs match

[12:22:19  iter#2384]
  WS ERR: "Multiple exceptions: [Errno 61] Connect call failed ('::1', 8765, 0, 0), [Errno 61] Connect call failed ('127.0.0.1', 8765)"
  CB: None None-None (None)  crr=None  ps=None  recent=None
  ✓ score/wickets/overs match

[12:22:40  iter#2385]
  WS ERR: "Multiple exceptions: [Errno 61] Connect call failed ('::1', 8765, 0, 0), [Errno 61] Connect call failed ('127.0.0.1', 8765)"
  CB: None None-None (None)  crr=None  ps=None  recent=None
  ✓ score/wickets/overs match

[12:23:00  iter#2386]
  WS ERR: "Multiple exceptions: [Errno 61] Connect call failed ('::1', 8765, 0, 0), [Errno 61] Connect call failed ('127.0.0.1', 8765)"
  CB: None None-None (None)  crr=None  ps=None  recent=None
  ✓ score/wickets/overs match

[12:23:20  iter#2387]
  WS ERR: "Multiple exceptions: [Errno 61] Connect call failed ('::1', 8765, 0, 0), [Errno 61] Connect call failed ('127.0.0.1', 8765)"
  CB: None None-None (None)  crr=None  ps=None  recent=None
  ✓ score/wickets/overs match

[12:23:40  iter#2388]
  WS ERR: "Multiple exceptions: [Errno 61] Connect call failed ('::1', 8765, 0, 0), [Errno 61] Connect call failed ('127.0.0.1', 8765)"
  CB: None None-None (None)  crr=None  ps=None  recent=None
  ✓ score/wickets/overs match

[12:24:01  iter#2389]
  WS ERR: "Multiple exceptions: [Errno 61] Connect call failed ('::1', 8765, 0, 0), [Errno 61] Connect call failed ('127.0.0.1', 8765)"
  CB: None None-None (None)  crr=None  ps=None  recent=None
  ✓ score/wickets/overs match

[12:24:21  iter#2390]
  WS ERR: "Multiple exceptions: [Errno 61] Connect call failed ('::1', 8765, 0, 0), [Errno 61] Connect call failed ('127.0.0.1', 8765)"
  CB: None None-None (None)  crr=None  ps=None  recent=None
  ✓ score/wickets/overs match

[12:24:42  iter#2391]
  WS ERR: "Multiple exceptions: [Errno 61] Connect call failed ('::1', 8765, 0, 0), [Errno 61] Connect call failed ('127.0.0.1', 8765)"
  CB: None None-None (None)  crr=None  ps=None  recent=None
  ✓ score/wickets/overs match

[12:25:03  iter#2392]
  WS ERR: "Multiple exceptions: [Errno 61] Connect call failed ('::1', 8765, 0, 0), [Errno 61] Connect call failed ('127.0.0.1', 8765)"
  CB: None None-None (None)  crr=None  ps=None  recent=None
  ✓ score/wickets/overs match

[12:25:24  iter#2393]
  WS ERR: "Multiple exceptions: [Errno 61] Connect call failed ('::1', 8765, 0, 0), [Errno 61] Connect call failed ('127.0.0.1', 8765)"
  CB: None None-None (None)  crr=None  ps=None  recent=None
  ✓ score/wickets/overs match

[12:25:44  iter#2394]
  WS ERR: "Multiple exceptions: [Errno 61] Connect call failed ('::1', 8765, 0, 0), [Errno 61] Connect call failed ('127.0.0.1', 8765)"
  CB: None None-None (None)  crr=None  ps=None  recent=None
  ✓ score/wickets/overs match

[12:26:04  iter#2395]
  WS ERR: "Multiple exceptions: [Errno 61] Connect call failed ('::1', 8765, 0, 0), [Errno 61] Connect call failed ('127.0.0.1', 8765)"
  CB: None None-None (None)  crr=None  ps=None  recent=None
  ✓ score/wickets/overs match

[12:26:25  iter#2396]
  WS ERR: "Multiple exceptions: [Errno 61] Connect call failed ('::1', 8765, 0, 0), [Errno 61] Connect call failed ('127.0.0.1', 8765)"
  CB: None None-None (None)  crr=None  ps=None  recent=None
  ✓ score/wickets/overs match

[12:26:45  iter#2397]
  WS ERR: "Multiple exceptions: [Errno 61] Connect call failed ('::1', 8765, 0, 0), [Errno 61] Connect call failed ('127.0.0.1', 8765)"
  CB: None None-None (None)  crr=None  ps=None  recent=None
  ✓ score/wickets/overs match

[12:27:05  iter#2398]
  WS ERR: "Multiple exceptions: [Errno 61] Connect call failed ('::1', 8765, 0, 0), [Errno 61] Connect call failed ('127.0.0.1', 8765)"
  CB: None None-None (None)  crr=None  ps=None  recent=None
  ✓ score/wickets/overs match

[12:27:25  iter#2399]
  WS ERR: "Multiple exceptions: [Errno 61] Connect call failed ('::1', 8765, 0, 0), [Errno 61] Connect call failed ('127.0.0.1', 8765)"
  CB: None None-None (None)  crr=None  ps=None  recent=None
  ✓ score/wickets/overs match

[12:27:45  iter#2400]
  WS ERR: "Multiple exceptions: [Errno 61] Connect call failed ('::1', 8765, 0, 0), [Errno 61] Connect call failed ('127.0.0.1', 8765)"
  CB: None None-None (None)  crr=None  ps=None  recent=None
  ✓ score/wickets/overs match

[12:28:05  iter#2401]
  WS ERR: "Multiple exceptions: [Errno 61] Connect call failed ('::1', 8765, 0, 0), [Errno 61] Connect call failed ('127.0.0.1', 8765)"
  CB: None None-None (None)  crr=None  ps=None  recent=None
  ✓ score/wickets/overs match

[12:28:26  iter#2402]
  WS ERR: "Multiple exceptions: [Errno 61] Connect call failed ('::1', 8765, 0, 0), [Errno 61] Connect call failed ('127.0.0.1', 8765)"
  CB: None None-None (None)  crr=None  ps=None  recent=None
  ✓ score/wickets/overs match

[12:28:46  iter#2403]
  WS ERR: "Multiple exceptions: [Errno 61] Connect call failed ('::1', 8765, 0, 0), [Errno 61] Connect call failed ('127.0.0.1', 8765)"
  CB: None None-None (None)  crr=None  ps=None  recent=None
  ✓ score/wickets/overs match

[12:29:06  iter#2404]
  WS ERR: "Multiple exceptions: [Errno 61] Connect call failed ('::1', 8765, 0, 0), [Errno 61] Connect call failed ('127.0.0.1', 8765)"
  CB: None None-None (None)  crr=None  ps=None  recent=None
  ✓ score/wickets/overs match

[12:29:26  iter#2405]
  WS ERR: "Multiple exceptions: [Errno 61] Connect call failed ('::1', 8765, 0, 0), [Errno 61] Connect call failed ('127.0.0.1', 8765)"
  CB: None None-None (None)  crr=None  ps=None  recent=None
  ✓ score/wickets/overs match

[12:29:46  iter#2406]
  WS ERR: "Multiple exceptions: [Errno 61] Connect call failed ('::1', 8765, 0, 0), [Errno 61] Connect call failed ('127.0.0.1', 8765)"
  CB: None None-None (None)  crr=None  ps=None  recent=None
  ✓ score/wickets/overs match

[12:30:07  iter#2407]
  WS ERR: "Multiple exceptions: [Errno 61] Connect call failed ('::1', 8765, 0, 0), [Errno 61] Connect call failed ('127.0.0.1', 8765)"
  CB: None None-None (None)  crr=None  ps=None  recent=None
  ✓ score/wickets/overs match

[12:30:27  iter#2408]
  WS ERR: "Multiple exceptions: [Errno 61] Connect call failed ('::1', 8765, 0, 0), [Errno 61] Connect call failed ('127.0.0.1', 8765)"
  CB: None None-None (None)  crr=None  ps=None  recent=None
  ✓ score/wickets/overs match

[12:30:47  iter#2409]
  WS ERR: "Multiple exceptions: [Errno 61] Connect call failed ('::1', 8765, 0, 0), [Errno 61] Connect call failed ('127.0.0.1', 8765)"
  CB: None None-None (None)  crr=None  ps=None  recent=None
  ✓ score/wickets/overs match

[12:31:07  iter#2410]
  WS ERR: "Multiple exceptions: [Errno 61] Connect call failed ('::1', 8765, 0, 0), [Errno 61] Connect call failed ('127.0.0.1', 8765)"
  CB: None None-None (None)  crr=None  ps=None  recent=None
  ✓ score/wickets/overs match

[12:31:28  iter#2411]
  WS ERR: "Multiple exceptions: [Errno 61] Connect call failed ('::1', 8765, 0, 0), [Errno 61] Connect call failed ('127.0.0.1', 8765)"
  CB: None None-None (None)  crr=None  ps=None  recent=None
  ✓ score/wickets/overs match

[12:31:48  iter#2412]
  WS ERR: "Multiple exceptions: [Errno 61] Connect call failed ('::1', 8765, 0, 0), [Errno 61] Connect call failed ('127.0.0.1', 8765)"
  CB: None None-None (None)  crr=None  ps=None  recent=None
  ✓ score/wickets/overs match

[12:32:09  iter#2413]
  WS ERR: "Multiple exceptions: [Errno 61] Connect call failed ('::1', 8765, 0, 0), [Errno 61] Connect call failed ('127.0.0.1', 8765)"
  CB: None None-None (None)  crr=None  ps=None  recent=None
  ✓ score/wickets/overs match

[12:32:29  iter#2414]
  WS ERR: "Multiple exceptions: [Errno 61] Connect call failed ('::1', 8765, 0, 0), [Errno 61] Connect call failed ('127.0.0.1', 8765)"
  CB: None None-None (None)  crr=None  ps=None  recent=None
  ✓ score/wickets/overs match

[12:32:50  iter#2415]
  WS ERR: "Multiple exceptions: [Errno 61] Connect call failed ('::1', 8765, 0, 0), [Errno 61] Connect call failed ('127.0.0.1', 8765)"
  CB: None None-None (None)  crr=None  ps=None  recent=None
  ✓ score/wickets/overs match

[12:33:10  iter#2416]
  WS ERR: "Multiple exceptions: [Errno 61] Connect call failed ('::1', 8765, 0, 0), [Errno 61] Connect call failed ('127.0.0.1', 8765)"
  CB: None None-None (None)  crr=None  ps=None  recent=None
  ✓ score/wickets/overs match

[12:33:30  iter#2417]
  WS ERR: "Multiple exceptions: [Errno 61] Connect call failed ('::1', 8765, 0, 0), [Errno 61] Connect call failed ('127.0.0.1', 8765)"
  CB: None None-None (None)  crr=None  ps=None  recent=None
  ✓ score/wickets/overs match

[12:33:51  iter#2418]
  WS ERR: "Multiple exceptions: [Errno 61] Connect call failed ('::1', 8765, 0, 0), [Errno 61] Connect call failed ('127.0.0.1', 8765)"
  CB: None None-None (None)  crr=None  ps=None  recent=None
  ✓ score/wickets/overs match

[12:34:11  iter#2419]
  WS ERR: "Multiple exceptions: [Errno 61] Connect call failed ('::1', 8765, 0, 0), [Errno 61] Connect call failed ('127.0.0.1', 8765)"
  CB: None None-None (None)  crr=None  ps=None  recent=None
  ✓ score/wickets/overs match

[12:34:32  iter#2420]
  WS ERR: "Multiple exceptions: [Errno 61] Connect call failed ('::1', 8765, 0, 0), [Errno 61] Connect call failed ('127.0.0.1', 8765)"
  CB: None None-None (None)  crr=None  ps=None  recent=None
  ✓ score/wickets/overs match

[12:34:52  iter#2421]
  WS ERR: "Multiple exceptions: [Errno 61] Connect call failed ('::1', 8765, 0, 0), [Errno 61] Connect call failed ('127.0.0.1', 8765)"
  CB: None None-None (None)  crr=None  ps=None  recent=None
  ✓ score/wickets/overs match

[12:35:13  iter#2422]
  WS ERR: "Multiple exceptions: [Errno 61] Connect call failed ('::1', 8765, 0, 0), [Errno 61] Connect call failed ('127.0.0.1', 8765)"
  CB: None None-None (None)  crr=None  ps=None  recent=None
  ✓ score/wickets/overs match

[12:35:33  iter#2423]
  WS ERR: "Multiple exceptions: [Errno 61] Connect call failed ('::1', 8765, 0, 0), [Errno 61] Connect call failed ('127.0.0.1', 8765)"
  CB: None None-None (None)  crr=None  ps=None  recent=None
  ✓ score/wickets/overs match
