WARNING ⚠️ torchvision==0.26 is incompatible with torch==2.10.
Run 'pip install torchvision==0.25' to fix torchvision or 'pip install -U torch torchvision' to update both.
For a full compatibility table see https://github.com/pytorch/vision#installation
[37m[21:15:19 F0 TEST] INFO: [WS] Server started on ws://0.0.0.0:8765[0m
[37m[21:15:19 F0 TEST] INFO: [WS] Commentary server on ws://0.0.0.0:8766[0m
[37m[21:15:19 F0 TEST] INFO: ============================================================[0m
[37m[21:15:19 F0 TEST] INFO: SCRAPING SQUADS...[0m
[37m[21:15:19 F0 SQUAD] INFO: Fetching: https://www.cricbuzz.com/cricket-match-squads/151924/lsg-vs-kkr-38th-match-indian-premier-league-2026[0m
[37m[21:15:19 F0 SQUAD] INFO:   Lucknow Super Giants: 11 XI + 14 bench[0m
[37m[21:15:19 F0 SQUAD] INFO:     Aiden Markram — batter[0m
[37m[21:15:19 F0 SQUAD] INFO:     Mitchell Marsh — bat_allrounder[0m
[37m[21:15:19 F0 SQUAD] INFO:     Rishabh Pant (C,WK) — wk_batter[0m
[37m[21:15:19 F0 SQUAD] INFO:     Nicholas Pooran (WK) — wk_batter[0m
[37m[21:15:19 F0 SQUAD] INFO:     Ayush Badoni — bat_allrounder[0m
[37m[21:15:19 F0 SQUAD] INFO:     Mukul Choudhary (WK) — wk_batter[0m
[37m[21:15:19 F0 SQUAD] INFO:     George Linde — bat_allrounder[0m
[37m[21:15:19 F0 SQUAD] INFO:     Mohammed Shami — bowler[0m
[37m[21:15:19 F0 SQUAD] INFO:     Prince Yadav — bowler[0m
[37m[21:15:19 F0 SQUAD] INFO:     Digvesh Singh Rathi — bowler[0m
[37m[21:15:19 F0 SQUAD] INFO:     Mohsin Khan — bowler[0m
[37m[21:15:19 F0 SQUAD] INFO:     [bench] Himmat Singh — batter[0m
[37m[21:15:19 F0 SQUAD] INFO:     [bench] Akshat Raghuwanshi — batter[0m
[37m[21:15:19 F0 SQUAD] INFO:     [bench] Abdul Samad — bat_allrounder[0m
[37m[21:15:19 F0 SQUAD] INFO:     [bench] Avesh Khan — bowler[0m
[37m[21:15:19 F0 SQUAD] INFO:     [bench] Manimaran Siddharth — bowler[0m
[37m[21:15:19 F0 SQUAD] INFO:     [bench] Matthew Breetzke — wk_batter[0m
[37m[21:15:19 F0 SQUAD] INFO:     [bench] Josh Inglis — wk_batter[0m
[37m[21:15:19 F0 SQUAD] INFO:     [bench] Anrich Nortje — bowler[0m
[37m[21:15:19 F0 SQUAD] INFO:     [bench] Arjun Tendulkar — bowl_allrounder[0m
[37m[21:15:19 F0 SQUAD] INFO:     [bench] Shahbaz Ahmed — bowl_allrounder[0m
[37m[21:15:19 F0 SQUAD] INFO:     [bench] Akash Maharaj Singh — bowler[0m
[37m[21:15:19 F0 SQUAD] INFO:     [bench] Arshin Kulkarni — bat_allrounder[0m
[37m[21:15:19 F0 SQUAD] INFO:     [bench] Naman Tiwari — bowler[0m
[37m[21:15:19 F0 SQUAD] INFO:     [bench] Mayank Yadav — bowler[0m
[37m[21:15:19 F0 SQUAD] INFO:   Kolkata Knight Riders: 11 XI + 14 bench[0m
[37m[21:15:19 F0 SQUAD] INFO:     Ajinkya Rahane (C) — batter[0m
[37m[21:15:19 F0 SQUAD] INFO:     Tim Seifert (WK) — wk_batter[0m
[37m[21:15:19 F0 SQUAD] INFO:     Cameron Green — bat_allrounder[0m
[37m[21:15:19 F0 SQUAD] INFO:     Angkrish Raghuvanshi — batter[0m
[37m[21:15:19 F0 SQUAD] INFO:     Rovman Powell — batter[0m
[37m[21:15:19 F0 SQUAD] INFO:     Rinku Singh — batter[0m
[37m[21:15:19 F0 SQUAD] INFO:     Sunil Narine — bowl_allrounder[0m
[37m[21:15:19 F0 SQUAD] INFO:     Ramandeep Singh — bat_allrounder[0m
[37m[21:15:19 F0 SQUAD] INFO:     Anukul Roy — bat_allrounder[0m
[37m[21:15:19 F0 SQUAD] INFO:     Vaibhav Arora — bowler[0m
[37m[21:15:19 F0 SQUAD] INFO:     Kartik Tyagi — bowler[0m
[37m[21:15:19 F0 SQUAD] INFO:     [bench] Manish Pandey — batter[0m
[37m[21:15:19 F0 SQUAD] INFO:     [bench] Finn Allen — batter[0m
[37m[21:15:19 F0 SQUAD] INFO:     [bench] Tejasvi Dahiya — wk_batter[0m
[37m[21:15:19 F0 SQUAD] INFO:     [bench] Navdeep Saini — bowler[0m
[37m[21:15:19 F0 SQUAD] INFO:     [bench] Varun Chakaravarthy — bowler[0m
[37m[21:15:19 F0 SQUAD] INFO:     [bench] Rahul Tripathi — batter[0m
[37m[21:15:19 F0 SQUAD] INFO:     [bench] Sarthak Ranjan — batter[0m
[37m[21:15:19 F0 SQUAD] INFO:     [bench] Rachin Ravindra — bat_allrounder[0m
[37m[21:15:19 F0 SQUAD] INFO:     [bench] Prashant Solanki — bowler[0m
[37m[21:15:19 F0 SQUAD] INFO:     [bench] Blessing Muzarabani — bowler[0m
[37m[21:15:19 F0 SQUAD] INFO:     [bench] Saurabh Dubey — bowler[0m
[37m[21:15:19 F0 SQUAD] INFO:     [bench] Matheesha Pathirana — bowler[0m
[37m[21:15:19 F0 SQUAD] INFO:     [bench] Umran Malik — bowler[0m
[37m[21:15:19 F0 SQUAD] INFO:     [bench] Daksh Kamra — bowl_allrounder[0m
[37m[21:15:19 F0 TEST] INFO: Teams: ['Lucknow Super Giants', 'Kolkata Knight Riders'][0m
[37m[21:15:19 F0 ENRICH] INFO: Loaded cached styles from player_styles_242f360951fc.json (50 players)[0m
[37m[21:15:19 F0 ENRICH] INFO: [cache] Lucknow Super Giants — styles:[0m
[37m[21:15:19 F0 ENRICH] INFO: [cache]   Aiden Markram            RHB  | Right-arm off spin[0m
[37m[21:15:19 F0 ENRICH] INFO: [cache]   Mitchell Marsh           RHB  | Right-arm medium[0m
[37m[21:15:19 F0 ENRICH] INFO: [cache]   Rishabh Pant             LHB  | None[0m
[37m[21:15:19 F0 ENRICH] INFO: [cache]   Nicholas Pooran          LHB  | None[0m
[37m[21:15:19 F0 ENRICH] INFO: [cache]   Ayush Badoni             LHB  | Right-arm medium[0m
[37m[21:15:19 F0 ENRICH] INFO: [cache]   Mukul Choudhary          RHB  | None[0m
[37m[21:15:19 F0 ENRICH] INFO: [cache]   George Linde             LHB  | Slow left-arm orthodox[0m
[37m[21:15:19 F0 ENRICH] INFO: [cache]   Mohammed Shami           RHB  | Right-arm fast[0m
[37m[21:15:19 F0 ENRICH] INFO: [cache]   Prince Yadav             RHB  | Right-arm medium-fast[0m
[37m[21:15:19 F0 ENRICH] INFO: [cache]   Digvesh Singh Rathi      unknown | unknown[0m
[37m[21:15:19 F0 ENRICH] INFO: [cache]   Mohsin Khan              RHB  | Left-arm fast[0m
[37m[21:15:19 F0 ENRICH] INFO: [cache] Kolkata Knight Riders — styles:[0m
[37m[21:15:19 F0 ENRICH] INFO: [cache]   Ajinkya Rahane           RHB  | Right-arm medium[0m
[37m[21:15:19 F0 ENRICH] INFO: [cache]   Tim Seifert              RHB  | None[0m
[37m[21:15:19 F0 ENRICH] INFO: [cache]   Cameron Green            RHB  | Right-arm fast-medium[0m
[37m[21:15:19 F0 ENRICH] INFO: [cache]   Angkrish Raghuvanshi     LHB  | Right-arm off spin[0m
[37m[21:15:19 F0 ENRICH] INFO: [cache]   Rovman Powell            RHB  | Right-arm medium-fast[0m
[37m[21:15:19 F0 ENRICH] INFO: [cache]   Rinku Singh              LHB  | None[0m
[37m[21:15:19 F0 ENRICH] INFO: [cache]   Sunil Narine             LHB  | Right-arm off spin[0m
[37m[21:15:19 F0 ENRICH] INFO: [cache]   Ramandeep Singh          RHB  | Right-arm medium[0m
[37m[21:15:19 F0 ENRICH] INFO: [cache]   Anukul Roy               LHB  | Slow left-arm orthodox[0m
[37m[21:15:19 F0 ENRICH] INFO: [cache]   Vaibhav Arora            RHB  | Right-arm fast-medium[0m
[37m[21:15:19 F0 ENRICH] INFO: [cache]   Kartik Tyagi             RHB  | Right-arm fast[0m
[37m[21:15:19 F0 TEST] INFO: Team variants: ['GIA', 'GIANTS', 'KKR', 'KNI', 'KNIGHT', 'KO', 'KOL', 'KOLKATA', 'KOLKATA KNIGHT RIDERS', 'LKN', 'LSG', 'LU', 'LUC', 'LUCKNOW', 'LUCKNOW SUPER GIANTS', 'RID', 'RIDERS', 'SUP', 'SUPER'][0m
[37m[21:15:19 F0 TEST] INFO: Found Firefox window (on-screen): id=955 1018.0x811.0 "LSG vs KKR Live video streaming | TATA IPL 2026"[0m
[37m[21:15:20 F0 TEST] INFO: [BALL ANALYZER] Background capture started[0m
[37m[21:15:20 F0 TEST] INFO: [WS] client connected (1 total)[0m
[37m[21:15:20 F0 TEST] INFO: [WS] client connected (2 total)[0m
[37m[21:15:20 F0 TEST] INFO: [WS] client connected (3 total)[0m
[37m[21:15:21 F0 FIELD] INFO: Pitch detected from green mask at (0.48, 0.46) (fallback — will recalibrate from people)[0m
[37m[21:15:21 F0 TEST] INFO: [CLEANUP] Archived 59 frames to debug_frames_archive/2026-04-26_211521 (was 59 in debug_frames)[0m
[37m[21:15:21 F0 TEST] INFO: [CACHE] Cached state found — DISCARDING all scorecard/team data (Rule 1: always cold-start). Toss data is preserved if present.[0m
[37m[21:15:21 F0 TEST] INFO: ============================================================[0m
[37m[21:15:21 F0 TEST] INFO: [CONFIG] Vision:    Scout 17B (single call tag+read)[0m
[37m[21:15:21 F0 TEST] INFO: [CONFIG] Extractor: Groq (Scout 17B → 8B fallback)[0m
[37m[21:15:21 F0 TEST] INFO: [CONFIG] Scorer:    Groq (Scout 17B → 8B fallback)[0m
[37m[21:15:21 F0 TEST] INFO: PIPELINE STARTED — 18000s — NO TEAM ASSUMPTION[0m
[37m[21:15:21 F0 TEST] INFO: ============================================================[0m
[37m[21:15:21 F1 VISION] INFO: [SCOUT] SCOREBOARD 697ms strip=True overlay=False drs=False cam=bowlers_end phase=between_play digits=False 342 chars[0m
[37m[21:15:21 F1 VISION] INFO: [SCOUT] Preview: {"has_strip": true, "has_overlay_stats": false, "drs_review": false, "camera_view": "bowlers_end", "frame_phase": "between_play", "ball_position": null}

STRIP: LSG 0-0 (0.0) | 

INFO_PANEL: 
SPEED: 
[0m
[37m[21:15:21 F1 TEST] INFO:   [PRE-MATCH-GRAPHIC-GATE] team_abbr=LSG present on 0-0(0.0) strip with no committed score — treating as pre-match graphic, NOT assigning teams (Fix 17 Path A).[0m
[37m[21:15:21 F1 TEST] INFO: 
=======================================================[0m
[37m[21:15:21 F1 TEST] INFO: [F1] SCOREBOARD — #1[0m
[37m[21:15:21 F1 TEST] INFO:   [V 701ms] STRIP: LSG 0-0 (0.0) | 

INFO_PANEL: 
SPEED: 
EXTRA: 
THIS OVER: 
FULL SCORECARD: 

The players are preparing for the game, with one player holding a bat and the other standing behind him.[0m
[37m[21:15:22 F1 TEST] INFO: [WS] client connected (4 total)[0m
[37m[21:15:23 F1 EXTRACT] INFO: Extracted in 1.1s (llama-4-scout-17b-16e-instruct)[0m
[37m[21:15:23 F1 TEST] INFO:   [E 1138ms] visible_team=None score=None-None (None) target=None rr=None[0m
[37m[21:15:24 F1 TEST] INFO: [WS] client disconnected (3 remain)[0m
[37m[21:15:24 F1 SCORER] INFO: Scored in 1.0s (llama-4-scout-17b-16e-instruct)[0m
[37m[21:15:24 F1 TEST] INFO:   [S] Hint: Current batters: None. Bowler: None. Read their stats from the scoreboard.[0m
[37m[21:15:24 F1 TEST] INFO:   No batting team set — skipping all updates[0m
[37m[21:15:24 F1 TEST] INFO:   [S 1009ms] Changes: none[0m
[37m[21:15:24 F1 TEST] INFO:   Total: 2847ms (V:701 E:1138 S:1009)[0m
[37m[21:15:24 F1 TEST] INFO:   STATE: ? None-None (None) inn=1 RR=— | Bat: None | Bowl: None[0m
[37m[21:15:24 F1 TEST] INFO: DETAIL|F1|SCOREBOARD|tag=SCOREBOARD|scout=STRIP: LSG 0-0 (0.0) |   INFO_PANEL:  SPEED:  EXTRA:  THIS OVER:  FULL SCORECARD:   The players are preparing for the ga|action=—|ext_score=None-None(None)|ext_bat=|ext_bowl=|scorer_changes=[]|yolo=0|BEFORE_score=None-None(None)|BEFORE_bat1=—|BEFORE_bat2=—|BEFORE_bowl=— ?-? (?)|BEFORE_this_over=[]|AFTER_score=None-None(None)|AFTER_bat1=—|AFTER_bat2=—|AFTER_bowl=— ?-? (?)|AFTER_this_over=[]|AFTER_this_over_src=|AFTER_striker=—|AFTER_non_striker=—|AFTER_run_rate=—|AFTER_target=—|AFTER_innings=1|AFTER_partnership=—|AFTER_fow_count=0|AFTER_field=pace_powerplay frozen=False fielders=['slip_1', 'gully', 'point', 'cover', 'mid_off', 'mid_on', 'midwicket', 'square_leg', 'fine_leg']|ball_event=—|ball_event_runs=—|ball_event_over=—|ball_event_extra=—|ball_event_free_hit=—|broadcast_extra=—|dismissal_mode=—|striker_this_ball=—|delivery_length=—|delivery_line=—|delivery_angle=—|delivery_shot=—|delivery_direction=—|delivery_elevation=—|delivery_bounce=—|delivery_dets=0|delivery_method=—|delivery_snap_dets=—|delivery_3layer_dets=—|delivery_det_rate=—|delivery_dir_zone=—|delivery_dir_conf=0|delivery_shot_action=—|delivery_shot_intent=—|delivery_swing=—|delivery_speed_vlm=—|delivery_vlm_conf=—|delivery_vlm_ms=—|speed_kph=—|venue=—|batting_team=—|match_info=—|completed_over=—|completed_over_runs=—|drs_state=NONE|corrections=none|lat_vision=701|lat_extract=1138|lat_scorer=1009|lat_field=52|lat_comm=0|lat_code=0|lat_total=2855|comm_bowler=—|comm_wire=—|comm_storyteller=—|comm_analyst=—|comm_colour=—|comm_wire_ms=0|comm_story_ms=0|comm_analyst_ms=0|comm_colour_ms=0[0m
[37m[21:15:26 F2 TEST] INFO: [WS] client disconnected (2 remain)[0m
[37m[21:15:26 F2 VISION] INFO: [SCOUT] SCOREBOARD 662ms strip=True overlay=False drs=False cam=bowlers_end phase=release digits=False 287 chars[0m
[37m[21:15:26 F2 VISION] INFO: [SCOUT] Preview: {"has_strip": true, "has_overlay_stats": false, "drs_review": false, "camera_view": "bowlers_end", "frame_phase": "release", "ball_position": null}
STRIP: LSG 0-0 (0.0) | 
INFO_PANEL: 
SPEED: 
EXTRA: [0m
[37m[21:15:26 F2 TEST] INFO:   [PRE-MATCH-GRAPHIC-GATE] team_abbr=LSG present on 0-0(0.0) strip with no committed score — treating as pre-match graphic, NOT assigning teams (Fix 17 Path A).[0m
[37m[21:15:26 F2 TEST] INFO: 
=======================================================[0m
[37m[21:15:26 F2 TEST] INFO: [F2] SCOREBOARD — #2[0m
[37m[21:15:26 F2 TEST] INFO:   [V 665ms] STRIP: LSG 0-0 (0.0) | 
INFO_PANEL: 
SPEED: 
EXTRA: 
THIS OVER: 
FULL SCORECARD: 
The bowler is in delivery stride, about to bowl the ball.[0m
[37m[21:15:28 F2 EXTRACT] INFO: Extracted in 1.2s (llama-4-scout-17b-16e-instruct)[0m
[37m[21:15:28 F2 TEST] INFO:   [TEAM] Detected from visible_team: Lucknow Super Giants → Lucknow Super Giants batting[0m
[37m[21:15:28 F2 BOARD] INFO: Scorecards built: Lucknow Super Giants (25 bat) vs Kolkata Knight Riders (25 bowl)[0m
[37m[21:15:28 F2 TEST] INFO: === TEAMS SET: Lucknow Super Giants batting (inn 1) vs Kolkata Knight Riders bowling ===[0m
[37m[21:15:28 F2 TEST] INFO:   [E 1213ms] visible_team=Lucknow Super Giants score=None-None (None) target=None rr=None[0m
[37m[21:15:28 F2 TEST] INFO: [WS] client connected (3 total)[0m
[37m[21:15:28 F2 SCORER] INFO: Scored in 0.7s (llama-4-scout-17b-16e-instruct)[0m
[37m[21:15:28 F2 TEST] INFO:   [S] Hint: Current batters: None. Bowler: None. Read their stats from the scoreboard.[0m
[37m[21:15:28 F2 TEST] INFO:   No players from our match recognized — skipping score[0m
[37m[21:15:28 F2 TEST] INFO:   [S 666ms] Changes: none[0m
[37m[21:15:28 F2 TEST] INFO:   Total: 2544ms (V:665 E:1213 S:666)[0m
[37m[21:15:28 F2 TEST] INFO:   STATE: Lucknow Super Giants None-None (None) inn=1 RR=— | Bat: None | Bowl: None[0m
[37m[21:15:28 F2 TEST] INFO: DETAIL|F2|SCOREBOARD|tag=SCOREBOARD|scout=STRIP: LSG 0-0 (0.0) |  INFO_PANEL:  SPEED:  EXTRA:  THIS OVER:  FULL SCORECARD:  The bowler is in delivery stride, abou|action=—|ext_score=None-None(None)|ext_bat=|ext_bowl=|scorer_changes=[]|yolo=0|BEFORE_score=None-None(None)|BEFORE_bat1=—|BEFORE_bat2=—|BEFORE_bowl=— ?-? (?)|BEFORE_this_over=[]|AFTER_score=None-None(None)|AFTER_bat1=—|AFTER_bat2=—|AFTER_bowl=— ?-? (?)|AFTER_this_over=[]|AFTER_this_over_src=|AFTER_striker=—|AFTER_non_striker=—|AFTER_run_rate=—|AFTER_target=—|AFTER_innings=1|AFTER_partnership=—|AFTER_fow_count=0|AFTER_field=pace_powerplay frozen=False fielders=['slip_1', 'gully', 'point', 'cover', 'mid_off', 'mid_on', 'midwicket', 'square_leg', 'fine_leg']|ball_event=—|ball_event_runs=—|ball_event_over=—|ball_event_extra=—|ball_event_free_hit=—|broadcast_extra=—|dismissal_mode=—|striker_this_ball=—|delivery_length=—|delivery_line=—|delivery_angle=—|delivery_shot=—|delivery_direction=—|delivery_elevation=—|delivery_bounce=—|delivery_dets=0|delivery_method=—|delivery_snap_dets=—|delivery_3layer_dets=—|delivery_det_rate=—|delivery_dir_zone=—|delivery_dir_conf=0|delivery_shot_action=—|delivery_shot_intent=—|delivery_swing=—|delivery_speed_vlm=—|delivery_vlm_conf=—|delivery_vlm_ms=—|speed_kph=—|venue=—|batting_team=Lucknow Super Giants|match_info=—|completed_over=—|completed_over_runs=—|drs_state=NONE|corrections=none|lat_vision=665|lat_extract=1213|lat_scorer=666|lat_field=51|lat_comm=0|lat_code=0|lat_total=2550|comm_bowler=—|comm_wire=—|comm_storyteller=—|comm_analyst=—|comm_colour=—|comm_wire_ms=0|comm_story_ms=0|comm_analyst_ms=0|comm_colour_ms=0[0m
[37m[21:15:29 F3 VISION] INFO: [SCOUT] GRAPHIC 695ms strip=True overlay=True drs=False cam=graphic phase=graphic digits=False 520 chars[0m
[37m[21:15:29 F3 VISION] INFO: [SCOUT] Preview: {"has_strip": true, "has_overlay_stats": true, "drs_review": false, "camera_view": "graphic", "frame_phase": "graphic", "ball_position": null}

STRIP: Not visible (no data)

INFO_PANEL: Not visible (n[0m
[37m[21:15:29 F3 TEST] INFO: [F3] GRAPHIC cam=graphic → dead-time skip (#1)[0m
[37m[21:15:32 F3 TEST] INFO: [WS] client disconnected (2 remain)[0m
[37m[21:15:33 F4 VISION] INFO: [SCOUT] SCOREBOARD 636ms strip=True overlay=False drs=False cam=bowlers_end phase=release digits=True 284 chars[0m
[37m[21:15:33 F4 TEST] INFO: [F4] cam=bowlers_end → resuming active play after dead-time gap (#1 skipped)[0m
[37m[21:15:33 F4 TEST] INFO: 
=======================================================[0m
[37m[21:15:33 F4 TEST] INFO: [F4] SCOREBOARD — #3[0m
[37m[21:15:33 F4 TEST] INFO:   [V 639ms] STRIP: KKR 137-7 (19.2) | Narine 4(6) | Rinku 65(47) | Digvesh 0-28 (3.2)[0m
[37m[21:15:34 F4 EXTRACT] INFO: Extracted in 0.9s (llama-4-scout-17b-16e-instruct)[0m
[37m[21:15:34 F4 TEST] INFO:   [GUARD] Visible team 'Kolkata Knight Riders' is bowling team — comparison strip, ALL data stripped (1/30)[0m
[37m[21:15:34 F4 TEST] INFO:   [E 862ms] visible_team=Kolkata Knight Riders score=None-None (None) target=None rr=None[0m
[37m[21:15:35 F4 SCORER] INFO: Scored in 1.0s (llama-4-scout-17b-16e-instruct)[0m
[37m[21:15:35 F4 TEST] INFO:   [S] Hint: Current batters: NARINE and RINKU SINGH. Bowler: DIGVESH. Read their stats from the scoreboard.[0m
[37m[21:15:35 F4 TEST] INFO:   [S 988ms] Changes: ['FRAME_POISONED:137'][0m
[37m[21:15:35 F4 TEST] INFO:   Total: 2489ms (V:639 E:862 S:988)[0m
[37m[21:15:35 F4 TEST] INFO:   STATE: Lucknow Super Giants None-None (None) inn=1 RR=— | Bat: None | Bowl: None[0m
[37m[21:15:35 F4 TEST] INFO:   [ACTION] A bowler is delivering the ball towards the batsman.[0m
[FIELD WARN] Powerplay but 3 outside circle (max 2). Possible misclassification.
[37m[21:15:35 F4 TEST] INFO: DETAIL|F4|SCOREBOARD|tag=SCOREBOARD|scout=STRIP: KKR 137-7 (19.2) | Narine 4(6) | Rinku 65(47) | Digvesh 0-28 (3.2)|action=A bowler is delivering the ball towards the batsman.|ext_score=None-None(None)|ext_bat=|ext_bowl=|scorer_changes=['FRAME_POISONED:137']|yolo=4|BEFORE_score=None-None(None)|BEFORE_bat1=—|BEFORE_bat2=—|BEFORE_bowl=— ?-? (?)|BEFORE_this_over=[]|AFTER_score=None-None(None)|AFTER_bat1=—|AFTER_bat2=—|AFTER_bowl=— ?-? (?)|AFTER_this_over=[]|AFTER_this_over_src=|AFTER_striker=—|AFTER_non_striker=—|AFTER_run_rate=—|AFTER_target=—|AFTER_innings=1|AFTER_partnership=—|AFTER_fow_count=0|AFTER_field=pace_powerplay frozen=True fielders=['slip_1', 'gully', 'point', 'cover', 'mid_off', 'mid_on', 'midwicket', 'square_leg', 'fine_leg']|ball_event=—|ball_event_runs=—|ball_event_over=—|ball_event_extra=—|ball_event_free_hit=—|broadcast_extra=—|dismissal_mode=—|striker_this_ball=—|delivery_length=—|delivery_line=—|delivery_angle=—|delivery_shot=—|delivery_direction=—|delivery_elevation=—|delivery_bounce=—|delivery_dets=0|delivery_method=—|delivery_snap_dets=—|delivery_3layer_dets=—|delivery_det_rate=—|delivery_dir_zone=—|delivery_dir_conf=0|delivery_shot_action=—|delivery_shot_intent=—|delivery_swing=—|delivery_speed_vlm=—|delivery_vlm_conf=—|delivery_vlm_ms=—|speed_kph=—|venue=—|batting_team=Lucknow Super Giants|match_info=—|completed_over=—|completed_over_runs=—|drs_state=NONE|corrections=none|lat_vision=639|lat_extract=862|lat_scorer=988|lat_field=48|lat_comm=0|lat_code=0|lat_total=2494|comm_bowler=—|comm_wire=—|comm_storyteller=—|comm_analyst=—|comm_colour=—|comm_wire_ms=0|comm_story_ms=0|comm_analyst_ms=0|comm_colour_ms=0[0m
[37m[21:15:36 F5 TEST] INFO: [WS] client connected (3 total)[0m
[37m[21:15:36 F5 VISION] INFO: [SCOUT] SCOREBOARD 682ms strip=True overlay=False drs=False cam=bowlers_end phase=between_play digits=True 351 chars[0m
[37m[21:15:36 F5 TEST] INFO: 
=======================================================[0m
[37m[21:15:36 F5 TEST] INFO: [F5] SCOREBOARD — #4[0m
[37m[21:15:36 F5 TEST] INFO:   [V 696ms] STRIP: KKR 137-7 (19.2) | NARINE 65(47) | RINKU 4(6) | DIGVESH 0-28 (3.2)[0m
[37m[21:15:37 F5 EXTRACT] INFO: Extracted in 1.1s (llama-4-scout-17b-16e-instruct)[0m
[37m[21:15:37 F5 TEST] INFO:   [GUARD] Visible team 'Kolkata Knight Riders' is bowling team — comparison strip, ALL data stripped (2/30)[0m
[37m[21:15:37 F5 TEST] INFO:   [E 1067ms] visible_team=Kolkata Knight Riders score=None-None (None) target=None rr=None[0m
[37m[21:15:38 F5 SCORER] INFO: Scored in 0.7s (llama-4-scout-17b-16e-instruct)[0m
[37m[21:15:38 F5 TEST] INFO:   [S] Hint: Current batters: Markram and Marsh. Bowler: Narine. Read their stats from the scoreboard.[0m
[37m[21:15:38 F5 TEST] INFO:   [S 668ms] Changes: ['FRAME_POISONED:137'][0m
[37m[21:15:38 F5 TEST] INFO:   Total: 2431ms (V:696 E:1067 S:668)[0m
[37m[21:15:38 F5 TEST] INFO:   STATE: Lucknow Super Giants None-None (None) inn=1 RR=— | Bat: None | Bowl: None[0m
[37m[21:15:38 F5 TEST] INFO:   [ACTION] The game is currently in progress with Narine and Rinku on the field, no specifi[0m
[37m[21:15:38 F5 TEST] INFO: DETAIL|F5|SCOREBOARD|tag=SCOREBOARD|scout=STRIP: KKR 137-7 (19.2) | NARINE 65(47) | RINKU 4(6) | DIGVESH 0-28 (3.2)|action=The game is currently in progress with Narine and Rinku on the field, no specific action happening a|ext_score=None-None(None)|ext_bat=|ext_bowl=|scorer_changes=['FRAME_POISONED:137']|yolo=0|BEFORE_score=None-None(None)|BEFORE_bat1=—|BEFORE_bat2=—|BEFORE_bowl=— ?-? (?)|BEFORE_this_over=[]|AFTER_score=None-None(None)|AFTER_bat1=—|AFTER_bat2=—|AFTER_bowl=— ?-? (?)|AFTER_this_over=[]|AFTER_this_over_src=|AFTER_striker=—|AFTER_non_striker=—|AFTER_run_rate=—|AFTER_target=—|AFTER_innings=1|AFTER_partnership=—|AFTER_fow_count=0|AFTER_field=pace_powerplay frozen=True fielders=['slip_1', 'gully', 'point', 'cover', 'mid_off', 'mid_on', 'midwicket', 'square_leg', 'fine_leg']|ball_event=—|ball_event_runs=—|ball_event_over=—|ball_event_extra=—|ball_event_free_hit=—|broadcast_extra=—|dismissal_mode=—|striker_this_ball=—|delivery_length=—|delivery_line=—|delivery_angle=—|delivery_shot=—|delivery_direction=—|delivery_elevation=—|delivery_bounce=—|delivery_dets=0|delivery_method=—|delivery_snap_dets=—|delivery_3layer_dets=—|delivery_det_rate=—|delivery_dir_zone=—|delivery_dir_conf=0|delivery_shot_action=—|delivery_shot_intent=—|delivery_swing=—|delivery_speed_vlm=—|delivery_vlm_conf=—|delivery_vlm_ms=—|speed_kph=—|venue=—|batting_team=Lucknow Super Giants|match_info=—|completed_over=—|completed_over_runs=—|drs_state=NONE|corrections=none|lat_vision=696|lat_extract=1067|lat_scorer=668|lat_field=224|lat_comm=0|lat_code=0|lat_total=2436|comm_bowler=—|comm_wire=—|comm_storyteller=—|comm_analyst=—|comm_colour=—|comm_wire_ms=0|comm_story_ms=0|comm_analyst_ms=0|comm_colour_ms=0[0m
[37m[21:15:40 F5 TEST] INFO: [WS] client disconnected (2 remain)[0m
[37m[21:15:41 F6 VISION] INFO: [SCOUT] SCOREBOARD 623ms strip=True overlay=False drs=False cam=closeup phase=between_play digits=True 341 chars[0m
[37m[21:15:41 F6 TEST] INFO: 
=======================================================[0m
[37m[21:15:41 F6 TEST] INFO: [F6] SCOREBOARD — #5[0m
[37m[21:15:41 F6 TEST] INFO:   [V 626ms] STRIP: KKR 137-7 (19.2) | Narine 65(47) | Rinku 4(6)[0m
[37m[21:15:42 F6 EXTRACT] INFO: Extracted in 1.0s (llama-4-scout-17b-16e-instruct)[0m
[37m[21:15:42 F6 TEST] INFO:   [GUARD] Visible team 'Kolkata Knight Riders' is bowling team — comparison strip, ALL data stripped (3/30)[0m
[37m[21:15:42 F6 TEST] INFO:   [E 965ms] visible_team=Kolkata Knight Riders score=None-None (None) target=None rr=None[0m
[37m[21:15:43 F6 SCORER] INFO: Scored in 0.8s (llama-4-scout-17b-16e-instruct)[0m
[37m[21:15:43 F6 TEST] INFO:   [S] Hint: Current batters: Aiden Markram and Mitchell Marsh. Bowler: Sunil Narine. Read their stats from the scoreboard.[0m
[37m[21:15:43 F6 TEST] INFO:   [S 761ms] Changes: ['FRAME_POISONED:137'][0m
[37m[21:15:43 F6 TEST] INFO:   Total: 2352ms (V:626 E:965 S:761)[0m
[37m[21:15:43 F6 TEST] INFO:   STATE: Lucknow Super Giants None-None (None) inn=1 RR=— | Bat: None | Bowl: None[0m
[37m[21:15:43 F6 TEST] INFO:   [ACTION] A Kolkata Knight Riders player is celebrating with a blue flag, likely after a s[0m
[37m[21:15:43 F6 FIELD] INFO: [F6] OC-fine_leg_fine moved to OC-fine_third_man[0m
[37m[21:15:43 F6 FIELD] INFO: [F6] IC-cover_point pushed back — defensive[0m
[37m[21:15:43 F6 TEST] INFO: DETAIL|F6|SCOREBOARD|tag=SCOREBOARD|scout=STRIP: KKR 137-7 (19.2) | Narine 65(47) | Rinku 4(6)|action=A Kolkata Knight Riders player is celebrating with a blue flag, likely after a successful partnershi|ext_score=None-None(None)|ext_bat=|ext_bowl=|scorer_changes=['FRAME_POISONED:137']|yolo=6|BEFORE_score=None-None(None)|BEFORE_bat1=—|BEFORE_bat2=—|BEFORE_bowl=— ?-? (?)|BEFORE_this_over=[]|AFTER_score=None-None(None)|AFTER_bat1=—|AFTER_bat2=—|AFTER_bowl=— ?-? (?)|AFTER_this_over=[]|AFTER_this_over_src=|AFTER_striker=—|AFTER_non_striker=—|AFTER_run_rate=—|AFTER_target=—|AFTER_innings=1|AFTER_partnership=—|AFTER_fow_count=0|AFTER_field=pace_powerplay frozen=True fielders=['slip_1', 'gully', 'point', 'cover', 'mid_off', 'mid_on', 'midwicket', 'square_leg', 'fine_leg']|ball_event=—|ball_event_runs=—|ball_event_over=—|ball_event_extra=—|ball_event_free_hit=—|broadcast_extra=—|dismissal_mode=—|striker_this_ball=—|delivery_length=—|delivery_line=—|delivery_angle=—|delivery_shot=—|delivery_direction=—|delivery_elevation=—|delivery_bounce=—|delivery_dets=0|delivery_method=—|delivery_snap_dets=—|delivery_3layer_dets=—|delivery_det_rate=—|delivery_dir_zone=—|delivery_dir_conf=0|delivery_shot_action=—|delivery_shot_intent=—|delivery_swing=—|delivery_speed_vlm=—|delivery_vlm_conf=—|delivery_vlm_ms=—|speed_kph=—|venue=—|batting_team=Lucknow Super Giants|match_info=—|completed_over=—|completed_over_runs=—|drs_state=NONE|corrections=none|lat_vision=626|lat_extract=965|lat_scorer=761|lat_field=47|lat_comm=0|lat_code=0|lat_total=2358|comm_bowler=—|comm_wire=—|comm_storyteller=—|comm_analyst=—|comm_colour=—|comm_wire_ms=0|comm_story_ms=0|comm_analyst_ms=0|comm_colour_ms=0[0m
[37m[21:15:44 F6 TEST] INFO: [WS] client connected (3 total)[0m
[37m[21:15:45 F7 VISION] INFO: [SCOUT] SCOREBOARD 696ms strip=True overlay=False drs=False cam=closeup phase=between_play digits=False 318 chars[0m
[37m[21:15:45 F7 VISION] INFO: [SCOUT] Preview: {"has_strip": true, "has_overlay_stats": false, "drs_review": false, "camera_view": "closeup", "frame_phase": "between_play", "ball_position": null}

STRIP: LSG  | Aiden Markram *[not visible]* | Mitc[0m
[37m[21:15:45 F7 TEST] INFO: 
=======================================================[0m
[37m[21:15:45 F7 TEST] INFO: [F7] SCOREBOARD — #6[0m
[37m[21:15:45 F7 TEST] INFO:   [V 698ms] STRIP: LSG  | Aiden Markram *[not visible]* | Mitchell Marsh [not visible] | Sunil Narine [not visible][0m
[37m[21:15:46 F7 TEST] INFO: [WS] client connected (4 total)[0m
[37m[21:15:46 F7 EXTRACT] INFO: Extracted in 0.9s (llama-4-scout-17b-16e-instruct)[0m
[37m[21:15:46 F7 TEST] INFO:   [E 929ms] visible_team=None score=None-None (None) target=None rr=None[0m
[37m[21:15:47 F7 SCORER] INFO: Scored in 0.6s (llama-4-scout-17b-16e-instruct)[0m
[37m[21:15:47 F7 TEST] INFO:   [S] Hint: Current batters: Aiden Markram, Mitchell Marsh. Bowler: Sunil Narine[0m
[37m[21:15:47 F7 TEST] INFO:   No players from our match recognized — skipping score[0m
[37m[21:15:47 F7 TEST] INFO:   [S 648ms] Changes: none[0m
[37m[21:15:47 F7 TEST] INFO:   Total: 2276ms (V:698 E:929 S:648)[0m
[37m[21:15:47 F7 TEST] INFO:   STATE: Lucknow Super Giants None-None (None) inn=1 RR=— | Bat: None | Bowl: None[0m
[37m[21:15:47 F7 TEST] INFO:   [ACTION] A young boy and two men are watching the cricket match.[0m
[37m[21:15:47 F7 TEST] INFO: DETAIL|F7|SCOREBOARD|tag=SCOREBOARD|scout=STRIP: LSG  | Aiden Markram *[not visible]* | Mitchell Marsh [not visible] | Sunil Narine [not visible]|action=A young boy and two men are watching the cricket match.|ext_score=None-None(None)|ext_bat=|ext_bowl=|scorer_changes=[]|yolo=0|BEFORE_score=None-None(None)|BEFORE_bat1=—|BEFORE_bat2=—|BEFORE_bowl=— ?-? (?)|BEFORE_this_over=[]|AFTER_score=None-None(None)|AFTER_bat1=—|AFTER_bat2=—|AFTER_bowl=— ?-? (?)|AFTER_this_over=[]|AFTER_this_over_src=|AFTER_striker=—|AFTER_non_striker=—|AFTER_run_rate=—|AFTER_target=—|AFTER_innings=1|AFTER_partnership=—|AFTER_fow_count=0|AFTER_field=pace_powerplay frozen=True fielders=['slip_1', 'gully', 'point', 'cover', 'mid_off', 'mid_on', 'midwicket', 'square_leg', 'fine_leg']|ball_event=—|ball_event_runs=—|ball_event_over=—|ball_event_extra=—|ball_event_free_hit=—|broadcast_extra=—|dismissal_mode=—|striker_this_ball=—|delivery_length=—|delivery_line=—|delivery_angle=—|delivery_shot=—|delivery_direction=—|delivery_elevation=—|delivery_bounce=—|delivery_dets=0|delivery_method=—|delivery_snap_dets=—|delivery_3layer_dets=—|delivery_det_rate=—|delivery_dir_zone=—|delivery_dir_conf=0|delivery_shot_action=—|delivery_shot_intent=—|delivery_swing=—|delivery_speed_vlm=—|delivery_vlm_conf=—|delivery_vlm_ms=—|speed_kph=—|venue=—|batting_team=Lucknow Super Giants|match_info=—|completed_over=—|completed_over_runs=—|drs_state=NONE|corrections=none|lat_vision=698|lat_extract=929|lat_scorer=648|lat_field=46|lat_comm=0|lat_code=0|lat_total=2280|comm_bowler=—|comm_wire=—|comm_storyteller=—|comm_analyst=—|comm_colour=—|comm_wire_ms=0|comm_story_ms=0|comm_analyst_ms=0|comm_colour_ms=0[0m
[37m[21:15:48 F7 TEST] INFO: [WS] client disconnected (3 remain)[0m
[37m[21:15:50 F8 VISION] INFO: [SCOUT] SCOREBOARD 649ms strip=True overlay=False drs=False cam=graphic phase=graphic digits=True 280 chars[0m
[37m[21:15:50 F8 TEST] INFO: [F8] SCOREBOARD cam=graphic → dead-time skip (#2)[0m
[37m[21:15:50 F8 TEST] INFO: [WS] client disconnected (2 remain)[0m
[37m[21:15:52 F8 TEST] INFO: [WS] client connected (3 total)[0m
[37m[21:15:53 F9 VISION] INFO: [SCOUT] SCOREBOARD 697ms strip=True overlay=False drs=False cam=bowlers_end phase=release digits=False 330 chars[0m
[37m[21:15:53 F9 VISION] INFO: [SCOUT] Preview: {"has_strip": true, "has_overlay_stats": false, "drs_review": false, "camera_view": "bowlers_end", "frame_phase": "release", "ball_position": null}

STRIP: LSG 0-0 (0.0) | Aiden Markram 0(0) | Mitchel[0m
[37m[21:15:53 F9 TEST] INFO: [F9] cam=bowlers_end → resuming active play after dead-time gap (#2 skipped)[0m
[37m[21:15:53 F9 TEST] INFO: 
=======================================================[0m
[37m[21:15:53 F9 TEST] INFO: [F9] SCOREBOARD — #7[0m
[37m[21:15:53 F9 TEST] INFO:   [V 700ms] STRIP: LSG 0-0 (0.0) | Aiden Markram 0(0) | Mitchell Marsh 0(0) | Sunil Narine 0-0 (0.0)[0m
[37m[21:15:55 F9 EXTRACT] INFO: Extracted in 1.2s (llama-4-scout-17b-16e-instruct)[0m
[37m[21:15:55 F9 TEST] INFO:   [E 1182ms] visible_team=Lucknow Super Giants score=0-0 (0.0) target=None rr=None[0m
[37m[21:15:55 F9 TEST] INFO:     BAT: Aiden Markram 0(0) [0m
[37m[21:15:55 F9 TEST] INFO:     BAT: Mitchell Marsh 0(0) [0m
[37m[21:15:55 F9 TEST] INFO:     BOWL: Sunil Narine 0-0 (0.0)[0m
[37m[21:15:55 F9 BOARD] INFO: [BOWLER SEED] Sunil Narine figures seeded to 0-0(0.0) on spell start (skipping cold-start consensus)[0m
[37m[21:15:55 F9 BOARD] INFO: Batter activated: Aiden Markram[0m
[37m[21:15:55 F9 TEST] INFO:   [STRIKER-WRITE] test_pipeline.py:6812 (run_test): non_striker None->Aiden Markram[0m
[37m[21:15:55 F9 BOARD] INFO: Batter activated: Mitchell Marsh[0m
[37m[21:15:55 F9 TEST] INFO:   [STRIKER-WRITE] test_pipeline.py:6812 (run_test): non_striker Aiden Markram->Mitchell Marsh[0m
[37m[21:15:55 F9 TEST] INFO:   [DIRECT] Batter updates: ['Aiden Markram: ext=0(0) → tracker=0(0) [was None(None)]', 'Mitchell Marsh: ext=0(0) → tracker=0(0) [was None(None)]'][0m
[37m[21:15:56 F9 SCORER] INFO: Scored in 0.9s (llama-4-scout-17b-16e-instruct)[0m
[37m[21:15:56 F9 TEST] INFO:   [S] Hint: Current batters: Aiden Markram and Mitchell Marsh. Bowler: Sunil Narine. Read their stats from the scoreboard.[0m
[37m[21:15:56 F9 TEST] INFO:   No players from our match recognized — skipping score[0m
[37m[21:15:56 F9 TEST] INFO:   [S 876ms] Changes: none[0m
[37m[21:15:56 F9 TEST] INFO:   Total: 2759ms (V:700 E:1182 S:876)[0m
[37m[21:15:56 F9 TEST] INFO:   STATE: Lucknow Super Giants None-None (None) inn=1 RR=— | Bat: Aiden Markram(0) Mitchell Marsh(0) | Bowl: Sunil Narine 0-0[0m
[37m[21:15:56 F9 TEST] INFO:   [WS-PROJECTION-FALLBACK] non_striker='Mitchell Marsh' surfaced from sb._inn (SM-null, in active_batting)[0m
[33m[21:15:56 F9 TEST] WARN:   [WS-PROJECTION-GAP] striker=None (payload) sb._inn.striker=None sm.striker=None active_batting=['Aiden Markram', 'Mitchell Marsh'][0m
[37m[21:15:56 F9 TEST] INFO:   [ACTION] The bowler, Sunil Narine, is in the delivery stride, having just released the ba[0m
[37m[21:15:56 F9 TEST] INFO: DETAIL|F9|SCOREBOARD|tag=SCOREBOARD|scout=STRIP: LSG 0-0 (0.0) | Aiden Markram 0(0) | Mitchell Marsh 0(0) | Sunil Narine 0-0 (0.0)|action=The bowler, Sunil Narine, is in the delivery stride, having just released the ball.|ext_score=0-0(0.0)|ext_bat=Aiden Markram 0(0) | Mitchell Marsh 0(0)|ext_bowl=Sunil Narine 0-0 (0.0)|scorer_changes=[]|yolo=2|BEFORE_score=None-None(None)|BEFORE_bat1=—|BEFORE_bat2=—|BEFORE_bowl=— ?-? (?)|BEFORE_this_over=[]|AFTER_score=None-None(None)|AFTER_bat1=Aiden Markram 0(0)|AFTER_bat2=Mitchell Marsh 0(0)|AFTER_bowl=Sunil Narine 0-0 (0.0)|AFTER_this_over=[]|AFTER_this_over_src=|AFTER_striker=—|AFTER_non_striker=Mitchell Marsh|AFTER_run_rate=—|AFTER_target=—|AFTER_innings=1|AFTER_partnership=—|AFTER_fow_count=0|AFTER_field=spin_powerplay frozen=True fielders=['slip_1', 'point', 'cover', 'mid_off', 'mid_on', 'midwicket', 'square_leg', 'short_leg', 'fine_leg']|ball_event=—|ball_event_runs=—|ball_event_over=—|ball_event_extra=—|ball_event_free_hit=—|broadcast_extra=—|dismissal_mode=—|striker_this_ball=—|delivery_length=—|delivery_line=—|delivery_angle=—|delivery_shot=—|delivery_direction=—|delivery_elevation=—|delivery_bounce=—|delivery_dets=0|delivery_method=—|delivery_snap_dets=—|delivery_3layer_dets=—|delivery_det_rate=—|delivery_dir_zone=—|delivery_dir_conf=0|delivery_shot_action=—|delivery_shot_intent=—|delivery_swing=—|delivery_speed_vlm=—|delivery_vlm_conf=—|delivery_vlm_ms=—|speed_kph=—|venue=—|batting_team=Lucknow Super Giants|match_info=—|completed_over=—|completed_over_runs=—|drs_state=NONE|corrections=none|lat_vision=700|lat_extract=1182|lat_scorer=876|lat_field=52|lat_comm=0|lat_code=0|lat_total=2774|comm_bowler=Sunil Narine|comm_wire=—|comm_storyteller=—|comm_analyst=—|comm_colour=—|comm_wire_ms=0|comm_story_ms=0|comm_analyst_ms=0|comm_colour_ms=0[0m
[37m[21:15:56 F9 TEST] INFO: [WS] client disconnected (2 remain)[0m
[FIELD] Pitch detected from people cluster: (0.32, 0.57) spread=0.190
[37m[21:15:57 F10 VISION] INFO: [SCOUT] SCOREBOARD 642ms strip=True overlay=False drs=False cam=closeup phase=between_play digits=False 305 chars[0m
[37m[21:15:57 F10 VISION] INFO: [SCOUT] Preview: {"has_strip": true, "has_overlay_stats": false, "drs_review": false, "camera_view": "closeup", "frame_phase": "between_play", "ball_position": null}

STRIP: LSG 0-0 (0.0) | Aiden Markram* 0(0) | Mitch[0m
[37m[21:15:57 F10 TEST] INFO: 
=======================================================[0m
[37m[21:15:57 F10 TEST] INFO: [F10] SCOREBOARD — #8[0m
[37m[21:15:57 F10 TEST] INFO:   [V 645ms] STRIP: LSG 0-0 (0.0) | Aiden Markram* 0(0) | Mitchell Marsh 0(0) | Sunil Narine 0-0 (0.0)[0m
[37m[21:15:58 F10 EXTRACT] INFO: Extracted in 1.0s (llama-4-scout-17b-16e-instruct)[0m
[37m[21:15:58 F10 TEST] INFO:   [E 1039ms] visible_team=None score=None-None (None) target=None rr=None[0m
[37m[21:15:58 F10 TEST] INFO:     BAT: Aiden Markram 0(0) [0m
[37m[21:15:58 F10 TEST] INFO:     BAT: Mitchell Marsh 0(0) [0m
[37m[21:15:58 F10 TEST] INFO:     BOWL: Sunil Narine 0-0 (0.0)[0m
[37m[21:15:58 F10 TRACK] INFO: bat:Aiden Markram:runs: initial proposed 0 (2/3 — waiting)[0m
[37m[21:15:58 F10 TRACK] INFO: bat:Aiden Markram:balls: initial proposed 0 (2/3 — waiting)[0m
[37m[21:15:58 F10 TEST] INFO:   [STRIKER-WRITE] test_pipeline.py:6812 (run_test): non_striker Mitchell Marsh->Aiden Markram[0m
[37m[21:15:58 F10 TRACK] INFO: bat:Mitchell Marsh:runs: initial proposed 0 (2/3 — waiting)[0m
[37m[21:15:58 F10 TRACK] INFO: bat:Mitchell Marsh:balls: initial proposed 0 (2/3 — waiting)[0m
[37m[21:15:58 F10 TEST] INFO:   [STRIKER-WRITE] test_pipeline.py:6812 (run_test): non_striker Aiden Markram->Mitchell Marsh[0m
[37m[21:15:58 F10 TEST] INFO:   [DIRECT] Batter updates: ['Aiden Markram: ext=0(0) → tracker=0(0) [was 0(0)]', 'Mitchell Marsh: ext=0(0) → tracker=0(0) [was 0(0)]'][0m
[37m[21:15:58 F10 SCORER] INFO: Scored in 0.7s (llama-4-scout-17b-16e-instruct)[0m
[37m[21:15:58 F10 TEST] INFO:   [S] Hint: Current batters: Aiden Markram and Mitchell Marsh. Bowler: Sunil Narine. Read their stats from the scoreboard.[0m
[37m[21:15:58 F10 TEST] INFO:   No players from our match recognized — skipping score[0m
[37m[21:15:58 F10 TEST] INFO:   [S 719ms] Changes: none[0m
[37m[21:15:58 F10 TEST] INFO:   Total: 2404ms (V:645 E:1039 S:719)[0m
[37m[21:15:58 F10 TEST] INFO:   STATE: Lucknow Super Giants None-None (None) inn=1 RR=— | Bat: Aiden Markram(0) Mitchell Marsh(0) | Bowl: Sunil Narine 0-0[0m
[37m[21:15:58 F10 TEST] INFO:   [WS-PROJECTION-FALLBACK] non_striker='Mitchell Marsh' surfaced from sb._inn (SM-null, in active_batting)[0m
[37m[21:15:58 F10 TEST] INFO:   [ACTION] A fielder in a blue uniform is celebrating on the field.[0m
[37m[21:15:58 F10 FIELD] INFO: [F10] OC-deep_backward_square moved to OC-deep_midwicket_sq[0m
[37m[21:15:58 F10 FIELD] INFO: [F10] OC-deep_third_man moved to OC-deep_backward_point[0m
[37m[21:15:58 F10 FIELD] INFO: [F10] OC-third_man_fine moved to OC-deep_gully[0m
[37m[21:15:58 F10 FIELD] INFO: [F10] IC-point brought in — attacking[0m
[37m[21:15:58 F10 FIELD] INFO: [F10] IC-point brought in — attacking[0m
[37m[21:15:58 F10 FIELD] INFO: [F10] IC-square_leg brought in — attacking[0m
[37m[21:15:58 F10 TEST] INFO: DETAIL|F10|SCOREBOARD|tag=SCOREBOARD|scout=STRIP: LSG 0-0 (0.0) | Aiden Markram* 0(0) | Mitchell Marsh 0(0) | Sunil Narine 0-0 (0.0)|action=A fielder in a blue uniform is celebrating on the field.|ext_score=None-None(None)|ext_bat=Aiden Markram 0(0) | Mitchell Marsh 0(0)|ext_bowl=Sunil Narine 0-0 (0.0)|scorer_changes=[]|yolo=8|BEFORE_score=None-None(None)|BEFORE_bat1=Aiden Markram 0(0)|BEFORE_bat2=Mitchell Marsh 0(0)|BEFORE_bowl=Sunil Narine 0-0 (0.0)|BEFORE_this_over=[]|AFTER_score=None-None(None)|AFTER_bat1=Aiden Markram 0(0)|AFTER_bat2=Mitchell Marsh 0(0)|AFTER_bowl=Sunil Narine 0-0 (0.0)|AFTER_this_over=[]|AFTER_this_over_src=|AFTER_striker=—|AFTER_non_striker=Mitchell Marsh|AFTER_run_rate=—|AFTER_target=—|AFTER_innings=1|AFTER_partnership=—|AFTER_fow_count=0|AFTER_field=spin_powerplay frozen=True fielders=['slip_1', 'point', 'cover', 'mid_off', 'mid_on', 'midwicket', 'square_leg', 'short_leg', 'fine_leg']|ball_event=—|ball_event_runs=—|ball_event_over=—|ball_event_extra=—|ball_event_free_hit=—|broadcast_extra=—|dismissal_mode=—|striker_this_ball=—|delivery_length=—|delivery_line=—|delivery_angle=—|delivery_shot=—|delivery_direction=—|delivery_elevation=—|delivery_bounce=—|delivery_dets=0|delivery_method=—|delivery_snap_dets=—|delivery_3layer_dets=—|delivery_det_rate=—|delivery_dir_zone=—|delivery_dir_conf=0|delivery_shot_action=—|delivery_shot_intent=—|delivery_swing=—|delivery_speed_vlm=—|delivery_vlm_conf=—|delivery_vlm_ms=—|speed_kph=—|venue=—|batting_team=Lucknow Super Giants|match_info=—|completed_over=—|completed_over_runs=—|drs_state=NONE|corrections=none|lat_vision=645|lat_extract=1039|lat_scorer=719|lat_field=46|lat_comm=0|lat_code=0|lat_total=2415|comm_bowler=Sunil Narine|comm_wire=—|comm_storyteller=—|comm_analyst=—|comm_colour=—|comm_wire_ms=0|comm_story_ms=0|comm_analyst_ms=0|comm_colour_ms=0[0m
[37m[21:16:00 F10 TEST] INFO: [WS] client connected (3 total)[0m
[37m[21:16:01 F11 VISION] INFO: [SCOUT] SCOREBOARD 642ms strip=True overlay=False drs=False cam=closeup phase=between_play digits=False 297 chars[0m
[37m[21:16:01 F11 VISION] INFO: [SCOUT] Preview: {"has_strip": true, "has_overlay_stats": false, "drs_review": false, "camera_view": "closeup", "frame_phase": "between_play", "ball_position": null}

STRIP: LSG 0-0 (0.0) | Aiden Markram* 0(0) | Mitch[0m
[37m[21:16:01 F11 TEST] INFO: 
=======================================================[0m
[37m[21:16:01 F11 TEST] INFO: [F11] SCOREBOARD — #9[0m
[37m[21:16:01 F11 TEST] INFO:   [V 645ms] STRIP: LSG 0-0 (0.0) | Aiden Markram* 0(0) | Mitchell Marsh 0(0) | Sunil Narine 0-0 (0.0)[0m
[37m[21:16:02 F11 EXTRACT] INFO: Extracted in 1.3s (llama-4-scout-17b-16e-instruct)[0m
[37m[21:16:02 F11 TEST] INFO:   [E 1266ms] visible_team=None score=None-None (None) target=None rr=None[0m
[37m[21:16:02 F11 TEST] INFO:     BAT: Aiden Markram 0(0) [0m
[37m[21:16:02 F11 TEST] INFO:     BAT: Mitchell Marsh 0(0) [0m
[37m[21:16:02 F11 TEST] INFO:     BOWL: Sunil Narine 0-0 (0.0)[0m
[37m[21:16:02 F11 TRACK] INFO: bat:Aiden Markram:runs: initial → 0 (cold-start consensus 3/3)[0m
[37m[21:16:02 F11 TRACK] INFO: bat:Aiden Markram:balls: initial → 0 (cold-start consensus 3/3)[0m
[37m[21:16:02 F11 TEST] INFO:   [STRIKER-WRITE] test_pipeline.py:6812 (run_test): non_striker Mitchell Marsh->Aiden Markram[0m
[37m[21:16:02 F11 TRACK] INFO: bat:Mitchell Marsh:runs: initial → 0 (cold-start consensus 3/3)[0m
[37m[21:16:02 F11 TRACK] INFO: bat:Mitchell Marsh:balls: initial → 0 (cold-start consensus 3/3)[0m
[37m[21:16:02 F11 TEST] INFO:   [STRIKER-WRITE] test_pipeline.py:6812 (run_test): non_striker Aiden Markram->Mitchell Marsh[0m
[37m[21:16:02 F11 TEST] INFO:   [DIRECT] Batter updates: ['Aiden Markram: ext=0(0) → tracker=0(0) [was 0(0)]', 'Mitchell Marsh: ext=0(0) → tracker=0(0) [was 0(0)]'][0m
[37m[21:16:03 F11 SCORER] INFO: Scored in 0.7s (llama-4-scout-17b-16e-instruct)[0m
[37m[21:16:03 F11 TEST] INFO:   [S] Hint: Current batters: Aiden Markram, Mitchell Marsh. Bowler: Sunil Narine. Read their stats from the scoreboard.[0m
[37m[21:16:03 F11 TEST] INFO:   No players from our match recognized — skipping score[0m
[37m[21:16:03 F11 TEST] INFO:   [S 728ms] Changes: none[0m
[37m[21:16:03 F11 TEST] INFO:   Total: 2639ms (V:645 E:1266 S:728)[0m
[37m[21:16:03 F11 TEST] INFO:   STATE: Lucknow Super Giants None-None (None) inn=1 RR=— | Bat: Aiden Markram(0) Mitchell Marsh(0) | Bowl: Sunil Narine 0-0[0m
[37m[21:16:03 F11 TEST] INFO:   [WS-PROJECTION-FALLBACK] non_striker='Mitchell Marsh' surfaced from sb._inn (SM-null, in active_batting)[0m
[37m[21:16:03 F11 TEST] INFO:   [ACTION] A fielder in blue is running along the boundary.[0m
[37m[21:16:03 F11 FIELD] INFO: [F11] OC-deep_gully moved to OC-deep_backward_point[0m
[37m[21:16:03 F11 FIELD] INFO: [F11] IC-square_leg moved to IC-cover[0m
[37m[21:16:03 F11 FIELD] INFO: [F11] IC-point pushed back — defensive[0m
[37m[21:16:03 F11 TEST] INFO: DETAIL|F11|SCOREBOARD|tag=SCOREBOARD|scout=STRIP: LSG 0-0 (0.0) | Aiden Markram* 0(0) | Mitchell Marsh 0(0) | Sunil Narine 0-0 (0.0)|action=A fielder in blue is running along the boundary.|ext_score=None-None(None)|ext_bat=Aiden Markram 0(0) | Mitchell Marsh 0(0)|ext_bowl=Sunil Narine 0-0 (0.0)|scorer_changes=[]|yolo=3|BEFORE_score=None-None(None)|BEFORE_bat1=Aiden Markram 0(0)|BEFORE_bat2=Mitchell Marsh 0(0)|BEFORE_bowl=Sunil Narine 0-0 (0.0)|BEFORE_this_over=[]|AFTER_score=None-None(None)|AFTER_bat1=Aiden Markram 0(0)|AFTER_bat2=Mitchell Marsh 0(0)|AFTER_bowl=Sunil Narine 0-0 (0.0)|AFTER_this_over=[]|AFTER_this_over_src=|AFTER_striker=—|AFTER_non_striker=Mitchell Marsh|AFTER_run_rate=—|AFTER_target=—|AFTER_innings=1|AFTER_partnership=—|AFTER_fow_count=0|AFTER_field=spin_powerplay frozen=True fielders=['slip_1', 'point', 'cover', 'mid_off', 'mid_on', 'midwicket', 'square_leg', 'short_leg', 'fine_leg']|ball_event=—|ball_event_runs=—|ball_event_over=—|ball_event_extra=—|ball_event_free_hit=—|broadcast_extra=—|dismissal_mode=—|striker_this_ball=—|delivery_length=—|delivery_line=—|delivery_angle=—|delivery_shot=—|delivery_direction=—|delivery_elevation=—|delivery_bounce=—|delivery_dets=0|delivery_method=—|delivery_snap_dets=—|delivery_3layer_dets=—|delivery_det_rate=—|delivery_dir_zone=—|delivery_dir_conf=0|delivery_shot_action=—|delivery_shot_intent=—|delivery_swing=—|delivery_speed_vlm=—|delivery_vlm_conf=—|delivery_vlm_ms=—|speed_kph=—|venue=—|batting_team=Lucknow Super Giants|match_info=—|completed_over=—|completed_over_runs=—|drs_state=NONE|corrections=none|lat_vision=645|lat_extract=1266|lat_scorer=728|lat_field=45|lat_comm=0|lat_code=0|lat_total=2649|comm_bowler=Sunil Narine|comm_wire=—|comm_storyteller=—|comm_analyst=—|comm_colour=—|comm_wire_ms=0|comm_story_ms=0|comm_analyst_ms=0|comm_colour_ms=0[0m
[37m[21:16:04 F11 TEST] INFO: [WS] client disconnected (2 remain)[0m
[37m[21:16:05 F12 TEST] INFO: [F12] No-strip skip #1 (lifetime=1)[0m
[37m[21:16:05 F12 TEST] INFO:   [WS-PROJECTION-FALLBACK] non_striker='Mitchell Marsh' surfaced from sb._inn (SM-null, in active_batting)[0m
[37m[21:16:08 F14 VISION] INFO: [SCOUT] SCOREBOARD 783ms strip=True overlay=False drs=False cam=closeup phase=between_play digits=True 286 chars[0m
[37m[21:16:08 F14 TEST] INFO: 
=======================================================[0m
[37m[21:16:08 F14 TEST] INFO: [F14] SCOREBOARD — #10[0m
[37m[21:16:08 F14 TEST] INFO:   [V 786ms] STRIP: KKR 143-7 (19.3) | Narine 71(48) | Rinku 4(6) |[0m
[37m[21:16:08 F14 TEST] INFO: [WS] client connected (3 total)[0m
[37m[21:16:09 F14 EXTRACT] INFO: Extracted in 0.7s (llama-4-scout-17b-16e-instruct)[0m
[37m[21:16:09 F14 TEST] INFO:   [GUARD] Visible team 'Kolkata Knight Riders' is bowling team — comparison strip, ALL data stripped (1/30)[0m
[37m[21:16:09 F14 TEST] INFO:   [E 695ms] visible_team=Kolkata Knight Riders score=None-None (None) target=None rr=None[0m
[37m[21:16:09 F14 SCORER] INFO: Scored in 0.8s (llama-4-scout-17b-16e-instruct)[0m
[37m[21:16:09 F14 TEST] INFO:   [S] Hint: Current batters: Aiden Markram and Mitchell Marsh. Bowler: Sunil Narine[0m
[37m[21:16:09 F14 TEST] INFO:   [S 754ms] Changes: ['FRAME_POISONED:143'][0m
[37m[21:16:09 F14 TEST] INFO:   Total: 2235ms (V:786 E:695 S:754)[0m
[37m[21:16:09 F14 TEST] INFO:   STATE: Lucknow Super Giants None-None (None) inn=1 RR=— | Bat: Aiden Markram(0) Mitchell Marsh(0) | Bowl: Sunil Narine 0-0[0m
[37m[21:16:09 F14 TEST] INFO:   [WS-PROJECTION-FALLBACK] non_striker='Mitchell Marsh' surfaced from sb._inn (SM-null, in active_batting)[0m
[37m[21:16:09 F14 TEST] INFO:   [ACTION] A player in a purple jersey is standing still, seemingly between plays.[0m
[37m[21:16:09 F14 TEST] INFO: DETAIL|F14|SCOREBOARD|tag=SCOREBOARD|scout=STRIP: KKR 143-7 (19.3) | Narine 71(48) | Rinku 4(6) ||action=A player in a purple jersey is standing still, seemingly between plays.|ext_score=None-None(None)|ext_bat=|ext_bowl=|scorer_changes=['FRAME_POISONED:143']|yolo=2|BEFORE_score=None-None(None)|BEFORE_bat1=Aiden Markram 0(0)|BEFORE_bat2=Mitchell Marsh 0(0)|BEFORE_bowl=Sunil Narine 0-0 (0.0)|BEFORE_this_over=[]|AFTER_score=None-None(None)|AFTER_bat1=Aiden Markram 0(0)|AFTER_bat2=Mitchell Marsh 0(0)|AFTER_bowl=Sunil Narine 0-0 (0.0)|AFTER_this_over=[]|AFTER_this_over_src=|AFTER_striker=—|AFTER_non_striker=Mitchell Marsh|AFTER_run_rate=—|AFTER_target=—|AFTER_innings=1|AFTER_partnership=—|AFTER_fow_count=0|AFTER_field=spin_powerplay frozen=True fielders=['slip_1', 'point', 'cover', 'mid_off', 'mid_on', 'midwicket', 'square_leg', 'short_leg', 'fine_leg']|ball_event=—|ball_event_runs=—|ball_event_over=—|ball_event_extra=—|ball_event_free_hit=—|broadcast_extra=—|dismissal_mode=—|striker_this_ball=—|delivery_length=—|delivery_line=—|delivery_angle=—|delivery_shot=—|delivery_direction=—|delivery_elevation=—|delivery_bounce=—|delivery_dets=0|delivery_method=—|delivery_snap_dets=—|delivery_3layer_dets=—|delivery_det_rate=—|delivery_dir_zone=—|delivery_dir_conf=0|delivery_shot_action=—|delivery_shot_intent=—|delivery_swing=—|delivery_speed_vlm=—|delivery_vlm_conf=—|delivery_vlm_ms=—|speed_kph=—|venue=—|batting_team=Lucknow Super Giants|match_info=—|completed_over=—|completed_over_runs=—|drs_state=NONE|corrections=none|lat_vision=786|lat_extract=695|lat_scorer=754|lat_field=46|lat_comm=0|lat_code=0|lat_total=2240|comm_bowler=Sunil Narine|comm_wire=—|comm_storyteller=—|comm_analyst=—|comm_colour=—|comm_wire_ms=0|comm_story_ms=0|comm_analyst_ms=0|comm_colour_ms=0[0m
[37m[21:16:11 F14 TEST] INFO: [WS] client connected (4 total)[0m
[37m[21:16:12 F15 TEST] INFO: [WS] client disconnected (3 remain)[0m
[37m[21:16:12 F15 VISION] INFO: [SCOUT] SCOREBOARD 676ms strip=True overlay=False drs=False cam=bowlers_end phase=shot digits=True 297 chars[0m
[37m[21:16:12 F15 TEST] INFO: 
=======================================================[0m
[37m[21:16:12 F15 TEST] INFO: [F15] SCOREBOARD — #11[0m
[37m[21:16:12 F15 TEST] INFO:   [V 679ms] STRIP: KKR 143-7 (19.3) | Narine 4(6) | Rinku 71(48) | 

INFO_PANEL: 
SPEED: 
EXTRA: 
THIS OVER: 
FULL SCORECARD: 

The batter Rinku is playing a shot.[0m
[37m[21:16:13 F15 EXTRACT] INFO: Extracted in 1.1s (llama-4-scout-17b-16e-instruct)[0m
[37m[21:16:13 F15 TEST] INFO:   [GUARD] Visible team 'Kolkata Knight Riders' is bowling team — comparison strip, ALL data stripped (2/30)[0m
[37m[21:16:13 F15 TEST] INFO:   [E 1129ms] visible_team=Kolkata Knight Riders score=None-None (None) target=None rr=None[0m
[37m[21:16:14 F15 SCORER] INFO: Scored in 0.7s (llama-4-scout-17b-16e-instruct)[0m
[37m[21:16:14 F15 TEST] INFO:   [S] Hint: Current batters: Aiden Markram and Mitchell Marsh. Bowler: Sunil Narine. Read their stats from the scoreboard.[0m
[37m[21:16:14 F15 TEST] INFO:   [S 700ms] Changes: ['FRAME_POISONED:143'][0m
[37m[21:16:14 F15 TEST] INFO:   Total: 2508ms (V:679 E:1129 S:700)[0m
[37m[21:16:14 F15 TEST] INFO:   STATE: Lucknow Super Giants None-None (None) inn=1 RR=— | Bat: Aiden Markram(0) Mitchell Marsh(0) | Bowl: Sunil Narine 0-0[0m
[37m[21:16:14 F15 TEST] INFO:   [WS-PROJECTION-FALLBACK] non_striker='Mitchell Marsh' surfaced from sb._inn (SM-null, in active_batting)[0m
[FIELD WARN] Powerplay but 3 outside circle (max 2). Possible misclassification.
[37m[21:16:14 F15 FIELD] INFO: [F15] OC-third_man_fine moved to OC-third_man_square[0m
[37m[21:16:14 F15 FIELD] INFO: [F15] IC-cover moved to IC-gully[0m
[37m[21:16:14 F15 FIELD] INFO: [F15] OC-deep_backward_point moved to OC-third_man_square[0m
[37m[21:16:14 F15 TEST] INFO: DETAIL|F15|SCOREBOARD|tag=SCOREBOARD|scout=STRIP: KKR 143-7 (19.3) | Narine 4(6) | Rinku 71(48) |   INFO_PANEL:  SPEED:  EXTRA:  THIS OVER:  FULL SCORECARD:   The |action=—|ext_score=None-None(None)|ext_bat=|ext_bowl=|scorer_changes=['FRAME_POISONED:143']|yolo=4|BEFORE_score=None-None(None)|BEFORE_bat1=Aiden Markram 0(0)|BEFORE_bat2=Mitchell Marsh 0(0)|BEFORE_bowl=Sunil Narine 0-0 (0.0)|BEFORE_this_over=[]|AFTER_score=None-None(None)|AFTER_bat1=Aiden Markram 0(0)|AFTER_bat2=Mitchell Marsh 0(0)|AFTER_bowl=Sunil Narine 0-0 (0.0)|AFTER_this_over=[]|AFTER_this_over_src=|AFTER_striker=—|AFTER_non_striker=Mitchell Marsh|AFTER_run_rate=—|AFTER_target=—|AFTER_innings=1|AFTER_partnership=—|AFTER_fow_count=0|AFTER_field=spin_powerplay frozen=True fielders=['slip_1', 'point', 'cover', 'mid_off', 'mid_on', 'midwicket', 'square_leg', 'short_leg', 'fine_leg']|ball_event=—|ball_event_runs=—|ball_event_over=—|ball_event_extra=—|ball_event_free_hit=—|broadcast_extra=—|dismissal_mode=—|striker_this_ball=—|delivery_length=—|delivery_line=—|delivery_angle=—|delivery_shot=—|delivery_direction=—|delivery_elevation=—|delivery_bounce=—|delivery_dets=0|delivery_method=—|delivery_snap_dets=—|delivery_3layer_dets=—|delivery_det_rate=—|delivery_dir_zone=—|delivery_dir_conf=0|delivery_shot_action=—|delivery_shot_intent=—|delivery_swing=—|delivery_speed_vlm=—|delivery_vlm_conf=—|delivery_vlm_ms=—|speed_kph=—|venue=—|batting_team=Lucknow Super Giants|match_info=—|completed_over=—|completed_over_runs=—|drs_state=NONE|corrections=none|lat_vision=679|lat_extract=1129|lat_scorer=700|lat_field=48|lat_comm=0|lat_code=0|lat_total=2514|comm_bowler=Sunil Narine|comm_wire=—|comm_storyteller=—|comm_analyst=—|comm_colour=—|comm_wire_ms=0|comm_story_ms=0|comm_analyst_ms=0|comm_colour_ms=0[0m
[37m[21:16:15 F16 TEST] INFO: [WS] client disconnected (2 remain)[0m
[37m[21:16:15 F16 VISION] INFO: [SCOUT] SCOREBOARD 626ms strip=True overlay=False drs=False cam=bowlers_end phase=between_play digits=True 314 chars[0m
[37m[21:16:15 F16 TEST] INFO: 
=======================================================[0m
[37m[21:16:15 F16 TEST] INFO: [F16] SCOREBOARD — #12[0m
[37m[21:16:15 F16 TEST] INFO:   [V 629ms] STRIP: KKR 143-7 (19.3) | Narine 4(6) | Rinku 71(48) | Digvesh 0-34 (3.3)[0m
[37m[21:16:16 F16 TEST] INFO: [WS] client connected (3 total)[0m
[37m[21:16:16 F16 EXTRACT] INFO: Extracted in 1.0s (llama-4-scout-17b-16e-instruct)[0m
[37m[21:16:16 F16 TEST] INFO:   [GUARD] Visible team 'Kolkata Knight Riders' is bowling team — comparison strip, ALL data stripped (3/30)[0m
[37m[21:16:16 F16 TEST] INFO:   [E 1039ms] visible_team=Kolkata Knight Riders score=None-None (None) target=None rr=None[0m
[37m[21:16:17 F16 SCORER] INFO: Scored in 0.6s (llama-4-scout-17b-16e-instruct)[0m
[37m[21:16:17 F16 TEST] INFO:   [S] Hint: Current batters: Aiden Markram and Mitchell Marsh. Bowler: Sunil Narine.[0m
[37m[21:16:17 F16 TEST] INFO:   [S 648ms] Changes: ['FRAME_POISONED:143'][0m
[37m[21:16:17 F16 TEST] INFO:   Total: 2316ms (V:629 E:1039 S:648)[0m
[37m[21:16:17 F16 TEST] INFO:   STATE: Lucknow Super Giants None-None (None) inn=1 RR=— | Bat: Aiden Markram(0) Mitchell Marsh(0) | Bowl: Sunil Narine 0-0[0m
[37m[21:16:17 F16 TEST] INFO:   [WS-PROJECTION-FALLBACK] non_striker='Mitchell Marsh' surfaced from sb._inn (SM-null, in active_batting)[0m
[37m[21:16:17 F16 TEST] INFO:   [ACTION] The game is currently paused with players not actively engaged in a delivery.[0m
[37m[21:16:17 F16 FIELD] INFO: [F16] OC-third_man_square moved to OC-deep_third_man[0m
[37m[21:16:17 F16 FIELD] INFO: [F16] IC-behind_keeper_off brought in — attacking[0m
[37m[21:16:17 F16 FIELD] INFO: [F16] slip added — expecting edge[0m
[37m[21:16:17 F16 TEST] INFO: DETAIL|F16|SCOREBOARD|tag=SCOREBOARD|scout=STRIP: KKR 143-7 (19.3) | Narine 4(6) | Rinku 71(48) | Digvesh 0-34 (3.3)|action=The game is currently paused with players not actively engaged in a delivery.|ext_score=None-None(None)|ext_bat=|ext_bowl=|scorer_changes=['FRAME_POISONED:143']|yolo=5|BEFORE_score=None-None(None)|BEFORE_bat1=Aiden Markram 0(0)|BEFORE_bat2=Mitchell Marsh 0(0)|BEFORE_bowl=Sunil Narine 0-0 (0.0)|BEFORE_this_over=[]|AFTER_score=None-None(None)|AFTER_bat1=Aiden Markram 0(0)|AFTER_bat2=Mitchell Marsh 0(0)|AFTER_bowl=Sunil Narine 0-0 (0.0)|AFTER_this_over=[]|AFTER_this_over_src=|AFTER_striker=—|AFTER_non_striker=Mitchell Marsh|AFTER_run_rate=—|AFTER_target=—|AFTER_innings=1|AFTER_partnership=—|AFTER_fow_count=0|AFTER_field=spin_powerplay frozen=True fielders=['slip_1', 'point', 'cover', 'mid_off', 'mid_on', 'midwicket', 'square_leg', 'short_leg', 'fine_leg']|ball_event=—|ball_event_runs=—|ball_event_over=—|ball_event_extra=—|ball_event_free_hit=—|broadcast_extra=—|dismissal_mode=—|striker_this_ball=—|delivery_length=—|delivery_line=—|delivery_angle=—|delivery_shot=—|delivery_direction=—|delivery_elevation=—|delivery_bounce=—|delivery_dets=0|delivery_method=—|delivery_snap_dets=—|delivery_3layer_dets=—|delivery_det_rate=—|delivery_dir_zone=—|delivery_dir_conf=0|delivery_shot_action=—|delivery_shot_intent=—|delivery_swing=—|delivery_speed_vlm=—|delivery_vlm_conf=—|delivery_vlm_ms=—|speed_kph=—|venue=—|batting_team=Lucknow Super Giants|match_info=—|completed_over=—|completed_over_runs=—|drs_state=NONE|corrections=none|lat_vision=629|lat_extract=1039|lat_scorer=648|lat_field=48|lat_comm=0|lat_code=0|lat_total=2321|comm_bowler=Sunil Narine|comm_wire=—|comm_storyteller=—|comm_analyst=—|comm_colour=—|comm_wire_ms=0|comm_story_ms=0|comm_analyst_ms=0|comm_colour_ms=0[0m
[37m[21:16:20 F17 VISION] INFO: [SCOUT] SCOREBOARD 821ms strip=True overlay=False drs=False cam=closeup phase=between_play digits=True 307 chars[0m
[37m[21:16:20 F17 TEST] INFO: 
=======================================================[0m
[37m[21:16:20 F17 TEST] INFO: [F17] SCOREBOARD — #13[0m
[37m[21:16:20 F17 TEST] INFO:   [V 827ms] STRIP: KKR 143-7 (19.3) | Narine 4(6) | Rinku 71(48) | 

INFO_PANEL: 
SPEED: 
EXTRA: 
THIS OVER: 
FULL SCORECARD: 

The players in the audience are clapping.[0m
[37m[21:16:20 F17 TEST] INFO: [WS] client disconnected (2 remain)[0m
[37m[21:16:21 F17 EXTRACT] INFO: Extracted in 1.1s (llama-4-scout-17b-16e-instruct)[0m
[37m[21:16:21 F17 TEST] INFO:   [GUARD] Visible team 'Kolkata Knight Riders' is bowling team — comparison strip, ALL data stripped (4/30)[0m
[37m[21:16:21 F17 TEST] INFO:   [E 1108ms] visible_team=Kolkata Knight Riders score=None-None (None) target=None rr=None[0m
[37m[21:16:21 F17 SCORER] INFO: Scored in 0.7s (llama-4-scout-17b-16e-instruct)[0m
[37m[21:16:21 F17 TEST] INFO:   [S] Hint: Current batters: Aiden Markram and Mitchell Marsh. Bowler: Sunil Narine. Read their stats from the scoreboard.[0m
[37m[21:16:21 F17 TEST] INFO:   [S 677ms] Changes: ['FRAME_POISONED:143'][0m
[37m[21:16:21 F17 TEST] INFO:   Total: 2612ms (V:827 E:1108 S:677)[0m
[37m[21:16:21 F17 TEST] INFO:   STATE: Lucknow Super Giants None-None (None) inn=1 RR=— | Bat: Aiden Markram(0) Mitchell Marsh(0) | Bowl: Sunil Narine 0-0[0m
[37m[21:16:21 F17 TEST] INFO:   [WS-PROJECTION-FALLBACK] non_striker='Mitchell Marsh' surfaced from sb._inn (SM-null, in active_batting)[0m
[37m[21:16:21 F17 FIELD] INFO: [F17] OC-third_man_square moved to OC-deep_backward_point[0m
[37m[21:16:21 F17 FIELD] INFO: [F17] OC-deep_point moved to OC-deep_backward_point[0m
[37m[21:16:21 F17 FIELD] INFO: [F17] slip removed — less catching pressure[0m
[37m[21:16:21 F17 FIELD] INFO: [F17] IC-cover brought in — attacking[0m
[37m[21:16:21 F17 FIELD] INFO: [F17] IC-behind_keeper_off moved to IC-wide_mid_on[0m
[37m[21:16:21 F17 TEST] INFO: DETAIL|F17|SCOREBOARD|tag=SCOREBOARD|scout=STRIP: KKR 143-7 (19.3) | Narine 4(6) | Rinku 71(48) |   INFO_PANEL:  SPEED:  EXTRA:  THIS OVER:  FULL SCORECARD:   The |action=—|ext_score=None-None(None)|ext_bat=|ext_bowl=|scorer_changes=['FRAME_POISONED:143']|yolo=6|BEFORE_score=None-None(None)|BEFORE_bat1=Aiden Markram 0(0)|BEFORE_bat2=Mitchell Marsh 0(0)|BEFORE_bowl=Sunil Narine 0-0 (0.0)|BEFORE_this_over=[]|AFTER_score=None-None(None)|AFTER_bat1=Aiden Markram 0(0)|AFTER_bat2=Mitchell Marsh 0(0)|AFTER_bowl=Sunil Narine 0-0 (0.0)|AFTER_this_over=[]|AFTER_this_over_src=|AFTER_striker=—|AFTER_non_striker=Mitchell Marsh|AFTER_run_rate=—|AFTER_target=—|AFTER_innings=1|AFTER_partnership=—|AFTER_fow_count=0|AFTER_field=spin_powerplay frozen=True fielders=['slip_1', 'point', 'cover', 'mid_off', 'mid_on', 'midwicket', 'square_leg', 'short_leg', 'fine_leg']|ball_event=—|ball_event_runs=—|ball_event_over=—|ball_event_extra=—|ball_event_free_hit=—|broadcast_extra=—|dismissal_mode=—|striker_this_ball=—|delivery_length=—|delivery_line=—|delivery_angle=—|delivery_shot=—|delivery_direction=—|delivery_elevation=—|delivery_bounce=—|delivery_dets=0|delivery_method=—|delivery_snap_dets=—|delivery_3layer_dets=—|delivery_det_rate=—|delivery_dir_zone=—|delivery_dir_conf=0|delivery_shot_action=—|delivery_shot_intent=—|delivery_swing=—|delivery_speed_vlm=—|delivery_vlm_conf=—|delivery_vlm_ms=—|speed_kph=—|venue=—|batting_team=Lucknow Super Giants|match_info=—|completed_over=—|completed_over_runs=—|drs_state=NONE|corrections=none|lat_vision=827|lat_extract=1108|lat_scorer=677|lat_field=50|lat_comm=0|lat_code=0|lat_total=2623|comm_bowler=Sunil Narine|comm_wire=—|comm_storyteller=—|comm_analyst=—|comm_colour=—|comm_wire_ms=0|comm_story_ms=0|comm_analyst_ms=0|comm_colour_ms=0[0m
[37m[21:16:24 F18 TEST] INFO: [WS] client connected (3 total)[0m
[37m[21:16:24 F18 VISION] INFO: [SCOUT] SCOREBOARD 722ms strip=True overlay=False drs=False cam=closeup phase=between_play digits=True 483 chars[0m
[37m[21:16:24 F18 TEST] INFO: 
=======================================================[0m
[37m[21:16:24 F18 TEST] INFO: [F18] SCOREBOARD — #14[0m
[37m[21:16:24 F18 TEST] INFO:   [V 724ms] STRIP: KKR 149-1 (19.4) |  0-40 (3.4)

INFO_PANEL: 
SPEED: 
EXTRA: 
THIS OVER: 
FULL SCORECARD: 

The camera shows a close-up of a player, likely Aiden Markram or Mitchell Marsh, as indicated by the scoreboard showing their team KKR at 149-1, suggest[0m
[37m[21:16:25 F18 EXTRACT] INFO: Extracted in 1.1s (llama-4-scout-17b-16e-instruct)[0m
[37m[21:16:25 F18 TEST] INFO:   [GUARD] Visible team 'Kolkata Knight Riders' is bowling team — comparison strip, ALL data stripped (5/30)[0m
[37m[21:16:25 F18 TEST] INFO:   [E 1068ms] visible_team=Kolkata Knight Riders score=None-None (None) target=None rr=None[0m
[37m[21:16:26 F18 SCORER] INFO: Scored in 0.7s (llama-4-scout-17b-16e-instruct)[0m
[37m[21:16:26 F18 TEST] INFO:   [S] Hint: Current batters: Aiden Markram and Mitchell Marsh. Bowler: Sunil Narine. Read their stats from the scoreboard.[0m
[37m[21:16:26 F18 TEST] INFO:   [S 726ms] Changes: ['FRAME_POISONED:149'][0m
[37m[21:16:26 F18 TEST] INFO:   Total: 2518ms (V:724 E:1068 S:726)[0m
[37m[21:16:26 F18 TEST] INFO:   STATE: Lucknow Super Giants None-None (None) inn=1 RR=— | Bat: Aiden Markram(0) Mitchell Marsh(0) | Bowl: Sunil Narine 0-0[0m
[37m[21:16:26 F18 TEST] INFO:   [WS-PROJECTION-FALLBACK] non_striker='Mitchell Marsh' surfaced from sb._inn (SM-null, in active_batting)[0m
[37m[21:16:26 F18 TEST] INFO: DETAIL|F18|SCOREBOARD|tag=SCOREBOARD|scout=STRIP: KKR 149-1 (19.4) |  0-40 (3.4)  INFO_PANEL:  SPEED:  EXTRA:  THIS OVER:  FULL SCORECARD:   The camera shows a clo|action=—|ext_score=None-None(None)|ext_bat=|ext_bowl=|scorer_changes=['FRAME_POISONED:149']|yolo=0|BEFORE_score=None-None(None)|BEFORE_bat1=Aiden Markram 0(0)|BEFORE_bat2=Mitchell Marsh 0(0)|BEFORE_bowl=Sunil Narine 0-0 (0.0)|BEFORE_this_over=[]|AFTER_score=None-None(None)|AFTER_bat1=Aiden Markram 0(0)|AFTER_bat2=Mitchell Marsh 0(0)|AFTER_bowl=Sunil Narine 0-0 (0.0)|AFTER_this_over=[]|AFTER_this_over_src=|AFTER_striker=—|AFTER_non_striker=Mitchell Marsh|AFTER_run_rate=—|AFTER_target=—|AFTER_innings=1|AFTER_partnership=—|AFTER_fow_count=0|AFTER_field=spin_powerplay frozen=True fielders=['slip_1', 'point', 'cover', 'mid_off', 'mid_on', 'midwicket', 'square_leg', 'short_leg', 'fine_leg']|ball_event=—|ball_event_runs=—|ball_event_over=—|ball_event_extra=—|ball_event_free_hit=—|broadcast_extra=—|dismissal_mode=—|striker_this_ball=—|delivery_length=—|delivery_line=—|delivery_angle=—|delivery_shot=—|delivery_direction=—|delivery_elevation=—|delivery_bounce=—|delivery_dets=0|delivery_method=—|delivery_snap_dets=—|delivery_3layer_dets=—|delivery_det_rate=—|delivery_dir_zone=—|delivery_dir_conf=0|delivery_shot_action=—|delivery_shot_intent=—|delivery_swing=—|delivery_speed_vlm=—|delivery_vlm_conf=—|delivery_vlm_ms=—|speed_kph=—|venue=—|batting_team=Lucknow Super Giants|match_info=—|completed_over=—|completed_over_runs=—|drs_state=NONE|corrections=none|lat_vision=724|lat_extract=1068|lat_scorer=726|lat_field=46|lat_comm=0|lat_code=0|lat_total=2522|comm_bowler=Sunil Narine|comm_wire=—|comm_storyteller=—|comm_analyst=—|comm_colour=—|comm_wire_ms=0|comm_story_ms=0|comm_analyst_ms=0|comm_colour_ms=0[0m
[37m[21:16:28 F18 TEST] INFO: [WS] client disconnected (2 remain)[0m
[37m[21:16:29 F19 VISION] INFO: [SCOUT] SCOREBOARD 827ms strip=True overlay=False drs=False cam=graphic phase=graphic digits=True 302 chars[0m
[37m[21:16:29 F19 TEST] INFO: [F19] SCOREBOARD cam=graphic → dead-time skip (#3)[0m
[37m[21:16:29 F19 TEST] INFO:   [WS-PROJECTION-FALLBACK] non_striker='Mitchell Marsh' surfaced from sb._inn (SM-null, in active_batting)[0m
[37m[21:16:32 F20 TEST] INFO: [F20] No-strip skip #1 (lifetime=3)[0m
[37m[21:16:32 F20 TEST] INFO:   [WS-PROJECTION-FALLBACK] non_striker='Mitchell Marsh' surfaced from sb._inn (SM-null, in active_batting)[0m
[37m[21:16:32 F20 TEST] INFO: [WS] client connected (3 total)[0m
[37m[21:16:34 F22 TEST] INFO:   [WS-PROJECTION-FALLBACK] non_striker='Mitchell Marsh' surfaced from sb._inn (SM-null, in active_batting)[0m
[37m[21:16:35 F23 TEST] INFO: [WS] client connected (4 total)[0m
[37m[21:16:36 F24 TEST] INFO:   [WS-PROJECTION-FALLBACK] non_striker='Mitchell Marsh' surfaced from sb._inn (SM-null, in active_batting)[0m
[37m[21:16:36 F24 TEST] INFO: [WS] client disconnected (3 remain)[0m
[37m[21:16:37 F26 TEST] INFO:   [WS-PROJECTION-FALLBACK] non_striker='Mitchell Marsh' surfaced from sb._inn (SM-null, in active_batting)[0m
[37m[21:16:39 F27 TEST] INFO: [WS] client disconnected (2 remain)[0m
[37m[21:16:39 F28 TEST] INFO:   [WS-PROJECTION-FALLBACK] non_striker='Mitchell Marsh' surfaced from sb._inn (SM-null, in active_batting)[0m
[37m[21:16:40 F29 TEST] INFO: [WS] client connected (3 total)[0m
[37m[21:16:41 F30 TEST] INFO:   [WS-PROJECTION-FALLBACK] non_striker='Mitchell Marsh' surfaced from sb._inn (SM-null, in active_batting)[0m
[37m[21:16:42 F31 TEST] INFO: [F31] Force-processing after 12 no-strip skips (safety valve)[0m
[37m[21:16:43 F31 VISION] INFO: [SCOUT] SCOREBOARD 1044ms strip=True overlay=False drs=False cam=bowlers_end phase=between_play digits=False 354 chars[0m
[37m[21:16:43 F31 VISION] INFO: [SCOUT] Preview: {"has_strip": true, "has_overlay_stats": false, "drs_review": false, "camera_view": "bowlers_end", "frame_phase": "between_play", "ball_position": null}

STRIP: LSG 0-0 (0.0) | Aiden Markram 0(0) | Mi[0m
[37m[21:16:43 F31 TEST] INFO: [F31] cam=bowlers_end → resuming active play after dead-time gap (#3 skipped)[0m
[37m[21:16:43 F31 TEST] INFO: 
=======================================================[0m
[37m[21:16:43 F31 TEST] INFO: [F31] SCOREBOARD — #15[0m
[37m[21:16:43 F31 TEST] INFO:   [V 1047ms] STRIP: LSG 0-0 (0.0) | Aiden Markram 0(0) | Mitchell Marsh 0(0) | Sunil Narine 0-0 (0.0)[0m
[37m[21:16:44 F31 TEST] INFO: [WS] client disconnected (2 remain)[0m
[37m[21:16:44 F31 EXTRACT] INFO: Extracted in 1.3s (llama-4-scout-17b-16e-instruct)[0m
[37m[21:16:44 F31 TEST] INFO:   [E 1348ms] visible_team=Lucknow Super Giants score=0-0 (0.0) target=None rr=None[0m
[37m[21:16:44 F31 TEST] INFO:     BAT: Aiden Markram 0(0) [0m
[37m[21:16:44 F31 TEST] INFO:     BAT: Mitchell Marsh 0(0) [0m
[37m[21:16:44 F31 TEST] INFO:     BOWL: Sunil Narine 0-0 (0.0)[0m
[37m[21:16:44 F31 TEST] INFO:   [STRIKER-WRITE] test_pipeline.py:6812 (run_test): non_striker Mitchell Marsh->Aiden Markram[0m
[37m[21:16:44 F31 TEST] INFO:   [STRIKER-WRITE] test_pipeline.py:6812 (run_test): non_striker Aiden Markram->Mitchell Marsh[0m
[37m[21:16:44 F31 TEST] INFO:   [DIRECT] Batter updates: ['Aiden Markram: ext=0(0) → tracker=0(0) [was 0(0)]', 'Mitchell Marsh: ext=0(0) → tracker=0(0) [was 0(0)]'][0m
[37m[21:16:44 F31 TRACK] INFO: score: initial proposed 0 (2/3 — waiting)[0m
[37m[21:16:44 F31 TRACK] INFO: overs: initial proposed 0.0 (2/3 — waiting)[0m
[37m[21:16:44 F31 TRACK] INFO: wickets: initial proposed 0 (2/3 — waiting)[0m
[37m[21:16:45 F31 SCORER] INFO: Scored in 0.7s (llama-4-scout-17b-16e-instruct)[0m
[37m[21:16:45 F31 TEST] INFO:   [S] Hint: Current batters: Aiden Markram, Mitchell Marsh. Bowler: Sunil Narine.[0m
[37m[21:16:45 F31 TEST] INFO:   No players from our match recognized — skipping score[0m
[37m[21:16:45 F31 TEST] INFO:   [S 749ms] Changes: none[0m
[37m[21:16:45 F31 TEST] INFO:   Total: 3144ms (V:1047 E:1348 S:749)[0m
[37m[21:16:45 F31 TEST] INFO:   STATE: Lucknow Super Giants None-None (None) inn=1 RR=— | Bat: Aiden Markram(0) Mitchell Marsh(0) | Bowl: Sunil Narine 0-0[0m
[37m[21:16:45 F31 TEST] INFO:   [WS-PROJECTION-FALLBACK] non_striker='Mitchell Marsh' surfaced from sb._inn (SM-null, in active_batting)[0m
[37m[21:16:45 F31 TEST] INFO:   [ACTION] The frame shows a moment between play, with the score strip visible but no immed[0m
[37m[21:16:45 F31 TEST] INFO: DETAIL|F31|SCOREBOARD|tag=SCOREBOARD|scout=STRIP: LSG 0-0 (0.0) | Aiden Markram 0(0) | Mitchell Marsh 0(0) | Sunil Narine 0-0 (0.0)|action=The frame shows a moment between play, with the score strip visible but no immediate action happenin|ext_score=0-0(0.0)|ext_bat=Aiden Markram 0(0) | Mitchell Marsh 0(0)|ext_bowl=Sunil Narine 0-0 (0.0)|scorer_changes=[]|yolo=0|BEFORE_score=None-None(None)|BEFORE_bat1=Aiden Markram 0(0)|BEFORE_bat2=Mitchell Marsh 0(0)|BEFORE_bowl=Sunil Narine 0-0 (0.0)|BEFORE_this_over=[]|AFTER_score=None-None(None)|AFTER_bat1=Aiden Markram 0(0)|AFTER_bat2=Mitchell Marsh 0(0)|AFTER_bowl=Sunil Narine 0-0 (0.0)|AFTER_this_over=[]|AFTER_this_over_src=|AFTER_striker=—|AFTER_non_striker=Mitchell Marsh|AFTER_run_rate=—|AFTER_target=—|AFTER_innings=1|AFTER_partnership=—|AFTER_fow_count=0|AFTER_field=spin_powerplay frozen=True fielders=['slip_1', 'point', 'cover', 'mid_off', 'mid_on', 'midwicket', 'square_leg', 'short_leg', 'fine_leg']|ball_event=—|ball_event_runs=—|ball_event_over=—|ball_event_extra=—|ball_event_free_hit=—|broadcast_extra=—|dismissal_mode=—|striker_this_ball=—|delivery_length=—|delivery_line=—|delivery_angle=—|delivery_shot=—|delivery_direction=—|delivery_elevation=—|delivery_bounce=—|delivery_dets=0|delivery_method=—|delivery_snap_dets=—|delivery_3layer_dets=—|delivery_det_rate=—|delivery_dir_zone=—|delivery_dir_conf=0|delivery_shot_action=—|delivery_shot_intent=—|delivery_swing=—|delivery_speed_vlm=—|delivery_vlm_conf=—|delivery_vlm_ms=—|speed_kph=—|venue=—|batting_team=Lucknow Super Giants|match_info=—|completed_over=—|completed_over_runs=—|drs_state=NONE|corrections=none|lat_vision=1047|lat_extract=1348|lat_scorer=749|lat_field=46|lat_comm=0|lat_code=0|lat_total=3155|comm_bowler=Sunil Narine|comm_wire=—|comm_storyteller=—|comm_analyst=—|comm_colour=—|comm_wire_ms=0|comm_story_ms=0|comm_analyst_ms=0|comm_colour_ms=0[0m
[37m[21:16:47 F32 TEST] INFO: [F32] No-strip skip #1 (lifetime=15)[0m
[37m[21:16:47 F32 TEST] INFO:   [WS-PROJECTION-FALLBACK] non_striker='Mitchell Marsh' surfaced from sb._inn (SM-null, in active_batting)[0m
[37m[21:16:48 F33 TEST] INFO: [WS] client connected (3 total)[0m
[37m[21:16:50 F34 VISION] INFO: [SCOUT] SCOREBOARD 732ms strip=True overlay=False drs=False cam=closeup phase=between_play digits=False 393 chars[0m
[37m[21:16:50 F34 VISION] INFO: [SCOUT] Preview: {"has_strip": true, "has_overlay_stats": false, "drs_review": false, "camera_view": "closeup", "frame_phase": "between_play", "ball_position": null}

STRIP: LSG 0-0 (0.0) | Aiden Markram 0(0) | Mitche[0m
[37m[21:16:50 F34 TEST] INFO: 
=======================================================[0m
[37m[21:16:50 F34 TEST] INFO: [F34] SCOREBOARD — #16[0m
[37m[21:16:50 F34 TEST] INFO:   [V 735ms] STRIP: LSG 0-0 (0.0) | Aiden Markram 0(0) | Mitchell Marsh 0(0) | Sunil Narine 0-0 (0.0)[0m
[37m[21:16:51 F34 EXTRACT] INFO: Extracted in 1.2s (llama-4-scout-17b-16e-instruct)[0m
[37m[21:16:51 F34 TEST] INFO:   [E 1198ms] visible_team=None score=None-None (None) target=None rr=None[0m
[37m[21:16:51 F34 TEST] INFO:     BAT: Aiden Markram 0(0) [0m
[37m[21:16:51 F34 TEST] INFO:     BAT: Mitchell Marsh 0(0) [0m
[37m[21:16:51 F34 TEST] INFO:     BOWL: Sunil Narine 0-0 (0.0)[0m
[37m[21:16:51 F34 TEST] INFO:   [STRIKER-WRITE] test_pipeline.py:6812 (run_test): non_striker Mitchell Marsh->Aiden Markram[0m
[37m[21:16:51 F34 TEST] INFO:   [STRIKER-WRITE] test_pipeline.py:6812 (run_test): non_striker Aiden Markram->Mitchell Marsh[0m
[37m[21:16:51 F34 TEST] INFO:   [DIRECT] Batter updates: ['Aiden Markram: ext=0(0) → tracker=0(0) [was 0(0)]', 'Mitchell Marsh: ext=0(0) → tracker=0(0) [was 0(0)]'][0m
[37m[21:16:52 F34 SCORER] INFO: Scored in 0.8s (llama-4-scout-17b-16e-instruct)[0m
[37m[21:16:52 F34 TEST] INFO:   [S] Hint: Current batters: Aiden Markram and Mitchell Marsh. Bowler: Sunil Narine[0m
[37m[21:16:52 F34 TEST] INFO:   No players from our match recognized — skipping score[0m
[37m[21:16:52 F34 TEST] INFO:   [S 812ms] Changes: none[0m
[37m[21:16:52 F34 TEST] INFO:   Total: 2745ms (V:735 E:1198 S:812)[0m
[37m[21:16:52 F34 TEST] INFO:   STATE: Lucknow Super Giants None-None (None) inn=1 RR=— | Bat: Aiden Markram(0) Mitchell Marsh(0) | Bowl: Sunil Narine 0-0[0m
[37m[21:16:52 F34 TEST] INFO:   [WS-PROJECTION-FALLBACK] non_striker='Mitchell Marsh' surfaced from sb._inn (SM-null, in active_batting)[0m
[37m[21:16:52 F34 TEST] INFO:   [ACTION] The camera shows a close-up of a player wearing a blue jersey and a brown helmet[0m
[37m[21:16:52 F34 TEST] INFO: DETAIL|F34|SCOREBOARD|tag=SCOREBOARD|scout=STRIP: LSG 0-0 (0.0) | Aiden Markram 0(0) | Mitchell Marsh 0(0) | Sunil Narine 0-0 (0.0)|action=The camera shows a close-up of a player wearing a blue jersey and a brown helmet, likely Aiden Markr|ext_score=None-None(None)|ext_bat=Aiden Markram 0(0) | Mitchell Marsh 0(0)|ext_bowl=Sunil Narine 0-0 (0.0)|scorer_changes=[]|yolo=0|BEFORE_score=None-None(None)|BEFORE_bat1=Aiden Markram 0(0)|BEFORE_bat2=Mitchell Marsh 0(0)|BEFORE_bowl=Sunil Narine 0-0 (0.0)|BEFORE_this_over=[]|AFTER_score=None-None(None)|AFTER_bat1=Aiden Markram 0(0)|AFTER_bat2=Mitchell Marsh 0(0)|AFTER_bowl=Sunil Narine 0-0 (0.0)|AFTER_this_over=[]|AFTER_this_over_src=|AFTER_striker=—|AFTER_non_striker=Mitchell Marsh|AFTER_run_rate=—|AFTER_target=—|AFTER_innings=1|AFTER_partnership=—|AFTER_fow_count=0|AFTER_field=spin_powerplay frozen=True fielders=['slip_1', 'point', 'cover', 'mid_off', 'mid_on', 'midwicket', 'square_leg', 'short_leg', 'fine_leg']|ball_event=—|ball_event_runs=—|ball_event_over=—|ball_event_extra=—|ball_event_free_hit=—|broadcast_extra=—|dismissal_mode=—|striker_this_ball=—|delivery_length=—|delivery_line=—|delivery_angle=—|delivery_shot=—|delivery_direction=—|delivery_elevation=—|delivery_bounce=—|delivery_dets=0|delivery_method=—|delivery_snap_dets=—|delivery_3layer_dets=—|delivery_det_rate=—|delivery_dir_zone=—|delivery_dir_conf=0|delivery_shot_action=—|delivery_shot_intent=—|delivery_swing=—|delivery_speed_vlm=—|delivery_vlm_conf=—|delivery_vlm_ms=—|speed_kph=—|venue=—|batting_team=Lucknow Super Giants|match_info=—|completed_over=—|completed_over_runs=—|drs_state=NONE|corrections=none|lat_vision=735|lat_extract=1198|lat_scorer=812|lat_field=48|lat_comm=0|lat_code=0|lat_total=2755|comm_bowler=Sunil Narine|comm_wire=—|comm_storyteller=—|comm_analyst=—|comm_colour=—|comm_wire_ms=0|comm_story_ms=0|comm_analyst_ms=0|comm_colour_ms=0[0m
[37m[21:16:52 F34 TEST] INFO: [WS] client disconnected (2 remain)[0m
[37m[21:16:54 F35 TEST] INFO: [F35] No-strip skip #1 (lifetime=17)[0m
[37m[21:16:54 F35 TEST] INFO:   [WS-PROJECTION-FALLBACK] non_striker='Mitchell Marsh' surfaced from sb._inn (SM-null, in active_batting)[0m
[33m[21:16:54 F35 TEST] WARN: [WS-COLD-START-GATE] OPEN (timeout) — 90s elapsed since first broadcast attempt without first committed non-zero state.  Releasing gate to avoid UI hang (Fix 17 Path D).[0m
[37m[21:16:56 F37 TEST] INFO: [WS] client connected (3 total)[0m
[37m[21:16:56 F37 VISION] INFO: [SCOUT] ADVERTISEMENT 784ms strip=False overlay=False drs=False cam=ad phase=advertisement digits=False 158 chars[0m
[37m[21:16:56 F37 TEST] INFO: [F37] AD 787ms (#1)[0m
[37m[21:16:56 F37 TEST] INFO:   [WS-PROJECTION-FALLBACK] non_striker='Mitchell Marsh' surfaced from sb._inn (SM-null, in active_batting)[0m
[37m[21:16:56 F37 TEST] INFO: [WS] client disconnected (2 remain)[0m
[37m[21:16:59 F37 ENRICH] INFO: Pass-2 (verify) complete in 99384ms (41/50 known)[0m
[37m[21:16:59 F37 ENRICH] INFO: Pass-2 corrected 2 players vs pass-1[0m
[37m[21:16:59 F37 ENRICH] INFO: Saved styles to player_styles_242f360951fc.json[0m
[37m[21:16:59 F37 ENRICH] INFO: [pass2-bg] Lucknow Super Giants — styles:[0m
[37m[21:16:59 F37 ENRICH] INFO: [pass2-bg]   Aiden Markram            RHB  | Right-arm off spin[0m
[37m[21:16:59 F37 ENRICH] INFO: [pass2-bg]   Mitchell Marsh           RHB  | Right-arm medium[0m
[37m[21:16:59 F37 ENRICH] INFO: [pass2-bg]   Rishabh Pant             LHB  | None[0m
[37m[21:16:59 F37 ENRICH] INFO: [pass2-bg]   Nicholas Pooran          LHB  | None[0m
[37m[21:16:59 F37 ENRICH] INFO: [pass2-bg]   Ayush Badoni             LHB  | Right-arm medium[0m
[37m[21:16:59 F37 ENRICH] INFO: [pass2-bg]   Mukul Choudhary          RHB  | None[0m
[37m[21:16:59 F37 ENRICH] INFO: [pass2-bg]   George Linde             LHB  | Slow left-arm orthodox[0m
[37m[21:16:59 F37 ENRICH] INFO: [pass2-bg]   Mohammed Shami           RHB  | Right-arm fast[0m
[37m[21:16:59 F37 ENRICH] INFO: [pass2-bg]   Prince Yadav             RHB  | Right-arm medium-fast[0m
[37m[21:16:59 F37 ENRICH] INFO: [pass2-bg]   Digvesh Singh Rathi      unknown | unknown[0m
[37m[21:16:59 F37 ENRICH] INFO: [pass2-bg]   Mohsin Khan              RHB  | Left-arm fast[0m
[37m[21:16:59 F37 ENRICH] INFO: [pass2-bg] Kolkata Knight Riders — styles:[0m
[37m[21:16:59 F37 ENRICH] INFO: [pass2-bg]   Ajinkya Rahane           RHB  | Right-arm medium[0m
[37m[21:16:59 F37 ENRICH] INFO: [pass2-bg]   Tim Seifert              RHB  | None[0m
[37m[21:16:59 F37 ENRICH] INFO: [pass2-bg]   Cameron Green            RHB  | Right-arm fast-medium[0m
[37m[21:16:59 F37 ENRICH] INFO: [pass2-bg]   Angkrish Raghuvanshi     LHB  | Right-arm off spin[0m
[37m[21:16:59 F37 ENRICH] INFO: [pass2-bg]   Rovman Powell            RHB  | Right-arm medium-fast[0m
[37m[21:16:59 F37 ENRICH] INFO: [pass2-bg]   Rinku Singh              LHB  | None[0m
[37m[21:16:59 F37 ENRICH] INFO: [pass2-bg]   Sunil Narine             LHB  | Right-arm off spin[0m
[37m[21:16:59 F37 ENRICH] INFO: [pass2-bg]   Ramandeep Singh          RHB  | Right-arm medium[0m
[37m[21:16:59 F37 ENRICH] INFO: [pass2-bg]   Anukul Roy               LHB  | Slow left-arm orthodox[0m
[37m[21:16:59 F37 ENRICH] INFO: [pass2-bg]   Vaibhav Arora            RHB  | Right-arm fast-medium[0m
[37m[21:16:59 F37 ENRICH] INFO: [pass2-bg]   Kartik Tyagi             RHB  | Right-arm fast[0m
[37m[21:16:59 F37 BOARD] INFO: [STYLES-PATCH] Updated 50 card slots from background Pass-2 enrichment (50 players)[0m
[37m[21:16:59 F37 TEST] INFO: [WS] client connected (3 total)[0m
[37m[21:17:01 F37 TEST] INFO: [WS] client connected (4 total)[0m
[37m[21:17:03 F37 TEST] INFO: [WS] client disconnected (3 remain)[0m
[37m[21:17:05 F38 TEST] INFO: [WS] client disconnected (2 remain)[0m
[37m[21:17:05 F38 VISION] INFO: [SCOUT] SCOREBOARD 774ms strip=True overlay=False drs=False cam=closeup phase=between_play digits=True 304 chars[0m
[37m[21:17:05 F38 TEST] INFO: 
=======================================================[0m
[37m[21:17:05 F38 TEST] INFO: [F38] SCOREBOARD — #17[0m
[37m[21:17:05 F38 TEST] INFO:   [V 777ms] STRIP: KKR 149-7 (19.4) | Narine 77(49) | Rinku 4(6) | Digvesh 0-40 (3.4)[0m
[37m[21:17:06 F38 EXTRACT] INFO: Extracted in 1.1s (llama-4-scout-17b-16e-instruct)[0m
[37m[21:17:06 F38 TEST] INFO:   [GUARD] Visible team 'Kolkata Knight Riders' is bowling team — comparison strip, ALL data stripped (1/30)[0m
[37m[21:17:06 F38 TEST] INFO:   [E 1143ms] visible_team=Kolkata Knight Riders score=None-None (None) target=None rr=None[0m
[37m[21:17:07 F38 SCORER] INFO: Scored in 0.9s (llama-4-scout-17b-16e-instruct)[0m
[37m[21:17:07 F38 TEST] INFO:   [S] Hint: Current batters: Aiden Markram and Mitchell Marsh. Bowler: Sunil Narine[0m
[37m[21:17:07 F38 TEST] INFO:   [S 884ms] Changes: ['FRAME_POISONED:149'][0m
[37m[21:17:07 F38 TEST] INFO:   Total: 2804ms (V:777 E:1143 S:884)[0m
[37m[21:17:07 F38 TEST] INFO:   STATE: Lucknow Super Giants None-None (None) inn=1 RR=— | Bat: Aiden Markram(0) Mitchell Marsh(0) | Bowl: Sunil Narine 0-0[0m
[37m[21:17:07 F38 TEST] INFO:   [WS-PROJECTION-FALLBACK] non_striker='Mitchell Marsh' surfaced from sb._inn (SM-null, in active_batting)[0m
[37m[21:17:07 F38 TEST] INFO:   [ACTION] The camera shows a close-up of a player, likely during a break in play.[0m
[37m[21:17:07 F38 TEST] INFO: DETAIL|F38|SCOREBOARD|tag=SCOREBOARD|scout=STRIP: KKR 149-7 (19.4) | Narine 77(49) | Rinku 4(6) | Digvesh 0-40 (3.4)|action=The camera shows a close-up of a player, likely during a break in play.|ext_score=None-None(None)|ext_bat=|ext_bowl=|scorer_changes=['FRAME_POISONED:149']|yolo=0|BEFORE_score=None-None(None)|BEFORE_bat1=Aiden Markram 0(0)|BEFORE_bat2=Mitchell Marsh 0(0)|BEFORE_bowl=Sunil Narine 0-0 (0.0)|BEFORE_this_over=[]|AFTER_score=None-None(None)|AFTER_bat1=Aiden Markram 0(0)|AFTER_bat2=Mitchell Marsh 0(0)|AFTER_bowl=Sunil Narine 0-0 (0.0)|AFTER_this_over=[]|AFTER_this_over_src=|AFTER_striker=—|AFTER_non_striker=Mitchell Marsh|AFTER_run_rate=—|AFTER_target=—|AFTER_innings=1|AFTER_partnership=—|AFTER_fow_count=0|AFTER_field=spin_powerplay frozen=True fielders=['slip_1', 'point', 'cover', 'mid_off', 'mid_on', 'midwicket', 'square_leg', 'short_leg', 'fine_leg']|ball_event=—|ball_event_runs=—|ball_event_over=—|ball_event_extra=—|ball_event_free_hit=—|broadcast_extra=—|dismissal_mode=—|striker_this_ball=—|delivery_length=—|delivery_line=—|delivery_angle=—|delivery_shot=—|delivery_direction=—|delivery_elevation=—|delivery_bounce=—|delivery_dets=0|delivery_method=—|delivery_snap_dets=—|delivery_3layer_dets=—|delivery_det_rate=—|delivery_dir_zone=—|delivery_dir_conf=0|delivery_shot_action=—|delivery_shot_intent=—|delivery_swing=—|delivery_speed_vlm=—|delivery_vlm_conf=—|delivery_vlm_ms=—|speed_kph=—|venue=—|batting_team=Lucknow Super Giants|match_info=—|completed_over=—|completed_over_runs=—|drs_state=NONE|corrections=none|lat_vision=777|lat_extract=1143|lat_scorer=884|lat_field=48|lat_comm=0|lat_code=0|lat_total=2810|comm_bowler=Sunil Narine|comm_wire=—|comm_storyteller=—|comm_analyst=—|comm_colour=—|comm_wire_ms=0|comm_story_ms=0|comm_analyst_ms=0|comm_colour_ms=0[0m
[37m[21:17:09 F38 TEST] INFO: [WS] client connected (3 total)[0m
[37m[21:17:10 F39 VISION] INFO: [SCOUT] SCOREBOARD 785ms strip=True overlay=False drs=False cam=closeup phase=between_play digits=True 343 chars[0m
[37m[21:17:10 F39 TEST] INFO: 
=======================================================[0m
[37m[21:17:10 F39 TEST] INFO: [F39] SCOREBOARD — #18[0m
[37m[21:17:10 F39 TEST] INFO:   [V 788ms] STRIP: KKR 149-7 (19.4) | NARINE 77(49) | RINKU 4(6) | DIGVESH 0-40 (3.4)[0m
[37m[21:17:11 F39 EXTRACT] INFO: Extracted in 1.1s (llama-4-scout-17b-16e-instruct)[0m
[37m[21:17:11 F39 TEST] INFO:   [GUARD] Visible team 'Kolkata Knight Riders' is bowling team — comparison strip, ALL data stripped (2/30)[0m
[37m[21:17:11 F39 TEST] INFO:   [E 1099ms] visible_team=Kolkata Knight Riders score=None-None (None) target=None rr=None[0m
[37m[21:17:12 F39 SCORER] INFO: Scored in 0.7s (llama-4-scout-17b-16e-instruct)[0m
[37m[21:17:12 F39 TEST] INFO:   [S] Hint: Current batters: Aiden Markram and Mitchell Marsh. Bowler: Sunil Narine[0m
[37m[21:17:12 F39 TEST] INFO:   [S 673ms] Changes: ['FRAME_POISONED:149'][0m
[37m[21:17:12 F39 TEST] INFO:   Total: 2560ms (V:788 E:1099 S:673)[0m
[37m[21:17:12 F39 TEST] INFO:   STATE: Lucknow Super Giants None-None (None) inn=1 RR=— | Bat: Aiden Markram(0) Mitchell Marsh(0) | Bowl: Sunil Narine 0-0[0m
[37m[21:17:12 F39 TEST] INFO:   [WS-PROJECTION-FALLBACK] non_striker='Mitchell Marsh' surfaced from sb._inn (SM-null, in active_batting)[0m
[37m[21:17:12 F39 TEST] INFO:   [ACTION] The camera shows a close-up of a Kolkata Knight Riders player wearing a helmet, [0m
[37m[21:17:12 F39 TEST] INFO:   [FIELD-MONITOR] Field unchanged for 30 frames (template=spin_powerplay, frozen=True, phase=powerplay). If a wicket / over / bowler change has happened in this window, the field-state updater is the bug.[0m
[37m[21:17:12 F39 TEST] INFO: DETAIL|F39|SCOREBOARD|tag=SCOREBOARD|scout=STRIP: KKR 149-7 (19.4) | NARINE 77(49) | RINKU 4(6) | DIGVESH 0-40 (3.4)|action=The camera shows a close-up of a Kolkata Knight Riders player wearing a helmet, likely during a brea|ext_score=None-None(None)|ext_bat=|ext_bowl=|scorer_changes=['FRAME_POISONED:149']|yolo=0|BEFORE_score=None-None(None)|BEFORE_bat1=Aiden Markram 0(0)|BEFORE_bat2=Mitchell Marsh 0(0)|BEFORE_bowl=Sunil Narine 0-0 (0.0)|BEFORE_this_over=[]|AFTER_score=None-None(None)|AFTER_bat1=Aiden Markram 0(0)|AFTER_bat2=Mitchell Marsh 0(0)|AFTER_bowl=Sunil Narine 0-0 (0.0)|AFTER_this_over=[]|AFTER_this_over_src=|AFTER_striker=—|AFTER_non_striker=Mitchell Marsh|AFTER_run_rate=—|AFTER_target=—|AFTER_innings=1|AFTER_partnership=—|AFTER_fow_count=0|AFTER_field=spin_powerplay frozen=True fielders=['slip_1', 'point', 'cover', 'mid_off', 'mid_on', 'midwicket', 'square_leg', 'short_leg', 'fine_leg']|ball_event=—|ball_event_runs=—|ball_event_over=—|ball_event_extra=—|ball_event_free_hit=—|broadcast_extra=—|dismissal_mode=—|striker_this_ball=—|delivery_length=—|delivery_line=—|delivery_angle=—|delivery_shot=—|delivery_direction=—|delivery_elevation=—|delivery_bounce=—|delivery_dets=0|delivery_method=—|delivery_snap_dets=—|delivery_3layer_dets=—|delivery_det_rate=—|delivery_dir_zone=—|delivery_dir_conf=0|delivery_shot_action=—|delivery_shot_intent=—|delivery_swing=—|delivery_speed_vlm=—|delivery_vlm_conf=—|delivery_vlm_ms=—|speed_kph=—|venue=—|batting_team=Lucknow Super Giants|match_info=—|completed_over=—|completed_over_runs=—|drs_state=NONE|corrections=none|lat_vision=788|lat_extract=1099|lat_scorer=673|lat_field=48|lat_comm=0|lat_code=0|lat_total=2565|comm_bowler=Sunil Narine|comm_wire=—|comm_storyteller=—|comm_analyst=—|comm_colour=—|comm_wire_ms=0|comm_story_ms=0|comm_analyst_ms=0|comm_colour_ms=0[0m
[37m[21:17:12 F39 TEST] INFO: [WS] client disconnected (2 remain)[0m
[37m[21:17:15 F40 VISION] INFO: [SCOUT] SCOREBOARD 772ms strip=True overlay=False drs=False cam=bowlers_end phase=between_play digits=True 344 chars[0m
[37m[21:17:15 F40 TEST] INFO: 
=======================================================[0m
[37m[21:17:15 F40 TEST] INFO: [F40] SCOREBOARD — #19[0m
[37m[21:17:15 F40 TEST] INFO:   [V 775ms] STRIP: KKR 149-7 (19.4) | Narine 77(49) | Rinku 4(6) | Digvesh 0-40 (3.4)[0m
[37m[21:17:16 F40 EXTRACT] INFO: Extracted in 0.8s (llama-4-scout-17b-16e-instruct)[0m
[37m[21:17:16 F40 TEST] INFO:   [GUARD] Visible team 'Kolkata Knight Riders' is bowling team — comparison strip, ALL data stripped (3/30)[0m
[37m[21:17:16 F40 TEST] INFO:   [E 849ms] visible_team=Kolkata Knight Riders score=None-None (None) target=None rr=None[0m
[37m[21:17:16 F40 TEST] INFO: [WS] client connected (3 total)[0m
[37m[21:17:16 F40 SCORER] INFO: Scored in 0.8s (llama-4-scout-17b-16e-instruct)[0m
[37m[21:17:16 F40 TEST] INFO:   [S] Hint: Current batters: Aiden Markram and Mitchell Marsh. Bowler: Sunil Narine[0m
[37m[21:17:16 F40 TEST] INFO:   [S 787ms] Changes: ['FRAME_POISONED:149'][0m
[37m[21:17:16 F40 TEST] INFO:   Total: 2410ms (V:775 E:849 S:787)[0m
[37m[21:17:16 F40 TEST] INFO:   STATE: Lucknow Super Giants None-None (None) inn=1 RR=— | Bat: Aiden Markram(0) Mitchell Marsh(0) | Bowl: Sunil Narine 0-0[0m
[37m[21:17:16 F40 TEST] INFO:   [WS-PROJECTION-FALLBACK] non_striker='Mitchell Marsh' surfaced from sb._inn (SM-null, in active_batting)[0m
[37m[21:17:16 F40 TEST] INFO:   [ACTION] The players are preparing for the next delivery, with the bowler and fielders fo[0m
[37m[21:17:16 F40 TEST] INFO: DETAIL|F40|SCOREBOARD|tag=SCOREBOARD|scout=STRIP: KKR 149-7 (19.4) | Narine 77(49) | Rinku 4(6) | Digvesh 0-40 (3.4)|action=The players are preparing for the next delivery, with the bowler and fielders focused on the upcomin|ext_score=None-None(None)|ext_bat=|ext_bowl=|scorer_changes=['FRAME_POISONED:149']|yolo=0|BEFORE_score=None-None(None)|BEFORE_bat1=Aiden Markram 0(0)|BEFORE_bat2=Mitchell Marsh 0(0)|BEFORE_bowl=Sunil Narine 0-0 (0.0)|BEFORE_this_over=[]|AFTER_score=None-None(None)|AFTER_bat1=Aiden Markram 0(0)|AFTER_bat2=Mitchell Marsh 0(0)|AFTER_bowl=Sunil Narine 0-0 (0.0)|AFTER_this_over=[]|AFTER_this_over_src=|AFTER_striker=—|AFTER_non_striker=Mitchell Marsh|AFTER_run_rate=—|AFTER_target=—|AFTER_innings=1|AFTER_partnership=—|AFTER_fow_count=0|AFTER_field=spin_powerplay frozen=True fielders=['slip_1', 'point', 'cover', 'mid_off', 'mid_on', 'midwicket', 'square_leg', 'short_leg', 'fine_leg']|ball_event=—|ball_event_runs=—|ball_event_over=—|ball_event_extra=—|ball_event_free_hit=—|broadcast_extra=—|dismissal_mode=—|striker_this_ball=—|delivery_length=—|delivery_line=—|delivery_angle=—|delivery_shot=—|delivery_direction=—|delivery_elevation=—|delivery_bounce=—|delivery_dets=0|delivery_method=—|delivery_snap_dets=—|delivery_3layer_dets=—|delivery_det_rate=—|delivery_dir_zone=—|delivery_dir_conf=0|delivery_shot_action=—|delivery_shot_intent=—|delivery_swing=—|delivery_speed_vlm=—|delivery_vlm_conf=—|delivery_vlm_ms=—|speed_kph=—|venue=—|batting_team=Lucknow Super Giants|match_info=—|completed_over=—|completed_over_runs=—|drs_state=NONE|corrections=none|lat_vision=775|lat_extract=849|lat_scorer=787|lat_field=48|lat_comm=0|lat_code=0|lat_total=2416|comm_bowler=Sunil Narine|comm_wire=—|comm_storyteller=—|comm_analyst=—|comm_colour=—|comm_wire_ms=0|comm_story_ms=0|comm_analyst_ms=0|comm_colour_ms=0[0m
[37m[21:17:16 F40 TEST] INFO: [WS] client disconnected (2 remain)[0m
[37m[21:17:19 F41 VISION] INFO: [SCOUT] SCOREBOARD 665ms strip=True overlay=False drs=False cam=closeup phase=between_play digits=True 303 chars[0m
[37m[21:17:19 F41 TEST] INFO: 
=======================================================[0m
[37m[21:17:19 F41 TEST] INFO: [F41] SCOREBOARD — #20[0m
[37m[21:17:19 F41 TEST] INFO:   [V 668ms] STRIP: KKR 149-7 (19.4) | Narine 77(49) | Rinku 4(6) | Digvesh 0-40 (3.4)[0m
[37m[21:17:20 F41 EXTRACT] INFO: Extracted in 0.6s (llama-4-scout-17b-16e-instruct)[0m
[37m[21:17:20 F41 TEST] INFO:   [GUARD] Visible team 'Kolkata Knight Riders' is bowling team — comparison strip, ALL data stripped (4/30)[0m
[37m[21:17:20 F41 TEST] INFO:   [E 646ms] visible_team=Kolkata Knight Riders score=None-None (None) target=None rr=None[0m
[37m[21:17:20 F41 TEST] INFO: [WS] client connected (3 total)[0m
[37m[21:17:20 F41 SCORER] INFO: Scored in 0.7s (llama-4-scout-17b-16e-instruct)[0m
[37m[21:17:20 F41 TEST] INFO:   [S] Hint: Current batters: Aiden Markram and Mitchell Marsh. Bowler: Sunil Narine. Read their stats from the scoreboard.[0m
[37m[21:17:20 F41 TEST] INFO:   [S 681ms] Changes: ['FRAME_POISONED:149'][0m
[37m[21:17:20 F41 TEST] INFO:   Total: 1995ms (V:668 E:646 S:681)[0m
[37m[21:17:20 F41 TEST] INFO:   STATE: Lucknow Super Giants None-None (None) inn=1 RR=— | Bat: Aiden Markram(0) Mitchell Marsh(0) | Bowl: Sunil Narine 0-0[0m
[37m[21:17:20 F41 TEST] INFO:   [WS-PROJECTION-FALLBACK] non_striker='Mitchell Marsh' surfaced from sb._inn (SM-null, in active_batting)[0m
[37m[21:17:20 F41 TEST] INFO:   [ACTION] A woman in a red jersey is cheering with her arm raised in the stands.[0m
[37m[21:17:20 F41 TEST] INFO: DETAIL|F41|SCOREBOARD|tag=SCOREBOARD|scout=STRIP: KKR 149-7 (19.4) | Narine 77(49) | Rinku 4(6) | Digvesh 0-40 (3.4)|action=A woman in a red jersey is cheering with her arm raised in the stands.|ext_score=None-None(None)|ext_bat=|ext_bowl=|scorer_changes=['FRAME_POISONED:149']|yolo=0|BEFORE_score=None-None(None)|BEFORE_bat1=Aiden Markram 0(0)|BEFORE_bat2=Mitchell Marsh 0(0)|BEFORE_bowl=Sunil Narine 0-0 (0.0)|BEFORE_this_over=[]|AFTER_score=None-None(None)|AFTER_bat1=Aiden Markram 0(0)|AFTER_bat2=Mitchell Marsh 0(0)|AFTER_bowl=Sunil Narine 0-0 (0.0)|AFTER_this_over=[]|AFTER_this_over_src=|AFTER_striker=—|AFTER_non_striker=Mitchell Marsh|AFTER_run_rate=—|AFTER_target=—|AFTER_innings=1|AFTER_partnership=—|AFTER_fow_count=0|AFTER_field=spin_powerplay frozen=True fielders=['slip_1', 'point', 'cover', 'mid_off', 'mid_on', 'midwicket', 'square_leg', 'short_leg', 'fine_leg']|ball_event=—|ball_event_runs=—|ball_event_over=—|ball_event_extra=—|ball_event_free_hit=—|broadcast_extra=—|dismissal_mode=—|striker_this_ball=—|delivery_length=—|delivery_line=—|delivery_angle=—|delivery_shot=—|delivery_direction=—|delivery_elevation=—|delivery_bounce=—|delivery_dets=0|delivery_method=—|delivery_snap_dets=—|delivery_3layer_dets=—|delivery_det_rate=—|delivery_dir_zone=—|delivery_dir_conf=0|delivery_shot_action=—|delivery_shot_intent=—|delivery_swing=—|delivery_speed_vlm=—|delivery_vlm_conf=—|delivery_vlm_ms=—|speed_kph=—|venue=—|batting_team=Lucknow Super Giants|match_info=—|completed_over=—|completed_over_runs=—|drs_state=NONE|corrections=none|lat_vision=668|lat_extract=646|lat_scorer=681|lat_field=49|lat_comm=0|lat_code=0|lat_total=2000|comm_bowler=Sunil Narine|comm_wire=—|comm_storyteller=—|comm_analyst=—|comm_colour=—|comm_wire_ms=0|comm_story_ms=0|comm_analyst_ms=0|comm_colour_ms=0[0m
[37m[21:17:20 F41 TEST] INFO: [WS] client disconnected (2 remain)[0m
[37m[21:17:23 F42 VISION] INFO: [SCOUT] SCOREBOARD 648ms strip=True overlay=False drs=False cam=closeup phase=between_play digits=True 302 chars[0m
[37m[21:17:23 F42 TEST] INFO: 
=======================================================[0m
[37m[21:17:23 F42 TEST] INFO: [F42] SCOREBOARD — #21[0m
[37m[21:17:23 F42 TEST] INFO:   [V 651ms] STRIP: LSG 137-0 (11.5) | Aiden Markram 11(8) | Mitchell Marsh 26(17) | Sunil Narine 1-29 (3.5)[0m
[37m[21:17:23 F42 TEST] INFO: [WS] client connected (3 total)[0m
[37m[21:17:24 F42 EXTRACT] INFO: Extracted in 1.1s (llama-4-scout-17b-16e-instruct)[0m
[37m[21:17:24 F42 TEST] INFO:   [E 1063ms] visible_team=Lucknow Super Giants score=137-0 (11.5) target=None rr=None[0m
[37m[21:17:24 F42 TEST] INFO:     BAT: Aiden Markram 11(8) [0m
[37m[21:17:24 F42 TEST] INFO:     BAT: Mitchell Marsh 26(17) [0m
[37m[21:17:24 F42 TEST] INFO:     BOWL: Sunil Narine 1-29 (3.5)[0m
[37m[21:17:24 F42 TRACK] INFO: bowl:Sunil Narine:wickets: 0 → 1 (fast-confirm, natural bowler increment F42)[0m
[37m[21:17:24 F42 BOARD] INFO: Sunil Narine: 0/0 (0.0) -> 1/0 (0.0) [F42][0m
[37m[21:17:24 F42 TRACK] INFO: [SUSPICIOUS] bat:Aiden Markram:runs: 0→11 while balls=0 — deferring to consensus (comparison-overlay protection)[0m
[37m[21:17:24 F42 TEST] INFO:   [STRIKER-WRITE] test_pipeline.py:6812 (run_test): non_striker Mitchell Marsh->Aiden Markram[0m
[37m[21:17:24 F42 TRACK] INFO: [SUSPICIOUS] bat:Mitchell Marsh:runs: 0→26 while balls=0 — deferring to consensus (comparison-overlay protection)[0m
[37m[21:17:24 F42 TEST] INFO:   [STRIKER-WRITE] test_pipeline.py:6812 (run_test): non_striker Aiden Markram->Mitchell Marsh[0m
[37m[21:17:24 F42 TEST] INFO:   [DIRECT] Batter updates: ['Aiden Markram: ext=11(8) → tracker=0(0) [was 0(0)]', 'Mitchell Marsh: ext=26(17) → tracker=0(0) [was 0(0)]'][0m
[37m[21:17:24 F42 TRACK] INFO: score: initial proposal flipped 0 → 137 — resetting consensus to 1/3[0m
[37m[21:17:24 F42 TRACK] INFO: overs: initial proposal flipped 0.0 → 11.5 — resetting consensus to 1/3[0m
[37m[21:17:24 F42 TRACK] INFO: wickets: initial → 0 (cold-start consensus 3/3)[0m
[37m[21:17:24 F42 BOARD] INFO: wickets: None -> 0 [F42][0m
[37m[21:17:24 F42 TEST] INFO:   [DIRECT] wickets→0[0m
[37m[21:17:24 F42 TEST] INFO: [WS] client connected (4 total)[0m
[37m[21:17:25 F42 SCORER] INFO: Scored in 0.9s (llama-4-scout-17b-16e-instruct)[0m
[37m[21:17:25 F42 TEST] INFO:   [S] Hint: Current batters: MARKRAM and MARSH. Bowler: NARINE. Read their stats from the scoreboard.[0m
[37m[21:17:25 F42 TEST] INFO:   [GUARD] Score correction in Scorer output: 0→137 (delta=137) — blocking ALL updates for this frame[0m
[37m[21:17:25 F42 TEST] INFO:   [CONSENSUS] Score 137 frame 1/2, waiting[0m
[37m[21:17:25 F42 TEST] INFO:   [S 851ms] Changes: ['CORRECTION_BLOCKED:137'][0m
[37m[21:17:25 F42 TEST] INFO:   Total: 2565ms (V:651 E:1063 S:851)[0m
[37m[21:17:25 F42 TEST] INFO:   STATE: Lucknow Super Giants None-0 (None) inn=1 RR=— | Bat: Aiden Markram(0) Mitchell Marsh(0) | Bowl: Sunil Narine 1-0[0m
[37m[21:17:25 F42 TEST] INFO:   [WS-PROJECTION-FALLBACK] non_striker='Mitchell Marsh' surfaced from sb._inn (SM-null, in active_batting)[0m
[37m[21:17:25 F42 TEST] INFO:   [ACTION] The crowd is celebrating a six hit by a batter.[0m
[37m[21:17:25 F42 TEST] INFO: DETAIL|F42|SCOREBOARD|tag=SCOREBOARD|scout=STRIP: LSG 137-0 (11.5) | Aiden Markram 11(8) | Mitchell Marsh 26(17) | Sunil Narine 1-29 (3.5)|action=The crowd is celebrating a six hit by a batter.|ext_score=137-0(11.5)|ext_bat=Aiden Markram 11(8) | Mitchell Marsh 26(17)|ext_bowl=Sunil Narine 1-29 (3.5)|scorer_changes=['CORRECTION_BLOCKED:137']|yolo=2|BEFORE_score=None-None(None)|BEFORE_bat1=Aiden Markram 0(0)|BEFORE_bat2=Mitchell Marsh 0(0)|BEFORE_bowl=Sunil Narine 0-0 (0.0)|BEFORE_this_over=[]|AFTER_score=None-0(None)|AFTER_bat1=Aiden Markram 0(0)|AFTER_bat2=Mitchell Marsh 0(0)|AFTER_bowl=Sunil Narine 1-0 (0.0)|AFTER_this_over=[]|AFTER_this_over_src=|AFTER_striker=—|AFTER_non_striker=Mitchell Marsh|AFTER_run_rate=—|AFTER_target=—|AFTER_innings=1|AFTER_partnership=—|AFTER_fow_count=0|AFTER_field=spin_powerplay frozen=True fielders=['slip_1', 'point', 'cover', 'mid_off', 'mid_on', 'midwicket', 'square_leg', 'short_leg', 'fine_leg']|ball_event=—|ball_event_runs=—|ball_event_over=—|ball_event_extra=—|ball_event_free_hit=—|broadcast_extra=—|dismissal_mode=—|striker_this_ball=—|delivery_length=—|delivery_line=—|delivery_angle=—|delivery_shot=—|delivery_direction=—|delivery_elevation=—|delivery_bounce=—|delivery_dets=0|delivery_method=—|delivery_snap_dets=—|delivery_3layer_dets=—|delivery_det_rate=—|delivery_dir_zone=—|delivery_dir_conf=0|delivery_shot_action=—|delivery_shot_intent=—|delivery_swing=—|delivery_speed_vlm=—|delivery_vlm_conf=—|delivery_vlm_ms=—|speed_kph=—|venue=—|batting_team=Lucknow Super Giants|match_info=—|completed_over=—|completed_over_runs=—|drs_state=NONE|corrections=none|lat_vision=651|lat_extract=1063|lat_scorer=851|lat_field=44|lat_comm=0|lat_code=0|lat_total=2576|comm_bowler=Sunil Narine|comm_wire=—|comm_storyteller=—|comm_analyst=—|comm_colour=—|comm_wire_ms=0|comm_story_ms=0|comm_analyst_ms=0|comm_colour_ms=0[0m
[37m[21:17:25 F42 TEST] INFO: [WS] client disconnected (3 remain)[0m
[37m[21:17:25 F42 TEST] INFO: [WS] client disconnected (2 remain)[0m
[37m[21:17:28 F43 VISION] INFO: [SCOUT] SCOREBOARD 628ms strip=True overlay=False drs=False cam=closeup phase=between_play digits=True 306 chars[0m
[37m[21:17:28 F43 TEST] INFO: 
=======================================================[0m
[37m[21:17:28 F43 TEST] INFO: [F43] SCOREBOARD — #22[0m
[37m[21:17:28 F43 TEST] INFO:   [V 631ms] STRIP: KKR 155-7 (19.5) | Narine 4(6) | Rinku 83(50) | Digvesh 0-46 (3.5)[0m
[37m[21:17:29 F43 EXTRACT] INFO: Extracted in 1.0s (llama-4-scout-17b-16e-instruct)[0m
[37m[21:17:29 F43 TEST] INFO:   [GUARD] Visible team 'Kolkata Knight Riders' is bowling team — comparison strip, ALL data stripped (1/30)[0m
[37m[21:17:29 F43 TEST] INFO:   [E 1022ms] visible_team=Kolkata Knight Riders score=None-None (None) target=None rr=None[0m
[37m[21:17:29 F43 SCORER] INFO: Scored in 0.7s (llama-4-scout-17b-16e-instruct)[0m
[37m[21:17:29 F43 TEST] INFO:   [S] Hint: Current batters: Aiden Markram and Mitchell Marsh. Bowler: Sunil Narine. Read their stats from the scoreboard.[0m
[37m[21:17:29 F43 TEST] INFO:   [S 668ms] Changes: ['FRAME_POISONED:155'][0m
[37m[21:17:29 F43 TEST] INFO:   Total: 2322ms (V:631 E:1022 S:668)[0m
[37m[21:17:29 F43 TEST] INFO:   STATE: Lucknow Super Giants None-0 (None) inn=1 RR=— | Bat: Aiden Markram(0) Mitchell Marsh(0) | Bowl: Sunil Narine 1-0[0m
[37m[21:17:29 F43 TEST] INFO:   [WS-PROJECTION-FALLBACK] non_striker='Mitchell Marsh' surfaced from sb._inn (SM-null, in active_batting)[0m
[37m[21:17:29 F43 TEST] INFO:   [ACTION] The crowd is celebrating a moment in the game, likely a six hit by Rinku.[0m
[37m[21:17:29 F43 FIELD] INFO: [F43] IC-behind_keeper_off pushed back — defensive[0m
[37m[21:17:29 F43 FIELD] INFO: [F43] OC-deep_backward_point moved to OC-deep_point[0m
[37m[21:17:29 F43 TEST] INFO: DETAIL|F43|SCOREBOARD|tag=SCOREBOARD|scout=STRIP: KKR 155-7 (19.5) | Narine 4(6) | Rinku 83(50) | Digvesh 0-46 (3.5)|action=The crowd is celebrating a moment in the game, likely a six hit by Rinku.|ext_score=None-None(None)|ext_bat=|ext_bowl=|scorer_changes=['FRAME_POISONED:155']|yolo=3|BEFORE_score=None-0(None)|BEFORE_bat1=Aiden Markram 0(0)|BEFORE_bat2=Mitchell Marsh 0(0)|BEFORE_bowl=Sunil Narine 1-0 (0.0)|BEFORE_this_over=[]|AFTER_score=None-0(None)|AFTER_bat1=Aiden Markram 0(0)|AFTER_bat2=Mitchell Marsh 0(0)|AFTER_bowl=Sunil Narine 1-0 (0.0)|AFTER_this_over=[]|AFTER_this_over_src=|AFTER_striker=—|AFTER_non_striker=Mitchell Marsh|AFTER_run_rate=—|AFTER_target=—|AFTER_innings=1|AFTER_partnership=—|AFTER_fow_count=0|AFTER_field=spin_powerplay frozen=True fielders=['slip_1', 'point', 'cover', 'mid_off', 'mid_on', 'midwicket', 'square_leg', 'short_leg', 'fine_leg']|ball_event=—|ball_event_runs=—|ball_event_over=—|ball_event_extra=—|ball_event_free_hit=—|broadcast_extra=—|dismissal_mode=—|striker_this_ball=—|delivery_length=—|delivery_line=—|delivery_angle=—|delivery_shot=—|delivery_direction=—|delivery_elevation=—|delivery_bounce=—|delivery_dets=0|delivery_method=—|delivery_snap_dets=—|delivery_3layer_dets=—|delivery_det_rate=—|delivery_dir_zone=—|delivery_dir_conf=0|delivery_shot_action=—|delivery_shot_intent=—|delivery_swing=—|delivery_speed_vlm=—|delivery_vlm_conf=—|delivery_vlm_ms=—|speed_kph=—|venue=—|batting_team=Lucknow Super Giants|match_info=—|completed_over=—|completed_over_runs=—|drs_state=NONE|corrections=none|lat_vision=631|lat_extract=1022|lat_scorer=668|lat_field=48|lat_comm=0|lat_code=0|lat_total=2327|comm_bowler=Sunil Narine|comm_wire=—|comm_storyteller=—|comm_analyst=—|comm_colour=—|comm_wire_ms=0|comm_story_ms=0|comm_analyst_ms=0|comm_colour_ms=0[0m
[37m[21:17:30 F43 TEST] INFO: [WS] client connected (3 total)[0m
[37m[21:17:32 F44 VISION] INFO: [SCOUT] SCOREBOARD 861ms strip=True overlay=False drs=False cam=closeup phase=between_play digits=True 255 chars[0m
[37m[21:17:32 F44 TEST] INFO: 
=======================================================[0m
[37m[21:17:32 F44 TEST] INFO: [F44] SCOREBOARD — #23[0m
[37m[21:17:32 F44 TEST] INFO:   [V 864ms] STRIP: KKR 155-7 (19.5) | NARINE 4(6) | RINKU 83(50) | DIGVESH 0-46 (3.5)[0m
[37m[21:17:34 F44 EXTRACT] INFO: Extracted in 1.1s (llama-4-scout-17b-16e-instruct)[0m
[37m[21:17:34 F44 TEST] INFO:   [GUARD] Visible team 'Kolkata Knight Riders' is bowling team — comparison strip, ALL data stripped (2/30)[0m
[37m[21:17:34 F44 TEST] INFO:   [E 1106ms] visible_team=Kolkata Knight Riders score=None-None (None) target=None rr=None[0m
[37m[21:17:34 F44 TEST] INFO: [WS] client disconnected (2 remain)[0m
[37m[21:17:34 F44 SCORER] INFO: Scored in 0.7s (llama-4-scout-17b-16e-instruct)[0m
[37m[21:17:34 F44 TEST] INFO:   [S] Hint: Current batters: Aiden Markram and Mitchell Marsh. Bowler: Sunil Narine. Read their stats from the scoreboard.[0m
[37m[21:17:34 F44 TEST] INFO:   [S 690ms] Changes: ['FRAME_POISONED:155'][0m
[37m[21:17:34 F44 TEST] INFO:   Total: 2660ms (V:864 E:1106 S:690)[0m
[37m[21:17:34 F44 TEST] INFO:   STATE: Lucknow Super Giants None-0 (None) inn=1 RR=— | Bat: Aiden Markram(0) Mitchell Marsh(0) | Bowl: Sunil Narine 1-0[0m
[37m[21:17:34 F44 TEST] INFO:   [WS-PROJECTION-FALLBACK] non_striker='Mitchell Marsh' surfaced from sb._inn (SM-null, in active_batting)[0m
[37m[21:17:34 F44 TEST] INFO:   [ACTION] A KKR fan is cheering.[0m
[37m[21:17:34 F44 TEST] INFO: DETAIL|F44|SCOREBOARD|tag=SCOREBOARD|scout=STRIP: KKR 155-7 (19.5) | NARINE 4(6) | RINKU 83(50) | DIGVESH 0-46 (3.5)|action=A KKR fan is cheering.|ext_score=None-None(None)|ext_bat=|ext_bowl=|scorer_changes=['FRAME_POISONED:155']|yolo=0|BEFORE_score=None-0(None)|BEFORE_bat1=Aiden Markram 0(0)|BEFORE_bat2=Mitchell Marsh 0(0)|BEFORE_bowl=Sunil Narine 1-0 (0.0)|BEFORE_this_over=[]|AFTER_score=None-0(None)|AFTER_bat1=Aiden Markram 0(0)|AFTER_bat2=Mitchell Marsh 0(0)|AFTER_bowl=Sunil Narine 1-0 (0.0)|AFTER_this_over=[]|AFTER_this_over_src=|AFTER_striker=—|AFTER_non_striker=Mitchell Marsh|AFTER_run_rate=—|AFTER_target=—|AFTER_innings=1|AFTER_partnership=—|AFTER_fow_count=0|AFTER_field=spin_powerplay frozen=True fielders=['slip_1', 'point', 'cover', 'mid_off', 'mid_on', 'midwicket', 'square_leg', 'short_leg', 'fine_leg']|ball_event=—|ball_event_runs=—|ball_event_over=—|ball_event_extra=—|ball_event_free_hit=—|broadcast_extra=—|dismissal_mode=—|striker_this_ball=—|delivery_length=—|delivery_line=—|delivery_angle=—|delivery_shot=—|delivery_direction=—|delivery_elevation=—|delivery_bounce=—|delivery_dets=0|delivery_method=—|delivery_snap_dets=—|delivery_3layer_dets=—|delivery_det_rate=—|delivery_dir_zone=—|delivery_dir_conf=0|delivery_shot_action=—|delivery_shot_intent=—|delivery_swing=—|delivery_speed_vlm=—|delivery_vlm_conf=—|delivery_vlm_ms=—|speed_kph=—|venue=—|batting_team=Lucknow Super Giants|match_info=—|completed_over=—|completed_over_runs=—|drs_state=NONE|corrections=none|lat_vision=864|lat_extract=1106|lat_scorer=690|lat_field=44|lat_comm=0|lat_code=0|lat_total=2665|comm_bowler=Sunil Narine|comm_wire=—|comm_storyteller=—|comm_analyst=—|comm_colour=—|comm_wire_ms=0|comm_story_ms=0|comm_analyst_ms=0|comm_colour_ms=0[0m
[37m[21:17:38 F45 VISION] INFO: [SCOUT] SCOREBOARD 1286ms strip=True overlay=False drs=False cam=closeup phase=between_play digits=True 348 chars[0m
[37m[21:17:38 F45 TEST] INFO: 
=======================================================[0m
[37m[21:17:38 F45 TEST] INFO: [F45] SCOREBOARD — #24[0m
[37m[21:17:38 F45 TEST] INFO:   [V 1289ms] STRIP: KKR 155-7 (19.5) | Narine 4(6) | Rinku 83(50) | Digvesh 0-46 (3.5)[0m
[37m[21:17:38 F45 TEST] INFO: [WS] client connected (3 total)[0m
[37m[21:17:39 F45 EXTRACT] INFO: Extracted in 1.0s (llama-4-scout-17b-16e-instruct)[0m
[37m[21:17:39 F45 TEST] INFO:   [GUARD] Visible team 'Kolkata Knight Riders' is bowling team — comparison strip, ALL data stripped (3/30)[0m
[37m[21:17:39 F45 TEST] INFO:   [E 1046ms] visible_team=Kolkata Knight Riders score=None-None (None) target=None rr=None[0m
[37m[21:17:39 F45 SCORER] INFO: Scored in 0.7s (llama-4-scout-17b-16e-instruct)[0m
[37m[21:17:39 F45 TEST] INFO:   [S] Hint: Current batters: Aiden Markram and Mitchell Marsh. Bowler: Sunil Narine. Read their stats from the scoreboard.[0m
[37m[21:17:39 F45 TEST] INFO:   [S 700ms] Changes: ['FRAME_POISONED:155'][0m
[37m[21:17:39 F45 TEST] INFO:   Total: 3035ms (V:1289 E:1046 S:700)[0m
[37m[21:17:39 F45 TEST] INFO:   STATE: Lucknow Super Giants None-0 (None) inn=1 RR=— | Bat: Aiden Markram(0) Mitchell Marsh(0) | Bowl: Sunil Narine 1-0[0m
[37m[21:17:39 F45 TEST] INFO:   [WS-PROJECTION-FALLBACK] non_striker='Mitchell Marsh' surfaced from sb._inn (SM-null, in active_batting)[0m
[37m[21:17:39 F45 TEST] INFO:   [ACTION] The camera shows a close-up of a player wearing a red and blue jersey with a hel[0m
[37m[21:17:39 F45 TEST] INFO: DETAIL|F45|SCOREBOARD|tag=SCOREBOARD|scout=STRIP: KKR 155-7 (19.5) | Narine 4(6) | Rinku 83(50) | Digvesh 0-46 (3.5)|action=The camera shows a close-up of a player wearing a red and blue jersey with a helmet, likely during a|ext_score=None-None(None)|ext_bat=|ext_bowl=|scorer_changes=['FRAME_POISONED:155']|yolo=0|BEFORE_score=None-0(None)|BEFORE_bat1=Aiden Markram 0(0)|BEFORE_bat2=Mitchell Marsh 0(0)|BEFORE_bowl=Sunil Narine 1-0 (0.0)|BEFORE_this_over=[]|AFTER_score=None-0(None)|AFTER_bat1=Aiden Markram 0(0)|AFTER_bat2=Mitchell Marsh 0(0)|AFTER_bowl=Sunil Narine 1-0 (0.0)|AFTER_this_over=[]|AFTER_this_over_src=|AFTER_striker=—|AFTER_non_striker=Mitchell Marsh|AFTER_run_rate=—|AFTER_target=—|AFTER_innings=1|AFTER_partnership=—|AFTER_fow_count=0|AFTER_field=spin_powerplay frozen=True fielders=['slip_1', 'point', 'cover', 'mid_off', 'mid_on', 'midwicket', 'square_leg', 'short_leg', 'fine_leg']|ball_event=—|ball_event_runs=—|ball_event_over=—|ball_event_extra=—|ball_event_free_hit=—|broadcast_extra=—|dismissal_mode=—|striker_this_ball=—|delivery_length=—|delivery_line=—|delivery_angle=—|delivery_shot=—|delivery_direction=—|delivery_elevation=—|delivery_bounce=—|delivery_dets=0|delivery_method=—|delivery_snap_dets=—|delivery_3layer_dets=—|delivery_det_rate=—|delivery_dir_zone=—|delivery_dir_conf=0|delivery_shot_action=—|delivery_shot_intent=—|delivery_swing=—|delivery_speed_vlm=—|delivery_vlm_conf=—|delivery_vlm_ms=—|speed_kph=—|venue=—|batting_team=Lucknow Super Giants|match_info=—|completed_over=—|completed_over_runs=—|drs_state=NONE|corrections=none|lat_vision=1289|lat_extract=1046|lat_scorer=700|lat_field=45|lat_comm=0|lat_code=0|lat_total=3041|comm_bowler=Sunil Narine|comm_wire=—|comm_storyteller=—|comm_analyst=—|comm_colour=—|comm_wire_ms=0|comm_story_ms=0|comm_analyst_ms=0|comm_colour_ms=0[0m
[37m[21:17:39 F45 TEST] INFO: [WS] client disconnected (2 remain)[0m
[37m[21:17:41 F46 TEST] INFO:   [WS-PROJECTION-FALLBACK] non_striker='Mitchell Marsh' surfaced from sb._inn (SM-null, in active_batting)[0m
[37m[21:17:43 F47 VISION] INFO: [SCOUT] SCOREBOARD 633ms strip=True overlay=False drs=False cam=closeup phase=between_play digits=True 326 chars[0m
[37m[21:17:43 F47 TEST] INFO: 
=======================================================[0m
[37m[21:17:43 F47 TEST] INFO: [F47] SCOREBOARD — #25[0m
[37m[21:17:43 F47 TEST] INFO:   [V 636ms] STRIP: KKR 155-7 (19.5) | Narine 4(6) | Rinku 83(50) | Digvesh 0-46 (3.5)[0m
[37m[21:17:43 F47 TEST] INFO: [WS] client connected (3 total)[0m
[37m[21:17:44 F47 EXTRACT] INFO: Extracted in 1.2s (llama-4-scout-17b-16e-instruct)[0m
[37m[21:17:44 F47 TEST] INFO:   [GUARD] Visible team 'Kolkata Knight Riders' is bowling team — comparison strip, ALL data stripped (4/30)[0m
[37m[21:17:44 F47 TEST] INFO:   [E 1157ms] visible_team=Kolkata Knight Riders score=None-None (None) target=None rr=None[0m
[37m[21:17:45 F47 SCORER] INFO: Scored in 0.7s (llama-4-scout-17b-16e-instruct)[0m
[37m[21:17:45 F47 TEST] INFO:   [S] Hint: Current batters: Aiden Markram and Mitchell Marsh. Bowler: Sunil Narine.[0m
[37m[21:17:45 F47 TEST] INFO:   [S 724ms] Changes: ['FRAME_POISONED:155'][0m
[37m[21:17:45 F47 TEST] INFO:   Total: 2517ms (V:636 E:1157 S:724)[0m
[37m[21:17:45 F47 TEST] INFO:   STATE: Lucknow Super Giants None-0 (None) inn=1 RR=— | Bat: Aiden Markram(0) Mitchell Marsh(0) | Bowl: Sunil Narine 1-0[0m
[37m[21:17:45 F47 TEST] INFO:   [WS-PROJECTION-FALLBACK] non_striker='Mitchell Marsh' surfaced from sb._inn (SM-null, in active_batting)[0m
[37m[21:17:45 F47 TEST] INFO:   [ACTION] The camera shows a close-up of a Kolkata Knight Riders player, likely during a b[0m
[37m[21:17:45 F47 TEST] INFO: DETAIL|F47|SCOREBOARD|tag=SCOREBOARD|scout=STRIP: KKR 155-7 (19.5) | Narine 4(6) | Rinku 83(50) | Digvesh 0-46 (3.5)|action=The camera shows a close-up of a Kolkata Knight Riders player, likely during a break in play.|ext_score=None-None(None)|ext_bat=|ext_bowl=|scorer_changes=['FRAME_POISONED:155']|yolo=0|BEFORE_score=None-0(None)|BEFORE_bat1=Aiden Markram 0(0)|BEFORE_bat2=Mitchell Marsh 0(0)|BEFORE_bowl=Sunil Narine 1-0 (0.0)|BEFORE_this_over=[]|AFTER_score=None-0(None)|AFTER_bat1=Aiden Markram 0(0)|AFTER_bat2=Mitchell Marsh 0(0)|AFTER_bowl=Sunil Narine 1-0 (0.0)|AFTER_this_over=[]|AFTER_this_over_src=|AFTER_striker=—|AFTER_non_striker=Mitchell Marsh|AFTER_run_rate=—|AFTER_target=—|AFTER_innings=1|AFTER_partnership=—|AFTER_fow_count=0|AFTER_field=spin_powerplay frozen=True fielders=['slip_1', 'point', 'cover', 'mid_off', 'mid_on', 'midwicket', 'square_leg', 'short_leg', 'fine_leg']|ball_event=—|ball_event_runs=—|ball_event_over=—|ball_event_extra=—|ball_event_free_hit=—|broadcast_extra=—|dismissal_mode=—|striker_this_ball=—|delivery_length=—|delivery_line=—|delivery_angle=—|delivery_shot=—|delivery_direction=—|delivery_elevation=—|delivery_bounce=—|delivery_dets=0|delivery_method=—|delivery_snap_dets=—|delivery_3layer_dets=—|delivery_det_rate=—|delivery_dir_zone=—|delivery_dir_conf=0|delivery_shot_action=—|delivery_shot_intent=—|delivery_swing=—|delivery_speed_vlm=—|delivery_vlm_conf=—|delivery_vlm_ms=—|speed_kph=—|venue=—|batting_team=Lucknow Super Giants|match_info=—|completed_over=—|completed_over_runs=—|drs_state=NONE|corrections=none|lat_vision=636|lat_extract=1157|lat_scorer=724|lat_field=55|lat_comm=0|lat_code=0|lat_total=2522|comm_bowler=Sunil Narine|comm_wire=—|comm_storyteller=—|comm_analyst=—|comm_colour=—|comm_wire_ms=0|comm_story_ms=0|comm_analyst_ms=0|comm_colour_ms=0[0m
[37m[21:17:45 F47 TEST] INFO: [WS] client disconnected (2 remain)[0m
[37m[21:17:45 F47 TEST] INFO: [WS] client connected (3 total)[0m
[37m[21:17:47 F48 VISION] INFO: [SCOUT] SCOREBOARD 651ms strip=True overlay=False drs=False cam=closeup phase=between_play digits=True 347 chars[0m
[37m[21:17:47 F48 TEST] INFO: 
=======================================================[0m
[37m[21:17:47 F48 TEST] INFO: [F48] SCOREBOARD — #26[0m
[37m[21:17:47 F48 TEST] INFO:   [V 654ms] STRIP: KKR 155-7 (19.5) | Narine 4(6) | Rinku 83(50) | Digvesh 0-46 (3.5)[0m
[37m[21:17:48 F48 EXTRACT] INFO: Extracted in 1.1s (llama-4-scout-17b-16e-instruct)[0m
[37m[21:17:48 F48 TEST] INFO:   [GUARD] Visible team 'Kolkata Knight Riders' is bowling team — comparison strip, ALL data stripped (5/30)[0m
[37m[21:17:48 F48 TEST] INFO:   [E 1088ms] visible_team=Kolkata Knight Riders score=None-None (None) target=None rr=None[0m
[37m[21:17:49 F48 TEST] INFO: [WS] client connected (4 total)[0m
[37m[21:17:49 F48 SCORER] INFO: Scored in 0.7s (llama-4-scout-17b-16e-instruct)[0m
[37m[21:17:49 F48 TEST] INFO:   [S] Hint: Current batters: Aiden Markram and Mitchell Marsh. Bowler: Sunil Narine. Read their stats from the scoreboard.[0m
[37m[21:17:49 F48 TEST] INFO:   [S 750ms] Changes: ['FRAME_POISONED:155'][0m
[37m[21:17:49 F48 TEST] INFO:   Total: 2493ms (V:654 E:1088 S:750)[0m
[37m[21:17:49 F48 TEST] INFO:   STATE: Lucknow Super Giants None-0 (None) inn=1 RR=— | Bat: Aiden Markram(0) Mitchell Marsh(0) | Bowl: Sunil Narine 1-0[0m
[37m[21:17:49 F48 TEST] INFO:   [WS-PROJECTION-FALLBACK] non_striker='Mitchell Marsh' surfaced from sb._inn (SM-null, in active_batting)[0m
[37m[21:17:49 F48 TEST] INFO:   [ACTION] A player, likely a member of the Kolkata Knight Riders, is standing on the field[0m
[37m[21:17:49 F48 TEST] INFO: DETAIL|F48|SCOREBOARD|tag=SCOREBOARD|scout=STRIP: KKR 155-7 (19.5) | Narine 4(6) | Rinku 83(50) | Digvesh 0-46 (3.5)|action=A player, likely a member of the Kolkata Knight Riders, is standing on the field, possibly during a |ext_score=None-None(None)|ext_bat=|ext_bowl=|scorer_changes=['FRAME_POISONED:155']|yolo=0|BEFORE_score=None-0(None)|BEFORE_bat1=Aiden Markram 0(0)|BEFORE_bat2=Mitchell Marsh 0(0)|BEFORE_bowl=Sunil Narine 1-0 (0.0)|BEFORE_this_over=[]|AFTER_score=None-0(None)|AFTER_bat1=Aiden Markram 0(0)|AFTER_bat2=Mitchell Marsh 0(0)|AFTER_bowl=Sunil Narine 1-0 (0.0)|AFTER_this_over=[]|AFTER_this_over_src=|AFTER_striker=—|AFTER_non_striker=Mitchell Marsh|AFTER_run_rate=—|AFTER_target=—|AFTER_innings=1|AFTER_partnership=—|AFTER_fow_count=0|AFTER_field=spin_powerplay frozen=True fielders=['slip_1', 'point', 'cover', 'mid_off', 'mid_on', 'midwicket', 'square_leg', 'short_leg', 'fine_leg']|ball_event=—|ball_event_runs=—|ball_event_over=—|ball_event_extra=—|ball_event_free_hit=—|broadcast_extra=—|dismissal_mode=—|striker_this_ball=—|delivery_length=—|delivery_line=—|delivery_angle=—|delivery_shot=—|delivery_direction=—|delivery_elevation=—|delivery_bounce=—|delivery_dets=0|delivery_method=—|delivery_snap_dets=—|delivery_3layer_dets=—|delivery_det_rate=—|delivery_dir_zone=—|delivery_dir_conf=0|delivery_shot_action=—|delivery_shot_intent=—|delivery_swing=—|delivery_speed_vlm=—|delivery_vlm_conf=—|delivery_vlm_ms=—|speed_kph=—|venue=—|batting_team=Lucknow Super Giants|match_info=—|completed_over=—|completed_over_runs=—|drs_state=NONE|corrections=none|lat_vision=654|lat_extract=1088|lat_scorer=750|lat_field=41|lat_comm=0|lat_code=0|lat_total=2498|comm_bowler=Sunil Narine|comm_wire=—|comm_storyteller=—|comm_analyst=—|comm_colour=—|comm_wire_ms=0|comm_story_ms=0|comm_analyst_ms=0|comm_colour_ms=0[0m
[37m[21:17:49 F48 TEST] INFO: [WS] client disconnected (3 remain)[0m
[37m[21:17:49 F48 TEST] INFO: [WS] client disconnected (2 remain)[0m
[37m[21:17:52 F49 VISION] INFO: [SCOUT] SCOREBOARD 767ms strip=True overlay=False drs=False cam=bowlers_end phase=release digits=True 349 chars[0m
[37m[21:17:52 F49 TEST] INFO: 
=======================================================[0m
[37m[21:17:52 F49 TEST] INFO: [F49] SCOREBOARD — #27[0m
[37m[21:17:52 F49 TEST] INFO:   [V 771ms] STRIP: LSG 51-5 (6.1) | Aiden Markram 6(4) | Mitchell Marsh 50(21) | Sunil Narine 1-6 (1.1)[0m
[37m[21:17:53 F49 TEST] INFO: [WS] client connected (3 total)[0m
[37m[21:17:53 F49 EXTRACT] INFO: Extracted in 1.1s (llama-4-scout-17b-16e-instruct)[0m
[37m[21:17:53 F49 TEST] INFO:   [E 1148ms] visible_team=Lucknow Super Giants score=51-5 (6.1) target=None rr=None[0m
[37m[21:17:53 F49 TEST] INFO:     BAT: Aiden Markram 6(4) [0m
[37m[21:17:53 F49 TEST] INFO:     BAT: Mitchell Marsh 50(21) [0m
[37m[21:17:53 F49 TEST] INFO:     BOWL: Sunil Narine 1-6 (1.1)[0m
[37m[21:17:53 F49 TRACK] INFO: bat:Aiden Markram:runs: 0 → 6 (fast-confirm, natural increment F49)[0m
[37m[21:17:53 F49 BOARD] INFO: Aiden Markram: 0(0) -> 6(0) [F49][0m
[37m[21:17:53 F49 TEST] INFO:   [STRIKER-WRITE] test_pipeline.py:6812 (run_test): non_striker Mitchell Marsh->Aiden Markram[0m
[37m[21:17:53 F49 TRACK] INFO: [SUSPICIOUS] bat:Mitchell Marsh:runs: 0→50 while balls=0 — deferring to consensus (comparison-overlay protection)[0m
[37m[21:17:53 F49 TEST] INFO:   [STRIKER-WRITE] test_pipeline.py:6812 (run_test): non_striker Aiden Markram->Mitchell Marsh[0m
[37m[21:17:53 F49 TEST] INFO:   [DIRECT] Batter updates: ['Aiden Markram: ext=6(4) → tracker=6(0) [was 0(0)]', 'Mitchell Marsh: ext=50(21) → tracker=0(0) [was 0(0)]'][0m
[37m[21:17:53 F49 TRACK] INFO: score: initial proposal flipped 137 → 51 — resetting consensus to 1/3[0m
[37m[21:17:53 F49 TRACK] INFO: overs: initial proposal flipped 11.5 → 6.1 — resetting consensus to 1/3[0m
[33m[21:17:53 F49 BOARD] WARN: Wickets jump +5 deferred (max +1/frame): 0→5 (consensus 1/3)[0m
[37m[21:17:54 F49 SCORER] INFO: Scored in 1.0s (llama-4-scout-17b-16e-instruct)[0m
[37m[21:17:54 F49 TEST] INFO:   [S] Hint: Current batters: MARKRAM and MARSH. Bowler: NARINE. Read their stats from the scoreboard.[0m
[37m[21:17:54 F49 TEST] INFO:   [GUARD] Score correction in Scorer output: 0→51 (delta=51) — blocking ALL updates for this frame[0m
[37m[21:17:54 F49 TEST] INFO:   [CONSENSUS] Score 51 frame 1/2, waiting[0m
[37m[21:17:54 F49 TEST] INFO:   [S 1032ms] Changes: ['CORRECTION_BLOCKED:51'][0m
[37m[21:17:54 F49 TEST] INFO:   Total: 2951ms (V:771 E:1148 S:1032)[0m
[37m[21:17:54 F49 TEST] INFO:   STATE: Lucknow Super Giants None-0 (None) inn=1 RR=— | Bat: Aiden Markram(6) Mitchell Marsh(0) | Bowl: Sunil Narine 1-0[0m
[37m[21:17:54 F49 TEST] INFO:   [WS-PROJECTION-FALLBACK] non_striker='Mitchell Marsh' surfaced from sb._inn (SM-null, in active_batting)[0m
[37m[21:17:54 F49 TEST] INFO:   [ACTION] The bowler is in delivery stride, with the ball in hand, as the batter prepares [0m
[37m[21:17:54 F49 TEST] INFO: DETAIL|F49|SCOREBOARD|tag=SCOREBOARD|scout=STRIP: LSG 51-5 (6.1) | Aiden Markram 6(4) | Mitchell Marsh 50(21) | Sunil Narine 1-6 (1.1)|action=The bowler is in delivery stride, with the ball in hand, as the batter prepares to face the delivery|ext_score=51-5(6.1)|ext_bat=Aiden Markram 6(4) | Mitchell Marsh 50(21)|ext_bowl=Sunil Narine 1-6 (1.1)|scorer_changes=['CORRECTION_BLOCKED:51']|yolo=0|BEFORE_score=None-0(None)|BEFORE_bat1=Aiden Markram 0(0)|BEFORE_bat2=Mitchell Marsh 0(0)|BEFORE_bowl=Sunil Narine 1-0 (0.0)|BEFORE_this_over=[]|AFTER_score=None-0(None)|AFTER_bat1=Aiden Markram 6(0)|AFTER_bat2=Mitchell Marsh 0(0)|AFTER_bowl=Sunil Narine 1-0 (0.0)|AFTER_this_over=[]|AFTER_this_over_src=|AFTER_striker=—|AFTER_non_striker=Mitchell Marsh|AFTER_run_rate=—|AFTER_target=—|AFTER_innings=1|AFTER_partnership=—|AFTER_fow_count=0|AFTER_field=spin_powerplay frozen=True fielders=['slip_1', 'point', 'cover', 'mid_off', 'mid_on', 'midwicket', 'square_leg', 'short_leg', 'fine_leg']|ball_event=—|ball_event_runs=—|ball_event_over=—|ball_event_extra=—|ball_event_free_hit=—|broadcast_extra=—|dismissal_mode=—|striker_this_ball=—|delivery_length=—|delivery_line=—|delivery_angle=—|delivery_shot=—|delivery_direction=—|delivery_elevation=—|delivery_bounce=—|delivery_dets=0|delivery_method=—|delivery_snap_dets=—|delivery_3layer_dets=—|delivery_det_rate=—|delivery_dir_zone=—|delivery_dir_conf=0|delivery_shot_action=—|delivery_shot_intent=—|delivery_swing=—|delivery_speed_vlm=—|delivery_vlm_conf=—|delivery_vlm_ms=—|speed_kph=—|venue=—|batting_team=Lucknow Super Giants|match_info=—|completed_over=—|completed_over_runs=—|drs_state=NONE|corrections=none|lat_vision=771|lat_extract=1148|lat_scorer=1032|lat_field=56|lat_comm=0|lat_code=0|lat_total=2964|comm_bowler=Sunil Narine|comm_wire=—|comm_storyteller=—|comm_analyst=—|comm_colour=—|comm_wire_ms=0|comm_story_ms=0|comm_analyst_ms=0|comm_colour_ms=0[0m
[37m[21:17:54 F49 TEST] INFO: [WS] client disconnected (2 remain)[0m
[37m[21:17:55 F50 TEST] INFO: [F50] No-strip skip #1 (lifetime=19)[0m
[37m[21:17:55 F50 TEST] INFO:   [WS-PROJECTION-FALLBACK] non_striker='Mitchell Marsh' surfaced from sb._inn (SM-null, in active_batting)[0m
[37m[21:17:56 F51 TEST] INFO: [F51] No-strip skip #2 (lifetime=20)[0m
[37m[21:17:57 F52 VISION] INFO: [SCOUT] ADVERTISEMENT 451ms strip=False overlay=False drs=False cam=ad phase=advertisement digits=False 164 chars[0m
[37m[21:17:57 F52 TEST] INFO: [F52] AD 454ms (#2)[0m
[37m[21:17:57 F52 TEST] INFO:   [WS-PROJECTION-FALLBACK] non_striker='Mitchell Marsh' surfaced from sb._inn (SM-null, in active_batting)[0m
[37m[21:17:58 F52 TEST] INFO: [WS] client connected (3 total)[0m
[37m[21:18:02 F52 TEST] INFO: [WS] client disconnected (2 remain)[0m
[37m[21:18:06 F53 VISION] INFO: [SCOUT] SCOREBOARD 842ms strip=True overlay=False drs=False cam=bowlers_end phase=release digits=True 296 chars[0m
[37m[21:18:06 F53 TEST] INFO: 
=======================================================[0m
[37m[21:18:06 F53 TEST] INFO: [F53] SCOREBOARD — #28[0m
[37m[21:18:06 F53 TEST] INFO:   [V 845ms] STRIP: KKR 155-7 (19.5) | Narine 4(6) | Rinku 83(50) | Digvesh 0-46 (3.5)[0m
[37m[21:18:06 F53 TEST] INFO: [WS] client connected (3 total)[0m
[37m[21:18:07 F53 EXTRACT] INFO: Extracted in 1.1s (llama-4-scout-17b-16e-instruct)[0m
[37m[21:18:07 F53 TEST] INFO:   [GUARD] Visible team 'Kolkata Knight Riders' is bowling team — comparison strip, ALL data stripped (1/30)[0m
[37m[21:18:07 F53 TEST] INFO:   [E 1111ms] visible_team=Kolkata Knight Riders score=None-None (None) target=None rr=None[0m
[37m[21:18:08 F53 SCORER] INFO: Scored in 1.0s (llama-4-scout-17b-16e-instruct)[0m
[37m[21:18:08 F53 TEST] INFO:   [S] Hint: Current batters: MARKRAM and MARSH. Bowler: NARINE. Read their stats from the scoreboard.[0m
[37m[21:18:08 F53 TEST] INFO:   [S 1041ms] Changes: ['FRAME_POISONED:155'][0m
[37m[21:18:08 F53 TEST] INFO:   Total: 2997ms (V:845 E:1111 S:1041)[0m
[37m[21:18:08 F53 TEST] INFO:   STATE: Lucknow Super Giants None-0 (None) inn=1 RR=— | Bat: Aiden Markram(6) Mitchell Marsh(0) | Bowl: Sunil Narine 1-0[0m
[37m[21:18:08 F53 TEST] INFO:   [WS-PROJECTION-FALLBACK] non_striker='Mitchell Marsh' surfaced from sb._inn (SM-null, in active_batting)[0m
[37m[21:18:08 F53 TEST] INFO:   [ACTION] The bowler is in the delivery stride, about to release the ball.[0m
[37m[21:18:08 F53 TEST] INFO: DETAIL|F53|SCOREBOARD|tag=SCOREBOARD|scout=STRIP: KKR 155-7 (19.5) | Narine 4(6) | Rinku 83(50) | Digvesh 0-46 (3.5)|action=The bowler is in the delivery stride, about to release the ball.|ext_score=None-None(None)|ext_bat=|ext_bowl=|scorer_changes=['FRAME_POISONED:155']|yolo=2|BEFORE_score=None-0(None)|BEFORE_bat1=Aiden Markram 6(0)|BEFORE_bat2=Mitchell Marsh 0(0)|BEFORE_bowl=Sunil Narine 1-0 (0.0)|BEFORE_this_over=[]|AFTER_score=None-0(None)|AFTER_bat1=Aiden Markram 6(0)|AFTER_bat2=Mitchell Marsh 0(0)|AFTER_bowl=Sunil Narine 1-0 (0.0)|AFTER_this_over=[]|AFTER_this_over_src=|AFTER_striker=—|AFTER_non_striker=Mitchell Marsh|AFTER_run_rate=—|AFTER_target=—|AFTER_innings=1|AFTER_partnership=—|AFTER_fow_count=0|AFTER_field=spin_powerplay frozen=True fielders=['slip_1', 'point', 'cover', 'mid_off', 'mid_on', 'midwicket', 'square_leg', 'short_leg', 'fine_leg']|ball_event=—|ball_event_runs=—|ball_event_over=—|ball_event_extra=—|ball_event_free_hit=—|broadcast_extra=—|dismissal_mode=—|striker_this_ball=—|delivery_length=—|delivery_line=—|delivery_angle=—|delivery_shot=—|delivery_direction=—|delivery_elevation=—|delivery_bounce=—|delivery_dets=0|delivery_method=—|delivery_snap_dets=—|delivery_3layer_dets=—|delivery_det_rate=—|delivery_dir_zone=—|delivery_dir_conf=0|delivery_shot_action=—|delivery_shot_intent=—|delivery_swing=—|delivery_speed_vlm=—|delivery_vlm_conf=—|delivery_vlm_ms=—|speed_kph=—|venue=—|batting_team=Lucknow Super Giants|match_info=—|completed_over=—|completed_over_runs=—|drs_state=NONE|corrections=none|lat_vision=845|lat_extract=1111|lat_scorer=1041|lat_field=43|lat_comm=0|lat_code=0|lat_total=3005|comm_bowler=Sunil Narine|comm_wire=—|comm_storyteller=—|comm_analyst=—|comm_colour=—|comm_wire_ms=0|comm_story_ms=0|comm_analyst_ms=0|comm_colour_ms=0[0m
[37m[21:18:08 F53 TEST] INFO: [WS] client disconnected (2 remain)[0m
[37m[21:18:09 F54 TEST] INFO: [WS] client connected (3 total)[0m
[37m[21:18:10 F54 VISION] INFO: [SCOUT] SCOREBOARD 1067ms strip=True overlay=False drs=False cam=bowlers_end phase=between_play digits=True 448 chars[0m
[37m[21:18:10 F54 OVER] INFO: Broadcast fill (cold-start, empty local): ['Wd', 'Wd', '6', '6', '6', '6'][0m
[37m[21:18:10 F54 TEST] INFO: 
=======================================================[0m
[37m[21:18:10 F54 TEST] INFO: [F54] SCOREBOARD — #29[0m
[37m[21:18:10 F54 TEST] INFO:   [V 1070ms] STRIP: KKR 155-7 (19.5) | Narine 4(6) | Rinku 83(50) | 

INFO_PANEL: 
SPEED: 101.2 kph
EXTRA: 
THIS OVER: WD WD 6 6 6 6 
FULL SCORECARD: 

The game is currently in progress, with the Kolkata Knight Riders (KKR) batting and the Lucknow Super Giants (L[0m
[37m[21:18:11 F54 EXTRACT] INFO: Extracted in 1.2s (llama-4-scout-17b-16e-instruct)[0m
[37m[21:18:11 F54 TEST] INFO:   [GUARD] Visible team 'Kolkata Knight Riders' is bowling team — comparison strip, ALL data stripped (2/30)[0m
[37m[21:18:11 F54 TEST] INFO:   [E 1205ms] visible_team=Kolkata Knight Riders score=None-None (None) target=None rr=None[0m
[37m[21:18:12 F54 SCORER] INFO: Scored in 0.7s (llama-4-scout-17b-16e-instruct)[0m
[37m[21:18:12 F54 TEST] INFO:   [S] Hint: Current batters: MARKRAM and MARSH. Bowler: NARINE[0m
[37m[21:18:12 F54 TEST] INFO:   [S 732ms] Changes: ['FRAME_POISONED:155'][0m
[37m[21:18:12 F54 TEST] INFO:   Total: 3006ms (V:1070 E:1205 S:732)[0m
[37m[21:18:12 F54 OVER] INFO: Broadcast replaces all-placeholder local: ['W', 'W', '6', '6', '6', '6'][0m
[37m[21:18:12 F54 TEST] INFO:   [THIS OVER] ['W', 'W', '6', '6', '6', '6'] = 24 runs[0m
[37m[21:18:12 F54 TEST] INFO:   STATE: Lucknow Super Giants None-0 (None) inn=1 RR=— | Bat: Aiden Markram(6) Mitchell Marsh(0) | Bowl: Sunil Narine 1-0[0m
[37m[21:18:12 F54 TEST] INFO:   [WS-PROJECTION-FALLBACK] non_striker='Mitchell Marsh' surfaced from sb._inn (SM-null, in active_batting)[0m
[37m[21:18:12 F54 OVER] INFO: this_over count mismatch: team@None expects 0 legal balls, observed 6 legal (tokens=['W', 'W', '6', '6', '6', '6']) — keeping observations[0m
[37m[21:18:12 F54 FIELD] INFO: [F54] OC-deep_point moved to OC-deep_gully[0m
[37m[21:18:12 F54 FIELD] INFO: [F54] OC-third_man_square moved to OC-third_man_fine[0m
[37m[21:18:12 F54 FIELD] INFO: [F54] IC-point brought in — attacking[0m
[37m[21:18:12 F54 TEST] INFO: DETAIL|F54|SCOREBOARD|tag=SCOREBOARD|scout=STRIP: KKR 155-7 (19.5) | Narine 4(6) | Rinku 83(50) |   INFO_PANEL:  SPEED: 101.2 kph EXTRA:  THIS OVER: WD WD 6 6 6 6 |action=—|ext_score=None-None(None)|ext_bat=|ext_bowl=|scorer_changes=['FRAME_POISONED:155']|yolo=6|BEFORE_score=None-0(None)|BEFORE_bat1=Aiden Markram 6(0)|BEFORE_bat2=Mitchell Marsh 0(0)|BEFORE_bowl=Sunil Narine 1-0 (0.0)|BEFORE_this_over=[]|AFTER_score=None-0(None)|AFTER_bat1=Aiden Markram 6(0)|AFTER_bat2=Mitchell Marsh 0(0)|AFTER_bowl=Sunil Narine 1-0 (0.0)|AFTER_this_over=['W', 'W', '6', '6', '6', '6']|AFTER_this_over_src=W(bcast),W(bcast),6(bcast),6(bcast),6(bcast),6(bcast)|AFTER_striker=—|AFTER_non_striker=Mitchell Marsh|AFTER_run_rate=—|AFTER_target=—|AFTER_innings=1|AFTER_partnership=—|AFTER_fow_count=0|AFTER_field=spin_powerplay frozen=True fielders=['slip_1', 'point', 'cover', 'mid_off', 'mid_on', 'midwicket', 'square_leg', 'short_leg', 'fine_leg']|ball_event=—|ball_event_runs=—|ball_event_over=—|ball_event_extra=—|ball_event_free_hit=—|broadcast_extra=—|dismissal_mode=—|striker_this_ball=—|delivery_length=—|delivery_line=—|delivery_angle=—|delivery_shot=—|delivery_direction=—|delivery_elevation=—|delivery_bounce=—|delivery_dets=0|delivery_method=—|delivery_snap_dets=—|delivery_3layer_dets=—|delivery_det_rate=—|delivery_dir_zone=—|delivery_dir_conf=0|delivery_shot_action=—|delivery_shot_intent=—|delivery_swing=—|delivery_speed_vlm=—|delivery_vlm_conf=—|delivery_vlm_ms=—|speed_kph=101.2|venue=—|batting_team=Lucknow Super Giants|match_info=—|completed_over=—|completed_over_runs=—|drs_state=NONE|corrections=none|lat_vision=1070|lat_extract=1205|lat_scorer=732|lat_field=46|lat_comm=0|lat_code=0|lat_total=3012|comm_bowler=Sunil Narine|comm_wire=—|comm_storyteller=—|comm_analyst=—|comm_colour=—|comm_wire_ms=0|comm_story_ms=0|comm_analyst_ms=0|comm_colour_ms=0[0m
[37m[21:18:12 F54 TEST] INFO: [WS] client disconnected (2 remain)[0m
[37m[21:18:12 F54 TEST] INFO: [WS] client connected (3 total)[0m
[37m[21:18:14 F55 VISION] INFO: [SCOUT] SCOREBOARD 636ms strip=True overlay=False drs=False cam=closeup phase=between_play digits=True 286 chars[0m
[37m[21:18:14 F55 TEST] INFO: 
=======================================================[0m
[37m[21:18:14 F55 TEST] INFO: [F55] SCOREBOARD — #30[0m
[37m[21:18:14 F55 TEST] INFO:   [V 639ms] STRIP: KKR 155-7 (19.5) | NARINE 83(50) | RINKU 4(6) | DIGVESH 0-46 (3.5)[0m
[37m[21:18:15 F55 EXTRACT] INFO: Extracted in 0.6s (llama-4-scout-17b-16e-instruct)[0m
[37m[21:18:15 F55 TEST] INFO:   [TEAM-LOCK ESCAPE] Stripped 3 consecutive (20 total) 'Kolkata Knight Riders' frames AND zero ball events ever fired for current batting team 'Lucknow Super Giants' — team assignment was the misread, not the strip. Forcing swap.[0m
[37m[21:18:15 F55 BOARD] INFO: Scorecards built: Kolkata Knight Riders (25 bat) vs Lucknow Super Giants (25 bowl)[0m
[37m[21:18:15 F55 TEST] INFO: === TEAMS SET: Kolkata Knight Riders batting (inn 1) vs Lucknow Super Giants bowling ===[0m
[37m[21:18:15 F55 TEST] INFO:   [E 584ms] visible_team=Kolkata Knight Riders score=155-7 (19.5) target=None rr=None[0m
[37m[21:18:15 F55 TEST] INFO:     BAT: NARINE 83(50) [0m
[37m[21:18:15 F55 TEST] INFO:     BAT: RINKU 4(6) [0m
[37m[21:18:15 F55 TEST] INFO:     BOWL: DIGVESH 0-46 (3.5)[0m
[37m[21:18:15 F55 BOARD] INFO: Batter activated: Sunil Narine[0m
[37m[21:18:15 F55 BOARD] INFO: Batter activated: Rinku Singh[0m
[37m[21:18:15 F55 TEST] INFO:   [DIRECT] Batter updates: ['NARINE: ext=83(50) → tracker=0(0) [was None(None)]', 'RINKU: ext=4(6) → tracker=0(0) [was None(None)]'][0m
[37m[21:18:15 F55 TRACK] INFO: score: initial proposal flipped 51 → 155 — resetting consensus to 1/3[0m
[37m[21:18:15 F55 TRACK] INFO: overs: initial proposal flipped 6.1 → 19.5 — resetting consensus to 1/3[0m
[33m[21:18:15 F55 BOARD] WARN: Wickets jump +7 deferred (max +1/frame): 0→7 (consensus 1/3)[0m
[37m[21:18:16 F55 SCORER] INFO: Scored in 0.8s (llama-4-scout-17b-16e-instruct)[0m
[37m[21:18:16 F55 TEST] INFO:   [S] Hint: Current batters: NARINE and RINKU. Bowler: DIGVESH[0m
[37m[21:18:16 F55 TEST] INFO:   [GUARD] Score correction in Scorer output: 0→155 (delta=155) — blocking ALL updates for this frame[0m
[37m[21:18:16 F55 TEST] INFO:   [CONSENSUS] Score 155 frame 1/2, waiting[0m
[37m[21:18:16 F55 TEST] INFO:   [S 827ms] Changes: ['CORRECTION_BLOCKED:155'][0m
[37m[21:18:16 F55 TEST] INFO:   Total: 2049ms (V:639 E:584 S:827)[0m
[37m[21:18:16 F55 TEST] INFO:   [THIS OVER] ['W', 'W', '6', '6', '6', '6'] = 24 runs[0m
[37m[21:18:16 F55 TEST] INFO:   STATE: Kolkata Knight Riders None-0 (None) inn=1 RR=— | Bat: Rinku Singh(0) Sunil Narine(0) | Bowl: None[0m
[33m[21:18:16 F55 TEST] WARN:   [WS-PROJECTION-GAP] striker=None (payload) sb._inn.striker=None sm.striker=None active_batting=['Rinku Singh', 'Sunil Narine'][0m
[33m[21:18:16 F55 TEST] WARN:   [WS-PROJECTION-GAP] non_striker=None (payload) sb._inn.non_striker='Mitchell Marsh' sm.non_striker=None active_batting=['Rinku Singh', 'Sunil Narine'][0m
[37m[21:18:16 F55 TEST] INFO:   [ACTION] The players are discussing or signaling between play.[0m
[37m[21:18:16 F55 TEST] INFO: DETAIL|F55|SCOREBOARD|tag=SCOREBOARD|scout=STRIP: KKR 155-7 (19.5) | NARINE 83(50) | RINKU 4(6) | DIGVESH 0-46 (3.5)|action=The players are discussing or signaling between play.|ext_score=155-7(19.5)|ext_bat=NARINE 83(50) | RINKU 4(6)|ext_bowl=DIGVESH 0-46 (3.5)|scorer_changes=['CORRECTION_BLOCKED:155']|yolo=0|BEFORE_score=None-0(None)|BEFORE_bat1=Aiden Markram 6(0)|BEFORE_bat2=Mitchell Marsh 0(0)|BEFORE_bowl=Sunil Narine 1-0 (0.0)|BEFORE_this_over=['W', 'W', '6', '6', '6', '6']|AFTER_score=None-0(None)|AFTER_bat1=Rinku Singh 0(0)|AFTER_bat2=Sunil Narine 0(0)|AFTER_bowl=Sunil Narine ?-? (?)|AFTER_this_over=['W', 'W', '6', '6', '6', '6']|AFTER_this_over_src=W(bcast),W(bcast),6(bcast),6(bcast),6(bcast),6(bcast)|AFTER_striker=—|AFTER_non_striker=Mitchell Marsh|AFTER_run_rate=—|AFTER_target=—|AFTER_innings=1|AFTER_partnership=—|AFTER_fow_count=0|AFTER_field=pace_powerplay frozen=True fielders=['slip_1', 'gully', 'point', 'cover', 'mid_off', 'mid_on', 'midwicket', 'square_leg', 'fine_leg']|ball_event=—|ball_event_runs=—|ball_event_over=—|ball_event_extra=—|ball_event_free_hit=—|broadcast_extra=—|dismissal_mode=—|striker_this_ball=—|delivery_length=—|delivery_line=—|delivery_angle=—|delivery_shot=—|delivery_direction=—|delivery_elevation=—|delivery_bounce=—|delivery_dets=0|delivery_method=—|delivery_snap_dets=—|delivery_3layer_dets=—|delivery_det_rate=—|delivery_dir_zone=—|delivery_dir_conf=0|delivery_shot_action=—|delivery_shot_intent=—|delivery_swing=—|delivery_speed_vlm=—|delivery_vlm_conf=—|delivery_vlm_ms=—|speed_kph=—|venue=—|batting_team=Kolkata Knight Riders|match_info=—|completed_over=—|completed_over_runs=—|drs_state=NONE|corrections=none|lat_vision=639|lat_extract=584|lat_scorer=827|lat_field=42|lat_comm=0|lat_code=0|lat_total=2055|comm_bowler=Sunil Narine|comm_wire=—|comm_storyteller=—|comm_analyst=—|comm_colour=—|comm_wire_ms=0|comm_story_ms=0|comm_analyst_ms=0|comm_colour_ms=0[0m
[37m[21:18:16 F55 TEST] INFO: [WS] client disconnected (2 remain)[0m
[37m[21:18:18 F56 VISION] INFO: [SCOUT] SCOREBOARD 597ms strip=True overlay=False drs=False cam=closeup phase=between_play digits=True 329 chars[0m
[37m[21:18:18 F56 TEST] INFO: 
=======================================================[0m
[37m[21:18:18 F56 TEST] INFO: [F56] SCOREBOARD — #31[0m
[37m[21:18:18 F56 TEST] INFO:   [V 600ms] STRIP: KKR 155-7 (19.5) | NARINE 83(50) | RINKU 4(6) | 

INFO_PANEL: 
SPEED: 
EXTRA: 
THIS OVER: 
FULL SCORECARD: 

The players are engaged in conversation as the game progresses.[0m
[37m[21:18:20 F56 EXTRACT] INFO: Extracted in 1.2s (llama-4-scout-17b-16e-instruct)[0m
[37m[21:18:20 F56 TEST] INFO:   [E 1199ms] visible_team=Kolkata Knight Riders score=155-7 (19.5) target=None rr=None[0m
[37m[21:18:20 F56 TEST] INFO:     BAT: NARINE 83(50) [0m
[37m[21:18:20 F56 TEST] INFO:     BAT: RINKU 4(6) [0m
[37m[21:18:20 F56 TRACK] INFO: bat:Sunil Narine:runs: initial proposed 83 (2/3 — waiting)[0m
[37m[21:18:20 F56 TRACK] INFO: bat:Sunil Narine:balls: initial proposed 50 (2/3 — waiting)[0m
[37m[21:18:20 F56 TEST] INFO:   [STRIKER-WRITE] test_pipeline.py:6812 (run_test): non_striker Mitchell Marsh->Sunil Narine[0m
[37m[21:18:20 F56 TRACK] INFO: bat:Rinku Singh:runs: initial proposed 4 (2/3 — waiting)[0m
[37m[21:18:20 F56 TRACK] INFO: bat:Rinku Singh:balls: initial proposed 6 (2/3 — waiting)[0m
[37m[21:18:20 F56 TEST] INFO:   [STRIKER-WRITE] test_pipeline.py:6812 (run_test): non_striker Sunil Narine->Rinku Singh[0m
[37m[21:18:20 F56 TEST] INFO:   [DIRECT] Batter updates: ['NARINE: ext=83(50) → tracker=0(0) [was 0(0)]', 'RINKU: ext=4(6) → tracker=0(0) [was 0(0)]'][0m
[37m[21:18:20 F56 TRACK] INFO: score: initial proposed 155 (2/3 — waiting)[0m
[37m[21:18:20 F56 TRACK] INFO: overs: initial proposed 19.5 (2/3 — waiting)[0m
[33m[21:18:20 F56 BOARD] WARN: Wickets jump +7 deferred (max +1/frame): 0→7 (consensus 2/3)[0m
[37m[21:18:20 F56 TEST] INFO: [WS] client connected (3 total)[0m
[37m[21:18:20 F56 SCORER] INFO: Scored in 0.8s (llama-4-scout-17b-16e-instruct)[0m
[37m[21:18:20 F56 TEST] INFO:   [INNINGS] Scorer target 156 — frame 1/2, waiting[0m
[37m[21:18:20 F56 TEST] INFO:   [S] Hint: Current batters: NARINE and RINKU. Bowler: NARINE. Read their stats from the scoreboard.[0m
[37m[21:18:20 F56 TEST] INFO:   [GUARD] Score correction in Scorer output: 0→155 (delta=155) — blocking ALL updates for this frame[0m
[37m[21:18:20 F56 TEST] INFO:   [CONSENSUS] Score 155 persisted 2 frames — accepting as new truth[0m
[37m[21:18:20 F56 TRACK] INFO: score: initial → 155 (cold-start consensus 3/3)[0m
[37m[21:18:20 F56 BOARD] INFO: score: None -> 155 [F56][0m
[37m[21:18:20 F56 TEST] INFO:   [S 802ms] Changes: ['score→155(consensus)'][0m
[37m[21:18:20 F56 TEST] INFO:   Total: 2602ms (V:600 E:1199 S:802)[0m
[37m[21:18:20 F56 TEST] INFO:   [THIS OVER] ['W', 'W', '6', '6', '6', '6'] = 24 runs[0m
[37m[21:18:20 F56 TEST] INFO:   STATE: Kolkata Knight Riders 155-0 (None) inn=1 RR=— | Bat: Rinku Singh(0) Sunil Narine(0) | Bowl: None[0m
[37m[21:18:20 F56 TEST] INFO:   [WS-PROJECTION-FALLBACK] non_striker='Rinku Singh' surfaced from sb._inn (SM-null, in active_batting)[0m
[33m[21:18:20 F56 TEST] WARN:   [WS-PROJECTION-GAP] striker=None (payload) sb._inn.striker=None sm.striker=None active_batting=['Rinku Singh', 'Sunil Narine'][0m
[37m[21:18:20 F56 TEST] INFO: DETAIL|F56|SCOREBOARD|tag=SCOREBOARD|scout=STRIP: KKR 155-7 (19.5) | NARINE 83(50) | RINKU 4(6) |   INFO_PANEL:  SPEED:  EXTRA:  THIS OVER:  FULL SCORECARD:   The |action=—|ext_score=155-7(19.5)|ext_bat=NARINE 83(50) | RINKU 4(6)|ext_bowl=|scorer_changes=['score→155(consensus)']|yolo=0|BEFORE_score=None-0(None)|BEFORE_bat1=Rinku Singh 0(0)|BEFORE_bat2=Sunil Narine 0(0)|BEFORE_bowl=Sunil Narine ?-? (?)|BEFORE_this_over=['W', 'W', '6', '6', '6', '6']|AFTER_score=155-0(None)|AFTER_bat1=Rinku Singh 0(0)|AFTER_bat2=Sunil Narine 0(0)|AFTER_bowl=Sunil Narine ?-? (?)|AFTER_this_over=['W', 'W', '6', '6', '6', '6']|AFTER_this_over_src=W(bcast),W(bcast),6(bcast),6(bcast),6(bcast),6(bcast)|AFTER_striker=—|AFTER_non_striker=Rinku Singh|AFTER_run_rate=—|AFTER_target=—|AFTER_innings=1|AFTER_partnership=—|AFTER_fow_count=0|AFTER_field=pace_powerplay frozen=True fielders=['slip_1', 'gully', 'point', 'cover', 'mid_off', 'mid_on', 'midwicket', 'square_leg', 'fine_leg']|ball_event=—|ball_event_runs=—|ball_event_over=—|ball_event_extra=—|ball_event_free_hit=—|broadcast_extra=—|dismissal_mode=—|striker_this_ball=—|delivery_length=—|delivery_line=—|delivery_angle=—|delivery_shot=—|delivery_direction=—|delivery_elevation=—|delivery_bounce=—|delivery_dets=0|delivery_method=—|delivery_snap_dets=—|delivery_3layer_dets=—|delivery_det_rate=—|delivery_dir_zone=—|delivery_dir_conf=0|delivery_shot_action=—|delivery_shot_intent=—|delivery_swing=—|delivery_speed_vlm=—|delivery_vlm_conf=—|delivery_vlm_ms=—|speed_kph=—|venue=—|batting_team=Kolkata Knight Riders|match_info=—|completed_over=—|completed_over_runs=—|drs_state=NONE|corrections=none|lat_vision=600|lat_extract=1199|lat_scorer=802|lat_field=44|lat_comm=0|lat_code=0|lat_total=2612|comm_bowler=Sunil Narine|comm_wire=—|comm_storyteller=—|comm_analyst=—|comm_colour=—|comm_wire_ms=0|comm_story_ms=0|comm_analyst_ms=0|comm_colour_ms=0[0m
[37m[21:18:20 F56 TEST] INFO: [WS] client disconnected (2 remain)[0m
