WARNING ⚠️ torchvision==0.26 is incompatible with torch==2.10.
Run 'pip install torchvision==0.25' to fix torchvision or 'pip install -U torch torchvision' to update both.
For a full compatibility table see https://github.com/pytorch/vision#installation
[37m[21:11:53 F0 TEST] INFO: [WS] Server started on ws://0.0.0.0:8765[0m
[37m[21:11:53 F0 TEST] INFO: [WS] Commentary server on ws://0.0.0.0:8766[0m
[37m[21:11:53 F0 TEST] INFO: ============================================================[0m
[37m[21:11:53 F0 TEST] INFO: SCRAPING SQUADS...[0m
[37m[21:11:53 F0 SQUAD] INFO: Fetching: https://www.cricbuzz.com/cricket-match-squads/151924/lsg-vs-kkr-38th-match-indian-premier-league-2026[0m
[37m[21:11:54 F0 SQUAD] INFO:   Lucknow Super Giants: 11 XI + 14 bench[0m
[37m[21:11:54 F0 SQUAD] INFO:     Aiden Markram — batter[0m
[37m[21:11:54 F0 SQUAD] INFO:     Mitchell Marsh — bat_allrounder[0m
[37m[21:11:54 F0 SQUAD] INFO:     Rishabh Pant (C,WK) — wk_batter[0m
[37m[21:11:54 F0 SQUAD] INFO:     Nicholas Pooran (WK) — wk_batter[0m
[37m[21:11:54 F0 SQUAD] INFO:     Ayush Badoni — bat_allrounder[0m
[37m[21:11:54 F0 SQUAD] INFO:     Mukul Choudhary (WK) — wk_batter[0m
[37m[21:11:54 F0 SQUAD] INFO:     George Linde — bat_allrounder[0m
[37m[21:11:54 F0 SQUAD] INFO:     Mohammed Shami — bowler[0m
[37m[21:11:54 F0 SQUAD] INFO:     Prince Yadav — bowler[0m
[37m[21:11:54 F0 SQUAD] INFO:     Digvesh Singh Rathi — bowler[0m
[37m[21:11:54 F0 SQUAD] INFO:     Mohsin Khan — bowler[0m
[37m[21:11:54 F0 SQUAD] INFO:     [bench] Himmat Singh — batter[0m
[37m[21:11:54 F0 SQUAD] INFO:     [bench] Akshat Raghuwanshi — batter[0m
[37m[21:11:54 F0 SQUAD] INFO:     [bench] Abdul Samad — bat_allrounder[0m
[37m[21:11:54 F0 SQUAD] INFO:     [bench] Avesh Khan — bowler[0m
[37m[21:11:54 F0 SQUAD] INFO:     [bench] Manimaran Siddharth — bowler[0m
[37m[21:11:54 F0 SQUAD] INFO:     [bench] Matthew Breetzke — wk_batter[0m
[37m[21:11:54 F0 SQUAD] INFO:     [bench] Josh Inglis — wk_batter[0m
[37m[21:11:54 F0 SQUAD] INFO:     [bench] Anrich Nortje — bowler[0m
[37m[21:11:54 F0 SQUAD] INFO:     [bench] Arjun Tendulkar — bowl_allrounder[0m
[37m[21:11:54 F0 SQUAD] INFO:     [bench] Shahbaz Ahmed — bowl_allrounder[0m
[37m[21:11:54 F0 SQUAD] INFO:     [bench] Akash Maharaj Singh — bowler[0m
[37m[21:11:54 F0 SQUAD] INFO:     [bench] Arshin Kulkarni — bat_allrounder[0m
[37m[21:11:54 F0 SQUAD] INFO:     [bench] Naman Tiwari — bowler[0m
[37m[21:11:54 F0 SQUAD] INFO:     [bench] Mayank Yadav — bowler[0m
[37m[21:11:54 F0 SQUAD] INFO:   Kolkata Knight Riders: 11 XI + 14 bench[0m
[37m[21:11:54 F0 SQUAD] INFO:     Ajinkya Rahane (C) — batter[0m
[37m[21:11:54 F0 SQUAD] INFO:     Tim Seifert (WK) — wk_batter[0m
[37m[21:11:54 F0 SQUAD] INFO:     Cameron Green — bat_allrounder[0m
[37m[21:11:54 F0 SQUAD] INFO:     Angkrish Raghuvanshi — batter[0m
[37m[21:11:54 F0 SQUAD] INFO:     Rovman Powell — batter[0m
[37m[21:11:54 F0 SQUAD] INFO:     Rinku Singh — batter[0m
[37m[21:11:54 F0 SQUAD] INFO:     Sunil Narine — bowl_allrounder[0m
[37m[21:11:54 F0 SQUAD] INFO:     Ramandeep Singh — bat_allrounder[0m
[37m[21:11:54 F0 SQUAD] INFO:     Anukul Roy — bat_allrounder[0m
[37m[21:11:54 F0 SQUAD] INFO:     Vaibhav Arora — bowler[0m
[37m[21:11:54 F0 SQUAD] INFO:     Kartik Tyagi — bowler[0m
[37m[21:11:54 F0 SQUAD] INFO:     [bench] Manish Pandey — batter[0m
[37m[21:11:54 F0 SQUAD] INFO:     [bench] Finn Allen — batter[0m
[37m[21:11:54 F0 SQUAD] INFO:     [bench] Tejasvi Dahiya — wk_batter[0m
[37m[21:11:54 F0 SQUAD] INFO:     [bench] Navdeep Saini — bowler[0m
[37m[21:11:54 F0 SQUAD] INFO:     [bench] Varun Chakaravarthy — bowler[0m
[37m[21:11:54 F0 SQUAD] INFO:     [bench] Rahul Tripathi — batter[0m
[37m[21:11:54 F0 SQUAD] INFO:     [bench] Sarthak Ranjan — batter[0m
[37m[21:11:54 F0 SQUAD] INFO:     [bench] Rachin Ravindra — bat_allrounder[0m
[37m[21:11:54 F0 SQUAD] INFO:     [bench] Prashant Solanki — bowler[0m
[37m[21:11:54 F0 SQUAD] INFO:     [bench] Blessing Muzarabani — bowler[0m
[37m[21:11:54 F0 SQUAD] INFO:     [bench] Saurabh Dubey — bowler[0m
[37m[21:11:54 F0 SQUAD] INFO:     [bench] Matheesha Pathirana — bowler[0m
[37m[21:11:54 F0 SQUAD] INFO:     [bench] Umran Malik — bowler[0m
[37m[21:11:54 F0 SQUAD] INFO:     [bench] Daksh Kamra — bowl_allrounder[0m
[37m[21:11:54 F0 TEST] INFO: Teams: ['Lucknow Super Giants', 'Kolkata Knight Riders'][0m
[37m[21:11:54 F0 ENRICH] INFO: Loaded cached styles from player_styles_242f360951fc.json (50 players)[0m
[37m[21:11:54 F0 ENRICH] INFO: [cache] Lucknow Super Giants — styles:[0m
[37m[21:11:54 F0 ENRICH] INFO: [cache]   Aiden Markram            RHB  | Right-arm off-spin[0m
[37m[21:11:54 F0 ENRICH] INFO: [cache]   Mitchell Marsh           RHB  | Right-arm medium[0m
[37m[21:11:54 F0 ENRICH] INFO: [cache]   Rishabh Pant             LHB  | None[0m
[37m[21:11:54 F0 ENRICH] INFO: [cache]   Nicholas Pooran          LHB  | None[0m
[37m[21:11:54 F0 ENRICH] INFO: [cache]   Ayush Badoni             LHB  | Right-arm medium[0m
[37m[21:11:54 F0 ENRICH] INFO: [cache]   Mukul Choudhary          RHB  | Right-arm medium-fast[0m
[37m[21:11:54 F0 ENRICH] INFO: [cache]   George Linde             LHB  | Slow left-arm orthodox[0m
[37m[21:11:54 F0 ENRICH] INFO: [cache]   Mohammed Shami           RHB  | Right-arm fast[0m
[37m[21:11:54 F0 ENRICH] INFO: [cache]   Prince Yadav             RHB  | Right-arm medium-fast[0m
[37m[21:11:54 F0 ENRICH] INFO: [cache]   Digvesh Singh Rathi      unknown | unknown[0m
[37m[21:11:54 F0 ENRICH] INFO: [cache]   Mohsin Khan              RHB  | Left-arm fast[0m
[37m[21:11:54 F0 ENRICH] INFO: [cache] Kolkata Knight Riders — styles:[0m
[37m[21:11:54 F0 ENRICH] INFO: [cache]   Ajinkya Rahane           RHB  | Right-arm medium[0m
[37m[21:11:54 F0 ENRICH] INFO: [cache]   Tim Seifert              RHB  | None[0m
[37m[21:11:54 F0 ENRICH] INFO: [cache]   Cameron Green            RHB  | Right-arm fast-medium[0m
[37m[21:11:54 F0 ENRICH] INFO: [cache]   Angkrish Raghuvanshi     LHB  | Right-arm off-spin[0m
[37m[21:11:54 F0 ENRICH] INFO: [cache]   Rovman Powell            RHB  | Right-arm medium-fast[0m
[37m[21:11:54 F0 ENRICH] INFO: [cache]   Rinku Singh              LHB  | None[0m
[37m[21:11:54 F0 ENRICH] INFO: [cache]   Sunil Narine             LHB  | Right-arm off-spin[0m
[37m[21:11:54 F0 ENRICH] INFO: [cache]   Ramandeep Singh          RHB  | Right-arm medium[0m
[37m[21:11:54 F0 ENRICH] INFO: [cache]   Anukul Roy               LHB  | Slow left-arm orthodox[0m
[37m[21:11:54 F0 ENRICH] INFO: [cache]   Vaibhav Arora            RHB  | Right-arm fast-medium[0m
[37m[21:11:54 F0 ENRICH] INFO: [cache]   Kartik Tyagi             RHB  | Right-arm fast[0m
[37m[21:11:54 F0 TEST] INFO: Team variants: ['GIA', 'GIANTS', 'KKR', 'KNI', 'KNIGHT', 'KO', 'KOL', 'KOLKATA', 'KOLKATA KNIGHT RIDERS', 'LKN', 'LSG', 'LU', 'LUC', 'LUCKNOW', 'LUCKNOW SUPER GIANTS', 'RID', 'RIDERS', 'SUP', 'SUPER'][0m
[37m[21:11:54 F0 TEST] INFO: Found Firefox window (on-screen): id=955 1018.0x811.0 "LSG vs KKR Live video streaming | TATA IPL 2026"[0m
[37m[21:11:54 F0 TEST] INFO: [BALL ANALYZER] Background capture started[0m
[37m[21:11:54 F0 TEST] INFO: [WS] client connected (1 total)[0m
[37m[21:11:55 F0 TEST] INFO: [WS] client connected (2 total)[0m
[37m[21:11:55 F0 FIELD] INFO: Pitch detected from green mask at (0.46, 0.48) (fallback — will recalibrate from people)[0m
[37m[21:11:55 F0 TEST] INFO: [CACHE] Cached state found — DISCARDING all scorecard/team data (Rule 1: always cold-start). Toss data is preserved if present.[0m
[37m[21:11:55 F0 TEST] INFO: ============================================================[0m
[37m[21:11:55 F0 TEST] INFO: [CONFIG] Vision:    Scout 17B (single call tag+read)[0m
[37m[21:11:55 F0 TEST] INFO: [CONFIG] Extractor: Groq (Scout 17B → 8B fallback)[0m
[37m[21:11:55 F0 TEST] INFO: [CONFIG] Scorer:    Groq (Scout 17B → 8B fallback)[0m
[37m[21:11:55 F0 TEST] INFO: PIPELINE STARTED — 18000s — NO TEAM ASSUMPTION[0m
[37m[21:11:55 F0 TEST] INFO: ============================================================[0m
[37m[21:11:55 F1 TEST] INFO: [WS] client connected (3 total)[0m
[37m[21:11:56 F1 VISION] INFO: [SCOUT] SCOREBOARD 956ms strip=True overlay=False drs=False cam=bowlers_end phase=between_play digits=True 277 chars[0m
[37m[21:11:56 F1 TEST] INFO:   [TEAM] From broadcast abbr: KKR → Kolkata Knight Riders[0m
[37m[21:11:56 F1 BOARD] INFO: Scorecards built: Kolkata Knight Riders (25 bat) vs Lucknow Super Giants (25 bowl)[0m
[37m[21:11:56 F1 TEST] INFO: === TEAMS SET: Kolkata Knight Riders batting (inn 1) vs Lucknow Super Giants bowling ===[0m
[37m[21:11:56 F1 TEST] INFO: 
=======================================================[0m
[37m[21:11:56 F1 TEST] INFO: [F1] SCOREBOARD — #1[0m
[37m[21:11:56 F1 TEST] INFO:   [V 964ms] STRIP: KKR 130-7 (19) | Narine 59(45) | Rinku 4(6) | Digvesh 0-21 (3)[0m
[37m[21:11:57 F1 TEST] INFO: [WS] client connected (4 total)[0m
[37m[21:11:58 F1 EXTRACT] INFO: Extracted in 1.2s (llama-4-scout-17b-16e-instruct)[0m
[37m[21:11:58 F1 TEST] INFO:   [E 1159ms] visible_team=Kolkata Knight Riders score=130-7 (19) target=None rr=None[0m
[37m[21:11:58 F1 TEST] INFO:     BAT: Narine 59(45) [0m
[37m[21:11:58 F1 TEST] INFO:     BAT: Rinku 4(6) [0m
[37m[21:11:58 F1 TEST] INFO:     BOWL: Digvesh 0-21 (3)[0m
[37m[21:11:58 F1 BOARD] INFO: [BOWLER SEED] Digvesh Singh Rathi figures seeded from scout text to 0-21 (3) — mid-spell entry (impact sub / mid-match join)[0m
[37m[21:11:58 F1 BOARD] INFO: Batter activated: Sunil Narine[0m
[37m[21:11:58 F1 TEST] INFO:   [STRIKER-WRITE] test_pipeline.py:6805 (run_test): non_striker None->Sunil Narine[0m
[37m[21:11:58 F1 BOARD] INFO: Batter activated: Rinku Singh[0m
[37m[21:11:58 F1 TEST] INFO:   [STRIKER-WRITE] test_pipeline.py:6805 (run_test): non_striker Sunil Narine->Rinku Singh[0m
[37m[21:11:58 F1 TEST] INFO:   [DIRECT] Batter updates: ['Narine: ext=59(45) → tracker=0(0) [was None(None)]', 'Rinku: ext=4(6) → tracker=0(0) [was None(None)]'][0m
[37m[21:11:59 F1 SCORER] INFO: Scored in 1.0s (llama-4-scout-17b-16e-instruct)[0m
[37m[21:11:59 F1 TEST] INFO:   [S] Hint: Current batters: NARINE and RINKU. Bowler: DIGVESH[0m
[37m[21:11:59 F1 TRACK] INFO: overs: initial proposed 19.0 (2/3 — waiting)[0m
[37m[21:11:59 F1 TRACK] INFO: wickets: initial proposed 7 (2/3 — waiting)[0m
[37m[21:11:59 F1 TEST] INFO:   [FLOW] Extractor batters not in scorer: {'RINKU', 'NARINE'}[0m
[37m[21:11:59 F1 TRACK] INFO: bat:Sunil Narine:runs: initial proposed 59 (2/3 — waiting)[0m
[37m[21:11:59 F1 TRACK] INFO: bat:Sunil Narine:balls: initial proposed 45 (2/3 — waiting)[0m
[37m[21:11:59 F1 TRACK] INFO: bat:Rinku Singh:runs: initial proposed 4 (2/3 — waiting)[0m
[37m[21:11:59 F1 TRACK] INFO: bat:Rinku Singh:balls: initial proposed 6 (2/3 — waiting)[0m
[37m[21:11:59 F1 TEST] INFO:   [S 1028ms] Changes: ['bat:Sunil Narine=59(45)', 'bat:Rinku Singh=4(6)', 'bowl:Digvesh Singh Rathi'][0m
[37m[21:11:59 F1 TEST] INFO:   Total: 3151ms (V:964 E:1159 S:1028)[0m
[37m[21:11:59 F1 TEST] INFO:   STATE: Kolkata Knight Riders None-None (None) inn=1 RR=— | Bat: Rinku Singh(0) Sunil Narine(0) | Bowl: Digvesh Singh Rathi 0-21[0m
[37m[21:11:59 F1 TEST] INFO:   [WS-PROJECTION-FALLBACK] non_striker='Rinku Singh' surfaced from sb._inn (SM-null, in active_batting)[0m
[33m[21:11:59 F1 TEST] WARN:   [WS-PROJECTION-GAP] striker=None (payload) sb._inn.striker=None sm.striker=None active_batting=['Rinku Singh', 'Sunil Narine'][0m
[37m[21:11:59 F1 TEST] INFO:   [ACTION] The players are taking a break between play.[0m
[FIELD WARN] Powerplay but 3 outside circle (max 2). Possible misclassification.
[37m[21:11:59 F1 TEST] INFO: DETAIL|F1|SCOREBOARD|tag=SCOREBOARD|scout=STRIP: KKR 130-7 (19) | Narine 59(45) | Rinku 4(6) | Digvesh 0-21 (3)|action=The players are taking a break between play.|ext_score=130-7(19)|ext_bat=Narine 59(45) | Rinku 4(6)|ext_bowl=Digvesh 0-21 (3)|scorer_changes=['bat:Sunil Narine=59(45)', 'bat:Rinku Singh=4(6)', 'bowl:Digvesh Singh Rathi']|yolo=7|BEFORE_score=None-None(None)|BEFORE_bat1=—|BEFORE_bat2=—|BEFORE_bowl=— ?-? (?)|BEFORE_this_over=[]|AFTER_score=None-None(None)|AFTER_bat1=Rinku Singh 0(0)|AFTER_bat2=Sunil Narine 0(0)|AFTER_bowl=Digvesh Singh Rathi 0-21 (3)|AFTER_this_over=[]|AFTER_this_over_src=|AFTER_striker=—|AFTER_non_striker=Rinku Singh|AFTER_run_rate=—|AFTER_target=—|AFTER_innings=1|AFTER_partnership=—|AFTER_fow_count=0|AFTER_field=pace_powerplay frozen=True fielders=['cover_point', 'silly_mid_on', 'gully', 'fine_leg', 'short_fine_leg', 'backward_point', 'short_leg', 'slip_1', 'point']|ball_event=—|ball_event_runs=—|ball_event_over=—|ball_event_extra=—|ball_event_free_hit=—|broadcast_extra=—|dismissal_mode=—|striker_this_ball=—|delivery_length=—|delivery_line=—|delivery_angle=—|delivery_shot=—|delivery_direction=—|delivery_elevation=—|delivery_bounce=—|delivery_dets=0|delivery_method=—|delivery_snap_dets=—|delivery_3layer_dets=—|delivery_det_rate=—|delivery_dir_zone=—|delivery_dir_conf=0|delivery_shot_action=—|delivery_shot_intent=—|delivery_swing=—|delivery_speed_vlm=—|delivery_vlm_conf=—|delivery_vlm_ms=—|speed_kph=—|venue=—|batting_team=Kolkata Knight Riders|match_info=—|completed_over=—|completed_over_runs=—|drs_state=NONE|corrections=none|lat_vision=964|lat_extract=1159|lat_scorer=1028|lat_field=46|lat_comm=0|lat_code=0|lat_total=3169|comm_bowler=Digvesh Singh Rathi|comm_wire=—|comm_storyteller=—|comm_analyst=—|comm_colour=—|comm_wire_ms=0|comm_story_ms=0|comm_analyst_ms=0|comm_colour_ms=0[0m
[37m[21:11:59 F1 TEST] INFO: [WS] client disconnected (3 remain)[0m
[37m[21:11:59 F1 TEST] INFO: [WS] client disconnected (2 remain)[0m
[37m[21:12:01 F2 VISION] INFO: [SCOUT] SCOREBOARD 646ms strip=True overlay=False drs=False cam=bowlers_end phase=between_play digits=True 294 chars[0m
[37m[21:12:01 F2 TEST] INFO: 
=======================================================[0m
[37m[21:12:01 F2 TEST] INFO: [F2] SCOREBOARD — #2[0m
[37m[21:12:01 F2 TEST] INFO:   [V 649ms] STRIP: KKR 130-7 (19) | NARINE 59(45) | RINKU 45(6) | DIGVESH 0-21 (3)[0m
[37m[21:12:02 F2 EXTRACT] INFO: Extracted in 1.1s (llama-4-scout-17b-16e-instruct)[0m
[37m[21:12:02 F2 TEST] INFO:   [E 1105ms] visible_team=Kolkata Knight Riders score=130-7 (19) target=None rr=None[0m
[37m[21:12:02 F2 TEST] INFO:     BAT: NARINE 59(45) [0m
[37m[21:12:02 F2 TEST] INFO:     BAT: RINKU 45(6) [0m
[37m[21:12:02 F2 TEST] INFO:     BOWL: DIGVESH 0-21 (3)[0m
[37m[21:12:02 F2 TRACK] INFO: bat:Sunil Narine:runs: initial → 59 (cold-start consensus 3/3)[0m
[37m[21:12:02 F2 TRACK] INFO: bat:Sunil Narine:balls: initial → 45 (cold-start consensus 3/3)[0m
[37m[21:12:02 F2 BOARD] INFO: Sunil Narine: 0(0) -> 59(45) [F2][0m
[37m[21:12:02 F2 TEST] INFO:   [STRIKER-WRITE] test_pipeline.py:6805 (run_test): non_striker Rinku Singh->Sunil Narine[0m
[37m[21:12:02 F2 TRACK] INFO: bat:Rinku Singh:runs: initial proposal flipped 4 → 45 — resetting consensus to 1/3[0m
[37m[21:12:02 F2 TRACK] INFO: bat:Rinku Singh:balls: initial → 6 (cold-start consensus 3/3)[0m
[37m[21:12:02 F2 BOARD] INFO: Rinku Singh: 0(0) -> 0(6) [F2][0m
[37m[21:12:02 F2 TEST] INFO:   [STRIKER-WRITE] test_pipeline.py:6805 (run_test): non_striker Sunil Narine->Rinku Singh[0m
[37m[21:12:02 F2 TEST] INFO:   [DIRECT] Batter updates: ['NARINE: ext=59(45) → tracker=59(45) [was 0(0)]', 'RINKU: ext=45(6) → tracker=0(6) [was 0(0)]'][0m
[37m[21:12:02 F2 TRACK] INFO: score: initial proposed 130 (2/3 — waiting)[0m
[37m[21:12:02 F2 TRACK] INFO: overs: initial → 19.0 (cold-start consensus 3/3)[0m
[37m[21:12:02 F2 BOARD] INFO: overs: None -> 19.0 [F2][0m
[37m[21:12:02 F2 TEST] INFO:   [DIRECT] overs→19[0m
[37m[21:12:02 F2 TRACK] INFO: wickets: initial → 7 (cold-start consensus 3/3)[0m
[37m[21:12:02 F2 BOARD] INFO: wickets: None -> 7 [F2][0m
[37m[21:12:02 F2 BOARD] INFO: [DISMISS] Cold-start seed — gate set to wickets=7 (zero_streak=0, historical wickets will not trigger auto-dismissal).[0m
[37m[21:12:02 F2 TEST] INFO:   [DIRECT] wickets→7[0m
[37m[21:12:03 F2 TEST] INFO: [WS] client connected (3 total)[0m
[37m[21:12:03 F2 SCORER] INFO: Scored in 0.9s (llama-4-scout-17b-16e-instruct)[0m
[37m[21:12:03 F2 TEST] INFO:   [S] Hint: Current batters: NARINE and RINKU. Bowler: DIGVESH. Read their stats from the scoreboard.[0m
[37m[21:12:03 F2 TEST] INFO:   [GUARD] Score correction in Scorer output: 0→130 (delta=130) — blocking ALL updates for this frame[0m
[37m[21:12:03 F2 TEST] INFO:   [CONSENSUS] Score 130 frame 1/2, waiting[0m
[37m[21:12:03 F2 TEST] INFO:   [S 943ms] Changes: ['CORRECTION_BLOCKED:130'][0m
[37m[21:12:03 F2 TEST] INFO:   Total: 2697ms (V:649 E:1105 S:943)[0m
[37m[21:12:03 F2 TEST] INFO:   STATE: Kolkata Knight Riders None-7 (19.0) inn=1 RR=— | Bat: Rinku Singh(0) Sunil Narine(59) | Bowl: Digvesh Singh Rathi 0-21[0m
[37m[21:12:03 F2 TEST] INFO:   [WS-PROJECTION-FALLBACK] non_striker='Rinku Singh' surfaced from sb._inn (SM-null, in active_batting)[0m
[37m[21:12:03 F2 TEST] INFO:   [ACTION] The players are taking a break and walking around the field.[0m
[37m[21:12:03 F2 FIELD] INFO: [F2] slip added — expecting edge[0m
[37m[21:12:03 F2 FIELD] INFO: [F2] IC-backward_square pushed back — defensive[0m
[37m[21:12:03 F2 FIELD] INFO: [F2] IC-cover moved to IC-point[0m
[37m[21:12:03 F2 FIELD] INFO: [F2] IC-backward_point brought in — attacking[0m
[37m[21:12:03 F2 FIELD] INFO: [F2] OC-deep_midwicket moved to OC-deep_third_man[0m
[37m[21:12:03 F2 BOARD] INFO: [FOW] Placeholder W1: _unwitnessed (no fabrication — awaiting real wicket event or CB scrape enrichment)[0m
[37m[21:12:03 F2 BOARD] INFO: [FOW] Placeholder W2: _unwitnessed (no fabrication — awaiting real wicket event or CB scrape enrichment)[0m
[37m[21:12:03 F2 BOARD] INFO: [FOW] Placeholder W3: _unwitnessed (no fabrication — awaiting real wicket event or CB scrape enrichment)[0m
[37m[21:12:03 F2 BOARD] INFO: [FOW] Placeholder W4: _unwitnessed (no fabrication — awaiting real wicket event or CB scrape enrichment)[0m
[37m[21:12:03 F2 BOARD] INFO: [FOW] Placeholder W5: _unwitnessed (no fabrication — awaiting real wicket event or CB scrape enrichment)[0m
[37m[21:12:03 F2 BOARD] INFO: [FOW] Placeholder W6: _unwitnessed (no fabrication — awaiting real wicket event or CB scrape enrichment)[0m
[37m[21:12:03 F2 BOARD] INFO: [FOW] Placeholder W7: _unwitnessed (no fabrication — awaiting real wicket event or CB scrape enrichment)[0m
[37m[21:12:03 F2 TEST] INFO: DETAIL|F2|SCOREBOARD|tag=SCOREBOARD|scout=STRIP: KKR 130-7 (19) | NARINE 59(45) | RINKU 45(6) | DIGVESH 0-21 (3)|action=The players are taking a break and walking around the field.|ext_score=130-7(19)|ext_bat=NARINE 59(45) | RINKU 45(6)|ext_bowl=DIGVESH 0-21 (3)|scorer_changes=['CORRECTION_BLOCKED:130']|yolo=7|BEFORE_score=None-None(None)|BEFORE_bat1=Rinku Singh 0(0)|BEFORE_bat2=Sunil Narine 0(0)|BEFORE_bowl=Digvesh Singh Rathi 0-21 (3)|BEFORE_this_over=[]|AFTER_score=None-7(19.0)|AFTER_bat1=Rinku Singh 0(6)|AFTER_bat2=Sunil Narine 59(45)|AFTER_bowl=Digvesh Singh Rathi 0-21 (3)|AFTER_this_over=[]|AFTER_this_over_src=|AFTER_striker=—|AFTER_non_striker=Rinku Singh|AFTER_run_rate=—|AFTER_target=—|AFTER_innings=1|AFTER_partnership=—|AFTER_fow_count=7|AFTER_field=pace_powerplay frozen=True fielders=['fine_leg', 'short_fine_leg', 'forward_short_leg', 'short_leg', 'cover_point', 'silly_mid_on', 'gully', 'leg_slip', 'deep_point']|ball_event=—|ball_event_runs=—|ball_event_over=—|ball_event_extra=—|ball_event_free_hit=—|broadcast_extra=—|dismissal_mode=—|striker_this_ball=—|delivery_length=—|delivery_line=—|delivery_angle=—|delivery_shot=—|delivery_direction=—|delivery_elevation=—|delivery_bounce=—|delivery_dets=0|delivery_method=—|delivery_snap_dets=—|delivery_3layer_dets=—|delivery_det_rate=—|delivery_dir_zone=—|delivery_dir_conf=0|delivery_shot_action=—|delivery_shot_intent=—|delivery_swing=—|delivery_speed_vlm=—|delivery_vlm_conf=—|delivery_vlm_ms=—|speed_kph=—|venue=—|batting_team=Kolkata Knight Riders|match_info=—|completed_over=—|completed_over_runs=—|drs_state=NONE|corrections=none|lat_vision=649|lat_extract=1105|lat_scorer=943|lat_field=49|lat_comm=0|lat_code=0|lat_total=2707|comm_bowler=Digvesh Singh Rathi|comm_wire=—|comm_storyteller=—|comm_analyst=—|comm_colour=—|comm_wire_ms=0|comm_story_ms=0|comm_analyst_ms=0|comm_colour_ms=0[0m
[37m[21:12:06 F3 VISION] INFO: [SCOUT] SCOREBOARD 732ms strip=True overlay=False drs=False cam=closeup phase=between_play digits=True 389 chars[0m
[37m[21:12:06 F3 TEST] INFO: 
=======================================================[0m
[37m[21:12:06 F3 TEST] INFO: [F3] SCOREBOARD — #3[0m
[37m[21:12:06 F3 TEST] INFO:   [V 735ms] STRIP: KKR 130-7 (19.1) | NARINE 59(46) | RINKU 4(6) | DIGVESH 0-21 (3.1)[0m
[37m[21:12:07 F3 TEST] INFO: [WS] client disconnected (2 remain)[0m
[37m[21:12:07 F3 EXTRACT] INFO: Extracted in 1.1s (llama-4-scout-17b-16e-instruct)[0m
[37m[21:12:07 F3 TEST] INFO:   [E 1063ms] visible_team=Kolkata Knight Riders score=130-7 (19.1) target=None rr=None[0m
[37m[21:12:07 F3 TEST] INFO:     BAT: NARINE 59(46) [0m
[37m[21:12:07 F3 TEST] INFO:     BAT: RINKU 4(6) [0m
[37m[21:12:07 F3 TEST] INFO:     BOWL: DIGVESH 0-21 (3.1)[0m
[37m[21:12:07 F3 TRACK] INFO: bowl:Digvesh Singh Rathi:overs: 3 → 3.1 (fast-confirm, natural bowler increment F3)[0m
[37m[21:12:07 F3 BOARD] INFO: Digvesh Singh Rathi: 0/21 (3) -> 0/21 (3.1) [F3][0m
[37m[21:12:07 F3 TRACK] INFO: bat:Sunil Narine:balls: 45 → 46 (fast-confirm, natural increment F3)[0m
[37m[21:12:07 F3 BOARD] INFO: Sunil Narine: 59(45) -> 59(46) [F3][0m
[37m[21:12:07 F3 TEST] INFO:   [STRIKER-WRITE] test_pipeline.py:6805 (run_test): non_striker Rinku Singh->Sunil Narine[0m
[37m[21:12:07 F3 TRACK] INFO: bat:Rinku Singh:runs: initial proposal flipped 45 → 4 — resetting consensus to 1/3[0m
[37m[21:12:07 F3 TEST] INFO:   [STRIKER-WRITE] test_pipeline.py:6805 (run_test): non_striker Sunil Narine->Rinku Singh[0m
[37m[21:12:07 F3 TEST] INFO:   [DIRECT] Batter updates: ['NARINE: ext=59(46) → tracker=59(46) [was 59(45)]', 'RINKU: ext=4(6) → tracker=0(6) [was 0(6)]'][0m
[37m[21:12:07 F3 TRACK] INFO: score: initial → 130 (cold-start consensus 3/3)[0m
[37m[21:12:07 F3 BOARD] INFO: score: None -> 130 [F3][0m
[37m[21:12:07 F3 TEST] INFO:   [DIRECT] score→130[0m
[37m[21:12:07 F3 TEST] INFO:   [DIRECT] wickets→7[0m
[37m[21:12:07 F3 TEST] INFO:   [INIT] First-frame initialization complete: 130-7(19.0)[0m
[37m[21:12:08 F3 SCORER] INFO: Scored in 1.0s (llama-4-scout-17b-16e-instruct)[0m
[37m[21:12:08 F3 TEST] INFO:   [S] Hint: Current batters: NARINE and RINKU. Bowler: DIGVESH[0m
[37m[21:12:08 F3 TRACK] INFO: overs: 19.0 → 19.1 (confirmed F3)[0m
[37m[21:12:08 F3 BOARD] INFO: overs: 19.0 -> 19.1 [F3][0m
[37m[21:12:08 F3 BOARD] INFO: [BOWLER-AUTO] overs delta deferred — Scout active (last bowler read 0 frame(s) ago); letting broadcast supply authoritative value[0m
[37m[21:12:08 F3 TEST] INFO:   [FLOW] Extractor batters not in scorer: {'RINKU', 'NARINE'}[0m
[37m[21:12:08 F3 TEST] INFO:   [STRIKER-WRITE] test_pipeline.py:2616 (apply_scorer_decision): non_striker Rinku Singh->Sunil Narine[0m
[37m[21:12:08 F3 TRACK] INFO: bat:Rinku Singh:runs: initial proposed 4 (2/3 — waiting)[0m
[37m[21:12:08 F3 TEST] INFO:   [STRIKER-WRITE] test_pipeline.py:2616 (apply_scorer_decision): non_striker Sunil Narine->Rinku Singh[0m
[37m[21:12:08 F3 TEST] INFO:   [S 979ms] Changes: ['score→130', 'overs→19.1', 'wickets→7', 'bat:Sunil Narine=59(46)', 'bat:Rinku Singh=4(6)', 'bowl:Digvesh Singh Rathi'][0m
[37m[21:12:08 F3 TEST] INFO:   Total: 2777ms (V:735 E:1063 S:979)[0m
[37m[21:12:08 F3 COMMENTARY] INFO: [GUARD] Score correction detected: delta=130, not a ball event[0m
[37m[21:12:08 F3 BOARD] INFO: run_rate: None -> 6.78 [F3][0m
[37m[21:12:08 F3 TEST] INFO:   STATE: Kolkata Knight Riders 130-7 (19.1) inn=1 RR=6.78 | Bat: Rinku Singh(0) Sunil Narine(59) | Bowl: Digvesh Singh Rathi 0-21[0m
[37m[21:12:08 F3 SCORE_MGR] INFO: [SM] cold-start candidate seeded 130/7 (19.1) — streak 1/3[0m
[37m[21:12:08 F3 TEST] INFO:   [WS-PROJECTION-FALLBACK] non_striker='Rinku Singh' surfaced from sb._inn (SM-null, in active_batting)[0m
[37m[21:12:08 F3 COMMENTARY] INFO: [PARTNERSHIP] new pair {'Sunil Narine', 'Rinku Singh'} anchored at score=71 balls=63  (team=130/115, guess_runs=59 guess_balls=52)[0m
[37m[21:12:08 F3 OVER] INFO: [FLOOR] Padded 1 '?' placeholders to this_over (team_overs=19.1 expects 1 legal, observed only 0) — new=['?'][0m
[37m[21:12:08 F3 TEST] INFO:   [ACTION] The camera shows a close-up of a Kolkata Knight Riders player wearing a red jers[0m
[37m[21:12:08 F3 TEST] INFO: DETAIL|F3|SCOREBOARD|tag=SCOREBOARD|scout=STRIP: KKR 130-7 (19.1) | NARINE 59(46) | RINKU 4(6) | DIGVESH 0-21 (3.1)|action=The camera shows a close-up of a Kolkata Knight Riders player wearing a red jersey with blue accents|ext_score=130-7(19.1)|ext_bat=NARINE 59(46) | RINKU 4(6)|ext_bowl=DIGVESH 0-21 (3.1)|scorer_changes=['score→130', 'overs→19.1', 'wickets→7', 'bat:Sunil Narine=59(46)', 'bat:Rinku Singh=4(6)', 'bowl:Digvesh Singh Rathi']|yolo=0|BEFORE_score=None-7(19.0)|BEFORE_bat1=Rinku Singh 0(6)|BEFORE_bat2=Sunil Narine 59(45)|BEFORE_bowl=Digvesh Singh Rathi 0-21 (3)|BEFORE_this_over=[]|AFTER_score=130-7(19.1)|AFTER_bat1=Rinku Singh 0(6)|AFTER_bat2=Sunil Narine 59(46)|AFTER_bowl=Digvesh Singh Rathi 0-21 (3.1)|AFTER_this_over=['?']|AFTER_this_over_src=?(bcast)|AFTER_striker=—|AFTER_non_striker=Rinku Singh|AFTER_run_rate=6.78|AFTER_target=—|AFTER_innings=1|AFTER_partnership=59(52)|AFTER_fow_count=7|AFTER_field=pace_powerplay frozen=True fielders=['fine_leg', 'short_fine_leg', 'forward_short_leg', 'short_leg', 'cover_point', 'silly_mid_on', 'gully', 'leg_slip', 'deep_point']|ball_event=—|ball_event_runs=—|ball_event_over=—|ball_event_extra=—|ball_event_free_hit=—|broadcast_extra=—|dismissal_mode=—|striker_this_ball=—|delivery_length=—|delivery_line=—|delivery_angle=—|delivery_shot=—|delivery_direction=—|delivery_elevation=—|delivery_bounce=—|delivery_dets=0|delivery_method=—|delivery_snap_dets=—|delivery_3layer_dets=—|delivery_det_rate=—|delivery_dir_zone=—|delivery_dir_conf=0|delivery_shot_action=—|delivery_shot_intent=—|delivery_swing=—|delivery_speed_vlm=—|delivery_vlm_conf=—|delivery_vlm_ms=—|speed_kph=—|venue=—|batting_team=Kolkata Knight Riders|match_info=—|completed_over=—|completed_over_runs=—|drs_state=NONE|corrections=none|lat_vision=735|lat_extract=1063|lat_scorer=979|lat_field=49|lat_comm=0|lat_code=0|lat_total=2795|comm_bowler=Digvesh Singh Rathi|comm_wire=—|comm_storyteller=—|comm_analyst=—|comm_colour=—|comm_wire_ms=0|comm_story_ms=0|comm_analyst_ms=0|comm_colour_ms=0[0m
[37m[21:12:11 F4 VISION] INFO: [SCOUT] SCOREBOARD 757ms strip=True overlay=False drs=False cam=closeup phase=between_play digits=True 311 chars[0m
[37m[21:12:11 F4 TEST] INFO: 
=======================================================[0m
[37m[21:12:11 F4 TEST] INFO: [F4] SCOREBOARD — #4[0m
[37m[21:12:11 F4 TEST] INFO:   [V 760ms] STRIP: KKR 130-7 (19.1) | NARINE 4(6) | RINKU 59(46) | DIGVESH 0-21 (3.1)[0m
[37m[21:12:11 F4 TEST] INFO: [WS] client connected (3 total)[0m
[37m[21:12:12 F4 EXTRACT] INFO: Extracted in 1.1s (llama-4-scout-17b-16e-instruct)[0m
[37m[21:12:12 F4 TEST] INFO:   [GUARD] Sunil Narine diff 59→4 — comparison strip for batting team[0m
[37m[21:12:12 F4 TEST] INFO:   [E 1132ms] visible_team=Kolkata Knight Riders score=None-7 (None) target=None rr=None[0m
[37m[21:12:13 F4 SCORER] INFO: Scored in 0.9s (llama-4-scout-17b-16e-instruct)[0m
[37m[21:12:13 F4 TEST] INFO:   [S] Hint: Current batters: NARINE and RINKU. Bowler: DIGVESH. Read their stats from the scoreboard.[0m
[37m[21:12:13 F4 TEST] INFO:   [S 859ms] Changes: ['FRAME_POISONED:130'][0m
[37m[21:12:13 F4 TEST] INFO:   Total: 2752ms (V:760 E:1132 S:859)[0m
[37m[21:12:13 F4 TEST] INFO:   [THIS OVER] ['?'] = 0 runs[0m
[37m[21:12:13 F4 TEST] INFO:   STATE: Kolkata Knight Riders 130-7 (19.1) inn=1 RR=6.78 | Bat: Rinku Singh(0) Sunil Narine(59) | Bowl: Digvesh Singh Rathi 0-21[0m
[37m[21:12:13 F4 SCORE_MGR] INFO: [SM] cold-start consensus building 130/7 (19.1) — streak 2/3[0m
[37m[21:12:13 F4 TEST] INFO:   [WS-PROJECTION-FALLBACK] non_striker='Rinku Singh' surfaced from sb._inn (SM-null, in active_batting)[0m
[37m[21:12:13 F4 TEST] INFO:   [ACTION] The camera shows spectators watching the match with concern or disappointment.[0m
[37m[21:12:13 F4 TEST] INFO: DETAIL|F4|SCOREBOARD|tag=SCOREBOARD|scout=STRIP: KKR 130-7 (19.1) | NARINE 4(6) | RINKU 59(46) | DIGVESH 0-21 (3.1)|action=The camera shows spectators watching the match with concern or disappointment.|ext_score=None-7(None)|ext_bat=|ext_bowl=|scorer_changes=['FRAME_POISONED:130']|yolo=2|BEFORE_score=130-7(19.1)|BEFORE_bat1=Rinku Singh 0(6)|BEFORE_bat2=Sunil Narine 59(46)|BEFORE_bowl=Digvesh Singh Rathi 0-21 (3.1)|BEFORE_this_over=['?']|AFTER_score=130-7(19.1)|AFTER_bat1=Rinku Singh 0(6)|AFTER_bat2=Sunil Narine 59(46)|AFTER_bowl=Digvesh Singh Rathi 0-21 (3.1)|AFTER_this_over=['?']|AFTER_this_over_src=?(bcast)|AFTER_striker=—|AFTER_non_striker=Rinku Singh|AFTER_run_rate=6.78|AFTER_target=—|AFTER_innings=1|AFTER_partnership=59(52)|AFTER_fow_count=7|AFTER_field=pace_powerplay frozen=True fielders=['fine_leg', 'short_fine_leg', 'forward_short_leg', 'short_leg', 'cover_point', 'silly_mid_on', 'gully', 'leg_slip', 'deep_point']|ball_event=—|ball_event_runs=—|ball_event_over=—|ball_event_extra=—|ball_event_free_hit=—|broadcast_extra=—|dismissal_mode=—|striker_this_ball=—|delivery_length=—|delivery_line=—|delivery_angle=—|delivery_shot=—|delivery_direction=—|delivery_elevation=—|delivery_bounce=—|delivery_dets=0|delivery_method=—|delivery_snap_dets=—|delivery_3layer_dets=—|delivery_det_rate=—|delivery_dir_zone=—|delivery_dir_conf=0|delivery_shot_action=—|delivery_shot_intent=—|delivery_swing=—|delivery_speed_vlm=—|delivery_vlm_conf=—|delivery_vlm_ms=—|speed_kph=—|venue=—|batting_team=Kolkata Knight Riders|match_info=—|completed_over=—|completed_over_runs=—|drs_state=NONE|corrections=none|lat_vision=760|lat_extract=1132|lat_scorer=859|lat_field=51|lat_comm=0|lat_code=0|lat_total=2757|comm_bowler=Digvesh Singh Rathi|comm_wire=—|comm_storyteller=—|comm_analyst=—|comm_colour=—|comm_wire_ms=0|comm_story_ms=0|comm_analyst_ms=0|comm_colour_ms=0[0m
[37m[21:12:15 F5 TEST] INFO: [WS] client disconnected (2 remain)[0m
[37m[21:12:16 F5 VISION] INFO: [SCOUT] SCOREBOARD 593ms strip=True overlay=False drs=False cam=closeup phase=between_play digits=True 298 chars[0m
[37m[21:12:16 F5 TEST] INFO: 
=======================================================[0m
[37m[21:12:16 F5 TEST] INFO: [F5] SCOREBOARD — #5[0m
[37m[21:12:16 F5 TEST] INFO:   [V 596ms] STRIP: KKR 130-7 (19.1) | NARINE 59(46) | RINKU | DIGVESH 0-21 (3.1)[0m
[37m[21:12:17 F5 EXTRACT] INFO: Extracted in 1.0s (llama-4-scout-17b-16e-instruct)[0m
[37m[21:12:17 F5 TEST] INFO:   [E 1044ms] visible_team=Kolkata Knight Riders score=130-7 (19.1) target=None rr=None[0m
[37m[21:12:17 F5 TEST] INFO:     BAT: NARINE 59(46) [0m
[37m[21:12:17 F5 TEST] INFO:     BAT: RINKU None(None) [0m
[37m[21:12:17 F5 TEST] INFO:     BOWL: DIGVESH 0-21 (3.1)[0m
[37m[21:12:17 F5 TEST] INFO:   [STRIKER-WRITE] test_pipeline.py:6805 (run_test): non_striker Rinku Singh->Sunil Narine[0m
[37m[21:12:17 F5 TEST] INFO:   [DIRECT] Batter updates: ['NARINE: ext=59(46) → tracker=59(46) [was 59(46)]', 'RINKU: ext=None(None) → tracker=0(6) [was 0(6)]'][0m
[37m[21:12:17 F5 TEST] INFO:   [DIRECT] score→130[0m
[37m[21:12:17 F5 TEST] INFO:   [DIRECT] overs→19.1[0m
[37m[21:12:17 F5 TEST] INFO:   [DIRECT] wickets→7[0m
[37m[21:12:18 F5 SCORER] INFO: Scored in 0.9s (llama-4-scout-17b-16e-instruct)[0m
[37m[21:12:18 F5 TEST] INFO:   [S] Hint: Current batters: NARINE and RINKU. Bowler: DIGVESH[0m
[37m[21:12:18 F5 TEST] INFO:   [FLOW] Extractor batters not in scorer: {'RINKU', 'NARINE', 'RINKU SINGH'}[0m
[37m[21:12:18 F5 TEST] INFO:   [S 875ms] Changes: ['score→130', 'overs→19.1', 'wickets→7', 'bat:Sunil Narine=59(46)', 'bowl:Digvesh Singh Rathi'][0m
[37m[21:12:18 F5 TEST] INFO:   Total: 2515ms (V:596 E:1044 S:875)[0m
[37m[21:12:18 F5 TEST] INFO:   [THIS OVER] ['?'] = 0 runs[0m
[37m[21:12:18 F5 TEST] INFO:   STATE: Kolkata Knight Riders 130-7 (19.1) inn=1 RR=6.78 | Bat: Rinku Singh(0) Sunil Narine(59) | Bowl: Digvesh Singh Rathi 0-21[0m
[37m[21:12:18 F5 SCORE_MGR] INFO: [SM] COLD_START → WARM (consensus 3/3)  130/7 (19.1)[0m
[37m[21:12:18 F5 TEST] INFO:   [ACTION] The camera shows spectators, specifically two boys watching the match.[0m
[37m[21:12:18 F5 TEST] INFO: DETAIL|F5|SCOREBOARD|tag=SCOREBOARD|scout=STRIP: KKR 130-7 (19.1) | NARINE 59(46) | RINKU | DIGVESH 0-21 (3.1)|action=The camera shows spectators, specifically two boys watching the match.|ext_score=130-7(19.1)|ext_bat=NARINE 59(46) | RINKU None(None)|ext_bowl=DIGVESH 0-21 (3.1)|scorer_changes=['score→130', 'overs→19.1', 'wickets→7', 'bat:Sunil Narine=59(46)', 'bowl:Digvesh Singh Rathi']|yolo=0|BEFORE_score=130-7(19.1)|BEFORE_bat1=Rinku Singh 0(6)|BEFORE_bat2=Sunil Narine 59(46)|BEFORE_bowl=Digvesh Singh Rathi 0-21 (3.1)|BEFORE_this_over=['?']|AFTER_score=130-7(19.1)|AFTER_bat1=Rinku Singh 0(6)|AFTER_bat2=Sunil Narine 59(46)|AFTER_bowl=Digvesh Singh Rathi 0-21 (3.1)|AFTER_this_over=['?']|AFTER_this_over_src=?(bcast)|AFTER_striker=Sunil Narine|AFTER_non_striker=Rinku Singh|AFTER_run_rate=6.78|AFTER_target=—|AFTER_innings=1|AFTER_partnership=59(52)|AFTER_fow_count=7|AFTER_field=pace_powerplay frozen=True fielders=['fine_leg', 'short_fine_leg', 'forward_short_leg', 'short_leg', 'cover_point', 'silly_mid_on', 'gully', 'leg_slip', 'deep_point']|ball_event=—|ball_event_runs=—|ball_event_over=—|ball_event_extra=—|ball_event_free_hit=—|broadcast_extra=—|dismissal_mode=—|striker_this_ball=—|delivery_length=—|delivery_line=—|delivery_angle=—|delivery_shot=—|delivery_direction=—|delivery_elevation=—|delivery_bounce=—|delivery_dets=0|delivery_method=—|delivery_snap_dets=—|delivery_3layer_dets=—|delivery_det_rate=—|delivery_dir_zone=—|delivery_dir_conf=0|delivery_shot_action=—|delivery_shot_intent=—|delivery_swing=—|delivery_speed_vlm=—|delivery_vlm_conf=—|delivery_vlm_ms=—|speed_kph=—|venue=—|batting_team=Kolkata Knight Riders|match_info=—|completed_over=—|completed_over_runs=—|drs_state=NONE|corrections=none|lat_vision=596|lat_extract=1044|lat_scorer=875|lat_field=83|lat_comm=0|lat_code=0|lat_total=2523|comm_bowler=Digvesh Singh Rathi|comm_wire=—|comm_storyteller=—|comm_analyst=—|comm_colour=—|comm_wire_ms=0|comm_story_ms=0|comm_analyst_ms=0|comm_colour_ms=0[0m
[37m[21:12:19 F5 TEST] INFO: [WS] client connected (3 total)[0m
[37m[21:12:20 F5 TEST] INFO: [WS] client connected (4 total)[0m
[37m[21:12:21 F6 VISION] INFO: [SCOUT] SCOREBOARD 709ms strip=True overlay=False drs=False cam=other phase=between_play digits=True 298 chars[0m
[37m[21:12:21 F6 TEST] INFO: [F6] SCOREBOARD cam=other → dead-time skip (#1)[0m
[37m[21:12:21 F6 TEST] INFO:   [WS-PROJECTION-GAP] cleared — payload now striker='Sunil Narine' non_striker='Rinku Singh' current_bowler='Digvesh Singh Rathi'[0m
[37m[21:12:23 F7 TEST] INFO: [WS] client disconnected (3 remain)[0m
[37m[21:12:23 F7 VISION] INFO: [SCOUT] SCOREBOARD 671ms strip=True overlay=False drs=False cam=bowlers_end phase=between_play digits=True 339 chars[0m
[37m[21:12:23 F7 TEST] INFO: [F7] cam=bowlers_end → resuming active play after dead-time gap (#1 skipped)[0m
[37m[21:12:23 F7 TEST] INFO: 
=======================================================[0m
[37m[21:12:23 F7 TEST] INFO: [F7] SCOREBOARD — #6[0m
[37m[21:12:23 F7 TEST] INFO:   [V 674ms] STRIP: KKR 130-7 (19.1) | NARINE 59(46) | RINKU 4(6) | DIGVESH 0-21 (3.1)[0m
[37m[21:12:24 F7 TEST] INFO: [WS] client disconnected (2 remain)[0m
[37m[21:12:25 F7 EXTRACT] INFO: Extracted in 1.1s (llama-4-scout-17b-16e-instruct)[0m
[37m[21:12:25 F7 TEST] INFO:   [E 1143ms] visible_team=Kolkata Knight Riders score=130-7 (19.1) target=None rr=None[0m
[37m[21:12:25 F7 TEST] INFO:     BAT: NARINE 59(46) [0m
[37m[21:12:25 F7 TEST] INFO:     BAT: RINKU 4(6) [0m
[37m[21:12:25 F7 TEST] INFO:     BOWL: DIGVESH 0-21 (3.1)[0m
[37m[21:12:25 F7 TRACK] INFO: bat:Rinku Singh:runs: initial → 4 (cold-start consensus 3/3)[0m
[37m[21:12:25 F7 BOARD] INFO: Rinku Singh: 0(6) -> 4(6) [F7][0m
[37m[21:12:25 F7 TEST] INFO:   [STRIKER-WRITE] test_pipeline.py:6805 (run_test): non_striker Sunil Narine->Rinku Singh[0m
[37m[21:12:25 F7 TEST] INFO:   [DIRECT] Batter updates: ['NARINE: ext=59(46) → tracker=59(46) [was 59(46)]', 'RINKU: ext=4(6) → tracker=4(6) [was 0(6)]'][0m
[37m[21:12:25 F7 TEST] INFO:   [DIRECT] score→130[0m
[37m[21:12:25 F7 TEST] INFO:   [DIRECT] overs→19.1[0m
[37m[21:12:25 F7 TEST] INFO:   [DIRECT] wickets→7[0m
[37m[21:12:26 F7 SCORER] INFO: Scored in 1.1s (llama-4-scout-17b-16e-instruct)[0m
[37m[21:12:26 F7 TEST] INFO:   [S] Hint: Current batters: NARINE and RINKU. Bowler: DIGVESH. Read their stats from the scoreboard.[0m
[37m[21:12:26 F7 TEST] INFO:   [FLOW] Extractor batters not in scorer: {'RINKU', 'NARINE'}[0m
[37m[21:12:26 F7 TEST] INFO:   [STRIKER-WRITE] test_pipeline.py:2616 (apply_scorer_decision): non_striker Rinku Singh->Sunil Narine[0m
[37m[21:12:26 F7 TEST] INFO:   [STRIKER-WRITE] test_pipeline.py:2616 (apply_scorer_decision): non_striker Sunil Narine->Rinku Singh[0m
[37m[21:12:26 F7 TEST] INFO:   [S 1083ms] Changes: ['score→130', 'overs→19.1', 'wickets→7', 'bat:Sunil Narine=59(46)', 'bat:Rinku Singh=4(6)', 'bowl:Digvesh Singh Rathi'][0m
[37m[21:12:26 F7 TEST] INFO:   Total: 2900ms (V:674 E:1143 S:1083)[0m
[37m[21:12:26 F7 TEST] INFO:   [THIS OVER] ['?'] = 0 runs[0m
[37m[21:12:26 F7 TEST] INFO:   STATE: Kolkata Knight Riders 130-7 (19.1) inn=1 RR=6.78 | Bat: Rinku Singh(4) Sunil Narine(59) | Bowl: Digvesh Singh Rathi 0-21[0m
[37m[21:12:26 F7 TEST] INFO:   [ACTION] The game is currently paused with the Kolkata Knight Riders batting and Lucknow [0m
[37m[21:12:26 F7 FIELD] INFO: [F7] OC-deep_third_man moved to OC-third_man_fine[0m
[37m[21:12:26 F7 FIELD] INFO: [F7] IC-backward_point brought in — attacking[0m
[37m[21:12:26 F7 FIELD] INFO: [F7] OC-deep_midwicket_sq moved to OC-deep_square_leg[0m
[37m[21:12:26 F7 FIELD] INFO: [F7] slip removed — less catching pressure[0m
[37m[21:12:26 F7 FIELD] INFO: [F7] IC-backward_point pushed back — defensive[0m
[37m[21:12:26 F7 FIELD] INFO: [F7] IC-backward_point pushed back — defensive[0m
[37m[21:12:26 F7 FIELD] INFO: [F7] IC-point pushed back — defensive[0m
[37m[21:12:26 F7 TEST] INFO: DETAIL|F7|SCOREBOARD|tag=SCOREBOARD|scout=STRIP: KKR 130-7 (19.1) | NARINE 59(46) | RINKU 4(6) | DIGVESH 0-21 (3.1)|action=The game is currently paused with the Kolkata Knight Riders batting and Lucknow Super Giants fieldin|ext_score=130-7(19.1)|ext_bat=NARINE 59(46) | RINKU 4(6)|ext_bowl=DIGVESH 0-21 (3.1)|scorer_changes=['score→130', 'overs→19.1', 'wickets→7', 'bat:Sunil Narine=59(46)', 'bat:Rinku Singh=4(6)', 'bowl:Digvesh Singh Rathi']|yolo=7|BEFORE_score=130-7(19.1)|BEFORE_bat1=Rinku Singh 0(6)|BEFORE_bat2=Sunil Narine 59(46)|BEFORE_bowl=Digvesh Singh Rathi 0-21 (3.1)|BEFORE_this_over=['?']|AFTER_score=130-7(19.1)|AFTER_bat1=Rinku Singh 4(6)|AFTER_bat2=Sunil Narine 59(46)|AFTER_bowl=Digvesh Singh Rathi 0-21 (3.1)|AFTER_this_over=['?']|AFTER_this_over_src=?(bcast)|AFTER_striker=Sunil Narine|AFTER_non_striker=Rinku Singh|AFTER_run_rate=6.78|AFTER_target=—|AFTER_innings=1|AFTER_partnership=59(52)|AFTER_fow_count=7|AFTER_field=pace_powerplay frozen=True fielders=['fine_leg', 'short_fine_leg', 'forward_short_leg', 'short_leg', 'cover_point', 'silly_mid_on', 'gully', 'leg_slip', 'deep_point']|ball_event=—|ball_event_runs=—|ball_event_over=—|ball_event_extra=—|ball_event_free_hit=—|broadcast_extra=—|dismissal_mode=—|striker_this_ball=—|delivery_length=—|delivery_line=—|delivery_angle=—|delivery_shot=—|delivery_direction=—|delivery_elevation=—|delivery_bounce=—|delivery_dets=0|delivery_method=—|delivery_snap_dets=—|delivery_3layer_dets=—|delivery_det_rate=—|delivery_dir_zone=—|delivery_dir_conf=0|delivery_shot_action=—|delivery_shot_intent=—|delivery_swing=—|delivery_speed_vlm=—|delivery_vlm_conf=—|delivery_vlm_ms=—|speed_kph=—|venue=—|batting_team=Kolkata Knight Riders|match_info=—|completed_over=—|completed_over_runs=—|drs_state=NONE|corrections=none|lat_vision=674|lat_extract=1143|lat_scorer=1083|lat_field=48|lat_comm=0|lat_code=0|lat_total=2915|comm_bowler=Digvesh Singh Rathi|comm_wire=—|comm_storyteller=—|comm_analyst=—|comm_colour=—|comm_wire_ms=0|comm_story_ms=0|comm_analyst_ms=0|comm_colour_ms=0[0m
[37m[21:12:28 F7 TEST] INFO: [WS] client connected (3 total)[0m
[37m[21:12:28 F8 VISION] INFO: [SCOUT] SCOREBOARD 674ms strip=True overlay=False drs=False cam=closeup phase=between_play digits=True 326 chars[0m
[37m[21:12:28 F8 TEST] INFO: 
=======================================================[0m
[37m[21:12:28 F8 TEST] INFO: [F8] SCOREBOARD — #7[0m
[37m[21:12:28 F8 TEST] INFO:   [V 677ms] STRIP: KKR 130-7 (19.1) | NARINE 4(6) | RINKU 59(46) | DIGVESH 0-21 (3.1)[0m
[37m[21:12:29 F8 EXTRACT] INFO: Extracted in 0.7s (llama-4-scout-17b-16e-instruct)[0m
[37m[21:12:29 F8 TEST] INFO:   [GUARD] Sunil Narine diff 59→4 — comparison strip for batting team[0m
[37m[21:12:29 F8 TEST] INFO:   [E 659ms] visible_team=Kolkata Knight Riders score=None-7 (None) target=None rr=None[0m
[37m[21:12:30 F8 SCORER] INFO: Scored in 1.0s (llama-4-scout-17b-16e-instruct)[0m
[37m[21:12:30 F8 TEST] INFO:   [S] Hint: Current batters: SINGH and NARINE. Bowler: RATHI. Read their stats from the scoreboard.[0m
[37m[21:12:30 F8 TEST] INFO:   [S 1005ms] Changes: ['FRAME_POISONED:130'][0m
[37m[21:12:30 F8 TEST] INFO:   Total: 2341ms (V:677 E:659 S:1005)[0m
[37m[21:12:30 F8 TEST] INFO:   [THIS OVER] ['?'] = 0 runs[0m
[37m[21:12:30 F8 TEST] INFO:   STATE: Kolkata Knight Riders 130-7 (19.1) inn=1 RR=6.78 | Bat: Rinku Singh(4) Sunil Narine(59) | Bowl: Digvesh Singh Rathi 0-21[0m
[37m[21:12:30 F8 TEST] INFO:   [ACTION] The camera shows a close-up of a Kolkata Knight Riders player, likely during a b[0m
[37m[21:12:30 F8 TEST] INFO: DETAIL|F8|SCOREBOARD|tag=SCOREBOARD|scout=STRIP: KKR 130-7 (19.1) | NARINE 4(6) | RINKU 59(46) | DIGVESH 0-21 (3.1)|action=The camera shows a close-up of a Kolkata Knight Riders player, likely during a break in play.|ext_score=None-7(None)|ext_bat=|ext_bowl=|scorer_changes=['FRAME_POISONED:130']|yolo=0|BEFORE_score=130-7(19.1)|BEFORE_bat1=Rinku Singh 4(6)|BEFORE_bat2=Sunil Narine 59(46)|BEFORE_bowl=Digvesh Singh Rathi 0-21 (3.1)|BEFORE_this_over=['?']|AFTER_score=130-7(19.1)|AFTER_bat1=Rinku Singh 4(6)|AFTER_bat2=Sunil Narine 59(46)|AFTER_bowl=Digvesh Singh Rathi 0-21 (3.1)|AFTER_this_over=['?']|AFTER_this_over_src=?(bcast)|AFTER_striker=Sunil Narine|AFTER_non_striker=Rinku Singh|AFTER_run_rate=6.78|AFTER_target=—|AFTER_innings=1|AFTER_partnership=59(52)|AFTER_fow_count=7|AFTER_field=pace_powerplay frozen=True fielders=['fine_leg', 'short_fine_leg', 'forward_short_leg', 'short_leg', 'cover_point', 'silly_mid_on', 'gully', 'leg_slip', 'deep_point']|ball_event=—|ball_event_runs=—|ball_event_over=—|ball_event_extra=—|ball_event_free_hit=—|broadcast_extra=—|dismissal_mode=—|striker_this_ball=—|delivery_length=—|delivery_line=—|delivery_angle=—|delivery_shot=—|delivery_direction=—|delivery_elevation=—|delivery_bounce=—|delivery_dets=0|delivery_method=—|delivery_snap_dets=—|delivery_3layer_dets=—|delivery_det_rate=—|delivery_dir_zone=—|delivery_dir_conf=0|delivery_shot_action=—|delivery_shot_intent=—|delivery_swing=—|delivery_speed_vlm=—|delivery_vlm_conf=—|delivery_vlm_ms=—|speed_kph=—|venue=—|batting_team=Kolkata Knight Riders|match_info=—|completed_over=—|completed_over_runs=—|drs_state=NONE|corrections=none|lat_vision=677|lat_extract=659|lat_scorer=1005|lat_field=51|lat_comm=0|lat_code=0|lat_total=2345|comm_bowler=Digvesh Singh Rathi|comm_wire=—|comm_storyteller=—|comm_analyst=—|comm_colour=—|comm_wire_ms=0|comm_story_ms=0|comm_analyst_ms=0|comm_colour_ms=0[0m
[37m[21:12:32 F8 TEST] INFO: [WS] client disconnected (2 remain)[0m
[37m[21:12:33 F9 VISION] INFO: [SCOUT] SCOREBOARD 606ms strip=True overlay=False drs=False cam=closeup phase=between_play digits=True 299 chars[0m
[37m[21:12:33 F9 TEST] INFO: 
=======================================================[0m
[37m[21:12:33 F9 TEST] INFO: [F9] SCOREBOARD — #8[0m
[37m[21:12:33 F9 TEST] INFO:   [V 612ms] STRIP: KKR 130-7 (19.1) | Narine 4(6) | Rinku 59(46) | Digvesh 0-21 (3.1)[0m
[37m[21:12:34 F9 EXTRACT] INFO: Extracted in 0.8s (llama-4-scout-17b-16e-instruct)[0m
[37m[21:12:34 F9 TEST] INFO:   [GUARD] Sunil Narine diff 59→4 — comparison strip for batting team[0m
[37m[21:12:34 F9 TEST] INFO:   [E 751ms] visible_team=Kolkata Knight Riders score=None-7 (None) target=None rr=None[0m
[37m[21:12:35 F9 SCORER] INFO: Scored in 0.9s (llama-4-scout-17b-16e-instruct)[0m
[37m[21:12:35 F9 TEST] INFO:   [S] Hint: Current batters: Narine and Rinku. Bowler: Digvesh Singh Rathi[0m
[37m[21:12:35 F9 TEST] INFO:   [S 857ms] Changes: ['FRAME_POISONED:130'][0m
[37m[21:12:35 F9 TEST] INFO:   Total: 2220ms (V:612 E:751 S:857)[0m
[37m[21:12:35 F9 TEST] INFO:   [THIS OVER] ['?'] = 0 runs[0m
[37m[21:12:35 F9 TEST] INFO:   STATE: Kolkata Knight Riders 130-7 (19.1) inn=1 RR=6.78 | Bat: Rinku Singh(4) Sunil Narine(59) | Bowl: Digvesh Singh Rathi 0-21[0m
[37m[21:12:35 F9 TEST] INFO:   [ACTION] A player is being shown in a close-up shot during a break in play.[0m
[37m[21:12:35 F9 TEST] INFO: DETAIL|F9|SCOREBOARD|tag=SCOREBOARD|scout=STRIP: KKR 130-7 (19.1) | Narine 4(6) | Rinku 59(46) | Digvesh 0-21 (3.1)|action=A player is being shown in a close-up shot during a break in play.|ext_score=None-7(None)|ext_bat=|ext_bowl=|scorer_changes=['FRAME_POISONED:130']|yolo=0|BEFORE_score=130-7(19.1)|BEFORE_bat1=Rinku Singh 4(6)|BEFORE_bat2=Sunil Narine 59(46)|BEFORE_bowl=Digvesh Singh Rathi 0-21 (3.1)|BEFORE_this_over=['?']|AFTER_score=130-7(19.1)|AFTER_bat1=Rinku Singh 4(6)|AFTER_bat2=Sunil Narine 59(46)|AFTER_bowl=Digvesh Singh Rathi 0-21 (3.1)|AFTER_this_over=['?']|AFTER_this_over_src=?(bcast)|AFTER_striker=Sunil Narine|AFTER_non_striker=Rinku Singh|AFTER_run_rate=6.78|AFTER_target=—|AFTER_innings=1|AFTER_partnership=59(52)|AFTER_fow_count=7|AFTER_field=pace_powerplay frozen=True fielders=['fine_leg', 'short_fine_leg', 'forward_short_leg', 'short_leg', 'cover_point', 'silly_mid_on', 'gully', 'leg_slip', 'deep_point']|ball_event=—|ball_event_runs=—|ball_event_over=—|ball_event_extra=—|ball_event_free_hit=—|broadcast_extra=—|dismissal_mode=—|striker_this_ball=—|delivery_length=—|delivery_line=—|delivery_angle=—|delivery_shot=—|delivery_direction=—|delivery_elevation=—|delivery_bounce=—|delivery_dets=0|delivery_method=—|delivery_snap_dets=—|delivery_3layer_dets=—|delivery_det_rate=—|delivery_dir_zone=—|delivery_dir_conf=0|delivery_shot_action=—|delivery_shot_intent=—|delivery_swing=—|delivery_speed_vlm=—|delivery_vlm_conf=—|delivery_vlm_ms=—|speed_kph=—|venue=—|batting_team=Kolkata Knight Riders|match_info=—|completed_over=—|completed_over_runs=—|drs_state=NONE|corrections=none|lat_vision=612|lat_extract=751|lat_scorer=857|lat_field=86|lat_comm=0|lat_code=0|lat_total=2225|comm_bowler=Digvesh Singh Rathi|comm_wire=—|comm_storyteller=—|comm_analyst=—|comm_colour=—|comm_wire_ms=0|comm_story_ms=0|comm_analyst_ms=0|comm_colour_ms=0[0m
[37m[21:12:36 F9 TEST] INFO: [WS] client connected (3 total)[0m
[37m[21:12:37 F10 VISION] INFO: [SCOUT] SCOREBOARD 610ms strip=True overlay=False drs=False cam=closeup phase=between_play digits=True 314 chars[0m
[37m[21:12:37 F10 TEST] INFO: 
=======================================================[0m
[37m[21:12:37 F10 TEST] INFO: [F10] SCOREBOARD — #9[0m
[37m[21:12:37 F10 TEST] INFO:   [V 613ms] STRIP: KKR 130-7 (19.1) | Narine 59(46) | Rinku 4(6) | Digvesh WD 0-21 (3.1)[0m
[37m[21:12:38 F10 EXTRACT] INFO: Extracted in 1.0s (llama-4-scout-17b-16e-instruct)[0m
[37m[21:12:38 F10 TEST] INFO:   [E 1050ms] visible_team=Kolkata Knight Riders score=130-7 (19.1) target=None rr=None[0m
[37m[21:12:38 F10 TEST] INFO:     BAT: Narine 59(46) [0m
[37m[21:12:38 F10 TEST] INFO:     BAT: Rinku 4(6) [0m
[37m[21:12:38 F10 TEST] INFO:     BOWL: Digvesh 0-21 (3.1)[0m
[37m[21:12:38 F10 TEST] INFO:   [STRIKER-WRITE] test_pipeline.py:6805 (run_test): non_striker Rinku Singh->Sunil Narine[0m
[37m[21:12:38 F10 TEST] INFO:   [STRIKER-WRITE] test_pipeline.py:6805 (run_test): non_striker Sunil Narine->Rinku Singh[0m
[37m[21:12:38 F10 TEST] INFO:   [DIRECT] Batter updates: ['Narine: ext=59(46) → tracker=59(46) [was 59(46)]', 'Rinku: ext=4(6) → tracker=4(6) [was 4(6)]'][0m
[37m[21:12:38 F10 TEST] INFO:   [DIRECT] score→130[0m
[37m[21:12:38 F10 TEST] INFO:   [DIRECT] overs→19.1[0m
[37m[21:12:38 F10 TEST] INFO:   [DIRECT] wickets→7[0m
[37m[21:12:39 F10 SCORER] INFO: Scored in 0.9s (llama-4-scout-17b-16e-instruct)[0m
[37m[21:12:39 F10 TEST] INFO:   [S] Hint: Current batters: Narine and Rinku. Bowler: Digvesh.[0m
[37m[21:12:39 F10 TEST] INFO:   [FLOW] Extractor batters not in scorer: {'RINKU', 'NARINE'}[0m
[37m[21:12:39 F10 TEST] INFO:   [S 889ms] Changes: ['score→130', 'overs→19.1', 'wickets→7', 'bat:Sunil Narine=59(46)', 'bat:Rinku Singh=4(6)', 'bowl:Digvesh Singh Rathi'][0m
[37m[21:12:39 F10 TEST] INFO:   Total: 2551ms (V:613 E:1050 S:889)[0m
[37m[21:12:39 F10 TEST] INFO:   [THIS OVER] ['?'] = 0 runs[0m
[37m[21:12:39 F10 TEST] INFO:   STATE: Kolkata Knight Riders 130-7 (19.1) inn=1 RR=6.78 | Bat: Rinku Singh(4) Sunil Narine(59) | Bowl: Digvesh Singh Rathi 0-21[0m
[37m[21:12:39 F10 TEST] INFO:   [ACTION] A batsman is walking back to the non-striker's end, likely between deliveries.[0m
[37m[21:12:39 F10 TEST] INFO: DETAIL|F10|SCOREBOARD|tag=SCOREBOARD|scout=STRIP: KKR 130-7 (19.1) | Narine 59(46) | Rinku 4(6) | Digvesh WD 0-21 (3.1)|action=A batsman is walking back to the non-striker's end, likely between deliveries.|ext_score=130-7(19.1)|ext_bat=Narine 59(46) | Rinku 4(6)|ext_bowl=Digvesh 0-21 (3.1)|scorer_changes=['score→130', 'overs→19.1', 'wickets→7', 'bat:Sunil Narine=59(46)', 'bat:Rinku Singh=4(6)', 'bowl:Digvesh Singh Rathi']|yolo=0|BEFORE_score=130-7(19.1)|BEFORE_bat1=Rinku Singh 4(6)|BEFORE_bat2=Sunil Narine 59(46)|BEFORE_bowl=Digvesh Singh Rathi 0-21 (3.1)|BEFORE_this_over=['?']|AFTER_score=130-7(19.1)|AFTER_bat1=Rinku Singh 4(6)|AFTER_bat2=Sunil Narine 59(46)|AFTER_bowl=Digvesh Singh Rathi 0-21 (3.1)|AFTER_this_over=['?']|AFTER_this_over_src=?(bcast)|AFTER_striker=Sunil Narine|AFTER_non_striker=Rinku Singh|AFTER_run_rate=6.78|AFTER_target=—|AFTER_innings=1|AFTER_partnership=59(52)|AFTER_fow_count=7|AFTER_field=pace_powerplay frozen=True fielders=['fine_leg', 'short_fine_leg', 'forward_short_leg', 'short_leg', 'cover_point', 'silly_mid_on', 'gully', 'leg_slip', 'deep_point']|ball_event=—|ball_event_runs=—|ball_event_over=—|ball_event_extra=—|ball_event_free_hit=—|broadcast_extra=—|dismissal_mode=—|striker_this_ball=—|delivery_length=—|delivery_line=—|delivery_angle=—|delivery_shot=—|delivery_direction=—|delivery_elevation=—|delivery_bounce=—|delivery_dets=0|delivery_method=—|delivery_snap_dets=—|delivery_3layer_dets=—|delivery_det_rate=—|delivery_dir_zone=—|delivery_dir_conf=0|delivery_shot_action=—|delivery_shot_intent=—|delivery_swing=—|delivery_speed_vlm=—|delivery_vlm_conf=—|delivery_vlm_ms=—|speed_kph=—|venue=—|batting_team=Kolkata Knight Riders|match_info=—|completed_over=—|completed_over_runs=—|drs_state=NONE|corrections=none|lat_vision=613|lat_extract=1050|lat_scorer=889|lat_field=45|lat_comm=0|lat_code=0|lat_total=2563|comm_bowler=Digvesh Singh Rathi|comm_wire=—|comm_storyteller=—|comm_analyst=—|comm_colour=—|comm_wire_ms=0|comm_story_ms=0|comm_analyst_ms=0|comm_colour_ms=0[0m
[37m[21:12:40 F10 TEST] INFO: [WS] client disconnected (2 remain)[0m
[37m[21:12:42 F11 VISION] INFO: [SCOUT] SCOREBOARD 601ms strip=True overlay=False drs=False cam=closeup phase=between_play digits=True 337 chars[0m
[37m[21:12:42 F11 TEST] INFO: 
=======================================================[0m
[37m[21:12:42 F11 TEST] INFO: [F11] SCOREBOARD — #10[0m
[37m[21:12:42 F11 TEST] INFO:   [V 604ms] STRIP: KKR 130-7 (19.1) | Narine 59(46) | Rinku 46(4) | Digvesh 0-21 (3.1)[0m
[37m[21:12:43 F11 EXTRACT] INFO: Extracted in 1.1s (llama-4-scout-17b-16e-instruct)[0m
[37m[21:12:43 F11 TEST] INFO:   [GUARD] Rinku Singh diff 4→46 — comparison strip for batting team[0m
[37m[21:12:43 F11 TEST] INFO:   [E 1082ms] visible_team=Kolkata Knight Riders score=None-7 (None) target=None rr=None[0m
[37m[21:12:44 F11 TEST] INFO: [WS] client connected (3 total)[0m
[37m[21:12:44 F11 TEST] INFO: [WS] client connected (4 total)[0m
[37m[21:12:44 F11 SCORER] INFO: Scored in 0.9s (llama-4-scout-17b-16e-instruct)[0m
[37m[21:12:44 F11 TEST] INFO:   [S] Hint: Current batters: Narine and Rinku. Bowler: Digvesh Singh Rathi. Read their stats from the scoreboard.[0m
[37m[21:12:44 F11 TEST] INFO:   [S 948ms] Changes: ['FRAME_POISONED:130'][0m
[37m[21:12:44 F11 TEST] INFO:   Total: 2635ms (V:604 E:1082 S:948)[0m
[37m[21:12:44 F11 TEST] INFO:   [THIS OVER] ['?'] = 0 runs[0m
[37m[21:12:44 F11 TEST] INFO:   STATE: Kolkata Knight Riders 130-7 (19.1) inn=1 RR=6.78 | Bat: Rinku Singh(4) Sunil Narine(59) | Bowl: Digvesh Singh Rathi 0-21[0m
[37m[21:12:44 F11 TEST] INFO:   [ACTION] The bowler, Digvesh, is preparing to bowl, with the ball in hand, as the camera [0m
[37m[21:12:44 F11 TEST] INFO: DETAIL|F11|SCOREBOARD|tag=SCOREBOARD|scout=STRIP: KKR 130-7 (19.1) | Narine 59(46) | Rinku 46(4) | Digvesh 0-21 (3.1)|action=The bowler, Digvesh, is preparing to bowl, with the ball in hand, as the camera focuses on him close|ext_score=None-7(None)|ext_bat=|ext_bowl=|scorer_changes=['FRAME_POISONED:130']|yolo=0|BEFORE_score=130-7(19.1)|BEFORE_bat1=Rinku Singh 4(6)|BEFORE_bat2=Sunil Narine 59(46)|BEFORE_bowl=Digvesh Singh Rathi 0-21 (3.1)|BEFORE_this_over=['?']|AFTER_score=130-7(19.1)|AFTER_bat1=Rinku Singh 4(6)|AFTER_bat2=Sunil Narine 59(46)|AFTER_bowl=Digvesh Singh Rathi 0-21 (3.1)|AFTER_this_over=['?']|AFTER_this_over_src=?(bcast)|AFTER_striker=Sunil Narine|AFTER_non_striker=Rinku Singh|AFTER_run_rate=6.78|AFTER_target=—|AFTER_innings=1|AFTER_partnership=59(52)|AFTER_fow_count=7|AFTER_field=pace_powerplay frozen=True fielders=['fine_leg', 'short_fine_leg', 'forward_short_leg', 'short_leg', 'cover_point', 'silly_mid_on', 'gully', 'leg_slip', 'deep_point']|ball_event=—|ball_event_runs=—|ball_event_over=—|ball_event_extra=—|ball_event_free_hit=—|broadcast_extra=—|dismissal_mode=—|striker_this_ball=—|delivery_length=—|delivery_line=—|delivery_angle=—|delivery_shot=—|delivery_direction=—|delivery_elevation=—|delivery_bounce=—|delivery_dets=0|delivery_method=—|delivery_snap_dets=—|delivery_3layer_dets=—|delivery_det_rate=—|delivery_dir_zone=—|delivery_dir_conf=0|delivery_shot_action=—|delivery_shot_intent=—|delivery_swing=—|delivery_speed_vlm=—|delivery_vlm_conf=—|delivery_vlm_ms=—|speed_kph=—|venue=—|batting_team=Kolkata Knight Riders|match_info=—|completed_over=—|completed_over_runs=—|drs_state=NONE|corrections=none|lat_vision=604|lat_extract=1082|lat_scorer=948|lat_field=45|lat_comm=0|lat_code=0|lat_total=2641|comm_bowler=Digvesh Singh Rathi|comm_wire=—|comm_storyteller=—|comm_analyst=—|comm_colour=—|comm_wire_ms=0|comm_story_ms=0|comm_analyst_ms=0|comm_colour_ms=0[0m
[37m[21:12:47 F12 VISION] INFO: [SCOUT] SCOREBOARD 758ms strip=True overlay=False drs=False cam=other phase=between_play digits=True 300 chars[0m
[37m[21:12:47 F12 TEST] INFO: [F12] SCOREBOARD cam=other → dead-time skip (#2)[0m
[37m[21:12:48 F12 TEST] INFO: [WS] client disconnected (3 remain)[0m
[37m[21:12:48 F12 TEST] INFO: [WS] client disconnected (2 remain)[0m
[37m[21:12:50 F14 VISION] INFO: [SCOUT] SCOREBOARD 559ms strip=True overlay=False drs=False cam=other phase=between_play digits=True 252 chars[0m
[37m[21:12:50 F14 TEST] INFO: [F14] SCOREBOARD cam=other → dead-time skip (#3)[0m
[37m[21:12:52 F14 TEST] INFO: [WS] client connected (3 total)[0m
[37m[21:12:53 F15 VISION] INFO: [SCOUT] SCOREBOARD 661ms strip=True overlay=False drs=False cam=bowlers_end phase=between_play digits=True 352 chars[0m
[37m[21:12:53 F15 TEST] INFO: [F15] cam=bowlers_end → resuming active play after dead-time gap (#3 skipped)[0m
[37m[21:12:53 F15 TEST] INFO: 
=======================================================[0m
[37m[21:12:53 F15 TEST] INFO: [F15] SCOREBOARD — #11[0m
[37m[21:12:53 F15 TEST] INFO:   [V 664ms] STRIP: KKR 130-7 (19.1) | Narine 59(46) | Rinku 4(6) | Digvesh 0-21 (3.1)[0m
[37m[21:12:54 F15 EXTRACT] INFO: Extracted in 1.1s (llama-4-scout-17b-16e-instruct)[0m
[37m[21:12:54 F15 TEST] INFO:   [E 1137ms] visible_team=Kolkata Knight Riders score=130-7 (19.1) target=None rr=None[0m
[37m[21:12:54 F15 TEST] INFO:     BAT: Narine 59(46) [0m
[37m[21:12:54 F15 TEST] INFO:     BAT: Rinku 4(6) [0m
[37m[21:12:54 F15 TEST] INFO:     BOWL: Digvesh 0-21 (3.1)[0m
[37m[21:12:54 F15 TEST] INFO:   [STRIKER-WRITE] test_pipeline.py:6805 (run_test): non_striker Rinku Singh->Sunil Narine[0m
[37m[21:12:54 F15 TEST] INFO:   [STRIKER-WRITE] test_pipeline.py:6805 (run_test): non_striker Sunil Narine->Rinku Singh[0m
[37m[21:12:54 F15 TEST] INFO:   [DIRECT] Batter updates: ['Narine: ext=59(46) → tracker=59(46) [was 59(46)]', 'Rinku: ext=4(6) → tracker=4(6) [was 4(6)]'][0m
[37m[21:12:54 F15 TEST] INFO:   [DIRECT] score→130[0m
[37m[21:12:54 F15 TEST] INFO:   [DIRECT] overs→19.1[0m
[37m[21:12:54 F15 TEST] INFO:   [DIRECT] wickets→7[0m
[37m[21:12:56 F15 TEST] INFO: [WS] client disconnected (2 remain)[0m
[37m[21:12:56 F15 SCORER] INFO: Scored in 2.1s (llama-4-scout-17b-16e-instruct)[0m
[37m[21:12:56 F15 TEST] INFO:   [S] Hint: Current batters: Narine and Rinku. Bowler: Digvesh.[0m
[37m[21:12:56 F15 TEST] INFO:   [FLOW] Extractor batters not in scorer: {'RINKU', 'NARINE'}[0m
[37m[21:12:56 F15 TEST] INFO:   [S 2128ms] Changes: ['score→130', 'overs→19.1', 'wickets→7', 'bat:Sunil Narine=59(46)', 'bat:Rinku Singh=4(6)', 'bowl:Digvesh Singh Rathi'][0m
[37m[21:12:56 F15 TEST] INFO:   Total: 3929ms (V:664 E:1137 S:2128)[0m
[37m[21:12:56 F15 TEST] INFO:   [THIS OVER] ['?'] = 0 runs[0m
[37m[21:12:56 F15 TEST] INFO:   STATE: Kolkata Knight Riders 130-7 (19.1) inn=1 RR=6.78 | Bat: Rinku Singh(4) Sunil Narine(59) | Bowl: Digvesh Singh Rathi 0-21[0m
[37m[21:12:56 F15 TEST] INFO:   [ACTION] The players are preparing for the next delivery, with the bowler Digvesh and bat[0m
[37m[21:12:56 F15 FIELD] INFO: [F15] OC-deep_square_leg moved to OC-deep_midwicket_sq[0m
[37m[21:12:56 F15 FIELD] INFO: [F15] IC-backward_square brought in — attacking[0m
[37m[21:12:56 F15 FIELD] INFO: [F15] IC-backward_point pushed back — defensive[0m
[37m[21:12:56 F15 FIELD] INFO: [F15] IC-backward_square brought in — attacking[0m
[37m[21:12:56 F15 FIELD] INFO: [F15] IC-short_leg_area brought in — attacking[0m
[37m[21:12:56 F15 TEST] INFO: DETAIL|F15|SCOREBOARD|tag=SCOREBOARD|scout=STRIP: KKR 130-7 (19.1) | Narine 59(46) | Rinku 4(6) | Digvesh 0-21 (3.1)|action=The players are preparing for the next delivery, with the bowler Digvesh and batters Narine and Rink|ext_score=130-7(19.1)|ext_bat=Narine 59(46) | Rinku 4(6)|ext_bowl=Digvesh 0-21 (3.1)|scorer_changes=['score→130', 'overs→19.1', 'wickets→7', 'bat:Sunil Narine=59(46)', 'bat:Rinku Singh=4(6)', 'bowl:Digvesh Singh Rathi']|yolo=6|BEFORE_score=130-7(19.1)|BEFORE_bat1=Rinku Singh 4(6)|BEFORE_bat2=Sunil Narine 59(46)|BEFORE_bowl=Digvesh Singh Rathi 0-21 (3.1)|BEFORE_this_over=['?']|AFTER_score=130-7(19.1)|AFTER_bat1=Rinku Singh 4(6)|AFTER_bat2=Sunil Narine 59(46)|AFTER_bowl=Digvesh Singh Rathi 0-21 (3.1)|AFTER_this_over=['?']|AFTER_this_over_src=?(bcast)|AFTER_striker=Sunil Narine|AFTER_non_striker=Rinku Singh|AFTER_run_rate=6.78|AFTER_target=—|AFTER_innings=1|AFTER_partnership=59(52)|AFTER_fow_count=7|AFTER_field=pace_powerplay frozen=True fielders=['fine_leg', 'short_fine_leg', 'forward_short_leg', 'short_leg', 'cover_point', 'silly_mid_on', 'gully', 'leg_slip', 'deep_point']|ball_event=—|ball_event_runs=—|ball_event_over=—|ball_event_extra=—|ball_event_free_hit=—|broadcast_extra=—|dismissal_mode=—|striker_this_ball=—|delivery_length=—|delivery_line=—|delivery_angle=—|delivery_shot=—|delivery_direction=—|delivery_elevation=—|delivery_bounce=—|delivery_dets=0|delivery_method=—|delivery_snap_dets=—|delivery_3layer_dets=—|delivery_det_rate=—|delivery_dir_zone=—|delivery_dir_conf=0|delivery_shot_action=—|delivery_shot_intent=—|delivery_swing=—|delivery_speed_vlm=—|delivery_vlm_conf=—|delivery_vlm_ms=—|speed_kph=—|venue=—|batting_team=Kolkata Knight Riders|match_info=—|completed_over=—|completed_over_runs=—|drs_state=NONE|corrections=none|lat_vision=664|lat_extract=1137|lat_scorer=2128|lat_field=46|lat_comm=0|lat_code=0|lat_total=3939|comm_bowler=Digvesh Singh Rathi|comm_wire=—|comm_storyteller=—|comm_analyst=—|comm_colour=—|comm_wire_ms=0|comm_story_ms=0|comm_analyst_ms=0|comm_colour_ms=0[0m
[37m[21:13:00 F16 VISION] INFO: [SCOUT] SCOREBOARD 1658ms strip=True overlay=False drs=False cam=bowlers_end phase=between_play digits=True 319 chars[0m
[37m[21:13:00 F16 TEST] INFO: 
=======================================================[0m
[37m[21:13:00 F16 TEST] INFO: [F16] SCOREBOARD — #12[0m
[37m[21:13:00 F16 TEST] INFO:   [V 1661ms] STRIP: KKR 130-7 (19.1) | Narine 59(46) | Rinku 4(6) | Digvesh 0-21 (3.1)[0m
[37m[21:13:00 F16 TEST] INFO: [WS] client connected (3 total)[0m
[37m[21:13:02 F16 EXTRACT] INFO: Extracted in 2.2s (llama-4-scout-17b-16e-instruct)[0m
[37m[21:13:02 F16 TEST] INFO:   [E 2169ms] visible_team=Kolkata Knight Riders score=130-7 (19.1) target=None rr=None[0m
[37m[21:13:02 F16 TEST] INFO:     BAT: Narine 59(46) [0m
[37m[21:13:02 F16 TEST] INFO:     BAT: Rinku 4(6) [0m
[37m[21:13:02 F16 TEST] INFO:     BOWL: Digvesh 0-21 (3.1)[0m
[37m[21:13:02 F16 TEST] INFO:   [STRIKER-WRITE] test_pipeline.py:6805 (run_test): non_striker Rinku Singh->Sunil Narine[0m
[37m[21:13:02 F16 TEST] INFO:   [STRIKER-WRITE] test_pipeline.py:6805 (run_test): non_striker Sunil Narine->Rinku Singh[0m
[37m[21:13:02 F16 TEST] INFO:   [DIRECT] Batter updates: ['Narine: ext=59(46) → tracker=59(46) [was 59(46)]', 'Rinku: ext=4(6) → tracker=4(6) [was 4(6)]'][0m
[37m[21:13:02 F16 TEST] INFO:   [DIRECT] score→130[0m
[37m[21:13:02 F16 TEST] INFO:   [DIRECT] overs→19.1[0m
[37m[21:13:02 F16 TEST] INFO:   [DIRECT] wickets→7[0m
[37m[21:13:03 F16 SCORER] INFO: Scored in 0.9s (llama-4-scout-17b-16e-instruct)[0m
[37m[21:13:03 F16 TEST] INFO:   [S] Hint: Current batters: Narine and Rinku. Bowler: Digvesh. Read their stats from the scoreboard.[0m
[37m[21:13:03 F16 TEST] INFO:   [FLOW] Extractor batters not in scorer: {'RINKU', 'NARINE'}[0m
[37m[21:13:03 F16 TEST] INFO:   [S 932ms] Changes: ['score→130', 'overs→19.1', 'wickets→7', 'bat:Sunil Narine=59(46)', 'bat:Rinku Singh=4(6)', 'bowl:Digvesh Singh Rathi'][0m
[37m[21:13:03 F16 TEST] INFO:   Total: 4762ms (V:1661 E:2169 S:932)[0m
[37m[21:13:03 F16 TEST] INFO:   [THIS OVER] ['?'] = 0 runs[0m
[37m[21:13:03 F16 TEST] INFO:   STATE: Kolkata Knight Riders 130-7 (19.1) inn=1 RR=6.78 | Bat: Rinku Singh(4) Sunil Narine(59) | Bowl: Digvesh Singh Rathi 0-21[0m
[37m[21:13:03 F16 TEST] INFO:   [ACTION] The players are taking a break and the bowler is walking back to the bowling mar[0m
[37m[21:13:03 F16 FIELD] INFO: [F16] short leg removed[0m
[37m[21:13:03 F16 FIELD] INFO: [F16] IC-backward_square pushed back — defensive[0m
[37m[21:13:03 F16 FIELD] INFO: [F16] IC-backward_square pushed back — defensive[0m
[37m[21:13:03 F16 FIELD] INFO: [F16] deep fine leg — protecting against top edges[0m
[37m[21:13:03 F16 TEST] INFO: DETAIL|F16|SCOREBOARD|tag=SCOREBOARD|scout=STRIP: KKR 130-7 (19.1) | Narine 59(46) | Rinku 4(6) | Digvesh 0-21 (3.1)|action=The players are taking a break and the bowler is walking back to the bowling mark.|ext_score=130-7(19.1)|ext_bat=Narine 59(46) | Rinku 4(6)|ext_bowl=Digvesh 0-21 (3.1)|scorer_changes=['score→130', 'overs→19.1', 'wickets→7', 'bat:Sunil Narine=59(46)', 'bat:Rinku Singh=4(6)', 'bowl:Digvesh Singh Rathi']|yolo=7|BEFORE_score=130-7(19.1)|BEFORE_bat1=Rinku Singh 4(6)|BEFORE_bat2=Sunil Narine 59(46)|BEFORE_bowl=Digvesh Singh Rathi 0-21 (3.1)|BEFORE_this_over=['?']|AFTER_score=130-7(19.1)|AFTER_bat1=Rinku Singh 4(6)|AFTER_bat2=Sunil Narine 59(46)|AFTER_bowl=Digvesh Singh Rathi 0-21 (3.1)|AFTER_this_over=['?']|AFTER_this_over_src=?(bcast)|AFTER_striker=Sunil Narine|AFTER_non_striker=Rinku Singh|AFTER_run_rate=6.78|AFTER_target=—|AFTER_innings=1|AFTER_partnership=59(52)|AFTER_fow_count=7|AFTER_field=pace_powerplay frozen=True fielders=['fine_leg', 'short_fine_leg', 'forward_short_leg', 'short_leg', 'cover_point', 'silly_mid_on', 'gully', 'leg_slip', 'deep_point']|ball_event=—|ball_event_runs=—|ball_event_over=—|ball_event_extra=—|ball_event_free_hit=—|broadcast_extra=—|dismissal_mode=—|striker_this_ball=—|delivery_length=—|delivery_line=—|delivery_angle=—|delivery_shot=—|delivery_direction=—|delivery_elevation=—|delivery_bounce=—|delivery_dets=0|delivery_method=—|delivery_snap_dets=—|delivery_3layer_dets=—|delivery_det_rate=—|delivery_dir_zone=—|delivery_dir_conf=0|delivery_shot_action=—|delivery_shot_intent=—|delivery_swing=—|delivery_speed_vlm=—|delivery_vlm_conf=—|delivery_vlm_ms=—|speed_kph=—|venue=—|batting_team=Kolkata Knight Riders|match_info=—|completed_over=—|completed_over_runs=—|drs_state=NONE|corrections=none|lat_vision=1661|lat_extract=2169|lat_scorer=932|lat_field=45|lat_comm=0|lat_code=0|lat_total=4794|comm_bowler=Digvesh Singh Rathi|comm_wire=—|comm_storyteller=—|comm_analyst=—|comm_colour=—|comm_wire_ms=0|comm_story_ms=0|comm_analyst_ms=0|comm_colour_ms=0[0m
[37m[21:13:04 F16 TEST] INFO: [WS] client disconnected (2 remain)[0m
[37m[21:13:06 F17 VISION] INFO: [SCOUT] SCOREBOARD 1066ms strip=True overlay=False drs=False cam=bowlers_end phase=between_play digits=True 314 chars[0m
[37m[21:13:06 F17 TEST] INFO: 
=======================================================[0m
[37m[21:13:06 F17 TEST] INFO: [F17] SCOREBOARD — #13[0m
[37m[21:13:06 F17 TEST] INFO:   [V 1069ms] STRIP: KKR 130-7 (19.1) | Narine 59(46) | Rinku 4(6) | Digvesh 0-21 (3.1)[0m
[37m[21:13:07 F17 EXTRACT] INFO: Extracted in 1.1s (llama-4-scout-17b-16e-instruct)[0m
[37m[21:13:07 F17 TEST] INFO:   [E 1090ms] visible_team=Kolkata Knight Riders score=130-7 (19.1) target=None rr=None[0m
[37m[21:13:07 F17 TEST] INFO:     BAT: Narine 59(46) [0m
[37m[21:13:07 F17 TEST] INFO:     BAT: Rinku 4(6) [0m
[37m[21:13:07 F17 TEST] INFO:     BOWL: Digvesh 0-21 (3.1)[0m
[37m[21:13:07 F17 TEST] INFO:   [STRIKER-WRITE] test_pipeline.py:6805 (run_test): non_striker Rinku Singh->Sunil Narine[0m
[37m[21:13:07 F17 TEST] INFO:   [STRIKER-WRITE] test_pipeline.py:6805 (run_test): non_striker Sunil Narine->Rinku Singh[0m
[37m[21:13:07 F17 TEST] INFO:   [DIRECT] Batter updates: ['Narine: ext=59(46) → tracker=59(46) [was 59(46)]', 'Rinku: ext=4(6) → tracker=4(6) [was 4(6)]'][0m
[37m[21:13:07 F17 TEST] INFO:   [DIRECT] score→130[0m
[37m[21:13:07 F17 TEST] INFO:   [DIRECT] overs→19.1[0m
[37m[21:13:07 F17 TEST] INFO:   [DIRECT] wickets→7[0m
[37m[21:13:08 F17 TEST] INFO: [WS] client connected (3 total)[0m
[37m[21:13:08 F17 TEST] INFO: [WS] client connected (4 total)[0m
[37m[21:13:08 F17 SCORER] INFO: Scored in 0.9s (llama-4-scout-17b-16e-instruct)[0m
[37m[21:13:08 F17 TEST] INFO:   [S] Hint: Current batters: Narine and Rinku. Bowler: Digvesh Singh Rathi[0m
[37m[21:13:08 F17 TEST] INFO:   [FLOW] Extractor batters not in scorer: {'RINKU', 'NARINE'}[0m
[37m[21:13:08 F17 TEST] INFO:   [S 917ms] Changes: ['score→130', 'overs→19.1', 'wickets→7', 'bat:Sunil Narine=59(46)', 'bat:Rinku Singh=4(6)', 'bowl:Digvesh Singh Rathi'][0m
[37m[21:13:08 F17 TEST] INFO:   Total: 3077ms (V:1069 E:1090 S:917)[0m
[37m[21:13:08 F17 TEST] INFO:   [THIS OVER] ['?'] = 0 runs[0m
[37m[21:13:08 F17 TEST] INFO:   STATE: Kolkata Knight Riders 130-7 (19.1) inn=1 RR=6.78 | Bat: Rinku Singh(4) Sunil Narine(59) | Bowl: Digvesh Singh Rathi 0-21[0m
[37m[21:13:08 F17 TEST] INFO:   [ACTION] The players are discussing or adjusting something on the field between plays.[0m
[37m[21:13:08 F17 TEST] INFO: DETAIL|F17|SCOREBOARD|tag=SCOREBOARD|scout=STRIP: KKR 130-7 (19.1) | Narine 59(46) | Rinku 4(6) | Digvesh 0-21 (3.1)|action=The players are discussing or adjusting something on the field between plays.|ext_score=130-7(19.1)|ext_bat=Narine 59(46) | Rinku 4(6)|ext_bowl=Digvesh 0-21 (3.1)|scorer_changes=['score→130', 'overs→19.1', 'wickets→7', 'bat:Sunil Narine=59(46)', 'bat:Rinku Singh=4(6)', 'bowl:Digvesh Singh Rathi']|yolo=0|BEFORE_score=130-7(19.1)|BEFORE_bat1=Rinku Singh 4(6)|BEFORE_bat2=Sunil Narine 59(46)|BEFORE_bowl=Digvesh Singh Rathi 0-21 (3.1)|BEFORE_this_over=['?']|AFTER_score=130-7(19.1)|AFTER_bat1=Rinku Singh 4(6)|AFTER_bat2=Sunil Narine 59(46)|AFTER_bowl=Digvesh Singh Rathi 0-21 (3.1)|AFTER_this_over=['?']|AFTER_this_over_src=?(bcast)|AFTER_striker=Sunil Narine|AFTER_non_striker=Rinku Singh|AFTER_run_rate=6.78|AFTER_target=—|AFTER_innings=1|AFTER_partnership=59(52)|AFTER_fow_count=7|AFTER_field=pace_powerplay frozen=True fielders=['fine_leg', 'short_fine_leg', 'forward_short_leg', 'short_leg', 'cover_point', 'silly_mid_on', 'gully', 'leg_slip', 'deep_point']|ball_event=—|ball_event_runs=—|ball_event_over=—|ball_event_extra=—|ball_event_free_hit=—|broadcast_extra=—|dismissal_mode=—|striker_this_ball=—|delivery_length=—|delivery_line=—|delivery_angle=—|delivery_shot=—|delivery_direction=—|delivery_elevation=—|delivery_bounce=—|delivery_dets=0|delivery_method=—|delivery_snap_dets=—|delivery_3layer_dets=—|delivery_det_rate=—|delivery_dir_zone=—|delivery_dir_conf=0|delivery_shot_action=—|delivery_shot_intent=—|delivery_swing=—|delivery_speed_vlm=—|delivery_vlm_conf=—|delivery_vlm_ms=—|speed_kph=—|venue=—|batting_team=Kolkata Knight Riders|match_info=—|completed_over=—|completed_over_runs=—|drs_state=NONE|corrections=none|lat_vision=1069|lat_extract=1090|lat_scorer=917|lat_field=105|lat_comm=0|lat_code=0|lat_total=3087|comm_bowler=Digvesh Singh Rathi|comm_wire=—|comm_storyteller=—|comm_analyst=—|comm_colour=—|comm_wire_ms=0|comm_story_ms=0|comm_analyst_ms=0|comm_colour_ms=0[0m
[37m[21:13:11 F18 VISION] INFO: [SCOUT] SCOREBOARD 637ms strip=True overlay=False drs=False cam=closeup phase=between_play digits=True 280 chars[0m
[37m[21:13:11 F18 TEST] INFO: 
=======================================================[0m
[37m[21:13:11 F18 TEST] INFO: [F18] SCOREBOARD — #14[0m
[37m[21:13:11 F18 TEST] INFO:   [V 640ms] STRIP: KKR 130-7 (19.1) | Narine 59(46) | Rinku 4(6) |[0m
[37m[21:13:12 F18 EXTRACT] INFO: Extracted in 0.6s (llama-4-scout-17b-16e-instruct)[0m
[37m[21:13:12 F18 TEST] INFO:   [E 595ms] visible_team=Kolkata Knight Riders score=130-7 (19.1) target=None rr=None[0m
[37m[21:13:12 F18 TEST] INFO:     BAT: Narine 59(46) [0m
[37m[21:13:12 F18 TEST] INFO:     BAT: Rinku 4(6) [0m
[37m[21:13:12 F18 TEST] INFO:   [STRIKER-WRITE] test_pipeline.py:6805 (run_test): non_striker Rinku Singh->Sunil Narine[0m
[37m[21:13:12 F18 TEST] INFO:   [STRIKER-WRITE] test_pipeline.py:6805 (run_test): non_striker Sunil Narine->Rinku Singh[0m
[37m[21:13:12 F18 TEST] INFO:   [DIRECT] Batter updates: ['Narine: ext=59(46) → tracker=59(46) [was 59(46)]', 'Rinku: ext=4(6) → tracker=4(6) [was 4(6)]'][0m
[37m[21:13:12 F18 TEST] INFO:   [DIRECT] score→130[0m
[37m[21:13:12 F18 TEST] INFO:   [DIRECT] overs→19.1[0m
[37m[21:13:12 F18 TEST] INFO:   [DIRECT] wickets→7[0m
[37m[21:13:12 F18 TEST] INFO: [WS] client disconnected (3 remain)[0m
[37m[21:13:12 F18 TEST] INFO: [WS] client disconnected (2 remain)[0m
[37m[21:13:13 F18 SCORER] INFO: Scored in 1.1s (llama-4-scout-17b-16e-instruct)[0m
[37m[21:13:13 F18 TEST] INFO:   [S] Hint: Current batters: Narine and Rinku. Bowler: Digvesh Singh Rathi. Read their stats from the scoreboard.[0m
[37m[21:13:13 F18 TEST] INFO:   [FLOW] Extractor batters not in scorer: {'RINKU', 'NARINE'}[0m
[37m[21:13:13 F18 TEST] INFO:   [STRIKER-WRITE] test_pipeline.py:2616 (apply_scorer_decision): non_striker Rinku Singh->Sunil Narine[0m
[37m[21:13:13 F18 TEST] INFO:   [STRIKER-WRITE] test_pipeline.py:2616 (apply_scorer_decision): non_striker Sunil Narine->Rinku Singh[0m
[37m[21:13:13 F18 TEST] INFO:   [S 1073ms] Changes: ['score→130', 'overs→19.1', 'bat:Sunil Narine=59(46)', 'bat:Rinku Singh=4(6)', 'bowl:Digvesh Singh Rathi'][0m
[37m[21:13:13 F18 TEST] INFO:   Total: 2308ms (V:640 E:595 S:1073)[0m
[37m[21:13:13 F18 TEST] INFO:   [THIS OVER] ['?'] = 0 runs[0m
[37m[21:13:13 F18 TEST] INFO:   STATE: Kolkata Knight Riders 130-7 (19.1) inn=1 RR=6.78 | Bat: Rinku Singh(4) Sunil Narine(59) | Bowl: Digvesh Singh Rathi 0-21[0m
[37m[21:13:13 F18 TEST] INFO:   [ACTION] A player, likely Rinku, is walking back to the non-striker's end.[0m
[37m[21:13:13 F18 TEST] INFO: DETAIL|F18|SCOREBOARD|tag=SCOREBOARD|scout=STRIP: KKR 130-7 (19.1) | Narine 59(46) | Rinku 4(6) ||action=A player, likely Rinku, is walking back to the non-striker's end.|ext_score=130-7(19.1)|ext_bat=Narine 59(46) | Rinku 4(6)|ext_bowl=|scorer_changes=['score→130', 'overs→19.1', 'bat:Sunil Narine=59(46)', 'bat:Rinku Singh=4(6)', 'bowl:Digvesh Singh Rathi']|yolo=0|BEFORE_score=130-7(19.1)|BEFORE_bat1=Rinku Singh 4(6)|BEFORE_bat2=Sunil Narine 59(46)|BEFORE_bowl=Digvesh Singh Rathi 0-21 (3.1)|BEFORE_this_over=['?']|AFTER_score=130-7(19.1)|AFTER_bat1=Rinku Singh 4(6)|AFTER_bat2=Sunil Narine 59(46)|AFTER_bowl=Digvesh Singh Rathi 0-21 (3.1)|AFTER_this_over=['?']|AFTER_this_over_src=?(bcast)|AFTER_striker=Sunil Narine|AFTER_non_striker=Rinku Singh|AFTER_run_rate=6.78|AFTER_target=—|AFTER_innings=1|AFTER_partnership=59(52)|AFTER_fow_count=7|AFTER_field=pace_powerplay frozen=True fielders=['fine_leg', 'short_fine_leg', 'forward_short_leg', 'short_leg', 'cover_point', 'silly_mid_on', 'gully', 'leg_slip', 'deep_point']|ball_event=—|ball_event_runs=—|ball_event_over=—|ball_event_extra=—|ball_event_free_hit=—|broadcast_extra=—|dismissal_mode=—|striker_this_ball=—|delivery_length=—|delivery_line=—|delivery_angle=—|delivery_shot=—|delivery_direction=—|delivery_elevation=—|delivery_bounce=—|delivery_dets=0|delivery_method=—|delivery_snap_dets=—|delivery_3layer_dets=—|delivery_det_rate=—|delivery_dir_zone=—|delivery_dir_conf=0|delivery_shot_action=—|delivery_shot_intent=—|delivery_swing=—|delivery_speed_vlm=—|delivery_vlm_conf=—|delivery_vlm_ms=—|speed_kph=—|venue=—|batting_team=Kolkata Knight Riders|match_info=—|completed_over=—|completed_over_runs=—|drs_state=NONE|corrections=none|lat_vision=640|lat_extract=595|lat_scorer=1073|lat_field=42|lat_comm=0|lat_code=0|lat_total=2325|comm_bowler=Digvesh Singh Rathi|comm_wire=—|comm_storyteller=—|comm_analyst=—|comm_colour=—|comm_wire_ms=0|comm_story_ms=0|comm_analyst_ms=0|comm_colour_ms=0[0m
[37m[21:13:16 F19 VISION] INFO: [SCOUT] SCOREBOARD 715ms strip=True overlay=False drs=False cam=closeup phase=between_play digits=True 406 chars[0m
[37m[21:13:16 F19 TEST] INFO: 
=======================================================[0m
[37m[21:13:16 F19 TEST] INFO: [F19] SCOREBOARD — #15[0m
[37m[21:13:16 F19 TEST] INFO:   [V 718ms] STRIP: KKR 130-7 (19.1) | Narine 59(46) | Rinku 4(6) | 

INFO_PANEL: 
SPEED: 101.5 kph
EXTRA: 
THIS OVER: 
FULL SCORECARD: 

The umpire is signaling with his hands, likely communicating with the on-field players or making a decision during a break in[0m
[37m[21:13:16 F19 TEST] INFO: [WS] client connected (3 total)[0m
[37m[21:13:17 F19 EXTRACT] INFO: Extracted in 1.1s (llama-4-scout-17b-16e-instruct)[0m
[37m[21:13:17 F19 TEST] INFO:   [E 1141ms] visible_team=Kolkata Knight Riders score=130-7 (19.1) target=None rr=None[0m
[37m[21:13:17 F19 TEST] INFO:     BAT: Narine 59(46) [0m
[37m[21:13:17 F19 TEST] INFO:     BAT: Rinku 4(6) [0m
[37m[21:13:17 F19 TEST] INFO:   [DIRECT] Batter updates: ['Narine: ext=59(46) → tracker=59(46) [was 59(46)]', 'Rinku: ext=4(6) → tracker=4(6) [was 4(6)]'][0m
[37m[21:13:17 F19 TEST] INFO:   [DIRECT] score→130[0m
[37m[21:13:17 F19 TEST] INFO:   [DIRECT] overs→19.1[0m
[37m[21:13:17 F19 TEST] INFO:   [DIRECT] wickets→7[0m
[37m[21:13:18 F19 SCORER] INFO: Scored in 0.9s (llama-4-scout-17b-16e-instruct)[0m
[37m[21:13:18 F19 TEST] INFO:   [S] Hint: Current batters: Narine and Rinku. Bowler: Digvesh Singh Rathi. Read their stats from the scoreboard.[0m
[37m[21:13:18 F19 TEST] INFO:   [FLOW] Extractor batters not in scorer: {'RINKU', 'NARINE'}[0m
[37m[21:13:18 F19 TEST] INFO:   [S 889ms] Changes: ['score→130', 'overs→19.1', 'wickets→7', 'bat:Sunil Narine=59(46)', 'bat:Rinku Singh=4(6)', 'bowl:Digvesh Singh Rathi'][0m
[37m[21:13:18 F19 TEST] INFO:   Total: 2749ms (V:718 E:1141 S:889)[0m
[37m[21:13:18 F19 TEST] INFO:   [THIS OVER] ['?'] = 0 runs[0m
[37m[21:13:18 F19 TEST] INFO:   STATE: Kolkata Knight Riders 130-7 (19.1) inn=1 RR=6.78 | Bat: Rinku Singh(4) Sunil Narine(59) | Bowl: Digvesh Singh Rathi 0-21[0m
[37m[21:13:18 F19 TEST] INFO: DETAIL|F19|SCOREBOARD|tag=SCOREBOARD|scout=STRIP: KKR 130-7 (19.1) | Narine 59(46) | Rinku 4(6) |   INFO_PANEL:  SPEED: 101.5 kph EXTRA:  THIS OVER:  FULL SCORECAR|action=—|ext_score=130-7(19.1)|ext_bat=Narine 59(46) | Rinku 4(6)|ext_bowl=|scorer_changes=['score→130', 'overs→19.1', 'wickets→7', 'bat:Sunil Narine=59(46)', 'bat:Rinku Singh=4(6)', 'bowl:Digvesh Singh Rathi']|yolo=0|BEFORE_score=130-7(19.1)|BEFORE_bat1=Rinku Singh 4(6)|BEFORE_bat2=Sunil Narine 59(46)|BEFORE_bowl=Digvesh Singh Rathi 0-21 (3.1)|BEFORE_this_over=['?']|AFTER_score=130-7(19.1)|AFTER_bat1=Rinku Singh 4(6)|AFTER_bat2=Sunil Narine 59(46)|AFTER_bowl=Digvesh Singh Rathi 0-21 (3.1)|AFTER_this_over=['?']|AFTER_this_over_src=?(bcast)|AFTER_striker=Sunil Narine|AFTER_non_striker=Rinku Singh|AFTER_run_rate=6.78|AFTER_target=—|AFTER_innings=1|AFTER_partnership=59(52)|AFTER_fow_count=7|AFTER_field=pace_powerplay frozen=True fielders=['fine_leg', 'short_fine_leg', 'forward_short_leg', 'short_leg', 'cover_point', 'silly_mid_on', 'gully', 'leg_slip', 'deep_point']|ball_event=—|ball_event_runs=—|ball_event_over=—|ball_event_extra=—|ball_event_free_hit=—|broadcast_extra=—|dismissal_mode=—|striker_this_ball=—|delivery_length=—|delivery_line=—|delivery_angle=—|delivery_shot=—|delivery_direction=—|delivery_elevation=—|delivery_bounce=—|delivery_dets=0|delivery_method=—|delivery_snap_dets=—|delivery_3layer_dets=—|delivery_det_rate=—|delivery_dir_zone=—|delivery_dir_conf=0|delivery_shot_action=—|delivery_shot_intent=—|delivery_swing=—|delivery_speed_vlm=—|delivery_vlm_conf=—|delivery_vlm_ms=—|speed_kph=101.5|venue=—|batting_team=Kolkata Knight Riders|match_info=—|completed_over=—|completed_over_runs=—|drs_state=NONE|corrections=none|lat_vision=718|lat_extract=1141|lat_scorer=889|lat_field=67|lat_comm=0|lat_code=0|lat_total=2755|comm_bowler=Digvesh Singh Rathi|comm_wire=—|comm_storyteller=—|comm_analyst=—|comm_colour=—|comm_wire_ms=0|comm_story_ms=0|comm_analyst_ms=0|comm_colour_ms=0[0m
[37m[21:13:20 F20 TEST] INFO: [WS] client disconnected (2 remain)[0m
[37m[21:13:20 F20 VISION] INFO: [SCOUT] SCOREBOARD 702ms strip=True overlay=False drs=False cam=closeup phase=between_play digits=True 338 chars[0m
[37m[21:13:20 F20 TEST] INFO: 
=======================================================[0m
[37m[21:13:20 F20 TEST] INFO: [F20] SCOREBOARD — #16[0m
[37m[21:13:20 F20 TEST] INFO:   [V 705ms] STRIP: KKR 130-7 (19.1) | Narine 59(46) | Rinku 4(6) | Digvesh 0-21 (3.1)[0m
[37m[21:13:21 F20 EXTRACT] INFO: Extracted in 1.0s (llama-4-scout-17b-16e-instruct)[0m
[37m[21:13:21 F20 TEST] INFO:   [E 1049ms] visible_team=Kolkata Knight Riders score=130-7 (19.1) target=None rr=None[0m
[37m[21:13:21 F20 TEST] INFO:     BAT: Narine 59(46) [0m
[37m[21:13:21 F20 TEST] INFO:     BAT: Rinku 4(6) [0m
[37m[21:13:21 F20 TEST] INFO:     BOWL: Digvesh 0-21 (3.1)[0m
[37m[21:13:21 F20 TEST] INFO:   [STRIKER-WRITE] test_pipeline.py:6805 (run_test): non_striker Rinku Singh->Sunil Narine[0m
[37m[21:13:21 F20 TEST] INFO:   [STRIKER-WRITE] test_pipeline.py:6805 (run_test): non_striker Sunil Narine->Rinku Singh[0m
[37m[21:13:21 F20 TEST] INFO:   [DIRECT] Batter updates: ['Narine: ext=59(46) → tracker=59(46) [was 59(46)]', 'Rinku: ext=4(6) → tracker=4(6) [was 4(6)]'][0m
[37m[21:13:21 F20 TEST] INFO:   [DIRECT] score→130[0m
[37m[21:13:21 F20 TEST] INFO:   [DIRECT] overs→19.1[0m
[37m[21:13:21 F20 TEST] INFO:   [DIRECT] wickets→7[0m
[37m[21:13:22 F20 SCORER] INFO: Scored in 0.9s (llama-4-scout-17b-16e-instruct)[0m
[37m[21:13:22 F20 TEST] INFO:   [S] Hint: Current batters: Narine and Rinku. Bowler: Digvesh Singh Rathi. Read their stats from the scoreboard.[0m
[37m[21:13:22 F20 TEST] INFO:   [FLOW] Extractor batters not in scorer: {'RINKU', 'NARINE'}[0m
[37m[21:13:22 F20 TEST] INFO:   [S 870ms] Changes: ['score→130', 'overs→19.1', 'wickets→7', 'bat:Sunil Narine=59(46)', 'bat:Rinku Singh=4(6)', 'bowl:Digvesh Singh Rathi'][0m
[37m[21:13:22 F20 TEST] INFO:   Total: 2624ms (V:705 E:1049 S:870)[0m
[37m[21:13:22 F20 TEST] INFO:   [THIS OVER] ['?'] = 0 runs[0m
[37m[21:13:22 F20 TEST] INFO:   STATE: Kolkata Knight Riders 130-7 (19.1) inn=1 RR=6.78 | Bat: Rinku Singh(4) Sunil Narine(59) | Bowl: Digvesh Singh Rathi 0-21[0m
[37m[21:13:22 F20 TEST] INFO:   [ACTION] The batters Narine and Rinku are on the field, likely discussing strategy or tak[0m
[37m[21:13:22 F20 TEST] INFO: DETAIL|F20|SCOREBOARD|tag=SCOREBOARD|scout=STRIP: KKR 130-7 (19.1) | Narine 59(46) | Rinku 4(6) | Digvesh 0-21 (3.1)|action=The batters Narine and Rinku are on the field, likely discussing strategy or taking a break between |ext_score=130-7(19.1)|ext_bat=Narine 59(46) | Rinku 4(6)|ext_bowl=Digvesh 0-21 (3.1)|scorer_changes=['score→130', 'overs→19.1', 'wickets→7', 'bat:Sunil Narine=59(46)', 'bat:Rinku Singh=4(6)', 'bowl:Digvesh Singh Rathi']|yolo=0|BEFORE_score=130-7(19.1)|BEFORE_bat1=Rinku Singh 4(6)|BEFORE_bat2=Sunil Narine 59(46)|BEFORE_bowl=Digvesh Singh Rathi 0-21 (3.1)|BEFORE_this_over=['?']|AFTER_score=130-7(19.1)|AFTER_bat1=Rinku Singh 4(6)|AFTER_bat2=Sunil Narine 59(46)|AFTER_bowl=Digvesh Singh Rathi 0-21 (3.1)|AFTER_this_over=['?']|AFTER_this_over_src=?(bcast)|AFTER_striker=Sunil Narine|AFTER_non_striker=Rinku Singh|AFTER_run_rate=6.78|AFTER_target=—|AFTER_innings=1|AFTER_partnership=59(52)|AFTER_fow_count=7|AFTER_field=pace_powerplay frozen=True fielders=['fine_leg', 'short_fine_leg', 'forward_short_leg', 'short_leg', 'cover_point', 'silly_mid_on', 'gully', 'leg_slip', 'deep_point']|ball_event=—|ball_event_runs=—|ball_event_over=—|ball_event_extra=—|ball_event_free_hit=—|broadcast_extra=—|dismissal_mode=—|striker_this_ball=—|delivery_length=—|delivery_line=—|delivery_angle=—|delivery_shot=—|delivery_direction=—|delivery_elevation=—|delivery_bounce=—|delivery_dets=0|delivery_method=—|delivery_snap_dets=—|delivery_3layer_dets=—|delivery_det_rate=—|delivery_dir_zone=—|delivery_dir_conf=0|delivery_shot_action=—|delivery_shot_intent=—|delivery_swing=—|delivery_speed_vlm=—|delivery_vlm_conf=—|delivery_vlm_ms=—|speed_kph=—|venue=—|batting_team=Kolkata Knight Riders|match_info=—|completed_over=—|completed_over_runs=—|drs_state=NONE|corrections=none|lat_vision=705|lat_extract=1049|lat_scorer=870|lat_field=46|lat_comm=0|lat_code=0|lat_total=2634|comm_bowler=Digvesh Singh Rathi|comm_wire=—|comm_storyteller=—|comm_analyst=—|comm_colour=—|comm_wire_ms=0|comm_story_ms=0|comm_analyst_ms=0|comm_colour_ms=0[0m
[37m[21:13:24 F20 TEST] INFO: [WS] client connected (3 total)[0m
[37m[21:13:25 F21 VISION] INFO: [SCOUT] SCOREBOARD 637ms strip=True overlay=False drs=False cam=closeup phase=between_play digits=True 344 chars[0m
[37m[21:13:25 F21 TEST] INFO:   [DRS] Detecting — frame 1[0m
[37m[21:13:25 F21 TEST] INFO: 
=======================================================[0m
[37m[21:13:25 F21 TEST] INFO: [F21] SCOREBOARD — #17[0m
[37m[21:13:25 F21 TEST] INFO:   [V 640ms] STRIP: KKR 130-7 (19.1)

INFO_PANEL: 
SPEED: 
EXTRA: 
THIS OVER: 
FULL SCORECARD: 

The player is reacting, likely due to a review decision as indicated by "KNIGHT RIDERS REVIEW WIDE NOT GIVEN".[0m
[37m[21:13:26 F21 EXTRACT] INFO: Extracted in 1.2s (llama-4-scout-17b-16e-instruct)[0m
[37m[21:13:26 F21 TEST] INFO:   [E 1198ms] visible_team=Kolkata Knight Riders score=130-7 (19.1) target=None rr=None[0m
[37m[21:13:26 F21 TEST] INFO:   [DRS FREEZE] Skipping all tracker updates (state=DETECTING, streak=1)[0m
[37m[21:13:26 F21 TEST] INFO:   Total: 1842ms (V:640 E:1198)[0m
[37m[21:13:26 F21 TEST] INFO:   STATE: Kolkata Knight Riders 130-7 (19.1) [DRS DETECTING][0m
[37m[21:13:26 F21 TEST] INFO: DETAIL|F21|SCOREBOARD|tag=SCOREBOARD|scout=STRIP: KKR 130-7 (19.1)  INFO_PANEL:  SPEED:  EXTRA:  THIS OVER:  FULL SCORECARD:   The player is reacting, likely due to a review decision as indicated by "KNIGHT RIDERS REVIEW WIDE NOT GIVEN".|action=—|ext_score=130-7(19.1)|ext_bat=|ext_bowl=|scorer_changes=[]|yolo=0|BEFORE_score=130-7(19.1)|BEFORE_bat1=Rinku Singh 4(6)|BEFORE_bat2=Sunil Narine 59(46)|BEFORE_bowl=Digvesh Singh Rathi 0-21 (3.1)|BEFORE_this_over=['?']|AFTER_score=130-7(19.1)|AFTER_bat1=Rinku Singh 4(6)|AFTER_bat2=Sunil Narine 59(46)|AFTER_bowl=Digvesh Singh Rathi 0-21 (3.1)|AFTER_this_over=['?']|AFTER_this_over_src=?(bcast)|AFTER_striker=—|AFTER_non_striker=Rinku Singh|AFTER_run_rate=6.78|AFTER_target=—|AFTER_innings=1|AFTER_partnership=—|AFTER_fow_count=7|AFTER_field=powerplay frozen=True fielders=['fine_leg', 'short_fine_leg', 'forward_short_leg', 'short_leg', 'cover_point', 'silly_mid_on', 'gully', 'leg_slip', 'deep_point']|ball_event=—|ball_event_runs=—|ball_event_over=—|ball_event_extra=—|ball_event_free_hit=—|broadcast_extra=—|dismissal_mode=—|striker_this_ball=—|delivery_length=—|delivery_line=—|delivery_angle=—|delivery_shot=—|delivery_direction=—|delivery_elevation=—|delivery_bounce=—|delivery_dets=0|delivery_det_rate=—|delivery_dir_zone=—|delivery_dir_conf=0|speed_kph=—|venue=—|batting_team=Kolkata Knight Riders|match_info=—|completed_over=—|completed_over_runs=—|drs_state=DETECTING|corrections=none|lat_vision=640|lat_extract=1198|lat_scorer=0|lat_field=0|lat_comm=0|lat_code=0|lat_total=1842|comm_bowler=—|comm_wire=—|comm_storyteller=—|comm_analyst=—|comm_colour=—|comm_wire_ms=0|comm_story_ms=0|comm_analyst_ms=0|comm_colour_ms=0[0m
[37m[21:13:27 F22 VISION] INFO: [SCOUT] SCOREBOARD 694ms strip=True overlay=False drs=False cam=closeup phase=between_play digits=True 319 chars[0m
[37m[21:13:27 F22 TEST] INFO:   [DRS] Detecting — grace 1/3[0m
[37m[21:13:27 F22 TEST] INFO: 
=======================================================[0m
[37m[21:13:27 F22 TEST] INFO: [F22] SCOREBOARD — #18[0m
[37m[21:13:27 F22 TEST] INFO:   [V 697ms] STRIP: KKR 130-7 (19.1)

INFO_PANEL: 
SPEED: 
EXTRA: 
THIS OVER: 
FULL SCORECARD: 

The camera shows a close-up of a Knight Riders player, likely during a break in play.[0m
[37m[21:13:28 F22 TEST] INFO: [WS] client disconnected (2 remain)[0m
[37m[21:13:28 F22 EXTRACT] INFO: Extracted in 1.0s (llama-4-scout-17b-16e-instruct)[0m
[37m[21:13:28 F22 TEST] INFO:   [E 955ms] visible_team=Kolkata Knight Riders score=130-7 (19.1) target=None rr=None[0m
[37m[21:13:28 F22 TEST] INFO:   [DRS FREEZE] Skipping all tracker updates (state=DETECTING, streak=1)[0m
[37m[21:13:28 F22 TEST] INFO:   Total: 1655ms (V:697 E:955)[0m
[37m[21:13:28 F22 TEST] INFO:   STATE: Kolkata Knight Riders 130-7 (19.1) [DRS DETECTING][0m
[37m[21:13:28 F22 TEST] INFO: DETAIL|F22|SCOREBOARD|tag=SCOREBOARD|scout=STRIP: KKR 130-7 (19.1)  INFO_PANEL:  SPEED:  EXTRA:  THIS OVER:  FULL SCORECARD:   The camera shows a close-up of a Knight Riders player, likely during a break in play.|action=—|ext_score=130-7(19.1)|ext_bat=|ext_bowl=|scorer_changes=[]|yolo=0|BEFORE_score=130-7(19.1)|BEFORE_bat1=Rinku Singh 4(6)|BEFORE_bat2=Sunil Narine 59(46)|BEFORE_bowl=Digvesh Singh Rathi 0-21 (3.1)|BEFORE_this_over=['?']|AFTER_score=130-7(19.1)|AFTER_bat1=Rinku Singh 4(6)|AFTER_bat2=Sunil Narine 59(46)|AFTER_bowl=Digvesh Singh Rathi 0-21 (3.1)|AFTER_this_over=['?']|AFTER_this_over_src=?(bcast)|AFTER_striker=—|AFTER_non_striker=Rinku Singh|AFTER_run_rate=6.78|AFTER_target=—|AFTER_innings=1|AFTER_partnership=—|AFTER_fow_count=7|AFTER_field=powerplay frozen=True fielders=['fine_leg', 'short_fine_leg', 'forward_short_leg', 'short_leg', 'cover_point', 'silly_mid_on', 'gully', 'leg_slip', 'deep_point']|ball_event=—|ball_event_runs=—|ball_event_over=—|ball_event_extra=—|ball_event_free_hit=—|broadcast_extra=—|dismissal_mode=—|striker_this_ball=—|delivery_length=—|delivery_line=—|delivery_angle=—|delivery_shot=—|delivery_direction=—|delivery_elevation=—|delivery_bounce=—|delivery_dets=0|delivery_det_rate=—|delivery_dir_zone=—|delivery_dir_conf=0|speed_kph=—|venue=—|batting_team=Kolkata Knight Riders|match_info=—|completed_over=—|completed_over_runs=—|drs_state=DETECTING|corrections=none|lat_vision=697|lat_extract=955|lat_scorer=0|lat_field=0|lat_comm=0|lat_code=0|lat_total=1655|comm_bowler=—|comm_wire=—|comm_storyteller=—|comm_analyst=—|comm_colour=—|comm_wire_ms=0|comm_story_ms=0|comm_analyst_ms=0|comm_colour_ms=0[0m
[37m[21:13:29 F23 VISION] INFO: [SCOUT] SCOREBOARD 813ms strip=True overlay=False drs=False cam=closeup phase=between_play digits=True 347 chars[0m
[37m[21:13:29 F23 TEST] INFO:   [DRS] Detecting — grace 2/3[0m
[37m[21:13:29 F23 TEST] INFO: 
=======================================================[0m
[37m[21:13:29 F23 TEST] INFO: [F23] SCOREBOARD — #19[0m
[37m[21:13:29 F23 TEST] INFO:   [V 816ms] STRIP: KKR 130-7 (19.1)

INFO_PANEL: 
SPEED: 
EXTRA: 
THIS OVER: 
FULL SCORECARD: 

The player is walking off the field, likely after a wicket has fallen, given the current score and phase of play.[0m
[37m[21:13:30 F23 EXTRACT] INFO: Extracted in 1.2s (llama-4-scout-17b-16e-instruct)[0m
[37m[21:13:30 F23 TEST] INFO:   [E 1207ms] visible_team=Kolkata Knight Riders score=130-7 (19.1) target=None rr=None[0m
[37m[21:13:30 F23 TEST] INFO:   [DRS FREEZE] Skipping all tracker updates (state=DETECTING, streak=1)[0m
[33m[21:13:30 F23 TEST] WARN: [WS-COLD-START-GATE] OPEN (timeout) — 91s elapsed since first broadcast attempt without first committed non-zero state.  Releasing gate to avoid UI hang (Fix 17 Path D).[0m
[37m[21:13:30 F23 TEST] INFO:   Total: 2028ms (V:816 E:1207)[0m
[37m[21:13:30 F23 TEST] INFO:   STATE: Kolkata Knight Riders 130-7 (19.1) [DRS DETECTING][0m
[37m[21:13:30 F23 TEST] INFO: DETAIL|F23|SCOREBOARD|tag=SCOREBOARD|scout=STRIP: KKR 130-7 (19.1)  INFO_PANEL:  SPEED:  EXTRA:  THIS OVER:  FULL SCORECARD:   The player is walking off the field, likely after a wicket has fallen, given the current score and phase of play.|action=—|ext_score=130-7(19.1)|ext_bat=|ext_bowl=|scorer_changes=[]|yolo=0|BEFORE_score=130-7(19.1)|BEFORE_bat1=Rinku Singh 4(6)|BEFORE_bat2=Sunil Narine 59(46)|BEFORE_bowl=Digvesh Singh Rathi 0-21 (3.1)|BEFORE_this_over=['?']|AFTER_score=130-7(19.1)|AFTER_bat1=Rinku Singh 4(6)|AFTER_bat2=Sunil Narine 59(46)|AFTER_bowl=Digvesh Singh Rathi 0-21 (3.1)|AFTER_this_over=['?']|AFTER_this_over_src=?(bcast)|AFTER_striker=—|AFTER_non_striker=Rinku Singh|AFTER_run_rate=6.78|AFTER_target=—|AFTER_innings=1|AFTER_partnership=—|AFTER_fow_count=7|AFTER_field=powerplay frozen=True fielders=['fine_leg', 'short_fine_leg', 'forward_short_leg', 'short_leg', 'cover_point', 'silly_mid_on', 'gully', 'leg_slip', 'deep_point']|ball_event=—|ball_event_runs=—|ball_event_over=—|ball_event_extra=—|ball_event_free_hit=—|broadcast_extra=—|dismissal_mode=—|striker_this_ball=—|delivery_length=—|delivery_line=—|delivery_angle=—|delivery_shot=—|delivery_direction=—|delivery_elevation=—|delivery_bounce=—|delivery_dets=0|delivery_det_rate=—|delivery_dir_zone=—|delivery_dir_conf=0|speed_kph=—|venue=—|batting_team=Kolkata Knight Riders|match_info=—|completed_over=—|completed_over_runs=—|drs_state=DETECTING|corrections=none|lat_vision=816|lat_extract=1207|lat_scorer=0|lat_field=0|lat_comm=0|lat_code=0|lat_total=2028|comm_bowler=—|comm_wire=—|comm_storyteller=—|comm_analyst=—|comm_colour=—|comm_wire_ms=0|comm_story_ms=0|comm_analyst_ms=0|comm_colour_ms=0[0m
[37m[21:13:31 F24 VISION] INFO: [SCOUT] SCOREBOARD 1130ms strip=True overlay=False drs=True cam=closeup phase=between_play digits=True 282 chars[0m
[37m[21:13:31 F24 TEST] INFO:   [DRS] Detecting — frame 2[0m
[37m[21:13:31 F24 TEST] INFO: 
=======================================================[0m
[37m[21:13:31 F24 TEST] INFO: [F24] SCOREBOARD — #20[0m
[37m[21:13:31 F24 TEST] INFO:   [V 1133ms] STRIP: KKR 130-7 (19.1)

INFO_PANEL: 
SPEED: 
EXTRA: 
THIS OVER: 
FULL SCORECARD: 

The Knight Riders player is reviewing a decision.[0m
[37m[21:13:32 F24 TEST] INFO: [WS] client connected (3 total)[0m
[37m[21:13:32 F24 EXTRACT] INFO: Extracted in 1.0s (llama-4-scout-17b-16e-instruct)[0m
[37m[21:13:32 F24 TEST] INFO:   [E 1036ms] visible_team=Kolkata Knight Riders score=130-7 (19.1) target=None rr=None[0m
[37m[21:13:32 F24 TEST] INFO:   [DRS FREEZE] Skipping all tracker updates (state=DETECTING, streak=2)[0m
[37m[21:13:32 F24 TEST] INFO:   Total: 2175ms (V:1133 E:1036)[0m
[37m[21:13:32 F24 TEST] INFO:   STATE: Kolkata Knight Riders 130-7 (19.1) [DRS DETECTING][0m
[37m[21:13:32 F24 TEST] INFO: DETAIL|F24|SCOREBOARD|tag=SCOREBOARD|scout=STRIP: KKR 130-7 (19.1)  INFO_PANEL:  SPEED:  EXTRA:  THIS OVER:  FULL SCORECARD:   The Knight Riders player is reviewing a decision.|action=—|ext_score=130-7(19.1)|ext_bat=|ext_bowl=|scorer_changes=[]|yolo=0|BEFORE_score=130-7(19.1)|BEFORE_bat1=Rinku Singh 4(6)|BEFORE_bat2=Sunil Narine 59(46)|BEFORE_bowl=Digvesh Singh Rathi 0-21 (3.1)|BEFORE_this_over=['?']|AFTER_score=130-7(19.1)|AFTER_bat1=Rinku Singh 4(6)|AFTER_bat2=Sunil Narine 59(46)|AFTER_bowl=Digvesh Singh Rathi 0-21 (3.1)|AFTER_this_over=['?']|AFTER_this_over_src=?(bcast)|AFTER_striker=—|AFTER_non_striker=Rinku Singh|AFTER_run_rate=6.78|AFTER_target=—|AFTER_innings=1|AFTER_partnership=—|AFTER_fow_count=7|AFTER_field=powerplay frozen=True fielders=['fine_leg', 'short_fine_leg', 'forward_short_leg', 'short_leg', 'cover_point', 'silly_mid_on', 'gully', 'leg_slip', 'deep_point']|ball_event=—|ball_event_runs=—|ball_event_over=—|ball_event_extra=—|ball_event_free_hit=—|broadcast_extra=—|dismissal_mode=—|striker_this_ball=—|delivery_length=—|delivery_line=—|delivery_angle=—|delivery_shot=—|delivery_direction=—|delivery_elevation=—|delivery_bounce=—|delivery_dets=0|delivery_det_rate=—|delivery_dir_zone=—|delivery_dir_conf=0|speed_kph=—|venue=—|batting_team=Kolkata Knight Riders|match_info=—|completed_over=—|completed_over_runs=—|drs_state=DETECTING|corrections=none|lat_vision=1133|lat_extract=1036|lat_scorer=0|lat_field=0|lat_comm=0|lat_code=0|lat_total=2175|comm_bowler=—|comm_wire=—|comm_storyteller=—|comm_analyst=—|comm_colour=—|comm_wire_ms=0|comm_story_ms=0|comm_analyst_ms=0|comm_colour_ms=0[0m
[37m[21:13:33 F25 TEST] INFO: [WS] client disconnected (2 remain)[0m
[37m[21:13:33 F25 TEST] INFO: [WS] client connected (3 total)[0m
[37m[21:13:33 F25 VISION] INFO: [SCOUT] SCOREBOARD 725ms strip=True overlay=False drs=False cam=closeup phase=between_play digits=True 330 chars[0m
[37m[21:13:33 F25 TEST] INFO:   [DRS] Detecting — frame 3[0m
[37m[21:13:33 F25 TEST] INFO:   [DRS] Confirmed IN_PROGRESS — pre-state: {'score': 130, 'wickets': 7, 'overs': '19.1'}[0m
[37m[21:13:33 F25 TEST] INFO: 
=======================================================[0m
[37m[21:13:33 F25 TEST] INFO: [F25] SCOREBOARD — #21[0m
[37m[21:13:33 F25 TEST] INFO:   [V 728ms] STRIP: KKR 130-7 (19.1)

INFO_PANEL: 

SPEED: 

EXTRA: 

THIS OVER: 

FULL SCORECARD: 

The players are discussing or reviewing a decision, likely related to a wide ball not given.[0m
[37m[21:13:34 F25 EXTRACT] INFO: Extracted in 1.0s (llama-4-scout-17b-16e-instruct)[0m
[37m[21:13:34 F25 TEST] INFO:   [E 990ms] visible_team=Kolkata Knight Riders score=130-7 (19.1) target=None rr=None[0m
[37m[21:13:34 F25 TEST] INFO:   [DRS FREEZE] Skipping all tracker updates (state=IN_PROGRESS, streak=3)[0m
[37m[21:13:34 F25 TEST] INFO:   Total: 1725ms (V:728 E:990)[0m
[37m[21:13:34 F25 TEST] INFO:   STATE: Kolkata Knight Riders 130-7 (19.1) [DRS IN_PROGRESS][0m
[37m[21:13:34 F25 TEST] INFO: DETAIL|F25|SCOREBOARD|tag=SCOREBOARD|scout=STRIP: KKR 130-7 (19.1)  INFO_PANEL:   SPEED:   EXTRA:   THIS OVER:   FULL SCORECARD:   The players are discussing or reviewing a decision, likely related to a wide ball not given.|action=—|ext_score=130-7(19.1)|ext_bat=|ext_bowl=|scorer_changes=[]|yolo=0|BEFORE_score=130-7(19.1)|BEFORE_bat1=Rinku Singh 4(6)|BEFORE_bat2=Sunil Narine 59(46)|BEFORE_bowl=Digvesh Singh Rathi 0-21 (3.1)|BEFORE_this_over=['?']|AFTER_score=130-7(19.1)|AFTER_bat1=Rinku Singh 4(6)|AFTER_bat2=Sunil Narine 59(46)|AFTER_bowl=Digvesh Singh Rathi 0-21 (3.1)|AFTER_this_over=['?']|AFTER_this_over_src=?(bcast)|AFTER_striker=—|AFTER_non_striker=Rinku Singh|AFTER_run_rate=6.78|AFTER_target=—|AFTER_innings=1|AFTER_partnership=—|AFTER_fow_count=7|AFTER_field=powerplay frozen=True fielders=['fine_leg', 'short_fine_leg', 'forward_short_leg', 'short_leg', 'cover_point', 'silly_mid_on', 'gully', 'leg_slip', 'deep_point']|ball_event=—|ball_event_runs=—|ball_event_over=—|ball_event_extra=—|ball_event_free_hit=—|broadcast_extra=—|dismissal_mode=—|striker_this_ball=—|delivery_length=—|delivery_line=—|delivery_angle=—|delivery_shot=—|delivery_direction=—|delivery_elevation=—|delivery_bounce=—|delivery_dets=0|delivery_det_rate=—|delivery_dir_zone=—|delivery_dir_conf=0|speed_kph=—|venue=—|batting_team=Kolkata Knight Riders|match_info=—|completed_over=—|completed_over_runs=—|drs_state=IN_PROGRESS|corrections=none|lat_vision=728|lat_extract=990|lat_scorer=0|lat_field=0|lat_comm=0|lat_code=0|lat_total=1725|comm_bowler=—|comm_wire=—|comm_storyteller=—|comm_analyst=—|comm_colour=—|comm_wire_ms=0|comm_story_ms=0|comm_analyst_ms=0|comm_colour_ms=0[0m
[37m[21:13:34 F26 TEST] INFO: [WS] client disconnected (2 remain)[0m
[37m[21:13:35 F26 VISION] INFO: [SCOUT] SCOREBOARD 634ms strip=True overlay=False drs=False cam=closeup phase=between_play digits=True 281 chars[0m
[37m[21:13:35 F26 TEST] INFO:   [DRS] Commentary emitted: review in progress[0m
[37m[21:13:35 F26 TEST] INFO: 
=======================================================[0m
[37m[21:13:35 F26 TEST] INFO: [F26] SCOREBOARD — #22[0m
[37m[21:13:35 F26 TEST] INFO:   [V 637ms] STRIP: KKR 130-7 (19.1)

INFO_PANEL: 
SPEED: 
EXTRA: 
THIS OVER: 
FULL SCORECARD: 

The players are discussing a call for a review.[0m
[37m[21:13:36 F26 EXTRACT] INFO: Extracted in 1.0s (llama-4-scout-17b-16e-instruct)[0m
[37m[21:13:36 F26 TEST] INFO:   [E 995ms] visible_team=Kolkata Knight Riders score=130-7 (19.1) target=None rr=None[0m
[37m[21:13:36 F26 TEST] INFO:   [DRS FREEZE] Skipping all tracker updates (state=IN_PROGRESS, streak=4)[0m
[37m[21:13:36 F26 TEST] INFO:   Total: 1638ms (V:637 E:995)[0m
[37m[21:13:36 F26 TEST] INFO:   STATE: Kolkata Knight Riders 130-7 (19.1) [DRS IN_PROGRESS][0m
[37m[21:13:36 F26 TEST] INFO: DETAIL|F26|SCOREBOARD|tag=SCOREBOARD|scout=STRIP: KKR 130-7 (19.1)  INFO_PANEL:  SPEED:  EXTRA:  THIS OVER:  FULL SCORECARD:   The players are discussing a call for a review.|action=—|ext_score=130-7(19.1)|ext_bat=|ext_bowl=|scorer_changes=[]|yolo=0|BEFORE_score=130-7(19.1)|BEFORE_bat1=Rinku Singh 4(6)|BEFORE_bat2=Sunil Narine 59(46)|BEFORE_bowl=Digvesh Singh Rathi 0-21 (3.1)|BEFORE_this_over=['?']|AFTER_score=130-7(19.1)|AFTER_bat1=Rinku Singh 4(6)|AFTER_bat2=Sunil Narine 59(46)|AFTER_bowl=Digvesh Singh Rathi 0-21 (3.1)|AFTER_this_over=['?']|AFTER_this_over_src=?(bcast)|AFTER_striker=—|AFTER_non_striker=Rinku Singh|AFTER_run_rate=6.78|AFTER_target=—|AFTER_innings=1|AFTER_partnership=—|AFTER_fow_count=7|AFTER_field=powerplay frozen=True fielders=['fine_leg', 'short_fine_leg', 'forward_short_leg', 'short_leg', 'cover_point', 'silly_mid_on', 'gully', 'leg_slip', 'deep_point']|ball_event=—|ball_event_runs=—|ball_event_over=—|ball_event_extra=—|ball_event_free_hit=—|broadcast_extra=—|dismissal_mode=—|striker_this_ball=—|delivery_length=—|delivery_line=—|delivery_angle=—|delivery_shot=—|delivery_direction=—|delivery_elevation=—|delivery_bounce=—|delivery_dets=0|delivery_det_rate=—|delivery_dir_zone=—|delivery_dir_conf=0|speed_kph=—|venue=—|batting_team=Kolkata Knight Riders|match_info=—|completed_over=—|completed_over_runs=—|drs_state=IN_PROGRESS|corrections=none|lat_vision=637|lat_extract=995|lat_scorer=0|lat_field=0|lat_comm=0|lat_code=0|lat_total=1638|comm_bowler=—|comm_wire=—|comm_storyteller=—|comm_analyst=—|comm_colour=—|comm_wire_ms=0|comm_story_ms=0|comm_analyst_ms=0|comm_colour_ms=0[0m
[37m[21:13:37 F27 TEST] INFO: [WS] client connected (3 total)[0m
[37m[21:13:37 F27 VISION] INFO: [SCOUT] SCOREBOARD 668ms strip=True overlay=False drs=False cam=closeup phase=between_play digits=True 322 chars[0m
[37m[21:13:37 F27 TEST] INFO:   [DRS] IN_PROGRESS — grace 1/3[0m
[37m[21:13:37 F27 TEST] INFO: 
=======================================================[0m
[37m[21:13:37 F27 TEST] INFO: [F27] SCOREBOARD — #23[0m
[37m[21:13:37 F27 TEST] INFO:   [V 671ms] STRIP: KKR 130-7 (19.1)

INFO_PANEL: 
SPEED: 
EXTRA: 
THIS OVER: 
FULL SCORECARD: 

The player is walking around, likely discussing strategy or taking a break between play.[0m
[37m[21:13:38 F27 EXTRACT] INFO: Extracted in 1.0s (llama-4-scout-17b-16e-instruct)[0m
[37m[21:13:38 F27 TEST] INFO:   [E 979ms] visible_team=Kolkata Knight Riders score=130-7 (19.1) target=None rr=None[0m
[37m[21:13:38 F27 TEST] INFO:   [DRS FREEZE] Skipping all tracker updates (state=IN_PROGRESS, streak=4)[0m
[37m[21:13:38 F27 TEST] INFO:   Total: 1655ms (V:671 E:979)[0m
[37m[21:13:38 F27 TEST] INFO:   STATE: Kolkata Knight Riders 130-7 (19.1) [DRS IN_PROGRESS][0m
[37m[21:13:38 F27 TEST] INFO: DETAIL|F27|SCOREBOARD|tag=SCOREBOARD|scout=STRIP: KKR 130-7 (19.1)  INFO_PANEL:  SPEED:  EXTRA:  THIS OVER:  FULL SCORECARD:   The player is walking around, likely discussing strategy or taking a break between play.|action=—|ext_score=130-7(19.1)|ext_bat=|ext_bowl=|scorer_changes=[]|yolo=0|BEFORE_score=130-7(19.1)|BEFORE_bat1=Rinku Singh 4(6)|BEFORE_bat2=Sunil Narine 59(46)|BEFORE_bowl=Digvesh Singh Rathi 0-21 (3.1)|BEFORE_this_over=['?']|AFTER_score=130-7(19.1)|AFTER_bat1=Rinku Singh 4(6)|AFTER_bat2=Sunil Narine 59(46)|AFTER_bowl=Digvesh Singh Rathi 0-21 (3.1)|AFTER_this_over=['?']|AFTER_this_over_src=?(bcast)|AFTER_striker=—|AFTER_non_striker=Rinku Singh|AFTER_run_rate=6.78|AFTER_target=—|AFTER_innings=1|AFTER_partnership=—|AFTER_fow_count=7|AFTER_field=powerplay frozen=True fielders=['fine_leg', 'short_fine_leg', 'forward_short_leg', 'short_leg', 'cover_point', 'silly_mid_on', 'gully', 'leg_slip', 'deep_point']|ball_event=—|ball_event_runs=—|ball_event_over=—|ball_event_extra=—|ball_event_free_hit=—|broadcast_extra=—|dismissal_mode=—|striker_this_ball=—|delivery_length=—|delivery_line=—|delivery_angle=—|delivery_shot=—|delivery_direction=—|delivery_elevation=—|delivery_bounce=—|delivery_dets=0|delivery_det_rate=—|delivery_dir_zone=—|delivery_dir_conf=0|speed_kph=—|venue=—|batting_team=Kolkata Knight Riders|match_info=—|completed_over=—|completed_over_runs=—|drs_state=IN_PROGRESS|corrections=none|lat_vision=671|lat_extract=979|lat_scorer=0|lat_field=0|lat_comm=0|lat_code=0|lat_total=1655|comm_bowler=—|comm_wire=—|comm_storyteller=—|comm_analyst=—|comm_colour=—|comm_wire_ms=0|comm_story_ms=0|comm_analyst_ms=0|comm_colour_ms=0[0m
[37m[21:13:38 F28 TEST] INFO: [WS] client disconnected (2 remain)[0m
[37m[21:13:39 F28 VISION] INFO: [SCOUT] SCOREBOARD 689ms strip=True overlay=False drs=False cam=closeup phase=between_play digits=True 380 chars[0m
[37m[21:13:39 F28 TEST] INFO: 
=======================================================[0m
[37m[21:13:39 F28 TEST] INFO: [F28] SCOREBOARD — #24[0m
[37m[21:13:39 F28 TEST] INFO:   [V 691ms] STRIP: KKR 130-7 (19.1)

INFO_PANEL: 
SPEED: 
EXTRA: 
THIS OVER: 
FULL SCORECARD: 

The batter is disputing a call with a teammate or umpire, indicating dissatisfaction with a wide ball call, as shown by the "WIDE NOT GIVEN" text.[0m
[37m[21:13:40 F28 EXTRACT] INFO: Extracted in 1.1s (llama-4-scout-17b-16e-instruct)[0m
[37m[21:13:40 F28 TEST] INFO:   [E 1057ms] visible_team=Kolkata Knight Riders score=130-7 (19.1) target=None rr=None[0m
[37m[21:13:40 F28 TEST] INFO:   [DRS FREEZE] Skipping all tracker updates (state=IN_PROGRESS, streak=5)[0m
[37m[21:13:40 F28 TEST] INFO:   Total: 1753ms (V:691 E:1057)[0m
[37m[21:13:40 F28 TEST] INFO:   STATE: Kolkata Knight Riders 130-7 (19.1) [DRS IN_PROGRESS][0m
[37m[21:13:40 F28 TEST] INFO: DETAIL|F28|SCOREBOARD|tag=SCOREBOARD|scout=STRIP: KKR 130-7 (19.1)  INFO_PANEL:  SPEED:  EXTRA:  THIS OVER:  FULL SCORECARD:   The batter is disputing a call with a teammate or umpire, indicating dissatisfaction with a wide ball call, as shown|action=—|ext_score=130-7(19.1)|ext_bat=|ext_bowl=|scorer_changes=[]|yolo=0|BEFORE_score=130-7(19.1)|BEFORE_bat1=Rinku Singh 4(6)|BEFORE_bat2=Sunil Narine 59(46)|BEFORE_bowl=Digvesh Singh Rathi 0-21 (3.1)|BEFORE_this_over=['?']|AFTER_score=130-7(19.1)|AFTER_bat1=Rinku Singh 4(6)|AFTER_bat2=Sunil Narine 59(46)|AFTER_bowl=Digvesh Singh Rathi 0-21 (3.1)|AFTER_this_over=['?']|AFTER_this_over_src=?(bcast)|AFTER_striker=—|AFTER_non_striker=Rinku Singh|AFTER_run_rate=6.78|AFTER_target=—|AFTER_innings=1|AFTER_partnership=—|AFTER_fow_count=7|AFTER_field=powerplay frozen=True fielders=['fine_leg', 'short_fine_leg', 'forward_short_leg', 'short_leg', 'cover_point', 'silly_mid_on', 'gully', 'leg_slip', 'deep_point']|ball_event=—|ball_event_runs=—|ball_event_over=—|ball_event_extra=—|ball_event_free_hit=—|broadcast_extra=—|dismissal_mode=—|striker_this_ball=—|delivery_length=—|delivery_line=—|delivery_angle=—|delivery_shot=—|delivery_direction=—|delivery_elevation=—|delivery_bounce=—|delivery_dets=0|delivery_det_rate=—|delivery_dir_zone=—|delivery_dir_conf=0|speed_kph=—|venue=—|batting_team=Kolkata Knight Riders|match_info=—|completed_over=—|completed_over_runs=—|drs_state=IN_PROGRESS|corrections=none|lat_vision=691|lat_extract=1057|lat_scorer=0|lat_field=0|lat_comm=0|lat_code=0|lat_total=1753|comm_bowler=—|comm_wire=—|comm_storyteller=—|comm_analyst=—|comm_colour=—|comm_wire_ms=0|comm_story_ms=0|comm_analyst_ms=0|comm_colour_ms=0[0m
[37m[21:13:40 F29 VISION] INFO: [SCOUT] SCOREBOARD 608ms strip=True overlay=False drs=False cam=closeup phase=between_play digits=True 277 chars[0m
[37m[21:13:40 F29 TEST] INFO:   [DRS] IN_PROGRESS — grace 1/3[0m
[37m[21:13:40 F29 TEST] INFO: 
=======================================================[0m
[37m[21:13:40 F29 TEST] INFO: [F29] SCOREBOARD — #25[0m
[37m[21:13:40 F29 TEST] INFO:   [V 611ms] STRIP: KKR 130-7 (19.1)

INFO_PANEL: 
SPEED: 
EXTRA: 
THIS OVER: 
FULL SCORECARD: 

The batters are discussing with the umpire.[0m
[37m[21:13:41 F29 ENRICH] INFO: Pass-2 (verify) complete in 107101ms (41/50 known)[0m
[37m[21:13:41 F29 ENRICH] INFO: Pass-2 corrected 9 players vs pass-1[0m
[37m[21:13:41 F29 ENRICH] INFO: Saved styles to player_styles_242f360951fc.json[0m
[37m[21:13:41 F29 ENRICH] INFO: [pass2-bg] Lucknow Super Giants — styles:[0m
[37m[21:13:41 F29 ENRICH] INFO: [pass2-bg]   Aiden Markram            RHB  | Right-arm off spin[0m
[37m[21:13:41 F29 ENRICH] INFO: [pass2-bg]   Mitchell Marsh           RHB  | Right-arm medium[0m
[37m[21:13:41 F29 ENRICH] INFO: [pass2-bg]   Rishabh Pant             LHB  | None[0m
[37m[21:13:41 F29 ENRICH] INFO: [pass2-bg]   Nicholas Pooran          LHB  | None[0m
[37m[21:13:41 F29 ENRICH] INFO: [pass2-bg]   Ayush Badoni             LHB  | Right-arm medium[0m
[37m[21:13:41 F29 ENRICH] INFO: [pass2-bg]   Mukul Choudhary          RHB  | None[0m
[37m[21:13:41 F29 ENRICH] INFO: [pass2-bg]   George Linde             LHB  | Slow left-arm orthodox[0m
[37m[21:13:41 F29 ENRICH] INFO: [pass2-bg]   Mohammed Shami           RHB  | Right-arm fast[0m
[37m[21:13:41 F29 ENRICH] INFO: [pass2-bg]   Prince Yadav             RHB  | Right-arm medium-fast[0m
[37m[21:13:41 F29 ENRICH] INFO: [pass2-bg]   Digvesh Singh Rathi      unknown | unknown[0m
[37m[21:13:41 F29 ENRICH] INFO: [pass2-bg]   Mohsin Khan              RHB  | Left-arm fast[0m
[37m[21:13:41 F29 ENRICH] INFO: [pass2-bg] Kolkata Knight Riders — styles:[0m
[37m[21:13:41 F29 ENRICH] INFO: [pass2-bg]   Ajinkya Rahane           RHB  | Right-arm medium[0m
[37m[21:13:41 F29 ENRICH] INFO: [pass2-bg]   Tim Seifert              RHB  | None[0m
[37m[21:13:41 F29 ENRICH] INFO: [pass2-bg]   Cameron Green            RHB  | Right-arm fast-medium[0m
[37m[21:13:41 F29 ENRICH] INFO: [pass2-bg]   Angkrish Raghuvanshi     LHB  | Right-arm off spin[0m
[37m[21:13:41 F29 ENRICH] INFO: [pass2-bg]   Rovman Powell            RHB  | Right-arm medium-fast[0m
[37m[21:13:41 F29 ENRICH] INFO: [pass2-bg]   Rinku Singh              LHB  | None[0m
[37m[21:13:41 F29 ENRICH] INFO: [pass2-bg]   Sunil Narine             LHB  | Right-arm off spin[0m
[37m[21:13:41 F29 ENRICH] INFO: [pass2-bg]   Ramandeep Singh          RHB  | Right-arm medium[0m
[37m[21:13:41 F29 ENRICH] INFO: [pass2-bg]   Anukul Roy               LHB  | Slow left-arm orthodox[0m
[37m[21:13:41 F29 ENRICH] INFO: [pass2-bg]   Vaibhav Arora            RHB  | Right-arm fast-medium[0m
[37m[21:13:41 F29 ENRICH] INFO: [pass2-bg]   Kartik Tyagi             RHB  | Right-arm fast[0m
[37m[21:13:41 F29 BOARD] INFO: [STYLES-PATCH] Updated 50 card slots from background Pass-2 enrichment (50 players)[0m
[37m[21:13:41 F29 EXTRACT] INFO: Extracted in 1.0s (llama-4-scout-17b-16e-instruct)[0m
[37m[21:13:41 F29 TEST] INFO:   [E 1011ms] visible_team=Kolkata Knight Riders score=130-7 (19.1) target=None rr=None[0m
[37m[21:13:41 F29 TEST] INFO:   [DRS FREEZE] Skipping all tracker updates (state=IN_PROGRESS, streak=5)[0m
[37m[21:13:41 F29 TEST] INFO:   Total: 1637ms (V:611 E:1011)[0m
[37m[21:13:41 F29 TEST] INFO:   STATE: Kolkata Knight Riders 130-7 (19.1) [DRS IN_PROGRESS][0m
[37m[21:13:41 F29 TEST] INFO: DETAIL|F29|SCOREBOARD|tag=SCOREBOARD|scout=STRIP: KKR 130-7 (19.1)  INFO_PANEL:  SPEED:  EXTRA:  THIS OVER:  FULL SCORECARD:   The batters are discussing with the umpire.|action=—|ext_score=130-7(19.1)|ext_bat=|ext_bowl=|scorer_changes=[]|yolo=0|BEFORE_score=130-7(19.1)|BEFORE_bat1=Rinku Singh 4(6)|BEFORE_bat2=Sunil Narine 59(46)|BEFORE_bowl=Digvesh Singh Rathi 0-21 (3.1)|BEFORE_this_over=['?']|AFTER_score=130-7(19.1)|AFTER_bat1=Rinku Singh 4(6)|AFTER_bat2=Sunil Narine 59(46)|AFTER_bowl=Digvesh Singh Rathi 0-21 (3.1)|AFTER_this_over=['?']|AFTER_this_over_src=?(bcast)|AFTER_striker=—|AFTER_non_striker=Rinku Singh|AFTER_run_rate=6.78|AFTER_target=—|AFTER_innings=1|AFTER_partnership=—|AFTER_fow_count=7|AFTER_field=powerplay frozen=True fielders=['fine_leg', 'short_fine_leg', 'forward_short_leg', 'short_leg', 'cover_point', 'silly_mid_on', 'gully', 'leg_slip', 'deep_point']|ball_event=—|ball_event_runs=—|ball_event_over=—|ball_event_extra=—|ball_event_free_hit=—|broadcast_extra=—|dismissal_mode=—|striker_this_ball=—|delivery_length=—|delivery_line=—|delivery_angle=—|delivery_shot=—|delivery_direction=—|delivery_elevation=—|delivery_bounce=—|delivery_dets=0|delivery_det_rate=—|delivery_dir_zone=—|delivery_dir_conf=0|speed_kph=—|venue=—|batting_team=Kolkata Knight Riders|match_info=—|completed_over=—|completed_over_runs=—|drs_state=IN_PROGRESS|corrections=none|lat_vision=611|lat_extract=1011|lat_scorer=0|lat_field=0|lat_comm=0|lat_code=0|lat_total=1637|comm_bowler=—|comm_wire=—|comm_storyteller=—|comm_analyst=—|comm_colour=—|comm_wire_ms=0|comm_story_ms=0|comm_analyst_ms=0|comm_colour_ms=0[0m
[37m[21:13:42 F30 TEST] INFO: [WS] client connected (3 total)[0m
[37m[21:13:42 F30 VISION] INFO: [SCOUT] SCOREBOARD 599ms strip=True overlay=False drs=False cam=closeup phase=between_play digits=True 296 chars[0m
[37m[21:13:42 F30 TEST] INFO:   [DRS] IN_PROGRESS — grace 2/3[0m
[37m[21:13:42 F30 TEST] INFO: 
=======================================================[0m
[37m[21:13:42 F30 TEST] INFO: [F30] SCOREBOARD — #26[0m
[37m[21:13:42 F30 TEST] INFO:   [V 602ms] STRIP: KKR 130-7 (19.1)

INFO_PANEL: 
SPEED: 
EXTRA: 
THIS OVER: 
FULL SCORECARD: 

The batters are taking a break and discussing with the umpire.[0m
[37m[21:13:43 F30 EXTRACT] INFO: Extracted in 0.9s (llama-4-scout-17b-16e-instruct)[0m
[37m[21:13:43 F30 TEST] INFO:   [E 894ms] visible_team=Kolkata Knight Riders score=130-7 (19.1) target=None rr=None[0m
[37m[21:13:43 F30 TEST] INFO:   [DRS FREEZE] Skipping all tracker updates (state=IN_PROGRESS, streak=5)[0m
[37m[21:13:43 F30 TEST] INFO:   Total: 1502ms (V:602 E:894)[0m
[37m[21:13:43 F30 TEST] INFO:   STATE: Kolkata Knight Riders 130-7 (19.1) [DRS IN_PROGRESS][0m
[37m[21:13:43 F30 TEST] INFO: DETAIL|F30|SCOREBOARD|tag=SCOREBOARD|scout=STRIP: KKR 130-7 (19.1)  INFO_PANEL:  SPEED:  EXTRA:  THIS OVER:  FULL SCORECARD:   The batters are taking a break and discussing with the umpire.|action=—|ext_score=130-7(19.1)|ext_bat=|ext_bowl=|scorer_changes=[]|yolo=0|BEFORE_score=130-7(19.1)|BEFORE_bat1=Rinku Singh 4(6)|BEFORE_bat2=Sunil Narine 59(46)|BEFORE_bowl=Digvesh Singh Rathi 0-21 (3.1)|BEFORE_this_over=['?']|AFTER_score=130-7(19.1)|AFTER_bat1=Rinku Singh 4(6)|AFTER_bat2=Sunil Narine 59(46)|AFTER_bowl=Digvesh Singh Rathi 0-21 (3.1)|AFTER_this_over=['?']|AFTER_this_over_src=?(bcast)|AFTER_striker=—|AFTER_non_striker=Rinku Singh|AFTER_run_rate=6.78|AFTER_target=—|AFTER_innings=1|AFTER_partnership=—|AFTER_fow_count=7|AFTER_field=powerplay frozen=True fielders=['fine_leg', 'short_fine_leg', 'forward_short_leg', 'short_leg', 'cover_point', 'silly_mid_on', 'gully', 'leg_slip', 'deep_point']|ball_event=—|ball_event_runs=—|ball_event_over=—|ball_event_extra=—|ball_event_free_hit=—|broadcast_extra=—|dismissal_mode=—|striker_this_ball=—|delivery_length=—|delivery_line=—|delivery_angle=—|delivery_shot=—|delivery_direction=—|delivery_elevation=—|delivery_bounce=—|delivery_dets=0|delivery_det_rate=—|delivery_dir_zone=—|delivery_dir_conf=0|speed_kph=—|venue=—|batting_team=Kolkata Knight Riders|match_info=—|completed_over=—|completed_over_runs=—|drs_state=IN_PROGRESS|corrections=none|lat_vision=602|lat_extract=894|lat_scorer=0|lat_field=0|lat_comm=0|lat_code=0|lat_total=1502|comm_bowler=—|comm_wire=—|comm_storyteller=—|comm_analyst=—|comm_colour=—|comm_wire_ms=0|comm_story_ms=0|comm_analyst_ms=0|comm_colour_ms=0[0m
[37m[21:13:43 F31 TEST] INFO: [WS] client disconnected (2 remain)[0m
[37m[21:13:44 F31 VISION] INFO: [SCOUT] SCOREBOARD 710ms strip=True overlay=False drs=False cam=closeup phase=between_play digits=True 293 chars[0m
[37m[21:13:44 F31 TEST] INFO: 
=======================================================[0m
[37m[21:13:44 F31 TEST] INFO: [F31] SCOREBOARD — #27[0m
[37m[21:13:44 F31 TEST] INFO:   [V 713ms] STRIP: KKR 130-7 (19.1)

INFO_PANEL: 
SPEED: 
EXTRA: 
THIS OVER: 
FULL SCORECARD: 

The Knight Riders players are discussing a review decision.[0m
[37m[21:13:45 F31 EXTRACT] INFO: Extracted in 1.0s (llama-4-scout-17b-16e-instruct)[0m
[37m[21:13:45 F31 TEST] INFO:   [E 1045ms] visible_team=Kolkata Knight Riders score=130-7 (19.1) target=None rr=None[0m
[37m[21:13:45 F31 TEST] INFO:   [DRS FREEZE] Skipping all tracker updates (state=IN_PROGRESS, streak=6)[0m
[37m[21:13:45 F31 TEST] INFO:   Total: 1763ms (V:713 E:1045)[0m
[37m[21:13:45 F31 TEST] INFO:   STATE: Kolkata Knight Riders 130-7 (19.1) [DRS IN_PROGRESS][0m
[37m[21:13:45 F31 TEST] INFO: DETAIL|F31|SCOREBOARD|tag=SCOREBOARD|scout=STRIP: KKR 130-7 (19.1)  INFO_PANEL:  SPEED:  EXTRA:  THIS OVER:  FULL SCORECARD:   The Knight Riders players are discussing a review decision.|action=—|ext_score=130-7(19.1)|ext_bat=|ext_bowl=|scorer_changes=[]|yolo=0|BEFORE_score=130-7(19.1)|BEFORE_bat1=Rinku Singh 4(6)|BEFORE_bat2=Sunil Narine 59(46)|BEFORE_bowl=Digvesh Singh Rathi 0-21 (3.1)|BEFORE_this_over=['?']|AFTER_score=130-7(19.1)|AFTER_bat1=Rinku Singh 4(6)|AFTER_bat2=Sunil Narine 59(46)|AFTER_bowl=Digvesh Singh Rathi 0-21 (3.1)|AFTER_this_over=['?']|AFTER_this_over_src=?(bcast)|AFTER_striker=—|AFTER_non_striker=Rinku Singh|AFTER_run_rate=6.78|AFTER_target=—|AFTER_innings=1|AFTER_partnership=—|AFTER_fow_count=7|AFTER_field=powerplay frozen=True fielders=['fine_leg', 'short_fine_leg', 'forward_short_leg', 'short_leg', 'cover_point', 'silly_mid_on', 'gully', 'leg_slip', 'deep_point']|ball_event=—|ball_event_runs=—|ball_event_over=—|ball_event_extra=—|ball_event_free_hit=—|broadcast_extra=—|dismissal_mode=—|striker_this_ball=—|delivery_length=—|delivery_line=—|delivery_angle=—|delivery_shot=—|delivery_direction=—|delivery_elevation=—|delivery_bounce=—|delivery_dets=0|delivery_det_rate=—|delivery_dir_zone=—|delivery_dir_conf=0|speed_kph=—|venue=—|batting_team=Kolkata Knight Riders|match_info=—|completed_over=—|completed_over_runs=—|drs_state=IN_PROGRESS|corrections=none|lat_vision=713|lat_extract=1045|lat_scorer=0|lat_field=0|lat_comm=0|lat_code=0|lat_total=1763|comm_bowler=—|comm_wire=—|comm_storyteller=—|comm_analyst=—|comm_colour=—|comm_wire_ms=0|comm_story_ms=0|comm_analyst_ms=0|comm_colour_ms=0[0m
[37m[21:13:45 F32 VISION] INFO: [SCOUT] SCOREBOARD 568ms strip=True overlay=False drs=False cam=closeup phase=between_play digits=True 246 chars[0m
[37m[21:13:45 F32 TEST] INFO:   [DRS] IN_PROGRESS — grace 1/3[0m
[37m[21:13:45 F32 TEST] INFO: 
=======================================================[0m
[37m[21:13:45 F32 TEST] INFO: [F32] SCOREBOARD — #28[0m
[37m[21:13:45 F32 TEST] INFO:   [V 571ms] STRIP: KKR 130-7 (19.1)

INFO_PANEL:[0m
[37m[21:13:46 F32 EXTRACT] INFO: Extracted in 0.8s (llama-4-scout-17b-16e-instruct)[0m
[37m[21:13:46 F32 TEST] INFO:   [E 831ms] visible_team=Kolkata Knight Riders score=130-7 (19.1) target=None rr=None[0m
[37m[21:13:46 F32 TEST] INFO:   [DRS FREEZE] Skipping all tracker updates (state=IN_PROGRESS, streak=6)[0m
[37m[21:13:46 F32 TEST] INFO:   Total: 1407ms (V:571 E:831)[0m
[37m[21:13:46 F32 TEST] INFO:   STATE: Kolkata Knight Riders 130-7 (19.1) [DRS IN_PROGRESS][0m
[37m[21:13:46 F32 TEST] INFO: DETAIL|F32|SCOREBOARD|tag=SCOREBOARD|scout=STRIP: KKR 130-7 (19.1)  INFO_PANEL:|action=A player is walking back to the non-striker's end.|ext_score=130-7(19.1)|ext_bat=|ext_bowl=|scorer_changes=[]|yolo=0|BEFORE_score=130-7(19.1)|BEFORE_bat1=Rinku Singh 4(6)|BEFORE_bat2=Sunil Narine 59(46)|BEFORE_bowl=Digvesh Singh Rathi 0-21 (3.1)|BEFORE_this_over=['?']|AFTER_score=130-7(19.1)|AFTER_bat1=Rinku Singh 4(6)|AFTER_bat2=Sunil Narine 59(46)|AFTER_bowl=Digvesh Singh Rathi 0-21 (3.1)|AFTER_this_over=['?']|AFTER_this_over_src=?(bcast)|AFTER_striker=—|AFTER_non_striker=Rinku Singh|AFTER_run_rate=6.78|AFTER_target=—|AFTER_innings=1|AFTER_partnership=—|AFTER_fow_count=7|AFTER_field=powerplay frozen=True fielders=['fine_leg', 'short_fine_leg', 'forward_short_leg', 'short_leg', 'cover_point', 'silly_mid_on', 'gully', 'leg_slip', 'deep_point']|ball_event=—|ball_event_runs=—|ball_event_over=—|ball_event_extra=—|ball_event_free_hit=—|broadcast_extra=—|dismissal_mode=—|striker_this_ball=—|delivery_length=—|delivery_line=—|delivery_angle=—|delivery_shot=—|delivery_direction=—|delivery_elevation=—|delivery_bounce=—|delivery_dets=0|delivery_det_rate=—|delivery_dir_zone=—|delivery_dir_conf=0|speed_kph=—|venue=—|batting_team=Kolkata Knight Riders|match_info=—|completed_over=—|completed_over_runs=—|drs_state=IN_PROGRESS|corrections=none|lat_vision=571|lat_extract=831|lat_scorer=0|lat_field=0|lat_comm=0|lat_code=0|lat_total=1407|comm_bowler=—|comm_wire=—|comm_storyteller=—|comm_analyst=—|comm_colour=—|comm_wire_ms=0|comm_story_ms=0|comm_analyst_ms=0|comm_colour_ms=0[0m
[37m[21:13:47 F33 VISION] INFO: [SCOUT] SCOREBOARD 537ms strip=True overlay=False drs=False cam=closeup phase=between_play digits=True 293 chars[0m
[37m[21:13:47 F33 TEST] INFO: 
=======================================================[0m
[37m[21:13:47 F33 TEST] INFO: [F33] SCOREBOARD — #29[0m
[37m[21:13:47 F33 TEST] INFO:   [V 540ms] STRIP: KKR 130-7 (19.1)

INFO_PANEL: 
SPEED: 
EXTRA: 
THIS OVER: 
FULL SCORECARD: 

The player is walking back after a wide ball was not given.[0m
[37m[21:13:47 F33 TEST] INFO: [WS] client connected (3 total)[0m
[37m[21:13:48 F33 EXTRACT] INFO: Extracted in 1.0s (llama-4-scout-17b-16e-instruct)[0m
[37m[21:13:48 F33 TEST] INFO:   [E 1007ms] visible_team=Kolkata Knight Riders score=130-7 (19.1) target=None rr=None[0m
[37m[21:13:48 F33 TEST] INFO:   [DRS FREEZE] Skipping all tracker updates (state=IN_PROGRESS, streak=7)[0m
[37m[21:13:48 F33 TEST] INFO:   Total: 1552ms (V:540 E:1007)[0m
[37m[21:13:48 F33 TEST] INFO:   STATE: Kolkata Knight Riders 130-7 (19.1) [DRS IN_PROGRESS][0m
[37m[21:13:48 F33 TEST] INFO: DETAIL|F33|SCOREBOARD|tag=SCOREBOARD|scout=STRIP: KKR 130-7 (19.1)  INFO_PANEL:  SPEED:  EXTRA:  THIS OVER:  FULL SCORECARD:   The player is walking back after a wide ball was not given.|action=—|ext_score=130-7(19.1)|ext_bat=|ext_bowl=|scorer_changes=[]|yolo=0|BEFORE_score=130-7(19.1)|BEFORE_bat1=Rinku Singh 4(6)|BEFORE_bat2=Sunil Narine 59(46)|BEFORE_bowl=Digvesh Singh Rathi 0-21 (3.1)|BEFORE_this_over=['?']|AFTER_score=130-7(19.1)|AFTER_bat1=Rinku Singh 4(6)|AFTER_bat2=Sunil Narine 59(46)|AFTER_bowl=Digvesh Singh Rathi 0-21 (3.1)|AFTER_this_over=['?']|AFTER_this_over_src=?(bcast)|AFTER_striker=—|AFTER_non_striker=Rinku Singh|AFTER_run_rate=6.78|AFTER_target=—|AFTER_innings=1|AFTER_partnership=—|AFTER_fow_count=7|AFTER_field=powerplay frozen=True fielders=['fine_leg', 'short_fine_leg', 'forward_short_leg', 'short_leg', 'cover_point', 'silly_mid_on', 'gully', 'leg_slip', 'deep_point']|ball_event=—|ball_event_runs=—|ball_event_over=—|ball_event_extra=—|ball_event_free_hit=—|broadcast_extra=—|dismissal_mode=—|striker_this_ball=—|delivery_length=—|delivery_line=—|delivery_angle=—|delivery_shot=—|delivery_direction=—|delivery_elevation=—|delivery_bounce=—|delivery_dets=0|delivery_det_rate=—|delivery_dir_zone=—|delivery_dir_conf=0|speed_kph=—|venue=—|batting_team=Kolkata Knight Riders|match_info=—|completed_over=—|completed_over_runs=—|drs_state=IN_PROGRESS|corrections=none|lat_vision=540|lat_extract=1007|lat_scorer=0|lat_field=0|lat_comm=0|lat_code=0|lat_total=1552|comm_bowler=—|comm_wire=—|comm_storyteller=—|comm_analyst=—|comm_colour=—|comm_wire_ms=0|comm_story_ms=0|comm_analyst_ms=0|comm_colour_ms=0[0m
[37m[21:13:48 F34 TEST] INFO: [WS] client disconnected (2 remain)[0m
[37m[21:13:49 F34 VISION] INFO: [SCOUT] SCOREBOARD 1095ms strip=True overlay=False drs=False cam=closeup phase=between_play digits=True 321 chars[0m
[37m[21:13:49 F34 TEST] INFO:   [DRS] IN_PROGRESS — grace 1/3[0m
[37m[21:13:49 F34 TEST] INFO: 
=======================================================[0m
[37m[21:13:49 F34 TEST] INFO: [F34] SCOREBOARD — #30[0m
[37m[21:13:49 F34 TEST] INFO:   [V 1097ms] STRIP: KKR 130-7 (19.1)

INFO_PANEL: 
SPEED: 
EXTRA: 
THIS OVER: 
FULL SCORECARD: 

The batter in a maroon jersey appears frustrated or concerned as he walks on the field.[0m
[37m[21:13:50 F34 EXTRACT] INFO: Extracted in 1.1s (llama-4-scout-17b-16e-instruct)[0m
[37m[21:13:50 F34 TEST] INFO:   [E 1136ms] visible_team=Kolkata Knight Riders score=130-7 (19.1) target=None rr=None[0m
[37m[21:13:50 F34 TEST] INFO:   [DRS FREEZE] Skipping all tracker updates (state=IN_PROGRESS, streak=7)[0m
[37m[21:13:50 F34 TEST] INFO:   Total: 2241ms (V:1097 E:1136)[0m
[37m[21:13:50 F34 TEST] INFO:   STATE: Kolkata Knight Riders 130-7 (19.1) [DRS IN_PROGRESS][0m
[37m[21:13:50 F34 TEST] INFO: DETAIL|F34|SCOREBOARD|tag=SCOREBOARD|scout=STRIP: KKR 130-7 (19.1)  INFO_PANEL:  SPEED:  EXTRA:  THIS OVER:  FULL SCORECARD:   The batter in a maroon jersey appears frustrated or concerned as he walks on the field.|action=—|ext_score=130-7(19.1)|ext_bat=|ext_bowl=|scorer_changes=[]|yolo=0|BEFORE_score=130-7(19.1)|BEFORE_bat1=Rinku Singh 4(6)|BEFORE_bat2=Sunil Narine 59(46)|BEFORE_bowl=Digvesh Singh Rathi 0-21 (3.1)|BEFORE_this_over=['?']|AFTER_score=130-7(19.1)|AFTER_bat1=Rinku Singh 4(6)|AFTER_bat2=Sunil Narine 59(46)|AFTER_bowl=Digvesh Singh Rathi 0-21 (3.1)|AFTER_this_over=['?']|AFTER_this_over_src=?(bcast)|AFTER_striker=—|AFTER_non_striker=Rinku Singh|AFTER_run_rate=6.78|AFTER_target=—|AFTER_innings=1|AFTER_partnership=—|AFTER_fow_count=7|AFTER_field=powerplay frozen=True fielders=['fine_leg', 'short_fine_leg', 'forward_short_leg', 'short_leg', 'cover_point', 'silly_mid_on', 'gully', 'leg_slip', 'deep_point']|ball_event=—|ball_event_runs=—|ball_event_over=—|ball_event_extra=—|ball_event_free_hit=—|broadcast_extra=—|dismissal_mode=—|striker_this_ball=—|delivery_length=—|delivery_line=—|delivery_angle=—|delivery_shot=—|delivery_direction=—|delivery_elevation=—|delivery_bounce=—|delivery_dets=0|delivery_det_rate=—|delivery_dir_zone=—|delivery_dir_conf=0|speed_kph=—|venue=—|batting_team=Kolkata Knight Riders|match_info=—|completed_over=—|completed_over_runs=—|drs_state=IN_PROGRESS|corrections=none|lat_vision=1097|lat_extract=1136|lat_scorer=0|lat_field=0|lat_comm=0|lat_code=0|lat_total=2241|comm_bowler=—|comm_wire=—|comm_storyteller=—|comm_analyst=—|comm_colour=—|comm_wire_ms=0|comm_story_ms=0|comm_analyst_ms=0|comm_colour_ms=0[0m
[37m[21:13:51 F35 VISION] INFO: [SCOUT] SCOREBOARD 736ms strip=True overlay=False drs=False cam=closeup phase=between_play digits=True 331 chars[0m
[37m[21:13:51 F35 TEST] INFO:   [DRS] IN_PROGRESS — grace 2/3[0m
[37m[21:13:51 F35 TEST] INFO: 
=======================================================[0m
[37m[21:13:51 F35 TEST] INFO: [F35] SCOREBOARD — #31[0m
[37m[21:13:51 F35 TEST] INFO:   [V 739ms] STRIP: KKR 130-7 (19.1)

INFO_PANEL: 
SPEED: 
EXTRA: 
THIS OVER: 
FULL SCORECARD: 

The player is standing on the field, likely discussing strategies or taking a break between play.[0m
[37m[21:13:52 F35 TEST] INFO: [WS] client connected (3 total)[0m
[37m[21:13:52 F35 EXTRACT] INFO: Extracted in 1.1s (llama-4-scout-17b-16e-instruct)[0m
[37m[21:13:52 F35 TEST] INFO:   [E 1070ms] visible_team=Kolkata Knight Riders score=130-7 (19.1) target=None rr=None[0m
[37m[21:13:52 F35 TEST] INFO:   [DRS FREEZE] Skipping all tracker updates (state=IN_PROGRESS, streak=7)[0m
[37m[21:13:52 F35 TEST] INFO:   Total: 1815ms (V:739 E:1070)[0m
[37m[21:13:52 F35 TEST] INFO:   STATE: Kolkata Knight Riders 130-7 (19.1) [DRS IN_PROGRESS][0m
[37m[21:13:52 F35 TEST] INFO: DETAIL|F35|SCOREBOARD|tag=SCOREBOARD|scout=STRIP: KKR 130-7 (19.1)  INFO_PANEL:  SPEED:  EXTRA:  THIS OVER:  FULL SCORECARD:   The player is standing on the field, likely discussing strategies or taking a break between play.|action=—|ext_score=130-7(19.1)|ext_bat=|ext_bowl=|scorer_changes=[]|yolo=0|BEFORE_score=130-7(19.1)|BEFORE_bat1=Rinku Singh 4(6)|BEFORE_bat2=Sunil Narine 59(46)|BEFORE_bowl=Digvesh Singh Rathi 0-21 (3.1)|BEFORE_this_over=['?']|AFTER_score=130-7(19.1)|AFTER_bat1=Rinku Singh 4(6)|AFTER_bat2=Sunil Narine 59(46)|AFTER_bowl=Digvesh Singh Rathi 0-21 (3.1)|AFTER_this_over=['?']|AFTER_this_over_src=?(bcast)|AFTER_striker=—|AFTER_non_striker=Rinku Singh|AFTER_run_rate=6.78|AFTER_target=—|AFTER_innings=1|AFTER_partnership=—|AFTER_fow_count=7|AFTER_field=powerplay frozen=True fielders=['fine_leg', 'short_fine_leg', 'forward_short_leg', 'short_leg', 'cover_point', 'silly_mid_on', 'gully', 'leg_slip', 'deep_point']|ball_event=—|ball_event_runs=—|ball_event_over=—|ball_event_extra=—|ball_event_free_hit=—|broadcast_extra=—|dismissal_mode=—|striker_this_ball=—|delivery_length=—|delivery_line=—|delivery_angle=—|delivery_shot=—|delivery_direction=—|delivery_elevation=—|delivery_bounce=—|delivery_dets=0|delivery_det_rate=—|delivery_dir_zone=—|delivery_dir_conf=0|speed_kph=—|venue=—|batting_team=Kolkata Knight Riders|match_info=—|completed_over=—|completed_over_runs=—|drs_state=IN_PROGRESS|corrections=none|lat_vision=739|lat_extract=1070|lat_scorer=0|lat_field=0|lat_comm=0|lat_code=0|lat_total=1815|comm_bowler=—|comm_wire=—|comm_storyteller=—|comm_analyst=—|comm_colour=—|comm_wire_ms=0|comm_story_ms=0|comm_analyst_ms=0|comm_colour_ms=0[0m
[37m[21:13:52 F36 TEST] INFO: [WS] client disconnected (2 remain)[0m
[37m[21:13:53 F36 VISION] INFO: [SCOUT] SCOREBOARD 596ms strip=True overlay=False drs=False cam=closeup phase=between_play digits=True 269 chars[0m
[37m[21:13:53 F36 TEST] INFO:   [DRS] IN_PROGRESS — grace 3/3[0m
[37m[21:13:53 F36 TEST] INFO: 
=======================================================[0m
[37m[21:13:53 F36 TEST] INFO: [F36] SCOREBOARD — #32[0m
[37m[21:13:53 F36 TEST] INFO:   [V 599ms] STRIP: KKR 130-7 (19.1)

INFO_PANEL: 
SPEED: 
EXTRA: 
THIS OVER: 
FULL SCORECARD: 

The batter is walking on the field.[0m
[37m[21:13:54 F36 EXTRACT] INFO: Extracted in 1.2s (llama-4-scout-17b-16e-instruct)[0m
[37m[21:13:54 F36 TEST] INFO:   [E 1171ms] visible_team=Kolkata Knight Riders score=130-7 (19.1) target=None rr=None[0m
[37m[21:13:54 F36 TEST] INFO:   [DRS FREEZE] Skipping all tracker updates (state=IN_PROGRESS, streak=7)[0m
[37m[21:13:54 F36 TEST] INFO:   Total: 1774ms (V:599 E:1171)[0m
[37m[21:13:54 F36 TEST] INFO:   STATE: Kolkata Knight Riders 130-7 (19.1) [DRS IN_PROGRESS][0m
[37m[21:13:54 F36 TEST] INFO: DETAIL|F36|SCOREBOARD|tag=SCOREBOARD|scout=STRIP: KKR 130-7 (19.1)  INFO_PANEL:  SPEED:  EXTRA:  THIS OVER:  FULL SCORECARD:   The batter is walking on the field.|action=—|ext_score=130-7(19.1)|ext_bat=|ext_bowl=|scorer_changes=[]|yolo=0|BEFORE_score=130-7(19.1)|BEFORE_bat1=Rinku Singh 4(6)|BEFORE_bat2=Sunil Narine 59(46)|BEFORE_bowl=Digvesh Singh Rathi 0-21 (3.1)|BEFORE_this_over=['?']|AFTER_score=130-7(19.1)|AFTER_bat1=Rinku Singh 4(6)|AFTER_bat2=Sunil Narine 59(46)|AFTER_bowl=Digvesh Singh Rathi 0-21 (3.1)|AFTER_this_over=['?']|AFTER_this_over_src=?(bcast)|AFTER_striker=—|AFTER_non_striker=Rinku Singh|AFTER_run_rate=6.78|AFTER_target=—|AFTER_innings=1|AFTER_partnership=—|AFTER_fow_count=7|AFTER_field=powerplay frozen=True fielders=['fine_leg', 'short_fine_leg', 'forward_short_leg', 'short_leg', 'cover_point', 'silly_mid_on', 'gully', 'leg_slip', 'deep_point']|ball_event=—|ball_event_runs=—|ball_event_over=—|ball_event_extra=—|ball_event_free_hit=—|broadcast_extra=—|dismissal_mode=—|striker_this_ball=—|delivery_length=—|delivery_line=—|delivery_angle=—|delivery_shot=—|delivery_direction=—|delivery_elevation=—|delivery_bounce=—|delivery_dets=0|delivery_det_rate=—|delivery_dir_zone=—|delivery_dir_conf=0|speed_kph=—|venue=—|batting_team=Kolkata Knight Riders|match_info=—|completed_over=—|completed_over_runs=—|drs_state=IN_PROGRESS|corrections=none|lat_vision=599|lat_extract=1171|lat_scorer=0|lat_field=0|lat_comm=0|lat_code=0|lat_total=1774|comm_bowler=—|comm_wire=—|comm_storyteller=—|comm_analyst=—|comm_colour=—|comm_wire_ms=0|comm_story_ms=0|comm_analyst_ms=0|comm_colour_ms=0[0m
[37m[21:13:55 F37 TEST] INFO: [WS] client connected (3 total)[0m
[37m[21:13:55 F37 VISION] INFO: [SCOUT] SCOREBOARD 717ms strip=True overlay=False drs=False cam=closeup phase=between_play digits=True 330 chars[0m
[37m[21:13:55 F37 TEST] INFO:   [DRS] Exited IN_PROGRESS — waiting 3 frames before resolving[0m
[37m[21:13:55 F37 TEST] INFO: 
=======================================================[0m
[37m[21:13:55 F37 TEST] INFO: [F37] SCOREBOARD — #33[0m
[37m[21:13:55 F37 TEST] INFO:   [V 719ms] STRIP: KKR 130-7 (19.1)

INFO_PANEL: 
SPEED: 
EXTRA: 
THIS OVER: 
FULL SCORECARD: 

The player is walking on the field, likely discussing strategies or taking a break between play.[0m
[37m[21:13:56 F37 EXTRACT] INFO: Extracted in 0.9s (llama-4-scout-17b-16e-instruct)[0m
[37m[21:13:56 F37 TEST] INFO:   [E 877ms] visible_team=Kolkata Knight Riders score=130-7 (19.1) target=None rr=None[0m
[37m[21:13:56 F37 TEST] INFO:   [DIRECT] score→130[0m
[37m[21:13:56 F37 TEST] INFO:   [DIRECT] overs→19.1[0m
[37m[21:13:56 F37 TEST] INFO:   [DIRECT] wickets→7[0m
[37m[21:13:56 F37 TEST] INFO: [WS] client connected (4 total)[0m
[37m[21:13:57 F37 SCORER] INFO: Scored in 0.9s (llama-4-scout-17b-16e-instruct)[0m
[37m[21:13:57 F37 TEST] INFO:   [S] Hint: Current batters: Rinku Singh and Sunil Narine. Bowler: Digvesh Singh Rathi[0m
[37m[21:13:57 F37 TEST] INFO:   [S 861ms] Changes: ['score→130', 'overs→19.1', 'wickets→7', 'bat:Rinku Singh=4(6)'][0m
[37m[21:13:57 F37 TEST] INFO:   Total: 2457ms (V:719 E:877 S:861)[0m
[37m[21:13:57 F37 TEST] INFO:   [THIS OVER] ['?'] = 0 runs[0m
[37m[21:13:57 F37 TEST] INFO:   STATE: Kolkata Knight Riders 130-7 (19.1) inn=1 RR=6.78 | Bat: Rinku Singh(4) Sunil Narine(59) | Bowl: Digvesh Singh Rathi 0-21[0m
[37m[21:13:57 F37 TEST] INFO:   [FIELD-MONITOR] Field unchanged for 35 frames (template=pace_powerplay, frozen=True, phase=powerplay). If a wicket / over / bowler change has happened in this window, the field-state updater is the bug.[0m
[37m[21:13:57 F37 TEST] INFO: DETAIL|F37|SCOREBOARD|tag=SCOREBOARD|scout=STRIP: KKR 130-7 (19.1)  INFO_PANEL:  SPEED:  EXTRA:  THIS OVER:  FULL SCORECARD:   The player is walking on the field, |action=—|ext_score=130-7(19.1)|ext_bat=|ext_bowl=|scorer_changes=['score→130', 'overs→19.1', 'wickets→7', 'bat:Rinku Singh=4(6)']|yolo=0|BEFORE_score=130-7(19.1)|BEFORE_bat1=Rinku Singh 4(6)|BEFORE_bat2=Sunil Narine 59(46)|BEFORE_bowl=Digvesh Singh Rathi 0-21 (3.1)|BEFORE_this_over=['?']|AFTER_score=130-7(19.1)|AFTER_bat1=Rinku Singh 4(6)|AFTER_bat2=Sunil Narine 59(46)|AFTER_bowl=Digvesh Singh Rathi 0-21 (3.1)|AFTER_this_over=['?']|AFTER_this_over_src=?(bcast)|AFTER_striker=Sunil Narine|AFTER_non_striker=Rinku Singh|AFTER_run_rate=6.78|AFTER_target=—|AFTER_innings=1|AFTER_partnership=59(52)|AFTER_fow_count=7|AFTER_field=pace_powerplay frozen=True fielders=['fine_leg', 'short_fine_leg', 'forward_short_leg', 'short_leg', 'cover_point', 'silly_mid_on', 'gully', 'leg_slip', 'deep_point']|ball_event=—|ball_event_runs=—|ball_event_over=—|ball_event_extra=—|ball_event_free_hit=—|broadcast_extra=—|dismissal_mode=—|striker_this_ball=—|delivery_length=—|delivery_line=—|delivery_angle=—|delivery_shot=—|delivery_direction=—|delivery_elevation=—|delivery_bounce=—|delivery_dets=0|delivery_method=—|delivery_snap_dets=—|delivery_3layer_dets=—|delivery_det_rate=—|delivery_dir_zone=—|delivery_dir_conf=0|delivery_shot_action=—|delivery_shot_intent=—|delivery_swing=—|delivery_speed_vlm=—|delivery_vlm_conf=—|delivery_vlm_ms=—|speed_kph=—|venue=—|batting_team=Kolkata Knight Riders|match_info=—|completed_over=—|completed_over_runs=—|drs_state=NONE|corrections=none|lat_vision=719|lat_extract=877|lat_scorer=861|lat_field=50|lat_comm=0|lat_code=0|lat_total=2464|comm_bowler=Digvesh Singh Rathi|comm_wire=—|comm_storyteller=—|comm_analyst=—|comm_colour=—|comm_wire_ms=0|comm_story_ms=0|comm_analyst_ms=0|comm_colour_ms=0[0m
[37m[21:13:57 F37 TEST] INFO: [WS] client disconnected (3 remain)[0m
[37m[21:13:57 F37 TEST] INFO: [WS] client disconnected (2 remain)[0m
[33m[21:13:59 F38 VISION] WARN: [SCOUT-REJECT] Template placeholder detected (#1): 'STRIP: KKR  [SCORE]-[WICKETS] ([OVERS]) | Rinku Singh [RUNS]([BALLS]) | Sunil Narine [RUNS]([BALLS]) | Digvesh Singh Rathi [W]-[R] ([OVERS])\nINFO_PANEL: \nSPEED: \nEXTRA: \nTHIS OVER: \nFULL SCORECARD: \nT'[0m
[37m[21:13:59 F38 TEST] INFO: [F38] Vision timeout — skipping[0m
[37m[21:14:00 F39 VISION] INFO: [SCOUT] SCOREBOARD 737ms strip=True overlay=False drs=True cam=bowlers_end phase=release digits=False 338 chars[0m
[37m[21:14:00 F39 VISION] INFO: [SCOUT] Preview: {"has_strip": true, "has_overlay_stats": false, "drs_review": true, "camera_view": "bowlers_end", "frame_phase": "release", "ball_position": {"x": 0.4, "y": 0.6}}

STRIP: KKR 0-0 (0.0) | Sunil Narine [0m
[37m[21:14:00 F39 TEST] INFO:   [DRS] Detecting — frame 1[0m
[37m[21:14:00 F39 TEST] INFO:   [DRS] Resolved (after 3 frame delay): pre={'score': 130, 'wickets': 7, 'overs': '19.1'} post={'score': 130, 'wickets': 7, 'overs': '19.1'} → DRS review complete. Decision overturned — no change to the score.[0m
[37m[21:14:00 F39 TEST] INFO: 
=======================================================[0m
[37m[21:14:00 F39 TEST] INFO: [F39] SCOREBOARD — #34[0m
[37m[21:14:00 F39 TEST] INFO:   [V 740ms] STRIP: KKR 0-0 (0.0) | Sunil Narine 0(0) | Rinku Singh 0(0) | 

INFO_PANEL: 
EXTRA: 
THIS OVER: 
FULL SCORECARD: 

The umpire is reviewing a wide ball call for Knight Riders.[0m
[37m[21:14:01 F39 TEST] INFO: [WS] client connected (3 total)[0m
[37m[21:14:01 F39 EXTRACT] INFO: Extracted in 1.1s (llama-4-scout-17b-16e-instruct)[0m
[37m[21:14:01 F39 BOARD] INFO: [NAME] Merged names: 'Rinku Singh' → 'Rinku Singh' + 'Akash Maharaj Singh'[0m
[37m[21:14:01 F39 TEST] INFO:   [SPLIT] Merged names: 'Rinku Singh' → 'Rinku Singh' + 'Akash Maharaj Singh'[0m
[37m[21:14:01 F39 TEST] INFO:   [GUARD] Extractor returned 0-0(0.0) mid-innings (current score=130) — stripping all data[0m
[37m[21:14:01 F39 TEST] INFO:   [E 1057ms] visible_team=Kolkata Knight Riders score=None-None (None) target=None rr=None[0m
[37m[21:14:01 F39 TEST] INFO:   [DRS FREEZE] Skipping all tracker updates (state=DETECTING, streak=1)[0m
[37m[21:14:01 F39 TEST] INFO:   Total: 1803ms (V:740 E:1057)[0m
[37m[21:14:01 F39 TEST] INFO:   STATE: Kolkata Knight Riders 130-7 (19.1) [DRS DETECTING][0m
[37m[21:14:01 F39 TEST] INFO: DETAIL|F39|SCOREBOARD|tag=SCOREBOARD|scout=STRIP: KKR 0-0 (0.0) | Sunil Narine 0(0) | Rinku Singh 0(0) |   INFO_PANEL:  EXTRA:  THIS OVER:  FULL SCORECARD:   The umpire is reviewing a wide ball call for Knight Riders.|action=—|ext_score=None-None(None)|ext_bat=|ext_bowl=|scorer_changes=[]|yolo=0|BEFORE_score=130-7(19.1)|BEFORE_bat1=Rinku Singh 4(6)|BEFORE_bat2=Sunil Narine 59(46)|BEFORE_bowl=Digvesh Singh Rathi 0-21 (3.1)|BEFORE_this_over=['?']|AFTER_score=130-7(19.1)|AFTER_bat1=Rinku Singh 4(6)|AFTER_bat2=Sunil Narine 59(46)|AFTER_bowl=Digvesh Singh Rathi 0-21 (3.1)|AFTER_this_over=['?']|AFTER_this_over_src=?(bcast)|AFTER_striker=—|AFTER_non_striker=Rinku Singh|AFTER_run_rate=6.78|AFTER_target=—|AFTER_innings=1|AFTER_partnership=—|AFTER_fow_count=7|AFTER_field=powerplay frozen=True fielders=['fine_leg', 'short_fine_leg', 'forward_short_leg', 'short_leg', 'cover_point', 'silly_mid_on', 'gully', 'leg_slip', 'deep_point']|ball_event=—|ball_event_runs=—|ball_event_over=—|ball_event_extra=—|ball_event_free_hit=—|broadcast_extra=—|dismissal_mode=—|striker_this_ball=—|delivery_length=—|delivery_line=—|delivery_angle=—|delivery_shot=—|delivery_direction=—|delivery_elevation=—|delivery_bounce=—|delivery_dets=0|delivery_det_rate=—|delivery_dir_zone=—|delivery_dir_conf=0|speed_kph=—|venue=—|batting_team=Kolkata Knight Riders|match_info=—|completed_over=—|completed_over_runs=—|drs_state=DETECTING|corrections=none|lat_vision=740|lat_extract=1057|lat_scorer=0|lat_field=0|lat_comm=0|lat_code=0|lat_total=1803|comm_bowler=—|comm_wire=—|comm_storyteller=—|comm_analyst=—|comm_colour=—|comm_wire_ms=0|comm_story_ms=0|comm_analyst_ms=0|comm_colour_ms=0[0m
[37m[21:14:01 F40 TEST] INFO: [WS] client disconnected (2 remain)[0m
[37m[21:14:02 F40 VISION] INFO: [SCOUT] SCOREBOARD 757ms strip=True overlay=False drs=True cam=bowlers_end phase=release digits=False 347 chars[0m
[37m[21:14:02 F40 VISION] INFO: [SCOUT] Preview: {"has_strip": true, "has_overlay_stats": false, "drs_review": true, "camera_view": "bowlers_end", "frame_phase": "release", "ball_position": null}
STRIP: KKR 0-0 (0.0) | Narine 0(0) | Rinku 0(0) | 
IN[0m
[37m[21:14:02 F40 TEST] INFO:   [DRS] Detecting — frame 2[0m
[37m[21:14:02 F40 TEST] INFO: 
=======================================================[0m
[37m[21:14:02 F40 TEST] INFO: [F40] SCOREBOARD — #35[0m
[37m[21:14:02 F40 TEST] INFO:   [V 760ms] STRIP: KKR 0-0 (0.0) | Narine 0(0) | Rinku 0(0) | 
INFO_PANEL: 
SPEED: 
EXTRA: 
THIS OVER: 
FULL SCORECARD: 
The umpire is reviewing a wide ball call, indicating that a delivery was deemed not a wide.[0m
[37m[21:14:03 F40 EXTRACT] INFO: Extracted in 1.0s (llama-4-scout-17b-16e-instruct)[0m
[37m[21:14:03 F40 TEST] INFO:   [GUARD] Extractor returned 0-0(0.0) mid-innings (current score=130) — stripping all data[0m
[37m[21:14:03 F40 TEST] INFO:   [E 999ms] visible_team=Kolkata Knight Riders score=None-None (None) target=None rr=None[0m
[37m[21:14:03 F40 TEST] INFO:   [DRS FREEZE] Skipping all tracker updates (state=DETECTING, streak=2)[0m
[37m[21:14:03 F40 TEST] INFO:   Total: 1764ms (V:760 E:999)[0m
[37m[21:14:03 F40 TEST] INFO:   STATE: Kolkata Knight Riders 130-7 (19.1) [DRS DETECTING][0m
[37m[21:14:03 F40 TEST] INFO: DETAIL|F40|SCOREBOARD|tag=SCOREBOARD|scout=STRIP: KKR 0-0 (0.0) | Narine 0(0) | Rinku 0(0) |  INFO_PANEL:  SPEED:  EXTRA:  THIS OVER:  FULL SCORECARD:  The umpire is reviewing a wide ball call, indicating that a delivery was deemed not a wide.|action=—|ext_score=None-None(None)|ext_bat=|ext_bowl=|scorer_changes=[]|yolo=0|BEFORE_score=130-7(19.1)|BEFORE_bat1=Rinku Singh 4(6)|BEFORE_bat2=Sunil Narine 59(46)|BEFORE_bowl=Digvesh Singh Rathi 0-21 (3.1)|BEFORE_this_over=['?']|AFTER_score=130-7(19.1)|AFTER_bat1=Rinku Singh 4(6)|AFTER_bat2=Sunil Narine 59(46)|AFTER_bowl=Digvesh Singh Rathi 0-21 (3.1)|AFTER_this_over=['?']|AFTER_this_over_src=?(bcast)|AFTER_striker=—|AFTER_non_striker=Rinku Singh|AFTER_run_rate=6.78|AFTER_target=—|AFTER_innings=1|AFTER_partnership=—|AFTER_fow_count=7|AFTER_field=powerplay frozen=True fielders=['fine_leg', 'short_fine_leg', 'forward_short_leg', 'short_leg', 'cover_point', 'silly_mid_on', 'gully', 'leg_slip', 'deep_point']|ball_event=—|ball_event_runs=—|ball_event_over=—|ball_event_extra=—|ball_event_free_hit=—|broadcast_extra=—|dismissal_mode=—|striker_this_ball=—|delivery_length=—|delivery_line=—|delivery_angle=—|delivery_shot=—|delivery_direction=—|delivery_elevation=—|delivery_bounce=—|delivery_dets=0|delivery_det_rate=—|delivery_dir_zone=—|delivery_dir_conf=0|speed_kph=—|venue=—|batting_team=Kolkata Knight Riders|match_info=—|completed_over=—|completed_over_runs=—|drs_state=DETECTING|corrections=none|lat_vision=760|lat_extract=999|lat_scorer=0|lat_field=0|lat_comm=0|lat_code=0|lat_total=1764|comm_bowler=—|comm_wire=—|comm_storyteller=—|comm_analyst=—|comm_colour=—|comm_wire_ms=0|comm_story_ms=0|comm_analyst_ms=0|comm_colour_ms=0[0m
[37m[21:14:05 F43 TEST] INFO: [F43] Pixel skip #4[0m
[37m[21:14:05 F43 TEST] INFO: [F43] Force-processing after 4 pixel skips[0m
[37m[21:14:05 F43 TEST] INFO: [WS] client connected (3 total)[0m
[33m[21:14:06 F43 VISION] WARN: [SCOUT-REJECT] Template placeholder detected (#2): 'STRIP: KKR  [SCORE]-[WICKETS] ([OVERS]) | Rinku Singh [RUNS]([BALLS]) | Sunil Narine [RUNS]([BALLS]) | Digvesh Singh Rathi [W]-[R] ([OVERS])'[0m
[37m[21:14:06 F43 TEST] INFO:   [DRS] Detecting — grace 1/3[0m
[37m[21:14:06 F43 TEST] INFO: [F43] Vision timeout — skipping[0m
[37m[21:14:06 F44 TEST] INFO: [WS] client disconnected (2 remain)[0m
[37m[21:14:08 F47 TEST] INFO: [F47] Pixel skip #4[0m
[37m[21:14:08 F47 TEST] INFO: [F47] Force-processing after 4 pixel skips[0m
[37m[21:14:08 F47 VISION] INFO: [SCOUT] SCOREBOARD 614ms strip=True overlay=False drs=False cam=bowlers_end phase=release digits=False 207 chars[0m
[37m[21:14:08 F47 VISION] INFO: [SCOUT] Preview: {"has_strip": true, "has_overlay_stats": false, "drs_review": false, "camera_view": "bowlers_end", "frame_phase": "release", "ball_position": null}
STRIP: LSG 0-0 (0.0) | 
ACTION: A delivery is being [0m
[37m[21:14:08 F47 TEST] INFO:   [DISMISSAL-HINT] action says 'bowled' (window 30f)[0m
[37m[21:14:08 F47 TEST] INFO:   [DRS] Detecting — grace 2/3[0m
[37m[21:14:08 F47 TEST] INFO: 
=======================================================[0m
[37m[21:14:08 F47 TEST] INFO: [F47] SCOREBOARD — #36[0m
[37m[21:14:08 F47 TEST] INFO:   [V 618ms] STRIP: LSG 0-0 (0.0) |[0m
[37m[21:14:09 F47 EXTRACT] INFO: Extracted in 1.0s (llama-4-scout-17b-16e-instruct)[0m
[37m[21:14:09 F47 TEST] INFO:   [GUARD] Extractor returned 0-0(0.0) mid-innings (current score=130) — stripping all data[0m
[37m[21:14:09 F47 TEST] INFO:   [GUARD] Visible team 'Lucknow Super Giants' is bowling team — comparison strip, ALL data stripped (1/30)[0m
[37m[21:14:09 F47 TEST] INFO:   [E 1041ms] visible_team=Lucknow Super Giants score=None-None (None) target=None rr=None[0m
[37m[21:14:09 F47 TEST] INFO:   [DRS FREEZE] Skipping all tracker updates (state=DETECTING, streak=2)[0m
[37m[21:14:09 F47 TEST] INFO:   Total: 1664ms (V:618 E:1041)[0m
[37m[21:14:09 F47 TEST] INFO:   STATE: Kolkata Knight Riders 130-7 (19.1) [DRS DETECTING][0m
[37m[21:14:09 F47 TEST] INFO: DETAIL|F47|SCOREBOARD|tag=SCOREBOARD|scout=STRIP: LSG 0-0 (0.0) ||action=A delivery is being bowled.|ext_score=None-None(None)|ext_bat=|ext_bowl=|scorer_changes=[]|yolo=0|BEFORE_score=130-7(19.1)|BEFORE_bat1=Rinku Singh 4(6)|BEFORE_bat2=Sunil Narine 59(46)|BEFORE_bowl=Digvesh Singh Rathi 0-21 (3.1)|BEFORE_this_over=['?']|AFTER_score=130-7(19.1)|AFTER_bat1=Rinku Singh 4(6)|AFTER_bat2=Sunil Narine 59(46)|AFTER_bowl=Digvesh Singh Rathi 0-21 (3.1)|AFTER_this_over=['?']|AFTER_this_over_src=?(bcast)|AFTER_striker=—|AFTER_non_striker=Rinku Singh|AFTER_run_rate=6.78|AFTER_target=—|AFTER_innings=1|AFTER_partnership=—|AFTER_fow_count=7|AFTER_field=powerplay frozen=True fielders=['fine_leg', 'short_fine_leg', 'forward_short_leg', 'short_leg', 'cover_point', 'silly_mid_on', 'gully', 'leg_slip', 'deep_point']|ball_event=—|ball_event_runs=—|ball_event_over=—|ball_event_extra=—|ball_event_free_hit=—|broadcast_extra=—|dismissal_mode=—|striker_this_ball=—|delivery_length=—|delivery_line=—|delivery_angle=—|delivery_shot=—|delivery_direction=—|delivery_elevation=—|delivery_bounce=—|delivery_dets=0|delivery_det_rate=—|delivery_dir_zone=—|delivery_dir_conf=0|speed_kph=—|venue=—|batting_team=Kolkata Knight Riders|match_info=—|completed_over=—|completed_over_runs=—|drs_state=DETECTING|corrections=none|lat_vision=618|lat_extract=1041|lat_scorer=0|lat_field=0|lat_comm=0|lat_code=0|lat_total=1664|comm_bowler=—|comm_wire=—|comm_storyteller=—|comm_analyst=—|comm_colour=—|comm_wire_ms=0|comm_story_ms=0|comm_analyst_ms=0|comm_colour_ms=0[0m
[37m[21:14:10 F48 TEST] INFO: [WS] client connected (3 total)[0m
[37m[21:14:11 F50 VISION] INFO: [SCOUT] SCOREBOARD 652ms strip=True overlay=False drs=False cam=bowlers_end phase=release digits=False 267 chars[0m
[37m[21:14:11 F50 VISION] INFO: [SCOUT] Preview: {"has_strip": true, "has_overlay_stats": false, "drs_review": false, "camera_view": "bowlers_end", "frame_phase": "release", "ball_position": {"x": 0.6, "y": 0.4}}

STRIP: KKR 0-0 (0.0) | Narine 0(0) [0m
[37m[21:14:11 F50 TEST] INFO:   [DISMISSAL-HINT] action says 'bowled' (window 30f)[0m
[37m[21:14:11 F50 TEST] INFO:   [DRS] Detecting — grace 3/3[0m
[37m[21:14:11 F50 TEST] INFO: 
=======================================================[0m
[37m[21:14:11 F50 TEST] INFO: [F50] SCOREBOARD — #37[0m
[37m[21:14:11 F50 TEST] INFO:   [V 655ms] STRIP: KKR 0-0 (0.0) | Narine 0(0) | Rinku 0(0) | Rathi 0-0 (0.0)[0m
[37m[21:14:12 F50 EXTRACT] INFO: Extracted in 1.1s (llama-4-scout-17b-16e-instruct)[0m
[37m[21:14:12 F50 TEST] INFO:   [GUARD] Extractor returned 0-0(0.0) mid-innings (current score=130) — stripping all data[0m
[37m[21:14:12 F50 TEST] INFO:   [E 1124ms] visible_team=Kolkata Knight Riders score=None-None (None) target=None rr=None[0m
[37m[21:14:12 F50 TEST] INFO:   [DRS FREEZE] Skipping all tracker updates (state=DETECTING, streak=2)[0m
[37m[21:14:12 F50 TEST] INFO:   Total: 1785ms (V:655 E:1124)[0m
[37m[21:14:12 F50 TEST] INFO:   STATE: Kolkata Knight Riders 130-7 (19.1) [DRS DETECTING][0m
[37m[21:14:12 F50 TEST] INFO: DETAIL|F50|SCOREBOARD|tag=SCOREBOARD|scout=STRIP: KKR 0-0 (0.0) | Narine 0(0) | Rinku 0(0) | Rathi 0-0 (0.0)|action=A delivery is being bowled.|ext_score=None-None(None)|ext_bat=|ext_bowl=|scorer_changes=[]|yolo=0|BEFORE_score=130-7(19.1)|BEFORE_bat1=Rinku Singh 4(6)|BEFORE_bat2=Sunil Narine 59(46)|BEFORE_bowl=Digvesh Singh Rathi 0-21 (3.1)|BEFORE_this_over=['?']|AFTER_score=130-7(19.1)|AFTER_bat1=Rinku Singh 4(6)|AFTER_bat2=Sunil Narine 59(46)|AFTER_bowl=Digvesh Singh Rathi 0-21 (3.1)|AFTER_this_over=['?']|AFTER_this_over_src=?(bcast)|AFTER_striker=—|AFTER_non_striker=Rinku Singh|AFTER_run_rate=6.78|AFTER_target=—|AFTER_innings=1|AFTER_partnership=—|AFTER_fow_count=7|AFTER_field=powerplay frozen=True fielders=['fine_leg', 'short_fine_leg', 'forward_short_leg', 'short_leg', 'cover_point', 'silly_mid_on', 'gully', 'leg_slip', 'deep_point']|ball_event=—|ball_event_runs=—|ball_event_over=—|ball_event_extra=—|ball_event_free_hit=—|broadcast_extra=—|dismissal_mode=—|striker_this_ball=—|delivery_length=—|delivery_line=—|delivery_angle=—|delivery_shot=—|delivery_direction=—|delivery_elevation=—|delivery_bounce=—|delivery_dets=0|delivery_det_rate=—|delivery_dir_zone=—|delivery_dir_conf=0|speed_kph=—|venue=—|batting_team=Kolkata Knight Riders|match_info=—|completed_over=—|completed_over_runs=—|drs_state=DETECTING|corrections=none|lat_vision=655|lat_extract=1124|lat_scorer=0|lat_field=0|lat_comm=0|lat_code=0|lat_total=1785|comm_bowler=—|comm_wire=—|comm_storyteller=—|comm_analyst=—|comm_colour=—|comm_wire_ms=0|comm_story_ms=0|comm_analyst_ms=0|comm_colour_ms=0[0m
[37m[21:14:12 F51 TEST] INFO: [WS] client disconnected (2 remain)[0m
[37m[21:14:13 F52 TEST] INFO: [F52] Pixel skip #4[0m
[37m[21:14:13 F52 TEST] INFO: [F52] Force-processing after 4 pixel skips[0m
[33m[21:14:14 F52 VISION] WARN: [SCOUT-REJECT] Template placeholder detected (#3): 'STRIP: KKR  [SCORE]-[WICKETS] ([OVERS]) | Rinku Singh [RUNS]([BALLS]) | Sunil Narine [RUNS]([BALLS]) | Digvesh Singh Rathi [W]-[R] ([OVERS])'[0m
[37m[21:14:14 F52 TEST] INFO:   [DRS] Detecting reset — grace window expired[0m
[37m[21:14:14 F52 TEST] INFO: [F52] Vision timeout — skipping[0m
[37m[21:14:16 F56 TEST] INFO: [F56] Pixel skip #4[0m
[37m[21:14:16 F56 TEST] INFO: [F56] Force-processing after 4 pixel skips[0m
[37m[21:14:16 F56 VISION] INFO: [SCOUT] SCOREBOARD 736ms strip=True overlay=False drs=False cam=bowlers_end phase=release digits=False 333 chars[0m
[37m[21:14:16 F56 VISION] INFO: [SCOUT] Preview: {"has_strip": true, "has_overlay_stats": false, "drs_review": false, "camera_view": "bowlers_end", "frame_phase": "release", "ball_position": null}
STRIP: KKR 0-0 (0.0) | Narine 0(0) | Rinku 0(0) | Ra[0m
[37m[21:14:16 F56 TEST] INFO: 
=======================================================[0m
[37m[21:14:16 F56 TEST] INFO: [F56] SCOREBOARD — #38[0m
[37m[21:14:16 F56 TEST] INFO:   [V 739ms] STRIP: KKR 0-0 (0.0) | Narine 0(0) | Rinku 0(0) | Rathi 0-0 (0.0)[0m
[37m[21:14:16 F56 TEST] INFO: [WS] client connected (3 total)[0m
[37m[21:14:17 F56 EXTRACT] INFO: Extracted in 1.1s (llama-4-scout-17b-16e-instruct)[0m
[37m[21:14:17 F56 TEST] INFO:   [GUARD] Extractor returned 0-0(0.0) mid-innings (current score=130) — stripping all data[0m
[37m[21:14:17 F56 TEST] INFO:   [E 1068ms] visible_team=Kolkata Knight Riders score=None-None (None) target=None rr=None[0m
[37m[21:14:18 F56 TEST] INFO: [WS] client connected (4 total)[0m
[37m[21:14:18 F56 SCORER] INFO: Scored in 0.9s (llama-4-scout-17b-16e-instruct)[0m
[37m[21:14:18 F56 TEST] INFO:   [S] Hint: Current batters: SINGH and NARINE. Bowler: RATHI. Read their stats from the scoreboard.[0m
[37m[21:14:18 F56 TEST] INFO:   [S 938ms] Changes: ['FRAME_POISONED:None'][0m
[37m[21:14:18 F56 TEST] INFO:   Total: 2746ms (V:739 E:1068 S:938)[0m
[37m[21:14:18 F56 TEST] INFO:   [THIS OVER] ['?'] = 0 runs[0m
[37m[21:14:18 F56 TEST] INFO:   STATE: Kolkata Knight Riders 130-7 (19.1) inn=1 RR=6.78 | Bat: Rinku Singh(4) Sunil Narine(59) | Bowl: Digvesh Singh Rathi 0-21[0m
[37m[21:14:18 F56 TEST] INFO:   [ACTION] The bowler, Digvesh Singh Rathi, is in the delivery stride, about to bowl the ba[0m
[37m[21:14:18 F56 FIELD] INFO: [F56] OC-third_man_fine moved to OC-third_man_square[0m
[37m[21:14:18 F56 FIELD] INFO: [F56] IC-backward_point moved to IC-point[0m
[37m[21:14:18 F56 FIELD] INFO: [F56] short leg set — expecting bat-pad[0m
[37m[21:14:18 F56 FIELD] INFO: [F56] deep fine leg — protecting against top edges[0m
[37m[21:14:18 F56 FIELD] INFO: [F56] OC-deep_midwicket_sq moved to OC-deep_cover_point[0m
[37m[21:14:18 F56 TEST] INFO: DETAIL|F56|SCOREBOARD|tag=SCOREBOARD|scout=STRIP: KKR 0-0 (0.0) | Narine 0(0) | Rinku 0(0) | Rathi 0-0 (0.0)|action=The bowler, Digvesh Singh Rathi, is in the delivery stride, about to bowl the ball to the batter, Su|ext_score=None-None(None)|ext_bat=|ext_bowl=|scorer_changes=['FRAME_POISONED:None']|yolo=8|BEFORE_score=130-7(19.1)|BEFORE_bat1=Rinku Singh 4(6)|BEFORE_bat2=Sunil Narine 59(46)|BEFORE_bowl=Digvesh Singh Rathi 0-21 (3.1)|BEFORE_this_over=['?']|AFTER_score=130-7(19.1)|AFTER_bat1=Rinku Singh 4(6)|AFTER_bat2=Sunil Narine 59(46)|AFTER_bowl=Digvesh Singh Rathi 0-21 (3.1)|AFTER_this_over=['?']|AFTER_this_over_src=?(bcast)|AFTER_striker=Sunil Narine|AFTER_non_striker=Rinku Singh|AFTER_run_rate=6.78|AFTER_target=—|AFTER_innings=1|AFTER_partnership=59(52)|AFTER_fow_count=7|AFTER_field=pace_powerplay frozen=True fielders=['fine_leg', 'short_fine_leg', 'forward_short_leg', 'short_leg', 'cover_point', 'silly_mid_on', 'gully', 'leg_slip', 'deep_point']|ball_event=—|ball_event_runs=—|ball_event_over=—|ball_event_extra=—|ball_event_free_hit=—|broadcast_extra=—|dismissal_mode=—|striker_this_ball=—|delivery_length=—|delivery_line=—|delivery_angle=—|delivery_shot=—|delivery_direction=—|delivery_elevation=—|delivery_bounce=—|delivery_dets=0|delivery_method=—|delivery_snap_dets=—|delivery_3layer_dets=—|delivery_det_rate=—|delivery_dir_zone=—|delivery_dir_conf=0|delivery_shot_action=—|delivery_shot_intent=—|delivery_swing=—|delivery_speed_vlm=—|delivery_vlm_conf=—|delivery_vlm_ms=—|speed_kph=—|venue=—|batting_team=Kolkata Knight Riders|match_info=—|completed_over=—|completed_over_runs=—|drs_state=NONE|corrections=none|lat_vision=739|lat_extract=1068|lat_scorer=938|lat_field=45|lat_comm=0|lat_code=0|lat_total=2752|comm_bowler=Digvesh Singh Rathi|comm_wire=—|comm_storyteller=—|comm_analyst=—|comm_colour=—|comm_wire_ms=0|comm_story_ms=0|comm_analyst_ms=0|comm_colour_ms=0[0m
[37m[21:14:18 F56 TEST] INFO: [WS] client disconnected (3 remain)[0m
[37m[21:14:18 F56 TEST] INFO: [WS] client disconnected (2 remain)[0m
[37m[21:14:21 F60 TEST] INFO: [F60] Pixel skip #4[0m
[37m[21:14:21 F60 TEST] INFO: [F60] Force-processing after 4 pixel skips[0m
[37m[21:14:21 F60 VISION] INFO: [SCOUT] SCOREBOARD 685ms strip=True overlay=False drs=False cam=bowlers_end phase=release digits=False 282 chars[0m
[37m[21:14:21 F60 VISION] INFO: [SCOUT] Preview: {"has_strip": true, "has_overlay_stats": false, "drs_review": false, "camera_view": "bowlers_end", "frame_phase": "release", "ball_position": null}
STRIP: KKR 0-0 (0.0) | Narine 0(0) | Singh 0(0) | Ra[0m
[37m[21:14:21 F60 TEST] INFO: 
=======================================================[0m
[37m[21:14:21 F60 TEST] INFO: [F60] SCOREBOARD — #39[0m
[37m[21:14:21 F60 TEST] INFO:   [V 688ms] STRIP: KKR 0-0 (0.0) | Narine 0(0) | Singh 0(0) | Rathi 0-0 (0.0)[0m
[37m[21:14:22 F60 EXTRACT] INFO: Extracted in 1.0s (llama-4-scout-17b-16e-instruct)[0m
[37m[21:14:22 F60 TEST] INFO:   [GUARD] Extractor returned 0-0(0.0) mid-innings (current score=130) — stripping all data[0m
[37m[21:14:22 F60 TEST] INFO:   [E 1014ms] visible_team=Kolkata Knight Riders score=None-None (None) target=None rr=None[0m
[37m[21:14:22 F60 TEST] INFO: [WS] client connected (3 total)[0m
[37m[21:14:23 F60 SCORER] INFO: Scored in 0.9s (llama-4-scout-17b-16e-instruct)[0m
[37m[21:14:23 F60 TEST] INFO:   [S] Hint: Current batters: Narine and Rinku. Bowler: Rathi. Read their stats from the scoreboard.[0m
[37m[21:14:23 F60 TEST] INFO:   [S 852ms] Changes: ['FRAME_POISONED:None'][0m
[37m[21:14:23 F60 TEST] INFO:   Total: 2554ms (V:688 E:1014 S:852)[0m
[37m[21:14:23 F60 TEST] INFO:   [THIS OVER] ['?'] = 0 runs[0m
[37m[21:14:23 F60 TEST] INFO:   STATE: Kolkata Knight Riders 130-7 (19.1) inn=1 RR=6.78 | Bat: Rinku Singh(4) Sunil Narine(59) | Bowl: Digvesh Singh Rathi 0-21[0m
[37m[21:14:23 F60 TEST] INFO:   [ACTION] The bowler is in delivery stride, about to release the ball.[0m
[37m[21:14:23 F60 FIELD] INFO: [F60] defensive | total:9 (yolo:9 vis:0) | slips:0 in:3 out:6 | keeper:? | fresh:0 balls ago | conf:1.0 | 45ms[0m
[37m[21:14:23 F60 TEST] INFO: DETAIL|F60|SCOREBOARD|tag=SCOREBOARD|scout=STRIP: KKR 0-0 (0.0) | Narine 0(0) | Singh 0(0) | Rathi 0-0 (0.0)|action=The bowler is in delivery stride, about to release the ball.|ext_score=None-None(None)|ext_bat=|ext_bowl=|scorer_changes=['FRAME_POISONED:None']|yolo=9|BEFORE_score=130-7(19.1)|BEFORE_bat1=Rinku Singh 4(6)|BEFORE_bat2=Sunil Narine 59(46)|BEFORE_bowl=Digvesh Singh Rathi 0-21 (3.1)|BEFORE_this_over=['?']|AFTER_score=130-7(19.1)|AFTER_bat1=Rinku Singh 4(6)|AFTER_bat2=Sunil Narine 59(46)|AFTER_bowl=Digvesh Singh Rathi 0-21 (3.1)|AFTER_this_over=['?']|AFTER_this_over_src=?(bcast)|AFTER_striker=Sunil Narine|AFTER_non_striker=Rinku Singh|AFTER_run_rate=6.78|AFTER_target=—|AFTER_innings=1|AFTER_partnership=59(52)|AFTER_fow_count=7|AFTER_field=pace_powerplay frozen=True fielders=['fine_leg', 'short_fine_leg', 'forward_short_leg', 'short_leg', 'cover_point', 'silly_mid_on', 'gully', 'leg_slip', 'deep_point']|ball_event=—|ball_event_runs=—|ball_event_over=—|ball_event_extra=—|ball_event_free_hit=—|broadcast_extra=—|dismissal_mode=—|striker_this_ball=—|delivery_length=—|delivery_line=—|delivery_angle=—|delivery_shot=—|delivery_direction=—|delivery_elevation=—|delivery_bounce=—|delivery_dets=0|delivery_method=—|delivery_snap_dets=—|delivery_3layer_dets=—|delivery_det_rate=—|delivery_dir_zone=—|delivery_dir_conf=0|delivery_shot_action=—|delivery_shot_intent=—|delivery_swing=—|delivery_speed_vlm=—|delivery_vlm_conf=—|delivery_vlm_ms=—|speed_kph=—|venue=—|batting_team=Kolkata Knight Riders|match_info=—|completed_over=—|completed_over_runs=—|drs_state=NONE|corrections=none|lat_vision=688|lat_extract=1014|lat_scorer=852|lat_field=45|lat_comm=0|lat_code=0|lat_total=2560|comm_bowler=Digvesh Singh Rathi|comm_wire=—|comm_storyteller=—|comm_analyst=—|comm_colour=—|comm_wire_ms=0|comm_story_ms=0|comm_analyst_ms=0|comm_colour_ms=0[0m
[37m[21:14:23 F60 TEST] INFO: [WS] client disconnected (2 remain)[0m
[FIELD] Pitch detected from people cluster: (0.25, 0.65) spread=0.200
[37m[21:14:26 F63 VISION] INFO: [SCOUT] SCOREBOARD 779ms strip=True overlay=False drs=False cam=bowlers_end phase=release digits=False 323 chars[0m
[37m[21:14:26 F63 VISION] INFO: [SCOUT] Preview: {"has_strip": true, "has_overlay_stats": false, "drs_review": false, "camera_view": "bowlers_end", "frame_phase": "release", "ball_position": null}
STRIP: KKR 0-0 (0.0) | Narine 0(0) | Rinku 0(0) | Ra[0m
[37m[21:14:26 F63 TEST] INFO: 
=======================================================[0m
[37m[21:14:26 F63 TEST] INFO: [F63] SCOREBOARD — #40[0m
[37m[21:14:26 F63 TEST] INFO:   [V 783ms] STRIP: KKR 0-0 (0.0) | Narine 0(0) | Rinku 0(0) | Rathi 0-0 (0.0)
INFO_PANEL: 
SPEED: 
EXTRA: 
THIS OVER: 
FULL SCORECARD: 
The bowler Rathi is running up to deliver the ball.[0m
[37m[21:14:27 F63 EXTRACT] INFO: Extracted in 1.1s (llama-4-scout-17b-16e-instruct)[0m
[37m[21:14:27 F63 TEST] INFO:   [GUARD] Extractor returned 0-0(0.0) mid-innings (current score=130) — stripping all data[0m
[37m[21:14:27 F63 TEST] INFO:   [E 1112ms] visible_team=Kolkata Knight Riders score=None-None (None) target=None rr=None[0m
[37m[21:14:27 F63 TEST] INFO: [WS] client connected (3 total)[0m
[37m[21:14:28 F63 SCORER] INFO: Scored in 1.0s (llama-4-scout-17b-16e-instruct)[0m
[37m[21:14:28 F63 TEST] INFO:   [S] Hint: Current batters: RINKU SINGH and SUNIL NARINE. Bowler: DIGVESH SINGH RATHI. Read their stats from the scoreboard.[0m
[37m[21:14:28 F63 TEST] INFO:   [S 978ms] Changes: ['FRAME_POISONED:None'][0m
[37m[21:14:28 F63 TEST] INFO:   Total: 2873ms (V:783 E:1112 S:978)[0m
[37m[21:14:28 F63 TEST] INFO:   [THIS OVER] ['?'] = 0 runs[0m
[37m[21:14:28 F63 TEST] INFO:   STATE: Kolkata Knight Riders 130-7 (19.1) inn=1 RR=6.78 | Bat: Rinku Singh(4) Sunil Narine(59) | Bowl: Digvesh Singh Rathi 0-21[0m
[37m[21:14:28 F63 FIELD] INFO: [F63] OC-deep_third_man moved to OC-third_man_square[0m
[37m[21:14:28 F63 FIELD] INFO: [F63] OC-third_man_square moved to OC-deep_backward_point[0m
[37m[21:14:28 F63 FIELD] INFO: [F63] OC-deep_gully moved to OC-deep_backward_point[0m
[37m[21:14:28 F63 FIELD] INFO: [F63] short leg set — expecting bat-pad[0m
[37m[21:14:28 F63 FIELD] INFO: [F63] short leg removed[0m
[37m[21:14:28 F63 FIELD] INFO: [F63] IC-point pushed back — defensive[0m
[37m[21:14:28 F63 FIELD] INFO: [F63] short leg removed[0m
[37m[21:14:28 F63 TEST] INFO: DETAIL|F63|SCOREBOARD|tag=SCOREBOARD|scout=STRIP: KKR 0-0 (0.0) | Narine 0(0) | Rinku 0(0) | Rathi 0-0 (0.0) INFO_PANEL:  SPEED:  EXTRA:  THIS OVER:  FULL SCORECAR|action=—|ext_score=None-None(None)|ext_bat=|ext_bowl=|scorer_changes=['FRAME_POISONED:None']|yolo=10|BEFORE_score=130-7(19.1)|BEFORE_bat1=Rinku Singh 4(6)|BEFORE_bat2=Sunil Narine 59(46)|BEFORE_bowl=Digvesh Singh Rathi 0-21 (3.1)|BEFORE_this_over=['?']|AFTER_score=130-7(19.1)|AFTER_bat1=Rinku Singh 4(6)|AFTER_bat2=Sunil Narine 59(46)|AFTER_bowl=Digvesh Singh Rathi 0-21 (3.1)|AFTER_this_over=['?']|AFTER_this_over_src=?(bcast)|AFTER_striker=Sunil Narine|AFTER_non_striker=Rinku Singh|AFTER_run_rate=6.78|AFTER_target=—|AFTER_innings=1|AFTER_partnership=59(52)|AFTER_fow_count=7|AFTER_field=pace_powerplay frozen=True fielders=['fine_leg', 'short_fine_leg', 'forward_short_leg', 'short_leg', 'cover_point', 'silly_mid_on', 'gully', 'leg_slip', 'deep_point']|ball_event=—|ball_event_runs=—|ball_event_over=—|ball_event_extra=—|ball_event_free_hit=—|broadcast_extra=—|dismissal_mode=—|striker_this_ball=—|delivery_length=—|delivery_line=—|delivery_angle=—|delivery_shot=—|delivery_direction=—|delivery_elevation=—|delivery_bounce=—|delivery_dets=0|delivery_method=—|delivery_snap_dets=—|delivery_3layer_dets=—|delivery_det_rate=—|delivery_dir_zone=—|delivery_dir_conf=0|delivery_shot_action=—|delivery_shot_intent=—|delivery_swing=—|delivery_speed_vlm=—|delivery_vlm_conf=—|delivery_vlm_ms=—|speed_kph=—|venue=—|batting_team=Kolkata Knight Riders|match_info=—|completed_over=—|completed_over_runs=—|drs_state=NONE|corrections=none|lat_vision=783|lat_extract=1112|lat_scorer=978|lat_field=48|lat_comm=0|lat_code=0|lat_total=2879|comm_bowler=Digvesh Singh Rathi|comm_wire=—|comm_storyteller=—|comm_analyst=—|comm_colour=—|comm_wire_ms=0|comm_story_ms=0|comm_analyst_ms=0|comm_colour_ms=0[0m
[37m[21:14:28 F63 TEST] INFO: [WS] client disconnected (2 remain)[0m
[37m[21:14:29 F64 VISION] INFO: [SCOUT] SCOREBOARD 726ms strip=True overlay=False drs=True cam=bowlers_end phase=release digits=False 367 chars[0m
[37m[21:14:29 F64 VISION] INFO: [SCOUT] Preview: {"has_strip": true, "has_overlay_stats": false, "drs_review": true, "camera_view": "bowlers_end", "frame_phase": "release", "ball_position": null}

STRIP: LSG 0-0 (0.0) | Rinku Singh 0(0) | Sunil Nari[0m
[37m[21:14:29 F64 TEST] INFO:   [DRS] Detecting — frame 1[0m
[37m[21:14:29 F64 TEST] INFO: 
=======================================================[0m
[37m[21:14:29 F64 TEST] INFO: [F64] SCOREBOARD — #41[0m
[37m[21:14:29 F64 TEST] INFO:   [V 729ms] STRIP: LSG 0-0 (0.0) | Rinku Singh 0(0) | Sunil Narine 0(0) | 

INFO_PANEL: 
EXTRA: 
THIS OVER: 
FULL SCORECARD: 

The umpire is reviewing a wide ball call, indicating a possible disagreement with the on-field decision.[0m
[37m[21:14:30 F64 EXTRACT] INFO: Extracted in 1.0s (llama-4-scout-17b-16e-instruct)[0m
[37m[21:14:30 F64 BOARD] INFO: [NAME] Merged names: 'Rinku Singh' → 'Rinku Singh' + 'Akash Maharaj Singh'[0m
[37m[21:14:30 F64 TEST] INFO:   [SPLIT] Merged names: 'Rinku Singh' → 'Rinku Singh' + 'Akash Maharaj Singh'[0m
[37m[21:14:30 F64 TEST] INFO:   [GUARD] Sunil Narine diff 59→0 — comparison strip for batting team[0m
[37m[21:14:30 F64 TEST] INFO:   [E 1007ms] visible_team=None score=None-None (None) target=None rr=None[0m
[37m[21:14:30 F64 TEST] INFO:   [DRS FREEZE] Skipping all tracker updates (state=DETECTING, streak=1)[0m
[37m[21:14:30 F64 TEST] INFO:   Total: 1741ms (V:729 E:1007)[0m
[37m[21:14:30 F64 TEST] INFO:   STATE: Kolkata Knight Riders 130-7 (19.1) [DRS DETECTING][0m
[37m[21:14:30 F64 TEST] INFO: DETAIL|F64|SCOREBOARD|tag=SCOREBOARD|scout=STRIP: LSG 0-0 (0.0) | Rinku Singh 0(0) | Sunil Narine 0(0) |   INFO_PANEL:  EXTRA:  THIS OVER:  FULL SCORECARD:   The umpire is reviewing a wide ball call, indicating a possible disagreement with the|action=—|ext_score=None-None(None)|ext_bat=|ext_bowl=|scorer_changes=[]|yolo=0|BEFORE_score=130-7(19.1)|BEFORE_bat1=Rinku Singh 4(6)|BEFORE_bat2=Sunil Narine 59(46)|BEFORE_bowl=Digvesh Singh Rathi 0-21 (3.1)|BEFORE_this_over=['?']|AFTER_score=130-7(19.1)|AFTER_bat1=Rinku Singh 4(6)|AFTER_bat2=Sunil Narine 59(46)|AFTER_bowl=Digvesh Singh Rathi 0-21 (3.1)|AFTER_this_over=['?']|AFTER_this_over_src=?(bcast)|AFTER_striker=—|AFTER_non_striker=Rinku Singh|AFTER_run_rate=6.78|AFTER_target=—|AFTER_innings=1|AFTER_partnership=—|AFTER_fow_count=7|AFTER_field=powerplay frozen=True fielders=['fine_leg', 'short_fine_leg', 'forward_short_leg', 'short_leg', 'cover_point', 'silly_mid_on', 'gully', 'leg_slip', 'deep_point']|ball_event=—|ball_event_runs=—|ball_event_over=—|ball_event_extra=—|ball_event_free_hit=—|broadcast_extra=—|dismissal_mode=—|striker_this_ball=—|delivery_length=—|delivery_line=—|delivery_angle=—|delivery_shot=—|delivery_direction=—|delivery_elevation=—|delivery_bounce=—|delivery_dets=0|delivery_det_rate=—|delivery_dir_zone=—|delivery_dir_conf=0|speed_kph=—|venue=—|batting_team=Kolkata Knight Riders|match_info=—|completed_over=—|completed_over_runs=—|drs_state=DETECTING|corrections=none|lat_vision=729|lat_extract=1007|lat_scorer=0|lat_field=0|lat_comm=0|lat_code=0|lat_total=1741|comm_bowler=—|comm_wire=—|comm_storyteller=—|comm_analyst=—|comm_colour=—|comm_wire_ms=0|comm_story_ms=0|comm_analyst_ms=0|comm_colour_ms=0[0m
[37m[21:14:31 F66 TEST] INFO: [F66] Pixel skip #4[0m
[37m[21:14:31 F66 TEST] INFO: [F66] Force-processing after 4 pixel skips[0m
[37m[21:14:32 F66 VISION] INFO: [SCOUT] SCOREBOARD 831ms strip=True overlay=False drs=False cam=bowlers_end phase=release digits=False 297 chars[0m
[37m[21:14:32 F66 VISION] INFO: [SCOUT] Preview: {"has_strip": true, "has_overlay_stats": false, "drs_review": false, "camera_view": "bowlers_end", "frame_phase": "release", "ball_position": null}
STRIP: KKR 0-0 (0.0) | Narine 0(0) | Rinku 0(0) | 
I[0m
[37m[21:14:32 F66 TEST] INFO:   [DRS] Detecting — grace 1/3[0m
[37m[21:14:32 F66 TEST] INFO: 
=======================================================[0m
[37m[21:14:32 F66 TEST] INFO: [F66] SCOREBOARD — #42[0m
[37m[21:14:32 F66 TEST] INFO:   [V 834ms] STRIP: KKR 0-0 (0.0) | Narine 0(0) | Rinku 0(0) | 
INFO_PANEL: 
SPEED: 
EXTRA: 
THIS OVER: 
FULL SCORECARD: 
The bowler is about to deliver the ball.[0m
[37m[21:14:32 F66 TEST] INFO: [WS] client connected (3 total)[0m
[37m[21:14:33 F66 EXTRACT] INFO: Extracted in 1.0s (llama-4-scout-17b-16e-instruct)[0m
[37m[21:14:33 F66 TEST] INFO:   [GUARD] Sunil Narine diff 59→0 — comparison strip for batting team[0m
[37m[21:14:33 F66 TEST] INFO:   [E 1000ms] visible_team=Kolkata Knight Riders score=None-None (None) target=None rr=None[0m
[37m[21:14:33 F66 TEST] INFO:   [DRS FREEZE] Skipping all tracker updates (state=DETECTING, streak=1)[0m
[37m[21:14:33 F66 TEST] INFO:   Total: 1840ms (V:834 E:1000)[0m
[37m[21:14:33 F66 TEST] INFO:   STATE: Kolkata Knight Riders 130-7 (19.1) [DRS DETECTING][0m
[37m[21:14:33 F66 TEST] INFO: DETAIL|F66|SCOREBOARD|tag=SCOREBOARD|scout=STRIP: KKR 0-0 (0.0) | Narine 0(0) | Rinku 0(0) |  INFO_PANEL:  SPEED:  EXTRA:  THIS OVER:  FULL SCORECARD:  The bowler is about to deliver the ball.|action=—|ext_score=None-None(None)|ext_bat=|ext_bowl=|scorer_changes=[]|yolo=0|BEFORE_score=130-7(19.1)|BEFORE_bat1=Rinku Singh 4(6)|BEFORE_bat2=Sunil Narine 59(46)|BEFORE_bowl=Digvesh Singh Rathi 0-21 (3.1)|BEFORE_this_over=['?']|AFTER_score=130-7(19.1)|AFTER_bat1=Rinku Singh 4(6)|AFTER_bat2=Sunil Narine 59(46)|AFTER_bowl=Digvesh Singh Rathi 0-21 (3.1)|AFTER_this_over=['?']|AFTER_this_over_src=?(bcast)|AFTER_striker=—|AFTER_non_striker=Rinku Singh|AFTER_run_rate=6.78|AFTER_target=—|AFTER_innings=1|AFTER_partnership=—|AFTER_fow_count=7|AFTER_field=powerplay frozen=True fielders=['fine_leg', 'short_fine_leg', 'forward_short_leg', 'short_leg', 'cover_point', 'silly_mid_on', 'gully', 'leg_slip', 'deep_point']|ball_event=—|ball_event_runs=—|ball_event_over=—|ball_event_extra=—|ball_event_free_hit=—|broadcast_extra=—|dismissal_mode=—|striker_this_ball=—|delivery_length=—|delivery_line=—|delivery_angle=—|delivery_shot=—|delivery_direction=—|delivery_elevation=—|delivery_bounce=—|delivery_dets=0|delivery_det_rate=—|delivery_dir_zone=—|delivery_dir_conf=0|speed_kph=—|venue=—|batting_team=Kolkata Knight Riders|match_info=—|completed_over=—|completed_over_runs=—|drs_state=DETECTING|corrections=none|lat_vision=834|lat_extract=1000|lat_scorer=0|lat_field=0|lat_comm=0|lat_code=0|lat_total=1840|comm_bowler=—|comm_wire=—|comm_storyteller=—|comm_analyst=—|comm_colour=—|comm_wire_ms=0|comm_story_ms=0|comm_analyst_ms=0|comm_colour_ms=0[0m
[37m[21:14:33 F67 TEST] INFO: [WS] client disconnected (2 remain)[0m
[37m[21:14:35 F70 TEST] INFO: [F70] Pixel skip #4[0m
[37m[21:14:35 F70 TEST] INFO: [F70] Force-processing after 4 pixel skips[0m
[33m[21:14:35 F70 VISION] WARN: [SCOUT-REJECT] Template placeholder detected (#4): 'STRIP: LSG  | Rinku Singh*  [RUNS]([BALLS]) | Sunil Narine [RUNS]([BALLS]) | Digvesh Singh Rathi [W]-[R] ([OVERS])\n\nINFO_PANEL: \nSPEED: \nEXTRA: \nTHIS OVER: \nFULL SCORECARD: \n\nThe bowler is in the proc'[0m
[37m[21:14:35 F70 TEST] INFO:   [DRS] Detecting — grace 2/3[0m
[37m[21:14:35 F70 TEST] INFO: [F70] Vision timeout — skipping[0m
[37m[21:14:37 F73 TEST] INFO: [WS] client connected (3 total)[0m
[37m[21:14:38 F74 VISION] INFO: [SCOUT] SCOREBOARD 624ms strip=True overlay=False drs=False cam=closeup phase=between_play digits=True 287 chars[0m
[37m[21:14:38 F74 TEST] INFO:   [DRS] Detecting — frame 2[0m
[37m[21:14:38 F74 TEST] INFO: 
=======================================================[0m
[37m[21:14:38 F74 TEST] INFO: [F74] SCOREBOARD — #43[0m
[37m[21:14:38 F74 TEST] INFO:   [V 626ms] STRIP: KKR 130-7 (19.1)

INFO_PANEL: 
SPEED: 
EXTRA: 
THIS OVER: 
FULL SCORECARD: 

The umpire is reviewing a decision for Knight Riders.[0m
[37m[21:14:39 F74 EXTRACT] INFO: Extracted in 0.9s (llama-4-scout-17b-16e-instruct)[0m
[37m[21:14:39 F74 TEST] INFO:   [E 903ms] visible_team=Kolkata Knight Riders score=130-7 (19.1) target=None rr=None[0m
[37m[21:14:39 F74 TEST] INFO:   [DRS FREEZE] Skipping all tracker updates (state=DETECTING, streak=2)[0m
[37m[21:14:39 F74 TEST] INFO:   Total: 1534ms (V:626 E:903)[0m
[37m[21:14:39 F74 TEST] INFO:   STATE: Kolkata Knight Riders 130-7 (19.1) [DRS DETECTING][0m
[37m[21:14:39 F74 TEST] INFO: DETAIL|F74|SCOREBOARD|tag=SCOREBOARD|scout=STRIP: KKR 130-7 (19.1)  INFO_PANEL:  SPEED:  EXTRA:  THIS OVER:  FULL SCORECARD:   The umpire is reviewing a decision for Knight Riders.|action=—|ext_score=130-7(19.1)|ext_bat=|ext_bowl=|scorer_changes=[]|yolo=0|BEFORE_score=130-7(19.1)|BEFORE_bat1=Rinku Singh 4(6)|BEFORE_bat2=Sunil Narine 59(46)|BEFORE_bowl=Digvesh Singh Rathi 0-21 (3.1)|BEFORE_this_over=['?']|AFTER_score=130-7(19.1)|AFTER_bat1=Rinku Singh 4(6)|AFTER_bat2=Sunil Narine 59(46)|AFTER_bowl=Digvesh Singh Rathi 0-21 (3.1)|AFTER_this_over=['?']|AFTER_this_over_src=?(bcast)|AFTER_striker=—|AFTER_non_striker=Rinku Singh|AFTER_run_rate=6.78|AFTER_target=—|AFTER_innings=1|AFTER_partnership=—|AFTER_fow_count=7|AFTER_field=powerplay frozen=True fielders=['fine_leg', 'short_fine_leg', 'forward_short_leg', 'short_leg', 'cover_point', 'silly_mid_on', 'gully', 'leg_slip', 'deep_point']|ball_event=—|ball_event_runs=—|ball_event_over=—|ball_event_extra=—|ball_event_free_hit=—|broadcast_extra=—|dismissal_mode=—|striker_this_ball=—|delivery_length=—|delivery_line=—|delivery_angle=—|delivery_shot=—|delivery_direction=—|delivery_elevation=—|delivery_bounce=—|delivery_dets=0|delivery_det_rate=—|delivery_dir_zone=—|delivery_dir_conf=0|speed_kph=—|venue=—|batting_team=Kolkata Knight Riders|match_info=—|completed_over=—|completed_over_runs=—|drs_state=DETECTING|corrections=none|lat_vision=626|lat_extract=903|lat_scorer=0|lat_field=0|lat_comm=0|lat_code=0|lat_total=1534|comm_bowler=—|comm_wire=—|comm_storyteller=—|comm_analyst=—|comm_colour=—|comm_wire_ms=0|comm_story_ms=0|comm_analyst_ms=0|comm_colour_ms=0[0m
[37m[21:14:39 F75 TEST] INFO: [WS] client disconnected (2 remain)[0m
[37m[21:14:39 F75 TEST] INFO: [WS] client connected (3 total)[0m
[37m[21:14:39 F75 VISION] INFO: [SCOUT] SCOREBOARD 622ms strip=True overlay=False drs=False cam=closeup phase=between_play digits=True 283 chars[0m
[37m[21:14:39 F75 TEST] INFO:   [DRS] Detecting — frame 3[0m
[37m[21:14:39 F75 TEST] INFO:   [DRS] Confirmed IN_PROGRESS — pre-state: {'score': 130, 'wickets': 7, 'overs': '19.1'}[0m
[37m[21:14:39 F75 TEST] INFO: 
=======================================================[0m
[37m[21:14:39 F75 TEST] INFO: [F75] SCOREBOARD — #44[0m
[37m[21:14:39 F75 TEST] INFO:   [V 626ms] STRIP: KKR 130-7 (19.1)

INFO_PANEL:[0m
[37m[21:14:40 F75 EXTRACT] INFO: Extracted in 0.9s (llama-4-scout-17b-16e-instruct)[0m
[37m[21:14:40 F75 TEST] INFO:   [E 876ms] visible_team=Kolkata Knight Riders score=130-7 (19.1) target=None rr=None[0m
[37m[21:14:40 F75 TEST] INFO:   [DRS FREEZE] Skipping all tracker updates (state=IN_PROGRESS, streak=3)[0m
[37m[21:14:40 F75 TEST] INFO:   Total: 1506ms (V:626 E:876)[0m
[37m[21:14:40 F75 TEST] INFO:   STATE: Kolkata Knight Riders 130-7 (19.1) [DRS IN_PROGRESS][0m
[37m[21:14:40 F75 TEST] INFO: DETAIL|F75|SCOREBOARD|tag=SCOREBOARD|scout=STRIP: KKR 130-7 (19.1)  INFO_PANEL:|action=The umpire is reviewing a decision, indicated by "Knight Riders Review Wide Not Given".|ext_score=130-7(19.1)|ext_bat=|ext_bowl=|scorer_changes=[]|yolo=0|BEFORE_score=130-7(19.1)|BEFORE_bat1=Rinku Singh 4(6)|BEFORE_bat2=Sunil Narine 59(46)|BEFORE_bowl=Digvesh Singh Rathi 0-21 (3.1)|BEFORE_this_over=['?']|AFTER_score=130-7(19.1)|AFTER_bat1=Rinku Singh 4(6)|AFTER_bat2=Sunil Narine 59(46)|AFTER_bowl=Digvesh Singh Rathi 0-21 (3.1)|AFTER_this_over=['?']|AFTER_this_over_src=?(bcast)|AFTER_striker=—|AFTER_non_striker=Rinku Singh|AFTER_run_rate=6.78|AFTER_target=—|AFTER_innings=1|AFTER_partnership=—|AFTER_fow_count=7|AFTER_field=powerplay frozen=True fielders=['fine_leg', 'short_fine_leg', 'forward_short_leg', 'short_leg', 'cover_point', 'silly_mid_on', 'gully', 'leg_slip', 'deep_point']|ball_event=—|ball_event_runs=—|ball_event_over=—|ball_event_extra=—|ball_event_free_hit=—|broadcast_extra=—|dismissal_mode=—|striker_this_ball=—|delivery_length=—|delivery_line=—|delivery_angle=—|delivery_shot=—|delivery_direction=—|delivery_elevation=—|delivery_bounce=—|delivery_dets=0|delivery_det_rate=—|delivery_dir_zone=—|delivery_dir_conf=0|speed_kph=—|venue=—|batting_team=Kolkata Knight Riders|match_info=—|completed_over=—|completed_over_runs=—|drs_state=IN_PROGRESS|corrections=none|lat_vision=626|lat_extract=876|lat_scorer=0|lat_field=0|lat_comm=0|lat_code=0|lat_total=1506|comm_bowler=—|comm_wire=—|comm_storyteller=—|comm_analyst=—|comm_colour=—|comm_wire_ms=0|comm_story_ms=0|comm_analyst_ms=0|comm_colour_ms=0[0m
[37m[21:14:40 F76 TEST] INFO: [WS] client disconnected (2 remain)[0m
[37m[21:14:42 F76 VISION] INFO: [SCOUT] SCOREBOARD 1332ms strip=True overlay=False drs=True cam=closeup phase=between_play digits=True 276 chars[0m
[37m[21:14:42 F76 TEST] INFO:   [DRS] Commentary emitted: review in progress[0m
[37m[21:14:42 F76 TEST] INFO: 
=======================================================[0m
[37m[21:14:42 F76 TEST] INFO: [F76] SCOREBOARD — #45[0m
[37m[21:14:42 F76 TEST] INFO:   [V 1335ms] STRIP: KKR 130-7 (19.1)

INFO_PANEL: 
SPEED: 
EXTRA: 
THIS OVER: 
FULL SCORECARD: 

The Knight Riders are reviewing a decision.[0m
[37m[21:14:42 F76 EXTRACT] INFO: Extracted in 0.8s (llama-4-scout-17b-16e-instruct)[0m
[37m[21:14:42 F76 TEST] INFO:   [E 850ms] visible_team=Kolkata Knight Riders score=130-7 (19.1) target=None rr=None[0m
[37m[21:14:42 F76 TEST] INFO:   [DRS FREEZE] Skipping all tracker updates (state=IN_PROGRESS, streak=4)[0m
[37m[21:14:42 F76 TEST] INFO:   Total: 2189ms (V:1335 E:850)[0m
[37m[21:14:42 F76 TEST] INFO:   STATE: Kolkata Knight Riders 130-7 (19.1) [DRS IN_PROGRESS][0m
[37m[21:14:42 F76 TEST] INFO: DETAIL|F76|SCOREBOARD|tag=SCOREBOARD|scout=STRIP: KKR 130-7 (19.1)  INFO_PANEL:  SPEED:  EXTRA:  THIS OVER:  FULL SCORECARD:   The Knight Riders are reviewing a decision.|action=—|ext_score=130-7(19.1)|ext_bat=|ext_bowl=|scorer_changes=[]|yolo=0|BEFORE_score=130-7(19.1)|BEFORE_bat1=Rinku Singh 4(6)|BEFORE_bat2=Sunil Narine 59(46)|BEFORE_bowl=Digvesh Singh Rathi 0-21 (3.1)|BEFORE_this_over=['?']|AFTER_score=130-7(19.1)|AFTER_bat1=Rinku Singh 4(6)|AFTER_bat2=Sunil Narine 59(46)|AFTER_bowl=Digvesh Singh Rathi 0-21 (3.1)|AFTER_this_over=['?']|AFTER_this_over_src=?(bcast)|AFTER_striker=—|AFTER_non_striker=Rinku Singh|AFTER_run_rate=6.78|AFTER_target=—|AFTER_innings=1|AFTER_partnership=—|AFTER_fow_count=7|AFTER_field=powerplay frozen=True fielders=['fine_leg', 'short_fine_leg', 'forward_short_leg', 'short_leg', 'cover_point', 'silly_mid_on', 'gully', 'leg_slip', 'deep_point']|ball_event=—|ball_event_runs=—|ball_event_over=—|ball_event_extra=—|ball_event_free_hit=—|broadcast_extra=—|dismissal_mode=—|striker_this_ball=—|delivery_length=—|delivery_line=—|delivery_angle=—|delivery_shot=—|delivery_direction=—|delivery_elevation=—|delivery_bounce=—|delivery_dets=0|delivery_det_rate=—|delivery_dir_zone=—|delivery_dir_conf=0|speed_kph=—|venue=—|batting_team=Kolkata Knight Riders|match_info=—|completed_over=—|completed_over_runs=—|drs_state=IN_PROGRESS|corrections=none|lat_vision=1335|lat_extract=850|lat_scorer=0|lat_field=0|lat_comm=0|lat_code=0|lat_total=2189|comm_bowler=—|comm_wire=—|comm_storyteller=—|comm_analyst=—|comm_colour=—|comm_wire_ms=0|comm_story_ms=0|comm_analyst_ms=0|comm_colour_ms=0[0m
[37m[21:14:43 F77 TEST] INFO: [WS] client connected (3 total)[0m
[37m[21:14:43 F77 VISION] INFO: [SCOUT] SCOREBOARD 702ms strip=True overlay=False drs=False cam=closeup phase=between_play digits=True 344 chars[0m
[37m[21:14:43 F77 TEST] INFO:   [DRS] IN_PROGRESS — grace 1/3[0m
[37m[21:14:43 F77 TEST] INFO: 
=======================================================[0m
[37m[21:14:43 F77 TEST] INFO: [F77] SCOREBOARD — #46[0m
[37m[21:14:43 F77 TEST] INFO:   [V 706ms] STRIP: KKR 131-7 (19.1) | Narine 59(46) | Rinku 4(6) | Digvesh 0-22 (3.1)[0m
[37m[21:14:45 F77 EXTRACT] INFO: Extracted in 1.3s (llama-4-scout-17b-16e-instruct)[0m
[37m[21:14:45 F77 TEST] INFO:   [E 1258ms] visible_team=Kolkata Knight Riders score=131-7 (19.1) target=None rr=None[0m
[37m[21:14:45 F77 TEST] INFO:     BAT: Narine 59(46) [0m
[37m[21:14:45 F77 TEST] INFO:     BAT: Rinku 4(6) [0m
[37m[21:14:45 F77 TEST] INFO:     BOWL: Digvesh 0-22 (3.1)[0m
[37m[21:14:45 F77 TEST] INFO:   [DRS FREEZE] Skipping all tracker updates (state=IN_PROGRESS, streak=4)[0m
[37m[21:14:45 F77 TEST] INFO:   Total: 1969ms (V:706 E:1258)[0m
[37m[21:14:45 F77 TEST] INFO:   STATE: Kolkata Knight Riders 130-7 (19.1) [DRS IN_PROGRESS][0m
[37m[21:14:45 F77 TEST] INFO: DETAIL|F77|SCOREBOARD|tag=SCOREBOARD|scout=STRIP: KKR 131-7 (19.1) | Narine 59(46) | Rinku 4(6) | Digvesh 0-22 (3.1)|action=The camera shows a close-up of a player, likely a member of the Kolkata Knight Riders team, watching the match.|ext_score=131-7(19.1)|ext_bat=|ext_bowl=|scorer_changes=[]|yolo=0|BEFORE_score=130-7(19.1)|BEFORE_bat1=Rinku Singh 4(6)|BEFORE_bat2=Sunil Narine 59(46)|BEFORE_bowl=Digvesh Singh Rathi 0-21 (3.1)|BEFORE_this_over=['?']|AFTER_score=130-7(19.1)|AFTER_bat1=Rinku Singh 4(6)|AFTER_bat2=Sunil Narine 59(46)|AFTER_bowl=Digvesh Singh Rathi 0-21 (3.1)|AFTER_this_over=['?']|AFTER_this_over_src=?(bcast)|AFTER_striker=—|AFTER_non_striker=Rinku Singh|AFTER_run_rate=6.78|AFTER_target=—|AFTER_innings=1|AFTER_partnership=—|AFTER_fow_count=7|AFTER_field=powerplay frozen=True fielders=['fine_leg', 'short_fine_leg', 'forward_short_leg', 'short_leg', 'cover_point', 'silly_mid_on', 'gully', 'leg_slip', 'deep_point']|ball_event=—|ball_event_runs=—|ball_event_over=—|ball_event_extra=—|ball_event_free_hit=—|broadcast_extra=—|dismissal_mode=—|striker_this_ball=—|delivery_length=—|delivery_line=—|delivery_angle=—|delivery_shot=—|delivery_direction=—|delivery_elevation=—|delivery_bounce=—|delivery_dets=0|delivery_det_rate=—|delivery_dir_zone=—|delivery_dir_conf=0|speed_kph=—|venue=—|batting_team=Kolkata Knight Riders|match_info=—|completed_over=—|completed_over_runs=—|drs_state=IN_PROGRESS|corrections=none|lat_vision=706|lat_extract=1258|lat_scorer=0|lat_field=0|lat_comm=0|lat_code=0|lat_total=1969|comm_bowler=—|comm_wire=—|comm_storyteller=—|comm_analyst=—|comm_colour=—|comm_wire_ms=0|comm_story_ms=0|comm_analyst_ms=0|comm_colour_ms=0[0m
[37m[21:14:45 F78 TEST] INFO: [WS] client disconnected (2 remain)[0m
[37m[21:14:46 F78 VISION] INFO: [SCOUT] SCOREBOARD 976ms strip=True overlay=False drs=False cam=closeup phase=between_play digits=True 288 chars[0m
[37m[21:14:46 F78 TEST] INFO:   [DRS] IN_PROGRESS — grace 2/3[0m
[37m[21:14:46 F78 TEST] INFO: 
=======================================================[0m
[37m[21:14:46 F78 TEST] INFO: [F78] SCOREBOARD — #47[0m
[37m[21:14:46 F78 TEST] INFO:   [V 978ms] STRIP: KKR 131-7 (19.1) | Narine 59(46) | Rinku 4(6) | Digvesh 0-22 (3.1)[0m
[37m[21:14:46 F78 EXTRACT] INFO: Extracted in 0.7s (llama-4-scout-17b-16e-instruct)[0m
[37m[21:14:46 F78 TEST] INFO:   [E 675ms] visible_team=Kolkata Knight Riders score=131-7 (19.1) target=None rr=None[0m
[37m[21:14:46 F78 TEST] INFO:     BAT: Narine 59(46) [0m
[37m[21:14:46 F78 TEST] INFO:     BAT: Rinku 4(6) [0m
[37m[21:14:46 F78 TEST] INFO:     BOWL: Digvesh 0-22 (3.1)[0m
[37m[21:14:46 F78 TRACK] INFO: bowl:Digvesh Singh Rathi:runs: 21 → 22 (confirmed F78)[0m
[37m[21:14:46 F78 BOARD] INFO: Digvesh Singh Rathi: 0/21 (3.1) -> 0/22 (3.1) [F78][0m
[37m[21:14:46 F78 TEST] INFO:   [BOWLER-LEAD] Digvesh runs 21→22 (+1) but score unchanged at 130[0m
[37m[21:14:46 F78 TEST] INFO:   [DRS FREEZE] Skipping all tracker updates (state=IN_PROGRESS, streak=4)[0m
[37m[21:14:46 F78 TEST] INFO:   Total: 1658ms (V:978 E:675)[0m
[37m[21:14:46 F78 TEST] INFO:   STATE: Kolkata Knight Riders 130-7 (19.1) [DRS IN_PROGRESS][0m
[37m[21:14:46 F78 TEST] INFO: DETAIL|F78|SCOREBOARD|tag=SCOREBOARD|scout=STRIP: KKR 131-7 (19.1) | Narine 59(46) | Rinku 4(6) | Digvesh 0-22 (3.1)|action=A Kolkata Knight Riders player is walking on the field.|ext_score=131-7(19.1)|ext_bat=|ext_bowl=|scorer_changes=[]|yolo=0|BEFORE_score=130-7(19.1)|BEFORE_bat1=Rinku Singh 4(6)|BEFORE_bat2=Sunil Narine 59(46)|BEFORE_bowl=Digvesh Singh Rathi 0-21 (3.1)|BEFORE_this_over=['?']|AFTER_score=130-7(19.1)|AFTER_bat1=Rinku Singh 4(6)|AFTER_bat2=Sunil Narine 59(46)|AFTER_bowl=Digvesh Singh Rathi 0-22 (3.1)|AFTER_this_over=['?']|AFTER_this_over_src=?(bcast)|AFTER_striker=—|AFTER_non_striker=Rinku Singh|AFTER_run_rate=6.78|AFTER_target=—|AFTER_innings=1|AFTER_partnership=—|AFTER_fow_count=7|AFTER_field=powerplay frozen=True fielders=['fine_leg', 'short_fine_leg', 'forward_short_leg', 'short_leg', 'cover_point', 'silly_mid_on', 'gully', 'leg_slip', 'deep_point']|ball_event=—|ball_event_runs=—|ball_event_over=—|ball_event_extra=—|ball_event_free_hit=—|broadcast_extra=—|dismissal_mode=—|striker_this_ball=—|delivery_length=—|delivery_line=—|delivery_angle=—|delivery_shot=—|delivery_direction=—|delivery_elevation=—|delivery_bounce=—|delivery_dets=0|delivery_det_rate=—|delivery_dir_zone=—|delivery_dir_conf=0|speed_kph=—|venue=—|batting_team=Kolkata Knight Riders|match_info=—|completed_over=—|completed_over_runs=—|drs_state=IN_PROGRESS|corrections=none|lat_vision=978|lat_extract=675|lat_scorer=0|lat_field=0|lat_comm=0|lat_code=0|lat_total=1658|comm_bowler=—|comm_wire=—|comm_storyteller=—|comm_analyst=—|comm_colour=—|comm_wire_ms=0|comm_story_ms=0|comm_analyst_ms=0|comm_colour_ms=0[0m
[37m[21:14:47 F79 VISION] INFO: [SCOUT] SCOREBOARD 665ms strip=True overlay=False drs=False cam=closeup phase=between_play digits=True 339 chars[0m
[37m[21:14:47 F79 TEST] INFO:   [DRS] IN_PROGRESS — grace 3/3[0m
[37m[21:14:47 F79 TEST] INFO: 
=======================================================[0m
[37m[21:14:47 F79 TEST] INFO: [F79] SCOREBOARD — #48[0m
[37m[21:14:47 F79 TEST] INFO:   [V 668ms] STRIP: KKR 131-7 (19.1) | Narine 59(46) | Rinku 4(6) | Digvesh 0-22 (3.1)[0m
[37m[21:14:48 F79 EXTRACT] INFO: Extracted in 1.0s (llama-4-scout-17b-16e-instruct)[0m
[37m[21:14:48 F79 TEST] INFO:   [E 1049ms] visible_team=Kolkata Knight Riders score=131-7 (19.1) target=None rr=None[0m
[37m[21:14:48 F79 TEST] INFO:     BAT: Narine 59(46) [0m
[37m[21:14:48 F79 TEST] INFO:     BAT: Rinku 4(6) [0m
[37m[21:14:48 F79 TEST] INFO:     BOWL: Digvesh 0-22 (3.1)[0m
[37m[21:14:48 F79 TEST] INFO:   [DRS FREEZE] Skipping all tracker updates (state=IN_PROGRESS, streak=4)[0m
[37m[21:14:48 F79 TEST] INFO:   Total: 1723ms (V:668 E:1049)[0m
[37m[21:14:48 F79 TEST] INFO:   STATE: Kolkata Knight Riders 130-7 (19.1) [DRS IN_PROGRESS][0m
[37m[21:14:48 F79 TEST] INFO: DETAIL|F79|SCOREBOARD|tag=SCOREBOARD|scout=STRIP: KKR 131-7 (19.1) | Narine 59(46) | Rinku 4(6) | Digvesh 0-22 (3.1)|action=The camera shows a close-up of a Kolkata Knight Riders player, likely Rinku Singh, during a break in play.|ext_score=131-7(19.1)|ext_bat=|ext_bowl=|scorer_changes=[]|yolo=0|BEFORE_score=130-7(19.1)|BEFORE_bat1=Rinku Singh 4(6)|BEFORE_bat2=Sunil Narine 59(46)|BEFORE_bowl=Digvesh Singh Rathi 0-22 (3.1)|BEFORE_this_over=['?']|AFTER_score=130-7(19.1)|AFTER_bat1=Rinku Singh 4(6)|AFTER_bat2=Sunil Narine 59(46)|AFTER_bowl=Digvesh Singh Rathi 0-22 (3.1)|AFTER_this_over=['?']|AFTER_this_over_src=?(bcast)|AFTER_striker=—|AFTER_non_striker=Rinku Singh|AFTER_run_rate=6.78|AFTER_target=—|AFTER_innings=1|AFTER_partnership=—|AFTER_fow_count=7|AFTER_field=powerplay frozen=True fielders=['fine_leg', 'short_fine_leg', 'forward_short_leg', 'short_leg', 'cover_point', 'silly_mid_on', 'gully', 'leg_slip', 'deep_point']|ball_event=—|ball_event_runs=—|ball_event_over=—|ball_event_extra=—|ball_event_free_hit=—|broadcast_extra=—|dismissal_mode=—|striker_this_ball=—|delivery_length=—|delivery_line=—|delivery_angle=—|delivery_shot=—|delivery_direction=—|delivery_elevation=—|delivery_bounce=—|delivery_dets=0|delivery_det_rate=—|delivery_dir_zone=—|delivery_dir_conf=0|speed_kph=—|venue=—|batting_team=Kolkata Knight Riders|match_info=—|completed_over=—|completed_over_runs=—|drs_state=IN_PROGRESS|corrections=none|lat_vision=668|lat_extract=1049|lat_scorer=0|lat_field=0|lat_comm=0|lat_code=0|lat_total=1723|comm_bowler=—|comm_wire=—|comm_storyteller=—|comm_analyst=—|comm_colour=—|comm_wire_ms=0|comm_story_ms=0|comm_analyst_ms=0|comm_colour_ms=0[0m
[37m[21:14:48 F80 TEST] INFO: [F80] Pixel skip #4[0m
[37m[21:14:48 F80 TEST] INFO: [F80] Force-processing after 4 pixel skips[0m
[37m[21:14:49 F80 TEST] INFO: [WS] client connected (3 total)[0m
[37m[21:14:49 F80 VISION] INFO: [SCOUT] SCOREBOARD 715ms strip=True overlay=False drs=False cam=closeup phase=between_play digits=True 326 chars[0m
[37m[21:14:49 F80 TEST] INFO:   [DRS] Exited IN_PROGRESS — waiting 3 frames before resolving[0m
[37m[21:14:49 F80 TEST] INFO: 
=======================================================[0m
[37m[21:14:49 F80 TEST] INFO: [F80] SCOREBOARD — #49[0m
[37m[21:14:49 F80 TEST] INFO:   [V 725ms] STRIP: KKR 131-7 (19.1) | Narine 59(46) | Rinku 4(6) | Digvesh 0-22 (3.1)[0m
[37m[21:14:50 F80 EXTRACT] INFO: Extracted in 1.1s (llama-4-scout-17b-16e-instruct)[0m
[37m[21:14:50 F80 TEST] INFO:   [E 1132ms] visible_team=Kolkata Knight Riders score=131-7 (19.1) target=None rr=None[0m
[37m[21:14:50 F80 TEST] INFO:     BAT: Narine 59(46) [0m
[37m[21:14:50 F80 TEST] INFO:     BAT: Rinku 4(6) [0m
[37m[21:14:50 F80 TEST] INFO:     BOWL: Digvesh 0-22 (3.1)[0m
[37m[21:14:50 F80 TEST] INFO:   [STRIKER-WRITE] test_pipeline.py:6805 (run_test): non_striker Rinku Singh->Sunil Narine[0m
[37m[21:14:50 F80 TEST] INFO:   [STRIKER-WRITE] test_pipeline.py:6805 (run_test): non_striker Sunil Narine->Rinku Singh[0m
[37m[21:14:50 F80 TEST] INFO:   [DIRECT] Batter updates: ['Narine: ext=59(46) → tracker=59(46) [was 59(46)]', 'Rinku: ext=4(6) → tracker=4(6) [was 4(6)]'][0m
[37m[21:14:50 F80 TEST] INFO:   [DIRECT] overs→19.1[0m
[37m[21:14:50 F80 TEST] INFO:   [DIRECT] wickets→7[0m
[37m[21:14:51 F80 SCORER] INFO: Scored in 0.9s (llama-4-scout-17b-16e-instruct)[0m
[37m[21:14:51 F80 TEST] INFO:   [S] Hint: Current batters: Narine and Rinku. Bowler: Digvesh.[0m
[37m[21:14:51 F80 TRACK] INFO: score: 130 → 131 (confirmed F80)[0m
[37m[21:14:51 F80 BOARD] INFO: score: 130 -> 131 [F80][0m
[37m[21:14:51 F80 BOARD] INFO: [BOWLER-AUTO] score delta deferred — Scout active (last bowler read 0 frame(s) ago); letting broadcast supply authoritative value[0m
[37m[21:14:51 F80 TEST] INFO:   [FLOW] Extractor batters not in scorer: {'RINKU', 'NARINE'}[0m
[37m[21:14:51 F80 TEST] INFO:   [S 915ms] Changes: ['score→131', 'overs→19.1', 'wickets→7', 'bat:Sunil Narine=59(46)', 'bat:Rinku Singh=4(6)', 'bowl:Digvesh Singh Rathi'][0m
[37m[21:14:51 F80 TEST] INFO:   Total: 2772ms (V:725 E:1132 S:915)[0m
[37m[21:14:51 F80 TEST] INFO:   [THIS OVER] ['?'] = 0 runs[0m
[37m[21:14:51 F80 COMMENTARY] INFO: [EXTRA] method=deferred reason=no_corroboration score+1 at overs=19.1 — will confirm next frame (no broadcast WD/NB, no bowler-runs delta, no striker-balls signal)[0m
[37m[21:14:51 F80 BOARD] INFO: run_rate: 6.78 -> 6.83 [F80][0m
[37m[21:14:51 F80 TEST] INFO:   STATE: Kolkata Knight Riders 131-7 (19.1) inn=1 RR=6.83 | Bat: Rinku Singh(4) Sunil Narine(59) | Bowl: Digvesh Singh Rathi 0-22[0m
[37m[21:14:51 F80 SCORE_MGR] INFO: [SM] Deferring score +1 (overs stuck at 19.1, total deferred=1)[0m
[37m[21:14:51 F80 TEST] INFO:   [ACTION] The camera shows a close-up of a Kolkata Knight Riders player, likely during a b[0m
[37m[21:14:51 F80 TEST] INFO:   [FIELD-MONITOR] Field unchanged for 78 frames (template=pace_powerplay, frozen=True, phase=powerplay). If a wicket / over / bowler change has happened in this window, the field-state updater is the bug.[0m
[37m[21:14:51 F80 TEST] INFO: DETAIL|F80|SCOREBOARD|tag=SCOREBOARD|scout=STRIP: KKR 131-7 (19.1) | Narine 59(46) | Rinku 4(6) | Digvesh 0-22 (3.1)|action=The camera shows a close-up of a Kolkata Knight Riders player, likely during a break in play.|ext_score=131-7(19.1)|ext_bat=Narine 59(46) | Rinku 4(6)|ext_bowl=Digvesh 0-22 (3.1)|scorer_changes=['score→131', 'overs→19.1', 'wickets→7', 'bat:Sunil Narine=59(46)', 'bat:Rinku Singh=4(6)', 'bowl:Digvesh Singh Rathi']|yolo=0|BEFORE_score=130-7(19.1)|BEFORE_bat1=Rinku Singh 4(6)|BEFORE_bat2=Sunil Narine 59(46)|BEFORE_bowl=Digvesh Singh Rathi 0-22 (3.1)|BEFORE_this_over=['?']|AFTER_score=131-7(19.1)|AFTER_bat1=Rinku Singh 4(6)|AFTER_bat2=Sunil Narine 59(46)|AFTER_bowl=Digvesh Singh Rathi 0-22 (3.1)|AFTER_this_over=['?']|AFTER_this_over_src=?(bcast)|AFTER_striker=Sunil Narine|AFTER_non_striker=Rinku Singh|AFTER_run_rate=6.83|AFTER_target=—|AFTER_innings=1|AFTER_partnership=60(52)|AFTER_fow_count=7|AFTER_field=pace_powerplay frozen=True fielders=['fine_leg', 'short_fine_leg', 'forward_short_leg', 'short_leg', 'cover_point', 'silly_mid_on', 'gully', 'leg_slip', 'deep_point']|ball_event=—|ball_event_runs=—|ball_event_over=—|ball_event_extra=—|ball_event_free_hit=—|broadcast_extra=—|dismissal_mode=—|striker_this_ball=—|delivery_length=—|delivery_line=—|delivery_angle=—|delivery_shot=—|delivery_direction=—|delivery_elevation=—|delivery_bounce=—|delivery_dets=0|delivery_method=—|delivery_snap_dets=—|delivery_3layer_dets=—|delivery_det_rate=—|delivery_dir_zone=—|delivery_dir_conf=0|delivery_shot_action=—|delivery_shot_intent=—|delivery_swing=—|delivery_speed_vlm=—|delivery_vlm_conf=—|delivery_vlm_ms=—|speed_kph=—|venue=—|batting_team=Kolkata Knight Riders|match_info=—|completed_over=—|completed_over_runs=—|drs_state=NONE|corrections=none|lat_vision=725|lat_extract=1132|lat_scorer=915|lat_field=48|lat_comm=0|lat_code=0|lat_total=2805|comm_bowler=Digvesh Singh Rathi|comm_wire=—|comm_storyteller=—|comm_analyst=—|comm_colour=—|comm_wire_ms=0|comm_story_ms=0|comm_analyst_ms=0|comm_colour_ms=0[0m
[37m[21:14:51 F80 TEST] INFO: [WS] client disconnected (2 remain)[0m
[37m[21:14:53 F81 TEST] INFO:   [DISMISSAL-HINT-CLEAR] 'bowled' aged out (31 frames since seen)[0m
[37m[21:14:54 F81 VISION] INFO: [SCOUT] SCOREBOARD 659ms strip=True overlay=False drs=False cam=bowlers_end phase=between_play digits=True 257 chars[0m
[37m[21:14:54 F81 TEST] INFO: 
=======================================================[0m
[37m[21:14:54 F81 TEST] INFO: [F81] SCOREBOARD — #50[0m
[37m[21:14:54 F81 TEST] INFO:   [V 662ms] STRIP: KKR 131-7 (19.1) | Narine 59(46) | Rinku 4(6)[0m
[37m[21:14:55 F81 EXTRACT] INFO: Extracted in 1.0s (llama-4-scout-17b-16e-instruct)[0m
[37m[21:14:55 F81 TEST] INFO:   [E 995ms] visible_team=Kolkata Knight Riders score=131-7 (19.1) target=None rr=None[0m
[37m[21:14:55 F81 TEST] INFO:     BAT: Narine 59(46) [0m
[37m[21:14:55 F81 TEST] INFO:     BAT: Rinku 4(6) [0m
[37m[21:14:55 F81 TEST] INFO:   [STRIKER-WRITE] test_pipeline.py:6805 (run_test): non_striker Rinku Singh->Sunil Narine[0m
[37m[21:14:55 F81 TEST] INFO:   [STRIKER-WRITE] test_pipeline.py:6805 (run_test): non_striker Sunil Narine->Rinku Singh[0m
[37m[21:14:55 F81 TEST] INFO:   [DIRECT] Batter updates: ['Narine: ext=59(46) → tracker=59(46) [was 59(46)]', 'Rinku: ext=4(6) → tracker=4(6) [was 4(6)]'][0m
[37m[21:14:55 F81 TEST] INFO:   [DIRECT] score→131[0m
[37m[21:14:55 F81 TEST] INFO:   [DIRECT] overs→19.1[0m
[37m[21:14:55 F81 TEST] INFO:   [DIRECT] wickets→7[0m
[37m[21:14:55 F81 TEST] INFO: [WS] client connected (3 total)[0m
[37m[21:14:56 F81 SCORER] INFO: Scored in 0.8s (llama-4-scout-17b-16e-instruct)[0m
[37m[21:14:56 F81 TEST] INFO:   [S] Hint: Current batters: Narine and Rinku. Bowler: Digvesh Singh Rathi. Read their stats from the scoreboard.[0m
[37m[21:14:56 F81 TEST] INFO:   [FLOW] Extractor batters not in scorer: {'RINKU', 'SUNIL NARINE', 'NARINE'}[0m
[37m[21:14:56 F81 TEST] INFO:   [S 839ms] Changes: ['score→131', 'overs→19.1', 'wickets→7', 'bat:Rinku Singh=4(6)', 'bowl:Digvesh Singh Rathi'][0m
[37m[21:14:56 F81 TEST] INFO:   Total: 2496ms (V:662 E:995 S:839)[0m
[37m[21:14:56 F81 TEST] INFO:   [THIS OVER] ['?'] = 0 runs[0m
[37m[21:14:56 F81 COMMENTARY] INFO: [EXTRA-IMMEDIATE] wide: score +1, overs unchanged (19.1) — score +1 sustained 2 frames (jitter ruled out)[0m
[37m[21:14:56 F81 COMMENTARY] INFO: [EXTRA] method=deferred_confirmed extra_type=wide runs=1 fired[0m
[37m[21:14:56 F81 COMMENTARY] INFO: [BALL ✓] EXTRA | 19.1 +1 runs (Δballs=0)[0m
[37m[21:14:56 F81 OVER] INFO: Extra detected — added 'Wd' (wide)[0m
[37m[21:14:56 F81 TEST] INFO:   [THIS-OVER] Ball EXTRA appended to over 19[0m
[37m[21:14:56 F81 BOARD] INFO: [EXTRA] wide +1 at 19.1o  this_over_extras=1  innings_total=1  this_over_now=[][0m
[37m[21:14:56 F81 TEST] INFO:   [DELIVERY ENQUEUED] dnum=1 evt=EXTRA runs=1 (submit_ms=2, method=gemini_async) — awaiting async classification[0m
[37m[21:14:56 F81 TEST] INFO:   STATE: Kolkata Knight Riders 131-7 (19.1) inn=1 RR=6.83 | Bat: Rinku Singh(4) Sunil Narine(59) | Bowl: Digvesh Singh Rathi 0-22[0m
[37m[21:14:56 F81 SCORE_MGR] INFO: [SM] Deferring score +1 (overs stuck at 19.1, total deferred=2)[0m
[37m[21:14:56 F81 TEST] INFO:   [SHADOW] SM=None BED=EXTRA MISSED[0m
[37m[21:14:56 F81 TEST] INFO: [WS] client disconnected (2 remain)[0m
[37m[21:14:57 F81 TEST] INFO:   [COMM 1116ms] storyteller(871ms), colour(661ms), wire(1113ms), analyst(498ms)[0m
[37m[21:14:57 F81 TEST] INFO:   [BALL EVENT ✓] EXTRA | 19.1 | +1 runs (Δballs=0) | The players are in a break between play.[0m
[37m[21:14:57 F81 FIELD] INFO: [F81] IC-cover_point brought in — attacking[0m
[37m[21:14:57 F81 FIELD] INFO: [F81] OC-deep_backward_point moved to OC-deep_point[0m
[37m[21:14:57 F81 FIELD] INFO: [F81] IC-wide_mid_on brought in — attacking[0m
[37m[21:14:57 F81 FIELD] INFO: [F81] OC-deep_backward_point moved to OC-deep_point[0m
[37m[21:14:57 F81 FIELD] INFO: [F81] CC-unknown moved to IC-extra_cover[0m
[37m[21:14:57 F81 FIELD] INFO: [F81] short leg removed[0m
[37m[21:14:57 F81 FIELD] INFO: [F81] OC-deep_cover_point moved to OC-deep_point[0m
[37m[21:14:57 F81 TEST] INFO: DETAIL|F81|SCOREBOARD|tag=SCOREBOARD|scout=STRIP: KKR 131-7 (19.1) | Narine 59(46) | Rinku 4(6)|action=The players are in a break between play.|ext_score=131-7(19.1)|ext_bat=Narine 59(46) | Rinku 4(6)|ext_bowl=|scorer_changes=['score→131', 'overs→19.1', 'wickets→7', 'bat:Rinku Singh=4(6)', 'bowl:Digvesh Singh Rathi']|yolo=9|BEFORE_score=131-7(19.1)|BEFORE_bat1=Rinku Singh 4(6)|BEFORE_bat2=Sunil Narine 59(46)|BEFORE_bowl=Digvesh Singh Rathi 0-22 (3.1)|BEFORE_this_over=['?']|AFTER_score=131-7(19.1)|AFTER_bat1=Rinku Singh 4(6)|AFTER_bat2=Sunil Narine 59(46)|AFTER_bowl=Digvesh Singh Rathi 0-22 (3.1)|AFTER_this_over=['?', 'Wd']|AFTER_this_over_src=?(bcast),Wd(obs)|AFTER_striker=Sunil Narine|AFTER_non_striker=Rinku Singh|AFTER_run_rate=6.83|AFTER_target=—|AFTER_innings=1|AFTER_partnership=60(52)|AFTER_fow_count=7|AFTER_field=pace_powerplay frozen=True fielders=['fine_leg', 'short_fine_leg', 'forward_short_leg', 'short_leg', 'cover_point', 'silly_mid_on', 'gully', 'leg_slip', 'deep_point']|ball_event=EXTRA|ball_event_runs=1|ball_event_over=19.1|ball_event_extra=wide|ball_event_free_hit=—|broadcast_extra=—|dismissal_mode=—|striker_this_ball=—|delivery_length=—|delivery_line=—|delivery_angle=—|delivery_shot=—|delivery_direction=—|delivery_elevation=—|delivery_bounce=—|delivery_dets=0|delivery_method=gemini_async|delivery_snap_dets=—|delivery_3layer_dets=—|delivery_det_rate=0.00|delivery_dir_zone=—|delivery_dir_conf=0|delivery_shot_action=—|delivery_shot_intent=—|delivery_swing=—|delivery_speed_vlm=None|delivery_vlm_conf=—|delivery_vlm_ms=—|speed_kph=—|venue=—|batting_team=Kolkata Knight Riders|match_info=—|completed_over=—|completed_over_runs=—|drs_state=NONE|corrections=none|lat_vision=662|lat_extract=995|lat_scorer=839|lat_field=46|lat_comm=1116|lat_code=0|lat_total=3626|comm_bowler=Digvesh Singh Rathi|comm_wire=19.1: A wide ball from Digvesh Singh Rathi allows Kolkata Knight Riders to take an extra run, no ball consumed. The extra run adds to their total. The|comm_storyteller=The umpire raises his arm, signalling a wide ball, and the Kolkata Knight Riders' dressing room erupts in cheers. A free run is awarded, and Sunil Narine takes advantage, taking a single to rotate the|comm_analyst=A much-needed breakthrough for Lucknow Super Giants, but Kolkata Knight Riders still manage to sneak a run through an extra. The batter was forced to play a wide delivery, resulting in a free hit. A g|comm_colour="The pressure was building, the tension was palpable here at Eden Gardens, as Kolkata Knight Riders fight to stay alive in this IPL playoff chase! Sunil Narine, the talismanic batter, dancing down the|comm_wire_ms=1113|comm_story_ms=871|comm_analyst_ms=498|comm_colour_ms=661[0m
[37m[21:15:00 F82 VISION] INFO: [SCOUT] SCOREBOARD 735ms strip=True overlay=False drs=False cam=bowlers_end phase=between_play digits=True 353 chars[0m
[37m[21:15:00 F82 TEST] INFO:   [DRS] Resolved (after 3 frame delay): pre={'score': 130, 'wickets': 7, 'overs': '19.1'} post={'score': 131, 'wickets': 7, 'overs': '19.1'} → DRS review complete. The call is upheld — 1 extra run added.[0m
[37m[21:15:00 F82 TEST] INFO: 
=======================================================[0m
[37m[21:15:00 F82 TEST] INFO: [F82] SCOREBOARD — #51[0m
[37m[21:15:00 F82 TEST] INFO:   [V 738ms] STRIP: KKR 131-7 (19.1) | Narine 59(46) | Rinku 46(6) | 

INFO_PANEL: 
SPEED: 
EXTRA: 
THIS OVER: 
FULL SCORECARD: 

The batsmen are taking their positions and discussing strategy between deliveries.[0m
[37m[21:15:00 F82 TEST] INFO: [WS] client connected (3 total)[0m
[37m[21:15:01 F82 TEST] INFO: [WS] client connected (4 total)[0m
[37m[21:15:01 F82 EXTRACT] INFO: Extracted in 1.2s (llama-4-scout-17b-16e-instruct)[0m
[37m[21:15:01 F82 TEST] INFO:   [GUARD] Rinku Singh diff 4→46 — comparison strip for batting team[0m
[37m[21:15:01 F82 TEST] INFO:   [E 1218ms] visible_team=Kolkata Knight Riders score=None-7 (None) target=None rr=None[0m
[37m[21:15:02 F82 SCORER] INFO: Scored in 1.1s (llama-4-scout-17b-16e-instruct)[0m
[37m[21:15:02 F82 TEST] INFO:   [S] Hint: Current batters: NARINE and RINKU. Bowler: DIGVESH SINGH RATHI. Read their stats from the scoreboard.[0m
[37m[21:15:02 F82 TEST] INFO:   [S 1140ms] Changes: ['FRAME_POISONED:131'][0m
[37m[21:15:02 F82 TEST] INFO:   Total: 3096ms (V:738 E:1218 S:1140)[0m
[37m[21:15:02 F82 TEST] INFO:   [THIS OVER] ['?', 'Wd'] = 0 runs[0m
[37m[21:15:02 F82 TEST] INFO:   STATE: Kolkata Knight Riders 131-7 (19.1) inn=1 RR=6.83 | Bat: Rinku Singh(4) Sunil Narine(59) | Bowl: Digvesh Singh Rathi 0-22[0m
[37m[21:15:02 F82 SCORE_MGR] INFO: [SM] EXTRA  131/7 (19.1)  striker=Sunil Narine[0m
[37m[21:15:02 F82 TEST] INFO:   [SHADOW] SM=EXTRA BED=None EXTRA_FIRE[0m
[37m[21:15:02 F82 FIELD] INFO: [F82] IC-cover_point pushed back — defensive[0m
[37m[21:15:02 F82 FIELD] INFO: [F82] IC-cover_point pushed back — defensive[0m
[37m[21:15:02 F82 FIELD] INFO: [F82] OC-deep_point moved to OC-deep_cover[0m
[37m[21:15:02 F82 FIELD] INFO: [F82] OC-deep_cover_point moved to OC-deep_cover[0m
[37m[21:15:02 F82 FIELD] INFO: [F82] IC-short_leg_area brought in — attacking[0m
[37m[21:15:02 F82 TEST] INFO: DETAIL|F82|SCOREBOARD|tag=SCOREBOARD|scout=STRIP: KKR 131-7 (19.1) | Narine 59(46) | Rinku 46(6) |   INFO_PANEL:  SPEED:  EXTRA:  THIS OVER:  FULL SCORECARD:   The|action=—|ext_score=None-7(None)|ext_bat=|ext_bowl=|scorer_changes=['FRAME_POISONED:131']|yolo=5|BEFORE_score=131-7(19.1)|BEFORE_bat1=Rinku Singh 4(6)|BEFORE_bat2=Sunil Narine 59(46)|BEFORE_bowl=Digvesh Singh Rathi 0-22 (3.1)|BEFORE_this_over=['?', 'Wd']|AFTER_score=131-7(19.1)|AFTER_bat1=Rinku Singh 4(6)|AFTER_bat2=Sunil Narine 59(46)|AFTER_bowl=Digvesh Singh Rathi 0-22 (3.1)|AFTER_this_over=['?', 'Wd']|AFTER_this_over_src=?(bcast),Wd(obs)|AFTER_striker=Sunil Narine|AFTER_non_striker=Rinku Singh|AFTER_run_rate=6.83|AFTER_target=—|AFTER_innings=1|AFTER_partnership=60(52)|AFTER_fow_count=7|AFTER_field=pace_powerplay frozen=True fielders=['fine_leg', 'short_fine_leg', 'forward_short_leg', 'short_leg', 'cover_point', 'silly_mid_on', 'gully', 'leg_slip', 'deep_point']|ball_event=—|ball_event_runs=—|ball_event_over=—|ball_event_extra=—|ball_event_free_hit=—|broadcast_extra=—|dismissal_mode=—|striker_this_ball=—|delivery_length=—|delivery_line=—|delivery_angle=—|delivery_shot=—|delivery_direction=—|delivery_elevation=—|delivery_bounce=—|delivery_dets=0|delivery_method=—|delivery_snap_dets=—|delivery_3layer_dets=—|delivery_det_rate=—|delivery_dir_zone=—|delivery_dir_conf=0|delivery_shot_action=—|delivery_shot_intent=—|delivery_swing=—|delivery_speed_vlm=—|delivery_vlm_conf=—|delivery_vlm_ms=—|speed_kph=—|venue=—|batting_team=Kolkata Knight Riders|match_info=—|completed_over=—|completed_over_runs=—|drs_state=NONE|corrections=none|lat_vision=738|lat_extract=1218|lat_scorer=1140|lat_field=50|lat_comm=0|lat_code=0|lat_total=3103|comm_bowler=Digvesh Singh Rathi|comm_wire=—|comm_storyteller=—|comm_analyst=—|comm_colour=—|comm_wire_ms=0|comm_story_ms=0|comm_analyst_ms=0|comm_colour_ms=0[0m
[37m[21:15:02 F82 TEST] INFO: [WS] client disconnected (3 remain)[0m
[37m[21:15:02 F82 TEST] INFO: [WS] client disconnected (2 remain)[0m
[37m[21:15:05 F83 VISION] INFO: [SCOUT] SCOREBOARD 964ms strip=True overlay=False drs=False cam=other phase=between_play digits=True 344 chars[0m
[37m[21:15:05 F83 TEST] INFO: [F83] SCOREBOARD cam=other → dead-time skip (#4)[0m
[37m[21:15:06 F83 TEST] INFO: [WS] client connected (3 total)[0m
