[37m[21:15:41 F0 TEST] INFO: ============================================================[0m
[37m[21:15:41 F0 TEST] INFO: SCRAPING SQUADS...[0m
[37m[21:15:41 F0 SQUAD] INFO: Fetching: https://www.cricbuzz.com/cricket-match-squads/149721/rcb-vs-csk-11th-match-indian-premier-league-2026[0m
[37m[21:15:41 F0 SQUAD] INFO:   Royal Challengers Bengaluru: 11 XI + 12 bench[0m
[37m[21:15:41 F0 SQUAD] INFO:     Philip Salt (WK) — wk_batter[0m
[37m[21:15:41 F0 SQUAD] INFO:     Virat Kohli — batter[0m
[37m[21:15:41 F0 SQUAD] INFO:     Devdutt Padikkal — batter[0m
[37m[21:15:41 F0 SQUAD] INFO:     Rajat Patidar (C) — batter[0m
[37m[21:15:41 F0 SQUAD] INFO:     Jitesh Sharma (WK) — wk_batter[0m
[37m[21:15:41 F0 SQUAD] INFO:     Tim David — batter[0m
[37m[21:15:41 F0 SQUAD] INFO:     Romario Shepherd — bowl_allrounder[0m
[37m[21:15:41 F0 SQUAD] INFO:     Krunal Pandya — bat_allrounder[0m
[37m[21:15:41 F0 SQUAD] INFO:     Bhuvneshwar Kumar — bowler[0m
[37m[21:15:41 F0 SQUAD] INFO:     Abhinandan Singh — bowler[0m
[37m[21:15:41 F0 SQUAD] INFO:     Jacob Duffy — bowler[0m
[37m[21:15:41 F0 SQUAD] INFO:     [bench] Suyash Sharma — bowler[0m
[37m[21:15:41 F0 SQUAD] INFO:     [bench] Jacob Bethell — bat_allrounder[0m
[37m[21:15:41 F0 SQUAD] INFO:     [bench] Rasikh Salam Dar — bowler[0m
[37m[21:15:41 F0 SQUAD] INFO:     [bench] Kanishk Chouhan — bowl_allrounder[0m
[37m[21:15:41 F0 SQUAD] INFO:     [bench] Venkatesh Iyer — bat_allrounder[0m
[37m[21:15:41 F0 SQUAD] INFO:     [bench] Josh Hazlewood — bowler[0m
[37m[21:15:41 F0 SQUAD] INFO:     [bench] Mangesh Yadav — bowl_allrounder[0m
[37m[21:15:41 F0 SQUAD] INFO:     [bench] Vihaan Malhotra — bat_allrounder[0m
[37m[21:15:41 F0 SQUAD] INFO:     [bench] Vicky Ostwal — bowler[0m
[37m[21:15:41 F0 SQUAD] INFO:     [bench] Jordan Cox — wk_batter[0m
[37m[21:15:41 F0 SQUAD] INFO:     [bench] Swapnil Singh — bowler[0m
[37m[21:15:41 F0 SQUAD] INFO:     [bench] Satvik Deswal — bowl_allrounder[0m
[37m[21:15:41 F0 SQUAD] INFO:   Chennai Super Kings: 11 XI + 14 bench[0m
[37m[21:15:41 F0 SQUAD] INFO:     Sanju Samson (WK) — wk_batter[0m
[37m[21:15:41 F0 SQUAD] INFO:     Ruturaj Gaikwad (C) — batter[0m
[37m[21:15:41 F0 SQUAD] INFO:     Ayush Mhatre — batter[0m
[37m[21:15:41 F0 SQUAD] INFO:     Sarfaraz Khan — batter[0m
[37m[21:15:41 F0 SQUAD] INFO:     Shivam Dube — bat_allrounder[0m
[37m[21:15:41 F0 SQUAD] INFO:     Prashant Veer — bowl_allrounder[0m
[37m[21:15:41 F0 SQUAD] INFO:     Jamie Overton — bowl_allrounder[0m
[37m[21:15:41 F0 SQUAD] INFO:     Noor Ahmad — bowler[0m
[37m[21:15:41 F0 SQUAD] INFO:     Anshul Kamboj — bowl_allrounder[0m
[37m[21:15:41 F0 SQUAD] INFO:     Matt Henry — bowler[0m
[37m[21:15:41 F0 SQUAD] INFO:     Khaleel Ahmed — bowler[0m
[37m[21:15:41 F0 SQUAD] INFO:     [bench] Matthew Short — batter[0m
[37m[21:15:41 F0 SQUAD] INFO:     [bench] Akeal Hosein — bowler[0m
[37m[21:15:41 F0 SQUAD] INFO:     [bench] Kartik Sharma — wk_batter[0m
[37m[21:15:41 F0 SQUAD] INFO:     [bench] Ramakrishna Ghosh — bat_allrounder[0m
[37m[21:15:41 F0 SQUAD] INFO:     [bench] Gurjapneet Singh — bowler[0m
[37m[21:15:41 F0 SQUAD] INFO:     [bench] Rahul Chahar — bowler[0m
[37m[21:15:41 F0 SQUAD] INFO:     [bench] MS Dhoni — wk_batter[0m
[37m[21:15:41 F0 SQUAD] INFO:     [bench] Shreyas Gopal — bowler[0m
[37m[21:15:41 F0 SQUAD] INFO:     [bench] Spencer Johnson — bowler[0m
[37m[21:15:41 F0 SQUAD] INFO:     [bench] Mukesh Choudhary — bowler[0m
[37m[21:15:41 F0 SQUAD] INFO:     [bench] Urvil Patel — wk_batter[0m
[37m[21:15:41 F0 SQUAD] INFO:     [bench] Aman Khan — bowl_allrounder[0m
[37m[21:15:41 F0 SQUAD] INFO:     [bench] Dewald Brevis — batter[0m
[37m[21:15:41 F0 SQUAD] INFO:     [bench] Zakary Foulkes — bowl_allrounder[0m
[37m[21:15:41 F0 TEST] INFO: Teams: ['Royal Challengers Bengaluru', 'Chennai Super Kings'][0m
[37m[21:15:41 F0 TEST] INFO: Team variants: ['BAN', 'BANGALORE', 'BEN', 'BENGALURU', 'CH', 'CHA', 'CHALLENGERS', 'CHE', 'CHENNAI', 'CHENNAI SUPER KINGS', 'CSK', 'KIN', 'KINGS', 'RCB', 'RO', 'ROY', 'ROYAL', 'ROYAL CHALLENGERS BENGALURU', 'SUP', 'SUPER'][0m
[37m[21:15:41 F0 TEST] INFO: Found Firefox window: id=6310 1739.0x1230.0 "RCB vs CSK Live video streaming | TATA IPL 2026"[0m
[W NNPACK.cpp:64] Could not initialize NNPACK! Reason: Unsupported hardware.
[37m[21:15:43 F0 FIELD] INFO: Pitch detected from green mask at (0.55, 0.44) (fallback — will recalibrate from people)[0m
[37m[21:15:43 F0 TEST] INFO: ============================================================[0m
[37m[21:15:43 F0 TEST] INFO: [CONFIG] Vision:    Groq Scout 17B (strip + action merged)[0m
[37m[21:15:43 F0 TEST] INFO: [CONFIG] Extractor: Groq (Scout 17B → 8B fallback)[0m
[37m[21:15:43 F0 TEST] INFO: [CONFIG] Scorer:    Groq (Scout 17B → 8B fallback)[0m
[37m[21:15:43 F0 TEST] INFO: PIPELINE STARTED — 300s — NO TEAM ASSUMPTION[0m
[37m[21:15:43 F0 TEST] INFO: ============================================================[0m
[37m[21:15:44 F1 VISION] INFO: [SCOREBOARD] 0.9s (550 chars) +action[0m
[37m[21:15:44 F1 TEST] INFO: 
=======================================================[0m
[37m[21:15:44 F1 TEST] INFO: [F1] SCOREBOARD — #1[0m
[37m[21:15:44 F1 TEST] INFO:   [V 946ms] — bottom scoreboard strip is visible with score/overs/batter info

**LIVE SCOREBOARD STRIP:**
RCB 237-3 19 
v CSK 
PATIDAR 40 15 
DAVID 65 23 
KAMBOJ 1-39 3 

**INFO/CAREER PANEL:** Not visible

**SPEED:** Not visible
**EXTRA:** Not visible
**THIS OV[0m
[37m[21:15:45 F1 EXTRACT] INFO: Extracted in 0.7s (llama-4-scout-17b-16e-instruct)[0m
[37m[21:15:45 F1 TEST] INFO:   [GUARD] Info panel visible + score jump 0→237 — stripping[0m
[37m[21:15:45 F1 TEST] INFO: [TEAM] Detected from players: ['PATIDAR', 'DAVID'] → Royal Challengers Bengaluru batting (2 matches)[0m
[37m[21:15:45 F1 BOARD] INFO: Scorecards built: Royal Challengers Bengaluru (23 bat) vs Chennai Super Kings (25 bowl)[0m
[37m[21:15:45 F1 TEST] INFO: === TEAMS SET: Royal Challengers Bengaluru batting (inn 1) vs Chennai Super Kings bowling ===[0m
[37m[21:15:45 F1 TEST] INFO:   [E 709ms] visible_team=Royal Challengers Bengaluru score=None-None (19) target=None rr=None[0m
[37m[21:15:45 F1 TEST] INFO:     BAT: PATIDAR 40(15) [0m
[37m[21:15:45 F1 TEST] INFO:     BAT: DAVID 65(23) [0m
[37m[21:15:45 F1 TEST] INFO:     BOWL: KAMBOJ 1-39 (3)[0m
[37m[21:15:45 F1 BOARD] INFO: Anshul Kamboj: None/None (None) -> 1/39 (3.0) [F1][0m
[37m[21:15:46 F1 SCORER] INFO: Scored in 0.9s (llama-4-scout-17b-16e-instruct)[0m
[37m[21:15:46 F1 TEST] INFO:   [S] Hint: Current batters: PATIDAR and DAVID. Bowler: KAMBOJ[0m
[37m[21:15:46 F1 BOARD] INFO: score: None -> 237 [F1][0m
[37m[21:15:46 F1 BOARD] INFO: overs: None -> 19.0 [F1][0m
[37m[21:15:46 F1 BOARD] INFO: [CV:wickets] First value 3 — awaiting confirmation[0m
[37m[21:15:46 F1 BOARD] INFO: Batter activated: Rajat Patidar[0m
[37m[21:15:46 F1 BOARD] INFO: Rajat Patidar: 0(0) -> 40(15) [F1][0m
[37m[21:15:46 F1 BOARD] INFO: Batter activated: Tim David[0m
[37m[21:15:46 F1 BOARD] INFO: Tim David: 0(0) -> 65(23) [F1][0m
[37m[21:15:46 F1 TEST] INFO:   [S 903ms] Changes: ['score→237', 'overs→19', 'bat:Rajat Patidar=40(15)', 'bat:Tim David=65(23)', 'bowl:Anshul Kamboj'][0m
[37m[21:15:46 F1 TEST] INFO:   Total: 2559ms (V:946 E:709 S:903)[0m
[37m[21:15:46 F1 TEST] INFO:   STATE: Royal Challengers Bengaluru 237-None (19.0) inn=1 | Bat: Rajat Patidar(40) Tim David(65) | Bowl: Anshul Kamboj 1-39[0m
[37m[21:15:46 F1 TEST] INFO:   [ACTION] The batter, wearing a blue helmet and pads, is walking on the field while holdin[0m
[37m[21:15:47 F2 VISION] INFO: [SCOREBOARD] 0.7s (541 chars) +action[0m
[37m[21:15:47 F2 TEST] INFO: 
=======================================================[0m
[37m[21:15:47 F2 TEST] INFO: [F2] SCOREBOARD — #2[0m
[37m[21:15:47 F2 TEST] INFO:   [V 674ms] — bottom scoreboard strip is visible with score/overs/batter info

**LIVE SCOREBOARD STRIP:**

* Top line: RCB 237-3 (19)
* Bottom line: 
  * PATIDAR 40 (15) 
  * DAVID 65 (23)
* Bowler: KAMBOJ 1-39 (3)

**ACTION:**

The batter, likely David, appears[0m
[37m[21:15:48 F2 EXTRACT] INFO: Extracted in 0.5s (llama-4-scout-17b-16e-instruct)[0m
[37m[21:15:48 F2 TEST] INFO:   [E 529ms] visible_team=Royal Challengers Bengaluru score=237-3 (19) target=None rr=None[0m
[37m[21:15:48 F2 TEST] INFO:     BAT: PATIDAR 40(15) [0m
[37m[21:15:48 F2 TEST] INFO:     BAT: DAVID 65(23) [0m
[37m[21:15:48 F2 TEST] INFO:     BOWL: KAMBOJ 1-39 (3)[0m
[37m[21:15:49 F2 SCORER] INFO: Scored in 0.9s (llama-4-scout-17b-16e-instruct)[0m
[37m[21:15:49 F2 TEST] INFO:   [S] Hint: Current batters: PATIDAR and DAVID. Bowler: KAMBOJ[0m
[37m[21:15:49 F2 BOARD] INFO: [CV:wickets] Initial 3 CONFIRMED[0m
[37m[21:15:49 F2 BOARD] INFO: wickets: None -> 3 [F2][0m
[37m[21:15:49 F2 BOARD] INFO: [INFER] Philip Salt (opener pos 1) dismissed — openers always bat, 3 wickets fallen[0m
[37m[21:15:49 F2 BOARD] INFO: [INFER] Virat Kohli (opener pos 2) dismissed — openers always bat, 3 wickets fallen[0m
[37m[21:15:49 F2 BOARD] INFO: [INFER] Devdutt Padikkal (pos 3) dismissed — 1 seen between pos 3 and active pos 6[0m
[37m[21:15:49 F2 TEST] INFO:   [S 866ms] Changes: ['score→237', 'overs→19.0', 'wickets→3', 'bat:Rajat Patidar=40(15)', 'bat:Tim David=65(23)', 'bowl:Anshul Kamboj'][0m
[37m[21:15:49 F2 TEST] INFO:   Total: 2069ms (V:674 E:529 S:866)[0m
[37m[21:15:49 F2 TEST] INFO:   STATE: Royal Challengers Bengaluru 237-3 (19.0) inn=1 | Bat: Rajat Patidar(40) Tim David(65) | Bowl: Anshul Kamboj 1-39[0m
[37m[21:15:49 F2 COMMENTARY] INFO: [BALL] WICKET | 19.0 | bat=None bowl=Anshul Kamboj +0 runs[0m
[37m[21:15:49 F2 TEST] INFO:   [BALL EVENT] WICKET | 19.0 | +0 runs | **

The batter, likely David, appears to be walking out of t[0m
[37m[21:15:49 F2 FIELD] INFO: [F2] IC-backward_point brought in — attacking[0m
[37m[21:15:49 F2 FIELD] INFO: [F2] IC-backward_point pushed back — defensive[0m
[37m[21:15:49 F2 FIELD] INFO: [F2] IC-backward_square pushed back — defensive[0m
[37m[21:15:51 F3 VISION] INFO: [SCOREBOARD] 0.9s (582 chars) +action[0m
[37m[21:15:51 F3 TEST] INFO: 
=======================================================[0m
[37m[21:15:51 F3 TEST] INFO: [F3] SCOREBOARD — #3[0m
[37m[21:15:51 F3 TEST] INFO:   [V 874ms] — bottom scoreboard strip is visible with score/overs/batter info

1. LIVE SCOREBOARD STRIP:
  Top line: RCB, 237-3, 19
  Bottom line: PATIDAR 40(15) > , DAVID 65(23), KAMBOJ 1-39(3)

No INFO/CAREER PANEL visible.

No BOWLING SPEED visible.

No EXTRA[0m
[37m[21:15:52 F3 EXTRACT] INFO: Extracted in 1.2s (llama-4-scout-17b-16e-instruct)[0m
[37m[21:15:52 F3 TEST] INFO:   [E 1211ms] visible_team=Royal Challengers Bengaluru score=237-3 (19) target=None rr=None[0m
[37m[21:15:52 F3 TEST] INFO:     BAT: PATIDAR 40(15) *[0m
[37m[21:15:52 F3 TEST] INFO:     BAT: DAVID 65(23) [0m
[37m[21:15:52 F3 TEST] INFO:     BOWL: KAMBOJ 1-39 (3)[0m
[37m[21:15:53 F3 SCORER] INFO: Scored in 0.9s (llama-4-scout-17b-16e-instruct)[0m
[37m[21:15:53 F3 TEST] INFO:   [S] Hint: Current batters: PATIDAR and DAVID. Bowler: KAMBOJ. Read their stats from the scoreboard. ALREADY DISMISSED (do NOT dismiss again): Philip Salt, Virat Kohli, Devdutt Padikkal[0m
[37m[21:15:53 F3 TEST] INFO:   [S 895ms] Changes: ['score→237', 'overs→19.0', 'wickets→3', 'bat:Rajat Patidar=40(15)', 'bat:Tim David=65(23)', 'bowl:Anshul Kamboj'][0m
[37m[21:15:53 F3 TEST] INFO:   Total: 2980ms (V:874 E:1211 S:895)[0m
[37m[21:15:53 F3 TEST] INFO:   STATE: Royal Challengers Bengaluru 237-3 (19.0) inn=1 | Bat: Rajat Patidar*(40) Tim David(65) | Bowl: Anshul Kamboj 1-39[0m
[37m[21:15:53 F3 TEST] INFO:   [ACTION] The bowler KAMBOJ is about to bowl, with his right arm raised. Batters PATIDAR a[0m
[37m[21:15:53 F3 FIELD] INFO: [F3] IC-gully pushed back — defensive[0m
[37m[21:15:53 F3 FIELD] INFO: [F3] OC-deep_square_leg moved to OC-deep_backward_square[0m
[37m[21:15:53 F3 FIELD] INFO: [F3] OC-deep_square_leg moved to OC-wide_long_on[0m
[37m[21:15:53 F3 FIELD] INFO: [F3] IC-backward_point moved to IC-mid_on[0m
[37m[21:15:55 F4 VISION] INFO: [SCOREBOARD] 1.0s (859 chars) +action[0m
[37m[21:15:55 F4 TEST] INFO: 
=======================================================[0m
[37m[21:15:55 F4 TEST] INFO: [F4] SCOREBOARD — #4[0m
[37m[21:15:55 F4 TEST] INFO:   [V 971ms] — bottom scoreboard strip is visible with score/overs/batter info

**Scoreboard Data:**

* Top line: RCB, 237-3, 19
* Bottom line: 
  * PATIDAR: 40 (15)
  * DAVID: 65 (23)
  * KAMBOJ: 1-39 (3)

**Info/Career Panel:** Not visible

**Bowling Speed:** N[0m
[37m[21:15:56 F4 EXTRACT] INFO: Extracted in 0.8s (llama-4-scout-17b-16e-instruct)[0m
[37m[21:15:56 F4 TEST] INFO:   [E 816ms] visible_team=Royal Challengers Bengaluru score=237-3 (19) target=None rr=None[0m
[37m[21:15:56 F4 TEST] INFO:     BAT: PATIDAR 40(15) [0m
[37m[21:15:56 F4 TEST] INFO:     BAT: DAVID 65(23) [0m
[37m[21:15:56 F4 TEST] INFO:     BOWL: KAMBOJ 1-39 (3)[0m
[37m[21:15:57 F4 SCORER] INFO: Scored in 0.9s (llama-4-scout-17b-16e-instruct)[0m
[37m[21:15:57 F4 TEST] INFO:   [S] Hint: Current batters: PATIDAR and DAVID. Bowler: KAMBOJ. Read their stats from the scoreboard. ALREADY DISMISSED (do NOT dismiss again): Philip Salt, Virat Kohli, Devdutt Padikkal[0m
[37m[21:15:57 F4 TEST] INFO:   [S 903ms] Changes: ['score→237', 'overs→19.0', 'bat:Rajat Patidar=40(15)', 'bat:Tim David=65(23)', 'bowl:Anshul Kamboj'][0m
[37m[21:15:57 F4 TEST] INFO:   Total: 2690ms (V:971 E:816 S:903)[0m
[37m[21:15:57 F4 TEST] INFO:   STATE: Royal Challengers Bengaluru 237-3 (19.0) inn=1 | Bat: Rajat Patidar*(40) Tim David(65) | Bowl: Anshul Kamboj 1-39[0m
[37m[21:15:57 F4 TEST] INFO:   [ACTION] **

The cricket action in the frame appears to be a live broadcast with the curr[0m
[37m[21:15:59 F5 VISION] INFO: [SCOREBOARD] 0.8s (602 chars) +action[0m
[37m[21:15:59 F5 TEST] INFO: 
=======================================================[0m
[37m[21:15:59 F5 TEST] INFO: [F5] SCOREBOARD — #5[0m
[37m[21:15:59 F5 TEST] INFO:   [V 800ms] — bottom scoreboard strip is visible with score/overs/batter info

1. LIVE SCOREBOARD STRIP:
  - Top line: RCB, 237-3, (19)
  - Bottom line: PATIDAR 40(15), DAVID 65(23), 
  - No current bowler info visible on the strip.

2. INFO/CAREER PANEL: Not vi[0m
[37m[21:16:00 F5 EXTRACT] INFO: Extracted in 1.3s (llama-4-scout-17b-16e-instruct)[0m
[37m[21:16:00 F5 BOARD] INFO: DISMISSED: Tim David 65(23) — caught | FOW 4/237 (19.0)[0m
[37m[21:16:00 F5 TEST] INFO:   [E 1300ms] visible_team=Royal Challengers Bengaluru score=237-3 (19) target=None rr=None[0m
[37m[21:16:00 F5 TEST] INFO:     BAT: PATIDAR 40(15) [0m
[37m[21:16:00 F5 TEST] INFO:     BAT: DAVID 65(23) [0m
[37m[21:16:01 F5 SCORER] INFO: Scored in 0.9s (llama-4-scout-17b-16e-instruct)[0m
[37m[21:16:01 F5 TEST] INFO:   [S] Hint: Current batters: PATIDAR and DAVID. Bowler: Anshul Kamboj. Read their stats from the scoreboard. ALREADY DISMISSED (do NOT dismiss again): Philip Salt, Virat Kohli, Devdutt Padikkal, Tim David[0m
[33m[21:16:01 F5 BOARD] WARN: Dismiss: Tim David status is 'out', not batting[0m
[33m[21:16:01 F5 BOARD] WARN: Batter Tim David dismissed but seen again (1/3 for recovery)[0m
[37m[21:16:01 F5 TEST] INFO:   [S 909ms] Changes: ['score→237', 'overs→19.0', 'wickets→3', 'bat:Rajat Patidar=40(15)'][0m
[37m[21:16:01 F5 TEST] INFO:   Total: 3008ms (V:800 E:1300 S:909)[0m
[37m[21:16:01 F5 TEST] INFO:   STATE: Royal Challengers Bengaluru 237-3 (19.0) inn=1 | Bat: Rajat Patidar*(40) | Bowl: Anshul Kamboj 1-39[0m
[37m[21:16:01 F5 TEST] INFO:   [ACTION] The batter DAVID appears to be walking back to the pavilion, having possibly bee[0m
[37m[21:16:03 F6 VISION] INFO: [SCOREBOARD] 0.6s (455 chars) +action[0m
[37m[21:16:03 F6 TEST] INFO: 
=======================================================[0m
[37m[21:16:03 F6 TEST] INFO: [F6] SCOREBOARD — #6[0m
[37m[21:16:03 F6 TEST] INFO:   [V 606ms] LIVE SCOREBOARD STRIP:
Top line: RCB,  (not visible), 
Bottom line: not visible

 INFO/CAREER PANEL: Not visible

SPEED: Not visible
EXTRA: Not visible
THIS OVER: Not visible

ACTION: 
The image does not show a live cricket action, but a crowd cheeri[0m
[37m[21:16:04 F6 EXTRACT] INFO: Extracted in 1.0s (llama-4-scout-17b-16e-instruct)[0m
[37m[21:16:04 F6 TEST] INFO:   [E 1023ms] visible_team=None score=None-None (None) target=None rr=None[0m
[37m[21:16:05 F6 SCORER] INFO: Scored in 0.8s (llama-4-scout-17b-16e-instruct)[0m
[37m[21:16:05 F6 TEST] INFO:   [S] Hint: Current batters: Patidar and Jitesh. Bowler: Anshul Kamboj. Read their stats from the scoreboard. ALREADY DISMISSED (do NOT dismiss again): Philip Salt, Virat Kohli, Devdutt Padikkal, Tim David[0m
[37m[21:16:05 F6 TEST] INFO:   [S 849ms] Changes: ['score→237', 'overs→19.0', 'wickets→3', 'bat:Rajat Patidar=?(?)', 'bowl:Anshul Kamboj'][0m
[37m[21:16:05 F6 TEST] INFO:   Total: 2478ms (V:606 E:1023 S:849)[0m
[37m[21:16:05 F6 TEST] INFO:   STATE: Royal Challengers Bengaluru 237-3 (19.0) inn=1 | Bat: Rajat Patidar*(40) | Bowl: Anshul Kamboj 1-39[0m
[37m[21:16:05 F6 TEST] INFO:   [ACTION] The image does not show a live cricket action, but a crowd cheering in a stadium[0m
[37m[21:16:07 F7 VISION] INFO: [SCOREBOARD] 1.0s (786 chars) +action[0m
[37m[21:16:07 F7 TEST] INFO: 
=======================================================[0m
[37m[21:16:07 F7 TEST] INFO: [F7] SCOREBOARD — #7[0m
[37m[21:16:07 F7 TEST] INFO:   [V 1004ms] — bottom scoreboard strip is visible with score/overs/batter info

**LIVE SCOREBOARD STRIP:**

* Top line: RCB, 243-3, 19.1
* Bottom line: 
  * Patidar 46(16) > 
  * David 65(23) 
  * Bowler: Anshul Kamboj 3.0-0-39-1
  * Rotating info section: 18 1 T[0m
[37m[21:16:08 F7 EXTRACT] INFO: Extracted in 1.2s (llama-4-scout-17b-16e-instruct)[0m
[37m[21:16:08 F7 TEST] INFO:   [E 1193ms] visible_team=Royal Challengers Bengaluru score=243-3 (19.1) target=None rr=None[0m
[37m[21:16:08 F7 TEST] INFO:     BAT: Patidar 46(16) [0m
[37m[21:16:08 F7 TEST] INFO:     BAT: David 65(23) [0m
[37m[21:16:08 F7 TEST] INFO:     BOWL: Anshul Kamboj 1-39 (3.0)[0m
[37m[21:16:09 F7 SCORER] INFO: Scored in 0.8s (llama-4-scout-17b-16e-instruct)[0m
[37m[21:16:09 F7 TEST] INFO:   [S] Hint: Current batters: Patidar and David. Bowler: Anshul Kamboj ALREADY DISMISSED (do NOT dismiss again): Philip Salt, Virat Kohli, Devdutt Padikkal, Tim David[0m
[37m[21:16:09 F7 BOARD] INFO: score: 237 -> 243 [F7][0m
[37m[21:16:09 F7 BOARD] INFO: overs: 19.0 -> 19.1 [F7][0m
[37m[21:16:09 F7 BOARD] INFO: Rajat Patidar: 40(15) -> 46(16) [F7][0m
[33m[21:16:09 F7 BOARD] WARN: Batter Tim David dismissed but seen again (2/3 for recovery)[0m
[37m[21:16:09 F7 TEST] INFO:   [S 805ms] Changes: ['score→243', 'overs→19.1', 'wickets→3', 'bat:Rajat Patidar=46(16)', 'bowl:Anshul Kamboj'][0m
[37m[21:16:09 F7 TEST] INFO:   Total: 3002ms (V:1004 E:1193 S:805)[0m
[37m[21:16:09 F7 TEST] INFO:   STATE: Royal Challengers Bengaluru 243-3 (19.1) inn=1 | Bat: Rajat Patidar*(46) | Bowl: Anshul Kamboj 1-39[0m
[37m[21:16:09 F7 COMMENTARY] INFO: [BALL] SIX | 19.1 | bat=Rajat Patidar bowl=Anshul Kamboj +6 runs[0m
[37m[21:16:09 F7 TEST] INFO:   [BALL EVENT] SIX | 19.1 | +6 runs | The cricket action is not clearly visible, but it appears to[0m
[37m[21:16:11 F8 VISION] INFO: [SCOREBOARD] 0.8s (668 chars) +action[0m
[37m[21:16:11 F8 TEST] INFO: 
=======================================================[0m
[37m[21:16:11 F8 TEST] INFO: [F8] SCOREBOARD — #8[0m
[37m[21:16:11 F8 TEST] INFO:   [V 791ms] — bottom scoreboard strip is visible with score/overs/batter info

1. LIVE SCOREBOARD STRIP:
  Top line: RCB, 24/0, (not visible)
  Bottom line: 
  - R. Patidar: 46(16)
  - David: 65(23)
  Bowler: Not visible
  Rotating info section: RUN-RATE 12.68

[0m
[37m[21:16:11 F8 EXTRACT] INFO: Extracted in 0.6s (llama-4-scout-17b-16e-instruct)[0m
[37m[21:16:11 F8 BOARD] INFO: [NAME] Single initial 'R.' → 'Rajat Patidar' (via 'R. PATIDAR')[0m
[37m[21:16:11 F8 TEST] INFO:   [GUARD] Info panel visible + score jump 243→24 — stripping[0m
[37m[21:16:11 F8 TEST] INFO:   [E 614ms] visible_team=Royal Challengers Bengaluru score=None-None (None) target=None rr=None[0m
[37m[21:16:11 F8 TEST] INFO:     BAT: R. Patidar 46(16) [0m
[37m[21:16:11 F8 TEST] INFO:     BAT: David 65(23) [0m
[37m[21:16:12 F8 SCORER] INFO: Scored in 0.8s (llama-4-scout-17b-16e-instruct)[0m
[37m[21:16:12 F8 TEST] INFO:   [S] Hint: Current batters: Patidar and Jitesh Sharma. Bowler: Anshul Kamboj ALREADY DISMISSED (do NOT dismiss again): Philip Salt, Virat Kohli, Devdutt Padikkal, Tim David[0m
[37m[21:16:12 F8 BOARD] INFO: [GUARD] FALSE DISMISSAL RECOVERED: Tim David seen batting in 3 frames after dismissal. Wickets set to 3 (confirmed out: 3)[0m
[37m[21:16:12 F8 TEST] INFO:   [S 835ms] Changes: ['score→243', 'overs→19.1', 'wickets→3', 'bat:Rajat Patidar=46(16)', 'bat:Tim David=65(23)', 'bowl:Anshul Kamboj'][0m
[37m[21:16:12 F8 TEST] INFO:   Total: 2240ms (V:791 E:614 S:835)[0m
[37m[21:16:12 F8 TEST] INFO:   STATE: Royal Challengers Bengaluru 243-3 (19.1) inn=1 | Bat: Rajat Patidar*(46) Tim David(65) | Bowl: Anshul Kamboj 1-39[0m
[37m[21:16:12 F8 TEST] INFO:   [ACTION] The frame shows a graphic with "SUPER SIX" written on it and a player wearing a [0m
[37m[21:16:14 F9 VISION] INFO: [ADVERTISEMENT] 0.3s (13 chars)[0m
[37m[21:16:14 F9 TEST] INFO: [F9] AD 257ms (#1)[0m
[37m[21:16:15 F10 VISION] INFO: [ADVERTISEMENT] 0.3s (13 chars)[0m
[37m[21:16:15 F10 TEST] INFO: [F10] AD 257ms (#2)[0m
[37m[21:16:17 F11 VISION] INFO: [ADVERTISEMENT] 0.4s (13 chars)[0m
[37m[21:16:17 F11 TEST] INFO: [F11] AD 383ms (#3)[0m
[37m[21:16:19 F12 VISION] INFO: [SCOREBOARD] 0.9s (1142 chars) +action[0m
[37m[21:16:19 F12 TEST] INFO: 
=======================================================[0m
[37m[21:16:19 F12 TEST] INFO: [F12] SCOREBOARD — #9[0m
[37m[21:16:19 F12 TEST] INFO:   [V 914ms] — 

The scoreboard strip is not fully visible, but based on the provided information, here are the details:

1. LIVE SCOREBOARD STRIP: 
   - Top line: Not fully visible
   - Bottom line: Not fully visible, but it mentions the current batters as Patid[0m
[37m[21:16:20 F12 EXTRACT] INFO: Extracted in 1.0s (llama-4-scout-17b-16e-instruct)[0m
[37m[21:16:20 F12 TEST] INFO:   [SPLIT] 'Jitesh Sharma' → 'JITESH' + 'SHARMA'[0m
[37m[21:16:20 F12 TEST] INFO:   [E 983ms] visible_team=None score=None-None (None) target=None rr=None[0m
[37m[21:16:20 F12 TEST] INFO:     BAT: Patidar 0(0) [0m
[37m[21:16:20 F12 TEST] INFO:     BAT: JITESH 0(0) [0m
[37m[21:16:20 F12 TEST] INFO:     BAT: SHARMA None(None) [0m
[37m[21:16:21 F12 SCORER] INFO: Scored in 0.9s (llama-4-scout-17b-16e-instruct)[0m
[37m[21:16:21 F12 TEST] INFO:   [S] Hint: Current batters: Patidar and David. Bowler: Anshul Kamboj ALREADY DISMISSED (do NOT dismiss again): Philip Salt, Virat Kohli, Devdutt Padikkal[0m
[37m[21:16:21 F12 TEST] INFO:   [GUARD] Batter 'Tim David' not in extractor output — scorer inferred, rejecting[0m
[37m[21:16:21 F12 TEST] INFO:   [S 882ms] Changes: ['score→243', 'overs→19.1', 'wickets→3', 'bat:Rajat Patidar=46(16)', 'bowl:Anshul Kamboj'][0m
[37m[21:16:21 F12 TEST] INFO:   Total: 2779ms (V:914 E:983 S:882)[0m
[37m[21:16:21 F12 TEST] INFO:   STATE: Royal Challengers Bengaluru 243-3 (19.1) inn=1 | Bat: Rajat Patidar*(46) Tim David(65) | Bowl: Anshul Kamboj 1-39[0m
[37m[21:16:21 F12 TEST] INFO:   [ACTION] The batter in a light blue uniform is in the process of playing a shot. The ball[0m
[37m[21:16:22 F13 VISION] INFO: [ADVERTISEMENT] 0.3s (13 chars)[0m
[37m[21:16:22 F13 TEST] INFO: [F13] AD 312ms (#4)[0m
[37m[21:16:24 F14 VISION] INFO: [SCOREBOARD] 0.8s (667 chars) +action[0m
[37m[21:16:24 F14 TEST] INFO: 
=======================================================[0m
[37m[21:16:24 F14 TEST] INFO: [F14] SCOREBOARD — #10[0m
[37m[21:16:24 F14 TEST] INFO:   [V 823ms] — 

The live scoreboard strip shows:

* Top line: RCB, 237/3, (18.5)
* Bottom line:  *R Patidar 27(20), D Warner 7(4), Bowler: Anshul Kamboj 3-37(4)

INFO_PANEL: Not visible

SPEED: Not visible

EXTRA: Not visible

THIS OVER: Not visible

FULL SCOREC[0m
[37m[21:16:25 F14 EXTRACT] INFO: Extracted in 1.2s (llama-4-scout-17b-16e-instruct)[0m
[37m[21:16:25 F14 BOARD] INFO: [NAME] Single initial 'R' → 'Rajat Patidar' (via 'R PATIDAR')[0m
[37m[21:16:25 F14 BOARD] INFO: [NAME] Single initial 'D' → 'Devdutt Padikkal' (via 'D PADIKKAL')[0m
[37m[21:16:25 F14 BOARD] INFO: [NAME] Exact miss for 'WARNER', trying fuzzy (442 keys)...[0m
[33m[21:16:25 F14 BOARD] WARN: No match for 'WARNER'. Closest: [('WEER', '0.60'), ('OWER', '0.60'), ('MHATRE', '0.50')][0m
[37m[21:16:25 F14 TEST] INFO:   [E 1210ms] visible_team=Royal Challengers Bengaluru score=237-3 (18.5) target=None rr=None[0m
[37m[21:16:25 F14 TEST] INFO:     BAT: R Patidar 27(20) [0m
[37m[21:16:25 F14 TEST] INFO:     BAT: D Warner 7(4) [0m
[37m[21:16:25 F14 TEST] INFO:     BOWL: Anshul Kamboj 3-37 (4)[0m
[37m[21:16:25 F14 BOARD] INFO: [CV:Anshul Kamboj:bowl_overs] Jump 18→24 (+6.0) HOLDING[0m
[37m[21:16:25 F14 BOARD] INFO: Anshul Kamboj: 1/39 (3.0) -> 3/39 (3.0) [F14][0m
[37m[21:16:26 F14 SCORER] INFO: Scored in 0.8s (llama-4-scout-17b-16e-instruct)[0m
[37m[21:16:26 F14 TEST] INFO:   [S] Hint: Current batters: Patidar and David. Bowler: Anshul Kamboj ALREADY DISMISSED (do NOT dismiss again): Philip Salt, Virat Kohli, Devdutt Padikkal[0m
[37m[21:16:26 F14 BOARD] INFO: [NAME] Exact miss for 'D WARNER', trying fuzzy (442 keys)...[0m
[33m[21:16:26 F14 BOARD] WARN: No match for 'D WARNER'. Closest: [('P WEER', '0.57'), ('RDAR', '0.50'), ('A MHATRE', '0.50')][0m
[37m[21:16:26 F14 TEST] INFO:   [GUARD] Batter 'Tim David' not in extractor output — scorer inferred, rejecting[0m
[37m[21:16:26 F14 TEST] INFO:   [S 814ms] Changes: ['score→243', 'overs→19.1', 'wickets→3', 'bat:Rajat Patidar=46(16)', 'bowl:Anshul Kamboj'][0m
[37m[21:16:26 F14 TEST] INFO:   Total: 2848ms (V:823 E:1210 S:814)[0m
[37m[21:16:26 F14 TEST] INFO:   STATE: Royal Challengers Bengaluru 243-3 (19.1) inn=1 | Bat: Rajat Patidar*(46) Tim David(65) | Bowl: Anshul Kamboj 3-39[0m
[37m[21:16:26 F14 TEST] INFO:   [ACTION] The cricket action shows a batter (likely R Patidar) having hit a six, as indica[0m
[37m[21:16:28 F15 VISION] INFO: [CLOSEUP] 0.6s (445 chars) +action[0m
[37m[21:16:28 F15 TEST] INFO: [F15] CLOSEUP 586ms — The image shows a close-up of a player wearing a light blue jersey with red text and logos, includin (#1)[0m
[37m[21:16:29 F16 VISION] INFO: [ADVERTISEMENT] 0.3s (13 chars)[0m
[37m[21:16:29 F16 TEST] INFO: [F16] AD 300ms (#5)[0m
[37m[21:16:31 F17 VISION] INFO: [SCOREBOARD] 0.7s (538 chars) +action[0m
[37m[21:16:31 F17 TEST] INFO: 
=======================================================[0m
[37m[21:16:31 F17 TEST] INFO: [F17] SCOREBOARD — #11[0m
[37m[21:16:31 F17 TEST] INFO:   [V 730ms] The scoreboard strip at the bottom of the screen displays:

Top line: RCB  (no score visible), 
Bottom line: Not visible.

There is no INFO_PANEL visible.

There is no bowling speed visible.

There are no extras reported.

There is no ball-by-ball re[0m
[37m[21:16:32 F17 EXTRACT] INFO: Extracted in 0.9s (llama-4-scout-17b-16e-instruct)[0m
[37m[21:16:32 F17 TEST] INFO:   [E 899ms] visible_team=None score=None-None (None) target=None rr=None[0m
[37m[21:16:33 F17 SCORER] INFO: Scored in 0.9s (llama-4-scout-17b-16e-instruct)[0m
[37m[21:16:33 F17 TEST] INFO:   [S] Hint: Current batters: Patidar and David. Bowler: Anshul Kamboj ALREADY DISMISSED (do NOT dismiss again): Philip Salt, Virat Kohli, Devdutt Padikkal[0m
[37m[21:16:33 F17 TEST] INFO:   [S 906ms] Changes: ['score→243', 'overs→19.1', 'wickets→3', 'bat:Rajat Patidar=46(16)', 'bat:Tim David=65(23)', 'bowl:Anshul Kamboj'][0m
[37m[21:16:33 F17 TEST] INFO:   Total: 2534ms (V:730 E:899 S:906)[0m
[37m[21:16:33 F17 TEST] INFO:   STATE: Royal Challengers Bengaluru 243-3 (19.1) inn=1 | Bat: Rajat Patidar*(46) Tim David(65) | Bowl: Anshul Kamboj 3-39[0m
[37m[21:16:33 F17 TEST] INFO:   [ACTION] No cricket action is visible in this frame as it appears to be a close-up of spe[0m
[37m[21:16:35 F18 VISION] INFO: [CLOSEUP] 0.4s (290 chars)[0m
[37m[21:16:35 F18 TEST] INFO: [F18] CLOSEUP 450ms — The frame shows a close-up of a player in a black jersey with white text, likely celebrating, surrou (#2)[0m
[37m[21:16:37 F19 VISION] INFO: [SCOREBOARD] 0.7s (627 chars) +action[0m
[37m[21:16:37 F19 TEST] INFO: 
=======================================================[0m
[37m[21:16:37 F19 TEST] INFO: [F19] SCOREBOARD — #12[0m
[37m[21:16:37 F19 TEST] INFO:   [V 717ms] — bottom scoreboard strip is visible with score/overs/batter info

**LIVE SCOREBOARD STRIP:**

* Top line: RCB 243-3 (19.1)
* Bottom line: PATIDAR 46(16) | DAVID 65(23) 
* No bowler information visible

**THIS OVER:** 
4 . 2  NB 6 1 6 2 4 6 6 6 

**E[0m
[37m[21:16:38 F19 EXTRACT] INFO: Extracted in 1.3s (llama-4-scout-17b-16e-instruct)[0m
[37m[21:16:38 F19 TEST] INFO:   [E 1256ms] visible_team=Royal Challengers Bengaluru score=243-3 (19.1) target=None rr=None[0m
[37m[21:16:38 F19 TEST] INFO:     BAT: PATIDAR 46(16) [0m
[37m[21:16:38 F19 TEST] INFO:     BAT: DAVID 65(23) *[0m
[37m[21:16:39 F19 SCORER] INFO: Scored in 0.8s (llama-4-scout-17b-16e-instruct)[0m
[37m[21:16:39 F19 TEST] INFO:   [S] Hint: Current batters: PATIDAR and DAVID. Bowler: Anshul Kamboj ALREADY DISMISSED (do NOT dismiss again): Philip Salt, Virat Kohli, Devdutt Padikkal[0m
[37m[21:16:39 F19 TEST] INFO:   [S 794ms] Changes: ['score→243', 'overs→19.1', 'wickets→3', 'bat:Rajat Patidar=46(16)', 'bat:Tim David=65(23)'][0m
[37m[21:16:39 F19 TEST] INFO:   Total: 2767ms (V:717 E:1256 S:794)[0m
[37m[21:16:39 F19 TEST] INFO:   [THIS OVER] ['4', '.', '2', 'NB', '6', '1', '6', '2', '4', '6', '6', '6'] = 43 runs[0m
[37m[21:16:39 F19 TEST] INFO:   STATE: Royal Challengers Bengaluru 243-3 (19.1) inn=1 | Bat: Rajat Patidar*(46) Tim David(65) | Bowl: Anshul Kamboj 3-39[0m
[37m[21:16:39 F19 TEST] INFO:   [ACTION] **

The batter David is facing the bowler and is about to play a shot. The batte[0m
[37m[21:16:39 F19 FIELD] INFO: [F19] OC-deep_third_man moved to OC-fine_third_man[0m
[37m[21:16:39 F19 FIELD] INFO: [F19] slip added — expecting edge[0m
[37m[21:16:39 F19 FIELD] INFO: [F19] IC-backward_square brought in — attacking[0m
[FIELD] Pitch detected from people cluster: (0.47, 0.55) spread=0.232
[37m[21:16:40 F20 VISION] INFO: [ADVERTISEMENT] 0.3s (14 chars)[0m
[37m[21:16:40 F20 TEST] INFO: [F20] AD 293ms (#6)[0m
[37m[21:16:44 F23 VISION] INFO: [SCOREBOARD] 0.9s (884 chars) +action[0m
[37m[21:16:44 F23 TEST] INFO: 
=======================================================[0m
[37m[21:16:44 F23 TEST] INFO: [F23] SCOREBOARD — #13[0m
[37m[21:16:44 F23 TEST] INFO:   [V 931ms] — bottom scoreboard strip is visible with score/overs/batter info

1. LIVE SCOREBOARD STRIP:
  - Top line: RCB, 243-3, 19.1
  - Bottom line: PATIDAR 46(16), DAVID 65(23), KAMBOJ 1-45(3.1)

INFO_PANEL: Not visible

SPEED: Not visible

EXTRA: Not visib[0m
[37m[21:16:45 F23 EXTRACT] INFO: Extracted in 0.7s (llama-4-scout-17b-16e-instruct)[0m
[37m[21:16:45 F23 TEST] INFO:   [E 678ms] visible_team=Royal Challengers Bengaluru score=243-3 (19.1) target=None rr=None[0m
[37m[21:16:45 F23 TEST] INFO:     BAT: PATIDAR 46(16) [0m
[37m[21:16:45 F23 TEST] INFO:     BAT: DAVID 65(23) [0m
[37m[21:16:45 F23 TEST] INFO:     BOWL: KAMBOJ 1-45 (3.1)[0m
[37m[21:16:45 F23 BOARD] INFO: Anshul Kamboj: 3/39 (3.0) -> 3/45 (3.1) [F23][0m
[37m[21:16:46 F23 SCORER] INFO: Scored in 1.0s (llama-4-scout-17b-16e-instruct)[0m
[37m[21:16:46 F23 TEST] INFO:   [S] Hint: Current batters: PATIDAR and DAVID. Bowler: KAMBOJ ALREADY DISMISSED (do NOT dismiss again): Philip Salt, Virat Kohli, Devdutt Padikkal[0m
[37m[21:16:46 F23 TEST] INFO:   [S 1038ms] Changes: ['score→243', 'overs→19.1', 'bat:Rajat Patidar=46(16)', 'bat:Tim David=65(23)', 'bowl:Anshul Kamboj'][0m
[37m[21:16:46 F23 TEST] INFO:   Total: 2647ms (V:931 E:678 S:1038)[0m
[37m[21:16:46 F23 TEST] INFO:   [THIS OVER] ['4', '.', '2', 'NB', '6', '1', '6', '2', '4', '6', '6', '6'] = 43 runs[0m
[37m[21:16:46 F23 TEST] INFO:   STATE: Royal Challengers Bengaluru 243-3 (19.1) inn=1 | Bat: Rajat Patidar*(46) Tim David(65) | Bowl: Anshul Kamboj 3-45[0m
[37m[21:16:46 F23 TEST] INFO:   [ACTION] The frame shows a player, likely Anshul Kamboj, wearing a teal jersey, possibly [0m
[37m[21:16:49 F25 VISION] INFO: [SCOREBOARD] 0.9s (729 chars) +action[0m
[37m[21:16:49 F25 TEST] INFO: 
=======================================================[0m
[37m[21:16:49 F25 TEST] INFO: [F25] SCOREBOARD — #14[0m
[37m[21:16:49 F25 TEST] INFO:   [V 865ms] — bottom scoreboard strip is visible with score/overs/batter info

1. LIVE SCOREBOARD STRIP:
  - Top line: RCB 243-3 (19.2)
  - Bottom line: PATIDAR 46(17) > DAVID 65(23), KAMBOJ 1-45 (3.2)

2. INFO/CARETER PANEL: Not visible

No bowling speed or ext[0m
[37m[21:16:50 F25 EXTRACT] INFO: Extracted in 0.7s (llama-4-scout-17b-16e-instruct)[0m
[37m[21:16:50 F25 TEST] INFO:   [E 705ms] visible_team=Royal Challengers Bengaluru score=243-3 (19.2) target=None rr=None[0m
[37m[21:16:50 F25 TEST] INFO:     BAT: PATIDAR 46(17) [0m
[37m[21:16:50 F25 TEST] INFO:     BAT: DAVID 65(23) [0m
[37m[21:16:50 F25 TEST] INFO:     BOWL: KAMBOJ 1-45 (3.2)[0m
[37m[21:16:50 F25 BOARD] INFO: Anshul Kamboj: 3/45 (3.1) -> 3/45 (3.2) [F25][0m
[37m[21:16:51 F25 SCORER] INFO: Scored in 0.9s (llama-4-scout-17b-16e-instruct)[0m
[37m[21:16:51 F25 TEST] INFO:   [S] Hint: Current batters: PATIDAR and DAVID. Bowler: KAMBOJ. Read their stats from the scoreboard. ALREADY DISMISSED (do NOT dismiss again): Philip Salt, Virat Kohli, Devdutt Padikkal[0m
[37m[21:16:51 F25 BOARD] INFO: overs: 19.1 -> 19.2 [F25][0m
[37m[21:16:51 F25 BOARD] INFO: Rajat Patidar: 46(16) -> 46(17) [F25][0m
[37m[21:16:51 F25 TEST] INFO:   [S 886ms] Changes: ['score→243', 'overs→19.2', 'wickets→3', 'bat:Rajat Patidar=46(17)', 'bat:Tim David=65(23)', 'bowl:Anshul Kamboj'][0m
[37m[21:16:51 F25 TEST] INFO:   Total: 2456ms (V:865 E:705 S:886)[0m
[37m[21:16:51 F25 TEST] INFO:   [THIS OVER] ['4', '.', '2', 'NB', '6', '1', '6', '2', '4', '6', '6', '6'] = 43 runs[0m
[37m[21:16:51 F25 TEST] INFO:   STATE: Royal Challengers Bengaluru 243-3 (19.2) inn=1 | Bat: Rajat Patidar*(46) Tim David(65) | Bowl: Anshul Kamboj 3-45[0m
[37m[21:16:51 F25 COMMENTARY] INFO: [BALL] DOT | 19.2 | bat=Rajat Patidar bowl=Anshul Kamboj +0 runs[0m
[37m[21:16:51 F25 TEST] INFO:   [BALL EVENT] DOT | 19.2 | +0 runs | The batter, likely David, appears to be in the process of pl[0m
[37m[21:16:53 F26 VISION] INFO: [SCOREBOARD] 0.6s (581 chars) +action[0m
[37m[21:16:53 F26 TEST] INFO: 
=======================================================[0m
[37m[21:16:53 F26 TEST] INFO: [F26] SCOREBOARD — #15[0m
[37m[21:16:53 F26 TEST] INFO:   [V 627ms] — 

The live scoreboard strip at the bottom of the screen shows:

Top line: RCB,  44-2 (5.5)
Bottom line: Patidar* 21(18), David* 6(7), Kamboj 2-24(2.5)

There is no Info Panel visible.

There is no bowling speed visible.

There are no extras reporte[0m
[37m[21:16:54 F26 EXTRACT] INFO: Extracted in 1.1s (llama-4-scout-17b-16e-instruct)[0m
[37m[21:16:54 F26 TEST] INFO:   [E 1053ms] visible_team=Royal Challengers Bengaluru score=44-2 (5.5) target=None rr=None[0m
[37m[21:16:54 F26 TEST] INFO:     BAT: Patidar 21(18) *[0m
[37m[21:16:54 F26 TEST] INFO:     BAT: David 6(7) [0m
[37m[21:16:54 F26 TEST] INFO:     BOWL: Kamboj 2-24 (2.5)[0m
[37m[21:16:55 F26 SCORER] INFO: Scored in 0.9s (llama-4-scout-17b-16e-instruct)[0m
[37m[21:16:55 F26 TEST] INFO:   [S] Hint: Current batters: Patidar and David. Bowler: Kamboj ALREADY DISMISSED (do NOT dismiss again): Philip Salt, Virat Kohli, Devdutt Padikkal[0m
[37m[21:16:55 F26 TEST] INFO:   [S 858ms] Changes: ['score→243', 'overs→19.2', 'wickets→3', 'bat:Rajat Patidar=46(17)', 'bat:Tim David=65(23)', 'bowl:Anshul Kamboj'][0m
[37m[21:16:55 F26 TEST] INFO:   Total: 2538ms (V:627 E:1053 S:858)[0m
[37m[21:16:55 F26 TEST] INFO:   [THIS OVER] ['4', '.', '2', 'NB', '6', '1', '6', '2', '4', '6', '6', '6'] = 43 runs[0m
[37m[21:16:55 F26 TEST] INFO:   STATE: Royal Challengers Bengaluru 243-3 (19.2) inn=1 | Bat: Rajat Patidar*(46) Tim David(65) | Bowl: Anshul Kamboj 3-45[0m
[37m[21:16:55 F26 TEST] INFO:   [ACTION] The bowler seems to be walking back to their mark. A batter (Patidar) is at the [0m
[37m[21:16:56 F27 VISION] INFO: [ADVERTISEMENT] 0.3s (13 chars)[0m
[37m[21:16:56 F27 TEST] INFO: [F27] AD 287ms (#7)[0m
[37m[21:17:01 F31 VISION] INFO: [ADVERTISEMENT] 0.3s (13 chars)[0m
[37m[21:17:01 F31 TEST] INFO: [F31] AD 265ms (#8)[0m
[37m[21:17:02 F32 VISION] INFO: [ADVERTISEMENT] 0.4s (13 chars)[0m
[37m[21:17:02 F32 TEST] INFO: [F32] AD 428ms (#9)[0m
[37m[21:17:04 F33 VISION] INFO: [ADVERTISEMENT] 0.3s (13 chars)[0m
[37m[21:17:04 F33 TEST] INFO: [F33] AD 322ms (#10)[0m
[37m[21:17:06 F34 VISION] INFO: [SCOREBOARD] 0.8s (840 chars) +action[0m
[37m[21:17:06 F34 TEST] INFO: 
=======================================================[0m
[37m[21:17:06 F34 TEST] INFO: [F34] SCOREBOARD — #16[0m
[37m[21:17:06 F34 TEST] INFO:   [V 767ms] — 

The live scoreboard strip at the bottom of the screen shows:

Top line: RCB, 123-5, (10.5)
Bottom line: R. Patidar 15(10), D. Warner 23(15), S. Prabhudessai DNP, G.  Kamboj 2-23(3)

There is no info panel visible.

There is no bowling speed visib[0m
[37m[21:17:07 F34 EXTRACT] INFO: Extracted in 1.2s (llama-4-scout-17b-16e-instruct)[0m
[37m[21:17:07 F34 BOARD] INFO: [NAME] Single initial 'D.' → 'Devdutt Padikkal' (via 'D. PADIKKAL')[0m
[37m[21:17:07 F34 BOARD] INFO: [NAME] Exact miss for 'WARNER', trying fuzzy (443 keys)...[0m
[33m[21:17:07 F34 BOARD] WARN: No match for 'WARNER'. Closest: [('WEER', '0.60'), ('OWER', '0.60'), ('MHATRE', '0.50')][0m
[37m[21:17:07 F34 TEST] INFO:   [E 1218ms] visible_team=Royal Challengers Bengaluru score=123-5 (10.5) target=None rr=None[0m
[37m[21:17:07 F34 TEST] INFO:     BAT: R. Patidar 15(10) [0m
[37m[21:17:07 F34 TEST] INFO:     BAT: D. Warner 23(15) [0m
[37m[21:17:07 F34 TEST] INFO:     BOWL: G. Kamboj 2-23 (3)[0m
[37m[21:17:07 F34 BOARD] INFO: [NAME] Exact miss for 'G. KAMBOJ', trying fuzzy (443 keys)...[0m
[37m[21:17:07 F34 BOARD] INFO: Fuzzy matched 'G. Kamboj' → 'Anshul Kamboj' (89%)[0m
[37m[21:17:08 F34 SCORER] INFO: Scored in 0.9s (llama-4-scout-17b-16e-instruct)[0m
[37m[21:17:08 F34 TEST] INFO:   [S] Hint: Current batters: Patidar and David. Bowler: Kamboj ALREADY DISMISSED (do NOT dismiss again): Philip Salt, Virat Kohli, Devdutt Padikkal[0m
[37m[21:17:08 F34 BOARD] INFO: [NAME] Exact miss for 'D. WARNER', trying fuzzy (444 keys)...[0m
[33m[21:17:08 F34 BOARD] WARN: No match for 'D. WARNER'. Closest: [('A. MHATRE', '0.56'), ('D. BREVIS', '0.56'), ('R. DAR', '0.53')][0m
[37m[21:17:08 F34 TEST] INFO:   [GUARD] Batter 'Tim David' not in extractor output — scorer inferred, rejecting[0m
[37m[21:17:08 F34 TEST] INFO:   [S 948ms] Changes: ['score→243', 'overs→19.2', 'wickets→3', 'bat:Rajat Patidar=46(17)', 'bowl:Anshul Kamboj'][0m
[37m[21:17:08 F34 TEST] INFO:   Total: 2933ms (V:767 E:1218 S:948)[0m
[37m[21:17:08 F34 TEST] INFO:   [THIS OVER] ['4', '.', '2', 'NB', '6', '1', '6', '2', '4', '6', '6', '6'] = 43 runs[0m
[37m[21:17:08 F34 TEST] INFO:   STATE: Royal Challengers Bengaluru 243-3 (19.2) inn=1 | Bat: Rajat Patidar*(46) Tim David(65) | Bowl: Anshul Kamboj 3-45[0m
[37m[21:17:08 F34 TEST] INFO:   [ACTION] The cricket action happening in the frame shows a crowd cheering, likely in resp[0m
[37m[21:17:08 F34 FIELD] INFO: [F34] slip removed — less catching pressure[0m
[37m[21:17:08 F34 FIELD] INFO: [F34] OC-third_man_square moved to OC-third_man_fine[0m
[37m[21:17:08 F34 FIELD] INFO: [F34] deep fine leg — protecting against top edges[0m
[37m[21:17:10 F35 VISION] INFO: [ADVERTISEMENT] 0.3s (13 chars)[0m
[37m[21:17:10 F35 TEST] INFO: [F35] AD 255ms (#11)[0m
[37m[21:17:11 F36 VISION] INFO: [SCOREBOARD] 0.7s (789 chars) +action[0m
[37m[21:17:11 F36 TEST] INFO: 
=======================================================[0m
[37m[21:17:11 F36 TEST] INFO: [F36] SCOREBOARD — #17[0m
[37m[21:17:11 F36 TEST] INFO:   [V 712ms] — bottom scoreboard strip is visible with score/overs/batter info

**LIVE SCOREBOARD STRIP:**

* Top line: RCB 243-3 (19.2)
* Bottom line: 
  * Patidar 46 (17) * 
  * David 65 (23) 
  * Bowler: Kamboj 1-45 (3.2)

**INFO/CAREER PANEL:** Not visible

*[0m
[37m[21:17:13 F36 EXTRACT] INFO: Extracted in 1.1s (llama-4-scout-17b-16e-instruct)[0m
[37m[21:17:13 F36 TEST] INFO:   [E 1095ms] visible_team=Royal Challengers Bengaluru score=243-3 (19.2) target=None rr=None[0m
[37m[21:17:13 F36 TEST] INFO:     BAT: Patidar 46(17) [0m
[37m[21:17:13 F36 TEST] INFO:     BAT: David 65(23) [0m
[37m[21:17:13 F36 TEST] INFO:     BOWL: Kamboj 1-45 (3.2)[0m
[37m[21:17:13 F36 SCORER] INFO: Scored in 0.9s (llama-4-scout-17b-16e-instruct)[0m
[37m[21:17:13 F36 TEST] INFO:   [S] Hint: Current batters: Patidar and David. Bowler: Kamboj ALREADY DISMISSED (do NOT dismiss again): Philip Salt, Virat Kohli, Devdutt Padikkal[0m
[37m[21:17:13 F36 TEST] INFO:   [S 853ms] Changes: ['score→243', 'overs→19.2', 'bat:Rajat Patidar=46(17)', 'bat:Tim David=65(23)', 'bowl:Anshul Kamboj'][0m
[37m[21:17:13 F36 TEST] INFO:   Total: 2660ms (V:712 E:1095 S:853)[0m
[37m[21:17:13 F36 TEST] INFO:   [THIS OVER] ['4', '.', '2', 'NB', '6', '1', '6', '2', '4', '6', '6', '6'] = 43 runs[0m
[37m[21:17:13 F36 TEST] INFO:   STATE: Royal Challengers Bengaluru 243-3 (19.2) inn=1 | Bat: Rajat Patidar*(46) Tim David(65) | Bowl: Anshul Kamboj 3-45[0m
[37m[21:17:13 F36 TEST] INFO:   [ACTION] The frame shows a close-up of a player wearing a helmet and gloves, likely a bat[0m
[37m[21:17:15 F37 VISION] INFO: [SCOREBOARD] 0.7s (701 chars) +action[0m
[37m[21:17:15 F37 TEST] INFO: 
=======================================================[0m
[37m[21:17:15 F37 TEST] INFO: [F37] SCOREBOARD — #18[0m
[37m[21:17:15 F37 TEST] INFO:   [V 741ms] — bottom scoreboard strip is visible with score/overs/batter info

**Scoreboard Data:**

* Top line: RCB 243-3 (19.2)
* Bottom line: 
  * Patidar 46(17) > 
  * David 65(23)
* Bowler: Kamboj 1-45 (3.2)

**Additional Information:**

No INFO_PANEL visib[0m
[37m[21:17:17 F37 EXTRACT] INFO: Extracted in 1.3s (llama-4-scout-17b-16e-instruct)[0m
[37m[21:17:17 F37 TEST] INFO:   [E 1342ms] visible_team=Royal Challengers Bengaluru score=243-3 (19.2) target=None rr=None[0m
[37m[21:17:17 F37 TEST] INFO:     BAT: Patidar 46(17) *[0m
[37m[21:17:17 F37 TEST] INFO:     BAT: David 65(23) [0m
[37m[21:17:17 F37 TEST] INFO:     BOWL: Kamboj 1-45 (3.2)[0m
[37m[21:17:18 F37 SCORER] INFO: Scored in 1.1s (llama-4-scout-17b-16e-instruct)[0m
[37m[21:17:18 F37 TEST] INFO:   [S] Hint: Current batters: Patidar and David. Bowler: Kamboj ALREADY DISMISSED (do NOT dismiss again): Philip Salt, Virat Kohli, Devdutt Padikkal[0m
[37m[21:17:18 F37 TEST] INFO:   [S 1133ms] Changes: ['score→243', 'overs→19.2', 'bat:Rajat Patidar=46(17)', 'bat:Tim David=65(23)', 'bowl:Anshul Kamboj'][0m
[37m[21:17:18 F37 TEST] INFO:   Total: 3216ms (V:741 E:1342 S:1133)[0m
[37m[21:17:18 F37 TEST] INFO:   [THIS OVER] ['4', '.', '2', 'NB', '6', '1', '6', '2', '4', '6', '6', '6'] = 43 runs[0m
[37m[21:17:18 F37 TEST] INFO:   STATE: Royal Challengers Bengaluru 243-3 (19.2) inn=1 | Bat: Rajat Patidar*(46) Tim David(65) | Bowl: Anshul Kamboj 3-45[0m
[37m[21:17:18 F37 TEST] INFO:   [ACTION] **

The cricket action shows Patidar and David, the current batters, with Patida[0m
[37m[21:17:18 F37 FIELD] INFO: [F37] OC-third_man_fine moved to OC-deep_third_man[0m
[37m[21:17:18 F37 FIELD] INFO: [F37] IC-behind_keeper_off brought in — attacking[0m
[37m[21:17:20 F38 VISION] INFO: [SCOREBOARD] 0.7s (784 chars) +action[0m
[37m[21:17:20 F38 TEST] INFO: 
=======================================================[0m
[37m[21:17:20 F38 TEST] INFO: [F38] SCOREBOARD — #19[0m
[37m[21:17:20 F38 TEST] INFO:   [V 716ms] — 

The live scoreboard strip at the bottom of the screen displays the following information:

- Top line: RCB 243-3 (19.2)
- Bottom line: Patidar 46(17) and David 65(23), 
- Bowler: Kamboj 1-45 (3.2)

There is no info panel visible.

No bowling spee[0m
[37m[21:17:21 F38 EXTRACT] INFO: Extracted in 1.4s (llama-4-scout-17b-16e-instruct)[0m
[37m[21:17:21 F38 TEST] INFO:   [E 1421ms] visible_team=Royal Challengers Bengaluru score=243-3 (19.2) target=None rr=None[0m
[37m[21:17:21 F38 TEST] INFO:     BAT: Patidar 46(17) *[0m
[37m[21:17:21 F38 TEST] INFO:     BAT: David 65(23) [0m
[37m[21:17:21 F38 TEST] INFO:     BOWL: Kamboj 1-45 (3.2)[0m
[37m[21:17:22 F38 SCORER] INFO: Scored in 0.8s (llama-4-scout-17b-16e-instruct)[0m
[37m[21:17:22 F38 TEST] INFO:   [S] Hint: Current batters: Patidar and David. Bowler: Kamboj ALREADY DISMISSED (do NOT dismiss again): Philip Salt, Virat Kohli, Devdutt Padikkal[0m
[37m[21:17:22 F38 TEST] INFO:   [S 784ms] Changes: ['score→243', 'overs→19.2', 'bat:Rajat Patidar=46(17)', 'bat:Tim David=65(23)', 'bowl:Anshul Kamboj'][0m
[37m[21:17:22 F38 TEST] INFO:   Total: 2921ms (V:716 E:1421 S:784)[0m
[37m[21:17:22 F38 TEST] INFO:   [THIS OVER] ['4', '.', '2', 'NB', '6', '1', '6', '2', '4', '6', '6', '6'] = 43 runs[0m
[37m[21:17:22 F38 TEST] INFO:   STATE: Royal Challengers Bengaluru 243-3 (19.2) inn=1 | Bat: Rajat Patidar*(46) Tim David(65) | Bowl: Anshul Kamboj 3-45[0m
[37m[21:17:22 F38 TEST] INFO:   [ACTION] The cricket action shows Patidar and David standing at the wickets, with Patidar[0m
[37m[21:17:22 F38 FIELD] INFO: [F38] IC-midwicket pushed back — defensive[0m
[37m[21:17:22 F38 FIELD] INFO: [F38] IC-cover pushed back — defensive[0m
[37m[21:17:22 F38 FIELD] INFO: [F38] deep fine leg — protecting against top edges[0m
[37m[21:17:22 F38 FIELD] INFO: [F38] IC-backward_point pushed back — defensive[0m
[37m[21:17:22 F38 FIELD] INFO: [F38] OC-third_man_fine moved to OC-deep_point[0m
[37m[21:17:22 F38 FIELD] INFO: [F38] IC-behind_keeper_off moved to IC-mid_on[0m
[37m[21:17:22 F38 FIELD] INFO: [F38] IC-behind_keeper_off pushed back — defensive[0m
[37m[21:17:22 F38 FIELD] INFO: [F38] IC-behind_keeper_off pushed back — defensive[0m
[37m[21:17:23 F39 VISION] INFO: [ADVERTISEMENT] 0.3s (13 chars)[0m
[37m[21:17:23 F39 TEST] INFO: [F39] AD 293ms (#12)[0m
[37m[21:17:25 F40 VISION] INFO: [SCOREBOARD] 0.7s (686 chars) +action[0m
[37m[21:17:25 F40 TEST] INFO: 
=======================================================[0m
[37m[21:17:25 F40 TEST] INFO: [F40] SCOREBOARD — #20[0m
[37m[21:17:25 F40 TEST] INFO:   [V 709ms] — 

The live scoreboard strip at the bottom of the screen shows:

Top line: RCB  (not shown), 91-3 (9.5)
Bottom line: 
Patidar* 44(36), David 18(21), 
Kamboj 1-17(3.5)

There is no info panel visible.

No bowling speed is visible.

No extras are repo[0m
[37m[21:17:26 F40 EXTRACT] INFO: Extracted in 1.1s (llama-4-scout-17b-16e-instruct)[0m
[37m[21:17:26 F40 TEST] INFO:   [E 1062ms] visible_team=Royal Challengers Bengaluru score=91-3 (9.5) target=None rr=None[0m
[37m[21:17:26 F40 TEST] INFO:     BAT: Patidar 44(36) [0m
[37m[21:17:26 F40 TEST] INFO:     BAT: David 18(21) [0m
[37m[21:17:26 F40 TEST] INFO:     BOWL: Kamboj 1-17 (3.5)[0m
[37m[21:17:26 F40 BOARD] INFO: Anshul Kamboj: 3/45 (3.2) -> 3/45 (3.5) [F40][0m
[37m[21:17:27 F40 SCORER] INFO: Scored in 0.8s (llama-4-scout-17b-16e-instruct)[0m
[37m[21:17:27 F40 TEST] INFO:   [S] Hint: Current batters: Patidar and David. Bowler: Kamboj ALREADY DISMISSED (do NOT dismiss again): Philip Salt, Virat Kohli, Devdutt Padikkal[0m
[37m[21:17:27 F40 TEST] INFO:   [S 840ms] Changes: ['score→243', 'overs→19.2', 'wickets→3', 'bat:Rajat Patidar=46(17)', 'bat:Tim David=65(23)', 'bowl:Anshul Kamboj'][0m
[37m[21:17:27 F40 TEST] INFO:   Total: 2610ms (V:709 E:1062 S:840)[0m
[37m[21:17:27 F40 TEST] INFO:   [THIS OVER] ['4', '.', '2', 'NB', '6', '1', '6', '2', '4', '6', '6', '6'] = 43 runs[0m
[37m[21:17:27 F40 TEST] INFO:   STATE: Royal Challengers Bengaluru 243-3 (19.2) inn=1 | Bat: Rajat Patidar*(46) Tim David(65) | Bowl: Anshul Kamboj 3-45[0m
[37m[21:17:27 F40 TEST] INFO:   [ACTION] The frame shows a close-up of a cricket player wearing protective gear, likely a[0m
[37m[21:17:29 F41 VISION] INFO: [SCOREBOARD] 0.6s (570 chars) +action[0m
[37m[21:17:29 F41 TEST] INFO: 
=======================================================[0m
[37m[21:17:29 F41 TEST] INFO: [F41] SCOREBOARD — #21[0m
[37m[21:17:29 F41 TEST] INFO:   [V 617ms] — 

The live scoreboard strip at the bottom of the screen displays:

- Top line: Not fully visible, but shows team abbreviation and some score details
- Bottom line: TIM DAVID 65*23, FOURS 2, SIXES 8

There is no rotating info panel visible.

ACTION:[0m
[37m[21:17:30 F41 EXTRACT] INFO: Extracted in 1.0s (llama-4-scout-17b-16e-instruct)[0m
[37m[21:17:30 F41 TEST] INFO:   [E 1013ms] visible_team=None score=None-None (None) target=None rr=None[0m
[37m[21:17:30 F41 TEST] INFO:     BAT: TIM DAVID 65(23) [0m
[37m[21:17:31 F41 SCORER] INFO: Scored in 0.9s (llama-4-scout-17b-16e-instruct)[0m
[37m[21:17:31 F41 TEST] INFO:   [S] Hint: Current batters: PATIDAR and DAVID. Bowler: KAMBOJ. Read their stats from the scoreboard. ALREADY DISMISSED (do NOT dismiss again): Philip Salt, Virat Kohli, Devdutt Padikkal[0m
[37m[21:17:31 F41 TEST] INFO:   [GUARD] Batter 'Rajat Patidar' not in extractor output — scorer inferred, rejecting[0m
[37m[21:17:31 F41 TEST] INFO:   [S 927ms] Changes: ['score→243', 'overs→19.2', 'wickets→3', 'bat:Tim David=65(23)', 'bowl:Anshul Kamboj'][0m
[37m[21:17:31 F41 TEST] INFO:   Total: 2557ms (V:617 E:1013 S:927)[0m
[37m[21:17:31 F41 TEST] INFO:   [THIS OVER] ['4', '.', '2', 'NB', '6', '1', '6', '2', '4', '6', '6', '6'] = 43 runs[0m
[37m[21:17:31 F41 TEST] INFO:   STATE: Royal Challengers Bengaluru 243-3 (19.2) inn=1 | Bat: Rajat Patidar*(46) Tim David(65) | Bowl: Anshul Kamboj 3-45[0m
[37m[21:17:31 F41 TEST] INFO:   [ACTION] The batter, Tim David, is in the process of playing a shot. He is wearing a blue[0m
[37m[21:17:33 F42 VISION] INFO: [SCOREBOARD] 0.7s (630 chars) +action[0m
[37m[21:17:33 F42 TEST] INFO: 
=======================================================[0m
[37m[21:17:33 F42 TEST] INFO: [F42] SCOREBOARD — #22[0m
[37m[21:17:33 F42 TEST] INFO:   [V 659ms] — bottom scoreboard strip is visible with score/overs/batter info

1. LIVE SCOREBOARD STRIP:
   - Top line: Not fully visible but seems to be RCB, 
   - Bottom line: TIM DAVID 65*(23) FOURS 2, SIXES 8

2. INFO/CAREER PANEL: Not visible

No bowling sp[0m
[37m[21:17:34 F42 EXTRACT] INFO: Extracted in 1.2s (llama-4-scout-17b-16e-instruct)[0m
[37m[21:17:34 F42 TEST] INFO:   [E 1234ms] visible_team=Royal Challengers Bengaluru score=None-None (None) target=None rr=None[0m
[37m[21:17:34 F42 TEST] INFO:     BAT: TIM DAVID 65(23) [0m
[37m[21:17:35 F42 SCORER] INFO: Scored in 0.9s (llama-4-scout-17b-16e-instruct)[0m
[37m[21:17:35 F42 TEST] INFO:   [S] Hint: Current batters: PATIDAR and DAVID. Bowler: KAMBOJ ALREADY DISMISSED (do NOT dismiss again): Philip Salt, Virat Kohli, Devdutt Padikkal[0m
[37m[21:17:35 F42 TEST] INFO:   [GUARD] Batter 'Rajat Patidar' not in extractor output — scorer inferred, rejecting[0m
[37m[21:17:35 F42 TEST] INFO:   [S 883ms] Changes: ['bat:Tim David=65(23)', 'bowl:Anshul Kamboj'][0m
[37m[21:17:35 F42 TEST] INFO:   Total: 2776ms (V:659 E:1234 S:883)[0m
[37m[21:17:35 F42 TEST] INFO:   [THIS OVER] ['4', '.', '2', 'NB', '6', '1', '6', '2', '4', '6', '6', '6'] = 43 runs[0m
[37m[21:17:35 F42 TEST] INFO:   STATE: Royal Challengers Bengaluru 243-3 (19.2) inn=1 | Bat: Rajat Patidar*(46) Tim David(65) | Bowl: Anshul Kamboj 3-45[0m
[37m[21:17:35 F42 TEST] INFO:   [ACTION] The batter, Tim David, is in the middle of celebrating a shot, likely a six give[0m
[37m[21:17:36 F43 VISION] INFO: [SCOREBOARD] 0.5s (445 chars) +action[0m
[37m[21:17:36 F43 TEST] INFO: 
=======================================================[0m
[37m[21:17:36 F43 TEST] INFO: [F43] SCOREBOARD — #23[0m
[37m[21:17:36 F43 TEST] INFO:   [V 538ms] — 

The live scoreboard strip at the bottom of the screen shows:

* Top line: Not fully visible, but RCB (not complete)
* Bottom line: TIM DAVID 65*23, FOURS 2, SIXES 8 

There is no other data visible on the scoreboard strip.

ACTION: 
The batter, T[0m
[37m[21:17:37 F43 EXTRACT] INFO: Extracted in 0.4s (llama-4-scout-17b-16e-instruct)[0m
[37m[21:17:37 F43 TEST] INFO:   [E 377ms] visible_team=None score=None-None (None) target=None rr=None[0m
[37m[21:17:37 F43 TEST] INFO:     BAT: TIM DAVID 65(23) [0m
[37m[21:17:38 F43 SCORER] INFO: Scored in 0.9s (llama-4-scout-17b-16e-instruct)[0m
[37m[21:17:38 F43 TEST] INFO:   [S] Hint: Current batters: PATIDAR and DAVID. Bowler: KAMBOJ ALREADY DISMISSED (do NOT dismiss again): Philip Salt, Virat Kohli, Devdutt Padikkal[0m
[37m[21:17:38 F43 TEST] INFO:   [GUARD] Batter 'Rajat Patidar' not in extractor output — scorer inferred, rejecting[0m
[37m[21:17:38 F43 TEST] INFO:   [S 890ms] Changes: ['score→243', 'overs→19.2', 'wickets→3', 'bat:Tim David=65(23)', 'bowl:Anshul Kamboj'][0m
[37m[21:17:38 F43 TEST] INFO:   Total: 1805ms (V:538 E:377 S:890)[0m
[37m[21:17:38 F43 TEST] INFO:   [THIS OVER] ['4', '.', '2', 'NB', '6', '1', '6', '2', '4', '6', '6', '6'] = 43 runs[0m
[37m[21:17:38 F43 TEST] INFO:   STATE: Royal Challengers Bengaluru 243-3 (19.2) inn=1 | Bat: Rajat Patidar*(46) Tim David(65) | Bowl: Anshul Kamboj 3-45[0m
[37m[21:17:38 F43 TEST] INFO:   [ACTION] The batter, Tim David, appears to be in the process of playing a shot, with his [0m
[37m[21:17:39 F44 VISION] INFO: [SCOREBOARD] 0.6s (561 chars) +action[0m
[37m[21:17:40 F44 TEST] INFO: 
=======================================================[0m
[37m[21:17:40 F44 TEST] INFO: [F44] SCOREBOARD — #24[0m
[37m[21:17:40 F44 TEST] INFO:   [V 608ms] — 

The live scoreboard strip at the bottom of the screen shows:

* Top line: Not visible
* Bottom line: TIM DAVID 65*23 

Additionally, there is a small text next to the batter's score: FOURS 2, SIXES 8

There is no info panel visible.

ACTION: 
The[0m
[37m[21:17:40 F44 EXTRACT] INFO: Extracted in 0.8s (llama-4-scout-17b-16e-instruct)[0m
[37m[21:17:40 F44 TEST] INFO:   [E 791ms] visible_team=None score=None-None (None) target=None rr=None[0m
[37m[21:17:40 F44 TEST] INFO:     BAT: TIM DAVID 65(23) [0m
[37m[21:17:41 F44 SCORER] INFO: Scored in 1.0s (llama-4-scout-17b-16e-instruct)[0m
[37m[21:17:41 F44 TEST] INFO:   [S] Hint: Current batters: PATIDAR and DAVID. Bowler: KAMBOJ. Read their stats from the scoreboard. ALREADY DISMISSED (do NOT dismiss again): Philip Salt, Virat Kohli, Devdutt Padikkal[0m
[37m[21:17:41 F44 TEST] INFO:   [GUARD] Batter 'Rajat Patidar' not in extractor output — scorer inferred, rejecting[0m
[37m[21:17:41 F44 TEST] INFO:   [S 1036ms] Changes: ['score→243', 'overs→19.2', 'wickets→3', 'bat:Tim David=65(23)', 'bowl:Anshul Kamboj'][0m
[37m[21:17:41 F44 TEST] INFO:   Total: 2435ms (V:608 E:791 S:1036)[0m
[37m[21:17:41 F44 TEST] INFO:   [THIS OVER] ['4', '.', '2', 'NB', '6', '1', '6', '2', '4', '6', '6', '6'] = 43 runs[0m
[37m[21:17:41 F44 TEST] INFO:   STATE: Royal Challengers Bengaluru 243-3 (19.2) inn=1 | Bat: Rajat Patidar*(46) Tim David(65) | Bowl: Anshul Kamboj 3-45[0m
[37m[21:17:41 F44 TEST] INFO:   [ACTION] The frame shows a close-up of Tim David, who appears to be preparing to face a d[0m
[37m[21:17:43 F45 VISION] INFO: [CLOSEUP] 0.6s (425 chars) +action[0m
[37m[21:17:43 F45 TEST] INFO: [F45] CLOSEUP 583ms — The player in focus is wearing a brown jersey with blue accents and a light blue helmet with the RCB (#3)[0m
[37m[21:17:45 F46 VISION] INFO: [SCOREBOARD] 0.7s (748 chars) +action[0m
[37m[21:17:45 F46 TEST] INFO: 
=======================================================[0m
[37m[21:17:45 F46 TEST] INFO: [F46] SCOREBOARD — #25[0m
[37m[21:17:45 F46 TEST] INFO:   [V 664ms] — 

The live scoreboard strip at the bottom of the screen shows:

- Top line: RCB 244-3 (19.3)
- Bottom line: The information seems to be cropped, however, 'PATIDAR 65* (23)' can be seen.

There is no rotating info panel visible.

No bowling speed or[0m
[37m[21:17:45 F46 EXTRACT] INFO: Extracted in 0.5s (llama-4-scout-17b-16e-instruct)[0m
[37m[21:17:45 F46 TEST] INFO:   [E 490ms] visible_team=Royal Challengers Bengaluru score=244-3 (19.3) target=None rr=None[0m
[37m[21:17:45 F46 TEST] INFO:     BAT: PATIDAR 65(23) [0m
[37m[21:17:46 F46 SCORER] INFO: Scored in 1.0s (llama-4-scout-17b-16e-instruct)[0m
[37m[21:17:46 F46 TEST] INFO:   [S] Hint: Current batters: PATIDAR and DAVID. Bowler: KAMBOJ. Read their stats from the scoreboard. ALREADY DISMISSED (do NOT dismiss again): Philip Salt, Virat Kohli, Devdutt Padikkal[0m
[37m[21:17:46 F46 BOARD] INFO: score: 243 -> 244 [F46][0m
[37m[21:17:46 F46 BOARD] INFO: overs: 19.2 -> 19.3 [F46][0m
[37m[21:17:46 F46 BOARD] INFO: Rajat Patidar: 46(17) -> 65(23) [F46][0m
[37m[21:17:46 F46 TEST] INFO:   [GUARD] Batter 'Tim David' not in extractor output — scorer inferred, rejecting[0m
[37m[21:17:46 F46 TEST] INFO:   [S 972ms] Changes: ['score→244', 'overs→19.3', 'wickets→3', 'bat:Rajat Patidar=65(23)', 'bowl:Anshul Kamboj'][0m
[37m[21:17:46 F46 TEST] INFO:   Total: 2126ms (V:664 E:490 S:972)[0m
[37m[21:17:46 F46 TEST] INFO:   [THIS OVER] ['4', '.', '2', 'NB', '6', '1', '6', '2', '4', '6', '6', '6'] = 43 runs[0m
[37m[21:17:46 F46 TEST] INFO:   STATE: Royal Challengers Bengaluru 244-3 (19.3) inn=1 | Bat: Rajat Patidar*(65) Tim David(65) | Bowl: Anshul Kamboj 3-45[0m
[37m[21:17:46 F46 COMMENTARY] INFO: [BALL] 1_RUNS | 19.3 | bat=Rajat Patidar bowl=Anshul Kamboj +1 runs[0m
[37m[21:17:46 F46 TEST] INFO:   [BALL EVENT] 1_RUNS | 19.3 | +1 runs | The frame shows a player in a purple and brown jersey with t[0m
[37m[21:17:48 F47 VISION] INFO: [SCOREBOARD] 0.6s (358 chars) +action[0m
[37m[21:17:48 F47 TEST] INFO: 
=======================================================[0m
[37m[21:17:48 F47 TEST] INFO: [F47] SCOREBOARD — #26[0m
[37m[21:17:48 F47 TEST] INFO:   [V 637ms] — 
LIVE SCOREBOARD STRIP:
RCB 244-3 19.3
RAJAT PATIDAR* 29(20) 
DAVID* 65(23) 
CURRENT BOWLER: P. KAMBOJ 1-59(4)

ACTION: 
The batter David appears to be celebrating, likely after hitting a significant shot or reaching a milestone, given the emphasis[0m
[37m[21:17:49 F47 EXTRACT] INFO: Extracted in 0.7s (llama-4-scout-17b-16e-instruct)[0m
[37m[21:17:49 F47 TEST] INFO:   [E 662ms] visible_team=Royal Challengers Bengaluru score=244-3 (19.3) target=None rr=None[0m
[37m[21:17:49 F47 TEST] INFO:     BAT: RAJAT PATIDAR 29(20) [0m
[37m[21:17:49 F47 TEST] INFO:     BAT: DAVID 65(23) [0m
[37m[21:17:49 F47 TEST] INFO:     BOWL: P. KAMBOJ 1-59 (4)[0m
[37m[21:17:49 F47 BOARD] INFO: [NAME] Exact miss for 'P. KAMBOJ', trying fuzzy (444 keys)...[0m
[37m[21:17:49 F47 BOARD] INFO: Fuzzy matched 'P. KAMBOJ' → 'Anshul Kamboj' (89%)[0m
[37m[21:17:49 F47 BOARD] INFO: Anshul Kamboj: 3/45 (3.5) -> 3/59 (4.0) [F47][0m
[37m[21:17:50 F47 SCORER] INFO: Scored in 0.9s (llama-4-scout-17b-16e-instruct)[0m
[37m[21:17:50 F47 TEST] INFO:   [S] Hint: Current batters: PATIDAR and DAVID. Bowler: KAMBOJ. Read their stats from the scoreboard. ALREADY DISMISSED (do NOT dismiss again): Philip Salt, Virat Kohli, Devdutt Padikkal[0m
[37m[21:17:50 F47 TEST] INFO:   [S 877ms] Changes: ['score→244', 'overs→19.3', 'wickets→3', 'bat:RAJAT PATIDAR=65(23)', 'bat:DAVID=65(23)', 'bowl:P. KAMBOJ'][0m
[37m[21:17:50 F47 TEST] INFO:   Total: 2176ms (V:637 E:662 S:877)[0m
[37m[21:17:50 F47 TEST] INFO:   [THIS OVER] ['4', '.', '2', 'NB', '6', '1', '6', '2', '4', '6', '6', '6'] = 43 runs[0m
[37m[21:17:50 F47 TEST] INFO:   STATE: Royal Challengers Bengaluru 244-3 (19.3) inn=1 | Bat: Rajat Patidar*(65) Tim David(65) | Bowl: Anshul Kamboj 3-59[0m
[37m[21:17:50 F47 TEST] INFO:   [ACTION] The batter David appears to be celebrating, likely after hitting a significant s[0m
[37m[21:17:52 F48 VISION] INFO: [SCOREBOARD] 0.7s (742 chars) +action[0m
[37m[21:17:52 F48 TEST] INFO: 
=======================================================[0m
[37m[21:17:52 F48 TEST] INFO: [F48] SCOREBOARD — #27[0m
[37m[21:17:52 F48 TEST] INFO:   [V 724ms] — bottom scoreboard strip is visible with score/overs/batter info

**LIVE SCOREBOARD STRIP:**
- Top line: RCB 244-3 (19.3)
- Bottom line: PATIDAR 217(138) *, DAVID > 400(217) 
- Bowler: KAMBOJ 2-45(3.3)

**INFO/CAREER PANEL:**
No Info Panel visible

[0m
[37m[21:17:52 F48 EXTRACT] INFO: Extracted in 0.8s (llama-4-scout-17b-16e-instruct)[0m
[37m[21:17:52 F48 TEST] INFO:   [GUARD] Info panel + Rajat Patidar runs 65→217 — stripping[0m
[37m[21:17:52 F48 TEST] INFO:   [GUARD] Info panel + Tim David runs 65→400 — stripping[0m
[37m[21:17:52 F48 TEST] INFO:   [E 828ms] visible_team=Royal Challengers Bengaluru score=244-3 (19.3) target=None rr=None[0m
[37m[21:17:52 F48 TEST] INFO:     BAT: PATIDAR None(None) [0m
[37m[21:17:52 F48 TEST] INFO:     BAT: DAVID None(None) [0m
[37m[21:17:52 F48 TEST] INFO:     BOWL: KAMBOJ 2-45 (3.3)[0m
[37m[21:17:53 F48 SCORER] INFO: Scored in 0.8s (llama-4-scout-17b-16e-instruct)[0m
[37m[21:17:53 F48 TEST] INFO:   [S] Hint: Current batters: PATIDAR and DAVID. Bowler: KAMBOJ ALREADY DISMISSED (do NOT dismiss again): Philip Salt, Virat Kohli, Devdutt Padikkal[0m
[37m[21:17:53 F48 TEST] INFO:   [S 845ms] Changes: ['score→244', 'overs→19.3', 'wickets→3', 'bat:Rajat Patidar=65(23)', 'bat:Tim David=65(23)', 'bowl:Anshul Kamboj'][0m
[37m[21:17:53 F48 TEST] INFO:   Total: 2397ms (V:724 E:828 S:845)[0m
[37m[21:17:53 F48 TEST] INFO:   [THIS OVER] ['4', '.', '2', 'NB', '6', '1', '6', '2', '4', '6', '6', '6'] = 43 runs[0m
[37m[21:17:53 F48 TEST] INFO:   STATE: Royal Challengers Bengaluru 244-3 (19.3) inn=1 | Bat: Rajat Patidar*(65) Tim David(65) | Bowl: Anshul Kamboj 3-59[0m
[37m[21:17:53 F48 TEST] INFO:   [ACTION] **
The batter (David) appears to be playing a shot, with the ball in the air and[0m
[37m[21:17:53 F48 FIELD] INFO: [F48] OC-deep_point moved to OC-deep_third_man[0m
[37m[21:17:53 F48 FIELD] INFO: [F48] OC-deep_extra_cover moved to OC-long_on[0m
[37m[21:17:53 F48 FIELD] INFO: [F48] OC-deep_extra_cover moved to OC-behind_keeper[0m
[37m[21:17:55 F49 VISION] INFO: [SCOREBOARD] 0.6s (513 chars) +action[0m
[37m[21:17:55 F49 TEST] INFO: 
=======================================================[0m
[37m[21:17:55 F49 TEST] INFO: [F49] SCOREBOARD — #28[0m
[37m[21:17:55 F49 TEST] INFO:   [V 568ms] — bottom scoreboard strip is visible with score/overs/batter info

**LIVE SCOREBOARD STRIP:**

* Top line: RCB 244-3 (19.3)
* Bottom line: Not fully visible, but shows PATIDAR and DAVID as batters

INFO_PANEL: 
* v SPIN 
* v PACE: 217

**ACTION:**

T[0m
[37m[21:17:56 F49 EXTRACT] INFO: Extracted in 0.9s (llama-4-scout-17b-16e-instruct)[0m
[37m[21:17:56 F49 TEST] INFO:   [E 870ms] visible_team=Royal Challengers Bengaluru score=244-3 (19.3) target=None rr=None[0m
[37m[21:17:56 F49 TEST] INFO:     BAT: PATIDAR None(None) [0m
[37m[21:17:56 F49 TEST] INFO:     BAT: DAVID None(None) [0m
[37m[21:17:57 F49 SCORER] INFO: Scored in 0.9s (llama-4-scout-17b-16e-instruct)[0m
[37m[21:17:57 F49 TEST] INFO:   [S] Hint: Current batters: PATIDAR and DAVID. Bowler: KAMBOJ. Read their stats from the scoreboard. ALREADY DISMISSED (do NOT dismiss again): Philip Salt, Virat Kohli, Devdutt Padikkal[0m
[37m[21:17:57 F49 TEST] INFO:   [S 909ms] Changes: ['score→244', 'overs→19.3', 'wickets→3', 'bat:Rajat Patidar=65(23)', 'bat:Tim David=65(23)', 'bowl:Anshul Kamboj'][0m
[37m[21:17:57 F49 TEST] INFO:   Total: 2348ms (V:568 E:870 S:909)[0m
[37m[21:17:57 F49 TEST] INFO:   [THIS OVER] ['4', '.', '2', 'NB', '6', '1', '6', '2', '4', '6', '6', '6'] = 43 runs[0m
[37m[21:17:57 F49 TEST] INFO:   STATE: Royal Challengers Bengaluru 244-3 (19.3) inn=1 | Bat: Rajat Patidar*(65) Tim David(65) | Bowl: Anshul Kamboj 3-59[0m
[37m[21:17:57 F49 TEST] INFO:   [ACTION] **

The cricket action shows batters Patidar and David on the field, with other [0m
[37m[21:17:57 F49 FIELD] INFO: [F49] OC-long_on moved to OC-wide_long_on[0m
[37m[21:17:57 F49 FIELD] INFO: [F49] OC-deep_third_man moved to OC-deep_point[0m
[37m[21:17:57 F49 FIELD] INFO: [F49] OC-behind_keeper moved to OC-wide_long_off[0m
[37m[21:17:59 F50 VISION] INFO: [SCOREBOARD] 0.7s (748 chars) +action[0m
[37m[21:17:59 F50 TEST] INFO: 
=======================================================[0m
[37m[21:17:59 F50 TEST] INFO: [F50] SCOREBOARD — #29[0m
[37m[21:17:59 F50 TEST] INFO:   [V 705ms] — bottom scoreboard strip is visible with score/overs/batter info

**LIVE SCOREBOARD STRIP:**

* Top line: RCB 244-3 (19.3)
* Bottom line: PATIDAR 47(18) > DAVID 65(23), 
* No bowler info visible on the strip.

INFO_PANEL: Not visible.

SPEED: 137.1 [0m
[37m[21:18:00 F50 EXTRACT] INFO: Extracted in 1.2s (llama-4-scout-17b-16e-instruct)[0m
[37m[21:18:00 F50 TEST] INFO:   [E 1243ms] visible_team=Royal Challengers Bengaluru score=244-3 (19.3) target=None rr=None[0m
[37m[21:18:00 F50 TEST] INFO:     BAT: PATIDAR 47(18) [0m
[37m[21:18:00 F50 TEST] INFO:     BAT: DAVID 65(23) [0m
[37m[21:18:01 F50 SCORER] INFO: Scored in 0.9s (llama-4-scout-17b-16e-instruct)[0m
[37m[21:18:01 F50 TEST] INFO:   [S] Hint: Current batters: PATIDAR and DAVID. Bowler: KAMBOJ. Read their stats from the scoreboard. ALREADY DISMISSED (do NOT dismiss again): Philip Salt, Virat Kohli, Devdutt Padikkal[0m
[37m[21:18:01 F50 TEST] INFO:   [S 865ms] Changes: ['score→244', 'overs→19.3', 'wickets→3', 'bat:Rajat Patidar=65(23)', 'bat:Tim David=65(23)', 'bowl:Anshul Kamboj'][0m
[37m[21:18:01 F50 TEST] INFO:   Total: 2813ms (V:705 E:1243 S:865)[0m
[37m[21:18:01 F50 TEST] INFO:   [THIS OVER] ['4', '.', '2', 'NB', '6', '1', '6', '2', '4', '6', '6', '6'] = 43 runs[0m
[37m[21:18:01 F50 TEST] INFO:   STATE: Royal Challengers Bengaluru 244-3 (19.3) inn=1 | Bat: Rajat Patidar*(65) Tim David(65) | Bowl: Anshul Kamboj 3-59[0m
[37m[21:18:01 F50 TEST] INFO:   [ACTION] **

The cricket action shows the field is relatively still, with players positio[0m
[37m[21:18:01 F50 FIELD] INFO: [F50] OC-wide_long_on moved to OC-deep_mid_on_area[0m
[37m[21:18:01 F50 FIELD] INFO: [F50] OC-wide_long_off moved to OC-long_on[0m
[37m[21:18:01 F50 FIELD] INFO: [F50] OC-wide_long_off moved to OC-deep_cover[0m
[37m[21:18:01 F50 FIELD] INFO: [F50] OC-deep_mid_on_area moved to OC-wide_long_on[0m
[37m[21:18:01 F50 FIELD] INFO: [F50] OC-deep_extra_cover moved to OC-deep_cover[0m
[37m[21:18:03 F51 VISION] INFO: [SCOREBOARD] 1.5s (768 chars) +action[0m
[37m[21:18:03 F51 TEST] INFO: 
=======================================================[0m
[37m[21:18:03 F51 TEST] INFO: [F51] SCOREBOARD — #30[0m
[37m[21:18:03 F51 TEST] INFO:   [V 1529ms] — 

The live scoreboard strip at the bottom of the screen displays the following information:

- RCB: 245-3 in 19.4 overs
- Batters: PATIDAR 47 (18) and DAVID 66 (24)
- Run-rate: 12.46

There is no visible info panel or career panel in this frame.

T[0m
[37m[21:18:05 F51 EXTRACT] INFO: Extracted in 1.2s (llama-4-scout-17b-16e-instruct)[0m
[37m[21:18:05 F51 TEST] INFO:   [E 1173ms] visible_team=Royal Challengers Bengaluru score=245-3 (19.4) target=None rr=None[0m
[37m[21:18:05 F51 TEST] INFO:     BAT: PATIDAR 47(18) [0m
[37m[21:18:05 F51 TEST] INFO:     BAT: DAVID 66(24) [0m
[37m[21:18:06 F51 SCORER] INFO: Scored in 1.4s (llama-4-scout-17b-16e-instruct)[0m
[37m[21:18:06 F51 TEST] INFO:   [S] Hint: Current batters: PATIDAR and DAVID. Bowler: Anshul Kamboj ALREADY DISMISSED (do NOT dismiss again): Philip Salt, Virat Kohli, Devdutt Padikkal[0m
[37m[21:18:06 F51 BOARD] INFO: score: 244 -> 245 [F51][0m
[37m[21:18:06 F51 BOARD] INFO: overs: 19.3 -> 19.4 [F51][0m
[37m[21:18:06 F51 BOARD] INFO: Tim David: 65(23) -> 66(24) [F51][0m
[37m[21:18:06 F51 TEST] INFO:   [S 1443ms] Changes: ['score→245', 'overs→19.4', 'wickets→3', 'bat:Rajat Patidar=47(18)', 'bat:Tim David=66(24)'][0m
[37m[21:18:06 F51 TEST] INFO:   Total: 4146ms (V:1529 E:1173 S:1443)[0m
[37m[21:18:06 F51 TEST] INFO:   [THIS OVER] ['4', '.', '2', 'NB', '6', '1', '6', '2', '4', '6', '6', '6'] = 43 runs[0m
[37m[21:18:06 F51 TEST] INFO:   STATE: Royal Challengers Bengaluru 245-3 (19.4) inn=1 | Bat: Rajat Patidar*(65) Tim David(66) | Bowl: Anshul Kamboj 3-59[0m
[37m[21:18:06 F51 COMMENTARY] INFO: [BALL] 1_RUNS | 19.4 | bat=Tim David bowl=Anshul Kamboj +1 runs[0m
[37m[21:18:06 F51 TEST] INFO:   [BALL EVENT] 1_RUNS | 19.4 | +1 runs | The frame shows a close-up of a player, likely a member of t[0m
[37m[21:18:06 F51 FIELD] INFO: [F51] OC-deep_fine_leg moved to OC-deep_midwicket_sq[0m
[37m[21:18:06 F51 FIELD] INFO: [F51] OC-deep_mid_on_area moved to OC-deep_midwicket_sq[0m
[37m[21:18:06 F51 FIELD] INFO: [F51] OC-long_on moved to OC-deep_point[0m
[37m[21:18:08 F52 VISION] INFO: [SCOREBOARD] 0.6s (597 chars) +action[0m
[37m[21:18:08 F52 TEST] INFO: 
=======================================================[0m
[37m[21:18:08 F52 TEST] INFO: [F52] SCOREBOARD — #31[0m
[37m[21:18:08 F52 TEST] INFO:   [V 650ms] — bottom scoreboard strip is visible with score/overs/batter info

**LIVE SCOREBOARD STRIP:**

* Top line: RCB 245-3 (19.4)
* Bottom line: 
  * PATIDAR 47(18) > 
  * DAVID 66(24)
  * KAMBOJ 1-47 (3.4)

**ACTION:**

The frame shows a live cricket matc[0m
[37m[21:18:09 F52 EXTRACT] INFO: Extracted in 0.7s (llama-4-scout-17b-16e-instruct)[0m
[37m[21:18:09 F52 TEST] INFO:   [E 693ms] visible_team=Royal Challengers Bengaluru score=245-3 (19.4) target=None rr=None[0m
[37m[21:18:09 F52 TEST] INFO:     BAT: PATIDAR 47(18) [0m
[37m[21:18:09 F52 TEST] INFO:     BAT: DAVID 66(24) [0m
[37m[21:18:09 F52 TEST] INFO:     BOWL: KAMBOJ 1-47 (3.4)[0m
[37m[21:18:10 F52 SCORER] INFO: Scored in 1.0s (llama-4-scout-17b-16e-instruct)[0m
[37m[21:18:10 F52 TEST] INFO:   [S] Hint: Current batters: PATIDAR and DAVID. Bowler: KAMBOJ. Read their stats from the scoreboard. ALREADY DISMISSED (do NOT dismiss again): Philip Salt, Virat Kohli, Devdutt Padikkal[0m
[37m[21:18:10 F52 TEST] INFO:   [S 1041ms] Changes: ['score→245', 'overs→19.4', 'wickets→3', 'bat:Rajat Patidar=65(23)', 'bat:Tim David=66(24)', 'bowl:Anshul Kamboj'][0m
[37m[21:18:10 F52 TEST] INFO:   Total: 2384ms (V:650 E:693 S:1041)[0m
[37m[21:18:10 F52 TEST] INFO:   [THIS OVER] ['4', '.', '2', 'NB', '6', '1', '6', '2', '4', '6', '6', '6'] = 43 runs[0m
[37m[21:18:10 F52 TEST] INFO:   STATE: Royal Challengers Bengaluru 245-3 (19.4) inn=1 | Bat: Rajat Patidar*(65) Tim David(66) | Bowl: Anshul Kamboj 3-59[0m
[37m[21:18:10 F52 TEST] INFO:   [ACTION] **

The frame shows a live cricket match with the batter, likely David, wearing [0m
[37m[21:18:12 F53 VISION] INFO: [SCOREBOARD] 0.7s (658 chars) +action[0m
[37m[21:18:12 F53 TEST] INFO: 
=======================================================[0m
[37m[21:18:12 F53 TEST] INFO: [F53] SCOREBOARD — #32[0m
[37m[21:18:12 F53 TEST] INFO:   [V 704ms] — bottom scoreboard strip is visible with score/overs/batter info

**Scoreboard Data:**

* Top line: RCB, 245-3, 19.4
* Bottom line: 
  * PATIDAR 47(18) * 
  * DAVID 66(24) 
  * KAMBOJ 1-47(3.4)

**Additional Information:**

No INFO_PANEL visible.

*[0m
[37m[21:18:13 F53 EXTRACT] INFO: Extracted in 1.0s (llama-4-scout-17b-16e-instruct)[0m
[37m[21:18:13 F53 TEST] INFO:   [E 1026ms] visible_team=Royal Challengers Bengaluru score=245-3 (19.4) target=None rr=None[0m
[37m[21:18:13 F53 TEST] INFO:     BAT: PATIDAR 47(18) [0m
[37m[21:18:13 F53 TEST] INFO:     BAT: DAVID 66(24) [0m
[37m[21:18:13 F53 TEST] INFO:     BOWL: KAMBOJ 1-47 (3.4)[0m
[37m[21:18:13 F53 SCORER] INFO: Scored in 0.9s (llama-4-scout-17b-16e-instruct)[0m
[37m[21:18:13 F53 TEST] INFO:   [S] Hint: Current batters: PATIDAR and DAVID. Bowler: KAMBOJ ALREADY DISMISSED (do NOT dismiss again): Philip Salt, Virat Kohli, Devdutt Padikkal[0m
[37m[21:18:13 F53 TEST] INFO:   [S 890ms] Changes: ['score→245', 'overs→19.4', 'wickets→3', 'bat:Rajat Patidar=65(23)', 'bat:Tim David=66(24)', 'bowl:Anshul Kamboj'][0m
[37m[21:18:13 F53 TEST] INFO:   Total: 2620ms (V:704 E:1026 S:890)[0m
[37m[21:18:13 F53 TEST] INFO:   [THIS OVER] ['4', '.', '2', 'NB', '6', '1', '6', '2', '4', '6', '6', '6'] = 43 runs[0m
[37m[21:18:13 F53 TEST] INFO:   STATE: Royal Challengers Bengaluru 245-3 (19.4) inn=1 | Bat: Rajat Patidar*(65) Tim David(66) | Bowl: Anshul Kamboj 3-59[0m
[37m[21:18:13 F53 TEST] INFO:   [ACTION] **

The batter, wearing a RCB jersey and helmet, is standing with a bat, likely [0m
[37m[21:18:19 F57 VISION] INFO: [SCOREBOARD] 1.0s (666 chars) +action[0m
[37m[21:18:19 F57 TEST] INFO: 
=======================================================[0m
[37m[21:18:19 F57 TEST] INFO: [F57] SCOREBOARD — #33[0m
[37m[21:18:19 F57 TEST] INFO:   [V 1029ms] — bottom scoreboard strip is visible with score/overs/batter info

**Scoreboard Data:**

* Top line: RCB, 245-3, 19.4
* Batter 1: PATIDAR, 47(18)
* Batter 2: DAVID, 66(24)
* Bowler: KAMBOJ, 1-47(3.4)

**Info/Career Panel:** Not visible

**Bowling Spe[0m
[37m[21:18:20 F57 EXTRACT] INFO: Extracted in 1.1s (llama-4-scout-17b-16e-instruct)[0m
[37m[21:18:20 F57 TEST] INFO:   [E 1102ms] visible_team=Royal Challengers Bengaluru score=245-3 (19.4) target=None rr=None[0m
[37m[21:18:20 F57 TEST] INFO:     BAT: PATIDAR 47(18) [0m
[37m[21:18:20 F57 TEST] INFO:     BAT: DAVID 66(24) [0m
[37m[21:18:20 F57 TEST] INFO:     BOWL: KAMBOJ 1-47 (3.4)[0m
[37m[21:18:21 F57 SCORER] INFO: Scored in 1.1s (llama-4-scout-17b-16e-instruct)[0m
[37m[21:18:21 F57 TEST] INFO:   [S] Hint: Current batters: PATIDAR and DAVID. Bowler: KAMBOJ. Read their stats from the scoreboard. ALREADY DISMISSED (do NOT dismiss again): Philip Salt, Virat Kohli, Devdutt Padikkal[0m
[37m[21:18:21 F57 TEST] INFO:   [S 1130ms] Changes: ['score→245', 'overs→19.4', 'wickets→3', 'bat:Rajat Patidar=65(23)', 'bat:Tim David=66(24)', 'bowl:Anshul Kamboj'][0m
[37m[21:18:21 F57 TEST] INFO:   Total: 3260ms (V:1029 E:1102 S:1130)[0m
[37m[21:18:21 F57 TEST] INFO:   [THIS OVER] ['4', '.', '2', 'NB', '6', '1', '6', '2', '4', '6', '6', '6'] = 43 runs[0m
[37m[21:18:21 F57 TEST] INFO:   STATE: Royal Challengers Bengaluru 245-3 (19.4) inn=1 | Bat: Rajat Patidar*(65) Tim David(66) | Bowl: Anshul Kamboj 3-59[0m
[37m[21:18:21 F57 TEST] INFO:   [ACTION] **

The batter, David, appears to be walking off the field, likely after being d[0m
[37m[21:18:23 F58 VISION] INFO: [SCOREBOARD] 0.8s (633 chars) +action[0m
[37m[21:18:23 F58 TEST] INFO: 
=======================================================[0m
[37m[21:18:23 F58 TEST] INFO: [F58] SCOREBOARD — #34[0m
[37m[21:18:23 F58 TEST] INFO:   [V 780ms] — bottom scoreboard strip is visible with score/overs/batter info

**Scoreboard Data:**

* Top line: RCB 245-3 (19.4)
* Bottom line: 
  * PATIDAR 47(18) > 
  * DAVID 66(24)
  * KAMBOJ 1-47 (3.4)

**No Info/Career Panel visible**

**No Bowling Speed v[0m
[37m[21:18:24 F58 EXTRACT] INFO: Extracted in 1.0s (llama-4-scout-17b-16e-instruct)[0m
[37m[21:18:24 F58 TEST] INFO:   [E 1030ms] visible_team=Royal Challengers Bengaluru score=245-3 (19.4) target=None rr=None[0m
[37m[21:18:24 F58 TEST] INFO:     BAT: PATIDAR 47(18) [0m
[37m[21:18:24 F58 TEST] INFO:     BAT: DAVID 66(24) [0m
[37m[21:18:24 F58 TEST] INFO:     BOWL: KAMBOJ 1-47 (3.4)[0m
[37m[21:18:25 F58 SCORER] INFO: Scored in 0.8s (llama-4-scout-17b-16e-instruct)[0m
[37m[21:18:25 F58 TEST] INFO:   [S] Hint: Current batters: PATIDAR and DAVID. Bowler: KAMBOJ ALREADY DISMISSED (do NOT dismiss again): Philip Salt, Virat Kohli, Devdutt Padikkal[0m
[37m[21:18:25 F58 TEST] INFO:   [S 800ms] Changes: ['score→245', 'overs→19.4', 'wickets→3', 'bat:Rajat Patidar=65(23)', 'bat:Tim David=66(24)', 'bowl:Anshul Kamboj'][0m
[37m[21:18:25 F58 TEST] INFO:   Total: 2610ms (V:780 E:1030 S:800)[0m
[37m[21:18:25 F58 TEST] INFO:   [THIS OVER] ['4', '.', '2', 'NB', '6', '1', '6', '2', '4', '6', '6', '6'] = 43 runs[0m
[37m[21:18:25 F58 TEST] INFO:   STATE: Royal Challengers Bengaluru 245-3 (19.4) inn=1 | Bat: Rajat Patidar*(65) Tim David(66) | Bowl: Anshul Kamboj 3-59[0m
[37m[21:18:25 F58 TEST] INFO:   [ACTION] The bowler, KAMBOJ, appears to be running back to his mark after bowling. The ba[0m
[37m[21:18:26 F59 TEST] INFO: [F59] Pixel skip #10[0m
[37m[21:18:33 F64 VISION] INFO: [SCOREBOARD] 0.9s (669 chars) +action[0m
[37m[21:18:33 F64 TEST] INFO: 
=======================================================[0m
[37m[21:18:33 F64 TEST] INFO: [F64] SCOREBOARD — #35[0m
[37m[21:18:33 F64 TEST] INFO:   [V 861ms] — bottom scoreboard strip is visible with score/overs/batter info

**LIVE SCOREBOARD STRIP:**

* Top line: RCB 245-3 (19.4)
* Bottom line: PATIDAR 47(18) | DAVID 66(24)
* Bowler not shown
* RUN-RATE: 12.46
* EXTRA INFO: Not shown

**INFO_PANEL:** Not[0m
[37m[21:18:34 F64 EXTRACT] INFO: Extracted in 0.8s (llama-4-scout-17b-16e-instruct)[0m
[37m[21:18:34 F64 TEST] INFO:   [E 837ms] visible_team=Royal Challengers Bengaluru score=245-3 (19.4) target=None rr=None[0m
[37m[21:18:34 F64 TEST] INFO:     BAT: PATIDAR 47(18) [0m
[37m[21:18:34 F64 TEST] INFO:     BAT: DAVID 66(24) [0m
[37m[21:18:35 F64 SCORER] INFO: Scored in 1.0s (llama-4-scout-17b-16e-instruct)[0m
[37m[21:18:35 F64 TEST] INFO:   [S] Hint: Current batters: PATIDAR and DAVID. Bowler: KAMBOJ. Read their stats from the scoreboard. ALREADY DISMISSED (do NOT dismiss again): Philip Salt, Virat Kohli, Devdutt Padikkal[0m
[37m[21:18:35 F64 TEST] INFO:   [S 1021ms] Changes: ['score→245', 'overs→19.4', 'wickets→3', 'bat:Rajat Patidar=65(23)', 'bat:Tim David=66(24)', 'bowl:Anshul Kamboj'][0m
[37m[21:18:35 F64 TEST] INFO:   Total: 2720ms (V:861 E:837 S:1021)[0m
[37m[21:18:35 F64 TEST] INFO:   [THIS OVER] ['4', '.', '2', 'NB', '6', '1', '6', '2', '4', '6', '6', '6'] = 43 runs[0m
[37m[21:18:35 F64 TEST] INFO:   STATE: Royal Challengers Bengaluru 245-3 (19.4) inn=1 | Bat: Rajat Patidar*(65) Tim David(66) | Bowl: Anshul Kamboj 3-59[0m
[37m[21:18:35 F64 TEST] INFO:   [ACTION] The frame shows two fielders in light blue uniforms, one bending down and the ot[0m
[37m[21:18:35 F64 FIELD] INFO: [F64] OC-deep_point moved to OC-deep_cover_point[0m
[37m[21:18:35 F64 FIELD] INFO: [F64] OC-deep_midwicket_sq moved to OC-wide_long_on[0m
[37m[21:18:35 F64 FIELD] INFO: [F64] OC-deep_midwicket_sq moved to OC-long_on[0m
[37m[21:18:35 F64 FIELD] INFO: [F64] OC-deep_point moved to OC-deep_backward_point[0m
[37m[21:18:37 F65 VISION] INFO: [SCOREBOARD] 1.0s (745 chars) +action[0m
[37m[21:18:37 F65 TEST] INFO: 
=======================================================[0m
[37m[21:18:37 F65 TEST] INFO: [F65] SCOREBOARD — #36[0m
[37m[21:18:37 F65 TEST] INFO:   [V 974ms] — bottom scoreboard strip is visible with score/overs/batter info

**Scoreboard Data:**

* Live Scoreboard Strip:
	+ Top line: RCB 245-3 (19.4)
	+ Bottom line: PATIDAR 47(18) > DAVID 66(24), KAMBOJ 1-47 (3.4)
	+ Run Rate: 12.46
* No Info/Career Panel[0m
[37m[21:18:38 F65 EXTRACT] INFO: Extracted in 1.1s (llama-4-scout-17b-16e-instruct)[0m
[37m[21:18:38 F65 TEST] INFO:   [E 1053ms] visible_team=Royal Challengers Bengaluru score=245-3 (19.4) target=None rr=None[0m
[37m[21:18:38 F65 TEST] INFO:     BAT: PATIDAR 47(18) *[0m
[37m[21:18:38 F65 TEST] INFO:     BAT: DAVID 66(24) [0m
[37m[21:18:38 F65 TEST] INFO:     BOWL: KAMBOJ 1-47 (3.4)[0m
[37m[21:18:39 F65 SCORER] INFO: Scored in 0.8s (llama-4-scout-17b-16e-instruct)[0m
[37m[21:18:39 F65 TEST] INFO:   [S] Hint: Current batters: PATIDAR and DAVID. Bowler: KAMBOJ ALREADY DISMISSED (do NOT dismiss again): Philip Salt, Virat Kohli, Devdutt Padikkal[0m
[37m[21:18:39 F65 TEST] INFO:   [S 810ms] Changes: ['score→245', 'overs→19.4', 'wickets→3', 'bat:Rajat Patidar=65(23)', 'bat:Tim David=66(24)', 'bowl:Anshul Kamboj'][0m
[37m[21:18:39 F65 TEST] INFO:   Total: 2837ms (V:974 E:1053 S:810)[0m
[37m[21:18:39 F65 TEST] INFO:   [THIS OVER] ['4', '.', '2', 'NB', '6', '1', '6', '2', '4', '6', '6', '6'] = 43 runs[0m
[37m[21:18:39 F65 TEST] INFO:   STATE: Royal Challengers Bengaluru 245-3 (19.4) inn=1 | Bat: Rajat Patidar*(65) Tim David(66) | Bowl: Anshul Kamboj 3-59[0m
[37m[21:18:39 F65 TEST] INFO:   [ACTION] **

The batter DAVID is walking off the field, carrying his bat, while the batte[0m
[37m[21:18:39 F65 FIELD] INFO: [F65] IC-midwicket brought in — attacking[0m
[37m[21:18:39 F65 FIELD] INFO: [F65] OC-long_on moved to OC-deep_midwicket[0m
[37m[21:18:40 F66 VISION] INFO: [ADVERTISEMENT] 0.4s (13 chars)[0m
[37m[21:18:40 F66 TEST] INFO: [F66] AD 362ms (#13)[0m
[37m[21:18:42 F67 VISION] INFO: [SCOREBOARD] 0.8s (469 chars) +action[0m
[37m[21:18:42 F67 TEST] INFO: 
=======================================================[0m
[37m[21:18:42 F67 TEST] INFO: [F67] SCOREBOARD — #37[0m
[37m[21:18:42 F67 TEST] INFO:   [V 796ms] — 

The live scoreboard strip at the bottom of the screen displays:

RCB - 48/0 (5.5)
RAJAT PATIDAR* 48(19) FOUR 1, SIXES 6 

There is no info panel visible.

ACTION: 
The batter, Rajat Patidar, is on the field, and it appears to be a live broadcast [0m
[37m[21:18:43 F67 EXTRACT] INFO: Extracted in 1.0s (llama-4-scout-17b-16e-instruct)[0m
[37m[21:18:43 F67 TEST] INFO:   [E 958ms] visible_team=Royal Challengers Bengaluru score=48-0 (5.5) target=None rr=None[0m
[37m[21:18:43 F67 TEST] INFO:     BAT: RAJAT PATIDAR 48(19) [0m
[37m[21:18:44 F67 SCORER] INFO: Scored in 0.8s (llama-4-scout-17b-16e-instruct)[0m
[37m[21:18:44 F67 TEST] INFO:   [S] Hint: Current batters: PATIDAR and DAVID. Bowler: KAMBOJ. Read their stats from the scoreboard. ALREADY DISMISSED (do NOT dismiss again): Philip Salt, Virat Kohli, Devdutt Padikkal[0m
[37m[21:18:44 F67 TEST] INFO:   [GUARD] Batter 'Tim David' not in extractor output — scorer inferred, rejecting[0m
[37m[21:18:44 F67 TEST] INFO:   [S 801ms] Changes: ['score→245', 'overs→19.4', 'wickets→3', 'bat:Rajat Patidar=65(23)', 'bowl:Anshul Kamboj'][0m
[37m[21:18:44 F67 TEST] INFO:   Total: 2555ms (V:796 E:958 S:801)[0m
[37m[21:18:44 F67 TEST] INFO:   [THIS OVER] ['4', '.', '2', 'NB', '6', '1', '6', '2', '4', '6', '6', '6'] = 43 runs[0m
[37m[21:18:44 F67 TEST] INFO:   STATE: Royal Challengers Bengaluru 245-3 (19.4) inn=1 | Bat: Rajat Patidar*(65) Tim David(66) | Bowl: Anshul Kamboj 3-59[0m
[37m[21:18:44 F67 TEST] INFO:   [ACTION] The batter, Rajat Patidar, is on the field, and it appears to be a live broadcas[0m
[37m[21:18:46 F68 VISION] INFO: [SCOREBOARD] 0.6s (468 chars) +action[0m
[37m[21:18:46 F68 TEST] INFO: 
=======================================================[0m
[37m[21:18:46 F68 TEST] INFO: [F68] SCOREBOARD — #38[0m
[37m[21:18:46 F68 TEST] INFO:   [V 572ms] — 

The live scoreboard strip at the bottom shows:

Top line: Not fully visible
Bottom line: RAJAT PATIDAR 48* (19), FOUR 1, SIXES 6 

There is no info panel or full scorecard graphic visible.

ACTION: 
The batter, Rajat Patidar, is on the striker's [0m
[37m[21:18:46 F68 EXTRACT] INFO: Extracted in 0.5s (llama-4-scout-17b-16e-instruct)[0m
[37m[21:18:46 F68 TEST] INFO:   [E 494ms] visible_team=None score=None-None (None) target=None rr=None[0m
[37m[21:18:46 F68 TEST] INFO:     BAT: RAJAT PATIDAR 48(19) *[0m
[37m[21:18:47 F68 SCORER] INFO: Scored in 0.8s (llama-4-scout-17b-16e-instruct)[0m
[37m[21:18:47 F68 TEST] INFO:   [S] Hint: Current batters: PATIDAR and DAVID. Bowler: KAMBOJ. Read their stats from the scoreboard. ALREADY DISMISSED (do NOT dismiss again): Philip Salt, Virat Kohli, Devdutt Padikkal[0m
[37m[21:18:47 F68 TEST] INFO:   [GUARD] Batter 'Tim David' not in extractor output — scorer inferred, rejecting[0m
[37m[21:18:47 F68 TEST] INFO:   [S 834ms] Changes: ['bat:Rajat Patidar=65(23)', 'bowl:Anshul Kamboj'][0m
[37m[21:18:47 F68 TEST] INFO:   Total: 1899ms (V:572 E:494 S:834)[0m
[37m[21:18:47 F68 TEST] INFO:   [THIS OVER] ['4', '.', '2', 'NB', '6', '1', '6', '2', '4', '6', '6', '6'] = 43 runs[0m
[37m[21:18:47 F68 TEST] INFO:   STATE: Royal Challengers Bengaluru 245-3 (19.4) inn=1 | Bat: Rajat Patidar*(65) Tim David(66) | Bowl: Anshul Kamboj 3-59[0m
[37m[21:18:47 F68 TEST] INFO:   [ACTION] The batter, Rajat Patidar, is on the striker's end. He is not playing a shot in [0m
[37m[21:18:47 F68 FIELD] INFO: [F68] OC-deep_backward_point moved to OC-deep_gully[0m
[37m[21:18:47 F68 FIELD] INFO: [F68] OC-deep_backward_point moved to OC-deep_gully[0m
[37m[21:18:47 F68 FIELD] INFO: [F68] IC-wide_mid_on moved to IC-square_leg[0m
[37m[21:18:47 F68 FIELD] INFO: [F68] OC-wide_long_on moved to OC-deep_midwicket[0m
[37m[21:18:47 F68 FIELD] INFO: [F68] IC-midwicket pushed back — defensive[0m
[37m[21:18:47 F68 FIELD] INFO: [F68] IC-midwicket moved to IC-cover[0m
[37m[21:18:49 F69 VISION] INFO: [SCOREBOARD] 0.7s (607 chars) +action[0m
[37m[21:18:49 F69 TEST] INFO: 
=======================================================[0m
[37m[21:18:49 F69 TEST] INFO: [F69] SCOREBOARD — #39[0m
[37m[21:18:49 F69 TEST] INFO:   [V 690ms] The live scoreboard strip at the bottom of the screen shows:

Top line: RCB, 47-2 (6.4)
Bottom line: Rajat Patidar 23(20), Corey David 1(5), bowler Pradeep Sangwan 1-10 (2)

There is no info panel visible.

There is no bowling speed visible.

There a[0m
[37m[21:18:50 F69 EXTRACT] INFO: Extracted in 1.1s (llama-4-scout-17b-16e-instruct)[0m
[37m[21:18:50 F69 BOARD] INFO: [NAME] Exact miss for 'COREY', trying fuzzy (445 keys)...[0m
[33m[21:18:50 F69 BOARD] WARN: No match for 'COREY'. Closest: [('CHOUDHARY', '0.57'), ('MCHOUDHARY', '0.53'), ('CHOOODHARY', '0.53')][0m
[37m[21:18:50 F69 TEST] INFO:   [E 1117ms] visible_team=Royal Challengers Bengaluru score=47-2 (6.4) target=None rr=None[0m
[37m[21:18:50 F69 TEST] INFO:     BAT: Rajat Patidar 23(20) [0m
[37m[21:18:50 F69 TEST] INFO:     BAT: Corey David 1(5) [0m
[37m[21:18:50 F69 TEST] INFO:     BOWL: Pradeep Sangwan 1-10 (2)[0m
[37m[21:18:50 F69 BOARD] INFO: [NAME] Exact miss for 'PRADEEP SANGWAN', trying fuzzy (445 keys)...[0m
[33m[21:18:50 F69 BOARD] WARN: No match for 'PRADEEP SANGWAN'. Closest: [('PRASHANT', '0.52'), ('PADEEKKAL', '0.50'), ('DESWAL', '0.48')][0m
[33m[21:18:50 F69 BOARD] WARN: Bowler 'Pradeep Sangwan' not in any squad[0m
[37m[21:18:51 F69 SCORER] INFO: Scored in 0.8s (llama-4-scout-17b-16e-instruct)[0m
[37m[21:18:51 F69 TEST] INFO:   [S] Hint: Current batters: Patidar and David. Bowler: Anshul Kamboj ALREADY DISMISSED (do NOT dismiss again): Philip Salt, Virat Kohli, Devdutt Padikkal[0m
[37m[21:18:51 F69 BOARD] INFO: [NAME] Exact miss for 'COREY DAVID', trying fuzzy (445 keys)...[0m
[33m[21:18:51 F69 BOARD] WARN: No match for 'COREY DAVID'. Closest: [('T DAVID', '0.67'), ('T. DAVID', '0.63'), ('DAVID', '0.62')][0m
[37m[21:18:51 F69 TEST] INFO:   [GUARD] Batter 'Tim David' not in extractor output — scorer inferred, rejecting[0m
[37m[21:18:51 F69 TEST] INFO:   [S 801ms] Changes: ['score→245', 'overs→19.4', 'wickets→3', 'bat:Rajat Patidar=65(23)', 'bowl:Anshul Kamboj'][0m
[37m[21:18:51 F69 TEST] INFO:   Total: 2608ms (V:690 E:1117 S:801)[0m
[37m[21:18:51 F69 TEST] INFO:   [THIS OVER] ['4', '.', '2', 'NB', '6', '1', '6', '2', '4', '6', '6', '6'] = 43 runs[0m
[37m[21:18:51 F69 TEST] INFO:   STATE: Royal Challengers Bengaluru 245-3 (19.4) inn=1 | Bat: Rajat Patidar*(65) Tim David(66) | Bowl: Anshul Kamboj 3-59[0m
[37m[21:18:51 F69 TEST] INFO:   [ACTION] The cricket action happening in the frame shows two batters, Rajat Patidar and C[0m
[37m[21:18:53 F70 VISION] INFO: [SCOREBOARD] 0.9s (684 chars) +action[0m
[37m[21:18:53 F70 TEST] INFO: 
=======================================================[0m
[37m[21:18:53 F70 TEST] INFO: [F70] SCOREBOARD — #40[0m
[37m[21:18:53 F70 TEST] INFO:   [V 856ms] — bottom scoreboard strip is visible with score/overs/batter info

**LIVE SCOREBOARD STRIP:**

* Top line: RCB 246-3 (19.5)
* Bottom line: PATIDAR *  (not fully visible) and another batter, MATCH runs(balls) not fully visible; 
  Current bowler: Not [0m
[37m[21:18:54 F70 EXTRACT] INFO: Extracted in 1.1s (llama-4-scout-17b-16e-instruct)[0m
[37m[21:18:54 F70 TEST] INFO:   [E 1122ms] visible_team=Royal Challengers Bengaluru score=246-3 (19.5) target=None rr=None[0m
[37m[21:18:54 F70 TEST] INFO:     BAT: PATIDAR None(None) [0m
[37m[21:18:55 F70 SCORER] INFO: Scored in 0.8s (llama-4-scout-17b-16e-instruct)[0m
[37m[21:18:55 F70 TEST] INFO:   [S] Hint: Current batters: PATIDAR and DAVID. Bowler: KAMBOJ ALREADY DISMISSED (do NOT dismiss again): Philip Salt, Virat Kohli, Devdutt Padikkal[0m
[37m[21:18:55 F70 BOARD] INFO: score: 245 -> 246 [F70][0m
[37m[21:18:55 F70 BOARD] INFO: overs: 19.4 -> 19.5 [F70][0m
[37m[21:18:55 F70 TEST] INFO:   [GUARD] Batter 'Tim David' not in extractor output — scorer inferred, rejecting[0m
[37m[21:18:55 F70 TEST] INFO:   [S 821ms] Changes: ['score→246', 'overs→19.5', 'wickets→3', 'bat:Rajat Patidar=None(None)'][0m
[37m[21:18:55 F70 TEST] INFO:   Total: 2799ms (V:856 E:1122 S:821)[0m
[37m[21:18:55 F70 TEST] INFO:   [THIS OVER] ['4', '.', '2', 'NB', '6', '1', '6', '2', '4', '6', '6', '6'] = 43 runs[0m
[37m[21:18:55 F70 TEST] INFO:   STATE: Royal Challengers Bengaluru 246-3 (19.5) inn=1 | Bat: Rajat Patidar*(65) Tim David(66) | Bowl: Anshul Kamboj 3-59[0m
[37m[21:18:55 F70 COMMENTARY] INFO: [BALL] EXTRA | 19.5 | bat=None bowl=Anshul Kamboj +1 runs[0m
[37m[21:18:55 F70 TEST] INFO:   [BALL EVENT] EXTRA | 19.5 | +1 runs | **

The batter, Patidar, is walking off the field. Another p[0m
[37m[21:18:55 F70 FIELD] INFO: [F70] IC-cover pushed back — defensive[0m
[37m[21:18:55 F70 FIELD] INFO: [F70] IC-square_leg brought in — attacking[0m
[37m[21:18:55 F70 FIELD] INFO: [F70] IC-square_leg pushed back — defensive[0m
[37m[21:18:57 F71 VISION] INFO: [SCOREBOARD] 0.8s (704 chars) +action[0m
[37m[21:18:57 F71 TEST] INFO: 
=======================================================[0m
[37m[21:18:57 F71 TEST] INFO: [F71] SCOREBOARD — #41[0m
[37m[21:18:57 F71 TEST] INFO:   [V 769ms] — bottom scoreboard strip is visible with score/overs/batter info

**LIVE SCOREBOARD STRIP:**

* Top line: RCB 246-3 (19.5)
* Bottom line: PATIDAR *  v SPIN 2 
* Bottom line:  v PACE 10 

**INFO/CAREER PANEL:** 
INFO_PANEL: TATA IPL 2026 (BOUNDARIES)[0m
[37m[21:18:58 F71 EXTRACT] INFO: Extracted in 1.0s (llama-4-scout-17b-16e-instruct)[0m
[37m[21:18:58 F71 TEST] INFO:   [E 1006ms] visible_team=Royal Challengers Bengaluru score=246-3 (19.5) target=None rr=None[0m
[37m[21:18:58 F71 TEST] INFO:     BAT: PATIDAR None(None) [0m
[37m[21:18:59 F71 SCORER] INFO: Scored in 0.8s (llama-4-scout-17b-16e-instruct)[0m
[37m[21:18:59 F71 TEST] INFO:   [S] Hint: Current batters: PATIDAR and DAVID. Bowler: KAMBOJ. Read their stats from the scoreboard. ALREADY DISMISSED (do NOT dismiss again): Philip Salt, Virat Kohli, Devdutt Padikkal[0m
[37m[21:18:59 F71 TEST] INFO:   [GUARD] Batter 'Tim David' not in extractor output — scorer inferred, rejecting[0m
[37m[21:18:59 F71 TEST] INFO:   [S 848ms] Changes: ['score→246', 'overs→19.5', 'wickets→3', 'bat:Rajat Patidar=65(23)', 'bowl:Anshul Kamboj'][0m
[37m[21:18:59 F71 TEST] INFO:   Total: 2623ms (V:769 E:1006 S:848)[0m
[37m[21:18:59 F71 TEST] INFO:   [THIS OVER] ['4', '.', '2', 'NB', '6', '1', '6', '2', '4', '6', '6', '6'] = 43 runs[0m
[37m[21:18:59 F71 TEST] INFO:   STATE: Royal Challengers Bengaluru 246-3 (19.5) inn=1 | Bat: Rajat Patidar*(65) Tim David(66) | Bowl: Anshul Kamboj 3-59[0m
[37m[21:18:59 F71 TEST] INFO:   [ACTION] **
The batter, Patidar, is wearing a helmet and a jersey with sponsor logos, app[0m
[37m[21:19:01 F72 VISION] INFO: [SCOREBOARD] 0.9s (697 chars) +action[0m
[37m[21:19:01 F72 TEST] INFO: 
=======================================================[0m
[37m[21:19:01 F72 TEST] INFO: [F72] SCOREBOARD — #42[0m
[37m[21:19:01 F72 TEST] INFO:   [V 892ms] — bottom scoreboard strip is visible with score/overs/batter info

**LIVE SCOREBOARD STRIP:**

* Top line: RCB 246-3 (19.5)
* Bottom line: PATIDAR 48(19) > DAVID 66(24), 
* PARTNERSHIP: 95(36)

**INFO/CAREER PANEL:** Not visible

**SPEED:** Not visib[0m
[37m[21:19:01 F72 EXTRACT] INFO: Extracted in 0.6s (llama-4-scout-17b-16e-instruct)[0m
[37m[21:19:01 F72 TEST] INFO:   [E 572ms] visible_team=Royal Challengers Bengaluru score=246-3 (19.5) target=None rr=None[0m
[37m[21:19:01 F72 TEST] INFO:     BAT: PATIDAR 48(19) [0m
[37m[21:19:01 F72 TEST] INFO:     BAT: DAVID 66(24) [0m
[37m[21:19:02 F72 SCORER] INFO: Scored in 1.0s (llama-4-scout-17b-16e-instruct)[0m
[37m[21:19:02 F72 TEST] INFO:   [S] Hint: Current batters: PATIDAR and DAVID. Bowler: KAMBOJ ALREADY DISMISSED (do NOT dismiss again): Philip Salt, Virat Kohli, Devdutt Padikkal[0m
[37m[21:19:02 F72 TEST] INFO:   [S 1017ms] Changes: ['score→246', 'overs→19.5', 'wickets→3', 'bat:Rajat Patidar=65(23)', 'bat:Tim David=66(24)', 'bowl:Anshul Kamboj'][0m
[37m[21:19:02 F72 TEST] INFO:   Total: 2481ms (V:892 E:572 S:1017)[0m
[37m[21:19:02 F72 TEST] INFO:   [THIS OVER] ['4', '.', '2', 'NB', '6', '1', '6', '2', '4', '6', '6', '6'] = 43 runs[0m
[37m[21:19:02 F72 TEST] INFO:   STATE: Royal Challengers Bengaluru 246-3 (19.5) inn=1 | Bat: Rajat Patidar*(65) Tim David(66) | Bowl: Anshul Kamboj 3-59[0m
[37m[21:19:02 F72 TEST] INFO:   [ACTION] **

The batter, likely David, is in a focused stance, wearing a helmet and facin[0m
[37m[21:19:06 F74 VISION] INFO: [SCOREBOARD] 0.9s (701 chars) +action[0m
[37m[21:19:06 F74 TEST] INFO: 
=======================================================[0m
[37m[21:19:06 F74 TEST] INFO: [F74] SCOREBOARD — #43[0m
[37m[21:19:06 F74 TEST] INFO:   [V 934ms] — 

The live scoreboard strip at the bottom of the screen displays the following information:

- RCB: 246-3 in 19.5 overs
- Batters: PATIDAR (48 runs off 19 balls) and DAVID (66 runs off 24 balls)
- Bowler: KAMBOJ (1-48 in 3.5 overs)

There is no rot[0m
[37m[21:19:07 F74 EXTRACT] INFO: Extracted in 1.2s (llama-4-scout-17b-16e-instruct)[0m
[37m[21:19:07 F74 TEST] INFO:   [E 1222ms] visible_team=Royal Challengers Bengaluru score=246-3 (19.5) target=None rr=None[0m
[37m[21:19:07 F74 TEST] INFO:     BAT: PATIDAR 48(19) *[0m
[37m[21:19:07 F74 TEST] INFO:     BAT: DAVID 66(24) [0m
[37m[21:19:07 F74 TEST] INFO:     BOWL: KAMBOJ 1-48 (3.5)[0m
[37m[21:19:08 F74 SCORER] INFO: Scored in 0.8s (llama-4-scout-17b-16e-instruct)[0m
[37m[21:19:08 F74 TEST] INFO:   [S] Hint: Current batters: PATIDAR and DAVID. Bowler: KAMBOJ ALREADY DISMISSED (do NOT dismiss again): Philip Salt, Virat Kohli, Devdutt Padikkal[0m
[37m[21:19:08 F74 TEST] INFO:   [S 843ms] Changes: ['score→246', 'overs→19.5', 'wickets→3', 'bat:Rajat Patidar=65(23)', 'bat:Tim David=66(24)', 'bowl:Anshul Kamboj'][0m
[37m[21:19:08 F74 TEST] INFO:   Total: 2998ms (V:934 E:1222 S:843)[0m
[37m[21:19:08 F74 TEST] INFO:   [THIS OVER] ['4', '.', '2', 'NB', '6', '1', '6', '2', '4', '6', '6', '6'] = 43 runs[0m
[37m[21:19:08 F74 TEST] INFO:   STATE: Royal Challengers Bengaluru 246-3 (19.5) inn=1 | Bat: Rajat Patidar*(65) Tim David(66) | Bowl: Anshul Kamboj 3-59[0m
[37m[21:19:08 F74 TEST] INFO:   [ACTION] The cricket action visible in the frame shows batters PATIDAR and DAVID at the c[0m
[37m[21:19:08 F74 FIELD] INFO: [F74] IC-gully brought in — attacking[0m
[37m[21:19:08 F74 FIELD] INFO: [F74] IC-behind_keeper_off brought in — attacking[0m
[37m[21:19:08 F74 FIELD] INFO: [F74] IC-square_leg moved to IC-backward_square[0m
[37m[21:19:13 F78 VISION] INFO: [SCOREBOARD] 0.7s (421 chars) +action[0m
[37m[21:19:13 F78 TEST] INFO: 
=======================================================[0m
[37m[21:19:13 F78 TEST] INFO: [F78] SCOREBOARD — #44[0m
[37m[21:19:13 F78 TEST] INFO:   [V 743ms] — 
1. LIVE SCOREBOARD STRIP:
  Top line: RCB, 246-3, (19.5)
  Bottom line: PATIDAR 48(19) > DAVID 66(24), KAMBOJ 1-48(3.5)

ACTION: 
The cricket action shows a crowd of spectators cheering, with no visible action of a delivery being bowled, a batter [0m
[37m[21:19:14 F78 EXTRACT] INFO: Extracted in 1.1s (llama-4-scout-17b-16e-instruct)[0m
[37m[21:19:14 F78 TEST] INFO:   [E 1092ms] visible_team=Royal Challengers Bengaluru score=246-3 (19.5) target=None rr=None[0m
[37m[21:19:14 F78 TEST] INFO:     BAT: PATIDAR 48(19) [0m
[37m[21:19:14 F78 TEST] INFO:     BAT: DAVID 66(24) [0m
[37m[21:19:14 F78 TEST] INFO:     BOWL: KAMBOJ 1-48 (3.5)[0m
[37m[21:19:15 F78 SCORER] INFO: Scored in 1.0s (llama-4-scout-17b-16e-instruct)[0m
[37m[21:19:15 F78 TEST] INFO:   [S] Hint: Current batters: PATIDAR and DAVID. Bowler: KAMBOJ. Read their stats from the scoreboard. ALREADY DISMISSED (do NOT dismiss again): Philip Salt, Virat Kohli, Devdutt Padikkal[0m
[37m[21:19:15 F78 TEST] INFO:   [S 972ms] Changes: ['score→246', 'overs→19.5', 'wickets→3', 'bat:Rajat Patidar=65(23)', 'bat:Tim David=66(24)', 'bowl:Anshul Kamboj'][0m
[37m[21:19:15 F78 TEST] INFO:   Total: 2807ms (V:743 E:1092 S:972)[0m
[37m[21:19:15 F78 TEST] INFO:   [THIS OVER] ['4', '.', '2', 'NB', '6', '1', '6', '2', '4', '6', '6', '6'] = 43 runs[0m
[37m[21:19:15 F78 TEST] INFO:   STATE: Royal Challengers Bengaluru 246-3 (19.5) inn=1 | Bat: Rajat Patidar*(65) Tim David(66) | Bowl: Anshul Kamboj 3-59[0m
[37m[21:19:15 F78 TEST] INFO:   [ACTION] The cricket action shows a crowd of spectators cheering, with no visible action [0m
[37m[21:19:15 F78 FIELD] INFO: [F78] IC-gully moved to IC-behind_keeper_off[0m
[37m[21:19:15 F78 FIELD] INFO: [F78] short leg set — expecting bat-pad[0m
[37m[21:19:15 F78 FIELD] INFO: [F78] IC-backward_square pushed back — defensive[0m
[37m[21:19:15 F78 FIELD] INFO: [F78] IC-extra_cover pushed back — defensive[0m
[37m[21:19:15 F78 FIELD] INFO: [F78] deep fine leg — protecting against top edges[0m
[37m[21:19:18 F80 VISION] INFO: [CLOSEUP] 0.5s (294 chars)[0m
[37m[21:19:18 F80 TEST] INFO: [F80] CLOSEUP 524ms — The player in focus is wearing a light blue jersey with "CHENNAI SUPER KINGS" and "Ashok Leyland" wr (#4)[0m
[37m[21:19:20 F81 VISION] INFO: [SCOREBOARD] 0.7s (601 chars) +action[0m
[37m[21:19:20 F81 TEST] INFO: 
=======================================================[0m
[37m[21:19:20 F81 TEST] INFO: [F81] SCOREBOARD — #45[0m
[37m[21:19:20 F81 TEST] INFO:   [V 719ms] — 

The live scoreboard strip at the bottom of the screen shows:

Top line: Not visible
Bottom line: Not visible

However, on the left side of the screen, a small box displays: 
3|3|9 
TOURNAMENT FOURS

On the bottom bar, it displays: 
FOUR

There is[0m
[37m[21:19:21 F81 EXTRACT] INFO: Extracted in 1.0s (llama-4-scout-17b-16e-instruct)[0m
[37m[21:19:21 F81 TEST] INFO:   [E 1015ms] visible_team=None score=None-None (None) target=None rr=None[0m
[37m[21:19:22 F81 SCORER] INFO: Scored in 1.0s (llama-4-scout-17b-16e-instruct)[0m
[37m[21:19:22 F81 TEST] INFO:   [S] Hint: Current batters: PATIDAR and DAVID. Bowler: KAMBOJ. Read their stats from the scoreboard. ALREADY DISMISSED (do NOT dismiss again): Philip Salt, Virat Kohli, Devdutt Padikkal[0m
[37m[21:19:22 F81 TEST] INFO:   [S 999ms] Changes: ['score→246', 'overs→19.5', 'wickets→3', 'bat:Rajat Patidar=65(23)', 'bat:Tim David=66(24)', 'bowl:Anshul Kamboj'][0m
[37m[21:19:22 F81 TEST] INFO:   Total: 2733ms (V:719 E:1015 S:999)[0m
[37m[21:19:22 F81 TEST] INFO:   [THIS OVER] ['4', '.', '2', 'NB', '6', '1', '6', '2', '4', '6', '6', '6'] = 43 runs[0m
[37m[21:19:22 F81 TEST] INFO:   STATE: Royal Challengers Bengaluru 246-3 (19.5) inn=1 | Bat: Rajat Patidar*(65) Tim David(66) | Bowl: Anshul Kamboj 3-59[0m
[37m[21:19:22 F81 TEST] INFO:   [ACTION] The frame shows a close-up of a player in a teal jersey and cap, likely after hi[0m
[37m[21:19:24 F82 VISION] INFO: [SCOREBOARD] 0.9s (629 chars) +action[0m
[37m[21:19:24 F82 TEST] INFO: 
=======================================================[0m
[37m[21:19:24 F82 TEST] INFO: [F82] SCOREBOARD — #46[0m
[37m[21:19:24 F82 TEST] INFO:   [V 874ms] — bottom scoreboard strip is visible with score/overs/batter info

**LIVE SCOREBOARD STRIP:**

* Top line: RCB 250-3 (20)
* Bottom line: PATIDAR 48(19) > DAVID 70(25), KAMBOJ 1-52(4)
* Info section: 340 TOURNAMENT FOURS, RUN-RATE 12.50

**INFO/CAREER[0m
[37m[21:19:25 F82 EXTRACT] INFO: Extracted in 1.1s (llama-4-scout-17b-16e-instruct)[0m
[37m[21:19:25 F82 TEST] INFO:   [GUARD] Overs 20 = innings complete — end-of-innings summary, skipping[0m
[37m[21:19:25 F82 TEST] INFO:   [INNINGS] Innings 1 total: 250-3[0m
[37m[21:19:27 F83 VISION] INFO: [SCOREBOARD] 0.6s (492 chars) +action[0m
[37m[21:19:27 F83 TEST] INFO: 
=======================================================[0m
[37m[21:19:27 F83 TEST] INFO: [F83] SCOREBOARD — #47[0m
[37m[21:19:27 F83 TEST] INFO:   [V 614ms] — 

The live scoreboard strip at the bottom of the screen displays the following information:

- RCB 250-3 in 20 overs
- Phase Scores: 
  - 1-6 overs: 51-1
  - 7-15 overs: 102-2
  - 16-20 overs: 97-0

There is no information about the two batters wit[0m
[37m[21:19:27 F83 EXTRACT] INFO: Extracted in 0.8s (llama-4-scout-17b-16e-instruct)[0m
[37m[21:19:27 F83 TEST] INFO:   [GUARD] Overs 20 = innings complete — end-of-innings summary, skipping[0m
[37m[21:19:29 F84 VISION] INFO: [SCOREBOARD] 0.7s (666 chars) +action[0m
[37m[21:19:29 F84 TEST] INFO: 
=======================================================[0m
[37m[21:19:29 F84 TEST] INFO: [F84] SCOREBOARD — #48[0m
[37m[21:19:29 F84 TEST] INFO:   [V 729ms] — bottom scoreboard strip is visible with score/overs/batter info

**LIVE SCOREBOARD STRIP:**
- Top line: RCB, 250-3, 20
- Bottom line: Not fully visible, but shows PATIDAR and DAVID as current batters

**INFO/CAREER PANEL:** Not visible

**OTHER:**
[0m
[37m[21:19:30 F84 EXTRACT] INFO: Extracted in 0.7s (llama-4-scout-17b-16e-instruct)[0m
[37m[21:19:30 F84 TEST] INFO:   [GUARD] Overs 20 = innings complete — end-of-innings summary, skipping[0m
[37m[21:19:31 F85 TEST] INFO: [F85] Pixel skip #20[0m
[37m[21:19:33 F86 VISION] INFO: [SCOREBOARD] 0.6s (582 chars) +action[0m
[37m[21:19:33 F86 TEST] INFO: 
=======================================================[0m
[37m[21:19:33 F86 TEST] INFO: [F86] SCOREBOARD — #49[0m
[37m[21:19:33 F86 TEST] INFO:   [V 620ms] — bottom scoreboard strip is visible with score/overs/batter info

1. LIVE SCOREBOARD STRIP:
  Top line: RCB, 250-3, 20
  Bottom line: Not fully visible, but PATIDAR and DAVID are mentioned as the current batters.

2. PHASE SCORES:
  1-6 OVERS: 51-1
[0m
[37m[21:19:34 F86 EXTRACT] INFO: Extracted in 0.6s (llama-4-scout-17b-16e-instruct)[0m
[37m[21:19:34 F86 TEST] INFO:   [GUARD] Overs 20 = innings complete — end-of-innings summary, skipping[0m
[37m[21:19:35 F87 VISION] INFO: [ADVERTISEMENT] 0.3s (13 chars)[0m
[37m[21:19:35 F87 TEST] INFO: [F87] AD 268ms (#14)[0m
[37m[21:19:36 F88 VISION] INFO: [ADVERTISEMENT] 0.3s (13 chars)[0m
[37m[21:19:36 F88 TEST] INFO: [F88] AD 279ms (#15)[0m
[37m[21:19:38 F89 VISION] INFO: [ADVERTISEMENT] 0.3s (13 chars)[0m
[37m[21:19:38 F89 TEST] INFO: [F89] AD 286ms (#16)[0m
[37m[21:19:43 F93 VISION] INFO: [ADVERTISEMENT] 0.2s (13 chars)[0m
[37m[21:19:43 F93 TEST] INFO: [F93] AD 247ms (#17)[0m
[37m[21:19:45 F94 VISION] INFO: [SCOREBOARD] 0.9s (846 chars) +action[0m
[37m[21:19:45 F94 TEST] INFO: 
=======================================================[0m
[37m[21:19:45 F94 TEST] INFO: [F94] SCOREBOARD — #50[0m
[37m[21:19:45 F94 TEST] INFO:   [V 867ms] — bottom scoreboard strip is visible with score/overs/batter info

**Scoreboard Data:**

* Top line: RCB 250-3 (20)
* Bottom line: Not fully visible, but PATIDAR and DAVID are the current batters

**Detailed Scoreboard Information:**

* Team: RCB vs [0m
[37m[21:19:45 F94 EXTRACT] INFO: Extracted in 0.6s (llama-4-scout-17b-16e-instruct)[0m
[37m[21:19:45 F94 TEST] INFO:   [GUARD] Overs 20 = innings complete — end-of-innings summary, skipping[0m
[37m[21:19:49 F97 VISION] INFO: [SCOREBOARD] 0.7s (709 chars) +action[0m
[37m[21:19:49 F97 TEST] INFO: 
=======================================================[0m
[37m[21:19:49 F97 TEST] INFO: [F97] SCOREBOARD — #51[0m
[37m[21:19:49 F97 TEST] INFO:   [V 746ms] — bottom scoreboard strip is visible with score/overs/batter info

**LIVE SCOREBOARD STRIP:**

* Top line: RCB, 250-3 (20)
* Bottom line: Not fully visible, but shows PATIDAR and DAVID as batters

Additional data:
* 1-6 overs: 51-1
* 7-15 overs: 102-[0m
[37m[21:19:50 F97 EXTRACT] INFO: Extracted in 0.9s (llama-4-scout-17b-16e-instruct)[0m
[37m[21:19:50 F97 TEST] INFO:   [GUARD] Overs 20 = innings complete — end-of-innings summary, skipping[0m
[37m[21:19:56 F101 VISION] INFO: [SCOREBOARD] 0.8s (527 chars) +action[0m
[37m[21:19:56 F101 TEST] INFO: 
=======================================================[0m
[37m[21:19:56 F101 TEST] INFO: [F101] SCOREBOARD — #52[0m
[37m[21:19:56 F101 TEST] INFO:   [V 847ms] — 

The scoreboard strip at the bottom of the screen displays:

* RCB v CSK
* RCB: 250-3 (20)
* BENGALURU
* Phase Scores:
	+ 1-6 overs: 51-1
	+ 7-15 overs: 102-2
	+ 16-20 overs: 97-0

No info panel is visible.

ACTION:

The frame shows a close-up of [0m
[37m[21:19:57 F101 EXTRACT] INFO: Extracted in 1.1s (llama-4-scout-17b-16e-instruct)[0m
[37m[21:19:57 F101 TEST] INFO:   [GUARD] Overs 20 = innings complete — end-of-innings summary, skipping[0m
[37m[21:19:59 F102 VISION] INFO: [SCOREBOARD] 0.7s (807 chars) +action[0m
[37m[21:19:59 F102 TEST] INFO: 
=======================================================[0m
[37m[21:19:59 F102 TEST] INFO: [F102] SCOREBOARD — #53[0m
[37m[21:19:59 F102 TEST] INFO:   [V 749ms] — 

The scoreboard strip at the bottom of the screen displays the following information:

* RCB: 250-3 in 20 overs
* Batter 1: not visible
* Batter 2: not visible
* Bowler: not visible
* 1-6 overs: 51-1
* 7-15 overs: 102-2
* 16-20 overs: 97-0

There [0m
[37m[21:20:00 F102 EXTRACT] INFO: Extracted in 1.0s (llama-4-scout-17b-16e-instruct)[0m
[37m[21:20:00 F102 TEST] INFO:   [GUARD] Overs 20 = innings complete — end-of-innings summary, skipping[0m
[37m[21:20:03 F104 VISION] INFO: [SCOREBOARD] 0.7s (722 chars) +action[0m
[37m[21:20:03 F104 TEST] INFO: 
=======================================================[0m
[37m[21:20:03 F104 TEST] INFO: [F104] SCOREBOARD — #54[0m
[37m[21:20:03 F104 TEST] INFO:   [V 742ms] — 

The live scoreboard strip at the bottom of the screen displays the following information:

- RCB: 250-3 in 20 overs
- Batter 1: Not explicitly mentioned but presumably PATIDAR 
- Batter 2: Not explicitly mentioned but presumably DAVID
- The score[0m
[37m[21:20:04 F104 EXTRACT] INFO: Extracted in 0.7s (llama-4-scout-17b-16e-instruct)[0m
[37m[21:20:04 F104 TEST] INFO:   [GUARD] Overs 20 = innings complete — end-of-innings summary, skipping[0m
[37m[21:20:05 F105 VISION] INFO: [ADVERTISEMENT] 0.3s (13 chars)[0m
[37m[21:20:05 F105 TEST] INFO: [F105] AD 308ms (#18)[0m
[37m[21:20:06 F106 TEST] INFO: [F106] Pixel skip #30[0m
[37m[21:20:15 F113 VISION] INFO: [SCOREBOARD] 0.8s (586 chars) +action[0m
[37m[21:20:15 F113 TEST] INFO: 
=======================================================[0m
[37m[21:20:15 F113 TEST] INFO: [F113] SCOREBOARD — #55[0m
[37m[21:20:15 F113 TEST] INFO:   [V 824ms] The live scoreboard strip shows:

Top line: RCB, 47-2 (6.4)
Bottom line: PATIDAR 8(9) DAVID 16(12) KAMBOJ 0-31 (4)

There is no info panel visible.

There is no bowling speed or extra information visible.

The over-by-over results are not shown.

The[0m
[37m[21:20:16 F113 EXTRACT] INFO: Extracted in 1.3s (llama-4-scout-17b-16e-instruct)[0m
[37m[21:20:16 F113 TEST] INFO:   [E 1347ms] visible_team=Royal Challengers Bengaluru score=47-2 (6.4) target=None rr=None[0m
[37m[21:20:16 F113 TEST] INFO:     BAT: PATIDAR 8(9) [0m
[37m[21:20:16 F113 TEST] INFO:     BAT: DAVID 16(12) [0m
[37m[21:20:16 F113 TEST] INFO:     BOWL: KAMBOJ 0-31 (4)[0m
[37m[21:20:17 F113 SCORER] INFO: Scored in 1.0s (llama-4-scout-17b-16e-instruct)[0m
[37m[21:20:17 F113 TEST] INFO:   [S] Hint: Current batters: PATIDAR and DAVID. Bowler: KAMBOJ. Read their stats from the scoreboard. ALREADY DISMISSED (do NOT dismiss again): Philip Salt, Virat Kohli, Devdutt Padikkal[0m
[37m[21:20:17 F113 TEST] INFO:   [S 1006ms] Changes: ['score→246', 'overs→19.5', 'wickets→3', 'bat:Rajat Patidar=65(23)', 'bat:Tim David=66(24)', 'bowl:Anshul Kamboj'][0m
[37m[21:20:17 F113 TEST] INFO:   Total: 3177ms (V:824 E:1347 S:1006)[0m
[37m[21:20:17 F113 TEST] INFO:   [THIS OVER] ['4', '.', '2', 'NB', '6', '1', '6', '2', '4', '6', '6', '6'] = 43 runs[0m
[37m[21:20:17 F113 TEST] INFO:   STATE: Royal Challengers Bengaluru 246-3 (19.5) inn=1 | Bat: Rajat Patidar*(65) Tim David(66) | Bowl: Anshul Kamboj 3-59[0m
[37m[21:20:17 F113 TEST] INFO:   [ACTION] The batter in a purple jersey with "LUMINOUS" on it is celebrating, possibly aft[0m
[37m[21:20:19 F114 VISION] INFO: [SCOREBOARD] 0.7s (525 chars) +action[0m
[37m[21:20:19 F114 TEST] INFO: 
=======================================================[0m
[37m[21:20:19 F114 TEST] INFO: [F114] SCOREBOARD — #56[0m
[37m[21:20:19 F114 TEST] INFO:   [V 713ms] — 

1. LIVE SCOREBOARD STRIP:
  Top line: RCB, 128-2 (11.4)
  Bottom line: Patidar 28(20), David 26(23), Kamboj 1-29(3.4)
 
  EXTRA: no information
  THIS OVER: no information
  SPEED: no information
  FULL SCORECARD GRAPHIC: not visible

ACTION:
The[0m
[37m[21:20:20 F114 EXTRACT] INFO: Extracted in 1.1s (llama-4-scout-17b-16e-instruct)[0m
[37m[21:20:20 F114 TEST] INFO:   [E 1065ms] visible_team=Royal Challengers Bengaluru score=128-2 (11.4) target=None rr=None[0m
[37m[21:20:20 F114 TEST] INFO:     BAT: Patidar 28(20) [0m
[37m[21:20:20 F114 TEST] INFO:     BAT: David 26(23) [0m
[37m[21:20:20 F114 TEST] INFO:     BOWL: Kamboj 1-29 (3.4)[0m
[37m[21:20:21 F114 SCORER] INFO: Scored in 0.8s (llama-4-scout-17b-16e-instruct)[0m
[37m[21:20:21 F114 TEST] INFO:   [S] Hint: Current batters: Patidar and David. Bowler: Kamboj. Read their stats from the scoreboard. ALREADY DISMISSED (do NOT dismiss again): Philip Salt, Virat Kohli, Devdutt Padikkal[0m
[37m[21:20:21 F114 TEST] INFO:   [S 818ms] Changes: ['score→246', 'overs→19.5', 'wickets→3', 'bat:Rajat Patidar=65(23)', 'bat:Tim David=66(24)', 'bowl:Anshul Kamboj'][0m
[37m[21:20:21 F114 TEST] INFO:   Total: 2596ms (V:713 E:1065 S:818)[0m
[37m[21:20:21 F114 TEST] INFO:   [THIS OVER] ['4', '.', '2', 'NB', '6', '1', '6', '2', '4', '6', '6', '6'] = 43 runs[0m
[37m[21:20:21 F114 TEST] INFO:   STATE: Royal Challengers Bengaluru 246-3 (19.5) inn=1 | Bat: Rajat Patidar*(65) Tim David(66) | Bowl: Anshul Kamboj 3-59[0m
[37m[21:20:21 F114 TEST] INFO:   [ACTION] The batter, likely Patidar or David, is in the process of playing a shot, having[0m
[37m[21:20:23 F115 VISION] INFO: [CLOSEUP] 0.5s (529 chars) +action[0m
[37m[21:20:23 F115 TEST] INFO: [F115] CLOSEUP 501ms — The image shows a close-up of a player wearing a purple and red jersey with "Jio" and other logos on (#5)[0m
[37m[21:20:24 F116 VISION] INFO: [ADVERTISEMENT] 0.6s (13 chars)[0m
[37m[21:20:25 F116 TEST] INFO: [F116] AD 560ms (#19)[0m
[37m[21:20:26 F117 VISION] INFO: [ADVERTISEMENT] 0.3s (13 chars)[0m
[37m[21:20:26 F117 TEST] INFO: [F117] AD 321ms (#20)[0m
[37m[21:20:29 F119 VISION] INFO: [ADVERTISEMENT] 0.3s (13 chars)[0m
[37m[21:20:29 F119 TEST] INFO: [F119] AD 310ms (#21)[0m
[37m[21:20:30 F120 VISION] INFO: [ADVERTISEMENT] 0.8s (13 chars)[0m
[37m[21:20:30 F120 TEST] INFO: [F120] AD 771ms (#22)[0m
[37m[21:20:33 F122 VISION] INFO: [ADVERTISEMENT] 0.3s (13 chars)[0m
[37m[21:20:33 F122 TEST] INFO: [F122] AD 312ms (#23)[0m
[37m[21:20:35 F123 VISION] INFO: [SCOREBOARD] 0.9s (401 chars) +action[0m
[37m[21:20:35 F123 TEST] INFO: 
=======================================================[0m
[37m[21:20:35 F123 TEST] INFO: [F123] SCOREBOARD — #57[0m
[37m[21:20:35 F123 TEST] INFO:   [V 868ms] The live scoreboard strip is not visible in the provided image.

ACTION:
The batter, wearing a purple jersey and helmet, is in the process of playing a shot. The player is holding the bat up, likely having just hit the ball. The background shows a gr[0m
[37m[21:20:36 F123 EXTRACT] INFO: Extracted in 0.8s (llama-4-scout-17b-16e-instruct)[0m
[37m[21:20:36 F123 TEST] INFO:   [E 793ms] visible_team=None score=None-None (None) target=None rr=None[0m
[37m[21:20:37 F123 SCORER] INFO: Scored in 1.0s (llama-4-scout-17b-16e-instruct)[0m
[37m[21:20:37 F123 TEST] INFO:   [S] Hint: Current batters: PATIDAR and DAVID. Bowler: KAMBOJ. Read their stats from the scoreboard. ALREADY DISMISSED (do NOT dismiss again): Philip Salt, Virat Kohli, Devdutt Padikkal[0m
[37m[21:20:37 F123 TEST] INFO:   [S 1030ms] Changes: ['score→246', 'overs→19.5', 'wickets→3', 'bat:Rajat Patidar=65(23)', 'bat:Tim David=66(24)', 'bowl:Anshul Kamboj'][0m
[37m[21:20:37 F123 TEST] INFO:   Total: 2691ms (V:868 E:793 S:1030)[0m
[37m[21:20:37 F123 TEST] INFO:   [THIS OVER] ['4', '.', '2', 'NB', '6', '1', '6', '2', '4', '6', '6', '6'] = 43 runs[0m
[37m[21:20:37 F123 TEST] INFO:   STATE: Royal Challengers Bengaluru 246-3 (19.5) inn=1 | Bat: Rajat Patidar*(65) Tim David(66) | Bowl: Anshul Kamboj 3-59[0m
[37m[21:20:37 F123 TEST] INFO:   [ACTION] The batter, wearing a purple jersey and helmet, is in the process of playing a s[0m
[37m[21:20:38 F124 VISION] INFO: [ADVERTISEMENT] 0.3s (13 chars)[0m
[37m[21:20:38 F124 TEST] INFO: [F124] AD 309ms (#24)[0m
[37m[21:20:40 F125 VISION] INFO: [ADVERTISEMENT] 0.4s (13 chars)[0m
[37m[21:20:40 F125 TEST] INFO: [F125] AD 379ms (#25)[0m
[37m[21:20:41 F125 TEST] INFO: 
============================================================[0m
[37m[21:20:41 F125 TEST] INFO: TEST COMPLETE — 300s[0m
[37m[21:20:41 F125 TEST] INFO:   Frames: 125 | Pipeline: 57 | PixDiff: 38 | Ads: 25 | Context: 5[0m
[37m[21:20:41 F125 TEST] INFO:   Final: {'score': 246, 'wickets': 3, 'overs': '19.5', 'batting_team': 'Royal Challengers Bengaluru', 'bowling_team': 'Chennai Super Kings', 'striker': 'Rajat Patidar', 'non_striker': 'Tim David', 'current_bowler': 'Anshul Kamboj', 'run_rate': None, 'target': None, 'active_batters': {'Rajat Patidar': {'runs': 65, 'balls': 23}, 'Tim David': {'runs': 66, 'balls': 24}}, 'innings': 1}[0m
[37m[21:20:41 F125 TEST] INFO: ============================================================[0m
[37m[21:20:41 F125 TEST] INFO: 
BATTING CARD:[0m
[37m[21:20:41 F125 TEST] INFO:  # Player                 Status          R    B  4s  6s      SR
-----------------------------------------------------------------
 1 Philip Salt            out             -    -   -   -       -
 2 Virat Kohli            out             -    -   -   -       -
 3 Devdutt Padikkal       out             -    -   -   -       -
 4 Rajat Patidar          batting        65   23   -   -       -
 5 Jitesh Sharma          yet_to_bat      -    -   -   -       -
 6 Tim David              batting        66   24   -   -       -
 7 Romario Shepherd       yet_to_bat      -    -   -   -       -
 8 Krunal Pandya          yet_to_bat      -    -   -   -       -
 9 Bhuvneshwar Kumar      yet_to_bat      -    -   -   -       -
10 Abhinandan Singh       yet_to_bat      -    -   -   -       -
11 Jacob Duffy            yet_to_bat      -    -   -   -       -
12 Suyash Sharma          yet_to_bat      -    -   -   -       -
13 Jacob Bethell          yet_to_bat      -    -   -   -       -
14 Rasikh Salam Dar       yet_to_bat      -    -   -   -       -
15 Kanishk Chouhan        yet_to_bat      -    -   -   -       -
16 Venkatesh Iyer         yet_to_bat      -    -   -   -       -
17 Josh Hazlewood         yet_to_bat      -    -   -   -       -
18 Mangesh Yadav          yet_to_bat      -    -   -   -       -
19 Vihaan Malhotra        yet_to_bat      -    -   -   -       -
20 Vicky Ostwal           yet_to_bat      -    -   -   -       -
21 Jordan Cox             yet_to_bat      -    -   -   -       -
22 Swapnil Singh          yet_to_bat      -    -   -   -       -
23 Satvik Deswal          yet_to_bat      -    -   -   -       -[0m
[37m[21:20:41 F125 TEST] INFO: 
BOWLING CARD:[0m
[37m[21:20:41 F125 TEST] INFO: Player                     O  M    R  W   Econ
---------------------------------------------
Sanju Samson               -  -    -  -      -
Ruturaj Gaikwad            -  -    -  -      -
Ayush Mhatre               -  -    -  -      -
Sarfaraz Khan              -  -    -  -      -
Shivam Dube                -  -    -  -      -
Prashant Veer              -  -    -  -      -
Jamie Overton              -  -    -  -      -
Noor Ahmad                 -  -    -  -      -
Anshul Kamboj            4.0  -   59  3      -
Matt Henry                 -  -    -  -      -
Khaleel Ahmed              -  -    -  -      -
Matthew Short              -  -    -  -      -
Akeal Hosein               -  -    -  -      -
Kartik Sharma              -  -    -  -      -
Ramakrishna Ghosh          -  -    -  -      -
Gurjapneet Singh           -  -    -  -      -
Rahul Chahar               -  -    -  -      -
MS Dhoni                   -  -    -  -      -
Shreyas Gopal              -  -    -  -      -
Spencer Johnson            -  -    -  -      -
Mukesh Choudhary           -  -    -  -      -
Urvil Patel                -  -    -  -      -
Aman Khan                  -  -    -  -      -
Dewald Brevis              -  -    -  -      -
Zakary Foulkes             -  -    -  -      -[0m
[37m[21:20:41 F125 TEST] INFO: 
EXTRAS: wides=0 no_balls=0 byes=0 leg_byes=0 total=0[0m
[37m[21:20:41 F125 TEST] INFO: OVERS TRACKED: 0 complete[0m
[37m[21:20:41 F125 TEST] INFO:   Current over: ['4', '.', '2', 'NB', '6', '1', '6', '2', '4', '6', '6', '6'] = 43 runs[0m
[37m[21:20:41 F125 TEST] INFO: 
BALL EVENTS: 6 detected[0m
[37m[21:20:41 F125 TEST] INFO:   19.0 WICKET: +0 (bat=None bowl=Anshul Kamboj) — **

The batter, likely David, appears to be walking out of t[0m
[37m[21:20:41 F125 TEST] INFO:   19.1 SIX: +6 (bat=Rajat Patidar bowl=Anshul Kamboj) — The cricket action is not clearly visible, but it appears to[0m
[37m[21:20:41 F125 TEST] INFO:   19.2 DOT: +0 (bat=Rajat Patidar bowl=Anshul Kamboj) — The batter, likely David, appears to be in the process of pl[0m
[37m[21:20:41 F125 TEST] INFO:   19.3 1_RUNS: +1 (bat=Rajat Patidar bowl=Anshul Kamboj) — The frame shows a player in a purple and brown jersey with t[0m
[37m[21:20:41 F125 TEST] INFO:   19.4 1_RUNS: +1 (bat=Tim David bowl=Anshul Kamboj) — The frame shows a close-up of a player, likely a member of t[0m
[37m[21:20:41 F125 TEST] INFO:   19.5 EXTRA: +1 (bat=None bowl=Anshul Kamboj) — **

The batter, Patidar, is walking off the field. Another p[0m
[37m[21:20:41 F125 TEST] INFO: PARTNERSHIPS: 0 completed[0m
[37m[21:20:41 F125 TEST] INFO:   Current: ['Rajat Patidar', 'Tim David'] — 9 runs off 5 balls (unbroken)[0m
[37m[21:20:41 F125 TEST] INFO: MATCH SITUATION: {"run_rate": 12.62, "balls_bowled": 119, "balls_remaining": 1, "wickets_in_hand": 7}[0m
[37m[21:20:41 F125 TEST] INFO: 
FIELD STATE: balanced | slips:0 close:0 in:0 out:0 | 7 fielders | conf:0.8 | keeper:- | validated:True | freshness:live[0m
[37m[21:20:41 F125 TEST] INFO:   Field changes detected: 73[0m
[37m[21:20:41 F125 TEST] INFO:   Last merge source: vision_only (yolo:0 vision:7)[0m
