WARNING ⚠️ torchvision==0.26 is incompatible with torch==2.10.
Run 'pip install torchvision==0.25' to fix torchvision or 'pip install -U torch torchvision' to update both.
For a full compatibility table see https://github.com/pytorch/vision#installation
Warning: You are sending unauthenticated requests to the HF Hub. Please set a HF_TOKEN to enable higher rate limits and faster downloads.
[37m[15:59:11 F0 TEST] INFO: [WS] Server started on ws://0.0.0.0:8765[0m
[37m[15:59:11 F0 TEST] INFO: [WS] Commentary server on ws://0.0.0.0:8766[0m
[37m[15:59:11 F0 TEST] INFO: ============================================================[0m
[37m[15:59:11 F0 TEST] INFO: SCRAPING SQUADS...[0m
[37m[15:59:11 F0 SQUAD] INFO: Fetching: https://www.cricbuzz.com/cricket-match-squads/151807/rcb-vs-dc-26th-match-indian-premier-league-2026[0m
[37m[15:59:11 F0 SQUAD] INFO:   Royal Challengers Bengaluru: 11 XI + 13 bench[0m
[37m[15:59:11 F0 SQUAD] INFO:     Virat Kohli — batter[0m
[37m[15:59:11 F0 SQUAD] INFO:     Philip Salt (WK) — wk_batter[0m
[37m[15:59:11 F0 SQUAD] INFO:     Devdutt Padikkal — batter[0m
[37m[15:59:11 F0 SQUAD] INFO:     Rajat Patidar (C) — batter[0m
[37m[15:59:11 F0 SQUAD] INFO:     Jitesh Sharma (WK) — wk_batter[0m
[37m[15:59:11 F0 SQUAD] INFO:     Tim David — batter[0m
[37m[15:59:11 F0 SQUAD] INFO:     Romario Shepherd — bowl_allrounder[0m
[37m[15:59:11 F0 SQUAD] INFO:     Krunal Pandya — bat_allrounder[0m
[37m[15:59:11 F0 SQUAD] INFO:     Bhuvneshwar Kumar — bowler[0m
[37m[15:59:11 F0 SQUAD] INFO:     Suyash Sharma — bowler[0m
[37m[15:59:11 F0 SQUAD] INFO:     Josh Hazlewood — bowler[0m
[37m[15:59:11 F0 SQUAD] INFO:     [bench] Rasikh Salam Dar — bowler[0m
[37m[15:59:11 F0 SQUAD] INFO:     [bench] Venkatesh Iyer — bat_allrounder[0m
[37m[15:59:11 F0 SQUAD] INFO:     [bench] Jordan Cox — wk_batter[0m
[37m[15:59:11 F0 SQUAD] INFO:     [bench] Mangesh Yadav — bowl_allrounder[0m
[37m[15:59:11 F0 SQUAD] INFO:     [bench] Vicky Ostwal — bowler[0m
[37m[15:59:11 F0 SQUAD] INFO:     [bench] Kanishk Chouhan — bowl_allrounder[0m
[37m[15:59:11 F0 SQUAD] INFO:     [bench] Jacob Duffy — bowler[0m
[37m[15:59:11 F0 SQUAD] INFO:     [bench] Swapnil Singh — bowler[0m
[37m[15:59:11 F0 SQUAD] INFO:     [bench] Nuwan Thushara — bowler[0m
[37m[15:59:11 F0 SQUAD] INFO:     [bench] Jacob Bethell — bat_allrounder[0m
[37m[15:59:11 F0 SQUAD] INFO:     [bench] Vihaan Malhotra — bat_allrounder[0m
[37m[15:59:11 F0 SQUAD] INFO:     [bench] Abhinandan Singh — bowler[0m
[37m[15:59:11 F0 SQUAD] INFO:     [bench] Satvik Deswal — bowl_allrounder[0m
[37m[15:59:11 F0 SQUAD] INFO:   Delhi Capitals: 11 XI + 13 bench[0m
[37m[15:59:11 F0 SQUAD] INFO:     Pathum Nissanka — batter[0m
[37m[15:59:11 F0 SQUAD] INFO:     KL Rahul (WK) — wk_batter[0m
[37m[15:59:11 F0 SQUAD] INFO:     Sameer Rizvi — batter[0m
[37m[15:59:11 F0 SQUAD] INFO:     Axar Patel (C) — bowl_allrounder[0m
[37m[15:59:11 F0 SQUAD] INFO:     David Miller — batter[0m
[37m[15:59:11 F0 SQUAD] INFO:     Tristan Stubbs (WK) — wk_batter[0m
[37m[15:59:11 F0 SQUAD] INFO:     Auqib Nabi Dar — bowl_allrounder[0m
[37m[15:59:11 F0 SQUAD] INFO:     Lungi Ngidi — bowler[0m
[37m[15:59:11 F0 SQUAD] INFO:     Kuldeep Yadav — bowler[0m
[37m[15:59:11 F0 SQUAD] INFO:     T Natarajan — bowler[0m
[37m[15:59:11 F0 SQUAD] INFO:     Mukesh Kumar — bowler[0m
[37m[15:59:11 F0 SQUAD] INFO:     [bench] Vipraj Nigam — bowl_allrounder[0m
[37m[15:59:11 F0 SQUAD] INFO:     [bench] Ashutosh Sharma — bat_allrounder[0m
[37m[15:59:11 F0 SQUAD] INFO:     [bench] Karun Nair — batter[0m
[37m[15:59:11 F0 SQUAD] INFO:     [bench] Dushmantha Chameera — bowler[0m
[37m[15:59:11 F0 SQUAD] INFO:     [bench] Nitish Rana — batter[0m
[37m[15:59:11 F0 SQUAD] INFO:     [bench] Mitchell Starc — bowler[0m
[37m[15:59:11 F0 SQUAD] INFO:     [bench] Kyle Jamieson — bowler[0m
[37m[15:59:11 F0 SQUAD] INFO:     [bench] Ajay Jadav Mandal — bowl_allrounder[0m
[37m[15:59:11 F0 SQUAD] INFO:     [bench] Prithvi Shaw — batter[0m
[37m[15:59:11 F0 SQUAD] INFO:     [bench] Tripurana Vijay — bowl_allrounder[0m
[37m[15:59:11 F0 SQUAD] INFO:     [bench] Abishek Porel — wk_batter[0m
[37m[15:59:11 F0 SQUAD] INFO:     [bench] Sahil Parakh — batter[0m
[37m[15:59:11 F0 SQUAD] INFO:     [bench] Madhav Tiwari — bowl_allrounder[0m
[37m[15:59:11 F0 TEST] INFO: Teams: ['Royal Challengers Bengaluru', 'Delhi Capitals'][0m
[37m[15:59:11 F0 TEST] INFO: Team variants: ['BAN', 'BANGALORE', 'BEN', 'BENGALURU', 'CAP', 'CAPITALS', 'CHA', 'CHALLENGERS', 'DC', 'DE', 'DEL', 'DELHI', 'DELHI CAPITALS', 'RCB', 'RO', 'ROY', 'ROYAL', 'ROYAL CHALLENGERS BENGALURU'][0m
[37m[15:59:12 F0 TEST] INFO: Found Firefox window (on-screen): id=722 1019.0x825.0 "RCB vs DC Live video streaming | TATA IPL 2026"[0m
[37m[15:59:12 F0 TEST] INFO: [BALL ANALYZER] Background capture started[0m
[37m[15:59:13 F0 FIELD] INFO: Pitch detected from green mask at (0.54, 0.60) (fallback — will recalibrate from people)[0m
[37m[15:59:13 F0 TEST] INFO: [CLEANUP] Cleared old debug frames[0m
[37m[15:59:13 F0 TEST] INFO: [CACHE] Found state from frame 510 (335s ago)[0m
[37m[15:59:13 F0 BOARD] INFO: Scorecards built: Royal Challengers Bengaluru (24 bat) vs Delhi Capitals (24 bowl)[0m
[37m[15:59:13 F0 TEST] INFO: === TEAMS SET: Royal Challengers Bengaluru batting (inn 1) vs Delhi Capitals bowling ===[0m
[37m[15:59:13 F0 BOARD] INFO: [CACHE] Restored: 40-0 (4.3) from frame 510[0m
[37m[15:59:13 F0 TEST] INFO: ============================================================[0m
[37m[15:59:13 F0 TEST] INFO: [CONFIG] Vision:    Scout 17B (single call tag+read)[0m
[37m[15:59:13 F0 TEST] INFO: [CONFIG] Extractor: Groq (Scout 17B → 8B fallback)[0m
[37m[15:59:13 F0 TEST] INFO: [CONFIG] Scorer:    Groq (Scout 17B → 8B fallback)[0m
[37m[15:59:13 F0 TEST] INFO: PIPELINE STARTED — 18000s — NO TEAM ASSUMPTION[0m
[37m[15:59:13 F0 TEST] INFO: ============================================================[0m
[37m[15:59:13 F1 OVER] INFO: this_over count mismatch: team@4.3 expects 3 legal balls, observed 0 legal (tokens=[]) — keeping observations[0m
[37m[15:59:15 F1 VISION] INFO: [SCOUT] SCOREBOARD 1967ms strip=True overlay=False drs=False digits=True 186 chars[0m
[37m[15:59:15 F1 TEST] INFO: 
=======================================================[0m
[37m[15:59:15 F1 TEST] INFO: [F1] SCOREBOARD — #1[0m
[37m[15:59:15 F1 TEST] INFO:   [V 1970ms] STRIP: RCB 53-1 (5.2) | SALT 30(18) | PADIKKAL 1(1) | NGIDI 1-1 (0.2)[0m
[37m[15:59:16 F1 EXTRACT] INFO: Extracted in 0.9s (llama-4-scout-17b-16e-instruct)[0m
[37m[15:59:16 F1 TEST] INFO:   [E 914ms] visible_team=Royal Challengers Bengaluru score=53-1 (5.2) target=None rr=None[0m
[37m[15:59:16 F1 TEST] INFO:     BAT: SALT 30(18) [0m
[37m[15:59:16 F1 TEST] INFO:     BAT: PADIKKAL 1(1) [0m
[37m[15:59:16 F1 TEST] INFO:     BOWL: NGIDI 1-1 (0.2)[0m
[37m[15:59:16 F1 TEST] INFO:   [POISONED] Extracted score 53 vs tracker 40 (delta=13) — blocking ALL updates this frame[0m
[37m[15:59:16 F1 TEST] INFO:   [INIT] First-frame initialization complete: 40-0(4.3)[0m
[37m[15:59:17 F1 SCORER] INFO: Scored in 1.1s (llama-4-scout-17b-16e-instruct)[0m
[37m[15:59:17 F1 TEST] INFO:   [S] Hint: Current batters: PADIKKAL and SALT. Bowler: NGIDI. Read their stats from the scoreboard.[0m
[37m[15:59:17 F1 TEST] INFO:   [CONSENSUS] Poisoned score 53 frame 1/2, waiting[0m
[37m[15:59:17 F1 TEST] INFO:   [S 1104ms] Changes: ['FRAME_POISONED:53'][0m
[37m[15:59:17 F1 TEST] INFO:   Total: 3987ms (V:1970 E:914 S:1104)[0m
[37m[15:59:17 F1 OVER] INFO: Joined at 4.3, pre-filled 3 balls as '?'[0m
[37m[15:59:17 F1 TEST] INFO:   [THIS OVER] ['?', '?', '?'] = 0 runs[0m
[37m[15:59:17 F1 TEST] INFO:   STATE: Royal Challengers Bengaluru 40-0 (4.3) inn=1 RR=8.89 | Bat: Virat Kohli(19) Philip Salt*(18) | Bowl: Lungi Ngidi None-None[0m
[37m[15:59:17 F1 SCORE_MGR] INFO: [SM] cold-start candidate seeded 40/0 (4.3) — streak 1/3[0m
[37m[15:59:17 F1 TEST] INFO:   [ACTION] A player is diving to field the ball.[0m
[37m[15:59:17 F1 TEST] INFO: DETAIL|F1|SCOREBOARD|tag=SCOREBOARD|scout=STRIP: RCB 53-1 (5.2) | SALT 30(18) | PADIKKAL 1(1) | NGIDI 1-1 (0.2)|action=A player is diving to field the ball.|ext_score=53-1(5.2)|ext_bat=SALT 30(18) | PADIKKAL 1(1)|ext_bowl=NGIDI 1-1 (0.2)|scorer_changes=['FRAME_POISONED:53']|yolo=6|BEFORE_score=40-0(4.3)|BEFORE_bat1=Virat Kohli 19(12)|BEFORE_bat2=Philip Salt 18(15)|BEFORE_bowl=Auqib Nabi Dar 0-24 (2.3)|BEFORE_this_over=[]|AFTER_score=40-0(4.3)|AFTER_bat1=Virat Kohli 19(12)|AFTER_bat2=Philip Salt 18(15)|AFTER_bowl=Lungi Ngidi None-None (None)|AFTER_this_over=['?', '?', '?']|AFTER_this_over_src=?(bcast),?(bcast),?(bcast)|AFTER_striker=Philip Salt|AFTER_non_striker=Virat Kohli|AFTER_run_rate=8.89|AFTER_target=—|AFTER_innings=1|AFTER_partnership=0(0)|AFTER_fow_count=0|AFTER_field=pace_powerplay frozen=True fielders=['gully', 'fine_leg', 'leg_slip', 'forward_short_leg', 'deep_backward_sq', 'short_fine_leg', 'slip_1', 'point', 'cover']|ball_event=—|ball_event_runs=—|ball_event_over=—|ball_event_extra=—|ball_event_free_hit=—|broadcast_extra=—|dismissal_mode=—|striker_this_ball=Philip Salt|delivery_length=—|delivery_line=—|delivery_angle=—|delivery_shot=—|delivery_direction=—|delivery_elevation=—|delivery_bounce=—|delivery_dets=0|delivery_method=—|delivery_snap_dets=—|delivery_3layer_dets=—|delivery_det_rate=—|delivery_dir_zone=—|delivery_dir_conf=0|delivery_pitch_pos=—|delivery_shot_action=—|delivery_swing=—|delivery_speed_vlm=—|delivery_vlm_conf=—|delivery_vlm_ms=—|speed_kph=—|venue=—|batting_team=Royal Challengers Bengaluru|match_info=—|completed_over=—|completed_over_runs=—|drs_state=NONE|corrections=none|lat_vision=1970|lat_extract=914|lat_scorer=1104|lat_field=58|lat_comm=0|lat_code=0|lat_total=3995|comm_bowler=Lungi Ngidi|comm_wire=—|comm_storyteller=—|comm_analyst=—|comm_colour=—|comm_wire_ms=0|comm_story_ms=0|comm_analyst_ms=0|comm_colour_ms=0[0m
[37m[15:59:19 F2 VISION] INFO: [SCOUT] SCOREBOARD 1214ms strip=True overlay=False drs=False digits=True 201 chars[0m
[37m[15:59:19 F2 TEST] INFO: 
=======================================================[0m
[37m[15:59:19 F2 TEST] INFO: [F2] SCOREBOARD — #2[0m
[37m[15:59:19 F2 TEST] INFO:   [V 1221ms] STRIP: RCB 53-1 (5.2) | SALT 30(18) | PADIKKAL 1(1) |[0m
[37m[15:59:20 F2 EXTRACT] INFO: Extracted in 0.6s (llama-4-scout-17b-16e-instruct)[0m
[37m[15:59:20 F2 TEST] INFO:   [E 585ms] visible_team=Royal Challengers Bengaluru score=53-1 (5.2) target=None rr=None[0m
[37m[15:59:20 F2 TEST] INFO:     BAT: SALT 30(18) [0m
[37m[15:59:20 F2 TEST] INFO:     BAT: PADIKKAL 1(1) [0m
[37m[15:59:20 F2 TEST] INFO:   [POISONED] Extracted score 53 vs tracker 40 (delta=13) — blocking ALL updates this frame[0m
[37m[15:59:21 F2 SCORER] INFO: Scored in 0.8s (llama-4-scout-17b-16e-instruct)[0m
[37m[15:59:21 F2 TEST] INFO:   [S] Hint: Current batters: PADIKKAL and SALT. Bowler: Auqib Nabi Dar. Read their stats from the scoreboard.[0m
[37m[15:59:21 F2 TEST] INFO:   [CONSENSUS] Poisoned score 53 persisted 2 frames — accepting as new truth[0m
[37m[15:59:21 F2 TEST] INFO:   [CONSENSUS] Cleared stale batting card — next frame will rebuild[0m
[37m[15:59:21 F2 TEST] INFO:   [S 847ms] Changes: ['score→53(consensus)'][0m
[37m[15:59:21 F2 TEST] INFO:   Total: 2653ms (V:1221 E:585 S:847)[0m
[37m[15:59:21 F2 TEST] INFO:   [THIS OVER] ['?', '?', '?'] = 0 runs[0m
[37m[15:59:21 F2 TEST] INFO:   STATE: Royal Challengers Bengaluru 40-0 (4.3) inn=1 RR=8.89 | Bat: Virat Kohli(?) Philip Salt*(?) | Bowl: Lungi Ngidi None-None[0m
[37m[15:59:21 F2 SCORE_MGR] INFO: [SM] cold-start consensus building 40/0 (4.3) — streak 2/3[0m
[37m[15:59:21 F2 TEST] INFO:   [ACTION] The bowler is running towards the wicket to bowl the next delivery.[0m
[FIELD WARN] Powerplay but 5 outside circle (max 2). Possible misclassification.
[37m[15:59:21 F2 FIELD] INFO: [F2] IC-backward_point moved to CC-silly_point[0m
[37m[15:59:21 F2 FIELD] INFO: [F2] IC-backward_point pushed back — defensive[0m
[37m[15:59:21 F2 FIELD] INFO: [F2] IC-midwicket moved to IC-backward_square[0m
[37m[15:59:21 F2 FIELD] INFO: [F2] IC-point moved to IC-cover[0m
[37m[15:59:21 F2 FIELD] INFO: [F2] IC-cover_point moved to KEEPER[0m
[37m[15:59:21 F2 FIELD] INFO: [F2] IC-gully pushed back — defensive[0m
[37m[15:59:21 F2 TEST] INFO: DETAIL|F2|SCOREBOARD|tag=SCOREBOARD|scout=STRIP: RCB 53-1 (5.2) | SALT 30(18) | PADIKKAL 1(1) ||action=The bowler is running towards the wicket to bowl the next delivery.|ext_score=53-1(5.2)|ext_bat=SALT 30(18) | PADIKKAL 1(1)|ext_bowl=|scorer_changes=['score→53(consensus)']|yolo=9|BEFORE_score=40-0(4.3)|BEFORE_bat1=Virat Kohli 19(12)|BEFORE_bat2=Philip Salt 18(15)|BEFORE_bowl=Lungi Ngidi None-None (None)|BEFORE_this_over=['?', '?', '?']|AFTER_score=40-0(4.3)|AFTER_bat1=Virat Kohli None(None)|AFTER_bat2=Philip Salt None(None)|AFTER_bowl=Lungi Ngidi None-None (None)|AFTER_this_over=['?', '?', '?']|AFTER_this_over_src=?(bcast),?(bcast),?(bcast)|AFTER_striker=Philip Salt|AFTER_non_striker=Virat Kohli|AFTER_run_rate=8.89|AFTER_target=—|AFTER_innings=1|AFTER_partnership=0(0)|AFTER_fow_count=0|AFTER_field=pace_powerplay frozen=True fielders=['gully', 'fine_leg', 'leg_slip', 'forward_short_leg', 'deep_backward_sq', 'short_fine_leg', 'slip_1', 'point', 'cover']|ball_event=—|ball_event_runs=—|ball_event_over=—|ball_event_extra=—|ball_event_free_hit=—|broadcast_extra=—|dismissal_mode=—|striker_this_ball=Philip Salt|delivery_length=—|delivery_line=—|delivery_angle=—|delivery_shot=—|delivery_direction=—|delivery_elevation=—|delivery_bounce=—|delivery_dets=0|delivery_method=—|delivery_snap_dets=—|delivery_3layer_dets=—|delivery_det_rate=—|delivery_dir_zone=—|delivery_dir_conf=0|delivery_pitch_pos=—|delivery_shot_action=—|delivery_swing=—|delivery_speed_vlm=—|delivery_vlm_conf=—|delivery_vlm_ms=—|speed_kph=—|venue=—|batting_team=Royal Challengers Bengaluru|match_info=—|completed_over=—|completed_over_runs=—|drs_state=NONE|corrections=none|lat_vision=1221|lat_extract=585|lat_scorer=847|lat_field=109|lat_comm=0|lat_code=0|lat_total=2656|comm_bowler=Lungi Ngidi|comm_wire=—|comm_storyteller=—|comm_analyst=—|comm_colour=—|comm_wire_ms=0|comm_story_ms=0|comm_analyst_ms=0|comm_colour_ms=0[0m
[37m[15:59:23 F3 VISION] INFO: [SCOUT] SCOREBOARD 717ms strip=True overlay=False drs=False digits=True 138 chars[0m
[37m[15:59:23 F3 TEST] INFO: 
=======================================================[0m
[37m[15:59:23 F3 TEST] INFO: [F3] SCOREBOARD — #3[0m
[37m[15:59:23 F3 TEST] INFO:   [V 720ms] STRIP: RCB 55-1 (5.3) | SALT 32(19) | PADIKKAL 1(1) | NGIDI 1-3 (0.3)[0m
[37m[15:59:23 F3 EXTRACT] INFO: Extracted in 0.7s (llama-4-scout-17b-16e-instruct)[0m
[37m[15:59:23 F3 TEST] INFO:   [E 705ms] visible_team=Royal Challengers Bengaluru score=55-1 (5.3) target=None rr=None[0m
[37m[15:59:23 F3 TEST] INFO:     BAT: SALT 32(19) [0m
[37m[15:59:23 F3 TEST] INFO:     BAT: PADIKKAL 1(1) [0m
[37m[15:59:23 F3 TEST] INFO:     BOWL: NGIDI 1-3 (0.3)[0m
[37m[15:59:23 F3 TRACK] INFO: bowl:Lungi Ngidi:runs: initial proposal flipped 1 → 3 — resetting consensus to 1/3[0m
[37m[15:59:23 F3 TRACK] INFO: bowl:Lungi Ngidi:wickets: initial proposed 1 (2/3 — waiting)[0m
[37m[15:59:23 F3 TRACK] INFO: bowl:Lungi Ngidi:overs: initial proposal flipped 0.2 → 0.3 — resetting consensus to 1/3[0m
[37m[15:59:23 F3 TEST] INFO:   [POISONED] Extracted score 55 vs tracker 40 (delta=15) — blocking ALL updates this frame[0m
[37m[15:59:24 F3 SCORER] INFO: Scored in 1.2s (llama-4-scout-17b-16e-instruct)[0m
[37m[15:59:24 F3 TEST] INFO:   [S] Hint: Current batters: PADIKKAL and SALT. Bowler: NGIDI. Read their stats from the scoreboard.[0m
[37m[15:59:24 F3 TEST] INFO:   [CONSENSUS] Poisoned score 55 frame 1/2, waiting[0m
[37m[15:59:24 F3 TEST] INFO:   [S 1232ms] Changes: ['FRAME_POISONED:55'][0m
[37m[15:59:24 F3 TEST] INFO:   Total: 2656ms (V:720 E:705 S:1232)[0m
[37m[15:59:24 F3 TEST] INFO:   [THIS OVER] ['?', '?', '?'] = 0 runs[0m
[37m[15:59:24 F3 TEST] INFO:   STATE: Royal Challengers Bengaluru 40-0 (4.3) inn=1 RR=8.89 | Bat: Virat Kohli(?) Philip Salt*(?) | Bowl: Lungi Ngidi None-None[0m
[37m[15:59:24 F3 SCORE_MGR] INFO: [SM] COLD_START → WARM (consensus 3/3)  40/0 (4.3)[0m
[37m[15:59:24 F3 TEST] INFO: DETAIL|F3|SCOREBOARD|tag=SCOREBOARD|scout=STRIP: RCB 55-1 (5.3) | SALT 32(19) | PADIKKAL 1(1) | NGIDI 1-3 (0.3)|action=—|ext_score=55-1(5.3)|ext_bat=SALT 32(19) | PADIKKAL 1(1)|ext_bowl=NGIDI 1-3 (0.3)|scorer_changes=['FRAME_POISONED:55']|yolo=0|BEFORE_score=40-0(4.3)|BEFORE_bat1=Virat Kohli None(None)|BEFORE_bat2=Philip Salt None(None)|BEFORE_bowl=Lungi Ngidi None-None (None)|BEFORE_this_over=['?', '?', '?']|AFTER_score=40-0(4.3)|AFTER_bat1=Virat Kohli None(None)|AFTER_bat2=Philip Salt None(None)|AFTER_bowl=Lungi Ngidi None-None (None)|AFTER_this_over=['?', '?', '?']|AFTER_this_over_src=?(bcast),?(bcast),?(bcast)|AFTER_striker=Philip Salt|AFTER_non_striker=Virat Kohli|AFTER_run_rate=8.89|AFTER_target=—|AFTER_innings=1|AFTER_partnership=0(0)|AFTER_fow_count=0|AFTER_field=pace_powerplay frozen=True fielders=['gully', 'fine_leg', 'leg_slip', 'forward_short_leg', 'deep_backward_sq', 'short_fine_leg', 'slip_1', 'point', 'cover']|ball_event=—|ball_event_runs=—|ball_event_over=—|ball_event_extra=—|ball_event_free_hit=—|broadcast_extra=—|dismissal_mode=—|striker_this_ball=Philip Salt|delivery_length=—|delivery_line=—|delivery_angle=—|delivery_shot=—|delivery_direction=—|delivery_elevation=—|delivery_bounce=—|delivery_dets=0|delivery_method=—|delivery_snap_dets=—|delivery_3layer_dets=—|delivery_det_rate=—|delivery_dir_zone=—|delivery_dir_conf=0|delivery_pitch_pos=—|delivery_shot_action=—|delivery_swing=—|delivery_speed_vlm=—|delivery_vlm_conf=—|delivery_vlm_ms=—|speed_kph=—|venue=—|batting_team=Royal Challengers Bengaluru|match_info=—|completed_over=—|completed_over_runs=—|drs_state=NONE|corrections=none|lat_vision=720|lat_extract=705|lat_scorer=1232|lat_field=74|lat_comm=0|lat_code=0|lat_total=2657|comm_bowler=Lungi Ngidi|comm_wire=—|comm_storyteller=—|comm_analyst=—|comm_colour=—|comm_wire_ms=0|comm_story_ms=0|comm_analyst_ms=0|comm_colour_ms=0[0m
[37m[15:59:27 F4 VISION] INFO: [SCOUT] GRAPHIC 1284ms strip=False overlay=True drs=False digits=True 392 chars[0m
[37m[15:59:27 F4 TEST] INFO:   [BROADCAST] Match: IPL 2026[0m
[37m[15:59:27 F4 OVER] INFO: Broadcast replaces all-placeholder local: ['2026', '5'][0m
[37m[15:59:27 F4 TEST] INFO: 
=======================================================[0m
[37m[15:59:27 F4 TEST] INFO: [F4] GRAPHIC — #4[0m
[37m[15:59:27 F4 TEST] INFO:   [V 1287ms] INFO_PANEL: 
This overlay shows the Orange Cap Leaderboard for the TATA IPL 2026. The top 5 players are:
1. Shubman Gill - 251 runs
2. Virat Kohli - 247 runs
3. Heinrich Klaasen - 224 runs
4. Rajat Patidar - 222 runs
5. Ishan Kishan - 213 runs[0m
[37m[15:59:27 F4 EXTRACT] INFO: Extracted in 0.6s (llama-4-scout-17b-16e-instruct)[0m
[37m[15:59:27 F4 TEST] INFO:   [GUARD] GRAPHIC frame — player stats stripped, score mismatch → poisoned[0m
[37m[15:59:27 F4 TEST] INFO:   [E 602ms] visible_team=? score=None-None (None) target=None rr=None[0m
[37m[15:59:28 F4 SCORER] INFO: Scored in 0.9s (llama-4-scout-17b-16e-instruct)[0m
[37m[15:59:28 F4 TEST] INFO:   [S] Hint: Current batters: KOHLI and SALT. Bowler: LUNGI NGIDI. Read their stats from the scoreboard.[0m
[37m[15:59:28 F4 TEST] INFO:   [S 898ms] Changes: ['FRAME_POISONED:None'][0m
[37m[15:59:28 F4 TEST] INFO:   Total: 2786ms (V:1287 E:602 S:898)[0m
[37m[15:59:28 F4 TEST] INFO:   [THIS OVER] ['2026', '5'] = 2031 runs[0m
[37m[15:59:28 F4 TEST] INFO:   STATE: Royal Challengers Bengaluru 40-0 (4.3) inn=1 RR=8.89 | Bat: Virat Kohli(?) Philip Salt*(?) | Bowl: Lungi Ngidi None-None[0m
[37m[15:59:28 F4 TEST] INFO:   [OVERS FIX] extractor=4.3 this_over_tokens=2 → 4.2[0m
[37m[15:59:28 F4 SCORE_MGR] INFO: [SM] Overs regression (4.3→4.2) — re-entering COLD_START[0m
[37m[15:59:28 F4 OVER] INFO: this_over count mismatch: team@4.3 expects 3 legal balls, observed 2 legal (tokens=['2026', '5']) — keeping observations[0m
[37m[15:59:28 F4 TEST] INFO:   [ACTION] The current scene shows no action but instead displays a leaderboard.[0m
[37m[15:59:28 F4 TEST] INFO: DETAIL|F4|GRAPHIC|tag=GRAPHIC|scout=INFO_PANEL:  This overlay shows the Orange Cap Leaderboard for the TATA IPL 2026. The top 5 players are: 1. Shubman Gill|action=The current scene shows no action but instead displays a leaderboard.|ext_score=None-None(None)|ext_bat=|ext_bowl=|scorer_changes=['FRAME_POISONED:None']|yolo=0|BEFORE_score=40-0(4.3)|BEFORE_bat1=Virat Kohli None(None)|BEFORE_bat2=Philip Salt None(None)|BEFORE_bowl=Lungi Ngidi None-None (None)|BEFORE_this_over=['?', '?', '?']|AFTER_score=40-0(4.3)|AFTER_bat1=Virat Kohli None(None)|AFTER_bat2=Philip Salt None(None)|AFTER_bowl=Lungi Ngidi None-None (None)|AFTER_this_over=['2026', '5']|AFTER_this_over_src=2026(bcast),5(bcast)|AFTER_striker=Philip Salt|AFTER_non_striker=Virat Kohli|AFTER_run_rate=8.89|AFTER_target=—|AFTER_innings=1|AFTER_partnership=0(0)|AFTER_fow_count=0|AFTER_field=pace_powerplay frozen=True fielders=['gully', 'fine_leg', 'leg_slip', 'forward_short_leg', 'deep_backward_sq', 'short_fine_leg', 'slip_1', 'point', 'cover']|ball_event=—|ball_event_runs=—|ball_event_over=—|ball_event_extra=—|ball_event_free_hit=—|broadcast_extra=—|dismissal_mode=—|striker_this_ball=Philip Salt|delivery_length=—|delivery_line=—|delivery_angle=—|delivery_shot=—|delivery_direction=—|delivery_elevation=—|delivery_bounce=—|delivery_dets=0|delivery_method=—|delivery_snap_dets=—|delivery_3layer_dets=—|delivery_det_rate=—|delivery_dir_zone=—|delivery_dir_conf=0|delivery_pitch_pos=—|delivery_shot_action=—|delivery_swing=—|delivery_speed_vlm=—|delivery_vlm_conf=—|delivery_vlm_ms=—|speed_kph=—|venue=—|batting_team=Royal Challengers Bengaluru|match_info=IPL 2026|completed_over=—|completed_over_runs=—|drs_state=NONE|corrections=none|lat_vision=1287|lat_extract=602|lat_scorer=898|lat_field=42|lat_comm=0|lat_code=0|lat_total=2788|comm_bowler=Lungi Ngidi|comm_wire=—|comm_storyteller=—|comm_analyst=—|comm_colour=—|comm_wire_ms=0|comm_story_ms=0|comm_analyst_ms=0|comm_colour_ms=0[0m
[37m[15:59:31 F5 VISION] INFO: [SCOUT] GRAPHIC 1168ms strip=False overlay=True drs=False digits=True 381 chars[0m
[37m[15:59:31 F5 TEST] INFO: 
=======================================================[0m
[37m[15:59:31 F5 TEST] INFO: [F5] GRAPHIC — #5[0m
[37m[15:59:31 F5 TEST] INFO:   [V 1171ms] INFO_PANEL: 
TOP 5 Orange Cap Leaderboard:
1st - Shubman Gill - 251 runs
2nd - Virat Kohli - 247 runs
3rd - Heinrich Klaasen - 224 runs
4th - Rajat Patidar - 222 runs
5th - Ishan Kishan - 213 runs[0m
[37m[15:59:31 F5 EXTRACT] INFO: Extracted in 0.7s (llama-4-scout-17b-16e-instruct)[0m
[37m[15:59:31 F5 TEST] INFO:   [GUARD] GRAPHIC frame — player stats stripped, score mismatch → poisoned[0m
[37m[15:59:31 F5 TEST] INFO:   [E 717ms] visible_team=? score=None-None (None) target=None rr=None[0m
[37m[15:59:32 F5 SCORER] INFO: Scored in 0.9s (llama-4-scout-17b-16e-instruct)[0m
[37m[15:59:32 F5 TEST] INFO:   [S] Hint: Current batters: KOHLI and SALT. Bowler: LUNGI NGIDI. Read their stats from the scoreboard.[0m
[37m[15:59:32 F5 TEST] INFO:   [S 929ms] Changes: ['FRAME_POISONED:None'][0m
[37m[15:59:32 F5 TEST] INFO:   Total: 2817ms (V:1171 E:717 S:929)[0m
[37m[15:59:32 F5 TEST] INFO:   [THIS OVER] ['2026', '5'] = 2031 runs[0m
[37m[15:59:32 F5 TEST] INFO:   STATE: Royal Challengers Bengaluru 40-0 (4.3) inn=1 RR=8.89 | Bat: Virat Kohli(?) Philip Salt*(?) | Bowl: Lungi Ngidi None-None[0m
[37m[15:59:32 F5 SCORE_MGR] INFO: [SM] cold-start candidate seeded 40/0 (4.3) — streak 1/3[0m
[37m[15:59:32 F5 TEST] INFO:   [ACTION] Virat Kohli is on the screen with a focus on his performance in the TATA IPL 202[0m
[37m[15:59:32 F5 TEST] INFO: DETAIL|F5|GRAPHIC|tag=GRAPHIC|scout=INFO_PANEL:  TOP 5 Orange Cap Leaderboard: 1st - Shubman Gill - 251 runs 2nd - Virat Kohli - 247 runs 3rd - Heinrich Kla|action=Virat Kohli is on the screen with a focus on his performance in the TATA IPL 2026 Orange Cap Leaderb|ext_score=None-None(None)|ext_bat=|ext_bowl=|scorer_changes=['FRAME_POISONED:None']|yolo=0|BEFORE_score=40-0(4.3)|BEFORE_bat1=Virat Kohli None(None)|BEFORE_bat2=Philip Salt None(None)|BEFORE_bowl=Lungi Ngidi None-None (None)|BEFORE_this_over=['2026', '5']|AFTER_score=40-0(4.3)|AFTER_bat1=Virat Kohli None(None)|AFTER_bat2=Philip Salt None(None)|AFTER_bowl=Lungi Ngidi None-None (None)|AFTER_this_over=['2026', '5']|AFTER_this_over_src=2026(bcast),5(bcast)|AFTER_striker=Philip Salt|AFTER_non_striker=Virat Kohli|AFTER_run_rate=8.89|AFTER_target=—|AFTER_innings=1|AFTER_partnership=0(0)|AFTER_fow_count=0|AFTER_field=pace_powerplay frozen=True fielders=['gully', 'fine_leg', 'leg_slip', 'forward_short_leg', 'deep_backward_sq', 'short_fine_leg', 'slip_1', 'point', 'cover']|ball_event=—|ball_event_runs=—|ball_event_over=—|ball_event_extra=—|ball_event_free_hit=—|broadcast_extra=—|dismissal_mode=—|striker_this_ball=Philip Salt|delivery_length=—|delivery_line=—|delivery_angle=—|delivery_shot=—|delivery_direction=—|delivery_elevation=—|delivery_bounce=—|delivery_dets=0|delivery_method=—|delivery_snap_dets=—|delivery_3layer_dets=—|delivery_det_rate=—|delivery_dir_zone=—|delivery_dir_conf=0|delivery_pitch_pos=—|delivery_shot_action=—|delivery_swing=—|delivery_speed_vlm=—|delivery_vlm_conf=—|delivery_vlm_ms=—|speed_kph=—|venue=—|batting_team=Royal Challengers Bengaluru|match_info=IPL 2026|completed_over=—|completed_over_runs=—|drs_state=NONE|corrections=none|lat_vision=1171|lat_extract=717|lat_scorer=929|lat_field=40|lat_comm=0|lat_code=0|lat_total=2818|comm_bowler=Lungi Ngidi|comm_wire=—|comm_storyteller=—|comm_analyst=—|comm_colour=—|comm_wire_ms=0|comm_story_ms=0|comm_analyst_ms=0|comm_colour_ms=0[0m
[37m[15:59:37 F6 VISION] INFO: [SCOUT] GRAPHIC 3530ms strip=False overlay=True drs=False digits=False 175 chars[0m
[37m[15:59:37 F6 VISION] INFO: [SCOUT] Preview: {"has_strip": false, "has_overlay_stats": true, "drs_review": false}
INFO_PANEL: 
SPEED: 
EXTRA: 
THIS OVER: 
FULL SCORECARD: 
Virat Kohli is batting and looking at the field.[0m
[37m[15:59:37 F6 TEST] INFO: 
=======================================================[0m
[37m[15:59:37 F6 TEST] INFO: [F6] GRAPHIC — #6[0m
[37m[15:59:37 F6 TEST] INFO:   [V 3533ms] INFO_PANEL: 
SPEED: 
EXTRA: 
THIS OVER: 
FULL SCORECARD: 
Virat Kohli is batting and looking at the field.[0m
[37m[15:59:37 F6 EXTRACT] INFO: Extracted in 0.6s (llama-4-scout-17b-16e-instruct)[0m
[37m[15:59:37 F6 TEST] INFO:   [GUARD] GRAPHIC frame — player stats stripped, score mismatch → poisoned[0m
[37m[15:59:37 F6 TEST] INFO:   [E 550ms] visible_team=None score=None-None (None) target=None rr=None[0m
[37m[15:59:38 F6 SCORER] INFO: Scored in 1.1s (llama-4-scout-17b-16e-instruct)[0m
[37m[15:59:38 F6 TEST] INFO:   [S] Hint: Current batters: KOHLI and SALT. Bowler: NGIDI. Read their stats from the scoreboard.[0m
[37m[15:59:38 F6 TEST] INFO:   [S 1071ms] Changes: ['FRAME_POISONED:None'][0m
[37m[15:59:38 F6 TEST] INFO:   Total: 5155ms (V:3533 E:550 S:1071)[0m
[37m[15:59:38 F6 TEST] INFO:   [THIS OVER] ['2026', '5'] = 2031 runs[0m
[37m[15:59:38 F6 TEST] INFO:   STATE: Royal Challengers Bengaluru 40-0 (4.3) inn=1 RR=8.89 | Bat: Virat Kohli(?) Philip Salt*(?) | Bowl: Lungi Ngidi None-None[0m
[37m[15:59:38 F6 SCORE_MGR] INFO: [SM] cold-start consensus building 40/0 (4.3) — streak 2/3[0m
[37m[15:59:38 F6 TEST] INFO: DETAIL|F6|GRAPHIC|tag=GRAPHIC|scout=INFO_PANEL:  SPEED:  EXTRA:  THIS OVER:  FULL SCORECARD:  Virat Kohli is batting and looking at the field.|action=—|ext_score=None-None(None)|ext_bat=|ext_bowl=|scorer_changes=['FRAME_POISONED:None']|yolo=0|BEFORE_score=40-0(4.3)|BEFORE_bat1=Virat Kohli None(None)|BEFORE_bat2=Philip Salt None(None)|BEFORE_bowl=Lungi Ngidi None-None (None)|BEFORE_this_over=['2026', '5']|AFTER_score=40-0(4.3)|AFTER_bat1=Virat Kohli None(None)|AFTER_bat2=Philip Salt None(None)|AFTER_bowl=Lungi Ngidi None-None (None)|AFTER_this_over=['2026', '5']|AFTER_this_over_src=2026(bcast),5(bcast)|AFTER_striker=Philip Salt|AFTER_non_striker=Virat Kohli|AFTER_run_rate=8.89|AFTER_target=—|AFTER_innings=1|AFTER_partnership=0(0)|AFTER_fow_count=0|AFTER_field=pace_powerplay frozen=True fielders=['gully', 'fine_leg', 'leg_slip', 'forward_short_leg', 'deep_backward_sq', 'short_fine_leg', 'slip_1', 'point', 'cover']|ball_event=—|ball_event_runs=—|ball_event_over=—|ball_event_extra=—|ball_event_free_hit=—|broadcast_extra=—|dismissal_mode=—|striker_this_ball=Philip Salt|delivery_length=—|delivery_line=—|delivery_angle=—|delivery_shot=—|delivery_direction=—|delivery_elevation=—|delivery_bounce=—|delivery_dets=0|delivery_method=—|delivery_snap_dets=—|delivery_3layer_dets=—|delivery_det_rate=—|delivery_dir_zone=—|delivery_dir_conf=0|delivery_pitch_pos=—|delivery_shot_action=—|delivery_swing=—|delivery_speed_vlm=—|delivery_vlm_conf=—|delivery_vlm_ms=—|speed_kph=—|venue=—|batting_team=Royal Challengers Bengaluru|match_info=IPL 2026|completed_over=—|completed_over_runs=—|drs_state=NONE|corrections=none|lat_vision=3533|lat_extract=550|lat_scorer=1071|lat_field=41|lat_comm=0|lat_code=0|lat_total=5156|comm_bowler=Lungi Ngidi|comm_wire=—|comm_storyteller=—|comm_analyst=—|comm_colour=—|comm_wire_ms=0|comm_story_ms=0|comm_analyst_ms=0|comm_colour_ms=0[0m
[37m[15:59:40 F7 VISION] INFO: [SCOUT] GRAPHIC 716ms strip=False overlay=True drs=False digits=True 267 chars[0m
[37m[15:59:40 F7 TEST] INFO: 
=======================================================[0m
[37m[15:59:40 F7 TEST] INFO: [F7] GRAPHIC — #7[0m
[37m[15:59:40 F7 TEST] INFO:   [V 719ms] INFO_PANEL: 
LATEST 
Virat Kohli  RCB 
6 matches 
247 runs 
157 strike rate 
Rajat Patidar 
RCB 
6 matches 
222 runs 
213 strike rate[0m
[37m[15:59:41 F7 EXTRACT] INFO: Extracted in 0.5s (llama-4-scout-17b-16e-instruct)[0m
[37m[15:59:41 F7 TEST] INFO:   [GUARD] GRAPHIC frame — player stats stripped, score mismatch → poisoned[0m
[37m[15:59:41 F7 TEST] INFO:   [E 534ms] visible_team=? score=None-None (None) target=None rr=None[0m
[37m[15:59:42 F7 SCORER] INFO: Scored in 0.9s (llama-4-scout-17b-16e-instruct)[0m
[37m[15:59:42 F7 TEST] INFO:   [S] Hint: Current batters: KOHLI and SALT. Bowler: LUNGI NGIDI. Read their stats from the scoreboard.[0m
[37m[15:59:42 F7 TEST] INFO:   [S 914ms] Changes: ['FRAME_POISONED:None'][0m
[37m[15:59:42 F7 TEST] INFO:   Total: 2167ms (V:719 E:534 S:914)[0m
[37m[15:59:42 F7 TEST] INFO:   [THIS OVER] ['2026', '5'] = 2031 runs[0m
[37m[15:59:42 F7 TEST] INFO:   STATE: Royal Challengers Bengaluru 40-0 (4.3) inn=1 RR=8.89 | Bat: Virat Kohli(?) Philip Salt*(?) | Bowl: Lungi Ngidi None-None[0m
[37m[15:59:42 F7 SCORE_MGR] INFO: [SM] COLD_START → WARM (consensus 3/3)  40/0 (4.3)[0m
[37m[15:59:42 F7 TEST] INFO:   [ACTION] The current Orange Cap leaderboard is being displayed.[0m
[37m[15:59:42 F7 TEST] INFO: DETAIL|F7|GRAPHIC|tag=GRAPHIC|scout=INFO_PANEL:  LATEST  Virat Kohli  RCB  6 matches  247 runs  157 strike rate  Rajat Patidar  RCB  6 matches  222 runs  21|action=The current Orange Cap leaderboard is being displayed.|ext_score=None-None(None)|ext_bat=|ext_bowl=|scorer_changes=['FRAME_POISONED:None']|yolo=0|BEFORE_score=40-0(4.3)|BEFORE_bat1=Virat Kohli None(None)|BEFORE_bat2=Philip Salt None(None)|BEFORE_bowl=Lungi Ngidi None-None (None)|BEFORE_this_over=['2026', '5']|AFTER_score=40-0(4.3)|AFTER_bat1=Virat Kohli None(None)|AFTER_bat2=Philip Salt None(None)|AFTER_bowl=Lungi Ngidi None-None (None)|AFTER_this_over=['2026', '5']|AFTER_this_over_src=2026(bcast),5(bcast)|AFTER_striker=Philip Salt|AFTER_non_striker=Virat Kohli|AFTER_run_rate=8.89|AFTER_target=—|AFTER_innings=1|AFTER_partnership=0(0)|AFTER_fow_count=0|AFTER_field=pace_powerplay frozen=True fielders=['gully', 'fine_leg', 'leg_slip', 'forward_short_leg', 'deep_backward_sq', 'short_fine_leg', 'slip_1', 'point', 'cover']|ball_event=—|ball_event_runs=—|ball_event_over=—|ball_event_extra=—|ball_event_free_hit=—|broadcast_extra=—|dismissal_mode=—|striker_this_ball=Philip Salt|delivery_length=—|delivery_line=—|delivery_angle=—|delivery_shot=—|delivery_direction=—|delivery_elevation=—|delivery_bounce=—|delivery_dets=0|delivery_method=—|delivery_snap_dets=—|delivery_3layer_dets=—|delivery_det_rate=—|delivery_dir_zone=—|delivery_dir_conf=0|delivery_pitch_pos=—|delivery_shot_action=—|delivery_swing=—|delivery_speed_vlm=—|delivery_vlm_conf=—|delivery_vlm_ms=—|speed_kph=—|venue=—|batting_team=Royal Challengers Bengaluru|match_info=IPL 2026|completed_over=—|completed_over_runs=—|drs_state=NONE|corrections=none|lat_vision=719|lat_extract=534|lat_scorer=914|lat_field=39|lat_comm=0|lat_code=0|lat_total=2169|comm_bowler=Lungi Ngidi|comm_wire=—|comm_storyteller=—|comm_analyst=—|comm_colour=—|comm_wire_ms=0|comm_story_ms=0|comm_analyst_ms=0|comm_colour_ms=0[0m
[37m[15:59:44 F8 VISION] INFO: [SCOUT] GRAPHIC 979ms strip=False overlay=True drs=False digits=False 178 chars[0m
[37m[15:59:44 F8 VISION] INFO: [SCOUT] Preview: {"has_strip": false, "has_overlay_stats": true, "drs_review": false}

INFO_PANEL: 
SPEED: 
EXTRA: 
THIS OVER: 
FULL SCORECARD: 

The batter Virat Kohli appears to be celebrating.[0m
[37m[15:59:44 F8 TEST] INFO: 
=======================================================[0m
[37m[15:59:44 F8 TEST] INFO: [F8] GRAPHIC — #8[0m
[37m[15:59:44 F8 TEST] INFO:   [V 982ms] INFO_PANEL: 
SPEED: 
EXTRA: 
THIS OVER: 
FULL SCORECARD: 

The batter Virat Kohli appears to be celebrating.[0m
[37m[15:59:44 F8 EXTRACT] INFO: Extracted in 0.5s (llama-4-scout-17b-16e-instruct)[0m
[37m[15:59:44 F8 TEST] INFO:   [GUARD] GRAPHIC frame — player stats stripped, score mismatch → poisoned[0m
[37m[15:59:44 F8 TEST] INFO:   [E 522ms] visible_team=None score=None-None (None) target=None rr=None[0m
[37m[15:59:45 F8 SCORER] INFO: Scored in 0.9s (llama-4-scout-17b-16e-instruct)[0m
[37m[15:59:45 F8 TEST] INFO:   [S] Hint: Current batters: KOHLI and SALT. Bowler: NGIDI. Read their stats from the scoreboard.[0m
[37m[15:59:45 F8 TEST] INFO:   [S 856ms] Changes: ['FRAME_POISONED:None'][0m
[37m[15:59:45 F8 TEST] INFO:   Total: 2361ms (V:982 E:522 S:856)[0m
[37m[15:59:45 F8 TEST] INFO:   [THIS OVER] ['2026', '5'] = 2031 runs[0m
[37m[15:59:45 F8 TEST] INFO:   STATE: Royal Challengers Bengaluru 40-0 (4.3) inn=1 RR=8.89 | Bat: Virat Kohli(?) Philip Salt*(?) | Bowl: Lungi Ngidi None-None[0m
[37m[15:59:45 F8 TEST] INFO: DETAIL|F8|GRAPHIC|tag=GRAPHIC|scout=INFO_PANEL:  SPEED:  EXTRA:  THIS OVER:  FULL SCORECARD:   The batter Virat Kohli appears to be celebrating.|action=—|ext_score=None-None(None)|ext_bat=|ext_bowl=|scorer_changes=['FRAME_POISONED:None']|yolo=0|BEFORE_score=40-0(4.3)|BEFORE_bat1=Virat Kohli None(None)|BEFORE_bat2=Philip Salt None(None)|BEFORE_bowl=Lungi Ngidi None-None (None)|BEFORE_this_over=['2026', '5']|AFTER_score=40-0(4.3)|AFTER_bat1=Virat Kohli None(None)|AFTER_bat2=Philip Salt None(None)|AFTER_bowl=Lungi Ngidi None-None (None)|AFTER_this_over=['2026', '5']|AFTER_this_over_src=2026(bcast),5(bcast)|AFTER_striker=Philip Salt|AFTER_non_striker=Virat Kohli|AFTER_run_rate=8.89|AFTER_target=—|AFTER_innings=1|AFTER_partnership=0(0)|AFTER_fow_count=0|AFTER_field=pace_powerplay frozen=True fielders=['gully', 'fine_leg', 'leg_slip', 'forward_short_leg', 'deep_backward_sq', 'short_fine_leg', 'slip_1', 'point', 'cover']|ball_event=—|ball_event_runs=—|ball_event_over=—|ball_event_extra=—|ball_event_free_hit=—|broadcast_extra=—|dismissal_mode=—|striker_this_ball=Philip Salt|delivery_length=—|delivery_line=—|delivery_angle=—|delivery_shot=—|delivery_direction=—|delivery_elevation=—|delivery_bounce=—|delivery_dets=0|delivery_method=—|delivery_snap_dets=—|delivery_3layer_dets=—|delivery_det_rate=—|delivery_dir_zone=—|delivery_dir_conf=0|delivery_pitch_pos=—|delivery_shot_action=—|delivery_swing=—|delivery_speed_vlm=—|delivery_vlm_conf=—|delivery_vlm_ms=—|speed_kph=—|venue=—|batting_team=Royal Challengers Bengaluru|match_info=IPL 2026|completed_over=—|completed_over_runs=—|drs_state=NONE|corrections=none|lat_vision=982|lat_extract=522|lat_scorer=856|lat_field=42|lat_comm=0|lat_code=0|lat_total=2362|comm_bowler=Lungi Ngidi|comm_wire=—|comm_storyteller=—|comm_analyst=—|comm_colour=—|comm_wire_ms=0|comm_story_ms=0|comm_analyst_ms=0|comm_colour_ms=0[0m
[37m[15:59:48 F9 VISION] INFO: [SCOUT] SCOREBOARD 1252ms strip=True overlay=False drs=False digits=True 213 chars[0m
[37m[15:59:48 F9 TEST] INFO: 
=======================================================[0m
[37m[15:59:48 F9 TEST] INFO: [F9] SCOREBOARD — #9[0m
[37m[15:59:48 F9 TEST] INFO:   [V 1256ms] STRIP: RCB 55-1 (5.3) | SALT 32(19) | PADIKKAL 1(1) | NGIDI 1-3 (0.3)[0m
[37m[15:59:48 F9 EXTRACT] INFO: Extracted in 0.7s (llama-4-scout-17b-16e-instruct)[0m
[37m[15:59:48 F9 TEST] INFO:   [E 656ms] visible_team=Royal Challengers Bengaluru score=55-1 (5.3) target=None rr=None[0m
[37m[15:59:48 F9 TEST] INFO:     BAT: SALT 32(19) [0m
[37m[15:59:48 F9 TEST] INFO:     BAT: PADIKKAL 1(1) [0m
[37m[15:59:48 F9 TEST] INFO:     BOWL: NGIDI 1-3 (0.3)[0m
[37m[15:59:48 F9 TRACK] INFO: bowl:Lungi Ngidi:runs: initial proposed 3 (2/3 — waiting)[0m
[37m[15:59:48 F9 TRACK] INFO: bowl:Lungi Ngidi:wickets: initial → 1 (cold-start consensus 3/3)[0m
[37m[15:59:48 F9 TRACK] INFO: bowl:Lungi Ngidi:overs: initial proposed 0.3 (2/3 — waiting)[0m
[37m[15:59:48 F9 BOARD] INFO: Lungi Ngidi: None/None (None) -> 1/None (None) [F9][0m
[37m[15:59:48 F9 TEST] INFO:   [POISONED] Extracted score 55 vs tracker 40 (delta=15) — blocking ALL updates this frame[0m
[37m[15:59:49 F9 SCORER] INFO: Scored in 1.2s (llama-4-scout-17b-16e-instruct)[0m
[37m[15:59:49 F9 TEST] INFO:   [S] Hint: Current batters: PADIKKAL and KOHLI. Bowler: NGIDI. Read their stats from the scoreboard.[0m
[37m[15:59:49 F9 TEST] INFO:   [CONSENSUS] Poisoned score 55 persisted 2 frames — accepting as new truth[0m
[37m[15:59:49 F9 TEST] INFO:   [CONSENSUS] Cleared stale batting card — next frame will rebuild[0m
[37m[15:59:49 F9 TEST] INFO:   [S 1174ms] Changes: ['score→55(consensus)'][0m
[37m[15:59:49 F9 TEST] INFO:   Total: 3085ms (V:1256 E:656 S:1174)[0m
[37m[15:59:49 F9 TEST] INFO:   [THIS OVER] ['2026', '5'] = 2031 runs[0m
[37m[15:59:49 F9 TEST] INFO:   STATE: Royal Challengers Bengaluru 40-0 (4.3) inn=1 RR=8.89 | Bat: Virat Kohli(?) Philip Salt*(?) | Bowl: Lungi Ngidi 1-None[0m
[37m[15:59:49 F9 TEST] INFO:   [ACTION] The batsmen are on the field, with one of them eating something.[0m
[37m[15:59:49 F9 TEST] INFO: DETAIL|F9|SCOREBOARD|tag=SCOREBOARD|scout=STRIP: RCB 55-1 (5.3) | SALT 32(19) | PADIKKAL 1(1) | NGIDI 1-3 (0.3)|action=The batsmen are on the field, with one of them eating something.|ext_score=55-1(5.3)|ext_bat=SALT 32(19) | PADIKKAL 1(1)|ext_bowl=NGIDI 1-3 (0.3)|scorer_changes=['score→55(consensus)']|yolo=0|BEFORE_score=40-0(4.3)|BEFORE_bat1=Virat Kohli None(None)|BEFORE_bat2=Philip Salt None(None)|BEFORE_bowl=Lungi Ngidi None-None (None)|BEFORE_this_over=['2026', '5']|AFTER_score=40-0(4.3)|AFTER_bat1=Virat Kohli None(None)|AFTER_bat2=Philip Salt None(None)|AFTER_bowl=Lungi Ngidi 1-None (None)|AFTER_this_over=['2026', '5']|AFTER_this_over_src=2026(bcast),5(bcast)|AFTER_striker=Philip Salt|AFTER_non_striker=Virat Kohli|AFTER_run_rate=8.89|AFTER_target=—|AFTER_innings=1|AFTER_partnership=0(0)|AFTER_fow_count=0|AFTER_field=pace_powerplay frozen=True fielders=['gully', 'fine_leg', 'leg_slip', 'forward_short_leg', 'deep_backward_sq', 'short_fine_leg', 'slip_1', 'point', 'cover']|ball_event=—|ball_event_runs=—|ball_event_over=—|ball_event_extra=—|ball_event_free_hit=—|broadcast_extra=—|dismissal_mode=—|striker_this_ball=Philip Salt|delivery_length=—|delivery_line=—|delivery_angle=—|delivery_shot=—|delivery_direction=—|delivery_elevation=—|delivery_bounce=—|delivery_dets=0|delivery_method=—|delivery_snap_dets=—|delivery_3layer_dets=—|delivery_det_rate=—|delivery_dir_zone=—|delivery_dir_conf=0|delivery_pitch_pos=—|delivery_shot_action=—|delivery_swing=—|delivery_speed_vlm=—|delivery_vlm_conf=—|delivery_vlm_ms=—|speed_kph=—|venue=—|batting_team=Royal Challengers Bengaluru|match_info=IPL 2026|completed_over=—|completed_over_runs=—|drs_state=NONE|corrections=none|lat_vision=1256|lat_extract=656|lat_scorer=1174|lat_field=40|lat_comm=0|lat_code=0|lat_total=3087|comm_bowler=Lungi Ngidi|comm_wire=—|comm_storyteller=—|comm_analyst=—|comm_colour=—|comm_wire_ms=0|comm_story_ms=0|comm_analyst_ms=0|comm_colour_ms=0[0m
[37m[15:59:52 F10 VISION] INFO: [SCOUT] SCOREBOARD 1139ms strip=True overlay=False drs=False digits=True 209 chars[0m
[37m[15:59:52 F10 TEST] INFO: 
=======================================================[0m
[37m[15:59:52 F10 TEST] INFO: [F10] SCOREBOARD — #10[0m
[37m[15:59:52 F10 TEST] INFO:   [V 1141ms] STRIP: RCB 55-1 (5.3) | SALT 32(19) | PADIKKAL 1(1) | NGIDI 1-3 (0.3)[0m
[37m[15:59:52 F10 EXTRACT] INFO: Extracted in 0.6s (llama-4-scout-17b-16e-instruct)[0m
[37m[15:59:52 F10 TEST] INFO:   [E 646ms] visible_team=Royal Challengers Bengaluru score=55-1 (5.3) target=None rr=None[0m
[37m[15:59:52 F10 TEST] INFO:     BAT: SALT 32(19) [0m
[37m[15:59:52 F10 TEST] INFO:     BAT: PADIKKAL 1(1) [0m
[37m[15:59:52 F10 TEST] INFO:     BOWL: NGIDI 1-3 (0.3)[0m
[37m[15:59:52 F10 TRACK] INFO: bowl:Lungi Ngidi:runs: initial → 3 (cold-start consensus 3/3)[0m
[37m[15:59:52 F10 TRACK] INFO: bowl:Lungi Ngidi:overs: initial → 0.3 (cold-start consensus 3/3)[0m
[37m[15:59:52 F10 BOARD] INFO: Lungi Ngidi: 1/None (None) -> 1/3 (0.3) [F10][0m
[37m[15:59:52 F10 TEST] INFO:   [POISONED] Extracted score 55 vs tracker 40 (delta=15) — blocking ALL updates this frame[0m
[37m[15:59:53 F10 SCORER] INFO: Scored in 1.2s (llama-4-scout-17b-16e-instruct)[0m
[37m[15:59:53 F10 TEST] INFO:   [S] Hint: Current batters: PADIKKAL and SALT. Bowler: NGIDI. Read their stats from the scoreboard.[0m
[37m[15:59:53 F10 TEST] INFO:   [CONSENSUS] Poisoned score 55 frame 1/2, waiting[0m
[37m[15:59:53 F10 TEST] INFO:   [S 1223ms] Changes: ['FRAME_POISONED:55'][0m
[37m[15:59:53 F10 TEST] INFO:   Total: 3011ms (V:1141 E:646 S:1223)[0m
[37m[15:59:53 F10 TEST] INFO:   [THIS OVER] ['2026', '5'] = 2031 runs[0m
[37m[15:59:53 F10 TEST] INFO:   STATE: Royal Challengers Bengaluru 40-0 (4.3) inn=1 RR=8.89 | Bat: Virat Kohli(?) Philip Salt*(?) | Bowl: Lungi Ngidi 1-3[0m
[37m[15:59:53 F10 TEST] INFO:   [ACTION] A player in an orange and blue uniform is preparing to bowl.[0m
[37m[15:59:53 F10 TEST] INFO: DETAIL|F10|SCOREBOARD|tag=SCOREBOARD|scout=STRIP: RCB 55-1 (5.3) | SALT 32(19) | PADIKKAL 1(1) | NGIDI 1-3 (0.3)|action=A player in an orange and blue uniform is preparing to bowl.|ext_score=55-1(5.3)|ext_bat=SALT 32(19) | PADIKKAL 1(1)|ext_bowl=NGIDI 1-3 (0.3)|scorer_changes=['FRAME_POISONED:55']|yolo=0|BEFORE_score=40-0(4.3)|BEFORE_bat1=Virat Kohli None(None)|BEFORE_bat2=Philip Salt None(None)|BEFORE_bowl=Lungi Ngidi 1-None (None)|BEFORE_this_over=['2026', '5']|AFTER_score=40-0(4.3)|AFTER_bat1=Virat Kohli None(None)|AFTER_bat2=Philip Salt None(None)|AFTER_bowl=Lungi Ngidi 1-3 (0.3)|AFTER_this_over=['2026', '5']|AFTER_this_over_src=2026(bcast),5(bcast)|AFTER_striker=Philip Salt|AFTER_non_striker=Virat Kohli|AFTER_run_rate=8.89|AFTER_target=—|AFTER_innings=1|AFTER_partnership=0(0)|AFTER_fow_count=0|AFTER_field=pace_powerplay frozen=True fielders=['gully', 'fine_leg', 'leg_slip', 'forward_short_leg', 'deep_backward_sq', 'short_fine_leg', 'slip_1', 'point', 'cover']|ball_event=—|ball_event_runs=—|ball_event_over=—|ball_event_extra=—|ball_event_free_hit=—|broadcast_extra=—|dismissal_mode=—|striker_this_ball=Philip Salt|delivery_length=—|delivery_line=—|delivery_angle=—|delivery_shot=—|delivery_direction=—|delivery_elevation=—|delivery_bounce=—|delivery_dets=0|delivery_method=—|delivery_snap_dets=—|delivery_3layer_dets=—|delivery_det_rate=—|delivery_dir_zone=—|delivery_dir_conf=0|delivery_pitch_pos=—|delivery_shot_action=—|delivery_swing=—|delivery_speed_vlm=—|delivery_vlm_conf=—|delivery_vlm_ms=—|speed_kph=—|venue=—|batting_team=Royal Challengers Bengaluru|match_info=IPL 2026|completed_over=—|completed_over_runs=—|drs_state=NONE|corrections=none|lat_vision=1141|lat_extract=646|lat_scorer=1223|lat_field=42|lat_comm=0|lat_code=0|lat_total=3013|comm_bowler=Lungi Ngidi|comm_wire=—|comm_storyteller=—|comm_analyst=—|comm_colour=—|comm_wire_ms=0|comm_story_ms=0|comm_analyst_ms=0|comm_colour_ms=0[0m
[37m[15:59:56 F11 VISION] INFO: [SCOUT] SCOREBOARD 1013ms strip=True overlay=False drs=False digits=True 192 chars[0m
[37m[15:59:56 F11 TEST] INFO: 
=======================================================[0m
[37m[15:59:56 F11 TEST] INFO: [F11] SCOREBOARD — #11[0m
[37m[15:59:56 F11 TEST] INFO:   [V 1015ms] STRIP: RCB 55-1 (5.3) | SALT 32(19) | PADIKKAL 1(1) | NGIDI 1-3 (0.3)[0m
[37m[15:59:56 F11 EXTRACT] INFO: Extracted in 0.7s (llama-4-scout-17b-16e-instruct)[0m
[37m[15:59:56 F11 TEST] INFO:   [E 750ms] visible_team=Royal Challengers Bengaluru score=55-1 (5.3) target=None rr=None[0m
[37m[15:59:56 F11 TEST] INFO:     BAT: SALT 32(19) [0m
[37m[15:59:56 F11 TEST] INFO:     BAT: PADIKKAL 1(1) [0m
[37m[15:59:56 F11 TEST] INFO:     BOWL: NGIDI 1-3 (0.3)[0m
[37m[15:59:56 F11 TEST] INFO:   [POISONED] Extracted score 55 vs tracker 40 (delta=15) — blocking ALL updates this frame[0m
[37m[15:59:57 F11 SCORER] INFO: Scored in 1.2s (llama-4-scout-17b-16e-instruct)[0m
[37m[15:59:57 F11 TEST] INFO:   [S] Hint: Current batters: PADIKKAL and SALT. Bowler: NGIDI. Read their stats from the scoreboard.[0m
[37m[15:59:57 F11 TEST] INFO:   [CONSENSUS] Poisoned score 55 persisted 2 frames — accepting as new truth[0m
[37m[15:59:57 F11 TRACK] INFO: score: 40 → 55 (confirmed F11)[0m
[37m[15:59:57 F11 BOARD] INFO: score: 40 -> 55 [F11][0m
[37m[15:59:57 F11 TEST] INFO:   [CONSENSUS] Cleared stale batting card — next frame will rebuild[0m
[37m[15:59:57 F11 TEST] INFO:   [S 1155ms] Changes: ['score→55(consensus)'][0m
[37m[15:59:57 F11 TEST] INFO:   Total: 2920ms (V:1015 E:750 S:1155)[0m
[37m[15:59:57 F11 TEST] INFO:   [THIS OVER] ['2026', '5'] = 2031 runs[0m
[37m[15:59:57 F11 COMMENTARY] INFO: [GUARD] Score correction detected: delta=15, not a ball event[0m
[37m[15:59:57 F11 BOARD] INFO: run_rate: 8.89 -> 12.22 [F11][0m
[37m[15:59:57 F11 TEST] INFO:   STATE: Royal Challengers Bengaluru 55-0 (4.3) inn=1 RR=12.22 | Bat: Virat Kohli(?) Philip Salt*(?) | Bowl: Lungi Ngidi 1-3[0m
[33m[15:59:57 F11 SCORE_MGR] WARN: [SM] REJECT (cricket_rules: d_score_15_on_0_legal_balls_>_max_7)  prev=40/0 (4.3) → card=55/0 (4.3)[0m
[37m[15:59:57 F11 TEST] INFO:   [ACTION] The bowler NGIDI is bowling to batter SALT.[0m
[37m[15:59:57 F11 FIELD] INFO: [F11] short leg set — expecting bat-pad[0m
[37m[15:59:57 F11 FIELD] INFO: [F11] CC-silly_point moved to IC-backward_point[0m
[37m[15:59:57 F11 FIELD] INFO: [F11] slip added — expecting edge[0m
[37m[15:59:57 F11 FIELD] INFO: [F11] IC-mid_on brought in — attacking[0m
[37m[15:59:57 F11 FIELD] INFO: [F11] IC-mid_on brought in — attacking[0m
[37m[15:59:57 F11 FIELD] INFO: [F11] OC-deep_point moved to OC-straight_long_on[0m
[37m[15:59:57 F11 TEST] INFO: DETAIL|F11|SCOREBOARD|tag=SCOREBOARD|scout=STRIP: RCB 55-1 (5.3) | SALT 32(19) | PADIKKAL 1(1) | NGIDI 1-3 (0.3)|action=The bowler NGIDI is bowling to batter SALT.|ext_score=55-1(5.3)|ext_bat=SALT 32(19) | PADIKKAL 1(1)|ext_bowl=NGIDI 1-3 (0.3)|scorer_changes=['score→55(consensus)']|yolo=6|BEFORE_score=40-0(4.3)|BEFORE_bat1=Virat Kohli None(None)|BEFORE_bat2=Philip Salt None(None)|BEFORE_bowl=Lungi Ngidi 1-3 (0.3)|BEFORE_this_over=['2026', '5']|AFTER_score=55-0(4.3)|AFTER_bat1=Virat Kohli None(None)|AFTER_bat2=Philip Salt None(None)|AFTER_bowl=Lungi Ngidi 1-3 (0.3)|AFTER_this_over=['2026', '5']|AFTER_this_over_src=2026(bcast),5(bcast)|AFTER_striker=Philip Salt|AFTER_non_striker=Virat Kohli|AFTER_run_rate=12.22|AFTER_target=—|AFTER_innings=1|AFTER_partnership=15(0)|AFTER_fow_count=0|AFTER_field=pace_powerplay frozen=True fielders=['gully', 'fine_leg', 'leg_slip', 'forward_short_leg', 'deep_backward_sq', 'short_fine_leg', 'slip_1', 'point', 'cover']|ball_event=—|ball_event_runs=—|ball_event_over=—|ball_event_extra=—|ball_event_free_hit=—|broadcast_extra=—|dismissal_mode=—|striker_this_ball=Philip Salt|delivery_length=—|delivery_line=—|delivery_angle=—|delivery_shot=—|delivery_direction=—|delivery_elevation=—|delivery_bounce=—|delivery_dets=0|delivery_method=—|delivery_snap_dets=—|delivery_3layer_dets=—|delivery_det_rate=—|delivery_dir_zone=—|delivery_dir_conf=0|delivery_pitch_pos=—|delivery_shot_action=—|delivery_swing=—|delivery_speed_vlm=—|delivery_vlm_conf=—|delivery_vlm_ms=—|speed_kph=—|venue=—|batting_team=Royal Challengers Bengaluru|match_info=IPL 2026|completed_over=—|completed_over_runs=—|drs_state=NONE|corrections=none|lat_vision=1015|lat_extract=750|lat_scorer=1155|lat_field=40|lat_comm=0|lat_code=0|lat_total=2921|comm_bowler=Lungi Ngidi|comm_wire=—|comm_storyteller=—|comm_analyst=—|comm_colour=—|comm_wire_ms=0|comm_story_ms=0|comm_analyst_ms=0|comm_colour_ms=0[0m
[37m[15:59:59 F12 VISION] INFO: [SCOUT] SCOREBOARD 767ms strip=True overlay=False drs=False digits=True 216 chars[0m
[37m[15:59:59 F12 TEST] INFO: 
=======================================================[0m
[37m[15:59:59 F12 TEST] INFO: [F12] SCOREBOARD — #12[0m
[37m[15:59:59 F12 TEST] INFO:   [V 770ms] STRIP: RCB 55-1 (5.3) | SALT 32(19) | PADIKKAL 1(1) | NGIDI 1-3 (0.3)[0m
[37m[16:00:00 F12 EXTRACT] INFO: Extracted in 0.6s (llama-4-scout-17b-16e-instruct)[0m
[37m[16:00:00 F12 TEST] INFO:   [E 645ms] visible_team=Royal Challengers Bengaluru score=55-1 (5.3) target=None rr=None[0m
[37m[16:00:00 F12 TEST] INFO:     BAT: SALT 32(19) [0m
[37m[16:00:00 F12 TEST] INFO:     BAT: PADIKKAL 1(1) [0m
[37m[16:00:00 F12 TEST] INFO:     BOWL: NGIDI 1-3 (0.3)[0m
[37m[16:00:00 F12 BOARD] INFO: Philip Salt: None(None) -> 18(15) [F12][0m
[33m[16:00:00 F12 BOARD] WARN: Batter 'Devdutt Padikkal' rejected — 2 batters already active: ['Virat Kohli', 'Philip Salt'][0m
[37m[16:00:00 F12 TEST] INFO:   [DIRECT] Batter updates: ['SALT: ext=32(19) → tracker=18(15) [was None(None)]'][0m
[37m[16:00:00 F12 TEST] INFO:   [DIRECT] score→55[0m
[37m[16:00:01 F12 SCORER] INFO: Scored in 1.3s (llama-4-scout-17b-16e-instruct)[0m
[37m[16:00:01 F12 TEST] INFO:   [S] Hint: Current batters: PADIKKAL and SALT. Bowler: NGIDI. Read their stats from the scoreboard.[0m
[37m[16:00:01 F12 TRACK] INFO: overs: 4.3 → 5.3 (confirmed F12)[0m
[37m[16:00:01 F12 BOARD] INFO: overs: 4.3 -> 5.3 [F12][0m
[37m[16:00:01 F12 TRACK] INFO: wickets: 0 → 1 (confirmed F12)[0m
[37m[16:00:01 F12 BOARD] INFO: wickets: 0 -> 1 [F12][0m
[37m[16:00:01 F12 TEST] INFO:   [GUARD] Scorer proposed dismissal but wickets unchanged (1) — blocking[0m
[37m[16:00:01 F12 TEST] INFO:   [FLOW] Extractor batters not in scorer: {'PADIKKAL', 'SALT'}[0m
[37m[16:00:01 F12 TRACK] INFO: bat:Philip Salt:runs: 18 → 32 (confirmed F12)[0m
[37m[16:00:01 F12 TRACK] INFO: bat:Philip Salt:balls: 15 → 19 (confirmed F12)[0m
[37m[16:00:01 F12 BOARD] INFO: Philip Salt: 18(15) -> 32(19) [F12][0m
[37m[16:00:01 F12 BOARD] INFO: [WICKET] Auto-dismissed Virat Kohli — not in extractor output, Devdutt Padikkal replacing[0m
[37m[16:00:01 F12 BOARD] INFO: Batter activated: Devdutt Padikkal[0m
[37m[16:00:01 F12 TEST] INFO:   [STRIKER-DEDUP] Philip Salt == non_striker → non_striker=Devdutt Padikkal[0m
[37m[16:00:01 F12 TEST] INFO:   [WICKET-TRACK] Wicket at F12[0m
[37m[16:00:01 F12 TEST] INFO:   [S 1318ms] Changes: ['score→55', 'overs→5.3', 'wickets→1', 'bat:Philip Salt=32(19)', 'bat:Devdutt Padikkal=1(1)', 'bowl:Lungi Ngidi'][0m
[37m[16:00:01 F12 TEST] INFO:   Total: 2733ms (V:770 E:645 S:1318)[0m
[37m[16:00:01 F12 TEST] INFO:   [THIS OVER] ['2026', '5'] = 2031 runs[0m
[37m[16:00:01 F12 COMMENTARY] INFO: [BALL ?] MULTI_BALL | 5.3 +0 runs (Δballs=6)[0m
[37m[16:00:01 F12 OVER] INFO: Missed 6 balls (+0 runs) — added 4 placeholders (capped from 6)[0m
[37m[16:00:01 F12 TEST] INFO:   [THIS-OVER] Ball MULTI_BALL appended to over 4[0m
[37m[16:00:01 F12 OVER] INFO: Over 4 complete: ['2026', '5', '?', '?', '?', '?'] = 2031 runs, 0 wkts (by Lungi Ngidi)[0m
[37m[16:00:01 F12 TEST] INFO:   [STRIKER] Over change rotation: Devdutt Padikkal ← Philip Salt[0m
[37m[16:00:01 F12 TEST] INFO:   [OVER CHANGE] → 5.3[0m
[37m[16:00:01 F12 BOARD] INFO: run_rate: 12.22 -> 10.0 [F12][0m
[37m[16:00:01 F12 TEST] INFO:   STATE: Royal Challengers Bengaluru 55-1 (5.3) inn=1 RR=10.0 | Bat: Philip Salt(32) Devdutt Padikkal*(0) | Bowl: Lungi Ngidi 1-3[0m
[37m[16:00:01 F12 CRICKET] INFO: Batter swap detected: ['Virat Kohli', 'Philip Salt'] → ['Philip Salt', 'Devdutt Padikkal'][0m
[37m[16:00:01 F12 SCORE_MGR] INFO: [SM] MULTI_BALL  55/1 (5.3)  striker=SALT[0m
[37m[16:00:01 F12 TEST] INFO:   [SHADOW] SM=MULTI_BALL BED=MULTI_BALL MATCH[0m
[37m[16:00:01 F12 COMMENTARY] INFO: [PARTNERSHIP] ['Virat Kohli', 'Philip Salt'] — 15 runs off 6 balls[0m
[37m[16:00:01 F12 TEST] INFO:   [BALL EVENT ?] MULTI_BALL | None | +0 runs (Δballs=0) | The batsman, SALT, is taking a moment, possibly between deli[0m
[37m[16:00:01 F12 FIELD] INFO: [F12] slip removed — less catching pressure[0m
[37m[16:00:01 F12 FIELD] INFO: [F12] IC-short_leg_area pushed back — defensive[0m
[37m[16:00:01 F12 FIELD] INFO: [F12] IC-backward_point moved to IC-cover[0m
[37m[16:00:01 F12 FIELD] INFO: [F12] IC-mid_on pushed back — defensive[0m
[37m[16:00:01 F12 TEST] INFO: DETAIL|F12|SCOREBOARD|tag=SCOREBOARD|scout=STRIP: RCB 55-1 (5.3) | SALT 32(19) | PADIKKAL 1(1) | NGIDI 1-3 (0.3)|action=The batsman, SALT, is taking a moment, possibly between deliveries.|ext_score=55-1(5.3)|ext_bat=SALT 32(19) | PADIKKAL 1(1)|ext_bowl=NGIDI 1-3 (0.3)|scorer_changes=['score→55', 'overs→5.3', 'wickets→1', 'bat:Philip Salt=32(19)', 'bat:Devdutt Padikkal=1(1)', 'bowl:Lungi Ngidi']|yolo=4|BEFORE_score=55-0(4.3)|BEFORE_bat1=Virat Kohli None(None)|BEFORE_bat2=Philip Salt None(None)|BEFORE_bowl=Lungi Ngidi 1-3 (0.3)|BEFORE_this_over=['2026', '5']|AFTER_score=55-1(5.3)|AFTER_bat1=Philip Salt 32(19)|AFTER_bat2=Devdutt Padikkal 0(0)|AFTER_bowl=Lungi Ngidi 1-3 (0.3)|AFTER_this_over=['?', '?', '?']|AFTER_this_over_src=?(bcast),?(bcast),?(obs)|AFTER_striker=Devdutt Padikkal|AFTER_non_striker=Philip Salt|AFTER_run_rate=10.00|AFTER_target=—|AFTER_innings=1|AFTER_partnership=0(0)|AFTER_fow_count=1|AFTER_field=pace_powerplay frozen=True fielders=['gully', 'fine_leg', 'leg_slip', 'forward_short_leg', 'deep_backward_sq', 'short_fine_leg', 'slip_1', 'point', 'cover']|ball_event=MULTI_BALL|ball_event_runs=—|ball_event_over=—|ball_event_extra=—|ball_event_free_hit=—|broadcast_extra=—|dismissal_mode=—|striker_this_ball=Philip Salt|delivery_length=—|delivery_line=—|delivery_angle=—|delivery_shot=—|delivery_direction=—|delivery_elevation=—|delivery_bounce=—|delivery_dets=0|delivery_method=—|delivery_snap_dets=—|delivery_3layer_dets=—|delivery_det_rate=—|delivery_dir_zone=—|delivery_dir_conf=0|delivery_pitch_pos=—|delivery_shot_action=—|delivery_swing=—|delivery_speed_vlm=—|delivery_vlm_conf=—|delivery_vlm_ms=—|speed_kph=—|venue=—|batting_team=Royal Challengers Bengaluru|match_info=IPL 2026|completed_over=['2026', '5']|completed_over_runs=2031|drs_state=NONE|corrections=none|lat_vision=770|lat_extract=645|lat_scorer=1318|lat_field=42|lat_comm=0|lat_code=0|lat_total=2736|comm_bowler=Lungi Ngidi|comm_wire=—|comm_storyteller=—|comm_analyst=—|comm_colour=—|comm_wire_ms=0|comm_story_ms=0|comm_analyst_ms=0|comm_colour_ms=0[0m
[37m[16:00:04 F13 VISION] INFO: [SCOUT] SCOREBOARD 1655ms strip=True overlay=False drs=False digits=True 246 chars[0m
[37m[16:00:04 F13 TEST] INFO: 
=======================================================[0m
[37m[16:00:04 F13 TEST] INFO: [F13] SCOREBOARD — #13[0m
[37m[16:00:04 F13 TEST] INFO:   [V 1658ms] STRIP: RCB 55-1 (5.4) | SALT 32(20) | PADIKKAL 1(1) | 

INFO_PANEL: 
SPEED: 135.6 kph
EXTRA: 
THIS OVER: 
FULL SCORECARD: 

The bowler Ngidi is bowling at a speed of 135.6 kph.[0m
[37m[16:00:05 F13 EXTRACT] INFO: Extracted in 1.1s (llama-4-scout-17b-16e-instruct)[0m
[37m[16:00:05 F13 TEST] INFO:   [E 1124ms] visible_team=Royal Challengers Bengaluru score=55-1 (5.4) target=None rr=None[0m
[37m[16:00:05 F13 TEST] INFO:     BAT: SALT 32(20) [0m
[37m[16:00:05 F13 TEST] INFO:     BAT: PADIKKAL 1(1) [0m
[37m[16:00:05 F13 TEST] INFO:     BOWL: Ngidi None-None (None)[0m
[37m[16:00:05 F13 TEST] INFO:   [GUARD] Same bowler Lungi Ngidi after over change — waiting for new bowler name[0m
[37m[16:00:05 F13 TRACK] INFO: bat:Philip Salt:balls: 19 → 20 (fast-confirm, natural increment F13)[0m
[37m[16:00:05 F13 BOARD] INFO: Philip Salt: 32(19) -> 32(20) [F13][0m
[37m[16:00:05 F13 TRACK] INFO: bat:Devdutt Padikkal:runs: initial proposed 1 (2/3 — waiting)[0m
[37m[16:00:05 F13 TRACK] INFO: bat:Devdutt Padikkal:balls: initial proposed 1 (2/3 — waiting)[0m
[37m[16:00:05 F13 TEST] INFO:   [DIRECT] Batter updates: ['SALT: ext=32(20) → tracker=32(20) [was 32(19)]', 'PADIKKAL: ext=1(1) → tracker=0(0) [was 0(0)]'][0m
[37m[16:00:05 F13 TEST] INFO:   [STRIKER] Balls-faced: Philip Salt (was Devdutt Padikkal)[0m
[37m[16:00:05 F13 TEST] INFO:   [DIRECT] score→55[0m
[37m[16:00:05 F13 TRACK] INFO: overs: 5.3 → 5.4 (post-event immediate, grace=1)[0m
[37m[16:00:05 F13 BOARD] INFO: overs: 5.3 -> 5.4 [F13][0m
[37m[16:00:05 F13 TEST] INFO:   [DIRECT] overs→5.4[0m
[37m[16:00:05 F13 TEST] INFO:   [DIRECT] wickets→1[0m
[37m[16:00:06 F13 SCORER] INFO: Scored in 1.0s (llama-4-scout-17b-16e-instruct)[0m
[37m[16:00:06 F13 TEST] INFO:   [S] Hint: Current batters: SALT and PADIKKAL. Bowler: Ngidi. Read their stats from the scoreboard. ALREADY DISMISSED (do NOT dismiss again): Virat Kohli[0m
[37m[16:00:06 F13 TEST] INFO:   [GUARD] Scorer proposed dismissal but wickets unchanged (1) — blocking[0m
[37m[16:00:06 F13 TEST] INFO:   [FLOW] Extractor batters not in scorer: {'PADIKKAL', 'SALT'}[0m
[37m[16:00:06 F13 TRACK] INFO: bat:Devdutt Padikkal:runs: initial → 1 (cold-start consensus 3/3)[0m
[37m[16:00:06 F13 TRACK] INFO: bat:Devdutt Padikkal:balls: initial → 1 (cold-start consensus 3/3)[0m
[37m[16:00:06 F13 BOARD] INFO: Devdutt Padikkal: 0(0) -> 1(1) [F13][0m
[37m[16:00:06 F13 TEST] INFO:   [WICKET-TRACK] Wicket at F13[0m
[37m[16:00:06 F13 TEST] INFO:   [S 1044ms] Changes: ['score→55', 'overs→5.4', 'wickets→1', 'bat:Philip Salt=32(20)', 'bat:Devdutt Padikkal=1(1)', 'bowl:Lungi Ngidi'][0m
[37m[16:00:06 F13 TEST] INFO:   Total: 3826ms (V:1658 E:1124 S:1044)[0m
[37m[16:00:06 F13 TEST] INFO:   [THIS OVER] ['?', '?', '?'] = 0 runs[0m
[37m[16:00:06 F13 COMMENTARY] INFO: [BALL ✓] DOT | 5.4 +0 runs (Δballs=1)[0m
[37m[16:00:06 F13 OVER] INFO: Completed over flushed (ball event in new over): ['?', '?', '?'] → [][0m
[37m[16:00:06 F13 TEST] INFO:   [THIS-OVER] Ball DOT appended to over 5[0m
[37m[16:00:16 F13 TEST] INFO:   [DELIVERY] good length, on off stump, defended straight down the ground, along the ground (9885ms, 0 dets, method=vlm)[0m
[37m[16:00:16 F13 BOARD] INFO: run_rate: 10.0 -> 9.71 [F13][0m
[37m[16:00:16 F13 TEST] INFO:   STATE: Royal Challengers Bengaluru 55-1 (5.4) inn=1 RR=9.71 | Bat: Philip Salt*(32) Devdutt Padikkal(1) | Bowl: Lungi Ngidi 1-3[0m
[37m[16:00:16 F13 SCORE_MGR] INFO: [SM] DOT  55/1 (5.4)  striker=SALT[0m
[37m[16:00:16 F13 TEST] INFO:   [SHADOW] SM=DOT BED=DOT MATCH[0m
[37m[16:00:17 F13 TEST] INFO:   [COMM 548ms] wire(0ms), storyteller(547ms)[0m
[37m[16:00:17 F13 OVER] INFO: this_over count mismatch: team@5.4 expects 4 legal balls, observed 1 legal (tokens=['.']) — keeping observations[0m
[37m[16:00:17 F13 TEST] INFO:   [BALL EVENT ✓] DOT | 5.4 | +0 runs (Δballs=0)[0m
[37m[16:00:17 F13 TEST] INFO: DETAIL|F13|SCOREBOARD|tag=SCOREBOARD|scout=STRIP: RCB 55-1 (5.4) | SALT 32(20) | PADIKKAL 1(1) |   INFO_PANEL:  SPEED: 135.6 kph EXTRA:  THIS OVER:  FULL SCORECARD|action=—|ext_score=55-1(5.4)|ext_bat=SALT 32(20) | PADIKKAL 1(1)|ext_bowl=Ngidi None-None (None)|scorer_changes=['score→55', 'overs→5.4', 'wickets→1', 'bat:Philip Salt=32(20)', 'bat:Devdutt Padikkal=1(1)', 'bowl:Lungi Ngidi']|yolo=0|BEFORE_score=55-1(5.3)|BEFORE_bat1=Philip Salt 32(19)|BEFORE_bat2=Devdutt Padikkal 0(0)|BEFORE_bowl=Lungi Ngidi 1-3 (0.3)|BEFORE_this_over=['?', '?', '?']|AFTER_score=55-1(5.4)|AFTER_bat1=Philip Salt 32(20)|AFTER_bat2=Devdutt Padikkal 1(1)|AFTER_bowl=Lungi Ngidi 1-3 (0.3)|AFTER_this_over=['.']|AFTER_this_over_src=.(obs)|AFTER_striker=Philip Salt|AFTER_non_striker=Devdutt Padikkal|AFTER_run_rate=9.71|AFTER_target=—|AFTER_innings=1|AFTER_partnership=0(1)|AFTER_fow_count=1|AFTER_field=pace_powerplay frozen=True fielders=['gully', 'fine_leg', 'leg_slip', 'forward_short_leg', 'deep_backward_sq', 'short_fine_leg', 'slip_1', 'point', 'cover']|ball_event=DOT|ball_event_runs=0|ball_event_over=5.4|ball_event_extra=—|ball_event_free_hit=—|broadcast_extra=—|dismissal_mode=—|striker_this_ball=Philip Salt|delivery_length=good_length|delivery_line=off_stump|delivery_angle=over|delivery_shot=along_ground|delivery_direction=straight|delivery_elevation=along_ground|delivery_bounce=normal|delivery_dets=0|delivery_method=vlm|delivery_snap_dets=—|delivery_3layer_dets=—|delivery_det_rate=0.00|delivery_dir_zone=straight|delivery_dir_conf=high|delivery_pitch_pos=on_a_good_length|delivery_shot_action=defend|delivery_swing=not_visible|delivery_speed_vlm=None|delivery_vlm_conf=high|delivery_vlm_ms=1992|speed_kph=135.6|venue=—|batting_team=Royal Challengers Bengaluru|match_info=IPL 2026|completed_over=—|completed_over_runs=—|drs_state=NONE|corrections=none|lat_vision=1658|lat_extract=1124|lat_scorer=1044|lat_field=42|lat_comm=548|lat_code=9846|lat_total=14262|comm_bowler=Lungi Ngidi|comm_wire=5.4: Lungi Ngidi to SALT — no run, good length (135.6 kph). 55/1|comm_storyteller=The dot ball to start this over! A hush falls over the crowd as the bowler runs in, 135.6 kph on the radar. The batter watches the ball closely, takes a deep breath, and lets it pass. No risk taken, a|comm_analyst=—|comm_colour=—|comm_wire_ms=0|comm_story_ms=547|comm_analyst_ms=0|comm_colour_ms=0[0m
[37m[16:00:19 F14 VISION] INFO: [SCOUT] SCOREBOARD 1152ms strip=True overlay=False drs=False digits=False 200 chars[0m
[37m[16:00:19 F14 VISION] INFO: [SCOUT] Preview: {"has_strip": true, "has_overlay_stats": false, "drs_review": false}

STRIP: RCB 0-0 (0.0) | *SALT 0(0) | Padikkal 0(0) | Ngidi 0-0 (0.0)

ACTION: The players are preparing for the start of the match.[0m
[37m[16:00:19 F14 TEST] INFO: 
=======================================================[0m
[37m[16:00:19 F14 TEST] INFO: [F14] SCOREBOARD — #14[0m
[37m[16:00:19 F14 TEST] INFO:   [V 1155ms] STRIP: RCB 0-0 (0.0) | *SALT 0(0) | Padikkal 0(0) | Ngidi 0-0 (0.0)[0m
[37m[16:00:20 F14 EXTRACT] INFO: Extracted in 0.9s (llama-4-scout-17b-16e-instruct)[0m
[37m[16:00:20 F14 TEST] INFO:   [GUARD] Extractor returned 0-0(0.0) mid-innings (current score=55) — stripping all data[0m
[37m[16:00:20 F14 TEST] INFO:   [E 937ms] visible_team=None score=None-None (None) target=None rr=None[0m
[37m[16:00:21 F14 SCORER] INFO: Scored in 1.6s (llama-4-scout-17b-16e-instruct)[0m
[37m[16:00:21 F14 TEST] INFO:   [S] Hint: Current batters: SALT and PADIKKAL. Bowler: NGIDI. Read their stats from the scoreboard. ALREADY DISMISSED (do NOT dismiss again): Virat Kohli[0m
[37m[16:00:21 F14 TEST] INFO:   [S 1600ms] Changes: ['FRAME_POISONED:None'][0m
[37m[16:00:21 F14 TEST] INFO:   Total: 3692ms (V:1155 E:937 S:1600)[0m
[37m[16:00:21 F14 TEST] INFO:   [THIS OVER] ['.'] = 0 runs[0m
[37m[16:00:21 F14 TEST] INFO:   STATE: Royal Challengers Bengaluru 55-1 (5.4) inn=1 RR=9.71 | Bat: Philip Salt*(32) Devdutt Padikkal(1) | Bowl: Lungi Ngidi 1-3[0m
[37m[16:00:21 F14 TEST] INFO:   [ACTION] The players are preparing for the start of the match.[0m
[37m[16:00:21 F14 TEST] INFO: DETAIL|F14|SCOREBOARD|tag=SCOREBOARD|scout=STRIP: RCB 0-0 (0.0) | *SALT 0(0) | Padikkal 0(0) | Ngidi 0-0 (0.0)|action=The players are preparing for the start of the match.|ext_score=None-None(None)|ext_bat=|ext_bowl=|scorer_changes=['FRAME_POISONED:None']|yolo=0|BEFORE_score=55-1(5.4)|BEFORE_bat1=Philip Salt 32(20)|BEFORE_bat2=Devdutt Padikkal 1(1)|BEFORE_bowl=Lungi Ngidi 1-3 (0.3)|BEFORE_this_over=['.']|AFTER_score=55-1(5.4)|AFTER_bat1=Philip Salt 32(20)|AFTER_bat2=Devdutt Padikkal 1(1)|AFTER_bowl=Lungi Ngidi 1-3 (0.3)|AFTER_this_over=['.']|AFTER_this_over_src=.(obs)|AFTER_striker=Philip Salt|AFTER_non_striker=Devdutt Padikkal|AFTER_run_rate=9.71|AFTER_target=—|AFTER_innings=1|AFTER_partnership=0(1)|AFTER_fow_count=1|AFTER_field=pace_powerplay frozen=True fielders=['gully', 'fine_leg', 'leg_slip', 'forward_short_leg', 'deep_backward_sq', 'short_fine_leg', 'slip_1', 'point', 'cover']|ball_event=—|ball_event_runs=—|ball_event_over=—|ball_event_extra=—|ball_event_free_hit=—|broadcast_extra=—|dismissal_mode=—|striker_this_ball=Philip Salt|delivery_length=—|delivery_line=—|delivery_angle=—|delivery_shot=—|delivery_direction=—|delivery_elevation=—|delivery_bounce=—|delivery_dets=0|delivery_method=—|delivery_snap_dets=—|delivery_3layer_dets=—|delivery_det_rate=—|delivery_dir_zone=—|delivery_dir_conf=0|delivery_pitch_pos=—|delivery_shot_action=—|delivery_swing=—|delivery_speed_vlm=—|delivery_vlm_conf=—|delivery_vlm_ms=—|speed_kph=—|venue=—|batting_team=Royal Challengers Bengaluru|match_info=IPL 2026|completed_over=—|completed_over_runs=—|drs_state=NONE|corrections=none|lat_vision=1155|lat_extract=937|lat_scorer=1600|lat_field=43|lat_comm=0|lat_code=0|lat_total=3694|comm_bowler=Lungi Ngidi|comm_wire=—|comm_storyteller=—|comm_analyst=—|comm_colour=—|comm_wire_ms=0|comm_story_ms=0|comm_analyst_ms=0|comm_colour_ms=0[0m
[37m[16:00:24 F15 VISION] INFO: [SCOUT] SCOREBOARD 1313ms strip=True overlay=False drs=False digits=False 300 chars[0m
[37m[16:00:24 F15 VISION] INFO: [SCOUT] Preview: {"has_strip": true, "has_overlay_stats": false, "drs_review": false}

STRIP: RCB 0-0 (0.0) | Salt 0(0) | Padikkal 0(0) | Ngidi 0-0 (0.0)

ACTION: The camera shows a close-up of a player, likely a memb[0m
[37m[16:00:24 F15 TEST] INFO: 
=======================================================[0m
[37m[16:00:24 F15 TEST] INFO: [F15] SCOREBOARD — #15[0m
[37m[16:00:24 F15 TEST] INFO:   [V 1316ms] STRIP: RCB 0-0 (0.0) | Salt 0(0) | Padikkal 0(0) | Ngidi 0-0 (0.0)[0m
[37m[16:00:25 F15 EXTRACT] INFO: Extracted in 1.4s (llama-4-scout-17b-16e-instruct)[0m
[37m[16:00:25 F15 TEST] INFO:   [GUARD] Extractor returned 0-0(0.0) mid-innings (current score=55) — stripping all data[0m
[37m[16:00:25 F15 TEST] INFO:   [E 1379ms] visible_team=None score=None-None (None) target=None rr=None[0m
[37m[16:00:26 F15 SCORER] INFO: Scored in 1.2s (llama-4-scout-17b-16e-instruct)[0m
[37m[16:00:26 F15 TEST] INFO:   [S] Hint: Current batters: SALT and PADIKKAL. Bowler: NGIDI. Read their stats from the scoreboard. ALREADY DISMISSED (do NOT dismiss again): Virat Kohli[0m
[37m[16:00:26 F15 TEST] INFO:   [S 1172ms] Changes: ['FRAME_POISONED:None'][0m
[37m[16:00:26 F15 TEST] INFO:   Total: 3867ms (V:1316 E:1379 S:1172)[0m
[37m[16:00:26 F15 TEST] INFO:   [THIS OVER] ['.'] = 0 runs[0m
[37m[16:00:26 F15 TEST] INFO:   STATE: Royal Challengers Bengaluru 55-1 (5.4) inn=1 RR=9.71 | Bat: Philip Salt*(32) Devdutt Padikkal(1) | Bowl: Lungi Ngidi 1-3[0m
[37m[16:00:26 F15 TEST] INFO:   [ACTION] The camera shows a close-up of a player, likely a member of the Delhi Capitals, [0m
[37m[16:00:26 F15 TEST] INFO: DETAIL|F15|SCOREBOARD|tag=SCOREBOARD|scout=STRIP: RCB 0-0 (0.0) | Salt 0(0) | Padikkal 0(0) | Ngidi 0-0 (0.0)|action=The camera shows a close-up of a player, likely a member of the Delhi Capitals, reacting or celebrat|ext_score=None-None(None)|ext_bat=|ext_bowl=|scorer_changes=['FRAME_POISONED:None']|yolo=0|BEFORE_score=55-1(5.4)|BEFORE_bat1=Philip Salt 32(20)|BEFORE_bat2=Devdutt Padikkal 1(1)|BEFORE_bowl=Lungi Ngidi 1-3 (0.3)|BEFORE_this_over=['.']|AFTER_score=55-1(5.4)|AFTER_bat1=Philip Salt 32(20)|AFTER_bat2=Devdutt Padikkal 1(1)|AFTER_bowl=Lungi Ngidi 1-3 (0.3)|AFTER_this_over=['.']|AFTER_this_over_src=.(obs)|AFTER_striker=Philip Salt|AFTER_non_striker=Devdutt Padikkal|AFTER_run_rate=9.71|AFTER_target=—|AFTER_innings=1|AFTER_partnership=0(1)|AFTER_fow_count=1|AFTER_field=pace_powerplay frozen=True fielders=['gully', 'fine_leg', 'leg_slip', 'forward_short_leg', 'deep_backward_sq', 'short_fine_leg', 'slip_1', 'point', 'cover']|ball_event=—|ball_event_runs=—|ball_event_over=—|ball_event_extra=—|ball_event_free_hit=—|broadcast_extra=—|dismissal_mode=—|striker_this_ball=Philip Salt|delivery_length=—|delivery_line=—|delivery_angle=—|delivery_shot=—|delivery_direction=—|delivery_elevation=—|delivery_bounce=—|delivery_dets=0|delivery_method=—|delivery_snap_dets=—|delivery_3layer_dets=—|delivery_det_rate=—|delivery_dir_zone=—|delivery_dir_conf=0|delivery_pitch_pos=—|delivery_shot_action=—|delivery_swing=—|delivery_speed_vlm=—|delivery_vlm_conf=—|delivery_vlm_ms=—|speed_kph=—|venue=—|batting_team=Royal Challengers Bengaluru|match_info=IPL 2026|completed_over=—|completed_over_runs=—|drs_state=NONE|corrections=none|lat_vision=1316|lat_extract=1379|lat_scorer=1172|lat_field=41|lat_comm=0|lat_code=0|lat_total=3869|comm_bowler=Lungi Ngidi|comm_wire=—|comm_storyteller=—|comm_analyst=—|comm_colour=—|comm_wire_ms=0|comm_story_ms=0|comm_analyst_ms=0|comm_colour_ms=0[0m
[37m[16:00:28 F16 VISION] INFO: [SCOUT] SCOREBOARD 986ms strip=True overlay=False drs=False digits=True 190 chars[0m
[37m[16:00:28 F16 TEST] INFO: 
=======================================================[0m
[37m[16:00:28 F16 TEST] INFO: [F16] SCOREBOARD — #16[0m
[37m[16:00:28 F16 TEST] INFO:   [V 989ms] STRIP: RCB 55-1 (5.4) | SALT 32(20) | PADIKKAL 1(1) | LUNGI NGIDI 1-33 (5)[0m
[37m[16:00:29 F16 EXTRACT] INFO: Extracted in 0.7s (llama-4-scout-17b-16e-instruct)[0m
[37m[16:00:29 F16 TEST] INFO:   [E 680ms] visible_team=Royal Challengers Bengaluru score=55-1 (5.4) target=None rr=None[0m
[37m[16:00:29 F16 TEST] INFO:     BAT: SALT 32(20) [0m
[37m[16:00:29 F16 TEST] INFO:     BAT: PADIKKAL 1(1) [0m
[37m[16:00:29 F16 TEST] INFO:     BOWL: LUNGI NGIDI 1-33 (5)[0m
[37m[16:00:29 F16 TEST] INFO:   [GUARD] Same bowler Lungi Ngidi after over change — waiting for new bowler name[0m
[37m[16:00:29 F16 TEST] INFO:   [DIRECT] Batter updates: ['SALT: ext=32(20) → tracker=32(20) [was 32(20)]', 'PADIKKAL: ext=1(1) → tracker=1(1) [was 1(1)]'][0m
[37m[16:00:29 F16 TEST] INFO:   [DIRECT] score→55[0m
[37m[16:00:29 F16 TEST] INFO:   [DIRECT] overs→5.4[0m
[37m[16:00:29 F16 TEST] INFO:   [DIRECT] wickets→1[0m
[37m[16:00:30 F16 SCORER] INFO: Scored in 1.0s (llama-4-scout-17b-16e-instruct)[0m
[37m[16:00:30 F16 TEST] INFO:   [S] Hint: Current batters: SALT and PADIKKAL. Bowler: LUNGI NGIDI ALREADY DISMISSED (do NOT dismiss again): Virat Kohli[0m
[37m[16:00:30 F16 TEST] INFO:   [GUARD] Scorer proposed dismissal but wickets unchanged (1) — blocking[0m
[37m[16:00:30 F16 TEST] INFO:   [FLOW] Extractor batters not in scorer: {'PADIKKAL', 'SALT'}[0m
[37m[16:00:30 F16 TEST] INFO:   [GUARD] Batter 'Virat Kohli' not in extractor output — scorer inferred, rejecting[0m
[37m[16:00:30 F16 TEST] INFO:   [WICKET-TRACK] Wicket at F16[0m
[37m[16:00:30 F16 TEST] INFO:   [S 962ms] Changes: ['score→55', 'overs→5.4', 'wickets→1', 'bat:Philip Salt=32(20)', 'bat:Devdutt Padikkal=1(1)', 'bowl:Lungi Ngidi'][0m
[37m[16:00:30 F16 TEST] INFO:   Total: 2632ms (V:989 E:680 S:962)[0m
[37m[16:00:30 F16 TEST] INFO:   [THIS OVER] ['.'] = 0 runs[0m
[37m[16:00:30 F16 TEST] INFO:   STATE: Royal Challengers Bengaluru 55-1 (5.4) inn=1 RR=9.71 | Bat: Philip Salt*(32) Devdutt Padikkal(1) | Bowl: Lungi Ngidi 1-3[0m
[37m[16:00:30 F16 TEST] INFO:   [ACTION] The bowler, Lungi Ngidi, is bowling.[0m
[37m[16:00:30 F16 TEST] INFO: DETAIL|F16|SCOREBOARD|tag=SCOREBOARD|scout=STRIP: RCB 55-1 (5.4) | SALT 32(20) | PADIKKAL 1(1) | LUNGI NGIDI 1-33 (5)|action=The bowler, Lungi Ngidi, is bowling.|ext_score=55-1(5.4)|ext_bat=SALT 32(20) | PADIKKAL 1(1)|ext_bowl=LUNGI NGIDI 1-33 (5)|scorer_changes=['score→55', 'overs→5.4', 'wickets→1', 'bat:Philip Salt=32(20)', 'bat:Devdutt Padikkal=1(1)', 'bowl:Lungi Ngidi']|yolo=2|BEFORE_score=55-1(5.4)|BEFORE_bat1=Philip Salt 32(20)|BEFORE_bat2=Devdutt Padikkal 1(1)|BEFORE_bowl=Lungi Ngidi 1-3 (0.3)|BEFORE_this_over=['.']|AFTER_score=55-1(5.4)|AFTER_bat1=Philip Salt 32(20)|AFTER_bat2=Devdutt Padikkal 1(1)|AFTER_bowl=Lungi Ngidi 1-3 (0.3)|AFTER_this_over=['.']|AFTER_this_over_src=.(obs)|AFTER_striker=Philip Salt|AFTER_non_striker=Devdutt Padikkal|AFTER_run_rate=9.71|AFTER_target=—|AFTER_innings=1|AFTER_partnership=0(1)|AFTER_fow_count=1|AFTER_field=pace_powerplay frozen=True fielders=['gully', 'fine_leg', 'leg_slip', 'forward_short_leg', 'deep_backward_sq', 'short_fine_leg', 'slip_1', 'point', 'cover']|ball_event=—|ball_event_runs=—|ball_event_over=—|ball_event_extra=—|ball_event_free_hit=—|broadcast_extra=—|dismissal_mode=—|striker_this_ball=Philip Salt|delivery_length=—|delivery_line=—|delivery_angle=—|delivery_shot=—|delivery_direction=—|delivery_elevation=—|delivery_bounce=—|delivery_dets=0|delivery_method=—|delivery_snap_dets=—|delivery_3layer_dets=—|delivery_det_rate=—|delivery_dir_zone=—|delivery_dir_conf=0|delivery_pitch_pos=—|delivery_shot_action=—|delivery_swing=—|delivery_speed_vlm=—|delivery_vlm_conf=—|delivery_vlm_ms=—|speed_kph=—|venue=—|batting_team=Royal Challengers Bengaluru|match_info=IPL 2026|completed_over=—|completed_over_runs=—|drs_state=NONE|corrections=none|lat_vision=989|lat_extract=680|lat_scorer=962|lat_field=42|lat_comm=0|lat_code=0|lat_total=2633|comm_bowler=Lungi Ngidi|comm_wire=—|comm_storyteller=—|comm_analyst=—|comm_colour=—|comm_wire_ms=0|comm_story_ms=0|comm_analyst_ms=0|comm_colour_ms=0[0m
[37m[16:00:33 F19 VISION] INFO: [SCOUT] GRAPHIC 847ms strip=True overlay=True drs=False digits=True 254 chars[0m
[37m[16:00:33 F19 TEST] INFO: 
=======================================================[0m
[37m[16:00:33 F19 TEST] INFO: [F19] GRAPHIC — #17[0m
[37m[16:00:33 F19 TEST] INFO:   [V 851ms] STRIP: RCB 55-1 (5.4) | SALT 32(20) | PADIKKAL 1(1) | LUNGI NGIDI 1-33 (5)

INFO_PANEL: 
SPEED: 133 137 133 136 
EXTRA: 
THIS OVER: 
FULL SCORECARD: 

The bowler Lungi Ngidi is bowling.[0m
[37m[16:00:34 F19 EXTRACT] INFO: Extracted in 0.7s (llama-4-scout-17b-16e-instruct)[0m
[37m[16:00:34 F19 TEST] INFO:   [GUARD] GRAPHIC frame — player stats stripped, score matches tracker[0m
[37m[16:00:34 F19 TEST] INFO:   [E 714ms] visible_team=Royal Challengers Bengaluru score=55-1 (5.4) target=None rr=None[0m
[37m[16:00:34 F19 TEST] INFO:   [DIRECT] score→55[0m
[37m[16:00:34 F19 TEST] INFO:   [DIRECT] overs→5.4[0m
[37m[16:00:34 F19 TEST] INFO:   [DIRECT] wickets→1[0m
[37m[16:00:35 F19 SCORER] INFO: Scored in 1.1s (llama-4-scout-17b-16e-instruct)[0m
[37m[16:00:35 F19 TEST] INFO:   [S] Hint: Current batters: SALT and PADIKKAL. Bowler: LUNGI NGIDI ALREADY DISMISSED (do NOT dismiss again): Virat Kohli[0m
[37m[16:00:35 F19 TEST] INFO:   [GUARD] Scorer proposed dismissal but wickets unchanged (1) — blocking[0m
[33m[16:00:35 F19 BOARD] WARN: Batter Virat Kohli dismissed but seen again (1/3) — waiting for consensus[0m
[37m[16:00:35 F19 TEST] INFO:   [WICKET-TRACK] Wicket at F19[0m
[37m[16:00:35 F19 TEST] INFO:   [S 1090ms] Changes: ['score→55', 'overs→5.4', 'wickets→1', 'bat:Philip Salt=32(20)', 'bat:Devdutt Padikkal=1(1)', 'bowl:Lungi Ngidi'][0m
[37m[16:00:35 F19 TEST] INFO:   Total: 2655ms (V:851 E:714 S:1090)[0m
[37m[16:00:35 F19 TEST] INFO:   [THIS OVER] ['.'] = 0 runs[0m
[37m[16:00:35 F19 TEST] INFO:   STATE: Royal Challengers Bengaluru 55-1 (5.4) inn=1 RR=9.71 | Bat: Philip Salt*(32) Devdutt Padikkal(1) | Bowl: Lungi Ngidi 1-3[0m
[FIELD WARN] Powerplay but 3 outside circle (max 2). Possible misclassification.
[37m[16:00:35 F19 FIELD] INFO: [F19] IC-cover moved to IC-extra_cover[0m
[37m[16:00:35 F19 FIELD] INFO: [F19] IC-wide_mid_on moved to IC-mid_on[0m
[37m[16:00:35 F19 FIELD] INFO: [F19] IC-extra_cover brought in — attacking[0m
[37m[16:00:35 F19 FIELD] INFO: [F19] OC-deep_midwicket moved to OC-deep_extra_cover[0m
[37m[16:00:35 F19 TEST] INFO: DETAIL|F19|GRAPHIC|tag=GRAPHIC|scout=STRIP: RCB 55-1 (5.4) | SALT 32(20) | PADIKKAL 1(1) | LUNGI NGIDI 1-33 (5)  INFO_PANEL:  SPEED: 133 137 133 136  EXTRA: |action=—|ext_score=55-1(5.4)|ext_bat=|ext_bowl=|scorer_changes=['score→55', 'overs→5.4', 'wickets→1', 'bat:Philip Salt=32(20)', 'bat:Devdutt Padikkal=1(1)', 'bowl:Lungi Ngidi']|yolo=6|BEFORE_score=55-1(5.4)|BEFORE_bat1=Philip Salt 32(20)|BEFORE_bat2=Devdutt Padikkal 1(1)|BEFORE_bowl=Lungi Ngidi 1-3 (0.3)|BEFORE_this_over=['.']|AFTER_score=55-1(5.4)|AFTER_bat1=Philip Salt 32(20)|AFTER_bat2=Devdutt Padikkal 1(1)|AFTER_bowl=Lungi Ngidi 1-3 (0.3)|AFTER_this_over=['.']|AFTER_this_over_src=.(obs)|AFTER_striker=Philip Salt|AFTER_non_striker=Devdutt Padikkal|AFTER_run_rate=9.71|AFTER_target=—|AFTER_innings=1|AFTER_partnership=0(1)|AFTER_fow_count=1|AFTER_field=pace_powerplay frozen=True fielders=['gully', 'fine_leg', 'leg_slip', 'forward_short_leg', 'deep_backward_sq', 'short_fine_leg', 'slip_1', 'point', 'cover']|ball_event=—|ball_event_runs=—|ball_event_over=—|ball_event_extra=—|ball_event_free_hit=—|broadcast_extra=—|dismissal_mode=—|striker_this_ball=Philip Salt|delivery_length=—|delivery_line=—|delivery_angle=—|delivery_shot=—|delivery_direction=—|delivery_elevation=—|delivery_bounce=—|delivery_dets=0|delivery_method=—|delivery_snap_dets=—|delivery_3layer_dets=—|delivery_det_rate=—|delivery_dir_zone=—|delivery_dir_conf=0|delivery_pitch_pos=—|delivery_shot_action=—|delivery_swing=—|delivery_speed_vlm=—|delivery_vlm_conf=—|delivery_vlm_ms=—|speed_kph=—|venue=—|batting_team=Royal Challengers Bengaluru|match_info=IPL 2026|completed_over=—|completed_over_runs=—|drs_state=NONE|corrections=none|lat_vision=851|lat_extract=714|lat_scorer=1090|lat_field=43|lat_comm=0|lat_code=0|lat_total=2656|comm_bowler=Lungi Ngidi|comm_wire=—|comm_storyteller=—|comm_analyst=—|comm_colour=—|comm_wire_ms=0|comm_story_ms=0|comm_analyst_ms=0|comm_colour_ms=0[0m
[37m[16:00:37 F20 VISION] INFO: [SCOUT] SCOREBOARD 790ms strip=True overlay=False drs=False digits=True 186 chars[0m
[37m[16:00:37 F20 TEST] INFO: 
=======================================================[0m
[37m[16:00:37 F20 TEST] INFO: [F20] SCOREBOARD — #18[0m
[37m[16:00:37 F20 TEST] INFO:   [V 793ms] STRIP: RCB 55-1 (5.4) | SALT 32(20) | PADIKKAL 1(1) | NGIDI 1-3 (0.4)[0m
[37m[16:00:38 F20 EXTRACT] INFO: Extracted in 0.7s (llama-4-scout-17b-16e-instruct)[0m
[37m[16:00:38 F20 TEST] INFO:   [E 671ms] visible_team=Royal Challengers Bengaluru score=55-1 (5.4) target=None rr=None[0m
[37m[16:00:38 F20 TEST] INFO:     BAT: SALT 32(20) [0m
[37m[16:00:38 F20 TEST] INFO:     BAT: PADIKKAL 1(1) [0m
[37m[16:00:38 F20 TEST] INFO:     BOWL: NGIDI 1-3 (0.4)[0m
[37m[16:00:38 F20 TEST] INFO:   [GUARD] Same bowler Lungi Ngidi after over change — waiting for new bowler name[0m
[37m[16:00:38 F20 TEST] INFO:   [DIRECT] Batter updates: ['SALT: ext=32(20) → tracker=32(20) [was 32(20)]', 'PADIKKAL: ext=1(1) → tracker=1(1) [was 1(1)]'][0m
[37m[16:00:38 F20 TEST] INFO:   [DIRECT] score→55[0m
[37m[16:00:38 F20 TEST] INFO:   [DIRECT] overs→5.4[0m
[37m[16:00:38 F20 TEST] INFO:   [DIRECT] wickets→1[0m
[37m[16:00:38 F20 SCORER] INFO: Scored in 0.9s (llama-4-scout-17b-16e-instruct)[0m
[37m[16:00:38 F20 TEST] INFO:   [S] Hint: Current batters: SALT and PADIKKAL. Bowler: NGIDI. Read their stats from the scoreboard. ALREADY DISMISSED (do NOT dismiss again): Virat Kohli[0m
[37m[16:00:38 F20 TEST] INFO:   [GUARD] Scorer proposed dismissal but wickets unchanged (1) — blocking[0m
[37m[16:00:38 F20 TEST] INFO:   [FLOW] Extractor batters not in scorer: {'PADIKKAL', 'SALT'}[0m
[37m[16:00:38 F20 TRACK] INFO: bowl:Lungi Ngidi:overs: 0.3 → 0.4 (post-event immediate, grace=1)[0m
[37m[16:00:38 F20 BOARD] INFO: Lungi Ngidi: 1/3 (0.3) -> 1/3 (0.4) [F20][0m
[37m[16:00:38 F20 TEST] INFO:   [WICKET-TRACK] Wicket at F20[0m
[37m[16:00:38 F20 TEST] INFO:   [S 920ms] Changes: ['score→55', 'overs→5.4', 'wickets→1', 'bat:Philip Salt=32(20)', 'bat:Devdutt Padikkal=1(1)', 'bowl:Lungi Ngidi'][0m
[37m[16:00:38 F20 TEST] INFO:   Total: 2385ms (V:793 E:671 S:920)[0m
[37m[16:00:38 F20 TEST] INFO:   [THIS OVER] ['.'] = 0 runs[0m
[37m[16:00:38 F20 TEST] INFO:   STATE: Royal Challengers Bengaluru 55-1 (5.4) inn=1 RR=9.71 | Bat: Philip Salt*(32) Devdutt Padikkal(1) | Bowl: Lungi Ngidi 1-3[0m
[37m[16:00:38 F20 TEST] INFO:   [ACTION] The batsman, SALT, is playing a shot.[0m
[37m[16:00:38 F20 TEST] INFO: DETAIL|F20|SCOREBOARD|tag=SCOREBOARD|scout=STRIP: RCB 55-1 (5.4) | SALT 32(20) | PADIKKAL 1(1) | NGIDI 1-3 (0.4)|action=The batsman, SALT, is playing a shot.|ext_score=55-1(5.4)|ext_bat=SALT 32(20) | PADIKKAL 1(1)|ext_bowl=NGIDI 1-3 (0.4)|scorer_changes=['score→55', 'overs→5.4', 'wickets→1', 'bat:Philip Salt=32(20)', 'bat:Devdutt Padikkal=1(1)', 'bowl:Lungi Ngidi']|yolo=2|BEFORE_score=55-1(5.4)|BEFORE_bat1=Philip Salt 32(20)|BEFORE_bat2=Devdutt Padikkal 1(1)|BEFORE_bowl=Lungi Ngidi 1-3 (0.3)|BEFORE_this_over=['.']|AFTER_score=55-1(5.4)|AFTER_bat1=Philip Salt 32(20)|AFTER_bat2=Devdutt Padikkal 1(1)|AFTER_bowl=Lungi Ngidi 1-3 (0.4)|AFTER_this_over=['.']|AFTER_this_over_src=.(obs)|AFTER_striker=Philip Salt|AFTER_non_striker=Devdutt Padikkal|AFTER_run_rate=9.71|AFTER_target=—|AFTER_innings=1|AFTER_partnership=0(1)|AFTER_fow_count=1|AFTER_field=pace_powerplay frozen=True fielders=['gully', 'fine_leg', 'leg_slip', 'forward_short_leg', 'deep_backward_sq', 'short_fine_leg', 'slip_1', 'point', 'cover']|ball_event=—|ball_event_runs=—|ball_event_over=—|ball_event_extra=—|ball_event_free_hit=—|broadcast_extra=—|dismissal_mode=—|striker_this_ball=Philip Salt|delivery_length=—|delivery_line=—|delivery_angle=—|delivery_shot=—|delivery_direction=—|delivery_elevation=—|delivery_bounce=—|delivery_dets=0|delivery_method=—|delivery_snap_dets=—|delivery_3layer_dets=—|delivery_det_rate=—|delivery_dir_zone=—|delivery_dir_conf=0|delivery_pitch_pos=—|delivery_shot_action=—|delivery_swing=—|delivery_speed_vlm=—|delivery_vlm_conf=—|delivery_vlm_ms=—|speed_kph=—|venue=—|batting_team=Royal Challengers Bengaluru|match_info=IPL 2026|completed_over=—|completed_over_runs=—|drs_state=NONE|corrections=none|lat_vision=793|lat_extract=671|lat_scorer=920|lat_field=43|lat_comm=0|lat_code=0|lat_total=2387|comm_bowler=Lungi Ngidi|comm_wire=—|comm_storyteller=—|comm_analyst=—|comm_colour=—|comm_wire_ms=0|comm_story_ms=0|comm_analyst_ms=0|comm_colour_ms=0[0m
[37m[16:00:41 F21 VISION] INFO: [SCOUT] SCOREBOARD 971ms strip=True overlay=False drs=False digits=True 195 chars[0m
[37m[16:00:41 F21 TEST] INFO: 
=======================================================[0m
[37m[16:00:41 F21 TEST] INFO: [F21] SCOREBOARD — #19[0m
[37m[16:00:41 F21 TEST] INFO:   [V 974ms] STRIP: RCB 55-1 (5.4) | SALT 32(20) | PADIKKAL 1(1) | NGIDI 1-3 (0.4)[0m
[37m[16:00:41 F21 EXTRACT] INFO: Extracted in 0.9s (llama-4-scout-17b-16e-instruct)[0m
[37m[16:00:41 F21 TEST] INFO:   [E 851ms] visible_team=Royal Challengers Bengaluru score=55-1 (5.4) target=None rr=None[0m
[37m[16:00:41 F21 TEST] INFO:     BAT: SALT 32(20) [0m
[37m[16:00:41 F21 TEST] INFO:     BAT: PADIKKAL 1(1) [0m
[37m[16:00:41 F21 TEST] INFO:     BOWL: NGIDI 1-3 (0.4)[0m
[37m[16:00:41 F21 TEST] INFO:   [GUARD] Same bowler Lungi Ngidi after over change — waiting for new bowler name[0m
[37m[16:00:41 F21 TEST] INFO:   [DIRECT] Batter updates: ['SALT: ext=32(20) → tracker=32(20) [was 32(20)]', 'PADIKKAL: ext=1(1) → tracker=1(1) [was 1(1)]'][0m
[37m[16:00:41 F21 TEST] INFO:   [DIRECT] score→55[0m
[37m[16:00:41 F21 TEST] INFO:   [DIRECT] overs→5.4[0m
[37m[16:00:41 F21 TEST] INFO:   [DIRECT] wickets→1[0m
[37m[16:00:42 F21 SCORER] INFO: Scored in 1.0s (llama-4-scout-17b-16e-instruct)[0m
[37m[16:00:42 F21 TEST] INFO:   [S] Hint: Current batters: SALT and PADIKKAL. Bowler: NGIDI. Read their stats from the scoreboard. ALREADY DISMISSED (do NOT dismiss again): Virat Kohli[0m
[37m[16:00:42 F21 TEST] INFO:   [GUARD] Scorer proposed dismissal but wickets unchanged (1) — blocking[0m
[37m[16:00:42 F21 TEST] INFO:   [FLOW] Extractor batters not in scorer: {'PADIKKAL', 'SALT'}[0m
[37m[16:00:42 F21 TEST] INFO:   [WICKET-TRACK] Wicket at F21[0m
[37m[16:00:42 F21 TEST] INFO:   [S 955ms] Changes: ['score→55', 'overs→5.4', 'wickets→1', 'bat:Philip Salt=32(20)', 'bat:Devdutt Padikkal=1(1)', 'bowl:Lungi Ngidi'][0m
[37m[16:00:42 F21 TEST] INFO:   Total: 2780ms (V:974 E:851 S:955)[0m
[37m[16:00:42 F21 TEST] INFO:   [THIS OVER] ['.'] = 0 runs[0m
[37m[16:00:42 F21 TEST] INFO:   STATE: Royal Challengers Bengaluru 55-1 (5.4) inn=1 RR=9.71 | Bat: Philip Salt*(32) Devdutt Padikkal(1) | Bowl: Lungi Ngidi 1-3[0m
[37m[16:00:42 F21 TEST] INFO:   [ACTION] The bowler is running back to the bowling end.[0m
[37m[16:00:42 F21 FIELD] INFO: [F21] IC-extra_cover moved to IC-wide_mid_on[0m
[37m[16:00:42 F21 FIELD] INFO: [F21] OC-deep_cover moved to OC-deep_point[0m
[37m[16:00:42 F21 FIELD] INFO: [F21] IC-wide_mid_on brought in — attacking[0m
[37m[16:00:42 F21 TEST] INFO: DETAIL|F21|SCOREBOARD|tag=SCOREBOARD|scout=STRIP: RCB 55-1 (5.4) | SALT 32(20) | PADIKKAL 1(1) | NGIDI 1-3 (0.4)|action=The bowler is running back to the bowling end.|ext_score=55-1(5.4)|ext_bat=SALT 32(20) | PADIKKAL 1(1)|ext_bowl=NGIDI 1-3 (0.4)|scorer_changes=['score→55', 'overs→5.4', 'wickets→1', 'bat:Philip Salt=32(20)', 'bat:Devdutt Padikkal=1(1)', 'bowl:Lungi Ngidi']|yolo=4|BEFORE_score=55-1(5.4)|BEFORE_bat1=Philip Salt 32(20)|BEFORE_bat2=Devdutt Padikkal 1(1)|BEFORE_bowl=Lungi Ngidi 1-3 (0.4)|BEFORE_this_over=['.']|AFTER_score=55-1(5.4)|AFTER_bat1=Philip Salt 32(20)|AFTER_bat2=Devdutt Padikkal 1(1)|AFTER_bowl=Lungi Ngidi 1-3 (0.4)|AFTER_this_over=['.']|AFTER_this_over_src=.(obs)|AFTER_striker=Philip Salt|AFTER_non_striker=Devdutt Padikkal|AFTER_run_rate=9.71|AFTER_target=—|AFTER_innings=1|AFTER_partnership=0(1)|AFTER_fow_count=1|AFTER_field=pace_powerplay frozen=True fielders=['gully', 'fine_leg', 'leg_slip', 'forward_short_leg', 'deep_backward_sq', 'short_fine_leg', 'slip_1', 'point', 'cover']|ball_event=—|ball_event_runs=—|ball_event_over=—|ball_event_extra=—|ball_event_free_hit=—|broadcast_extra=—|dismissal_mode=—|striker_this_ball=Philip Salt|delivery_length=—|delivery_line=—|delivery_angle=—|delivery_shot=—|delivery_direction=—|delivery_elevation=—|delivery_bounce=—|delivery_dets=0|delivery_method=—|delivery_snap_dets=—|delivery_3layer_dets=—|delivery_det_rate=—|delivery_dir_zone=—|delivery_dir_conf=0|delivery_pitch_pos=—|delivery_shot_action=—|delivery_swing=—|delivery_speed_vlm=—|delivery_vlm_conf=—|delivery_vlm_ms=—|speed_kph=—|venue=—|batting_team=Royal Challengers Bengaluru|match_info=IPL 2026|completed_over=—|completed_over_runs=—|drs_state=NONE|corrections=none|lat_vision=974|lat_extract=851|lat_scorer=955|lat_field=44|lat_comm=0|lat_code=0|lat_total=2781|comm_bowler=Lungi Ngidi|comm_wire=—|comm_storyteller=—|comm_analyst=—|comm_colour=—|comm_wire_ms=0|comm_story_ms=0|comm_analyst_ms=0|comm_colour_ms=0[0m
[37m[16:00:45 F23 VISION] INFO: [SCOUT] SCOREBOARD 605ms strip=True overlay=False drs=False digits=True 165 chars[0m
[37m[16:00:45 F23 TEST] INFO: 
=======================================================[0m
[37m[16:00:45 F23 TEST] INFO: [F23] SCOREBOARD — #20[0m
[37m[16:00:45 F23 TEST] INFO:   [V 609ms] STRIP: RCB 55-1 (5.4) | SALT 32(20) | PADIKKAL 1(1)[0m
[37m[16:00:45 F23 EXTRACT] INFO: Extracted in 0.6s (llama-4-scout-17b-16e-instruct)[0m
[37m[16:00:45 F23 TEST] INFO:   [E 650ms] visible_team=Royal Challengers Bengaluru score=55-1 (5.4) target=None rr=None[0m
[37m[16:00:45 F23 TEST] INFO:     BAT: SALT 32(20) [0m
[37m[16:00:45 F23 TEST] INFO:     BAT: PADIKKAL 1(1) [0m
[37m[16:00:45 F23 TEST] INFO:   [DIRECT] Batter updates: ['SALT: ext=32(20) → tracker=32(20) [was 32(20)]', 'PADIKKAL: ext=1(1) → tracker=1(1) [was 1(1)]'][0m
[37m[16:00:45 F23 TEST] INFO:   [DIRECT] score→55[0m
[37m[16:00:45 F23 TEST] INFO:   [DIRECT] overs→5.4[0m
[37m[16:00:45 F23 TEST] INFO:   [DIRECT] wickets→1[0m
[37m[16:00:46 F23 SCORER] INFO: Scored in 0.9s (llama-4-scout-17b-16e-instruct)[0m
[37m[16:00:46 F23 TEST] INFO:   [S] Hint: Current batters: SALT and PADIKKAL. Bowler: Lungi Ngidi. Read their stats from the scoreboard. ALREADY DISMISSED (do NOT dismiss again): Virat Kohli[0m
[37m[16:00:46 F23 TEST] INFO:   [GUARD] Scorer proposed dismissal but wickets unchanged (1) — blocking[0m
[37m[16:00:46 F23 TEST] INFO:   [FLOW] Extractor batters not in scorer: {'PADIKKAL', 'SALT'}[0m
[37m[16:00:46 F23 TEST] INFO:   [WICKET-TRACK] Wicket at F23[0m
[37m[16:00:46 F23 TEST] INFO:   [S 934ms] Changes: ['score→55', 'overs→5.4', 'wickets→1', 'bat:Philip Salt=32(20)', 'bat:Devdutt Padikkal=1(1)', 'bowl:Lungi Ngidi'][0m
[37m[16:00:46 F23 TEST] INFO:   Total: 2193ms (V:609 E:650 S:934)[0m
[37m[16:00:46 F23 TEST] INFO:   [THIS OVER] ['.'] = 0 runs[0m
[37m[16:00:46 F23 TEST] INFO:   STATE: Royal Challengers Bengaluru 55-1 (5.4) inn=1 RR=9.71 | Bat: Philip Salt*(32) Devdutt Padikkal(1) | Bowl: Lungi Ngidi 1-3[0m
[37m[16:00:46 F23 TEST] INFO:   [ACTION] The bowler is delivering the ball.[0m
[37m[16:00:46 F23 FIELD] INFO: [F23] IC-wide_mid_on moved to IC-backward_square[0m
[37m[16:00:46 F23 FIELD] INFO: [F23] IC-cover_point brought in — attacking[0m
[37m[16:00:46 F23 FIELD] INFO: [F23] IC-wide_mid_on pushed back — defensive[0m
[37m[16:00:46 F23 FIELD] INFO: [F23] slip added — expecting edge[0m
[37m[16:00:46 F23 TEST] INFO: DETAIL|F23|SCOREBOARD|tag=SCOREBOARD|scout=STRIP: RCB 55-1 (5.4) | SALT 32(20) | PADIKKAL 1(1)|action=The bowler is delivering the ball.|ext_score=55-1(5.4)|ext_bat=SALT 32(20) | PADIKKAL 1(1)|ext_bowl=|scorer_changes=['score→55', 'overs→5.4', 'wickets→1', 'bat:Philip Salt=32(20)', 'bat:Devdutt Padikkal=1(1)', 'bowl:Lungi Ngidi']|yolo=5|BEFORE_score=55-1(5.4)|BEFORE_bat1=Philip Salt 32(20)|BEFORE_bat2=Devdutt Padikkal 1(1)|BEFORE_bowl=Lungi Ngidi 1-3 (0.4)|BEFORE_this_over=['.']|AFTER_score=55-1(5.4)|AFTER_bat1=Philip Salt 32(20)|AFTER_bat2=Devdutt Padikkal 1(1)|AFTER_bowl=Lungi Ngidi 1-3 (0.4)|AFTER_this_over=['.']|AFTER_this_over_src=.(obs)|AFTER_striker=Philip Salt|AFTER_non_striker=Devdutt Padikkal|AFTER_run_rate=9.71|AFTER_target=—|AFTER_innings=1|AFTER_partnership=0(1)|AFTER_fow_count=1|AFTER_field=pace_powerplay frozen=True fielders=['gully', 'fine_leg', 'leg_slip', 'forward_short_leg', 'deep_backward_sq', 'short_fine_leg', 'slip_1', 'point', 'cover']|ball_event=—|ball_event_runs=—|ball_event_over=—|ball_event_extra=—|ball_event_free_hit=—|broadcast_extra=—|dismissal_mode=—|striker_this_ball=Philip Salt|delivery_length=—|delivery_line=—|delivery_angle=—|delivery_shot=—|delivery_direction=—|delivery_elevation=—|delivery_bounce=—|delivery_dets=0|delivery_method=—|delivery_snap_dets=—|delivery_3layer_dets=—|delivery_det_rate=—|delivery_dir_zone=—|delivery_dir_conf=0|delivery_pitch_pos=—|delivery_shot_action=—|delivery_swing=—|delivery_speed_vlm=—|delivery_vlm_conf=—|delivery_vlm_ms=—|speed_kph=—|venue=—|batting_team=Royal Challengers Bengaluru|match_info=IPL 2026|completed_over=—|completed_over_runs=—|drs_state=NONE|corrections=none|lat_vision=609|lat_extract=650|lat_scorer=934|lat_field=42|lat_comm=0|lat_code=0|lat_total=2195|comm_bowler=Lungi Ngidi|comm_wire=—|comm_storyteller=—|comm_analyst=—|comm_colour=—|comm_wire_ms=0|comm_story_ms=0|comm_analyst_ms=0|comm_colour_ms=0[0m
[37m[16:00:49 F24 VISION] INFO: [SCOUT] SCOREBOARD 1826ms strip=True overlay=False drs=False digits=True 158 chars[0m
[37m[16:00:49 F24 TEST] INFO: 
=======================================================[0m
[37m[16:00:49 F24 TEST] INFO: [F24] SCOREBOARD — #21[0m
[37m[16:00:49 F24 TEST] INFO:   [V 1829ms] STRIP: RCB 57-1 (5.5) | SALT 34(21) | PADIKKAL 1(1)[0m
[37m[16:00:50 F24 EXTRACT] INFO: Extracted in 0.6s (llama-4-scout-17b-16e-instruct)[0m
[37m[16:00:50 F24 TEST] INFO:   [E 645ms] visible_team=Royal Challengers Bengaluru score=57-1 (5.5) target=None rr=None[0m
[37m[16:00:50 F24 TEST] INFO:     BAT: SALT 34(21) [0m
[37m[16:00:50 F24 TEST] INFO:     BAT: PADIKKAL 1(1) [0m
[37m[16:00:50 F24 TRACK] INFO: bat:Philip Salt:runs: 32 → 34 (fast-confirm, natural increment F24)[0m
[37m[16:00:50 F24 TRACK] INFO: bat:Philip Salt:balls: 20 → 21 (fast-confirm, natural increment F24)[0m
[37m[16:00:50 F24 BOARD] INFO: Philip Salt: 32(20) -> 34(21) [F24][0m
[37m[16:00:50 F24 TEST] INFO:   [DIRECT] Batter updates: ['SALT: ext=34(21) → tracker=34(21) [was 32(20)]', 'PADIKKAL: ext=1(1) → tracker=1(1) [was 1(1)]'][0m
[37m[16:00:50 F24 TRACK] INFO: score: 55 → 57 (post-event immediate, grace=0)[0m
[37m[16:00:50 F24 BOARD] INFO: score: 55 -> 57 [F24][0m
[37m[16:00:50 F24 TEST] INFO:   [DIRECT] score→57[0m
[37m[16:00:50 F24 TEST] INFO:   [DIRECT] wickets→1[0m
[37m[16:00:51 F24 SCORER] INFO: Scored in 1.0s (llama-4-scout-17b-16e-instruct)[0m
[37m[16:00:51 F24 TEST] INFO:   [S] Hint: Current batters: SALT and PADIKKAL. Bowler: Lungi Ngidi. Read their stats from the scoreboard. ALREADY DISMISSED (do NOT dismiss again): Virat Kohli[0m
[37m[16:00:51 F24 TRACK] INFO: overs: 5.4 → 5.5 (confirmed F24)[0m
[37m[16:00:51 F24 BOARD] INFO: overs: 5.4 -> 5.5 [F24][0m
[37m[16:00:51 F24 TEST] INFO:   [FLOW] Extractor batters not in scorer: {'PADIKKAL', 'SALT'}[0m
[37m[16:00:51 F24 TEST] INFO:   [S 960ms] Changes: ['score→57', 'overs→5.5', 'bat:Philip Salt=34(21)', 'bat:Devdutt Padikkal=1(1)', 'bowl:Lungi Ngidi'][0m
[37m[16:00:51 F24 TEST] INFO:   Total: 3434ms (V:1829 E:645 S:960)[0m
[37m[16:00:51 F24 TEST] INFO:   [THIS OVER] ['.'] = 0 runs[0m
[37m[16:00:51 F24 COMMENTARY] INFO: [BALL ✓] 2_RUNS | 5.5 +2 runs (Δballs=1)[0m
[37m[16:00:51 F24 TEST] INFO:   [THIS-OVER] Ball 2_RUNS appended to over 5[0m
[37m[16:01:00 F24 TEST] INFO:   [DELIVERY] full toss, on the stumps, driven straight down the ground, along the ground (9121ms, 0 dets, method=vlm)[0m
[37m[16:01:00 F24 BOARD] INFO: run_rate: 9.71 -> 9.77 [F24][0m
[37m[16:01:00 F24 TEST] INFO:   STATE: Royal Challengers Bengaluru 57-1 (5.5) inn=1 RR=9.77 | Bat: Philip Salt*(34) Devdutt Padikkal(1) | Bowl: Lungi Ngidi 1-3[0m
[37m[16:01:00 F24 SCORE_MGR] INFO: [SM] RUNS  57/1 (5.5)  striker=SALT[0m
[37m[16:01:00 F24 TEST] INFO:   [SHADOW] SM=RUNS BED=2_RUNS MATCH[0m
[37m[16:01:01 F24 TEST] INFO:   [COMM 924ms] wire(0ms), storyteller(923ms)[0m
[37m[16:01:01 F24 OVER] INFO: this_over count mismatch: team@5.5 expects 5 legal balls, observed 2 legal (tokens=['.', '2']) — keeping observations[0m
[37m[16:01:01 F24 TEST] INFO:   [BALL EVENT ✓] 2_RUNS | 5.5 | +2 runs (Δballs=0) | A delivery is being bowled.[0m
[37m[16:01:01 F24 TEST] INFO: DETAIL|F24|SCOREBOARD|tag=SCOREBOARD|scout=STRIP: RCB 57-1 (5.5) | SALT 34(21) | PADIKKAL 1(1)|action=A delivery is being bowled.|ext_score=57-1(5.5)|ext_bat=SALT 34(21) | PADIKKAL 1(1)|ext_bowl=|scorer_changes=['score→57', 'overs→5.5', 'bat:Philip Salt=34(21)', 'bat:Devdutt Padikkal=1(1)', 'bowl:Lungi Ngidi']|yolo=0|BEFORE_score=55-1(5.4)|BEFORE_bat1=Philip Salt 32(20)|BEFORE_bat2=Devdutt Padikkal 1(1)|BEFORE_bowl=Lungi Ngidi 1-3 (0.4)|BEFORE_this_over=['.']|AFTER_score=57-1(5.5)|AFTER_bat1=Philip Salt 34(21)|AFTER_bat2=Devdutt Padikkal 1(1)|AFTER_bowl=Lungi Ngidi 1-3 (0.4)|AFTER_this_over=['.', '2']|AFTER_this_over_src=.(obs),2(obs)|AFTER_striker=Philip Salt|AFTER_non_striker=Devdutt Padikkal|AFTER_run_rate=9.77|AFTER_target=—|AFTER_innings=1|AFTER_partnership=2(2)|AFTER_fow_count=1|AFTER_field=pace_powerplay frozen=True fielders=['gully', 'fine_leg', 'leg_slip', 'forward_short_leg', 'deep_backward_sq', 'short_fine_leg', 'slip_1', 'point', 'cover']|ball_event=2_RUNS|ball_event_runs=2|ball_event_over=5.5|ball_event_extra=—|ball_event_free_hit=—|broadcast_extra=—|dismissal_mode=—|striker_this_ball=Philip Salt|delivery_length=full_toss|delivery_line=on_stumps|delivery_angle=over|delivery_shot=along_ground|delivery_direction=straight|delivery_elevation=along_ground|delivery_bounce=no_bounce|delivery_dets=0|delivery_method=vlm|delivery_snap_dets=—|delivery_3layer_dets=—|delivery_det_rate=0.00|delivery_dir_zone=straight|delivery_dir_conf=high|delivery_pitch_pos=on_a_driving_length|delivery_shot_action=drive|delivery_swing=not_visible|delivery_speed_vlm=132.3|delivery_vlm_conf=high|delivery_vlm_ms=1302|speed_kph=—|venue=—|batting_team=Royal Challengers Bengaluru|match_info=IPL 2026|completed_over=—|completed_over_runs=—|drs_state=NONE|corrections=none|lat_vision=1829|lat_extract=645|lat_scorer=960|lat_field=51|lat_comm=924|lat_code=9072|lat_total=13482|comm_bowler=Lungi Ngidi|comm_wire=5.5: Lungi Ngidi to SALT — 2 runs, full toss (135.6 kph). 57/1|comm_storyteller=The batter works it through the , a gentle push that beats the fielder, and they sprint back for two. The fielder's throw comes in sharp, but the batters are alert, exchanging a quick couple. The crow|comm_analyst=—|comm_colour=—|comm_wire_ms=0|comm_story_ms=923|comm_analyst_ms=0|comm_colour_ms=0[0m
[37m[16:01:03 F25 VISION] INFO: [SCOUT] SCOREBOARD 758ms strip=True overlay=False drs=False digits=False 225 chars[0m
[37m[16:01:03 F25 VISION] INFO: [SCOUT] Preview: {"has_strip": true, "has_overlay_stats": false, "drs_review": false}

STRIP: RCB 0-0 (0.0) | Salt 0(0) | Padykal 0(0) | Lungi Ngidi 0-0 (0.0)

ACTION: The bowler, Lungi Ngidi, is preparing to bowl the[0m
[37m[16:01:03 F25 TEST] INFO: [SLEEP] Burst mode ON — last ball of over[0m
[37m[16:01:03 F25 TEST] INFO: 
=======================================================[0m
[37m[16:01:03 F25 TEST] INFO: [F25] SCOREBOARD — #22[0m
[37m[16:01:03 F25 TEST] INFO:   [V 761ms] STRIP: RCB 0-0 (0.0) | Salt 0(0) | Padykal 0(0) | Lungi Ngidi 0-0 (0.0)[0m
[37m[16:01:03 F25 EXTRACT] INFO: Extracted in 0.9s (llama-4-scout-17b-16e-instruct)[0m
[37m[16:01:03 F25 TEST] INFO:   [GUARD] Extractor returned 0-0(0.0) mid-innings (current score=57) — stripping all data[0m
[37m[16:01:03 F25 TEST] INFO:   [E 889ms] visible_team=Royal Challengers Bengaluru score=None-None (None) target=None rr=None[0m
[37m[16:01:05 F25 SCORER] INFO: Scored in 1.2s (llama-4-scout-17b-16e-instruct)[0m
[37m[16:01:05 F25 TEST] INFO:   [S] Hint: Current batters: SALT and PADIKKAL. Bowler: LUNGI NGIDI. Read their stats from the scoreboard. ALREADY DISMISSED (do NOT dismiss again): Virat Kohli[0m
[37m[16:01:05 F25 TEST] INFO:   [S 1177ms] Changes: ['FRAME_POISONED:None'][0m
[37m[16:01:05 F25 TEST] INFO:   Total: 2828ms (V:761 E:889 S:1177)[0m
[37m[16:01:05 F25 TEST] INFO:   [THIS OVER] ['.', '2'] = 2 runs[0m
[37m[16:01:05 F25 TEST] INFO:   STATE: Royal Challengers Bengaluru 57-1 (5.5) inn=1 RR=9.77 | Bat: Philip Salt*(34) Devdutt Padikkal(1) | Bowl: Lungi Ngidi 1-3[0m
[37m[16:01:05 F25 TEST] INFO:   [ACTION] The bowler, Lungi Ngidi, is preparing to bowl the first ball of the match.[0m
[FIELD WARN] Powerplay but 5 outside circle (max 2). Possible misclassification.
[37m[16:01:05 F25 FIELD] INFO: [F25] OC-deep_square_leg moved to OC-deep_midwicket[0m
[37m[16:01:05 F25 FIELD] INFO: [F25] slip removed — less catching pressure[0m
[37m[16:01:05 F25 FIELD] INFO: [F25] OC-deep_midwicket_sq moved to OC-deep_mid_on_area[0m
[37m[16:01:05 F25 FIELD] INFO: [F25] IC-cover_point moved to IC-cover[0m
[37m[16:01:05 F25 FIELD] INFO: [F25] IC-backward_square pushed back — defensive[0m
[37m[16:01:05 F25 TEST] INFO: DETAIL|F25|SCOREBOARD|tag=SCOREBOARD|scout=STRIP: RCB 0-0 (0.0) | Salt 0(0) | Padykal 0(0) | Lungi Ngidi 0-0 (0.0)|action=The bowler, Lungi Ngidi, is preparing to bowl the first ball of the match.|ext_score=None-None(None)|ext_bat=|ext_bowl=|scorer_changes=['FRAME_POISONED:None']|yolo=7|BEFORE_score=57-1(5.5)|BEFORE_bat1=Philip Salt 34(21)|BEFORE_bat2=Devdutt Padikkal 1(1)|BEFORE_bowl=Lungi Ngidi 1-3 (0.4)|BEFORE_this_over=['.', '2']|AFTER_score=57-1(5.5)|AFTER_bat1=Philip Salt 34(21)|AFTER_bat2=Devdutt Padikkal 1(1)|AFTER_bowl=Lungi Ngidi 1-3 (0.4)|AFTER_this_over=['.', '2']|AFTER_this_over_src=.(obs),2(obs)|AFTER_striker=Philip Salt|AFTER_non_striker=Devdutt Padikkal|AFTER_run_rate=9.77|AFTER_target=—|AFTER_innings=1|AFTER_partnership=2(2)|AFTER_fow_count=1|AFTER_field=pace_powerplay frozen=True fielders=['gully', 'fine_leg', 'leg_slip', 'forward_short_leg', 'deep_backward_sq', 'short_fine_leg', 'slip_1', 'point', 'cover']|ball_event=—|ball_event_runs=—|ball_event_over=—|ball_event_extra=—|ball_event_free_hit=—|broadcast_extra=—|dismissal_mode=—|striker_this_ball=Philip Salt|delivery_length=—|delivery_line=—|delivery_angle=—|delivery_shot=—|delivery_direction=—|delivery_elevation=—|delivery_bounce=—|delivery_dets=0|delivery_method=—|delivery_snap_dets=—|delivery_3layer_dets=—|delivery_det_rate=—|delivery_dir_zone=—|delivery_dir_conf=0|delivery_pitch_pos=—|delivery_shot_action=—|delivery_swing=—|delivery_speed_vlm=—|delivery_vlm_conf=—|delivery_vlm_ms=—|speed_kph=—|venue=—|batting_team=Royal Challengers Bengaluru|match_info=IPL 2026|completed_over=—|completed_over_runs=—|drs_state=NONE|corrections=none|lat_vision=761|lat_extract=889|lat_scorer=1177|lat_field=42|lat_comm=0|lat_code=0|lat_total=2831|comm_bowler=Lungi Ngidi|comm_wire=—|comm_storyteller=—|comm_analyst=—|comm_colour=—|comm_wire_ms=0|comm_story_ms=0|comm_analyst_ms=0|comm_colour_ms=0[0m
[37m[16:01:06 F26 VISION] INFO: [SCOUT] SCOREBOARD 744ms strip=True overlay=False drs=False digits=True 239 chars[0m
[37m[16:01:06 F26 TEST] INFO: 
=======================================================[0m
[37m[16:01:06 F26 TEST] INFO: [F26] SCOREBOARD — #23[0m
[37m[16:01:06 F26 TEST] INFO:   [V 748ms] STRIP: DC 44-0 (4.2) | Salt 16(10) | Padikkal 28(21) | Ngidi 0-19 (4)[0m
[37m[16:01:06 F26 EXTRACT] INFO: Extracted in 0.7s (llama-4-scout-17b-16e-instruct)[0m
[37m[16:01:06 F26 TEST] INFO:   [GUARD] Visible team 'Delhi Capitals' is bowling team — comparison strip, ALL data stripped (1/30)[0m
[37m[16:01:06 F26 TEST] INFO:   [E 659ms] visible_team=Delhi Capitals score=None-None (None) target=None rr=None[0m
[37m[16:01:06 F26 TEST] INFO:   [POISONED] Extracted score 44 vs tracker 57 (delta=-13) — blocking ALL updates this frame[0m
[37m[16:01:07 F26 SCORER] INFO: Scored in 0.9s (llama-4-scout-17b-16e-instruct)[0m
[37m[16:01:07 F26 TEST] INFO:   [S] Hint: Current batters: Salt and Padikkal. Bowler: Ngidi. Read their stats from the scoreboard. ALREADY DISMISSED (do NOT dismiss again): Virat Kohli[0m
[37m[16:01:07 F26 TEST] INFO:   [CONSENSUS] Poisoned score 44 frame 1/2, waiting[0m
[37m[16:01:07 F26 TEST] INFO:   [S 928ms] Changes: ['FRAME_POISONED:44'][0m
[37m[16:01:07 F26 TEST] INFO:   Total: 2336ms (V:748 E:659 S:928)[0m
[37m[16:01:07 F26 TEST] INFO:   [THIS OVER] ['.', '2'] = 2 runs[0m
[37m[16:01:07 F26 TEST] INFO:   STATE: Royal Challengers Bengaluru 57-1 (5.5) inn=1 RR=9.77 | Bat: Philip Salt*(34) Devdutt Padikkal(1) | Bowl: Lungi Ngidi 1-3[0m
[37m[16:01:07 F26 TEST] INFO:   [ACTION] The bowler, Lungi Ngidi, is running towards the non-striker end to bowl the next[0m
[37m[16:01:07 F26 FIELD] INFO: [F26] OC-deep_cover_point moved to OC-deep_backward_point[0m
[37m[16:01:07 F26 FIELD] INFO: [F26] IC-backward_point brought in — attacking[0m
[37m[16:01:07 F26 FIELD] INFO: [F26] OC-deep_mid_on_area moved to OC-deep_midwicket[0m
[37m[16:01:07 F26 FIELD] INFO: [F26] IC-cover moved to IC-backward_square[0m
[37m[16:01:07 F26 TEST] INFO: DETAIL|F26|SCOREBOARD|tag=SCOREBOARD|scout=STRIP: DC 44-0 (4.2) | Salt 16(10) | Padikkal 28(21) | Ngidi 0-19 (4)|action=The bowler, Lungi Ngidi, is running towards the non-striker end to bowl the next delivery.|ext_score=None-None(None)|ext_bat=|ext_bowl=|scorer_changes=['FRAME_POISONED:44']|yolo=4|BEFORE_score=57-1(5.5)|BEFORE_bat1=Philip Salt 34(21)|BEFORE_bat2=Devdutt Padikkal 1(1)|BEFORE_bowl=Lungi Ngidi 1-3 (0.4)|BEFORE_this_over=['.', '2']|AFTER_score=57-1(5.5)|AFTER_bat1=Philip Salt 34(21)|AFTER_bat2=Devdutt Padikkal 1(1)|AFTER_bowl=Lungi Ngidi 1-3 (0.4)|AFTER_this_over=['.', '2']|AFTER_this_over_src=.(obs),2(obs)|AFTER_striker=Philip Salt|AFTER_non_striker=Devdutt Padikkal|AFTER_run_rate=9.77|AFTER_target=—|AFTER_innings=1|AFTER_partnership=2(2)|AFTER_fow_count=1|AFTER_field=pace_powerplay frozen=True fielders=['gully', 'fine_leg', 'leg_slip', 'forward_short_leg', 'deep_backward_sq', 'short_fine_leg', 'slip_1', 'point', 'cover']|ball_event=—|ball_event_runs=—|ball_event_over=—|ball_event_extra=—|ball_event_free_hit=—|broadcast_extra=—|dismissal_mode=—|striker_this_ball=Philip Salt|delivery_length=—|delivery_line=—|delivery_angle=—|delivery_shot=—|delivery_direction=—|delivery_elevation=—|delivery_bounce=—|delivery_dets=0|delivery_method=—|delivery_snap_dets=—|delivery_3layer_dets=—|delivery_det_rate=—|delivery_dir_zone=—|delivery_dir_conf=0|delivery_pitch_pos=—|delivery_shot_action=—|delivery_swing=—|delivery_speed_vlm=—|delivery_vlm_conf=—|delivery_vlm_ms=—|speed_kph=—|venue=—|batting_team=Royal Challengers Bengaluru|match_info=IPL 2026|completed_over=—|completed_over_runs=—|drs_state=NONE|corrections=none|lat_vision=748|lat_extract=659|lat_scorer=928|lat_field=58|lat_comm=0|lat_code=0|lat_total=2337|comm_bowler=Lungi Ngidi|comm_wire=—|comm_storyteller=—|comm_analyst=—|comm_colour=—|comm_wire_ms=0|comm_story_ms=0|comm_analyst_ms=0|comm_colour_ms=0[0m
[37m[16:01:08 F27 VISION] INFO: [SCOUT] ADVERTISEMENT 534ms strip=False overlay=False drs=False digits=False 83 chars[0m
[37m[16:01:08 F27 TEST] INFO: [F27] AD 537ms (#1)[0m
[37m[16:01:08 F28 VISION] INFO: [SCOUT] ADVERTISEMENT 482ms strip=False overlay=False drs=False digits=False 83 chars[0m
[37m[16:01:08 F28 TEST] INFO: [F28] AD 485ms (#2)[0m
[37m[16:01:09 F29 VISION] INFO: [SCOUT] ADVERTISEMENT 668ms strip=False overlay=False drs=False digits=False 83 chars[0m
[37m[16:01:09 F29 TEST] INFO: [F29] AD 671ms (#3)[0m
[37m[16:01:10 F30 VISION] INFO: [SCOUT] SCOREBOARD 776ms strip=True overlay=False drs=False digits=False 182 chars[0m
[37m[16:01:10 F30 VISION] INFO: [SCOUT] Preview: {"has_strip": true, "has_overlay_stats": false, "drs_review": false}

STRIP: DC 0-0 (0.0) | 

INFO_PANEL: 
SPEED: 
EXTRA: 
THIS OVER: 
FULL SCORECARD: 

The bowler Ngidi is clapping.[0m
[37m[16:01:10 F30 TEST] INFO: 
=======================================================[0m
[37m[16:01:10 F30 TEST] INFO: [F30] SCOREBOARD — #24[0m
[37m[16:01:10 F30 TEST] INFO:   [V 779ms] STRIP: DC 0-0 (0.0) | 

INFO_PANEL: 
SPEED: 
EXTRA: 
THIS OVER: 
FULL SCORECARD: 

The bowler Ngidi is clapping.[0m
[37m[16:01:11 F30 EXTRACT] INFO: Extracted in 0.6s (llama-4-scout-17b-16e-instruct)[0m
[37m[16:01:11 F30 TEST] INFO:   [GUARD] Extractor returned 0-0(0.0) mid-innings (current score=57) — stripping all data[0m
[37m[16:01:11 F30 TEST] INFO:   [GUARD] Visible team 'Delhi Capitals' is bowling team — comparison strip, ALL data stripped (2/30)[0m
[37m[16:01:11 F30 TEST] INFO:   [E 645ms] visible_team=Delhi Capitals score=None-None (None) target=None rr=None[0m
[37m[16:01:12 F30 SCORER] INFO: Scored in 1.0s (llama-4-scout-17b-16e-instruct)[0m
[37m[16:01:12 F30 TEST] INFO:   [S] Hint: Current batters: SALT and PADIKKAL. Bowler: NGIDI. Read their stats from the scoreboard. ALREADY DISMISSED (do NOT dismiss again): Virat Kohli[0m
[37m[16:01:12 F30 TEST] INFO:   [S 1045ms] Changes: ['FRAME_POISONED:None'][0m
[37m[16:01:12 F30 TEST] INFO:   Total: 2468ms (V:779 E:645 S:1045)[0m
[37m[16:01:12 F30 TEST] INFO:   [THIS OVER] ['.', '2'] = 2 runs[0m
[37m[16:01:12 F30 TEST] INFO:   STATE: Royal Challengers Bengaluru 57-1 (5.5) inn=1 RR=9.77 | Bat: Philip Salt*(34) Devdutt Padikkal(1) | Bowl: Lungi Ngidi 1-3[0m
[37m[16:01:12 F30 FIELD] INFO: [F30] balanced | total:4 (yolo:4 vis:0) | slips:0 in:2 out:2 | keeper:back | fresh:0 balls ago | conf:0.4 | 38ms[0m
[37m[16:01:12 F30 TEST] INFO: DETAIL|F30|SCOREBOARD|tag=SCOREBOARD|scout=STRIP: DC 0-0 (0.0) |   INFO_PANEL:  SPEED:  EXTRA:  THIS OVER:  FULL SCORECARD:   The bowler Ngidi is clapping.|action=—|ext_score=None-None(None)|ext_bat=|ext_bowl=|scorer_changes=['FRAME_POISONED:None']|yolo=0|BEFORE_score=57-1(5.5)|BEFORE_bat1=Philip Salt 34(21)|BEFORE_bat2=Devdutt Padikkal 1(1)|BEFORE_bowl=Lungi Ngidi 1-3 (0.4)|BEFORE_this_over=['.', '2']|AFTER_score=57-1(5.5)|AFTER_bat1=Philip Salt 34(21)|AFTER_bat2=Devdutt Padikkal 1(1)|AFTER_bowl=Lungi Ngidi 1-3 (0.4)|AFTER_this_over=['.', '2']|AFTER_this_over_src=.(obs),2(obs)|AFTER_striker=Philip Salt|AFTER_non_striker=Devdutt Padikkal|AFTER_run_rate=9.77|AFTER_target=—|AFTER_innings=1|AFTER_partnership=2(2)|AFTER_fow_count=1|AFTER_field=pace_powerplay frozen=True fielders=['gully', 'fine_leg', 'leg_slip', 'forward_short_leg', 'deep_backward_sq', 'short_fine_leg', 'slip_1', 'point', 'cover']|ball_event=—|ball_event_runs=—|ball_event_over=—|ball_event_extra=—|ball_event_free_hit=—|broadcast_extra=—|dismissal_mode=—|striker_this_ball=Philip Salt|delivery_length=—|delivery_line=—|delivery_angle=—|delivery_shot=—|delivery_direction=—|delivery_elevation=—|delivery_bounce=—|delivery_dets=0|delivery_method=—|delivery_snap_dets=—|delivery_3layer_dets=—|delivery_det_rate=—|delivery_dir_zone=—|delivery_dir_conf=0|delivery_pitch_pos=—|delivery_shot_action=—|delivery_swing=—|delivery_speed_vlm=—|delivery_vlm_conf=—|delivery_vlm_ms=—|speed_kph=—|venue=—|batting_team=Royal Challengers Bengaluru|match_info=IPL 2026|completed_over=—|completed_over_runs=—|drs_state=NONE|corrections=none|lat_vision=779|lat_extract=645|lat_scorer=1045|lat_field=38|lat_comm=0|lat_code=0|lat_total=2470|comm_bowler=Lungi Ngidi|comm_wire=—|comm_storyteller=—|comm_analyst=—|comm_colour=—|comm_wire_ms=0|comm_story_ms=0|comm_analyst_ms=0|comm_colour_ms=0[0m
[37m[16:01:14 F31 VISION] INFO: [SCOUT] SCOREBOARD 858ms strip=True overlay=False drs=False digits=True 223 chars[0m
[37m[16:01:14 F31 TEST] INFO: [SLEEP] Burst mode ON — last ball of over[0m
[37m[16:01:14 F31 TEST] INFO: 
=======================================================[0m
[37m[16:01:14 F31 TEST] INFO: [F31] SCOREBOARD — #25[0m
[37m[16:01:14 F31 TEST] INFO:   [V 861ms] STRIP: RCB 57-1 (5.5) | SALT 34(21) | PADIKKAL 1(1) | NGIDI 1-5 (0.5)[0m
[37m[16:01:14 F31 EXTRACT] INFO: Extracted in 0.7s (llama-4-scout-17b-16e-instruct)[0m
[37m[16:01:14 F31 TEST] INFO:   [E 692ms] visible_team=Royal Challengers Bengaluru score=57-1 (5.5) target=None rr=None[0m
[37m[16:01:14 F31 TEST] INFO:     BAT: SALT 34(21) [0m
[37m[16:01:14 F31 TEST] INFO:     BAT: PADIKKAL 1(1) [0m
[37m[16:01:14 F31 TEST] INFO:     BOWL: NGIDI 1-5 (0.5)[0m
[37m[16:01:14 F31 TEST] INFO:   [GUARD] Same bowler Lungi Ngidi after over change — waiting for new bowler name[0m
[37m[16:01:14 F31 TEST] INFO:   [DIRECT] Batter updates: ['SALT: ext=34(21) → tracker=34(21) [was 34(21)]', 'PADIKKAL: ext=1(1) → tracker=1(1) [was 1(1)]'][0m
[37m[16:01:14 F31 TEST] INFO:   [DIRECT] score→57[0m
[37m[16:01:14 F31 TEST] INFO:   [DIRECT] overs→5.5[0m
[37m[16:01:14 F31 TEST] INFO:   [DIRECT] wickets→1[0m
[37m[16:01:15 F31 SCORER] INFO: Scored in 0.9s (llama-4-scout-17b-16e-instruct)[0m
[37m[16:01:15 F31 TEST] INFO:   [S] Hint: Current batters: SALT and PADIKKAL. Bowler: NGIDI. Read their stats from the scoreboard. ALREADY DISMISSED (do NOT dismiss again): Virat Kohli[0m
[37m[16:01:15 F31 TEST] INFO:   [FLOW] Extractor batters not in scorer: {'PADIKKAL', 'SALT'}[0m
[37m[16:01:15 F31 TRACK] INFO: bowl:Lungi Ngidi:runs: 3 → 5 (post-event immediate, grace=1)[0m
[37m[16:01:15 F31 TRACK] INFO: bowl:Lungi Ngidi:overs: 0.4 → 0.5 (post-event immediate, grace=0)[0m
[37m[16:01:15 F31 BOARD] INFO: Lungi Ngidi: 1/3 (0.4) -> 1/5 (0.5) [F31][0m
[37m[16:01:15 F31 TEST] INFO:   [S 941ms] Changes: ['score→57', 'overs→5.5', 'bat:Philip Salt=34(21)', 'bat:Devdutt Padikkal=1(1)', 'bowl:Lungi Ngidi'][0m
[37m[16:01:15 F31 TEST] INFO:   Total: 2494ms (V:861 E:692 S:941)[0m
[37m[16:01:15 F31 TEST] INFO:   [THIS OVER] ['.', '2'] = 2 runs[0m
[37m[16:01:15 F31 TEST] INFO:   STATE: Royal Challengers Bengaluru 57-1 (5.5) inn=1 RR=9.77 | Bat: Philip Salt*(34) Devdutt Padikkal(1) | Bowl: Lungi Ngidi 1-5[0m
[37m[16:01:15 F31 TEST] INFO:   [ACTION] The live broadcast is showing a mid-innings scene, likely a break in play.[0m
[37m[16:01:15 F31 TEST] INFO: DETAIL|F31|SCOREBOARD|tag=SCOREBOARD|scout=STRIP: RCB 57-1 (5.5) | SALT 34(21) | PADIKKAL 1(1) | NGIDI 1-5 (0.5)|action=The live broadcast is showing a mid-innings scene, likely a break in play.|ext_score=57-1(5.5)|ext_bat=SALT 34(21) | PADIKKAL 1(1)|ext_bowl=NGIDI 1-5 (0.5)|scorer_changes=['score→57', 'overs→5.5', 'bat:Philip Salt=34(21)', 'bat:Devdutt Padikkal=1(1)', 'bowl:Lungi Ngidi']|yolo=0|BEFORE_score=57-1(5.5)|BEFORE_bat1=Philip Salt 34(21)|BEFORE_bat2=Devdutt Padikkal 1(1)|BEFORE_bowl=Lungi Ngidi 1-3 (0.4)|BEFORE_this_over=['.', '2']|AFTER_score=57-1(5.5)|AFTER_bat1=Philip Salt 34(21)|AFTER_bat2=Devdutt Padikkal 1(1)|AFTER_bowl=Lungi Ngidi 1-5 (0.5)|AFTER_this_over=['.', '2']|AFTER_this_over_src=.(obs),2(obs)|AFTER_striker=Philip Salt|AFTER_non_striker=Devdutt Padikkal|AFTER_run_rate=9.77|AFTER_target=—|AFTER_innings=1|AFTER_partnership=2(2)|AFTER_fow_count=1|AFTER_field=pace_powerplay frozen=True fielders=['gully', 'fine_leg', 'leg_slip', 'forward_short_leg', 'deep_backward_sq', 'short_fine_leg', 'slip_1', 'point', 'cover']|ball_event=—|ball_event_runs=—|ball_event_over=—|ball_event_extra=—|ball_event_free_hit=—|broadcast_extra=—|dismissal_mode=—|striker_this_ball=Philip Salt|delivery_length=—|delivery_line=—|delivery_angle=—|delivery_shot=—|delivery_direction=—|delivery_elevation=—|delivery_bounce=—|delivery_dets=0|delivery_method=—|delivery_snap_dets=—|delivery_3layer_dets=—|delivery_det_rate=—|delivery_dir_zone=—|delivery_dir_conf=0|delivery_pitch_pos=—|delivery_shot_action=—|delivery_swing=—|delivery_speed_vlm=—|delivery_vlm_conf=—|delivery_vlm_ms=—|speed_kph=—|venue=—|batting_team=Royal Challengers Bengaluru|match_info=IPL 2026|completed_over=—|completed_over_runs=—|drs_state=NONE|corrections=none|lat_vision=861|lat_extract=692|lat_scorer=941|lat_field=41|lat_comm=0|lat_code=0|lat_total=2496|comm_bowler=Lungi Ngidi|comm_wire=—|comm_storyteller=—|comm_analyst=—|comm_colour=—|comm_wire_ms=0|comm_story_ms=0|comm_analyst_ms=0|comm_colour_ms=0[0m
[37m[16:01:16 F32 VISION] INFO: [SCOUT] SCOREBOARD 636ms strip=True overlay=False drs=False digits=True 196 chars[0m
[37m[16:01:16 F32 TEST] INFO: 
=======================================================[0m
[37m[16:01:16 F32 TEST] INFO: [F32] SCOREBOARD — #26[0m
[37m[16:01:16 F32 TEST] INFO:   [V 639ms] STRIP: RCB 57-1 (5.5) | SALT 34(21) | PADIKKAL 1(1) | NGIDI 1-5 (0.5)[0m
[37m[16:01:17 F32 EXTRACT] INFO: Extracted in 0.7s (llama-4-scout-17b-16e-instruct)[0m
[37m[16:01:17 F32 TEST] INFO:   [E 717ms] visible_team=Royal Challengers Bengaluru score=57-1 (5.5) target=None rr=None[0m
[37m[16:01:17 F32 TEST] INFO:     BAT: SALT 34(21) [0m
[37m[16:01:17 F32 TEST] INFO:     BAT: PADIKKAL 1(1) [0m
[37m[16:01:17 F32 TEST] INFO:     BOWL: NGIDI 1-5 (0.5)[0m
[37m[16:01:17 F32 TEST] INFO:   [GUARD] Same bowler Lungi Ngidi after over change — waiting for new bowler name[0m
[37m[16:01:17 F32 TEST] INFO:   [DIRECT] Batter updates: ['SALT: ext=34(21) → tracker=34(21) [was 34(21)]', 'PADIKKAL: ext=1(1) → tracker=1(1) [was 1(1)]'][0m
[37m[16:01:17 F32 TEST] INFO:   [DIRECT] score→57[0m
[37m[16:01:17 F32 TEST] INFO:   [DIRECT] overs→5.5[0m
[37m[16:01:17 F32 TEST] INFO:   [DIRECT] wickets→1[0m
[37m[16:01:18 F32 SCORER] INFO: Scored in 0.9s (llama-4-scout-17b-16e-instruct)[0m
[37m[16:01:18 F32 TEST] INFO:   [S] Hint: Current batters: SALT and PADIKKAL. Bowler: NGIDI. Read their stats from the scoreboard. ALREADY DISMISSED (do NOT dismiss again): Virat Kohli[0m
[37m[16:01:18 F32 TEST] INFO:   [GUARD] Scorer proposed dismissal but wickets unchanged (1) — blocking[0m
[37m[16:01:18 F32 TEST] INFO:   [FLOW] Extractor batters not in scorer: {'PADIKKAL', 'SALT'}[0m
[37m[16:01:18 F32 TEST] INFO:   [WICKET-TRACK] Wicket at F32[0m
[37m[16:01:18 F32 TEST] INFO:   [S 895ms] Changes: ['score→57', 'overs→5.5', 'wickets→1', 'bat:Philip Salt=34(21)', 'bat:Devdutt Padikkal=1(1)', 'bowl:Lungi Ngidi'][0m
[37m[16:01:18 F32 TEST] INFO:   Total: 2251ms (V:639 E:717 S:895)[0m
[37m[16:01:18 F32 TEST] INFO:   [THIS OVER] ['.', '2'] = 2 runs[0m
[37m[16:01:18 F32 TEST] INFO:   STATE: Royal Challengers Bengaluru 57-1 (5.5) inn=1 RR=9.77 | Bat: Philip Salt*(34) Devdutt Padikkal(1) | Bowl: Lungi Ngidi 1-5[0m
[37m[16:01:18 F32 TEST] INFO:   [ACTION] The bowler NGIDI is bowling to the batter SALT.[0m
[37m[16:01:18 F32 TEST] INFO: DETAIL|F32|SCOREBOARD|tag=SCOREBOARD|scout=STRIP: RCB 57-1 (5.5) | SALT 34(21) | PADIKKAL 1(1) | NGIDI 1-5 (0.5)|action=The bowler NGIDI is bowling to the batter SALT.|ext_score=57-1(5.5)|ext_bat=SALT 34(21) | PADIKKAL 1(1)|ext_bowl=NGIDI 1-5 (0.5)|scorer_changes=['score→57', 'overs→5.5', 'wickets→1', 'bat:Philip Salt=34(21)', 'bat:Devdutt Padikkal=1(1)', 'bowl:Lungi Ngidi']|yolo=0|BEFORE_score=57-1(5.5)|BEFORE_bat1=Philip Salt 34(21)|BEFORE_bat2=Devdutt Padikkal 1(1)|BEFORE_bowl=Lungi Ngidi 1-5 (0.5)|BEFORE_this_over=['.', '2']|AFTER_score=57-1(5.5)|AFTER_bat1=Philip Salt 34(21)|AFTER_bat2=Devdutt Padikkal 1(1)|AFTER_bowl=Lungi Ngidi 1-5 (0.5)|AFTER_this_over=['.', '2']|AFTER_this_over_src=.(obs),2(obs)|AFTER_striker=Philip Salt|AFTER_non_striker=Devdutt Padikkal|AFTER_run_rate=9.77|AFTER_target=—|AFTER_innings=1|AFTER_partnership=2(2)|AFTER_fow_count=1|AFTER_field=pace_powerplay frozen=True fielders=['gully', 'fine_leg', 'leg_slip', 'forward_short_leg', 'deep_backward_sq', 'short_fine_leg', 'slip_1', 'point', 'cover']|ball_event=—|ball_event_runs=—|ball_event_over=—|ball_event_extra=—|ball_event_free_hit=—|broadcast_extra=—|dismissal_mode=—|striker_this_ball=Philip Salt|delivery_length=—|delivery_line=—|delivery_angle=—|delivery_shot=—|delivery_direction=—|delivery_elevation=—|delivery_bounce=—|delivery_dets=0|delivery_method=—|delivery_snap_dets=—|delivery_3layer_dets=—|delivery_det_rate=—|delivery_dir_zone=—|delivery_dir_conf=0|delivery_pitch_pos=—|delivery_shot_action=—|delivery_swing=—|delivery_speed_vlm=—|delivery_vlm_conf=—|delivery_vlm_ms=—|speed_kph=—|venue=—|batting_team=Royal Challengers Bengaluru|match_info=IPL 2026|completed_over=—|completed_over_runs=—|drs_state=NONE|corrections=none|lat_vision=639|lat_extract=717|lat_scorer=895|lat_field=40|lat_comm=0|lat_code=0|lat_total=2252|comm_bowler=Lungi Ngidi|comm_wire=—|comm_storyteller=—|comm_analyst=—|comm_colour=—|comm_wire_ms=0|comm_story_ms=0|comm_analyst_ms=0|comm_colour_ms=0[0m
[37m[16:01:19 F33 VISION] INFO: [SCOUT] SCOREBOARD 1169ms strip=True overlay=False drs=False digits=True 178 chars[0m
[37m[16:01:19 F33 TEST] INFO: 
=======================================================[0m
[37m[16:01:19 F33 TEST] INFO: [F33] SCOREBOARD — #27[0m
[37m[16:01:19 F33 TEST] INFO:   [V 1173ms] STRIP: RCB 57-1 (5.5) | SALT 34(21) | PADIKKAL 1(1) | NGIDI 1-5 (0.5)[0m
[37m[16:01:19 F33 EXTRACT] INFO: Extracted in 0.7s (llama-4-scout-17b-16e-instruct)[0m
[37m[16:01:19 F33 TEST] INFO:   [E 673ms] visible_team=Royal Challengers Bengaluru score=57-1 (5.5) target=None rr=None[0m
[37m[16:01:19 F33 TEST] INFO:     BAT: SALT 34(21) [0m
[37m[16:01:19 F33 TEST] INFO:     BAT: PADIKKAL 1(1) [0m
[37m[16:01:19 F33 TEST] INFO:     BOWL: NGIDI 1-5 (0.5)[0m
[37m[16:01:19 F33 TEST] INFO:   [GUARD] Same bowler Lungi Ngidi after over change — waiting for new bowler name[0m
[37m[16:01:19 F33 TEST] INFO:   [DIRECT] Batter updates: ['SALT: ext=34(21) → tracker=34(21) [was 34(21)]', 'PADIKKAL: ext=1(1) → tracker=1(1) [was 1(1)]'][0m
[37m[16:01:19 F33 TEST] INFO:   [DIRECT] score→57[0m
[37m[16:01:19 F33 TEST] INFO:   [DIRECT] overs→5.5[0m
[37m[16:01:19 F33 TEST] INFO:   [DIRECT] wickets→1[0m
[37m[16:01:20 F33 SCORER] INFO: Scored in 0.9s (llama-4-scout-17b-16e-instruct)[0m
[37m[16:01:20 F33 TEST] INFO:   [S] Hint: Current batters: SALT and PADIKKAL. Bowler: NGIDI. Read their stats from the scoreboard. ALREADY DISMISSED (do NOT dismiss again): Virat Kohli[0m
[37m[16:01:20 F33 TEST] INFO:   [FLOW] Extractor batters not in scorer: {'PADIKKAL', 'SALT'}[0m
[37m[16:01:20 F33 TEST] INFO:   [S 869ms] Changes: ['score→57', 'overs→5.5', 'bat:Philip Salt=34(21)', 'bat:Devdutt Padikkal=1(1)', 'bowl:Lungi Ngidi'][0m
[37m[16:01:20 F33 TEST] INFO:   Total: 2714ms (V:1173 E:673 S:869)[0m
[37m[16:01:20 F33 TEST] INFO:   [THIS OVER] ['.', '2'] = 2 runs[0m
[37m[16:01:20 F33 TEST] INFO:   STATE: Royal Challengers Bengaluru 57-1 (5.5) inn=1 RR=9.77 | Bat: Philip Salt*(34) Devdutt Padikkal(1) | Bowl: Lungi Ngidi 1-5[0m
[37m[16:01:20 F33 TEST] INFO:   [ACTION] The bowler NGIDI is bowling.[0m
[37m[16:01:20 F33 TEST] INFO: DETAIL|F33|SCOREBOARD|tag=SCOREBOARD|scout=STRIP: RCB 57-1 (5.5) | SALT 34(21) | PADIKKAL 1(1) | NGIDI 1-5 (0.5)|action=The bowler NGIDI is bowling.|ext_score=57-1(5.5)|ext_bat=SALT 34(21) | PADIKKAL 1(1)|ext_bowl=NGIDI 1-5 (0.5)|scorer_changes=['score→57', 'overs→5.5', 'bat:Philip Salt=34(21)', 'bat:Devdutt Padikkal=1(1)', 'bowl:Lungi Ngidi']|yolo=0|BEFORE_score=57-1(5.5)|BEFORE_bat1=Philip Salt 34(21)|BEFORE_bat2=Devdutt Padikkal 1(1)|BEFORE_bowl=Lungi Ngidi 1-5 (0.5)|BEFORE_this_over=['.', '2']|AFTER_score=57-1(5.5)|AFTER_bat1=Philip Salt 34(21)|AFTER_bat2=Devdutt Padikkal 1(1)|AFTER_bowl=Lungi Ngidi 1-5 (0.5)|AFTER_this_over=['.', '2']|AFTER_this_over_src=.(obs),2(obs)|AFTER_striker=Philip Salt|AFTER_non_striker=Devdutt Padikkal|AFTER_run_rate=9.77|AFTER_target=—|AFTER_innings=1|AFTER_partnership=2(2)|AFTER_fow_count=1|AFTER_field=pace_powerplay frozen=True fielders=['gully', 'fine_leg', 'leg_slip', 'forward_short_leg', 'deep_backward_sq', 'short_fine_leg', 'slip_1', 'point', 'cover']|ball_event=—|ball_event_runs=—|ball_event_over=—|ball_event_extra=—|ball_event_free_hit=—|broadcast_extra=—|dismissal_mode=—|striker_this_ball=Philip Salt|delivery_length=—|delivery_line=—|delivery_angle=—|delivery_shot=—|delivery_direction=—|delivery_elevation=—|delivery_bounce=—|delivery_dets=0|delivery_method=—|delivery_snap_dets=—|delivery_3layer_dets=—|delivery_det_rate=—|delivery_dir_zone=—|delivery_dir_conf=0|delivery_pitch_pos=—|delivery_shot_action=—|delivery_swing=—|delivery_speed_vlm=—|delivery_vlm_conf=—|delivery_vlm_ms=—|speed_kph=—|venue=—|batting_team=Royal Challengers Bengaluru|match_info=IPL 2026|completed_over=—|completed_over_runs=—|drs_state=NONE|corrections=none|lat_vision=1173|lat_extract=673|lat_scorer=869|lat_field=39|lat_comm=0|lat_code=0|lat_total=2716|comm_bowler=Lungi Ngidi|comm_wire=—|comm_storyteller=—|comm_analyst=—|comm_colour=—|comm_wire_ms=0|comm_story_ms=0|comm_analyst_ms=0|comm_colour_ms=0[0m
[37m[16:01:21 F34 VISION] INFO: [SCOUT] SCOREBOARD 1073ms strip=True overlay=False drs=False digits=True 182 chars[0m
[37m[16:01:21 F34 TEST] INFO: 
=======================================================[0m
[37m[16:01:21 F34 TEST] INFO: [F34] SCOREBOARD — #28[0m
[37m[16:01:21 F34 TEST] INFO:   [V 1077ms] STRIP: RCB 57-1 (5.5) | SALT 34(21) | PADIKKAL 1(1) | NGIDI 1-5 (0.5)[0m
[37m[16:01:22 F34 EXTRACT] INFO: Extracted in 0.7s (llama-4-scout-17b-16e-instruct)[0m
[37m[16:01:22 F34 TEST] INFO:   [E 666ms] visible_team=Royal Challengers Bengaluru score=57-1 (5.5) target=None rr=None[0m
[37m[16:01:22 F34 TEST] INFO:     BAT: SALT 34(21) *[0m
[37m[16:01:22 F34 TEST] INFO:     BAT: PADIKKAL 1(1) [0m
[37m[16:01:22 F34 TEST] INFO:     BOWL: NGIDI 1-5 (0.5)[0m
[37m[16:01:22 F34 TEST] INFO:   [GUARD] Same bowler Lungi Ngidi after over change — waiting for new bowler name[0m
[37m[16:01:22 F34 TEST] INFO:   [DIRECT] Batter updates: ['SALT: ext=34(21) → tracker=34(21) [was 34(21)]', 'PADIKKAL: ext=1(1) → tracker=1(1) [was 1(1)]'][0m
[37m[16:01:22 F34 TEST] INFO:   [DIRECT] score→57[0m
[37m[16:01:22 F34 TEST] INFO:   [DIRECT] overs→5.5[0m
[37m[16:01:22 F34 TEST] INFO:   [DIRECT] wickets→1[0m
[37m[16:01:23 F34 SCORER] INFO: Scored in 1.0s (llama-4-scout-17b-16e-instruct)[0m
[37m[16:01:23 F34 TEST] INFO:   [S] Hint: Current batters: SALT and PADIKKAL. Bowler: NGIDI. Read their stats from the scoreboard. ALREADY DISMISSED (do NOT dismiss again): Virat Kohli[0m
[37m[16:01:23 F34 TEST] INFO:   [GUARD] Scorer proposed dismissal but wickets unchanged (1) — blocking[0m
[37m[16:01:23 F34 TEST] INFO:   [FLOW] Extractor batters not in scorer: {'PADIKKAL', 'SALT'}[0m
[37m[16:01:23 F34 TEST] INFO:   [WICKET-TRACK] Wicket at F34[0m
[37m[16:01:23 F34 TEST] INFO:   [S 993ms] Changes: ['score→57', 'overs→5.5', 'wickets→1', 'bat:Philip Salt=34(21)', 'bat:Devdutt Padikkal=1(1)', 'bowl:Lungi Ngidi'][0m
[37m[16:01:23 F34 TEST] INFO:   Total: 2737ms (V:1077 E:666 S:993)[0m
[37m[16:01:23 F34 TEST] INFO:   [THIS OVER] ['.', '2'] = 2 runs[0m
[37m[16:01:23 F34 TEST] INFO:   STATE: Royal Challengers Bengaluru 57-1 (5.5) inn=1 RR=9.77 | Bat: Philip Salt*(34) Devdutt Padikkal(1) | Bowl: Lungi Ngidi 1-5[0m
[37m[16:01:23 F34 TEST] INFO:   [ACTION] The bowler is delivering a ball.[0m
[37m[16:01:23 F34 TEST] INFO: DETAIL|F34|SCOREBOARD|tag=SCOREBOARD|scout=STRIP: RCB 57-1 (5.5) | SALT 34(21) | PADIKKAL 1(1) | NGIDI 1-5 (0.5)|action=The bowler is delivering a ball.|ext_score=57-1(5.5)|ext_bat=SALT 34(21) | PADIKKAL 1(1)|ext_bowl=NGIDI 1-5 (0.5)|scorer_changes=['score→57', 'overs→5.5', 'wickets→1', 'bat:Philip Salt=34(21)', 'bat:Devdutt Padikkal=1(1)', 'bowl:Lungi Ngidi']|yolo=0|BEFORE_score=57-1(5.5)|BEFORE_bat1=Philip Salt 34(21)|BEFORE_bat2=Devdutt Padikkal 1(1)|BEFORE_bowl=Lungi Ngidi 1-5 (0.5)|BEFORE_this_over=['.', '2']|AFTER_score=57-1(5.5)|AFTER_bat1=Philip Salt 34(21)|AFTER_bat2=Devdutt Padikkal 1(1)|AFTER_bowl=Lungi Ngidi 1-5 (0.5)|AFTER_this_over=['.', '2']|AFTER_this_over_src=.(obs),2(obs)|AFTER_striker=Philip Salt|AFTER_non_striker=Devdutt Padikkal|AFTER_run_rate=9.77|AFTER_target=—|AFTER_innings=1|AFTER_partnership=2(2)|AFTER_fow_count=1|AFTER_field=pace_powerplay frozen=True fielders=['gully', 'fine_leg', 'leg_slip', 'forward_short_leg', 'deep_backward_sq', 'short_fine_leg', 'slip_1', 'point', 'cover']|ball_event=—|ball_event_runs=—|ball_event_over=—|ball_event_extra=—|ball_event_free_hit=—|broadcast_extra=—|dismissal_mode=—|striker_this_ball=Philip Salt|delivery_length=—|delivery_line=—|delivery_angle=—|delivery_shot=—|delivery_direction=—|delivery_elevation=—|delivery_bounce=—|delivery_dets=0|delivery_method=—|delivery_snap_dets=—|delivery_3layer_dets=—|delivery_det_rate=—|delivery_dir_zone=—|delivery_dir_conf=0|delivery_pitch_pos=—|delivery_shot_action=—|delivery_swing=—|delivery_speed_vlm=—|delivery_vlm_conf=—|delivery_vlm_ms=—|speed_kph=—|venue=—|batting_team=Royal Challengers Bengaluru|match_info=IPL 2026|completed_over=—|completed_over_runs=—|drs_state=NONE|corrections=none|lat_vision=1077|lat_extract=666|lat_scorer=993|lat_field=41|lat_comm=0|lat_code=0|lat_total=2738|comm_bowler=Lungi Ngidi|comm_wire=—|comm_storyteller=—|comm_analyst=—|comm_colour=—|comm_wire_ms=0|comm_story_ms=0|comm_analyst_ms=0|comm_colour_ms=0[0m
[FIELD] Pitch detected from people cluster: (0.28, 0.68) spread=0.297
[37m[16:01:25 F35 VISION] INFO: [SCOUT] SCOREBOARD 823ms strip=True overlay=False drs=False digits=True 138 chars[0m
[37m[16:01:25 F35 TEST] INFO: [SLEEP] Burst mode ON — last ball of over[0m
[37m[16:01:25 F35 TEST] INFO: 
=======================================================[0m
[37m[16:01:25 F35 TEST] INFO: [F35] SCOREBOARD — #29[0m
[37m[16:01:25 F35 TEST] INFO:   [V 826ms] STRIP: RCB 57-1 (5.5) | SALT 34(21) | PADIKKAL 1(1) | NGIDI 1-5 (0.5)[0m
[37m[16:01:26 F35 EXTRACT] INFO: Extracted in 0.7s (llama-4-scout-17b-16e-instruct)[0m
[37m[16:01:26 F35 TEST] INFO:   [E 665ms] visible_team=Royal Challengers Bengaluru score=57-1 (5.5) target=None rr=None[0m
[37m[16:01:26 F35 TEST] INFO:     BAT: SALT 34(21) [0m
[37m[16:01:26 F35 TEST] INFO:     BAT: PADIKKAL 1(1) [0m
[37m[16:01:26 F35 TEST] INFO:     BOWL: NGIDI 1-5 (0.5)[0m
[37m[16:01:26 F35 TEST] INFO:   [GUARD] Same bowler Lungi Ngidi after over change — waiting for new bowler name[0m
[37m[16:01:26 F35 TEST] INFO:   [DIRECT] Batter updates: ['SALT: ext=34(21) → tracker=34(21) [was 34(21)]', 'PADIKKAL: ext=1(1) → tracker=1(1) [was 1(1)]'][0m
[37m[16:01:26 F35 TEST] INFO:   [DIRECT] score→57[0m
[37m[16:01:26 F35 TEST] INFO:   [DIRECT] overs→5.5[0m
[37m[16:01:26 F35 TEST] INFO:   [DIRECT] wickets→1[0m
[37m[16:01:27 F35 SCORER] INFO: Scored in 1.0s (llama-4-scout-17b-16e-instruct)[0m
[37m[16:01:27 F35 TEST] INFO:   [S] Hint: Current batters: SALT and PADIKKAL. Bowler: NGIDI. Read their stats from the scoreboard. ALREADY DISMISSED (do NOT dismiss again): Virat Kohli[0m
[37m[16:01:27 F35 TEST] INFO:   [FLOW] Extractor batters not in scorer: {'PADIKKAL', 'SALT'}[0m
[37m[16:01:27 F35 TEST] INFO:   [WICKET-TRACK] Wicket at F35[0m
[37m[16:01:27 F35 TEST] INFO:   [S 993ms] Changes: ['score→57', 'overs→5.5', 'wickets→1', 'bat:Philip Salt=34(21)', 'bat:Devdutt Padikkal=1(1)', 'bowl:Lungi Ngidi'][0m
[37m[16:01:27 F35 TEST] INFO:   Total: 2484ms (V:826 E:665 S:993)[0m
[37m[16:01:27 F35 TEST] INFO:   [THIS OVER] ['.', '2'] = 2 runs[0m
[37m[16:01:27 F35 TEST] INFO:   STATE: Royal Challengers Bengaluru 57-1 (5.5) inn=1 RR=9.77 | Bat: Philip Salt*(34) Devdutt Padikkal(1) | Bowl: Lungi Ngidi 1-5[0m
[FIELD WARN] Powerplay but 4 outside circle (max 2). Possible misclassification.
[37m[16:01:27 F35 FIELD] INFO: [F35] IC-mid_on brought in — attacking[0m
[37m[16:01:27 F35 FIELD] INFO: [F35] IC-backward_square moved to KEEPER[0m
[37m[16:01:27 F35 TEST] INFO: DETAIL|F35|SCOREBOARD|tag=SCOREBOARD|scout=STRIP: RCB 57-1 (5.5) | SALT 34(21) | PADIKKAL 1(1) | NGIDI 1-5 (0.5)|action=—|ext_score=57-1(5.5)|ext_bat=SALT 34(21) | PADIKKAL 1(1)|ext_bowl=NGIDI 1-5 (0.5)|scorer_changes=['score→57', 'overs→5.5', 'wickets→1', 'bat:Philip Salt=34(21)', 'bat:Devdutt Padikkal=1(1)', 'bowl:Lungi Ngidi']|yolo=9|BEFORE_score=57-1(5.5)|BEFORE_bat1=Philip Salt 34(21)|BEFORE_bat2=Devdutt Padikkal 1(1)|BEFORE_bowl=Lungi Ngidi 1-5 (0.5)|BEFORE_this_over=['.', '2']|AFTER_score=57-1(5.5)|AFTER_bat1=Philip Salt 34(21)|AFTER_bat2=Devdutt Padikkal 1(1)|AFTER_bowl=Lungi Ngidi 1-5 (0.5)|AFTER_this_over=['.', '2']|AFTER_this_over_src=.(obs),2(obs)|AFTER_striker=Philip Salt|AFTER_non_striker=Devdutt Padikkal|AFTER_run_rate=9.77|AFTER_target=—|AFTER_innings=1|AFTER_partnership=2(2)|AFTER_fow_count=1|AFTER_field=pace_powerplay frozen=True fielders=['gully', 'fine_leg', 'leg_slip', 'forward_short_leg', 'deep_backward_sq', 'short_fine_leg', 'slip_1', 'point', 'cover']|ball_event=—|ball_event_runs=—|ball_event_over=—|ball_event_extra=—|ball_event_free_hit=—|broadcast_extra=—|dismissal_mode=—|striker_this_ball=Philip Salt|delivery_length=—|delivery_line=—|delivery_angle=—|delivery_shot=—|delivery_direction=—|delivery_elevation=—|delivery_bounce=—|delivery_dets=0|delivery_method=—|delivery_snap_dets=—|delivery_3layer_dets=—|delivery_det_rate=—|delivery_dir_zone=—|delivery_dir_conf=0|delivery_pitch_pos=—|delivery_shot_action=—|delivery_swing=—|delivery_speed_vlm=—|delivery_vlm_conf=—|delivery_vlm_ms=—|speed_kph=—|venue=—|batting_team=Royal Challengers Bengaluru|match_info=IPL 2026|completed_over=—|completed_over_runs=—|drs_state=NONE|corrections=none|lat_vision=826|lat_extract=665|lat_scorer=993|lat_field=42|lat_comm=0|lat_code=0|lat_total=2486|comm_bowler=Lungi Ngidi|comm_wire=—|comm_storyteller=—|comm_analyst=—|comm_colour=—|comm_wire_ms=0|comm_story_ms=0|comm_analyst_ms=0|comm_colour_ms=0[0m
[37m[16:01:27 F36 VISION] INFO: [SCOUT] SCOREBOARD 551ms strip=True overlay=False drs=False digits=True 138 chars[0m
[37m[16:01:27 F36 TEST] INFO: 
=======================================================[0m
[37m[16:01:27 F36 TEST] INFO: [F36] SCOREBOARD — #30[0m
[37m[16:01:27 F36 TEST] INFO:   [V 555ms] STRIP: RCB 57-1 (5.5) | SALT 34(21) | PADIKKAL 1(1) | NGIDI 1-5 (0.5)[0m
[37m[16:01:28 F36 EXTRACT] INFO: Extracted in 0.6s (llama-4-scout-17b-16e-instruct)[0m
[37m[16:01:28 F36 TEST] INFO:   [E 644ms] visible_team=Royal Challengers Bengaluru score=57-1 (5.5) target=None rr=None[0m
[37m[16:01:28 F36 TEST] INFO:     BAT: SALT 34(21) [0m
[37m[16:01:28 F36 TEST] INFO:     BAT: PADIKKAL 1(1) [0m
[37m[16:01:28 F36 TEST] INFO:     BOWL: NGIDI 1-5 (0.5)[0m
[37m[16:01:28 F36 TEST] INFO:   [GUARD] Same bowler Lungi Ngidi after over change — waiting for new bowler name[0m
[37m[16:01:28 F36 TEST] INFO:   [DIRECT] Batter updates: ['SALT: ext=34(21) → tracker=34(21) [was 34(21)]', 'PADIKKAL: ext=1(1) → tracker=1(1) [was 1(1)]'][0m
[37m[16:01:28 F36 TEST] INFO:   [DIRECT] score→57[0m
[37m[16:01:28 F36 TEST] INFO:   [DIRECT] overs→5.5[0m
[37m[16:01:28 F36 TEST] INFO:   [DIRECT] wickets→1[0m
[37m[16:01:29 F36 SCORER] INFO: Scored in 0.9s (llama-4-scout-17b-16e-instruct)[0m
[37m[16:01:29 F36 TEST] INFO:   [S] Hint: Current batters: SALT and PADIKKAL. Bowler: NGIDI. Read their stats from the scoreboard. ALREADY DISMISSED (do NOT dismiss again): Virat Kohli[0m
[37m[16:01:29 F36 TEST] INFO:   [FLOW] Extractor batters not in scorer: {'PADIKKAL', 'SALT'}[0m
[37m[16:01:29 F36 TEST] INFO:   [S 947ms] Changes: ['score→57', 'overs→5.5', 'bat:Philip Salt=34(21)', 'bat:Devdutt Padikkal=1(1)', 'bowl:Lungi Ngidi'][0m
[37m[16:01:29 F36 TEST] INFO:   Total: 2146ms (V:555 E:644 S:947)[0m
[37m[16:01:29 F36 TEST] INFO:   [THIS OVER] ['.', '2'] = 2 runs[0m
[37m[16:01:29 F36 TEST] INFO:   STATE: Royal Challengers Bengaluru 57-1 (5.5) inn=1 RR=9.77 | Bat: Philip Salt*(34) Devdutt Padikkal(1) | Bowl: Lungi Ngidi 1-5[0m
[37m[16:01:29 F36 FIELD] INFO: [F36] IC-backward_point moved to IC-point[0m
[37m[16:01:29 F36 FIELD] INFO: [F36] IC-mid_on moved to IC-backward_point[0m
[37m[16:01:29 F36 FIELD] INFO: [F36] OC-deep_gully moved to OC-deep_backward_point[0m
[37m[16:01:29 F36 FIELD] INFO: [F36] KEEPER moved to IC-point[0m
[37m[16:01:29 F36 FIELD] INFO: [F36] IC-cover_point moved to IC-point[0m
[37m[16:01:29 F36 FIELD] INFO: [F36] IC-square_leg brought in — attacking[0m
[37m[16:01:29 F36 TEST] INFO: DETAIL|F36|SCOREBOARD|tag=SCOREBOARD|scout=STRIP: RCB 57-1 (5.5) | SALT 34(21) | PADIKKAL 1(1) | NGIDI 1-5 (0.5)|action=—|ext_score=57-1(5.5)|ext_bat=SALT 34(21) | PADIKKAL 1(1)|ext_bowl=NGIDI 1-5 (0.5)|scorer_changes=['score→57', 'overs→5.5', 'bat:Philip Salt=34(21)', 'bat:Devdutt Padikkal=1(1)', 'bowl:Lungi Ngidi']|yolo=6|BEFORE_score=57-1(5.5)|BEFORE_bat1=Philip Salt 34(21)|BEFORE_bat2=Devdutt Padikkal 1(1)|BEFORE_bowl=Lungi Ngidi 1-5 (0.5)|BEFORE_this_over=['.', '2']|AFTER_score=57-1(5.5)|AFTER_bat1=Philip Salt 34(21)|AFTER_bat2=Devdutt Padikkal 1(1)|AFTER_bowl=Lungi Ngidi 1-5 (0.5)|AFTER_this_over=['.', '2']|AFTER_this_over_src=.(obs),2(obs)|AFTER_striker=Philip Salt|AFTER_non_striker=Devdutt Padikkal|AFTER_run_rate=9.77|AFTER_target=—|AFTER_innings=1|AFTER_partnership=2(2)|AFTER_fow_count=1|AFTER_field=pace_powerplay frozen=True fielders=['gully', 'fine_leg', 'leg_slip', 'forward_short_leg', 'deep_backward_sq', 'short_fine_leg', 'slip_1', 'point', 'cover']|ball_event=—|ball_event_runs=—|ball_event_over=—|ball_event_extra=—|ball_event_free_hit=—|broadcast_extra=—|dismissal_mode=—|striker_this_ball=Philip Salt|delivery_length=—|delivery_line=—|delivery_angle=—|delivery_shot=—|delivery_direction=—|delivery_elevation=—|delivery_bounce=—|delivery_dets=0|delivery_method=—|delivery_snap_dets=—|delivery_3layer_dets=—|delivery_det_rate=—|delivery_dir_zone=—|delivery_dir_conf=0|delivery_pitch_pos=—|delivery_shot_action=—|delivery_swing=—|delivery_speed_vlm=—|delivery_vlm_conf=—|delivery_vlm_ms=—|speed_kph=—|venue=—|batting_team=Royal Challengers Bengaluru|match_info=IPL 2026|completed_over=—|completed_over_runs=—|drs_state=NONE|corrections=none|lat_vision=555|lat_extract=644|lat_scorer=947|lat_field=40|lat_comm=0|lat_code=0|lat_total=2147|comm_bowler=Lungi Ngidi|comm_wire=—|comm_storyteller=—|comm_analyst=—|comm_colour=—|comm_wire_ms=0|comm_story_ms=0|comm_analyst_ms=0|comm_colour_ms=0[0m
[37m[16:01:32 F41 VISION] INFO: [SCOUT] SCOREBOARD 703ms strip=True overlay=False drs=False digits=True 231 chars[0m
[37m[16:01:32 F41 TEST] INFO: 
=======================================================[0m
[37m[16:01:32 F41 TEST] INFO: [F41] SCOREBOARD — #31[0m
[37m[16:01:32 F41 TEST] INFO:   [V 706ms] STRIP: RCB 57-1 (5.5) | SALT 34(21) | PADIKKAL 1(1) | NGIDI 1-5 (0.5)[0m
[37m[16:01:33 F41 EXTRACT] INFO: Extracted in 0.7s (llama-4-scout-17b-16e-instruct)[0m
[37m[16:01:33 F41 TEST] INFO:   [E 708ms] visible_team=Royal Challengers Bengaluru score=57-1 (5.5) target=None rr=None[0m
[37m[16:01:33 F41 TEST] INFO:     BAT: SALT 34(21) [0m
[37m[16:01:33 F41 TEST] INFO:     BAT: PADIKKAL 1(1) [0m
[37m[16:01:33 F41 TEST] INFO:     BOWL: NGIDI 1-5 (0.5)[0m
[37m[16:01:33 F41 TEST] INFO:   [GUARD] Same bowler Lungi Ngidi after over change — waiting for new bowler name[0m
[37m[16:01:33 F41 TEST] INFO:   [DIRECT] Batter updates: ['SALT: ext=34(21) → tracker=34(21) [was 34(21)]', 'PADIKKAL: ext=1(1) → tracker=1(1) [was 1(1)]'][0m
[37m[16:01:33 F41 TEST] INFO:   [DIRECT] score→57[0m
[37m[16:01:33 F41 TEST] INFO:   [DIRECT] overs→5.5[0m
[37m[16:01:33 F41 TEST] INFO:   [DIRECT] wickets→1[0m
[37m[16:01:34 F41 SCORER] INFO: Scored in 1.0s (llama-4-scout-17b-16e-instruct)[0m
[37m[16:01:34 F41 TEST] INFO:   [S] Hint: Current batters: SALT and PADIKKAL. Bowler: NGIDI. Read their stats from the scoreboard. ALREADY DISMISSED (do NOT dismiss again): Virat Kohli[0m
[37m[16:01:34 F41 TEST] INFO:   [GUARD] Scorer proposed dismissal but wickets unchanged (1) — blocking[0m
[37m[16:01:34 F41 TEST] INFO:   [FLOW] Extractor batters not in scorer: {'PADIKKAL', 'SALT'}[0m
[37m[16:01:34 F41 TEST] INFO:   [WICKET-TRACK] Wicket at F41[0m
[37m[16:01:34 F41 TEST] INFO:   [S 997ms] Changes: ['score→57', 'overs→5.5', 'wickets→1', 'bat:Philip Salt=34(21)', 'bat:Devdutt Padikkal=1(1)', 'bowl:Lungi Ngidi'][0m
[37m[16:01:34 F41 TEST] INFO:   Total: 2411ms (V:706 E:708 S:997)[0m
[37m[16:01:34 F41 TEST] INFO:   [THIS OVER] ['.', '2'] = 2 runs[0m
[37m[16:01:34 F41 TEST] INFO:   STATE: Royal Challengers Bengaluru 57-1 (5.5) inn=1 RR=9.77 | Bat: Philip Salt*(34) Devdutt Padikkal(1) | Bowl: Lungi Ngidi 1-5[0m
[37m[16:01:34 F41 TEST] INFO:   [ACTION] The bowler, Ngidi, has just delivered a ball, and the batsman, Salt, is on strik[0m
[37m[16:01:34 F41 TEST] INFO: DETAIL|F41|SCOREBOARD|tag=SCOREBOARD|scout=STRIP: RCB 57-1 (5.5) | SALT 34(21) | PADIKKAL 1(1) | NGIDI 1-5 (0.5)|action=The bowler, Ngidi, has just delivered a ball, and the batsman, Salt, is on strike.|ext_score=57-1(5.5)|ext_bat=SALT 34(21) | PADIKKAL 1(1)|ext_bowl=NGIDI 1-5 (0.5)|scorer_changes=['score→57', 'overs→5.5', 'wickets→1', 'bat:Philip Salt=34(21)', 'bat:Devdutt Padikkal=1(1)', 'bowl:Lungi Ngidi']|yolo=0|BEFORE_score=57-1(5.5)|BEFORE_bat1=Philip Salt 34(21)|BEFORE_bat2=Devdutt Padikkal 1(1)|BEFORE_bowl=Lungi Ngidi 1-5 (0.5)|BEFORE_this_over=['.', '2']|AFTER_score=57-1(5.5)|AFTER_bat1=Philip Salt 34(21)|AFTER_bat2=Devdutt Padikkal 1(1)|AFTER_bowl=Lungi Ngidi 1-5 (0.5)|AFTER_this_over=['.', '2']|AFTER_this_over_src=.(obs),2(obs)|AFTER_striker=Philip Salt|AFTER_non_striker=Devdutt Padikkal|AFTER_run_rate=9.77|AFTER_target=—|AFTER_innings=1|AFTER_partnership=2(2)|AFTER_fow_count=1|AFTER_field=pace_powerplay frozen=True fielders=['gully', 'fine_leg', 'leg_slip', 'forward_short_leg', 'deep_backward_sq', 'short_fine_leg', 'slip_1', 'point', 'cover']|ball_event=—|ball_event_runs=—|ball_event_over=—|ball_event_extra=—|ball_event_free_hit=—|broadcast_extra=—|dismissal_mode=—|striker_this_ball=Philip Salt|delivery_length=—|delivery_line=—|delivery_angle=—|delivery_shot=—|delivery_direction=—|delivery_elevation=—|delivery_bounce=—|delivery_dets=0|delivery_method=—|delivery_snap_dets=—|delivery_3layer_dets=—|delivery_det_rate=—|delivery_dir_zone=—|delivery_dir_conf=0|delivery_pitch_pos=—|delivery_shot_action=—|delivery_swing=—|delivery_speed_vlm=—|delivery_vlm_conf=—|delivery_vlm_ms=—|speed_kph=—|venue=—|batting_team=Royal Challengers Bengaluru|match_info=IPL 2026|completed_over=—|completed_over_runs=—|drs_state=NONE|corrections=none|lat_vision=706|lat_extract=708|lat_scorer=997|lat_field=40|lat_comm=0|lat_code=0|lat_total=2412|comm_bowler=Lungi Ngidi|comm_wire=—|comm_storyteller=—|comm_analyst=—|comm_colour=—|comm_wire_ms=0|comm_story_ms=0|comm_analyst_ms=0|comm_colour_ms=0[0m
[37m[16:01:36 F42 VISION] INFO: [SCOUT] SCOREBOARD 754ms strip=True overlay=False drs=False digits=True 202 chars[0m
[37m[16:01:36 F42 TEST] INFO: [SLEEP] Burst mode ON — last ball of over[0m
[37m[16:01:36 F42 TEST] INFO: 
=======================================================[0m
[37m[16:01:36 F42 TEST] INFO: [F42] SCOREBOARD — #32[0m
[37m[16:01:36 F42 TEST] INFO:   [V 757ms] STRIP: RCB 57-1 (5.5) | SALT 34(21) | PADIKKAL 1(1) | NGIDI 1-5 (0.5)[0m
[37m[16:01:36 F42 EXTRACT] INFO: Extracted in 0.7s (llama-4-scout-17b-16e-instruct)[0m
[37m[16:01:36 F42 TEST] INFO:   [E 659ms] visible_team=Royal Challengers Bengaluru score=57-1 (5.5) target=None rr=None[0m
[37m[16:01:36 F42 TEST] INFO:     BAT: SALT 34(21) [0m
[37m[16:01:36 F42 TEST] INFO:     BAT: PADIKKAL 1(1) [0m
[37m[16:01:36 F42 TEST] INFO:     BOWL: NGIDI 1-5 (0.5)[0m
[37m[16:01:36 F42 TEST] INFO:   [GUARD] Same bowler Lungi Ngidi after over change — waiting for new bowler name[0m
[37m[16:01:36 F42 TEST] INFO:   [DIRECT] Batter updates: ['SALT: ext=34(21) → tracker=34(21) [was 34(21)]', 'PADIKKAL: ext=1(1) → tracker=1(1) [was 1(1)]'][0m
[37m[16:01:36 F42 TEST] INFO:   [DIRECT] score→57[0m
[37m[16:01:36 F42 TEST] INFO:   [DIRECT] overs→5.5[0m
[37m[16:01:36 F42 TEST] INFO:   [DIRECT] wickets→1[0m
[37m[16:01:37 F42 SCORER] INFO: Scored in 1.0s (llama-4-scout-17b-16e-instruct)[0m
[37m[16:01:37 F42 TEST] INFO:   [S] Hint: Current batters: SALT and PADIKKAL. Bowler: NGIDI. Read their stats from the scoreboard. ALREADY DISMISSED (do NOT dismiss again): Virat Kohli[0m
[37m[16:01:37 F42 TEST] INFO:   [FLOW] Extractor batters not in scorer: {'PADIKKAL', 'SALT'}[0m
[37m[16:01:37 F42 TEST] INFO:   [S 1002ms] Changes: ['score→57', 'overs→5.5', 'bat:Philip Salt=34(21)', 'bat:Devdutt Padikkal=1(1)', 'bowl:Lungi Ngidi'][0m
[37m[16:01:37 F42 TEST] INFO:   Total: 2418ms (V:757 E:659 S:1002)[0m
[37m[16:01:37 F42 TEST] INFO:   [THIS OVER] ['.', '2'] = 2 runs[0m
[37m[16:01:37 F42 TEST] INFO:   STATE: Royal Challengers Bengaluru 57-1 (5.5) inn=1 RR=9.77 | Bat: Philip Salt*(34) Devdutt Padikkal(1) | Bowl: Lungi Ngidi 1-5[0m
[37m[16:01:37 F42 TEST] INFO:   [ACTION] The bowler NGIDI is running back to the bowler's end.[0m
[37m[16:01:37 F42 TEST] INFO: DETAIL|F42|SCOREBOARD|tag=SCOREBOARD|scout=STRIP: RCB 57-1 (5.5) | SALT 34(21) | PADIKKAL 1(1) | NGIDI 1-5 (0.5)|action=The bowler NGIDI is running back to the bowler's end.|ext_score=57-1(5.5)|ext_bat=SALT 34(21) | PADIKKAL 1(1)|ext_bowl=NGIDI 1-5 (0.5)|scorer_changes=['score→57', 'overs→5.5', 'bat:Philip Salt=34(21)', 'bat:Devdutt Padikkal=1(1)', 'bowl:Lungi Ngidi']|yolo=0|BEFORE_score=57-1(5.5)|BEFORE_bat1=Philip Salt 34(21)|BEFORE_bat2=Devdutt Padikkal 1(1)|BEFORE_bowl=Lungi Ngidi 1-5 (0.5)|BEFORE_this_over=['.', '2']|AFTER_score=57-1(5.5)|AFTER_bat1=Philip Salt 34(21)|AFTER_bat2=Devdutt Padikkal 1(1)|AFTER_bowl=Lungi Ngidi 1-5 (0.5)|AFTER_this_over=['.', '2']|AFTER_this_over_src=.(obs),2(obs)|AFTER_striker=Philip Salt|AFTER_non_striker=Devdutt Padikkal|AFTER_run_rate=9.77|AFTER_target=—|AFTER_innings=1|AFTER_partnership=2(2)|AFTER_fow_count=1|AFTER_field=pace_powerplay frozen=True fielders=['gully', 'fine_leg', 'leg_slip', 'forward_short_leg', 'deep_backward_sq', 'short_fine_leg', 'slip_1', 'point', 'cover']|ball_event=—|ball_event_runs=—|ball_event_over=—|ball_event_extra=—|ball_event_free_hit=—|broadcast_extra=—|dismissal_mode=—|striker_this_ball=Philip Salt|delivery_length=—|delivery_line=—|delivery_angle=—|delivery_shot=—|delivery_direction=—|delivery_elevation=—|delivery_bounce=—|delivery_dets=0|delivery_method=—|delivery_snap_dets=—|delivery_3layer_dets=—|delivery_det_rate=—|delivery_dir_zone=—|delivery_dir_conf=0|delivery_pitch_pos=—|delivery_shot_action=—|delivery_swing=—|delivery_speed_vlm=—|delivery_vlm_conf=—|delivery_vlm_ms=—|speed_kph=—|venue=—|batting_team=Royal Challengers Bengaluru|match_info=IPL 2026|completed_over=—|completed_over_runs=—|drs_state=NONE|corrections=none|lat_vision=757|lat_extract=659|lat_scorer=1002|lat_field=41|lat_comm=0|lat_code=0|lat_total=2420|comm_bowler=Lungi Ngidi|comm_wire=—|comm_storyteller=—|comm_analyst=—|comm_colour=—|comm_wire_ms=0|comm_story_ms=0|comm_analyst_ms=0|comm_colour_ms=0[0m
[37m[16:01:38 F43 VISION] INFO: [SCOUT] SCOREBOARD 718ms strip=True overlay=False drs=False digits=True 196 chars[0m
[37m[16:01:38 F43 TEST] INFO: 
=======================================================[0m
[37m[16:01:38 F43 TEST] INFO: [F43] SCOREBOARD — #33[0m
[37m[16:01:38 F43 TEST] INFO:   [V 721ms] STRIP: RCB 57-1 (5.5) | SALT 34(21) | PADIKKAL 1(1) | NGIDI 1-5 (0.5)[0m
[37m[16:01:39 F43 EXTRACT] INFO: Extracted in 0.7s (llama-4-scout-17b-16e-instruct)[0m
[37m[16:01:39 F43 TEST] INFO:   [E 672ms] visible_team=Royal Challengers Bengaluru score=57-1 (5.5) target=None rr=None[0m
[37m[16:01:39 F43 TEST] INFO:     BAT: SALT 34(21) [0m
[37m[16:01:39 F43 TEST] INFO:     BAT: PADIKKAL 1(1) [0m
[37m[16:01:39 F43 TEST] INFO:     BOWL: NGIDI 1-5 (0.5)[0m
[37m[16:01:39 F43 TEST] INFO:   [GUARD] Same bowler Lungi Ngidi after over change — waiting for new bowler name[0m
[37m[16:01:39 F43 TEST] INFO:   [DIRECT] Batter updates: ['SALT: ext=34(21) → tracker=34(21) [was 34(21)]', 'PADIKKAL: ext=1(1) → tracker=1(1) [was 1(1)]'][0m
[37m[16:01:39 F43 TEST] INFO:   [DIRECT] score→57[0m
[37m[16:01:39 F43 TEST] INFO:   [DIRECT] overs→5.5[0m
[37m[16:01:39 F43 TEST] INFO:   [DIRECT] wickets→1[0m
[37m[16:01:40 F43 SCORER] INFO: Scored in 0.9s (llama-4-scout-17b-16e-instruct)[0m
[37m[16:01:40 F43 TEST] INFO:   [S] Hint: Current batters: SALT and PADIKKAL. Bowler: NGIDI. Read their stats from the scoreboard. ALREADY DISMISSED (do NOT dismiss again): Virat Kohli[0m
[37m[16:01:40 F43 TEST] INFO:   [FLOW] Extractor batters not in scorer: {'PADIKKAL', 'SALT'}[0m
[37m[16:01:40 F43 TEST] INFO:   [WICKET-TRACK] Wicket at F43[0m
[37m[16:01:40 F43 TEST] INFO:   [S 865ms] Changes: ['score→57', 'overs→5.5', 'wickets→1', 'bat:Philip Salt=34(21)', 'bat:Devdutt Padikkal=1(1)', 'bowl:Lungi Ngidi'][0m
[37m[16:01:40 F43 TEST] INFO:   Total: 2258ms (V:721 E:672 S:865)[0m
[37m[16:01:40 F43 TEST] INFO:   [THIS OVER] ['.', '2'] = 2 runs[0m
[37m[16:01:40 F43 TEST] INFO:   STATE: Royal Challengers Bengaluru 57-1 (5.5) inn=1 RR=9.77 | Bat: Philip Salt*(34) Devdutt Padikkal(1) | Bowl: Lungi Ngidi 1-5[0m
[37m[16:01:40 F43 TEST] INFO:   [ACTION] The bowler NGIDI is bowling to the batter SALT.[0m
[FIELD WARN] Powerplay but 4 outside circle (max 2). Possible misclassification.
[37m[16:01:40 F43 FIELD] INFO: [F43] IC-square_leg pushed back — defensive[0m
[37m[16:01:40 F43 FIELD] INFO: [F43] IC-backward_point moved to KEEPER[0m
[37m[16:01:40 F43 FIELD] INFO: [F43] IC-point moved to IC-backward_point[0m
[37m[16:01:40 F43 FIELD] INFO: [F43] IC-point moved to IC-backward_point[0m
[37m[16:01:40 F43 FIELD] INFO: [F43] IC-point moved to IC-cover_point[0m
[37m[16:01:40 F43 TEST] INFO: DETAIL|F43|SCOREBOARD|tag=SCOREBOARD|scout=STRIP: RCB 57-1 (5.5) | SALT 34(21) | PADIKKAL 1(1) | NGIDI 1-5 (0.5)|action=The bowler NGIDI is bowling to the batter SALT.|ext_score=57-1(5.5)|ext_bat=SALT 34(21) | PADIKKAL 1(1)|ext_bowl=NGIDI 1-5 (0.5)|scorer_changes=['score→57', 'overs→5.5', 'wickets→1', 'bat:Philip Salt=34(21)', 'bat:Devdutt Padikkal=1(1)', 'bowl:Lungi Ngidi']|yolo=10|BEFORE_score=57-1(5.5)|BEFORE_bat1=Philip Salt 34(21)|BEFORE_bat2=Devdutt Padikkal 1(1)|BEFORE_bowl=Lungi Ngidi 1-5 (0.5)|BEFORE_this_over=['.', '2']|AFTER_score=57-1(5.5)|AFTER_bat1=Philip Salt 34(21)|AFTER_bat2=Devdutt Padikkal 1(1)|AFTER_bowl=Lungi Ngidi 1-5 (0.5)|AFTER_this_over=['.', '2']|AFTER_this_over_src=.(obs),2(obs)|AFTER_striker=Philip Salt|AFTER_non_striker=Devdutt Padikkal|AFTER_run_rate=9.77|AFTER_target=—|AFTER_innings=1|AFTER_partnership=2(2)|AFTER_fow_count=1|AFTER_field=pace_powerplay frozen=True fielders=['gully', 'fine_leg', 'leg_slip', 'forward_short_leg', 'deep_backward_sq', 'short_fine_leg', 'slip_1', 'point', 'cover']|ball_event=—|ball_event_runs=—|ball_event_over=—|ball_event_extra=—|ball_event_free_hit=—|broadcast_extra=—|dismissal_mode=—|striker_this_ball=Philip Salt|delivery_length=—|delivery_line=—|delivery_angle=—|delivery_shot=—|delivery_direction=—|delivery_elevation=—|delivery_bounce=—|delivery_dets=0|delivery_method=—|delivery_snap_dets=—|delivery_3layer_dets=—|delivery_det_rate=—|delivery_dir_zone=—|delivery_dir_conf=0|delivery_pitch_pos=—|delivery_shot_action=—|delivery_swing=—|delivery_speed_vlm=—|delivery_vlm_conf=—|delivery_vlm_ms=—|speed_kph=—|venue=—|batting_team=Royal Challengers Bengaluru|match_info=IPL 2026|completed_over=—|completed_over_runs=—|drs_state=NONE|corrections=none|lat_vision=721|lat_extract=672|lat_scorer=865|lat_field=42|lat_comm=0|lat_code=0|lat_total=2260|comm_bowler=Lungi Ngidi|comm_wire=—|comm_storyteller=—|comm_analyst=—|comm_colour=—|comm_wire_ms=0|comm_story_ms=0|comm_analyst_ms=0|comm_colour_ms=0[0m
[37m[16:01:40 F44 VISION] INFO: [SCOUT] SCOREBOARD 584ms strip=True overlay=False drs=False digits=True 178 chars[0m
[37m[16:01:40 F44 TEST] INFO: 
=======================================================[0m
[37m[16:01:40 F44 TEST] INFO: [F44] SCOREBOARD — #34[0m
[37m[16:01:40 F44 TEST] INFO:   [V 587ms] STRIP: RCB 59-1 (6) | SALT 36(22) | PADIKKAL 1(1) | NGIDI 1-7 (1)[0m
[37m[16:01:41 F44 EXTRACT] INFO: Extracted in 1.0s (llama-4-scout-17b-16e-instruct)[0m
[37m[16:01:41 F44 TEST] INFO:   [E 1028ms] visible_team=Royal Challengers Bengaluru score=59-1 (6) target=None rr=None[0m
[37m[16:01:41 F44 TEST] INFO:     BAT: SALT 36(22) [0m
[37m[16:01:41 F44 TEST] INFO:     BAT: PADIKKAL 1(1) [0m
[37m[16:01:41 F44 TEST] INFO:     BOWL: NGIDI 1-7 (1)[0m
[37m[16:01:41 F44 TEST] INFO:   [GUARD] Same bowler Lungi Ngidi after over change — waiting for new bowler name[0m
[37m[16:01:41 F44 TRACK] INFO: bat:Philip Salt:runs: 34 → 36 (fast-confirm, natural increment F44)[0m
[37m[16:01:41 F44 TRACK] INFO: bat:Philip Salt:balls: 21 → 22 (fast-confirm, natural increment F44)[0m
[37m[16:01:41 F44 BOARD] INFO: Philip Salt: 34(21) -> 36(22) [F44][0m
[37m[16:01:41 F44 TEST] INFO:   [DIRECT] Batter updates: ['SALT: ext=36(22) → tracker=36(22) [was 34(21)]', 'PADIKKAL: ext=1(1) → tracker=1(1) [was 1(1)]'][0m
[37m[16:01:41 F44 TEST] INFO:   [DIRECT] wickets→1[0m
[37m[16:01:42 F44 SCORER] INFO: Scored in 0.9s (llama-4-scout-17b-16e-instruct)[0m
[37m[16:01:42 F44 TEST] INFO:   [S] Hint: Current batters: SALT and PADIKKAL. Bowler: NGIDI. Read their stats from the scoreboard. ALREADY DISMISSED (do NOT dismiss again): Virat Kohli[0m
[37m[16:01:42 F44 TRACK] INFO: score: 57 → 59 (confirmed F44)[0m
[37m[16:01:42 F44 BOARD] INFO: score: 57 -> 59 [F44][0m
[37m[16:01:42 F44 TRACK] INFO: overs: 5.5 → 6.0 (confirmed F44)[0m
[37m[16:01:42 F44 BOARD] INFO: overs: 5.5 -> 6.0 [F44][0m
[37m[16:01:42 F44 TEST] INFO:   [FLOW] Extractor batters not in scorer: {'PADIKKAL', 'SALT'}[0m
[37m[16:01:42 F44 TEST] INFO:   [S 894ms] Changes: ['score→59', 'overs→6', 'bat:Philip Salt=36(22)', 'bat:Devdutt Padikkal=1(1)', 'bowl:Lungi Ngidi'][0m
[37m[16:01:42 F44 TEST] INFO:   Total: 2509ms (V:587 E:1028 S:894)[0m
[37m[16:01:42 F44 TEST] INFO:   [THIS OVER] ['.', '2'] = 2 runs[0m
[37m[16:01:42 F44 COMMENTARY] INFO: [BALL ✓] 2_RUNS | 6.0 +2 runs (Δballs=1)[0m
[37m[16:01:42 F44 TEST] INFO:   [THIS-OVER] Ball 2_RUNS appended to over 5[0m
[37m[16:01:56 F44 TEST] INFO:   [DELIVERY] short, outside off, cut through point, along the ground (14111ms, 0 dets, method=vlm)[0m
[37m[16:01:56 F44 OVER] INFO: Over 5 complete: ['.', '2', '2'] = 4 runs, 0 wkts (by Lungi Ngidi)[0m
[37m[16:01:56 F44 TEST] INFO:   [STRIKER] Over change rotation: Devdutt Padikkal ← Philip Salt[0m
[37m[16:01:56 F44 TEST] INFO:   [OVER CHANGE] → 6.0[0m
[37m[16:01:56 F44 BOARD] INFO: run_rate: 9.77 -> 9.83 [F44][0m
[37m[16:01:56 F44 TEST] INFO:   STATE: Royal Challengers Bengaluru 59-1 (6.0) inn=1 RR=9.83 | Bat: Philip Salt(36) Devdutt Padikkal*(1) | Bowl: Lungi Ngidi 1-5[0m
[37m[16:01:56 F44 SCORE_MGR] INFO: [SM] RUNS  59/1 (6.0)  striker=SALT[0m
[37m[16:01:56 F44 TEST] INFO:   [SHADOW] SM=RUNS BED=2_RUNS MATCH[0m
[37m[16:01:57 F44 TEST] INFO:   [COMM 558ms] wire(0ms), storyteller(557ms)[0m
[37m[16:01:57 F44 TEST] INFO:   [BALL EVENT ✓] 2_RUNS | 6.0 | +2 runs (Δballs=0) | The bowler Ngidi is walking back.[0m
[37m[16:01:57 F44 TEST] INFO: DETAIL|F44|SCOREBOARD|tag=SCOREBOARD|scout=STRIP: RCB 59-1 (6) | SALT 36(22) | PADIKKAL 1(1) | NGIDI 1-7 (1)|action=The bowler Ngidi is walking back.|ext_score=59-1(6)|ext_bat=SALT 36(22) | PADIKKAL 1(1)|ext_bowl=NGIDI 1-7 (1)|scorer_changes=['score→59', 'overs→6', 'bat:Philip Salt=36(22)', 'bat:Devdutt Padikkal=1(1)', 'bowl:Lungi Ngidi']|yolo=0|BEFORE_score=57-1(5.5)|BEFORE_bat1=Philip Salt 34(21)|BEFORE_bat2=Devdutt Padikkal 1(1)|BEFORE_bowl=Lungi Ngidi 1-5 (0.5)|BEFORE_this_over=['.', '2']|AFTER_score=59-1(6.0)|AFTER_bat1=Philip Salt 36(22)|AFTER_bat2=Devdutt Padikkal 1(1)|AFTER_bowl=Lungi Ngidi 1-5 (0.5)|AFTER_this_over=['.', '2', '2']|AFTER_this_over_src=.(obs),2(obs),2(obs)|AFTER_striker=Devdutt Padikkal|AFTER_non_striker=Philip Salt|AFTER_run_rate=9.83|AFTER_target=—|AFTER_innings=1|AFTER_partnership=4(3)|AFTER_fow_count=1|AFTER_field=pace_powerplay frozen=False fielders=['gully', 'fine_leg', 'leg_slip', 'forward_short_leg', 'deep_backward_sq', 'short_fine_leg', 'slip_1', 'point', 'cover']|ball_event=2_RUNS|ball_event_runs=2|ball_event_over=6.0|ball_event_extra=—|ball_event_free_hit=—|broadcast_extra=—|dismissal_mode=—|striker_this_ball=Philip Salt|delivery_length=short|delivery_line=outside_off|delivery_angle=over|delivery_shot=along_ground|delivery_direction=off|delivery_elevation=along_ground|delivery_bounce=normal|delivery_dets=0|delivery_method=vlm|delivery_snap_dets=—|delivery_3layer_dets=—|delivery_det_rate=0.00|delivery_dir_zone=point|delivery_dir_conf=medium|delivery_pitch_pos=back_of_a_length|delivery_shot_action=cut|delivery_swing=not_visible|delivery_speed_vlm=None|delivery_vlm_conf=medium|delivery_vlm_ms=1399|speed_kph=—|venue=—|batting_team=Royal Challengers Bengaluru|match_info=IPL 2026|completed_over=['.', '2']|completed_over_runs=2|drs_state=NONE|corrections=none|lat_vision=587|lat_extract=1028|lat_scorer=894|lat_field=41|lat_comm=558|lat_code=14072|lat_total=17180|comm_bowler=Lungi Ngidi|comm_wire=6.0: Lungi Ngidi to SALT — 2 runs, short (135.6 kph). 59/1|comm_storyteller=The batter takes a couple of quick runs, racing down the track to the bowler's end. A gentle push beats the field, and the fielder scrambles to cut off the runs. The batter makes a sharp turn for the |comm_analyst=—|comm_colour=—|comm_wire_ms=0|comm_story_ms=557|comm_analyst_ms=0|comm_colour_ms=0[0m
[37m[16:01:59 F45 VISION] INFO: [SCOUT] ADVERTISEMENT 692ms strip=False overlay=False drs=False digits=False 83 chars[0m
[37m[16:01:59 F45 TEST] INFO: [F45] AD 695ms (#4)[0m
[37m[16:01:59 F45 TEST] INFO: [SLEEP] Ad tagged but scoreboard strip still visible — staying at 1s[0m
[37m[16:01:59 F45 TEST] INFO:   [CONSISTENCY] Lungi Ngidi overs 0.5 → 1.0 (team @ 6.0, bowler must finish over)[0m
[37m[16:01:59 F45 TEST] INFO:   [CONSISTENCY] Lungi Ngidi overs 0.5 → 1.0 (team @ 6.0, bowler must finish over)[0m
[37m[16:02:01 F46 VISION] INFO: [SCOUT] ADVERTISEMENT 995ms strip=False overlay=False drs=False digits=False 83 chars[0m
[37m[16:02:01 F46 TEST] INFO: [F46] AD 998ms (#5)[0m
[37m[16:02:01 F46 TEST] INFO: [SLEEP] Ad tagged but scoreboard strip still visible — staying at 1s[0m
[37m[16:02:01 F46 TEST] INFO:   [CONSISTENCY] Lungi Ngidi overs 0.5 → 1.0 (team @ 6.0, bowler must finish over)[0m
[37m[16:02:01 F46 TEST] INFO:   [CONSISTENCY] Lungi Ngidi overs 0.5 → 1.0 (team @ 6.0, bowler must finish over)[0m
[37m[16:02:02 F47 TEST] INFO:   [CONSISTENCY] Lungi Ngidi overs 0.5 → 1.0 (team @ 6.0, bowler must finish over)[0m
[37m[16:02:02 F47 TEST] INFO:   [CONSISTENCY] Lungi Ngidi overs 0.5 → 1.0 (team @ 6.0, bowler must finish over)[0m
[37m[16:02:03 F49 TEST] INFO: [F49] Pixel skip #10[0m
[37m[16:02:03 F49 TEST] INFO: [F49] Force-processing after 10 pixel skips[0m
[37m[16:02:04 F49 VISION] INFO: [SCOUT] ADVERTISEMENT 1074ms strip=False overlay=False drs=False digits=False 83 chars[0m
[37m[16:02:04 F49 TEST] INFO: [F49] AD 1076ms (#6)[0m
[37m[16:02:04 F49 TEST] INFO: [SLEEP] Ad tagged but scoreboard strip still visible — staying at 1s[0m
[37m[16:02:04 F49 TEST] INFO:   [CONSISTENCY] Lungi Ngidi overs 0.5 → 1.0 (team @ 6.0, bowler must finish over)[0m
[37m[16:02:04 F49 TEST] INFO:   [CONSISTENCY] Lungi Ngidi overs 0.5 → 1.0 (team @ 6.0, bowler must finish over)[0m
[37m[16:02:05 F50 TEST] INFO:   [CONSISTENCY] Lungi Ngidi overs 0.5 → 1.0 (team @ 6.0, bowler must finish over)[0m
[37m[16:02:05 F50 TEST] INFO:   [CONSISTENCY] Lungi Ngidi overs 0.5 → 1.0 (team @ 6.0, bowler must finish over)[0m
[37m[16:02:07 F51 VISION] INFO: [SCOUT] SCOREBOARD 1513ms strip=True overlay=False drs=False digits=False 163 chars[0m
[37m[16:02:07 F51 VISION] INFO: [SCOUT] Preview: {"has_strip": true, "has_overlay_stats": false, "drs_review": false}
STRIP: RCB 0-0 (0.0) | Salt 0(0) | Padikkal 0(0) | Ngidi 

ACTION: The game is about to start.[0m
[37m[16:02:07 F51 TEST] INFO: 
=======================================================[0m
[37m[16:02:07 F51 TEST] INFO: [F51] SCOREBOARD — #35[0m
[37m[16:02:07 F51 TEST] INFO:   [V 1516ms] STRIP: RCB 0-0 (0.0) | Salt 0(0) | Padikkal 0(0) | Ngidi[0m
[37m[16:02:08 F51 EXTRACT] INFO: Extracted in 0.7s (llama-4-scout-17b-16e-instruct)[0m
[37m[16:02:08 F51 TEST] INFO:   [GUARD] Extractor returned 0-0(0.0) mid-innings (current score=59) — stripping all data[0m
[37m[16:02:08 F51 TEST] INFO:   [E 741ms] visible_team=Royal Challengers Bengaluru score=None-None (None) target=None rr=None[0m
[37m[16:02:09 F51 SCORER] INFO: Scored in 0.9s (llama-4-scout-17b-16e-instruct)[0m
[37m[16:02:09 F51 TEST] INFO:   [S] Hint: Current batters: SALT and PADIKKAL. Bowler: NGIDI. Read their stats from the scoreboard. ALREADY DISMISSED (do NOT dismiss again): Virat Kohli[0m
[37m[16:02:09 F51 TEST] INFO:   [S 890ms] Changes: ['FRAME_POISONED:None'][0m
[37m[16:02:09 F51 TEST] INFO:   Total: 3147ms (V:1516 E:741 S:890)[0m
[37m[16:02:09 F51 TEST] INFO:   [THIS OVER] ['.', '2', '2'] = 4 runs[0m
[37m[16:02:09 F51 OVER] INFO: Completed over flushed (hold-window 12s elapsed): ['.', '2', '2'] → [][0m
[37m[16:02:09 F51 TEST] INFO:   STATE: Royal Challengers Bengaluru 59-1 (6.0) inn=1 RR=9.83 | Bat: Philip Salt(36) Devdutt Padikkal*(1) | Bowl: Lungi Ngidi 1-5[0m
[37m[16:02:09 F51 TEST] INFO:   [CONSISTENCY] Lungi Ngidi overs 0.5 → 1.0 (team @ 6.0, bowler must finish over)[0m
[37m[16:02:09 F51 TEST] INFO:   [CONSISTENCY] Lungi Ngidi overs 0.5 → 1.0 (team @ 6.0, bowler must finish over)[0m
[37m[16:02:09 F51 TEST] INFO:   [ACTION] The game is about to start.[0m
[37m[16:02:09 F51 TEST] INFO: DETAIL|F51|SCOREBOARD|tag=SCOREBOARD|scout=STRIP: RCB 0-0 (0.0) | Salt 0(0) | Padikkal 0(0) | Ngidi|action=The game is about to start.|ext_score=None-None(None)|ext_bat=|ext_bowl=|scorer_changes=['FRAME_POISONED:None']|yolo=0|BEFORE_score=59-1(6.0)|BEFORE_bat1=Philip Salt 36(22)|BEFORE_bat2=Devdutt Padikkal 1(1)|BEFORE_bowl=Lungi Ngidi 1-5 (0.5)|BEFORE_this_over=['.', '2', '2']|AFTER_score=59-1(6.0)|AFTER_bat1=Philip Salt 36(22)|AFTER_bat2=Devdutt Padikkal 1(1)|AFTER_bowl=Lungi Ngidi 1-5 (0.5)|AFTER_this_over=[]|AFTER_this_over_src=|AFTER_striker=Devdutt Padikkal|AFTER_non_striker=Philip Salt|AFTER_run_rate=9.83|AFTER_target=—|AFTER_innings=1|AFTER_partnership=4(3)|AFTER_fow_count=1|AFTER_field=pace_powerplay frozen=False fielders=['gully', 'fine_leg', 'leg_slip', 'forward_short_leg', 'deep_backward_sq', 'short_fine_leg', 'slip_1', 'point', 'cover']|ball_event=—|ball_event_runs=—|ball_event_over=—|ball_event_extra=—|ball_event_free_hit=—|broadcast_extra=—|dismissal_mode=—|striker_this_ball=Devdutt Padikkal|delivery_length=—|delivery_line=—|delivery_angle=—|delivery_shot=—|delivery_direction=—|delivery_elevation=—|delivery_bounce=—|delivery_dets=0|delivery_method=—|delivery_snap_dets=—|delivery_3layer_dets=—|delivery_det_rate=—|delivery_dir_zone=—|delivery_dir_conf=0|delivery_pitch_pos=—|delivery_shot_action=—|delivery_swing=—|delivery_speed_vlm=—|delivery_vlm_conf=—|delivery_vlm_ms=—|speed_kph=—|venue=—|batting_team=Royal Challengers Bengaluru|match_info=IPL 2026|completed_over=—|completed_over_runs=—|drs_state=NONE|corrections=none|lat_vision=1516|lat_extract=741|lat_scorer=890|lat_field=39|lat_comm=0|lat_code=0|lat_total=3148|comm_bowler=Lungi Ngidi|comm_wire=—|comm_storyteller=—|comm_analyst=—|comm_colour=—|comm_wire_ms=0|comm_story_ms=0|comm_analyst_ms=0|comm_colour_ms=0[0m
[37m[16:02:10 F52 TEST] INFO:   [CONSISTENCY] Lungi Ngidi overs 0.5 → 1.0 (team @ 6.0, bowler must finish over)[0m
[37m[16:02:10 F52 TEST] INFO:   [CONSISTENCY] Lungi Ngidi overs 0.5 → 1.0 (team @ 6.0, bowler must finish over)[0m
[37m[16:02:11 F53 VISION] INFO: [SCOUT] SCOREBOARD 722ms strip=True overlay=False drs=False digits=False 190 chars[0m
[37m[16:02:11 F53 VISION] INFO: [SCOUT] Preview: {"has_strip": true, "has_overlay_stats": false, "drs_review": false}

STRIP: RCB 0-0 (0.0) | SALT 0(0) | PADIKKAL 0(0) | NGIDI 0-0 (0.0)

ACTION: The players are preparing to start the game.[0m
[37m[16:02:11 F53 TEST] INFO: 
=======================================================[0m
[37m[16:02:11 F53 TEST] INFO: [F53] SCOREBOARD — #36[0m
[37m[16:02:11 F53 TEST] INFO:   [V 725ms] STRIP: RCB 0-0 (0.0) | SALT 0(0) | PADIKKAL 0(0) | NGIDI 0-0 (0.0)[0m
[37m[16:02:12 F53 EXTRACT] INFO: Extracted in 0.6s (llama-4-scout-17b-16e-instruct)[0m
[37m[16:02:12 F53 TEST] INFO:   [GUARD] Extractor returned 0-0(0.0) mid-innings (current score=59) — stripping all data[0m
[37m[16:02:12 F53 TEST] INFO:   [E 607ms] visible_team=None score=None-None (None) target=None rr=None[0m
[37m[16:02:13 F53 SCORER] INFO: Scored in 0.9s (llama-4-scout-17b-16e-instruct)[0m
[37m[16:02:13 F53 TEST] INFO:   [S] Hint: Current batters: PADIKKAL and SALT. Bowler: NGIDI. Read their stats from the scoreboard. ALREADY DISMISSED (do NOT dismiss again): Virat Kohli[0m
[37m[16:02:13 F53 TEST] INFO:   [S 877ms] Changes: ['FRAME_POISONED:None'][0m
[37m[16:02:13 F53 TEST] INFO:   Total: 2209ms (V:725 E:607 S:877)[0m
[37m[16:02:13 F53 TEST] INFO:   STATE: Royal Challengers Bengaluru 59-1 (6.0) inn=1 RR=9.83 | Bat: Philip Salt(36) Devdutt Padikkal*(1) | Bowl: Lungi Ngidi 1-5[0m
[37m[16:02:13 F53 TEST] INFO:   [CONSISTENCY] Lungi Ngidi overs 0.5 → 1.0 (team @ 6.0, bowler must finish over)[0m
[37m[16:02:13 F53 TEST] INFO:   [CONSISTENCY] Lungi Ngidi overs 0.5 → 1.0 (team @ 6.0, bowler must finish over)[0m
[37m[16:02:13 F53 TEST] INFO:   [ACTION] The players are preparing to start the game.[0m
[37m[16:02:13 F53 TEST] INFO: DETAIL|F53|SCOREBOARD|tag=SCOREBOARD|scout=STRIP: RCB 0-0 (0.0) | SALT 0(0) | PADIKKAL 0(0) | NGIDI 0-0 (0.0)|action=The players are preparing to start the game.|ext_score=None-None(None)|ext_bat=|ext_bowl=|scorer_changes=['FRAME_POISONED:None']|yolo=0|BEFORE_score=59-1(6.0)|BEFORE_bat1=Philip Salt 36(22)|BEFORE_bat2=Devdutt Padikkal 1(1)|BEFORE_bowl=Lungi Ngidi 1-5 (0.5)|BEFORE_this_over=[]|AFTER_score=59-1(6.0)|AFTER_bat1=Philip Salt 36(22)|AFTER_bat2=Devdutt Padikkal 1(1)|AFTER_bowl=Lungi Ngidi 1-5 (0.5)|AFTER_this_over=[]|AFTER_this_over_src=|AFTER_striker=Devdutt Padikkal|AFTER_non_striker=Philip Salt|AFTER_run_rate=9.83|AFTER_target=—|AFTER_innings=1|AFTER_partnership=4(3)|AFTER_fow_count=1|AFTER_field=pace_powerplay frozen=False fielders=['gully', 'fine_leg', 'leg_slip', 'forward_short_leg', 'deep_backward_sq', 'short_fine_leg', 'slip_1', 'point', 'cover']|ball_event=—|ball_event_runs=—|ball_event_over=—|ball_event_extra=—|ball_event_free_hit=—|broadcast_extra=—|dismissal_mode=—|striker_this_ball=Devdutt Padikkal|delivery_length=—|delivery_line=—|delivery_angle=—|delivery_shot=—|delivery_direction=—|delivery_elevation=—|delivery_bounce=—|delivery_dets=0|delivery_method=—|delivery_snap_dets=—|delivery_3layer_dets=—|delivery_det_rate=—|delivery_dir_zone=—|delivery_dir_conf=0|delivery_pitch_pos=—|delivery_shot_action=—|delivery_swing=—|delivery_speed_vlm=—|delivery_vlm_conf=—|delivery_vlm_ms=—|speed_kph=—|venue=—|batting_team=Royal Challengers Bengaluru|match_info=IPL 2026|completed_over=—|completed_over_runs=—|drs_state=NONE|corrections=none|lat_vision=725|lat_extract=607|lat_scorer=877|lat_field=41|lat_comm=0|lat_code=0|lat_total=2210|comm_bowler=Lungi Ngidi|comm_wire=—|comm_storyteller=—|comm_analyst=—|comm_colour=—|comm_wire_ms=0|comm_story_ms=0|comm_analyst_ms=0|comm_colour_ms=0[0m
[37m[16:02:14 F54 VISION] INFO: [SCOUT] ADVERTISEMENT 539ms strip=False overlay=False drs=False digits=False 83 chars[0m
[37m[16:02:14 F54 TEST] INFO: [F54] AD 542ms (#7)[0m
[37m[16:02:14 F54 TEST] INFO:   [CONSISTENCY] Lungi Ngidi overs 0.5 → 1.0 (team @ 6.0, bowler must finish over)[0m
[37m[16:02:14 F54 TEST] INFO:   [CONSISTENCY] Lungi Ngidi overs 0.5 → 1.0 (team @ 6.0, bowler must finish over)[0m
[37m[16:02:15 F55 TEST] INFO:   [CONSISTENCY] Lungi Ngidi overs 0.5 → 1.0 (team @ 6.0, bowler must finish over)[0m
[37m[16:02:15 F55 TEST] INFO:   [CONSISTENCY] Lungi Ngidi overs 0.5 → 1.0 (team @ 6.0, bowler must finish over)[0m
[37m[16:02:17 F57 TEST] INFO:   [CONSISTENCY] Lungi Ngidi overs 0.5 → 1.0 (team @ 6.0, bowler must finish over)[0m
[37m[16:02:17 F57 TEST] INFO:   [CONSISTENCY] Lungi Ngidi overs 0.5 → 1.0 (team @ 6.0, bowler must finish over)[0m
[37m[16:02:18 F58 VISION] INFO: [SCOUT] ADVERTISEMENT 693ms strip=False overlay=False drs=False digits=False 83 chars[0m
[37m[16:02:18 F58 TEST] INFO: [F58] AD 696ms (#8)[0m
[37m[16:02:18 F58 TEST] INFO:   [CONSISTENCY] Lungi Ngidi overs 0.5 → 1.0 (team @ 6.0, bowler must finish over)[0m
[37m[16:02:18 F58 TEST] INFO:   [CONSISTENCY] Lungi Ngidi overs 0.5 → 1.0 (team @ 6.0, bowler must finish over)[0m
[37m[16:02:19 F59 TEST] INFO:   [CONSISTENCY] Lungi Ngidi overs 0.5 → 1.0 (team @ 6.0, bowler must finish over)[0m
[37m[16:02:19 F59 TEST] INFO:   [CONSISTENCY] Lungi Ngidi overs 0.5 → 1.0 (team @ 6.0, bowler must finish over)[0m
[37m[16:02:20 F61 TEST] INFO:   [CONSISTENCY] Lungi Ngidi overs 0.5 → 1.0 (team @ 6.0, bowler must finish over)[0m
[37m[16:02:20 F61 TEST] INFO:   [CONSISTENCY] Lungi Ngidi overs 0.5 → 1.0 (team @ 6.0, bowler must finish over)[0m
[37m[16:02:21 F63 TEST] INFO: [F63] Pixel skip #10[0m
[37m[16:02:21 F63 TEST] INFO: [F63] Force-processing after 10 pixel skips[0m
[37m[16:02:22 F63 VISION] INFO: [SCOUT] SCOREBOARD 637ms strip=True overlay=False drs=False digits=False 173 chars[0m
[37m[16:02:22 F63 VISION] INFO: [SCOUT] Preview: {"has_strip": true, "has_overlay_stats": false, "drs_review": false}

STRIP: RCB 0-0 (0.0) | Padikkal 0(0) | Salt 0(0) | Ngidi 0-0 (0.0)

ACTION: The game is about to start.[0m
[37m[16:02:22 F63 TEST] INFO: 
=======================================================[0m
[37m[16:02:22 F63 TEST] INFO: [F63] SCOREBOARD — #37[0m
[37m[16:02:22 F63 TEST] INFO:   [V 639ms] STRIP: RCB 0-0 (0.0) | Padikkal 0(0) | Salt 0(0) | Ngidi 0-0 (0.0)[0m
[37m[16:02:23 F63 EXTRACT] INFO: Extracted in 1.1s (llama-4-scout-17b-16e-instruct)[0m
[37m[16:02:23 F63 TEST] INFO:   [GUARD] Extractor returned 0-0(0.0) mid-innings (current score=59) — stripping all data[0m
[37m[16:02:23 F63 TEST] INFO:   [E 1120ms] visible_team=None score=None-None (None) target=None rr=None[0m
[37m[16:02:24 F63 SCORER] INFO: Scored in 1.0s (llama-4-scout-17b-16e-instruct)[0m
[37m[16:02:24 F63 TEST] INFO:   [S] Hint: Current batters: Padikkal and Salt. Bowler: Ngidi. Read their stats from the scoreboard. ALREADY DISMISSED (do NOT dismiss again): Virat Kohli[0m
[37m[16:02:24 F63 TEST] INFO:   [S 996ms] Changes: ['FRAME_POISONED:None'][0m
[37m[16:02:24 F63 TEST] INFO:   Total: 2756ms (V:639 E:1120 S:996)[0m
[37m[16:02:24 F63 TEST] INFO:   STATE: Royal Challengers Bengaluru 59-1 (6.0) inn=1 RR=9.83 | Bat: Philip Salt(36) Devdutt Padikkal*(1) | Bowl: Lungi Ngidi 1-5[0m
[37m[16:02:24 F63 TEST] INFO:   [CONSISTENCY] Lungi Ngidi overs 0.5 → 1.0 (team @ 6.0, bowler must finish over)[0m
[37m[16:02:24 F63 TEST] INFO:   [CONSISTENCY] Lungi Ngidi overs 0.5 → 1.0 (team @ 6.0, bowler must finish over)[0m
[37m[16:02:24 F63 TEST] INFO:   [ACTION] The game is about to start.[0m
[37m[16:02:24 F63 TEST] INFO: DETAIL|F63|SCOREBOARD|tag=SCOREBOARD|scout=STRIP: RCB 0-0 (0.0) | Padikkal 0(0) | Salt 0(0) | Ngidi 0-0 (0.0)|action=The game is about to start.|ext_score=None-None(None)|ext_bat=|ext_bowl=|scorer_changes=['FRAME_POISONED:None']|yolo=0|BEFORE_score=59-1(6.0)|BEFORE_bat1=Philip Salt 36(22)|BEFORE_bat2=Devdutt Padikkal 1(1)|BEFORE_bowl=Lungi Ngidi 1-5 (0.5)|BEFORE_this_over=[]|AFTER_score=59-1(6.0)|AFTER_bat1=Philip Salt 36(22)|AFTER_bat2=Devdutt Padikkal 1(1)|AFTER_bowl=Lungi Ngidi 1-5 (0.5)|AFTER_this_over=[]|AFTER_this_over_src=|AFTER_striker=Devdutt Padikkal|AFTER_non_striker=Philip Salt|AFTER_run_rate=9.83|AFTER_target=—|AFTER_innings=1|AFTER_partnership=4(3)|AFTER_fow_count=1|AFTER_field=pace_powerplay frozen=False fielders=['gully', 'fine_leg', 'leg_slip', 'forward_short_leg', 'deep_backward_sq', 'short_fine_leg', 'slip_1', 'point', 'cover']|ball_event=—|ball_event_runs=—|ball_event_over=—|ball_event_extra=—|ball_event_free_hit=—|broadcast_extra=—|dismissal_mode=—|striker_this_ball=Devdutt Padikkal|delivery_length=—|delivery_line=—|delivery_angle=—|delivery_shot=—|delivery_direction=—|delivery_elevation=—|delivery_bounce=—|delivery_dets=0|delivery_method=—|delivery_snap_dets=—|delivery_3layer_dets=—|delivery_det_rate=—|delivery_dir_zone=—|delivery_dir_conf=0|delivery_pitch_pos=—|delivery_shot_action=—|delivery_swing=—|delivery_speed_vlm=—|delivery_vlm_conf=—|delivery_vlm_ms=—|speed_kph=—|venue=—|batting_team=Royal Challengers Bengaluru|match_info=IPL 2026|completed_over=—|completed_over_runs=—|drs_state=NONE|corrections=none|lat_vision=639|lat_extract=1120|lat_scorer=996|lat_field=40|lat_comm=0|lat_code=0|lat_total=2757|comm_bowler=Lungi Ngidi|comm_wire=—|comm_storyteller=—|comm_analyst=—|comm_colour=—|comm_wire_ms=0|comm_story_ms=0|comm_analyst_ms=0|comm_colour_ms=0[0m
[37m[16:02:25 F64 TEST] INFO:   [CONSISTENCY] Lungi Ngidi overs 0.5 → 1.0 (team @ 6.0, bowler must finish over)[0m
[37m[16:02:25 F64 TEST] INFO:   [CONSISTENCY] Lungi Ngidi overs 0.5 → 1.0 (team @ 6.0, bowler must finish over)[0m
[37m[16:02:26 F66 TEST] INFO:   [CONSISTENCY] Lungi Ngidi overs 0.5 → 1.0 (team @ 6.0, bowler must finish over)[0m
[37m[16:02:26 F66 TEST] INFO:   [CONSISTENCY] Lungi Ngidi overs 0.5 → 1.0 (team @ 6.0, bowler must finish over)[0m
[37m[16:02:28 F67 VISION] INFO: [SCOUT] ADVERTISEMENT 773ms strip=False overlay=False drs=False digits=False 83 chars[0m
[37m[16:02:28 F67 TEST] INFO: [F67] AD 776ms (#9)[0m
[37m[16:02:28 F67 TEST] INFO:   [CONSISTENCY] Lungi Ngidi overs 0.5 → 1.0 (team @ 6.0, bowler must finish over)[0m
[37m[16:02:28 F67 TEST] INFO:   [CONSISTENCY] Lungi Ngidi overs 0.5 → 1.0 (team @ 6.0, bowler must finish over)[0m
[37m[16:02:29 F68 TEST] INFO:   [CONSISTENCY] Lungi Ngidi overs 0.5 → 1.0 (team @ 6.0, bowler must finish over)[0m
[37m[16:02:29 F68 TEST] INFO:   [CONSISTENCY] Lungi Ngidi overs 0.5 → 1.0 (team @ 6.0, bowler must finish over)[0m
[37m[16:02:30 F69 VISION] INFO: [SCOUT] SCOREBOARD 714ms strip=True overlay=False drs=False digits=False 149 chars[0m
[37m[16:02:30 F69 VISION] INFO: [SCOUT] Preview: {"has_strip": true, "has_overlay_stats": false, "drs_review": false}
STRIP: RCB 0-0 (0.0) | Padikkal 0(0) | Salt 0(0) | Ngidi 0-0 (0.0)
ADVERTISEMENT[0m
[37m[16:02:30 F69 TEST] INFO: 
=======================================================[0m
[37m[16:02:30 F69 TEST] INFO: [F69] SCOREBOARD — #38[0m
[37m[16:02:30 F69 TEST] INFO:   [V 717ms] STRIP: RCB 0-0 (0.0) | Padikkal 0(0) | Salt 0(0) | Ngidi 0-0 (0.0)
ADVERTISEMENT[0m
[37m[16:02:31 F69 EXTRACT] INFO: Extracted in 1.2s (llama-4-scout-17b-16e-instruct)[0m
[37m[16:02:31 F69 TEST] INFO:   [GUARD] Extractor returned 0-0(0.0) mid-innings (current score=59) — stripping all data[0m
[37m[16:02:31 F69 TEST] INFO:   [E 1207ms] visible_team=None score=None-None (None) target=None rr=None[0m
[37m[16:02:32 F69 SCORER] INFO: Scored in 1.0s (llama-4-scout-17b-16e-instruct)[0m
[37m[16:02:32 F69 TEST] INFO:   [S] Hint: Current batters: PADIKKAL and SALT. Bowler: NGIDI. Read their stats from the scoreboard. ALREADY DISMISSED (do NOT dismiss again): Virat Kohli[0m
[37m[16:02:32 F69 TEST] INFO:   [S 975ms] Changes: ['FRAME_POISONED:None'][0m
[37m[16:02:32 F69 TEST] INFO:   Total: 2899ms (V:717 E:1207 S:975)[0m
[37m[16:02:32 F69 TEST] INFO:   STATE: Royal Challengers Bengaluru 59-1 (6.0) inn=1 RR=9.83 | Bat: Philip Salt(36) Devdutt Padikkal*(1) | Bowl: Lungi Ngidi 1-5[0m
[37m[16:02:32 F69 TEST] INFO:   [CONSISTENCY] Lungi Ngidi overs 0.5 → 1.0 (team @ 6.0, bowler must finish over)[0m
[37m[16:02:32 F69 TEST] INFO:   [CONSISTENCY] Lungi Ngidi overs 0.5 → 1.0 (team @ 6.0, bowler must finish over)[0m
[37m[16:02:32 F69 TEST] INFO: DETAIL|F69|SCOREBOARD|tag=SCOREBOARD|scout=STRIP: RCB 0-0 (0.0) | Padikkal 0(0) | Salt 0(0) | Ngidi 0-0 (0.0) ADVERTISEMENT|action=—|ext_score=None-None(None)|ext_bat=|ext_bowl=|scorer_changes=['FRAME_POISONED:None']|yolo=0|BEFORE_score=59-1(6.0)|BEFORE_bat1=Philip Salt 36(22)|BEFORE_bat2=Devdutt Padikkal 1(1)|BEFORE_bowl=Lungi Ngidi 1-5 (0.5)|BEFORE_this_over=[]|AFTER_score=59-1(6.0)|AFTER_bat1=Philip Salt 36(22)|AFTER_bat2=Devdutt Padikkal 1(1)|AFTER_bowl=Lungi Ngidi 1-5 (0.5)|AFTER_this_over=[]|AFTER_this_over_src=|AFTER_striker=Devdutt Padikkal|AFTER_non_striker=Philip Salt|AFTER_run_rate=9.83|AFTER_target=—|AFTER_innings=1|AFTER_partnership=4(3)|AFTER_fow_count=1|AFTER_field=pace_powerplay frozen=False fielders=['gully', 'fine_leg', 'leg_slip', 'forward_short_leg', 'deep_backward_sq', 'short_fine_leg', 'slip_1', 'point', 'cover']|ball_event=—|ball_event_runs=—|ball_event_over=—|ball_event_extra=—|ball_event_free_hit=—|broadcast_extra=—|dismissal_mode=—|striker_this_ball=Devdutt Padikkal|delivery_length=—|delivery_line=—|delivery_angle=—|delivery_shot=—|delivery_direction=—|delivery_elevation=—|delivery_bounce=—|delivery_dets=0|delivery_method=—|delivery_snap_dets=—|delivery_3layer_dets=—|delivery_det_rate=—|delivery_dir_zone=—|delivery_dir_conf=0|delivery_pitch_pos=—|delivery_shot_action=—|delivery_swing=—|delivery_speed_vlm=—|delivery_vlm_conf=—|delivery_vlm_ms=—|speed_kph=—|venue=—|batting_team=Royal Challengers Bengaluru|match_info=IPL 2026|completed_over=—|completed_over_runs=—|drs_state=NONE|corrections=none|lat_vision=717|lat_extract=1207|lat_scorer=975|lat_field=40|lat_comm=0|lat_code=0|lat_total=2900|comm_bowler=Lungi Ngidi|comm_wire=—|comm_storyteller=—|comm_analyst=—|comm_colour=—|comm_wire_ms=0|comm_story_ms=0|comm_analyst_ms=0|comm_colour_ms=0[0m
[37m[16:02:34 F70 VISION] INFO: [SCOUT] SCOREBOARD 655ms strip=True overlay=False drs=False digits=False 187 chars[0m
[37m[16:02:34 F70 VISION] INFO: [SCOUT] Preview: {"has_strip": true, "has_overlay_stats": false, "drs_review": false}

STRIP: RCB 0-0 (0.0) | *Padikkal 0(0) | Salt 0(0) | Ngidi 0-0 (0.0)

ACTION: The bowler is about to deliver the ball.[0m
[37m[16:02:34 F70 TEST] INFO: 
=======================================================[0m
[37m[16:02:34 F70 TEST] INFO: [F70] SCOREBOARD — #39[0m
[37m[16:02:34 F70 TEST] INFO:   [V 658ms] STRIP: RCB 0-0 (0.0) | *Padikkal 0(0) | Salt 0(0) | Ngidi 0-0 (0.0)[0m
[37m[16:02:35 F70 EXTRACT] INFO: Extracted in 1.1s (llama-4-scout-17b-16e-instruct)[0m
[37m[16:02:35 F70 TEST] INFO:   [GUARD] Extractor returned 0-0(0.0) mid-innings (current score=59) — stripping all data[0m
[37m[16:02:35 F70 TEST] INFO:   [E 1145ms] visible_team=None score=None-None (None) target=None rr=None[0m
[37m[16:02:36 F70 SCORER] INFO: Scored in 0.9s (llama-4-scout-17b-16e-instruct)[0m
[37m[16:02:36 F70 TEST] INFO:   [S] Hint: Current batters: Padikkal and Salt. Bowler: Lungi Ngidi. Read their stats from the scoreboard. ALREADY DISMISSED (do NOT dismiss again): Virat Kohli[0m
[37m[16:02:36 F70 TEST] INFO:   [S 889ms] Changes: ['FRAME_POISONED:None'][0m
[37m[16:02:36 F70 TEST] INFO:   Total: 2692ms (V:658 E:1145 S:889)[0m
[37m[16:02:36 F70 TEST] INFO:   STATE: Royal Challengers Bengaluru 59-1 (6.0) inn=1 RR=9.83 | Bat: Philip Salt(36) Devdutt Padikkal*(1) | Bowl: Lungi Ngidi 1-5[0m
[37m[16:02:36 F70 TEST] INFO:   [CONSISTENCY] Lungi Ngidi overs 0.5 → 1.0 (team @ 6.0, bowler must finish over)[0m
[37m[16:02:36 F70 TEST] INFO:   [CONSISTENCY] Lungi Ngidi overs 0.5 → 1.0 (team @ 6.0, bowler must finish over)[0m
[37m[16:02:36 F70 TEST] INFO:   [ACTION] The bowler is about to deliver the ball.[0m
[37m[16:02:36 F70 FIELD] INFO: [F70] KEEPER moved to OC-deep_cover_point[0m
[37m[16:02:36 F70 FIELD] INFO: [F70] OC-deep_midwicket_sq moved to OC-deep_cover_point[0m
[37m[16:02:36 F70 FIELD] INFO: [F70] OC-deep_point moved to OC-deep_backward_point[0m
[37m[16:02:36 F70 FIELD] INFO: [F70] IC-backward_point pushed back — defensive[0m
[37m[16:02:36 F70 TEST] INFO: DETAIL|F70|SCOREBOARD|tag=SCOREBOARD|scout=STRIP: RCB 0-0 (0.0) | *Padikkal 0(0) | Salt 0(0) | Ngidi 0-0 (0.0)|action=The bowler is about to deliver the ball.|ext_score=None-None(None)|ext_bat=|ext_bowl=|scorer_changes=['FRAME_POISONED:None']|yolo=6|BEFORE_score=59-1(6.0)|BEFORE_bat1=Philip Salt 36(22)|BEFORE_bat2=Devdutt Padikkal 1(1)|BEFORE_bowl=Lungi Ngidi 1-5 (0.5)|BEFORE_this_over=[]|AFTER_score=59-1(6.0)|AFTER_bat1=Philip Salt 36(22)|AFTER_bat2=Devdutt Padikkal 1(1)|AFTER_bowl=Lungi Ngidi 1-5 (0.5)|AFTER_this_over=[]|AFTER_this_over_src=|AFTER_striker=Devdutt Padikkal|AFTER_non_striker=Philip Salt|AFTER_run_rate=9.83|AFTER_target=—|AFTER_innings=1|AFTER_partnership=4(3)|AFTER_fow_count=1|AFTER_field=pace_powerplay frozen=True fielders=['fine_leg', 'forward_short_leg', 'deep_backward_sq', 'gully', 'silly_mid_on', 'leg_slip', 'short_fine_leg', 'square_leg', 'slip_1']|ball_event=—|ball_event_runs=—|ball_event_over=—|ball_event_extra=—|ball_event_free_hit=—|broadcast_extra=—|dismissal_mode=—|striker_this_ball=Devdutt Padikkal|delivery_length=—|delivery_line=—|delivery_angle=—|delivery_shot=—|delivery_direction=—|delivery_elevation=—|delivery_bounce=—|delivery_dets=0|delivery_method=—|delivery_snap_dets=—|delivery_3layer_dets=—|delivery_det_rate=—|delivery_dir_zone=—|delivery_dir_conf=0|delivery_pitch_pos=—|delivery_shot_action=—|delivery_swing=—|delivery_speed_vlm=—|delivery_vlm_conf=—|delivery_vlm_ms=—|speed_kph=—|venue=—|batting_team=Royal Challengers Bengaluru|match_info=IPL 2026|completed_over=—|completed_over_runs=—|drs_state=NONE|corrections=none|lat_vision=658|lat_extract=1145|lat_scorer=889|lat_field=42|lat_comm=0|lat_code=0|lat_total=2694|comm_bowler=Lungi Ngidi|comm_wire=—|comm_storyteller=—|comm_analyst=—|comm_colour=—|comm_wire_ms=0|comm_story_ms=0|comm_analyst_ms=0|comm_colour_ms=0[0m
[37m[16:02:38 F71 VISION] INFO: [SCOUT] ADVERTISEMENT 641ms strip=False overlay=False drs=False digits=False 83 chars[0m
[37m[16:02:38 F71 TEST] INFO: [F71] AD 644ms (#10)[0m
[37m[16:02:38 F71 TEST] INFO:   [CONSISTENCY] Lungi Ngidi overs 0.5 → 1.0 (team @ 6.0, bowler must finish over)[0m
[37m[16:02:38 F71 TEST] INFO:   [CONSISTENCY] Lungi Ngidi overs 0.5 → 1.0 (team @ 6.0, bowler must finish over)[0m
[37m[16:02:40 F72 VISION] INFO: [SCOUT] ADVERTISEMENT 743ms strip=False overlay=False drs=False digits=False 83 chars[0m
[37m[16:02:40 F72 TEST] INFO: [F72] AD 746ms (#11)[0m
[37m[16:02:40 F72 TEST] INFO:   [CONSISTENCY] Lungi Ngidi overs 0.5 → 1.0 (team @ 6.0, bowler must finish over)[0m
[37m[16:02:40 F72 TEST] INFO:   [CONSISTENCY] Lungi Ngidi overs 0.5 → 1.0 (team @ 6.0, bowler must finish over)[0m
[37m[16:02:42 F73 VISION] INFO: [SCOUT] ADVERTISEMENT 1154ms strip=False overlay=False drs=False digits=False 83 chars[0m
[37m[16:02:42 F73 TEST] INFO: [F73] AD 1157ms (#12)[0m
[37m[16:02:42 F73 TEST] INFO:   [CONSISTENCY] Lungi Ngidi overs 0.5 → 1.0 (team @ 6.0, bowler must finish over)[0m
[37m[16:02:42 F73 TEST] INFO:   [CONSISTENCY] Lungi Ngidi overs 0.5 → 1.0 (team @ 6.0, bowler must finish over)[0m
[37m[16:02:44 F74 VISION] INFO: [SCOUT] SCOREBOARD 933ms strip=True overlay=False drs=False digits=False 159 chars[0m
[37m[16:02:44 F74 VISION] INFO: [SCOUT] Preview: {"has_strip": true, "has_overlay_stats": false, "drs_review": false}

STRIP: RCB 0-0 (0.0) | Padikkal* 0(0) | Salt* 0(0) | Lungi Ngidi 0-0 (0.0)

ADVERTISEMENT[0m
[37m[16:02:44 F74 TEST] INFO: 
=======================================================[0m
[37m[16:02:44 F74 TEST] INFO: [F74] SCOREBOARD — #40[0m
[37m[16:02:44 F74 TEST] INFO:   [V 936ms] STRIP: RCB 0-0 (0.0) | Padikkal* 0(0) | Salt* 0(0) | Lungi Ngidi 0-0 (0.0)

ADVERTISEMENT[0m
[37m[16:02:45 F74 EXTRACT] INFO: Extracted in 1.2s (llama-4-scout-17b-16e-instruct)[0m
[37m[16:02:45 F74 TEST] INFO:   [GUARD] Extractor returned 0-0(0.0) mid-innings (current score=59) — stripping all data[0m
[37m[16:02:45 F74 TEST] INFO:   [E 1199ms] visible_team=None score=None-None (None) target=None rr=None[0m
[37m[16:02:46 F74 SCORER] INFO: Scored in 1.2s (llama-4-scout-17b-16e-instruct)[0m
[37m[16:02:46 F74 TEST] INFO:   [S] Hint: Current batters: PADIKKAL and SALT. Bowler: LUNGI NGIDI. Read their stats from the scoreboard. ALREADY DISMISSED (do NOT dismiss again): Virat Kohli[0m
[37m[16:02:46 F74 TEST] INFO:   [S 1238ms] Changes: ['FRAME_POISONED:None'][0m
[37m[16:02:46 F74 TEST] INFO:   Total: 3373ms (V:936 E:1199 S:1238)[0m
[37m[16:02:46 F74 TEST] INFO:   STATE: Royal Challengers Bengaluru 59-1 (6.0) inn=1 RR=9.83 | Bat: Philip Salt(36) Devdutt Padikkal*(1) | Bowl: Lungi Ngidi 1-5[0m
[37m[16:02:46 F74 TEST] INFO:   [CONSISTENCY] Lungi Ngidi overs 0.5 → 1.0 (team @ 6.0, bowler must finish over)[0m
[37m[16:02:46 F74 TEST] INFO:   [CONSISTENCY] Lungi Ngidi overs 0.5 → 1.0 (team @ 6.0, bowler must finish over)[0m
[37m[16:02:46 F74 TEST] INFO: DETAIL|F74|SCOREBOARD|tag=SCOREBOARD|scout=STRIP: RCB 0-0 (0.0) | Padikkal* 0(0) | Salt* 0(0) | Lungi Ngidi 0-0 (0.0)  ADVERTISEMENT|action=—|ext_score=None-None(None)|ext_bat=|ext_bowl=|scorer_changes=['FRAME_POISONED:None']|yolo=0|BEFORE_score=59-1(6.0)|BEFORE_bat1=Philip Salt 36(22)|BEFORE_bat2=Devdutt Padikkal 1(1)|BEFORE_bowl=Lungi Ngidi 1-5 (0.5)|BEFORE_this_over=[]|AFTER_score=59-1(6.0)|AFTER_bat1=Philip Salt 36(22)|AFTER_bat2=Devdutt Padikkal 1(1)|AFTER_bowl=Lungi Ngidi 1-5 (0.5)|AFTER_this_over=[]|AFTER_this_over_src=|AFTER_striker=Devdutt Padikkal|AFTER_non_striker=Philip Salt|AFTER_run_rate=9.83|AFTER_target=—|AFTER_innings=1|AFTER_partnership=4(3)|AFTER_fow_count=1|AFTER_field=pace_powerplay frozen=True fielders=['fine_leg', 'forward_short_leg', 'deep_backward_sq', 'gully', 'silly_mid_on', 'leg_slip', 'short_fine_leg', 'square_leg', 'slip_1']|ball_event=—|ball_event_runs=—|ball_event_over=—|ball_event_extra=—|ball_event_free_hit=—|broadcast_extra=—|dismissal_mode=—|striker_this_ball=Devdutt Padikkal|delivery_length=—|delivery_line=—|delivery_angle=—|delivery_shot=—|delivery_direction=—|delivery_elevation=—|delivery_bounce=—|delivery_dets=0|delivery_method=—|delivery_snap_dets=—|delivery_3layer_dets=—|delivery_det_rate=—|delivery_dir_zone=—|delivery_dir_conf=0|delivery_pitch_pos=—|delivery_shot_action=—|delivery_swing=—|delivery_speed_vlm=—|delivery_vlm_conf=—|delivery_vlm_ms=—|speed_kph=—|venue=—|batting_team=Royal Challengers Bengaluru|match_info=IPL 2026|completed_over=—|completed_over_runs=—|drs_state=NONE|corrections=none|lat_vision=936|lat_extract=1199|lat_scorer=1238|lat_field=41|lat_comm=0|lat_code=0|lat_total=3374|comm_bowler=Lungi Ngidi|comm_wire=—|comm_storyteller=—|comm_analyst=—|comm_colour=—|comm_wire_ms=0|comm_story_ms=0|comm_analyst_ms=0|comm_colour_ms=0[0m
[37m[16:02:48 F75 VISION] INFO: [SCOUT] SCOREBOARD 894ms strip=True overlay=False drs=False digits=True 231 chars[0m
[37m[16:02:48 F75 TEST] INFO: 
=======================================================[0m
[37m[16:02:48 F75 TEST] INFO: [F75] SCOREBOARD — #41[0m
[37m[16:02:48 F75 TEST] INFO:   [V 897ms] STRIP: RCB 59-1 (6) | SALT 36(22) | PADIKKAL 1(1) | 

INFO_PANEL: 
SPEED: 
EXTRA: 
THIS OVER: 
FULL SCORECARD: 

The batter SALT is on the field, standing still.[0m
[37m[16:02:49 F75 EXTRACT] INFO: Extracted in 0.5s (llama-4-scout-17b-16e-instruct)[0m
[37m[16:02:49 F75 TEST] INFO:   [E 549ms] visible_team=Royal Challengers Bengaluru score=59-1 (6) target=None rr=None[0m
[37m[16:02:49 F75 TEST] INFO:     BAT: SALT 36(22) [0m
[37m[16:02:49 F75 TEST] INFO:     BAT: PADIKKAL 1(1) [0m
[37m[16:02:49 F75 TEST] INFO:   [DIRECT] Batter updates: ['SALT: ext=36(22) → tracker=36(22) [was 36(22)]', 'PADIKKAL: ext=1(1) → tracker=1(1) [was 1(1)]'][0m
[37m[16:02:49 F75 TEST] INFO:   [DIRECT] score→59[0m
[37m[16:02:49 F75 TEST] INFO:   [DIRECT] overs→6[0m
[37m[16:02:49 F75 TEST] INFO:   [DIRECT] wickets→1[0m
[37m[16:02:50 F75 SCORER] INFO: Scored in 1.1s (llama-4-scout-17b-16e-instruct)[0m
[37m[16:02:50 F75 TEST] INFO:   [S] Hint: Current batters: SALT and PADIKKAL. Bowler: Lungi Ngidi. Read their stats from the scoreboard. ALREADY DISMISSED (do NOT dismiss again): Virat Kohli[0m
[37m[16:02:50 F75 TEST] INFO:   [FLOW] Extractor batters not in scorer: {'PADIKKAL', 'SALT'}[0m
[37m[16:02:50 F75 TRACK] INFO: bowl:Lungi Ngidi:overs: 0.5 → 1 (post-event immediate, grace=1)[0m
[37m[16:02:50 F75 BOARD] INFO: Lungi Ngidi: 1/5 (0.5) -> 1/5 (1) [F75][0m
[37m[16:02:50 F75 TEST] INFO:   [STRIKER-DEDUP] Devdutt Padikkal == non_striker → non_striker=Philip Salt[0m
[37m[16:02:50 F75 TEST] INFO:   [S 1105ms] Changes: ['score→59', 'overs→6.0', 'bat:Philip Salt=36(22)', 'bat:Devdutt Padikkal=1(1)', 'bowl:Lungi Ngidi'][0m
[37m[16:02:50 F75 TEST] INFO:   Total: 2551ms (V:897 E:549 S:1105)[0m
[37m[16:02:50 F75 TEST] INFO:   STATE: Royal Challengers Bengaluru 59-1 (6.0) inn=1 RR=9.83 | Bat: Philip Salt(36) Devdutt Padikkal*(1) | Bowl: Lungi Ngidi 1-5[0m
[37m[16:02:50 F75 TEST] INFO: DETAIL|F75|SCOREBOARD|tag=SCOREBOARD|scout=STRIP: RCB 59-1 (6) | SALT 36(22) | PADIKKAL 1(1) |   INFO_PANEL:  SPEED:  EXTRA:  THIS OVER:  FULL SCORECARD:   The bat|action=—|ext_score=59-1(6)|ext_bat=SALT 36(22) | PADIKKAL 1(1)|ext_bowl=|scorer_changes=['score→59', 'overs→6.0', 'bat:Philip Salt=36(22)', 'bat:Devdutt Padikkal=1(1)', 'bowl:Lungi Ngidi']|yolo=0|BEFORE_score=59-1(6.0)|BEFORE_bat1=Philip Salt 36(22)|BEFORE_bat2=Devdutt Padikkal 1(1)|BEFORE_bowl=Lungi Ngidi 1-5 (0.5)|BEFORE_this_over=[]|AFTER_score=59-1(6.0)|AFTER_bat1=Philip Salt 36(22)|AFTER_bat2=Devdutt Padikkal 1(1)|AFTER_bowl=Lungi Ngidi 1-5 (1)|AFTER_this_over=[]|AFTER_this_over_src=|AFTER_striker=Devdutt Padikkal|AFTER_non_striker=Philip Salt|AFTER_run_rate=9.83|AFTER_target=—|AFTER_innings=1|AFTER_partnership=4(3)|AFTER_fow_count=1|AFTER_field=pace_powerplay frozen=True fielders=['fine_leg', 'forward_short_leg', 'deep_backward_sq', 'gully', 'silly_mid_on', 'leg_slip', 'short_fine_leg', 'square_leg', 'slip_1']|ball_event=—|ball_event_runs=—|ball_event_over=—|ball_event_extra=—|ball_event_free_hit=—|broadcast_extra=—|dismissal_mode=—|striker_this_ball=Devdutt Padikkal|delivery_length=—|delivery_line=—|delivery_angle=—|delivery_shot=—|delivery_direction=—|delivery_elevation=—|delivery_bounce=—|delivery_dets=0|delivery_method=—|delivery_snap_dets=—|delivery_3layer_dets=—|delivery_det_rate=—|delivery_dir_zone=—|delivery_dir_conf=0|delivery_pitch_pos=—|delivery_shot_action=—|delivery_swing=—|delivery_speed_vlm=—|delivery_vlm_conf=—|delivery_vlm_ms=—|speed_kph=—|venue=—|batting_team=Royal Challengers Bengaluru|match_info=IPL 2026|completed_over=—|completed_over_runs=—|drs_state=NONE|corrections=none|lat_vision=897|lat_extract=549|lat_scorer=1105|lat_field=45|lat_comm=0|lat_code=0|lat_total=2552|comm_bowler=Lungi Ngidi|comm_wire=—|comm_storyteller=—|comm_analyst=—|comm_colour=—|comm_wire_ms=0|comm_story_ms=0|comm_analyst_ms=0|comm_colour_ms=0[0m
[37m[16:02:53 F77 VISION] INFO: [SCOUT] SCOREBOARD 1115ms strip=True overlay=False drs=False digits=True 173 chars[0m
[37m[16:02:53 F77 TEST] INFO: 
=======================================================[0m
[37m[16:02:53 F77 TEST] INFO: [F77] SCOREBOARD — #42[0m
[37m[16:02:53 F77 TEST] INFO:   [V 1118ms] STRIP: RCB 59-1 6 | SALT 36(22) | PADIKKAL 1(1) |[0m
[37m[16:02:53 F77 EXTRACT] INFO: Extracted in 0.7s (llama-4-scout-17b-16e-instruct)[0m
[37m[16:02:53 F77 TEST] INFO:   [E 653ms] visible_team=Royal Challengers Bengaluru score=59-1 (6) target=None rr=None[0m
[37m[16:02:53 F77 TEST] INFO:     BAT: SALT 36(22) [0m
[37m[16:02:53 F77 TEST] INFO:     BAT: PADIKKAL 1(1) [0m
[37m[16:02:53 F77 TEST] INFO:   [DIRECT] Batter updates: ['SALT: ext=36(22) → tracker=36(22) [was 36(22)]', 'PADIKKAL: ext=1(1) → tracker=1(1) [was 1(1)]'][0m
[37m[16:02:53 F77 TEST] INFO:   [DIRECT] score→59[0m
[37m[16:02:53 F77 TEST] INFO:   [DIRECT] overs→6[0m
[37m[16:02:53 F77 TEST] INFO:   [DIRECT] wickets→1[0m
[37m[16:02:54 F77 SCORER] INFO: Scored in 0.9s (llama-4-scout-17b-16e-instruct)[0m
[37m[16:02:54 F77 TEST] INFO:   [S] Hint: Current batters: SALT and PADIKKAL. Bowler: Lungi Ngidi. Read their stats from the scoreboard. ALREADY DISMISSED (do NOT dismiss again): Virat Kohli[0m
[37m[16:02:54 F77 TEST] INFO:   [FLOW] Extractor batters not in scorer: {'PADIKKAL', 'SALT'}[0m
[37m[16:02:54 F77 TEST] INFO:   [STRIKER-DEDUP] Devdutt Padikkal == non_striker → non_striker=Philip Salt[0m
[37m[16:02:54 F77 TEST] INFO:   [S 894ms] Changes: ['score→59', 'overs→6.0', 'bat:Philip Salt=36(22)', 'bat:Devdutt Padikkal=1(1)', 'bowl:Lungi Ngidi'][0m
[37m[16:02:54 F77 TEST] INFO:   Total: 2664ms (V:1118 E:653 S:894)[0m
[37m[16:02:54 F77 TEST] INFO:   STATE: Royal Challengers Bengaluru 59-1 (6.0) inn=1 RR=9.83 | Bat: Philip Salt(36) Devdutt Padikkal*(1) | Bowl: Lungi Ngidi 1-5[0m
[37m[16:02:54 F77 TEST] INFO:   [ACTION] The bowler is about to deliver the next ball.[0m
[37m[16:02:54 F77 FIELD] INFO: [F77] OC-deep_backward_point moved to OC-deep_gully[0m
[37m[16:02:54 F77 FIELD] INFO: [F77] OC-deep_backward_point moved to OC-deep_cover[0m
[37m[16:02:54 F77 FIELD] INFO: [F77] IC-backward_point brought in — attacking[0m
[37m[16:02:54 F77 FIELD] INFO: [F77] OC-deep_backward_point moved to OC-deep_cover[0m
[37m[16:02:54 F77 FIELD] INFO: [F77] IC-point brought in — attacking[0m
[37m[16:02:54 F77 TEST] INFO: DETAIL|F77|SCOREBOARD|tag=SCOREBOARD|scout=STRIP: RCB 59-1 6 | SALT 36(22) | PADIKKAL 1(1) ||action=The bowler is about to deliver the next ball.|ext_score=59-1(6)|ext_bat=SALT 36(22) | PADIKKAL 1(1)|ext_bowl=|scorer_changes=['score→59', 'overs→6.0', 'bat:Philip Salt=36(22)', 'bat:Devdutt Padikkal=1(1)', 'bowl:Lungi Ngidi']|yolo=5|BEFORE_score=59-1(6.0)|BEFORE_bat1=Philip Salt 36(22)|BEFORE_bat2=Devdutt Padikkal 1(1)|BEFORE_bowl=Lungi Ngidi 1-5 (1)|BEFORE_this_over=[]|AFTER_score=59-1(6.0)|AFTER_bat1=Philip Salt 36(22)|AFTER_bat2=Devdutt Padikkal 1(1)|AFTER_bowl=Lungi Ngidi 1-5 (1)|AFTER_this_over=[]|AFTER_this_over_src=|AFTER_striker=Devdutt Padikkal|AFTER_non_striker=Philip Salt|AFTER_run_rate=9.83|AFTER_target=—|AFTER_innings=1|AFTER_partnership=4(3)|AFTER_fow_count=1|AFTER_field=pace_powerplay frozen=True fielders=['fine_leg', 'forward_short_leg', 'deep_backward_sq', 'gully', 'silly_mid_on', 'leg_slip', 'short_fine_leg', 'square_leg', 'slip_1']|ball_event=—|ball_event_runs=—|ball_event_over=—|ball_event_extra=—|ball_event_free_hit=—|broadcast_extra=—|dismissal_mode=—|striker_this_ball=Devdutt Padikkal|delivery_length=—|delivery_line=—|delivery_angle=—|delivery_shot=—|delivery_direction=—|delivery_elevation=—|delivery_bounce=—|delivery_dets=0|delivery_method=—|delivery_snap_dets=—|delivery_3layer_dets=—|delivery_det_rate=—|delivery_dir_zone=—|delivery_dir_conf=0|delivery_pitch_pos=—|delivery_shot_action=—|delivery_swing=—|delivery_speed_vlm=—|delivery_vlm_conf=—|delivery_vlm_ms=—|speed_kph=—|venue=—|batting_team=Royal Challengers Bengaluru|match_info=IPL 2026|completed_over=—|completed_over_runs=—|drs_state=NONE|corrections=none|lat_vision=1118|lat_extract=653|lat_scorer=894|lat_field=43|lat_comm=0|lat_code=0|lat_total=2666|comm_bowler=Lungi Ngidi|comm_wire=—|comm_storyteller=—|comm_analyst=—|comm_colour=—|comm_wire_ms=0|comm_story_ms=0|comm_analyst_ms=0|comm_colour_ms=0[0m
[37m[16:02:57 F79 VISION] INFO: [SCOUT] SCOREBOARD 740ms strip=True overlay=False drs=False digits=True 159 chars[0m
[37m[16:02:57 F79 TEST] INFO: 
=======================================================[0m
[37m[16:02:57 F79 TEST] INFO: [F79] SCOREBOARD — #43[0m
[37m[16:02:57 F79 TEST] INFO:   [V 743ms] STRIP: RCB 59-1 (6) | SALT 36(22) | PADIKKAL 1(1) |[0m
[37m[16:02:57 F79 EXTRACT] INFO: Extracted in 0.6s (llama-4-scout-17b-16e-instruct)[0m
[37m[16:02:57 F79 TEST] INFO:   [E 615ms] visible_team=Royal Challengers Bengaluru score=59-1 (6) target=None rr=None[0m
[37m[16:02:57 F79 TEST] INFO:     BAT: SALT 36(22) [0m
[37m[16:02:57 F79 TEST] INFO:     BAT: PADIKKAL 1(1) [0m
[37m[16:02:57 F79 TEST] INFO:   [DIRECT] Batter updates: ['SALT: ext=36(22) → tracker=36(22) [was 36(22)]', 'PADIKKAL: ext=1(1) → tracker=1(1) [was 1(1)]'][0m
[37m[16:02:57 F79 TEST] INFO:   [DIRECT] score→59[0m
[37m[16:02:57 F79 TEST] INFO:   [DIRECT] overs→6[0m
[37m[16:02:57 F79 TEST] INFO:   [DIRECT] wickets→1[0m
[37m[16:02:58 F79 SCORER] INFO: Scored in 1.0s (llama-4-scout-17b-16e-instruct)[0m
[37m[16:02:58 F79 TEST] INFO:   [S] Hint: Current batters: SALT and PADIKKAL. Bowler: Lungi Ngidi. Read their stats from the scoreboard. ALREADY DISMISSED (do NOT dismiss again): Virat Kohli[0m
[37m[16:02:58 F79 TEST] INFO:   [FLOW] Extractor batters not in scorer: {'PADIKKAL', 'SALT'}[0m
[37m[16:02:58 F79 TEST] INFO:   [STRIKER-DEDUP] Devdutt Padikkal == non_striker → non_striker=Philip Salt[0m
[37m[16:02:58 F79 TEST] INFO:   [S 1038ms] Changes: ['score→59', 'overs→6.0', 'bat:Philip Salt=36(22)', 'bat:Devdutt Padikkal=1(1)', 'bowl:Lungi Ngidi'][0m
[37m[16:02:58 F79 TEST] INFO:   Total: 2396ms (V:743 E:615 S:1038)[0m
[37m[16:02:58 F79 TEST] INFO:   STATE: Royal Challengers Bengaluru 59-1 (6.0) inn=1 RR=9.83 | Bat: Philip Salt(36) Devdutt Padikkal*(1) | Bowl: Lungi Ngidi 1-5[0m
[37m[16:02:58 F79 TEST] INFO:   [ACTION] A delivery is being bowled.[0m
[37m[16:02:58 F79 FIELD] INFO: [F79] IC-backward_point pushed back — defensive[0m
[37m[16:02:58 F79 FIELD] INFO: [F79] OC-deep_gully moved to OC-deep_point[0m
[37m[16:02:58 F79 FIELD] INFO: [F79] IC-point pushed back — defensive[0m
[37m[16:02:58 F79 FIELD] INFO: [F79] OC-deep_cover moved to OC-deep_cover_point[0m
[37m[16:02:58 F79 TEST] INFO: DETAIL|F79|SCOREBOARD|tag=SCOREBOARD|scout=STRIP: RCB 59-1 (6) | SALT 36(22) | PADIKKAL 1(1) ||action=A delivery is being bowled.|ext_score=59-1(6)|ext_bat=SALT 36(22) | PADIKKAL 1(1)|ext_bowl=|scorer_changes=['score→59', 'overs→6.0', 'bat:Philip Salt=36(22)', 'bat:Devdutt Padikkal=1(1)', 'bowl:Lungi Ngidi']|yolo=5|BEFORE_score=59-1(6.0)|BEFORE_bat1=Philip Salt 36(22)|BEFORE_bat2=Devdutt Padikkal 1(1)|BEFORE_bowl=Lungi Ngidi 1-5 (1)|BEFORE_this_over=[]|AFTER_score=59-1(6.0)|AFTER_bat1=Philip Salt 36(22)|AFTER_bat2=Devdutt Padikkal 1(1)|AFTER_bowl=Lungi Ngidi 1-5 (1)|AFTER_this_over=[]|AFTER_this_over_src=|AFTER_striker=Devdutt Padikkal|AFTER_non_striker=Philip Salt|AFTER_run_rate=9.83|AFTER_target=—|AFTER_innings=1|AFTER_partnership=4(3)|AFTER_fow_count=1|AFTER_field=pace_powerplay frozen=True fielders=['fine_leg', 'forward_short_leg', 'deep_backward_sq', 'gully', 'silly_mid_on', 'leg_slip', 'short_fine_leg', 'square_leg', 'slip_1']|ball_event=—|ball_event_runs=—|ball_event_over=—|ball_event_extra=—|ball_event_free_hit=—|broadcast_extra=—|dismissal_mode=—|striker_this_ball=Devdutt Padikkal|delivery_length=—|delivery_line=—|delivery_angle=—|delivery_shot=—|delivery_direction=—|delivery_elevation=—|delivery_bounce=—|delivery_dets=0|delivery_method=—|delivery_snap_dets=—|delivery_3layer_dets=—|delivery_det_rate=—|delivery_dir_zone=—|delivery_dir_conf=0|delivery_pitch_pos=—|delivery_shot_action=—|delivery_swing=—|delivery_speed_vlm=—|delivery_vlm_conf=—|delivery_vlm_ms=—|speed_kph=—|venue=—|batting_team=Royal Challengers Bengaluru|match_info=IPL 2026|completed_over=—|completed_over_runs=—|drs_state=NONE|corrections=none|lat_vision=743|lat_extract=615|lat_scorer=1038|lat_field=45|lat_comm=0|lat_code=0|lat_total=2398|comm_bowler=Lungi Ngidi|comm_wire=—|comm_storyteller=—|comm_analyst=—|comm_colour=—|comm_wire_ms=0|comm_story_ms=0|comm_analyst_ms=0|comm_colour_ms=0[0mopening handshake failed
Traceback (most recent call last):
  File "/Users/anmolmohan/Projects/SportsComm/files/.venv/lib/python3.12/site-packages/websockets/asyncio/server.py", line 356, in conn_handler
    await connection.handshake(
  File "/Users/anmolmohan/Projects/SportsComm/files/.venv/lib/python3.12/site-packages/websockets/asyncio/server.py", line 142, in handshake
    async with self.send_context(expected_state=CONNECTING):
               ^^^^^^^^^^^^^^^^^^^^^^^^^^^^^^^^^^^^^^^^^^^^
  File "/opt/homebrew/Cellar/python@3.12/3.12.13/Frameworks/Python.framework/Versions/3.12/lib/python3.12/contextlib.py", line 210, in __aenter__
    return await anext(self.gen)
           ^^^^^^^^^^^^^^^^^^^^^
  File "/Users/anmolmohan/Projects/SportsComm/files/.venv/lib/python3.12/site-packages/websockets/asyncio/connection.py", line 965, in send_context
    raise self.protocol.close_exc from original_exc
websockets.exceptions.ConnectionClosedError: no close frame received or sent

[37m[16:03:00 F80 VISION] INFO: [SCOUT] SCOREBOARD 627ms strip=True overlay=False drs=False digits=True 178 chars[0m
[37m[16:03:00 F80 TEST] INFO: 
=======================================================[0m
[37m[16:03:00 F80 TEST] INFO: [F80] SCOREBOARD — #44[0m
[37m[16:03:00 F80 TEST] INFO:   [V 630ms] STRIP: RCB 60-1 (6.1) | SALT 36(22) | PADIKKAL 2(2) | KULDEEP 0-1 (0.1)[0m
[37m[16:03:01 F80 EXTRACT] INFO: Extracted in 0.6s (llama-4-scout-17b-16e-instruct)[0m
[37m[16:03:01 F80 TEST] INFO:   [E 598ms] visible_team=Royal Challengers Bengaluru score=60-1 (6.1) target=None rr=None[0m
[37m[16:03:01 F80 TEST] INFO:     BAT: SALT 36(22) [0m
[37m[16:03:01 F80 TEST] INFO:     BAT: PADIKKAL 2(2) [0m
[37m[16:03:01 F80 TEST] INFO:     BOWL: KULDEEP 0-1 (0.1)[0m
[37m[16:03:01 F80 TEST] INFO:   [BOWLER] New bowler confirmed: Kuldeep Yadav (was Lungi Ngidi)[0m
[37m[16:03:01 F80 TRACK] INFO: bat:Devdutt Padikkal:runs: 1 → 2 (fast-confirm, natural increment F80)[0m
[37m[16:03:01 F80 TRACK] INFO: bat:Devdutt Padikkal:balls: 1 → 2 (fast-confirm, natural increment F80)[0m
[37m[16:03:01 F80 BOARD] INFO: Devdutt Padikkal: 1(1) -> 2(2) [F80][0m
[37m[16:03:01 F80 TEST] INFO:   [DIRECT] Batter updates: ['SALT: ext=36(22) → tracker=36(22) [was 36(22)]', 'PADIKKAL: ext=2(2) → tracker=2(2) [was 1(1)]'][0m
[37m[16:03:01 F80 TRACK] INFO: score: 59 → 60 (post-event immediate, grace=0)[0m
[37m[16:03:01 F80 BOARD] INFO: score: 59 -> 60 [F80][0m
[37m[16:03:01 F80 TEST] INFO:   [DIRECT] score→60[0m
[37m[16:03:01 F80 TEST] INFO:   [DIRECT] wickets→1[0m
[37m[16:03:02 F80 SCORER] INFO: Scored in 0.9s (llama-4-scout-17b-16e-instruct)[0m
[37m[16:03:02 F80 TEST] INFO:   [S] Hint: Current batters: SALT and PADIKKAL. Bowler: KULDEEP. Read their stats from the scoreboard. ALREADY DISMISSED (do NOT dismiss again): Virat Kohli[0m
[37m[16:03:02 F80 TRACK] INFO: overs: 6.0 → 6.1 (confirmed F80)[0m
[37m[16:03:02 F80 BOARD] INFO: overs: 6.0 -> 6.1 [F80][0m
[37m[16:03:02 F80 TEST] INFO:   [FLOW] Extractor batters not in scorer: {'PADIKKAL', 'SALT'}[0m
[37m[16:03:02 F80 TRACK] INFO: bowl:Kuldeep Yadav:runs: initial proposed 1 (2/3 — waiting)[0m
[37m[16:03:02 F80 TRACK] INFO: bowl:Kuldeep Yadav:wickets: initial proposed 0 (2/3 — waiting)[0m
[37m[16:03:02 F80 TRACK] INFO: bowl:Kuldeep Yadav:overs: initial proposed 0.1 (2/3 — waiting)[0m
[37m[16:03:02 F80 TEST] INFO:   [WICKET-TRACK] Wicket at F80[0m
[37m[16:03:02 F80 TEST] INFO:   [S 946ms] Changes: ['score→60', 'overs→6.1', 'wickets→1', 'bat:Philip Salt=36(22)', 'bat:Devdutt Padikkal=2(2)', 'bowl:Kuldeep Yadav'][0m
[37m[16:03:02 F80 TEST] INFO:   Total: 2175ms (V:630 E:598 S:946)[0m
[37m[16:03:02 F80 COMMENTARY] INFO: [BALL ✓] 1_RUNS | 6.1 +1 runs (Δballs=1)[0m
[37m[16:03:02 F80 TEST] INFO:   [THIS-OVER] Ball 1_RUNS appended to over 6[0m
[37m[16:03:02 F80 TEST] INFO:   [STRIKER] Rotated: Philip Salt ← Devdutt Padikkal[0m
[37m[16:03:21 F80 TEST] INFO:   [DELIVERY] good length, on the stumps, defended straight down the ground, along the ground (19297ms, 0 dets, method=vlm)[0m
[37m[16:03:21 F80 BOARD] INFO: run_rate: 9.83 -> 9.73 [F80][0m
[37m[16:03:21 F80 TEST] INFO:   STATE: Royal Challengers Bengaluru 60-1 (6.1) inn=1 RR=9.73 | Bat: Philip Salt*(36) Devdutt Padikkal(2) | Bowl: Kuldeep Yadav None-None[0m
[37m[16:03:21 F80 SCORE_MGR] INFO: [SM] RUNS  60/1 (6.1)  striker=PADIKKAL[0m
[37m[16:03:21 F80 TEST] INFO:   [SHADOW] SM=RUNS BED=1_RUNS MATCH[0m
[37m[16:03:21 F80 TEST] INFO:   [COMM 465ms] wire(0ms), storyteller(464ms)[0m
[37m[16:03:21 F80 TEST] INFO:   [BALL EVENT ✓] 1_RUNS | 6.1 | +1 runs (Δballs=0) | A delivery is being bowled.[0m
[37m[16:03:21 F80 FIELD] INFO: [F80] IC-square_leg brought in — attacking[0m
[37m[16:03:21 F80 FIELD] INFO: [F80] IC-extra_cover brought in — attacking[0m
[37m[16:03:21 F80 FIELD] INFO: [F80] IC-backward_square brought in — attacking[0m
[37m[16:03:21 F80 FIELD] INFO: [F80] IC-short_leg_area brought in — attacking[0m
[37m[16:03:21 F80 TEST] INFO: DETAIL|F80|SCOREBOARD|tag=SCOREBOARD|scout=STRIP: RCB 60-1 (6.1) | SALT 36(22) | PADIKKAL 2(2) | KULDEEP 0-1 (0.1)|action=A delivery is being bowled.|ext_score=60-1(6.1)|ext_bat=SALT 36(22) | PADIKKAL 2(2)|ext_bowl=KULDEEP 0-1 (0.1)|scorer_changes=['score→60', 'overs→6.1', 'wickets→1', 'bat:Philip Salt=36(22)', 'bat:Devdutt Padikkal=2(2)', 'bowl:Kuldeep Yadav']|yolo=4|BEFORE_score=59-1(6.0)|BEFORE_bat1=Philip Salt 36(22)|BEFORE_bat2=Devdutt Padikkal 1(1)|BEFORE_bowl=Lungi Ngidi 1-5 (1)|BEFORE_this_over=[]|AFTER_score=60-1(6.1)|AFTER_bat1=Philip Salt 36(22)|AFTER_bat2=Devdutt Padikkal 2(2)|AFTER_bowl=Kuldeep Yadav None-None (None)|AFTER_this_over=['1']|AFTER_this_over_src=1(obs)|AFTER_striker=Philip Salt|AFTER_non_striker=Devdutt Padikkal|AFTER_run_rate=9.73|AFTER_target=—|AFTER_innings=1|AFTER_partnership=5(4)|AFTER_fow_count=1|AFTER_field=spin_powerplay frozen=True fielders=['slip_1', 'point', 'cover', 'mid_off', 'mid_on', 'midwicket', 'square_leg', 'short_leg', 'fine_leg']|ball_event=1_RUNS|ball_event_runs=1|ball_event_over=6.1|ball_event_extra=—|ball_event_free_hit=—|broadcast_extra=—|dismissal_mode=—|striker_this_ball=Devdutt Padikkal|delivery_length=good_length|delivery_line=on_stumps|delivery_angle=over|delivery_shot=along_ground|delivery_direction=straight|delivery_elevation=along_ground|delivery_bounce=normal|delivery_dets=0|delivery_method=vlm|delivery_snap_dets=—|delivery_3layer_dets=—|delivery_det_rate=0.00|delivery_dir_zone=straight|delivery_dir_conf=medium|delivery_pitch_pos=on_a_good_length|delivery_shot_action=defend|delivery_swing=not_visible|delivery_speed_vlm=None|delivery_vlm_conf=medium|delivery_vlm_ms=1707|speed_kph=—|venue=—|batting_team=Royal Challengers Bengaluru|match_info=IPL 2026|completed_over=—|completed_over_runs=—|drs_state=NONE|corrections=none|lat_vision=630|lat_extract=598|lat_scorer=946|lat_field=42|lat_comm=465|lat_code=19257|lat_total=21939|comm_bowler=Kuldeep Yadav|comm_wire=6.1: Kuldeep Yadav to PADIKKAL — 1 run, good length (135.6 kph). 60/1|comm_storyteller=The batter takes a single, a quick dash down the track, and the RCB innings ticks along. Lungi Ngidi searches for a dot ball, but the batter works it , a gentle push that fetches a run. The crowd appl|comm_analyst=—|comm_colour=—|comm_wire_ms=0|comm_story_ms=464|comm_analyst_ms=0|comm_colour_ms=0[0m
[37m[16:03:23 F81 VISION] INFO: [SCOUT] GRAPHIC 926ms strip=True overlay=True drs=False digits=True 254 chars[0m
[37m[16:03:23 F81 TEST] INFO: 
=======================================================[0m
[37m[16:03:23 F81 TEST] INFO: [F81] GRAPHIC — #45[0m
[37m[16:03:23 F81 TEST] INFO:   [V 929ms] STRIP: RCB 60-1 6.1

INFO_PANEL: PATIDAR IPL SR 162 | JITESH IPL SR 156 | DAVID IPL SR 179[0m
[37m[16:03:24 F81 EXTRACT] INFO: Extracted in 0.6s (llama-4-scout-17b-16e-instruct)[0m
[37m[16:03:24 F81 TEST] INFO:   [GUARD] GRAPHIC frame — player stats stripped, score matches tracker[0m
[37m[16:03:24 F81 TEST] INFO:   [E 610ms] visible_team=Royal Challengers Bengaluru score=60-1 (6.1) target=None rr=None[0m
[37m[16:03:24 F81 TEST] INFO:   [DIRECT] score→60[0m
[37m[16:03:24 F81 TEST] INFO:   [DIRECT] overs→6.1[0m
[37m[16:03:24 F81 TEST] INFO:   [DIRECT] wickets→1[0m
[37m[16:03:25 F81 SCORER] INFO: Scored in 0.8s (llama-4-scout-17b-16e-instruct)[0m
[37m[16:03:25 F81 TEST] INFO:   [S] Hint: Current batters: SALT and PADIKKAL. Bowler: KULDEEP YADAV ALREADY DISMISSED (do NOT dismiss again): Virat Kohli[0m
[37m[16:03:25 F81 TEST] INFO:   [S 842ms] Changes: ['score→60', 'overs→6.1', 'bat:Philip Salt=36(22)', 'bat:Devdutt Padikkal=2(2)'][0m
[37m[16:03:25 F81 TEST] INFO:   Total: 2381ms (V:929 E:610 S:842)[0m
[37m[16:03:25 F81 TEST] INFO:   [THIS OVER] ['1'] = 1 runs[0m
[37m[16:03:25 F81 TEST] INFO:   STATE: Royal Challengers Bengaluru 60-1 (6.1) inn=1 RR=9.73 | Bat: Philip Salt*(36) Devdutt Padikkal(2) | Bowl: Kuldeep Yadav None-None[0m
[37m[16:03:25 F81 TEST] INFO:   [ACTION] The live broadcast is showing the RCB team's batting lineup with their strike ra[0m
[37m[16:03:25 F81 FIELD] INFO: [F81] short leg removed[0m
[37m[16:03:25 F81 FIELD] INFO: [F81] IC-square_leg moved to IC-cover[0m
[37m[16:03:25 F81 FIELD] INFO: [F81] IC-extra_cover pushed back — defensive[0m
[37m[16:03:25 F81 FIELD] INFO: [F81] IC-backward_square pushed back — defensive[0m
[37m[16:03:25 F81 TEST] INFO: DETAIL|F81|GRAPHIC|tag=GRAPHIC|scout=STRIP: RCB 60-1 6.1  INFO_PANEL: PATIDAR IPL SR 162 | JITESH IPL SR 156 | DAVID IPL SR 179|action=The live broadcast is showing the RCB team's batting lineup with their strike rates.|ext_score=60-1(6.1)|ext_bat=|ext_bowl=|scorer_changes=['score→60', 'overs→6.1', 'bat:Philip Salt=36(22)', 'bat:Devdutt Padikkal=2(2)']|yolo=4|BEFORE_score=60-1(6.1)|BEFORE_bat1=Philip Salt 36(22)|BEFORE_bat2=Devdutt Padikkal 2(2)|BEFORE_bowl=Kuldeep Yadav None-None (None)|BEFORE_this_over=['1']|AFTER_score=60-1(6.1)|AFTER_bat1=Philip Salt 36(22)|AFTER_bat2=Devdutt Padikkal 2(2)|AFTER_bowl=Kuldeep Yadav None-None (None)|AFTER_this_over=['1']|AFTER_this_over_src=1(obs)|AFTER_striker=Philip Salt|AFTER_non_striker=Devdutt Padikkal|AFTER_run_rate=9.73|AFTER_target=—|AFTER_innings=1|AFTER_partnership=5(4)|AFTER_fow_count=1|AFTER_field=spin_powerplay frozen=True fielders=['slip_1', 'point', 'cover', 'mid_off', 'mid_on', 'midwicket', 'square_leg', 'short_leg', 'fine_leg']|ball_event=—|ball_event_runs=—|ball_event_over=—|ball_event_extra=—|ball_event_free_hit=—|broadcast_extra=—|dismissal_mode=—|striker_this_ball=Philip Salt|delivery_length=—|delivery_line=—|delivery_angle=—|delivery_shot=—|delivery_direction=—|delivery_elevation=—|delivery_bounce=—|delivery_dets=0|delivery_method=—|delivery_snap_dets=—|delivery_3layer_dets=—|delivery_det_rate=—|delivery_dir_zone=—|delivery_dir_conf=0|delivery_pitch_pos=—|delivery_shot_action=—|delivery_swing=—|delivery_speed_vlm=—|delivery_vlm_conf=—|delivery_vlm_ms=—|speed_kph=—|venue=—|batting_team=Royal Challengers Bengaluru|match_info=IPL 2026|completed_over=—|completed_over_runs=—|drs_state=NONE|corrections=none|lat_vision=929|lat_extract=610|lat_scorer=842|lat_field=41|lat_comm=0|lat_code=0|lat_total=2382|comm_bowler=Kuldeep Yadav|comm_wire=—|comm_storyteller=—|comm_analyst=—|comm_colour=—|comm_wire_ms=0|comm_story_ms=0|comm_analyst_ms=0|comm_colour_ms=0[0m
[37m[16:03:26 F82 VISION] INFO: [SCOUT] SCOREBOARD 550ms strip=True overlay=False drs=False digits=True 200 chars[0m
[37m[16:03:26 F82 TEST] INFO: 
=======================================================[0m
[37m[16:03:26 F82 TEST] INFO: [F82] SCOREBOARD — #46[0m
[37m[16:03:26 F82 TEST] INFO:   [V 553ms] STRIP: RCB 60-1 (6.1) | SALT 36(22) | PADIKKAL 2(2) | KULDEEP 0-1 (0.1)[0m
[37m[16:03:27 F82 EXTRACT] INFO: Extracted in 0.7s (llama-4-scout-17b-16e-instruct)[0m
[37m[16:03:27 F82 TEST] INFO:   [E 703ms] visible_team=Royal Challengers Bengaluru score=60-1 (6.1) target=None rr=None[0m
[37m[16:03:27 F82 TEST] INFO:     BAT: SALT 36(22) [0m
[37m[16:03:27 F82 TEST] INFO:     BAT: PADIKKAL 2(2) [0m
[37m[16:03:27 F82 TEST] INFO:     BOWL: KULDEEP 0-1 (0.1)[0m
[37m[16:03:27 F82 TRACK] INFO: bowl:Kuldeep Yadav:runs: initial → 1 (cold-start consensus 3/3)[0m
[37m[16:03:27 F82 TRACK] INFO: bowl:Kuldeep Yadav:wickets: initial → 0 (cold-start consensus 3/3)[0m
[37m[16:03:27 F82 TRACK] INFO: bowl:Kuldeep Yadav:overs: initial → 0.1 (cold-start consensus 3/3)[0m
[37m[16:03:27 F82 BOARD] INFO: Kuldeep Yadav: None/None (None) -> 0/1 (0.1) [F82][0m
[37m[16:03:27 F82 TEST] INFO:   [DIRECT] Batter updates: ['SALT: ext=36(22) → tracker=36(22) [was 36(22)]', 'PADIKKAL: ext=2(2) → tracker=2(2) [was 2(2)]'][0m
[37m[16:03:27 F82 TEST] INFO:   [DIRECT] score→60[0m
[37m[16:03:27 F82 TEST] INFO:   [DIRECT] overs→6.1[0m
[37m[16:03:27 F82 TEST] INFO:   [DIRECT] wickets→1[0m
[37m[16:03:28 F82 SCORER] INFO: Scored in 0.9s (llama-4-scout-17b-16e-instruct)[0m
[37m[16:03:28 F82 TEST] INFO:   [S] Hint: Current batters: SALT and PADIKKAL. Bowler: KULDEEP. Read their stats from the scoreboard. ALREADY DISMISSED (do NOT dismiss again): Virat Kohli[0m
[37m[16:03:28 F82 TEST] INFO:   [FLOW] Extractor batters not in scorer: {'PADIKKAL', 'SALT'}[0m
[37m[16:03:28 F82 TEST] INFO:   [S 884ms] Changes: ['score→60', 'overs→6.1', 'bat:Philip Salt=36(22)', 'bat:Devdutt Padikkal=2(2)', 'bowl:Kuldeep Yadav'][0m
[37m[16:03:28 F82 TEST] INFO:   Total: 2140ms (V:553 E:703 S:884)[0m
[37m[16:03:28 F82 TEST] INFO:   [THIS OVER] ['1'] = 1 runs[0m
[37m[16:03:28 F82 TEST] INFO:   STATE: Royal Challengers Bengaluru 60-1 (6.1) inn=1 RR=9.73 | Bat: Philip Salt*(36) Devdutt Padikkal(2) | Bowl: Kuldeep Yadav 0-1[0m
[37m[16:03:28 F82 TEST] INFO:   [ACTION] The bowler, Kuldeep Yadav, is bowling a delivery.[0m
[37m[16:03:28 F82 FIELD] INFO: [F82] OC-deep_point moved to OC-deep_cover[0m
[37m[16:03:28 F82 FIELD] INFO: [F82] IC-cover pushed back — defensive[0m
[37m[16:03:28 F82 FIELD] INFO: [F82] IC-mid_on moved to IC-gully[0m
[37m[16:03:28 F82 TEST] INFO: DETAIL|F82|SCOREBOARD|tag=SCOREBOARD|scout=STRIP: RCB 60-1 (6.1) | SALT 36(22) | PADIKKAL 2(2) | KULDEEP 0-1 (0.1)|action=The bowler, Kuldeep Yadav, is bowling a delivery.|ext_score=60-1(6.1)|ext_bat=SALT 36(22) | PADIKKAL 2(2)|ext_bowl=KULDEEP 0-1 (0.1)|scorer_changes=['score→60', 'overs→6.1', 'bat:Philip Salt=36(22)', 'bat:Devdutt Padikkal=2(2)', 'bowl:Kuldeep Yadav']|yolo=6|BEFORE_score=60-1(6.1)|BEFORE_bat1=Philip Salt 36(22)|BEFORE_bat2=Devdutt Padikkal 2(2)|BEFORE_bowl=Kuldeep Yadav None-None (None)|BEFORE_this_over=['1']|AFTER_score=60-1(6.1)|AFTER_bat1=Philip Salt 36(22)|AFTER_bat2=Devdutt Padikkal 2(2)|AFTER_bowl=Kuldeep Yadav 0-1 (0.1)|AFTER_this_over=['1']|AFTER_this_over_src=1(obs)|AFTER_striker=Philip Salt|AFTER_non_striker=Devdutt Padikkal|AFTER_run_rate=9.73|AFTER_target=—|AFTER_innings=1|AFTER_partnership=5(4)|AFTER_fow_count=1|AFTER_field=spin_powerplay frozen=True fielders=['slip_1', 'point', 'cover', 'mid_off', 'mid_on', 'midwicket', 'square_leg', 'short_leg', 'fine_leg']|ball_event=—|ball_event_runs=—|ball_event_over=—|ball_event_extra=—|ball_event_free_hit=—|broadcast_extra=—|dismissal_mode=—|striker_this_ball=Philip Salt|delivery_length=—|delivery_line=—|delivery_angle=—|delivery_shot=—|delivery_direction=—|delivery_elevation=—|delivery_bounce=—|delivery_dets=0|delivery_method=—|delivery_snap_dets=—|delivery_3layer_dets=—|delivery_det_rate=—|delivery_dir_zone=—|delivery_dir_conf=0|delivery_pitch_pos=—|delivery_shot_action=—|delivery_swing=—|delivery_speed_vlm=—|delivery_vlm_conf=—|delivery_vlm_ms=—|speed_kph=—|venue=—|batting_team=Royal Challengers Bengaluru|match_info=IPL 2026|completed_over=—|completed_over_runs=—|drs_state=NONE|corrections=none|lat_vision=553|lat_extract=703|lat_scorer=884|lat_field=44|lat_comm=0|lat_code=0|lat_total=2142|comm_bowler=Kuldeep Yadav|comm_wire=—|comm_storyteller=—|comm_analyst=—|comm_colour=—|comm_wire_ms=0|comm_story_ms=0|comm_analyst_ms=0|comm_colour_ms=0[0m
[37m[16:03:30 F83 VISION] INFO: [SCOUT] SCOREBOARD 760ms strip=True overlay=False drs=False digits=True 178 chars[0m
[37m[16:03:30 F83 TEST] INFO: 
=======================================================[0m
[37m[16:03:30 F83 TEST] INFO: [F83] SCOREBOARD — #47[0m
[37m[16:03:30 F83 TEST] INFO:   [V 763ms] STRIP: RCB 60-1 (6.1) | SALT 36(22) | PADIKKAL 2(2) | KULDEEP 0-1 (0.1)[0m
[37m[16:03:31 F83 EXTRACT] INFO: Extracted in 0.6s (llama-4-scout-17b-16e-instruct)[0m
[37m[16:03:31 F83 TEST] INFO:   [E 640ms] visible_team=Royal Challengers Bengaluru score=60-1 (6.1) target=None rr=None[0m
[37m[16:03:31 F83 TEST] INFO:     BAT: SALT 36(22) [0m
[37m[16:03:31 F83 TEST] INFO:     BAT: PADIKKAL 2(2) [0m
[37m[16:03:31 F83 TEST] INFO:     BOWL: KULDEEP 0-1 (0.1)[0m
[37m[16:03:31 F83 TEST] INFO:   [DIRECT] Batter updates: ['SALT: ext=36(22) → tracker=36(22) [was 36(22)]', 'PADIKKAL: ext=2(2) → tracker=2(2) [was 2(2)]'][0m
[37m[16:03:31 F83 TEST] INFO:   [DIRECT] score→60[0m
[37m[16:03:31 F83 TEST] INFO:   [DIRECT] overs→6.1[0m
[37m[16:03:31 F83 TEST] INFO:   [DIRECT] wickets→1[0m
[37m[16:03:31 F83 SCORER] INFO: Scored in 0.8s (llama-4-scout-17b-16e-instruct)[0m
[37m[16:03:31 F83 TEST] INFO:   [S] Hint: Current batters: SALT and PADIKKAL. Bowler: KULDEEP ALREADY DISMISSED (do NOT dismiss again): Virat Kohli[0m
[37m[16:03:31 F83 TEST] INFO:   [FLOW] Extractor batters not in scorer: {'PADIKKAL', 'SALT'}[0m
[37m[16:03:31 F83 TEST] INFO:   [S 843ms] Changes: ['score→60', 'overs→6.1', 'bat:Philip Salt=36(22)', 'bat:Devdutt Padikkal=2(2)', 'bowl:Kuldeep Yadav'][0m
[37m[16:03:31 F83 TEST] INFO:   Total: 2246ms (V:763 E:640 S:843)[0m
[37m[16:03:31 F83 TEST] INFO:   [THIS OVER] ['1'] = 1 runs[0m
[37m[16:03:31 F83 TEST] INFO:   STATE: Royal Challengers Bengaluru 60-1 (6.1) inn=1 RR=9.73 | Bat: Philip Salt*(36) Devdutt Padikkal(2) | Bowl: Kuldeep Yadav 0-1[0m
[37m[16:03:31 F83 TEST] INFO:   [ACTION] A delivery is being bowled.[0m
[37m[16:03:31 F83 FIELD] INFO: [F83] OC-third_man_square moved to OC-deep_backward_point[0m
[37m[16:03:31 F83 FIELD] INFO: [F83] IC-gully moved to IC-mid_on[0m
[37m[16:03:31 F83 FIELD] INFO: [F83] OC-deep_gully moved to OC-deep_point[0m
[37m[16:03:31 F83 FIELD] INFO: [F83] IC-extra_cover brought in — attacking[0m
[37m[16:03:31 F83 FIELD] INFO: [F83] IC-mid_off brought in — attacking[0m
[37m[16:03:31 F83 FIELD] INFO: [F83] OC-deep_cover moved to OC-deep_point[0m
[37m[16:03:31 F83 TEST] INFO: DETAIL|F83|SCOREBOARD|tag=SCOREBOARD|scout=STRIP: RCB 60-1 (6.1) | SALT 36(22) | PADIKKAL 2(2) | KULDEEP 0-1 (0.1)|action=A delivery is being bowled.|ext_score=60-1(6.1)|ext_bat=SALT 36(22) | PADIKKAL 2(2)|ext_bowl=KULDEEP 0-1 (0.1)|scorer_changes=['score→60', 'overs→6.1', 'bat:Philip Salt=36(22)', 'bat:Devdutt Padikkal=2(2)', 'bowl:Kuldeep Yadav']|yolo=8|BEFORE_score=60-1(6.1)|BEFORE_bat1=Philip Salt 36(22)|BEFORE_bat2=Devdutt Padikkal 2(2)|BEFORE_bowl=Kuldeep Yadav 0-1 (0.1)|BEFORE_this_over=['1']|AFTER_score=60-1(6.1)|AFTER_bat1=Philip Salt 36(22)|AFTER_bat2=Devdutt Padikkal 2(2)|AFTER_bowl=Kuldeep Yadav 0-1 (0.1)|AFTER_this_over=['1']|AFTER_this_over_src=1(obs)|AFTER_striker=Philip Salt|AFTER_non_striker=Devdutt Padikkal|AFTER_run_rate=9.73|AFTER_target=—|AFTER_innings=1|AFTER_partnership=5(4)|AFTER_fow_count=1|AFTER_field=spin_powerplay frozen=True fielders=['slip_1', 'point', 'cover', 'mid_off', 'mid_on', 'midwicket', 'square_leg', 'short_leg', 'fine_leg']|ball_event=—|ball_event_runs=—|ball_event_over=—|ball_event_extra=—|ball_event_free_hit=—|broadcast_extra=—|dismissal_mode=—|striker_this_ball=Philip Salt|delivery_length=—|delivery_line=—|delivery_angle=—|delivery_shot=—|delivery_direction=—|delivery_elevation=—|delivery_bounce=—|delivery_dets=0|delivery_method=—|delivery_snap_dets=—|delivery_3layer_dets=—|delivery_det_rate=—|delivery_dir_zone=—|delivery_dir_conf=0|delivery_pitch_pos=—|delivery_shot_action=—|delivery_swing=—|delivery_speed_vlm=—|delivery_vlm_conf=—|delivery_vlm_ms=—|speed_kph=—|venue=—|batting_team=Royal Challengers Bengaluru|match_info=IPL 2026|completed_over=—|completed_over_runs=—|drs_state=NONE|corrections=none|lat_vision=763|lat_extract=640|lat_scorer=843|lat_field=47|lat_comm=0|lat_code=0|lat_total=2248|comm_bowler=Kuldeep Yadav|comm_wire=—|comm_storyteller=—|comm_analyst=—|comm_colour=—|comm_wire_ms=0|comm_story_ms=0|comm_analyst_ms=0|comm_colour_ms=0[0m
[37m[16:03:33 F84 VISION] INFO: [SCOUT] SCOREBOARD 718ms strip=True overlay=False drs=False digits=True 201 chars[0m
[37m[16:03:33 F84 TEST] INFO: 
=======================================================[0m
[37m[16:03:33 F84 TEST] INFO: [F84] SCOREBOARD — #48[0m
[37m[16:03:33 F84 TEST] INFO:   [V 722ms] STRIP: RCB 60-1 (6.1) | SALT 36(22) | PADIKKAL 2(2) | KULDEEP 0-1 (0.1)[0m
[37m[16:03:34 F84 EXTRACT] INFO: Extracted in 0.7s (llama-4-scout-17b-16e-instruct)[0m
[37m[16:03:34 F84 TEST] INFO:   [E 679ms] visible_team=Royal Challengers Bengaluru score=60-1 (6.1) target=None rr=None[0m
[37m[16:03:34 F84 TEST] INFO:     BAT: SALT 36(22) [0m
[37m[16:03:34 F84 TEST] INFO:     BAT: PADIKKAL 2(2) [0m
[37m[16:03:34 F84 TEST] INFO:     BOWL: KULDEEP 0-1 (0.1)[0m
[37m[16:03:34 F84 TEST] INFO:   [DIRECT] Batter updates: ['SALT: ext=36(22) → tracker=36(22) [was 36(22)]', 'PADIKKAL: ext=2(2) → tracker=2(2) [was 2(2)]'][0m
[37m[16:03:34 F84 TEST] INFO:   [DIRECT] score→60[0m
[37m[16:03:34 F84 TEST] INFO:   [DIRECT] overs→6.1[0m
[37m[16:03:34 F84 TEST] INFO:   [DIRECT] wickets→1[0m
[37m[16:03:35 F84 SCORER] INFO: Scored in 0.9s (llama-4-scout-17b-16e-instruct)[0m
[37m[16:03:35 F84 TEST] INFO:   [S] Hint: Current batters: SALT and PADIKKAL. Bowler: KULDEEP ALREADY DISMISSED (do NOT dismiss again): Virat Kohli[0m
[37m[16:03:35 F84 TEST] INFO:   [FLOW] Extractor batters not in scorer: {'PADIKKAL', 'SALT'}[0m
[37m[16:03:35 F84 TEST] INFO:   [S 869ms] Changes: ['score→60', 'overs→6.1', 'bat:Philip Salt=36(22)', 'bat:Devdutt Padikkal=2(2)', 'bowl:Kuldeep Yadav'][0m
[37m[16:03:35 F84 TEST] INFO:   Total: 2271ms (V:722 E:679 S:869)[0m
[37m[16:03:35 F84 TEST] INFO:   [THIS OVER] ['1'] = 1 runs[0m
[37m[16:03:35 F84 TEST] INFO:   STATE: Royal Challengers Bengaluru 60-1 (6.1) inn=1 RR=9.73 | Bat: Philip Salt*(36) Devdutt Padikkal(2) | Bowl: Kuldeep Yadav 0-1[0m
[37m[16:03:35 F84 TEST] INFO:   [ACTION] The bowler KULDEEP is bowling to the batsman SALT.[0m
[FIELD WARN] Middle overs but 8 outside circle (max 5). Possible misclassification.
[37m[16:03:35 F84 FIELD] INFO: [F84] OC-deep_backward_point moved to OC-deep_point[0m
[37m[16:03:35 F84 FIELD] INFO: [F84] IC-mid_on moved to IC-backward_square[0m
[37m[16:03:35 F84 FIELD] INFO: [F84] IC-mid_off moved to IC-cover[0m
[37m[16:03:35 F84 FIELD] INFO: [F84] OC-deep_point moved to OC-deep_cover_point[0m
[37m[16:03:35 F84 FIELD] INFO: [F84] IC-extra_cover pushed back — defensive[0m
[37m[16:03:35 F84 TEST] INFO: DETAIL|F84|SCOREBOARD|tag=SCOREBOARD|scout=STRIP: RCB 60-1 (6.1) | SALT 36(22) | PADIKKAL 2(2) | KULDEEP 0-1 (0.1)|action=The bowler KULDEEP is bowling to the batsman SALT.|ext_score=60-1(6.1)|ext_bat=SALT 36(22) | PADIKKAL 2(2)|ext_bowl=KULDEEP 0-1 (0.1)|scorer_changes=['score→60', 'overs→6.1', 'bat:Philip Salt=36(22)', 'bat:Devdutt Padikkal=2(2)', 'bowl:Kuldeep Yadav']|yolo=10|BEFORE_score=60-1(6.1)|BEFORE_bat1=Philip Salt 36(22)|BEFORE_bat2=Devdutt Padikkal 2(2)|BEFORE_bowl=Kuldeep Yadav 0-1 (0.1)|BEFORE_this_over=['1']|AFTER_score=60-1(6.1)|AFTER_bat1=Philip Salt 36(22)|AFTER_bat2=Devdutt Padikkal 2(2)|AFTER_bowl=Kuldeep Yadav 0-1 (0.1)|AFTER_this_over=['1']|AFTER_this_over_src=1(obs)|AFTER_striker=Philip Salt|AFTER_non_striker=Devdutt Padikkal|AFTER_run_rate=9.73|AFTER_target=—|AFTER_innings=1|AFTER_partnership=5(4)|AFTER_fow_count=1|AFTER_field=spin_powerplay frozen=True fielders=['slip_1', 'point', 'cover', 'mid_off', 'mid_on', 'midwicket', 'square_leg', 'short_leg', 'fine_leg']|ball_event=—|ball_event_runs=—|ball_event_over=—|ball_event_extra=—|ball_event_free_hit=—|broadcast_extra=—|dismissal_mode=—|striker_this_ball=Philip Salt|delivery_length=—|delivery_line=—|delivery_angle=—|delivery_shot=—|delivery_direction=—|delivery_elevation=—|delivery_bounce=—|delivery_dets=0|delivery_method=—|delivery_snap_dets=—|delivery_3layer_dets=—|delivery_det_rate=—|delivery_dir_zone=—|delivery_dir_conf=0|delivery_pitch_pos=—|delivery_shot_action=—|delivery_swing=—|delivery_speed_vlm=—|delivery_vlm_conf=—|delivery_vlm_ms=—|speed_kph=—|venue=—|batting_team=Royal Challengers Bengaluru|match_info=IPL 2026|completed_over=—|completed_over_runs=—|drs_state=NONE|corrections=none|lat_vision=722|lat_extract=679|lat_scorer=869|lat_field=44|lat_comm=0|lat_code=0|lat_total=2272|comm_bowler=Kuldeep Yadav|comm_wire=—|comm_storyteller=—|comm_analyst=—|comm_colour=—|comm_wire_ms=0|comm_story_ms=0|comm_analyst_ms=0|comm_colour_ms=0[0m
[37m[16:03:37 F85 VISION] INFO: [SCOUT] SCOREBOARD 803ms strip=True overlay=False drs=False digits=True 161 chars[0m
[37m[16:03:37 F85 TEST] INFO: 
=======================================================[0m
[37m[16:03:37 F85 TEST] INFO: [F85] SCOREBOARD — #49[0m
[37m[16:03:37 F85 TEST] INFO:   [V 806ms] STRIP: RCB 61-1 (6.2) | SALT 37(23) | PADIKKAL 2(2) |[0mopening handshake failed
Traceback (most recent call last):
  File "/Users/anmolmohan/Projects/SportsComm/files/.venv/lib/python3.12/site-packages/websockets/asyncio/server.py", line 356, in conn_handler
    await connection.handshake(
  File "/Users/anmolmohan/Projects/SportsComm/files/.venv/lib/python3.12/site-packages/websockets/asyncio/server.py", line 142, in handshake
    async with self.send_context(expected_state=CONNECTING):
               ^^^^^^^^^^^^^^^^^^^^^^^^^^^^^^^^^^^^^^^^^^^^
  File "/opt/homebrew/Cellar/python@3.12/3.12.13/Frameworks/Python.framework/Versions/3.12/lib/python3.12/contextlib.py", line 210, in __aenter__
    return await anext(self.gen)
           ^^^^^^^^^^^^^^^^^^^^^
  File "/Users/anmolmohan/Projects/SportsComm/files/.venv/lib/python3.12/site-packages/websockets/asyncio/connection.py", line 965, in send_context
    raise self.protocol.close_exc from original_exc
websockets.exceptions.ConnectionClosedError: no close frame received or sent

[37m[16:03:37 F85 EXTRACT] INFO: Extracted in 0.6s (llama-4-scout-17b-16e-instruct)[0m
[37m[16:03:37 F85 TEST] INFO:   [E 555ms] visible_team=Royal Challengers Bengaluru score=61-1 (6.2) target=None rr=None[0m
[37m[16:03:37 F85 TEST] INFO:     BAT: SALT 37(23) [0m
[37m[16:03:37 F85 TEST] INFO:     BAT: PADIKKAL 2(2) [0m
[37m[16:03:37 F85 TRACK] INFO: bat:Philip Salt:runs: 36 → 37 (fast-confirm, natural increment F85)[0m
[37m[16:03:37 F85 TRACK] INFO: bat:Philip Salt:balls: 22 → 23 (fast-confirm, natural increment F85)[0m
[37m[16:03:37 F85 BOARD] INFO: Philip Salt: 36(22) -> 37(23) [F85][0m
[37m[16:03:37 F85 TEST] INFO:   [DIRECT] Batter updates: ['SALT: ext=37(23) → tracker=37(23) [was 36(22)]', 'PADIKKAL: ext=2(2) → tracker=2(2) [was 2(2)]'][0m
[37m[16:03:37 F85 TRACK] INFO: score: 60 → 61 (post-event immediate, grace=1)[0m
[37m[16:03:37 F85 BOARD] INFO: score: 60 -> 61 [F85][0m
[37m[16:03:37 F85 TEST] INFO:   [DIRECT] score→61[0m
[37m[16:03:37 F85 TRACK] INFO: overs: 6.1 → 6.2 (post-event immediate, grace=0)[0m
[37m[16:03:37 F85 BOARD] INFO: overs: 6.1 -> 6.2 [F85][0m
[37m[16:03:37 F85 TEST] INFO:   [DIRECT] overs→6.2[0m
[37m[16:03:37 F85 TEST] INFO:   [DIRECT] wickets→1[0m
[37m[16:03:38 F85 SCORER] INFO: Scored in 0.9s (llama-4-scout-17b-16e-instruct)[0m
[37m[16:03:38 F85 TEST] INFO:   [S] Hint: Current batters: SALT and PADIKKAL. Bowler: Kuldeep Yadav. Read their stats from the scoreboard. ALREADY DISMISSED (do NOT dismiss again): Virat Kohli[0m
[37m[16:03:38 F85 TEST] INFO:   [FLOW] Extractor batters not in scorer: {'PADIKKAL', 'SALT'}[0m
[37m[16:03:38 F85 TEST] INFO:   [WICKET-TRACK] Wicket at F85[0m
[37m[16:03:38 F85 TEST] INFO:   [S 856ms] Changes: ['score→61', 'overs→6.2', 'wickets→1', 'bat:Philip Salt=37(23)', 'bat:Devdutt Padikkal=2(2)', 'bowl:Kuldeep Yadav'][0m
[37m[16:03:38 F85 TEST] INFO:   Total: 2217ms (V:806 E:555 S:856)[0m
[37m[16:03:38 F85 TEST] INFO:   [THIS OVER] ['1'] = 1 runs[0m
[37m[16:03:38 F85 COMMENTARY] INFO: [BALL ✓] 1_RUNS | 6.2 +1 runs (Δballs=1)[0m
[37m[16:03:38 F85 TEST] INFO:   [THIS-OVER] Ball 1_RUNS appended to over 6[0m
[37m[16:03:38 F85 TEST] INFO:   [STRIKER] Rotated: Devdutt Padikkal ← Philip Salt[0m
[37m[16:04:03 F85 TEST] INFO:   [DELIVERY] good length, on the stumps, defended straight down the ground, along the ground (25149ms, 0 dets, method=vlm)[0m
[37m[16:04:03 F85 BOARD] INFO: run_rate: 9.73 -> 9.63 [F85][0m
[37m[16:04:03 F85 TEST] INFO:   STATE: Royal Challengers Bengaluru 61-1 (6.2) inn=1 RR=9.63 | Bat: Philip Salt(37) Devdutt Padikkal*(2) | Bowl: Kuldeep Yadav 0-1[0m
[37m[16:04:03 F85 SCORE_MGR] INFO: [SM] RUNS  61/1 (6.2)  striker=SALT[0m
[37m[16:04:03 F85 TEST] INFO:   [SHADOW] SM=RUNS BED=1_RUNS MATCH[0m
[37m[16:04:04 F85 TEST] INFO:   [COMM 504ms] wire(0ms), storyteller(503ms)[0m
[37m[16:04:04 F85 TEST] INFO:   [BALL EVENT ✓] 1_RUNS | 6.2 | +1 runs (Δballs=0) | A batsman is on the field.[0m
[37m[16:04:04 F85 TEST] INFO: DETAIL|F85|SCOREBOARD|tag=SCOREBOARD|scout=STRIP: RCB 61-1 (6.2) | SALT 37(23) | PADIKKAL 2(2) ||action=A batsman is on the field.|ext_score=61-1(6.2)|ext_bat=SALT 37(23) | PADIKKAL 2(2)|ext_bowl=|scorer_changes=['score→61', 'overs→6.2', 'wickets→1', 'bat:Philip Salt=37(23)', 'bat:Devdutt Padikkal=2(2)', 'bowl:Kuldeep Yadav']|yolo=0|BEFORE_score=60-1(6.1)|BEFORE_bat1=Philip Salt 36(22)|BEFORE_bat2=Devdutt Padikkal 2(2)|BEFORE_bowl=Kuldeep Yadav 0-1 (0.1)|BEFORE_this_over=['1']|AFTER_score=61-1(6.2)|AFTER_bat1=Philip Salt 37(23)|AFTER_bat2=Devdutt Padikkal 2(2)|AFTER_bowl=Kuldeep Yadav 0-1 (0.1)|AFTER_this_over=['1', '1']|AFTER_this_over_src=1(obs),1(obs)|AFTER_striker=Devdutt Padikkal|AFTER_non_striker=Philip Salt|AFTER_run_rate=9.63|AFTER_target=—|AFTER_innings=1|AFTER_partnership=6(5)|AFTER_fow_count=1|AFTER_field=spin_powerplay frozen=True fielders=['slip_1', 'point', 'cover', 'mid_off', 'mid_on', 'midwicket', 'square_leg', 'short_leg', 'fine_leg']|ball_event=1_RUNS|ball_event_runs=1|ball_event_over=6.2|ball_event_extra=—|ball_event_free_hit=—|broadcast_extra=—|dismissal_mode=—|striker_this_ball=Philip Salt|delivery_length=good_length|delivery_line=on_stumps|delivery_angle=over|delivery_shot=along_ground|delivery_direction=straight|delivery_elevation=along_ground|delivery_bounce=normal|delivery_dets=0|delivery_method=vlm|delivery_snap_dets=—|delivery_3layer_dets=—|delivery_det_rate=0.00|delivery_dir_zone=straight|delivery_dir_conf=high|delivery_pitch_pos=on_a_good_length|delivery_shot_action=defend|delivery_swing=not_visible|delivery_speed_vlm=84.0|delivery_vlm_conf=high|delivery_vlm_ms=1192|speed_kph=—|venue=—|batting_team=Royal Challengers Bengaluru|match_info=IPL 2026|completed_over=—|completed_over_runs=—|drs_state=NONE|corrections=none|lat_vision=806|lat_extract=555|lat_scorer=856|lat_field=39|lat_comm=504|lat_code=25112|lat_total=27871|comm_bowler=Kuldeep Yadav|comm_wire=6.2: Kuldeep Yadav to SALT — 1 run, good length (135.6 kph). 61/1|comm_storyteller=The batter takes a single, a quick dash down the track, and the RCB innings is ticking along. The partnership is building nicely, with the openers working the bowlers. A gentle push finds the gap, and|comm_analyst=—|comm_colour=—|comm_wire_ms=0|comm_story_ms=503|comm_analyst_ms=0|comm_colour_ms=0[0m
[37m[16:04:06 F86 VISION] INFO: [SCOUT] SCOREBOARD 741ms strip=True overlay=False drs=False digits=True 212 chars[0m
[37m[16:04:06 F86 TEST] INFO: 
=======================================================[0m
[37m[16:04:06 F86 TEST] INFO: [F86] SCOREBOARD — #50[0m
[37m[16:04:06 F86 TEST] INFO:   [V 745ms] STRIP: RCB 62-1 (6.3) | Salt 37(23) | Padikkal 3(3) | Kuldeep 0-3 (0.3)[0m
[37m[16:04:06 F86 EXTRACT] INFO: Extracted in 0.7s (llama-4-scout-17b-16e-instruct)[0m
[37m[16:04:06 F86 TEST] INFO:   [E 702ms] visible_team=Royal Challengers Bengaluru score=62-1 (6.3) target=None rr=None[0m
[37m[16:04:06 F86 TEST] INFO:     BAT: Salt 37(23) [0m
[37m[16:04:06 F86 TEST] INFO:     BAT: Padikkal 3(3) [0m
[37m[16:04:06 F86 TEST] INFO:     BOWL: Kuldeep 0-3 (0.3)[0m
[37m[16:04:06 F86 TRACK] INFO: bowl:Kuldeep Yadav:runs: 1 → 3 (post-event immediate, grace=1)[0m
[37m[16:04:06 F86 TRACK] INFO: bowl:Kuldeep Yadav:overs: 0.1 → 0.3 (post-event immediate, grace=0)[0m
[37m[16:04:06 F86 BOARD] INFO: Kuldeep Yadav: 0/1 (0.1) -> 0/3 (0.3) [F86][0m
[37m[16:04:06 F86 TRACK] INFO: bat:Devdutt Padikkal:runs: 2 → 3 (fast-confirm, natural increment F86)[0m
[37m[16:04:06 F86 TRACK] INFO: bat:Devdutt Padikkal:balls: 2 → 3 (fast-confirm, natural increment F86)[0m
[37m[16:04:06 F86 BOARD] INFO: Devdutt Padikkal: 2(2) -> 3(3) [F86][0m
[37m[16:04:06 F86 TEST] INFO:   [DIRECT] Batter updates: ['Salt: ext=37(23) → tracker=37(23) [was 37(23)]', 'Padikkal: ext=3(3) → tracker=3(3) [was 2(2)]'][0m
[37m[16:04:06 F86 TEST] INFO:   [DIRECT] wickets→1[0m
[37m[16:04:07 F86 SCORER] INFO: Scored in 0.9s (llama-4-scout-17b-16e-instruct)[0m
[37m[16:04:07 F86 TEST] INFO:   [S] Hint: Current batters: Salt and Padikkal. Bowler: Kuldeep ALREADY DISMISSED (do NOT dismiss again): Virat Kohli[0m
[37m[16:04:07 F86 TRACK] INFO: score: 61 → 62 (confirmed F86)[0m
[37m[16:04:07 F86 BOARD] INFO: score: 61 -> 62 [F86][0m
[37m[16:04:07 F86 TRACK] INFO: overs: 6.2 → 6.3 (confirmed F86)[0m
[37m[16:04:07 F86 BOARD] INFO: overs: 6.2 -> 6.3 [F86][0m
[37m[16:04:07 F86 TEST] INFO:   [FLOW] Extractor batters not in scorer: {'PADIKKAL', 'SALT'}[0m
[37m[16:04:07 F86 TEST] INFO:   [STRIKER-DEDUP] Devdutt Padikkal == non_striker → non_striker=Philip Salt[0m
[37m[16:04:07 F86 TEST] INFO:   [S 888ms] Changes: ['score→62', 'overs→6.3', 'bat:Philip Salt=37(23)', 'bat:Devdutt Padikkal=3(3)', 'bowl:Kuldeep Yadav'][0m
[37m[16:04:07 F86 TEST] INFO:   Total: 2334ms (V:745 E:702 S:888)[0m
[37m[16:04:07 F86 TEST] INFO:   [THIS OVER] ['1', '1'] = 2 runs[0m
[37m[16:04:07 F86 COMMENTARY] INFO: [BALL ✓] 1_RUNS | 6.3 +1 runs (Δballs=1)[0m
[37m[16:04:07 F86 TEST] INFO:   [THIS-OVER] Ball 1_RUNS appended to over 6[0m
[37m[16:04:07 F86 TEST] INFO:   [STRIKER] Rotated: Philip Salt ← Devdutt Padikkal[0mopening handshake failed
Traceback (most recent call last):
  File "/Users/anmolmohan/Projects/SportsComm/files/.venv/lib/python3.12/site-packages/websockets/asyncio/server.py", line 356, in conn_handler
    await connection.handshake(
  File "/Users/anmolmohan/Projects/SportsComm/files/.venv/lib/python3.12/site-packages/websockets/asyncio/server.py", line 142, in handshake
    async with self.send_context(expected_state=CONNECTING):
               ^^^^^^^^^^^^^^^^^^^^^^^^^^^^^^^^^^^^^^^^^^^^
  File "/opt/homebrew/Cellar/python@3.12/3.12.13/Frameworks/Python.framework/Versions/3.12/lib/python3.12/contextlib.py", line 210, in __aenter__
    return await anext(self.gen)
           ^^^^^^^^^^^^^^^^^^^^^
  File "/Users/anmolmohan/Projects/SportsComm/files/.venv/lib/python3.12/site-packages/websockets/asyncio/connection.py", line 965, in send_context
    raise self.protocol.close_exc from original_exc
websockets.exceptions.ConnectionClosedError: no close frame received or sent

[37m[16:04:24 F86 TEST] INFO:   [DELIVERY] full, wide outside off, driven straight down the ground, along the ground (16521ms, 0 dets, method=vlm)[0m
[37m[16:04:24 F86 BOARD] INFO: run_rate: 9.63 -> 9.54 [F86][0m
[37m[16:04:24 F86 TEST] INFO:   STATE: Royal Challengers Bengaluru 62-1 (6.3) inn=1 RR=9.54 | Bat: Philip Salt*(37) Devdutt Padikkal(3) | Bowl: Kuldeep Yadav 0-3[0m
[37m[16:04:24 F86 SCORE_MGR] INFO: [SM] RUNS  62/1 (6.3)  striker=PADIKKAL[0m
[37m[16:04:24 F86 TEST] INFO:   [SHADOW] SM=RUNS BED=1_RUNS MATCH[0m
[37m[16:04:24 F86 TEST] INFO:   [COMM 475ms] wire(0ms), storyteller(474ms)[0m
[37m[16:04:24 F86 TEST] INFO:   [BALL EVENT ✓] 1_RUNS | 6.3 | +1 runs (Δballs=0) | The bowler, Kuldeep Yadav, is ready to bowl another delivery[0m
[37m[16:04:24 F86 TEST] INFO: DETAIL|F86|SCOREBOARD|tag=SCOREBOARD|scout=STRIP: RCB 62-1 (6.3) | Salt 37(23) | Padikkal 3(3) | Kuldeep 0-3 (0.3)|action=The bowler, Kuldeep Yadav, is ready to bowl another delivery.|ext_score=62-1(6.3)|ext_bat=Salt 37(23) | Padikkal 3(3)|ext_bowl=Kuldeep 0-3 (0.3)|scorer_changes=['score→62', 'overs→6.3', 'bat:Philip Salt=37(23)', 'bat:Devdutt Padikkal=3(3)', 'bowl:Kuldeep Yadav']|yolo=0|BEFORE_score=61-1(6.2)|BEFORE_bat1=Philip Salt 37(23)|BEFORE_bat2=Devdutt Padikkal 2(2)|BEFORE_bowl=Kuldeep Yadav 0-1 (0.1)|BEFORE_this_over=['1', '1']|AFTER_score=62-1(6.3)|AFTER_bat1=Philip Salt 37(23)|AFTER_bat2=Devdutt Padikkal 3(3)|AFTER_bowl=Kuldeep Yadav 0-3 (0.3)|AFTER_this_over=['1', '1', '1']|AFTER_this_over_src=1(obs),1(obs),1(obs)|AFTER_striker=Philip Salt|AFTER_non_striker=Devdutt Padikkal|AFTER_run_rate=9.54|AFTER_target=—|AFTER_innings=1|AFTER_partnership=7(6)|AFTER_fow_count=1|AFTER_field=spin_powerplay frozen=True fielders=['slip_1', 'point', 'cover', 'mid_off', 'mid_on', 'midwicket', 'square_leg', 'short_leg', 'fine_leg']|ball_event=1_RUNS|ball_event_runs=1|ball_event_over=6.3|ball_event_extra=—|ball_event_free_hit=—|broadcast_extra=—|dismissal_mode=—|striker_this_ball=Devdutt Padikkal|delivery_length=full|delivery_line=wide_outside_off|delivery_angle=over|delivery_shot=along_ground|delivery_direction=straight|delivery_elevation=along_ground|delivery_bounce=normal|delivery_dets=0|delivery_method=vlm|delivery_snap_dets=—|delivery_3layer_dets=—|delivery_det_rate=0.00|delivery_dir_zone=straight|delivery_dir_conf=high|delivery_pitch_pos=on_a_driving_length|delivery_shot_action=drive|delivery_swing=not_visible|delivery_speed_vlm=85.1|delivery_vlm_conf=high|delivery_vlm_ms=1184|speed_kph=—|venue=—|batting_team=Royal Challengers Bengaluru|match_info=IPL 2026|completed_over=—|completed_over_runs=—|drs_state=NONE|corrections=none|lat_vision=745|lat_extract=702|lat_scorer=888|lat_field=42|lat_comm=475|lat_code=16481|lat_total=19331|comm_bowler=Kuldeep Yadav|comm_wire=6.3: Kuldeep Yadav to PADIKKAL — 1 run, full (135.6 kph). 62/1|comm_storyteller=The batters are finding their feet now, taking singles with ease. The bowler, Kuldeep Yadav, is probing away on a good length, but the batters are rotating the strike. A quick dash down the track, and|comm_analyst=—|comm_colour=—|comm_wire_ms=0|comm_story_ms=474|comm_analyst_ms=0|comm_colour_ms=0[0m
[37m[16:04:26 F87 VISION] INFO: [SCOUT] SCOREBOARD 850ms strip=True overlay=False drs=False digits=True 192 chars[0m
[37m[16:04:26 F87 TEST] INFO: 
=======================================================[0m
[37m[16:04:26 F87 TEST] INFO: [F87] SCOREBOARD — #51[0m
[37m[16:04:26 F87 TEST] INFO:   [V 853ms] STRIP: RCB 62-1 (6.3) | Salt 37(23) | Padikkal 3(3) | Kuldeep 0-3 (0.3)

The bowler, Kuldeep, is walking back to his mark.[0m
[37m[16:04:27 F87 EXTRACT] INFO: Extracted in 0.7s (llama-4-scout-17b-16e-instruct)[0m
[37m[16:04:27 F87 TEST] INFO:   [E 699ms] visible_team=Royal Challengers Bengaluru score=62-1 (6.3) target=None rr=None[0m
[37m[16:04:27 F87 TEST] INFO:     BAT: Salt 37(23) [0m
[37m[16:04:27 F87 TEST] INFO:     BAT: Padikkal 3(3) [0m
[37m[16:04:27 F87 TEST] INFO:     BOWL: Kuldeep 0-3 (0.3)[0m
[37m[16:04:27 F87 TEST] INFO:   [DIRECT] Batter updates: ['Salt: ext=37(23) → tracker=37(23) [was 37(23)]', 'Padikkal: ext=3(3) → tracker=3(3) [was 3(3)]'][0m
[37m[16:04:27 F87 TEST] INFO:   [DIRECT] score→62[0m
[37m[16:04:27 F87 TEST] INFO:   [DIRECT] overs→6.3[0m
[37m[16:04:27 F87 TEST] INFO:   [DIRECT] wickets→1[0m
[37m[16:04:28 F87 SCORER] INFO: Scored in 1.0s (llama-4-scout-17b-16e-instruct)[0m
[37m[16:04:28 F87 TEST] INFO:   [S] Hint: Current batters: Salt and Padikkal. Bowler: Kuldeep. Read their stats from the scoreboard. ALREADY DISMISSED (do NOT dismiss again): Virat Kohli[0m
[37m[16:04:28 F87 TEST] INFO:   [FLOW] Extractor batters not in scorer: {'PADIKKAL', 'SALT'}[0m
[37m[16:04:28 F87 TEST] INFO:   [WICKET-TRACK] Wicket at F87[0m
[37m[16:04:28 F87 TEST] INFO:   [S 965ms] Changes: ['score→62', 'overs→6.3', 'wickets→1', 'bat:Philip Salt=37(23)', 'bat:Devdutt Padikkal=3(3)', 'bowl:Kuldeep Yadav'][0m
[37m[16:04:28 F87 TEST] INFO:   Total: 2517ms (V:853 E:699 S:965)[0m
[37m[16:04:28 F87 TEST] INFO:   [THIS OVER] ['1', '1', '1'] = 3 runs[0m
[37m[16:04:28 F87 TEST] INFO:   STATE: Royal Challengers Bengaluru 62-1 (6.3) inn=1 RR=9.54 | Bat: Philip Salt*(37) Devdutt Padikkal(3) | Bowl: Kuldeep Yadav 0-3[0m
[37m[16:04:28 F87 FIELD] INFO: [F87] IC-cover pushed back — defensive[0m
[37m[16:04:28 F87 FIELD] INFO: [F87] short leg set — expecting bat-pad[0m
[37m[16:04:28 F87 FIELD] INFO: [F87] OC-deep_backward_point moved to OC-deep_gully[0m
[37m[16:04:28 F87 FIELD] INFO: [F87] OC-deep_point moved to OC-straight_long_on[0m
[37m[16:04:28 F87 TEST] INFO: DETAIL|F87|SCOREBOARD|tag=SCOREBOARD|scout=STRIP: RCB 62-1 (6.3) | Salt 37(23) | Padikkal 3(3) | Kuldeep 0-3 (0.3)  The bowler, Kuldeep, is walking back to his mar|action=—|ext_score=62-1(6.3)|ext_bat=Salt 37(23) | Padikkal 3(3)|ext_bowl=Kuldeep 0-3 (0.3)|scorer_changes=['score→62', 'overs→6.3', 'wickets→1', 'bat:Philip Salt=37(23)', 'bat:Devdutt Padikkal=3(3)', 'bowl:Kuldeep Yadav']|yolo=4|BEFORE_score=62-1(6.3)|BEFORE_bat1=Philip Salt 37(23)|BEFORE_bat2=Devdutt Padikkal 3(3)|BEFORE_bowl=Kuldeep Yadav 0-3 (0.3)|BEFORE_this_over=['1', '1', '1']|AFTER_score=62-1(6.3)|AFTER_bat1=Philip Salt 37(23)|AFTER_bat2=Devdutt Padikkal 3(3)|AFTER_bowl=Kuldeep Yadav 0-3 (0.3)|AFTER_this_over=['1', '1', '1']|AFTER_this_over_src=1(obs),1(obs),1(obs)|AFTER_striker=Philip Salt|AFTER_non_striker=Devdutt Padikkal|AFTER_run_rate=9.54|AFTER_target=—|AFTER_innings=1|AFTER_partnership=7(6)|AFTER_fow_count=1|AFTER_field=spin_powerplay frozen=True fielders=['slip_1', 'point', 'cover', 'mid_off', 'mid_on', 'midwicket', 'square_leg', 'short_leg', 'fine_leg']|ball_event=—|ball_event_runs=—|ball_event_over=—|ball_event_extra=—|ball_event_free_hit=—|broadcast_extra=—|dismissal_mode=—|striker_this_ball=Philip Salt|delivery_length=—|delivery_line=—|delivery_angle=—|delivery_shot=—|delivery_direction=—|delivery_elevation=—|delivery_bounce=—|delivery_dets=0|delivery_method=—|delivery_snap_dets=—|delivery_3layer_dets=—|delivery_det_rate=—|delivery_dir_zone=—|delivery_dir_conf=0|delivery_pitch_pos=—|delivery_shot_action=—|delivery_swing=—|delivery_speed_vlm=—|delivery_vlm_conf=—|delivery_vlm_ms=—|speed_kph=—|venue=—|batting_team=Royal Challengers Bengaluru|match_info=IPL 2026|completed_over=—|completed_over_runs=—|drs_state=NONE|corrections=none|lat_vision=853|lat_extract=699|lat_scorer=965|lat_field=45|lat_comm=0|lat_code=0|lat_total=2519|comm_bowler=Kuldeep Yadav|comm_wire=—|comm_storyteller=—|comm_analyst=—|comm_colour=—|comm_wire_ms=0|comm_story_ms=0|comm_analyst_ms=0|comm_colour_ms=0[0m
[37m[16:04:29 F88 VISION] INFO: [SCOUT] SCOREBOARD 633ms strip=True overlay=False drs=False digits=True 239 chars[0m
[37m[16:04:29 F88 TEST] INFO: 
=======================================================[0m
[37m[16:04:29 F88 TEST] INFO: [F88] SCOREBOARD — #52[0m
[37m[16:04:29 F88 TEST] INFO:   [V 637ms] STRIP: RCB 63-1 (6.4) | Salt 38(24) | Padikkal 3(3) | 

INFO_PANEL: 
SPEED: 85.8 kph
EXTRA: 
THIS OVER: 
FULL SCORECARD: 

The bowler is about to bowl the next delivery.[0mopening handshake failed
Traceback (most recent call last):
  File "/Users/anmolmohan/Projects/SportsComm/files/.venv/lib/python3.12/site-packages/websockets/asyncio/server.py", line 356, in conn_handler
    await connection.handshake(
  File "/Users/anmolmohan/Projects/SportsComm/files/.venv/lib/python3.12/site-packages/websockets/asyncio/server.py", line 142, in handshake
    async with self.send_context(expected_state=CONNECTING):
               ^^^^^^^^^^^^^^^^^^^^^^^^^^^^^^^^^^^^^^^^^^^^
  File "/opt/homebrew/Cellar/python@3.12/3.12.13/Frameworks/Python.framework/Versions/3.12/lib/python3.12/contextlib.py", line 210, in __aenter__
    return await anext(self.gen)
           ^^^^^^^^^^^^^^^^^^^^^
  File "/Users/anmolmohan/Projects/SportsComm/files/.venv/lib/python3.12/site-packages/websockets/asyncio/connection.py", line 965, in send_context
    raise self.protocol.close_exc from original_exc
websockets.exceptions.ConnectionClosedError: no close frame received or sent

[37m[16:04:30 F88 EXTRACT] INFO: Extracted in 0.6s (llama-4-scout-17b-16e-instruct)[0m
[37m[16:04:30 F88 TEST] INFO:   [E 606ms] visible_team=Royal Challengers Bengaluru score=63-1 (6.4) target=None rr=None[0m
[37m[16:04:30 F88 TEST] INFO:     BAT: Salt 38(24) [0m
[37m[16:04:30 F88 TEST] INFO:     BAT: Padikkal 3(3) [0m
[37m[16:04:30 F88 TRACK] INFO: bat:Philip Salt:runs: 37 → 38 (fast-confirm, natural increment F88)[0m
[37m[16:04:30 F88 TRACK] INFO: bat:Philip Salt:balls: 23 → 24 (fast-confirm, natural increment F88)[0m
[37m[16:04:30 F88 BOARD] INFO: Philip Salt: 37(23) -> 38(24) [F88][0m
[37m[16:04:30 F88 TEST] INFO:   [DIRECT] Batter updates: ['Salt: ext=38(24) → tracker=38(24) [was 37(23)]', 'Padikkal: ext=3(3) → tracker=3(3) [was 3(3)]'][0m
[37m[16:04:30 F88 TRACK] INFO: score: 62 → 63 (post-event immediate, grace=1)[0m
[37m[16:04:30 F88 BOARD] INFO: score: 62 -> 63 [F88][0m
[37m[16:04:30 F88 TEST] INFO:   [DIRECT] score→63[0m
[37m[16:04:30 F88 TRACK] INFO: overs: 6.3 → 6.4 (post-event immediate, grace=0)[0m
[37m[16:04:30 F88 BOARD] INFO: overs: 6.3 -> 6.4 [F88][0m
[37m[16:04:30 F88 TEST] INFO:   [DIRECT] overs→6.4[0m
[37m[16:04:30 F88 TEST] INFO:   [DIRECT] wickets→1[0m
[37m[16:04:31 F88 SCORER] INFO: Scored in 0.9s (llama-4-scout-17b-16e-instruct)[0m
[37m[16:04:31 F88 TEST] INFO:   [S] Hint: Current batters: Salt and Padikkal. Bowler: Kuldeep Yadav. Read their stats from the scoreboard. ALREADY DISMISSED (do NOT dismiss again): Virat Kohli[0m
[37m[16:04:31 F88 TEST] INFO:   [FLOW] Extractor batters not in scorer: {'PADIKKAL', 'SALT'}[0m
[37m[16:04:31 F88 TEST] INFO:   [S 902ms] Changes: ['score→63', 'overs→6.4', 'bat:Philip Salt=38(24)', 'bat:Devdutt Padikkal=3(3)', 'bowl:Kuldeep Yadav'][0m
[37m[16:04:31 F88 TEST] INFO:   Total: 2145ms (V:637 E:606 S:902)[0m
[37m[16:04:31 F88 TEST] INFO:   [THIS OVER] ['1', '1', '1'] = 3 runs[0m
[37m[16:04:31 F88 COMMENTARY] INFO: [BALL ✓] 1_RUNS | 6.4 +1 runs (Δballs=1)[0m
[37m[16:04:31 F88 TEST] INFO:   [THIS-OVER] Ball 1_RUNS appended to over 6[0m
[37m[16:04:31 F88 TEST] INFO:   [STRIKER] Rotated: Devdutt Padikkal ← Philip Salt[0m
[37m[16:04:57 F88 TEST] INFO:   [DELIVERY] full toss, on the stumps, defended straight down the ground, along the ground (26362ms, 0 dets, method=vlm)[0m
[37m[16:04:57 F88 BOARD] INFO: run_rate: 9.54 -> 9.45 [F88][0m
[37m[16:04:57 F88 TEST] INFO:   STATE: Royal Challengers Bengaluru 63-1 (6.4) inn=1 RR=9.45 | Bat: Philip Salt(38) Devdutt Padikkal*(3) | Bowl: Kuldeep Yadav 0-3[0m
[37m[16:04:57 F88 SCORE_MGR] INFO: [SM] RUNS  63/1 (6.4)  striker=SALT[0m
[37m[16:04:57 F88 TEST] INFO:   [SHADOW] SM=RUNS BED=1_RUNS MATCH[0m
[37m[16:04:58 F88 TEST] INFO:   [COMM 475ms] wire(0ms), storyteller(474ms)[0m
[37m[16:04:58 F88 TEST] INFO:   [BALL EVENT ✓] 1_RUNS | 6.4 | +1 runs (Δballs=0)[0m
[37m[16:04:58 F88 TEST] INFO: DETAIL|F88|SCOREBOARD|tag=SCOREBOARD|scout=STRIP: RCB 63-1 (6.4) | Salt 38(24) | Padikkal 3(3) |   INFO_PANEL:  SPEED: 85.8 kph EXTRA:  THIS OVER:  FULL SCORECARD:|action=—|ext_score=63-1(6.4)|ext_bat=Salt 38(24) | Padikkal 3(3)|ext_bowl=|scorer_changes=['score→63', 'overs→6.4', 'bat:Philip Salt=38(24)', 'bat:Devdutt Padikkal=3(3)', 'bowl:Kuldeep Yadav']|yolo=0|BEFORE_score=62-1(6.3)|BEFORE_bat1=Philip Salt 37(23)|BEFORE_bat2=Devdutt Padikkal 3(3)|BEFORE_bowl=Kuldeep Yadav 0-3 (0.3)|BEFORE_this_over=['1', '1', '1']|AFTER_score=63-1(6.4)|AFTER_bat1=Philip Salt 38(24)|AFTER_bat2=Devdutt Padikkal 3(3)|AFTER_bowl=Kuldeep Yadav 0-3 (0.3)|AFTER_this_over=['1', '1', '1', '1']|AFTER_this_over_src=1(obs),1(obs),1(obs),1(obs)|AFTER_striker=Devdutt Padikkal|AFTER_non_striker=Philip Salt|AFTER_run_rate=9.45|AFTER_target=—|AFTER_innings=1|AFTER_partnership=8(7)|AFTER_fow_count=1|AFTER_field=spin_powerplay frozen=True fielders=['slip_1', 'point', 'cover', 'mid_off', 'mid_on', 'midwicket', 'square_leg', 'short_leg', 'fine_leg']|ball_event=1_RUNS|ball_event_runs=1|ball_event_over=6.4|ball_event_extra=—|ball_event_free_hit=—|broadcast_extra=—|dismissal_mode=—|striker_this_ball=Philip Salt|delivery_length=full_toss|delivery_line=on_stumps|delivery_angle=over|delivery_shot=along_ground|delivery_direction=straight|delivery_elevation=along_ground|delivery_bounce=no_bounce|delivery_dets=0|delivery_method=vlm|delivery_snap_dets=—|delivery_3layer_dets=—|delivery_det_rate=0.00|delivery_dir_zone=straight|delivery_dir_conf=high|delivery_pitch_pos=on_a_driving_length|delivery_shot_action=defend|delivery_swing=not_visible|delivery_speed_vlm=85.8|delivery_vlm_conf=high|delivery_vlm_ms=1173|speed_kph=85.8|venue=—|batting_team=Royal Challengers Bengaluru|match_info=IPL 2026|completed_over=—|completed_over_runs=—|drs_state=NONE|corrections=none|lat_vision=637|lat_extract=606|lat_scorer=902|lat_field=44|lat_comm=475|lat_code=26321|lat_total=28984|comm_bowler=Kuldeep Yadav|comm_wire=6.4: Kuldeep Yadav to SALT — 1 run, full toss (85.8 kph). 63/1|comm_storyteller=The batters continue to rotate the strike, and on this occasion, it's a gentle push towards the that allows them to sneak a single. The fielder chases down the ball, but the batters are quick to react|comm_analyst=—|comm_colour=—|comm_wire_ms=0|comm_story_ms=474|comm_analyst_ms=0|comm_colour_ms=0[0m
[37m[16:05:00 F89 VISION] INFO: [SCOUT] SCOREBOARD 756ms strip=True overlay=False drs=False digits=True 225 chars[0m
[37m[16:05:00 F89 OVER] INFO: Broadcast ['1', '1', '1', '1', '1', '1'] — no gaps to fill in local ['1', '1', '1', '1'][0m
[37m[16:05:00 F89 TEST] INFO: 
=======================================================[0m
[37m[16:05:00 F89 TEST] INFO: [F89] SCOREBOARD — #53[0m
[37m[16:05:00 F89 TEST] INFO:   [V 759ms] STRIP: RCB 64-1 6.5 | SALT 38(24) | PADIKKAL 4(4) | 

SPEED: 87.4 kph
THIS OVER: 1 1 1 1 1 1 

The bowler, likely Kuldeep Yadav, is bowling the sixth over.[0m
[37m[16:05:01 F89 EXTRACT] INFO: Extracted in 1.0s (llama-4-scout-17b-16e-instruct)[0m
[37m[16:05:01 F89 TEST] INFO:   [E 985ms] visible_team=Royal Challengers Bengaluru score=64-1 (6.5) target=None rr=None[0m
[37m[16:05:01 F89 TEST] INFO:     BAT: SALT 38(24) [0m
[37m[16:05:01 F89 TEST] INFO:     BAT: PADIKKAL 4(4) [0m
[37m[16:05:01 F89 TEST] INFO:     BOWL: Kuldeep Yadav None-None (6.5)[0m
[37m[16:05:01 F89 BOARD] INFO: [GUARD] Bowler Kuldeep Yadav overs 6.5 > 4.0 — career stat, dropping ALL figures[0m
[37m[16:05:01 F89 TRACK] INFO: bat:Devdutt Padikkal:runs: 3 → 4 (fast-confirm, natural increment F89)[0m
[37m[16:05:01 F89 TRACK] INFO: bat:Devdutt Padikkal:balls: 3 → 4 (fast-confirm, natural increment F89)[0m
[37m[16:05:01 F89 BOARD] INFO: Devdutt Padikkal: 3(3) -> 4(4) [F89][0m
[37m[16:05:01 F89 TEST] INFO:   [DIRECT] Batter updates: ['SALT: ext=38(24) → tracker=38(24) [was 38(24)]', 'PADIKKAL: ext=4(4) → tracker=4(4) [was 3(3)]'][0m
[37m[16:05:01 F89 TRACK] INFO: score: 63 → 64 (post-event immediate, grace=1)[0m
[37m[16:05:01 F89 BOARD] INFO: score: 63 -> 64 [F89][0m
[37m[16:05:01 F89 TEST] INFO:   [DIRECT] score→64[0m
[37m[16:05:01 F89 TRACK] INFO: overs: 6.4 → 6.5 (post-event immediate, grace=0)[0m
[37m[16:05:01 F89 BOARD] INFO: overs: 6.4 -> 6.5 [F89][0m
[37m[16:05:01 F89 TEST] INFO:   [DIRECT] overs→6.5[0m
[37m[16:05:01 F89 TEST] INFO:   [DIRECT] wickets→1[0m
[37m[16:05:02 F89 SCORER] INFO: Scored in 1.1s (llama-4-scout-17b-16e-instruct)[0m
[37m[16:05:02 F89 TEST] INFO:   [S] Hint: Current batters: SALT and PADIKKAL. Bowler: Yadav. Read their stats from the scoreboard. ALREADY DISMISSED (do NOT dismiss again): Virat Kohli[0m
[37m[16:05:02 F89 TEST] INFO:   [FLOW] Extractor batters not in scorer: {'PADIKKAL', 'SALT'}[0m
[37m[16:05:02 F89 TEST] INFO:   [S 1056ms] Changes: ['score→64', 'overs→6.5', 'bat:Philip Salt=38(24)', 'bat:Devdutt Padikkal=4(4)', 'bowl:Kuldeep Yadav'][0m
[37m[16:05:02 F89 TEST] INFO:   Total: 2799ms (V:759 E:985 S:1056)[0m
[37m[16:05:02 F89 TEST] INFO:   [THIS OVER] ['1', '1', '1', '1'] = 4 runs[0m
[37m[16:05:02 F89 COMMENTARY] INFO: [BALL ✓] 1_RUNS | 6.5 +1 runs (Δballs=1)[0m
[37m[16:05:02 F89 TEST] INFO:   [THIS-OVER] Ball 1_RUNS appended to over 6[0m
[37m[16:05:02 F89 TEST] INFO:   [STRIKER] Rotated: Philip Salt ← Devdutt Padikkal[0m
[37m[16:05:30 F89 TEST] INFO:   [DELIVERY] short, on the stumps, driven straight down the ground, along the ground (28179ms, 0 dets, method=vlm)[0m
[37m[16:05:30 F89 BOARD] INFO: run_rate: 9.45 -> 9.37 [F89][0m
[37m[16:05:30 F89 TEST] INFO:   STATE: Royal Challengers Bengaluru 64-1 (6.5) inn=1 RR=9.37 | Bat: Philip Salt*(38) Devdutt Padikkal(4) | Bowl: Kuldeep Yadav 0-3[0m
[37m[16:05:30 F89 TEST] INFO:   [OVERS FIX] extractor=6.5 this_over_tokens=6 → 6.6[0m
[37m[16:05:30 F89 TEST] INFO:   [SHADOW] SM=None BED=1_RUNS MISSED[0m
[37m[16:05:31 F89 TEST] INFO:   [COMM 912ms] wire(340ms), storyteller(911ms)[0m
[37m[16:05:31 F89 TEST] INFO:   [BALL EVENT ✓] 1_RUNS | 6.5 | +1 runs (Δballs=0)[0m
[37m[16:05:31 F89 TEST] INFO: DETAIL|F89|SCOREBOARD|tag=SCOREBOARD|scout=STRIP: RCB 64-1 6.5 | SALT 38(24) | PADIKKAL 4(4) |   SPEED: 87.4 kph THIS OVER: 1 1 1 1 1 1   The bowler, likely Kuldee|action=—|ext_score=64-1(6.5)|ext_bat=SALT 38(24) | PADIKKAL 4(4)|ext_bowl=Kuldeep Yadav None-None (6.5)|scorer_changes=['score→64', 'overs→6.5', 'bat:Philip Salt=38(24)', 'bat:Devdutt Padikkal=4(4)', 'bowl:Kuldeep Yadav']|yolo=0|BEFORE_score=63-1(6.4)|BEFORE_bat1=Philip Salt 38(24)|BEFORE_bat2=Devdutt Padikkal 3(3)|BEFORE_bowl=Kuldeep Yadav 0-3 (0.3)|BEFORE_this_over=['1', '1', '1', '1']|AFTER_score=64-1(6.5)|AFTER_bat1=Philip Salt 38(24)|AFTER_bat2=Devdutt Padikkal 4(4)|AFTER_bowl=Kuldeep Yadav 0-3 (0.3)|AFTER_this_over=['1', '1', '1', '1', '1']|AFTER_this_over_src=1(obs),1(obs),1(obs),1(obs),1(obs)|AFTER_striker=Philip Salt|AFTER_non_striker=Devdutt Padikkal|AFTER_run_rate=9.37|AFTER_target=—|AFTER_innings=1|AFTER_partnership=9(8)|AFTER_fow_count=1|AFTER_field=spin_powerplay frozen=True fielders=['slip_1', 'point', 'cover', 'mid_off', 'mid_on', 'midwicket', 'square_leg', 'short_leg', 'fine_leg']|ball_event=1_RUNS|ball_event_runs=1|ball_event_over=6.5|ball_event_extra=—|ball_event_free_hit=—|broadcast_extra=—|dismissal_mode=—|striker_this_ball=Devdutt Padikkal|delivery_length=short|delivery_line=on_stumps|delivery_angle=over|delivery_shot=along_ground|delivery_direction=straight|delivery_elevation=along_ground|delivery_bounce=normal|delivery_dets=0|delivery_method=vlm|delivery_snap_dets=—|delivery_3layer_dets=—|delivery_det_rate=0.00|delivery_dir_zone=straight|delivery_dir_conf=high|delivery_pitch_pos=back_of_a_length|delivery_shot_action=drive|delivery_swing=not_visible|delivery_speed_vlm=87.4|delivery_vlm_conf=high|delivery_vlm_ms=1638|speed_kph=87.4|venue=—|batting_team=Royal Challengers Bengaluru|match_info=IPL 2026|completed_over=—|completed_over_runs=—|drs_state=NONE|corrections=none|lat_vision=759|lat_extract=985|lat_scorer=1056|lat_field=43|lat_comm=912|lat_code=28138|lat_total=31893|comm_bowler=Kuldeep Yadav|comm_wire=6.5: Devdutt Padikkal takes a single, pushing a short ball from Kuldeep Yadav straight back down the ground, along the track. The batters continue to |comm_storyteller=Kuldeep Yadav scurries back to his mark, and here comes the sixth ball of his over. He runs in, a bit of pace, angling it over the stumps. Devdutt Padikkal takes his time, watches the ball closely, an|comm_analyst=—|comm_colour=—|comm_wire_ms=340|comm_story_ms=911|comm_analyst_ms=0|comm_colour_ms=0[0m
[37m[16:05:33 F90 VISION] INFO: [SCOUT] SCOREBOARD 1073ms strip=True overlay=False drs=False digits=True 184 chars[0m
[37m[16:05:33 F90 TEST] INFO: [SLEEP] Burst mode ON — last ball of over[0m
[37m[16:05:33 F90 TEST] INFO: 
=======================================================[0m
[37m[16:05:33 F90 TEST] INFO: [F90] SCOREBOARD — #54[0m
[37m[16:05:33 F90 TEST] INFO:   [V 1076ms] STRIP: RCB 64-1 (6.5) | SALT 38(24) | PADIKKAL 4(4) | KULDEEP 0-5 (0.5)[0m
[37m[16:05:34 F90 EXTRACT] INFO: Extracted in 0.7s (llama-4-scout-17b-16e-instruct)[0m
[37m[16:05:34 F90 TEST] INFO:   [E 720ms] visible_team=Royal Challengers Bengaluru score=64-1 (6.5) target=None rr=None[0m
[37m[16:05:34 F90 TEST] INFO:     BAT: SALT 38(24) [0m
[37m[16:05:34 F90 TEST] INFO:     BAT: PADIKKAL 4(4) [0m
[37m[16:05:34 F90 TEST] INFO:     BOWL: KULDEEP 0-5 (0.5)[0m
[37m[16:05:34 F90 TRACK] INFO: bowl:Kuldeep Yadav:runs: 3 → 5 (post-event immediate, grace=1)[0m
[37m[16:05:34 F90 TRACK] INFO: bowl:Kuldeep Yadav:overs: 0.3 → 0.5 (post-event immediate, grace=0)[0m
[37m[16:05:34 F90 BOARD] INFO: Kuldeep Yadav: 0/3 (0.3) -> 0/5 (0.5) [F90][0m
[37m[16:05:34 F90 TEST] INFO:   [DIRECT] Batter updates: ['SALT: ext=38(24) → tracker=38(24) [was 38(24)]', 'PADIKKAL: ext=4(4) → tracker=4(4) [was 4(4)]'][0m
[37m[16:05:34 F90 TEST] INFO:   [DIRECT] score→64[0m
[37m[16:05:34 F90 TEST] INFO:   [DIRECT] overs→6.5[0m
[37m[16:05:34 F90 TEST] INFO:   [DIRECT] wickets→1[0m
[37m[16:05:35 F90 SCORER] INFO: Scored in 1.0s (llama-4-scout-17b-16e-instruct)[0m
[37m[16:05:35 F90 TEST] INFO:   [S] Hint: Current batters: SALT and PADIKKAL. Bowler: KULDEEP. Read their stats from the scoreboard. ALREADY DISMISSED (do NOT dismiss again): Virat Kohli[0m
[37m[16:05:35 F90 TEST] INFO:   [FLOW] Extractor batters not in scorer: {'PADIKKAL', 'SALT'}[0m
[37m[16:05:35 F90 TEST] INFO:   [WICKET-TRACK] Wicket at F90[0m
[37m[16:05:35 F90 TEST] INFO:   [S 952ms] Changes: ['score→64', 'overs→6.5', 'wickets→1', 'bat:Philip Salt=38(24)', 'bat:Devdutt Padikkal=4(4)', 'bowl:Kuldeep Yadav'][0m
[37m[16:05:35 F90 TEST] INFO:   Total: 2748ms (V:1076 E:720 S:952)[0m
[37m[16:05:35 F90 TEST] INFO:   [THIS OVER] ['1', '1', '1', '1', '1'] = 5 runs[0m
[37m[16:05:35 F90 TEST] INFO:   STATE: Royal Challengers Bengaluru 64-1 (6.5) inn=1 RR=9.37 | Bat: Philip Salt*(38) Devdutt Padikkal(4) | Bowl: Kuldeep Yadav 0-5[0m
[37m[16:05:35 F90 SCORE_MGR] INFO: [SM] RUNS  64/1 (6.5)  striker=PADIKKAL[0m
[37m[16:05:35 F90 TEST] INFO:   [SHADOW] SM=RUNS BED=None EXTRA_FIRE[0m
[37m[16:05:35 F90 TEST] INFO:   [ACTION] A delivery is about to be bowled.[0m
[37m[16:05:35 F90 FIELD] INFO: [F90] balanced | total:5 (yolo:5 vis:0) | slips:0 in:2 out:3 | keeper:back | fresh:0 balls ago | conf:0.6 | 48ms[0m
[37m[16:05:35 F90 TEST] INFO: DETAIL|F90|SCOREBOARD|tag=SCOREBOARD|scout=STRIP: RCB 64-1 (6.5) | SALT 38(24) | PADIKKAL 4(4) | KULDEEP 0-5 (0.5)|action=A delivery is about to be bowled.|ext_score=64-1(6.5)|ext_bat=SALT 38(24) | PADIKKAL 4(4)|ext_bowl=KULDEEP 0-5 (0.5)|scorer_changes=['score→64', 'overs→6.5', 'wickets→1', 'bat:Philip Salt=38(24)', 'bat:Devdutt Padikkal=4(4)', 'bowl:Kuldeep Yadav']|yolo=5|BEFORE_score=64-1(6.5)|BEFORE_bat1=Philip Salt 38(24)|BEFORE_bat2=Devdutt Padikkal 4(4)|BEFORE_bowl=Kuldeep Yadav 0-3 (0.3)|BEFORE_this_over=['1', '1', '1', '1', '1']|AFTER_score=64-1(6.5)|AFTER_bat1=Philip Salt 38(24)|AFTER_bat2=Devdutt Padikkal 4(4)|AFTER_bowl=Kuldeep Yadav 0-5 (0.5)|AFTER_this_over=['1', '1', '1', '1', '1']|AFTER_this_over_src=1(obs),1(obs),1(obs),1(obs),1(obs)|AFTER_striker=Philip Salt|AFTER_non_striker=Devdutt Padikkal|AFTER_run_rate=9.37|AFTER_target=—|AFTER_innings=1|AFTER_partnership=9(8)|AFTER_fow_count=1|AFTER_field=spin_powerplay frozen=True fielders=['slip_1', 'point', 'cover', 'mid_off', 'mid_on', 'midwicket', 'square_leg', 'short_leg', 'fine_leg']|ball_event=—|ball_event_runs=—|ball_event_over=—|ball_event_extra=—|ball_event_free_hit=—|broadcast_extra=—|dismissal_mode=—|striker_this_ball=Philip Salt|delivery_length=—|delivery_line=—|delivery_angle=—|delivery_shot=—|delivery_direction=—|delivery_elevation=—|delivery_bounce=—|delivery_dets=0|delivery_method=—|delivery_snap_dets=—|delivery_3layer_dets=—|delivery_det_rate=—|delivery_dir_zone=—|delivery_dir_conf=0|delivery_pitch_pos=—|delivery_shot_action=—|delivery_swing=—|delivery_speed_vlm=—|delivery_vlm_conf=—|delivery_vlm_ms=—|speed_kph=—|venue=—|batting_team=Royal Challengers Bengaluru|match_info=IPL 2026|completed_over=—|completed_over_runs=—|drs_state=NONE|corrections=none|lat_vision=1076|lat_extract=720|lat_scorer=952|lat_field=48|lat_comm=0|lat_code=0|lat_total=2750|comm_bowler=Kuldeep Yadav|comm_wire=—|comm_storyteller=—|comm_analyst=—|comm_colour=—|comm_wire_ms=0|comm_story_ms=0|comm_analyst_ms=0|comm_colour_ms=0[0m
[37m[16:05:35 F91 VISION] INFO: [SCOUT] SCOREBOARD 602ms strip=True overlay=False drs=False digits=True 178 chars[0m
[37m[16:05:35 F91 TEST] INFO: 
=======================================================[0m
[37m[16:05:35 F91 TEST] INFO: [F91] SCOREBOARD — #55[0m
[37m[16:05:35 F91 TEST] INFO:   [V 605ms] STRIP: RCB 64-1 (6.5) | SALT 38(24) | PADIKKAL 4(4) | KULDEEP 0-5 (0.5)[0m
[37m[16:05:36 F91 EXTRACT] INFO: Extracted in 0.6s (llama-4-scout-17b-16e-instruct)[0m
[37m[16:05:36 F91 TEST] INFO:   [E 604ms] visible_team=Royal Challengers Bengaluru score=64-1 (6.5) target=None rr=None[0m
[37m[16:05:36 F91 TEST] INFO:     BAT: SALT 38(24) [0m
[37m[16:05:36 F91 TEST] INFO:     BAT: PADIKKAL 4(4) [0m
[37m[16:05:36 F91 TEST] INFO:     BOWL: KULDEEP 0-5 (0.5)[0m
[37m[16:05:36 F91 TEST] INFO:   [DIRECT] Batter updates: ['SALT: ext=38(24) → tracker=38(24) [was 38(24)]', 'PADIKKAL: ext=4(4) → tracker=4(4) [was 4(4)]'][0m
[37m[16:05:36 F91 TEST] INFO:   [DIRECT] score→64[0m
[37m[16:05:36 F91 TEST] INFO:   [DIRECT] overs→6.5[0m
[37m[16:05:36 F91 TEST] INFO:   [DIRECT] wickets→1[0m
[37m[16:05:37 F91 SCORER] INFO: Scored in 0.9s (llama-4-scout-17b-16e-instruct)[0m
[37m[16:05:37 F91 TEST] INFO:   [S] Hint: Current batters: SALT and PADIKKAL. Bowler: KULDEEP. Read their stats from the scoreboard. ALREADY DISMISSED (do NOT dismiss again): Virat Kohli[0m
[37m[16:05:37 F91 TEST] INFO:   [FLOW] Extractor batters not in scorer: {'PADIKKAL', 'SALT'}[0m
[37m[16:05:37 F91 TEST] INFO:   [WICKET-TRACK] Wicket at F91[0m
[37m[16:05:37 F91 TEST] INFO:   [S 874ms] Changes: ['score→64', 'overs→6.5', 'wickets→1', 'bat:Philip Salt=38(24)', 'bat:Devdutt Padikkal=4(4)', 'bowl:Kuldeep Yadav'][0m
[37m[16:05:37 F91 TEST] INFO:   Total: 2083ms (V:605 E:604 S:874)[0m
[37m[16:05:37 F91 TEST] INFO:   [THIS OVER] ['1', '1', '1', '1', '1'] = 5 runs[0m
[37m[16:05:37 F91 TEST] INFO:   STATE: Royal Challengers Bengaluru 64-1 (6.5) inn=1 RR=9.37 | Bat: Philip Salt*(38) Devdutt Padikkal(4) | Bowl: Kuldeep Yadav 0-5[0m
[37m[16:05:37 F91 TEST] INFO:   [ACTION] A delivery is being bowled.[0m
[37m[16:05:37 F91 FIELD] INFO: [F91] OC-deep_extra_cover moved to OC-deep_cover_point[0m
[37m[16:05:37 F91 FIELD] INFO: [F91] IC-backward_point pushed back — defensive[0m
[37m[16:05:37 F91 FIELD] INFO: [F91] IC-point pushed back — defensive[0m
[37m[16:05:37 F91 FIELD] INFO: [F91] OC-deep_backward_point moved to OC-deep_point[0m
[37m[16:05:37 F91 TEST] INFO: DETAIL|F91|SCOREBOARD|tag=SCOREBOARD|scout=STRIP: RCB 64-1 (6.5) | SALT 38(24) | PADIKKAL 4(4) | KULDEEP 0-5 (0.5)|action=A delivery is being bowled.|ext_score=64-1(6.5)|ext_bat=SALT 38(24) | PADIKKAL 4(4)|ext_bowl=KULDEEP 0-5 (0.5)|scorer_changes=['score→64', 'overs→6.5', 'wickets→1', 'bat:Philip Salt=38(24)', 'bat:Devdutt Padikkal=4(4)', 'bowl:Kuldeep Yadav']|yolo=4|BEFORE_score=64-1(6.5)|BEFORE_bat1=Philip Salt 38(24)|BEFORE_bat2=Devdutt Padikkal 4(4)|BEFORE_bowl=Kuldeep Yadav 0-5 (0.5)|BEFORE_this_over=['1', '1', '1', '1', '1']|AFTER_score=64-1(6.5)|AFTER_bat1=Philip Salt 38(24)|AFTER_bat2=Devdutt Padikkal 4(4)|AFTER_bowl=Kuldeep Yadav 0-5 (0.5)|AFTER_this_over=['1', '1', '1', '1', '1']|AFTER_this_over_src=1(obs),1(obs),1(obs),1(obs),1(obs)|AFTER_striker=Philip Salt|AFTER_non_striker=Devdutt Padikkal|AFTER_run_rate=9.37|AFTER_target=—|AFTER_innings=1|AFTER_partnership=9(8)|AFTER_fow_count=1|AFTER_field=spin_powerplay frozen=True fielders=['slip_1', 'point', 'cover', 'mid_off', 'mid_on', 'midwicket', 'square_leg', 'short_leg', 'fine_leg']|ball_event=—|ball_event_runs=—|ball_event_over=—|ball_event_extra=—|ball_event_free_hit=—|broadcast_extra=—|dismissal_mode=—|striker_this_ball=Philip Salt|delivery_length=—|delivery_line=—|delivery_angle=—|delivery_shot=—|delivery_direction=—|delivery_elevation=—|delivery_bounce=—|delivery_dets=0|delivery_method=—|delivery_snap_dets=—|delivery_3layer_dets=—|delivery_det_rate=—|delivery_dir_zone=—|delivery_dir_conf=0|delivery_pitch_pos=—|delivery_shot_action=—|delivery_swing=—|delivery_speed_vlm=—|delivery_vlm_conf=—|delivery_vlm_ms=—|speed_kph=—|venue=—|batting_team=Royal Challengers Bengaluru|match_info=IPL 2026|completed_over=—|completed_over_runs=—|drs_state=NONE|corrections=none|lat_vision=605|lat_extract=604|lat_scorer=874|lat_field=43|lat_comm=0|lat_code=0|lat_total=2085|comm_bowler=Kuldeep Yadav|comm_wire=—|comm_storyteller=—|comm_analyst=—|comm_colour=—|comm_wire_ms=0|comm_story_ms=0|comm_analyst_ms=0|comm_colour_ms=0[0m
[37m[16:05:39 F95 VISION] INFO: [SCOUT] SCOREBOARD 749ms strip=True overlay=False drs=False digits=True 182 chars[0m
[37m[16:05:39 F95 TEST] INFO: 
=======================================================[0m
[37m[16:05:39 F95 TEST] INFO: [F95] SCOREBOARD — #56[0m
[37m[16:05:39 F95 TEST] INFO:   [V 752ms] STRIP: RCB 64-1 6.5 | SALT 38(24) | PADIKKAL 4(4) | KULDEEP 0-5 (0.5)[0m
[37m[16:05:40 F95 EXTRACT] INFO: Extracted in 1.0s (llama-4-scout-17b-16e-instruct)[0m
[37m[16:05:40 F95 TEST] INFO:   [E 1030ms] visible_team=Royal Challengers Bengaluru score=64-1 (6.5) target=None rr=None[0m
[37m[16:05:40 F95 TEST] INFO:     BAT: SALT 38(24) [0m
[37m[16:05:40 F95 TEST] INFO:     BAT: PADIKKAL 4(4) [0m
[37m[16:05:40 F95 TEST] INFO:     BOWL: KULDEEP 0-5 (0.5)[0m
[37m[16:05:40 F95 TEST] INFO:   [DIRECT] Batter updates: ['SALT: ext=38(24) → tracker=38(24) [was 38(24)]', 'PADIKKAL: ext=4(4) → tracker=4(4) [was 4(4)]'][0m
[37m[16:05:40 F95 TEST] INFO:   [DIRECT] score→64[0m
[37m[16:05:40 F95 TEST] INFO:   [DIRECT] overs→6.5[0m
[37m[16:05:40 F95 TEST] INFO:   [DIRECT] wickets→1[0m
[37m[16:05:41 F95 SCORER] INFO: Scored in 0.9s (llama-4-scout-17b-16e-instruct)[0m
[37m[16:05:41 F95 TEST] INFO:   [S] Hint: Current batters: SALT and PADIKKAL. Bowler: KULDEEP. Read their stats from the scoreboard. ALREADY DISMISSED (do NOT dismiss again): Virat Kohli[0m
[37m[16:05:41 F95 TEST] INFO:   [FLOW] Extractor batters not in scorer: {'PADIKKAL', 'SALT'}[0m
[37m[16:05:41 F95 TEST] INFO:   [WICKET-TRACK] Wicket at F95[0m
[37m[16:05:41 F95 TEST] INFO:   [S 870ms] Changes: ['score→64', 'overs→6.5', 'wickets→1', 'bat:Philip Salt=38(24)', 'bat:Devdutt Padikkal=4(4)', 'bowl:Kuldeep Yadav'][0m
[37m[16:05:41 F95 TEST] INFO:   Total: 2653ms (V:752 E:1030 S:870)[0m
[37m[16:05:41 F95 TEST] INFO:   [THIS OVER] ['1', '1', '1', '1', '1'] = 5 runs[0m
[37m[16:05:41 F95 TEST] INFO:   STATE: Royal Challengers Bengaluru 64-1 (6.5) inn=1 RR=9.37 | Bat: Philip Salt*(38) Devdutt Padikkal(4) | Bowl: Kuldeep Yadav 0-5[0m
[37m[16:05:41 F95 TEST] INFO:   [ACTION] The bowler, Kuldeep, is bowling.[0m
[37m[16:05:41 F95 FIELD] INFO: [F95] IC-point brought in — attacking[0m
[37m[16:05:41 F95 FIELD] INFO: [F95] IC-cover brought in — attacking[0m
[37m[16:05:41 F95 FIELD] INFO: [F95] slip added — expecting edge[0m
[37m[16:05:41 F95 FIELD] INFO: [F95] IC-backward_square brought in — attacking[0m
[37m[16:05:41 F95 TEST] INFO: DETAIL|F95|SCOREBOARD|tag=SCOREBOARD|scout=STRIP: RCB 64-1 6.5 | SALT 38(24) | PADIKKAL 4(4) | KULDEEP 0-5 (0.5)|action=The bowler, Kuldeep, is bowling.|ext_score=64-1(6.5)|ext_bat=SALT 38(24) | PADIKKAL 4(4)|ext_bowl=KULDEEP 0-5 (0.5)|scorer_changes=['score→64', 'overs→6.5', 'wickets→1', 'bat:Philip Salt=38(24)', 'bat:Devdutt Padikkal=4(4)', 'bowl:Kuldeep Yadav']|yolo=4|BEFORE_score=64-1(6.5)|BEFORE_bat1=Philip Salt 38(24)|BEFORE_bat2=Devdutt Padikkal 4(4)|BEFORE_bowl=Kuldeep Yadav 0-5 (0.5)|BEFORE_this_over=['1', '1', '1', '1', '1']|AFTER_score=64-1(6.5)|AFTER_bat1=Philip Salt 38(24)|AFTER_bat2=Devdutt Padikkal 4(4)|AFTER_bowl=Kuldeep Yadav 0-5 (0.5)|AFTER_this_over=['1', '1', '1', '1', '1']|AFTER_this_over_src=1(obs),1(obs),1(obs),1(obs),1(obs)|AFTER_striker=Philip Salt|AFTER_non_striker=Devdutt Padikkal|AFTER_run_rate=9.37|AFTER_target=—|AFTER_innings=1|AFTER_partnership=9(8)|AFTER_fow_count=1|AFTER_field=spin_powerplay frozen=True fielders=['slip_1', 'point', 'cover', 'mid_off', 'mid_on', 'midwicket', 'square_leg', 'short_leg', 'fine_leg']|ball_event=—|ball_event_runs=—|ball_event_over=—|ball_event_extra=—|ball_event_free_hit=—|broadcast_extra=—|dismissal_mode=—|striker_this_ball=Philip Salt|delivery_length=—|delivery_line=—|delivery_angle=—|delivery_shot=—|delivery_direction=—|delivery_elevation=—|delivery_bounce=—|delivery_dets=0|delivery_method=—|delivery_snap_dets=—|delivery_3layer_dets=—|delivery_det_rate=—|delivery_dir_zone=—|delivery_dir_conf=0|delivery_pitch_pos=—|delivery_shot_action=—|delivery_swing=—|delivery_speed_vlm=—|delivery_vlm_conf=—|delivery_vlm_ms=—|speed_kph=—|venue=—|batting_team=Royal Challengers Bengaluru|match_info=IPL 2026|completed_over=—|completed_over_runs=—|drs_state=NONE|corrections=none|lat_vision=752|lat_extract=1030|lat_scorer=870|lat_field=43|lat_comm=0|lat_code=0|lat_total=2655|comm_bowler=Kuldeep Yadav|comm_wire=—|comm_storyteller=—|comm_analyst=—|comm_colour=—|comm_wire_ms=0|comm_story_ms=0|comm_analyst_ms=0|comm_colour_ms=0[0mopening handshake failed
Traceback (most recent call last):
  File "/Users/anmolmohan/Projects/SportsComm/files/.venv/lib/python3.12/site-packages/websockets/asyncio/server.py", line 356, in conn_handler
    await connection.handshake(
  File "/Users/anmolmohan/Projects/SportsComm/files/.venv/lib/python3.12/site-packages/websockets/asyncio/server.py", line 142, in handshake
    async with self.send_context(expected_state=CONNECTING):
               ^^^^^^^^^^^^^^^^^^^^^^^^^^^^^^^^^^^^^^^^^^^^
  File "/opt/homebrew/Cellar/python@3.12/3.12.13/Frameworks/Python.framework/Versions/3.12/lib/python3.12/contextlib.py", line 210, in __aenter__
    return await anext(self.gen)
           ^^^^^^^^^^^^^^^^^^^^^
  File "/Users/anmolmohan/Projects/SportsComm/files/.venv/lib/python3.12/site-packages/websockets/asyncio/connection.py", line 965, in send_context
    raise self.protocol.close_exc from original_exc
websockets.exceptions.ConnectionClosedError: no close frame received or sent

[37m[16:05:43 F96 VISION] INFO: [SCOUT] SCOREBOARD 784ms strip=True overlay=False drs=False digits=True 177 chars[0m
[37m[16:05:43 F96 TEST] INFO: [SLEEP] Burst mode ON — last ball of over[0m
[37m[16:05:43 F96 TEST] INFO: 
=======================================================[0m
[37m[16:05:43 F96 TEST] INFO: [F96] SCOREBOARD — #57[0m
[37m[16:05:43 F96 TEST] INFO:   [V 787ms] STRIP: RCB 65-1 7 | SALT 39(25) | PADIKKAL 4(4) | 
SPEED: 85.9 kph[0m
[37m[16:05:44 F96 EXTRACT] INFO: Extracted in 0.7s (llama-4-scout-17b-16e-instruct)[0m
[37m[16:05:44 F96 TEST] INFO:   [E 691ms] visible_team=Royal Challengers Bengaluru score=65-1 (7) target=None rr=None[0m
[37m[16:05:44 F96 TEST] INFO:     BAT: SALT 39(25) [0m
[37m[16:05:44 F96 TEST] INFO:     BAT: PADIKKAL 4(4) [0m
[37m[16:05:44 F96 TRACK] INFO: bat:Philip Salt:runs: 38 → 39 (fast-confirm, natural increment F96)[0m
[37m[16:05:44 F96 TRACK] INFO: bat:Philip Salt:balls: 24 → 25 (fast-confirm, natural increment F96)[0m
[37m[16:05:44 F96 BOARD] INFO: Philip Salt: 38(24) -> 39(25) [F96][0m
[37m[16:05:44 F96 TEST] INFO:   [DIRECT] Batter updates: ['SALT: ext=39(25) → tracker=39(25) [was 38(24)]', 'PADIKKAL: ext=4(4) → tracker=4(4) [was 4(4)]'][0m
[37m[16:05:44 F96 TEST] INFO:   [DIRECT] wickets→1[0m
[37m[16:05:45 F96 SCORER] INFO: Scored in 0.9s (llama-4-scout-17b-16e-instruct)[0m
[37m[16:05:45 F96 TEST] INFO:   [S] Hint: Current batters: SALT and PADIKKAL. Bowler: Kuldeep Yadav. Read their stats from the scoreboard. ALREADY DISMISSED (do NOT dismiss again): Virat Kohli[0m
[37m[16:05:45 F96 TRACK] INFO: score: 64 → 65 (confirmed F96)[0m
[37m[16:05:45 F96 BOARD] INFO: score: 64 -> 65 [F96][0m
[37m[16:05:45 F96 TRACK] INFO: overs: 6.5 → 7.0 (confirmed F96)[0m
[37m[16:05:45 F96 BOARD] INFO: overs: 6.5 -> 7.0 [F96][0m
[37m[16:05:45 F96 TEST] INFO:   [FLOW] Extractor batters not in scorer: {'PADIKKAL', 'SALT'}[0m
[37m[16:05:45 F96 TEST] INFO:   [S 857ms] Changes: ['score→65', 'overs→7', 'bat:Philip Salt=39(25)', 'bat:Devdutt Padikkal=4(4)'][0m
[37m[16:05:45 F96 TEST] INFO:   Total: 2334ms (V:787 E:691 S:857)[0m
[37m[16:05:45 F96 TEST] INFO:   [THIS OVER] ['1', '1', '1', '1', '1'] = 5 runs[0m
[37m[16:05:45 F96 COMMENTARY] INFO: [BALL ✓] 1_RUNS | 7.0 +1 runs (Δballs=1)[0m
[37m[16:05:45 F96 TEST] INFO:   [THIS-OVER] Ball 1_RUNS appended to over 6[0m
[37m[16:05:45 F96 TEST] INFO:   [STRIKER] Rotated: Devdutt Padikkal ← Philip Salt[0m
[37m[16:06:07 F96 TEST] INFO:   [DELIVERY] full, wide outside off, driven straight down the ground, along the ground (22803ms, 0 dets, method=vlm)[0m
[37m[16:06:07 F96 OVER] INFO: Over 6 complete: ['1', '1', '1', '1', '1', '1'] = 6 runs, 0 wkts (by Kuldeep Yadav)[0m
[37m[16:06:07 F96 TEST] INFO:   [STRIKER] Over change rotation: Philip Salt ← Devdutt Padikkal[0m
[37m[16:06:07 F96 TEST] INFO:   [OVER CHANGE] → 7.0[0m
[37m[16:06:07 F96 BOARD] INFO: run_rate: 9.37 -> 9.29 [F96][0m
[37m[16:06:08 F96 TEST] INFO:   STATE: Royal Challengers Bengaluru 65-1 (7.0) inn=1 RR=9.29 | Bat: Philip Salt*(39) Devdutt Padikkal(4) | Bowl: Kuldeep Yadav 0-5[0m
[37m[16:06:08 F96 SCORE_MGR] INFO: [SM] RUNS  65/1 (7.0)  striker=SALT[0m
[37m[16:06:08 F96 TEST] INFO:   [SHADOW] SM=RUNS BED=1_RUNS MATCH[0m
[37m[16:06:08 F96 TEST] INFO:   [COMM 440ms] wire(0ms), storyteller(438ms)[0m
[37m[16:06:08 F96 TEST] INFO:   [BALL EVENT ✓] 1_RUNS | 7.0 | +1 runs (Δballs=0) | The bowler is delivering a ball.[0m
[37m[16:06:08 F96 TEST] INFO: DETAIL|F96|SCOREBOARD|tag=SCOREBOARD|scout=STRIP: RCB 65-1 7 | SALT 39(25) | PADIKKAL 4(4) |  SPEED: 85.9 kph|action=The bowler is delivering a ball.|ext_score=65-1(7)|ext_bat=SALT 39(25) | PADIKKAL 4(4)|ext_bowl=|scorer_changes=['score→65', 'overs→7', 'bat:Philip Salt=39(25)', 'bat:Devdutt Padikkal=4(4)']|yolo=0|BEFORE_score=64-1(6.5)|BEFORE_bat1=Philip Salt 38(24)|BEFORE_bat2=Devdutt Padikkal 4(4)|BEFORE_bowl=Kuldeep Yadav 0-5 (0.5)|BEFORE_this_over=['1', '1', '1', '1', '1']|AFTER_score=65-1(7.0)|AFTER_bat1=Philip Salt 39(25)|AFTER_bat2=Devdutt Padikkal 4(4)|AFTER_bowl=Kuldeep Yadav 0-5 (0.5)|AFTER_this_over=['1', '1', '1', '1', '1', '1']|AFTER_this_over_src=1(obs),1(obs),1(obs),1(obs),1(obs),1(obs)|AFTER_striker=Philip Salt|AFTER_non_striker=Devdutt Padikkal|AFTER_run_rate=9.29|AFTER_target=—|AFTER_innings=1|AFTER_partnership=10(9)|AFTER_fow_count=1|AFTER_field=spin_middle frozen=False fielders=['slip_1', 'point', 'cover', 'mid_off', 'mid_on', 'midwicket', 'deep_midwicket', 'long_on', 'deep_square_leg']|ball_event=1_RUNS|ball_event_runs=1|ball_event_over=7.0|ball_event_extra=—|ball_event_free_hit=—|broadcast_extra=—|dismissal_mode=—|striker_this_ball=Philip Salt|delivery_length=full|delivery_line=wide_outside_off|delivery_angle=over|delivery_shot=along_ground|delivery_direction=straight|delivery_elevation=along_ground|delivery_bounce=normal|delivery_dets=0|delivery_method=vlm|delivery_snap_dets=—|delivery_3layer_dets=—|delivery_det_rate=0.00|delivery_dir_zone=straight|delivery_dir_conf=medium|delivery_pitch_pos=on_a_driving_length|delivery_shot_action=drive|delivery_swing=not_visible|delivery_speed_vlm=86.0|delivery_vlm_conf=medium|delivery_vlm_ms=967|speed_kph=85.9|venue=—|batting_team=Royal Challengers Bengaluru|match_info=IPL 2026|completed_over=['1', '1', '1', '1', '1']|completed_over_runs=5|drs_state=NONE|corrections=none|lat_vision=787|lat_extract=691|lat_scorer=857|lat_field=44|lat_comm=440|lat_code=22770|lat_total=25588|comm_bowler=Kuldeep Yadav|comm_wire=7.0: Kuldeep Yadav to SALT — 1 run, full (85.9 kph). 65/1|comm_storyteller=The batters are settling in, and they're taking the singles with ease. The non-striker pushes a good-length ball from the bowler, and they scurry back for a single. The umpires are giving them a gentl|comm_analyst=—|comm_colour=—|comm_wire_ms=0|comm_story_ms=438|comm_analyst_ms=0|comm_colour_ms=0[0m
[37m[16:06:10 F97 VISION] INFO: [SCOUT] ADVERTISEMENT 502ms strip=False overlay=False drs=False digits=False 83 chars[0m
[37m[16:06:10 F97 TEST] INFO: [F97] AD 505ms (#13)[0m
[37m[16:06:10 F97 TEST] INFO: [SLEEP] Over complete + full-screen ad → sleeping 25s[0m
[37m[16:06:10 F97 TEST] INFO:   [CONSISTENCY] Kuldeep Yadav overs 0.5 → 1.0 (team @ 7.0, bowler must finish over)[0m
[37m[16:06:10 F97 TEST] INFO:   [CONSISTENCY] Kuldeep Yadav overs 0.5 → 1.0 (team @ 7.0, bowler must finish over)[0m
[37m[16:06:35 F98 OVER] INFO: Completed over flushed (hold-window 12s elapsed (display)): ['1', '1', '1', '1', '1', '1'] → [][0m
[37m[16:06:36 F98 VISION] INFO: [SCOUT] SCOREBOARD 1062ms strip=True overlay=False drs=False digits=True 210 chars[0m
[37m[16:06:36 F98 TEST] INFO: 
=======================================================[0m
[37m[16:06:36 F98 TEST] INFO: [F98] SCOREBOARD — #58[0m
[37m[16:06:36 F98 TEST] INFO:   [V 1065ms] STRIP: RCB 65-1 7 | SALT 39(25) | PADIKKAL 4(4) | RUN-RATE 9.29[0m
[37m[16:06:36 F98 EXTRACT] INFO: Extracted in 0.7s (llama-4-scout-17b-16e-instruct)[0m
[37m[16:06:36 F98 TEST] INFO:   [E 654ms] visible_team=Royal Challengers Bengaluru score=65-1 (7) target=None rr=None[0m
[37m[16:06:36 F98 TEST] INFO:     BAT: SALT 39(25) [0m
[37m[16:06:36 F98 TEST] INFO:     BAT: PADIKKAL 4(4) [0m
[37m[16:06:36 F98 TEST] INFO:   [DIRECT] Batter updates: ['SALT: ext=39(25) → tracker=39(25) [was 39(25)]', 'PADIKKAL: ext=4(4) → tracker=4(4) [was 4(4)]'][0m
[37m[16:06:36 F98 TEST] INFO:   [DIRECT] score→65[0m
[37m[16:06:36 F98 TEST] INFO:   [DIRECT] overs→7[0m
[37m[16:06:36 F98 TEST] INFO:   [DIRECT] wickets→1[0m
[37m[16:06:37 F98 SCORER] INFO: Scored in 0.9s (llama-4-scout-17b-16e-instruct)[0m
[37m[16:06:37 F98 TEST] INFO:   [S] Hint: Current batters: SALT and PADIKKAL. Bowler: Kuldeep Yadav. Read their stats from the scoreboard. ALREADY DISMISSED (do NOT dismiss again): Virat Kohli[0m
[37m[16:06:37 F98 TEST] INFO:   [FLOW] Extractor batters not in scorer: {'PADIKKAL', 'SALT'}[0m
[37m[16:06:37 F98 TEST] INFO:   [S 946ms] Changes: ['score→65', 'overs→7.0', 'bat:Philip Salt=39(25)', 'bat:Devdutt Padikkal=4(4)', 'bowl:Kuldeep Yadav'][0m
[37m[16:06:37 F98 TEST] INFO:   Total: 2665ms (V:1065 E:654 S:946)[0m
[37m[16:06:37 F98 TEST] INFO:   STATE: Royal Challengers Bengaluru 65-1 (7.0) inn=1 RR=9.29 | Bat: Philip Salt*(39) Devdutt Padikkal(4) | Bowl: Kuldeep Yadav 0-5[0m
[37m[16:06:37 F98 TEST] INFO:   [CONSISTENCY] Kuldeep Yadav overs 0.5 → 1.0 (team @ 7.0, bowler must finish over)[0m
[37m[16:06:37 F98 TEST] INFO:   [CONSISTENCY] Kuldeep Yadav overs 0.5 → 1.0 (team @ 7.0, bowler must finish over)[0m
[37m[16:06:37 F98 TEST] INFO:   [ACTION] The bowler is running towards the wicket to bowl the next delivery.[0m
[37m[16:06:37 F98 TEST] INFO: DETAIL|F98|SCOREBOARD|tag=SCOREBOARD|scout=STRIP: RCB 65-1 7 | SALT 39(25) | PADIKKAL 4(4) | RUN-RATE 9.29|action=The bowler is running towards the wicket to bowl the next delivery.|ext_score=65-1(7)|ext_bat=SALT 39(25) | PADIKKAL 4(4)|ext_bowl=|scorer_changes=['score→65', 'overs→7.0', 'bat:Philip Salt=39(25)', 'bat:Devdutt Padikkal=4(4)', 'bowl:Kuldeep Yadav']|yolo=2|BEFORE_score=65-1(7.0)|BEFORE_bat1=Philip Salt 39(25)|BEFORE_bat2=Devdutt Padikkal 4(4)|BEFORE_bowl=Kuldeep Yadav 0-5 (0.5)|BEFORE_this_over=[]|AFTER_score=65-1(7.0)|AFTER_bat1=Philip Salt 39(25)|AFTER_bat2=Devdutt Padikkal 4(4)|AFTER_bowl=Kuldeep Yadav 0-5 (0.5)|AFTER_this_over=[]|AFTER_this_over_src=|AFTER_striker=Philip Salt|AFTER_non_striker=Devdutt Padikkal|AFTER_run_rate=9.29|AFTER_target=—|AFTER_innings=1|AFTER_partnership=10(9)|AFTER_fow_count=1|AFTER_field=spin_middle frozen=False fielders=['slip_1', 'point', 'cover', 'mid_off', 'mid_on', 'midwicket', 'deep_midwicket', 'long_on', 'deep_square_leg']|ball_event=—|ball_event_runs=—|ball_event_over=—|ball_event_extra=—|ball_event_free_hit=—|broadcast_extra=—|dismissal_mode=—|striker_this_ball=Philip Salt|delivery_length=—|delivery_line=—|delivery_angle=—|delivery_shot=—|delivery_direction=—|delivery_elevation=—|delivery_bounce=—|delivery_dets=0|delivery_method=—|delivery_snap_dets=—|delivery_3layer_dets=—|delivery_det_rate=—|delivery_dir_zone=—|delivery_dir_conf=0|delivery_pitch_pos=—|delivery_shot_action=—|delivery_swing=—|delivery_speed_vlm=—|delivery_vlm_conf=—|delivery_vlm_ms=—|speed_kph=—|venue=—|batting_team=Royal Challengers Bengaluru|match_info=IPL 2026|completed_over=—|completed_over_runs=—|drs_state=NONE|corrections=none|lat_vision=1065|lat_extract=654|lat_scorer=946|lat_field=45|lat_comm=0|lat_code=0|lat_total=2667|comm_bowler=Kuldeep Yadav|comm_wire=—|comm_storyteller=—|comm_analyst=—|comm_colour=—|comm_wire_ms=0|comm_story_ms=0|comm_analyst_ms=0|comm_colour_ms=0[0m
[37m[16:06:39 F99 VISION] INFO: [SCOUT] SCOREBOARD 477ms strip=True overlay=False drs=False digits=True 222 chars[0m
[37m[16:06:39 F99 TEST] INFO: 
=======================================================[0m
[37m[16:06:39 F99 TEST] INFO: [F99] SCOREBOARD — #59[0m
[37m[16:06:39 F99 TEST] INFO:   [V 480ms] STRIP: RCB 65-1 (7) | SALT 39(25) | PADIKKAL 4(4) | NATARAJAN 0-0[0m
[37m[16:06:40 F99 EXTRACT] INFO: Extracted in 1.0s (llama-4-scout-17b-16e-instruct)[0m
[37m[16:06:40 F99 TEST] INFO:   [E 1005ms] visible_team=Royal Challengers Bengaluru score=65-1 (7) target=None rr=None[0m
[37m[16:06:40 F99 TEST] INFO:     BAT: SALT 39(25) [0m
[37m[16:06:40 F99 TEST] INFO:     BAT: PADIKKAL 4(4) [0m
[37m[16:06:40 F99 TEST] INFO:     BOWL: NATARAJAN 0-0 (0)[0m
[37m[16:06:40 F99 TEST] INFO:   [BOWLER] New bowler confirmed: T Natarajan (was Kuldeep Yadav)[0m
[37m[16:06:40 F99 TEST] INFO:   [DIRECT] Batter updates: ['SALT: ext=39(25) → tracker=39(25) [was 39(25)]', 'PADIKKAL: ext=4(4) → tracker=4(4) [was 4(4)]'][0m
[37m[16:06:40 F99 TEST] INFO:   [DIRECT] score→65[0m
[37m[16:06:40 F99 TEST] INFO:   [DIRECT] overs→7[0m
[37m[16:06:40 F99 TEST] INFO:   [DIRECT] wickets→1[0m
[37m[16:06:41 F99 SCORER] INFO: Scored in 0.9s (llama-4-scout-17b-16e-instruct)[0m
[37m[16:06:41 F99 TEST] INFO:   [S] Hint: Current batters: SALT and PADIKKAL. Bowler: NATARAJAN. Read their stats from the scoreboard. ALREADY DISMISSED (do NOT dismiss again): Virat Kohli[0m
[37m[16:06:41 F99 TEST] INFO:   [FLOW] Extractor batters not in scorer: {'PADIKKAL', 'SALT'}[0m
[37m[16:06:41 F99 TRACK] INFO: bowl:T Natarajan:runs: initial proposed 0 (2/3 — waiting)[0m
[37m[16:06:41 F99 TRACK] INFO: bowl:T Natarajan:wickets: initial proposed 0 (2/3 — waiting)[0m
[37m[16:06:41 F99 TRACK] INFO: bowl:T Natarajan:overs: initial proposed 0 (2/3 — waiting)[0m
[37m[16:06:41 F99 TEST] INFO:   [WICKET-TRACK] Wicket at F99[0m
[37m[16:06:41 F99 TEST] INFO:   [S 869ms] Changes: ['score→65', 'overs→7.0', 'wickets→1', 'bat:Philip Salt=39(25)', 'bat:Devdutt Padikkal=4(4)', 'bowl:T Natarajan'][0m
[37m[16:06:41 F99 TEST] INFO:   Total: 2355ms (V:480 E:1005 S:869)[0m
[37m[16:06:41 F99 TEST] INFO:   STATE: Royal Challengers Bengaluru 65-1 (7.0) inn=1 RR=9.29 | Bat: Philip Salt*(39) Devdutt Padikkal(4) | Bowl: T Natarajan None-None[0m
[37m[16:06:41 F99 TEST] INFO:   [ACTION] A player is walking back to the pavilion and another player is on the field.[0m
[37m[16:06:41 F99 FIELD] INFO: [F99] slip removed — less catching pressure[0m
[37m[16:06:41 F99 FIELD] INFO: [F99] IC-square_leg brought in — attacking[0m
[37m[16:06:41 F99 FIELD] INFO: [F99] slip removed — less catching pressure[0m
[37m[16:06:41 F99 TEST] INFO: DETAIL|F99|SCOREBOARD|tag=SCOREBOARD|scout=STRIP: RCB 65-1 (7) | SALT 39(25) | PADIKKAL 4(4) | NATARAJAN 0-0|action=A player is walking back to the pavilion and another player is on the field.|ext_score=65-1(7)|ext_bat=SALT 39(25) | PADIKKAL 4(4)|ext_bowl=NATARAJAN 0-0 (0)|scorer_changes=['score→65', 'overs→7.0', 'wickets→1', 'bat:Philip Salt=39(25)', 'bat:Devdutt Padikkal=4(4)', 'bowl:T Natarajan']|yolo=6|BEFORE_score=65-1(7.0)|BEFORE_bat1=Philip Salt 39(25)|BEFORE_bat2=Devdutt Padikkal 4(4)|BEFORE_bowl=Kuldeep Yadav 0-5 (0.5)|BEFORE_this_over=[]|AFTER_score=65-1(7.0)|AFTER_bat1=Philip Salt 39(25)|AFTER_bat2=Devdutt Padikkal 4(4)|AFTER_bowl=T Natarajan None-None (None)|AFTER_this_over=[]|AFTER_this_over_src=|AFTER_striker=Philip Salt|AFTER_non_striker=Devdutt Padikkal|AFTER_run_rate=9.29|AFTER_target=—|AFTER_innings=1|AFTER_partnership=10(9)|AFTER_fow_count=1|AFTER_field=pace_middle frozen=True fielders=['slip_2', 'deep_square_leg', 'cover_point', 'square_leg', 'deep_point', 'deep_backward_pt', 'point', 'cover', 'mid_off']|ball_event=—|ball_event_runs=—|ball_event_over=—|ball_event_extra=—|ball_event_free_hit=—|broadcast_extra=—|dismissal_mode=—|striker_this_ball=Philip Salt|delivery_length=—|delivery_line=—|delivery_angle=—|delivery_shot=—|delivery_direction=—|delivery_elevation=—|delivery_bounce=—|delivery_dets=0|delivery_method=—|delivery_snap_dets=—|delivery_3layer_dets=—|delivery_det_rate=—|delivery_dir_zone=—|delivery_dir_conf=0|delivery_pitch_pos=—|delivery_shot_action=—|delivery_swing=—|delivery_speed_vlm=—|delivery_vlm_conf=—|delivery_vlm_ms=—|speed_kph=—|venue=—|batting_team=Royal Challengers Bengaluru|match_info=IPL 2026|completed_over=—|completed_over_runs=—|drs_state=NONE|corrections=none|lat_vision=480|lat_extract=1005|lat_scorer=869|lat_field=43|lat_comm=0|lat_code=0|lat_total=2357|comm_bowler=T Natarajan|comm_wire=—|comm_storyteller=—|comm_analyst=—|comm_colour=—|comm_wire_ms=0|comm_story_ms=0|comm_analyst_ms=0|comm_colour_ms=0[0m
[37m[16:06:43 F100 VISION] INFO: [SCOUT] SCOREBOARD 768ms strip=True overlay=False drs=False digits=False 202 chars[0m
[37m[16:06:43 F100 VISION] INFO: [SCOUT] Preview: {"has_strip": true, "has_overlay_stats": false, "drs_review": false}
STRIP: DC 0-0 (0.0) | Salt 0(0) | Padikkal 0(0) | Natarajan 0-0 (0.0)
ACTION: The game is about to start with Delhi Capitals battin[0m
[37m[16:06:43 F100 TEST] INFO: 
=======================================================[0m
[37m[16:06:43 F100 TEST] INFO: [F100] SCOREBOARD — #60[0m
[37m[16:06:43 F100 TEST] INFO:   [V 771ms] STRIP: DC 0-0 (0.0) | Salt 0(0) | Padikkal 0(0) | Natarajan 0-0 (0.0)[0m
[37m[16:06:43 F100 EXTRACT] INFO: Extracted in 0.6s (llama-4-scout-17b-16e-instruct)[0m
[37m[16:06:43 F100 TEST] INFO:   [GUARD] Extractor returned 0-0(0.0) mid-innings (current score=65) — stripping all data[0m
[37m[16:06:43 F100 TEST] INFO:   [GUARD] Visible team 'Delhi Capitals' is bowling team — comparison strip, ALL data stripped (1/30)[0m
[37m[16:06:43 F100 TEST] INFO:   [E 623ms] visible_team=Delhi Capitals score=None-None (None) target=None rr=None[0m
[37m[16:06:44 F100 SCORER] INFO: Scored in 0.8s (llama-4-scout-17b-16e-instruct)[0m
[37m[16:06:44 F100 TEST] INFO:   [S] Hint: Current batters: SALT and PADIKKAL. Bowler: NATARAJAN. Read their stats from the scoreboard. ALREADY DISMISSED (do NOT dismiss again): Virat Kohli[0m
[37m[16:06:44 F100 TEST] INFO:   [S 814ms] Changes: ['FRAME_POISONED:None'][0m
[37m[16:06:44 F100 TEST] INFO:   Total: 2209ms (V:771 E:623 S:814)[0m
[37m[16:06:44 F100 TEST] INFO:   STATE: Royal Challengers Bengaluru 65-1 (7.0) inn=1 RR=9.29 | Bat: Philip Salt*(39) Devdutt Padikkal(4) | Bowl: T Natarajan None-None[0m
[37m[16:06:44 F100 TEST] INFO:   [ACTION] The game is about to start with Delhi Capitals batting.[0m
[37m[16:06:44 F100 TEST] INFO: DETAIL|F100|SCOREBOARD|tag=SCOREBOARD|scout=STRIP: DC 0-0 (0.0) | Salt 0(0) | Padikkal 0(0) | Natarajan 0-0 (0.0)|action=The game is about to start with Delhi Capitals batting.|ext_score=None-None(None)|ext_bat=|ext_bowl=|scorer_changes=['FRAME_POISONED:None']|yolo=0|BEFORE_score=65-1(7.0)|BEFORE_bat1=Philip Salt 39(25)|BEFORE_bat2=Devdutt Padikkal 4(4)|BEFORE_bowl=T Natarajan None-None (None)|BEFORE_this_over=[]|AFTER_score=65-1(7.0)|AFTER_bat1=Philip Salt 39(25)|AFTER_bat2=Devdutt Padikkal 4(4)|AFTER_bowl=T Natarajan None-None (None)|AFTER_this_over=[]|AFTER_this_over_src=|AFTER_striker=Philip Salt|AFTER_non_striker=Devdutt Padikkal|AFTER_run_rate=9.29|AFTER_target=—|AFTER_innings=1|AFTER_partnership=10(9)|AFTER_fow_count=1|AFTER_field=pace_middle frozen=True fielders=['slip_2', 'deep_square_leg', 'cover_point', 'square_leg', 'deep_point', 'deep_backward_pt', 'point', 'cover', 'mid_off']|ball_event=—|ball_event_runs=—|ball_event_over=—|ball_event_extra=—|ball_event_free_hit=—|broadcast_extra=—|dismissal_mode=—|striker_this_ball=Philip Salt|delivery_length=—|delivery_line=—|delivery_angle=—|delivery_shot=—|delivery_direction=—|delivery_elevation=—|delivery_bounce=—|delivery_dets=0|delivery_method=—|delivery_snap_dets=—|delivery_3layer_dets=—|delivery_det_rate=—|delivery_dir_zone=—|delivery_dir_conf=0|delivery_pitch_pos=—|delivery_shot_action=—|delivery_swing=—|delivery_speed_vlm=—|delivery_vlm_conf=—|delivery_vlm_ms=—|speed_kph=—|venue=—|batting_team=Royal Challengers Bengaluru|match_info=IPL 2026|completed_over=—|completed_over_runs=—|drs_state=NONE|corrections=none|lat_vision=771|lat_extract=623|lat_scorer=814|lat_field=40|lat_comm=0|lat_code=0|lat_total=2211|comm_bowler=T Natarajan|comm_wire=—|comm_storyteller=—|comm_analyst=—|comm_colour=—|comm_wire_ms=0|comm_story_ms=0|comm_analyst_ms=0|comm_colour_ms=0[0m
[37m[16:06:46 F101 VISION] INFO: [SCOUT] SCOREBOARD 612ms strip=True overlay=False drs=False digits=True 227 chars[0m
[37m[16:06:46 F101 TEST] INFO: 
=======================================================[0m
[37m[16:06:46 F101 TEST] INFO: [F101] SCOREBOARD — #61[0m
[37m[16:06:46 F101 TEST] INFO:   [V 616ms] STRIP: RCB 69-1 (7.1) | SALT  *9(9) | PADIKKAL  4(4) | NATARAJAN  0-4 (0.1)[0m
[37m[16:06:46 F101 EXTRACT] INFO: Extracted in 0.7s (llama-4-scout-17b-16e-instruct)[0m
[37m[16:06:46 F101 TEST] INFO:   [GUARD] Philip Salt diff 39→9 — comparison strip for batting team[0m
[37m[16:06:46 F101 TEST] INFO:   [E 656ms] visible_team=Royal Challengers Bengaluru score=None-1 (None) target=None rr=None[0m
[37m[16:06:47 F101 SCORER] INFO: Scored in 0.8s (llama-4-scout-17b-16e-instruct)[0m
[37m[16:06:47 F101 TEST] INFO:   [S] Hint: Current batters: SALT and PADIKKAL. Bowler: NATARAJAN ALREADY DISMISSED (do NOT dismiss again): Virat Kohli[0m
[37m[16:06:47 F101 TEST] INFO:   [CONSENSUS] Poisoned score 69 frame 1/2, waiting[0m
[37m[16:06:47 F101 TEST] INFO:   [S 763ms] Changes: ['FRAME_POISONED:69'][0m
[37m[16:06:47 F101 TEST] INFO:   Total: 2034ms (V:616 E:656 S:763)[0m
[37m[16:06:47 F101 TEST] INFO:   STATE: Royal Challengers Bengaluru 65-1 (7.0) inn=1 RR=9.29 | Bat: Philip Salt*(39) Devdutt Padikkal(4) | Bowl: T Natarajan None-None[0m
[37m[16:06:47 F101 TEST] INFO:   [ACTION] The bowler, Natarajan, is bowling to the RCB batters, Salt and Padikkal.[0m
[37m[16:06:47 F101 TEST] INFO: DETAIL|F101|SCOREBOARD|tag=SCOREBOARD|scout=STRIP: RCB 69-1 (7.1) | SALT  *9(9) | PADIKKAL  4(4) | NATARAJAN  0-4 (0.1)|action=The bowler, Natarajan, is bowling to the RCB batters, Salt and Padikkal.|ext_score=None-1(None)|ext_bat=|ext_bowl=|scorer_changes=['FRAME_POISONED:69']|yolo=0|BEFORE_score=65-1(7.0)|BEFORE_bat1=Philip Salt 39(25)|BEFORE_bat2=Devdutt Padikkal 4(4)|BEFORE_bowl=T Natarajan None-None (None)|BEFORE_this_over=[]|AFTER_score=65-1(7.0)|AFTER_bat1=Philip Salt 39(25)|AFTER_bat2=Devdutt Padikkal 4(4)|AFTER_bowl=T Natarajan None-None (None)|AFTER_this_over=[]|AFTER_this_over_src=|AFTER_striker=Philip Salt|AFTER_non_striker=Devdutt Padikkal|AFTER_run_rate=9.29|AFTER_target=—|AFTER_innings=1|AFTER_partnership=10(9)|AFTER_fow_count=1|AFTER_field=pace_middle frozen=True fielders=['slip_2', 'deep_square_leg', 'cover_point', 'square_leg', 'deep_point', 'deep_backward_pt', 'point', 'cover', 'mid_off']|ball_event=—|ball_event_runs=—|ball_event_over=—|ball_event_extra=—|ball_event_free_hit=—|broadcast_extra=—|dismissal_mode=—|striker_this_ball=Philip Salt|delivery_length=—|delivery_line=—|delivery_angle=—|delivery_shot=—|delivery_direction=—|delivery_elevation=—|delivery_bounce=—|delivery_dets=0|delivery_method=—|delivery_snap_dets=—|delivery_3layer_dets=—|delivery_det_rate=—|delivery_dir_zone=—|delivery_dir_conf=0|delivery_pitch_pos=—|delivery_shot_action=—|delivery_swing=—|delivery_speed_vlm=—|delivery_vlm_conf=—|delivery_vlm_ms=—|speed_kph=—|venue=—|batting_team=Royal Challengers Bengaluru|match_info=IPL 2026|completed_over=—|completed_over_runs=—|drs_state=NONE|corrections=none|lat_vision=616|lat_extract=656|lat_scorer=763|lat_field=39|lat_comm=0|lat_code=0|lat_total=2037|comm_bowler=T Natarajan|comm_wire=—|comm_storyteller=—|comm_analyst=—|comm_colour=—|comm_wire_ms=0|comm_story_ms=0|comm_analyst_ms=0|comm_colour_ms=0[0m
[37m[16:06:49 F102 VISION] INFO: [SCOUT] SCOREBOARD 539ms strip=True overlay=False drs=False digits=True 218 chars[0m
[37m[16:06:49 F102 TEST] INFO: 
=======================================================[0m
[37m[16:06:49 F102 TEST] INFO: [F102] SCOREBOARD — #62[0m
[37m[16:06:49 F102 TEST] INFO:   [V 542ms] STRIP: RCB 69-1 (7.1) | SALT 43(26) | PADIKKAL 4(4) | NATARAJAN 0-4 (0.1)[0m
[37m[16:06:49 F102 EXTRACT] INFO: Extracted in 0.6s (llama-4-scout-17b-16e-instruct)[0m
[37m[16:06:49 F102 TEST] INFO:   [E 585ms] visible_team=Royal Challengers Bengaluru score=69-1 (7.1) target=None rr=None[0m
[37m[16:06:49 F102 TEST] INFO:     BAT: SALT 43(26) [0m
[37m[16:06:49 F102 TEST] INFO:     BAT: PADIKKAL 4(4) [0m
[37m[16:06:49 F102 TEST] INFO:     BOWL: NATARAJAN 0-4 (0.1)[0m
[37m[16:06:49 F102 TRACK] INFO: bowl:T Natarajan:runs: initial proposal flipped 0 → 4 — resetting consensus to 1/3[0m
[37m[16:06:49 F102 TRACK] INFO: bowl:T Natarajan:wickets: initial → 0 (cold-start consensus 3/3)[0m
[37m[16:06:49 F102 TRACK] INFO: bowl:T Natarajan:overs: initial proposal flipped 0 → 0.1 — resetting consensus to 1/3[0m
[37m[16:06:49 F102 BOARD] INFO: T Natarajan: None/None (None) -> 0/None (None) [F102][0m
[37m[16:06:49 F102 TRACK] INFO: bat:Philip Salt:runs: 39 → 43 (fast-confirm, natural increment F102)[0m
[37m[16:06:49 F102 TRACK] INFO: bat:Philip Salt:balls: 25 → 26 (fast-confirm, natural increment F102)[0m
[37m[16:06:49 F102 BOARD] INFO: Philip Salt: 39(25) -> 43(26) [F102][0m
[37m[16:06:49 F102 TEST] INFO:   [DIRECT] Batter updates: ['SALT: ext=43(26) → tracker=43(26) [was 39(25)]', 'PADIKKAL: ext=4(4) → tracker=4(4) [was 4(4)]'][0m
[37m[16:06:49 F102 TRACK] INFO: score: 65 → 69 (post-event immediate, grace=1)[0m
[37m[16:06:49 F102 BOARD] INFO: score: 65 -> 69 [F102][0m
[37m[16:06:49 F102 TEST] INFO:   [DIRECT] score→69[0m
[37m[16:06:49 F102 TRACK] INFO: overs: 7.0 → 7.1 (post-event immediate, grace=0)[0m
[37m[16:06:49 F102 BOARD] INFO: overs: 7.0 -> 7.1 [F102][0m
[37m[16:06:49 F102 TEST] INFO:   [DIRECT] overs→7.1[0m
[37m[16:06:49 F102 TEST] INFO:   [DIRECT] wickets→1[0m
[37m[16:06:50 F102 SCORER] INFO: Scored in 0.9s (llama-4-scout-17b-16e-instruct)[0m
[37m[16:06:50 F102 TEST] INFO:   [S] Hint: Current batters: SALT and PADIKKAL. Bowler: NATARAJAN. Read their stats from the scoreboard. ALREADY DISMISSED (do NOT dismiss again): Virat Kohli[0m
[37m[16:06:50 F102 TEST] INFO:   [FLOW] Extractor batters not in scorer: {'PADIKKAL', 'SALT'}[0m
[37m[16:06:50 F102 TRACK] INFO: bowl:T Natarajan:runs: initial proposed 4 (2/3 — waiting)[0m
[37m[16:06:50 F102 TRACK] INFO: bowl:T Natarajan:overs: initial proposed 0.1 (2/3 — waiting)[0m
[37m[16:06:50 F102 TEST] INFO:   [S 921ms] Changes: ['score→69', 'overs→7.1', 'bat:Philip Salt=43(26)', 'bat:Devdutt Padikkal=4(4)', 'bowl:T Natarajan'][0m
[37m[16:06:50 F102 TEST] INFO:   Total: 2048ms (V:542 E:585 S:921)[0m
[37m[16:06:50 F102 COMMENTARY] INFO: [BALL ✓] FOUR | 7.1 +4 runs (Δballs=1)[0m
[37m[16:06:50 F102 TEST] INFO:   [THIS-OVER] Ball FOUR appended to over 7[0m
[37m[16:07:08 F102 TEST] INFO:   [DELIVERY SKIPPED] reason=vlm_reject_between_overs_filler (17585ms, method=vlm)[0m
[37m[16:07:08 F102 BOARD] INFO: run_rate: 9.29 -> 9.63 [F102][0m
[37m[16:07:08 F102 TEST] INFO:   STATE: Royal Challengers Bengaluru 69-1 (7.1) inn=1 RR=9.63 | Bat: Philip Salt*(43) Devdutt Padikkal(4) | Bowl: T Natarajan 0-None[0m
[37m[16:07:08 F102 SCORE_MGR] INFO: [SM] FOUR  69/1 (7.1)  striker=SALT[0m
[37m[16:07:08 F102 TEST] INFO:   [SHADOW] SM=FOUR BED=FOUR MATCH[0m
[37m[16:07:08 F102 TEST] INFO:   [COMM 437ms] wire(0ms), storyteller(436ms)[0m
[37m[16:07:08 F102 TEST] INFO:   [BALL EVENT ✓] FOUR | 7.1 | +4 runs (Δballs=0) | The bowler NATARAJAN is bowling to the batters SALT and PADI[0m
[37m[16:07:08 F102 FIELD] INFO: [F102] IC-square_leg moved to CC-silly_point[0m
[37m[16:07:08 F102 FIELD] INFO: [F102] IC-cover_point moved to IC-gully[0m
[37m[16:07:08 F102 FIELD] INFO: [F102] IC-gully brought in — attacking[0m
[37m[16:07:08 F102 TEST] INFO: DETAIL|F102|SCOREBOARD|tag=SCOREBOARD|scout=STRIP: RCB 69-1 (7.1) | SALT 43(26) | PADIKKAL 4(4) | NATARAJAN 0-4 (0.1)|action=The bowler NATARAJAN is bowling to the batters SALT and PADIKKAL.|ext_score=69-1(7.1)|ext_bat=SALT 43(26) | PADIKKAL 4(4)|ext_bowl=NATARAJAN 0-4 (0.1)|scorer_changes=['score→69', 'overs→7.1', 'bat:Philip Salt=43(26)', 'bat:Devdutt Padikkal=4(4)', 'bowl:T Natarajan']|yolo=3|BEFORE_score=65-1(7.0)|BEFORE_bat1=Philip Salt 39(25)|BEFORE_bat2=Devdutt Padikkal 4(4)|BEFORE_bowl=T Natarajan None-None (None)|BEFORE_this_over=[]|AFTER_score=69-1(7.1)|AFTER_bat1=Philip Salt 43(26)|AFTER_bat2=Devdutt Padikkal 4(4)|AFTER_bowl=T Natarajan 0-None (None)|AFTER_this_over=['4']|AFTER_this_over_src=4(obs)|AFTER_striker=Philip Salt|AFTER_non_striker=Devdutt Padikkal|AFTER_run_rate=9.63|AFTER_target=—|AFTER_innings=1|AFTER_partnership=14(10)|AFTER_fow_count=1|AFTER_field=pace_middle frozen=True fielders=['slip_2', 'deep_square_leg', 'cover_point', 'square_leg', 'deep_point', 'deep_backward_pt', 'point', 'cover', 'mid_off']|ball_event=FOUR|ball_event_runs=4|ball_event_over=7.1|ball_event_extra=—|ball_event_free_hit=—|broadcast_extra=—|dismissal_mode=—|striker_this_ball=Philip Salt|delivery_length=unknown|delivery_line=unknown|delivery_angle=unknown|delivery_shot=unknown|delivery_direction=unknown|delivery_elevation=unknown|delivery_bounce=unknown|delivery_dets=0|delivery_method=vlm|delivery_snap_dets=—|delivery_3layer_dets=—|delivery_det_rate=0.00|delivery_dir_zone=unknown|delivery_dir_conf=none|delivery_pitch_pos=—|delivery_shot_action=unknown|delivery_swing=—|delivery_speed_vlm=—|delivery_vlm_conf=high|delivery_vlm_ms=710|speed_kph=—|venue=—|batting_team=Royal Challengers Bengaluru|match_info=IPL 2026|completed_over=—|completed_over_runs=—|drs_state=NONE|corrections=none|lat_vision=542|lat_extract=585|lat_scorer=921|lat_field=41|lat_comm=437|lat_code=17547|lat_total=20072|comm_bowler=T Natarajan|comm_wire=7.1: T Natarajan to SALT — FOUR (85.9 kph). 69/1|comm_storyteller=The crowd is erupting here as the batter finds the gap on the off side, driving it with precision and power, racing to the boundary! The ball was full, bowled at a good pace, 85.9 kph, and the batter |comm_analyst=—|comm_colour=—|comm_wire_ms=0|comm_story_ms=436|comm_analyst_ms=0|comm_colour_ms=0[0m
[37m[16:07:10 F103 VISION] INFO: [SCOUT] SCOREBOARD 809ms strip=True overlay=False drs=False digits=True 480 chars[0m
[37m[16:07:10 F103 TEST] INFO: 
=======================================================[0m
[37m[16:07:10 F103 TEST] INFO: [F103] SCOREBOARD — #63[0m
[37m[16:07:10 F103 TEST] INFO:   [V 812ms] STRIP: RCB  [SCORE]-[WICKETS] ([OVERS]) | SALT [RUNS]([BALLS]) | PADIKKAL [RUNS]([BALLS]) | NATARAJAN [W]-[R] ([OVERS])

Assuming a hypothetical score for demonstration: 
STRIP: RCB 25-0 (3.2) | SALT 18(10) | PADIKKAL 7(8) | NATARAJAN 0-25 (3.2)

No [0m
[37m[16:07:11 F103 EXTRACT] INFO: Extracted in 0.6s (llama-4-scout-17b-16e-instruct)[0m
[37m[16:07:11 F103 TEST] INFO:   [GUARD] Philip Salt diff 43→18 — comparison strip for batting team[0m
[37m[16:07:11 F103 TEST] INFO:   [E 649ms] visible_team=Royal Challengers Bengaluru score=None-0 (None) target=None rr=None[0m
[37m[16:07:11 F103 TEST] INFO:   [POISONED] Extracted score 25 vs tracker 69 (delta=-44) — blocking ALL updates this frame[0m
[37m[16:07:12 F103 SCORER] INFO: Scored in 1.0s (llama-4-scout-17b-16e-instruct)[0m
[37m[16:07:12 F103 TEST] INFO:   [S] Hint: Current batters: SALT and PADIKKAL. Bowler: NATARAJAN. Read their stats from the scoreboard. ALREADY DISMISSED (do NOT dismiss again): Virat Kohli[0m
[37m[16:07:12 F103 TEST] INFO:   [CONSENSUS] Poisoned score 25 frame 1/2, waiting[0m
[37m[16:07:12 F103 TEST] INFO:   [S 973ms] Changes: ['FRAME_POISONED:25'][0m
[37m[16:07:12 F103 TEST] INFO:   Total: 2434ms (V:812 E:649 S:973)[0m
[37m[16:07:12 F103 TEST] INFO:   [THIS OVER] ['4'] = 4 runs[0m
[37m[16:07:12 F103 TEST] INFO:   STATE: Royal Challengers Bengaluru 69-1 (7.1) inn=1 RR=9.63 | Bat: Philip Salt*(43) Devdutt Padikkal(4) | Bowl: T Natarajan 0-None[0m
[37m[16:07:12 F103 TEST] INFO:   [ACTION] The batsmen, SALT and PADIKKAL, are at the crease, with SALT likely on the strik[0m
[37m[16:07:12 F103 TEST] INFO: DETAIL|F103|SCOREBOARD|tag=SCOREBOARD|scout=STRIP: RCB  [SCORE]-[WICKETS] ([OVERS]) | SALT [RUNS]([BALLS]) | PADIKKAL [RUNS]([BALLS]) | NATARAJAN [W]-[R] ([OVERS]) |action=The batsmen, SALT and PADIKKAL, are at the crease, with SALT likely on the striker's end given the c|ext_score=None-0(None)|ext_bat=|ext_bowl=|scorer_changes=['FRAME_POISONED:25']|yolo=0|BEFORE_score=69-1(7.1)|BEFORE_bat1=Philip Salt 43(26)|BEFORE_bat2=Devdutt Padikkal 4(4)|BEFORE_bowl=T Natarajan 0-None (None)|BEFORE_this_over=['4']|AFTER_score=69-1(7.1)|AFTER_bat1=Philip Salt 43(26)|AFTER_bat2=Devdutt Padikkal 4(4)|AFTER_bowl=T Natarajan 0-None (None)|AFTER_this_over=['4']|AFTER_this_over_src=4(obs)|AFTER_striker=Philip Salt|AFTER_non_striker=Devdutt Padikkal|AFTER_run_rate=9.63|AFTER_target=—|AFTER_innings=1|AFTER_partnership=14(10)|AFTER_fow_count=1|AFTER_field=pace_middle frozen=True fielders=['slip_2', 'deep_square_leg', 'cover_point', 'square_leg', 'deep_point', 'deep_backward_pt', 'point', 'cover', 'mid_off']|ball_event=—|ball_event_runs=—|ball_event_over=—|ball_event_extra=—|ball_event_free_hit=—|broadcast_extra=—|dismissal_mode=—|striker_this_ball=Philip Salt|delivery_length=—|delivery_line=—|delivery_angle=—|delivery_shot=—|delivery_direction=—|delivery_elevation=—|delivery_bounce=—|delivery_dets=0|delivery_method=—|delivery_snap_dets=—|delivery_3layer_dets=—|delivery_det_rate=—|delivery_dir_zone=—|delivery_dir_conf=0|delivery_pitch_pos=—|delivery_shot_action=—|delivery_swing=—|delivery_speed_vlm=—|delivery_vlm_conf=—|delivery_vlm_ms=—|speed_kph=—|venue=—|batting_team=Royal Challengers Bengaluru|match_info=IPL 2026|completed_over=—|completed_over_runs=—|drs_state=NONE|corrections=none|lat_vision=812|lat_extract=649|lat_scorer=973|lat_field=43|lat_comm=0|lat_code=0|lat_total=2435|comm_bowler=T Natarajan|comm_wire=—|comm_storyteller=—|comm_analyst=—|comm_colour=—|comm_wire_ms=0|comm_story_ms=0|comm_analyst_ms=0|comm_colour_ms=0[0m
[37m[16:07:13 F104 VISION] INFO: [SCOUT] GRAPHIC 563ms strip=True overlay=True drs=False digits=True 268 chars[0m
[37m[16:07:13 F104 TEST] INFO: 
=======================================================[0m
[37m[16:07:13 F104 TEST] INFO: [F104] GRAPHIC — #64[0m
[37m[16:07:13 F104 TEST] INFO:   [V 566ms] STRIP: RCB 69-1 (7.1) | RCB 2 | DC 6 

INFO_PANEL: PHIL SALT v LEFT ARM SEAMERS - IN T20s SINCE 2025
INFO_PANEL: INNINGS 39 OUTS 13 AVERAGE 36.6 STRIKE RATE 161[0m
[37m[16:07:14 F104 EXTRACT] INFO: Extracted in 0.6s (llama-4-scout-17b-16e-instruct)[0m
[37m[16:07:14 F104 BOARD] INFO: [NAME] Exact miss for 'PHIL SALT', trying fuzzy (481 keys)...[0m
[37m[16:07:14 F104 BOARD] INFO: Fuzzy matched 'PHIL SALT' → 'Philip Salt' (90%)[0m
[37m[16:07:14 F104 BOARD] INFO: [NAME] Exact miss for 'PHIL', trying fuzzy (482 keys)...[0m
[37m[16:07:14 F104 BOARD] INFO: Fuzzy matched 'PHIL' → 'Philip Salt' (80%)[0m
[37m[16:07:14 F104 TEST] INFO:   [GUARD] GRAPHIC frame — player stats stripped, score matches tracker[0m
[37m[16:07:14 F104 TEST] INFO:   [INFO PANEL] Detected — tracker will bound values[0m
[37m[16:07:14 F104 TEST] INFO:   [E 629ms] visible_team=Royal Challengers Bengaluru score=69-1 (7.1) target=None rr=None[0m
[37m[16:07:14 F104 TEST] INFO:   [DIRECT] score→69[0m
[37m[16:07:14 F104 TEST] INFO:   [DIRECT] overs→7.1[0m
[37m[16:07:14 F104 TEST] INFO:   [DIRECT] wickets→1[0m
[37m[16:07:15 F104 SCORER] INFO: Scored in 1.1s (llama-4-scout-17b-16e-instruct)[0m
[37m[16:07:15 F104 TEST] INFO:   [S] Hint: Current batters: SALT and PADIKKAL. Bowler: NATARAJAN. Read their stats from the scoreboard. ALREADY DISMISSED (do NOT dismiss again): Virat Kohli[0m
[37m[16:07:15 F104 BOARD] INFO: [GUARD] Bowler T Natarajan overs 7.1 > 4.0 — career stat, dropping ALL figures[0m
[37m[16:07:15 F104 TEST] INFO:   [WICKET-TRACK] Wicket at F104[0m
[37m[16:07:15 F104 TEST] INFO:   [S 1062ms] Changes: ['score→69', 'overs→7.1', 'wickets→1', 'bat:Philip Salt=43(26)', 'bat:Devdutt Padikkal=4(4)', 'bowl:T Natarajan'][0m
[37m[16:07:15 F104 TEST] INFO:   Total: 2257ms (V:566 E:629 S:1062)[0m
[37m[16:07:15 F104 TEST] INFO:   [THIS OVER] ['4'] = 4 runs[0m
[37m[16:07:15 F104 TEST] INFO:   STATE: Royal Challengers Bengaluru 69-1 (7.1) inn=1 RR=9.63 | Bat: Philip Salt*(43) Devdutt Padikkal(4) | Bowl: T Natarajan 0-None[0m
[37m[16:07:15 F104 TEST] INFO:   [ACTION] The batter is playing a shot.[0m
[37m[16:07:15 F104 TEST] INFO: DETAIL|F104|GRAPHIC|tag=GRAPHIC|scout=STRIP: RCB 69-1 (7.1) | RCB 2 | DC 6   INFO_PANEL: PHIL SALT v LEFT ARM SEAMERS - IN T20s SINCE 2025 INFO_PANEL: INNINGS|action=The batter is playing a shot.|ext_score=69-1(7.1)|ext_bat=|ext_bowl=|scorer_changes=['score→69', 'overs→7.1', 'wickets→1', 'bat:Philip Salt=43(26)', 'bat:Devdutt Padikkal=4(4)', 'bowl:T Natarajan']|yolo=0|BEFORE_score=69-1(7.1)|BEFORE_bat1=Philip Salt 43(26)|BEFORE_bat2=Devdutt Padikkal 4(4)|BEFORE_bowl=T Natarajan 0-None (None)|BEFORE_this_over=['4']|AFTER_score=69-1(7.1)|AFTER_bat1=Philip Salt 43(26)|AFTER_bat2=Devdutt Padikkal 4(4)|AFTER_bowl=T Natarajan 0-None (None)|AFTER_this_over=['4']|AFTER_this_over_src=4(obs)|AFTER_striker=Philip Salt|AFTER_non_striker=Devdutt Padikkal|AFTER_run_rate=9.63|AFTER_target=—|AFTER_innings=1|AFTER_partnership=14(10)|AFTER_fow_count=1|AFTER_field=pace_middle frozen=True fielders=['slip_2', 'deep_square_leg', 'cover_point', 'square_leg', 'deep_point', 'deep_backward_pt', 'point', 'cover', 'mid_off']|ball_event=—|ball_event_runs=—|ball_event_over=—|ball_event_extra=—|ball_event_free_hit=—|broadcast_extra=—|dismissal_mode=—|striker_this_ball=Philip Salt|delivery_length=—|delivery_line=—|delivery_angle=—|delivery_shot=—|delivery_direction=—|delivery_elevation=—|delivery_bounce=—|delivery_dets=0|delivery_method=—|delivery_snap_dets=—|delivery_3layer_dets=—|delivery_det_rate=—|delivery_dir_zone=—|delivery_dir_conf=0|delivery_pitch_pos=—|delivery_shot_action=—|delivery_swing=—|delivery_speed_vlm=—|delivery_vlm_conf=—|delivery_vlm_ms=—|speed_kph=—|venue=—|batting_team=Royal Challengers Bengaluru|match_info=IPL 2026|completed_over=—|completed_over_runs=—|drs_state=NONE|corrections=none|lat_vision=566|lat_extract=629|lat_scorer=1062|lat_field=45|lat_comm=0|lat_code=0|lat_total=2266|comm_bowler=T Natarajan|comm_wire=—|comm_storyteller=—|comm_analyst=—|comm_colour=—|comm_wire_ms=0|comm_story_ms=0|comm_analyst_ms=0|comm_colour_ms=0[0m
[37m[16:07:17 F105 VISION] INFO: [SCOUT] GRAPHIC 606ms strip=True overlay=True drs=False digits=True 279 chars[0m
[37m[16:07:17 F105 TEST] INFO: 
=======================================================[0m
[37m[16:07:17 F105 TEST] INFO: [F105] GRAPHIC — #65[0m
[37m[16:07:17 F105 TEST] INFO:   [V 609ms] STRIP: RCB 69-1 (7.1) | SALT 39(13) | 

INFO_PANEL: PHIL SALT v LEFT ARM SEAMERS - IN T20s SINCE 2025, INNINGS 39, OUTS 13, AVERAGE 36.6, STRIKE RATE 161[0m
[37m[16:07:17 F105 EXTRACT] INFO: Extracted in 0.6s (llama-4-scout-17b-16e-instruct)[0m
[37m[16:07:17 F105 TEST] INFO:   [GUARD] GRAPHIC frame — player stats stripped, score matches tracker[0m
[37m[16:07:17 F105 TEST] INFO:   [INFO PANEL] Detected — tracker will bound values[0m
[37m[16:07:17 F105 TEST] INFO:   [E 586ms] visible_team=Royal Challengers Bengaluru score=69-1 (7.1) target=None rr=None[0m
[37m[16:07:17 F105 TEST] INFO:   [DIRECT] score→69[0m
[37m[16:07:17 F105 TEST] INFO:   [DIRECT] overs→7.1[0m
[37m[16:07:17 F105 TEST] INFO:   [DIRECT] wickets→1[0m
[37m[16:07:18 F105 SCORER] INFO: Scored in 0.9s (llama-4-scout-17b-16e-instruct)[0m
[37m[16:07:18 F105 TEST] INFO:   [S] Hint: Current batters: SALT and PADIKKAL. Bowler: NATARAJAN. Read their stats from the scoreboard. ALREADY DISMISSED (do NOT dismiss again): Virat Kohli[0m
[37m[16:07:18 F105 TRACK] INFO: bowl:T Natarajan:runs: initial proposal flipped 4 → 0 — resetting consensus to 1/3[0m
[37m[16:07:18 F105 TRACK] INFO: bowl:T Natarajan:overs: initial proposal flipped 0.1 → 0.0 — resetting consensus to 1/3[0m
[37m[16:07:18 F105 TEST] INFO:   [WICKET-TRACK] Wicket at F105[0m
[37m[16:07:18 F105 TEST] INFO:   [S 873ms] Changes: ['score→69', 'overs→7.1', 'wickets→1', 'bat:Philip Salt=43(26)', 'bat:Devdutt Padikkal=4(4)', 'bowl:T Natarajan'][0m
[37m[16:07:18 F105 TEST] INFO:   Total: 2068ms (V:609 E:586 S:873)[0m
[37m[16:07:18 F105 TEST] INFO:   [THIS OVER] ['4'] = 4 runs[0m
[37m[16:07:18 F105 TEST] INFO:   STATE: Royal Challengers Bengaluru 69-1 (7.1) inn=1 RR=9.63 | Bat: Philip Salt*(43) Devdutt Padikkal(4) | Bowl: T Natarajan 0-None[0m
[37m[16:07:18 F105 TEST] INFO:   [ACTION] The bowler NATARAJAN is bowling to batter SALT.[0m
[FIELD WARN] Middle overs but 6 outside circle (max 5). Possible misclassification.
[37m[16:07:18 F105 FIELD] INFO: [F105] IC-gully moved to IC-extra_cover[0m
[37m[16:07:18 F105 FIELD] INFO: [F105] CC-silly_point moved to OC-deep_cover[0m
[37m[16:07:18 F105 FIELD] INFO: [F105] IC-gully pushed back — defensive[0m
[37m[16:07:18 F105 TEST] INFO: DETAIL|F105|GRAPHIC|tag=GRAPHIC|scout=STRIP: RCB 69-1 (7.1) | SALT 39(13) |   INFO_PANEL: PHIL SALT v LEFT ARM SEAMERS - IN T20s SINCE 2025, INNINGS 39, OUTS |action=The bowler NATARAJAN is bowling to batter SALT.|ext_score=69-1(7.1)|ext_bat=|ext_bowl=|scorer_changes=['score→69', 'overs→7.1', 'wickets→1', 'bat:Philip Salt=43(26)', 'bat:Devdutt Padikkal=4(4)', 'bowl:T Natarajan']|yolo=7|BEFORE_score=69-1(7.1)|BEFORE_bat1=Philip Salt 43(26)|BEFORE_bat2=Devdutt Padikkal 4(4)|BEFORE_bowl=T Natarajan 0-None (None)|BEFORE_this_over=['4']|AFTER_score=69-1(7.1)|AFTER_bat1=Philip Salt 43(26)|AFTER_bat2=Devdutt Padikkal 4(4)|AFTER_bowl=T Natarajan 0-None (None)|AFTER_this_over=['4']|AFTER_this_over_src=4(obs)|AFTER_striker=Philip Salt|AFTER_non_striker=Devdutt Padikkal|AFTER_run_rate=9.63|AFTER_target=—|AFTER_innings=1|AFTER_partnership=14(10)|AFTER_fow_count=1|AFTER_field=pace_middle frozen=True fielders=['slip_2', 'deep_square_leg', 'cover_point', 'square_leg', 'deep_point', 'deep_backward_pt', 'point', 'cover', 'mid_off']|ball_event=—|ball_event_runs=—|ball_event_over=—|ball_event_extra=—|ball_event_free_hit=—|broadcast_extra=—|dismissal_mode=—|striker_this_ball=Philip Salt|delivery_length=—|delivery_line=—|delivery_angle=—|delivery_shot=—|delivery_direction=—|delivery_elevation=—|delivery_bounce=—|delivery_dets=0|delivery_method=—|delivery_snap_dets=—|delivery_3layer_dets=—|delivery_det_rate=—|delivery_dir_zone=—|delivery_dir_conf=0|delivery_pitch_pos=—|delivery_shot_action=—|delivery_swing=—|delivery_speed_vlm=—|delivery_vlm_conf=—|delivery_vlm_ms=—|speed_kph=—|venue=—|batting_team=Royal Challengers Bengaluru|match_info=IPL 2026|completed_over=—|completed_over_runs=—|drs_state=NONE|corrections=none|lat_vision=609|lat_extract=586|lat_scorer=873|lat_field=50|lat_comm=0|lat_code=0|lat_total=2070|comm_bowler=T Natarajan|comm_wire=—|comm_storyteller=—|comm_analyst=—|comm_colour=—|comm_wire_ms=0|comm_story_ms=0|comm_analyst_ms=0|comm_colour_ms=0[0m
[37m[16:07:20 F106 VISION] INFO: [SCOUT] GRAPHIC 593ms strip=True overlay=True drs=False digits=True 289 chars[0m
[37m[16:07:20 F106 TEST] INFO: 
=======================================================[0m
[37m[16:07:20 F106 TEST] INFO: [F106] GRAPHIC — #66[0m
[37m[16:07:20 F106 TEST] INFO:   [V 597ms] STRIP: RCB 70-1 (7.2) | 

INFO_PANEL: PHIL SALT v LEFT ARM SEAMERS - IN T20s SINCE 2025
INFO_PANEL: INNINGS 39 OUTS 13 AVERAGE 36.6 STRIKE RATE 161[0m
[37m[16:07:21 F106 EXTRACT] INFO: Extracted in 0.6s (llama-4-scout-17b-16e-instruct)[0m
[37m[16:07:21 F106 TEST] INFO:   [GUARD] GRAPHIC frame — player stats stripped, score mismatch → poisoned[0m
[37m[16:07:21 F106 TEST] INFO:   [INFO PANEL] Detected — tracker will bound values[0m
[37m[16:07:21 F106 TEST] INFO:   [E 594ms] visible_team=Royal Challengers Bengaluru score=70-1 (7.2) target=None rr=None[0m
[37m[16:07:21 F106 SCORER] INFO: Scored in 0.8s (llama-4-scout-17b-16e-instruct)[0m
[37m[16:07:21 F106 TEST] INFO:   [S] Hint: Current batters: SALT and PADIKKAL. Bowler: Natarajan. Read their stats from the scoreboard. ALREADY DISMISSED (do NOT dismiss again): Virat Kohli[0m
[37m[16:07:21 F106 TEST] INFO:   [CONSENSUS] Poisoned score 70 frame 1/2, waiting[0m
[37m[16:07:21 F106 TEST] INFO:   [S 849ms] Changes: ['FRAME_POISONED:70'][0m
[37m[16:07:21 F106 TEST] INFO:   Total: 2040ms (V:597 E:594 S:849)[0m
[37m[16:07:21 F106 TEST] INFO:   [THIS OVER] ['4'] = 4 runs[0m
[37m[16:07:21 F106 TEST] INFO:   STATE: Royal Challengers Bengaluru 69-1 (7.1) inn=1 RR=9.63 | Bat: Philip Salt*(43) Devdutt Padikkal(4) | Bowl: T Natarajan 0-None[0m
[37m[16:07:21 F106 TEST] INFO:   [ACTION] The bowler is running towards the run-up to bowl the next ball.[0m
[37m[16:07:21 F106 TEST] INFO: DETAIL|F106|GRAPHIC|tag=GRAPHIC|scout=STRIP: RCB 70-1 (7.2) |   INFO_PANEL: PHIL SALT v LEFT ARM SEAMERS - IN T20s SINCE 2025 INFO_PANEL: INNINGS 39 OUTS 13 A|action=The bowler is running towards the run-up to bowl the next ball.|ext_score=70-1(7.2)|ext_bat=|ext_bowl=|scorer_changes=['FRAME_POISONED:70']|yolo=0|BEFORE_score=69-1(7.1)|BEFORE_bat1=Philip Salt 43(26)|BEFORE_bat2=Devdutt Padikkal 4(4)|BEFORE_bowl=T Natarajan 0-None (None)|BEFORE_this_over=['4']|AFTER_score=69-1(7.1)|AFTER_bat1=Philip Salt 43(26)|AFTER_bat2=Devdutt Padikkal 4(4)|AFTER_bowl=T Natarajan 0-None (None)|AFTER_this_over=['4']|AFTER_this_over_src=4(obs)|AFTER_striker=Philip Salt|AFTER_non_striker=Devdutt Padikkal|AFTER_run_rate=9.63|AFTER_target=—|AFTER_innings=1|AFTER_partnership=14(10)|AFTER_fow_count=1|AFTER_field=pace_middle frozen=True fielders=['slip_2', 'deep_square_leg', 'cover_point', 'square_leg', 'deep_point', 'deep_backward_pt', 'point', 'cover', 'mid_off']|ball_event=—|ball_event_runs=—|ball_event_over=—|ball_event_extra=—|ball_event_free_hit=—|broadcast_extra=—|dismissal_mode=—|striker_this_ball=Philip Salt|delivery_length=—|delivery_line=—|delivery_angle=—|delivery_shot=—|delivery_direction=—|delivery_elevation=—|delivery_bounce=—|delivery_dets=0|delivery_method=—|delivery_snap_dets=—|delivery_3layer_dets=—|delivery_det_rate=—|delivery_dir_zone=—|delivery_dir_conf=0|delivery_pitch_pos=—|delivery_shot_action=—|delivery_swing=—|delivery_speed_vlm=—|delivery_vlm_conf=—|delivery_vlm_ms=—|speed_kph=—|venue=—|batting_team=Royal Challengers Bengaluru|match_info=IPL 2026|completed_over=—|completed_over_runs=—|drs_state=NONE|corrections=none|lat_vision=597|lat_extract=594|lat_scorer=849|lat_field=45|lat_comm=0|lat_code=0|lat_total=2042|comm_bowler=T Natarajan|comm_wire=—|comm_storyteller=—|comm_analyst=—|comm_colour=—|comm_wire_ms=0|comm_story_ms=0|comm_analyst_ms=0|comm_colour_ms=0[0m
[37m[16:07:23 F107 VISION] INFO: [SCOUT] ADVERTISEMENT 480ms strip=False overlay=False drs=False digits=False 83 chars[0m
[37m[16:07:23 F107 TEST] INFO: [F107] AD 484ms (#14)[0m
[37m[16:07:25 F108 VISION] INFO: [SCOUT] SCOREBOARD 496ms strip=True overlay=False drs=False digits=False 222 chars[0m
[37m[16:07:25 F108 VISION] INFO: [SCOUT] Preview: {"has_strip": true, "has_overlay_stats": false, "drs_review": false}

STRIP: RCB 0-0 (0.1) | *SALT 0(1) | PadiKKal 0(0) | Natarajan 0-0 (0.1)

ACTION: The bowler, Natarajan, has just bowled the first [0m
[37m[16:07:25 F108 TEST] INFO: 
=======================================================[0m
[37m[16:07:25 F108 TEST] INFO: [F108] SCOREBOARD — #67[0m
[37m[16:07:25 F108 TEST] INFO:   [V 499ms] STRIP: RCB 0-0 (0.1) | *SALT 0(1) | PadiKKal 0(0) | Natarajan 0-0 (0.1)[0m
[37m[16:07:25 F108 EXTRACT] INFO: Extracted in 0.6s (llama-4-scout-17b-16e-instruct)[0m
[37m[16:07:25 F108 TEST] INFO:   [GUARD] Philip Salt diff 43→0 — comparison strip for batting team[0m
[37m[16:07:25 F108 TEST] INFO:   [E 613ms] visible_team=None score=None-0 (None) target=None rr=None[0m
[37m[16:07:25 F108 TEST] INFO:   [POISONED] Extracted score 0 vs tracker 69 (delta=-69) — blocking ALL updates this frame[0m
[37m[16:07:26 F108 SCORER] INFO: Scored in 1.0s (llama-4-scout-17b-16e-instruct)[0m
[37m[16:07:26 F108 TEST] INFO:   [S] Hint: Current batters: SALT and PADIKKAL. Bowler: NATARAJAN. Read their stats from the scoreboard. ALREADY DISMISSED (do NOT dismiss again): Virat Kohli[0m
[37m[16:07:26 F108 TEST] INFO:   [CONSENSUS] Poisoned score 0 frame 1/2, waiting[0m
[37m[16:07:26 F108 TEST] INFO:   [S 954ms] Changes: ['FRAME_POISONED:0'][0m
[37m[16:07:26 F108 TEST] INFO:   Total: 2066ms (V:499 E:613 S:954)[0m
[37m[16:07:26 F108 TEST] INFO:   [THIS OVER] ['4'] = 4 runs[0m
[37m[16:07:26 F108 TEST] INFO:   STATE: Royal Challengers Bengaluru 69-1 (7.1) inn=1 RR=9.63 | Bat: Philip Salt*(43) Devdutt Padikkal(4) | Bowl: T Natarajan 0-None[0m
[37m[16:07:26 F108 TEST] INFO:   [ACTION] The bowler, Natarajan, has just bowled the first delivery of the match.[0m
[37m[16:07:26 F108 TEST] INFO: DETAIL|F108|SCOREBOARD|tag=SCOREBOARD|scout=STRIP: RCB 0-0 (0.1) | *SALT 0(1) | PadiKKal 0(0) | Natarajan 0-0 (0.1)|action=The bowler, Natarajan, has just bowled the first delivery of the match.|ext_score=None-0(None)|ext_bat=|ext_bowl=|scorer_changes=['FRAME_POISONED:0']|yolo=0|BEFORE_score=69-1(7.1)|BEFORE_bat1=Philip Salt 43(26)|BEFORE_bat2=Devdutt Padikkal 4(4)|BEFORE_bowl=T Natarajan 0-None (None)|BEFORE_this_over=['4']|AFTER_score=69-1(7.1)|AFTER_bat1=Philip Salt 43(26)|AFTER_bat2=Devdutt Padikkal 4(4)|AFTER_bowl=T Natarajan 0-None (None)|AFTER_this_over=['4']|AFTER_this_over_src=4(obs)|AFTER_striker=Philip Salt|AFTER_non_striker=Devdutt Padikkal|AFTER_run_rate=9.63|AFTER_target=—|AFTER_innings=1|AFTER_partnership=14(10)|AFTER_fow_count=1|AFTER_field=pace_middle frozen=True fielders=['slip_2', 'deep_square_leg', 'cover_point', 'square_leg', 'deep_point', 'deep_backward_pt', 'point', 'cover', 'mid_off']|ball_event=—|ball_event_runs=—|ball_event_over=—|ball_event_extra=—|ball_event_free_hit=—|broadcast_extra=—|dismissal_mode=—|striker_this_ball=Philip Salt|delivery_length=—|delivery_line=—|delivery_angle=—|delivery_shot=—|delivery_direction=—|delivery_elevation=—|delivery_bounce=—|delivery_dets=0|delivery_method=—|delivery_snap_dets=—|delivery_3layer_dets=—|delivery_det_rate=—|delivery_dir_zone=—|delivery_dir_conf=0|delivery_pitch_pos=—|delivery_shot_action=—|delivery_swing=—|delivery_speed_vlm=—|delivery_vlm_conf=—|delivery_vlm_ms=—|speed_kph=—|venue=—|batting_team=Royal Challengers Bengaluru|match_info=IPL 2026|completed_over=—|completed_over_runs=—|drs_state=NONE|corrections=none|lat_vision=499|lat_extract=613|lat_scorer=954|lat_field=43|lat_comm=0|lat_code=0|lat_total=2067|comm_bowler=T Natarajan|comm_wire=—|comm_storyteller=—|comm_analyst=—|comm_colour=—|comm_wire_ms=0|comm_story_ms=0|comm_analyst_ms=0|comm_colour_ms=0[0m
[37m[16:07:28 F109 VISION] INFO: [SCOUT] SCOREBOARD 761ms strip=True overlay=False drs=False digits=True 444 chars[0m
[37m[16:07:28 F109 TEST] INFO: 
=======================================================[0m
[37m[16:07:28 F109 TEST] INFO: [F109] SCOREBOARD — #68[0m
[37m[16:07:28 F109 TEST] INFO:   [V 765ms] STRIP: RCB  [SCORE]-[WICKETS] ([OVERS]) | SALT [RUNS]([BALLS]) | PADIKKAL [RUNS]([BALLS]) | NATARAJAN [W]-[R] ([OVERS])

Assuming a plausible scenario based on the information given:

STRIP: RCB 48-0 (5.5) | *SALT 23(15) | PADIKKAL 20(13) | NATARAJAN[0m
[37m[16:07:29 F109 EXTRACT] INFO: Extracted in 0.8s (llama-4-scout-17b-16e-instruct)[0m
[37m[16:07:29 F109 TEST] INFO:   [E 818ms] visible_team=Royal Challengers Bengaluru score=48-0 (5.5) target=None rr=None[0m
[37m[16:07:29 F109 TEST] INFO:     BAT: SALT 23(15) [0m
[37m[16:07:29 F109 TEST] INFO:     BAT: PADIKKAL 20(13) [0m
[37m[16:07:29 F109 TEST] INFO:     BOWL: NATARAJAN 0-24 (3)[0m
[37m[16:07:29 F109 TRACK] INFO: bowl:T Natarajan:runs: initial proposal flipped 0 → 24 — resetting consensus to 1/3[0m
[37m[16:07:29 F109 TRACK] INFO: bowl:T Natarajan:overs: initial proposal flipped 0.0 → 3 — resetting consensus to 1/3[0m
[37m[16:07:29 F109 TEST] INFO:   [POISONED] Extracted score 48 vs tracker 69 (delta=-21) — blocking ALL updates this frame[0m
[37m[16:07:30 F109 SCORER] INFO: Scored in 0.9s (llama-4-scout-17b-16e-instruct)[0m
[37m[16:07:30 F109 TEST] INFO:   [S] Hint: Current batters: SALT and PADIKKAL. Bowler: NATARAJAN. Read their stats from the scoreboard. ALREADY DISMISSED (do NOT dismiss again): Virat Kohli[0m
[37m[16:07:30 F109 TEST] INFO:   [CONSENSUS] Poisoned score 48 frame 1/2, waiting[0m
[37m[16:07:30 F109 TEST] INFO:   [S 869ms] Changes: ['FRAME_POISONED:48'][0m
[37m[16:07:30 F109 TEST] INFO:   Total: 2452ms (V:765 E:818 S:869)[0m
[37m[16:07:30 F109 TEST] INFO:   [THIS OVER] ['4'] = 4 runs[0m
[37m[16:07:30 F109 TEST] INFO:   STATE: Royal Challengers Bengaluru 69-1 (7.1) inn=1 RR=9.63 | Bat: Philip Salt*(43) Devdutt Padikkal(4) | Bowl: T Natarajan 0-None[0m
[37m[16:07:30 F109 TEST] INFO:   [ACTION] The bowler, Natarajan, is bowling to Salt and Padikkal.[0m
[37m[16:07:30 F109 FIELD] INFO: [F109] OC-deep_gully moved to OC-deep_point[0m
[37m[16:07:30 F109 FIELD] INFO: [F109] IC-extra_cover pushed back — defensive[0m
[37m[16:07:30 F109 FIELD] INFO: [F109] IC-mid_on brought in — attacking[0m
[37m[16:07:30 F109 FIELD] INFO: [F109] OC-deep_cover_point moved to OC-deep_cover[0m
[37m[16:07:30 F109 TEST] INFO: DETAIL|F109|SCOREBOARD|tag=SCOREBOARD|scout=STRIP: RCB  [SCORE]-[WICKETS] ([OVERS]) | SALT [RUNS]([BALLS]) | PADIKKAL [RUNS]([BALLS]) | NATARAJAN [W]-[R] ([OVERS]) |action=The bowler, Natarajan, is bowling to Salt and Padikkal.|ext_score=48-0(5.5)|ext_bat=SALT 23(15) | PADIKKAL 20(13)|ext_bowl=NATARAJAN 0-24 (3)|scorer_changes=['FRAME_POISONED:48']|yolo=9|BEFORE_score=69-1(7.1)|BEFORE_bat1=Philip Salt 43(26)|BEFORE_bat2=Devdutt Padikkal 4(4)|BEFORE_bowl=T Natarajan 0-None (None)|BEFORE_this_over=['4']|AFTER_score=69-1(7.1)|AFTER_bat1=Philip Salt 43(26)|AFTER_bat2=Devdutt Padikkal 4(4)|AFTER_bowl=T Natarajan 0-None (None)|AFTER_this_over=['4']|AFTER_this_over_src=4(obs)|AFTER_striker=Philip Salt|AFTER_non_striker=Devdutt Padikkal|AFTER_run_rate=9.63|AFTER_target=—|AFTER_innings=1|AFTER_partnership=14(10)|AFTER_fow_count=1|AFTER_field=pace_middle frozen=True fielders=['slip_2', 'deep_square_leg', 'cover_point', 'square_leg', 'deep_point', 'deep_backward_pt', 'point', 'cover', 'mid_off']|ball_event=—|ball_event_runs=—|ball_event_over=—|ball_event_extra=—|ball_event_free_hit=—|broadcast_extra=—|dismissal_mode=—|striker_this_ball=Philip Salt|delivery_length=—|delivery_line=—|delivery_angle=—|delivery_shot=—|delivery_direction=—|delivery_elevation=—|delivery_bounce=—|delivery_dets=0|delivery_method=—|delivery_snap_dets=—|delivery_3layer_dets=—|delivery_det_rate=—|delivery_dir_zone=—|delivery_dir_conf=0|delivery_pitch_pos=—|delivery_shot_action=—|delivery_swing=—|delivery_speed_vlm=—|delivery_vlm_conf=—|delivery_vlm_ms=—|speed_kph=—|venue=—|batting_team=Royal Challengers Bengaluru|match_info=IPL 2026|completed_over=—|completed_over_runs=—|drs_state=NONE|corrections=none|lat_vision=765|lat_extract=818|lat_scorer=869|lat_field=53|lat_comm=0|lat_code=0|lat_total=2454|comm_bowler=T Natarajan|comm_wire=—|comm_storyteller=—|comm_analyst=—|comm_colour=—|comm_wire_ms=0|comm_story_ms=0|comm_analyst_ms=0|comm_colour_ms=0[0m
[37m[16:07:31 F110 VISION] INFO: [SCOUT] SCOREBOARD 511ms strip=True overlay=False drs=False digits=False 229 chars[0m
[37m[16:07:31 F110 VISION] INFO: [SCOUT] Preview: {"has_strip": true, "has_overlay_stats": false, "drs_review": false}

STRIP: RCB 0-0 (0.0) | Salt 0(0) | PadiKKAL 0(0) | Natarajan 0-0 (0.0)

ACTION: The bowler is about to deliver the ball as the bat[0m
[37m[16:07:31 F110 TEST] INFO: 
=======================================================[0m
[37m[16:07:31 F110 TEST] INFO: [F110] SCOREBOARD — #69[0m
[37m[16:07:31 F110 TEST] INFO:   [V 514ms] STRIP: RCB 0-0 (0.0) | Salt 0(0) | PadiKKAL 0(0) | Natarajan 0-0 (0.0)[0m
[37m[16:07:32 F110 EXTRACT] INFO: Extracted in 0.6s (llama-4-scout-17b-16e-instruct)[0m
[37m[16:07:32 F110 TEST] INFO:   [GUARD] Extractor returned 0-0(0.0) mid-innings (current score=69) — stripping all data[0m
[37m[16:07:32 F110 TEST] INFO:   [E 555ms] visible_team=None score=None-None (None) target=None rr=None[0m
[37m[16:07:33 F110 SCORER] INFO: Scored in 0.8s (llama-4-scout-17b-16e-instruct)[0m
[37m[16:07:33 F110 TEST] INFO:   [S] Hint: Current batters: SALT and PADIKKAL. Bowler: NATARAJAN ALREADY DISMISSED (do NOT dismiss again): Virat Kohli[0m
[37m[16:07:33 F110 TEST] INFO:   [S 847ms] Changes: ['FRAME_POISONED:None'][0m
[37m[16:07:33 F110 TEST] INFO:   Total: 1917ms (V:514 E:555 S:847)[0m
[37m[16:07:33 F110 TEST] INFO:   [THIS OVER] ['4'] = 4 runs[0m
[37m[16:07:33 F110 TEST] INFO:   STATE: Royal Challengers Bengaluru 69-1 (7.1) inn=1 RR=9.63 | Bat: Philip Salt*(43) Devdutt Padikkal(4) | Bowl: T Natarajan 0-None[0m
[37m[16:07:33 F110 TEST] INFO:   [ACTION] The bowler is about to deliver the ball as the batsmen are ready at the crease.[0m
[37m[16:07:33 F110 TEST] INFO: DETAIL|F110|SCOREBOARD|tag=SCOREBOARD|scout=STRIP: RCB 0-0 (0.0) | Salt 0(0) | PadiKKAL 0(0) | Natarajan 0-0 (0.0)|action=The bowler is about to deliver the ball as the batsmen are ready at the crease.|ext_score=None-None(None)|ext_bat=|ext_bowl=|scorer_changes=['FRAME_POISONED:None']|yolo=2|BEFORE_score=69-1(7.1)|BEFORE_bat1=Philip Salt 43(26)|BEFORE_bat2=Devdutt Padikkal 4(4)|BEFORE_bowl=T Natarajan 0-None (None)|BEFORE_this_over=['4']|AFTER_score=69-1(7.1)|AFTER_bat1=Philip Salt 43(26)|AFTER_bat2=Devdutt Padikkal 4(4)|AFTER_bowl=T Natarajan 0-None (None)|AFTER_this_over=['4']|AFTER_this_over_src=4(obs)|AFTER_striker=Philip Salt|AFTER_non_striker=Devdutt Padikkal|AFTER_run_rate=9.63|AFTER_target=—|AFTER_innings=1|AFTER_partnership=14(10)|AFTER_fow_count=1|AFTER_field=pace_middle frozen=True fielders=['slip_2', 'deep_square_leg', 'cover_point', 'square_leg', 'deep_point', 'deep_backward_pt', 'point', 'cover', 'mid_off']|ball_event=—|ball_event_runs=—|ball_event_over=—|ball_event_extra=—|ball_event_free_hit=—|broadcast_extra=—|dismissal_mode=—|striker_this_ball=Philip Salt|delivery_length=—|delivery_line=—|delivery_angle=—|delivery_shot=—|delivery_direction=—|delivery_elevation=—|delivery_bounce=—|delivery_dets=0|delivery_method=—|delivery_snap_dets=—|delivery_3layer_dets=—|delivery_det_rate=—|delivery_dir_zone=—|delivery_dir_conf=0|delivery_pitch_pos=—|delivery_shot_action=—|delivery_swing=—|delivery_speed_vlm=—|delivery_vlm_conf=—|delivery_vlm_ms=—|speed_kph=—|venue=—|batting_team=Royal Challengers Bengaluru|match_info=IPL 2026|completed_over=—|completed_over_runs=—|drs_state=NONE|corrections=none|lat_vision=514|lat_extract=555|lat_scorer=847|lat_field=40|lat_comm=0|lat_code=0|lat_total=1919|comm_bowler=T Natarajan|comm_wire=—|comm_storyteller=—|comm_analyst=—|comm_colour=—|comm_wire_ms=0|comm_story_ms=0|comm_analyst_ms=0|comm_colour_ms=0[0m
[37m[16:07:34 F111 VISION] INFO: [SCOUT] SCOREBOARD 482ms strip=True overlay=False drs=False digits=False 217 chars[0m
[37m[16:07:34 F111 VISION] INFO: [SCOUT] Preview: {"has_strip": true, "has_overlay_stats": false, "drs_review": false}

STRIP: DC 0-0 (0.0) | Salt 0(0) | Paddikal 0(0) | Natarajan 0-0 (0.0)

ACTION: The bowler, Natarajan, is ready to bowl the first b[0m
[37m[16:07:34 F111 TEST] INFO: 
=======================================================[0m
[37m[16:07:34 F111 TEST] INFO: [F111] SCOREBOARD — #70[0m
[37m[16:07:34 F111 TEST] INFO:   [V 485ms] STRIP: DC 0-0 (0.0) | Salt 0(0) | Paddikal 0(0) | Natarajan 0-0 (0.0)[0m
[37m[16:07:35 F111 EXTRACT] INFO: Extracted in 0.7s (llama-4-scout-17b-16e-instruct)[0m
[37m[16:07:35 F111 TEST] INFO:   [GUARD] Extractor returned 0-0(0.0) mid-innings (current score=69) — stripping all data[0m
[37m[16:07:35 F111 TEST] INFO:   [GUARD] Visible team 'Delhi Capitals' is bowling team — comparison strip, ALL data stripped (1/30)[0m
[37m[16:07:35 F111 TEST] INFO:   [E 688ms] visible_team=Delhi Capitals score=None-None (None) target=None rr=None[0m
[37m[16:07:36 F111 SCORER] INFO: Scored in 0.9s (llama-4-scout-17b-16e-instruct)[0m
[37m[16:07:36 F111 TEST] INFO:   [S] Hint: Current batters: Salt and Padikkal. Bowler: T Natarajan ALREADY DISMISSED (do NOT dismiss again): Virat Kohli[0m
[37m[16:07:36 F111 TEST] INFO:   [S 933ms] Changes: ['FRAME_POISONED:None'][0m
[37m[16:07:36 F111 TEST] INFO:   Total: 2106ms (V:485 E:688 S:933)[0m
[37m[16:07:36 F111 TEST] INFO:   [THIS OVER] ['4'] = 4 runs[0m
[37m[16:07:36 F111 TEST] INFO:   STATE: Royal Challengers Bengaluru 69-1 (7.1) inn=1 RR=9.63 | Bat: Philip Salt*(43) Devdutt Padikkal(4) | Bowl: T Natarajan 0-None[0m
[37m[16:07:36 F111 TEST] INFO:   [ACTION] The bowler, Natarajan, is ready to bowl the first ball of the match.[0m
[37m[16:07:36 F111 FIELD] INFO: [F111] OC-deep_cover moved to OC-deep_cover_point[0m
[37m[16:07:36 F111 FIELD] INFO: [F111] IC-mid_on moved to IC-mid_off[0m
[37m[16:07:36 F111 FIELD] INFO: [F111] OC-deep_cover moved to OC-deep_point[0m
[37m[16:07:36 F111 FIELD] INFO: [F111] IC-point brought in — attacking[0m
[37m[16:07:36 F111 FIELD] INFO: [F111] IC-backward_square brought in — attacking[0m
[37m[16:07:36 F111 FIELD] INFO: [F111] OC-deep_point moved to OC-long_on[0m
[37m[16:07:36 F111 FIELD] INFO: [F111] OC-wide_long_off moved to OC-long_on[0m
[37m[16:07:36 F111 TEST] INFO: DETAIL|F111|SCOREBOARD|tag=SCOREBOARD|scout=STRIP: DC 0-0 (0.0) | Salt 0(0) | Paddikal 0(0) | Natarajan 0-0 (0.0)|action=The bowler, Natarajan, is ready to bowl the first ball of the match.|ext_score=None-None(None)|ext_bat=|ext_bowl=|scorer_changes=['FRAME_POISONED:None']|yolo=9|BEFORE_score=69-1(7.1)|BEFORE_bat1=Philip Salt 43(26)|BEFORE_bat2=Devdutt Padikkal 4(4)|BEFORE_bowl=T Natarajan 0-None (None)|BEFORE_this_over=['4']|AFTER_score=69-1(7.1)|AFTER_bat1=Philip Salt 43(26)|AFTER_bat2=Devdutt Padikkal 4(4)|AFTER_bowl=T Natarajan 0-None (None)|AFTER_this_over=['4']|AFTER_this_over_src=4(obs)|AFTER_striker=Philip Salt|AFTER_non_striker=Devdutt Padikkal|AFTER_run_rate=9.63|AFTER_target=—|AFTER_innings=1|AFTER_partnership=14(10)|AFTER_fow_count=1|AFTER_field=pace_middle frozen=True fielders=['slip_2', 'deep_square_leg', 'cover_point', 'square_leg', 'deep_point', 'deep_backward_pt', 'point', 'cover', 'mid_off']|ball_event=—|ball_event_runs=—|ball_event_over=—|ball_event_extra=—|ball_event_free_hit=—|broadcast_extra=—|dismissal_mode=—|striker_this_ball=Philip Salt|delivery_length=—|delivery_line=—|delivery_angle=—|delivery_shot=—|delivery_direction=—|delivery_elevation=—|delivery_bounce=—|delivery_dets=0|delivery_method=—|delivery_snap_dets=—|delivery_3layer_dets=—|delivery_det_rate=—|delivery_dir_zone=—|delivery_dir_conf=0|delivery_pitch_pos=—|delivery_shot_action=—|delivery_swing=—|delivery_speed_vlm=—|delivery_vlm_conf=—|delivery_vlm_ms=—|speed_kph=—|venue=—|batting_team=Royal Challengers Bengaluru|match_info=IPL 2026|completed_over=—|completed_over_runs=—|drs_state=NONE|corrections=none|lat_vision=485|lat_extract=688|lat_scorer=933|lat_field=45|lat_comm=0|lat_code=0|lat_total=2107|comm_bowler=T Natarajan|comm_wire=—|comm_storyteller=—|comm_analyst=—|comm_colour=—|comm_wire_ms=0|comm_story_ms=0|comm_analyst_ms=0|comm_colour_ms=0[0m
[37m[16:07:38 F112 VISION] INFO: [SCOUT] SCOREBOARD 657ms strip=True overlay=False drs=False digits=False 223 chars[0m
[37m[16:07:38 F112 VISION] INFO: [SCOUT] Preview: {"has_strip": true, "has_overlay_stats": false, "drs_review": false}

STRIP: RCB 0-0 (0.0) | *Salt 0(0) | Padikkal 0(0) | T Natarajan 0-0 (0.0)

ACTION: The bowler, T Natarajan, is about to bowl the f[0m
[37m[16:07:38 F112 TEST] INFO: 
=======================================================[0m
[37m[16:07:38 F112 TEST] INFO: [F112] SCOREBOARD — #71[0m
[37m[16:07:38 F112 TEST] INFO:   [V 660ms] STRIP: RCB 0-0 (0.0) | *Salt 0(0) | Padikkal 0(0) | T Natarajan 0-0 (0.0)[0m
[37m[16:07:38 F112 EXTRACT] INFO: Extracted in 0.6s (llama-4-scout-17b-16e-instruct)[0m
[37m[16:07:38 F112 TEST] INFO:   [GUARD] Extractor returned 0-0(0.0) mid-innings (current score=69) — stripping all data[0m
[37m[16:07:38 F112 TEST] INFO:   [E 625ms] visible_team=None score=None-None (None) target=None rr=None[0m
[37m[16:07:39 F112 SCORER] INFO: Scored in 0.9s (llama-4-scout-17b-16e-instruct)[0m
[37m[16:07:39 F112 TEST] INFO:   [S] Hint: Current batters: SALT and PADIKKAL. Bowler: T NATARAJAN ALREADY DISMISSED (do NOT dismiss again): Virat Kohli[0m
[37m[16:07:39 F112 TEST] INFO:   [S 920ms] Changes: ['FRAME_POISONED:None'][0m
[37m[16:07:39 F112 TEST] INFO:   Total: 2205ms (V:660 E:625 S:920)[0m
[37m[16:07:39 F112 TEST] INFO:   [THIS OVER] ['4'] = 4 runs[0m
[37m[16:07:39 F112 TEST] INFO:   STATE: Royal Challengers Bengaluru 69-1 (7.1) inn=1 RR=9.63 | Bat: Philip Salt*(43) Devdutt Padikkal(4) | Bowl: T Natarajan 0-None[0m
[37m[16:07:39 F112 TEST] INFO:   [ACTION] The bowler, T Natarajan, is about to bowl the first ball of the match.[0m
[37m[16:07:39 F112 FIELD] INFO: [F112] OC-deep_cover_point moved to OC-deep_point[0m
[37m[16:07:39 F112 FIELD] INFO: [F112] OC-deep_point moved to OC-deep_backward_point[0m
[37m[16:07:39 F112 FIELD] INFO: [F112] OC-deep_cover_point moved to OC-deep_point[0m
[37m[16:07:39 F112 FIELD] INFO: [F112] OC-long_on moved to OC-deep_point[0m
[37m[16:07:39 F112 FIELD] INFO: [F112] IC-mid_off pushed back — defensive[0m
[37m[16:07:39 F112 FIELD] INFO: [F112] IC-point pushed back — defensive[0m
[37m[16:07:39 F112 TEST] INFO: DETAIL|F112|SCOREBOARD|tag=SCOREBOARD|scout=STRIP: RCB 0-0 (0.0) | *Salt 0(0) | Padikkal 0(0) | T Natarajan 0-0 (0.0)|action=The bowler, T Natarajan, is about to bowl the first ball of the match.|ext_score=None-None(None)|ext_bat=|ext_bowl=|scorer_changes=['FRAME_POISONED:None']|yolo=7|BEFORE_score=69-1(7.1)|BEFORE_bat1=Philip Salt 43(26)|BEFORE_bat2=Devdutt Padikkal 4(4)|BEFORE_bowl=T Natarajan 0-None (None)|BEFORE_this_over=['4']|AFTER_score=69-1(7.1)|AFTER_bat1=Philip Salt 43(26)|AFTER_bat2=Devdutt Padikkal 4(4)|AFTER_bowl=T Natarajan 0-None (None)|AFTER_this_over=['4']|AFTER_this_over_src=4(obs)|AFTER_striker=Philip Salt|AFTER_non_striker=Devdutt Padikkal|AFTER_run_rate=9.63|AFTER_target=—|AFTER_innings=1|AFTER_partnership=14(10)|AFTER_fow_count=1|AFTER_field=pace_middle frozen=True fielders=['slip_2', 'deep_square_leg', 'cover_point', 'square_leg', 'deep_point', 'deep_backward_pt', 'point', 'cover', 'mid_off']|ball_event=—|ball_event_runs=—|ball_event_over=—|ball_event_extra=—|ball_event_free_hit=—|broadcast_extra=—|dismissal_mode=—|striker_this_ball=Philip Salt|delivery_length=—|delivery_line=—|delivery_angle=—|delivery_shot=—|delivery_direction=—|delivery_elevation=—|delivery_bounce=—|delivery_dets=0|delivery_method=—|delivery_snap_dets=—|delivery_3layer_dets=—|delivery_det_rate=—|delivery_dir_zone=—|delivery_dir_conf=0|delivery_pitch_pos=—|delivery_shot_action=—|delivery_swing=—|delivery_speed_vlm=—|delivery_vlm_conf=—|delivery_vlm_ms=—|speed_kph=—|venue=—|batting_team=Royal Challengers Bengaluru|match_info=IPL 2026|completed_over=—|completed_over_runs=—|drs_state=NONE|corrections=none|lat_vision=660|lat_extract=625|lat_scorer=920|lat_field=44|lat_comm=0|lat_code=0|lat_total=2206|comm_bowler=T Natarajan|comm_wire=—|comm_storyteller=—|comm_analyst=—|comm_colour=—|comm_wire_ms=0|comm_story_ms=0|comm_analyst_ms=0|comm_colour_ms=0[0m
[37m[16:07:41 F113 VISION] INFO: [SCOUT] SCOREBOARD 461ms strip=True overlay=False drs=False digits=False 224 chars[0mopening handshake failed
Traceback (most recent call last):
  File "/Users/anmolmohan/Projects/SportsComm/files/.venv/lib/python3.12/site-packages/websockets/asyncio/server.py", line 356, in conn_handler
    await connection.handshake(
  File "/Users/anmolmohan/Projects/SportsComm/files/.venv/lib/python3.12/site-packages/websockets/asyncio/server.py", line 142, in handshake
    async with self.send_context(expected_state=CONNECTING):
               ^^^^^^^^^^^^^^^^^^^^^^^^^^^^^^^^^^^^^^^^^^^^
  File "/opt/homebrew/Cellar/python@3.12/3.12.13/Frameworks/Python.framework/Versions/3.12/lib/python3.12/contextlib.py", line 210, in __aenter__
    return await anext(self.gen)
           ^^^^^^^^^^^^^^^^^^^^^
  File "/Users/anmolmohan/Projects/SportsComm/files/.venv/lib/python3.12/site-packages/websockets/asyncio/connection.py", line 965, in send_context
    raise self.protocol.close_exc from original_exc
websockets.exceptions.ConnectionClosedError: no close frame received or sent

[37m[16:07:41 F113 VISION] INFO: [SCOUT] Preview: {"has_strip": true, "has_overlay_stats": false, "drs_review": false}
STRIP: RCB  - ( - ) |  -  -(-) |  -  -(-) |  -  - ( - )
INFO_PANEL: 
SPEED: 
EXTRA: 
THIS OVER: 
FULL SCORECARD: 
The camera pans t[0m
[37m[16:07:41 F113 TEST] INFO: 
=======================================================[0m
[37m[16:07:41 F113 TEST] INFO: [F113] SCOREBOARD — #72[0m
[37m[16:07:41 F113 TEST] INFO:   [V 464ms] STRIP: RCB  - ( - ) |  -  -(-) |  -  -(-) |  -  - ( - )
INFO_PANEL: 
SPEED: 
EXTRA: 
THIS OVER: 
FULL SCORECARD: 
The camera pans to the Bengaluru stadium.[0m
[37m[16:07:42 F113 EXTRACT] INFO: Extracted in 0.9s (llama-4-scout-17b-16e-instruct)[0m
[37m[16:07:42 F113 TEST] INFO:   [E 855ms] visible_team=None score=None-None (None) target=None rr=None[0m
[37m[16:07:42 F113 SCORER] INFO: Scored in 0.9s (llama-4-scout-17b-16e-instruct)[0m
[37m[16:07:42 F113 TEST] INFO:   [S] Hint: Current batters: SALT and PADIKKAL. Bowler: NATARAJAN. Read their stats from the scoreboard. ALREADY DISMISSED (do NOT dismiss again): Virat Kohli[0m
[37m[16:07:42 F113 TEST] INFO:   [GUARD] Scorer proposed score=69 — extractor empty, blocking[0m
[37m[16:07:42 F113 TEST] INFO:   [GUARD] Scorer proposed overs=7.1 — extractor empty, blocking[0m
[37m[16:07:42 F113 TEST] INFO:   [GUARD] Scorer proposed wickets=1 — extractor empty, blocking[0m
[37m[16:07:42 F113 TRACK] INFO: bowl:T Natarajan:runs: initial proposal flipped 24 → 0 — resetting consensus to 1/3[0m
[37m[16:07:42 F113 TRACK] INFO: bowl:T Natarajan:overs: initial proposal flipped 3 → 0 — resetting consensus to 1/3[0m
[37m[16:07:42 F113 TEST] INFO:   [S 860ms] Changes: ['bat:Philip Salt=43(26)', 'bat:Devdutt Padikkal=4(4)', 'bowl:T Natarajan'][0m
[37m[16:07:42 F113 TEST] INFO:   Total: 2179ms (V:464 E:855 S:860)[0m
[37m[16:07:42 F113 TEST] INFO:   [THIS OVER] ['4'] = 4 runs[0m
[37m[16:07:42 F113 TEST] INFO:   STATE: Royal Challengers Bengaluru 69-1 (7.1) inn=1 RR=9.63 | Bat: Philip Salt*(43) Devdutt Padikkal(4) | Bowl: T Natarajan 0-None[0m
[37m[16:07:42 F113 TEST] INFO: DETAIL|F113|SCOREBOARD|tag=SCOREBOARD|scout=STRIP: RCB  - ( - ) |  -  -(-) |  -  -(-) |  -  - ( - ) INFO_PANEL:  SPEED:  EXTRA:  THIS OVER:  FULL SCORECARD:  The ca|action=—|ext_score=None-None(None)|ext_bat=|ext_bowl=|scorer_changes=['bat:Philip Salt=43(26)', 'bat:Devdutt Padikkal=4(4)', 'bowl:T Natarajan']|yolo=0|BEFORE_score=69-1(7.1)|BEFORE_bat1=Philip Salt 43(26)|BEFORE_bat2=Devdutt Padikkal 4(4)|BEFORE_bowl=T Natarajan 0-None (None)|BEFORE_this_over=['4']|AFTER_score=69-1(7.1)|AFTER_bat1=Philip Salt 43(26)|AFTER_bat2=Devdutt Padikkal 4(4)|AFTER_bowl=T Natarajan 0-None (None)|AFTER_this_over=['4']|AFTER_this_over_src=4(obs)|AFTER_striker=Philip Salt|AFTER_non_striker=Devdutt Padikkal|AFTER_run_rate=9.63|AFTER_target=—|AFTER_innings=1|AFTER_partnership=14(10)|AFTER_fow_count=1|AFTER_field=pace_middle frozen=True fielders=['slip_2', 'deep_square_leg', 'cover_point', 'square_leg', 'deep_point', 'deep_backward_pt', 'point', 'cover', 'mid_off']|ball_event=—|ball_event_runs=—|ball_event_over=—|ball_event_extra=—|ball_event_free_hit=—|broadcast_extra=—|dismissal_mode=—|striker_this_ball=Philip Salt|delivery_length=—|delivery_line=—|delivery_angle=—|delivery_shot=—|delivery_direction=—|delivery_elevation=—|delivery_bounce=—|delivery_dets=0|delivery_method=—|delivery_snap_dets=—|delivery_3layer_dets=—|delivery_det_rate=—|delivery_dir_zone=—|delivery_dir_conf=0|delivery_pitch_pos=—|delivery_shot_action=—|delivery_swing=—|delivery_speed_vlm=—|delivery_vlm_conf=—|delivery_vlm_ms=—|speed_kph=—|venue=—|batting_team=Royal Challengers Bengaluru|match_info=IPL 2026|completed_over=—|completed_over_runs=—|drs_state=NONE|corrections=none|lat_vision=464|lat_extract=855|lat_scorer=860|lat_field=43|lat_comm=0|lat_code=0|lat_total=2181|comm_bowler=T Natarajan|comm_wire=—|comm_storyteller=—|comm_analyst=—|comm_colour=—|comm_wire_ms=0|comm_story_ms=0|comm_analyst_ms=0|comm_colour_ms=0[0m
[37m[16:07:44 F114 VISION] INFO: [SCOUT] SCOREBOARD 502ms strip=True overlay=False drs=False digits=True 177 chars[0m
[37m[16:07:44 F114 TEST] INFO: 
=======================================================[0m
[37m[16:07:44 F114 TEST] INFO: [F114] SCOREBOARD — #73[0m
[37m[16:07:44 F114 TEST] INFO:   [V 505ms] STRIP: RCB 70-1 (7.2)[0m
[37m[16:07:45 F114 EXTRACT] INFO: Extracted in 0.8s (llama-4-scout-17b-16e-instruct)[0m
[37m[16:07:45 F114 TEST] INFO:   [E 771ms] visible_team=Royal Challengers Bengaluru score=70-1 (7.2) target=None rr=None[0m
[37m[16:07:45 F114 TRACK] INFO: score: 69 → 70 (post-event immediate, grace=1)[0m
[37m[16:07:45 F114 BOARD] INFO: score: 69 -> 70 [F114][0m
[37m[16:07:45 F114 TEST] INFO:   [DIRECT] score→70[0m
[37m[16:07:45 F114 TRACK] INFO: overs: 7.1 → 7.2 (post-event immediate, grace=0)[0m
[37m[16:07:45 F114 BOARD] INFO: overs: 7.1 -> 7.2 [F114][0m
[37m[16:07:45 F114 TEST] INFO:   [DIRECT] overs→7.2[0m
[37m[16:07:45 F114 TEST] INFO:   [DIRECT] wickets→1[0m
[37m[16:07:46 F114 SCORER] INFO: Scored in 0.9s (llama-4-scout-17b-16e-instruct)[0m
[37m[16:07:46 F114 TEST] INFO:   [S] Hint: Current batters: SALT and PADIKKAL. Bowler: T NATARAJAN. Read their stats from the scoreboard. ALREADY DISMISSED (do NOT dismiss again): Virat Kohli[0m
[37m[16:07:46 F114 TRACK] INFO: bowl:T Natarajan:runs: initial proposed 0 (2/3 — waiting)[0m
[37m[16:07:46 F114 TRACK] INFO: bowl:T Natarajan:overs: initial proposed 0 (2/3 — waiting)[0m
[37m[16:07:46 F114 TEST] INFO:   [WICKET-TRACK] Wicket at F114[0m
[37m[16:07:46 F114 TEST] INFO:   [S 868ms] Changes: ['score→70', 'overs→7.2', 'wickets→1', 'bat:Philip Salt=43(26)', 'bat:Devdutt Padikkal=4(4)', 'bowl:T Natarajan'][0m
[37m[16:07:46 F114 TEST] INFO:   Total: 2145ms (V:505 E:771 S:868)[0m
[37m[16:07:46 F114 TEST] INFO:   [THIS OVER] ['4'] = 4 runs[0m
[37m[16:07:46 F114 COMMENTARY] INFO: [BALL ✓] 1_RUNS | 7.2 +1 runs (Δballs=1)[0m
[37m[16:07:46 F114 TEST] INFO:   [THIS-OVER] Ball 1_RUNS appended to over 7[0m
[37m[16:07:46 F114 TEST] INFO:   [STRIKER] Rotated: Devdutt Padikkal ← Philip Salt[0m
[37m[16:08:08 F114 TEST] INFO:   [DELIVERY] short, on the stumps, glanced through square leg, along the ground (22400ms, 0 dets, method=vlm)[0m
[37m[16:08:08 F114 BOARD] INFO: run_rate: 9.63 -> 9.55 [F114][0m
[37m[16:08:08 F114 TEST] INFO:   STATE: Royal Challengers Bengaluru 70-1 (7.2) inn=1 RR=9.55 | Bat: Philip Salt(43) Devdutt Padikkal*(4) | Bowl: T Natarajan 0-None[0m
[37m[16:08:08 F114 SCORE_MGR] INFO: [SM] RUNS  70/1 (7.2)  striker=SALT[0m
[37m[16:08:08 F114 TEST] INFO:   [SHADOW] SM=RUNS BED=1_RUNS MATCH[0m
[37m[16:08:09 F114 TEST] INFO:   [COMM 563ms] wire(0ms), storyteller(560ms)[0m
[37m[16:08:09 F114 TEST] INFO:   [BALL EVENT ✓] 1_RUNS | 7.2 | +1 runs (Δballs=0) | A player in orange and blue attire appears to be walking bac[0m
[37m[16:08:09 F114 FIELD] INFO: [F114] OC-deep_backward_point moved to OC-deep_point[0m
[37m[16:08:09 F114 FIELD] INFO: [F114] OC-deep_point moved to OC-deep_cover_point[0m
[37m[16:08:09 F114 FIELD] INFO: [F114] OC-deep_point moved to OC-deep_cover_point[0m
[37m[16:08:09 F114 FIELD] INFO: [F114] IC-extra_cover brought in — attacking[0m
[37m[16:08:09 F114 FIELD] INFO: [F114] IC-mid_on brought in — attacking[0m
[37m[16:08:09 F114 TEST] INFO: DETAIL|F114|SCOREBOARD|tag=SCOREBOARD|scout=STRIP: RCB 70-1 (7.2)|action=A player in orange and blue attire appears to be walking back to the pavilion.|ext_score=70-1(7.2)|ext_bat=|ext_bowl=|scorer_changes=['score→70', 'overs→7.2', 'wickets→1', 'bat:Philip Salt=43(26)', 'bat:Devdutt Padikkal=4(4)', 'bowl:T Natarajan']|yolo=8|BEFORE_score=69-1(7.1)|BEFORE_bat1=Philip Salt 43(26)|BEFORE_bat2=Devdutt Padikkal 4(4)|BEFORE_bowl=T Natarajan 0-None (None)|BEFORE_this_over=['4']|AFTER_score=70-1(7.2)|AFTER_bat1=Philip Salt 43(26)|AFTER_bat2=Devdutt Padikkal 4(4)|AFTER_bowl=T Natarajan 0-None (None)|AFTER_this_over=['4', '1']|AFTER_this_over_src=4(obs),1(obs)|AFTER_striker=Devdutt Padikkal|AFTER_non_striker=Philip Salt|AFTER_run_rate=9.55|AFTER_target=—|AFTER_innings=1|AFTER_partnership=15(11)|AFTER_fow_count=1|AFTER_field=pace_middle frozen=True fielders=['slip_2', 'deep_square_leg', 'cover_point', 'square_leg', 'deep_point', 'deep_backward_pt', 'point', 'cover', 'mid_off']|ball_event=1_RUNS|ball_event_runs=1|ball_event_over=7.2|ball_event_extra=—|ball_event_free_hit=—|broadcast_extra=—|dismissal_mode=—|striker_this_ball=Philip Salt|delivery_length=short|delivery_line=on_stumps|delivery_angle=over|delivery_shot=along_ground|delivery_direction=leg|delivery_elevation=along_ground|delivery_bounce=normal|delivery_dets=0|delivery_method=vlm|delivery_snap_dets=—|delivery_3layer_dets=—|delivery_det_rate=0.00|delivery_dir_zone=square_leg|delivery_dir_conf=medium|delivery_pitch_pos=back_of_a_length|delivery_shot_action=glance|delivery_swing=not_visible|delivery_speed_vlm=None|delivery_vlm_conf=medium|delivery_vlm_ms=739|speed_kph=—|venue=—|batting_team=Royal Challengers Bengaluru|match_info=IPL 2026|completed_over=—|completed_over_runs=—|drs_state=NONE|corrections=none|lat_vision=505|lat_extract=771|lat_scorer=868|lat_field=43|lat_comm=563|lat_code=22372|lat_total=25123|comm_bowler=T Natarajan|comm_wire=7.2: T Natarajan to SALT — 1 run, short (85.9 kph). 70/1|comm_storyteller=The batter nudges a full delivery , and they take a quick single, racing down the track. The fielder chases, but they can't prevent the extra run. The crowd applauds as the batters make their ground. |comm_analyst=—|comm_colour=—|comm_wire_ms=0|comm_story_ms=560|comm_analyst_ms=0|comm_colour_ms=0[0m
[37m[16:08:11 F115 VISION] INFO: [SCOUT] SCOREBOARD 834ms strip=True overlay=False drs=False digits=True 144 chars[0m
[37m[16:08:11 F115 TEST] INFO: 
=======================================================[0m
[37m[16:08:11 F115 TEST] INFO: [F115] SCOREBOARD — #74[0m
[37m[16:08:11 F115 TEST] INFO:   [V 838ms] STRIP: RCB 76-1 (7.3) | SALT 44(27) | PADIKKAL 10(5) | NATARAJAN 0-11 (0.3)[0m
[37m[16:08:11 F115 EXTRACT] INFO: Extracted in 0.6s (llama-4-scout-17b-16e-instruct)[0m
[37m[16:08:11 F115 TEST] INFO:   [E 611ms] visible_team=Royal Challengers Bengaluru score=76-1 (7.3) target=None rr=None[0m
[37m[16:08:11 F115 TEST] INFO:     BAT: SALT 44(27) [0m
[37m[16:08:11 F115 TEST] INFO:     BAT: PADIKKAL 10(5) [0m
[37m[16:08:11 F115 TEST] INFO:     BOWL: NATARAJAN 0-11 (0.3)[0m
[37m[16:08:11 F115 TRACK] INFO: bowl:T Natarajan:runs: initial proposal flipped 0 → 11 — resetting consensus to 1/3[0m
[37m[16:08:11 F115 TRACK] INFO: bowl:T Natarajan:overs: initial proposal flipped 0 → 0.3 — resetting consensus to 1/3[0m
[37m[16:08:11 F115 TRACK] INFO: bat:Philip Salt:runs: 43 → 44 (fast-confirm, natural increment F115)[0m
[37m[16:08:11 F115 TRACK] INFO: bat:Philip Salt:balls: 26 → 27 (fast-confirm, natural increment F115)[0m
[37m[16:08:11 F115 BOARD] INFO: Philip Salt: 43(26) -> 44(27) [F115][0m
[37m[16:08:11 F115 TRACK] INFO: bat:Devdutt Padikkal:runs: 4 → 10 (fast-confirm, natural increment F115)[0m
[37m[16:08:11 F115 TRACK] INFO: bat:Devdutt Padikkal:balls: 4 → 5 (fast-confirm, natural increment F115)[0m
[37m[16:08:11 F115 BOARD] INFO: Devdutt Padikkal: 4(4) -> 10(5) [F115][0m
[37m[16:08:11 F115 TEST] INFO:   [DIRECT] Batter updates: ['SALT: ext=44(27) → tracker=44(27) [was 43(26)]', 'PADIKKAL: ext=10(5) → tracker=10(5) [was 4(4)]'][0m
[37m[16:08:11 F115 TRACK] INFO: score: 70 → 76 (post-event immediate, grace=1)[0m
[37m[16:08:11 F115 BOARD] INFO: score: 70 -> 76 [F115][0m
[37m[16:08:11 F115 TEST] INFO:   [DIRECT] score→76[0m
[37m[16:08:11 F115 TRACK] INFO: overs: 7.2 → 7.3 (post-event immediate, grace=0)[0m
[37m[16:08:11 F115 BOARD] INFO: overs: 7.2 -> 7.3 [F115][0m
[37m[16:08:11 F115 TEST] INFO:   [DIRECT] overs→7.3[0m
[37m[16:08:11 F115 TEST] INFO:   [DIRECT] wickets→1[0m
[37m[16:08:12 F115 SCORER] INFO: Scored in 0.9s (llama-4-scout-17b-16e-instruct)[0m
[37m[16:08:12 F115 TEST] INFO:   [S] Hint: Current batters: SALT and PADIKKAL. Bowler: NATARAJAN. Read their stats from the scoreboard. ALREADY DISMISSED (do NOT dismiss again): Virat Kohli[0m
[37m[16:08:12 F115 TEST] INFO:   [FLOW] Extractor batters not in scorer: {'PADIKKAL', 'SALT'}[0m
[37m[16:08:12 F115 TRACK] INFO: bowl:T Natarajan:runs: initial proposed 11 (2/3 — waiting)[0m
[37m[16:08:12 F115 TRACK] INFO: bowl:T Natarajan:overs: initial proposed 0.3 (2/3 — waiting)[0m
[37m[16:08:12 F115 TEST] INFO:   [S 935ms] Changes: ['score→76', 'overs→7.3', 'bat:Philip Salt=44(27)', 'bat:Devdutt Padikkal=10(5)', 'bowl:T Natarajan'][0m
[37m[16:08:12 F115 TEST] INFO:   Total: 2384ms (V:838 E:611 S:935)[0m
[37m[16:08:12 F115 TEST] INFO:   [THIS OVER] ['4', '1'] = 5 runs[0m
[37m[16:08:12 F115 COMMENTARY] INFO: [BALL ✓] SIX | 7.3 +6 runs (Δballs=1)[0m
[37m[16:08:12 F115 TEST] INFO:   [THIS-OVER] Ball SIX appended to over 7[0m
[37m[16:08:12 F115 TEST] INFO:   [DELIVERY SKIPPED] reason=buffer_empty (0ms, method=moondream)[0m
[37m[16:08:12 F115 BOARD] INFO: run_rate: 9.55 -> 10.13 [F115][0m
[37m[16:08:12 F115 TEST] INFO:   STATE: Royal Challengers Bengaluru 76-1 (7.3) inn=1 RR=10.13 | Bat: Philip Salt(44) Devdutt Padikkal*(10) | Bowl: T Natarajan 0-None[0m
[37m[16:08:12 F115 SCORE_MGR] INFO: [SM] SIX  76/1 (7.3)  striker=PADIKKAL[0m
[37m[16:08:12 F115 TEST] INFO:   [SHADOW] SM=SIX BED=SIX MATCH[0m
[37m[16:08:13 F115 TEST] INFO:   [COMM 361ms] wire(0ms), storyteller(360ms)[0m
[37m[16:08:13 F115 TEST] INFO:   [BALL EVENT ✓] SIX | 7.3 | +6 runs (Δballs=0)[0m
[37m[16:08:13 F115 TEST] INFO: DETAIL|F115|SCOREBOARD|tag=SCOREBOARD|scout=STRIP: RCB 76-1 (7.3) | SALT 44(27) | PADIKKAL 10(5) | NATARAJAN 0-11 (0.3)|action=—|ext_score=76-1(7.3)|ext_bat=SALT 44(27) | PADIKKAL 10(5)|ext_bowl=NATARAJAN 0-11 (0.3)|scorer_changes=['score→76', 'overs→7.3', 'bat:Philip Salt=44(27)', 'bat:Devdutt Padikkal=10(5)', 'bowl:T Natarajan']|yolo=0|BEFORE_score=70-1(7.2)|BEFORE_bat1=Philip Salt 43(26)|BEFORE_bat2=Devdutt Padikkal 4(4)|BEFORE_bowl=T Natarajan 0-None (None)|BEFORE_this_over=['4', '1']|AFTER_score=76-1(7.3)|AFTER_bat1=Philip Salt 44(27)|AFTER_bat2=Devdutt Padikkal 10(5)|AFTER_bowl=T Natarajan 0-None (None)|AFTER_this_over=['4', '1', '6']|AFTER_this_over_src=4(obs),1(obs),6(obs)|AFTER_striker=Devdutt Padikkal|AFTER_non_striker=Philip Salt|AFTER_run_rate=10.13|AFTER_target=—|AFTER_innings=1|AFTER_partnership=21(12)|AFTER_fow_count=1|AFTER_field=pace_middle frozen=True fielders=['slip_2', 'deep_square_leg', 'cover_point', 'square_leg', 'deep_point', 'deep_backward_pt', 'point', 'cover', 'mid_off']|ball_event=SIX|ball_event_runs=6|ball_event_over=7.3|ball_event_extra=—|ball_event_free_hit=—|broadcast_extra=—|dismissal_mode=—|striker_this_ball=Devdutt Padikkal|delivery_length=unknown|delivery_line=unknown|delivery_angle=unknown|delivery_shot=in_the_air|delivery_direction=unknown|delivery_elevation=in_the_air|delivery_bounce=unknown|delivery_dets=0|delivery_method=moondream|delivery_snap_dets=—|delivery_3layer_dets=—|delivery_det_rate=0.00|delivery_dir_zone=—|delivery_dir_conf=none|delivery_pitch_pos=—|delivery_shot_action=—|delivery_swing=—|delivery_speed_vlm=—|delivery_vlm_conf=—|delivery_vlm_ms=—|speed_kph=—|venue=—|batting_team=Royal Challengers Bengaluru|match_info=IPL 2026|completed_over=—|completed_over_runs=—|drs_state=NONE|corrections=none|lat_vision=838|lat_extract=611|lat_scorer=935|lat_field=54|lat_comm=361|lat_code=0|lat_total=2748|comm_bowler=T Natarajan|comm_wire=7.3: T Natarajan to PADIKKAL — SIX (85.9 kph). 76/1|comm_storyteller=The crowd is on its feet! A majestic loft, the ball soaring into the night sky, sailing over the boundary for six! The striker muscles the ball with incredible power, and it's a wonderful sight. The b|comm_analyst=—|comm_colour=—|comm_wire_ms=0|comm_story_ms=360|comm_analyst_ms=0|comm_colour_ms=0[0m
[37m[16:08:14 F116 VISION] INFO: [SCOUT] SCOREBOARD 582ms strip=True overlay=False drs=False digits=True 227 chars[0m
[37m[16:08:14 F116 TEST] INFO: 
=======================================================[0m
[37m[16:08:14 F116 TEST] INFO: [F116] SCOREBOARD — #75[0m
[37m[16:08:14 F116 TEST] INFO:   [V 586ms] STRIP: RCB 76-1 (7.3) | SALT 44(27) | PADIKKAL 10(5) | NATARAJAN 0-11 (0.3)[0m
[37m[16:08:15 F116 EXTRACT] INFO: Extracted in 0.6s (llama-4-scout-17b-16e-instruct)[0m
[37m[16:08:15 F116 TEST] INFO:   [E 559ms] visible_team=Royal Challengers Bengaluru score=76-1 (7.3) target=None rr=None[0m
[37m[16:08:15 F116 TEST] INFO:     BAT: SALT 44(27) [0m
[37m[16:08:15 F116 TEST] INFO:     BAT: PADIKKAL 10(5) [0m
[37m[16:08:15 F116 TEST] INFO:     BOWL: NATARAJAN 0-11 (0.3)[0m
[37m[16:08:15 F116 TRACK] INFO: bowl:T Natarajan:runs: initial → 11 (cold-start consensus 3/3)[0m
[37m[16:08:15 F116 TRACK] INFO: bowl:T Natarajan:overs: initial → 0.3 (cold-start consensus 3/3)[0m
[37m[16:08:15 F116 BOARD] INFO: T Natarajan: 0/None (None) -> 0/11 (0.3) [F116][0m
[37m[16:08:15 F116 TEST] INFO:   [DIRECT] Batter updates: ['SALT: ext=44(27) → tracker=44(27) [was 44(27)]', 'PADIKKAL: ext=10(5) → tracker=10(5) [was 10(5)]'][0m
[37m[16:08:15 F116 TEST] INFO:   [DIRECT] score→76[0m
[37m[16:08:15 F116 TEST] INFO:   [DIRECT] overs→7.3[0m
[37m[16:08:15 F116 TEST] INFO:   [DIRECT] wickets→1[0m
[37m[16:08:16 F116 SCORER] INFO: Scored in 0.8s (llama-4-scout-17b-16e-instruct)[0m
[37m[16:08:16 F116 TEST] INFO:   [S] Hint: Current batters: SALT and PADIKKAL. Bowler: NATARAJAN. Read their stats from the scoreboard. ALREADY DISMISSED (do NOT dismiss again): Virat Kohli[0m
[37m[16:08:16 F116 TEST] INFO:   [FLOW] Extractor batters not in scorer: {'PADIKKAL', 'SALT'}[0m
[37m[16:08:16 F116 TEST] INFO:   [STRIKER-DEDUP] Devdutt Padikkal == non_striker → non_striker=Philip Salt[0m
[37m[16:08:16 F116 TEST] INFO:   [S 832ms] Changes: ['score→76', 'overs→7.3', 'bat:Philip Salt=44(27)', 'bat:Devdutt Padikkal=10(5)', 'bowl:T Natarajan'][0m
[37m[16:08:16 F116 TEST] INFO:   Total: 1977ms (V:586 E:559 S:832)[0m
[37m[16:08:16 F116 TEST] INFO:   [THIS OVER] ['4', '1', '6'] = 11 runs[0m
[37m[16:08:16 F116 TEST] INFO:   STATE: Royal Challengers Bengaluru 76-1 (7.3) inn=1 RR=10.13 | Bat: Philip Salt(44) Devdutt Padikkal*(10) | Bowl: T Natarajan 0-11[0m
[37m[16:08:16 F116 TEST] INFO:   [ACTION] The bowler, Natarajan, is bowling to the RCB batsmen, Salt and Padikkal.[0m
[37m[16:08:16 F116 TEST] INFO: DETAIL|F116|SCOREBOARD|tag=SCOREBOARD|scout=STRIP: RCB 76-1 (7.3) | SALT 44(27) | PADIKKAL 10(5) | NATARAJAN 0-11 (0.3)|action=The bowler, Natarajan, is bowling to the RCB batsmen, Salt and Padikkal.|ext_score=76-1(7.3)|ext_bat=SALT 44(27) | PADIKKAL 10(5)|ext_bowl=NATARAJAN 0-11 (0.3)|scorer_changes=['score→76', 'overs→7.3', 'bat:Philip Salt=44(27)', 'bat:Devdutt Padikkal=10(5)', 'bowl:T Natarajan']|yolo=0|BEFORE_score=76-1(7.3)|BEFORE_bat1=Philip Salt 44(27)|BEFORE_bat2=Devdutt Padikkal 10(5)|BEFORE_bowl=T Natarajan 0-None (None)|BEFORE_this_over=['4', '1', '6']|AFTER_score=76-1(7.3)|AFTER_bat1=Philip Salt 44(27)|AFTER_bat2=Devdutt Padikkal 10(5)|AFTER_bowl=T Natarajan 0-11 (0.3)|AFTER_this_over=['4', '1', '6']|AFTER_this_over_src=4(obs),1(obs),6(obs)|AFTER_striker=Devdutt Padikkal|AFTER_non_striker=Philip Salt|AFTER_run_rate=10.13|AFTER_target=—|AFTER_innings=1|AFTER_partnership=21(12)|AFTER_fow_count=1|AFTER_field=pace_middle frozen=True fielders=['slip_2', 'deep_square_leg', 'cover_point', 'square_leg', 'deep_point', 'deep_backward_pt', 'point', 'cover', 'mid_off']|ball_event=—|ball_event_runs=—|ball_event_over=—|ball_event_extra=—|ball_event_free_hit=—|broadcast_extra=—|dismissal_mode=—|striker_this_ball=Devdutt Padikkal|delivery_length=—|delivery_line=—|delivery_angle=—|delivery_shot=—|delivery_direction=—|delivery_elevation=—|delivery_bounce=—|delivery_dets=0|delivery_method=—|delivery_snap_dets=—|delivery_3layer_dets=—|delivery_det_rate=—|delivery_dir_zone=—|delivery_dir_conf=0|delivery_pitch_pos=—|delivery_shot_action=—|delivery_swing=—|delivery_speed_vlm=—|delivery_vlm_conf=—|delivery_vlm_ms=—|speed_kph=—|venue=—|batting_team=Royal Challengers Bengaluru|match_info=IPL 2026|completed_over=—|completed_over_runs=—|drs_state=NONE|corrections=none|lat_vision=586|lat_extract=559|lat_scorer=832|lat_field=42|lat_comm=0|lat_code=0|lat_total=1978|comm_bowler=T Natarajan|comm_wire=—|comm_storyteller=—|comm_analyst=—|comm_colour=—|comm_wire_ms=0|comm_story_ms=0|comm_analyst_ms=0|comm_colour_ms=0[0m
[37m[16:08:17 F117 VISION] INFO: [SCOUT] SCOREBOARD 518ms strip=True overlay=False drs=False digits=True 227 chars[0m
[37m[16:08:17 F117 TEST] INFO: 
=======================================================[0m
[37m[16:08:17 F117 TEST] INFO: [F117] SCOREBOARD — #76[0m
[37m[16:08:17 F117 TEST] INFO:   [V 521ms] STRIP: RCB 76-1 (7.3) | SALT 44(27) | PADIKKAL 10(5) | NATARAJAN 0-11 (0.3)[0m
[37m[16:08:18 F117 EXTRACT] INFO: Extracted in 0.6s (llama-4-scout-17b-16e-instruct)[0m
[37m[16:08:18 F117 TEST] INFO:   [E 620ms] visible_team=Royal Challengers Bengaluru score=76-1 (7.3) target=None rr=None[0m
[37m[16:08:18 F117 TEST] INFO:     BAT: SALT 44(27) [0m
[37m[16:08:18 F117 TEST] INFO:     BAT: PADIKKAL 10(5) [0m
[37m[16:08:18 F117 TEST] INFO:     BOWL: NATARAJAN 0-11 (0.3)[0m
[37m[16:08:18 F117 TEST] INFO:   [DIRECT] Batter updates: ['SALT: ext=44(27) → tracker=44(27) [was 44(27)]', 'PADIKKAL: ext=10(5) → tracker=10(5) [was 10(5)]'][0m
[37m[16:08:18 F117 TEST] INFO:   [DIRECT] score→76[0m
[37m[16:08:18 F117 TEST] INFO:   [DIRECT] overs→7.3[0m
[37m[16:08:18 F117 TEST] INFO:   [DIRECT] wickets→1[0m
[37m[16:08:19 F117 SCORER] INFO: Scored in 0.9s (llama-4-scout-17b-16e-instruct)[0m
[37m[16:08:19 F117 TEST] INFO:   [S] Hint: Current batters: SALT and PADIKKAL. Bowler: NATARAJAN. Read their stats from the scoreboard. ALREADY DISMISSED (do NOT dismiss again): Virat Kohli[0m
[37m[16:08:19 F117 TEST] INFO:   [FLOW] Extractor batters not in scorer: {'PADIKKAL', 'SALT'}[0m
[37m[16:08:19 F117 TEST] INFO:   [STRIKER-DEDUP] Devdutt Padikkal == non_striker → non_striker=Philip Salt[0m
[37m[16:08:19 F117 TEST] INFO:   [S 928ms] Changes: ['score→76', 'overs→7.3', 'bat:Philip Salt=44(27)', 'bat:Devdutt Padikkal=10(5)', 'bowl:T Natarajan'][0m
[37m[16:08:19 F117 TEST] INFO:   Total: 2068ms (V:521 E:620 S:928)[0m
[37m[16:08:19 F117 TEST] INFO:   [THIS OVER] ['4', '1', '6'] = 11 runs[0m
[37m[16:08:19 F117 TEST] INFO:   STATE: Royal Challengers Bengaluru 76-1 (7.3) inn=1 RR=10.13 | Bat: Philip Salt(44) Devdutt Padikkal*(10) | Bowl: T Natarajan 0-11[0m
[37m[16:08:19 F117 TEST] INFO:   [ACTION] The bowler, Natarajan, is bowling to the RCB batsmen, Salt and Padikkal.[0m
[37m[16:08:19 F117 TEST] INFO: DETAIL|F117|SCOREBOARD|tag=SCOREBOARD|scout=STRIP: RCB 76-1 (7.3) | SALT 44(27) | PADIKKAL 10(5) | NATARAJAN 0-11 (0.3)|action=The bowler, Natarajan, is bowling to the RCB batsmen, Salt and Padikkal.|ext_score=76-1(7.3)|ext_bat=SALT 44(27) | PADIKKAL 10(5)|ext_bowl=NATARAJAN 0-11 (0.3)|scorer_changes=['score→76', 'overs→7.3', 'bat:Philip Salt=44(27)', 'bat:Devdutt Padikkal=10(5)', 'bowl:T Natarajan']|yolo=0|BEFORE_score=76-1(7.3)|BEFORE_bat1=Philip Salt 44(27)|BEFORE_bat2=Devdutt Padikkal 10(5)|BEFORE_bowl=T Natarajan 0-11 (0.3)|BEFORE_this_over=['4', '1', '6']|AFTER_score=76-1(7.3)|AFTER_bat1=Philip Salt 44(27)|AFTER_bat2=Devdutt Padikkal 10(5)|AFTER_bowl=T Natarajan 0-11 (0.3)|AFTER_this_over=['4', '1', '6']|AFTER_this_over_src=4(obs),1(obs),6(obs)|AFTER_striker=Devdutt Padikkal|AFTER_non_striker=Philip Salt|AFTER_run_rate=10.13|AFTER_target=—|AFTER_innings=1|AFTER_partnership=21(12)|AFTER_fow_count=1|AFTER_field=pace_middle frozen=True fielders=['slip_2', 'deep_square_leg', 'cover_point', 'square_leg', 'deep_point', 'deep_backward_pt', 'point', 'cover', 'mid_off']|ball_event=—|ball_event_runs=—|ball_event_over=—|ball_event_extra=—|ball_event_free_hit=—|broadcast_extra=—|dismissal_mode=—|striker_this_ball=Devdutt Padikkal|delivery_length=—|delivery_line=—|delivery_angle=—|delivery_shot=—|delivery_direction=—|delivery_elevation=—|delivery_bounce=—|delivery_dets=0|delivery_method=—|delivery_snap_dets=—|delivery_3layer_dets=—|delivery_det_rate=—|delivery_dir_zone=—|delivery_dir_conf=0|delivery_pitch_pos=—|delivery_shot_action=—|delivery_swing=—|delivery_speed_vlm=—|delivery_vlm_conf=—|delivery_vlm_ms=—|speed_kph=—|venue=—|batting_team=Royal Challengers Bengaluru|match_info=IPL 2026|completed_over=—|completed_over_runs=—|drs_state=NONE|corrections=none|lat_vision=521|lat_extract=620|lat_scorer=928|lat_field=40|lat_comm=0|lat_code=0|lat_total=2070|comm_bowler=T Natarajan|comm_wire=—|comm_storyteller=—|comm_analyst=—|comm_colour=—|comm_wire_ms=0|comm_story_ms=0|comm_analyst_ms=0|comm_colour_ms=0[0m
[37m[16:08:21 F118 VISION] INFO: [SCOUT] SCOREBOARD 673ms strip=True overlay=False drs=False digits=True 411 chars[0m
[37m[16:08:21 F118 TEST] INFO:   [STRIKER] Broadcast indicator: Philip Salt (was Devdutt Padikkal)[0m
[37m[16:08:21 F118 TEST] INFO: 
=======================================================[0m
[37m[16:08:21 F118 TEST] INFO: [F118] SCOREBOARD — #77[0m
[37m[16:08:21 F118 TEST] INFO:   [V 677ms] STRIP: RCB  [SCORE]-[WICKETS] ([OVERS]) | *SALT [RUNS]([BALLS]) | PADIKKAL [RUNS]([BALLS]) | NATARAJAN [W]-[R] ([OVERS])

Assuming sample data for demonstration as actual numbers are not provided:
STRIP: RCB 45-0 (5.5) | *SALT 23(15) | PADIKKAL 18(12[0m
[37m[16:08:21 F118 EXTRACT] INFO: Extracted in 0.7s (llama-4-scout-17b-16e-instruct)[0m
[37m[16:08:21 F118 BOARD] INFO: [NAME] Exact miss for '*SALT', trying fuzzy (483 keys)...[0m
[37m[16:08:21 F118 BOARD] INFO: Fuzzy matched '*SALT' → 'Philip Salt' (89%)[0m
[37m[16:08:21 F118 TEST] INFO:   [GUARD] Philip Salt diff 44→23 — comparison strip for batting team[0m
[37m[16:08:21 F118 TEST] INFO:   [E 680ms] visible_team=Royal Challengers Bengaluru score=None-0 (None) target=None rr=None[0m
[37m[16:08:21 F118 TEST] INFO:   [POISONED] Extracted score 45 vs tracker 76 (delta=-31) — blocking ALL updates this frame[0m
[37m[16:08:22 F118 SCORER] INFO: Scored in 0.9s (llama-4-scout-17b-16e-instruct)[0m
[37m[16:08:22 F118 TEST] INFO:   [S] Hint: Current batters: SALT and PADIKKAL. Bowler: NATARAJAN. Read their stats from the scoreboard. ALREADY DISMISSED (do NOT dismiss again): Virat Kohli[0m
[37m[16:08:22 F118 TEST] INFO:   [CONSENSUS] Poisoned score 45 frame 1/2, waiting[0m
[37m[16:08:22 F118 TEST] INFO:   [S 883ms] Changes: ['FRAME_POISONED:45'][0m
[37m[16:08:22 F118 TEST] INFO:   Total: 2240ms (V:677 E:680 S:883)[0m
[37m[16:08:22 F118 TEST] INFO:   [THIS OVER] ['4', '1', '6'] = 11 runs[0m
[37m[16:08:22 F118 TEST] INFO:   STATE: Royal Challengers Bengaluru 76-1 (7.3) inn=1 RR=10.13 | Bat: Philip Salt*(44) Devdutt Padikkal(10) | Bowl: T Natarajan 0-11[0m
[37m[16:08:22 F118 TEST] INFO: DETAIL|F118|SCOREBOARD|tag=SCOREBOARD|scout=STRIP: RCB  [SCORE]-[WICKETS] ([OVERS]) | *SALT [RUNS]([BALLS]) | PADIKKAL [RUNS]([BALLS]) | NATARAJAN [W]-[R] ([OVERS])|action=—|ext_score=None-0(None)|ext_bat=|ext_bowl=|scorer_changes=['FRAME_POISONED:45']|yolo=0|BEFORE_score=76-1(7.3)|BEFORE_bat1=Philip Salt 44(27)|BEFORE_bat2=Devdutt Padikkal 10(5)|BEFORE_bowl=T Natarajan 0-11 (0.3)|BEFORE_this_over=['4', '1', '6']|AFTER_score=76-1(7.3)|AFTER_bat1=Philip Salt 44(27)|AFTER_bat2=Devdutt Padikkal 10(5)|AFTER_bowl=T Natarajan 0-11 (0.3)|AFTER_this_over=['4', '1', '6']|AFTER_this_over_src=4(obs),1(obs),6(obs)|AFTER_striker=Philip Salt|AFTER_non_striker=Devdutt Padikkal|AFTER_run_rate=10.13|AFTER_target=—|AFTER_innings=1|AFTER_partnership=21(12)|AFTER_fow_count=1|AFTER_field=pace_middle frozen=True fielders=['slip_2', 'deep_square_leg', 'cover_point', 'square_leg', 'deep_point', 'deep_backward_pt', 'point', 'cover', 'mid_off']|ball_event=—|ball_event_runs=—|ball_event_over=—|ball_event_extra=—|ball_event_free_hit=—|broadcast_extra=—|dismissal_mode=—|striker_this_ball=Philip Salt|delivery_length=—|delivery_line=—|delivery_angle=—|delivery_shot=—|delivery_direction=—|delivery_elevation=—|delivery_bounce=—|delivery_dets=0|delivery_method=—|delivery_snap_dets=—|delivery_3layer_dets=—|delivery_det_rate=—|delivery_dir_zone=—|delivery_dir_conf=0|delivery_pitch_pos=—|delivery_shot_action=—|delivery_swing=—|delivery_speed_vlm=—|delivery_vlm_conf=—|delivery_vlm_ms=—|speed_kph=—|venue=—|batting_team=Royal Challengers Bengaluru|match_info=IPL 2026|completed_over=—|completed_over_runs=—|drs_state=NONE|corrections=none|lat_vision=677|lat_extract=680|lat_scorer=883|lat_field=39|lat_comm=0|lat_code=0|lat_total=2245|comm_bowler=T Natarajan|comm_wire=—|comm_storyteller=—|comm_analyst=—|comm_colour=—|comm_wire_ms=0|comm_story_ms=0|comm_analyst_ms=0|comm_colour_ms=0[0m
[37m[16:08:24 F119 VISION] INFO: [SCOUT] SCOREBOARD 678ms strip=True overlay=False drs=False digits=True 404 chars[0m
[37m[16:08:24 F119 TEST] INFO: 
=======================================================[0m
[37m[16:08:24 F119 TEST] INFO: [F119] SCOREBOARD — #78[0m
[37m[16:08:24 F119 TEST] INFO:   [V 681ms] STRIP: RCB  [SCORE]-[WICKETS] ([OVERS]) |  [BATTER1] [RUNS]([BALLS]) | [BATTER2] [RUNS]([BALLS]) | [BOWLER] [W]-[R] ([OVERS])

Assuming sample data for demonstration: 
STRIP: RCB 47-0 (5.5) | Salt 25(17) | PAdikkal 21(20) | Natarajan 0-47 (5.5)

INFO[0m
[37m[16:08:25 F119 EXTRACT] INFO: Extracted in 1.1s (llama-4-scout-17b-16e-instruct)[0m
[37m[16:08:25 F119 TEST] INFO:   [E 1083ms] visible_team=Royal Challengers Bengaluru score=47-0 (5.5) target=None rr=None[0m
[37m[16:08:25 F119 TEST] INFO:     BAT: Salt 25(17) [0m
[37m[16:08:25 F119 TEST] INFO:     BAT: Padikkal 21(20) [0m
[37m[16:08:25 F119 TEST] INFO:     BOWL: Natarajan 0-47 (5.5)[0m
[37m[16:08:25 F119 BOARD] INFO: [GUARD] Bowler T Natarajan overs 5.5 > 4.0 — career stat, dropping ALL figures[0m
[37m[16:08:25 F119 TEST] INFO:   [POISONED] Extracted score 47 vs tracker 76 (delta=-29) — blocking ALL updates this frame[0m
[37m[16:08:26 F119 SCORER] INFO: Scored in 0.9s (llama-4-scout-17b-16e-instruct)[0m
[37m[16:08:26 F119 TEST] INFO:   [S] Hint: Current batters: Salt and Padikkal. Bowler: T Natarajan ALREADY DISMISSED (do NOT dismiss again): Virat Kohli[0m
[37m[16:08:26 F119 TEST] INFO:   [CONSENSUS] Poisoned score 47 frame 1/2, waiting[0m
[37m[16:08:26 F119 TEST] INFO:   [S 886ms] Changes: ['FRAME_POISONED:47'][0m
[37m[16:08:26 F119 TEST] INFO:   Total: 2650ms (V:681 E:1083 S:886)[0m
[37m[16:08:26 F119 TEST] INFO:   [THIS OVER] ['4', '1', '6'] = 11 runs[0m
[37m[16:08:26 F119 TEST] INFO:   STATE: Royal Challengers Bengaluru 76-1 (7.3) inn=1 RR=10.13 | Bat: Philip Salt*(44) Devdutt Padikkal(10) | Bowl: T Natarajan 0-11[0m
[37m[16:08:26 F119 TEST] INFO: DETAIL|F119|SCOREBOARD|tag=SCOREBOARD|scout=STRIP: RCB  [SCORE]-[WICKETS] ([OVERS]) |  [BATTER1] [RUNS]([BALLS]) | [BATTER2] [RUNS]([BALLS]) | [BOWLER] [W]-[R] ([OV|action=—|ext_score=47-0(5.5)|ext_bat=Salt 25(17) | Padikkal 21(20)|ext_bowl=Natarajan 0-47 (5.5)|scorer_changes=['FRAME_POISONED:47']|yolo=2|BEFORE_score=76-1(7.3)|BEFORE_bat1=Philip Salt 44(27)|BEFORE_bat2=Devdutt Padikkal 10(5)|BEFORE_bowl=T Natarajan 0-11 (0.3)|BEFORE_this_over=['4', '1', '6']|AFTER_score=76-1(7.3)|AFTER_bat1=Philip Salt 44(27)|AFTER_bat2=Devdutt Padikkal 10(5)|AFTER_bowl=T Natarajan 0-11 (0.3)|AFTER_this_over=['4', '1', '6']|AFTER_this_over_src=4(obs),1(obs),6(obs)|AFTER_striker=Philip Salt|AFTER_non_striker=Devdutt Padikkal|AFTER_run_rate=10.13|AFTER_target=—|AFTER_innings=1|AFTER_partnership=21(12)|AFTER_fow_count=1|AFTER_field=pace_middle frozen=True fielders=['slip_2', 'deep_square_leg', 'cover_point', 'square_leg', 'deep_point', 'deep_backward_pt', 'point', 'cover', 'mid_off']|ball_event=—|ball_event_runs=—|ball_event_over=—|ball_event_extra=—|ball_event_free_hit=—|broadcast_extra=—|dismissal_mode=—|striker_this_ball=Philip Salt|delivery_length=—|delivery_line=—|delivery_angle=—|delivery_shot=—|delivery_direction=—|delivery_elevation=—|delivery_bounce=—|delivery_dets=0|delivery_method=—|delivery_snap_dets=—|delivery_3layer_dets=—|delivery_det_rate=—|delivery_dir_zone=—|delivery_dir_conf=0|delivery_pitch_pos=—|delivery_shot_action=—|delivery_swing=—|delivery_speed_vlm=—|delivery_vlm_conf=—|delivery_vlm_ms=—|speed_kph=—|venue=—|batting_team=Royal Challengers Bengaluru|match_info=IPL 2026|completed_over=—|completed_over_runs=—|drs_state=NONE|corrections=none|lat_vision=681|lat_extract=1083|lat_scorer=886|lat_field=41|lat_comm=0|lat_code=0|lat_total=2652|comm_bowler=T Natarajan|comm_wire=—|comm_storyteller=—|comm_analyst=—|comm_colour=—|comm_wire_ms=0|comm_story_ms=0|comm_analyst_ms=0|comm_colour_ms=0[0m
[37m[16:08:27 F120 VISION] INFO: [SCOUT] SCOREBOARD 569ms strip=True overlay=False drs=False digits=False 269 chars[0m
[37m[16:08:27 F120 VISION] INFO: [SCOUT] Preview: {"has_strip": true, "has_overlay_stats": false, "drs_review": false}

STRIP: RCB  - (0) | *Padikkal  [RUNS]([BALLS]) | Salt [RUNS]([BALLS]) | Natarajan  [W]-[R] ([OVERS])

INFO_PANEL: 
SPEED: 
EXTRA: [0m
[37m[16:08:27 F120 TEST] INFO: 
=======================================================[0m
[37m[16:08:27 F120 TEST] INFO: [F120] SCOREBOARD — #79[0m
[37m[16:08:27 F120 TEST] INFO:   [V 572ms] STRIP: RCB  - (0) | *Padikkal  [RUNS]([BALLS]) | Salt [RUNS]([BALLS]) | Natarajan  [W]-[R] ([OVERS])

INFO_PANEL: 
SPEED: 
EXTRA: 
THIS OVER: 
FULL SCORECARD: 

The bowler, T Natarajan, is in action.[0m
[37m[16:08:28 F120 EXTRACT] INFO: Extracted in 1.0s (llama-4-scout-17b-16e-instruct)[0m
[37m[16:08:28 F120 TEST] INFO:   [E 975ms] visible_team=Royal Challengers Bengaluru score=0-0 (0.5) target=None rr=None[0m
[37m[16:08:28 F120 TEST] INFO:     BAT: Padikkal 0(0) [0m
[37m[16:08:28 F120 TEST] INFO:     BOWL: T Natarajan 0-0 (0)[0m
[37m[16:08:28 F120 TEST] INFO:   [POISONED] Extracted score 0 vs tracker 76 (delta=-76) — blocking ALL updates this frame[0m
[37m[16:08:29 F120 SCORER] INFO: Scored in 0.9s (llama-4-scout-17b-16e-instruct)[0m
[37m[16:08:29 F120 TEST] INFO:   [S] Hint: Current batters: Salt and Padikkal. Bowler: T Natarajan ALREADY DISMISSED (do NOT dismiss again): Virat Kohli[0m
[37m[16:08:29 F120 TEST] INFO:   [CONSENSUS] Poisoned score 0 frame 1/2, waiting[0m
[37m[16:08:29 F120 TEST] INFO:   [S 926ms] Changes: ['FRAME_POISONED:0'][0m
[37m[16:08:29 F120 TEST] INFO:   Total: 2473ms (V:572 E:975 S:926)[0m
[37m[16:08:29 F120 TEST] INFO:   [THIS OVER] ['4', '1', '6'] = 11 runs[0m
[37m[16:08:29 F120 TEST] INFO:   STATE: Royal Challengers Bengaluru 76-1 (7.3) inn=1 RR=10.13 | Bat: Philip Salt*(44) Devdutt Padikkal(10) | Bowl: T Natarajan 0-11[0m
[37m[16:08:29 F120 FIELD] INFO: [F120] balanced | total:7 (yolo:0 vis:7) | slips:0 in:0 out:0 | keeper:back | fresh:0 balls ago | conf:0.8 | 42ms[0m
[37m[16:08:29 F120 TEST] INFO: DETAIL|F120|SCOREBOARD|tag=SCOREBOARD|scout=STRIP: RCB  - (0) | *Padikkal  [RUNS]([BALLS]) | Salt [RUNS]([BALLS]) | Natarajan  [W]-[R] ([OVERS])  INFO_PANEL:  SPEED|action=—|ext_score=0-0(0.5)|ext_bat=Padikkal 0(0)|ext_bowl=T Natarajan 0-0 (0)|scorer_changes=['FRAME_POISONED:0']|yolo=0|BEFORE_score=76-1(7.3)|BEFORE_bat1=Philip Salt 44(27)|BEFORE_bat2=Devdutt Padikkal 10(5)|BEFORE_bowl=T Natarajan 0-11 (0.3)|BEFORE_this_over=['4', '1', '6']|AFTER_score=76-1(7.3)|AFTER_bat1=Philip Salt 44(27)|AFTER_bat2=Devdutt Padikkal 10(5)|AFTER_bowl=T Natarajan 0-11 (0.3)|AFTER_this_over=['4', '1', '6']|AFTER_this_over_src=4(obs),1(obs),6(obs)|AFTER_striker=Philip Salt|AFTER_non_striker=Devdutt Padikkal|AFTER_run_rate=10.13|AFTER_target=—|AFTER_innings=1|AFTER_partnership=21(12)|AFTER_fow_count=1|AFTER_field=pace_middle frozen=True fielders=['slip_2', 'deep_square_leg', 'cover_point', 'square_leg', 'deep_point', 'deep_backward_pt', 'point', 'cover', 'mid_off']|ball_event=—|ball_event_runs=—|ball_event_over=—|ball_event_extra=—|ball_event_free_hit=—|broadcast_extra=—|dismissal_mode=—|striker_this_ball=Philip Salt|delivery_length=—|delivery_line=—|delivery_angle=—|delivery_shot=—|delivery_direction=—|delivery_elevation=—|delivery_bounce=—|delivery_dets=0|delivery_method=—|delivery_snap_dets=—|delivery_3layer_dets=—|delivery_det_rate=—|delivery_dir_zone=—|delivery_dir_conf=0|delivery_pitch_pos=—|delivery_shot_action=—|delivery_swing=—|delivery_speed_vlm=—|delivery_vlm_conf=—|delivery_vlm_ms=—|speed_kph=—|venue=—|batting_team=Royal Challengers Bengaluru|match_info=IPL 2026|completed_over=—|completed_over_runs=—|drs_state=NONE|corrections=none|lat_vision=572|lat_extract=975|lat_scorer=926|lat_field=42|lat_comm=0|lat_code=0|lat_total=2475|comm_bowler=T Natarajan|comm_wire=—|comm_storyteller=—|comm_analyst=—|comm_colour=—|comm_wire_ms=0|comm_story_ms=0|comm_analyst_ms=0|comm_colour_ms=0[0m
[37m[16:08:31 F121 VISION] INFO: [SCOUT] SCOREBOARD 677ms strip=True overlay=False drs=False digits=False 240 chars[0m
[37m[16:08:31 F121 VISION] INFO: [SCOUT] Preview: {"has_strip": true, "has_overlay_stats": false, "drs_review": false}

STRIP: DC 0-0 (0.0) | Salt 0(0) | Padikkal 0(0) | T Natarajan 0-0 (0.0)

ACTION: The game is about to start, with Salt and Padikka[0m
[37m[16:08:31 F121 TEST] INFO: 
=======================================================[0m
[37m[16:08:31 F121 TEST] INFO: [F121] SCOREBOARD — #80[0m
[37m[16:08:31 F121 TEST] INFO:   [V 680ms] STRIP: DC 0-0 (0.0) | Salt 0(0) | Padikkal 0(0) | T Natarajan 0-0 (0.0)[0m
[37m[16:08:32 F121 EXTRACT] INFO: Extracted in 0.6s (llama-4-scout-17b-16e-instruct)[0m
[37m[16:08:32 F121 TEST] INFO:   [GUARD] Extractor returned 0-0(0.0) mid-innings (current score=76) — stripping all data[0m
[37m[16:08:32 F121 TEST] INFO:   [GUARD] Visible team 'Delhi Capitals' is bowling team — comparison strip, ALL data stripped (1/30)[0m
[37m[16:08:32 F121 TEST] INFO:   [E 629ms] visible_team=Delhi Capitals score=None-None (None) target=None rr=None[0m
[37m[16:08:33 F121 SCORER] INFO: Scored in 0.9s (llama-4-scout-17b-16e-instruct)[0m
[37m[16:08:33 F121 TEST] INFO:   [S] Hint: Current batters: SALT and PADIKKAL. Bowler: T NATARAJAN. Read their stats from the scoreboard. ALREADY DISMISSED (do NOT dismiss again): Virat Kohli[0m
[37m[16:08:33 F121 TEST] INFO:   [S 947ms] Changes: ['FRAME_POISONED:None'][0m
[37m[16:08:33 F121 TEST] INFO:   Total: 2257ms (V:680 E:629 S:947)[0m
[37m[16:08:33 F121 TEST] INFO:   [THIS OVER] ['4', '1', '6'] = 11 runs[0m
[37m[16:08:33 F121 TEST] INFO:   STATE: Royal Challengers Bengaluru 76-1 (7.3) inn=1 RR=10.13 | Bat: Philip Salt*(44) Devdutt Padikkal(10) | Bowl: T Natarajan 0-11[0m
[37m[16:08:33 F121 TEST] INFO:   [ACTION] The game is about to start, with Salt and Padikkal at the crease and T Natarajan[0m
[37m[16:08:33 F121 TEST] INFO: DETAIL|F121|SCOREBOARD|tag=SCOREBOARD|scout=STRIP: DC 0-0 (0.0) | Salt 0(0) | Padikkal 0(0) | T Natarajan 0-0 (0.0)|action=The game is about to start, with Salt and Padikkal at the crease and T Natarajan bowling.|ext_score=None-None(None)|ext_bat=|ext_bowl=|scorer_changes=['FRAME_POISONED:None']|yolo=0|BEFORE_score=76-1(7.3)|BEFORE_bat1=Philip Salt 44(27)|BEFORE_bat2=Devdutt Padikkal 10(5)|BEFORE_bowl=T Natarajan 0-11 (0.3)|BEFORE_this_over=['4', '1', '6']|AFTER_score=76-1(7.3)|AFTER_bat1=Philip Salt 44(27)|AFTER_bat2=Devdutt Padikkal 10(5)|AFTER_bowl=T Natarajan 0-11 (0.3)|AFTER_this_over=['4', '1', '6']|AFTER_this_over_src=4(obs),1(obs),6(obs)|AFTER_striker=Philip Salt|AFTER_non_striker=Devdutt Padikkal|AFTER_run_rate=10.13|AFTER_target=—|AFTER_innings=1|AFTER_partnership=21(12)|AFTER_fow_count=1|AFTER_field=pace_middle frozen=True fielders=['slip_2', 'deep_square_leg', 'cover_point', 'square_leg', 'deep_point', 'deep_backward_pt', 'point', 'cover', 'mid_off']|ball_event=—|ball_event_runs=—|ball_event_over=—|ball_event_extra=—|ball_event_free_hit=—|broadcast_extra=—|dismissal_mode=—|striker_this_ball=Philip Salt|delivery_length=—|delivery_line=—|delivery_angle=—|delivery_shot=—|delivery_direction=—|delivery_elevation=—|delivery_bounce=—|delivery_dets=0|delivery_method=—|delivery_snap_dets=—|delivery_3layer_dets=—|delivery_det_rate=—|delivery_dir_zone=—|delivery_dir_conf=0|delivery_pitch_pos=—|delivery_shot_action=—|delivery_swing=—|delivery_speed_vlm=—|delivery_vlm_conf=—|delivery_vlm_ms=—|speed_kph=—|venue=—|batting_team=Royal Challengers Bengaluru|match_info=IPL 2026|completed_over=—|completed_over_runs=—|drs_state=NONE|corrections=none|lat_vision=680|lat_extract=629|lat_scorer=947|lat_field=39|lat_comm=0|lat_code=0|lat_total=2258|comm_bowler=T Natarajan|comm_wire=—|comm_storyteller=—|comm_analyst=—|comm_colour=—|comm_wire_ms=0|comm_story_ms=0|comm_analyst_ms=0|comm_colour_ms=0[0m
[37m[16:08:34 F122 VISION] INFO: [SCOUT] SCOREBOARD 483ms strip=True overlay=False drs=False digits=False 179 chars[0m
[37m[16:08:34 F122 VISION] INFO: [SCOUT] Preview: {"has_strip": true, "has_overlay_stats": false, "drs_review": false}

STRIP: RCB 0-0 (0.0) | Salt 0(0) | PadiKKAL 0(0) | T Natarajan 0-0 (0.0)

ACTION: The game is about to start.[0m
[37m[16:08:34 F122 TEST] INFO: 
=======================================================[0m
[37m[16:08:34 F122 TEST] INFO: [F122] SCOREBOARD — #81[0m
[37m[16:08:34 F122 TEST] INFO:   [V 486ms] STRIP: RCB 0-0 (0.0) | Salt 0(0) | PadiKKAL 0(0) | T Natarajan 0-0 (0.0)[0m
[37m[16:08:35 F122 EXTRACT] INFO: Extracted in 0.5s (llama-4-scout-17b-16e-instruct)[0m
[37m[16:08:35 F122 TEST] INFO:   [GUARD] Extractor returned 0-0(0.0) mid-innings (current score=76) — stripping all data[0m
[37m[16:08:35 F122 TEST] INFO:   [E 547ms] visible_team=None score=None-None (None) target=None rr=None[0m
[37m[16:08:36 F122 SCORER] INFO: Scored in 0.8s (llama-4-scout-17b-16e-instruct)[0m
[37m[16:08:36 F122 TEST] INFO:   [S] Hint: Current batters: Salt and Padikkal. Bowler: T Natarajan ALREADY DISMISSED (do NOT dismiss again): Virat Kohli[0m
[37m[16:08:36 F122 TEST] INFO:   [S 825ms] Changes: ['FRAME_POISONED:None'][0m
[37m[16:08:36 F122 TEST] INFO:   Total: 1858ms (V:486 E:547 S:825)[0m
[37m[16:08:36 F122 TEST] INFO:   [THIS OVER] ['4', '1', '6'] = 11 runs[0m
[37m[16:08:36 F122 TEST] INFO:   STATE: Royal Challengers Bengaluru 76-1 (7.3) inn=1 RR=10.13 | Bat: Philip Salt*(44) Devdutt Padikkal(10) | Bowl: T Natarajan 0-11[0m
[37m[16:08:36 F122 TEST] INFO:   [ACTION] The game is about to start.[0m
[37m[16:08:36 F122 TEST] INFO: DETAIL|F122|SCOREBOARD|tag=SCOREBOARD|scout=STRIP: RCB 0-0 (0.0) | Salt 0(0) | PadiKKAL 0(0) | T Natarajan 0-0 (0.0)|action=The game is about to start.|ext_score=None-None(None)|ext_bat=|ext_bowl=|scorer_changes=['FRAME_POISONED:None']|yolo=2|BEFORE_score=76-1(7.3)|BEFORE_bat1=Philip Salt 44(27)|BEFORE_bat2=Devdutt Padikkal 10(5)|BEFORE_bowl=T Natarajan 0-11 (0.3)|BEFORE_this_over=['4', '1', '6']|AFTER_score=76-1(7.3)|AFTER_bat1=Philip Salt 44(27)|AFTER_bat2=Devdutt Padikkal 10(5)|AFTER_bowl=T Natarajan 0-11 (0.3)|AFTER_this_over=['4', '1', '6']|AFTER_this_over_src=4(obs),1(obs),6(obs)|AFTER_striker=Philip Salt|AFTER_non_striker=Devdutt Padikkal|AFTER_run_rate=10.13|AFTER_target=—|AFTER_innings=1|AFTER_partnership=21(12)|AFTER_fow_count=1|AFTER_field=pace_middle frozen=True fielders=['slip_2', 'deep_square_leg', 'cover_point', 'square_leg', 'deep_point', 'deep_backward_pt', 'point', 'cover', 'mid_off']|ball_event=—|ball_event_runs=—|ball_event_over=—|ball_event_extra=—|ball_event_free_hit=—|broadcast_extra=—|dismissal_mode=—|striker_this_ball=Philip Salt|delivery_length=—|delivery_line=—|delivery_angle=—|delivery_shot=—|delivery_direction=—|delivery_elevation=—|delivery_bounce=—|delivery_dets=0|delivery_method=—|delivery_snap_dets=—|delivery_3layer_dets=—|delivery_det_rate=—|delivery_dir_zone=—|delivery_dir_conf=0|delivery_pitch_pos=—|delivery_shot_action=—|delivery_swing=—|delivery_speed_vlm=—|delivery_vlm_conf=—|delivery_vlm_ms=—|speed_kph=—|venue=—|batting_team=Royal Challengers Bengaluru|match_info=IPL 2026|completed_over=—|completed_over_runs=—|drs_state=NONE|corrections=none|lat_vision=486|lat_extract=547|lat_scorer=825|lat_field=43|lat_comm=0|lat_code=0|lat_total=1859|comm_bowler=T Natarajan|comm_wire=—|comm_storyteller=—|comm_analyst=—|comm_colour=—|comm_wire_ms=0|comm_story_ms=0|comm_analyst_ms=0|comm_colour_ms=0[0m
[37m[16:08:37 F123 VISION] INFO: [SCOUT] SCOREBOARD 468ms strip=True overlay=False drs=False digits=True 212 chars[0m
[37m[16:08:37 F123 TEST] INFO: 
=======================================================[0m
[37m[16:08:37 F123 TEST] INFO: [F123] SCOREBOARD — #82[0m
[37m[16:08:37 F123 TEST] INFO:   [V 471ms] STRIP: RCB 76-1 (7.3) | SALT 44(27) | PADIKKAL 10(5) | NATARAJAN 0-11 (0.3)[0m
[37m[16:08:38 F123 EXTRACT] INFO: Extracted in 0.6s (llama-4-scout-17b-16e-instruct)[0m
[37m[16:08:38 F123 TEST] INFO:   [E 593ms] visible_team=Royal Challengers Bengaluru score=76-1 (7.3) target=None rr=None[0m
[37m[16:08:38 F123 TEST] INFO:     BAT: SALT 44(27) [0m
[37m[16:08:38 F123 TEST] INFO:     BAT: PADIKKAL 10(5) [0m
[37m[16:08:38 F123 TEST] INFO:     BOWL: NATARAJAN 0-11 (0.3)[0m
[37m[16:08:38 F123 TEST] INFO:   [DIRECT] Batter updates: ['SALT: ext=44(27) → tracker=44(27) [was 44(27)]', 'PADIKKAL: ext=10(5) → tracker=10(5) [was 10(5)]'][0m
[37m[16:08:38 F123 TEST] INFO:   [DIRECT] score→76[0m
[37m[16:08:38 F123 TEST] INFO:   [DIRECT] overs→7.3[0m
[37m[16:08:38 F123 TEST] INFO:   [DIRECT] wickets→1[0m
[37m[16:08:39 F123 SCORER] INFO: Scored in 0.9s (llama-4-scout-17b-16e-instruct)[0m
[37m[16:08:39 F123 TEST] INFO:   [S] Hint: Current batters: SALT and PADIKKAL. Bowler: NATARAJAN. Read their stats from the scoreboard. ALREADY DISMISSED (do NOT dismiss again): Virat Kohli[0m
[37m[16:08:39 F123 TEST] INFO:   [FLOW] Extractor batters not in scorer: {'PADIKKAL', 'SALT'}[0m
[37m[16:08:39 F123 TEST] INFO:   [WICKET-TRACK] Wicket at F123[0m
[37m[16:08:39 F123 TEST] INFO:   [S 933ms] Changes: ['score→76', 'overs→7.3', 'wickets→1', 'bat:Philip Salt=44(27)', 'bat:Devdutt Padikkal=10(5)', 'bowl:T Natarajan'][0m
[37m[16:08:39 F123 TEST] INFO:   Total: 1997ms (V:471 E:593 S:933)[0m
[37m[16:08:39 F123 TEST] INFO:   [THIS OVER] ['4', '1', '6'] = 11 runs[0m
[37m[16:08:39 F123 TEST] INFO:   STATE: Royal Challengers Bengaluru 76-1 (7.3) inn=1 RR=10.13 | Bat: Philip Salt*(44) Devdutt Padikkal(10) | Bowl: T Natarajan 0-11[0m
[37m[16:08:39 F123 TEST] INFO:   [ACTION] The bowler, Natarajan, is about to deliver the next ball.[0m
[37m[16:08:39 F123 TEST] INFO: DETAIL|F123|SCOREBOARD|tag=SCOREBOARD|scout=STRIP: RCB 76-1 (7.3) | SALT 44(27) | PADIKKAL 10(5) | NATARAJAN 0-11 (0.3)|action=The bowler, Natarajan, is about to deliver the next ball.|ext_score=76-1(7.3)|ext_bat=SALT 44(27) | PADIKKAL 10(5)|ext_bowl=NATARAJAN 0-11 (0.3)|scorer_changes=['score→76', 'overs→7.3', 'wickets→1', 'bat:Philip Salt=44(27)', 'bat:Devdutt Padikkal=10(5)', 'bowl:T Natarajan']|yolo=5|BEFORE_score=76-1(7.3)|BEFORE_bat1=Philip Salt 44(27)|BEFORE_bat2=Devdutt Padikkal 10(5)|BEFORE_bowl=T Natarajan 0-11 (0.3)|BEFORE_this_over=['4', '1', '6']|AFTER_score=76-1(7.3)|AFTER_bat1=Philip Salt 44(27)|AFTER_bat2=Devdutt Padikkal 10(5)|AFTER_bowl=T Natarajan 0-11 (0.3)|AFTER_this_over=['4', '1', '6']|AFTER_this_over_src=4(obs),1(obs),6(obs)|AFTER_striker=Philip Salt|AFTER_non_striker=Devdutt Padikkal|AFTER_run_rate=10.13|AFTER_target=—|AFTER_innings=1|AFTER_partnership=21(12)|AFTER_fow_count=1|AFTER_field=pace_middle frozen=True fielders=['slip_2', 'deep_square_leg', 'cover_point', 'square_leg', 'deep_point', 'deep_backward_pt', 'point', 'cover', 'mid_off']|ball_event=—|ball_event_runs=—|ball_event_over=—|ball_event_extra=—|ball_event_free_hit=—|broadcast_extra=—|dismissal_mode=—|striker_this_ball=Philip Salt|delivery_length=—|delivery_line=—|delivery_angle=—|delivery_shot=—|delivery_direction=—|delivery_elevation=—|delivery_bounce=—|delivery_dets=0|delivery_method=—|delivery_snap_dets=—|delivery_3layer_dets=—|delivery_det_rate=—|delivery_dir_zone=—|delivery_dir_conf=0|delivery_pitch_pos=—|delivery_shot_action=—|delivery_swing=—|delivery_speed_vlm=—|delivery_vlm_conf=—|delivery_vlm_ms=—|speed_kph=—|venue=—|batting_team=Royal Challengers Bengaluru|match_info=IPL 2026|completed_over=—|completed_over_runs=—|drs_state=NONE|corrections=none|lat_vision=471|lat_extract=593|lat_scorer=933|lat_field=45|lat_comm=0|lat_code=0|lat_total=1999|comm_bowler=T Natarajan|comm_wire=—|comm_storyteller=—|comm_analyst=—|comm_colour=—|comm_wire_ms=0|comm_story_ms=0|comm_analyst_ms=0|comm_colour_ms=0[0m
[37m[16:08:40 F124 TEST] INFO: [F124] Pixel skip #10[0m
[37m[16:08:40 F124 TEST] INFO: [F124] Force-processing after 10 pixel skips[0m
[37m[16:08:40 F124 VISION] INFO: [SCOUT] SCOREBOARD 420ms strip=True overlay=False drs=False digits=True 144 chars[0m
[37m[16:08:40 F124 TEST] INFO: 
=======================================================[0m
[37m[16:08:40 F124 TEST] INFO: [F124] SCOREBOARD — #83[0m
[37m[16:08:40 F124 TEST] INFO:   [V 425ms] STRIP: RCB 76-1 (7.3) | SALT 44(27) | PADIKKAL 10(5) | NATARAJAN 0-11 (0.3)[0m
[37m[16:08:41 F124 EXTRACT] INFO: Extracted in 0.5s (llama-4-scout-17b-16e-instruct)[0m
[37m[16:08:41 F124 TEST] INFO:   [E 536ms] visible_team=Royal Challengers Bengaluru score=76-1 (7.3) target=None rr=None[0m
[37m[16:08:41 F124 TEST] INFO:     BAT: SALT 44(27) [0m
[37m[16:08:41 F124 TEST] INFO:     BAT: PADIKKAL 10(5) [0m
[37m[16:08:41 F124 TEST] INFO:     BOWL: NATARAJAN 0-11 (0.3)[0m
[37m[16:08:41 F124 TEST] INFO:   [DIRECT] Batter updates: ['SALT: ext=44(27) → tracker=44(27) [was 44(27)]', 'PADIKKAL: ext=10(5) → tracker=10(5) [was 10(5)]'][0m
[37m[16:08:41 F124 TEST] INFO:   [DIRECT] score→76[0m
[37m[16:08:41 F124 TEST] INFO:   [DIRECT] overs→7.3[0m
[37m[16:08:41 F124 TEST] INFO:   [DIRECT] wickets→1[0m
[37m[16:08:42 F124 SCORER] INFO: Scored in 0.8s (llama-4-scout-17b-16e-instruct)[0m
[37m[16:08:42 F124 TEST] INFO:   [S] Hint: Current batters: SALT and PADIKKAL. Bowler: NATARAJAN. Read their stats from the scoreboard. ALREADY DISMISSED (do NOT dismiss again): Virat Kohli[0m
[37m[16:08:42 F124 TEST] INFO:   [FLOW] Extractor batters not in scorer: {'PADIKKAL', 'SALT'}[0m
[37m[16:08:42 F124 TEST] INFO:   [S 847ms] Changes: ['score→76', 'overs→7.3', 'bat:Philip Salt=44(27)', 'bat:Devdutt Padikkal=10(5)', 'bowl:T Natarajan'][0m
[37m[16:08:42 F124 TEST] INFO:   Total: 1807ms (V:425 E:536 S:847)[0m
[37m[16:08:42 F124 TEST] INFO:   [THIS OVER] ['4', '1', '6'] = 11 runs[0m
[37m[16:08:42 F124 TEST] INFO:   STATE: Royal Challengers Bengaluru 76-1 (7.3) inn=1 RR=10.13 | Bat: Philip Salt*(44) Devdutt Padikkal(10) | Bowl: T Natarajan 0-11[0m
[37m[16:08:42 F124 TEST] INFO: DETAIL|F124|SCOREBOARD|tag=SCOREBOARD|scout=STRIP: RCB 76-1 (7.3) | SALT 44(27) | PADIKKAL 10(5) | NATARAJAN 0-11 (0.3)|action=—|ext_score=76-1(7.3)|ext_bat=SALT 44(27) | PADIKKAL 10(5)|ext_bowl=NATARAJAN 0-11 (0.3)|scorer_changes=['score→76', 'overs→7.3', 'bat:Philip Salt=44(27)', 'bat:Devdutt Padikkal=10(5)', 'bowl:T Natarajan']|yolo=2|BEFORE_score=76-1(7.3)|BEFORE_bat1=Philip Salt 44(27)|BEFORE_bat2=Devdutt Padikkal 10(5)|BEFORE_bowl=T Natarajan 0-11 (0.3)|BEFORE_this_over=['4', '1', '6']|AFTER_score=76-1(7.3)|AFTER_bat1=Philip Salt 44(27)|AFTER_bat2=Devdutt Padikkal 10(5)|AFTER_bowl=T Natarajan 0-11 (0.3)|AFTER_this_over=['4', '1', '6']|AFTER_this_over_src=4(obs),1(obs),6(obs)|AFTER_striker=Philip Salt|AFTER_non_striker=Devdutt Padikkal|AFTER_run_rate=10.13|AFTER_target=—|AFTER_innings=1|AFTER_partnership=21(12)|AFTER_fow_count=1|AFTER_field=pace_middle frozen=True fielders=['slip_2', 'deep_square_leg', 'cover_point', 'square_leg', 'deep_point', 'deep_backward_pt', 'point', 'cover', 'mid_off']|ball_event=—|ball_event_runs=—|ball_event_over=—|ball_event_extra=—|ball_event_free_hit=—|broadcast_extra=—|dismissal_mode=—|striker_this_ball=Philip Salt|delivery_length=—|delivery_line=—|delivery_angle=—|delivery_shot=—|delivery_direction=—|delivery_elevation=—|delivery_bounce=—|delivery_dets=0|delivery_method=—|delivery_snap_dets=—|delivery_3layer_dets=—|delivery_det_rate=—|delivery_dir_zone=—|delivery_dir_conf=0|delivery_pitch_pos=—|delivery_shot_action=—|delivery_swing=—|delivery_speed_vlm=—|delivery_vlm_conf=—|delivery_vlm_ms=—|speed_kph=—|venue=—|batting_team=Royal Challengers Bengaluru|match_info=IPL 2026|completed_over=—|completed_over_runs=—|drs_state=NONE|corrections=none|lat_vision=425|lat_extract=536|lat_scorer=847|lat_field=44|lat_comm=0|lat_code=0|lat_total=1809|comm_bowler=T Natarajan|comm_wire=—|comm_storyteller=—|comm_analyst=—|comm_colour=—|comm_wire_ms=0|comm_story_ms=0|comm_analyst_ms=0|comm_colour_ms=0[0m
[37m[16:08:43 F125 VISION] INFO: [SCOUT] SCOREBOARD 604ms strip=True overlay=False drs=False digits=True 228 chars[0m
[37m[16:08:43 F125 TEST] INFO: 
=======================================================[0m
[37m[16:08:43 F125 TEST] INFO: [F125] SCOREBOARD — #84[0m
[37m[16:08:43 F125 TEST] INFO:   [V 607ms] STRIP: RCB 76-1 (7.3) | SALT 44(27) | PADIKKAL 10(5) | NATARAJAN 0-11 (0.3)[0m
[37m[16:08:44 F125 EXTRACT] INFO: Extracted in 0.6s (llama-4-scout-17b-16e-instruct)[0m
[37m[16:08:44 F125 TEST] INFO:   [E 606ms] visible_team=Royal Challengers Bengaluru score=76-1 (7.3) target=None rr=None[0m
[37m[16:08:44 F125 TEST] INFO:     BAT: SALT 44(27) [0m
[37m[16:08:44 F125 TEST] INFO:     BAT: PADIKKAL 10(5) [0m
[37m[16:08:44 F125 TEST] INFO:     BOWL: NATARAJAN 0-11 (0.3)[0m
[37m[16:08:44 F125 TEST] INFO:   [DIRECT] Batter updates: ['SALT: ext=44(27) → tracker=44(27) [was 44(27)]', 'PADIKKAL: ext=10(5) → tracker=10(5) [was 10(5)]'][0m
[37m[16:08:44 F125 TEST] INFO:   [DIRECT] score→76[0m
[37m[16:08:44 F125 TEST] INFO:   [DIRECT] overs→7.3[0m
[37m[16:08:44 F125 TEST] INFO:   [DIRECT] wickets→1[0m
[37m[16:08:45 F125 SCORER] INFO: Scored in 0.8s (llama-4-scout-17b-16e-instruct)[0m
[37m[16:08:45 F125 TEST] INFO:   [S] Hint: Current batters: SALT and PADIKKAL. Bowler: NATARAJAN. Read their stats from the scoreboard. ALREADY DISMISSED (do NOT dismiss again): Virat Kohli[0m
[37m[16:08:45 F125 TEST] INFO:   [FLOW] Extractor batters not in scorer: {'PADIKKAL', 'SALT'}[0m
[37m[16:08:45 F125 TEST] INFO:   [WICKET-TRACK] Wicket at F125[0m
[37m[16:08:45 F125 TEST] INFO:   [S 842ms] Changes: ['score→76', 'overs→7.3', 'wickets→1', 'bat:Philip Salt=44(27)', 'bat:Devdutt Padikkal=10(5)', 'bowl:T Natarajan'][0m
[37m[16:08:45 F125 TEST] INFO:   Total: 2055ms (V:607 E:606 S:842)[0m
[37m[16:08:45 F125 TEST] INFO:   [THIS OVER] ['4', '1', '6'] = 11 runs[0m
[37m[16:08:45 F125 TEST] INFO:   STATE: Royal Challengers Bengaluru 76-1 (7.3) inn=1 RR=10.13 | Bat: Philip Salt*(44) Devdutt Padikkal(10) | Bowl: T Natarajan 0-11[0m
[37m[16:08:45 F125 TEST] INFO:   [ACTION] The bowler, Natarajan, is standing on the field, likely preparing to bowl.[0m
[37m[16:08:45 F125 TEST] INFO: DETAIL|F125|SCOREBOARD|tag=SCOREBOARD|scout=STRIP: RCB 76-1 (7.3) | SALT 44(27) | PADIKKAL 10(5) | NATARAJAN 0-11 (0.3)|action=The bowler, Natarajan, is standing on the field, likely preparing to bowl.|ext_score=76-1(7.3)|ext_bat=SALT 44(27) | PADIKKAL 10(5)|ext_bowl=NATARAJAN 0-11 (0.3)|scorer_changes=['score→76', 'overs→7.3', 'wickets→1', 'bat:Philip Salt=44(27)', 'bat:Devdutt Padikkal=10(5)', 'bowl:T Natarajan']|yolo=0|BEFORE_score=76-1(7.3)|BEFORE_bat1=Philip Salt 44(27)|BEFORE_bat2=Devdutt Padikkal 10(5)|BEFORE_bowl=T Natarajan 0-11 (0.3)|BEFORE_this_over=['4', '1', '6']|AFTER_score=76-1(7.3)|AFTER_bat1=Philip Salt 44(27)|AFTER_bat2=Devdutt Padikkal 10(5)|AFTER_bowl=T Natarajan 0-11 (0.3)|AFTER_this_over=['4', '1', '6']|AFTER_this_over_src=4(obs),1(obs),6(obs)|AFTER_striker=Philip Salt|AFTER_non_striker=Devdutt Padikkal|AFTER_run_rate=10.13|AFTER_target=—|AFTER_innings=1|AFTER_partnership=21(12)|AFTER_fow_count=1|AFTER_field=pace_middle frozen=True fielders=['slip_2', 'deep_square_leg', 'cover_point', 'square_leg', 'deep_point', 'deep_backward_pt', 'point', 'cover', 'mid_off']|ball_event=—|ball_event_runs=—|ball_event_over=—|ball_event_extra=—|ball_event_free_hit=—|broadcast_extra=—|dismissal_mode=—|striker_this_ball=Philip Salt|delivery_length=—|delivery_line=—|delivery_angle=—|delivery_shot=—|delivery_direction=—|delivery_elevation=—|delivery_bounce=—|delivery_dets=0|delivery_method=—|delivery_snap_dets=—|delivery_3layer_dets=—|delivery_det_rate=—|delivery_dir_zone=—|delivery_dir_conf=0|delivery_pitch_pos=—|delivery_shot_action=—|delivery_swing=—|delivery_speed_vlm=—|delivery_vlm_conf=—|delivery_vlm_ms=—|speed_kph=—|venue=—|batting_team=Royal Challengers Bengaluru|match_info=IPL 2026|completed_over=—|completed_over_runs=—|drs_state=NONE|corrections=none|lat_vision=607|lat_extract=606|lat_scorer=842|lat_field=49|lat_comm=0|lat_code=0|lat_total=2056|comm_bowler=T Natarajan|comm_wire=—|comm_storyteller=—|comm_analyst=—|comm_colour=—|comm_wire_ms=0|comm_story_ms=0|comm_analyst_ms=0|comm_colour_ms=0[0m
[37m[16:08:46 F126 VISION] INFO: [SCOUT] SCOREBOARD 470ms strip=True overlay=False drs=False digits=True 218 chars[0m
[37m[16:08:46 F126 TEST] INFO: 
=======================================================[0m
[37m[16:08:46 F126 TEST] INFO: [F126] SCOREBOARD — #85[0m
[37m[16:08:46 F126 TEST] INFO:   [V 473ms] STRIP: RCB 76-1 (7.4) | SALT 44(27) | PADIKKAL 10(6) | 

INFO_PANEL: 
SPEED: 133.3 kph
EXTRA: 
THIS OVER: 
FULL SCORECARD: 

The batter is clapping.[0m
[37m[16:08:47 F126 EXTRACT] INFO: Extracted in 0.6s (llama-4-scout-17b-16e-instruct)[0m
[37m[16:08:47 F126 TEST] INFO:   [E 556ms] visible_team=Royal Challengers Bengaluru score=76-1 (7.4) target=None rr=None[0m
[37m[16:08:47 F126 TEST] INFO:     BAT: SALT 44(27) [0m
[37m[16:08:47 F126 TEST] INFO:     BAT: PADIKKAL 10(6) [0m
[37m[16:08:47 F126 TRACK] INFO: bat:Devdutt Padikkal:balls: 5 → 6 (fast-confirm, natural increment F126)[0m
[37m[16:08:47 F126 BOARD] INFO: Devdutt Padikkal: 10(5) -> 10(6) [F126][0m
[37m[16:08:47 F126 TEST] INFO:   [DIRECT] Batter updates: ['SALT: ext=44(27) → tracker=44(27) [was 44(27)]', 'PADIKKAL: ext=10(6) → tracker=10(6) [was 10(5)]'][0m
[37m[16:08:47 F126 TEST] INFO:   [STRIKER] Balls-faced: Devdutt Padikkal (was Philip Salt)[0m
[37m[16:08:47 F126 TEST] INFO:   [DIRECT] score→76[0m
[37m[16:08:47 F126 TRACK] INFO: overs: 7.3 → 7.4 (post-event immediate, grace=1)[0m
[37m[16:08:47 F126 BOARD] INFO: overs: 7.3 -> 7.4 [F126][0m
[37m[16:08:47 F126 TEST] INFO:   [DIRECT] overs→7.4[0mopening handshake failed
Traceback (most recent call last):
  File "/Users/anmolmohan/Projects/SportsComm/files/.venv/lib/python3.12/site-packages/websockets/asyncio/server.py", line 356, in conn_handler
    await connection.handshake(
  File "/Users/anmolmohan/Projects/SportsComm/files/.venv/lib/python3.12/site-packages/websockets/asyncio/server.py", line 142, in handshake
    async with self.send_context(expected_state=CONNECTING):
               ^^^^^^^^^^^^^^^^^^^^^^^^^^^^^^^^^^^^^^^^^^^^
  File "/opt/homebrew/Cellar/python@3.12/3.12.13/Frameworks/Python.framework/Versions/3.12/lib/python3.12/contextlib.py", line 210, in __aenter__
    return await anext(self.gen)
           ^^^^^^^^^^^^^^^^^^^^^
  File "/Users/anmolmohan/Projects/SportsComm/files/.venv/lib/python3.12/site-packages/websockets/asyncio/connection.py", line 965, in send_context
    raise self.protocol.close_exc from original_exc
websockets.exceptions.ConnectionClosedError: no close frame received or sent

[37m[16:08:47 F126 TEST] INFO:   [DIRECT] wickets→1[0m
[37m[16:08:48 F126 SCORER] INFO: Scored in 0.8s (llama-4-scout-17b-16e-instruct)[0m
[37m[16:08:48 F126 TEST] INFO:   [S] Hint: Current batters: SALT and PADIKKAL. Bowler: T Natarajan. Read their stats from the scoreboard. ALREADY DISMISSED (do NOT dismiss again): Virat Kohli[0m
[37m[16:08:48 F126 TEST] INFO:   [FLOW] Extractor batters not in scorer: {'PADIKKAL', 'SALT'}[0m
[37m[16:08:48 F126 TEST] INFO:   [S 818ms] Changes: ['score→76', 'overs→7.4', 'bat:Philip Salt=44(27)', 'bat:Devdutt Padikkal=10(6)', 'bowl:T Natarajan'][0m
[37m[16:08:48 F126 TEST] INFO:   Total: 1847ms (V:473 E:556 S:818)[0m
[37m[16:08:48 F126 TEST] INFO:   [THIS OVER] ['4', '1', '6'] = 11 runs[0m
[37m[16:08:48 F126 COMMENTARY] INFO: [BALL ✓] DOT | 7.4 +0 runs (Δballs=1)[0m
[37m[16:08:48 F126 TEST] INFO:   [THIS-OVER] Ball DOT appended to over 7[0m
[37m[16:09:07 F126 TEST] INFO:   [DELIVERY] good length, outside off, defended straight down the ground, along the ground (18947ms, 0 dets, method=vlm)[0m
[37m[16:09:07 F126 BOARD] INFO: run_rate: 10.13 -> 9.91 [F126][0m
[37m[16:09:07 F126 TEST] INFO:   STATE: Royal Challengers Bengaluru 76-1 (7.4) inn=1 RR=9.91 | Bat: Philip Salt(44) Devdutt Padikkal*(10) | Bowl: T Natarajan 0-11[0m
[37m[16:09:07 F126 SCORE_MGR] INFO: [SM] DOT  76/1 (7.4)  striker=PADIKKAL[0m
[37m[16:09:07 F126 TEST] INFO:   [SHADOW] SM=DOT BED=DOT MATCH[0m
[37m[16:09:07 F126 TEST] INFO:   [COMM 459ms] wire(0ms), storyteller(458ms)[0m
[37m[16:09:07 F126 TEST] INFO:   [BALL EVENT ✓] DOT | 7.4 | +0 runs (Δballs=0)[0m
[37m[16:09:07 F126 TEST] INFO: DETAIL|F126|SCOREBOARD|tag=SCOREBOARD|scout=STRIP: RCB 76-1 (7.4) | SALT 44(27) | PADIKKAL 10(6) |   INFO_PANEL:  SPEED: 133.3 kph EXTRA:  THIS OVER:  FULL SCORECAR|action=—|ext_score=76-1(7.4)|ext_bat=SALT 44(27) | PADIKKAL 10(6)|ext_bowl=|scorer_changes=['score→76', 'overs→7.4', 'bat:Philip Salt=44(27)', 'bat:Devdutt Padikkal=10(6)', 'bowl:T Natarajan']|yolo=0|BEFORE_score=76-1(7.3)|BEFORE_bat1=Philip Salt 44(27)|BEFORE_bat2=Devdutt Padikkal 10(5)|BEFORE_bowl=T Natarajan 0-11 (0.3)|BEFORE_this_over=['4', '1', '6']|AFTER_score=76-1(7.4)|AFTER_bat1=Philip Salt 44(27)|AFTER_bat2=Devdutt Padikkal 10(6)|AFTER_bowl=T Natarajan 0-11 (0.3)|AFTER_this_over=['4', '1', '6', '.']|AFTER_this_over_src=4(obs),1(obs),6(obs),.(obs)|AFTER_striker=Devdutt Padikkal|AFTER_non_striker=Philip Salt|AFTER_run_rate=9.91|AFTER_target=—|AFTER_innings=1|AFTER_partnership=21(13)|AFTER_fow_count=1|AFTER_field=pace_middle frozen=True fielders=['slip_2', 'deep_square_leg', 'cover_point', 'square_leg', 'deep_point', 'deep_backward_pt', 'point', 'cover', 'mid_off']|ball_event=DOT|ball_event_runs=0|ball_event_over=7.4|ball_event_extra=—|ball_event_free_hit=—|broadcast_extra=—|dismissal_mode=—|striker_this_ball=Devdutt Padikkal|delivery_length=good_length|delivery_line=outside_off|delivery_angle=over|delivery_shot=along_ground|delivery_direction=straight|delivery_elevation=along_ground|delivery_bounce=normal|delivery_dets=0|delivery_method=vlm|delivery_snap_dets=—|delivery_3layer_dets=—|delivery_det_rate=0.00|delivery_dir_zone=straight|delivery_dir_conf=high|delivery_pitch_pos=on_a_good_length|delivery_shot_action=defend|delivery_swing=not_visible|delivery_speed_vlm=133.3|delivery_vlm_conf=high|delivery_vlm_ms=872|speed_kph=133.3|venue=—|batting_team=Royal Challengers Bengaluru|match_info=IPL 2026|completed_over=—|completed_over_runs=—|drs_state=NONE|corrections=none|lat_vision=473|lat_extract=556|lat_scorer=818|lat_field=50|lat_comm=459|lat_code=18900|lat_total=21255|comm_bowler=T Natarajan|comm_wire=7.4: T Natarajan to PADIKKAL — no run, good length (133.3 kph). 76/1|comm_storyteller=The batter watches a fiery delivery clocking 133.3 kph and lets it go, a dot ball to end a productive over. The bowler's celebrations are short-lived as RCB sense an opportunity to keep the scoreboard|comm_analyst=—|comm_colour=—|comm_wire_ms=0|comm_story_ms=458|comm_analyst_ms=0|comm_colour_ms=0[0m
[37m[16:09:09 F127 VISION] INFO: [SCOUT] SCOREBOARD 927ms strip=True overlay=False drs=False digits=True 405 chars[0m
[37m[16:09:09 F127 TEST] INFO: 
=======================================================[0m
[37m[16:09:09 F127 TEST] INFO: [F127] SCOREBOARD — #86[0m
[37m[16:09:09 F127 TEST] INFO:   [V 931ms] STRIP: RCB  [SCORE]-[WICKETS] ([OVERS]) | SALT [RUNS]([BALLS]) | PADIKKAL [RUNS]([BALLS]) | T Natarajan [W]-[R] ([OVERS])

Assuming a sample score: 
STRIP: RCB 35-0 (3.2) | SALT 22(7) | PADIKKAL 13(9) | T Natarajan 0-12 (2)

No overlays are visible i[0m
[37m[16:09:10 F127 EXTRACT] INFO: Extracted in 0.7s (llama-4-scout-17b-16e-instruct)[0m
[37m[16:09:10 F127 TEST] INFO:   [GUARD] Philip Salt diff 44→22 — comparison strip for batting team[0m
[37m[16:09:10 F127 TEST] INFO:   [E 738ms] visible_team=Royal Challengers Bengaluru score=None-0 (None) target=None rr=None[0m
[37m[16:09:10 F127 TEST] INFO:   [POISONED] Extracted score 35 vs tracker 76 (delta=-41) — blocking ALL updates this frame[0m
[37m[16:09:11 F127 SCORER] INFO: Scored in 0.9s (llama-4-scout-17b-16e-instruct)[0m
[37m[16:09:11 F127 TEST] INFO:   [S] Hint: Current batters: SALT and PADIKKAL. Bowler: T Natarajan ALREADY DISMISSED (do NOT dismiss again): Virat Kohli[0m
[37m[16:09:11 F127 TEST] INFO:   [CONSENSUS] Poisoned score 35 frame 1/2, waiting[0m
[37m[16:09:11 F127 TEST] INFO:   [S 851ms] Changes: ['FRAME_POISONED:35'][0m
[37m[16:09:11 F127 TEST] INFO:   Total: 2520ms (V:931 E:738 S:851)[0m
[37m[16:09:11 F127 TEST] INFO:   [THIS OVER] ['4', '1', '6', '.'] = 11 runs[0m
[37m[16:09:11 F127 TEST] INFO:   STATE: Royal Challengers Bengaluru 76-1 (7.4) inn=1 RR=9.91 | Bat: Philip Salt(44) Devdutt Padikkal*(10) | Bowl: T Natarajan 0-11[0m
[37m[16:09:11 F127 TEST] INFO:   [ACTION] A batsman is preparing to play a shot or taking a run.[0m
[37m[16:09:11 F127 TEST] INFO: DETAIL|F127|SCOREBOARD|tag=SCOREBOARD|scout=STRIP: RCB  [SCORE]-[WICKETS] ([OVERS]) | SALT [RUNS]([BALLS]) | PADIKKAL [RUNS]([BALLS]) | T Natarajan [W]-[R] ([OVERS]|action=A batsman is preparing to play a shot or taking a run.|ext_score=None-0(None)|ext_bat=|ext_bowl=|scorer_changes=['FRAME_POISONED:35']|yolo=0|BEFORE_score=76-1(7.4)|BEFORE_bat1=Philip Salt 44(27)|BEFORE_bat2=Devdutt Padikkal 10(6)|BEFORE_bowl=T Natarajan 0-11 (0.3)|BEFORE_this_over=['4', '1', '6', '.']|AFTER_score=76-1(7.4)|AFTER_bat1=Philip Salt 44(27)|AFTER_bat2=Devdutt Padikkal 10(6)|AFTER_bowl=T Natarajan 0-11 (0.3)|AFTER_this_over=['4', '1', '6', '.']|AFTER_this_over_src=4(obs),1(obs),6(obs),.(obs)|AFTER_striker=Devdutt Padikkal|AFTER_non_striker=Philip Salt|AFTER_run_rate=9.91|AFTER_target=—|AFTER_innings=1|AFTER_partnership=21(13)|AFTER_fow_count=1|AFTER_field=pace_middle frozen=True fielders=['slip_2', 'deep_square_leg', 'cover_point', 'square_leg', 'deep_point', 'deep_backward_pt', 'point', 'cover', 'mid_off']|ball_event=—|ball_event_runs=—|ball_event_over=—|ball_event_extra=—|ball_event_free_hit=—|broadcast_extra=—|dismissal_mode=—|striker_this_ball=Devdutt Padikkal|delivery_length=—|delivery_line=—|delivery_angle=—|delivery_shot=—|delivery_direction=—|delivery_elevation=—|delivery_bounce=—|delivery_dets=0|delivery_method=—|delivery_snap_dets=—|delivery_3layer_dets=—|delivery_det_rate=—|delivery_dir_zone=—|delivery_dir_conf=0|delivery_pitch_pos=—|delivery_shot_action=—|delivery_swing=—|delivery_speed_vlm=—|delivery_vlm_conf=—|delivery_vlm_ms=—|speed_kph=—|venue=—|batting_team=Royal Challengers Bengaluru|match_info=IPL 2026|completed_over=—|completed_over_runs=—|drs_state=NONE|corrections=none|lat_vision=931|lat_extract=738|lat_scorer=851|lat_field=42|lat_comm=0|lat_code=0|lat_total=2521|comm_bowler=T Natarajan|comm_wire=—|comm_storyteller=—|comm_analyst=—|comm_colour=—|comm_wire_ms=0|comm_story_ms=0|comm_analyst_ms=0|comm_colour_ms=0[0m
[37m[16:09:12 F128 VISION] INFO: [SCOUT] GRAPHIC 577ms strip=True overlay=True drs=False digits=True 251 chars[0m
[37m[16:09:12 F128 TEST] INFO: 
=======================================================[0m
[37m[16:09:12 F128 TEST] INFO: [F128] GRAPHIC — #87[0m
[37m[16:09:12 F128 TEST] INFO:   [V 580ms] STRIP: RCB 76-1 (7.4) | SALT 44(27) | PADIKKAL 10(6) | NATARAJAN 0-11 (0.4)

INFO_PANEL: PADIKKAL : SR THIS IPL v PACE 196 v SPIN 157[0m
[37m[16:09:13 F128 EXTRACT] INFO: Extracted in 0.7s (llama-4-scout-17b-16e-instruct)[0m
[37m[16:09:13 F128 TEST] INFO:   [GUARD] GRAPHIC frame — player stats stripped, score matches tracker[0m
[37m[16:09:13 F128 TEST] INFO:   [E 739ms] visible_team=Royal Challengers Bengaluru score=76-1 (7.4) target=None rr=None[0m
[37m[16:09:13 F128 TEST] INFO:   [DIRECT] score→76[0m
[37m[16:09:13 F128 TEST] INFO:   [DIRECT] overs→7.4[0m
[37m[16:09:13 F128 TEST] INFO:   [DIRECT] wickets→1[0m
[37m[16:09:14 F128 SCORER] INFO: Scored in 0.8s (llama-4-scout-17b-16e-instruct)[0m
[37m[16:09:14 F128 TEST] INFO:   [S] Hint: Current batters: SALT and PADIKKAL. Bowler: NATARAJAN. Read their stats from the scoreboard. ALREADY DISMISSED (do NOT dismiss again): Virat Kohli[0m
[37m[16:09:14 F128 TEST] INFO:   [S 832ms] Changes: ['score→76', 'overs→7.4', 'bat:Philip Salt=44(27)', 'bat:Devdutt Padikkal=10(6)', 'bowl:T Natarajan'][0m
[37m[16:09:14 F128 TEST] INFO:   Total: 2151ms (V:580 E:739 S:832)[0m
[37m[16:09:14 F128 TEST] INFO:   [THIS OVER] ['4', '1', '6', '.'] = 11 runs[0m
[37m[16:09:14 F128 TEST] INFO:   STATE: Royal Challengers Bengaluru 76-1 (7.4) inn=1 RR=9.91 | Bat: Philip Salt(44) Devdutt Padikkal*(10) | Bowl: T Natarajan 0-11[0m
[37m[16:09:14 F128 TEST] INFO:   [ACTION] The batsman Padikkal is playing a shot.[0m
[37m[16:09:14 F128 FIELD] INFO: [F128] IC-gully moved to IC-point[0m
[37m[16:09:14 F128 FIELD] INFO: [F128] OC-deep_gully moved to OC-deep_cover[0m
[37m[16:09:14 F128 FIELD] INFO: [F128] IC-short_leg_area brought in — attacking[0m
[37m[16:09:14 F128 TEST] INFO: DETAIL|F128|GRAPHIC|tag=GRAPHIC|scout=STRIP: RCB 76-1 (7.4) | SALT 44(27) | PADIKKAL 10(6) | NATARAJAN 0-11 (0.4)  INFO_PANEL: PADIKKAL : SR THIS IPL v PACE 1|action=The batsman Padikkal is playing a shot.|ext_score=76-1(7.4)|ext_bat=|ext_bowl=|scorer_changes=['score→76', 'overs→7.4', 'bat:Philip Salt=44(27)', 'bat:Devdutt Padikkal=10(6)', 'bowl:T Natarajan']|yolo=3|BEFORE_score=76-1(7.4)|BEFORE_bat1=Philip Salt 44(27)|BEFORE_bat2=Devdutt Padikkal 10(6)|BEFORE_bowl=T Natarajan 0-11 (0.3)|BEFORE_this_over=['4', '1', '6', '.']|AFTER_score=76-1(7.4)|AFTER_bat1=Philip Salt 44(27)|AFTER_bat2=Devdutt Padikkal 10(6)|AFTER_bowl=T Natarajan 0-11 (0.3)|AFTER_this_over=['4', '1', '6', '.']|AFTER_this_over_src=4(obs),1(obs),6(obs),.(obs)|AFTER_striker=Devdutt Padikkal|AFTER_non_striker=Philip Salt|AFTER_run_rate=9.91|AFTER_target=—|AFTER_innings=1|AFTER_partnership=21(13)|AFTER_fow_count=1|AFTER_field=pace_middle frozen=True fielders=['slip_2', 'deep_square_leg', 'cover_point', 'square_leg', 'deep_point', 'deep_backward_pt', 'point', 'cover', 'mid_off']|ball_event=—|ball_event_runs=—|ball_event_over=—|ball_event_extra=—|ball_event_free_hit=—|broadcast_extra=—|dismissal_mode=—|striker_this_ball=Devdutt Padikkal|delivery_length=—|delivery_line=—|delivery_angle=—|delivery_shot=—|delivery_direction=—|delivery_elevation=—|delivery_bounce=—|delivery_dets=0|delivery_method=—|delivery_snap_dets=—|delivery_3layer_dets=—|delivery_det_rate=—|delivery_dir_zone=—|delivery_dir_conf=0|delivery_pitch_pos=—|delivery_shot_action=—|delivery_swing=—|delivery_speed_vlm=—|delivery_vlm_conf=—|delivery_vlm_ms=—|speed_kph=—|venue=—|batting_team=Royal Challengers Bengaluru|match_info=IPL 2026|completed_over=—|completed_over_runs=—|drs_state=NONE|corrections=none|lat_vision=580|lat_extract=739|lat_scorer=832|lat_field=43|lat_comm=0|lat_code=0|lat_total=2153|comm_bowler=T Natarajan|comm_wire=—|comm_storyteller=—|comm_analyst=—|comm_colour=—|comm_wire_ms=0|comm_story_ms=0|comm_analyst_ms=0|comm_colour_ms=0[0m
[37m[16:09:19 F134 VISION] INFO: [SCOUT] SCOREBOARD 570ms strip=True overlay=False drs=False digits=True 209 chars[0m
[37m[16:09:19 F134 TEST] INFO: 
=======================================================[0m
[37m[16:09:19 F134 TEST] INFO: [F134] SCOREBOARD — #88[0m
[37m[16:09:19 F134 TEST] INFO:   [V 573ms] STRIP: RCB 76-1 (7.4) | SALT 44(27) | PADIKKAL 10(6) | NATARAJAN 0-11 (0.4)[0m
[37m[16:09:20 F134 EXTRACT] INFO: Extracted in 1.1s (llama-4-scout-17b-16e-instruct)[0m
[37m[16:09:20 F134 TEST] INFO:   [E 1071ms] visible_team=Royal Challengers Bengaluru score=76-1 (7.4) target=None rr=None[0m
[37m[16:09:20 F134 TEST] INFO:     BAT: SALT 44(27) [0m
[37m[16:09:20 F134 TEST] INFO:     BAT: PADIKKAL 10(6) [0m
[37m[16:09:20 F134 TEST] INFO:     BOWL: NATARAJAN 0-11 (0.4)[0m
[37m[16:09:20 F134 TEST] INFO:   [BOWLER] Lock auto-released after 35 frames[0m
[37m[16:09:20 F134 TRACK] INFO: bowl:T Natarajan:overs: 0.3 → 0.4 (post-event immediate, grace=1)[0m
[37m[16:09:20 F134 BOARD] INFO: T Natarajan: 0/11 (0.3) -> 0/11 (0.4) [F134][0m
[37m[16:09:20 F134 TEST] INFO:   [DIRECT] Batter updates: ['SALT: ext=44(27) → tracker=44(27) [was 44(27)]', 'PADIKKAL: ext=10(6) → tracker=10(6) [was 10(6)]'][0m
[37m[16:09:20 F134 TEST] INFO:   [DIRECT] score→76[0m
[37m[16:09:20 F134 TEST] INFO:   [DIRECT] overs→7.4[0m
[37m[16:09:20 F134 TEST] INFO:   [DIRECT] wickets→1[0m
[37m[16:09:21 F134 SCORER] INFO: Scored in 0.9s (llama-4-scout-17b-16e-instruct)[0m
[37m[16:09:21 F134 TEST] INFO:   [S] Hint: Current batters: SALT and PADIKKAL. Bowler: NATARAJAN. Read their stats from the scoreboard. ALREADY DISMISSED (do NOT dismiss again): Virat Kohli[0m
[37m[16:09:21 F134 TEST] INFO:   [FLOW] Extractor batters not in scorer: {'PADIKKAL', 'SALT'}[0m
[37m[16:09:21 F134 TEST] INFO:   [STRIKER-DEDUP] Devdutt Padikkal == non_striker → non_striker=Philip Salt[0m
[37m[16:09:21 F134 TEST] INFO:   [WICKET-TRACK] Wicket at F134[0m
[37m[16:09:21 F134 TEST] INFO:   [S 909ms] Changes: ['score→76', 'overs→7.4', 'wickets→1', 'bat:Philip Salt=44(27)', 'bat:Devdutt Padikkal=10(6)', 'bowl:T Natarajan'][0m
[37m[16:09:21 F134 TEST] INFO:   Total: 2553ms (V:573 E:1071 S:909)[0m
[37m[16:09:21 F134 TEST] INFO:   [THIS OVER] ['4', '1', '6', '.'] = 11 runs[0m
[37m[16:09:21 F134 TEST] INFO:   STATE: Royal Challengers Bengaluru 76-1 (7.4) inn=1 RR=9.91 | Bat: Philip Salt(44) Devdutt Padikkal*(10) | Bowl: T Natarajan 0-11[0m
[37m[16:09:21 F134 TEST] INFO:   [ACTION] A player in an orange uniform is running on the field.[0m
[37m[16:09:21 F134 TEST] INFO: DETAIL|F134|SCOREBOARD|tag=SCOREBOARD|scout=STRIP: RCB 76-1 (7.4) | SALT 44(27) | PADIKKAL 10(6) | NATARAJAN 0-11 (0.4)|action=A player in an orange uniform is running on the field.|ext_score=76-1(7.4)|ext_bat=SALT 44(27) | PADIKKAL 10(6)|ext_bowl=NATARAJAN 0-11 (0.4)|scorer_changes=['score→76', 'overs→7.4', 'wickets→1', 'bat:Philip Salt=44(27)', 'bat:Devdutt Padikkal=10(6)', 'bowl:T Natarajan']|yolo=0|BEFORE_score=76-1(7.4)|BEFORE_bat1=Philip Salt 44(27)|BEFORE_bat2=Devdutt Padikkal 10(6)|BEFORE_bowl=T Natarajan 0-11 (0.3)|BEFORE_this_over=['4', '1', '6', '.']|AFTER_score=76-1(7.4)|AFTER_bat1=Philip Salt 44(27)|AFTER_bat2=Devdutt Padikkal 10(6)|AFTER_bowl=T Natarajan 0-11 (0.4)|AFTER_this_over=['4', '1', '6', '.']|AFTER_this_over_src=4(obs),1(obs),6(obs),.(obs)|AFTER_striker=Devdutt Padikkal|AFTER_non_striker=Philip Salt|AFTER_run_rate=9.91|AFTER_target=—|AFTER_innings=1|AFTER_partnership=21(13)|AFTER_fow_count=1|AFTER_field=pace_middle frozen=True fielders=['slip_2', 'deep_square_leg', 'cover_point', 'square_leg', 'deep_point', 'deep_backward_pt', 'point', 'cover', 'mid_off']|ball_event=—|ball_event_runs=—|ball_event_over=—|ball_event_extra=—|ball_event_free_hit=—|broadcast_extra=—|dismissal_mode=—|striker_this_ball=Devdutt Padikkal|delivery_length=—|delivery_line=—|delivery_angle=—|delivery_shot=—|delivery_direction=—|delivery_elevation=—|delivery_bounce=—|delivery_dets=0|delivery_method=—|delivery_snap_dets=—|delivery_3layer_dets=—|delivery_det_rate=—|delivery_dir_zone=—|delivery_dir_conf=0|delivery_pitch_pos=—|delivery_shot_action=—|delivery_swing=—|delivery_speed_vlm=—|delivery_vlm_conf=—|delivery_vlm_ms=—|speed_kph=—|venue=—|batting_team=Royal Challengers Bengaluru|match_info=IPL 2026|completed_over=—|completed_over_runs=—|drs_state=NONE|corrections=none|lat_vision=573|lat_extract=1071|lat_scorer=909|lat_field=43|lat_comm=0|lat_code=0|lat_total=2554|comm_bowler=T Natarajan|comm_wire=—|comm_storyteller=—|comm_analyst=—|comm_colour=—|comm_wire_ms=0|comm_story_ms=0|comm_analyst_ms=0|comm_colour_ms=0[0m
[37m[16:09:22 F135 VISION] INFO: [SCOUT] SCOREBOARD 540ms strip=True overlay=False drs=False digits=True 182 chars[0m
[37m[16:09:22 F135 TEST] INFO: 
=======================================================[0m
[37m[16:09:22 F135 TEST] INFO: [F135] SCOREBOARD — #89[0m
[37m[16:09:22 F135 TEST] INFO:   [V 543ms] STRIP: RCB 76-1 (7.4) | SALT 44(27) | PADIKKAL 10(6) | NATARAJAN 0-11 (0.4)[0m
[37m[16:09:23 F135 EXTRACT] INFO: Extracted in 0.8s (llama-4-scout-17b-16e-instruct)[0m
[37m[16:09:23 F135 TEST] INFO:   [E 783ms] visible_team=Royal Challengers Bengaluru score=76-1 (7.4) target=None rr=None[0m
[37m[16:09:23 F135 TEST] INFO:     BAT: SALT 44(27) [0m
[37m[16:09:23 F135 TEST] INFO:     BAT: PADIKKAL 10(6) [0m
[37m[16:09:23 F135 TEST] INFO:     BOWL: NATARAJAN 0-11 (0.4)[0m
[37m[16:09:23 F135 TEST] INFO:   [DIRECT] Batter updates: ['SALT: ext=44(27) → tracker=44(27) [was 44(27)]', 'PADIKKAL: ext=10(6) → tracker=10(6) [was 10(6)]'][0m
[37m[16:09:23 F135 TEST] INFO:   [DIRECT] score→76[0m
[37m[16:09:23 F135 TEST] INFO:   [DIRECT] overs→7.4[0m
[37m[16:09:23 F135 TEST] INFO:   [DIRECT] wickets→1[0m
[37m[16:09:24 F135 SCORER] INFO: Scored in 0.9s (llama-4-scout-17b-16e-instruct)[0m
[37m[16:09:24 F135 TEST] INFO:   [S] Hint: Current batters: SALT and PADIKKAL. Bowler: NATARAJAN. Read their stats from the scoreboard. ALREADY DISMISSED (do NOT dismiss again): Virat Kohli[0m
[37m[16:09:24 F135 TEST] INFO:   [FLOW] Extractor batters not in scorer: {'PADIKKAL', 'SALT'}[0m
[37m[16:09:24 F135 TEST] INFO:   [S 927ms] Changes: ['score→76', 'overs→7.4', 'bat:Philip Salt=44(27)', 'bat:Devdutt Padikkal=10(6)', 'bowl:T Natarajan'][0m
[37m[16:09:24 F135 TEST] INFO:   Total: 2253ms (V:543 E:783 S:927)[0m
[37m[16:09:24 F135 TEST] INFO:   [THIS OVER] ['4', '1', '6', '.'] = 11 runs[0m
[37m[16:09:24 F135 TEST] INFO:   STATE: Royal Challengers Bengaluru 76-1 (7.4) inn=1 RR=9.91 | Bat: Philip Salt(44) Devdutt Padikkal*(10) | Bowl: T Natarajan 0-11[0m
[37m[16:09:24 F135 TEST] INFO:   [ACTION] A delivery is being bowled.[0m
[37m[16:09:24 F135 TEST] INFO: DETAIL|F135|SCOREBOARD|tag=SCOREBOARD|scout=STRIP: RCB 76-1 (7.4) | SALT 44(27) | PADIKKAL 10(6) | NATARAJAN 0-11 (0.4)|action=A delivery is being bowled.|ext_score=76-1(7.4)|ext_bat=SALT 44(27) | PADIKKAL 10(6)|ext_bowl=NATARAJAN 0-11 (0.4)|scorer_changes=['score→76', 'overs→7.4', 'bat:Philip Salt=44(27)', 'bat:Devdutt Padikkal=10(6)', 'bowl:T Natarajan']|yolo=0|BEFORE_score=76-1(7.4)|BEFORE_bat1=Philip Salt 44(27)|BEFORE_bat2=Devdutt Padikkal 10(6)|BEFORE_bowl=T Natarajan 0-11 (0.4)|BEFORE_this_over=['4', '1', '6', '.']|AFTER_score=76-1(7.4)|AFTER_bat1=Philip Salt 44(27)|AFTER_bat2=Devdutt Padikkal 10(6)|AFTER_bowl=T Natarajan 0-11 (0.4)|AFTER_this_over=['4', '1', '6', '.']|AFTER_this_over_src=4(obs),1(obs),6(obs),.(obs)|AFTER_striker=Devdutt Padikkal|AFTER_non_striker=Philip Salt|AFTER_run_rate=9.91|AFTER_target=—|AFTER_innings=1|AFTER_partnership=21(13)|AFTER_fow_count=1|AFTER_field=pace_middle frozen=True fielders=['slip_2', 'deep_square_leg', 'cover_point', 'square_leg', 'deep_point', 'deep_backward_pt', 'point', 'cover', 'mid_off']|ball_event=—|ball_event_runs=—|ball_event_over=—|ball_event_extra=—|ball_event_free_hit=—|broadcast_extra=—|dismissal_mode=—|striker_this_ball=Devdutt Padikkal|delivery_length=—|delivery_line=—|delivery_angle=—|delivery_shot=—|delivery_direction=—|delivery_elevation=—|delivery_bounce=—|delivery_dets=0|delivery_method=—|delivery_snap_dets=—|delivery_3layer_dets=—|delivery_det_rate=—|delivery_dir_zone=—|delivery_dir_conf=0|delivery_pitch_pos=—|delivery_shot_action=—|delivery_swing=—|delivery_speed_vlm=—|delivery_vlm_conf=—|delivery_vlm_ms=—|speed_kph=—|venue=—|batting_team=Royal Challengers Bengaluru|match_info=IPL 2026|completed_over=—|completed_over_runs=—|drs_state=NONE|corrections=none|lat_vision=543|lat_extract=783|lat_scorer=927|lat_field=42|lat_comm=0|lat_code=0|lat_total=2255|comm_bowler=T Natarajan|comm_wire=—|comm_storyteller=—|comm_analyst=—|comm_colour=—|comm_wire_ms=0|comm_story_ms=0|comm_analyst_ms=0|comm_colour_ms=0[0m
[37m[16:09:25 F136 VISION] INFO: [SCOUT] SCOREBOARD 458ms strip=True overlay=False drs=False digits=True 144 chars[0m
[37m[16:09:25 F136 TEST] INFO: 
=======================================================[0m
[37m[16:09:25 F136 TEST] INFO: [F136] SCOREBOARD — #90[0m
[37m[16:09:25 F136 TEST] INFO:   [V 461ms] STRIP: RCB 76-1 (7.4) | SALT 44(27) | PADIKKAL 10(6) | NATARAJAN 0-11 (0.4)[0m
[37m[16:09:26 F136 EXTRACT] INFO: Extracted in 0.6s (llama-4-scout-17b-16e-instruct)[0m
[37m[16:09:26 F136 TEST] INFO:   [E 603ms] visible_team=Royal Challengers Bengaluru score=76-1 (7.4) target=None rr=None[0m
[37m[16:09:26 F136 TEST] INFO:     BAT: SALT 44(27) [0m
[37m[16:09:26 F136 TEST] INFO:     BAT: PADIKKAL 10(6) [0m
[37m[16:09:26 F136 TEST] INFO:     BOWL: NATARAJAN 0-11 (0.4)[0m
[37m[16:09:26 F136 TEST] INFO:   [DIRECT] Batter updates: ['SALT: ext=44(27) → tracker=44(27) [was 44(27)]', 'PADIKKAL: ext=10(6) → tracker=10(6) [was 10(6)]'][0m
[37m[16:09:26 F136 TEST] INFO:   [DIRECT] score→76[0m
[37m[16:09:26 F136 TEST] INFO:   [DIRECT] overs→7.4[0m
[37m[16:09:26 F136 TEST] INFO:   [DIRECT] wickets→1[0m
[37m[16:09:27 F136 SCORER] INFO: Scored in 0.9s (llama-4-scout-17b-16e-instruct)[0m
[37m[16:09:27 F136 TEST] INFO:   [S] Hint: Current batters: SALT and PADIKKAL. Bowler: NATARAJAN. Read their stats from the scoreboard. ALREADY DISMISSED (do NOT dismiss again): Virat Kohli[0m
[37m[16:09:27 F136 TEST] INFO:   [FLOW] Extractor batters not in scorer: {'PADIKKAL', 'SALT'}[0m
[37m[16:09:27 F136 TEST] INFO:   [S 851ms] Changes: ['score→76', 'overs→7.4', 'bat:Philip Salt=44(27)', 'bat:Devdutt Padikkal=10(6)', 'bowl:T Natarajan'][0m
[37m[16:09:27 F136 TEST] INFO:   Total: 1916ms (V:461 E:603 S:851)[0m
[37m[16:09:27 F136 TEST] INFO:   [THIS OVER] ['4', '1', '6', '.'] = 11 runs[0m
[37m[16:09:27 F136 TEST] INFO:   STATE: Royal Challengers Bengaluru 76-1 (7.4) inn=1 RR=9.91 | Bat: Philip Salt(44) Devdutt Padikkal*(10) | Bowl: T Natarajan 0-11[0m
[37m[16:09:27 F136 FIELD] INFO: [F136] slip added — expecting edge[0m
[37m[16:09:27 F136 FIELD] INFO: [F136] IC-short_leg_area pushed back — defensive[0m
[37m[16:09:27 F136 FIELD] INFO: [F136] OC-deep_cover moved to OC-deep_cover_point[0m
[37m[16:09:27 F136 TEST] INFO: DETAIL|F136|SCOREBOARD|tag=SCOREBOARD|scout=STRIP: RCB 76-1 (7.4) | SALT 44(27) | PADIKKAL 10(6) | NATARAJAN 0-11 (0.4)|action=—|ext_score=76-1(7.4)|ext_bat=SALT 44(27) | PADIKKAL 10(6)|ext_bowl=NATARAJAN 0-11 (0.4)|scorer_changes=['score→76', 'overs→7.4', 'bat:Philip Salt=44(27)', 'bat:Devdutt Padikkal=10(6)', 'bowl:T Natarajan']|yolo=3|BEFORE_score=76-1(7.4)|BEFORE_bat1=Philip Salt 44(27)|BEFORE_bat2=Devdutt Padikkal 10(6)|BEFORE_bowl=T Natarajan 0-11 (0.4)|BEFORE_this_over=['4', '1', '6', '.']|AFTER_score=76-1(7.4)|AFTER_bat1=Philip Salt 44(27)|AFTER_bat2=Devdutt Padikkal 10(6)|AFTER_bowl=T Natarajan 0-11 (0.4)|AFTER_this_over=['4', '1', '6', '.']|AFTER_this_over_src=4(obs),1(obs),6(obs),.(obs)|AFTER_striker=Devdutt Padikkal|AFTER_non_striker=Philip Salt|AFTER_run_rate=9.91|AFTER_target=—|AFTER_innings=1|AFTER_partnership=21(13)|AFTER_fow_count=1|AFTER_field=pace_middle frozen=True fielders=['slip_2', 'deep_square_leg', 'cover_point', 'square_leg', 'deep_point', 'deep_backward_pt', 'point', 'cover', 'mid_off']|ball_event=—|ball_event_runs=—|ball_event_over=—|ball_event_extra=—|ball_event_free_hit=—|broadcast_extra=—|dismissal_mode=—|striker_this_ball=Devdutt Padikkal|delivery_length=—|delivery_line=—|delivery_angle=—|delivery_shot=—|delivery_direction=—|delivery_elevation=—|delivery_bounce=—|delivery_dets=0|delivery_method=—|delivery_snap_dets=—|delivery_3layer_dets=—|delivery_det_rate=—|delivery_dir_zone=—|delivery_dir_conf=0|delivery_pitch_pos=—|delivery_shot_action=—|delivery_swing=—|delivery_speed_vlm=—|delivery_vlm_conf=—|delivery_vlm_ms=—|speed_kph=—|venue=—|batting_team=Royal Challengers Bengaluru|match_info=IPL 2026|completed_over=—|completed_over_runs=—|drs_state=NONE|corrections=none|lat_vision=461|lat_extract=603|lat_scorer=851|lat_field=44|lat_comm=0|lat_code=0|lat_total=1918|comm_bowler=T Natarajan|comm_wire=—|comm_storyteller=—|comm_analyst=—|comm_colour=—|comm_wire_ms=0|comm_story_ms=0|comm_analyst_ms=0|comm_colour_ms=0[0m
[37m[16:09:28 F137 VISION] INFO: [SCOUT] SCOREBOARD 454ms strip=True overlay=False drs=False digits=True 186 chars[0m
[37m[16:09:28 F137 TEST] INFO: 
=======================================================[0m
[37m[16:09:28 F137 TEST] INFO: [F137] SCOREBOARD — #91[0m
[37m[16:09:28 F137 TEST] INFO:   [V 456ms] STRIP: RCB 77-1 (7.4) | SALT 44(27) | PADIKKAL 10(6) | NATARAJAN 0-12 (4)[0m
[37m[16:09:29 F137 EXTRACT] INFO: Extracted in 0.6s (llama-4-scout-17b-16e-instruct)[0m
[37m[16:09:29 F137 TEST] INFO:   [E 638ms] visible_team=Royal Challengers Bengaluru score=77-1 (7.4) target=None rr=None[0m
[37m[16:09:29 F137 TEST] INFO:     BAT: SALT 44(27) [0m
[37m[16:09:29 F137 TEST] INFO:     BAT: PADIKKAL 10(6) [0m
[37m[16:09:29 F137 TEST] INFO:     BOWL: NATARAJAN 0-12 (4)[0m
[37m[16:09:29 F137 TRACK] INFO: bowl:T Natarajan:runs: 11 → 12 (post-event immediate, grace=0)[0m
[37m[16:09:29 F137 BOARD] INFO: T Natarajan: 0/11 (0.4) -> 0/12 (0.4) [F137][0m
[37m[16:09:29 F137 TEST] INFO:   [DIRECT] Batter updates: ['SALT: ext=44(27) → tracker=44(27) [was 44(27)]', 'PADIKKAL: ext=10(6) → tracker=10(6) [was 10(6)]'][0m
[37m[16:09:29 F137 TEST] INFO:   [DIRECT] overs→7.4[0m
[37m[16:09:29 F137 TEST] INFO:   [DIRECT] wickets→1[0m
[37m[16:09:30 F137 SCORER] INFO: Scored in 0.9s (llama-4-scout-17b-16e-instruct)[0m
[37m[16:09:30 F137 TEST] INFO:   [S] Hint: Current batters: SALT and PADIKKAL. Bowler: NATARAJAN. Read their stats from the scoreboard. ALREADY DISMISSED (do NOT dismiss again): Virat Kohli[0m
[37m[16:09:30 F137 TRACK] INFO: score: 76 → 77 (confirmed F137)[0m
[37m[16:09:30 F137 BOARD] INFO: score: 76 -> 77 [F137][0m
[37m[16:09:30 F137 TEST] INFO:   [FLOW] Extractor batters not in scorer: {'PADIKKAL', 'SALT'}[0m
[37m[16:09:30 F137 TRACK] INFO: [SUSPICIOUS] bowl:T Natarajan:overs: 0.4→4 count=1/3[0m
[37m[16:09:30 F137 TEST] INFO:   [STRIKER-DEDUP] Devdutt Padikkal == non_striker → non_striker=Philip Salt[0m
[37m[16:09:30 F137 TEST] INFO:   [WICKET-TRACK] Wicket at F137[0m
[37m[16:09:30 F137 TEST] INFO:   [S 851ms] Changes: ['score→77', 'overs→7.4', 'wickets→1', 'bat:Philip Salt=44(27)', 'bat:Devdutt Padikkal=10(6)', 'bowl:T Natarajan'][0m
[37m[16:09:30 F137 TEST] INFO:   Total: 1945ms (V:456 E:638 S:851)[0m
[37m[16:09:30 F137 TEST] INFO:   [THIS OVER] ['4', '1', '6', '.'] = 11 runs[0m
[37m[16:09:30 F137 COMMENTARY] INFO: [EXTRA] wide: score +1, bowler runs +1, overs unchanged[0m
[37m[16:09:30 F137 COMMENTARY] INFO: [BALL ✓] EXTRA | 7.4 +1 runs (Δballs=0)[0m
[37m[16:09:30 F137 TEST] INFO:   [THIS-OVER] Ball EXTRA appended to over 7[0m
[37m[16:09:30 F137 TEST] INFO:   [EXTRAS] Wide +1 (total=1)[0m
[37m[16:09:45 F137 TEST] INFO:   [DELIVERY SKIPPED] reason=no_bowler_end_block (14899ms, method=vlm)[0m
[37m[16:09:45 F137 BOARD] INFO: run_rate: 9.91 -> 10.04 [F137][0m
[37m[16:09:45 F137 TEST] INFO:   STATE: Royal Challengers Bengaluru 77-1 (7.4) inn=1 RR=10.04 | Bat: Philip Salt(44) Devdutt Padikkal*(10) | Bowl: T Natarajan 0-12[0m
[37m[16:09:45 F137 SCORE_MGR] INFO: [SM] Deferring score +1 (overs stuck at 7.4, total deferred=1)[0m
[37m[16:09:45 F137 TEST] INFO:   [SHADOW] SM=None BED=EXTRA MISSED[0m
[37m[16:09:45 F137 TEST] INFO:   [BALL EVENT ✓] EXTRA | 7.4 | +1 runs (Δballs=0) | The bowler, Natarajan, is bowling.[0m
[37m[16:09:45 F137 TEST] INFO: DETAIL|F137|SCOREBOARD|tag=SCOREBOARD|scout=STRIP: RCB 77-1 (7.4) | SALT 44(27) | PADIKKAL 10(6) | NATARAJAN 0-12 (4)|action=The bowler, Natarajan, is bowling.|ext_score=77-1(7.4)|ext_bat=SALT 44(27) | PADIKKAL 10(6)|ext_bowl=NATARAJAN 0-12 (4)|scorer_changes=['score→77', 'overs→7.4', 'wickets→1', 'bat:Philip Salt=44(27)', 'bat:Devdutt Padikkal=10(6)', 'bowl:T Natarajan']|yolo=0|BEFORE_score=76-1(7.4)|BEFORE_bat1=Philip Salt 44(27)|BEFORE_bat2=Devdutt Padikkal 10(6)|BEFORE_bowl=T Natarajan 0-11 (0.4)|BEFORE_this_over=['4', '1', '6', '.']|AFTER_score=77-1(7.4)|AFTER_bat1=Philip Salt 44(27)|AFTER_bat2=Devdutt Padikkal 10(6)|AFTER_bowl=T Natarajan 0-12 (0.4)|AFTER_this_over=['1', '6', '.', '1']|AFTER_this_over_src=1(obs),6(obs),.(obs),1(obs)|AFTER_striker=Devdutt Padikkal|AFTER_non_striker=Philip Salt|AFTER_run_rate=10.04|AFTER_target=—|AFTER_innings=1|AFTER_partnership=22(13)|AFTER_fow_count=1|AFTER_field=pace_middle frozen=True fielders=['slip_2', 'deep_square_leg', 'cover_point', 'square_leg', 'deep_point', 'deep_backward_pt', 'point', 'cover', 'mid_off']|ball_event=EXTRA|ball_event_runs=1|ball_event_over=7.4|ball_event_extra=wide|ball_event_free_hit=—|broadcast_extra=—|dismissal_mode=—|striker_this_ball=Devdutt Padikkal|delivery_length=unknown|delivery_line=unknown|delivery_angle=unknown|delivery_shot=along_ground|delivery_direction=unknown|delivery_elevation=along_ground|delivery_bounce=unknown|delivery_dets=0|delivery_method=vlm|delivery_snap_dets=—|delivery_3layer_dets=—|delivery_det_rate=0.00|delivery_dir_zone=—|delivery_dir_conf=none|delivery_pitch_pos=—|delivery_shot_action=—|delivery_swing=—|delivery_speed_vlm=—|delivery_vlm_conf=—|delivery_vlm_ms=—|speed_kph=—|venue=—|batting_team=Royal Challengers Bengaluru|match_info=IPL 2026|completed_over=—|completed_over_runs=—|drs_state=NONE|corrections=none|lat_vision=456|lat_extract=638|lat_scorer=851|lat_field=43|lat_comm=0|lat_code=14858|lat_total=16847|comm_bowler=T Natarajan|comm_wire=—|comm_storyteller=—|comm_analyst=—|comm_colour=—|comm_wire_ms=0|comm_story_ms=0|comm_analyst_ms=0|comm_colour_ms=0[0m
[37m[16:09:47 F138 VISION] INFO: [SCOUT] SCOREBOARD 619ms strip=True overlay=False drs=False digits=True 220 chars[0m
[37m[16:09:47 F138 TEST] INFO: 
=======================================================[0m
[37m[16:09:47 F138 TEST] INFO: [F138] SCOREBOARD — #92[0m
[37m[16:09:47 F138 TEST] INFO:   [V 622ms] STRIP: RCB 77-1 (7.4) | SALT 44(27) | PADIKKAL 10(6) | NATARAJAN 0-12 (0.4)[0m
[37m[16:09:47 F138 EXTRACT] INFO: Extracted in 0.6s (llama-4-scout-17b-16e-instruct)[0m
[37m[16:09:47 F138 TEST] INFO:   [E 641ms] visible_team=Royal Challengers Bengaluru score=77-1 (7.4) target=None rr=None[0m
[37m[16:09:47 F138 TEST] INFO:     BAT: SALT 44(27) [0m
[37m[16:09:47 F138 TEST] INFO:     BAT: PADIKKAL 10(6) [0m
[37m[16:09:47 F138 TEST] INFO:     BOWL: NATARAJAN 0-12 (0.4)[0m
[37m[16:09:47 F138 TEST] INFO:   [DIRECT] Batter updates: ['SALT: ext=44(27) → tracker=44(27) [was 44(27)]', 'PADIKKAL: ext=10(6) → tracker=10(6) [was 10(6)]'][0m
[37m[16:09:47 F138 TEST] INFO:   [DIRECT] score→77[0m
[37m[16:09:47 F138 TEST] INFO:   [DIRECT] overs→7.4[0m
[37m[16:09:47 F138 TEST] INFO:   [DIRECT] wickets→1[0m
[37m[16:09:48 F138 SCORER] INFO: Scored in 0.9s (llama-4-scout-17b-16e-instruct)[0m
[37m[16:09:48 F138 TEST] INFO:   [S] Hint: Current batters: SALT and PADIKKAL. Bowler: NATARAJAN. Read their stats from the scoreboard. ALREADY DISMISSED (do NOT dismiss again): Virat Kohli[0m
[37m[16:09:48 F138 TEST] INFO:   [FLOW] Extractor batters not in scorer: {'PADIKKAL', 'SALT'}[0m
[37m[16:09:48 F138 TEST] INFO:   [S 910ms] Changes: ['score→77', 'overs→7.4', 'bat:Philip Salt=44(27)', 'bat:Devdutt Padikkal=10(6)', 'bowl:T Natarajan'][0m
[37m[16:09:48 F138 TEST] INFO:   Total: 2173ms (V:622 E:641 S:910)[0m
[37m[16:09:48 F138 TEST] INFO:   [THIS OVER] ['1', '6', '.', '1'] = 8 runs[0m
[37m[16:09:48 F138 TEST] INFO:   STATE: Royal Challengers Bengaluru 77-1 (7.4) inn=1 RR=10.04 | Bat: Philip Salt(44) Devdutt Padikkal*(10) | Bowl: T Natarajan 0-12[0m
[37m[16:09:48 F138 SCORE_MGR] INFO: [SM] Deferring score +1 (overs stuck at 7.4, total deferred=2)[0m
[37m[16:09:48 F138 TEST] INFO:   [ACTION] The bowler NATARAJAN is bowling to the batsmen SALT and PADIKKAL.[0m
[37m[16:09:48 F138 FIELD] INFO: [F138] slip removed — less catching pressure[0m
[37m[16:09:48 F138 FIELD] INFO: [F138] OC-deep_cover_point moved to OC-deep_point[0m
[37m[16:09:48 F138 FIELD] INFO: [F138] IC-midwicket brought in — attacking[0m
[37m[16:09:48 F138 TEST] INFO: DETAIL|F138|SCOREBOARD|tag=SCOREBOARD|scout=STRIP: RCB 77-1 (7.4) | SALT 44(27) | PADIKKAL 10(6) | NATARAJAN 0-12 (0.4)|action=The bowler NATARAJAN is bowling to the batsmen SALT and PADIKKAL.|ext_score=77-1(7.4)|ext_bat=SALT 44(27) | PADIKKAL 10(6)|ext_bowl=NATARAJAN 0-12 (0.4)|scorer_changes=['score→77', 'overs→7.4', 'bat:Philip Salt=44(27)', 'bat:Devdutt Padikkal=10(6)', 'bowl:T Natarajan']|yolo=3|BEFORE_score=77-1(7.4)|BEFORE_bat1=Philip Salt 44(27)|BEFORE_bat2=Devdutt Padikkal 10(6)|BEFORE_bowl=T Natarajan 0-12 (0.4)|BEFORE_this_over=['1', '6', '.', '1']|AFTER_score=77-1(7.4)|AFTER_bat1=Philip Salt 44(27)|AFTER_bat2=Devdutt Padikkal 10(6)|AFTER_bowl=T Natarajan 0-12 (0.4)|AFTER_this_over=['1', '6', '.', '1']|AFTER_this_over_src=1(obs),6(obs),.(obs),1(obs)|AFTER_striker=Devdutt Padikkal|AFTER_non_striker=Philip Salt|AFTER_run_rate=10.04|AFTER_target=—|AFTER_innings=1|AFTER_partnership=22(13)|AFTER_fow_count=1|AFTER_field=pace_middle frozen=True fielders=['slip_2', 'deep_square_leg', 'cover_point', 'square_leg', 'deep_point', 'deep_backward_pt', 'point', 'cover', 'mid_off']|ball_event=—|ball_event_runs=—|ball_event_over=—|ball_event_extra=—|ball_event_free_hit=—|broadcast_extra=—|dismissal_mode=—|striker_this_ball=Devdutt Padikkal|delivery_length=—|delivery_line=—|delivery_angle=—|delivery_shot=—|delivery_direction=—|delivery_elevation=—|delivery_bounce=—|delivery_dets=0|delivery_method=—|delivery_snap_dets=—|delivery_3layer_dets=—|delivery_det_rate=—|delivery_dir_zone=—|delivery_dir_conf=0|delivery_pitch_pos=—|delivery_shot_action=—|delivery_swing=—|delivery_speed_vlm=—|delivery_vlm_conf=—|delivery_vlm_ms=—|speed_kph=—|venue=—|batting_team=Royal Challengers Bengaluru|match_info=IPL 2026|completed_over=—|completed_over_runs=—|drs_state=NONE|corrections=none|lat_vision=622|lat_extract=641|lat_scorer=910|lat_field=45|lat_comm=0|lat_code=0|lat_total=2175|comm_bowler=T Natarajan|comm_wire=—|comm_storyteller=—|comm_analyst=—|comm_colour=—|comm_wire_ms=0|comm_story_ms=0|comm_analyst_ms=0|comm_colour_ms=0[0m
[37m[16:09:50 F139 VISION] INFO: [SCOUT] SCOREBOARD 527ms strip=True overlay=False drs=False digits=True 223 chars[0m
[37m[16:09:50 F139 TEST] INFO: 
=======================================================[0m
[37m[16:09:50 F139 TEST] INFO: [F139] SCOREBOARD — #93[0m
[37m[16:09:50 F139 TEST] INFO:   [V 530ms] STRIP: RCB 77-1 (7.4) | SALT 44(27) | PADIKKAL 10(6) | NATARAJAN 0-12 (0.4)[0m
[37m[16:09:50 F139 EXTRACT] INFO: Extracted in 0.6s (llama-4-scout-17b-16e-instruct)[0m
[37m[16:09:50 F139 TEST] INFO:   [E 556ms] visible_team=Royal Challengers Bengaluru score=77-1 (7.4) target=None rr=None[0m
[37m[16:09:50 F139 TEST] INFO:     BAT: SALT 44(27) [0m
[37m[16:09:50 F139 TEST] INFO:     BAT: PADIKKAL 10(6) [0m
[37m[16:09:50 F139 TEST] INFO:     BOWL: NATARAJAN 0-12 (0.4)[0m
[37m[16:09:50 F139 TEST] INFO:   [DIRECT] Batter updates: ['SALT: ext=44(27) → tracker=44(27) [was 44(27)]', 'PADIKKAL: ext=10(6) → tracker=10(6) [was 10(6)]'][0m
[37m[16:09:50 F139 TEST] INFO:   [DIRECT] score→77[0m
[37m[16:09:50 F139 TEST] INFO:   [DIRECT] overs→7.4[0m
[37m[16:09:50 F139 TEST] INFO:   [DIRECT] wickets→1[0m
[37m[16:09:51 F139 SCORER] INFO: Scored in 0.9s (llama-4-scout-17b-16e-instruct)[0m
[37m[16:09:51 F139 TEST] INFO:   [S] Hint: Current batters: SALT and PADIKKAL. Bowler: NATARAJAN. Read their stats from the scoreboard. ALREADY DISMISSED (do NOT dismiss again): Virat Kohli[0m
[37m[16:09:51 F139 TEST] INFO:   [FLOW] Extractor batters not in scorer: {'PADIKKAL', 'SALT'}[0m
[37m[16:09:51 F139 TEST] INFO:   [S 910ms] Changes: ['score→77', 'overs→7.4', 'bat:Philip Salt=44(27)', 'bat:Devdutt Padikkal=10(6)', 'bowl:T Natarajan'][0m
[37m[16:09:51 F139 TEST] INFO:   Total: 1996ms (V:530 E:556 S:910)[0m
[37m[16:09:51 F139 TEST] INFO:   [THIS OVER] ['1', '6', '.', '1'] = 8 runs[0m
[37m[16:09:51 F139 TEST] INFO:   STATE: Royal Challengers Bengaluru 77-1 (7.4) inn=1 RR=10.04 | Bat: Philip Salt(44) Devdutt Padikkal*(10) | Bowl: T Natarajan 0-12[0m
[37m[16:09:51 F139 SCORE_MGR] INFO: [SM] EXTRA  77/1 (7.4)  striker=SALT[0m
[37m[16:09:51 F139 TEST] INFO:   [SHADOW] SM=EXTRA BED=None EXTRA_FIRE[0m
[37m[16:09:51 F139 TEST] INFO:   [ACTION] The bowler, Natarajan, is bowling to the batsmen, Salt and Padikkal.[0m
[37m[16:09:51 F139 FIELD] INFO: [F139] short leg removed[0m
[37m[16:09:51 F139 FIELD] INFO: [F139] IC-midwicket pushed back — defensive[0m
[37m[16:09:51 F139 FIELD] INFO: [F139] OC-deep_point moved to OC-deep_gully[0m
[37m[16:09:51 F139 TEST] INFO: DETAIL|F139|SCOREBOARD|tag=SCOREBOARD|scout=STRIP: RCB 77-1 (7.4) | SALT 44(27) | PADIKKAL 10(6) | NATARAJAN 0-12 (0.4)|action=The bowler, Natarajan, is bowling to the batsmen, Salt and Padikkal.|ext_score=77-1(7.4)|ext_bat=SALT 44(27) | PADIKKAL 10(6)|ext_bowl=NATARAJAN 0-12 (0.4)|scorer_changes=['score→77', 'overs→7.4', 'bat:Philip Salt=44(27)', 'bat:Devdutt Padikkal=10(6)', 'bowl:T Natarajan']|yolo=3|BEFORE_score=77-1(7.4)|BEFORE_bat1=Philip Salt 44(27)|BEFORE_bat2=Devdutt Padikkal 10(6)|BEFORE_bowl=T Natarajan 0-12 (0.4)|BEFORE_this_over=['1', '6', '.', '1']|AFTER_score=77-1(7.4)|AFTER_bat1=Philip Salt 44(27)|AFTER_bat2=Devdutt Padikkal 10(6)|AFTER_bowl=T Natarajan 0-12 (0.4)|AFTER_this_over=['1', '6', '.', '1']|AFTER_this_over_src=1(obs),6(obs),.(obs),1(obs)|AFTER_striker=Devdutt Padikkal|AFTER_non_striker=Philip Salt|AFTER_run_rate=10.04|AFTER_target=—|AFTER_innings=1|AFTER_partnership=22(13)|AFTER_fow_count=1|AFTER_field=pace_middle frozen=True fielders=['slip_2', 'deep_square_leg', 'cover_point', 'square_leg', 'deep_point', 'deep_backward_pt', 'point', 'cover', 'mid_off']|ball_event=—|ball_event_runs=—|ball_event_over=—|ball_event_extra=—|ball_event_free_hit=—|broadcast_extra=—|dismissal_mode=—|striker_this_ball=Devdutt Padikkal|delivery_length=—|delivery_line=—|delivery_angle=—|delivery_shot=—|delivery_direction=—|delivery_elevation=—|delivery_bounce=—|delivery_dets=0|delivery_method=—|delivery_snap_dets=—|delivery_3layer_dets=—|delivery_det_rate=—|delivery_dir_zone=—|delivery_dir_conf=0|delivery_pitch_pos=—|delivery_shot_action=—|delivery_swing=—|delivery_speed_vlm=—|delivery_vlm_conf=—|delivery_vlm_ms=—|speed_kph=—|venue=—|batting_team=Royal Challengers Bengaluru|match_info=IPL 2026|completed_over=—|completed_over_runs=—|drs_state=NONE|corrections=none|lat_vision=530|lat_extract=556|lat_scorer=910|lat_field=45|lat_comm=0|lat_code=0|lat_total=1997|comm_bowler=T Natarajan|comm_wire=—|comm_storyteller=—|comm_analyst=—|comm_colour=—|comm_wire_ms=0|comm_story_ms=0|comm_analyst_ms=0|comm_colour_ms=0[0m
[37m[16:09:53 F140 VISION] INFO: [SCOUT] SCOREBOARD 559ms strip=True overlay=False drs=False digits=True 220 chars[0m
[37m[16:09:53 F140 TEST] INFO: 
=======================================================[0m
[37m[16:09:53 F140 TEST] INFO: [F140] SCOREBOARD — #94[0m
[37m[16:09:53 F140 TEST] INFO:   [V 563ms] STRIP: RCB 77-1 (7.4) | SALT 44(27) | PADIKKAL 10(6) | NATARAJAN 0-12 (0.4)[0m
[37m[16:09:53 F140 EXTRACT] INFO: Extracted in 0.6s (llama-4-scout-17b-16e-instruct)[0m
[37m[16:09:53 F140 TEST] INFO:   [E 554ms] visible_team=Royal Challengers Bengaluru score=77-1 (7.4) target=None rr=None[0m
[37m[16:09:53 F140 TEST] INFO:     BAT: SALT 44(27) [0m
[37m[16:09:53 F140 TEST] INFO:     BAT: PADIKKAL 10(6) [0m
[37m[16:09:53 F140 TEST] INFO:     BOWL: NATARAJAN 0-12 (0.4)[0m
[37m[16:09:53 F140 TEST] INFO:   [DIRECT] Batter updates: ['SALT: ext=44(27) → tracker=44(27) [was 44(27)]', 'PADIKKAL: ext=10(6) → tracker=10(6) [was 10(6)]'][0m
[37m[16:09:53 F140 TEST] INFO:   [DIRECT] score→77[0m
[37m[16:09:53 F140 TEST] INFO:   [DIRECT] overs→7.4[0m
[37m[16:09:53 F140 TEST] INFO:   [DIRECT] wickets→1[0m
[37m[16:09:54 F140 SCORER] INFO: Scored in 0.9s (llama-4-scout-17b-16e-instruct)[0m
[37m[16:09:54 F140 TEST] INFO:   [S] Hint: Current batters: SALT and PADIKKAL. Bowler: NATARAJAN. Read their stats from the scoreboard. ALREADY DISMISSED (do NOT dismiss again): Virat Kohli[0m
[37m[16:09:54 F140 TEST] INFO:   [FLOW] Extractor batters not in scorer: {'PADIKKAL', 'SALT'}[0m
[37m[16:09:54 F140 TEST] INFO:   [S 888ms] Changes: ['score→77', 'overs→7.4', 'bat:Philip Salt=44(27)', 'bat:Devdutt Padikkal=10(6)', 'bowl:T Natarajan'][0m
[37m[16:09:54 F140 TEST] INFO:   Total: 2005ms (V:563 E:554 S:888)[0m
[37m[16:09:54 F140 TEST] INFO:   [THIS OVER] ['1', '6', '.', '1'] = 8 runs[0m
[37m[16:09:54 F140 TEST] INFO:   STATE: Royal Challengers Bengaluru 77-1 (7.4) inn=1 RR=10.04 | Bat: Philip Salt(44) Devdutt Padikkal*(10) | Bowl: T Natarajan 0-12[0m
[37m[16:09:54 F140 TEST] INFO:   [ACTION] The bowler NATARAJAN is bowling to the batsmen SALT and PADIKKAL.[0m
[37m[16:09:54 F140 FIELD] INFO: [F140] IC-cover_point moved to IC-extra_cover[0m
[37m[16:09:54 F140 FIELD] INFO: [F140] OC-long_off moved to OC-wide_long_off[0m
[37m[16:09:54 F140 TEST] INFO: DETAIL|F140|SCOREBOARD|tag=SCOREBOARD|scout=STRIP: RCB 77-1 (7.4) | SALT 44(27) | PADIKKAL 10(6) | NATARAJAN 0-12 (0.4)|action=The bowler NATARAJAN is bowling to the batsmen SALT and PADIKKAL.|ext_score=77-1(7.4)|ext_bat=SALT 44(27) | PADIKKAL 10(6)|ext_bowl=NATARAJAN 0-12 (0.4)|scorer_changes=['score→77', 'overs→7.4', 'bat:Philip Salt=44(27)', 'bat:Devdutt Padikkal=10(6)', 'bowl:T Natarajan']|yolo=6|BEFORE_score=77-1(7.4)|BEFORE_bat1=Philip Salt 44(27)|BEFORE_bat2=Devdutt Padikkal 10(6)|BEFORE_bowl=T Natarajan 0-12 (0.4)|BEFORE_this_over=['1', '6', '.', '1']|AFTER_score=77-1(7.4)|AFTER_bat1=Philip Salt 44(27)|AFTER_bat2=Devdutt Padikkal 10(6)|AFTER_bowl=T Natarajan 0-12 (0.4)|AFTER_this_over=['1', '6', '.', '1']|AFTER_this_over_src=1(obs),6(obs),.(obs),1(obs)|AFTER_striker=Devdutt Padikkal|AFTER_non_striker=Philip Salt|AFTER_run_rate=10.04|AFTER_target=—|AFTER_innings=1|AFTER_partnership=22(13)|AFTER_fow_count=1|AFTER_field=pace_middle frozen=True fielders=['slip_2', 'deep_square_leg', 'cover_point', 'square_leg', 'deep_point', 'deep_backward_pt', 'point', 'cover', 'mid_off']|ball_event=—|ball_event_runs=—|ball_event_over=—|ball_event_extra=—|ball_event_free_hit=—|broadcast_extra=—|dismissal_mode=—|striker_this_ball=Devdutt Padikkal|delivery_length=—|delivery_line=—|delivery_angle=—|delivery_shot=—|delivery_direction=—|delivery_elevation=—|delivery_bounce=—|delivery_dets=0|delivery_method=—|delivery_snap_dets=—|delivery_3layer_dets=—|delivery_det_rate=—|delivery_dir_zone=—|delivery_dir_conf=0|delivery_pitch_pos=—|delivery_shot_action=—|delivery_swing=—|delivery_speed_vlm=—|delivery_vlm_conf=—|delivery_vlm_ms=—|speed_kph=—|venue=—|batting_team=Royal Challengers Bengaluru|match_info=IPL 2026|completed_over=—|completed_over_runs=—|drs_state=NONE|corrections=none|lat_vision=563|lat_extract=554|lat_scorer=888|lat_field=44|lat_comm=0|lat_code=0|lat_total=2007|comm_bowler=T Natarajan|comm_wire=—|comm_storyteller=—|comm_analyst=—|comm_colour=—|comm_wire_ms=0|comm_story_ms=0|comm_analyst_ms=0|comm_colour_ms=0[0m
[37m[16:09:56 F141 VISION] INFO: [SCOUT] SCOREBOARD 528ms strip=True overlay=False drs=False digits=True 204 chars[0m
[37m[16:09:56 F141 TEST] INFO: 
=======================================================[0m
[37m[16:09:56 F141 TEST] INFO: [F141] SCOREBOARD — #95[0m
[37m[16:09:56 F141 TEST] INFO:   [V 531ms] STRIP: RCB 77-1 (7.4) | SALT 44(27) | PADIKKAL 10(6) | NATARAJAN 0-12 (0.4)[0m
[37m[16:09:56 F141 EXTRACT] INFO: Extracted in 0.6s (llama-4-scout-17b-16e-instruct)[0m
[37m[16:09:56 F141 TEST] INFO:   [E 566ms] visible_team=Royal Challengers Bengaluru score=77-1 (7.4) target=None rr=None[0m
[37m[16:09:56 F141 TEST] INFO:     BAT: SALT 44(27) [0m
[37m[16:09:56 F141 TEST] INFO:     BAT: PADIKKAL 10(6) [0m
[37m[16:09:56 F141 TEST] INFO:     BOWL: NATARAJAN 0-12 (0.4)[0m
[37m[16:09:56 F141 TEST] INFO:   [DIRECT] Batter updates: ['SALT: ext=44(27) → tracker=44(27) [was 44(27)]', 'PADIKKAL: ext=10(6) → tracker=10(6) [was 10(6)]'][0m
[37m[16:09:56 F141 TEST] INFO:   [DIRECT] score→77[0m
[37m[16:09:56 F141 TEST] INFO:   [DIRECT] overs→7.4[0m
[37m[16:09:56 F141 TEST] INFO:   [DIRECT] wickets→1[0m
[37m[16:09:57 F141 SCORER] INFO: Scored in 1.0s (llama-4-scout-17b-16e-instruct)[0m
[37m[16:09:57 F141 TEST] INFO:   [S] Hint: Current batters: SALT and PADIKKAL. Bowler: NATARAJAN. Read their stats from the scoreboard. ALREADY DISMISSED (do NOT dismiss again): Virat Kohli[0m
[37m[16:09:57 F141 TEST] INFO:   [FLOW] Extractor batters not in scorer: {'PADIKKAL', 'SALT'}[0m
[37m[16:09:57 F141 TEST] INFO:   [S 1023ms] Changes: ['score→77', 'overs→7.4', 'bat:Philip Salt=44(27)', 'bat:Devdutt Padikkal=10(6)', 'bowl:T Natarajan'][0m
[37m[16:09:57 F141 TEST] INFO:   Total: 2119ms (V:531 E:566 S:1023)[0m
[37m[16:09:57 F141 TEST] INFO:   [THIS OVER] ['1', '6', '.', '1'] = 8 runs[0m
[37m[16:09:57 F141 TEST] INFO:   STATE: Royal Challengers Bengaluru 77-1 (7.4) inn=1 RR=10.04 | Bat: Philip Salt(44) Devdutt Padikkal*(10) | Bowl: T Natarajan 0-12[0m
[37m[16:09:57 F141 TEST] INFO:   [ACTION] The bowler, Natarajan, is bowling to the batsman.[0m
[37m[16:09:57 F141 TEST] INFO: DETAIL|F141|SCOREBOARD|tag=SCOREBOARD|scout=STRIP: RCB 77-1 (7.4) | SALT 44(27) | PADIKKAL 10(6) | NATARAJAN 0-12 (0.4)|action=The bowler, Natarajan, is bowling to the batsman.|ext_score=77-1(7.4)|ext_bat=SALT 44(27) | PADIKKAL 10(6)|ext_bowl=NATARAJAN 0-12 (0.4)|scorer_changes=['score→77', 'overs→7.4', 'bat:Philip Salt=44(27)', 'bat:Devdutt Padikkal=10(6)', 'bowl:T Natarajan']|yolo=0|BEFORE_score=77-1(7.4)|BEFORE_bat1=Philip Salt 44(27)|BEFORE_bat2=Devdutt Padikkal 10(6)|BEFORE_bowl=T Natarajan 0-12 (0.4)|BEFORE_this_over=['1', '6', '.', '1']|AFTER_score=77-1(7.4)|AFTER_bat1=Philip Salt 44(27)|AFTER_bat2=Devdutt Padikkal 10(6)|AFTER_bowl=T Natarajan 0-12 (0.4)|AFTER_this_over=['1', '6', '.', '1']|AFTER_this_over_src=1(obs),6(obs),.(obs),1(obs)|AFTER_striker=Devdutt Padikkal|AFTER_non_striker=Philip Salt|AFTER_run_rate=10.04|AFTER_target=—|AFTER_innings=1|AFTER_partnership=22(13)|AFTER_fow_count=1|AFTER_field=pace_middle frozen=True fielders=['slip_2', 'deep_square_leg', 'cover_point', 'square_leg', 'deep_point', 'deep_backward_pt', 'point', 'cover', 'mid_off']|ball_event=—|ball_event_runs=—|ball_event_over=—|ball_event_extra=—|ball_event_free_hit=—|broadcast_extra=—|dismissal_mode=—|striker_this_ball=Devdutt Padikkal|delivery_length=—|delivery_line=—|delivery_angle=—|delivery_shot=—|delivery_direction=—|delivery_elevation=—|delivery_bounce=—|delivery_dets=0|delivery_method=—|delivery_snap_dets=—|delivery_3layer_dets=—|delivery_det_rate=—|delivery_dir_zone=—|delivery_dir_conf=0|delivery_pitch_pos=—|delivery_shot_action=—|delivery_swing=—|delivery_speed_vlm=—|delivery_vlm_conf=—|delivery_vlm_ms=—|speed_kph=—|venue=—|batting_team=Royal Challengers Bengaluru|match_info=IPL 2026|completed_over=—|completed_over_runs=—|drs_state=NONE|corrections=none|lat_vision=531|lat_extract=566|lat_scorer=1023|lat_field=44|lat_comm=0|lat_code=0|lat_total=2121|comm_bowler=T Natarajan|comm_wire=—|comm_storyteller=—|comm_analyst=—|comm_colour=—|comm_wire_ms=0|comm_story_ms=0|comm_analyst_ms=0|comm_colour_ms=0[0m
[37m[16:09:59 F142 VISION] INFO: [SCOUT] SCOREBOARD 498ms strip=True overlay=False drs=False digits=True 207 chars[0m
[37m[16:09:59 F142 TEST] INFO: 
=======================================================[0m
[37m[16:09:59 F142 TEST] INFO: [F142] SCOREBOARD — #96[0m
[37m[16:09:59 F142 TEST] INFO:   [V 501ms] STRIP: RCB 77-1 (7.4) | SALT 44(27) | PADIKKAL 10(6) | NATARAJAN 0-12 (0.4)[0m
[37m[16:10:00 F142 EXTRACT] INFO: Extracted in 0.7s (llama-4-scout-17b-16e-instruct)[0m
[37m[16:10:00 F142 TEST] INFO:   [E 665ms] visible_team=Royal Challengers Bengaluru score=77-1 (7.4) target=None rr=None[0m
[37m[16:10:00 F142 TEST] INFO:     BAT: SALT 44(27) [0m
[37m[16:10:00 F142 TEST] INFO:     BAT: PADIKKAL 10(6) [0m
[37m[16:10:00 F142 TEST] INFO:     BOWL: NATARAJAN 0-12 (0.4)[0m
[37m[16:10:00 F142 TEST] INFO:   [DIRECT] Batter updates: ['SALT: ext=44(27) → tracker=44(27) [was 44(27)]', 'PADIKKAL: ext=10(6) → tracker=10(6) [was 10(6)]'][0m
[37m[16:10:00 F142 TEST] INFO:   [DIRECT] score→77[0m
[37m[16:10:00 F142 TEST] INFO:   [DIRECT] overs→7.4[0m
[37m[16:10:00 F142 TEST] INFO:   [DIRECT] wickets→1[0m
[37m[16:10:01 F142 SCORER] INFO: Scored in 0.9s (llama-4-scout-17b-16e-instruct)[0m
[37m[16:10:01 F142 TEST] INFO:   [S] Hint: Current batters: SALT and PADIKKAL. Bowler: NATARAJAN. Read their stats from the scoreboard. ALREADY DISMISSED (do NOT dismiss again): Virat Kohli[0m
[37m[16:10:01 F142 TEST] INFO:   [FLOW] Extractor batters not in scorer: {'PADIKKAL', 'SALT'}[0m
[37m[16:10:01 F142 TEST] INFO:   [STRIKER-DEDUP] Devdutt Padikkal == non_striker → non_striker=Philip Salt[0m
[37m[16:10:01 F142 TEST] INFO:   [WICKET-TRACK] Wicket at F142[0m
[37m[16:10:01 F142 TEST] INFO:   [S 940ms] Changes: ['score→77', 'overs→7.4', 'wickets→1', 'bat:Philip Salt=44(27)', 'bat:Devdutt Padikkal=10(6)', 'bowl:T Natarajan'][0m
[37m[16:10:01 F142 TEST] INFO:   Total: 2106ms (V:501 E:665 S:940)[0m
[37m[16:10:01 F142 TEST] INFO:   [THIS OVER] ['1', '6', '.', '1'] = 8 runs[0m
[37m[16:10:01 F142 TEST] INFO:   STATE: Royal Challengers Bengaluru 77-1 (7.4) inn=1 RR=10.04 | Bat: Philip Salt(44) Devdutt Padikkal*(10) | Bowl: T Natarajan 0-12[0m
[37m[16:10:01 F142 TEST] INFO:   [ACTION] The bowler NATARAJAN is bowling to the batsman SALT.[0m
[FIELD WARN] Middle overs but 6 outside circle (max 5). Possible misclassification.
[37m[16:10:01 F142 FIELD] INFO: [F142] OC-deep_mid_on_area moved to OC-long_on[0m
[37m[16:10:01 F142 FIELD] INFO: [F142] IC-extra_cover moved to IC-backward_point[0m
[37m[16:10:01 F142 FIELD] INFO: [F142] OC-deep_point moved to OC-deep_cover_point[0m
[37m[16:10:01 F142 FIELD] INFO: [F142] OC-wide_long_off moved to OC-deep_cover[0m
[37m[16:10:01 F142 TEST] INFO: DETAIL|F142|SCOREBOARD|tag=SCOREBOARD|scout=STRIP: RCB 77-1 (7.4) | SALT 44(27) | PADIKKAL 10(6) | NATARAJAN 0-12 (0.4)|action=The bowler NATARAJAN is bowling to the batsman SALT.|ext_score=77-1(7.4)|ext_bat=SALT 44(27) | PADIKKAL 10(6)|ext_bowl=NATARAJAN 0-12 (0.4)|scorer_changes=['score→77', 'overs→7.4', 'wickets→1', 'bat:Philip Salt=44(27)', 'bat:Devdutt Padikkal=10(6)', 'bowl:T Natarajan']|yolo=7|BEFORE_score=77-1(7.4)|BEFORE_bat1=Philip Salt 44(27)|BEFORE_bat2=Devdutt Padikkal 10(6)|BEFORE_bowl=T Natarajan 0-12 (0.4)|BEFORE_this_over=['1', '6', '.', '1']|AFTER_score=77-1(7.4)|AFTER_bat1=Philip Salt 44(27)|AFTER_bat2=Devdutt Padikkal 10(6)|AFTER_bowl=T Natarajan 0-12 (0.4)|AFTER_this_over=['1', '6', '.', '1']|AFTER_this_over_src=1(obs),6(obs),.(obs),1(obs)|AFTER_striker=Devdutt Padikkal|AFTER_non_striker=Philip Salt|AFTER_run_rate=10.04|AFTER_target=—|AFTER_innings=1|AFTER_partnership=22(13)|AFTER_fow_count=1|AFTER_field=pace_middle frozen=True fielders=['slip_2', 'deep_square_leg', 'cover_point', 'square_leg', 'deep_point', 'deep_backward_pt', 'point', 'cover', 'mid_off']|ball_event=—|ball_event_runs=—|ball_event_over=—|ball_event_extra=—|ball_event_free_hit=—|broadcast_extra=—|dismissal_mode=—|striker_this_ball=Devdutt Padikkal|delivery_length=—|delivery_line=—|delivery_angle=—|delivery_shot=—|delivery_direction=—|delivery_elevation=—|delivery_bounce=—|delivery_dets=0|delivery_method=—|delivery_snap_dets=—|delivery_3layer_dets=—|delivery_det_rate=—|delivery_dir_zone=—|delivery_dir_conf=0|delivery_pitch_pos=—|delivery_shot_action=—|delivery_swing=—|delivery_speed_vlm=—|delivery_vlm_conf=—|delivery_vlm_ms=—|speed_kph=—|venue=—|batting_team=Royal Challengers Bengaluru|match_info=IPL 2026|completed_over=—|completed_over_runs=—|drs_state=NONE|corrections=none|lat_vision=501|lat_extract=665|lat_scorer=940|lat_field=45|lat_comm=0|lat_code=0|lat_total=2107|comm_bowler=T Natarajan|comm_wire=—|comm_storyteller=—|comm_analyst=—|comm_colour=—|comm_wire_ms=0|comm_story_ms=0|comm_analyst_ms=0|comm_colour_ms=0[0m
[37m[16:10:02 F143 VISION] INFO: [SCOUT] SCOREBOARD 561ms strip=True overlay=False drs=False digits=True 249 chars[0m
[37m[16:10:02 F143 TEST] INFO: 
=======================================================[0m
[37m[16:10:02 F143 TEST] INFO: [F143] SCOREBOARD — #97[0m
[37m[16:10:02 F143 TEST] INFO:   [V 564ms] STRIP: RCB 77-1 (7.4) | SALT 44(27) | PADIKKAL 10(6) | NATARAJAN 0-12 (4)[0m
[37m[16:10:03 F143 EXTRACT] INFO: Extracted in 0.6s (llama-4-scout-17b-16e-instruct)[0m
[37m[16:10:03 F143 TEST] INFO:   [E 641ms] visible_team=Royal Challengers Bengaluru score=77-1 (7.4) target=None rr=None[0m
[37m[16:10:03 F143 TEST] INFO:     BAT: SALT 44(27) [0m
[37m[16:10:03 F143 TEST] INFO:     BAT: PADIKKAL 10(6) [0m
[37m[16:10:03 F143 TEST] INFO:     BOWL: NATARAJAN 0-12 (4)[0m
[37m[16:10:03 F143 TEST] INFO:   [DIRECT] Batter updates: ['SALT: ext=44(27) → tracker=44(27) [was 44(27)]', 'PADIKKAL: ext=10(6) → tracker=10(6) [was 10(6)]'][0m
[37m[16:10:03 F143 TEST] INFO:   [DIRECT] score→77[0m
[37m[16:10:03 F143 TEST] INFO:   [DIRECT] overs→7.4[0m
[37m[16:10:03 F143 TEST] INFO:   [DIRECT] wickets→1[0m
[37m[16:10:04 F143 SCORER] INFO: Scored in 1.0s (llama-4-scout-17b-16e-instruct)[0m
[37m[16:10:04 F143 TEST] INFO:   [S] Hint: Current batters: SALT and PADIKKAL. Bowler: NATARAJAN. Read their stats from the scoreboard. ALREADY DISMISSED (do NOT dismiss again): Virat Kohli[0m
[37m[16:10:04 F143 TEST] INFO:   [FLOW] Extractor batters not in scorer: {'PADIKKAL', 'SALT'}[0m
[37m[16:10:04 F143 TEST] INFO:   [STRIKER-DEDUP] Devdutt Padikkal == non_striker → non_striker=Philip Salt[0m
[37m[16:10:04 F143 TEST] INFO:   [S 969ms] Changes: ['score→77', 'overs→7.4', 'bat:Philip Salt=44(27)', 'bat:Devdutt Padikkal=10(6)', 'bowl:T Natarajan'][0m
[37m[16:10:04 F143 TEST] INFO:   Total: 2174ms (V:564 E:641 S:969)[0m
[37m[16:10:04 F143 TEST] INFO:   [THIS OVER] ['1', '6', '.', '1'] = 8 runs[0m
[37m[16:10:04 F143 TEST] INFO:   STATE: Royal Challengers Bengaluru 77-1 (7.4) inn=1 RR=10.04 | Bat: Philip Salt(44) Devdutt Padikkal*(10) | Bowl: T Natarajan 0-12[0m
[37m[16:10:04 F143 TEST] INFO:   [ACTION] The bowler, T. Natarajan, is running towards the opposite end, likely to bowl th[0m
[37m[16:10:04 F143 FIELD] INFO: [F143] OC-third_man_square moved to OC-deep_gully[0m
[37m[16:10:04 F143 FIELD] INFO: [F143] OC-deep_gully moved to OC-deep_backward_point[0m
[37m[16:10:04 F143 FIELD] INFO: [F143] IC-backward_point moved to IC-cover[0m
[37m[16:10:04 F143 FIELD] INFO: [F143] IC-point brought in — attacking[0m
[37m[16:10:04 F143 FIELD] INFO: [F143] OC-deep_cover moved to OC-deep_backward_point[0m
[37m[16:10:04 F143 FIELD] INFO: [F143] OC-deep_cover moved to OC-deep_point[0m
[37m[16:10:04 F143 TEST] INFO: DETAIL|F143|SCOREBOARD|tag=SCOREBOARD|scout=STRIP: RCB 77-1 (7.4) | SALT 44(27) | PADIKKAL 10(6) | NATARAJAN 0-12 (4)|action=The bowler, T. Natarajan, is running towards the opposite end, likely to bowl the next delivery.|ext_score=77-1(7.4)|ext_bat=SALT 44(27) | PADIKKAL 10(6)|ext_bowl=NATARAJAN 0-12 (4)|scorer_changes=['score→77', 'overs→7.4', 'bat:Philip Salt=44(27)', 'bat:Devdutt Padikkal=10(6)', 'bowl:T Natarajan']|yolo=6|BEFORE_score=77-1(7.4)|BEFORE_bat1=Philip Salt 44(27)|BEFORE_bat2=Devdutt Padikkal 10(6)|BEFORE_bowl=T Natarajan 0-12 (0.4)|BEFORE_this_over=['1', '6', '.', '1']|AFTER_score=77-1(7.4)|AFTER_bat1=Philip Salt 44(27)|AFTER_bat2=Devdutt Padikkal 10(6)|AFTER_bowl=T Natarajan 0-12 (0.4)|AFTER_this_over=['1', '6', '.', '1']|AFTER_this_over_src=1(obs),6(obs),.(obs),1(obs)|AFTER_striker=Devdutt Padikkal|AFTER_non_striker=Philip Salt|AFTER_run_rate=10.04|AFTER_target=—|AFTER_innings=1|AFTER_partnership=22(13)|AFTER_fow_count=1|AFTER_field=pace_middle frozen=True fielders=['slip_2', 'deep_square_leg', 'cover_point', 'square_leg', 'deep_point', 'deep_backward_pt', 'point', 'cover', 'mid_off']|ball_event=—|ball_event_runs=—|ball_event_over=—|ball_event_extra=—|ball_event_free_hit=—|broadcast_extra=—|dismissal_mode=—|striker_this_ball=Devdutt Padikkal|delivery_length=—|delivery_line=—|delivery_angle=—|delivery_shot=—|delivery_direction=—|delivery_elevation=—|delivery_bounce=—|delivery_dets=0|delivery_method=—|delivery_snap_dets=—|delivery_3layer_dets=—|delivery_det_rate=—|delivery_dir_zone=—|delivery_dir_conf=0|delivery_pitch_pos=—|delivery_shot_action=—|delivery_swing=—|delivery_speed_vlm=—|delivery_vlm_conf=—|delivery_vlm_ms=—|speed_kph=—|venue=—|batting_team=Royal Challengers Bengaluru|match_info=IPL 2026|completed_over=—|completed_over_runs=—|drs_state=NONE|corrections=none|lat_vision=564|lat_extract=641|lat_scorer=969|lat_field=47|lat_comm=0|lat_code=0|lat_total=2176|comm_bowler=T Natarajan|comm_wire=—|comm_storyteller=—|comm_analyst=—|comm_colour=—|comm_wire_ms=0|comm_story_ms=0|comm_analyst_ms=0|comm_colour_ms=0[0m
[37m[16:10:06 F145 VISION] INFO: [SCOUT] SCOREBOARD 811ms strip=True overlay=False drs=False digits=True 191 chars[0m
[37m[16:10:06 F145 TEST] INFO:   [BROADCAST] Extra signal: WD[0m
[37m[16:10:06 F145 TEST] INFO: 
=======================================================[0m
[37m[16:10:06 F145 TEST] INFO: [F145] SCOREBOARD — #98[0m
[37m[16:10:06 F145 TEST] INFO:   [V 815ms] STRIP: RCB 77-1 (7.4) | SALT 44(27) | PADIKKAL 10(6) | 

SPEED: 135.0 kph
EXTRA: wd[0m
[37m[16:10:07 F145 EXTRACT] INFO: Extracted in 0.6s (llama-4-scout-17b-16e-instruct)[0m
[37m[16:10:07 F145 TEST] INFO:   [E 617ms] visible_team=Royal Challengers Bengaluru score=77-1 (7.4) target=None rr=None[0m
[37m[16:10:07 F145 TEST] INFO:     BAT: SALT 44(27) [0m
[37m[16:10:07 F145 TEST] INFO:     BAT: PADIKKAL 10(6) [0m
[37m[16:10:07 F145 TEST] INFO:   [DIRECT] Batter updates: ['SALT: ext=44(27) → tracker=44(27) [was 44(27)]', 'PADIKKAL: ext=10(6) → tracker=10(6) [was 10(6)]'][0m
[37m[16:10:07 F145 TEST] INFO:   [DIRECT] score→77[0m
[37m[16:10:07 F145 TEST] INFO:   [DIRECT] overs→7.4[0m
[37m[16:10:07 F145 TEST] INFO:   [DIRECT] wickets→1[0m
[37m[16:10:08 F145 SCORER] INFO: Scored in 0.9s (llama-4-scout-17b-16e-instruct)[0m
[37m[16:10:08 F145 TEST] INFO:   [S] Hint: Current batters: SALT and PADIKKAL. Bowler: Natarajan ALREADY DISMISSED (do NOT dismiss again): Virat Kohli[0m
[37m[16:10:08 F145 TEST] INFO:   [FLOW] Extractor batters not in scorer: {'PADIKKAL', 'SALT'}[0m
[37m[16:10:08 F145 TEST] INFO:   [STRIKER-DEDUP] Devdutt Padikkal == non_striker → non_striker=Philip Salt[0m
[37m[16:10:08 F145 TEST] INFO:   [S 855ms] Changes: ['score→77', 'overs→7.4', 'bat:Philip Salt=44(27)', 'bat:Devdutt Padikkal=10(6)', 'bowl:T Natarajan'][0m
[37m[16:10:08 F145 TEST] INFO:   Total: 2288ms (V:815 E:617 S:855)[0m
[37m[16:10:08 F145 BOARD] INFO: Extra: wide +1 (total extras: 2)[0m
[37m[16:10:08 F145 TEST] INFO:   [THIS OVER] ['1', '6', '.', '1'] = 8 runs[0m
[37m[16:10:08 F145 TEST] INFO:   STATE: Royal Challengers Bengaluru 77-1 (7.4) inn=1 RR=10.04 | Bat: Philip Salt(44) Devdutt Padikkal*(10) | Bowl: T Natarajan 0-12[0m
[37m[16:10:08 F145 TEST] INFO:   [ACTION] A delivery is being bowled.[0m
[37m[16:10:08 F145 FIELD] INFO: [F145] IC-backward_point brought in — attacking[0m
[37m[16:10:08 F145 FIELD] INFO: [F145] IC-cover pushed back — defensive[0m
[37m[16:10:08 F145 FIELD] INFO: [F145] IC-point pushed back — defensive[0m
[37m[16:10:08 F145 FIELD] INFO: [F145] OC-deep_backward_point moved to OC-deep_cover_point[0m
[37m[16:10:08 F145 FIELD] INFO: [F145] OC-deep_point moved to OC-deep_cover_point[0m
[37m[16:10:08 F145 FIELD] INFO: [F145] OC-deep_backward_point moved to OC-deep_cover_point[0m
[37m[16:10:08 F145 TEST] INFO: DETAIL|F145|SCOREBOARD|tag=SCOREBOARD|scout=STRIP: RCB 77-1 (7.4) | SALT 44(27) | PADIKKAL 10(6) |   SPEED: 135.0 kph EXTRA: wd|action=A delivery is being bowled.|ext_score=77-1(7.4)|ext_bat=SALT 44(27) | PADIKKAL 10(6)|ext_bowl=|scorer_changes=['score→77', 'overs→7.4', 'bat:Philip Salt=44(27)', 'bat:Devdutt Padikkal=10(6)', 'bowl:T Natarajan']|yolo=7|BEFORE_score=77-1(7.4)|BEFORE_bat1=Philip Salt 44(27)|BEFORE_bat2=Devdutt Padikkal 10(6)|BEFORE_bowl=T Natarajan 0-12 (0.4)|BEFORE_this_over=['1', '6', '.', '1']|AFTER_score=77-1(7.4)|AFTER_bat1=Philip Salt 44(27)|AFTER_bat2=Devdutt Padikkal 10(6)|AFTER_bowl=T Natarajan 0-12 (0.4)|AFTER_this_over=['1', '6', '.', '1']|AFTER_this_over_src=1(obs),6(obs),.(obs),1(obs)|AFTER_striker=Devdutt Padikkal|AFTER_non_striker=Philip Salt|AFTER_run_rate=10.04|AFTER_target=—|AFTER_innings=1|AFTER_partnership=22(13)|AFTER_fow_count=1|AFTER_field=pace_middle frozen=True fielders=['slip_2', 'deep_square_leg', 'cover_point', 'square_leg', 'deep_point', 'deep_backward_pt', 'point', 'cover', 'mid_off']|ball_event=—|ball_event_runs=—|ball_event_over=—|ball_event_extra=—|ball_event_free_hit=—|broadcast_extra=WD|dismissal_mode=—|striker_this_ball=Devdutt Padikkal|delivery_length=—|delivery_line=—|delivery_angle=—|delivery_shot=—|delivery_direction=—|delivery_elevation=—|delivery_bounce=—|delivery_dets=0|delivery_method=—|delivery_snap_dets=—|delivery_3layer_dets=—|delivery_det_rate=—|delivery_dir_zone=—|delivery_dir_conf=0|delivery_pitch_pos=—|delivery_shot_action=—|delivery_swing=—|delivery_speed_vlm=—|delivery_vlm_conf=—|delivery_vlm_ms=—|speed_kph=135.0|venue=—|batting_team=Royal Challengers Bengaluru|match_info=IPL 2026|completed_over=—|completed_over_runs=—|drs_state=NONE|corrections=none|lat_vision=815|lat_extract=617|lat_scorer=855|lat_field=115|lat_comm=0|lat_code=0|lat_total=2289|comm_bowler=T Natarajan|comm_wire=—|comm_storyteller=—|comm_analyst=—|comm_colour=—|comm_wire_ms=0|comm_story_ms=0|comm_analyst_ms=0|comm_colour_ms=0[0m
[37m[16:10:10 F146 VISION] INFO: [SCOUT] SCOREBOARD 513ms strip=True overlay=False drs=False digits=True 189 chars[0m
[37m[16:10:10 F146 TEST] INFO: 
=======================================================[0m
[37m[16:10:10 F146 TEST] INFO: [F146] SCOREBOARD — #99[0m
[37m[16:10:10 F146 TEST] INFO:   [V 516ms] STRIP: RCB 78-1 (7.5) | SALT 44(27) | PADIKKAL 11(7) | NATARAJAN 0-13 (0.5)[0m
[37m[16:10:10 F146 EXTRACT] INFO: Extracted in 0.7s (llama-4-scout-17b-16e-instruct)[0m
[37m[16:10:10 F146 TEST] INFO:   [E 653ms] visible_team=Royal Challengers Bengaluru score=78-1 (7.5) target=None rr=None[0m
[37m[16:10:10 F146 TEST] INFO:     BAT: SALT 44(27) [0m
[37m[16:10:10 F146 TEST] INFO:     BAT: PADIKKAL 11(7) [0m
[37m[16:10:10 F146 TEST] INFO:     BOWL: NATARAJAN 0-13 (0.5)[0m
[37m[16:10:10 F146 TRACK] INFO: bowl:T Natarajan:runs: 12 → 13 (post-event immediate, grace=1)[0m
[37m[16:10:10 F146 TRACK] INFO: bowl:T Natarajan:overs: 0.4 → 0.5 (post-event immediate, grace=0)[0m
[37m[16:10:10 F146 BOARD] INFO: T Natarajan: 0/12 (0.4) -> 0/13 (0.5) [F146][0m
[37m[16:10:10 F146 TRACK] INFO: bat:Devdutt Padikkal:runs: 10 → 11 (fast-confirm, natural increment F146)[0m
[37m[16:10:10 F146 TRACK] INFO: bat:Devdutt Padikkal:balls: 6 → 7 (fast-confirm, natural increment F146)[0m
[37m[16:10:10 F146 BOARD] INFO: Devdutt Padikkal: 10(6) -> 11(7) [F146][0m
[37m[16:10:10 F146 TEST] INFO:   [DIRECT] Batter updates: ['SALT: ext=44(27) → tracker=44(27) [was 44(27)]', 'PADIKKAL: ext=11(7) → tracker=11(7) [was 10(6)]'][0m
[37m[16:10:10 F146 TEST] INFO:   [DIRECT] wickets→1[0m
[37m[16:10:11 F146 SCORER] INFO: Scored in 0.9s (llama-4-scout-17b-16e-instruct)[0m
[37m[16:10:11 F146 TEST] INFO:   [S] Hint: Current batters: SALT and PADIKKAL. Bowler: NATARAJAN. Read their stats from the scoreboard. ALREADY DISMISSED (do NOT dismiss again): Virat Kohli[0m
[37m[16:10:11 F146 TRACK] INFO: score: 77 → 78 (confirmed F146)[0m
[37m[16:10:11 F146 BOARD] INFO: score: 77 -> 78 [F146][0m
[37m[16:10:11 F146 TRACK] INFO: overs: 7.4 → 7.5 (confirmed F146)[0m
[37m[16:10:11 F146 BOARD] INFO: overs: 7.4 -> 7.5 [F146][0m
[37m[16:10:11 F146 TEST] INFO:   [FLOW] Extractor batters not in scorer: {'PADIKKAL', 'SALT'}[0m
[37m[16:10:11 F146 TEST] INFO:   [STRIKER-DEDUP] Devdutt Padikkal == non_striker → non_striker=Philip Salt[0m
[37m[16:10:11 F146 TEST] INFO:   [S 910ms] Changes: ['score→78', 'overs→7.5', 'bat:Philip Salt=44(27)', 'bat:Devdutt Padikkal=11(7)', 'bowl:T Natarajan'][0m
[37m[16:10:11 F146 TEST] INFO:   Total: 2079ms (V:516 E:653 S:910)[0m
[37m[16:10:11 F146 TEST] INFO:   [THIS OVER] ['1', '6', '.', '1'] = 8 runs[0m
[37m[16:10:11 F146 COMMENTARY] INFO: [DECOMPOSE] balls_delta=1 + fresh WD: emitting EXTRA(1) first, queueing DOT(0)[0m
[37m[16:10:11 F146 COMMENTARY] INFO: [BALL ✓] EXTRA | 7.5 +1 runs (Δballs=1)[0m
[37m[16:10:11 F146 TEST] INFO:   [THIS-OVER] Ball EXTRA appended to over 7[0m
[37m[16:10:11 F146 TEST] INFO:   [EXTRAS] Wide +1 (total=3)[0m
[37m[16:10:30 F146 TEST] INFO:   [DELIVERY] full, on the stumps, defended straight down the ground, along the ground (18450ms, 0 dets, method=vlm)[0m
[37m[16:10:30 F146 BOARD] INFO: run_rate: 10.04 -> 9.96 [F146][0m
[37m[16:10:30 F146 TEST] INFO:   STATE: Royal Challengers Bengaluru 78-1 (7.5) inn=1 RR=9.96 | Bat: Philip Salt(44) Devdutt Padikkal*(11) | Bowl: T Natarajan 0-13[0m
[37m[16:10:30 F146 SCORE_MGR] INFO: [SM] RUNS  78/1 (7.5)  striker=PADIKKAL[0m
[37m[16:10:30 F146 TEST] INFO:   [SHADOW] SM=RUNS BED=EXTRA MISMATCH[0m
[37m[16:10:30 F146 TEST] INFO:   [COMM 397ms] wire(0ms), storyteller(396ms)[0m
[37m[16:10:30 F146 TEST] INFO:   [BALL EVENT ✓] EXTRA | 7.4 | +1 runs (Δballs=0) | The bowler, Natarajan, is bowling.[0m
[37m[16:10:30 F146 TEST] INFO: DETAIL|F146|SCOREBOARD|tag=SCOREBOARD|scout=STRIP: RCB 78-1 (7.5) | SALT 44(27) | PADIKKAL 11(7) | NATARAJAN 0-13 (0.5)|action=The bowler, Natarajan, is bowling.|ext_score=78-1(7.5)|ext_bat=SALT 44(27) | PADIKKAL 11(7)|ext_bowl=NATARAJAN 0-13 (0.5)|scorer_changes=['score→78', 'overs→7.5', 'bat:Philip Salt=44(27)', 'bat:Devdutt Padikkal=11(7)', 'bowl:T Natarajan']|yolo=0|BEFORE_score=77-1(7.4)|BEFORE_bat1=Philip Salt 44(27)|BEFORE_bat2=Devdutt Padikkal 10(6)|BEFORE_bowl=T Natarajan 0-12 (0.4)|BEFORE_this_over=['1', '6', '.', '1']|AFTER_score=78-1(7.5)|AFTER_bat1=Philip Salt 44(27)|AFTER_bat2=Devdutt Padikkal 11(7)|AFTER_bowl=T Natarajan 0-13 (0.5)|AFTER_this_over=['1', '6', '.', '1', '1']|AFTER_this_over_src=1(obs),6(obs),.(obs),1(obs),1(obs)|AFTER_striker=Devdutt Padikkal|AFTER_non_striker=Philip Salt|AFTER_run_rate=9.96|AFTER_target=—|AFTER_innings=1|AFTER_partnership=23(14)|AFTER_fow_count=1|AFTER_field=pace_middle frozen=True fielders=['slip_2', 'deep_square_leg', 'cover_point', 'square_leg', 'deep_point', 'deep_backward_pt', 'point', 'cover', 'mid_off']|ball_event=EXTRA|ball_event_runs=1|ball_event_over=7.4|ball_event_extra=wide|ball_event_free_hit=—|broadcast_extra=—|dismissal_mode=—|striker_this_ball=Devdutt Padikkal|delivery_length=full|delivery_line=on_stumps|delivery_angle=over|delivery_shot=along_ground|delivery_direction=straight|delivery_elevation=along_ground|delivery_bounce=normal|delivery_dets=0|delivery_method=vlm|delivery_snap_dets=—|delivery_3layer_dets=—|delivery_det_rate=0.00|delivery_dir_zone=straight|delivery_dir_conf=medium|delivery_pitch_pos=on_a_driving_length|delivery_shot_action=defend|delivery_swing=not_visible|delivery_speed_vlm=None|delivery_vlm_conf=medium|delivery_vlm_ms=903|speed_kph=—|venue=—|batting_team=Royal Challengers Bengaluru|match_info=IPL 2026|completed_over=—|completed_over_runs=—|drs_state=NONE|corrections=none|lat_vision=516|lat_extract=653|lat_scorer=910|lat_field=43|lat_comm=397|lat_code=18411|lat_total=20930|comm_bowler=T Natarajan|comm_wire=7.5: T Natarajan to PADIKKAL — 1 run, full (135.0 kph). 78/1|comm_storyteller=The batter gently works a good-length delivery to the , and they take a quick single, hustling back for the second. The fielder chases down the ball, and the throw comes in sharp, but they manage to b|comm_analyst=—|comm_colour=—|comm_wire_ms=0|comm_story_ms=396|comm_analyst_ms=0|comm_colour_ms=0[0m
[37m[16:10:32 F147 VISION] INFO: [SCOUT] SCOREBOARD 610ms strip=True overlay=False drs=False digits=True 222 chars[0m
[37m[16:10:32 F147 TEST] INFO: [SLEEP] Burst mode ON — last ball of over[0m
[37m[16:10:32 F147 TEST] INFO: 
=======================================================[0m
[37m[16:10:32 F147 TEST] INFO: [F147] SCOREBOARD — #100[0m
[37m[16:10:32 F147 TEST] INFO:   [V 613ms] STRIP: RCB 78-1 (7.5) | SALT 44(27) | PADIKKAL 11(7) | NATARAJAN 0-13 (0.5)[0m
[37m[16:10:32 F147 EXTRACT] INFO: Extracted in 0.7s (llama-4-scout-17b-16e-instruct)[0m
[37m[16:10:32 F147 TEST] INFO:   [E 666ms] visible_team=Royal Challengers Bengaluru score=78-1 (7.5) target=None rr=None[0m
[37m[16:10:32 F147 TEST] INFO:     BAT: SALT 44(27) [0m
[37m[16:10:32 F147 TEST] INFO:     BAT: PADIKKAL 11(7) [0m
[37m[16:10:32 F147 TEST] INFO:     BOWL: NATARAJAN 0-13 (0.5)[0m
[37m[16:10:32 F147 TEST] INFO:   [DIRECT] Batter updates: ['SALT: ext=44(27) → tracker=44(27) [was 44(27)]', 'PADIKKAL: ext=11(7) → tracker=11(7) [was 11(7)]'][0m
[37m[16:10:32 F147 TEST] INFO:   [DIRECT] score→78[0m
[37m[16:10:32 F147 TEST] INFO:   [DIRECT] overs→7.5[0m
[37m[16:10:32 F147 TEST] INFO:   [DIRECT] wickets→1[0m
[37m[16:10:33 F147 SCORER] INFO: Scored in 0.9s (llama-4-scout-17b-16e-instruct)[0m
[37m[16:10:33 F147 TEST] INFO:   [S] Hint: Current batters: SALT and PADIKKAL. Bowler: NATARAJAN. Read their stats from the scoreboard. ALREADY DISMISSED (do NOT dismiss again): Virat Kohli[0m
[37m[16:10:33 F147 TEST] INFO:   [FLOW] Extractor batters not in scorer: {'PADIKKAL', 'SALT'}[0m
[37m[16:10:33 F147 TEST] INFO:   [WICKET-TRACK] Wicket at F147[0m
[37m[16:10:33 F147 TEST] INFO:   [S 907ms] Changes: ['score→78', 'overs→7.5', 'wickets→1', 'bat:Philip Salt=44(27)', 'bat:Devdutt Padikkal=11(7)', 'bowl:T Natarajan'][0m
[37m[16:10:33 F147 TEST] INFO:   Total: 2187ms (V:613 E:666 S:907)[0m
[37m[16:10:33 F147 TEST] INFO:   [THIS OVER] ['1', '6', '.', '1', '1'] = 9 runs[0m
[37m[16:10:33 F147 COMMENTARY] INFO: [BALL ✓] DOT | 7.5 +0 runs (queued)[0m
[37m[16:10:33 F147 TEST] INFO:   [THIS-OVER] Ball DOT appended to over 7[0m
[37m[16:10:46 F147 TEST] INFO:   [DELIVERY SKIPPED] reason=no_bowler_end_block (12692ms, method=vlm)[0m
[37m[16:10:46 F147 TEST] INFO:   STATE: Royal Challengers Bengaluru 78-1 (7.5) inn=1 RR=9.96 | Bat: Philip Salt(44) Devdutt Padikkal*(11) | Bowl: T Natarajan 0-13[0m
[37m[16:10:46 F147 TEST] INFO:   [SHADOW] SM=None BED=DOT MISSED[0m
[37m[16:10:46 F147 TEST] INFO:   [BALL EVENT ✓] DOT | 7.5 | +0 runs (Δballs=0) | The camera shows a player in an orange jersey walking on the[0m
[37m[16:10:46 F147 TEST] INFO: DETAIL|F147|SCOREBOARD|tag=SCOREBOARD|scout=STRIP: RCB 78-1 (7.5) | SALT 44(27) | PADIKKAL 11(7) | NATARAJAN 0-13 (0.5)|action=The camera shows a player in an orange jersey walking on the field.|ext_score=78-1(7.5)|ext_bat=SALT 44(27) | PADIKKAL 11(7)|ext_bowl=NATARAJAN 0-13 (0.5)|scorer_changes=['score→78', 'overs→7.5', 'wickets→1', 'bat:Philip Salt=44(27)', 'bat:Devdutt Padikkal=11(7)', 'bowl:T Natarajan']|yolo=0|BEFORE_score=78-1(7.5)|BEFORE_bat1=Philip Salt 44(27)|BEFORE_bat2=Devdutt Padikkal 11(7)|BEFORE_bowl=T Natarajan 0-13 (0.5)|BEFORE_this_over=['1', '6', '.', '1', '1']|AFTER_score=78-1(7.5)|AFTER_bat1=Philip Salt 44(27)|AFTER_bat2=Devdutt Padikkal 11(7)|AFTER_bowl=T Natarajan 0-13 (0.5)|AFTER_this_over=['6', '.', '1', '1', '.']|AFTER_this_over_src=6(obs),.(obs),1(obs),1(obs),.(obs)|AFTER_striker=Devdutt Padikkal|AFTER_non_striker=Philip Salt|AFTER_run_rate=9.96|AFTER_target=—|AFTER_innings=1|AFTER_partnership=23(14)|AFTER_fow_count=1|AFTER_field=pace_middle frozen=True fielders=['slip_2', 'deep_square_leg', 'cover_point', 'square_leg', 'deep_point', 'deep_backward_pt', 'point', 'cover', 'mid_off']|ball_event=DOT|ball_event_runs=0|ball_event_over=7.5|ball_event_extra=—|ball_event_free_hit=—|broadcast_extra=—|dismissal_mode=—|striker_this_ball=Devdutt Padikkal|delivery_length=unknown|delivery_line=unknown|delivery_angle=unknown|delivery_shot=defended|delivery_direction=unknown|delivery_elevation=defended|delivery_bounce=unknown|delivery_dets=0|delivery_method=vlm|delivery_snap_dets=—|delivery_3layer_dets=—|delivery_det_rate=0.00|delivery_dir_zone=—|delivery_dir_conf=none|delivery_pitch_pos=—|delivery_shot_action=—|delivery_swing=—|delivery_speed_vlm=—|delivery_vlm_conf=—|delivery_vlm_ms=—|speed_kph=—|venue=—|batting_team=Royal Challengers Bengaluru|match_info=IPL 2026|completed_over=—|completed_over_runs=—|drs_state=NONE|corrections=none|lat_vision=613|lat_extract=666|lat_scorer=907|lat_field=48|lat_comm=0|lat_code=12646|lat_total=14881|comm_bowler=T Natarajan|comm_wire=—|comm_storyteller=—|comm_analyst=—|comm_colour=—|comm_wire_ms=0|comm_story_ms=0|comm_analyst_ms=0|comm_colour_ms=0[0m
[37m[16:10:48 F148 VISION] INFO: [SCOUT] SCOREBOARD 586ms strip=True overlay=False drs=False digits=True 196 chars[0m
[37m[16:10:48 F148 TEST] INFO: [SLEEP] Burst mode ON — last ball of over[0m
[37m[16:10:48 F148 TEST] INFO: 
=======================================================[0m
[37m[16:10:48 F148 TEST] INFO: [F148] SCOREBOARD — #101[0m
[37m[16:10:48 F148 TEST] INFO:   [V 590ms] STRIP: RCB 78-1 (7.5) | SALT 44(27) | PADIKKAL 11(7) | NATARAJAN 0-13 (0.5)[0m
[37m[16:10:49 F148 EXTRACT] INFO: Extracted in 0.9s (llama-4-scout-17b-16e-instruct)[0m
[37m[16:10:49 F148 TEST] INFO:   [E 919ms] visible_team=Royal Challengers Bengaluru score=78-1 (7.5) target=None rr=None[0m
[37m[16:10:49 F148 TEST] INFO:     BAT: SALT 44(27) [0m
[37m[16:10:49 F148 TEST] INFO:     BAT: PADIKKAL 11(7) [0m
[37m[16:10:49 F148 TEST] INFO:     BOWL: NATARAJAN 0-13 (0.5)[0m
[37m[16:10:49 F148 TEST] INFO:   [DIRECT] Batter updates: ['SALT: ext=44(27) → tracker=44(27) [was 44(27)]', 'PADIKKAL: ext=11(7) → tracker=11(7) [was 11(7)]'][0m
[37m[16:10:49 F148 TEST] INFO:   [DIRECT] score→78[0m
[37m[16:10:49 F148 TEST] INFO:   [DIRECT] overs→7.5[0m
[37m[16:10:49 F148 TEST] INFO:   [DIRECT] wickets→1[0m
[37m[16:10:50 F148 SCORER] INFO: Scored in 1.0s (llama-4-scout-17b-16e-instruct)[0m
[37m[16:10:50 F148 TEST] INFO:   [S] Hint: Current batters: SALT and PADIKKAL. Bowler: NATARAJAN. Read their stats from the scoreboard. ALREADY DISMISSED (do NOT dismiss again): Virat Kohli[0m
[37m[16:10:50 F148 TEST] INFO:   [FLOW] Extractor batters not in scorer: {'PADIKKAL', 'SALT'}[0m
[37m[16:10:50 F148 TEST] INFO:   [WICKET-TRACK] Wicket at F148[0m
[37m[16:10:50 F148 TEST] INFO:   [S 1023ms] Changes: ['score→78', 'overs→7.5', 'wickets→1', 'bat:Philip Salt=44(27)', 'bat:Devdutt Padikkal=11(7)', 'bowl:T Natarajan'][0m
[37m[16:10:50 F148 TEST] INFO:   Total: 2532ms (V:590 E:919 S:1023)[0m
[37m[16:10:50 F148 TEST] INFO:   [THIS OVER] ['6', '.', '1', '1', '.'] = 8 runs[0m
[37m[16:10:50 F148 TEST] INFO:   STATE: Royal Challengers Bengaluru 78-1 (7.5) inn=1 RR=9.96 | Bat: Philip Salt(44) Devdutt Padikkal*(11) | Bowl: T Natarajan 0-13[0m
[37m[16:10:50 F148 TEST] INFO:   [ACTION] The bowler, Natarajan, is bowling to Salt.[0m
[37m[16:10:50 F148 FIELD] INFO: [F148] IC-backward_point moved to IC-gully[0m
[37m[16:10:50 F148 FIELD] INFO: [F148] OC-deep_cover_point moved to OC-deep_backward_point[0m
[37m[16:10:50 F148 FIELD] INFO: [F148] OC-deep_cover_point moved to OC-deep_gully[0m
[37m[16:10:50 F148 FIELD] INFO: [F148] IC-short_leg_area pushed back — defensive[0m
[37m[16:10:50 F148 TEST] INFO: DETAIL|F148|SCOREBOARD|tag=SCOREBOARD|scout=STRIP: RCB 78-1 (7.5) | SALT 44(27) | PADIKKAL 11(7) | NATARAJAN 0-13 (0.5)|action=The bowler, Natarajan, is bowling to Salt.|ext_score=78-1(7.5)|ext_bat=SALT 44(27) | PADIKKAL 11(7)|ext_bowl=NATARAJAN 0-13 (0.5)|scorer_changes=['score→78', 'overs→7.5', 'wickets→1', 'bat:Philip Salt=44(27)', 'bat:Devdutt Padikkal=11(7)', 'bowl:T Natarajan']|yolo=5|BEFORE_score=78-1(7.5)|BEFORE_bat1=Philip Salt 44(27)|BEFORE_bat2=Devdutt Padikkal 11(7)|BEFORE_bowl=T Natarajan 0-13 (0.5)|BEFORE_this_over=['6', '.', '1', '1', '.']|AFTER_score=78-1(7.5)|AFTER_bat1=Philip Salt 44(27)|AFTER_bat2=Devdutt Padikkal 11(7)|AFTER_bowl=T Natarajan 0-13 (0.5)|AFTER_this_over=['6', '.', '1', '1', '.']|AFTER_this_over_src=6(obs),.(obs),1(obs),1(obs),.(obs)|AFTER_striker=Devdutt Padikkal|AFTER_non_striker=Philip Salt|AFTER_run_rate=9.96|AFTER_target=—|AFTER_innings=1|AFTER_partnership=23(14)|AFTER_fow_count=1|AFTER_field=pace_middle frozen=True fielders=['slip_2', 'deep_square_leg', 'cover_point', 'square_leg', 'deep_point', 'deep_backward_pt', 'point', 'cover', 'mid_off']|ball_event=—|ball_event_runs=—|ball_event_over=—|ball_event_extra=—|ball_event_free_hit=—|broadcast_extra=—|dismissal_mode=—|striker_this_ball=Devdutt Padikkal|delivery_length=—|delivery_line=—|delivery_angle=—|delivery_shot=—|delivery_direction=—|delivery_elevation=—|delivery_bounce=—|delivery_dets=0|delivery_method=—|delivery_snap_dets=—|delivery_3layer_dets=—|delivery_det_rate=—|delivery_dir_zone=—|delivery_dir_conf=0|delivery_pitch_pos=—|delivery_shot_action=—|delivery_swing=—|delivery_speed_vlm=—|delivery_vlm_conf=—|delivery_vlm_ms=—|speed_kph=—|venue=—|batting_team=Royal Challengers Bengaluru|match_info=IPL 2026|completed_over=—|completed_over_runs=—|drs_state=NONE|corrections=none|lat_vision=590|lat_extract=919|lat_scorer=1023|lat_field=57|lat_comm=0|lat_code=0|lat_total=2534|comm_bowler=T Natarajan|comm_wire=—|comm_storyteller=—|comm_analyst=—|comm_colour=—|comm_wire_ms=0|comm_story_ms=0|comm_analyst_ms=0|comm_colour_ms=0[0m
[37m[16:10:50 F149 VISION] INFO: [SCOUT] SCOREBOARD 501ms strip=True overlay=False drs=False digits=True 227 chars[0m
[37m[16:10:50 F149 TEST] INFO: 
=======================================================[0m
[37m[16:10:50 F149 TEST] INFO: [F149] SCOREBOARD — #102[0m
[37m[16:10:50 F149 TEST] INFO:   [V 504ms] STRIP: RCB 79-1 (8) | SALT 45(28) | PADIKKAL 11(7) | 

INFO_PANEL: 
SPEED: 132.8
EXTRA: 
THIS OVER: 
FULL SCORECARD: 

The bowler is bowling at a high speed.[0m
[37m[16:10:51 F149 EXTRACT] INFO: Extracted in 0.6s (llama-4-scout-17b-16e-instruct)[0m
[37m[16:10:51 F149 TEST] INFO:   [E 608ms] visible_team=Royal Challengers Bengaluru score=79-1 (8) target=None rr=None[0m
[37m[16:10:51 F149 TEST] INFO:     BAT: SALT 45(28) [0m
[37m[16:10:51 F149 TEST] INFO:     BAT: PADIKKAL 11(7) [0m
[37m[16:10:51 F149 TRACK] INFO: bat:Philip Salt:runs: 44 → 45 (fast-confirm, natural increment F149)[0m
[37m[16:10:51 F149 TRACK] INFO: bat:Philip Salt:balls: 27 → 28 (fast-confirm, natural increment F149)[0m
[37m[16:10:51 F149 BOARD] INFO: Philip Salt: 44(27) -> 45(28) [F149][0m
[37m[16:10:51 F149 TEST] INFO:   [DIRECT] Batter updates: ['SALT: ext=45(28) → tracker=45(28) [was 44(27)]', 'PADIKKAL: ext=11(7) → tracker=11(7) [was 11(7)]'][0m
[37m[16:10:51 F149 TEST] INFO:   [STRIKER] Balls-faced: Philip Salt (was Devdutt Padikkal)[0m
[37m[16:10:51 F149 TRACK] INFO: score: 78 → 79 (post-event immediate, grace=1)[0m
[37m[16:10:51 F149 BOARD] INFO: score: 78 -> 79 [F149][0m
[37m[16:10:51 F149 TEST] INFO:   [DIRECT] score→79[0m
[37m[16:10:51 F149 TRACK] INFO: overs: 7.5 → 8.0 (post-event immediate, grace=0)[0m
[37m[16:10:51 F149 BOARD] INFO: overs: 7.5 -> 8.0 [F149][0m
[37m[16:10:51 F149 TEST] INFO:   [DIRECT] overs→8[0m
[37m[16:10:51 F149 TEST] INFO:   [DIRECT] wickets→1[0m
[37m[16:10:52 F149 SCORER] INFO: Scored in 0.8s (llama-4-scout-17b-16e-instruct)[0m
[37m[16:10:52 F149 TEST] INFO:   [S] Hint: Current batters: SALT and PADIKKAL. Bowler: T Natarajan. Read their stats from the scoreboard. ALREADY DISMISSED (do NOT dismiss again): Virat Kohli[0m
[37m[16:10:52 F149 TEST] INFO:   [FLOW] Extractor batters not in scorer: {'PADIKKAL', 'SALT'}[0m
[37m[16:10:52 F149 TEST] INFO:   [S 839ms] Changes: ['score→79', 'overs→8.0', 'bat:Philip Salt=45(28)', 'bat:Devdutt Padikkal=11(7)'][0m
[37m[16:10:52 F149 TEST] INFO:   Total: 1952ms (V:504 E:608 S:839)[0m
[37m[16:10:52 F149 TEST] INFO:   [THIS OVER] ['6', '.', '1', '1', '.'] = 8 runs[0m
[37m[16:10:52 F149 COMMENTARY] INFO: [BALL ✓] 1_RUNS | 8.0 +1 runs (Δballs=1)[0m
[37m[16:10:52 F149 TEST] INFO:   [THIS-OVER] Ball 1_RUNS appended to over 7[0m
[37m[16:10:52 F149 TEST] INFO:   [STRIKER] Rotated: Devdutt Padikkal ← Philip Salt[0m
[37m[16:11:10 F149 TEST] INFO:   [DELIVERY SKIPPED] reason=vlm_reject_between_overs_filler (18052ms, method=vlm)[0m
[37m[16:11:10 F149 OVER] INFO: Last-ball runs: +5 appended to over 7 (src=synth)[0m
[37m[16:11:10 F149 OVER] INFO: Over 7 complete: ['6', '.', '1', '1', '.', '1', '5'] = 14 runs, 0 wkts (by T Natarajan)[0m
[37m[16:11:10 F149 TEST] INFO:   [STRIKER] Over change rotation: Philip Salt ← Devdutt Padikkal[0m
[37m[16:11:10 F149 TEST] INFO:   [OVER CHANGE] → 8.0[0m
[37m[16:11:10 F149 BOARD] INFO: run_rate: 9.96 -> 9.88 [F149][0m
[37m[16:11:10 F149 TEST] INFO:   STATE: Royal Challengers Bengaluru 79-1 (8.0) inn=1 RR=9.88 | Bat: Philip Salt*(45) Devdutt Padikkal(11) | Bowl: T Natarajan 0-13[0m
[37m[16:11:10 F149 SCORE_MGR] INFO: [SM] RUNS  79/1 (8.0)  striker=SALT[0m
[37m[16:11:10 F149 TEST] INFO:   [SHADOW] SM=RUNS BED=1_RUNS MATCH[0m
[37m[16:11:10 F149 TEST] INFO:   [COMM 558ms] wire(0ms), storyteller(557ms)[0m
[37m[16:11:10 F149 TEST] INFO:   [BALL EVENT ✓] 1_RUNS | 8.0 | +1 runs (Δballs=0)[0m
[37m[16:11:10 F149 TEST] INFO: DETAIL|F149|SCOREBOARD|tag=SCOREBOARD|scout=STRIP: RCB 79-1 (8) | SALT 45(28) | PADIKKAL 11(7) |   INFO_PANEL:  SPEED: 132.8 EXTRA:  THIS OVER:  FULL SCORECARD:   T|action=—|ext_score=79-1(8)|ext_bat=SALT 45(28) | PADIKKAL 11(7)|ext_bowl=|scorer_changes=['score→79', 'overs→8.0', 'bat:Philip Salt=45(28)', 'bat:Devdutt Padikkal=11(7)']|yolo=0|BEFORE_score=78-1(7.5)|BEFORE_bat1=Philip Salt 44(27)|BEFORE_bat2=Devdutt Padikkal 11(7)|BEFORE_bowl=T Natarajan 0-13 (0.5)|BEFORE_this_over=['6', '.', '1', '1', '.']|AFTER_score=79-1(8.0)|AFTER_bat1=Philip Salt 45(28)|AFTER_bat2=Devdutt Padikkal 11(7)|AFTER_bowl=T Natarajan 0-13 (0.5)|AFTER_this_over=['6', '.', '1', '1', '.', '1', '5']|AFTER_this_over_src=6(obs),.(obs),1(obs),1(obs),.(obs),1(obs),5(obs)|AFTER_striker=Philip Salt|AFTER_non_striker=Devdutt Padikkal|AFTER_run_rate=9.88|AFTER_target=—|AFTER_innings=1|AFTER_partnership=24(15)|AFTER_fow_count=1|AFTER_field=pace_middle frozen=False fielders=['slip_2', 'deep_square_leg', 'cover_point', 'square_leg', 'deep_point', 'deep_backward_pt', 'point', 'cover', 'mid_off']|ball_event=1_RUNS|ball_event_runs=1|ball_event_over=8.0|ball_event_extra=—|ball_event_free_hit=—|broadcast_extra=—|dismissal_mode=—|striker_this_ball=Philip Salt|delivery_length=unknown|delivery_line=unknown|delivery_angle=unknown|delivery_shot=along_ground|delivery_direction=unknown|delivery_elevation=along_ground|delivery_bounce=unknown|delivery_dets=0|delivery_method=vlm|delivery_snap_dets=—|delivery_3layer_dets=—|delivery_det_rate=0.00|delivery_dir_zone=unknown|delivery_dir_conf=none|delivery_pitch_pos=—|delivery_shot_action=unknown|delivery_swing=—|delivery_speed_vlm=—|delivery_vlm_conf=high|delivery_vlm_ms=693|speed_kph=—|venue=—|batting_team=Royal Challengers Bengaluru|match_info=IPL 2026|completed_over=['6', '.', '1', '1', '.']|completed_over_runs=8|drs_state=NONE|corrections=none|lat_vision=504|lat_extract=608|lat_scorer=839|lat_field=43|lat_comm=558|lat_code=18011|lat_total=20563|comm_bowler=T Natarajan|comm_wire=8.0: T Natarajan to SALT — 1 run (135.0 kph). 79/1|comm_storyteller=The batter nudges a good-length delivery to the , and they take a quick single to keep the scoreboard ticking. The fielder chases down the ball, but can't prevent the run. The crowd applauds as the ba|comm_analyst=—|comm_colour=—|comm_wire_ms=0|comm_story_ms=557|comm_analyst_ms=0|comm_colour_ms=0[0m
[37m[16:11:12 F150 VISION] INFO: [SCOUT] SCOREBOARD 682ms strip=True overlay=False drs=False digits=True 188 chars[0m
[37m[16:11:12 F150 TEST] INFO: 
=======================================================[0m
[37m[16:11:12 F150 TEST] INFO: [F150] SCOREBOARD — #103[0m
[37m[16:11:12 F150 TEST] INFO:   [V 685ms] STRIP: DC 57-0 (6.2) | Salt 17(11) | Padiakkal 39(23) | Natarajan 0-31 (2)[0m
[37m[16:11:13 F150 EXTRACT] INFO: Extracted in 1.1s (llama-4-scout-17b-16e-instruct)[0m
[37m[16:11:13 F150 TEST] INFO:   [GUARD] Visible team 'Delhi Capitals' is bowling team — comparison strip, ALL data stripped (1/30)[0m
[37m[16:11:13 F150 TEST] INFO:   [E 1103ms] visible_team=Delhi Capitals score=None-None (None) target=None rr=None[0m
[37m[16:11:13 F150 TEST] INFO:   [POISONED] Extracted score 57 vs tracker 79 (delta=-22) — blocking ALL updates this frame[0m
[37m[16:11:14 F150 SCORER] INFO: Scored in 0.9s (llama-4-scout-17b-16e-instruct)[0m
[37m[16:11:14 F150 TEST] INFO:   [S] Hint: Current batters: SALT and PADIKKAL. Bowler: NATARAJAN. Read their stats from the scoreboard. ALREADY DISMISSED (do NOT dismiss again): Virat Kohli[0m
[37m[16:11:14 F150 TEST] INFO:   [CONSENSUS] Poisoned score 57 frame 1/2, waiting[0m
[37m[16:11:14 F150 TEST] INFO:   [S 903ms] Changes: ['FRAME_POISONED:57'][0m
[37m[16:11:14 F150 TEST] INFO:   Total: 2692ms (V:685 E:1103 S:903)[0m
[37m[16:11:14 F150 TEST] INFO:   [THIS OVER] ['6', '.', '1', '1', '.', '1', '5'] = 14 runs[0m
[37m[16:11:14 F150 TEST] INFO:   STATE: Royal Challengers Bengaluru 79-1 (8.0) inn=1 RR=9.88 | Bat: Philip Salt*(45) Devdutt Padikkal(11) | Bowl: T Natarajan 0-13[0m
[37m[16:11:14 F150 TEST] INFO:   [CONSISTENCY] T Natarajan overs 0.5 → 1.0 (team @ 8.0, bowler must finish over)[0m
[37m[16:11:14 F150 TEST] INFO:   [CONSISTENCY] T Natarajan overs 0.5 → 1.0 (team @ 8.0, bowler must finish over)[0m
[37m[16:11:14 F150 TEST] INFO:   [ACTION] The bowler is delivering the ball.[0m
[37m[16:11:14 F150 FIELD] INFO: [F150] IC-gully moved to IC-point[0m
[37m[16:11:14 F150 FIELD] INFO: [F150] OC-deep_gully moved to OC-deep_cover_point[0m
[37m[16:11:14 F150 FIELD] INFO: [F150] OC-deep_cover_point moved to OC-deep_cover[0m
[37m[16:11:14 F150 FIELD] INFO: [F150] IC-cover brought in — attacking[0m
[37m[16:11:14 F150 FIELD] INFO: [F150] IC-midwicket brought in — attacking[0m
[37m[16:11:14 F150 FIELD] INFO: [F150] defensive | total:9 (yolo:9 vis:0) | slips:0 in:4 out:5 | keeper:back | fresh:0 balls ago | conf:1.0 | 43ms[0m
[37m[16:11:14 F150 TEST] INFO: DETAIL|F150|SCOREBOARD|tag=SCOREBOARD|scout=STRIP: DC 57-0 (6.2) | Salt 17(11) | Padiakkal 39(23) | Natarajan 0-31 (2)|action=The bowler is delivering the ball.|ext_score=None-None(None)|ext_bat=|ext_bowl=|scorer_changes=['FRAME_POISONED:57']|yolo=9|BEFORE_score=79-1(8.0)|BEFORE_bat1=Philip Salt 45(28)|BEFORE_bat2=Devdutt Padikkal 11(7)|BEFORE_bowl=T Natarajan 0-13 (0.5)|BEFORE_this_over=['6', '.', '1', '1', '.', '1', '5']|AFTER_score=79-1(8.0)|AFTER_bat1=Philip Salt 45(28)|AFTER_bat2=Devdutt Padikkal 11(7)|AFTER_bowl=T Natarajan 0-13 (0.5)|AFTER_this_over=['6', '.', '1', '1', '.', '1', '5']|AFTER_this_over_src=6(obs),.(obs),1(obs),1(obs),.(obs),1(obs),5(obs)|AFTER_striker=Philip Salt|AFTER_non_striker=Devdutt Padikkal|AFTER_run_rate=9.88|AFTER_target=—|AFTER_innings=1|AFTER_partnership=24(15)|AFTER_fow_count=1|AFTER_field=pace_middle frozen=True fielders=['deep_point', 'deep_backward_pt', 'forward_short_leg', 'silly_point', 'slip_2', 'deep_square_leg', 'point', 'silly_mid_off', 'cover_point']|ball_event=—|ball_event_runs=—|ball_event_over=—|ball_event_extra=—|ball_event_free_hit=—|broadcast_extra=—|dismissal_mode=—|striker_this_ball=Philip Salt|delivery_length=—|delivery_line=—|delivery_angle=—|delivery_shot=—|delivery_direction=—|delivery_elevation=—|delivery_bounce=—|delivery_dets=0|delivery_method=—|delivery_snap_dets=—|delivery_3layer_dets=—|delivery_det_rate=—|delivery_dir_zone=—|delivery_dir_conf=0|delivery_pitch_pos=—|delivery_shot_action=—|delivery_swing=—|delivery_speed_vlm=—|delivery_vlm_conf=—|delivery_vlm_ms=—|speed_kph=—|venue=—|batting_team=Royal Challengers Bengaluru|match_info=IPL 2026|completed_over=—|completed_over_runs=—|drs_state=NONE|corrections=none|lat_vision=685|lat_extract=1103|lat_scorer=903|lat_field=43|lat_comm=0|lat_code=0|lat_total=2693|comm_bowler=T Natarajan|comm_wire=—|comm_storyteller=—|comm_analyst=—|comm_colour=—|comm_wire_ms=0|comm_story_ms=0|comm_analyst_ms=0|comm_colour_ms=0[0m
[37m[16:11:15 F151 TEST] INFO:   [CONSISTENCY] T Natarajan overs 0.5 → 1.0 (team @ 8.0, bowler must finish over)[0m
[37m[16:11:15 F151 TEST] INFO:   [CONSISTENCY] T Natarajan overs 0.5 → 1.0 (team @ 8.0, bowler must finish over)[0m
[37m[16:11:16 F152 VISION] INFO: [SCOUT] ADVERTISEMENT 382ms strip=False overlay=False drs=False digits=False 83 chars[0m
[37m[16:11:16 F152 TEST] INFO: [F152] AD 385ms (#15)[0m
[37m[16:11:17 F153 TEST] INFO:   [CONSISTENCY] T Natarajan overs 0.5 → 1.0 (team @ 8.0, bowler must finish over)[0m
[37m[16:11:17 F153 TEST] INFO:   [CONSISTENCY] T Natarajan overs 0.5 → 1.0 (team @ 8.0, bowler must finish over)[0m
[37m[16:11:18 F155 TEST] INFO: [F155] Pixel skip #10[0m
[37m[16:11:18 F155 TEST] INFO: [F155] Force-processing after 10 pixel skips[0m
[37m[16:11:19 F155 VISION] INFO: [SCOUT] ADVERTISEMENT 412ms strip=False overlay=False drs=False digits=False 83 chars[0m
[37m[16:11:19 F155 TEST] INFO: [F155] AD 415ms (#16)[0m
[37m[16:11:19 F155 TEST] INFO:   [CONSISTENCY] T Natarajan overs 0.5 → 1.0 (team @ 8.0, bowler must finish over)[0m
[37m[16:11:19 F155 TEST] INFO:   [CONSISTENCY] T Natarajan overs 0.5 → 1.0 (team @ 8.0, bowler must finish over)[0m
[37m[16:11:20 F156 TEST] INFO:   [CONSISTENCY] T Natarajan overs 0.5 → 1.0 (team @ 8.0, bowler must finish over)[0m
[37m[16:11:20 F156 TEST] INFO:   [CONSISTENCY] T Natarajan overs 0.5 → 1.0 (team @ 8.0, bowler must finish over)[0m
[37m[16:11:21 F158 TEST] INFO:   [CONSISTENCY] T Natarajan overs 0.5 → 1.0 (team @ 8.0, bowler must finish over)[0m
[37m[16:11:21 F158 TEST] INFO:   [CONSISTENCY] T Natarajan overs 0.5 → 1.0 (team @ 8.0, bowler must finish over)[0m
[37m[16:11:22 F160 OVER] INFO: Completed over flushed (hold-window 12s elapsed (display)): ['6', '.', '1', '1', '.', '1', '5'] → [][0m
[37m[16:11:23 F160 VISION] INFO: [SCOUT] ADVERTISEMENT 387ms strip=False overlay=False drs=False digits=False 83 chars[0m
[37m[16:11:23 F160 TEST] INFO: [F160] AD 389ms (#17)[0m
[37m[16:11:23 F160 TEST] INFO:   [CONSISTENCY] T Natarajan overs 0.5 → 1.0 (team @ 8.0, bowler must finish over)[0m
[37m[16:11:23 F160 TEST] INFO:   [CONSISTENCY] T Natarajan overs 0.5 → 1.0 (team @ 8.0, bowler must finish over)[0m
[37m[16:11:24 F161 TEST] INFO:   [CONSISTENCY] T Natarajan overs 0.5 → 1.0 (team @ 8.0, bowler must finish over)[0m
[37m[16:11:24 F161 TEST] INFO:   [CONSISTENCY] T Natarajan overs 0.5 → 1.0 (team @ 8.0, bowler must finish over)[0m
[37m[16:11:25 F162 VISION] INFO: [SCOUT] SCOREBOARD 540ms strip=True overlay=False drs=False digits=False 226 chars[0m
[37m[16:11:25 F162 VISION] INFO: [SCOUT] Preview: {"has_strip": true, "has_overlay_stats": false, "drs_review": false}
STRIP: RCB 0-0 (0.0) | Salt 0(0) | PadiKKAL 0(0) | Natarajan 0-0 (0.0)
ACTION: The game is currently in progress with the bowlers a[0m
[37m[16:11:25 F162 TEST] INFO: 
=======================================================[0m
[37m[16:11:25 F162 TEST] INFO: [F162] SCOREBOARD — #104[0m
[37m[16:11:25 F162 TEST] INFO:   [V 542ms] STRIP: RCB 0-0 (0.0) | Salt 0(0) | PadiKKAL 0(0) | Natarajan 0-0 (0.0)[0m
[37m[16:11:25 F162 EXTRACT] INFO: Extracted in 0.6s (llama-4-scout-17b-16e-instruct)[0m
[37m[16:11:25 F162 TEST] INFO:   [GUARD] Extractor returned 0-0(0.0) mid-innings (current score=79) — stripping all data[0m
[37m[16:11:25 F162 TEST] INFO:   [E 645ms] visible_team=None score=None-None (None) target=None rr=None[0m
[37m[16:11:26 F162 SCORER] INFO: Scored in 0.9s (llama-4-scout-17b-16e-instruct)[0m
[37m[16:11:26 F162 TEST] INFO:   [S] Hint: Current batters: SALT and PADIKKAL. Bowler: NATARAJAN ALREADY DISMISSED (do NOT dismiss again): Virat Kohli[0m
[37m[16:11:26 F162 TEST] INFO:   [S 883ms] Changes: ['FRAME_POISONED:None'][0m
[37m[16:11:26 F162 TEST] INFO:   Total: 2070ms (V:542 E:645 S:883)[0m
[37m[16:11:26 F162 TEST] INFO:   STATE: Royal Challengers Bengaluru 79-1 (8.0) inn=1 RR=9.88 | Bat: Philip Salt*(45) Devdutt Padikkal(11) | Bowl: T Natarajan 0-13[0m
[37m[16:11:26 F162 TEST] INFO:   [CONSISTENCY] T Natarajan overs 0.5 → 1.0 (team @ 8.0, bowler must finish over)[0m
[37m[16:11:26 F162 TEST] INFO:   [CONSISTENCY] T Natarajan overs 0.5 → 1.0 (team @ 8.0, bowler must finish over)[0m
[37m[16:11:26 F162 TEST] INFO:   [ACTION] The game is currently in progress with the bowlers and batters ready to start.[0m
[37m[16:11:26 F162 TEST] INFO: DETAIL|F162|SCOREBOARD|tag=SCOREBOARD|scout=STRIP: RCB 0-0 (0.0) | Salt 0(0) | PadiKKAL 0(0) | Natarajan 0-0 (0.0)|action=The game is currently in progress with the bowlers and batters ready to start.|ext_score=None-None(None)|ext_bat=|ext_bowl=|scorer_changes=['FRAME_POISONED:None']|yolo=0|BEFORE_score=79-1(8.0)|BEFORE_bat1=Philip Salt 45(28)|BEFORE_bat2=Devdutt Padikkal 11(7)|BEFORE_bowl=T Natarajan 0-13 (0.5)|BEFORE_this_over=[]|AFTER_score=79-1(8.0)|AFTER_bat1=Philip Salt 45(28)|AFTER_bat2=Devdutt Padikkal 11(7)|AFTER_bowl=T Natarajan 0-13 (0.5)|AFTER_this_over=[]|AFTER_this_over_src=|AFTER_striker=Philip Salt|AFTER_non_striker=Devdutt Padikkal|AFTER_run_rate=9.88|AFTER_target=—|AFTER_innings=1|AFTER_partnership=24(15)|AFTER_fow_count=1|AFTER_field=pace_middle frozen=True fielders=['deep_point', 'deep_backward_pt', 'forward_short_leg', 'silly_point', 'slip_2', 'deep_square_leg', 'point', 'silly_mid_off', 'cover_point']|ball_event=—|ball_event_runs=—|ball_event_over=—|ball_event_extra=—|ball_event_free_hit=—|broadcast_extra=—|dismissal_mode=—|striker_this_ball=Philip Salt|delivery_length=—|delivery_line=—|delivery_angle=—|delivery_shot=—|delivery_direction=—|delivery_elevation=—|delivery_bounce=—|delivery_dets=0|delivery_method=—|delivery_snap_dets=—|delivery_3layer_dets=—|delivery_det_rate=—|delivery_dir_zone=—|delivery_dir_conf=0|delivery_pitch_pos=—|delivery_shot_action=—|delivery_swing=—|delivery_speed_vlm=—|delivery_vlm_conf=—|delivery_vlm_ms=—|speed_kph=—|venue=—|batting_team=Royal Challengers Bengaluru|match_info=IPL 2026|completed_over=—|completed_over_runs=—|drs_state=NONE|corrections=none|lat_vision=542|lat_extract=645|lat_scorer=883|lat_field=41|lat_comm=0|lat_code=0|lat_total=2071|comm_bowler=T Natarajan|comm_wire=—|comm_storyteller=—|comm_analyst=—|comm_colour=—|comm_wire_ms=0|comm_story_ms=0|comm_analyst_ms=0|comm_colour_ms=0[0m
[37m[16:11:28 F163 VISION] INFO: [SCOUT] ADVERTISEMENT 400ms strip=False overlay=False drs=False digits=False 83 chars[0m
[37m[16:11:28 F163 TEST] INFO: [F163] AD 403ms (#18)[0m
[37m[16:11:28 F163 TEST] INFO:   [CONSISTENCY] T Natarajan overs 0.5 → 1.0 (team @ 8.0, bowler must finish over)[0m
[37m[16:11:28 F163 TEST] INFO:   [CONSISTENCY] T Natarajan overs 0.5 → 1.0 (team @ 8.0, bowler must finish over)[0m
[37m[16:11:29 F164 VISION] INFO: [SCOUT] ADVERTISEMENT 370ms strip=False overlay=False drs=False digits=False 83 chars[0m
[37m[16:11:29 F164 TEST] INFO: [F164] AD 373ms (#19)[0m
[37m[16:11:29 F164 TEST] INFO:   [CONSISTENCY] T Natarajan overs 0.5 → 1.0 (team @ 8.0, bowler must finish over)[0m
[37m[16:11:29 F164 TEST] INFO:   [CONSISTENCY] T Natarajan overs 0.5 → 1.0 (team @ 8.0, bowler must finish over)[0m
[37m[16:11:31 F165 VISION] INFO: [SCOUT] SCOREBOARD 562ms strip=True overlay=False drs=False digits=False 226 chars[0m
[37m[16:11:31 F165 VISION] INFO: [SCOUT] Preview: {"has_strip": true, "has_overlay_stats": false, "drs_review": false}

STRIP: RCB 0-0 (0.0) | Salt 0(0) | Paddikal 0(0) | Natarajan 0-0 (0.0)

ACTION: The bowler, Natarajan, is about to bowl the first [0m
[37m[16:11:31 F165 TEST] INFO: 
=======================================================[0m
[37m[16:11:31 F165 TEST] INFO: [F165] SCOREBOARD — #105[0m
[37m[16:11:31 F165 TEST] INFO:   [V 565ms] STRIP: RCB 0-0 (0.0) | Salt 0(0) | Paddikal 0(0) | Natarajan 0-0 (0.0)[0m
[37m[16:11:32 F165 EXTRACT] INFO: Extracted in 0.7s (llama-4-scout-17b-16e-instruct)[0m
[37m[16:11:32 F165 TEST] INFO:   [GUARD] Extractor returned 0-0(0.0) mid-innings (current score=79) — stripping all data[0m
[37m[16:11:32 F165 TEST] INFO:   [E 727ms] visible_team=Royal Challengers Bengaluru score=None-None (None) target=None rr=None[0m
[37m[16:11:32 F165 SCORER] INFO: Scored in 0.9s (llama-4-scout-17b-16e-instruct)[0m
[37m[16:11:32 F165 TEST] INFO:   [S] Hint: Current batters: Salt and Padikkal. Bowler: T Natarajan ALREADY DISMISSED (do NOT dismiss again): Virat Kohli[0m
[37m[16:11:32 F165 TEST] INFO:   [S 884ms] Changes: ['FRAME_POISONED:None'][0m
[37m[16:11:32 F165 TEST] INFO:   Total: 2176ms (V:565 E:727 S:884)[0m
[37m[16:11:32 F165 TEST] INFO:   STATE: Royal Challengers Bengaluru 79-1 (8.0) inn=1 RR=9.88 | Bat: Philip Salt*(45) Devdutt Padikkal(11) | Bowl: T Natarajan 0-13[0m
[37m[16:11:32 F165 TEST] INFO:   [CONSISTENCY] T Natarajan overs 0.5 → 1.0 (team @ 8.0, bowler must finish over)[0m
[37m[16:11:32 F165 TEST] INFO:   [CONSISTENCY] T Natarajan overs 0.5 → 1.0 (team @ 8.0, bowler must finish over)[0m
[37m[16:11:32 F165 TEST] INFO:   [ACTION] The bowler, Natarajan, is about to bowl the first ball to Salt and Paddikal.[0m
[37m[16:11:32 F165 FIELD] INFO: [F165] IC-midwicket moved to IC-gully[0m
[37m[16:11:32 F165 FIELD] INFO: [F165] OC-wide_long_on moved to OC-deep_extra_cover[0m
[37m[16:11:32 F165 FIELD] INFO: [F165] IC-cover pushed back — defensive[0m
[37m[16:11:32 F165 FIELD] INFO: [F165] OC-long_on moved to OC-third_man_fine[0m
[37m[16:11:32 F165 FIELD] INFO: [F165] OC-deep_extra_cover moved to OC-deep_gully[0m
[37m[16:11:32 F165 TEST] INFO: DETAIL|F165|SCOREBOARD|tag=SCOREBOARD|scout=STRIP: RCB 0-0 (0.0) | Salt 0(0) | Paddikal 0(0) | Natarajan 0-0 (0.0)|action=The bowler, Natarajan, is about to bowl the first ball to Salt and Paddikal.|ext_score=None-None(None)|ext_bat=|ext_bowl=|scorer_changes=['FRAME_POISONED:None']|yolo=5|BEFORE_score=79-1(8.0)|BEFORE_bat1=Philip Salt 45(28)|BEFORE_bat2=Devdutt Padikkal 11(7)|BEFORE_bowl=T Natarajan 0-13 (0.5)|BEFORE_this_over=[]|AFTER_score=79-1(8.0)|AFTER_bat1=Philip Salt 45(28)|AFTER_bat2=Devdutt Padikkal 11(7)|AFTER_bowl=T Natarajan 0-13 (0.5)|AFTER_this_over=[]|AFTER_this_over_src=|AFTER_striker=Philip Salt|AFTER_non_striker=Devdutt Padikkal|AFTER_run_rate=9.88|AFTER_target=—|AFTER_innings=1|AFTER_partnership=24(15)|AFTER_fow_count=1|AFTER_field=pace_middle frozen=True fielders=['deep_point', 'deep_backward_pt', 'forward_short_leg', 'silly_point', 'slip_2', 'deep_square_leg', 'point', 'silly_mid_off', 'cover_point']|ball_event=—|ball_event_runs=—|ball_event_over=—|ball_event_extra=—|ball_event_free_hit=—|broadcast_extra=—|dismissal_mode=—|striker_this_ball=Philip Salt|delivery_length=—|delivery_line=—|delivery_angle=—|delivery_shot=—|delivery_direction=—|delivery_elevation=—|delivery_bounce=—|delivery_dets=0|delivery_method=—|delivery_snap_dets=—|delivery_3layer_dets=—|delivery_det_rate=—|delivery_dir_zone=—|delivery_dir_conf=0|delivery_pitch_pos=—|delivery_shot_action=—|delivery_swing=—|delivery_speed_vlm=—|delivery_vlm_conf=—|delivery_vlm_ms=—|speed_kph=—|venue=—|batting_team=Royal Challengers Bengaluru|match_info=IPL 2026|completed_over=—|completed_over_runs=—|drs_state=NONE|corrections=none|lat_vision=565|lat_extract=727|lat_scorer=884|lat_field=41|lat_comm=0|lat_code=0|lat_total=2177|comm_bowler=T Natarajan|comm_wire=—|comm_storyteller=—|comm_analyst=—|comm_colour=—|comm_wire_ms=0|comm_story_ms=0|comm_analyst_ms=0|comm_colour_ms=0[0m
[37m[16:11:34 F166 VISION] INFO: [SCOUT] ADVERTISEMENT 357ms strip=False overlay=False drs=False digits=False 83 chars[0m
[37m[16:11:34 F166 TEST] INFO: [F166] AD 360ms (#20)[0m
[37m[16:11:34 F166 TEST] INFO:   [CONSISTENCY] T Natarajan overs 0.5 → 1.0 (team @ 8.0, bowler must finish over)[0m
[37m[16:11:34 F166 TEST] INFO:   [CONSISTENCY] T Natarajan overs 0.5 → 1.0 (team @ 8.0, bowler must finish over)[0m
[37m[16:11:35 F167 VISION] INFO: [SCOUT] ADVERTISEMENT 362ms strip=False overlay=False drs=False digits=False 83 chars[0m
[37m[16:11:35 F167 TEST] INFO: [F167] AD 365ms (#21)[0m
[37m[16:11:35 F167 TEST] INFO:   [CONSISTENCY] T Natarajan overs 0.5 → 1.0 (team @ 8.0, bowler must finish over)[0m
[37m[16:11:35 F167 TEST] INFO:   [CONSISTENCY] T Natarajan overs 0.5 → 1.0 (team @ 8.0, bowler must finish over)[0m
[37m[16:11:37 F168 VISION] INFO: [SCOUT] SCOREBOARD 942ms strip=True overlay=False drs=False digits=True 220 chars[0m
[37m[16:11:37 F168 TEST] INFO: 
=======================================================[0m
[37m[16:11:37 F168 TEST] INFO: [F168] SCOREBOARD — #106[0m
[37m[16:11:37 F168 TEST] INFO:   [V 945ms] STRIP: RCB 79-1 8 | SALT 45(28) | PADIKKAL 11(7) | KULDEEP 0-6 (1)[0m
[37m[16:11:38 F168 EXTRACT] INFO: Extracted in 1.1s (llama-4-scout-17b-16e-instruct)[0m
[37m[16:11:38 F168 TEST] INFO:   [E 1075ms] visible_team=Royal Challengers Bengaluru score=79-1 (8) target=None rr=None[0m
[37m[16:11:38 F168 TEST] INFO:     BAT: SALT 45(28) [0m
[37m[16:11:38 F168 TEST] INFO:     BAT: PADIKKAL 11(7) [0m
[37m[16:11:38 F168 TEST] INFO:     BOWL: KULDEEP 0-6 (1)[0m
[37m[16:11:38 F168 TEST] INFO:   [BOWLER] New bowler confirmed: Kuldeep Yadav (was T Natarajan)[0m
[37m[16:11:38 F168 TRACK] INFO: bowl:Kuldeep Yadav:runs: 5 → 6 (post-event immediate, grace=1)[0m
[37m[16:11:38 F168 TRACK] INFO: bowl:Kuldeep Yadav:overs: 0.5 → 1 (post-event immediate, grace=0)[0m
[37m[16:11:38 F168 BOARD] INFO: Kuldeep Yadav: 0/5 (0.5) -> 0/6 (1) [F168][0m
[37m[16:11:38 F168 TEST] INFO:   [DIRECT] Batter updates: ['SALT: ext=45(28) → tracker=45(28) [was 45(28)]', 'PADIKKAL: ext=11(7) → tracker=11(7) [was 11(7)]'][0m
[37m[16:11:38 F168 TEST] INFO:   [DIRECT] score→79[0m
[37m[16:11:38 F168 TEST] INFO:   [DIRECT] overs→8[0m
[37m[16:11:38 F168 TEST] INFO:   [DIRECT] wickets→1[0m
[37m[16:11:39 F168 SCORER] INFO: Scored in 1.0s (llama-4-scout-17b-16e-instruct)[0m
[37m[16:11:39 F168 TEST] INFO:   [S] Hint: Current batters: SALT and PADIKKAL. Bowler: KULDEEP. Read their stats from the scoreboard. ALREADY DISMISSED (do NOT dismiss again): Virat Kohli[0m
[37m[16:11:39 F168 TEST] INFO:   [FLOW] Extractor batters not in scorer: {'PADIKKAL', 'SALT'}[0m
[37m[16:11:39 F168 TEST] INFO:   [WICKET-TRACK] Wicket at F168[0m
[37m[16:11:39 F168 TEST] INFO:   [S 1011ms] Changes: ['score→79', 'overs→8.0', 'wickets→1', 'bat:Philip Salt=45(28)', 'bat:Devdutt Padikkal=11(7)', 'bowl:Kuldeep Yadav'][0m
[37m[16:11:39 F168 TEST] INFO:   Total: 3032ms (V:945 E:1075 S:1011)[0m
[37m[16:11:39 F168 TEST] INFO:   STATE: Royal Challengers Bengaluru 79-1 (8.0) inn=1 RR=9.88 | Bat: Philip Salt*(45) Devdutt Padikkal(11) | Bowl: Kuldeep Yadav 0-6[0m
[37m[16:11:39 F168 TEST] INFO:   [ACTION] The bowler, Kuldeep, is bowling to the current batters, Salt and Padikkal.[0m
[37m[16:11:39 F168 TEST] INFO: DETAIL|F168|SCOREBOARD|tag=SCOREBOARD|scout=STRIP: RCB 79-1 8 | SALT 45(28) | PADIKKAL 11(7) | KULDEEP 0-6 (1)|action=The bowler, Kuldeep, is bowling to the current batters, Salt and Padikkal.|ext_score=79-1(8)|ext_bat=SALT 45(28) | PADIKKAL 11(7)|ext_bowl=KULDEEP 0-6 (1)|scorer_changes=['score→79', 'overs→8.0', 'wickets→1', 'bat:Philip Salt=45(28)', 'bat:Devdutt Padikkal=11(7)', 'bowl:Kuldeep Yadav']|yolo=0|BEFORE_score=79-1(8.0)|BEFORE_bat1=Philip Salt 45(28)|BEFORE_bat2=Devdutt Padikkal 11(7)|BEFORE_bowl=T Natarajan 0-13 (0.5)|BEFORE_this_over=[]|AFTER_score=79-1(8.0)|AFTER_bat1=Philip Salt 45(28)|AFTER_bat2=Devdutt Padikkal 11(7)|AFTER_bowl=Kuldeep Yadav 0-6 (1)|AFTER_this_over=[]|AFTER_this_over_src=|AFTER_striker=Philip Salt|AFTER_non_striker=Devdutt Padikkal|AFTER_run_rate=9.88|AFTER_target=—|AFTER_innings=1|AFTER_partnership=24(15)|AFTER_fow_count=1|AFTER_field=spin_middle frozen=True fielders=['slip_1', 'point', 'cover', 'mid_off', 'mid_on', 'midwicket', 'deep_midwicket', 'long_on', 'deep_square_leg']|ball_event=—|ball_event_runs=—|ball_event_over=—|ball_event_extra=—|ball_event_free_hit=—|broadcast_extra=—|dismissal_mode=—|striker_this_ball=Philip Salt|delivery_length=—|delivery_line=—|delivery_angle=—|delivery_shot=—|delivery_direction=—|delivery_elevation=—|delivery_bounce=—|delivery_dets=0|delivery_method=—|delivery_snap_dets=—|delivery_3layer_dets=—|delivery_det_rate=—|delivery_dir_zone=—|delivery_dir_conf=0|delivery_pitch_pos=—|delivery_shot_action=—|delivery_swing=—|delivery_speed_vlm=—|delivery_vlm_conf=—|delivery_vlm_ms=—|speed_kph=—|venue=—|batting_team=Royal Challengers Bengaluru|match_info=IPL 2026|completed_over=—|completed_over_runs=—|drs_state=NONE|corrections=none|lat_vision=945|lat_extract=1075|lat_scorer=1011|lat_field=42|lat_comm=0|lat_code=0|lat_total=3034|comm_bowler=Kuldeep Yadav|comm_wire=—|comm_storyteller=—|comm_analyst=—|comm_colour=—|comm_wire_ms=0|comm_story_ms=0|comm_analyst_ms=0|comm_colour_ms=0[0m
[37m[16:11:41 F169 VISION] INFO: [SCOUT] SCOREBOARD 508ms strip=True overlay=False drs=False digits=True 202 chars[0m
[37m[16:11:41 F169 TEST] INFO: 
=======================================================[0m
[37m[16:11:41 F169 TEST] INFO: [F169] SCOREBOARD — #107[0m
[37m[16:11:41 F169 TEST] INFO:   [V 511ms] STRIP: RCB 79-1 (8) | SALT 45(28) | PADIKKAL 11(7) | KULDEEP 0-6 (1)[0m
[37m[16:11:42 F169 EXTRACT] INFO: Extracted in 0.6s (llama-4-scout-17b-16e-instruct)[0m
[37m[16:11:42 F169 TEST] INFO:   [E 583ms] visible_team=Royal Challengers Bengaluru score=79-1 (8) target=None rr=None[0m
[37m[16:11:42 F169 TEST] INFO:     BAT: SALT 45(28) [0m
[37m[16:11:42 F169 TEST] INFO:     BAT: PADIKKAL 11(7) [0m
[37m[16:11:42 F169 TEST] INFO:     BOWL: KULDEEP 0-6 (1)[0m
[37m[16:11:42 F169 TEST] INFO:   [DIRECT] Batter updates: ['SALT: ext=45(28) → tracker=45(28) [was 45(28)]', 'PADIKKAL: ext=11(7) → tracker=11(7) [was 11(7)]'][0m
[37m[16:11:42 F169 TEST] INFO:   [DIRECT] score→79[0m
[37m[16:11:42 F169 TEST] INFO:   [DIRECT] overs→8[0m
[37m[16:11:42 F169 TEST] INFO:   [DIRECT] wickets→1[0m
[37m[16:11:42 F169 SCORER] INFO: Scored in 0.9s (llama-4-scout-17b-16e-instruct)[0m
[37m[16:11:42 F169 TEST] INFO:   [S] Hint: Current batters: SALT and PADIKKAL. Bowler: KULDEEP. Read their stats from the scoreboard. ALREADY DISMISSED (do NOT dismiss again): Virat Kohli[0m
[37m[16:11:42 F169 TEST] INFO:   [FLOW] Extractor batters not in scorer: {'PADIKKAL', 'SALT'}[0m
[37m[16:11:42 F169 TEST] INFO:   [S 855ms] Changes: ['score→79', 'overs→8.0', 'bat:Philip Salt=45(28)', 'bat:Devdutt Padikkal=11(7)', 'bowl:Kuldeep Yadav'][0m
[37m[16:11:42 F169 TEST] INFO:   Total: 1949ms (V:511 E:583 S:855)[0m
[37m[16:11:42 F169 TEST] INFO:   STATE: Royal Challengers Bengaluru 79-1 (8.0) inn=1 RR=9.88 | Bat: Philip Salt*(45) Devdutt Padikkal(11) | Bowl: Kuldeep Yadav 0-6[0m
[37m[16:11:42 F169 TEST] INFO:   [ACTION] A player in an orange uniform is running on the field.[0m
[37m[16:11:42 F169 TEST] INFO: DETAIL|F169|SCOREBOARD|tag=SCOREBOARD|scout=STRIP: RCB 79-1 (8) | SALT 45(28) | PADIKKAL 11(7) | KULDEEP 0-6 (1)|action=A player in an orange uniform is running on the field.|ext_score=79-1(8)|ext_bat=SALT 45(28) | PADIKKAL 11(7)|ext_bowl=KULDEEP 0-6 (1)|scorer_changes=['score→79', 'overs→8.0', 'bat:Philip Salt=45(28)', 'bat:Devdutt Padikkal=11(7)', 'bowl:Kuldeep Yadav']|yolo=0|BEFORE_score=79-1(8.0)|BEFORE_bat1=Philip Salt 45(28)|BEFORE_bat2=Devdutt Padikkal 11(7)|BEFORE_bowl=Kuldeep Yadav 0-6 (1)|BEFORE_this_over=[]|AFTER_score=79-1(8.0)|AFTER_bat1=Philip Salt 45(28)|AFTER_bat2=Devdutt Padikkal 11(7)|AFTER_bowl=Kuldeep Yadav 0-6 (1)|AFTER_this_over=[]|AFTER_this_over_src=|AFTER_striker=Philip Salt|AFTER_non_striker=Devdutt Padikkal|AFTER_run_rate=9.88|AFTER_target=—|AFTER_innings=1|AFTER_partnership=24(15)|AFTER_fow_count=1|AFTER_field=spin_middle frozen=True fielders=['slip_1', 'point', 'cover', 'mid_off', 'mid_on', 'midwicket', 'deep_midwicket', 'long_on', 'deep_square_leg']|ball_event=—|ball_event_runs=—|ball_event_over=—|ball_event_extra=—|ball_event_free_hit=—|broadcast_extra=—|dismissal_mode=—|striker_this_ball=Philip Salt|delivery_length=—|delivery_line=—|delivery_angle=—|delivery_shot=—|delivery_direction=—|delivery_elevation=—|delivery_bounce=—|delivery_dets=0|delivery_method=—|delivery_snap_dets=—|delivery_3layer_dets=—|delivery_det_rate=—|delivery_dir_zone=—|delivery_dir_conf=0|delivery_pitch_pos=—|delivery_shot_action=—|delivery_swing=—|delivery_speed_vlm=—|delivery_vlm_conf=—|delivery_vlm_ms=—|speed_kph=—|venue=—|batting_team=Royal Challengers Bengaluru|match_info=IPL 2026|completed_over=—|completed_over_runs=—|drs_state=NONE|corrections=none|lat_vision=511|lat_extract=583|lat_scorer=855|lat_field=43|lat_comm=0|lat_code=0|lat_total=1951|comm_bowler=Kuldeep Yadav|comm_wire=—|comm_storyteller=—|comm_analyst=—|comm_colour=—|comm_wire_ms=0|comm_story_ms=0|comm_analyst_ms=0|comm_colour_ms=0[0m
[37m[16:11:45 F172 VISION] INFO: [SCOUT] SCOREBOARD 498ms strip=True overlay=False drs=False digits=True 175 chars[0m
[37m[16:11:45 F172 TEST] INFO: 
=======================================================[0m
[37m[16:11:45 F172 TEST] INFO: [F172] SCOREBOARD — #108[0m
[37m[16:11:45 F172 TEST] INFO:   [V 501ms] STRIP: RCB 79-1 (8) | SALT 45(28) | PADIKKAL 11(7) | KULDEEP 0-6 (1)[0m
[37m[16:11:46 F172 EXTRACT] INFO: Extracted in 1.0s (llama-4-scout-17b-16e-instruct)[0m
[37m[16:11:46 F172 TEST] INFO:   [E 1047ms] visible_team=Royal Challengers Bengaluru score=79-1 (8) target=None rr=None[0m
[37m[16:11:46 F172 TEST] INFO:     BAT: SALT 45(28) [0m
[37m[16:11:46 F172 TEST] INFO:     BAT: PADIKKAL 11(7) [0m
[37m[16:11:46 F172 TEST] INFO:     BOWL: KULDEEP 0-6 (1)[0m
[37m[16:11:46 F172 TEST] INFO:   [DIRECT] Batter updates: ['SALT: ext=45(28) → tracker=45(28) [was 45(28)]', 'PADIKKAL: ext=11(7) → tracker=11(7) [was 11(7)]'][0m
[37m[16:11:46 F172 TEST] INFO:   [DIRECT] score→79[0m
[37m[16:11:46 F172 TEST] INFO:   [DIRECT] overs→8[0m
[37m[16:11:46 F172 TEST] INFO:   [DIRECT] wickets→1[0m
[37m[16:11:47 F172 SCORER] INFO: Scored in 0.9s (llama-4-scout-17b-16e-instruct)[0m
[37m[16:11:47 F172 TEST] INFO:   [S] Hint: Current batters: SALT and PADIKKAL. Bowler: KULDEEP. Read their stats from the scoreboard. ALREADY DISMISSED (do NOT dismiss again): Virat Kohli[0m
[37m[16:11:47 F172 TEST] INFO:   [FLOW] Extractor batters not in scorer: {'PADIKKAL', 'SALT'}[0m
[37m[16:11:47 F172 TEST] INFO:   [S 858ms] Changes: ['score→79', 'overs→8.0', 'bat:Philip Salt=45(28)', 'bat:Devdutt Padikkal=11(7)', 'bowl:Kuldeep Yadav'][0m
[37m[16:11:47 F172 TEST] INFO:   Total: 2406ms (V:501 E:1047 S:858)[0m
[37m[16:11:47 F172 TEST] INFO:   STATE: Royal Challengers Bengaluru 79-1 (8.0) inn=1 RR=9.88 | Bat: Philip Salt*(45) Devdutt Padikkal(11) | Bowl: Kuldeep Yadav 0-6[0m
[37m[16:11:47 F172 TEST] INFO:   [ACTION] A batter is playing a shot.[0m
[37m[16:11:47 F172 FIELD] INFO: [F172] IC-point brought in — attacking[0m
[37m[16:11:47 F172 FIELD] INFO: [F172] IC-point brought in — attacking[0m
[37m[16:11:47 F172 FIELD] INFO: [F172] IC-point brought in — attacking[0m
[37m[16:11:47 F172 FIELD] INFO: [F172] slip added — expecting edge[0m
[37m[16:11:47 F172 TEST] INFO: DETAIL|F172|SCOREBOARD|tag=SCOREBOARD|scout=STRIP: RCB 79-1 (8) | SALT 45(28) | PADIKKAL 11(7) | KULDEEP 0-6 (1)|action=A batter is playing a shot.|ext_score=79-1(8)|ext_bat=SALT 45(28) | PADIKKAL 11(7)|ext_bowl=KULDEEP 0-6 (1)|scorer_changes=['score→79', 'overs→8.0', 'bat:Philip Salt=45(28)', 'bat:Devdutt Padikkal=11(7)', 'bowl:Kuldeep Yadav']|yolo=5|BEFORE_score=79-1(8.0)|BEFORE_bat1=Philip Salt 45(28)|BEFORE_bat2=Devdutt Padikkal 11(7)|BEFORE_bowl=Kuldeep Yadav 0-6 (1)|BEFORE_this_over=[]|AFTER_score=79-1(8.0)|AFTER_bat1=Philip Salt 45(28)|AFTER_bat2=Devdutt Padikkal 11(7)|AFTER_bowl=Kuldeep Yadav 0-6 (1)|AFTER_this_over=[]|AFTER_this_over_src=|AFTER_striker=Philip Salt|AFTER_non_striker=Devdutt Padikkal|AFTER_run_rate=9.88|AFTER_target=—|AFTER_innings=1|AFTER_partnership=24(15)|AFTER_fow_count=1|AFTER_field=spin_middle frozen=True fielders=['slip_1', 'point', 'cover', 'mid_off', 'mid_on', 'midwicket', 'deep_midwicket', 'long_on', 'deep_square_leg']|ball_event=—|ball_event_runs=—|ball_event_over=—|ball_event_extra=—|ball_event_free_hit=—|broadcast_extra=—|dismissal_mode=—|striker_this_ball=Philip Salt|delivery_length=—|delivery_line=—|delivery_angle=—|delivery_shot=—|delivery_direction=—|delivery_elevation=—|delivery_bounce=—|delivery_dets=0|delivery_method=—|delivery_snap_dets=—|delivery_3layer_dets=—|delivery_det_rate=—|delivery_dir_zone=—|delivery_dir_conf=0|delivery_pitch_pos=—|delivery_shot_action=—|delivery_swing=—|delivery_speed_vlm=—|delivery_vlm_conf=—|delivery_vlm_ms=—|speed_kph=—|venue=—|batting_team=Royal Challengers Bengaluru|match_info=IPL 2026|completed_over=—|completed_over_runs=—|drs_state=NONE|corrections=none|lat_vision=501|lat_extract=1047|lat_scorer=858|lat_field=44|lat_comm=0|lat_code=0|lat_total=2408|comm_bowler=Kuldeep Yadav|comm_wire=—|comm_storyteller=—|comm_analyst=—|comm_colour=—|comm_wire_ms=0|comm_story_ms=0|comm_analyst_ms=0|comm_colour_ms=0[0m
[37m[16:11:49 F173 VISION] INFO: [SCOUT] SCOREBOARD 535ms strip=True overlay=False drs=False digits=True 175 chars[0m
[37m[16:11:49 F173 TEST] INFO: 
=======================================================[0m
[37m[16:11:49 F173 TEST] INFO: [F173] SCOREBOARD — #109[0m
[37m[16:11:49 F173 TEST] INFO:   [V 538ms] STRIP: RCB 79-1 (8) | SALT 45(28) | PADIKKAL 11(7) | KULDEEP 0-6 (1)[0m
[37m[16:11:49 F173 EXTRACT] INFO: Extracted in 0.7s (llama-4-scout-17b-16e-instruct)[0m
[37m[16:11:49 F173 TEST] INFO:   [E 712ms] visible_team=Royal Challengers Bengaluru score=79-1 (8) target=None rr=None[0m
[37m[16:11:49 F173 TEST] INFO:     BAT: SALT 45(28) [0m
[37m[16:11:49 F173 TEST] INFO:     BAT: PADIKKAL 11(7) [0m
[37m[16:11:49 F173 TEST] INFO:     BOWL: KULDEEP 0-6 (1)[0m
[37m[16:11:49 F173 TEST] INFO:   [DIRECT] Batter updates: ['SALT: ext=45(28) → tracker=45(28) [was 45(28)]', 'PADIKKAL: ext=11(7) → tracker=11(7) [was 11(7)]'][0m
[37m[16:11:49 F173 TEST] INFO:   [DIRECT] score→79[0m
[37m[16:11:49 F173 TEST] INFO:   [DIRECT] overs→8[0m
[37m[16:11:49 F173 TEST] INFO:   [DIRECT] wickets→1[0m
[37m[16:11:50 F173 SCORER] INFO: Scored in 0.9s (llama-4-scout-17b-16e-instruct)[0m
[37m[16:11:50 F173 TEST] INFO:   [S] Hint: Current batters: SALT and PADIKKAL. Bowler: KULDEEP. Read their stats from the scoreboard. ALREADY DISMISSED (do NOT dismiss again): Virat Kohli[0m
[37m[16:11:50 F173 TEST] INFO:   [FLOW] Extractor batters not in scorer: {'PADIKKAL', 'SALT'}[0m
[37m[16:11:50 F173 TEST] INFO:   [WICKET-TRACK] Wicket at F173[0m
[37m[16:11:50 F173 TEST] INFO:   [S 873ms] Changes: ['score→79', 'overs→8.0', 'wickets→1', 'bat:Philip Salt=45(28)', 'bat:Devdutt Padikkal=11(7)', 'bowl:Kuldeep Yadav'][0m
[37m[16:11:50 F173 TEST] INFO:   Total: 2123ms (V:538 E:712 S:873)[0m
[37m[16:11:50 F173 TEST] INFO:   STATE: Royal Challengers Bengaluru 79-1 (8.0) inn=1 RR=9.88 | Bat: Philip Salt*(45) Devdutt Padikkal(11) | Bowl: Kuldeep Yadav 0-6[0m
[37m[16:11:50 F173 TEST] INFO:   [ACTION] A delivery has been bowled.[0m
[37m[16:11:50 F173 TEST] INFO: DETAIL|F173|SCOREBOARD|tag=SCOREBOARD|scout=STRIP: RCB 79-1 (8) | SALT 45(28) | PADIKKAL 11(7) | KULDEEP 0-6 (1)|action=A delivery has been bowled.|ext_score=79-1(8)|ext_bat=SALT 45(28) | PADIKKAL 11(7)|ext_bowl=KULDEEP 0-6 (1)|scorer_changes=['score→79', 'overs→8.0', 'wickets→1', 'bat:Philip Salt=45(28)', 'bat:Devdutt Padikkal=11(7)', 'bowl:Kuldeep Yadav']|yolo=2|BEFORE_score=79-1(8.0)|BEFORE_bat1=Philip Salt 45(28)|BEFORE_bat2=Devdutt Padikkal 11(7)|BEFORE_bowl=Kuldeep Yadav 0-6 (1)|BEFORE_this_over=[]|AFTER_score=79-1(8.0)|AFTER_bat1=Philip Salt 45(28)|AFTER_bat2=Devdutt Padikkal 11(7)|AFTER_bowl=Kuldeep Yadav 0-6 (1)|AFTER_this_over=[]|AFTER_this_over_src=|AFTER_striker=Philip Salt|AFTER_non_striker=Devdutt Padikkal|AFTER_run_rate=9.88|AFTER_target=—|AFTER_innings=1|AFTER_partnership=24(15)|AFTER_fow_count=1|AFTER_field=spin_middle frozen=True fielders=['slip_1', 'point', 'cover', 'mid_off', 'mid_on', 'midwicket', 'deep_midwicket', 'long_on', 'deep_square_leg']|ball_event=—|ball_event_runs=—|ball_event_over=—|ball_event_extra=—|ball_event_free_hit=—|broadcast_extra=—|dismissal_mode=—|striker_this_ball=Philip Salt|delivery_length=—|delivery_line=—|delivery_angle=—|delivery_shot=—|delivery_direction=—|delivery_elevation=—|delivery_bounce=—|delivery_dets=0|delivery_method=—|delivery_snap_dets=—|delivery_3layer_dets=—|delivery_det_rate=—|delivery_dir_zone=—|delivery_dir_conf=0|delivery_pitch_pos=—|delivery_shot_action=—|delivery_swing=—|delivery_speed_vlm=—|delivery_vlm_conf=—|delivery_vlm_ms=—|speed_kph=—|venue=—|batting_team=Royal Challengers Bengaluru|match_info=IPL 2026|completed_over=—|completed_over_runs=—|drs_state=NONE|corrections=none|lat_vision=538|lat_extract=712|lat_scorer=873|lat_field=44|lat_comm=0|lat_code=0|lat_total=2125|comm_bowler=Kuldeep Yadav|comm_wire=—|comm_storyteller=—|comm_analyst=—|comm_colour=—|comm_wire_ms=0|comm_story_ms=0|comm_analyst_ms=0|comm_colour_ms=0[0m
[37m[16:11:52 F174 VISION] INFO: [SCOUT] SCOREBOARD 497ms strip=True overlay=False drs=False digits=True 136 chars[0m
[37m[16:11:52 F174 TEST] INFO: 
=======================================================[0m
[37m[16:11:52 F174 TEST] INFO: [F174] SCOREBOARD — #110[0m
[37m[16:11:52 F174 TEST] INFO:   [V 500ms] STRIP: RCB 79-1 (8) | SALT 45(28) | PADIKKAL 11(7) 
SPEED: 89.6 kph[0m
[37m[16:11:53 F174 EXTRACT] INFO: Extracted in 0.6s (llama-4-scout-17b-16e-instruct)[0m
[37m[16:11:53 F174 TEST] INFO:   [E 609ms] visible_team=Royal Challengers Bengaluru score=79-1 (8) target=None rr=None[0m
[37m[16:11:53 F174 TEST] INFO:     BAT: SALT 45(28) [0m
[37m[16:11:53 F174 TEST] INFO:     BAT: PADIKKAL 11(7) [0m
[37m[16:11:53 F174 TEST] INFO:   [DIRECT] Batter updates: ['SALT: ext=45(28) → tracker=45(28) [was 45(28)]', 'PADIKKAL: ext=11(7) → tracker=11(7) [was 11(7)]'][0m
[37m[16:11:53 F174 TEST] INFO:   [DIRECT] score→79[0m
[37m[16:11:53 F174 TEST] INFO:   [DIRECT] overs→8[0m
[37m[16:11:53 F174 TEST] INFO:   [DIRECT] wickets→1[0m
[37m[16:11:54 F174 SCORER] INFO: Scored in 1.0s (llama-4-scout-17b-16e-instruct)[0m
[37m[16:11:54 F174 TEST] INFO:   [S] Hint: Current batters: SALT and PADIKKAL. Bowler: Kuldeep Yadav. Read their stats from the scoreboard. ALREADY DISMISSED (do NOT dismiss again): Virat Kohli[0m
[37m[16:11:54 F174 TEST] INFO:   [FLOW] Extractor batters not in scorer: {'PADIKKAL', 'SALT'}[0m
[37m[16:11:54 F174 TEST] INFO:   [S 972ms] Changes: ['score→79', 'overs→8.0', 'bat:Philip Salt=45(28)', 'bat:Devdutt Padikkal=11(7)', 'bowl:Kuldeep Yadav'][0m
[37m[16:11:54 F174 TEST] INFO:   Total: 2081ms (V:500 E:609 S:972)[0m
[37m[16:11:54 F174 TEST] INFO:   STATE: Royal Challengers Bengaluru 79-1 (8.0) inn=1 RR=9.88 | Bat: Philip Salt*(45) Devdutt Padikkal(11) | Bowl: Kuldeep Yadav 0-6[0m
[FIELD WARN] Middle overs but 6 outside circle (max 5). Possible misclassification.
[37m[16:11:54 F174 FIELD] INFO: [F174] IC-point pushed back — defensive[0m
[37m[16:11:54 F174 FIELD] INFO: [F174] slip removed — less catching pressure[0m
[37m[16:11:54 F174 FIELD] INFO: [F174] IC-point pushed back — defensive[0m
[37m[16:11:54 F174 FIELD] INFO: [F174] IC-point pushed back — defensive[0m
[37m[16:11:54 F174 FIELD] INFO: [F174] OC-deep_gully moved to OC-deep_point[0m
[37m[16:11:54 F174 TEST] INFO: DETAIL|F174|SCOREBOARD|tag=SCOREBOARD|scout=STRIP: RCB 79-1 (8) | SALT 45(28) | PADIKKAL 11(7)  SPEED: 89.6 kph|action=—|ext_score=79-1(8)|ext_bat=SALT 45(28) | PADIKKAL 11(7)|ext_bowl=|scorer_changes=['score→79', 'overs→8.0', 'bat:Philip Salt=45(28)', 'bat:Devdutt Padikkal=11(7)', 'bowl:Kuldeep Yadav']|yolo=9|BEFORE_score=79-1(8.0)|BEFORE_bat1=Philip Salt 45(28)|BEFORE_bat2=Devdutt Padikkal 11(7)|BEFORE_bowl=Kuldeep Yadav 0-6 (1)|BEFORE_this_over=[]|AFTER_score=79-1(8.0)|AFTER_bat1=Philip Salt 45(28)|AFTER_bat2=Devdutt Padikkal 11(7)|AFTER_bowl=Kuldeep Yadav 0-6 (1)|AFTER_this_over=[]|AFTER_this_over_src=|AFTER_striker=Philip Salt|AFTER_non_striker=Devdutt Padikkal|AFTER_run_rate=9.88|AFTER_target=—|AFTER_innings=1|AFTER_partnership=24(15)|AFTER_fow_count=1|AFTER_field=spin_middle frozen=True fielders=['slip_1', 'point', 'cover', 'mid_off', 'mid_on', 'midwicket', 'deep_midwicket', 'long_on', 'deep_square_leg']|ball_event=—|ball_event_runs=—|ball_event_over=—|ball_event_extra=—|ball_event_free_hit=—|broadcast_extra=—|dismissal_mode=—|striker_this_ball=Philip Salt|delivery_length=—|delivery_line=—|delivery_angle=—|delivery_shot=—|delivery_direction=—|delivery_elevation=—|delivery_bounce=—|delivery_dets=0|delivery_method=—|delivery_snap_dets=—|delivery_3layer_dets=—|delivery_det_rate=—|delivery_dir_zone=—|delivery_dir_conf=0|delivery_pitch_pos=—|delivery_shot_action=—|delivery_swing=—|delivery_speed_vlm=—|delivery_vlm_conf=—|delivery_vlm_ms=—|speed_kph=89.6|venue=—|batting_team=Royal Challengers Bengaluru|match_info=IPL 2026|completed_over=—|completed_over_runs=—|drs_state=NONE|corrections=none|lat_vision=500|lat_extract=609|lat_scorer=972|lat_field=45|lat_comm=0|lat_code=0|lat_total=2082|comm_bowler=Kuldeep Yadav|comm_wire=—|comm_storyteller=—|comm_analyst=—|comm_colour=—|comm_wire_ms=0|comm_story_ms=0|comm_analyst_ms=0|comm_colour_ms=0[0m
[37m[16:11:55 F175 VISION] INFO: [SCOUT] SCOREBOARD 529ms strip=True overlay=False drs=False digits=True 261 chars[0m
[37m[16:11:55 F175 TEST] INFO: 
=======================================================[0m
[37m[16:11:55 F175 TEST] INFO: [F175] SCOREBOARD — #111[0m
[37m[16:11:55 F175 TEST] INFO:   [V 532ms] STRIP: RCB 81-1 (8.1) | SALT 47(29) | PADIKKAL 11(7)[0m
[37m[16:11:56 F175 EXTRACT] INFO: Extracted in 0.6s (llama-4-scout-17b-16e-instruct)[0m
[37m[16:11:56 F175 TEST] INFO:   [E 557ms] visible_team=Royal Challengers Bengaluru score=81-1 (8.1) target=None rr=None[0m
[37m[16:11:56 F175 TEST] INFO:     BAT: SALT 47(29) [0m
[37m[16:11:56 F175 TEST] INFO:     BAT: PADIKKAL 11(7) [0m
[37m[16:11:56 F175 TRACK] INFO: bat:Philip Salt:runs: 45 → 47 (fast-confirm, natural increment F175)[0m
[37m[16:11:56 F175 TRACK] INFO: bat:Philip Salt:balls: 28 → 29 (fast-confirm, natural increment F175)[0m
[37m[16:11:56 F175 BOARD] INFO: Philip Salt: 45(28) -> 47(29) [F175][0m
[37m[16:11:56 F175 TEST] INFO:   [DIRECT] Batter updates: ['SALT: ext=47(29) → tracker=47(29) [was 45(28)]', 'PADIKKAL: ext=11(7) → tracker=11(7) [was 11(7)]'][0m
[37m[16:11:56 F175 TEST] INFO:   [DIRECT] wickets→1[0m
[37m[16:11:56 F175 SCORER] INFO: Scored in 0.8s (llama-4-scout-17b-16e-instruct)[0m
[37m[16:11:56 F175 TEST] INFO:   [S] Hint: Current batters: SALT and PADIKKAL. Bowler: Kuldeep Yadav. Read their stats from the scoreboard. ALREADY DISMISSED (do NOT dismiss again): Virat Kohli[0m
[37m[16:11:56 F175 TRACK] INFO: score: 79 → 81 (confirmed F175)[0m
[37m[16:11:56 F175 BOARD] INFO: score: 79 -> 81 [F175][0m
[37m[16:11:56 F175 TRACK] INFO: overs: 8.0 → 8.1 (confirmed F175)[0m
[37m[16:11:56 F175 BOARD] INFO: overs: 8.0 -> 8.1 [F175][0m
[37m[16:11:56 F175 TEST] INFO:   [FLOW] Extractor batters not in scorer: {'PADIKKAL', 'SALT'}[0m
[37m[16:11:56 F175 TEST] INFO:   [S 802ms] Changes: ['score→81', 'overs→8.1', 'bat:Philip Salt=47(29)', 'bat:Devdutt Padikkal=11(7)'][0m
[37m[16:11:56 F175 TEST] INFO:   Total: 1890ms (V:532 E:557 S:802)[0m
[37m[16:11:56 F175 COMMENTARY] INFO: [BALL ✓] 2_RUNS | 8.1 +2 runs (Δballs=1)[0m
[37m[16:11:56 F175 TEST] INFO:   [THIS-OVER] Ball 2_RUNS appended to over 8[0m
[37m[16:12:14 F175 TEST] INFO:   [DELIVERY] short, on the stumps, defended straight down the ground, along the ground (17237ms, 0 dets, method=vlm)[0m
[37m[16:12:14 F175 BOARD] INFO: run_rate: 9.88 -> 9.92 [F175][0m
[37m[16:12:14 F175 TEST] INFO:   STATE: Royal Challengers Bengaluru 81-1 (8.1) inn=1 RR=9.92 | Bat: Philip Salt*(47) Devdutt Padikkal(11) | Bowl: Kuldeep Yadav 0-6[0m
[37m[16:12:14 F175 SCORE_MGR] INFO: [SM] RUNS  81/1 (8.1)  striker=SALT[0m
[37m[16:12:14 F175 TEST] INFO:   [SHADOW] SM=RUNS BED=2_RUNS MATCH[0m
[37m[16:12:14 F175 TEST] INFO:   [COMM 427ms] wire(0ms), storyteller(426ms)[0m
[37m[16:12:14 F175 TEST] INFO:   [BALL EVENT ✓] 2_RUNS | 8.1 | +2 runs (Δballs=0) | A player in an orange uniform appears to be walking off the [0m
[37m[16:12:14 F175 TEST] INFO: DETAIL|F175|SCOREBOARD|tag=SCOREBOARD|scout=STRIP: RCB 81-1 (8.1) | SALT 47(29) | PADIKKAL 11(7)|action=A player in an orange uniform appears to be walking off the field, possibly after being dismissed or|ext_score=81-1(8.1)|ext_bat=SALT 47(29) | PADIKKAL 11(7)|ext_bowl=|scorer_changes=['score→81', 'overs→8.1', 'bat:Philip Salt=47(29)', 'bat:Devdutt Padikkal=11(7)']|yolo=0|BEFORE_score=79-1(8.0)|BEFORE_bat1=Philip Salt 45(28)|BEFORE_bat2=Devdutt Padikkal 11(7)|BEFORE_bowl=Kuldeep Yadav 0-6 (1)|BEFORE_this_over=[]|AFTER_score=81-1(8.1)|AFTER_bat1=Philip Salt 47(29)|AFTER_bat2=Devdutt Padikkal 11(7)|AFTER_bowl=Kuldeep Yadav 0-6 (1)|AFTER_this_over=['2']|AFTER_this_over_src=2(obs)|AFTER_striker=Philip Salt|AFTER_non_striker=Devdutt Padikkal|AFTER_run_rate=9.92|AFTER_target=—|AFTER_innings=1|AFTER_partnership=26(16)|AFTER_fow_count=1|AFTER_field=spin_middle frozen=True fielders=['slip_1', 'point', 'cover', 'mid_off', 'mid_on', 'midwicket', 'deep_midwicket', 'long_on', 'deep_square_leg']|ball_event=2_RUNS|ball_event_runs=2|ball_event_over=8.1|ball_event_extra=—|ball_event_free_hit=—|broadcast_extra=—|dismissal_mode=—|striker_this_ball=Philip Salt|delivery_length=short|delivery_line=on_stumps|delivery_angle=over|delivery_shot=along_ground|delivery_direction=straight|delivery_elevation=along_ground|delivery_bounce=normal|delivery_dets=0|delivery_method=vlm|delivery_snap_dets=—|delivery_3layer_dets=—|delivery_det_rate=0.00|delivery_dir_zone=straight|delivery_dir_conf=high|delivery_pitch_pos=back_of_a_length|delivery_shot_action=defend|delivery_swing=not_visible|delivery_speed_vlm=89.6|delivery_vlm_conf=high|delivery_vlm_ms=774|speed_kph=—|venue=—|batting_team=Royal Challengers Bengaluru|match_info=IPL 2026|completed_over=—|completed_over_runs=—|drs_state=NONE|corrections=none|lat_vision=532|lat_extract=557|lat_scorer=802|lat_field=44|lat_comm=427|lat_code=17195|lat_total=19556|comm_bowler=Kuldeep Yadav|comm_wire=8.1: T Natarajan to SALT — 2 runs, short (89.6 kph). 81/1|comm_storyteller=The batter takes a couple, carefully working the ball to the off side. A gentle push, and they scamper through for two. The fielder chases, but can't cut off the runs. The scoreboard ticks over - 81/1|comm_analyst=—|comm_colour=—|comm_wire_ms=0|comm_story_ms=426|comm_analyst_ms=0|comm_colour_ms=0[0m
[37m[16:12:16 F176 VISION] INFO: [SCOUT] SCOREBOARD 638ms strip=True overlay=False drs=False digits=True 224 chars[0m
[37m[16:12:16 F176 TEST] INFO: 
=======================================================[0m
[37m[16:12:16 F176 TEST] INFO: [F176] SCOREBOARD — #112[0m
[37m[16:12:16 F176 TEST] INFO:   [V 641ms] STRIP: RCB 81-1 (8.1) | SALT 47(29) | PADIKKAL 11(7) | KULDEEP 0-8 (1.1)[0m
[37m[16:12:17 F176 EXTRACT] INFO: Extracted in 0.9s (llama-4-scout-17b-16e-instruct)[0m
[37m[16:12:17 F176 TEST] INFO:   [E 874ms] visible_team=Royal Challengers Bengaluru score=81-1 (8.1) target=None rr=None[0m
[37m[16:12:17 F176 TEST] INFO:     BAT: SALT 47(29) [0m
[37m[16:12:17 F176 TEST] INFO:     BAT: PADIKKAL 11(7) [0m
[37m[16:12:17 F176 TEST] INFO:     BOWL: KULDEEP 0-8 (1.1)[0m
[37m[16:12:17 F176 TRACK] INFO: bowl:Kuldeep Yadav:runs: 6 → 8 (post-event immediate, grace=1)[0m
[37m[16:12:17 F176 TRACK] INFO: bowl:Kuldeep Yadav:overs: 1 → 1.1 (post-event immediate, grace=0)[0m
[37m[16:12:17 F176 BOARD] INFO: Kuldeep Yadav: 0/6 (1) -> 0/8 (1.1) [F176][0m
[37m[16:12:17 F176 TEST] INFO:   [DIRECT] Batter updates: ['SALT: ext=47(29) → tracker=47(29) [was 47(29)]', 'PADIKKAL: ext=11(7) → tracker=11(7) [was 11(7)]'][0m
[37m[16:12:17 F176 TEST] INFO:   [DIRECT] score→81[0m
[37m[16:12:17 F176 TEST] INFO:   [DIRECT] overs→8.1[0m
[37m[16:12:17 F176 TEST] INFO:   [DIRECT] wickets→1[0m
[37m[16:12:18 F176 SCORER] INFO: Scored in 0.9s (llama-4-scout-17b-16e-instruct)[0m
[37m[16:12:18 F176 TEST] INFO:   [S] Hint: Current batters: SALT and PADIKKAL. Bowler: KULDEEP ALREADY DISMISSED (do NOT dismiss again): Virat Kohli[0m
[37m[16:12:18 F176 TEST] INFO:   [FLOW] Extractor batters not in scorer: {'PADIKKAL', 'SALT'}[0m
[37m[16:12:18 F176 TEST] INFO:   [S 904ms] Changes: ['score→81', 'overs→8.1', 'bat:Philip Salt=47(29)', 'bat:Devdutt Padikkal=11(7)', 'bowl:Kuldeep Yadav'][0m
[37m[16:12:18 F176 TEST] INFO:   Total: 2420ms (V:641 E:874 S:904)[0m
[37m[16:12:18 F176 TEST] INFO:   [THIS OVER] ['2'] = 2 runs[0m
[37m[16:12:18 F176 TEST] INFO:   STATE: Royal Challengers Bengaluru 81-1 (8.1) inn=1 RR=9.92 | Bat: Philip Salt*(47) Devdutt Padikkal(11) | Bowl: Kuldeep Yadav 0-8[0m
[37m[16:12:18 F176 TEST] INFO:   [ACTION] The bowler, Kuldeep Yadav, is bowling to the batsmen, Salt and Padikkal.[0m
[37m[16:12:18 F176 FIELD] INFO: [F176] OC-deep_point moved to OC-deep_backward_point[0m
[37m[16:12:18 F176 FIELD] INFO: [F176] OC-deep_point moved to OC-deep_backward_point[0m
[37m[16:12:18 F176 FIELD] INFO: [F176] IC-wide_mid_on pushed back — defensive[0m
[37m[16:12:18 F176 FIELD] INFO: [F176] IC-mid_off moved to IC-cover[0m
[37m[16:12:18 F176 FIELD] INFO: [F176] IC-cover brought in — attacking[0m
[37m[16:12:18 F176 FIELD] INFO: [F176] IC-wide_mid_on pushed back — defensive[0m
[37m[16:12:18 F176 FIELD] INFO: [F176] OC-deep_point moved to OC-deep_cover_point[0m
[37m[16:12:18 F176 FIELD] INFO: [F176] OC-deep_cover_point moved to OC-deep_point[0m
[37m[16:12:18 F176 TEST] INFO: DETAIL|F176|SCOREBOARD|tag=SCOREBOARD|scout=STRIP: RCB 81-1 (8.1) | SALT 47(29) | PADIKKAL 11(7) | KULDEEP 0-8 (1.1)|action=The bowler, Kuldeep Yadav, is bowling to the batsmen, Salt and Padikkal.|ext_score=81-1(8.1)|ext_bat=SALT 47(29) | PADIKKAL 11(7)|ext_bowl=KULDEEP 0-8 (1.1)|scorer_changes=['score→81', 'overs→8.1', 'bat:Philip Salt=47(29)', 'bat:Devdutt Padikkal=11(7)', 'bowl:Kuldeep Yadav']|yolo=9|BEFORE_score=81-1(8.1)|BEFORE_bat1=Philip Salt 47(29)|BEFORE_bat2=Devdutt Padikkal 11(7)|BEFORE_bowl=Kuldeep Yadav 0-6 (1)|BEFORE_this_over=['2']|AFTER_score=81-1(8.1)|AFTER_bat1=Philip Salt 47(29)|AFTER_bat2=Devdutt Padikkal 11(7)|AFTER_bowl=Kuldeep Yadav 0-8 (1.1)|AFTER_this_over=['2']|AFTER_this_over_src=2(obs)|AFTER_striker=Philip Salt|AFTER_non_striker=Devdutt Padikkal|AFTER_run_rate=9.92|AFTER_target=—|AFTER_innings=1|AFTER_partnership=26(16)|AFTER_fow_count=1|AFTER_field=spin_middle frozen=True fielders=['slip_1', 'point', 'cover', 'mid_off', 'mid_on', 'midwicket', 'deep_midwicket', 'long_on', 'deep_square_leg']|ball_event=—|ball_event_runs=—|ball_event_over=—|ball_event_extra=—|ball_event_free_hit=—|broadcast_extra=—|dismissal_mode=—|striker_this_ball=Philip Salt|delivery_length=—|delivery_line=—|delivery_angle=—|delivery_shot=—|delivery_direction=—|delivery_elevation=—|delivery_bounce=—|delivery_dets=0|delivery_method=—|delivery_snap_dets=—|delivery_3layer_dets=—|delivery_det_rate=—|delivery_dir_zone=—|delivery_dir_conf=0|delivery_pitch_pos=—|delivery_shot_action=—|delivery_swing=—|delivery_speed_vlm=—|delivery_vlm_conf=—|delivery_vlm_ms=—|speed_kph=—|venue=—|batting_team=Royal Challengers Bengaluru|match_info=IPL 2026|completed_over=—|completed_over_runs=—|drs_state=NONE|corrections=none|lat_vision=641|lat_extract=874|lat_scorer=904|lat_field=49|lat_comm=0|lat_code=0|lat_total=2421|comm_bowler=Kuldeep Yadav|comm_wire=—|comm_storyteller=—|comm_analyst=—|comm_colour=—|comm_wire_ms=0|comm_story_ms=0|comm_analyst_ms=0|comm_colour_ms=0[0m
[37m[16:12:19 F177 VISION] INFO: [SCOUT] SCOREBOARD 622ms strip=True overlay=False drs=False digits=True 313 chars[0m
[37m[16:12:19 F177 TEST] INFO: 
=======================================================[0m
[37m[16:12:19 F177 TEST] INFO: [F177] SCOREBOARD — #113[0m
[37m[16:12:19 F177 TEST] INFO:   [V 625ms] STRIP: RCB 81-1 (8.1) | SALT 47(29) | PADIKKAL 11(7) | KULDEEP 0-8 (1.1)[0m
[37m[16:12:20 F177 EXTRACT] INFO: Extracted in 0.7s (llama-4-scout-17b-16e-instruct)[0m
[37m[16:12:20 F177 TEST] INFO:   [E 709ms] visible_team=Royal Challengers Bengaluru score=81-1 (8.1) target=None rr=None[0m
[37m[16:12:20 F177 TEST] INFO:     BAT: SALT 47(29) [0m
[37m[16:12:20 F177 TEST] INFO:     BAT: PADIKKAL 11(7) [0m
[37m[16:12:20 F177 TEST] INFO:     BOWL: KULDEEP 0-8 (1.1)[0m
[37m[16:12:20 F177 TEST] INFO:   [DIRECT] Batter updates: ['SALT: ext=47(29) → tracker=47(29) [was 47(29)]', 'PADIKKAL: ext=11(7) → tracker=11(7) [was 11(7)]'][0m
[37m[16:12:20 F177 TEST] INFO:   [DIRECT] score→81[0m
[37m[16:12:20 F177 TEST] INFO:   [DIRECT] overs→8.1[0m
[37m[16:12:20 F177 TEST] INFO:   [DIRECT] wickets→1[0m
[37m[16:12:21 F177 SCORER] INFO: Scored in 0.9s (llama-4-scout-17b-16e-instruct)[0m
[37m[16:12:21 F177 TEST] INFO:   [S] Hint: Current batters: SALT and PADIKKAL. Bowler: KULDEEP. Read their stats from the scoreboard. ALREADY DISMISSED (do NOT dismiss again): Virat Kohli[0m
[37m[16:12:21 F177 TEST] INFO:   [FLOW] Extractor batters not in scorer: {'PADIKKAL', 'SALT'}[0m
[37m[16:12:21 F177 TEST] INFO:   [S 869ms] Changes: ['score→81', 'overs→8.1', 'bat:Philip Salt=47(29)', 'bat:Devdutt Padikkal=11(7)', 'bowl:Kuldeep Yadav'][0m
[37m[16:12:21 F177 TEST] INFO:   Total: 2202ms (V:625 E:709 S:869)[0m
[37m[16:12:21 F177 TEST] INFO:   [THIS OVER] ['2'] = 2 runs[0m
[37m[16:12:21 F177 TEST] INFO:   STATE: Royal Challengers Bengaluru 81-1 (8.1) inn=1 RR=9.92 | Bat: Philip Salt*(47) Devdutt Padikkal(11) | Bowl: Kuldeep Yadav 0-8[0m
[37m[16:12:21 F177 TEST] INFO:   [ACTION] The bowler, Kuldeep, seems to be preparing or reacting to a delivery as the batt[0m
[37m[16:12:21 F177 TEST] INFO: DETAIL|F177|SCOREBOARD|tag=SCOREBOARD|scout=STRIP: RCB 81-1 (8.1) | SALT 47(29) | PADIKKAL 11(7) | KULDEEP 0-8 (1.1)|action=The bowler, Kuldeep, seems to be preparing or reacting to a delivery as the batter, likely Salt or P|ext_score=81-1(8.1)|ext_bat=SALT 47(29) | PADIKKAL 11(7)|ext_bowl=KULDEEP 0-8 (1.1)|scorer_changes=['score→81', 'overs→8.1', 'bat:Philip Salt=47(29)', 'bat:Devdutt Padikkal=11(7)', 'bowl:Kuldeep Yadav']|yolo=0|BEFORE_score=81-1(8.1)|BEFORE_bat1=Philip Salt 47(29)|BEFORE_bat2=Devdutt Padikkal 11(7)|BEFORE_bowl=Kuldeep Yadav 0-8 (1.1)|BEFORE_this_over=['2']|AFTER_score=81-1(8.1)|AFTER_bat1=Philip Salt 47(29)|AFTER_bat2=Devdutt Padikkal 11(7)|AFTER_bowl=Kuldeep Yadav 0-8 (1.1)|AFTER_this_over=['2']|AFTER_this_over_src=2(obs)|AFTER_striker=Philip Salt|AFTER_non_striker=Devdutt Padikkal|AFTER_run_rate=9.92|AFTER_target=—|AFTER_innings=1|AFTER_partnership=26(16)|AFTER_fow_count=1|AFTER_field=spin_middle frozen=True fielders=['slip_1', 'point', 'cover', 'mid_off', 'mid_on', 'midwicket', 'deep_midwicket', 'long_on', 'deep_square_leg']|ball_event=—|ball_event_runs=—|ball_event_over=—|ball_event_extra=—|ball_event_free_hit=—|broadcast_extra=—|dismissal_mode=—|striker_this_ball=Philip Salt|delivery_length=—|delivery_line=—|delivery_angle=—|delivery_shot=—|delivery_direction=—|delivery_elevation=—|delivery_bounce=—|delivery_dets=0|delivery_method=—|delivery_snap_dets=—|delivery_3layer_dets=—|delivery_det_rate=—|delivery_dir_zone=—|delivery_dir_conf=0|delivery_pitch_pos=—|delivery_shot_action=—|delivery_swing=—|delivery_speed_vlm=—|delivery_vlm_conf=—|delivery_vlm_ms=—|speed_kph=—|venue=—|batting_team=Royal Challengers Bengaluru|match_info=IPL 2026|completed_over=—|completed_over_runs=—|drs_state=NONE|corrections=none|lat_vision=625|lat_extract=709|lat_scorer=869|lat_field=43|lat_comm=0|lat_code=0|lat_total=2204|comm_bowler=Kuldeep Yadav|comm_wire=—|comm_storyteller=—|comm_analyst=—|comm_colour=—|comm_wire_ms=0|comm_story_ms=0|comm_analyst_ms=0|comm_colour_ms=0[0m
[37m[16:12:23 F178 VISION] INFO: [SCOUT] SCOREBOARD 544ms strip=True overlay=False drs=False digits=True 251 chars[0m
[37m[16:12:23 F178 TEST] INFO: 
=======================================================[0m
[37m[16:12:23 F178 TEST] INFO: [F178] SCOREBOARD — #114[0m
[37m[16:12:23 F178 TEST] INFO:   [V 547ms] STRIP: RCB 81-1 (8.1) | SALT 47(29) | PADIKKAL 11(7) | KULDEEP 0-8 (1.1)[0m
[37m[16:12:23 F178 EXTRACT] INFO: Extracted in 0.5s (llama-4-scout-17b-16e-instruct)[0m
[37m[16:12:23 F178 TEST] INFO:   [E 531ms] visible_team=Royal Challengers Bengaluru score=81-1 (8.1) target=None rr=None[0m
[37m[16:12:23 F178 TEST] INFO:     BAT: SALT 47(29) [0m
[37m[16:12:23 F178 TEST] INFO:     BAT: PADIKKAL 11(7) [0m
[37m[16:12:23 F178 TEST] INFO:     BOWL: KULDEEP 0-8 (1.1)[0m
[37m[16:12:23 F178 TEST] INFO:   [DIRECT] Batter updates: ['SALT: ext=47(29) → tracker=47(29) [was 47(29)]', 'PADIKKAL: ext=11(7) → tracker=11(7) [was 11(7)]'][0m
[37m[16:12:23 F178 TEST] INFO:   [DIRECT] score→81[0m
[37m[16:12:23 F178 TEST] INFO:   [DIRECT] overs→8.1[0m
[37m[16:12:23 F178 TEST] INFO:   [DIRECT] wickets→1[0m
[37m[16:12:24 F178 SCORER] INFO: Scored in 1.0s (llama-4-scout-17b-16e-instruct)[0m
[37m[16:12:24 F178 TEST] INFO:   [S] Hint: Current batters: SALT and PADIKKAL. Bowler: KULDEEP. Read their stats from the scoreboard. ALREADY DISMISSED (do NOT dismiss again): Virat Kohli[0m
[37m[16:12:24 F178 TEST] INFO:   [FLOW] Extractor batters not in scorer: {'PADIKKAL', 'SALT'}[0m
[37m[16:12:24 F178 TEST] INFO:   [S 989ms] Changes: ['score→81', 'overs→8.1', 'bat:Philip Salt=47(29)', 'bat:Devdutt Padikkal=11(7)', 'bowl:Kuldeep Yadav'][0m
[37m[16:12:24 F178 TEST] INFO:   Total: 2067ms (V:547 E:531 S:989)[0m
[37m[16:12:24 F178 TEST] INFO:   [THIS OVER] ['2'] = 2 runs[0m
[37m[16:12:24 F178 TEST] INFO:   STATE: Royal Challengers Bengaluru 81-1 (8.1) inn=1 RR=9.92 | Bat: Philip Salt*(47) Devdutt Padikkal(11) | Bowl: Kuldeep Yadav 0-8[0m
[37m[16:12:24 F178 TEST] INFO:   [ACTION] The bowler, Kuldeep, appears to be bowling, with Salt and Padikkal positioned to[0m
[37m[16:12:24 F178 TEST] INFO: DETAIL|F178|SCOREBOARD|tag=SCOREBOARD|scout=STRIP: RCB 81-1 (8.1) | SALT 47(29) | PADIKKAL 11(7) | KULDEEP 0-8 (1.1)|action=The bowler, Kuldeep, appears to be bowling, with Salt and Padikkal positioned to face the delivery.|ext_score=81-1(8.1)|ext_bat=SALT 47(29) | PADIKKAL 11(7)|ext_bowl=KULDEEP 0-8 (1.1)|scorer_changes=['score→81', 'overs→8.1', 'bat:Philip Salt=47(29)', 'bat:Devdutt Padikkal=11(7)', 'bowl:Kuldeep Yadav']|yolo=0|BEFORE_score=81-1(8.1)|BEFORE_bat1=Philip Salt 47(29)|BEFORE_bat2=Devdutt Padikkal 11(7)|BEFORE_bowl=Kuldeep Yadav 0-8 (1.1)|BEFORE_this_over=['2']|AFTER_score=81-1(8.1)|AFTER_bat1=Philip Salt 47(29)|AFTER_bat2=Devdutt Padikkal 11(7)|AFTER_bowl=Kuldeep Yadav 0-8 (1.1)|AFTER_this_over=['2']|AFTER_this_over_src=2(obs)|AFTER_striker=Philip Salt|AFTER_non_striker=Devdutt Padikkal|AFTER_run_rate=9.92|AFTER_target=—|AFTER_innings=1|AFTER_partnership=26(16)|AFTER_fow_count=1|AFTER_field=spin_middle frozen=True fielders=['slip_1', 'point', 'cover', 'mid_off', 'mid_on', 'midwicket', 'deep_midwicket', 'long_on', 'deep_square_leg']|ball_event=—|ball_event_runs=—|ball_event_over=—|ball_event_extra=—|ball_event_free_hit=—|broadcast_extra=—|dismissal_mode=—|striker_this_ball=Philip Salt|delivery_length=—|delivery_line=—|delivery_angle=—|delivery_shot=—|delivery_direction=—|delivery_elevation=—|delivery_bounce=—|delivery_dets=0|delivery_method=—|delivery_snap_dets=—|delivery_3layer_dets=—|delivery_det_rate=—|delivery_dir_zone=—|delivery_dir_conf=0|delivery_pitch_pos=—|delivery_shot_action=—|delivery_swing=—|delivery_speed_vlm=—|delivery_vlm_conf=—|delivery_vlm_ms=—|speed_kph=—|venue=—|batting_team=Royal Challengers Bengaluru|match_info=IPL 2026|completed_over=—|completed_over_runs=—|drs_state=NONE|corrections=none|lat_vision=547|lat_extract=531|lat_scorer=989|lat_field=42|lat_comm=0|lat_code=0|lat_total=2068|comm_bowler=Kuldeep Yadav|comm_wire=—|comm_storyteller=—|comm_analyst=—|comm_colour=—|comm_wire_ms=0|comm_story_ms=0|comm_analyst_ms=0|comm_colour_ms=0[0m
[37m[16:12:26 F179 VISION] INFO: [SCOUT] SCOREBOARD 474ms strip=True overlay=False drs=False digits=True 174 chars[0m
[37m[16:12:26 F179 TEST] INFO: 
=======================================================[0m
[37m[16:12:26 F179 TEST] INFO: [F179] SCOREBOARD — #115[0m
[37m[16:12:26 F179 TEST] INFO:   [V 478ms] STRIP: RCB 81-1 (8.1) | SALT 47(29) | PADIKKAL 11(7) | KULDEEP 0-8 (1.1)

The batsman is playing a shot.[0m
[37m[16:12:26 F179 EXTRACT] INFO: Extracted in 0.6s (llama-4-scout-17b-16e-instruct)[0m
[37m[16:12:26 F179 TEST] INFO:   [E 643ms] visible_team=Royal Challengers Bengaluru score=81-1 (8.1) target=None rr=None[0m
[37m[16:12:26 F179 TEST] INFO:     BAT: SALT 47(29) [0m
[37m[16:12:26 F179 TEST] INFO:     BAT: PADIKKAL 11(7) [0m
[37m[16:12:26 F179 TEST] INFO:     BOWL: KULDEEP 0-8 (1.1)[0m
[37m[16:12:26 F179 TEST] INFO:   [DIRECT] Batter updates: ['SALT: ext=47(29) → tracker=47(29) [was 47(29)]', 'PADIKKAL: ext=11(7) → tracker=11(7) [was 11(7)]'][0m
[37m[16:12:26 F179 TEST] INFO:   [DIRECT] score→81[0m
[37m[16:12:26 F179 TEST] INFO:   [DIRECT] overs→8.1[0m
[37m[16:12:26 F179 TEST] INFO:   [DIRECT] wickets→1[0m
[37m[16:12:27 F179 SCORER] INFO: Scored in 0.9s (llama-4-scout-17b-16e-instruct)[0m
[37m[16:12:27 F179 TEST] INFO:   [S] Hint: Current batters: SALT and PADIKKAL. Bowler: KULDEEP. Read their stats from the scoreboard. ALREADY DISMISSED (do NOT dismiss again): Virat Kohli[0m
[37m[16:12:27 F179 TEST] INFO:   [FLOW] Extractor batters not in scorer: {'PADIKKAL', 'SALT'}[0m
[37m[16:12:27 F179 TEST] INFO:   [WICKET-TRACK] Wicket at F179[0m
[37m[16:12:27 F179 TEST] INFO:   [S 887ms] Changes: ['score→81', 'overs→8.1', 'wickets→1', 'bat:Philip Salt=47(29)', 'bat:Devdutt Padikkal=11(7)', 'bowl:Kuldeep Yadav'][0m
[37m[16:12:27 F179 TEST] INFO:   Total: 2008ms (V:478 E:643 S:887)[0m
[37m[16:12:27 F179 TEST] INFO:   [THIS OVER] ['2'] = 2 runs[0m
[37m[16:12:27 F179 TEST] INFO:   STATE: Royal Challengers Bengaluru 81-1 (8.1) inn=1 RR=9.92 | Bat: Philip Salt*(47) Devdutt Padikkal(11) | Bowl: Kuldeep Yadav 0-8[0m
[37m[16:12:27 F179 FIELD] INFO: [F179] OC-deep_backward_point moved to OC-third_man_square[0m
[37m[16:12:27 F179 FIELD] INFO: [F179] IC-point brought in — attacking[0m
[37m[16:12:27 F179 FIELD] INFO: [F179] IC-cover brought in — attacking[0m
[37m[16:12:27 F179 FIELD] INFO: [F179] slip added — expecting edge[0m
[37m[16:12:27 F179 TEST] INFO: DETAIL|F179|SCOREBOARD|tag=SCOREBOARD|scout=STRIP: RCB 81-1 (8.1) | SALT 47(29) | PADIKKAL 11(7) | KULDEEP 0-8 (1.1)  The batsman is playing a shot.|action=—|ext_score=81-1(8.1)|ext_bat=SALT 47(29) | PADIKKAL 11(7)|ext_bowl=KULDEEP 0-8 (1.1)|scorer_changes=['score→81', 'overs→8.1', 'wickets→1', 'bat:Philip Salt=47(29)', 'bat:Devdutt Padikkal=11(7)', 'bowl:Kuldeep Yadav']|yolo=4|BEFORE_score=81-1(8.1)|BEFORE_bat1=Philip Salt 47(29)|BEFORE_bat2=Devdutt Padikkal 11(7)|BEFORE_bowl=Kuldeep Yadav 0-8 (1.1)|BEFORE_this_over=['2']|AFTER_score=81-1(8.1)|AFTER_bat1=Philip Salt 47(29)|AFTER_bat2=Devdutt Padikkal 11(7)|AFTER_bowl=Kuldeep Yadav 0-8 (1.1)|AFTER_this_over=['2']|AFTER_this_over_src=2(obs)|AFTER_striker=Philip Salt|AFTER_non_striker=Devdutt Padikkal|AFTER_run_rate=9.92|AFTER_target=—|AFTER_innings=1|AFTER_partnership=26(16)|AFTER_fow_count=1|AFTER_field=spin_middle frozen=True fielders=['slip_1', 'point', 'cover', 'mid_off', 'mid_on', 'midwicket', 'deep_midwicket', 'long_on', 'deep_square_leg']|ball_event=—|ball_event_runs=—|ball_event_over=—|ball_event_extra=—|ball_event_free_hit=—|broadcast_extra=—|dismissal_mode=—|striker_this_ball=Philip Salt|delivery_length=—|delivery_line=—|delivery_angle=—|delivery_shot=—|delivery_direction=—|delivery_elevation=—|delivery_bounce=—|delivery_dets=0|delivery_method=—|delivery_snap_dets=—|delivery_3layer_dets=—|delivery_det_rate=—|delivery_dir_zone=—|delivery_dir_conf=0|delivery_pitch_pos=—|delivery_shot_action=—|delivery_swing=—|delivery_speed_vlm=—|delivery_vlm_conf=—|delivery_vlm_ms=—|speed_kph=—|venue=—|batting_team=Royal Challengers Bengaluru|match_info=IPL 2026|completed_over=—|completed_over_runs=—|drs_state=NONE|corrections=none|lat_vision=478|lat_extract=643|lat_scorer=887|lat_field=48|lat_comm=0|lat_code=0|lat_total=2010|comm_bowler=Kuldeep Yadav|comm_wire=—|comm_storyteller=—|comm_analyst=—|comm_colour=—|comm_wire_ms=0|comm_story_ms=0|comm_analyst_ms=0|comm_colour_ms=0[0m
[37m[16:12:29 F180 VISION] INFO: [SCOUT] SCOREBOARD 666ms strip=True overlay=False drs=False digits=True 235 chars[0m
[37m[16:12:29 F180 TEST] INFO: 
=======================================================[0m
[37m[16:12:29 F180 TEST] INFO: [F180] SCOREBOARD — #116[0m
[37m[16:12:29 F180 TEST] INFO:   [V 669ms] STRIP: RCB 81-1 (8.1) | SALT 47(29) | PADIKKAL 11(7) | KULDEEP 0-8 (1.1)[0m
[37m[16:12:30 F180 EXTRACT] INFO: Extracted in 0.6s (llama-4-scout-17b-16e-instruct)[0m
[37m[16:12:30 F180 TEST] INFO:   [E 579ms] visible_team=Royal Challengers Bengaluru score=81-1 (8.1) target=None rr=None[0m
[37m[16:12:30 F180 TEST] INFO:     BAT: SALT 47(29) [0m
[37m[16:12:30 F180 TEST] INFO:     BAT: PADIKKAL 11(7) [0m
[37m[16:12:30 F180 TEST] INFO:     BOWL: KULDEEP 0-8 (1.1)[0m
[37m[16:12:30 F180 TEST] INFO:   [DIRECT] Batter updates: ['SALT: ext=47(29) → tracker=47(29) [was 47(29)]', 'PADIKKAL: ext=11(7) → tracker=11(7) [was 11(7)]'][0m
[37m[16:12:30 F180 TEST] INFO:   [DIRECT] score→81[0m
[37m[16:12:30 F180 TEST] INFO:   [DIRECT] overs→8.1[0m
[37m[16:12:30 F180 TEST] INFO:   [DIRECT] wickets→1[0m
[37m[16:12:30 F180 SCORER] INFO: Scored in 0.9s (llama-4-scout-17b-16e-instruct)[0m
[37m[16:12:30 F180 TEST] INFO:   [S] Hint: Current batters: SALT and PADIKKAL. Bowler: KULDEEP. Read their stats from the scoreboard. ALREADY DISMISSED (do NOT dismiss again): Virat Kohli[0m
[37m[16:12:30 F180 TEST] INFO:   [FLOW] Extractor batters not in scorer: {'PADIKKAL', 'SALT'}[0m
[37m[16:12:30 F180 TEST] INFO:   [S 887ms] Changes: ['score→81', 'overs→8.1', 'bat:Philip Salt=47(29)', 'bat:Devdutt Padikkal=11(7)', 'bowl:Kuldeep Yadav'][0m
[37m[16:12:30 F180 TEST] INFO:   Total: 2136ms (V:669 E:579 S:887)[0m
[37m[16:12:30 F180 TEST] INFO:   [THIS OVER] ['2'] = 2 runs[0m
[37m[16:12:30 F180 TEST] INFO:   STATE: Royal Challengers Bengaluru 81-1 (8.1) inn=1 RR=9.92 | Bat: Philip Salt*(47) Devdutt Padikkal(11) | Bowl: Kuldeep Yadav 0-8[0m
[37m[16:12:30 F180 TEST] INFO:   [ACTION] A cricket match is in progress with the bowler KULDEEP bowling to the batter SAL[0m
[37m[16:12:30 F180 FIELD] INFO: [F180] balanced | total:4 (yolo:4 vis:0) | slips:1 in:3 out:1 | keeper:back | fresh:0 balls ago | conf:0.4 | 44ms[0m
[37m[16:12:30 F180 TEST] INFO: DETAIL|F180|SCOREBOARD|tag=SCOREBOARD|scout=STRIP: RCB 81-1 (8.1) | SALT 47(29) | PADIKKAL 11(7) | KULDEEP 0-8 (1.1)|action=A cricket match is in progress with the bowler KULDEEP bowling to the batter SALT.|ext_score=81-1(8.1)|ext_bat=SALT 47(29) | PADIKKAL 11(7)|ext_bowl=KULDEEP 0-8 (1.1)|scorer_changes=['score→81', 'overs→8.1', 'bat:Philip Salt=47(29)', 'bat:Devdutt Padikkal=11(7)', 'bowl:Kuldeep Yadav']|yolo=2|BEFORE_score=81-1(8.1)|BEFORE_bat1=Philip Salt 47(29)|BEFORE_bat2=Devdutt Padikkal 11(7)|BEFORE_bowl=Kuldeep Yadav 0-8 (1.1)|BEFORE_this_over=['2']|AFTER_score=81-1(8.1)|AFTER_bat1=Philip Salt 47(29)|AFTER_bat2=Devdutt Padikkal 11(7)|AFTER_bowl=Kuldeep Yadav 0-8 (1.1)|AFTER_this_over=['2']|AFTER_this_over_src=2(obs)|AFTER_striker=Philip Salt|AFTER_non_striker=Devdutt Padikkal|AFTER_run_rate=9.92|AFTER_target=—|AFTER_innings=1|AFTER_partnership=26(16)|AFTER_fow_count=1|AFTER_field=spin_middle frozen=True fielders=['slip_1', 'point', 'cover', 'mid_off', 'mid_on', 'midwicket', 'deep_midwicket', 'long_on', 'deep_square_leg']|ball_event=—|ball_event_runs=—|ball_event_over=—|ball_event_extra=—|ball_event_free_hit=—|broadcast_extra=—|dismissal_mode=—|striker_this_ball=Philip Salt|delivery_length=—|delivery_line=—|delivery_angle=—|delivery_shot=—|delivery_direction=—|delivery_elevation=—|delivery_bounce=—|delivery_dets=0|delivery_method=—|delivery_snap_dets=—|delivery_3layer_dets=—|delivery_det_rate=—|delivery_dir_zone=—|delivery_dir_conf=0|delivery_pitch_pos=—|delivery_shot_action=—|delivery_swing=—|delivery_speed_vlm=—|delivery_vlm_conf=—|delivery_vlm_ms=—|speed_kph=—|venue=—|batting_team=Royal Challengers Bengaluru|match_info=IPL 2026|completed_over=—|completed_over_runs=—|drs_state=NONE|corrections=none|lat_vision=669|lat_extract=579|lat_scorer=887|lat_field=44|lat_comm=0|lat_code=0|lat_total=2138|comm_bowler=Kuldeep Yadav|comm_wire=—|comm_storyteller=—|comm_analyst=—|comm_colour=—|comm_wire_ms=0|comm_story_ms=0|comm_analyst_ms=0|comm_colour_ms=0[0m
[37m[16:12:32 F181 VISION] INFO: [SCOUT] SCOREBOARD 492ms strip=True overlay=False drs=False digits=True 216 chars[0m
[37m[16:12:32 F181 TEST] INFO: 
=======================================================[0m
[37m[16:12:32 F181 TEST] INFO: [F181] SCOREBOARD — #117[0m
[37m[16:12:32 F181 TEST] INFO:   [V 495ms] STRIP: RCB 87-1 (8.2) | SALT 53(30) | PADIKKAL 11(7) | 

INFO_PANEL: 
SPEED: 84.8 kph
EXTRA: 
THIS OVER: 
FULL SCORECARD: 

The bowler is bowling.[0m
[37m[16:12:33 F181 EXTRACT] INFO: Extracted in 0.8s (llama-4-scout-17b-16e-instruct)[0m
[37m[16:12:33 F181 TEST] INFO:   [E 762ms] visible_team=Royal Challengers Bengaluru score=87-1 (8.2) target=None rr=None[0m
[37m[16:12:33 F181 TEST] INFO:     BAT: SALT 53(30) [0m
[37m[16:12:33 F181 TEST] INFO:     BAT: PADIKKAL 11(7) [0m
[37m[16:12:33 F181 TRACK] INFO: bat:Philip Salt:runs: 47 → 53 (fast-confirm, natural increment F181)[0m
[37m[16:12:33 F181 TRACK] INFO: bat:Philip Salt:balls: 29 → 30 (fast-confirm, natural increment F181)[0m
[37m[16:12:33 F181 BOARD] INFO: Philip Salt: 47(29) -> 53(30) [F181][0m
[37m[16:12:33 F181 TEST] INFO:   [DIRECT] Batter updates: ['SALT: ext=53(30) → tracker=53(30) [was 47(29)]', 'PADIKKAL: ext=11(7) → tracker=11(7) [was 11(7)]'][0m
[37m[16:12:33 F181 TEST] INFO:   [DIRECT] wickets→1[0m
[37m[16:12:34 F181 SCORER] INFO: Scored in 0.8s (llama-4-scout-17b-16e-instruct)[0m
[37m[16:12:34 F181 TEST] INFO:   [S] Hint: Current batters: SALT and PADIKKAL. Bowler: Kuldeep Yadav. Read their stats from the scoreboard. ALREADY DISMISSED (do NOT dismiss again): Virat Kohli[0m
[37m[16:12:34 F181 TRACK] INFO: score: 81 → 87 (confirmed F181)[0m
[37m[16:12:34 F181 BOARD] INFO: score: 81 -> 87 [F181][0m
[37m[16:12:34 F181 TRACK] INFO: overs: 8.1 → 8.2 (confirmed F181)[0m
[37m[16:12:34 F181 BOARD] INFO: overs: 8.1 -> 8.2 [F181][0m
[37m[16:12:34 F181 TEST] INFO:   [FLOW] Extractor batters not in scorer: {'PADIKKAL', 'SALT'}[0m
[37m[16:12:34 F181 TEST] INFO:   [S 787ms] Changes: ['score→87', 'overs→8.2', 'bat:Philip Salt=53(30)', 'bat:Devdutt Padikkal=11(7)'][0m
[37m[16:12:34 F181 TEST] INFO:   Total: 2044ms (V:495 E:762 S:787)[0m
[37m[16:12:34 F181 TEST] INFO:   [THIS OVER] ['2'] = 2 runs[0m
[37m[16:12:34 F181 COMMENTARY] INFO: [BALL ✓] SIX | 8.2 +6 runs (Δballs=1)[0m
[37m[16:12:34 F181 TEST] INFO:   [THIS-OVER] Ball SIX appended to over 8[0m
[37m[16:12:45 F181 TEST] INFO:   [DELIVERY] good length, on off stump, driven straight down the ground, along the ground (11667ms, 0 dets, method=vlm)[0m
[37m[16:12:45 F181 BOARD] INFO: run_rate: 9.92 -> 10.44 [F181][0m
[37m[16:12:45 F181 TEST] INFO:   STATE: Royal Challengers Bengaluru 87-1 (8.2) inn=1 RR=10.44 | Bat: Philip Salt*(53) Devdutt Padikkal(11) | Bowl: Kuldeep Yadav 0-8[0m
[37m[16:12:45 F181 SCORE_MGR] INFO: [SM] SIX  87/1 (8.2)  striker=SALT[0m
[37m[16:12:45 F181 TEST] INFO:   [SHADOW] SM=SIX BED=SIX MATCH[0m
[37m[16:12:46 F181 TEST] INFO:   [COMM 469ms] wire(0ms), storyteller(468ms)[0m
[37m[16:12:46 F181 TEST] INFO:   [BALL EVENT ✓] SIX | 8.2 | +6 runs (Δballs=0)[0m
[37m[16:12:46 F181 TEST] INFO: DETAIL|F181|SCOREBOARD|tag=SCOREBOARD|scout=STRIP: RCB 87-1 (8.2) | SALT 53(30) | PADIKKAL 11(7) |   INFO_PANEL:  SPEED: 84.8 kph EXTRA:  THIS OVER:  FULL SCORECARD|action=—|ext_score=87-1(8.2)|ext_bat=SALT 53(30) | PADIKKAL 11(7)|ext_bowl=|scorer_changes=['score→87', 'overs→8.2', 'bat:Philip Salt=53(30)', 'bat:Devdutt Padikkal=11(7)']|yolo=0|BEFORE_score=81-1(8.1)|BEFORE_bat1=Philip Salt 47(29)|BEFORE_bat2=Devdutt Padikkal 11(7)|BEFORE_bowl=Kuldeep Yadav 0-8 (1.1)|BEFORE_this_over=['2']|AFTER_score=87-1(8.2)|AFTER_bat1=Philip Salt 53(30)|AFTER_bat2=Devdutt Padikkal 11(7)|AFTER_bowl=Kuldeep Yadav 0-8 (1.1)|AFTER_this_over=['2', '6']|AFTER_this_over_src=2(obs),6(obs)|AFTER_striker=Philip Salt|AFTER_non_striker=Devdutt Padikkal|AFTER_run_rate=10.44|AFTER_target=—|AFTER_innings=1|AFTER_partnership=32(17)|AFTER_fow_count=1|AFTER_field=spin_middle frozen=True fielders=['slip_1', 'point', 'cover', 'mid_off', 'mid_on', 'midwicket', 'deep_midwicket', 'long_on', 'deep_square_leg']|ball_event=SIX|ball_event_runs=6|ball_event_over=8.2|ball_event_extra=—|ball_event_free_hit=—|broadcast_extra=—|dismissal_mode=—|striker_this_ball=Philip Salt|delivery_length=good_length|delivery_line=off_stump|delivery_angle=over|delivery_shot=along_ground|delivery_direction=straight|delivery_elevation=along_ground|delivery_bounce=normal|delivery_dets=0|delivery_method=vlm|delivery_snap_dets=—|delivery_3layer_dets=—|delivery_det_rate=0.00|delivery_dir_zone=straight|delivery_dir_conf=high|delivery_pitch_pos=on_a_good_length|delivery_shot_action=drive|delivery_swing=not_visible|delivery_speed_vlm=None|delivery_vlm_conf=high|delivery_vlm_ms=902|speed_kph=84.8|venue=—|batting_team=Royal Challengers Bengaluru|match_info=IPL 2026|completed_over=—|completed_over_runs=—|drs_state=NONE|corrections=none|lat_vision=495|lat_extract=762|lat_scorer=787|lat_field=65|lat_comm=469|lat_code=11604|lat_total=14182|comm_bowler=Kuldeep Yadav|comm_wire=8.2: T Natarajan to SALT — SIX, good length (84.8 kph). 87/1|comm_storyteller=The crowd is on its feet as the batter unleashes a powerful shot! A good-length delivery is timed to perfection, lofted into the night sky, and clears the boundary with ease. The ball sails over the r|comm_analyst=—|comm_colour=—|comm_wire_ms=0|comm_story_ms=468|comm_analyst_ms=0|comm_colour_ms=0[0m
[37m[16:12:47 F182 VISION] INFO: [SCOUT] GRAPHIC 628ms strip=True overlay=True drs=False digits=True 262 chars[0m
[37m[16:12:47 F182 TEST] INFO: 
=======================================================[0m
[37m[16:12:47 F182 TEST] INFO: [F182] GRAPHIC — #118[0m
[37m[16:12:47 F182 TEST] INFO:   [V 631ms] STRIP: RCB 87-1 (8.2) | SALT 53*(30) | PADIKKAL 11(7) | 

INFO_PANEL: SALT 53* 30 | IPL CAREER 50s 12 100s 0[0m
[37m[16:12:48 F182 EXTRACT] INFO: Extracted in 0.6s (llama-4-scout-17b-16e-instruct)[0m
[37m[16:12:48 F182 TEST] INFO:   [GUARD] GRAPHIC frame — player stats stripped, score matches tracker[0m
[37m[16:12:48 F182 TEST] INFO:   [INFO PANEL] Detected — tracker will bound values[0m
[37m[16:12:48 F182 TEST] INFO:   [E 636ms] visible_team=Royal Challengers Bengaluru score=87-1 (8.2) target=None rr=None[0m
[37m[16:12:48 F182 TEST] INFO:   [DIRECT] score→87[0m
[37m[16:12:48 F182 TEST] INFO:   [DIRECT] overs→8.2[0m
[37m[16:12:48 F182 TEST] INFO:   [DIRECT] wickets→1[0m
[37m[16:12:49 F182 SCORER] INFO: Scored in 1.0s (llama-4-scout-17b-16e-instruct)[0m
[37m[16:12:49 F182 TEST] INFO:   [S] Hint: Current batters: SALT and PADIKKAL. Bowler: KULDEEP YADAV. Read their stats from the scoreboard. ALREADY DISMISSED (do NOT dismiss again): Virat Kohli[0m
[37m[16:12:49 F182 TEST] INFO:   [S 1001ms] Changes: ['score→87', 'overs→8.2', 'bat:Philip Salt=53(30)', 'bat:Devdutt Padikkal=11(7)', 'bowl:Kuldeep Yadav'][0m
[37m[16:12:49 F182 TEST] INFO:   Total: 2267ms (V:631 E:636 S:1001)[0m
[37m[16:12:49 F182 TEST] INFO:   [THIS OVER] ['2', '6'] = 8 runs[0m
[37m[16:12:49 F182 TEST] INFO:   STATE: Royal Challengers Bengaluru 87-1 (8.2) inn=1 RR=10.44 | Bat: Philip Salt*(53) Devdutt Padikkal(11) | Bowl: Kuldeep Yadav 0-8[0m
[37m[16:12:49 F182 TEST] INFO:   [ACTION] The batsman, SALT, is on strike, having just hit a shot or is taking a run.[0m
[37m[16:12:49 F182 TEST] INFO: DETAIL|F182|GRAPHIC|tag=GRAPHIC|scout=STRIP: RCB 87-1 (8.2) | SALT 53*(30) | PADIKKAL 11(7) |   INFO_PANEL: SALT 53* 30 | IPL CAREER 50s 12 100s 0|action=The batsman, SALT, is on strike, having just hit a shot or is taking a run.|ext_score=87-1(8.2)|ext_bat=|ext_bowl=|scorer_changes=['score→87', 'overs→8.2', 'bat:Philip Salt=53(30)', 'bat:Devdutt Padikkal=11(7)', 'bowl:Kuldeep Yadav']|yolo=0|BEFORE_score=87-1(8.2)|BEFORE_bat1=Philip Salt 53(30)|BEFORE_bat2=Devdutt Padikkal 11(7)|BEFORE_bowl=Kuldeep Yadav 0-8 (1.1)|BEFORE_this_over=['2', '6']|AFTER_score=87-1(8.2)|AFTER_bat1=Philip Salt 53(30)|AFTER_bat2=Devdutt Padikkal 11(7)|AFTER_bowl=Kuldeep Yadav 0-8 (1.1)|AFTER_this_over=['2', '6']|AFTER_this_over_src=2(obs),6(obs)|AFTER_striker=Philip Salt|AFTER_non_striker=Devdutt Padikkal|AFTER_run_rate=10.44|AFTER_target=—|AFTER_innings=1|AFTER_partnership=32(17)|AFTER_fow_count=1|AFTER_field=spin_middle frozen=True fielders=['slip_1', 'point', 'cover', 'mid_off', 'mid_on', 'midwicket', 'deep_midwicket', 'long_on', 'deep_square_leg']|ball_event=—|ball_event_runs=—|ball_event_over=—|ball_event_extra=—|ball_event_free_hit=—|broadcast_extra=—|dismissal_mode=—|striker_this_ball=Philip Salt|delivery_length=—|delivery_line=—|delivery_angle=—|delivery_shot=—|delivery_direction=—|delivery_elevation=—|delivery_bounce=—|delivery_dets=0|delivery_method=—|delivery_snap_dets=—|delivery_3layer_dets=—|delivery_det_rate=—|delivery_dir_zone=—|delivery_dir_conf=0|delivery_pitch_pos=—|delivery_shot_action=—|delivery_swing=—|delivery_speed_vlm=—|delivery_vlm_conf=—|delivery_vlm_ms=—|speed_kph=—|venue=—|batting_team=Royal Challengers Bengaluru|match_info=IPL 2026|completed_over=—|completed_over_runs=—|drs_state=NONE|corrections=none|lat_vision=631|lat_extract=636|lat_scorer=1001|lat_field=46|lat_comm=0|lat_code=0|lat_total=2269|comm_bowler=Kuldeep Yadav|comm_wire=—|comm_storyteller=—|comm_analyst=—|comm_colour=—|comm_wire_ms=0|comm_story_ms=0|comm_analyst_ms=0|comm_colour_ms=0[0m
[37m[16:12:51 F183 VISION] INFO: [SCOUT] GRAPHIC 795ms strip=True overlay=True drs=False digits=True 274 chars[0m
[37m[16:12:51 F183 TEST] INFO: 
=======================================================[0m
[37m[16:12:51 F183 TEST] INFO: [F183] GRAPHIC — #119[0m
[37m[16:12:51 F183 TEST] INFO:   [V 798ms] STRIP: RCB 87-1 (8.2) | SALT 53*(30) | PADIKKAL 11(7) 

INFO_PANEL: SALT 53* 30 | IPL CAREER 50s 12 100s 0[0m
[37m[16:12:52 F183 EXTRACT] INFO: Extracted in 0.6s (llama-4-scout-17b-16e-instruct)[0m
[37m[16:12:52 F183 TEST] INFO:   [GUARD] GRAPHIC frame — player stats stripped, score matches tracker[0m
[37m[16:12:52 F183 TEST] INFO:   [INFO PANEL] Detected — tracker will bound values[0m
[37m[16:12:52 F183 TEST] INFO:   [E 596ms] visible_team=Royal Challengers Bengaluru score=87-1 (8.2) target=None rr=None[0m
[37m[16:12:52 F183 TEST] INFO:   [DIRECT] score→87[0m
[37m[16:12:52 F183 TEST] INFO:   [DIRECT] overs→8.2[0m
[37m[16:12:52 F183 TEST] INFO:   [DIRECT] wickets→1[0m
[37m[16:12:53 F183 SCORER] INFO: Scored in 1.2s (llama-4-scout-17b-16e-instruct)[0m
[37m[16:12:53 F183 TEST] INFO:   [S] Hint: Current batters: SALT and PADIKKAL. Bowler: KULDEEP YADAV. Read their stats from the scoreboard. ALREADY DISMISSED (do NOT dismiss again): Virat Kohli[0m
[37m[16:12:53 F183 TEST] INFO:   [S 1200ms] Changes: ['score→87', 'overs→8.2', 'bat:Philip Salt=53(30)', 'bat:Devdutt Padikkal=11(7)', 'bowl:Kuldeep Yadav'][0m
[37m[16:12:53 F183 TEST] INFO:   Total: 2593ms (V:798 E:596 S:1200)[0m
[37m[16:12:53 F183 TEST] INFO:   [THIS OVER] ['2', '6'] = 8 runs[0m
[37m[16:12:53 F183 TEST] INFO:   STATE: Royal Challengers Bengaluru 87-1 (8.2) inn=1 RR=10.44 | Bat: Philip Salt*(53) Devdutt Padikkal(11) | Bowl: Kuldeep Yadav 0-8[0m
[37m[16:12:53 F183 TEST] INFO:   [ACTION] The batter is taking a few moments, possibly adjusting or preparing for the next[0m
[37m[16:12:53 F183 TEST] INFO: DETAIL|F183|GRAPHIC|tag=GRAPHIC|scout=STRIP: RCB 87-1 (8.2) | SALT 53*(30) | PADIKKAL 11(7)   INFO_PANEL: SALT 53* 30 | IPL CAREER 50s 12 100s 0|action=The batter is taking a few moments, possibly adjusting or preparing for the next delivery.|ext_score=87-1(8.2)|ext_bat=|ext_bowl=|scorer_changes=['score→87', 'overs→8.2', 'bat:Philip Salt=53(30)', 'bat:Devdutt Padikkal=11(7)', 'bowl:Kuldeep Yadav']|yolo=0|BEFORE_score=87-1(8.2)|BEFORE_bat1=Philip Salt 53(30)|BEFORE_bat2=Devdutt Padikkal 11(7)|BEFORE_bowl=Kuldeep Yadav 0-8 (1.1)|BEFORE_this_over=['2', '6']|AFTER_score=87-1(8.2)|AFTER_bat1=Philip Salt 53(30)|AFTER_bat2=Devdutt Padikkal 11(7)|AFTER_bowl=Kuldeep Yadav 0-8 (1.1)|AFTER_this_over=['2', '6']|AFTER_this_over_src=2(obs),6(obs)|AFTER_striker=Philip Salt|AFTER_non_striker=Devdutt Padikkal|AFTER_run_rate=10.44|AFTER_target=—|AFTER_innings=1|AFTER_partnership=32(17)|AFTER_fow_count=1|AFTER_field=spin_middle frozen=True fielders=['slip_1', 'point', 'cover', 'mid_off', 'mid_on', 'midwicket', 'deep_midwicket', 'long_on', 'deep_square_leg']|ball_event=—|ball_event_runs=—|ball_event_over=—|ball_event_extra=—|ball_event_free_hit=—|broadcast_extra=—|dismissal_mode=—|striker_this_ball=Philip Salt|delivery_length=—|delivery_line=—|delivery_angle=—|delivery_shot=—|delivery_direction=—|delivery_elevation=—|delivery_bounce=—|delivery_dets=0|delivery_method=—|delivery_snap_dets=—|delivery_3layer_dets=—|delivery_det_rate=—|delivery_dir_zone=—|delivery_dir_conf=0|delivery_pitch_pos=—|delivery_shot_action=—|delivery_swing=—|delivery_speed_vlm=—|delivery_vlm_conf=—|delivery_vlm_ms=—|speed_kph=—|venue=—|batting_team=Royal Challengers Bengaluru|match_info=IPL 2026|completed_over=—|completed_over_runs=—|drs_state=NONE|corrections=none|lat_vision=798|lat_extract=596|lat_scorer=1200|lat_field=44|lat_comm=0|lat_code=0|lat_total=2595|comm_bowler=Kuldeep Yadav|comm_wire=—|comm_storyteller=—|comm_analyst=—|comm_colour=—|comm_wire_ms=0|comm_story_ms=0|comm_analyst_ms=0|comm_colour_ms=0[0m
[37m[16:12:55 F185 VISION] INFO: [SCOUT] GRAPHIC 513ms strip=True overlay=True drs=False digits=True 233 chars[0m
[37m[16:12:55 F185 TEST] INFO: 
=======================================================[0m
[37m[16:12:55 F185 TEST] INFO: [F185] GRAPHIC — #120[0m
[37m[16:12:55 F185 TEST] INFO:   [V 516ms] STRIP: RCB 87-1 (8.2) | SALT 53(30) | PADIKKAL 11(7)

INFO_PANEL: SALT 53* 30 | IPL CAREER 50s 12 100s 0[0m
[37m[16:12:56 F185 EXTRACT] INFO: Extracted in 0.8s (llama-4-scout-17b-16e-instruct)[0m
[37m[16:12:56 F185 TEST] INFO:   [GUARD] GRAPHIC frame — player stats stripped, score matches tracker[0m
[37m[16:12:56 F185 TEST] INFO:   [INFO PANEL] Detected — tracker will bound values[0m
[37m[16:12:56 F185 TEST] INFO:   [E 816ms] visible_team=Royal Challengers Bengaluru score=87-1 (8.2) target=None rr=None[0m
[37m[16:12:56 F185 TEST] INFO:   [DIRECT] score→87[0m
[37m[16:12:56 F185 TEST] INFO:   [DIRECT] overs→8.2[0m
[37m[16:12:56 F185 TEST] INFO:   [DIRECT] wickets→1[0m
[37m[16:12:57 F185 SCORER] INFO: Scored in 0.9s (llama-4-scout-17b-16e-instruct)[0m
[37m[16:12:57 F185 TEST] INFO:   [S] Hint: Current batters: SALT and PADIKKAL. Bowler: KULDEEP YADAV ALREADY DISMISSED (do NOT dismiss again): Virat Kohli[0m
[37m[16:12:57 F185 TEST] INFO:   [S 917ms] Changes: ['score→87', 'overs→8.2', 'bat:Philip Salt=53(30)', 'bat:Devdutt Padikkal=11(7)', 'bowl:Kuldeep Yadav'][0m
[37m[16:12:57 F185 TEST] INFO:   Total: 2249ms (V:516 E:816 S:917)[0m
[37m[16:12:57 F185 TEST] INFO:   [THIS OVER] ['2', '6'] = 8 runs[0m
[37m[16:12:57 F185 TEST] INFO:   STATE: Royal Challengers Bengaluru 87-1 (8.2) inn=1 RR=10.44 | Bat: Philip Salt*(53) Devdutt Padikkal(11) | Bowl: Kuldeep Yadav 0-8[0m
[37m[16:12:57 F185 TEST] INFO:   [ACTION] The batsman, likely SALT, is walking on the field.[0m
[37m[16:12:57 F185 TEST] INFO: DETAIL|F185|GRAPHIC|tag=GRAPHIC|scout=STRIP: RCB 87-1 (8.2) | SALT 53(30) | PADIKKAL 11(7)  INFO_PANEL: SALT 53* 30 | IPL CAREER 50s 12 100s 0|action=The batsman, likely SALT, is walking on the field.|ext_score=87-1(8.2)|ext_bat=|ext_bowl=|scorer_changes=['score→87', 'overs→8.2', 'bat:Philip Salt=53(30)', 'bat:Devdutt Padikkal=11(7)', 'bowl:Kuldeep Yadav']|yolo=0|BEFORE_score=87-1(8.2)|BEFORE_bat1=Philip Salt 53(30)|BEFORE_bat2=Devdutt Padikkal 11(7)|BEFORE_bowl=Kuldeep Yadav 0-8 (1.1)|BEFORE_this_over=['2', '6']|AFTER_score=87-1(8.2)|AFTER_bat1=Philip Salt 53(30)|AFTER_bat2=Devdutt Padikkal 11(7)|AFTER_bowl=Kuldeep Yadav 0-8 (1.1)|AFTER_this_over=['2', '6']|AFTER_this_over_src=2(obs),6(obs)|AFTER_striker=Philip Salt|AFTER_non_striker=Devdutt Padikkal|AFTER_run_rate=10.44|AFTER_target=—|AFTER_innings=1|AFTER_partnership=32(17)|AFTER_fow_count=1|AFTER_field=spin_middle frozen=True fielders=['slip_1', 'point', 'cover', 'mid_off', 'mid_on', 'midwicket', 'deep_midwicket', 'long_on', 'deep_square_leg']|ball_event=—|ball_event_runs=—|ball_event_over=—|ball_event_extra=—|ball_event_free_hit=—|broadcast_extra=—|dismissal_mode=—|striker_this_ball=Philip Salt|delivery_length=—|delivery_line=—|delivery_angle=—|delivery_shot=—|delivery_direction=—|delivery_elevation=—|delivery_bounce=—|delivery_dets=0|delivery_method=—|delivery_snap_dets=—|delivery_3layer_dets=—|delivery_det_rate=—|delivery_dir_zone=—|delivery_dir_conf=0|delivery_pitch_pos=—|delivery_shot_action=—|delivery_swing=—|delivery_speed_vlm=—|delivery_vlm_conf=—|delivery_vlm_ms=—|speed_kph=—|venue=—|batting_team=Royal Challengers Bengaluru|match_info=IPL 2026|completed_over=—|completed_over_runs=—|drs_state=NONE|corrections=none|lat_vision=516|lat_extract=816|lat_scorer=917|lat_field=40|lat_comm=0|lat_code=0|lat_total=2263|comm_bowler=Kuldeep Yadav|comm_wire=—|comm_storyteller=—|comm_analyst=—|comm_colour=—|comm_wire_ms=0|comm_story_ms=0|comm_analyst_ms=0|comm_colour_ms=0[0m
[37m[16:12:59 F186 VISION] INFO: [SCOUT] GRAPHIC 788ms strip=True overlay=True drs=False digits=True 216 chars[0m
[37m[16:12:59 F186 TEST] INFO: 
=======================================================[0m
[37m[16:12:59 F186 TEST] INFO: [F186] GRAPHIC — #121[0m
[37m[16:12:59 F186 TEST] INFO:   [V 791ms] STRIP: RCB 87-1 (8.2) | SALT 53*(30) | PADIKKAL 11(7)

INFO_PANEL: SALT 53* 30 | IPL CAREER 50s 12 100s 0[0m
[37m[16:12:59 F186 EXTRACT] INFO: Extracted in 0.6s (llama-4-scout-17b-16e-instruct)[0m
[37m[16:12:59 F186 TEST] INFO:   [GUARD] GRAPHIC frame — player stats stripped, score matches tracker[0m
[37m[16:12:59 F186 TEST] INFO:   [INFO PANEL] Detected — tracker will bound values[0m
[37m[16:12:59 F186 TEST] INFO:   [E 649ms] visible_team=Royal Challengers Bengaluru score=87-1 (8.2) target=None rr=None[0m
[37m[16:12:59 F186 TEST] INFO:   [DIRECT] score→87[0m
[37m[16:12:59 F186 TEST] INFO:   [DIRECT] overs→8.2[0m
[37m[16:12:59 F186 TEST] INFO:   [DIRECT] wickets→1[0m
[37m[16:13:00 F186 SCORER] INFO: Scored in 1.0s (llama-4-scout-17b-16e-instruct)[0m
[37m[16:13:00 F186 TEST] INFO:   [S] Hint: Current batters: SALT and PADIKKAL. Bowler: KULDEEP YADAV. Read their stats from the scoreboard. ALREADY DISMISSED (do NOT dismiss again): Virat Kohli[0m
[37m[16:13:00 F186 TEST] INFO:   [S 954ms] Changes: ['score→87', 'overs→8.2', 'bat:Philip Salt=53(30)', 'bat:Devdutt Padikkal=11(7)', 'bowl:Kuldeep Yadav'][0m
[37m[16:13:00 F186 TEST] INFO:   Total: 2394ms (V:791 E:649 S:954)[0m
[37m[16:13:00 F186 TEST] INFO:   [THIS OVER] ['2', '6'] = 8 runs[0m
[37m[16:13:00 F186 TEST] INFO:   STATE: Royal Challengers Bengaluru 87-1 (8.2) inn=1 RR=10.44 | Bat: Philip Salt*(53) Devdutt Padikkal(11) | Bowl: Kuldeep Yadav 0-8[0m
[37m[16:13:00 F186 TEST] INFO:   [ACTION] A batter is currently on strike.[0m
[37m[16:13:00 F186 TEST] INFO: DETAIL|F186|GRAPHIC|tag=GRAPHIC|scout=STRIP: RCB 87-1 (8.2) | SALT 53*(30) | PADIKKAL 11(7)  INFO_PANEL: SALT 53* 30 | IPL CAREER 50s 12 100s 0|action=A batter is currently on strike.|ext_score=87-1(8.2)|ext_bat=|ext_bowl=|scorer_changes=['score→87', 'overs→8.2', 'bat:Philip Salt=53(30)', 'bat:Devdutt Padikkal=11(7)', 'bowl:Kuldeep Yadav']|yolo=2|BEFORE_score=87-1(8.2)|BEFORE_bat1=Philip Salt 53(30)|BEFORE_bat2=Devdutt Padikkal 11(7)|BEFORE_bowl=Kuldeep Yadav 0-8 (1.1)|BEFORE_this_over=['2', '6']|AFTER_score=87-1(8.2)|AFTER_bat1=Philip Salt 53(30)|AFTER_bat2=Devdutt Padikkal 11(7)|AFTER_bowl=Kuldeep Yadav 0-8 (1.1)|AFTER_this_over=['2', '6']|AFTER_this_over_src=2(obs),6(obs)|AFTER_striker=Philip Salt|AFTER_non_striker=Devdutt Padikkal|AFTER_run_rate=10.44|AFTER_target=—|AFTER_innings=1|AFTER_partnership=32(17)|AFTER_fow_count=1|AFTER_field=spin_middle frozen=True fielders=['slip_1', 'point', 'cover', 'mid_off', 'mid_on', 'midwicket', 'deep_midwicket', 'long_on', 'deep_square_leg']|ball_event=—|ball_event_runs=—|ball_event_over=—|ball_event_extra=—|ball_event_free_hit=—|broadcast_extra=—|dismissal_mode=—|striker_this_ball=Philip Salt|delivery_length=—|delivery_line=—|delivery_angle=—|delivery_shot=—|delivery_direction=—|delivery_elevation=—|delivery_bounce=—|delivery_dets=0|delivery_method=—|delivery_snap_dets=—|delivery_3layer_dets=—|delivery_det_rate=—|delivery_dir_zone=—|delivery_dir_conf=0|delivery_pitch_pos=—|delivery_shot_action=—|delivery_swing=—|delivery_speed_vlm=—|delivery_vlm_conf=—|delivery_vlm_ms=—|speed_kph=—|venue=—|batting_team=Royal Challengers Bengaluru|match_info=IPL 2026|completed_over=—|completed_over_runs=—|drs_state=NONE|corrections=none|lat_vision=791|lat_extract=649|lat_scorer=954|lat_field=40|lat_comm=0|lat_code=0|lat_total=2396|comm_bowler=Kuldeep Yadav|comm_wire=—|comm_storyteller=—|comm_analyst=—|comm_colour=—|comm_wire_ms=0|comm_story_ms=0|comm_analyst_ms=0|comm_colour_ms=0[0m
[37m[16:13:02 F187 VISION] INFO: [SCOUT] GRAPHIC 942ms strip=True overlay=True drs=False digits=True 208 chars[0m
[37m[16:13:02 F187 TEST] INFO: 
=======================================================[0m
[37m[16:13:02 F187 TEST] INFO: [F187] GRAPHIC — #122[0m
[37m[16:13:02 F187 TEST] INFO:   [V 945ms] STRIP: RCB 87-1 (8.2) | SALT 53(30) | PADIKKAL 11(7)

INFO_PANEL: SALT 53* 30 | IPL CAREER 50s 12 100s 0[0m
[37m[16:13:03 F187 EXTRACT] INFO: Extracted in 0.7s (llama-4-scout-17b-16e-instruct)[0m
[37m[16:13:03 F187 TEST] INFO:   [GUARD] GRAPHIC frame — player stats stripped, score matches tracker[0m
[37m[16:13:03 F187 TEST] INFO:   [INFO PANEL] Detected — tracker will bound values[0m
[37m[16:13:03 F187 TEST] INFO:   [E 664ms] visible_team=Royal Challengers Bengaluru score=87-1 (8.2) target=None rr=None[0m
[37m[16:13:03 F187 TEST] INFO:   [DIRECT] score→87[0m
[37m[16:13:03 F187 TEST] INFO:   [DIRECT] overs→8.2[0m
[37m[16:13:03 F187 TEST] INFO:   [DIRECT] wickets→1[0m
[37m[16:13:04 F187 SCORER] INFO: Scored in 0.9s (llama-4-scout-17b-16e-instruct)[0m
[37m[16:13:04 F187 TEST] INFO:   [S] Hint: Current batters: SALT and PADIKKAL. Bowler: KULDEEP YADAV. Read their stats from the scoreboard. ALREADY DISMISSED (do NOT dismiss again): Virat Kohli[0m
[37m[16:13:04 F187 TEST] INFO:   [S 911ms] Changes: ['score→87', 'overs→8.2', 'bat:Philip Salt=53(30)', 'bat:Devdutt Padikkal=11(7)', 'bowl:Kuldeep Yadav'][0m
[37m[16:13:04 F187 TEST] INFO:   Total: 2521ms (V:945 E:664 S:911)[0m
[37m[16:13:04 F187 TEST] INFO:   [THIS OVER] ['2', '6'] = 8 runs[0m
[37m[16:13:04 F187 TEST] INFO:   STATE: Royal Challengers Bengaluru 87-1 (8.2) inn=1 RR=10.44 | Bat: Philip Salt*(53) Devdutt Padikkal(11) | Bowl: Kuldeep Yadav 0-8[0m
[37m[16:13:04 F187 TEST] INFO:   [ACTION] A batter is on the field.[0m
[37m[16:13:04 F187 TEST] INFO: DETAIL|F187|GRAPHIC|tag=GRAPHIC|scout=STRIP: RCB 87-1 (8.2) | SALT 53(30) | PADIKKAL 11(7)  INFO_PANEL: SALT 53* 30 | IPL CAREER 50s 12 100s 0|action=A batter is on the field.|ext_score=87-1(8.2)|ext_bat=|ext_bowl=|scorer_changes=['score→87', 'overs→8.2', 'bat:Philip Salt=53(30)', 'bat:Devdutt Padikkal=11(7)', 'bowl:Kuldeep Yadav']|yolo=0|BEFORE_score=87-1(8.2)|BEFORE_bat1=Philip Salt 53(30)|BEFORE_bat2=Devdutt Padikkal 11(7)|BEFORE_bowl=Kuldeep Yadav 0-8 (1.1)|BEFORE_this_over=['2', '6']|AFTER_score=87-1(8.2)|AFTER_bat1=Philip Salt 53(30)|AFTER_bat2=Devdutt Padikkal 11(7)|AFTER_bowl=Kuldeep Yadav 0-8 (1.1)|AFTER_this_over=['2', '6']|AFTER_this_over_src=2(obs),6(obs)|AFTER_striker=Philip Salt|AFTER_non_striker=Devdutt Padikkal|AFTER_run_rate=10.44|AFTER_target=—|AFTER_innings=1|AFTER_partnership=32(17)|AFTER_fow_count=1|AFTER_field=spin_middle frozen=True fielders=['slip_1', 'point', 'cover', 'mid_off', 'mid_on', 'midwicket', 'deep_midwicket', 'long_on', 'deep_square_leg']|ball_event=—|ball_event_runs=—|ball_event_over=—|ball_event_extra=—|ball_event_free_hit=—|broadcast_extra=—|dismissal_mode=—|striker_this_ball=Philip Salt|delivery_length=—|delivery_line=—|delivery_angle=—|delivery_shot=—|delivery_direction=—|delivery_elevation=—|delivery_bounce=—|delivery_dets=0|delivery_method=—|delivery_snap_dets=—|delivery_3layer_dets=—|delivery_det_rate=—|delivery_dir_zone=—|delivery_dir_conf=0|delivery_pitch_pos=—|delivery_shot_action=—|delivery_swing=—|delivery_speed_vlm=—|delivery_vlm_conf=—|delivery_vlm_ms=—|speed_kph=—|venue=—|batting_team=Royal Challengers Bengaluru|match_info=IPL 2026|completed_over=—|completed_over_runs=—|drs_state=NONE|corrections=none|lat_vision=945|lat_extract=664|lat_scorer=911|lat_field=38|lat_comm=0|lat_code=0|lat_total=2522|comm_bowler=Kuldeep Yadav|comm_wire=—|comm_storyteller=—|comm_analyst=—|comm_colour=—|comm_wire_ms=0|comm_story_ms=0|comm_analyst_ms=0|comm_colour_ms=0[0m
[37m[16:13:05 F188 VISION] INFO: [SCOUT] GRAPHIC 483ms strip=True overlay=True drs=False digits=True 241 chars[0m
[37m[16:13:05 F188 TEST] INFO: 
=======================================================[0m
[37m[16:13:05 F188 TEST] INFO: [F188] GRAPHIC — #123[0m
[37m[16:13:05 F188 TEST] INFO:   [V 486ms] STRIP: RCB 87-1 8.2

INFO_PANEL: 53* 30 balls[0m
[37m[16:13:06 F188 EXTRACT] INFO: Extracted in 0.5s (llama-4-scout-17b-16e-instruct)[0m
[37m[16:13:06 F188 TEST] INFO:   [GUARD] GRAPHIC frame — player stats stripped, score matches tracker[0m
[37m[16:13:06 F188 TEST] INFO:   [E 476ms] visible_team=Royal Challengers Bengaluru score=87-1 (8.2) target=None rr=None[0m
[37m[16:13:06 F188 TEST] INFO:   [DIRECT] score→87[0m
[37m[16:13:06 F188 TEST] INFO:   [DIRECT] overs→8.2[0m
[37m[16:13:06 F188 TEST] INFO:   [DIRECT] wickets→1[0m
[37m[16:13:07 F188 SCORER] INFO: Scored in 0.9s (llama-4-scout-17b-16e-instruct)[0m
[37m[16:13:07 F188 TEST] INFO:   [S] Hint: Current batters: SALT and PADIKKAL. Bowler: KULDEEP ALREADY DISMISSED (do NOT dismiss again): Virat Kohli[0m
[37m[16:13:07 F188 TEST] INFO:   [S 914ms] Changes: ['score→87', 'overs→8.2', 'bat:Philip Salt=53(30)', 'bat:Devdutt Padikkal=11(7)', 'bowl:Kuldeep Yadav'][0m
[37m[16:13:07 F188 TEST] INFO:   Total: 1876ms (V:486 E:476 S:914)[0m
[37m[16:13:07 F188 TEST] INFO:   [THIS OVER] ['2', '6'] = 8 runs[0m
[37m[16:13:07 F188 TEST] INFO:   STATE: Royal Challengers Bengaluru 87-1 (8.2) inn=1 RR=10.44 | Bat: Philip Salt*(53) Devdutt Padikkal(11) | Bowl: Kuldeep Yadav 0-8[0m
[37m[16:13:07 F188 TEST] INFO:   [ACTION] A batter, likely SALT given the name on the graphic, is celebrating with a raise[0m
[37m[16:13:07 F188 TEST] INFO: DETAIL|F188|GRAPHIC|tag=GRAPHIC|scout=STRIP: RCB 87-1 8.2  INFO_PANEL: 53* 30 balls|action=A batter, likely SALT given the name on the graphic, is celebrating with a raised fist, having hit a|ext_score=87-1(8.2)|ext_bat=|ext_bowl=|scorer_changes=['score→87', 'overs→8.2', 'bat:Philip Salt=53(30)', 'bat:Devdutt Padikkal=11(7)', 'bowl:Kuldeep Yadav']|yolo=0|BEFORE_score=87-1(8.2)|BEFORE_bat1=Philip Salt 53(30)|BEFORE_bat2=Devdutt Padikkal 11(7)|BEFORE_bowl=Kuldeep Yadav 0-8 (1.1)|BEFORE_this_over=['2', '6']|AFTER_score=87-1(8.2)|AFTER_bat1=Philip Salt 53(30)|AFTER_bat2=Devdutt Padikkal 11(7)|AFTER_bowl=Kuldeep Yadav 0-8 (1.1)|AFTER_this_over=['2', '6']|AFTER_this_over_src=2(obs),6(obs)|AFTER_striker=Philip Salt|AFTER_non_striker=Devdutt Padikkal|AFTER_run_rate=10.44|AFTER_target=—|AFTER_innings=1|AFTER_partnership=32(17)|AFTER_fow_count=1|AFTER_field=spin_middle frozen=True fielders=['slip_1', 'point', 'cover', 'mid_off', 'mid_on', 'midwicket', 'deep_midwicket', 'long_on', 'deep_square_leg']|ball_event=—|ball_event_runs=—|ball_event_over=—|ball_event_extra=—|ball_event_free_hit=—|broadcast_extra=—|dismissal_mode=—|striker_this_ball=Philip Salt|delivery_length=—|delivery_line=—|delivery_angle=—|delivery_shot=—|delivery_direction=—|delivery_elevation=—|delivery_bounce=—|delivery_dets=0|delivery_method=—|delivery_snap_dets=—|delivery_3layer_dets=—|delivery_det_rate=—|delivery_dir_zone=—|delivery_dir_conf=0|delivery_pitch_pos=—|delivery_shot_action=—|delivery_swing=—|delivery_speed_vlm=—|delivery_vlm_conf=—|delivery_vlm_ms=—|speed_kph=—|venue=—|batting_team=Royal Challengers Bengaluru|match_info=IPL 2026|completed_over=—|completed_over_runs=—|drs_state=NONE|corrections=none|lat_vision=486|lat_extract=476|lat_scorer=914|lat_field=45|lat_comm=0|lat_code=0|lat_total=1877|comm_bowler=Kuldeep Yadav|comm_wire=—|comm_storyteller=—|comm_analyst=—|comm_colour=—|comm_wire_ms=0|comm_story_ms=0|comm_analyst_ms=0|comm_colour_ms=0[0m
[37m[16:13:08 F189 VISION] INFO: [SCOUT] GRAPHIC 467ms strip=True overlay=True drs=False digits=True 173 chars[0m
[37m[16:13:08 F189 TEST] INFO: 
=======================================================[0m
[37m[16:13:08 F189 TEST] INFO: [F189] GRAPHIC — #124[0m
[37m[16:13:08 F189 TEST] INFO:   [V 470ms] STRIP: RCB 87-1 8.2 

INFO_PANEL: 53* 30 BALLS[0m
[37m[16:13:09 F189 EXTRACT] INFO: Extracted in 0.6s (llama-4-scout-17b-16e-instruct)[0m
[37m[16:13:09 F189 TEST] INFO:   [GUARD] GRAPHIC frame — player stats stripped, score matches tracker[0m
[37m[16:13:09 F189 TEST] INFO:   [E 597ms] visible_team=Royal Challengers Bengaluru score=87-1 (8.2) target=None rr=None[0m
[37m[16:13:09 F189 TEST] INFO:   [DIRECT] score→87[0m
[37m[16:13:09 F189 TEST] INFO:   [DIRECT] overs→8.2[0m
[37m[16:13:09 F189 TEST] INFO:   [DIRECT] wickets→1[0m
[37m[16:13:10 F189 SCORER] INFO: Scored in 0.9s (llama-4-scout-17b-16e-instruct)[0m
[37m[16:13:10 F189 TEST] INFO:   [S] Hint: Current batters: SALT and PADIKKAL. Bowler: KULDEEP YADAV ALREADY DISMISSED (do NOT dismiss again): Virat Kohli[0m
[37m[16:13:10 F189 TEST] INFO:   [S 917ms] Changes: ['score→87', 'overs→8.2', 'bat:Philip Salt=53(30)', 'bat:Devdutt Padikkal=11(7)', 'bowl:Kuldeep Yadav'][0m
[37m[16:13:10 F189 TEST] INFO:   Total: 1984ms (V:470 E:597 S:917)[0m
[37m[16:13:10 F189 TEST] INFO:   [THIS OVER] ['2', '6'] = 8 runs[0m
[37m[16:13:10 F189 TEST] INFO:   STATE: Royal Challengers Bengaluru 87-1 (8.2) inn=1 RR=10.44 | Bat: Philip Salt*(53) Devdutt Padikkal(11) | Bowl: Kuldeep Yadav 0-8[0m
[37m[16:13:10 F189 TEST] INFO:   [ACTION] A batter is celebrating with their fists raised.[0m
[37m[16:13:10 F189 TEST] INFO: DETAIL|F189|GRAPHIC|tag=GRAPHIC|scout=STRIP: RCB 87-1 8.2   INFO_PANEL: 53* 30 BALLS|action=A batter is celebrating with their fists raised.|ext_score=87-1(8.2)|ext_bat=|ext_bowl=|scorer_changes=['score→87', 'overs→8.2', 'bat:Philip Salt=53(30)', 'bat:Devdutt Padikkal=11(7)', 'bowl:Kuldeep Yadav']|yolo=0|BEFORE_score=87-1(8.2)|BEFORE_bat1=Philip Salt 53(30)|BEFORE_bat2=Devdutt Padikkal 11(7)|BEFORE_bowl=Kuldeep Yadav 0-8 (1.1)|BEFORE_this_over=['2', '6']|AFTER_score=87-1(8.2)|AFTER_bat1=Philip Salt 53(30)|AFTER_bat2=Devdutt Padikkal 11(7)|AFTER_bowl=Kuldeep Yadav 0-8 (1.1)|AFTER_this_over=['2', '6']|AFTER_this_over_src=2(obs),6(obs)|AFTER_striker=Philip Salt|AFTER_non_striker=Devdutt Padikkal|AFTER_run_rate=10.44|AFTER_target=—|AFTER_innings=1|AFTER_partnership=32(17)|AFTER_fow_count=1|AFTER_field=spin_middle frozen=True fielders=['slip_1', 'point', 'cover', 'mid_off', 'mid_on', 'midwicket', 'deep_midwicket', 'long_on', 'deep_square_leg']|ball_event=—|ball_event_runs=—|ball_event_over=—|ball_event_extra=—|ball_event_free_hit=—|broadcast_extra=—|dismissal_mode=—|striker_this_ball=Philip Salt|delivery_length=—|delivery_line=—|delivery_angle=—|delivery_shot=—|delivery_direction=—|delivery_elevation=—|delivery_bounce=—|delivery_dets=0|delivery_method=—|delivery_snap_dets=—|delivery_3layer_dets=—|delivery_det_rate=—|delivery_dir_zone=—|delivery_dir_conf=0|delivery_pitch_pos=—|delivery_shot_action=—|delivery_swing=—|delivery_speed_vlm=—|delivery_vlm_conf=—|delivery_vlm_ms=—|speed_kph=—|venue=—|batting_team=Royal Challengers Bengaluru|match_info=IPL 2026|completed_over=—|completed_over_runs=—|drs_state=NONE|corrections=none|lat_vision=470|lat_extract=597|lat_scorer=917|lat_field=45|lat_comm=0|lat_code=0|lat_total=1987|comm_bowler=Kuldeep Yadav|comm_wire=—|comm_storyteller=—|comm_analyst=—|comm_colour=—|comm_wire_ms=0|comm_story_ms=0|comm_analyst_ms=0|comm_colour_ms=0[0m
[37m[16:13:12 F190 VISION] INFO: [SCOUT] SCOREBOARD 630ms strip=True overlay=False drs=False digits=True 299 chars[0m
[37m[16:13:12 F190 TEST] INFO: 
=======================================================[0m
[37m[16:13:12 F190 TEST] INFO: [F190] SCOREBOARD — #125[0m
[37m[16:13:12 F190 TEST] INFO:   [V 634ms] STRIP: RCB 87-1 (8.2)

There is no overlay information available.

The action happening in the frame appears to be a batsman preparing to face the bowler or a bowler ready to bowl, given the positions of the players on the field.[0m
[37m[16:13:12 F190 EXTRACT] INFO: Extracted in 0.8s (llama-4-scout-17b-16e-instruct)[0m
[37m[16:13:12 F190 TEST] INFO:   [E 776ms] visible_team=Royal Challengers Bengaluru score=87-1 (8.2) target=None rr=None[0m
[37m[16:13:12 F190 TEST] INFO:   [DIRECT] score→87[0m
[37m[16:13:12 F190 TEST] INFO:   [DIRECT] overs→8.2[0m
[37m[16:13:12 F190 TEST] INFO:   [DIRECT] wickets→1[0m
[37m[16:13:13 F190 SCORER] INFO: Scored in 1.1s (llama-4-scout-17b-16e-instruct)[0m
[37m[16:13:13 F190 TEST] INFO:   [S] Hint: Current batters: SALT and PADIKKAL. Bowler: KULDEEP YADAV. Read their stats from the scoreboard. ALREADY DISMISSED (do NOT dismiss again): Virat Kohli[0m
[37m[16:13:13 F190 TEST] INFO:   [S 1050ms] Changes: ['score→87', 'overs→8.2', 'bat:Philip Salt=53(30)', 'bat:Devdutt Padikkal=11(7)', 'bowl:Kuldeep Yadav'][0m
[37m[16:13:13 F190 TEST] INFO:   Total: 2460ms (V:634 E:776 S:1050)[0m
[37m[16:13:13 F190 TEST] INFO:   [THIS OVER] ['2', '6'] = 8 runs[0m
[37m[16:13:13 F190 TEST] INFO:   STATE: Royal Challengers Bengaluru 87-1 (8.2) inn=1 RR=10.44 | Bat: Philip Salt*(53) Devdutt Padikkal(11) | Bowl: Kuldeep Yadav 0-8[0m
[37m[16:13:13 F190 FIELD] INFO: [F190] IC-point pushed back — defensive[0m
[37m[16:13:13 F190 FIELD] INFO: [F190] slip removed — less catching pressure[0m
[37m[16:13:13 F190 FIELD] INFO: [F190] OC-third_man_square moved to OC-deep_point[0m
[37m[16:13:13 F190 TEST] INFO: DETAIL|F190|SCOREBOARD|tag=SCOREBOARD|scout=STRIP: RCB 87-1 (8.2)  There is no overlay information available.  The action happening in the frame appears to be a bat|action=—|ext_score=87-1(8.2)|ext_bat=|ext_bowl=|scorer_changes=['score→87', 'overs→8.2', 'bat:Philip Salt=53(30)', 'bat:Devdutt Padikkal=11(7)', 'bowl:Kuldeep Yadav']|yolo=4|BEFORE_score=87-1(8.2)|BEFORE_bat1=Philip Salt 53(30)|BEFORE_bat2=Devdutt Padikkal 11(7)|BEFORE_bowl=Kuldeep Yadav 0-8 (1.1)|BEFORE_this_over=['2', '6']|AFTER_score=87-1(8.2)|AFTER_bat1=Philip Salt 53(30)|AFTER_bat2=Devdutt Padikkal 11(7)|AFTER_bowl=Kuldeep Yadav 0-8 (1.1)|AFTER_this_over=['2', '6']|AFTER_this_over_src=2(obs),6(obs)|AFTER_striker=Philip Salt|AFTER_non_striker=Devdutt Padikkal|AFTER_run_rate=10.44|AFTER_target=—|AFTER_innings=1|AFTER_partnership=32(17)|AFTER_fow_count=1|AFTER_field=spin_middle frozen=True fielders=['slip_1', 'point', 'cover', 'mid_off', 'mid_on', 'midwicket', 'deep_midwicket', 'long_on', 'deep_square_leg']|ball_event=—|ball_event_runs=—|ball_event_over=—|ball_event_extra=—|ball_event_free_hit=—|broadcast_extra=—|dismissal_mode=—|striker_this_ball=Philip Salt|delivery_length=—|delivery_line=—|delivery_angle=—|delivery_shot=—|delivery_direction=—|delivery_elevation=—|delivery_bounce=—|delivery_dets=0|delivery_method=—|delivery_snap_dets=—|delivery_3layer_dets=—|delivery_det_rate=—|delivery_dir_zone=—|delivery_dir_conf=0|delivery_pitch_pos=—|delivery_shot_action=—|delivery_swing=—|delivery_speed_vlm=—|delivery_vlm_conf=—|delivery_vlm_ms=—|speed_kph=—|venue=—|batting_team=Royal Challengers Bengaluru|match_info=IPL 2026|completed_over=—|completed_over_runs=—|drs_state=NONE|corrections=none|lat_vision=634|lat_extract=776|lat_scorer=1050|lat_field=46|lat_comm=0|lat_code=0|lat_total=2464|comm_bowler=Kuldeep Yadav|comm_wire=—|comm_storyteller=—|comm_analyst=—|comm_colour=—|comm_wire_ms=0|comm_story_ms=0|comm_analyst_ms=0|comm_colour_ms=0[0m
[37m[16:13:15 F191 VISION] INFO: [SCOUT] SCOREBOARD 468ms strip=True overlay=False drs=False digits=True 191 chars[0m
[37m[16:13:15 F191 TEST] INFO: 
=======================================================[0m
[37m[16:13:15 F191 TEST] INFO: [F191] SCOREBOARD — #126[0m
[37m[16:13:15 F191 TEST] INFO:   [V 471ms] STRIP: RCB 87-1 (8.2) | SALT 53(30) | PADIKKAL 11(7) | KULDEEP 0-14 (1.2)[0m
[37m[16:13:16 F191 EXTRACT] INFO: Extracted in 0.6s (llama-4-scout-17b-16e-instruct)[0m
[37m[16:13:16 F191 TEST] INFO:   [E 582ms] visible_team=Royal Challengers Bengaluru score=87-1 (8.2) target=None rr=None[0m
[37m[16:13:16 F191 TEST] INFO:     BAT: SALT 53(30) [0m
[37m[16:13:16 F191 TEST] INFO:     BAT: PADIKKAL 11(7) [0m
[37m[16:13:16 F191 TEST] INFO:     BOWL: KULDEEP 0-14 (1.2)[0m
[37m[16:13:16 F191 TRACK] INFO: bowl:Kuldeep Yadav:runs: 8 → 14 (post-event immediate, grace=1)[0m
[37m[16:13:16 F191 TRACK] INFO: bowl:Kuldeep Yadav:overs: 1.1 → 1.2 (post-event immediate, grace=0)[0m
[37m[16:13:16 F191 BOARD] INFO: Kuldeep Yadav: 0/8 (1.1) -> 0/14 (1.2) [F191][0m
[37m[16:13:16 F191 TEST] INFO:   [DIRECT] Batter updates: ['SALT: ext=53(30) → tracker=53(30) [was 53(30)]', 'PADIKKAL: ext=11(7) → tracker=11(7) [was 11(7)]'][0m
[37m[16:13:16 F191 TEST] INFO:   [DIRECT] score→87[0m
[37m[16:13:16 F191 TEST] INFO:   [DIRECT] overs→8.2[0m
[37m[16:13:16 F191 TEST] INFO:   [DIRECT] wickets→1[0m
[37m[16:13:16 F191 SCORER] INFO: Scored in 0.9s (llama-4-scout-17b-16e-instruct)[0m
[37m[16:13:16 F191 TEST] INFO:   [S] Hint: Current batters: SALT and PADIKKAL. Bowler: KULDEEP. Read their stats from the scoreboard. ALREADY DISMISSED (do NOT dismiss again): Virat Kohli[0m
[37m[16:13:16 F191 TEST] INFO:   [FLOW] Extractor batters not in scorer: {'PADIKKAL', 'SALT'}[0m
[37m[16:13:16 F191 TEST] INFO:   [WICKET-TRACK] Wicket at F191[0m
[37m[16:13:16 F191 TEST] INFO:   [S 883ms] Changes: ['score→87', 'overs→8.2', 'wickets→1', 'bat:Philip Salt=53(30)', 'bat:Devdutt Padikkal=11(7)', 'bowl:Kuldeep Yadav'][0m
[37m[16:13:16 F191 TEST] INFO:   Total: 1936ms (V:471 E:582 S:883)[0m
[37m[16:13:16 F191 TEST] INFO:   [THIS OVER] ['2', '6'] = 8 runs[0m
[37m[16:13:16 F191 TEST] INFO:   STATE: Royal Challengers Bengaluru 87-1 (8.2) inn=1 RR=10.44 | Bat: Philip Salt*(53) Devdutt Padikkal(11) | Bowl: Kuldeep Yadav 0-14[0m
[37m[16:13:16 F191 TEST] INFO:   [ACTION] The bowler, Kuldeep Yadav, is bowling.[0m
[37m[16:13:16 F191 TEST] INFO: DETAIL|F191|SCOREBOARD|tag=SCOREBOARD|scout=STRIP: RCB 87-1 (8.2) | SALT 53(30) | PADIKKAL 11(7) | KULDEEP 0-14 (1.2)|action=The bowler, Kuldeep Yadav, is bowling.|ext_score=87-1(8.2)|ext_bat=SALT 53(30) | PADIKKAL 11(7)|ext_bowl=KULDEEP 0-14 (1.2)|scorer_changes=['score→87', 'overs→8.2', 'wickets→1', 'bat:Philip Salt=53(30)', 'bat:Devdutt Padikkal=11(7)', 'bowl:Kuldeep Yadav']|yolo=0|BEFORE_score=87-1(8.2)|BEFORE_bat1=Philip Salt 53(30)|BEFORE_bat2=Devdutt Padikkal 11(7)|BEFORE_bowl=Kuldeep Yadav 0-8 (1.1)|BEFORE_this_over=['2', '6']|AFTER_score=87-1(8.2)|AFTER_bat1=Philip Salt 53(30)|AFTER_bat2=Devdutt Padikkal 11(7)|AFTER_bowl=Kuldeep Yadav 0-14 (1.2)|AFTER_this_over=['2', '6']|AFTER_this_over_src=2(obs),6(obs)|AFTER_striker=Philip Salt|AFTER_non_striker=Devdutt Padikkal|AFTER_run_rate=10.44|AFTER_target=—|AFTER_innings=1|AFTER_partnership=32(17)|AFTER_fow_count=1|AFTER_field=spin_middle frozen=True fielders=['slip_1', 'point', 'cover', 'mid_off', 'mid_on', 'midwicket', 'deep_midwicket', 'long_on', 'deep_square_leg']|ball_event=—|ball_event_runs=—|ball_event_over=—|ball_event_extra=—|ball_event_free_hit=—|broadcast_extra=—|dismissal_mode=—|striker_this_ball=Philip Salt|delivery_length=—|delivery_line=—|delivery_angle=—|delivery_shot=—|delivery_direction=—|delivery_elevation=—|delivery_bounce=—|delivery_dets=0|delivery_method=—|delivery_snap_dets=—|delivery_3layer_dets=—|delivery_det_rate=—|delivery_dir_zone=—|delivery_dir_conf=0|delivery_pitch_pos=—|delivery_shot_action=—|delivery_swing=—|delivery_speed_vlm=—|delivery_vlm_conf=—|delivery_vlm_ms=—|speed_kph=—|venue=—|batting_team=Royal Challengers Bengaluru|match_info=IPL 2026|completed_over=—|completed_over_runs=—|drs_state=NONE|corrections=none|lat_vision=471|lat_extract=582|lat_scorer=883|lat_field=47|lat_comm=0|lat_code=0|lat_total=1937|comm_bowler=Kuldeep Yadav|comm_wire=—|comm_storyteller=—|comm_analyst=—|comm_colour=—|comm_wire_ms=0|comm_story_ms=0|comm_analyst_ms=0|comm_colour_ms=0[0m
[37m[16:13:18 F192 VISION] INFO: [SCOUT] SCOREBOARD 478ms strip=True overlay=False drs=False digits=True 142 chars[0m
[37m[16:13:18 F192 TEST] INFO: 
=======================================================[0m
[37m[16:13:18 F192 TEST] INFO: [F192] SCOREBOARD — #127[0m
[37m[16:13:18 F192 TEST] INFO:   [V 481ms] STRIP: RCB 87-1 (8.2) | SALT 53(30) | PADIKKAL 11(7) | KULDEEP 2-14 (1.2)[0m
[37m[16:13:19 F192 EXTRACT] INFO: Extracted in 0.6s (llama-4-scout-17b-16e-instruct)[0m
[37m[16:13:19 F192 TEST] INFO:   [E 576ms] visible_team=Royal Challengers Bengaluru score=87-1 (8.2) target=None rr=None[0m
[37m[16:13:19 F192 TEST] INFO:     BAT: SALT 53(30) [0m
[37m[16:13:19 F192 TEST] INFO:     BAT: PADIKKAL 11(7) [0m
[37m[16:13:19 F192 TEST] INFO:     BOWL: KULDEEP 2-14 (1.2)[0m
[37m[16:13:19 F192 TEST] INFO:   [DIRECT] Batter updates: ['SALT: ext=53(30) → tracker=53(30) [was 53(30)]', 'PADIKKAL: ext=11(7) → tracker=11(7) [was 11(7)]'][0m
[37m[16:13:19 F192 TEST] INFO:   [DIRECT] score→87[0m
[37m[16:13:19 F192 TEST] INFO:   [DIRECT] overs→8.2[0m
[37m[16:13:19 F192 TEST] INFO:   [DIRECT] wickets→1[0m
[37m[16:13:19 F192 SCORER] INFO: Scored in 0.9s (llama-4-scout-17b-16e-instruct)[0m
[37m[16:13:19 F192 TEST] INFO:   [S] Hint: Current batters: SALT and PADIKKAL. Bowler: KULDEEP. Read their stats from the scoreboard. ALREADY DISMISSED (do NOT dismiss again): Virat Kohli[0m
[37m[16:13:19 F192 TEST] INFO:   [FLOW] Extractor batters not in scorer: {'PADIKKAL', 'SALT'}[0m
[37m[16:13:19 F192 TEST] INFO:   [WICKET-TRACK] Wicket at F192[0m
[37m[16:13:19 F192 TEST] INFO:   [S 879ms] Changes: ['score→87', 'overs→8.2', 'wickets→1', 'bat:Philip Salt=53(30)', 'bat:Devdutt Padikkal=11(7)', 'bowl:Kuldeep Yadav'][0m
[37m[16:13:19 F192 TEST] INFO:   Total: 1936ms (V:481 E:576 S:879)[0m
[37m[16:13:19 F192 TEST] INFO:   [THIS OVER] ['2', '6'] = 8 runs[0m
[37m[16:13:19 F192 TEST] INFO:   STATE: Royal Challengers Bengaluru 87-1 (8.2) inn=1 RR=10.44 | Bat: Philip Salt*(53) Devdutt Padikkal(11) | Bowl: Kuldeep Yadav 0-14[0m
[37m[16:13:19 F192 TEST] INFO: DETAIL|F192|SCOREBOARD|tag=SCOREBOARD|scout=STRIP: RCB 87-1 (8.2) | SALT 53(30) | PADIKKAL 11(7) | KULDEEP 2-14 (1.2)|action=—|ext_score=87-1(8.2)|ext_bat=SALT 53(30) | PADIKKAL 11(7)|ext_bowl=KULDEEP 2-14 (1.2)|scorer_changes=['score→87', 'overs→8.2', 'wickets→1', 'bat:Philip Salt=53(30)', 'bat:Devdutt Padikkal=11(7)', 'bowl:Kuldeep Yadav']|yolo=0|BEFORE_score=87-1(8.2)|BEFORE_bat1=Philip Salt 53(30)|BEFORE_bat2=Devdutt Padikkal 11(7)|BEFORE_bowl=Kuldeep Yadav 0-14 (1.2)|BEFORE_this_over=['2', '6']|AFTER_score=87-1(8.2)|AFTER_bat1=Philip Salt 53(30)|AFTER_bat2=Devdutt Padikkal 11(7)|AFTER_bowl=Kuldeep Yadav 0-14 (1.2)|AFTER_this_over=['2', '6']|AFTER_this_over_src=2(obs),6(obs)|AFTER_striker=Philip Salt|AFTER_non_striker=Devdutt Padikkal|AFTER_run_rate=10.44|AFTER_target=—|AFTER_innings=1|AFTER_partnership=32(17)|AFTER_fow_count=1|AFTER_field=spin_middle frozen=True fielders=['slip_1', 'point', 'cover', 'mid_off', 'mid_on', 'midwicket', 'deep_midwicket', 'long_on', 'deep_square_leg']|ball_event=—|ball_event_runs=—|ball_event_over=—|ball_event_extra=—|ball_event_free_hit=—|broadcast_extra=—|dismissal_mode=—|striker_this_ball=Philip Salt|delivery_length=—|delivery_line=—|delivery_angle=—|delivery_shot=—|delivery_direction=—|delivery_elevation=—|delivery_bounce=—|delivery_dets=0|delivery_method=—|delivery_snap_dets=—|delivery_3layer_dets=—|delivery_det_rate=—|delivery_dir_zone=—|delivery_dir_conf=0|delivery_pitch_pos=—|delivery_shot_action=—|delivery_swing=—|delivery_speed_vlm=—|delivery_vlm_conf=—|delivery_vlm_ms=—|speed_kph=—|venue=—|batting_team=Royal Challengers Bengaluru|match_info=IPL 2026|completed_over=—|completed_over_runs=—|drs_state=NONE|corrections=none|lat_vision=481|lat_extract=576|lat_scorer=879|lat_field=40|lat_comm=0|lat_code=0|lat_total=1938|comm_bowler=Kuldeep Yadav|comm_wire=—|comm_storyteller=—|comm_analyst=—|comm_colour=—|comm_wire_ms=0|comm_story_ms=0|comm_analyst_ms=0|comm_colour_ms=0[0m
[37m[16:13:21 F193 VISION] INFO: [SCOUT] SCOREBOARD 465ms strip=True overlay=False drs=False digits=True 142 chars[0m
[37m[16:13:21 F193 TEST] INFO: 
=======================================================[0m
[37m[16:13:21 F193 TEST] INFO: [F193] SCOREBOARD — #128[0m
[37m[16:13:21 F193 TEST] INFO:   [V 468ms] STRIP: RCB 87-1 (8.2) | SALT 53(30) | PADIKKAL 11(7) | KULDEEP 0-14 (1.2)[0m
[37m[16:13:22 F193 EXTRACT] INFO: Extracted in 0.7s (llama-4-scout-17b-16e-instruct)[0m
[37m[16:13:22 F193 TEST] INFO:   [E 718ms] visible_team=Royal Challengers Bengaluru score=87-1 (8.2) target=None rr=None[0m
[37m[16:13:22 F193 TEST] INFO:     BAT: SALT 53(30) [0m
[37m[16:13:22 F193 TEST] INFO:     BAT: PADIKKAL 11(7) [0m
[37m[16:13:22 F193 TEST] INFO:     BOWL: KULDEEP 0-14 (1.2)[0m
[37m[16:13:22 F193 TEST] INFO:   [DIRECT] Batter updates: ['SALT: ext=53(30) → tracker=53(30) [was 53(30)]', 'PADIKKAL: ext=11(7) → tracker=11(7) [was 11(7)]'][0m
[37m[16:13:22 F193 TEST] INFO:   [DIRECT] score→87[0m
[37m[16:13:22 F193 TEST] INFO:   [DIRECT] overs→8.2[0m
[37m[16:13:22 F193 TEST] INFO:   [DIRECT] wickets→1[0m
[37m[16:13:23 F193 SCORER] INFO: Scored in 0.9s (llama-4-scout-17b-16e-instruct)[0m
[37m[16:13:23 F193 TEST] INFO:   [S] Hint: Current batters: SALT and PADIKKAL. Bowler: KULDEEP. Read their stats from the scoreboard. ALREADY DISMISSED (do NOT dismiss again): Virat Kohli[0m
[37m[16:13:23 F193 TEST] INFO:   [FLOW] Extractor batters not in scorer: {'PADIKKAL', 'SALT'}[0m
[37m[16:13:23 F193 TEST] INFO:   [S 914ms] Changes: ['score→87', 'overs→8.2', 'bat:Philip Salt=53(30)', 'bat:Devdutt Padikkal=11(7)', 'bowl:Kuldeep Yadav'][0m
[37m[16:13:23 F193 TEST] INFO:   Total: 2100ms (V:468 E:718 S:914)[0m
[37m[16:13:23 F193 TEST] INFO:   [THIS OVER] ['2', '6'] = 8 runs[0m
[37m[16:13:23 F193 TEST] INFO:   STATE: Royal Challengers Bengaluru 87-1 (8.2) inn=1 RR=10.44 | Bat: Philip Salt*(53) Devdutt Padikkal(11) | Bowl: Kuldeep Yadav 0-14[0m
[37m[16:13:23 F193 TEST] INFO: DETAIL|F193|SCOREBOARD|tag=SCOREBOARD|scout=STRIP: RCB 87-1 (8.2) | SALT 53(30) | PADIKKAL 11(7) | KULDEEP 0-14 (1.2)|action=—|ext_score=87-1(8.2)|ext_bat=SALT 53(30) | PADIKKAL 11(7)|ext_bowl=KULDEEP 0-14 (1.2)|scorer_changes=['score→87', 'overs→8.2', 'bat:Philip Salt=53(30)', 'bat:Devdutt Padikkal=11(7)', 'bowl:Kuldeep Yadav']|yolo=0|BEFORE_score=87-1(8.2)|BEFORE_bat1=Philip Salt 53(30)|BEFORE_bat2=Devdutt Padikkal 11(7)|BEFORE_bowl=Kuldeep Yadav 0-14 (1.2)|BEFORE_this_over=['2', '6']|AFTER_score=87-1(8.2)|AFTER_bat1=Philip Salt 53(30)|AFTER_bat2=Devdutt Padikkal 11(7)|AFTER_bowl=Kuldeep Yadav 0-14 (1.2)|AFTER_this_over=['2', '6']|AFTER_this_over_src=2(obs),6(obs)|AFTER_striker=Philip Salt|AFTER_non_striker=Devdutt Padikkal|AFTER_run_rate=10.44|AFTER_target=—|AFTER_innings=1|AFTER_partnership=32(17)|AFTER_fow_count=1|AFTER_field=spin_middle frozen=True fielders=['slip_1', 'point', 'cover', 'mid_off', 'mid_on', 'midwicket', 'deep_midwicket', 'long_on', 'deep_square_leg']|ball_event=—|ball_event_runs=—|ball_event_over=—|ball_event_extra=—|ball_event_free_hit=—|broadcast_extra=—|dismissal_mode=—|striker_this_ball=Philip Salt|delivery_length=—|delivery_line=—|delivery_angle=—|delivery_shot=—|delivery_direction=—|delivery_elevation=—|delivery_bounce=—|delivery_dets=0|delivery_method=—|delivery_snap_dets=—|delivery_3layer_dets=—|delivery_det_rate=—|delivery_dir_zone=—|delivery_dir_conf=0|delivery_pitch_pos=—|delivery_shot_action=—|delivery_swing=—|delivery_speed_vlm=—|delivery_vlm_conf=—|delivery_vlm_ms=—|speed_kph=—|venue=—|batting_team=Royal Challengers Bengaluru|match_info=IPL 2026|completed_over=—|completed_over_runs=—|drs_state=NONE|corrections=none|lat_vision=468|lat_extract=718|lat_scorer=914|lat_field=40|lat_comm=0|lat_code=0|lat_total=2102|comm_bowler=Kuldeep Yadav|comm_wire=—|comm_storyteller=—|comm_analyst=—|comm_colour=—|comm_wire_ms=0|comm_story_ms=0|comm_analyst_ms=0|comm_colour_ms=0[0m
[37m[16:13:24 F194 VISION] INFO: [SCOUT] SCOREBOARD 632ms strip=True overlay=False drs=False digits=True 208 chars[0m
[37m[16:13:24 F194 TEST] INFO: 
=======================================================[0m
[37m[16:13:24 F194 TEST] INFO: [F194] SCOREBOARD — #129[0m
[37m[16:13:24 F194 TEST] INFO:   [V 635ms] STRIP: RCB 87-1 (8.2) | SALT 53(30) | PADIKKAL 11(7) | KULDEEP 0-14 (1.2)[0m
[37m[16:13:25 F194 EXTRACT] INFO: Extracted in 0.6s (llama-4-scout-17b-16e-instruct)[0m
[37m[16:13:25 F194 TEST] INFO:   [E 570ms] visible_team=Royal Challengers Bengaluru score=87-1 (8.2) target=None rr=None[0m
[37m[16:13:25 F194 TEST] INFO:     BAT: SALT 53(30) [0m
[37m[16:13:25 F194 TEST] INFO:     BAT: PADIKKAL 11(7) [0m
[37m[16:13:25 F194 TEST] INFO:     BOWL: KULDEEP 0-14 (1.2)[0m
[37m[16:13:25 F194 TEST] INFO:   [DIRECT] Batter updates: ['SALT: ext=53(30) → tracker=53(30) [was 53(30)]', 'PADIKKAL: ext=11(7) → tracker=11(7) [was 11(7)]'][0m
[37m[16:13:25 F194 TEST] INFO:   [DIRECT] score→87[0m
[37m[16:13:25 F194 TEST] INFO:   [DIRECT] overs→8.2[0m
[37m[16:13:25 F194 TEST] INFO:   [DIRECT] wickets→1[0m
[37m[16:13:26 F194 SCORER] INFO: Scored in 1.1s (llama-4-scout-17b-16e-instruct)[0m
[37m[16:13:26 F194 TEST] INFO:   [S] Hint: Current batters: SALT and PADIKKAL. Bowler: KULDEEP. Read their stats from the scoreboard. ALREADY DISMISSED (do NOT dismiss again): Virat Kohli[0m
[37m[16:13:26 F194 TEST] INFO:   [FLOW] Extractor batters not in scorer: {'PADIKKAL', 'SALT'}[0m
[37m[16:13:26 F194 TEST] INFO:   [S 1107ms] Changes: ['score→87', 'overs→8.2', 'bat:Philip Salt=53(30)', 'bat:Devdutt Padikkal=11(7)', 'bowl:Kuldeep Yadav'][0m
[37m[16:13:26 F194 TEST] INFO:   Total: 2312ms (V:635 E:570 S:1107)[0m
[37m[16:13:26 F194 TEST] INFO:   [THIS OVER] ['2', '6'] = 8 runs[0m
[37m[16:13:26 F194 TEST] INFO:   STATE: Royal Challengers Bengaluru 87-1 (8.2) inn=1 RR=10.44 | Bat: Philip Salt*(53) Devdutt Padikkal(11) | Bowl: Kuldeep Yadav 0-14[0m
[37m[16:13:26 F194 TEST] INFO:   [ACTION] A batsman is on the field, preparing to face the bowler.[0m
[37m[16:13:26 F194 TEST] INFO: DETAIL|F194|SCOREBOARD|tag=SCOREBOARD|scout=STRIP: RCB 87-1 (8.2) | SALT 53(30) | PADIKKAL 11(7) | KULDEEP 0-14 (1.2)|action=A batsman is on the field, preparing to face the bowler.|ext_score=87-1(8.2)|ext_bat=SALT 53(30) | PADIKKAL 11(7)|ext_bowl=KULDEEP 0-14 (1.2)|scorer_changes=['score→87', 'overs→8.2', 'bat:Philip Salt=53(30)', 'bat:Devdutt Padikkal=11(7)', 'bowl:Kuldeep Yadav']|yolo=0|BEFORE_score=87-1(8.2)|BEFORE_bat1=Philip Salt 53(30)|BEFORE_bat2=Devdutt Padikkal 11(7)|BEFORE_bowl=Kuldeep Yadav 0-14 (1.2)|BEFORE_this_over=['2', '6']|AFTER_score=87-1(8.2)|AFTER_bat1=Philip Salt 53(30)|AFTER_bat2=Devdutt Padikkal 11(7)|AFTER_bowl=Kuldeep Yadav 0-14 (1.2)|AFTER_this_over=['2', '6']|AFTER_this_over_src=2(obs),6(obs)|AFTER_striker=Philip Salt|AFTER_non_striker=Devdutt Padikkal|AFTER_run_rate=10.44|AFTER_target=—|AFTER_innings=1|AFTER_partnership=32(17)|AFTER_fow_count=1|AFTER_field=spin_middle frozen=True fielders=['slip_1', 'point', 'cover', 'mid_off', 'mid_on', 'midwicket', 'deep_midwicket', 'long_on', 'deep_square_leg']|ball_event=—|ball_event_runs=—|ball_event_over=—|ball_event_extra=—|ball_event_free_hit=—|broadcast_extra=—|dismissal_mode=—|striker_this_ball=Philip Salt|delivery_length=—|delivery_line=—|delivery_angle=—|delivery_shot=—|delivery_direction=—|delivery_elevation=—|delivery_bounce=—|delivery_dets=0|delivery_method=—|delivery_snap_dets=—|delivery_3layer_dets=—|delivery_det_rate=—|delivery_dir_zone=—|delivery_dir_conf=0|delivery_pitch_pos=—|delivery_shot_action=—|delivery_swing=—|delivery_speed_vlm=—|delivery_vlm_conf=—|delivery_vlm_ms=—|speed_kph=—|venue=—|batting_team=Royal Challengers Bengaluru|match_info=IPL 2026|completed_over=—|completed_over_runs=—|drs_state=NONE|corrections=none|lat_vision=635|lat_extract=570|lat_scorer=1107|lat_field=43|lat_comm=0|lat_code=0|lat_total=2314|comm_bowler=Kuldeep Yadav|comm_wire=—|comm_storyteller=—|comm_analyst=—|comm_colour=—|comm_wire_ms=0|comm_story_ms=0|comm_analyst_ms=0|comm_colour_ms=0[0m
[37m[16:13:28 F195 VISION] INFO: [SCOUT] SCOREBOARD 570ms strip=True overlay=False drs=False digits=True 179 chars[0m
[37m[16:13:28 F195 TEST] INFO: 
=======================================================[0m
[37m[16:13:28 F195 TEST] INFO: [F195] SCOREBOARD — #130[0m
[37m[16:13:28 F195 TEST] INFO:   [V 573ms] STRIP: RCB 87-1 (8.2) | SALT 53(30) | PADIKKAL 11(7) | KULDEEP 2-6 (1.2)[0m
[37m[16:13:28 F195 EXTRACT] INFO: Extracted in 0.5s (llama-4-scout-17b-16e-instruct)[0m
[37m[16:13:28 F195 TEST] INFO:   [E 540ms] visible_team=Royal Challengers Bengaluru score=87-1 (8.2) target=None rr=None[0m
[37m[16:13:28 F195 TEST] INFO:     BAT: SALT 53(30) [0m
[37m[16:13:28 F195 TEST] INFO:     BAT: PADIKKAL 11(7) [0m
[37m[16:13:28 F195 TEST] INFO:     BOWL: KULDEEP 2-6 (1.2)[0m
[37m[16:13:28 F195 TEST] INFO:   [DIRECT] Batter updates: ['SALT: ext=53(30) → tracker=53(30) [was 53(30)]', 'PADIKKAL: ext=11(7) → tracker=11(7) [was 11(7)]'][0m
[37m[16:13:28 F195 TEST] INFO:   [DIRECT] score→87[0m
[37m[16:13:28 F195 TEST] INFO:   [DIRECT] overs→8.2[0m
[37m[16:13:28 F195 TEST] INFO:   [DIRECT] wickets→1[0m
[37m[16:13:29 F195 SCORER] INFO: Scored in 0.8s (llama-4-scout-17b-16e-instruct)[0m
[37m[16:13:29 F195 TEST] INFO:   [S] Hint: Current batters: SALT and PADIKKAL. Bowler: KULDEEP. Read their stats from the scoreboard. ALREADY DISMISSED (do NOT dismiss again): Virat Kohli[0m
[37m[16:13:29 F195 TEST] INFO:   [FLOW] Extractor batters not in scorer: {'PADIKKAL', 'SALT'}[0m
[37m[16:13:29 F195 TEST] INFO:   [WICKET-TRACK] Wicket at F195[0m
[37m[16:13:29 F195 TEST] INFO:   [S 838ms] Changes: ['score→87', 'overs→8.2', 'wickets→1', 'bat:Philip Salt=53(30)', 'bat:Devdutt Padikkal=11(7)', 'bowl:Kuldeep Yadav'][0m
[37m[16:13:29 F195 TEST] INFO:   Total: 1951ms (V:573 E:540 S:838)[0m
[37m[16:13:29 F195 TEST] INFO:   [THIS OVER] ['2', '6'] = 8 runs[0m
[37m[16:13:29 F195 TEST] INFO:   STATE: Royal Challengers Bengaluru 87-1 (8.2) inn=1 RR=10.44 | Bat: Philip Salt*(53) Devdutt Padikkal(11) | Bowl: Kuldeep Yadav 0-14[0m
[37m[16:13:29 F195 TEST] INFO:   [ACTION] A delivery is being bowled.[0m
[37m[16:13:29 F195 FIELD] INFO: [F195] IC-cover moved to IC-point[0m
[37m[16:13:29 F195 TEST] INFO: DETAIL|F195|SCOREBOARD|tag=SCOREBOARD|scout=STRIP: RCB 87-1 (8.2) | SALT 53(30) | PADIKKAL 11(7) | KULDEEP 2-6 (1.2)|action=A delivery is being bowled.|ext_score=87-1(8.2)|ext_bat=SALT 53(30) | PADIKKAL 11(7)|ext_bowl=KULDEEP 2-6 (1.2)|scorer_changes=['score→87', 'overs→8.2', 'wickets→1', 'bat:Philip Salt=53(30)', 'bat:Devdutt Padikkal=11(7)', 'bowl:Kuldeep Yadav']|yolo=5|BEFORE_score=87-1(8.2)|BEFORE_bat1=Philip Salt 53(30)|BEFORE_bat2=Devdutt Padikkal 11(7)|BEFORE_bowl=Kuldeep Yadav 0-14 (1.2)|BEFORE_this_over=['2', '6']|AFTER_score=87-1(8.2)|AFTER_bat1=Philip Salt 53(30)|AFTER_bat2=Devdutt Padikkal 11(7)|AFTER_bowl=Kuldeep Yadav 0-14 (1.2)|AFTER_this_over=['2', '6']|AFTER_this_over_src=2(obs),6(obs)|AFTER_striker=Philip Salt|AFTER_non_striker=Devdutt Padikkal|AFTER_run_rate=10.44|AFTER_target=—|AFTER_innings=1|AFTER_partnership=32(17)|AFTER_fow_count=1|AFTER_field=spin_middle frozen=True fielders=['slip_1', 'point', 'cover', 'mid_off', 'mid_on', 'midwicket', 'deep_midwicket', 'long_on', 'deep_square_leg']|ball_event=—|ball_event_runs=—|ball_event_over=—|ball_event_extra=—|ball_event_free_hit=—|broadcast_extra=—|dismissal_mode=—|striker_this_ball=Philip Salt|delivery_length=—|delivery_line=—|delivery_angle=—|delivery_shot=—|delivery_direction=—|delivery_elevation=—|delivery_bounce=—|delivery_dets=0|delivery_method=—|delivery_snap_dets=—|delivery_3layer_dets=—|delivery_det_rate=—|delivery_dir_zone=—|delivery_dir_conf=0|delivery_pitch_pos=—|delivery_shot_action=—|delivery_swing=—|delivery_speed_vlm=—|delivery_vlm_conf=—|delivery_vlm_ms=—|speed_kph=—|venue=—|batting_team=Royal Challengers Bengaluru|match_info=IPL 2026|completed_over=—|completed_over_runs=—|drs_state=NONE|corrections=none|lat_vision=573|lat_extract=540|lat_scorer=838|lat_field=43|lat_comm=0|lat_code=0|lat_total=1953|comm_bowler=Kuldeep Yadav|comm_wire=—|comm_storyteller=—|comm_analyst=—|comm_colour=—|comm_wire_ms=0|comm_story_ms=0|comm_analyst_ms=0|comm_colour_ms=0[0m
[37m[16:13:31 F196 VISION] INFO: [SCOUT] SCOREBOARD 497ms strip=True overlay=False drs=False digits=True 181 chars[0m
[37m[16:13:31 F196 TEST] INFO: 
=======================================================[0m
[37m[16:13:31 F196 TEST] INFO: [F196] SCOREBOARD — #131[0m
[37m[16:13:31 F196 TEST] INFO:   [V 500ms] STRIP: RCB 87-1 (8.2) | SALT 53(30) | PADIKKAL 11(7) | KULDEEP 2-6 (1.2)[0m
[37m[16:13:31 F196 EXTRACT] INFO: Extracted in 0.5s (llama-4-scout-17b-16e-instruct)[0m
[37m[16:13:31 F196 TEST] INFO:   [E 538ms] visible_team=Royal Challengers Bengaluru score=87-1 (8.2) target=None rr=None[0m
[37m[16:13:31 F196 TEST] INFO:     BAT: SALT 53(30) [0m
[37m[16:13:31 F196 TEST] INFO:     BAT: PADIKKAL 11(7) [0m
[37m[16:13:31 F196 TEST] INFO:     BOWL: KULDEEP 2-6 (1.2)[0m
[37m[16:13:31 F196 TRACK] INFO: [SUSPICIOUS] bowl:Kuldeep Yadav:wickets: 0→2 count=1/3[0m
[37m[16:13:31 F196 TEST] INFO:   [DIRECT] Batter updates: ['SALT: ext=53(30) → tracker=53(30) [was 53(30)]', 'PADIKKAL: ext=11(7) → tracker=11(7) [was 11(7)]'][0m
[37m[16:13:31 F196 TEST] INFO:   [DIRECT] score→87[0m
[37m[16:13:31 F196 TEST] INFO:   [DIRECT] overs→8.2[0m
[37m[16:13:31 F196 TEST] INFO:   [DIRECT] wickets→1[0m
[37m[16:13:32 F196 SCORER] INFO: Scored in 0.9s (llama-4-scout-17b-16e-instruct)[0m
[37m[16:13:32 F196 TEST] INFO:   [S] Hint: Current batters: SALT and PADIKKAL. Bowler: KULDEEP. Read their stats from the scoreboard. ALREADY DISMISSED (do NOT dismiss again): Virat Kohli[0m
[37m[16:13:32 F196 TEST] INFO:   [FLOW] Extractor batters not in scorer: {'PADIKKAL', 'SALT'}[0m
[37m[16:13:32 F196 TEST] INFO:   [WICKET-TRACK] Wicket at F196[0m
[37m[16:13:32 F196 TEST] INFO:   [S 850ms] Changes: ['score→87', 'overs→8.2', 'wickets→1', 'bat:Philip Salt=53(30)', 'bat:Devdutt Padikkal=11(7)', 'bowl:Kuldeep Yadav'][0m
[37m[16:13:32 F196 TEST] INFO:   Total: 1889ms (V:500 E:538 S:850)[0m
[37m[16:13:32 F196 TEST] INFO:   [THIS OVER] ['2', '6'] = 8 runs[0m
[37m[16:13:32 F196 TEST] INFO:   STATE: Royal Challengers Bengaluru 87-1 (8.2) inn=1 RR=10.44 | Bat: Philip Salt*(53) Devdutt Padikkal(11) | Bowl: Kuldeep Yadav 0-14[0m
[37m[16:13:32 F196 TEST] INFO:   [ACTION] The bowler KULDEEP is bowling.[0m
[FIELD WARN] Middle overs but 8 outside circle (max 5). Possible misclassification.
[37m[16:13:32 F196 FIELD] INFO: [F196] IC-point pushed back — defensive[0m
[37m[16:13:32 F196 FIELD] INFO: [F196] OC-deep_gully moved to OC-deep_point[0m
[37m[16:13:32 F196 FIELD] INFO: [F196] OC-deep_backward_point moved to OC-deep_cover_point[0m
[37m[16:13:32 F196 FIELD] INFO: [F196] OC-deep_point moved to OC-deep_cover_point[0m
[37m[16:13:32 F196 FIELD] INFO: [F196] OC-deep_cover_point moved to OC-deep_point[0m
[37m[16:13:32 F196 TEST] INFO: DETAIL|F196|SCOREBOARD|tag=SCOREBOARD|scout=STRIP: RCB 87-1 (8.2) | SALT 53(30) | PADIKKAL 11(7) | KULDEEP 2-6 (1.2)|action=The bowler KULDEEP is bowling.|ext_score=87-1(8.2)|ext_bat=SALT 53(30) | PADIKKAL 11(7)|ext_bowl=KULDEEP 2-6 (1.2)|scorer_changes=['score→87', 'overs→8.2', 'wickets→1', 'bat:Philip Salt=53(30)', 'bat:Devdutt Padikkal=11(7)', 'bowl:Kuldeep Yadav']|yolo=8|BEFORE_score=87-1(8.2)|BEFORE_bat1=Philip Salt 53(30)|BEFORE_bat2=Devdutt Padikkal 11(7)|BEFORE_bowl=Kuldeep Yadav 0-14 (1.2)|BEFORE_this_over=['2', '6']|AFTER_score=87-1(8.2)|AFTER_bat1=Philip Salt 53(30)|AFTER_bat2=Devdutt Padikkal 11(7)|AFTER_bowl=Kuldeep Yadav 0-14 (1.2)|AFTER_this_over=['2', '6']|AFTER_this_over_src=2(obs),6(obs)|AFTER_striker=Philip Salt|AFTER_non_striker=Devdutt Padikkal|AFTER_run_rate=10.44|AFTER_target=—|AFTER_innings=1|AFTER_partnership=32(17)|AFTER_fow_count=1|AFTER_field=spin_middle frozen=True fielders=['slip_1', 'point', 'cover', 'mid_off', 'mid_on', 'midwicket', 'deep_midwicket', 'long_on', 'deep_square_leg']|ball_event=—|ball_event_runs=—|ball_event_over=—|ball_event_extra=—|ball_event_free_hit=—|broadcast_extra=—|dismissal_mode=—|striker_this_ball=Philip Salt|delivery_length=—|delivery_line=—|delivery_angle=—|delivery_shot=—|delivery_direction=—|delivery_elevation=—|delivery_bounce=—|delivery_dets=0|delivery_method=—|delivery_snap_dets=—|delivery_3layer_dets=—|delivery_det_rate=—|delivery_dir_zone=—|delivery_dir_conf=0|delivery_pitch_pos=—|delivery_shot_action=—|delivery_swing=—|delivery_speed_vlm=—|delivery_vlm_conf=—|delivery_vlm_ms=—|speed_kph=—|venue=—|batting_team=Royal Challengers Bengaluru|match_info=IPL 2026|completed_over=—|completed_over_runs=—|drs_state=NONE|corrections=none|lat_vision=500|lat_extract=538|lat_scorer=850|lat_field=46|lat_comm=0|lat_code=0|lat_total=1891|comm_bowler=Kuldeep Yadav|comm_wire=—|comm_storyteller=—|comm_analyst=—|comm_colour=—|comm_wire_ms=0|comm_story_ms=0|comm_analyst_ms=0|comm_colour_ms=0[0m
[37m[16:13:34 F197 VISION] INFO: [SCOUT] SCOREBOARD 479ms strip=True overlay=False drs=False digits=True 244 chars[0m
[37m[16:13:34 F197 TEST] INFO: 
=======================================================[0m
[37m[16:13:34 F197 TEST] INFO: [F197] SCOREBOARD — #132[0m
[37m[16:13:34 F197 TEST] INFO:   [V 482ms] STRIP: RCB 88-1 (8.3) | SALT 54(31) | PADIKKAL 11(7) | 

SPEED: 84.2 kph

The bowler is bowling at a speed of 84.2 kph, and the current delivery is being faced by the batter.[0m